Date,Open,High,Low,Close,Volume
2000-01-03,91.0626,91.0626,87.9376,89,6057400
2000-01-04,88.9376,89.125,83.9376,84.125,5722800
2000-01-05,84.4376,85.875,83.6876,85.5626,7726400
2000-01-06,86.625,89.125,86.5,87.2812,7221400
2000-01-07,86.875,93.25,86.8126,93.0626,5164800
2000-01-10,93.0626,95.0626,91.8126,95,4454000
2000-01-11,94.25,95.125,91.5,91.625,2955000
2000-01-12,93.125,94.5,89.875,91.5,4687400
2000-01-13,92.5626,96.125,90.875,94.9376,5750800
2000-01-14,48.125,50.25,48,49.0625,4571000
2000-01-18,48.75,51.75,48.25,51.25,5932000
2000-01-19,51.9375,53.125,50.125,51.875,4130500
2000-01-20,52.375,53.125,50,50,5551900
2000-01-21,51.4375,51.5,48,48.5,3520200
2000-01-24,48.1875,51.25,46.5,47,5005500
2000-01-25,47.5625,49.75,45.75,49.6875,3730800
2000-01-26,49.125,52,48.6875,50.4375,3782800
2000-01-27,50.5625,51.375,46.5,48.9375,3109600
2000-01-28,48.625,49.75,45.875,46,2834600
2000-01-31,46.0625,49.5,45,48.9375,3249700
2000-02-01,49.3125,52.125,48,51.875,4530500
2000-02-02,52,54,51,53.9375,4945700
2000-02-03,54,55,53.25,54.1875,4640800
2000-02-04,54.75,55.1875,52.625,53,3273700
2000-02-07,52,52.25,51,51.25,2566700
2000-02-08,51.9375,53.75,51.75,53.0625,2440700
2000-02-09,52,53,51.4375,52.875,1466800
2000-02-10,52.8125,52.875,51.875,52.125,2761800
2000-02-11,52.125,52.3125,51,51.6875,2071000
2000-02-14,51.5625,51.625,50,50.75,1856300
2000-02-15,50.0625,50.5,48.5,49.375,2675400
2000-02-16,49.1875,49.3125,46.375,47.75,4231600
2000-02-17,48,48,43.5,44,6955400
2000-02-18,43.75,45.9375,41.875,44.9375,6004200
2000-02-22,44.8125,45.25,42.625,44,3769600
2000-02-23,44.375,45.25,43.6406,44.5625,4267300
2000-02-24,44.7031,45.0625,43,44.375,3990500
2000-02-25,44.25,48.3438,43.75,47.5625,7698400
2000-02-28,47.25,50.625,47.25,48.9375,6621300
2000-02-29,48.875,50,48.125,49.625,3681800
2000-03-01,49.4375,49.8125,46.125,46.5,4624400
2000-03-02,47.5625,51.875,47.5,49.625,7841800
2000-03-03,50.1875,51.25,48.875,49.9375,2430500
2000-03-06,49.875,50.25,49.125,50.125,3419200
2000-03-07,50.0313,50.0625,45,45.375,7506100
2000-03-08,46.3125,46.375,42.375,45.625,6526600
2000-03-09,45.5,45.5625,43.6875,44.5625,4937300
2000-03-10,44.6875,46.25,43.9375,44.125,4934000
2000-03-13,44,45,42.375,43,3747300
2000-03-14,43.5,45.5,43.125,43.3125,2097100
2000-03-15,43.1875,50.5,43,49.8125,5515300
2000-03-16,48.875,56.0625,48.25,55.9531,12820600
2000-03-17,54.75,54.875,52.25,53.9375,7765900
2000-03-20,53.75,53.875,51,52.3125,3873800
2000-03-21,52.125,53.25,52,52.1875,4335200
2000-03-22,52.3125,55,52.125,52.875,5072800
2000-03-23,52.75,54,52,53.625,2929400
2000-03-24,53.8125,55.0625,53.3125,53.875,5254700
2000-03-27,53.25,54.625,52.75,53.4375,2459100
2000-03-28,53.25,55.6875,50.25,51.125,6036600
2000-03-29,51.1875,51.1875,49.4375,50.5,5350400
2000-03-30,50.2813,52.3125,49.75,50.25,8942800
2000-03-31,51.3125,52.75,49.5,52.5625,9953300
2000-04-03,51.5,53.25,49.9375,52.5,4199700
2000-04-04,53.9375,55.25,49.75,54.0625,9565100
2000-04-05,53.9375,55,53,53.5,2591700
2000-04-06,54.5,54.75,50.625,51.875,4240500
2000-04-07,51.25,54.4375,50.75,52.8125,2588400
2000-04-10,52.25,55.125,51.125,54.25,5795900
2000-04-11,53.5,57.625,52.5,57.4375,7303000
2000-04-12,57.0625,60.5,54.75,55.0625,7751400
2000-04-13,56.25,58.75,54.5,54.625,6418200
2000-04-14,54.125,54.125,50.375,50.875,4131600
2000-04-17,49.5,50.25,46.3125,49.125,7134400
2000-04-18,49.25,51.625,48.75,50.9375,5177100
2000-04-19,51.125,53.0625,49.5,52.25,3508700
2000-04-20,52.125,55.625,51.625,54.8125,4288000
2000-04-24,53.25,58.125,53.25,56,5967100
2000-04-25,56.625,57.125,55,57,3733300
2000-04-26,56.5938,57,54.625,54.9375,3081000
2000-04-27,53,56.5,51.625,56.0625,5615600
2000-04-28,55.75,55.875,53.5,54.0625,3699000
2000-05-01,54.0625,59,52.875,58.4375,3629500
2000-05-02,56.75,58.5,54.5,54.75,3729600
2000-05-03,52.0625,52.625,50.375,52.1875,7462700
2000-05-04,51.5625,52.375,46.3125,48.9375,9973900
2000-05-05,47.8125,50.875,47.125,48.8125,4189400
2000-05-08,48.625,48.75,46.75,47.4375,3451500
2000-05-09,48.0625,50.375,47.6875,49.1875,2988400
2000-05-10,49,50.5,48.375,48.9375,3644300
2000-05-11,49.5,50.25,48.5,49.8125,2339900
2000-05-12,49.5,50.125,47.75,47.8125,2610000
2000-05-15,47.875,49.4375,47.0625,48.9375,3392900
2000-05-16,49.6875,52.5,49.625,51.3125,2932400
2000-05-17,50.3125,50.3125,47.375,47.7344,4054800
2000-05-18,47.75,48.375,46.5,46.75,3042200
2000-05-19,45.8281,46,44.8125,45,4730400
2000-05-22,45.25,45.5,41.75,43.125,8660100
2000-05-23,42.9375,44.25,40.5625,40.625,8692300
2000-05-24,28.5,33.375,25.9375,31.875,40016500
2000-05-25,32,32.5,29.6875,30,33098200
2000-05-26,30.625,31.375,30.0625,30.875,15012800
2000-05-30,31.75,32.875,31.3125,32.5,28791800
2000-05-31,32.5,32.8125,31.625,31.9375,16909700
2000-06-01,32.6875,32.6875,31.875,32.375,15637200
2000-06-02,32.9375,34.4375,32.375,34.25,12979600
2000-06-05,34.25,34.3125,33,33.25,6547400
2000-06-06,33,33.0625,31.75,31.75,12969000
2000-06-07,32.0625,33.5,32,32.75,7443500
2000-06-08,32.8125,32.875,31.9375,32.0625,10472800
2000-06-09,32.375,32.6875,31.75,32.3125,7604100
2000-06-12,32.25,32.25,31.3125,31.4375,8322600
2000-06-13,31.4375,34.6875,31.25,32.125,6943800
2000-06-14,32.5,33.5,32,32.5625,3403400
2000-06-15,32.875,33.5625,32,33.1875,3251500
2000-06-16,33.375,33.4375,32.25,32.5,3507800
2000-06-19,32.25,32.9375,31.9375,32,6770200
2000-06-20,32.5625,32.625,31.375,31.625,6683800
2000-06-21,31.625,33,31.5,32.375,4953000
2000-06-22,32.4375,33.3594,31.9375,32,5329500
2000-06-23,32,32.5,31.5,32,7073400
2000-06-26,32.1875,32.25,31.75,31.875,6453500
2000-06-27,31.875,33.1875,31.8125,33,4771400
2000-06-28,33,33.125,32.0625,32.3125,6008900
2000-06-29,32.1875,32.4375,31.9375,32.0625,6545300
2000-06-30,32.125,33.4375,32,33,6764800
2000-07-03,33,34.25,32.875,34.1875,2559000
2000-07-05,34.375,34.375,32.9375,33.25,3182200
2000-07-06,33.1875,33.1875,32,32.875,4599900
2000-07-07,32.875,34.875,32.375,34.5625,6814100
2000-07-10,34.6875,37.125,34.25,37.0625,9257200
2000-07-11,37,37.125,34.625,35.5625,8824400
2000-07-12,35.75,36.8125,34.875,36.5625,4114200
2000-07-13,36.125,36.625,35.1875,36.5,4144100
2000-07-14,37.0625,37.0625,35.8125,36,2317000
2000-07-17,36,36.25,35.4375,35.5,2640300
2000-07-18,35.5,35.625,33.75,33.875,5846200
2000-07-19,34.0313,34.125,32.625,32.9375,5116900
2000-07-20,33.0625,33.625,32.75,32.9375,8632300
2000-07-21,32.75,33.125,31.25,32.25,4244100
2000-07-24,32.3125,32.3125,31.3125,31.6875,5255000
2000-07-25,31.875,32.0625,31.5,31.6875,5155000
2000-07-26,31.8125,32.3125,31.1875,31.3125,9050400
2000-07-27,31.4375,32.5,31.375,31.9375,5947200
2000-07-28,32.3125,33.625,31.75,32.25,4176200
2000-07-31,32.1875,32.8125,31.9531,32.5625,4271700
2000-08-01,32.25,33.25,31.625,32.5,4409600
2000-08-02,32.5,33.75,32.4375,33.5625,6514000
2000-08-03,33.3125,34.875,33,34.5625,8989000
2000-08-04,34.5625,35.8125,34.5,35.5,6877100
2000-08-07,35.25,36.75,34.75,36.6875,4613700
2000-08-08,36.4375,38.0625,36.25,37.5625,8621900
2000-08-09,37.3125,37.3125,34.8125,36.1875,6953300
2000-08-10,36.25,36.3125,34.3125,34.375,3753800
2000-08-11,34.8125,35.3125,34.75,34.9375,3365300
2000-08-14,35,36.5625,34.875,35.75,3540300
2000-08-15,35.875,36.0625,34.5625,34.75,2510400
2000-08-16,33.25,33.875,32.4375,33.0625,6530600
2000-08-17,33,33.125,32.4375,33,4366600
2000-08-18,32.9375,33.9375,32.625,33.4375,3310800
2000-08-21,33.5625,33.625,32,32.75,4049000
2000-08-22,32.875,33.5,32.3438,32.9375,4071600
2000-08-23,32.6875,33.0625,32.125,32.25,3638800
2000-08-24,32.5625,32.5938,32,32.375,3884800
2000-08-25,32.5,33.125,32.4375,32.9375,2080400
2000-08-28,33,34,32.875,33.0625,2225800
2000-08-29,32.9375,35.9375,32.9375,34.75,6173600
2000-08-30,34.5625,35.75,34.375,35.625,5564400
2000-08-31,35.1875,35.5625,34.1875,34.4375,4108200
2000-09-01,34.8125,35.625,34.5625,35.3125,3419900
2000-09-05,35.375,36.6875,35,36.1875,3686000
2000-09-06,36.25,37.25,36.125,36.5625,2586400
2000-09-07,36.625,37.0625,36.4375,36.5,1463700
2000-09-08,36.4375,39.0625,36.125,37.6875,7152500
2000-09-11,37.875,38.4375,36.375,37.625,5270300
2000-09-12,37.9375,38,37.125,37.6406,2099100
2000-09-13,37.625,39,37.25,38.375,5624600
2000-09-14,38.4375,38.625,36.875,37.1875,2115900
2000-09-15,38.0625,38.1875,34.75,35.3125,11525200
2000-09-18,35.3125,35.375,33.9375,34.0625,5336100
2000-09-19,34.6875,34.75,32.625,33.4375,4861200
2000-09-20,33.625,34.8125,33.5625,34.25,4278900
2000-09-21,34.25,35.6875,34.1875,35.375,4115900
2000-09-22,34.8125,36.125,34.0625,34.9375,3307900
2000-09-25,35,35.5,34.5,34.875,3697100
2000-09-26,34.6875,34.75,33.375,33.8125,5523300
2000-09-27,34.125,34.8125,33.9375,34.5625,3937500
2000-09-28,34.8125,36,34.5,35.875,2934700
2000-09-29,35.9375,36.375,34.5,34.9375,4181000
2000-10-02,33.5625,34.5,32.8125,32.9375,7922100
2000-10-03,33.25,34.25,33.125,33.8281,4915900
2000-10-04,34,35.6875,34,34.4844,5942600
2000-10-05,34.4688,34.875,32.75,33.625,5810600
2000-10-06,33.9063,34.125,32.875,33.5,3321000
2000-10-09,33.4375,34.5,33.375,34.1875,1949800
2000-10-10,34.3125,35,33,33,3668300
2000-10-11,32.625,32.75,29.9375,30.625,16752800
2000-10-12,30,33.125,29.3125,31.25,14440100
2000-10-13,30.625,32.6875,30.5,32.125,9110200
2000-10-16,32.0625,32.125,31.75,32,6141400
2000-10-17,32.0938,32.375,31.875,32,4251600
2000-10-18,31.875,34.25,31.375,33,3949200
2000-10-19,33.125,34.9375,33,34.9375,3476000
2000-10-20,33.75,35,33.75,34.3125,5402400
2000-10-23,34.1875,34.3125,33.125,33.5625,5616100
2000-10-24,33.75,34.25,33.5,33.9375,3373600
2000-10-25,34,34.0625,32.75,33,4199200
2000-10-26,33.0313,33.1875,32.5625,33,5823200
2000-10-27,33.0625,34,33,33.6875,2788700
2000-10-30,33.7188,35.0625,33.6875,34.5625,5440400
2000-10-31,35,36.75,34.8125,36.625,6663200
2000-11-01,36.6875,36.9375,35.4375,35.75,7439000
2000-11-02,33.875,36.25,33.1875,36.1875,13263900
2000-11-03,35.9375,35.9375,34.5625,35.3125,3134900
2000-11-06,35.5,36,34.4375,34.5625,4297900
2000-11-07,33.75,35.75,33.25,35.75,5333000
2000-11-08,36.9063,37.1875,35.4375,35.5625,7043500
2000-11-09,35.5,35.5625,33.875,34.0625,4568400
2000-11-10,33.9375,33.9844,32.9375,33,3439300
2000-11-13,32.75,34.875,32.5,34.4375,3553000
2000-11-14,34.625,37,34.5625,36.875,5160800
2000-11-15,36.6563,36.875,36,36.75,2875400
2000-11-16,36.4063,36.5,35.125,35.3125,2934700
2000-11-17,35.3125,36.375,35.125,36.0625,3627100
2000-11-20,35.9375,36.2344,34.5,34.9375,2533500
2000-11-21,35.1875,36.25,34.5,36.0625,4931300
2000-11-22,35.625,36,34.375,34.5,5789100
2000-11-24,34.75,35.6875,34.625,35.4375,1882200
2000-11-27,35.5625,37.375,35.5,36.6875,5201400
2000-11-28,36.75,36.8125,34.75,35.25,4719800
2000-11-29,35.25,36.5625,34.625,36.4375,7710500
2000-11-30,34.6875,35,32.0625,32.625,16636900
2000-12-01,33.25,33.6875,32.5,32.625,5616500
2000-12-04,32.6875,34.5,32.375,34.125,4816000
2000-12-05,33.8125,36.5,33.5,35.3125,6070700
2000-12-06,35.3125,35.375,33.25,33.625,8525300
2000-12-07,33.25,33.875,33,33.1875,5390900
2000-12-08,33.9375,34,32.375,33.25,5813100
2000-12-11,33,33.5,32.75,32.9375,5362000
2000-12-12,33,34.125,32.375,33.1875,5832400
2000-12-13,33.5,33.625,32.5,32.75,6521500
2000-12-14,33.5,35.375,31.75,34.9375,18573700
2000-12-15,34.9375,35.9375,34.25,34.875,9228000
2000-12-18,35,36.875,34.9375,36.4375,8417400
2000-12-19,36.375,36.4375,33.875,33.9375,5798600
2000-12-20,33.75,35.3125,33.6875,34.4375,5202600
2000-12-21,34.25,36.6875,34,35.625,6113600
2000-12-22,35.5781,37.8125,35.5625,37.375,9668200
2000-12-26,37.125,37.375,35.3125,36.0625,3611900
2000-12-27,35.8125,37.5625,35.375,37.1875,9210100
2000-12-28,37.1875,38.75,37.125,38.625,5505500
2000-12-29,39,41.5,38.875,39.9375,7229800
2001-01-02,40,41.5625,40,41.1875,13349400
2001-01-03,40.875,42.75,39.1875,42.6875,16253500
2001-01-04,41.75,44.8125,41.75,43.625,19779200
2001-01-05,43.625,43.875,40,41.3125,11955900
2001-01-08,40.8125,42.0625,40.0625,41.9375,4264300
2001-01-09,42,43,41.6875,41.8125,5973600
2001-01-10,41.0625,41.3125,39,40.6875,10842500
2001-01-11,40.5625,41.6875,39.75,41.3125,5128800
2001-01-12,41.375,44.0625,40.4375,43.0625,7726600
2001-01-16,43.25,43.9375,42.875,43.5625,5344300
2001-01-17,43.875,44.25,41.0625,41.4375,5520100
2001-01-18,41.875,42.4375,41.25,41.4375,4920800
2001-01-19,41.4375,41.6875,40.3125,40.4375,6090600
2001-01-22,41,42.875,39.75,42.25,7135600
2001-01-23,42,42.8125,41.625,42.5,5472400
2001-01-24,42.5,43,41.375,42.9375,6070400
2001-01-25,42.8125,43.5625,41.1875,43.1875,7484700
2001-01-26,43.4375,43.6875,41.125,41.25,5766900
2001-01-29,41.875,44.25,41.4375,44.0625,5208000
2001-01-30,44,44.125,42.875,43.75,3954100
2001-01-31,43.75,46.375,43.6875,46.25,9318900
2001-02-01,45.875,46.3125,44.375,46.25,6449600
2001-02-02,45.875,46.375,43.875,43.9375,6157500
2001-02-05,44.375,44.375,42.0156,43.1875,5229800
2001-02-06,43.0625,45.125,43,43.75,5585600
2001-02-07,43.75,45.3125,43.5625,45.25,4313200
2001-02-08,45.625,46,42.8125,42.875,5656000
2001-02-09,42.9375,43.875,40.8125,41.3125,4396200
2001-02-12,41.6875,42.6875,41.375,42.4375,4024300
2001-02-13,42.75,43.5,41.3125,42.9375,3532500
2001-02-14,43,44.3125,42.875,43.6875,3786800
2001-02-15,43.9375,44,41.875,42.8125,5465100
2001-02-16,41.875,43.5,41.625,42.6875,4396800
2001-02-20,42.375,44.25,42.375,44.125,5130100
2001-02-21,43.8125,44.25,41,42,6097200
2001-02-22,42,42.3125,40.5625,41.875,4175700
2001-02-23,41.8125,42.0625,39.75,41.375,5331300
2001-02-26,41.875,43,41.8125,42.875,3528900
2001-02-27,42.875,43.3125,41.9219,43,5412200
2001-02-28,43.125,43.75,40.9375,41.75,4541200
2001-03-01,41.375,41.5,39.1875,40.3125,5401200
2001-03-02,40.0625,40.1875,38.0625,38.6875,6332700
2001-03-05,38.875,39.25,37,37.6875,4652800
2001-03-06,38.125,40.1875,37.5,37.8125,12305400
2001-03-07,38.125,40.0625,37.9375,39.9375,9365700
2001-03-08,40.1875,43.1094,39.3125,40.1875,18114700
2001-03-09,39.75,40.625,39,39.375,5296300
2001-03-12,39.125,39.5,37.6875,37.9375,5325400
2001-03-13,38.125,39.375,37.5,38.0625,4371300
2001-03-14,37.1875,37.5,36.125,36.5,5568400
2001-03-15,37.375,38.0625,36.75,37.625,3920600
2001-03-16,36.6094,37.625,36.5,37.125,5875900
2001-03-19,37.125,38.4375,35.5625,38.1875,4065200
2001-03-20,39.1875,40.75,38.75,39.5,9488400
2001-03-21,39.1875,39.9375,38.25,38.375,4836200
2001-03-22,38.6875,38.75,35.6875,37.25,5285000
2001-03-23,37.5625,37.6875,35.3125,37.0625,7811600
2001-03-26,37.75,38.5,37,37.875,2949400
2001-03-27,37.9375,38.8125,37.0625,37.9375,6082000
2001-03-28,37.6875,38.5625,36.5625,37.6875,4666900
2001-03-29,37.5,38.1719,36.875,37.9375,2704700
2001-03-30,37.9375,39.375,37.1875,39.25,3652700
2001-04-02,38.8125,38.8125,36,36.1875,8848900
2001-04-03,36.625,37.125,33.875,34.0625,8917700
2001-04-04,34.3438,36,34,35,5525300
2001-04-05,35.875,36.125,35.125,36,5340200
2001-04-06,35.625,36.25,34.6875,35.5625,3632200
2001-04-09,36.09,36.1,34.65,34.79,2902900
2001-04-10,35.1,36,34.95,35.73,4764000
2001-04-11,36.1,36.57,35.07,36.27,5322500
2001-04-12,36.13,36.4,35.12,36.31,5121000
2001-04-16,36.25,36.38,34.87,34.97,5238300
2001-04-17,34.84,36.5,34.55,36.28,6327600
2001-04-18,36.85,40.37,36.65,38.36,7148500
2001-04-19,38.01,38.27,35.87,36.98,8050700
2001-04-20,36.66,36.92,35.3,36.55,3014500
2001-04-23,36.8,37.6,36.17,36.24,3089900
2001-04-24,33.29,34.91,33.17,34.28,16655300
2001-04-25,34.39,35,33.9,34.97,3808600
2001-04-26,35,35.6,34.61,34.78,2985100
2001-04-27,35.29,37,34.5,35.32,5103100
2001-04-30,35.74,36.32,34.9,34.93,4457200
2001-05-01,35.04,36,34.81,35.92,4024800
2001-05-02,35.93,36.26,35.62,36.04,3877400
2001-05-03,36,36.22,35.24,35.4,3386400
2001-05-04,34.83,36.27,34.47,35.87,4599900
2001-05-07,35.65,35.75,34.51,34.74,3045400
2001-05-08,35,35.04,33.95,34.77,6955200
2001-05-09,34.61,34.96,34.33,34.81,5220300
2001-05-10,36.01,37.29,35.9,35.94,8143400
2001-05-11,36.04,36.5,35.41,35.49,5808800
2001-05-14,35.5,36.3,35.35,36.11,3786900
2001-05-15,36.09,36.5,35.43,35.55,2574100
2001-05-16,35.53,36.4,34.83,36.15,3377200
2001-05-17,36.14,36.6,36.06,36.3,4841200
2001-05-18,36.33,38.4,35.67,35.78,3500300
2001-05-21,35.89,37.06,35.64,37.03,5857700
2001-05-22,37.15,38.48,37.08,37.89,4740200
2001-05-23,37.86,37.9,36.71,36.85,3513500
2001-05-24,36.96,37.82,36.6,37.8,4340800
2001-05-25,37.86,38.07,37.12,37.6,3664000
2001-05-29,37.69,37.7,36.6,36.78,3001700
2001-05-30,36.35,37.85,36.2,37.29,6675900
2001-05-31,37.1,39.39,36.75,38.91,14358600
2001-06-01,39.21,39.78,37.5,38.78,6726600
2001-06-04,38.95,38.95,38.05,38.49,3682000
2001-06-05,38.55,40,38.54,39.75,3655200
2001-06-06,39.8,39.83,39.11,39.5,3377300
2001-06-07,39.39,41.04,39.15,41,5978100
2001-06-08,40.93,40.96,40.18,40.39,2421400
2001-06-11,40.34,40.34,39.62,39.77,3012500
2001-06-12,39.63,40.45,39.28,40.43,3911200
2001-06-13,40.38,41.25,40.25,40.49,3015000
2001-06-14,40.4,40.5,39.94,40.42,3676600
2001-06-15,40.43,40.9,39.91,40.5,4343500
2001-06-18,40.68,42.6,40.59,42.08,6065400
2001-06-19,42.37,42.97,42.35,42.45,6574900
2001-06-20,42.45,43.35,42.45,42.61,8263500
2001-06-21,42.61,44.05,42.59,43.62,6050300
2001-06-22,43.32,43.32,41.4,41.92,5761000
2001-06-25,42.02,42.05,40.84,41.95,4428300
2001-06-26,41.41,41.62,39.98,40.34,6200200
2001-06-27,40.4,41.45,39.2,39.73,3624600
2001-06-28,39.95,42.7,39.95,42.11,4014700
2001-06-29,41.8,42.75,40.5,41.08,2805000
2001-07-02,41.26,42.8,40.5,42.34,4023400
2001-07-03,42.17,42.95,41.65,42.14,2215700
2001-07-05,41.7,41.85,41,41.3,2569100
2001-07-06,41.29,41.6,40.39,40.41,2448200
2001-07-09,40.4,41.98,39.88,41.96,3449800
2001-07-10,41.68,42.5,41.35,41.69,2611300
2001-07-11,41.57,42.3,41.47,42.19,3490400
2001-07-12,42.51,43.45,42,43.13,7617800
2001-07-13,43.1,43.5,42.5,43.1,4765500
2001-07-16,43.14,44.55,43.1,44.5,6854400
2001-07-17,44.3,44.3,43.74,44.2,4123600
2001-07-18,44.08,44.1,43.59,43.63,4819800
2001-07-19,43.83,44.47,43.56,43.97,4181500
2001-07-20,43.91,44.65,43.9,44.34,2731000
2001-07-23,44.13,44.7,43.67,43.72,2629000
2001-07-24,43.53,43.75,41.31,42.02,4324300
2001-07-25,42.13,42.31,41.26,41.81,4155600
2001-07-26,41.81,42.27,40.97,42.2,2973600
2001-07-27,41.95,42.21,40.95,41.38,3677000
2001-07-30,41.74,42.81,41.64,42.08,3088300
2001-07-31,42.3,43.88,42.29,43.05,2715700
2001-08-01,43.18,43.85,42.07,42.25,1879000
2001-08-02,42.65,43.5,42.6,43.4,2701500
2001-08-03,43.49,43.84,43.01,43.01,2222700
2001-08-06,43.05,43.09,41.26,41.63,3319000
2001-08-07,41.62,42.5,41.4,42.16,3401300
2001-08-08,42.1,43.4,41.6,42.17,3956800
2001-08-09,41.35,41.8,40.1,40.91,4806400
2001-08-10,40.78,41.01,39.19,39.98,3072800
2001-08-13,40.02,40.76,39.77,40.7,2260600
2001-08-14,40.6,41.56,40.22,41.02,2030600
2001-08-15,41.07,41.3,39.6,39.7,2794000
2001-08-16,39.1,40.39,39,40.39,3216600
2001-08-17,40,40.26,38.96,39.41,2142100
2001-08-20,39.36,40.56,39.35,40.23,2119000
2001-08-21,40.58,40.77,38.25,38.69,3343100
2001-08-22,38.95,38.96,36.5,38.87,6103800
2001-08-23,38.89,39.36,38.24,38.6,4217500
2001-08-24,38.71,39.4,37.75,39.18,3228900
2001-08-27,39.1,39.85,38.94,39.46,2156400
2001-08-28,39.82,39.86,39.15,39.72,2689200
2001-08-29,39.8,40.1,38.5,38.84,2678600
2001-08-30,38.7,39.1,37.1,37.89,3758100
2001-08-31,37.59,38.73,37.06,37.41,3374500
2001-09-04,37.55,39,37.25,37.66,3399400
2001-09-05,37.9,38.05,36,37.21,5072400
2001-09-06,36.5,37.1,34.02,35.02,6598100
2001-09-07,34.6,34.6,33.61,33.96,7915200
2001-09-10,33.6,34.59,33.6,34.17,2994600
2001-09-17,32.76,33.5,31.76,32.15,5666600
2001-09-18,32.28,32.89,31.61,32.3,4981800
2001-09-19,32.47,34,30.8,31.81,6548400
2001-09-20,31.51,32.32,31.02,31.53,6633300
2001-09-21,29.95,32.07,29.83,31.22,6373000
2001-09-24,31.7,34.22,31.6,33.5,6535300
2001-09-25,33.5,34.31,32.62,33.51,5410600
2001-09-26,33.9,34.48,33.63,33.67,5373500
2001-09-27,33.64,33.85,32.75,33.66,5084800
2001-09-28,33.65,35.6,33.51,35.56,5827500
2001-10-01,35.28,35.47,34.25,35.25,4274100
2001-10-02,35.2,35.66,34.78,35.49,3266300
2001-10-03,35.35,36.74,35.07,36.42,4955600
2001-10-04,36.58,36.7,35.04,35.22,4253200
2001-10-05,35.11,35.5,34.68,35.37,3541600
2001-10-08,35.05,35.62,33.8,34.04,3126900
2001-10-09,34.27,34.33,33.1,33.54,3020800
2001-10-10,33.65,35.8,33.45,35.75,6525700
2001-10-11,37.25,38.31,37.06,38.24,8790800
2001-10-12,37.71,38.6,37.5,38.36,6826800
2001-10-15,37.99,38.5,37.59,38.09,2791800
2001-10-16,38.49,39.3,38.3,39.18,3093500
2001-10-17,39.31,39.75,38,38.01,3910900
2001-10-18,37.94,37.95,37.01,37.9,2504500
2001-10-19,37.8,39.1,37.35,39.06,2501600
2001-10-22,38.6,39.39,38.38,39.01,2256400
2001-10-23,39.16,40.25,38.73,39.38,3365200
2001-10-24,39.49,39.99,39.05,39.76,3496400
2001-10-25,39.01,40.2,38.1,40.2,3843800
2001-10-26,39.8,40.55,39.32,40.52,2536600
2001-10-29,39.99,40,38.43,38.46,4367900
2001-10-30,38.17,38.47,37,37.53,3646100
2001-10-31,37.65,38.67,37.65,37.83,3659500
2001-11-01,38,39.95,37.3,39.42,3630400
2001-11-02,39.38,40.4,39.24,40.2,3124100
2001-11-05,40.4,41.8,40.36,41.07,5762700
2001-11-06,40.82,41.96,40.13,41.8,4413000
2001-11-07,41.68,42,40.61,41.37,4307500
2001-11-08,42.08,43.42,42.07,42.66,6319600
2001-11-09,42.37,43.28,42.31,43.05,5259700
2001-11-12,42.7,43.09,41.7,42.41,3472900
2001-11-13,42.99,43.18,42.4,43.07,3820800
2001-11-14,43.23,43.84,42.91,43.12,4782000
2001-11-15,43,43.25,42.27,42.59,4686000
2001-11-16,42.94,43.14,41.47,42.13,2281800
2001-11-19,42.38,43,42.11,42.91,6139000
2001-11-20,42.41,42.91,41.5,41.8,4398100
2001-11-21,41.65,41.7,40.55,40.88,3438900
2001-11-23,40.88,42.26,40.88,42.13,1537300
2001-11-26,42.36,42.98,42.17,42.84,5616700
2001-11-27,42.69,43.08,41.93,42.66,5019000
2001-11-28,42.49,42.49,40.84,40.86,4011700
2001-11-29,41.03,41.6,40.63,41.26,2887600
2001-11-30,41.15,41.87,40.6,40.88,4139100
2001-12-03,40.65,41.35,40.08,40.22,2271300
2001-12-04,40.52,41,40.36,40.98,2657700
2001-12-05,41.33,43.5,41.33,43.48,4336900
2001-12-06,43.12,43.12,41.61,42.47,5051400
2001-12-07,42.49,43.3,42.3,43.08,3488600
2001-12-10,42.99,43.14,42.21,42.39,3851500
2001-12-11,42.56,42.6,41.2,41.33,2831300
2001-12-12,41.29,42.2,40.75,40.75,5120900
2001-12-13,40.86,42.25,40.25,41.58,6736700
2001-12-14,41.82,42.45,41.81,42.27,4030100
2001-12-17,42.31,42.66,42,42.5,4713100
2001-12-18,42.66,43.61,42.65,43.33,2961100
2001-12-19,43.36,43.7,42.5,43.31,3413800
2001-12-20,43.3,44.32,43.2,43.51,4342500
2001-12-21,43.51,44.44,43.2,43.6,5533100
2001-12-24,43.55,44.27,43.55,44.07,2332500
2001-12-26,44.16,44.6,43.89,44.01,3352700
2001-12-27,44.05,44.69,43.69,44.15,2996300
2001-12-28,44.23,45.37,44.06,45.19,3745700
2001-12-31,45.01,45.16,44.37,44.38,2926300
2002-01-02,44.2,44.48,42.68,44.45,4826800
2002-01-03,44.36,44.99,44.02,44.84,6355100
2002-01-04,44.9,45.01,44.49,44.79,4130500
2002-01-07,44.54,44.79,43.85,44.12,5082900
2002-01-08,44.14,44.57,43.89,44.42,4649800
2002-01-09,44.45,44.5,43.94,44.15,3776700
2002-01-10,44.55,44.8,44.3,44.7,6416300
2002-01-11,44.7,44.73,43.3,43.69,3613400
2002-01-14,43.49,44.05,43,43.09,2967000
2002-01-15,43.2,43.52,42.73,42.84,3621200
2002-01-16,42.81,42.93,41.98,41.98,2445800
2002-01-17,42.09,43.51,42.09,43.35,3390200
2002-01-18,42.76,43.58,42.5,42.93,2940300
2002-01-22,43.1,43.98,42.86,43.48,3156500
2002-01-23,43.5,44.66,43.43,44.66,3124700
2002-01-24,44.5,45,44.15,44.25,3683600
2002-01-25,44.29,44.5,43.72,44.2,2211800
2002-01-28,44.33,45.43,43.93,44,3894200
2002-01-29,44.13,44.81,43.37,43.57,2651600
2002-01-30,43.6,45.71,43.51,45.6,4511700
2002-01-31,45.65,46.02,45.24,46,3540100
2002-02-01,45.68,45.87,45,45.26,2970700
2002-02-04,45.2,45.88,44.6,44.85,3599100
2002-02-05,44.84,45.3,44.65,45.07,5288300
2002-02-06,45,45.05,44.65,44.75,4974300
2002-02-07,44.91,45.81,44.11,44.14,4855100
2002-02-08,44.01,44.3,43.2,44.08,3095700
2002-02-11,43.96,45.04,43.84,44.98,4581200
2002-02-12,44.61,44.97,43.86,44.45,3505500
2002-02-13,44.43,45.45,44.16,45.45,4061200
2002-02-14,45.32,46.5,45.3,46.32,3809800
2002-02-15,46.36,46.42,45.3,45.89,4543700
2002-02-19,45.45,46.05,45.06,45.23,5246300
2002-02-20,45.3,46.09,45.3,45.86,3032500
2002-02-21,45.88,46.9,45.75,45.91,4844900
2002-02-22,45.81,45.85,44.06,45.23,4222300
2002-02-25,45.23,45.55,44.24,44.4,4330400
2002-02-26,44.5,44.95,42.81,43.47,7660900
2002-02-27,43.74,43.92,41.9,42.19,5644500
2002-02-28,42.39,43.15,41.25,41.26,8111200
2002-03-01,41.32,41.47,39.37,40.9,11850400
2002-03-04,41.21,41.29,39.75,40.99,11727200
2002-03-05,41.45,42.5,38.29,39.04,22950300
2002-03-06,39.09,39.6,38.3,38.92,12183300
2002-03-07,39.31,40.78,39.05,39.88,10132300
2002-03-08,40.53,41.14,39.81,39.91,7193400
2002-03-11,40.2,41,39.75,40.77,4023300
2002-03-12,40.83,41.54,40.25,41.45,5160200
2002-03-13,41.36,42.55,41.05,41.92,6106600
2002-03-14,41.78,42,41.13,41.32,4384200
2002-03-15,41.7,42.41,41.38,42.15,5008600
2002-03-18,42.45,42.5,41.67,42.21,5373800
2002-03-19,42.32,42.69,42.14,42.26,3021300
2002-03-20,42.07,42.14,41.59,41.77,3291300
2002-03-21,41.56,41.66,40.46,40.99,3240900
2002-03-22,40.9,41.12,40.46,40.5,3117600
2002-03-25,40.5,40.51,39.75,39.85,5007000
2002-03-26,39.78,40.26,39.14,40.14,6305400
2002-03-27,40.17,40.35,39.58,40.1,4034100
2002-03-28,40.3,40.3,39.4,39.82,5190600
2002-04-01,39.47,39.96,38.91,39.65,4861200
2002-04-02,39.55,39.66,38.59,38.79,3949200
2002-04-03,38.89,39.55,38.57,38.9,3069700
2002-04-04,39,39.9,38.89,39.47,3774700
2002-04-05,39.65,40.15,39,39.25,3120200
2002-04-08,39.11,40.42,38.95,40.41,5154400
2002-04-09,40.38,41.2,40.15,40.76,4928200
2002-04-10,40.86,42.13,40.86,42.07,7595800
2002-04-11,42.01,42.59,41.63,41.86,4849300
2002-04-12,41.91,42.2,41.6,41.85,2725700
2002-04-15,42.11,42.33,41.69,42,2713700
2002-04-16,42.23,43,42.12,43,3614100
2002-04-17,42.8,43.05,42.15,42.54,2708400
2002-04-18,42.43,42.97,42.19,42.76,3416000
2002-04-19,42.9,42.97,42.21,42.46,2942800
2002-04-22,42.25,42.64,40.88,41.36,3502000
2002-04-23,41.25,41.67,40.3,40.48,4802000
2002-04-24,40.79,41.11,39.3,39.4,4975300
2002-04-25,39.27,40.46,39.2,40.15,4666000
2002-04-26,40.18,40.71,39.87,39.92,4823600
2002-04-29,39.99,40.03,39.4,39.79,3553500
2002-04-30,39.6,40.22,39.35,40.2,3235200
2002-05-01,40.01,40.5,38.92,40.27,4372200
2002-05-02,40.21,40.82,40.08,40.63,2801400
2002-05-03,40.49,40.66,39.95,40.37,3632400
2002-05-06,40.3,41.25,40.16,40.21,2971900
2002-05-07,40.6,41.2,40.5,40.57,3194000
2002-05-08,40.95,41.81,40.75,41.75,3778600
2002-05-09,41.75,41.75,40.55,41.01,3955200
2002-05-10,41.19,41.25,40.2,40.3,3772100
2002-05-13,40.5,40.52,39.5,40,4713200
2002-05-14,40.74,41.4,40.5,40.67,4403500
2002-05-15,40.6,41.48,40.28,41.13,4886000
2002-05-16,41.07,41.85,40.86,41.53,3494800
2002-05-17,41.14,41.69,40.56,41.35,3022100
2002-05-20,41.32,41.86,40.72,40.94,1794100
2002-05-21,41.1,41.1,39.75,39.76,3904300
2002-05-22,39.75,40.08,38.68,39.29,5177500
2002-05-23,39.45,39.88,38.55,39.79,3310200
2002-05-24,39.62,40.3,38.6,38.91,3565700
2002-05-28,39.14,39.34,37.58,38.46,6024000
2002-05-29,38.4,39,38.27,38.46,3463500
2002-05-30,38.95,39.48,38.46,39.32,6150200
2002-05-31,39.22,40.11,39.12,39.27,5367200
2002-06-03,39.29,39.43,38.53,38.73,3216500
2002-06-04,38.84,39.09,38.3,38.92,5528300
2002-06-05,38.99,39.9,38.91,39.67,4548800
2002-06-06,39.75,39.97,39.05,39.36,3740500
2002-06-07,39.16,39.69,39.16,39.4,3234400
2002-06-10,39.44,40.28,39.36,40.13,4666700
2002-06-11,40.29,40.87,39.47,39.65,3920200
2002-06-12,39.67,40.86,39.55,40.73,4688200
2002-06-13,40.29,40.9,39.68,39.8,3348500
2002-06-14,39.56,39.83,38.5,39.78,3160300
2002-06-17,39.82,40.69,39.75,40.69,2947400
2002-06-18,40.16,40.85,40.15,40.75,3004000
2002-06-19,40.59,41.35,40.57,40.95,3142300
2002-06-20,40.63,41.03,39.99,40,2781500
2002-06-21,39.68,40.27,39.26,39.58,3799300
2002-06-24,39.25,39.7,38.34,38.6,5917700
2002-06-25,38.91,39.2,37.6,37.78,4508600
2002-06-26,36.99,37.85,36.57,37.59,5190800
2002-06-27,37.67,38.6,37.29,38.59,3119300
2002-06-28,38.33,39.22,38.14,38.62,5046500
2002-07-01,38.53,38.55,37.55,37.77,2771900
2002-07-02,37.51,37.76,36.13,36.52,3623000
2002-07-03,36.41,37.91,35.65,37.8,4848400
2002-07-05,38.15,39.37,37.95,39.3,1714900
2002-07-08,39.05,39.55,38.1,38.55,3131400
2002-07-09,38.7,39.37,37.12,37.26,3753800
2002-07-10,37.54,37.94,36,36.21,4501400
2002-07-11,36.4,37.93,36.03,37.36,6027000
2002-07-12,37.56,37.74,36.66,36.91,4181400
2002-07-15,36.65,37.5,33.44,36.86,8971800
2002-07-16,36.43,36.66,34.26,34.47,6843100
2002-07-17,35.21,35.5,32.63,34.67,7225100
2002-07-18,34.45,35.85,33.87,33.88,4284300
2002-07-19,33.3,34.29,32.88,33.08,3653700
2002-07-22,32.9,34.2,31.55,32.2,6031000
2002-07-23,32.19,33.28,31.71,31.94,6461400
2002-07-24,31.69,35.31,31,35.06,7467400
2002-07-25,34.5,34.88,32.13,34.08,5818700
2002-07-26,34.15,34.9,33.45,34.55,3994200
2002-07-29,34.65,36.29,34.62,36.26,4221600
2002-07-30,35.7,35.76,34.66,35.14,3889800
2002-07-31,34.95,35.08,33.34,34.87,4568200
2002-08-01,34.57,34.91,32.97,33.19,4794700
2002-08-02,33.21,33.27,31.61,32.38,4942400
2002-08-05,32.15,32.96,31.73,31.85,3903800
2002-08-06,32.35,33.85,32.3,33.22,3726500
2002-08-07,33.82,34.54,33.63,34.53,6181300
2002-08-08,34.1,34.25,32,33.14,8713700
2002-08-09,32.9,33.82,32.71,33.41,3434400
2002-08-12,33.3,33.36,32.36,32.64,3522200
2002-08-13,32.41,34.54,32.01,32.62,6404700
2002-08-14,32.72,34.91,32,34.79,4308700
2002-08-15,34.9,36.73,34.86,36.48,6446500
2002-08-16,36,36.68,35.55,35.89,5097100
2002-08-19,34.8,36.43,34.71,36.13,4266800
2002-08-20,35.81,36,34.86,35.38,3504200
2002-08-21,35.51,35.87,34.38,34.96,4895000
2002-08-22,35.05,35.25,34,35.13,4847200
2002-08-23,34.7,34.94,33.97,34.2,2436000
2002-08-26,34.15,34.9,33.52,34.8,3322100
2002-08-27,33.92,34.08,32.68,32.72,7912200
2002-08-28,32.68,33.37,32.51,33.21,5933200
2002-08-29,32.95,33.87,32.1,33.49,4604700
2002-08-30,33.41,33.92,33.15,33.41,3574500
2002-09-03,33.15,33.49,32.41,32.51,4390600
2002-09-04,33.13,33.95,32.85,33.81,5130400
2002-09-05,33.5,33.57,32.5,33.05,6284000
2002-09-06,33.38,34.8,33.38,34.55,4609600
2002-09-09,34.18,35,34,34.68,2822800
2002-09-10,34.74,35.1,33.23,33.92,6251500
2002-09-11,34.25,35.67,34.11,34.13,3114200
2002-09-12,33.97,34.33,33.44,33.47,3110200
2002-09-13,33.44,34.41,33.05,33.95,3013400
2002-09-16,33.96,34.17,33.37,33.83,2210100
2002-09-17,34.03,34.45,33.42,33.43,3120200
2002-09-18,33.28,34.22,33.14,33.81,2782100
2002-09-19,33.5,34.03,33.15,33.15,2703500
2002-09-20,34.06,34.87,33.95,34.24,6715700
2002-09-23,33.85,34.05,32.54,32.98,5097100
2002-09-24,32.54,33.29,32.09,32.67,5259800
2002-09-25,33.19,34.17,32.83,33.95,4874300
2002-09-26,34.25,35.2,34,35.13,5703600
2002-09-27,34.89,35.43,33.81,33.92,4503900
2002-09-30,33.06,33.2,31.99,32.37,6219100
2002-10-01,32.45,33.2,31.1,33.2,7287300
2002-10-02,33,33.09,31.22,31.62,5824200
2002-10-03,31.45,32.16,30.82,30.89,6168300
2002-10-04,31.5,31.89,30.18,31.27,6763700
2002-10-07,31,31.48,28.81,29.18,9250800
2002-10-08,29.9,32.24,29.89,31.58,7595000
2002-10-09,31.2,31.44,30.05,30.45,5744100
2002-10-10,29.73,32.65,28.75,32.2,16465100
2002-10-11,32.61,33.9,31.98,33.81,7907100
2002-10-14,33.5,33.97,33.33,33.57,4145400
2002-10-15,34.62,35.65,34.25,35.49,5645900
2002-10-16,35.15,35.35,34.05,34.55,5204600
2002-10-17,35.41,35.74,34.01,34.13,5091300
2002-10-18,33.74,35.25,33.56,35.24,3484500
2002-10-21,34.6,35.17,33.39,35.12,4763600
2002-10-22,34.36,35.22,34.09,34.82,4653200
2002-10-23,34.74,36.4,34.74,36.21,5348600
2002-10-24,36.39,37,35.75,36,3736300
2002-10-25,36.16,36.26,34.93,35.99,3868700
2002-10-28,36.14,36.32,34.75,34.83,3572700
2002-10-29,34.9,35.49,33.79,34.98,5218400
2002-10-30,34.43,34.7,33.48,33.74,5046800
2002-10-31,34,34.57,33.65,33.93,4489800
2002-11-01,33.77,34.69,33.05,34.54,5279400
2002-11-04,34.78,34.79,33.75,33.85,3728900
2002-11-05,33.5,34.38,32.9,33.79,6859800
2002-11-06,34.27,34.3,32.83,33.71,6035400
2002-11-07,32.13,32.99,31.83,32.07,10325500
2002-11-08,32.03,32.61,31.9,32.16,4750300
2002-11-11,32.15,32.15,31.55,31.55,2988000
2002-11-12,31.64,32.92,31.47,32.31,3040900
2002-11-13,32.29,32.49,31.33,31.95,6342000
2002-11-14,32.5,33.5,32.21,33.44,4796400
2002-11-15,33.44,33.83,32.9,33.64,3834100
2002-11-18,33.7,33.8,32.55,32.56,3963500
2002-11-19,32.05,32.4,31.65,31.96,5551500
2002-11-20,31.94,32.44,31.89,32,5785600
2002-11-21,32.1,32.28,31.28,31.96,6811000
2002-11-22,32,32.74,31.5,31.57,5719300
2002-11-25,31.56,32.2,31.05,31.97,6129900
2002-11-26,31.85,32.03,31.05,31.1,6095800
2002-11-27,31.42,32.16,31.37,32.02,5539600
2002-11-29,32.2,32.59,32,32.3,2249000
2002-12-02,33.03,34.43,32.3,32.6,6114900
2002-12-03,32.65,33.03,32.25,32.9,5538100
2002-12-04,32.74,32.95,32.15,32.25,5315700
2002-12-05,31.85,31.9,30.65,31.1,8151800
2002-12-06,30.56,31,30.22,30.44,6247400
2002-12-09,30.37,30.43,29.35,29.49,7366900
2002-12-10,29.62,29.94,29.08,29.32,7031900
2002-12-11,29.2,29.25,28.35,28.48,11694400
2002-12-12,29.31,29.7,28.21,29.56,18744800
2002-12-13,29.3,29.44,28.22,28.52,7609900
2002-12-16,28.55,28.99,28.29,28.68,8149700
2002-12-17,28.6,28.61,27.57,27.71,9248800
2002-12-18,27.69,27.96,27.26,27.52,13631300
2002-12-19,27.25,28.2,27.2,27.58,6990900
2002-12-20,27.7,28.23,27.22,27.88,6706900
2002-12-23,27.95,28,27.09,27.39,5193200
2002-12-24,27.34,27.53,27.13,27.24,3230200
2002-12-26,27.22,28.08,27.17,27.65,4150300
2002-12-27,27.59,27.79,27.35,27.39,2777600
2002-12-30,27.3,28.3,27.27,28.02,4456400
2002-12-31,28.03,28.45,27.5,28.06,4597900
2003-01-02,28.24,29.02,28.1,29.01,5124100
2003-01-03,28.95,28.98,28.04,28.25,3368000
2003-01-06,28.51,28.92,28.22,28.59,4391800
2003-01-07,28.64,29.42,28.35,29.05,5185100
2003-01-08,29,29.69,28.81,29.3,6148400
2003-01-09,30,30.67,29.85,30.55,8319500
2003-01-10,30.34,30.67,30,30.58,5017300
2003-01-13,30.76,30.94,30.24,30.52,4262200
2003-01-14,30.58,31,30.3,30.99,3858600
2003-01-15,30.98,31,30.3,30.45,4420200
2003-01-16,30.6,30.98,30.06,30.2,3819000
2003-01-17,30.18,30.73,30.02,30.07,4828800
2003-01-21,30.1,30.29,29.18,29.28,4034600
2003-01-22,29.1,29.3,28.87,29.05,6860900
2003-01-23,29.2,29.76,29.1,29.61,4800800
2003-01-24,29.6,29.61,28.69,28.9,4704600
2003-01-27,28.68,29.56,28.56,28.77,4372000
2003-01-28,28.9,29.33,28.85,29.21,4251900
2003-01-29,29.04,29.4,28.36,29.32,5195500
2003-01-30,29.3,30,28.97,28.98,4422800
2003-01-31,28.9,29.31,28.8,28.87,5278300
2003-02-03,28.97,29.4,28.92,29.2,2793400
2003-02-04,29.07,29.2,28.35,28.56,3262700
2003-02-05,28.94,29.37,28.42,28.7,4126100
2003-02-06,29.64,30.4,28.67,28.95,6104900
2003-02-07,29.37,29.72,28.51,28.52,2759400
2003-02-10,28.6,28.83,28.22,28.68,3104400
2003-02-11,29,29.28,28.46,28.62,3070800
2003-02-12,28.69,29.12,28.5,28.76,4341900
2003-02-13,28.81,28.92,27.93,28.3,3507200
2003-02-14,28.53,28.97,27.93,28.92,2934900
2003-02-18,28.95,29.88,28.94,29.84,3288700
2003-02-19,29.63,30,28.94,29.37,2315400
2003-02-20,29.53,29.56,28.91,29.17,2570900
2003-02-21,29.56,30.01,29.29,30,3349200
2003-02-24,29.99,30.06,29.41,29.5,3552900
2003-02-25,29.3,30.05,29.01,30.04,3629100
2003-02-26,29.84,30.2,29.65,30,4298300
2003-02-27,30.15,30.57,29.95,30.4,2730300
2003-02-28,30.5,30.77,30.25,30.52,3161200
2003-03-03,30.68,30.88,30.31,30.53,3162700
2003-03-04,29.81,30.25,29.15,29.3,6144900
2003-03-05,27.8,28.85,27,28.75,21138800
2003-03-06,28.11,28.94,27.71,28.75,9385100
2003-03-07,28.36,29.25,28.27,29.15,4909400
2003-03-10,28.73,28.96,28.17,28.36,3475200
2003-03-11,28.54,28.78,28.01,28.08,3623700
2003-03-12,27.96,28.64,27.92,28.57,3845100
2003-03-13,29.43,30,29,29.99,5622400
2003-03-14,29.94,30,29.36,29.59,4234700
2003-03-17,29.4,30.92,29.35,30.9,5578400
2003-03-18,30.64,31.07,30.49,30.99,4342900
2003-03-19,31.11,31.23,30.31,31.08,4292700
2003-03-20,30.85,31.09,30.09,30.77,4544100
2003-03-21,31.16,31.39,30.35,31.23,5879400
2003-03-24,31.2,31.23,29.88,30.1,4417700
2003-03-25,30.3,31.3,30.28,30.98,3619500
2003-03-26,30.87,31.49,30.83,31.22,2985700
2003-03-27,31.1,31.17,30.4,30.4,3063600
2003-03-28,30.36,30.87,30.21,30.43,2438200
2003-03-31,29.96,30.63,29.65,30.03,3775300
2003-04-01,30.17,30.52,29.76,30.41,4239700
2003-04-02,31.31,31.91,31.1,31.62,5744000
2003-04-03,31.56,31.95,31.35,31.48,3949700
2003-04-04,31.65,31.91,31.25,31.57,2946400
2003-04-07,32.28,32.78,32.16,32.17,5453100
2003-04-08,32.05,32.9,32,32.84,5704900
2003-04-09,32.86,33,32.36,32.42,4837500
2003-04-10,32.38,33.84,32.23,33.79,6661200
2003-04-11,34,34,32.96,33.15,4536600
2003-04-14,33.31,33.79,32.83,33.75,3737600
2003-04-15,33.69,34.7,33.48,34.68,4378900
2003-04-16,34.42,34.81,33.87,34.06,3429600
2003-04-17,33.75,34.82,33.75,34.6,3553100
2003-04-21,34.41,34.45,33.86,34.06,3655100
2003-04-22,34.1,34.1,33.52,33.82,5174700
2003-04-23,33.74,33.96,33.23,33.84,3422400
2003-04-24,33.6,33.84,33.28,33.55,3449900
2003-04-25,33.53,33.68,32.84,33.05,3732500
2003-04-28,33.1,34.5,33.05,34.47,4147500
2003-04-29,34.27,35.22,34.27,34.84,3984000
2003-04-30,34.84,34.94,34.5,34.61,4776100
2003-05-01,34.35,34.51,33.88,34.33,5181200
2003-05-02,34.33,35.2,34.25,34.82,3577300
2003-05-05,34.86,34.91,34.25,34.26,3113900
2003-05-06,34.26,35.1,34.18,34.87,3950600
2003-05-07,34.85,34.95,34.2,34.34,2894900
2003-05-08,34.25,35.65,34.2,34.95,4451900
2003-05-09,35.24,35.35,34.84,35.3,2180800
2003-05-12,35.9,36.25,35.73,36.2,6770400
2003-05-13,36.2,36.59,35.91,36.2,4133500
2003-05-14,36,36.46,35.7,35.91,3179300
2003-05-15,35.82,36.02,34.84,35.39,4917700
2003-05-16,35.3,35.62,35.1,35.52,3642900
2003-05-19,35.27,35.27,34.09,34.2,3977200
2003-05-20,34.11,34.43,33.82,34.14,4135200
2003-05-21,34.19,34.63,33.97,34.62,4222500
2003-05-22,34.43,35.26,34.24,35.15,3152200
2003-05-23,35.11,35.14,34.64,34.77,3130100
2003-05-27,34.71,35.99,34.35,35.92,5276800
2003-05-28,37.25,39.02,36.41,37.35,16660700
2003-05-29,36.93,37.59,36.23,36.63,9019600
2003-05-30,36.34,37.26,36.34,37.25,4893300
2003-06-02,37.27,37.98,36.86,37.33,3749600
2003-06-03,37.1,37.62,36.85,37.36,3039900
2003-06-04,37.3,37.79,37.08,37.43,5826800
2003-06-05,36.8,37.79,36.32,36.93,6604300
2003-06-06,36.97,37,35.11,35.3,9230900
2003-06-09,35.16,35.19,34.74,34.99,4465200
2003-06-10,34.88,35.39,34.8,35,3769000
2003-06-11,35.2,35.41,34.75,35.28,3886400
2003-06-12,35.34,35.69,34.96,35.55,4502700
2003-06-13,35.79,35.9,34.73,34.87,3709900
2003-06-16,35.05,35.88,34.81,35.67,4086300
2003-06-17,35.9,36.1,35.36,35.8,4251500
2003-06-18,35.93,36.3,35.51,36.24,3873000
2003-06-19,36.14,36.43,35.46,35.58,3703600
2003-06-20,36.18,36.27,35.69,36.09,3462600
2003-06-23,36.04,36.1,35.7,35.82,3238300
2003-06-24,36.23,36.76,35.82,36.25,2737200
2003-06-25,36.37,36.8,36.04,36.04,2832600
2003-06-26,36.05,36.64,35.85,36.3,2460100
2003-06-27,36.45,36.85,36.01,36.01,2336000
2003-06-30,36.39,37,36.07,36.6,3150200
2003-07-01,36.38,36.7,35.66,36.51,4371200
2003-07-02,36.55,36.8,36.12,36.75,2877600
2003-07-03,36.35,36.77,35.97,36.1,1615100
2003-07-07,36.25,37.01,36.16,37,2500300
2003-07-08,36.3,37.16,36.25,36.89,3385100
2003-07-09,37.03,37.08,36.49,36.73,2145400
2003-07-10,36.98,37.45,36.2,36.25,3191100
2003-07-11,36.85,37.05,36.46,36.94,2448100
2003-07-14,37.39,37.7,36.89,37.15,2047800
2003-07-15,37.46,37.52,36.72,37.14,2134800
2003-07-16,37.18,37.34,36.27,36.88,1792300
2003-07-17,36.91,37.17,36.41,36.46,2146000
2003-07-18,36.94,36.98,36.15,36.61,2682500
2003-07-21,37.15,37.15,36.1,36.34,2015000
2003-07-22,36.53,36.73,35.9,36.52,2513500
2003-07-23,36.69,36.81,36.04,36.77,2083000
2003-07-24,36.85,36.95,36,36.19,2712800
2003-07-25,36.17,36.75,35.94,36.53,2003200
2003-07-28,36.45,36.98,36.33,36.89,1562300
2003-07-29,36.79,36.99,36.25,36.87,2467900
2003-07-30,36.83,37.11,36.55,36.71,2670900
2003-07-31,37.17,37.71,36.82,36.99,2899400
2003-08-01,36.9,37.22,36.5,36.67,2290600
2003-08-04,36.41,37.31,36.09,36.96,2170800
2003-08-05,32,32.7,29.97,30.06,56773500
2003-08-06,30.37,30.37,28.83,28.89,25463300
2003-08-07,29.28,29.56,28.92,29.03,16177700
2003-08-08,29.29,29.3,29.06,29.22,8117000
2003-08-11,29.34,29.74,29.2,29.45,8047500
2003-08-12,30,30.36,29.8,30.05,13395400
2003-08-13,30.3,30.56,30,30.3,7145000
2003-08-14,30.4,30.96,30.33,30.85,7101500
2003-08-15,30.86,31.1,30.6,30.95,3864100
2003-08-18,31.02,31.2,30.57,30.63,7021800
2003-08-19,30.74,30.9,30.42,30.49,7027600
2003-08-20,30.53,30.89,30.15,30.5,7540300
2003-08-21,30.85,30.89,30.5,30.74,4264200
2003-08-22,30.95,31.1,30.81,30.89,5429200
2003-08-25,30.95,31.7,30.89,31.45,5356300
2003-08-26,31.2,31.73,31.19,31.62,4096300
2003-08-27,31.51,31.9,31.49,31.79,3283200
2003-08-28,31.9,32.2,31.69,32.18,3844900
2003-08-29,32.01,32.34,31.78,32.25,6441900
2003-09-02,32.24,33.23,32.12,33.13,7867600
2003-09-03,33.31,33.31,32.85,33.26,7109000
2003-09-04,33.53,33.64,32.5,32.82,7943200
2003-09-05,32.84,32.84,32.11,32.2,4691500
2003-09-08,32.25,32.3,31.5,31.77,8555100
2003-09-09,31.72,31.72,30.8,31.02,11458200
2003-09-10,30.88,31.45,30.65,30.71,4629900
2003-09-11,31.02,31.97,30.93,31.63,5974800
2003-09-12,31.41,31.59,30.92,31.39,5403600
2003-09-15,31.35,31.57,30.79,30.91,5988400
2003-09-16,31.05,31.1,30.7,30.98,6998100
2003-09-17,31.25,31.84,30.94,31.53,6765900
2003-09-18,31.62,31.9,31.35,31.75,4452400
2003-09-19,32.47,33.05,32.1,32.58,10642800
2003-09-22,32.28,32.62,32.02,32.27,5200600
2003-09-23,32.55,32.89,32.24,32.79,4039300
2003-09-24,32.75,32.81,31.82,32,5012200
2003-09-25,31.99,32.35,31.71,31.8,3565900
2003-09-26,31.56,31.65,31.13,31.2,4279100
2003-09-29,31.15,31.81,30.96,31.36,5000700
2003-09-30,31.2,31.39,30.77,31.15,3836800
2003-10-01,31.15,32.35,31.1,32.3,4631800
2003-10-02,32.25,32.37,31.56,31.94,4434100
2003-10-03,32.5,32.78,32.18,32.26,4766800
2003-10-06,32.4,33.05,32.2,33.04,3781800
2003-10-07,32.73,33.53,32.45,33.34,5210000
2003-10-08,34.15,34.3,32.41,32.93,13904900
2003-10-09,33.4,33.59,32.82,32.99,5425100
2003-10-10,33.05,33.32,32.86,32.87,3702200
2003-10-13,33,33.44,32.96,33.35,2999900
2003-10-14,32.89,33.59,32.86,33.47,3078500
2003-10-15,33.61,33.91,33.17,33.64,3568600
2003-10-16,33.84,34.37,33.76,33.78,3261200
2003-10-17,33.77,34.29,33.3,33.31,2629900
2003-10-20,33.34,33.5,32.91,33.45,2634000
2003-10-21,33.48,34.1,33.33,33.91,3726600
2003-10-22,33.85,34.15,33.5,33.88,3369400
2003-10-23,33.8,34.25,33.66,34.06,2863300
2003-10-24,33.78,33.97,33,33.72,3261700
2003-10-27,33.75,34.1,33.67,33.9,2414300
2003-10-28,33.73,34.76,33.66,34.76,4039700
2003-10-29,34.74,35.43,34.53,35.31,5028800
2003-10-30,35.6,35.76,34.12,34.92,4428200
2003-10-31,34.88,35.48,34.81,35.45,3925200
2003-11-03,35.29,35.68,35.09,35.18,2959200
2003-11-04,35.05,35.51,34.74,35.29,4008200
2003-11-05,35.4,35.5,34.65,34.87,4528300
2003-11-06,34.98,35.02,34.4,34.99,4823000
2003-11-07,35.12,35.23,34.45,34.49,3567600
2003-11-10,34.5,34.84,34.26,34.45,2587000
2003-11-11,34.65,34.81,34.1,34.49,2570200
2003-11-12,34.55,34.92,34.39,34.89,2301200
2003-11-13,34.6,34.64,33.95,34.29,4851700
2003-11-14,34.31,35.05,33.99,34.16,4316000
2003-11-17,34.07,34.23,33.27,33.89,3664400
2003-11-18,33.95,34.41,33.58,33.64,3190000
2003-11-19,33.68,34.1,33.5,33.82,2910500
2003-11-20,33.57,34.63,33.45,34.14,3575000
2003-11-21,34.3,34.42,34.03,34.11,2910600
2003-11-24,34.48,35.26,34.27,35.15,4087200
2003-11-25,35.1,35.75,34.89,35.4,3093000
2003-11-26,35.49,35.7,35.02,35.41,3756400
2003-11-28,35.23,35.95,35.11,35.82,1360300
2003-12-01,35.95,36.62,35.77,36.6,4448300
2003-12-02,36.63,36.64,35.97,36.03,2879600
2003-12-03,36.29,36.5,35.44,35.8,5547300
2003-12-04,36.19,36.38,35.51,36.17,7526200
2003-12-05,35.8,36.27,35.53,35.82,4462400
2003-12-08,35.77,36.2,35.5,36.14,4630300
2003-12-09,36.05,36.75,35.13,36,12135600
2003-12-10,36.48,36.55,35.6,36.1,4964400
2003-12-11,36.04,36.49,36.03,36.14,4025500
2003-12-12,36.41,36.41,35.3,35.91,4546200
2003-12-15,36.2,36.48,35.35,35.43,4835900
2003-12-16,35.76,35.95,35.2,35.87,3534900
2003-12-17,35.95,36.14,35.69,35.99,4576200
2003-12-18,36.05,36.55,36,36.52,3338700
2003-12-19,36.75,36.85,36.3,36.59,3740900
2003-12-22,36.65,36.67,35.79,35.84,4313500
2003-12-23,35.97,36.35,35.75,36.25,2452300
2003-12-24,36.09,36.23,35.89,36.06,843700
2003-12-26,36.11,36.63,35.99,36.38,1343200
2003-12-29,36.27,36.99,36.27,36.98,2792700
2003-12-30,36.91,37.4,36.77,37.29,2982100
2003-12-31,37.2,37.37,36.85,37.18,2465600
2004-01-02,37.19,37.42,36.18,36.32,2603100
2004-01-05,36.44,36.61,35.86,36.15,3968300
2004-01-06,36.1,36.93,36.06,36.56,3124300
2004-01-07,36.58,37.18,36.52,37.08,3467100
2004-01-08,37.4,37.53,37.02,37.26,4973100
2004-01-09,37.32,38.36,36.98,37.96,6193300
2004-01-12,37.8,37.86,37.15,37.7,3195400
2004-01-13,37.53,37.98,37.46,37.86,2092200
2004-01-14,37.15,37.42,36.92,37.04,4511500
2004-01-15,36.99,37.52,35.91,37.07,3555100
2004-01-16,37.36,37.37,36.69,37.07,3188300
2004-01-20,37.19,37.2,36.36,36.4,3147400
2004-01-21,36.33,36.66,36.24,36.55,3172300
2004-01-22,36.62,36.73,36.2,36.5,3359400
2004-01-23,36.67,37.43,36.5,37.35,5180300
2004-01-26,37.37,37.52,36.57,37.12,3509800
2004-01-27,37.21,37.41,36.54,36.69,3375600
2004-01-28,37.01,37.16,36,36.08,3669700
2004-01-29,36.35,36.9,36.15,36.9,4062400
2004-01-30,36.92,37.48,36.68,36.94,3005000
2004-02-02,36.97,37.61,36.83,37.22,2100800
2004-02-03,37.11,37.6,37,37.13,2218400
2004-02-04,37.03,37.82,36.92,37.3,3123500
2004-02-05,38,38.15,37.37,37.92,4348600
2004-02-06,37.8,38.24,37.74,38.14,3996300
2004-02-09,37.93,38.58,37.71,38.31,3072500
2004-02-10,38.25,39.5,38.19,39.41,4197200
2004-02-11,39.11,39.3,38.71,39.15,3978900
2004-02-12,38.44,38.71,37.55,37.75,5448300
2004-02-13,37.84,38.07,37.32,37.61,2275600
2004-02-17,37.77,38.29,37.7,37.76,2034900
2004-02-18,37.68,38,37.52,37.83,1844400
2004-02-19,38,38.26,37.47,37.48,2431400
2004-02-20,37.8,38.5,37.51,38.18,2712200
2004-02-23,38,38.66,37.83,38.15,2849200
2004-02-24,37.98,38.79,37.97,38.45,3059300
2004-02-25,38.29,38.93,38.11,38.69,2755000
2004-02-26,38.66,39,38.36,38.6,3116500
2004-02-27,38.26,39.13,38.1,38.86,6118700
2004-03-01,39.18,40,38.95,39.94,4552100
2004-03-02,40.25,40.42,39.06,39.71,4672800
2004-03-03,38.72,39.25,37.8,38.31,10196700
2004-03-04,37.97,38.89,37.81,38.64,5321400
2004-03-05,37.95,38.37,37.79,38.15,4390700
2004-03-08,38.1,38.26,37.71,37.79,3024700
2004-03-09,37.84,37.85,37.25,37.56,3775800
2004-03-10,37.48,38.19,37.37,37.47,3617200
2004-03-11,37.35,38.33,37.25,37.63,3962500
2004-03-12,37.68,38.35,37.5,38.3,2374500
2004-03-15,38.13,38.16,37.3,37.42,3107400
2004-03-16,37.77,37.8,36.76,37.04,3853200
2004-03-17,37.38,37.5,36.94,37.31,2834300
2004-03-18,37.27,37.55,37.05,37.38,3905400
2004-03-19,37.26,37.59,37.04,37.23,3794600
2004-03-22,37.05,37.14,36.1,36.71,3632300
2004-03-23,36.74,37.05,36.38,36.47,2399000
2004-03-24,36.59,36.78,36.12,36.44,3834700
2004-03-25,36.45,37.25,36.38,36.96,2266500
2004-03-26,36.96,37.14,36.56,36.62,3715500
2004-03-29,36.64,37.45,36.62,37.18,1664800
2004-03-30,37.09,37.34,36.79,37.28,2371000
2004-03-31,37.46,37.74,37.19,37.61,2680000
2004-04-01,37.43,37.63,36.89,37.35,2509800
2004-04-02,37.99,38,37.31,37.7,2631200
2004-04-05,37.62,38.1,37.54,38.08,2203500
2004-04-06,37.61,38.07,37.54,38.07,2461900
2004-04-07,37.98,38.38,37.5,38.15,4088100
2004-04-08,38.48,38.77,37.58,37.9,5281100
2004-04-12,38.04,38.1,37.48,37.66,2010000
2004-04-13,37.65,37.79,37.02,37.16,3828100
2004-04-14,37.05,37.96,36.75,37.7,3335900
2004-04-15,37.85,37.99,37.25,37.37,2825400
2004-04-16,37.67,38.29,37.27,38.08,3071300
2004-04-19,38.02,38.33,37.93,38.04,2295000
2004-04-20,38.15,38.63,37.72,37.79,2430400
2004-04-21,37.72,38.38,37.61,38.31,2884900
2004-04-22,38.07,38.75,37.95,38.29,4165300
2004-04-23,38.19,38.56,37.99,38.54,2813200
2004-04-26,38.55,38.72,38,38.09,2339100
2004-04-27,38.25,38.5,37.95,38.04,3510200
2004-04-28,38.19,38.34,37.83,37.99,6324500
2004-04-29,38.04,38.34,37.3,37.66,2451900
2004-04-30,37.94,38.12,37.41,37.5,2984800
2004-05-03,37.41,38.09,37.33,37.58,2976000
2004-05-04,37.58,37.9,37.33,37.47,3441500
2004-05-05,37.32,37.7,37.22,37.41,4736500
2004-05-06,37,37.1,36.15,36.3,5389400
2004-05-07,36.15,36.59,35.5,35.66,4776300
2004-05-10,35.55,36.48,35.35,36.42,4089000
2004-05-11,36.41,36.67,35.9,36.12,2723900
2004-05-12,35.8,36.64,35.47,36.55,2974900
2004-05-13,36.46,36.5,35.6,36.07,3034700
2004-05-14,36.11,36.45,35.65,35.85,2591400
2004-05-17,35.64,35.77,35.05,35.54,2626500
2004-05-18,35.87,36.96,35.77,36.39,4406100
2004-05-19,36.8,37.05,36.45,36.52,3376600
2004-05-20,36.52,36.73,36.31,36.69,3436200
2004-05-21,36.89,36.93,36.4,36.54,2718800
2004-05-24,36.58,37.3,36.54,36.81,2558900
2004-05-25,36.66,37.42,36.56,37.34,2566400
2004-05-26,37.15,37.55,37,37.44,1675700
2004-05-27,38.5,39.32,37.96,38.07,7799600
2004-05-28,38.52,38.52,37.76,37.9,2682600
2004-06-01,37.72,38.21,37.65,38.14,2723900
2004-06-02,38.4,38.99,38.16,38.78,3463100
2004-06-03,39.25,39.86,38.8,39.25,5426500
2004-06-04,39.51,39.84,38.46,39.05,3710300
2004-06-07,38.65,39.5,38.29,39.34,3849900
2004-06-08,39.31,40.13,39.17,40.05,5493300
2004-06-09,39.74,40.83,39.66,40.68,6895100
2004-06-10,41.2,41.77,40.84,41.62,6661500
2004-06-14,41.13,41.37,40.44,40.96,3219800
2004-06-15,41.25,41.8,41.05,41.47,2777400
2004-06-16,41.41,41.67,41.33,41.56,2339700
2004-06-17,41.51,41.67,41.01,41.6,2389100
2004-06-18,41.65,42.19,41.39,42.02,3153300
2004-06-21,42.02,42.1,41.67,41.82,2467200
2004-06-22,41.78,42.3,41.41,42.14,4223400
2004-06-23,41.9,43,41.88,42.89,3783200
2004-06-24,42.72,42.98,42.31,42.51,3250500
2004-06-25,42.48,42.6,40.58,41.82,3711300
2004-06-28,41.8,42.45,41.62,41.93,3151000
2004-06-29,41.72,41.88,40.66,41,5007800
2004-06-30,41.02,41.6,40.55,41.18,4421800
2004-07-01,41.3,41.4,40.71,40.87,4025800
2004-07-02,40.86,41.2,40.36,40.68,3170200
2004-07-06,40.38,41.36,40.37,40.79,3579200
2004-07-07,40.83,41.69,40.67,41.38,3162000
2004-07-08,40.37,40.68,39.84,40.16,5878400
2004-07-09,40.69,40.73,39.91,40.2,3043700
2004-07-12,40.13,40.86,40,40.82,3592100
2004-07-13,40.93,41.36,40.67,41.26,2594200
2004-07-14,41,41.78,40.7,40.85,4112500
2004-07-15,40.82,41.34,40.77,40.98,4120600
2004-07-16,41.34,41.49,40.49,40.62,3050200
2004-07-19,40.86,41.03,40.35,40.66,2750400
2004-07-20,40.73,41.26,40.63,41.02,3049700
2004-07-21,40.97,41.8,40.9,41.15,2950000
2004-07-22,40.69,41.16,40.13,40.89,3639700
2004-07-23,40.94,41.27,40.52,40.67,2205700
2004-07-26,40.62,40.82,39.81,40.16,2283600
2004-07-27,40.07,41.32,40,41.32,3967400
2004-07-28,41.21,41.5,40.35,41.21,3123800
2004-07-29,41.4,41.98,41.4,41.8,3952700
2004-07-30,41.49,41.5,40.53,40.71,4239700
2004-08-02,40.61,41.18,40.53,41.1,2014100
2004-08-03,40.91,41.2,40.22,40.71,3296600
2004-08-04,40.81,41.36,40.48,41.15,3160300
2004-08-05,41.1,41.45,40.58,40.59,3695000
2004-08-06,40.49,40.51,39.62,39.74,3928900
2004-08-09,39.59,40.55,39.56,40.19,3383000
2004-08-10,40.21,40.97,40.21,40.87,4409800
2004-08-11,40.5,40.85,40.16,40.49,3348000
2004-08-12,40.81,41.05,40.26,40.49,3812800
2004-08-13,40.51,41.08,40.49,40.73,2318100
2004-08-16,40.94,41,40.59,40.82,3002600
2004-08-17,41.12,41.71,41.03,41.31,3876400
2004-08-18,41.38,41.92,40.86,41.66,4139800
2004-08-19,41.65,42.45,41.52,42.35,6388100
2004-08-20,42.45,42.79,42.09,42.4,3698100
2004-08-23,42.04,42.27,41.54,41.82,3969300
2004-08-24,41.93,42.32,41.84,42.09,2475300
2004-08-25,42.18,42.35,41.71,42.04,2777700
2004-08-26,42.05,42.6,41.86,42.42,1938300
2004-08-27,42.41,42.53,41.95,42.05,2231600
2004-08-30,41.88,42.28,41.71,41.79,2603400
2004-08-31,41.75,41.99,41.03,41.17,4129300
2004-09-01,41.11,41.33,40.46,40.83,4785300
2004-09-02,39.06,40.76,39.05,40.41,9234400
2004-09-03,40.27,40.9,40.26,40.6,3536900
2004-09-07,40.7,40.95,40.25,40.61,3235700
2004-09-08,40.51,40.88,40.05,40.12,3494400
2004-09-09,40.1,40.25,39.59,39.99,3023200
2004-09-10,39.92,40.78,39.79,40.54,4132300
2004-09-13,40.84,41.79,40.5,41.15,4738700
2004-09-14,40.83,41.59,40.81,41.42,2885600
2004-09-15,41.22,41.61,41.13,41.41,2128500
2004-09-16,41.5,41.74,41.3,41.57,2290900
2004-09-17,41.6,41.98,41.2,41.26,3075400
2004-09-20,41.18,41.55,40.69,41.01,2530600
2004-09-21,41.16,41.53,40.94,41.41,2073800
2004-09-22,41.16,41.4,40.82,40.98,2010300
2004-09-23,40.83,41.37,40.75,40.75,1662400
2004-09-24,40.7,41.68,40.58,41.35,2089100
2004-09-27,41.17,41.66,41.11,41.2,2007200
2004-09-28,41.47,41.55,41.14,41.3,2025200
2004-09-29,41.16,41.81,41.15,41.79,2094800
2004-09-30,41.69,41.89,41.29,41.51,3190800
2004-10-01,41.74,42.67,41.48,42.29,3828700
2004-10-04,42.3,43.82,42.3,43.3,4541100
2004-10-05,43.17,43.66,42.91,43.06,2934300
2004-10-06,42.95,43.15,42.24,42.93,3920500
2004-10-07,44.2,44.91,44,44.65,9228600
2004-10-08,44.01,45.44,44.01,44.69,6412600
2004-10-11,44.5,45,44.14,44.9,3136100
2004-10-12,44.64,45.42,44.39,45.33,4537800
2004-10-13,45.06,45.78,44.95,45.42,3715300
2004-10-14,45.4,45.99,45.1,45.41,4550200
2004-10-15,45.48,45.98,45.16,45.6,3748100
2004-10-18,45.6,46.13,45.24,46.13,3340100
2004-10-19,45.86,46.45,45.82,46.21,4710100
2004-10-20,45.88,46.5,45.71,46.46,3270100
2004-10-21,46.33,46.57,45.86,46.52,5510600
2004-10-22,46.61,46.75,45.7,45.73,3731900
2004-10-25,45.5,46.16,45.34,45.99,2506800
2004-10-26,46.25,47.94,46.18,47.19,7444600
2004-10-27,46.85,48.32,46.53,48.1,4616600
2004-10-28,47.78,48.55,47.64,48.21,3377100
2004-10-29,48.22,48.39,47.47,47.94,2906500
2004-11-01,47.8,48.15,47.2,48.14,3181100
2004-11-02,48.26,48.91,47.85,48.53,3048600
2004-11-03,49,49.5,48.2,48.54,4110900
2004-11-04,48.9,49.56,47.9,49.42,4602500
2004-11-05,49.55,50.46,49.17,49.55,3837400
2004-11-08,48.76,49.47,48.41,49.18,4262600
2004-11-09,49.04,49.29,48.85,49,3719400
2004-11-10,49.04,49.19,48.72,48.9,2462000
2004-11-11,49,49.05,48.52,48.69,3004900
2004-11-12,48.37,49.2,48.29,49.12,2752300
2004-11-15,49.14,49.85,48.84,49.74,3292200
2004-11-16,49.6,49.74,48.54,48.63,4923800
2004-11-17,49.1,49.26,48.25,48.97,5949900
2004-11-18,48.62,48.93,48.22,48.35,3323200
2004-11-19,48.28,48.46,47.45,47.48,3318300
2004-11-22,47.52,49.01,47.4,48.9,4473600
2004-11-23,48.63,49.77,48.58,49.69,4082300
2004-11-24,49.75,49.78,48.88,49.59,2784100
2004-11-26,49.26,49.81,49.03,49.64,656200
2004-11-29,49.34,49.67,49.15,49.43,2245000
2004-11-30,49.28,49.36,48.45,48.6,3890500
2004-12-01,48.87,49.69,48.78,49.63,4555000
2004-12-02,48.8,49.82,48.41,49.19,3862400
2004-12-03,48.7,49.25,47.91,47.92,4044400
2004-12-06,47.99,48.6,47.48,48.28,3825100
2004-12-07,48.21,48.75,47.82,48.06,3963300
2004-12-08,48.06,48.92,48.02,48.9,3798700
2004-12-09,47.25,48.6,47.05,48.1,8193100
2004-12-10,47.7,48,47.18,47.52,4315000
2004-12-13,47.53,47.86,46.8,47.08,3845000
2004-12-14,47,47.98,47,47.93,3321900
2004-12-15,47.81,48.5,47.76,48.36,3004500
2004-12-16,48.4,48.46,47.7,47.95,2857200
2004-12-17,47.84,48.23,47.57,47.79,3617600
2004-12-20,47.7,48.2,47.45,47.75,2235300
2004-12-21,47.71,48,47.43,47.97,2692100
2004-12-22,47.58,48.3,47.51,47.81,2159300
2004-12-23,47.68,48.09,47.5,47.5,1428500
2004-12-27,47.78,48.05,47.35,47.46,1838900
2004-12-28,47.47,48.12,47.43,48.1,1240400
2004-12-29,47.65,48.87,47.6,48.71,1952600
2004-12-30,48.76,48.92,48.35,48.45,1420800
2004-12-31,48.32,48.63,48.26,48.41,1393500
2005-01-03,48.24,48.99,47.75,47.9,2219300
2005-01-04,48.19,48.34,47.04,47.04,3280200
2005-01-05,47.18,47.86,46.92,47.22,2672900
2005-01-06,48.86,48.89,47.76,47.9,3771700
2005-01-07,47.62,47.96,47.37,47.49,2448200
2005-01-10,47.41,47.94,47.27,47.58,2053100
2005-01-11,47.46,47.56,47.1,47.32,2364500
2005-01-12,47.25,47.64,47,47.53,2310700
2005-01-13,47.6,48.4,47.53,47.74,2913600
2005-01-14,47.9,48.49,47.8,48.27,3035500
2005-01-18,48.15,49.18,47.84,49.14,3119800
2005-01-19,49.15,49.16,48.33,48.36,1830000
2005-01-20,48.49,48.64,47.7,47.79,1871400
2005-01-21,47.71,47.94,46.43,46.51,3102700
2005-01-24,46.6,47.15,46.33,46.42,2487800
2005-01-25,46.63,47.24,46.52,47.08,2145800
2005-01-26,47.35,47.51,47.18,47.36,2598200
2005-01-27,47.24,47.79,46.93,47.23,2257600
2005-01-28,47.32,47.46,46.6,47.29,2648800
2005-01-31,47.7,48.24,47.13,47.27,2845700
2005-02-01,47.19,47.36,46.89,46.96,2634200
2005-02-02,46.97,47.18,46.52,47.17,2259000
2005-02-03,46.5,46.64,45.75,46.37,4782300
2005-02-04,46.36,46.82,45.92,46.18,3578300
2005-02-07,46.2,46.6,46,46.1,2565400
2005-02-08,46.48,46.5,45.69,45.88,2893400
2005-02-09,45.84,46.01,45.42,45.51,2132900
2005-02-10,45.58,46.29,45.45,45.86,1966300
2005-02-11,45.98,46.91,45.73,46.44,2959000
2005-02-14,46.52,46.76,46.15,46.51,2043900
2005-02-15,46.74,47.02,46.3,47,2079100
2005-02-16,47,47.1,46.66,46.94,1791700
2005-02-17,46.8,47.08,46,46.1,2179600
2005-02-18,45.99,46.13,45.74,45.8,2028100
2005-02-22,45.52,46.71,45.4,45.4,3505200
2005-02-23,45.75,46.12,45.49,45.65,2810400
2005-02-24,45.66,46.69,45.6,46.54,2348800
2005-02-25,46.42,46.76,46.35,46.57,1525800
2005-02-28,46.61,47,46.18,46.59,2425000
2005-03-01,46.63,47.27,46.61,46.71,2890600
2005-03-02,45.41,46.07,44.31,45.02,12766600
2005-03-03,45.1,45.25,44.73,44.8,4944200
2005-03-04,44.76,45.25,44.5,44.76,4714100
2005-03-07,44.92,45.15,44.37,44.54,3306200
2005-03-08,44.8,46.63,44.5,46.06,8118000
2005-03-09,45.94,46.21,45.33,45.61,4918800
2005-03-10,45.76,45.84,44.59,44.75,4417300
2005-03-11,44.94,45.35,44.68,44.94,2518300
2005-03-14,44.9,45.71,44.84,45.66,3118700
2005-03-15,45.72,45.76,45.04,45.32,2970400
2005-03-16,45.05,45.18,44.48,44.65,2739500
2005-03-17,44.5,44.65,44.06,44.15,2674900
2005-03-18,44.15,44.3,43.28,43.7,4490000
2005-03-21,43.66,43.7,42.75,43.23,3181600
2005-03-22,43.23,43.94,43.15,43.43,2808300
2005-03-23,43.19,44.07,43.06,43.72,2700300
2005-03-24,43.67,43.89,43.5,43.6,1969400
2005-03-28,43.53,44.66,43.53,44.45,2665500
2005-03-29,44.32,44.73,44,44.44,3040000
2005-03-30,44.43,45.4,44.4,44.99,3603000
2005-03-31,45,45.07,44,44.18,3528100
2005-04-01,44.36,44.41,43.6,43.79,3342800
2005-04-04,43.83,45.22,43.64,45.16,3553400
2005-04-05,45.2,46.46,45.14,46.36,4752800
2005-04-06,46.49,46.78,46.08,46.28,2644900
2005-04-07,46.51,47.23,45.75,46.9,3136700
2005-04-08,47.05,47.05,46,46.18,1854100
2005-04-11,45.87,46.36,45.55,46.3,2614500
2005-04-12,46.31,46.51,45.12,46.39,2933700
2005-04-13,46.4,46.42,45.62,45.76,2287600
2005-04-14,45.76,46.08,45.38,45.42,2051800
2005-04-15,45.05,45.43,44.8,44.86,2668800
2005-04-18,44.98,45.27,44.14,44.3,3315100
2005-04-19,44.33,44.49,43.83,43.89,3122000
2005-04-20,43.8,43.99,42.91,43.09,3257000
2005-04-21,43.56,44.25,43.14,44.02,2853600
2005-04-22,39.97,41.6,39.48,40.17,24897600
2005-04-25,40.41,41.95,39.9,41.44,9700600
2005-04-26,41.5,41.89,40.95,41.59,6135800
2005-04-27,41.36,41.71,41.17,41.43,3257400
2005-04-28,41.17,41.27,40.26,40.3,4259400
2005-04-29,40.62,40.85,40.02,40.63,4968600
2005-05-02,40.71,41.34,40.68,41.27,2711600
2005-05-03,41.25,42.58,41.14,42.04,4665400
2005-05-04,41.96,43,41.93,42.86,4474600
2005-05-05,43.01,43.11,42.33,42.75,3743100
2005-05-06,43.03,43.09,42.7,42.88,2592400
2005-05-09,43,43.5,42.52,43.34,3526600
2005-05-10,42.94,43.2,42.78,42.95,2472300
2005-05-11,43.19,43.36,41.84,42.98,3658400
2005-05-12,42.58,42.85,42.1,42.47,4004000
2005-05-13,42.81,42.81,41.58,42.04,2526000
2005-05-16,42.18,43.25,41.66,43.25,3011900
2005-05-17,43.21,43.88,42.9,43.8,3796800
2005-05-18,43.9,45.08,43.81,44.89,3464800
2005-05-19,45.03,45.35,44.53,44.95,2406700
2005-05-20,45.1,45.33,44.53,44.96,1625000
2005-05-23,45.06,45.09,44.34,44.51,3278700
2005-05-24,44.6,44.78,43.98,44.54,3809900
2005-05-25,44.31,45.52,44.18,45.42,3222500
2005-05-26,46.32,46.36,44.73,45.49,9454200
2005-05-27,45.49,45.5,45,45.3,2199400
2005-05-31,45.3,45.69,45.11,45.38,1960400
2005-06-01,45.34,46.38,45.34,45.56,2936800
2005-06-02,45.66,46.66,45.66,46.62,2822300
2005-06-03,46.67,46.73,45.96,46.12,2225200
2005-06-06,45.37,46,45.17,45.78,2725300
2005-06-07,45.94,46.41,45.49,45.83,3140000
2005-06-08,45.93,45.95,45.42,45.69,2407600
2005-06-09,45.85,46.25,45.25,45.84,2608900
2005-06-10,45.75,46.19,45.55,45.81,1447100
2005-06-13,45.66,46.5,45.56,45.73,2171500
2005-06-14,45.88,46.5,45.64,46.34,1557300
2005-06-15,46.5,46.63,45.49,46.19,2628800
2005-06-16,46.19,46.44,45.72,45.99,2029600
2005-06-17,46.31,46.67,45.75,46.59,4815500
2005-06-20,46.22,46.52,46.05,46.36,1734100
2005-06-21,46.28,46.32,45.64,45.9,2390600
2005-06-22,46.04,46.2,45.44,45.47,3852300
2005-06-23,45.32,45.67,44.81,44.81,5257800
2005-06-24,44.8,45.02,44.29,44.92,2709600
2005-06-27,44.84,44.93,44.56,44.71,2151500
2005-06-28,44.98,45.6,44.76,45.39,2360500
2005-06-29,45.41,45.68,44.97,45.19,1630500
2005-06-30,45.13,45.55,44.71,44.73,2587000
2005-07-01,45.1,45.19,44.73,44.93,1525700
2005-07-05,45.14,45.66,44.82,45.32,2427000
2005-07-06,45.3,45.51,44.92,45.36,2545500
2005-07-07,44.91,45.29,44.52,45.09,3254400
2005-07-08,45.04,45.76,44.8,45.55,2601100
2005-07-11,45.28,45.7,45.2,45.64,2097500
2005-07-12,45.7,46.3,45.35,46.18,2485700
2005-07-13,46.06,46.3,45.54,45.79,2274900
2005-07-14,45.9,46.22,45.62,45.96,1185500
2005-07-15,46.19,46.5,45.89,46.45,2160400
2005-07-18,46.28,46.8,46.28,46.4,1259600
2005-07-19,46.37,46.65,46.07,46.35,2016300
2005-07-20,46.06,46.61,45.56,46.09,2443900
2005-07-21,46,46.19,45.44,45.47,2398800
2005-07-22,45.53,46.03,45.4,45.95,1632100
2005-07-25,45.75,46.28,45.75,45.92,1318700
2005-07-26,45.9,46.2,45.86,46,1196200
2005-07-27,46.04,46.16,45.64,46.1,1381400
2005-07-28,46.07,46.64,45.93,46.53,1900000
2005-07-29,46.4,46.5,45.76,45.97,2147000
2005-08-01,45.92,46.06,45.42,45.65,2113300
2005-08-02,45.88,45.88,45.28,45.38,1471200
2005-08-03,45.15,45.37,44.22,44.45,6144500
2005-08-04,44.27,44.61,43.85,44.25,4511200
2005-08-05,43.9,44.3,43.56,43.67,2734100
2005-08-08,43.82,44.02,43.14,43.3,3834700
2005-08-09,43.36,43.53,42.92,43.2,4570700
2005-08-10,43.17,43.52,42.4,42.47,5283700
2005-08-11,42.53,43.05,42.52,42.79,6183200
2005-08-12,42.71,43.09,42.45,42.82,2918100
2005-08-15,42.8,43.26,42.65,42.99,2200700
2005-08-16,42.89,42.89,42.31,42.73,3398900
2005-08-17,42.73,44.17,42.63,43.66,4160000
2005-08-18,43.45,44.26,43.22,43.98,3368300
2005-08-19,44,44.57,43.89,44.26,4126200
2005-08-22,44.26,44.45,43.79,44.23,2720900
2005-08-23,44.32,44.36,43.46,43.65,3324900
2005-08-24,43.42,44.06,43.29,43.33,2710100
2005-08-25,43.63,43.77,43.3,43.41,2485100
2005-08-26,43.46,43.55,43.01,43.12,2091600
2005-08-29,42.5,43.75,42.39,43.41,2316400
2005-08-30,43.1,43.27,42.51,43.04,4815400
2005-08-31,43.06,43.48,42.61,43.4,4429000
2005-09-01,43.76,44.18,42.93,43.18,4825500
2005-09-02,43.25,43.5,42.91,43.16,1915300
2005-09-06,43.17,43.54,42.85,43.2,3968800
2005-09-07,43.17,43.5,43.05,43.31,2408700
2005-09-08,43.1,43.28,42.84,43.04,1988100
2005-09-09,43.11,43.35,42.9,43.04,1388400
2005-09-12,43.09,44,42.96,43.92,2085600
2005-09-13,43.76,44,43.32,43.53,2622000
2005-09-14,43.74,43.92,43.08,43.16,2049200
2005-09-15,43.39,43.47,42.91,42.94,2568100
2005-09-16,42.9,43.28,42.78,43.19,4960300
2005-09-19,42.96,43.25,42.05,42.25,2985000
2005-09-20,42.44,42.47,41.2,41.36,3444500
2005-09-21,41.34,42.03,40.51,41.48,3811500
2005-09-22,41.39,43.17,41.16,43.05,4422400
2005-09-23,43.02,43.44,42.6,42.82,2386100
2005-09-26,43.15,43.49,42.35,42.77,2387200
2005-09-27,42.57,43.33,42.53,43.14,2301300
2005-09-28,43.32,43.36,42.37,42.42,3911500
2005-09-29,42.36,42.82,42.01,42.61,2578500
2005-09-30,42.79,43.16,42.5,43.09,2762100
2005-10-03,43.04,43.45,42.81,42.84,2278800
2005-10-04,42.81,43.75,42.75,42.97,3247300
2005-10-05,42.82,43.23,42.35,42.91,3908400
2005-10-06,43.92,45.4,43.76,44.92,8745100
2005-10-07,45.1,45.65,44.92,45.64,3541000
2005-10-10,45.5,46.11,45.24,45.64,4766300
2005-10-11,45.44,45.93,45.31,45.52,2843800
2005-10-12,45.87,45.94,45.11,45.25,4752700
2005-10-13,45.05,45.53,45.05,45.37,3754900
2005-10-14,45.52,46.59,45.34,46.46,4538300
2005-10-17,46.25,46.62,46.03,46.61,2460200
2005-10-18,46.45,46.75,46.13,46.31,2440100
2005-10-19,46.55,47.77,46.1,47.77,5036000
2005-10-20,47.81,48.23,47.4,47.64,5342500
2005-10-21,47.92,48.19,47.43,47.76,4582200
2005-10-24,47.67,48.24,47.47,48.2,2318900
2005-10-25,48,48.21,47.54,47.92,3214100
2005-10-26,47.58,48.24,47.1,47.1,4363200
2005-10-27,47.2,47.6,46.28,46.35,3162000
2005-10-28,46.86,47.35,46.53,47.34,2359200
2005-10-31,47.45,48.6,47.45,48.37,3369900
2005-11-01,48.3,48.6,47.85,48.13,1984400
2005-11-02,48.17,48.89,48.11,48.51,2739200
2005-11-03,49,50,48.48,48.67,4049700
2005-11-04,48.72,49.16,48.5,49.08,1416200
2005-11-07,49.05,49.94,48.77,49.61,3227500
2005-11-08,49.6,49.6,48.8,48.94,2243800
2005-11-09,48.85,49.2,48.6,48.65,2366400
2005-11-10,48.6,50.15,48.55,50.06,3919500
2005-11-11,49.62,50.3,49.62,50.14,2080300
2005-11-14,50.06,50.25,49.53,49.8,2433500
2005-11-15,49.43,49.52,48.56,49.25,3281200
2005-11-16,49.26,49.45,48.88,49.2,2279400
2005-11-17,49.26,49.84,49.11,49.82,2426600
2005-11-18,49.94,50.31,49.49,49.81,2622000
2005-11-21,49.71,49.96,49.3,49.4,2133400
2005-11-22,49.45,49.47,48.93,49.25,3868300
2005-11-23,49.4,50.77,49.07,50.56,2892600
2005-11-25,50.76,50.95,50.19,50.58,1314900
2005-11-28,50.49,50.72,50,50.25,2369000
2005-11-29,50.44,51.12,50.2,50.75,2768500
2005-11-30,50.61,51.21,49.83,49.95,3202200
2005-12-01,48.6,49.2,48.02,48.79,6144100
2005-12-02,48.81,49.43,48.64,49.34,2469400
2005-12-05,49.24,49.65,49.02,49.59,2884300
2005-12-06,49.42,49.9,49,49.08,3390500
2005-12-07,49.35,49.54,48.94,49.35,2379500
2005-12-08,48.2,48.82,48.11,48.29,4520000
2005-12-09,48.4,49.03,48.24,48.55,2294800
2005-12-12,48.53,48.93,48.5,48.68,1805400
2005-12-13,48.67,48.8,48.18,48.62,2908500
2005-12-14,48.52,49.45,48.52,49.22,2503300
2005-12-15,49.41,49.76,49.01,49.51,2958500
2005-12-16,49.66,49.81,48.65,48.75,4918500
2005-12-19,48.98,49.02,48.45,48.66,2847800
2005-12-20,48.57,49.5,48.4,49.22,2163200
2005-12-21,49.49,49.97,49.16,49.81,2434500
2005-12-22,49.9,49.9,49.42,49.84,1661600
2005-12-23,49.98,50.42,49.88,49.98,1485800
2005-12-27,50.14,50.39,49.71,49.77,1315400
2005-12-28,49.87,50.39,49.72,50.11,1306200
2005-12-29,49.96,50.25,49.88,49.97,1147400
2005-12-30,49.8,50.4,49.39,49.47,1380800
2006-01-03,49.75,50.05,48.74,49.92,2583100
2006-01-04,49.81,50.23,49.57,50.08,2320100
2006-01-05,50.48,50.48,49.41,49.78,3571200
2006-01-06,50.05,50.06,49.56,49.85,2627700
2006-01-09,49.93,50.3,49.61,50.05,3232100
2006-01-10,49.7,50.13,49.7,50,1532700
2006-01-11,50,50.79,49.92,50.69,2108200
2006-01-12,50.37,50.96,50.32,50.73,2206400
2006-01-13,50.95,51.08,50.76,51,1910900
2006-01-17,50.81,50.93,50.44,50.6,2528000
2006-01-18,50.2,50.9,50.12,50.74,2802100
2006-01-19,50.68,50.83,50.12,50.59,2201500
2006-01-20,50.56,50.83,49.67,49.69,4943900
2006-01-23,49.59,49.9,48.95,49.13,3523100
2006-01-24,49.19,49.9,49.09,49.55,2478700
2006-01-25,49.48,50.23,49.28,49.94,2182600
2006-01-26,50.4,50.4,49.84,50.09,2183800
2006-01-27,50.03,50.87,49.93,50.05,1743800
2006-01-30,49.92,50.23,49.42,49.68,1747900
2006-01-31,49.74,50.08,49.29,49.89,1887000
2006-02-01,49.92,50.03,49.04,49.5,2424000
2006-02-02,49.77,50.42,49.24,50.21,2309700
2006-02-03,49.71,50.34,49.26,49.45,2378700
2006-02-06,49.16,49.45,48.96,49.27,1400400
2006-02-07,49.35,49.64,48.53,48.72,2641100
2006-02-08,48.68,49.17,48.48,49.07,1436500
2006-02-09,48.76,49.5,48.72,48.97,2013700
2006-02-10,49.11,49.94,48.88,49.74,2131100
2006-02-13,49.68,50.11,49.64,50.11,1557800
2006-02-14,50.16,51.33,50,51.18,2990500
2006-02-15,51.1,51.58,50.84,51.57,2578900
2006-02-16,51.63,52.15,51.4,51.74,2252000
2006-02-17,51.69,51.89,50.86,50.98,1717900
2006-02-21,51.01,51.34,50.5,50.7,1773500
2006-02-22,50.92,51.91,50.83,51.51,1801100
2006-02-23,51.54,51.68,50.97,51.11,1675200
2006-02-24,51.23,51.23,50.4,50.69,1381100
2006-02-27,50.98,51.96,50.51,51.61,2287200
2006-02-28,51.4,51.9,50.91,51.19,2594300
2006-03-01,51.7,52.39,51.29,52.19,3655300
2006-03-02,51.25,53.3,50.78,52.8,6842000
2006-03-03,52.26,54.07,52.26,53.52,4486200
2006-03-06,53.23,53.81,52.81,53.76,6555200
2006-03-07,53.44,53.93,53.31,53.62,3352300
2006-03-08,53.6,53.89,53.48,53.77,2408200
2006-03-09,53.83,53.9,53,53.07,2053500
2006-03-10,53.1,54.01,53.04,53.97,2608700
2006-03-13,54.04,54.4,53.95,54.23,2679900
2006-03-14,54.03,55.31,54,55.27,3666900
2006-03-15,55,55.35,54.56,55,2924400
2006-03-16,55.07,55.19,54.77,55,2446000
2006-03-17,54.99,56.08,54.84,55.88,4459900
2006-03-20,55.9,56.31,55.62,56,3491800
2006-03-21,55.4,56.11,55.1,55.4,3309700
2006-03-22,55.19,55.33,54.61,55.16,3110400
2006-03-23,55.18,55.21,54.6,54.99,2126700
2006-03-24,55.08,55.38,54.31,54.64,2573000
2006-03-27,54.52,54.95,54.34,54.77,2184100
2006-03-28,54.95,55.29,54.1,54.27,3015900
2006-03-29,54.34,55.02,54.25,54.68,1973100
2006-03-30,54.6,55.08,53.95,54.22,2461900
2006-03-31,54.28,54.53,54.14,54.16,2159600
2006-04-03,54.48,54.78,54.11,54.32,2748600
2006-04-04,54.54,54.9,54.15,54.7,2117200
2006-04-05,54.57,55.37,54.46,55.14,3365200
2006-04-06,55.69,56.6,55.49,56.59,5813600
2006-04-07,56.45,57.38,55.62,55.7,3650500
2006-04-10,55.01,55.19,53.99,54.43,7034200
2006-04-11,54.58,54.9,53.83,54.24,2667500
2006-04-12,54.24,54.7,53.99,54.47,1578900
2006-04-13,54.33,54.69,54,54.09,1540000
2006-04-17,54.03,54.34,53.26,53.89,2202100
2006-04-18,53.81,55.47,53.81,55.3,4397800
2006-04-19,55.58,55.59,54.33,54.79,3010400
2006-04-20,54.76,55.09,54.5,54.85,2053000
2006-04-21,54.94,55.15,53.67,53.97,2692700
2006-04-24,53.69,54.73,53.63,54.48,2021100
2006-04-25,54.22,54.88,54.22,54.54,1929500
2006-04-26,54.65,54.75,54.17,54.52,2370300
2006-04-27,54.25,54.91,54.01,54.36,2692500
2006-04-28,54.54,54.54,53.8,54.43,2679400
2006-05-01,54.74,54.94,54.02,54.12,2938000
2006-05-02,54.12,54.4,53.82,53.98,2635000
2006-05-03,53.84,54.46,53.34,53.96,3759200
2006-05-04,54.85,55.97,54.51,55.53,4146700
2006-05-05,55.9,56.83,55.63,56.7,3369400
2006-05-08,56.7,57.24,56.23,56.85,1867600
2006-05-09,56.94,56.95,56.22,56.61,1457300
2006-05-10,56.64,57.24,56.33,56.8,1902000
2006-05-11,56.52,56.84,55.68,56.06,2234000
2006-05-12,56.12,56.13,54.9,55.23,2677800
2006-05-15,54.68,55.62,54.46,55.55,2968300
2006-05-16,55.4,55.64,55.1,55.24,2415700
2006-05-17,54.8,55.1,53.89,54.01,3972800
2006-05-18,54.29,54.29,53.44,53.47,2602300
2006-05-19,53.52,54.5,53.03,54.2,3685800
2006-05-22,53.84,54.46,53.72,54.11,2864000
2006-05-23,54.02,54.7,53.6,53.64,2618300
2006-05-24,53.59,54.52,53.5,53.81,4685300
2006-05-25,53.85,54.49,53.61,54.4,2921900
2006-05-26,54.53,54.66,54.16,54.43,1938900
2006-05-30,54.27,54.32,53.35,53.56,3078300
2006-05-31,52.99,53.58,52.32,52.93,8559600
2006-06-01,53.1,54.25,52.9,54.23,4182300
2006-06-02,53.93,54.04,52.75,53.45,3163000
2006-06-05,53.23,53.41,52.52,52.57,2577100
2006-06-06,52.58,52.77,52.03,52.51,3283900
2006-06-07,52.49,53.14,52.19,52.29,3302100
2006-06-08,52.34,53.72,52.29,53.45,5211900
2006-06-09,53.55,53.72,53.01,53.04,2746100
2006-06-12,52.96,53.13,52.24,52.31,2639900
2006-06-13,52.24,53.05,52.2,52.63,3712700
2006-06-14,52.57,53.37,52.44,52.98,2897100
2006-06-15,53,53.98,52.82,53.87,3000100
2006-06-16,53.61,54,53.35,53.75,3179700
2006-06-19,53.75,53.98,53.1,53.55,2034400
2006-06-20,54.32,55.34,54.28,54.88,6346000
2006-06-21,54.72,56.17,54.72,55.76,4149800
2006-06-22,55.51,55.68,54.98,55.27,2687800
2006-06-23,55.1,56.14,55.1,55.5,1879200
2006-06-26,55.44,56.38,55.39,56.3,2763300
2006-06-27,56.12,56.76,55.43,55.65,2979300
2006-06-28,55.74,56.25,55.5,56.06,1870000
2006-06-29,56.04,57.23,55.69,57.15,4146400
2006-06-30,57.09,57.38,56.7,57.13,4012900
2006-07-03,57.18,57.62,56.95,57.58,1347400
2006-07-05,57.5,57.94,56.69,56.85,2148100
2006-07-06,55.4,55.95,55.13,55.85,4707700
2006-07-07,55.63,56.7,55.49,56.16,3417300
2006-07-10,56.03,56.75,55.99,56.31,2602100
2006-07-11,56.26,56.87,55.98,56.73,3017900
2006-07-12,56.5,56.9,55.84,55.88,3488600
2006-07-13,55.56,55.88,54.67,55.05,6125600
2006-07-14,54.89,55.15,53.1,53.52,6483100
2006-07-17,53.51,54.26,53.44,53.96,3719100
2006-07-18,53.56,53.67,52.36,52.88,5563500
2006-07-19,53,54.16,53,53.79,6246800
2006-07-20,53.61,54.05,53.32,53.35,3037200
2006-07-21,53.12,53.35,52.45,52.56,5297800
2006-07-24,52.91,53.55,52.62,53.36,4419600
2006-07-25,53.41,54.1,52.76,54,3266300
2006-07-26,53.9,53.95,53.01,53.33,3731300
2006-07-27,53.4,53.48,51.23,51.45,5313600
2006-07-28,51.8,52.14,50.7,51.87,4768700
2006-07-31,52,52.9,51.81,52.76,3852000
2006-08-01,52.4,52.55,51.59,52.25,3538800
2006-08-02,52.26,52.65,51.64,52.44,2745600
2006-08-03,51.65,52.57,49.99,51,7369500
2006-08-04,51.48,52.45,51.36,51.78,4404200
2006-08-07,51.85,51.99,50.89,51.47,3177800
2006-08-08,51.85,52.16,51.37,51.66,3176100
2006-08-09,52.16,52.5,49.99,50.2,4011700
2006-08-10,50.01,51.58,49.42,51.26,4723500
2006-08-11,51.06,51.27,50.26,50.75,4471900
2006-08-14,51.24,52.49,50.97,51.65,3863300
2006-08-15,52.4,52.4,51.25,51.82,3295200
2006-08-16,51.91,52.08,51.2,51.95,3564500
2006-08-17,51.95,52.59,51.46,51.85,4488800
2006-08-18,52.12,52.57,51.45,52.55,3450100
2006-08-21,52.34,52.48,51.36,51.43,4228600
2006-08-22,51.18,52.14,51.18,51.59,3812500
2006-08-23,51.92,51.92,50.36,50.5,3756100
2006-08-24,50.88,50.88,48.78,49.61,6969300
2006-08-25,48.8,48.99,48.36,48.59,5140900
2006-08-28,48.71,49.48,48.44,49.16,3547100
2006-08-29,49.37,49.51,48.3,49.25,3108900
2006-08-30,46.76,47.99,46,47.18,23977100
2006-08-31,47.31,47.59,46.55,46.79,8895900
2006-09-01,47.11,47.65,46.93,47.35,4582200
2006-09-05,47.5,48.4,47.37,48.21,4992000
2006-09-06,47.97,48.29,47.6,47.7,4554400
2006-09-07,47.77,48.03,46.94,47.19,4472000
2006-09-08,47.48,48.16,47.14,48.07,4274900
2006-09-11,48,49.15,47.68,48.63,5119900
2006-09-12,48.63,50.36,48.35,49.58,5783100
2006-09-13,49.5,50.05,49,49.54,4470800
2006-09-14,49.31,50.2,48.81,49.91,4841700
2006-09-15,50.44,51.13,49.52,49.82,7989500
2006-09-18,49.9,49.9,49.12,49.54,3726300
2006-09-19,49.94,50.94,49.67,50.86,5057800
2006-09-20,51.1,52.18,51.03,51.87,6155000
2006-09-21,51.94,52.35,49.55,50.26,7072800
2006-09-22,50.09,50.43,49.81,49.89,3629800
2006-09-25,50.79,51.73,49.75,51.25,5206100
2006-09-26,51.42,51.96,50.25,51.62,6283700
2006-09-27,51.25,51.52,50.15,50.62,7073600
2006-09-28,50.69,50.91,49.57,50.07,6386200
2006-09-29,50.22,50.46,49.6,49.68,4135500
2006-10-02,49.57,49.57,48.5,48.75,5419600
2006-10-03,48.25,49.71,47.89,49.26,7705100
2006-10-04,48.99,50.43,48.51,50.32,5680700
2006-10-05,49.6,50.76,49.02,50.36,7963900
2006-10-06,50.35,50.35,49.22,49.48,4219000
2006-10-09,49.64,50.02,49.15,49.81,2289700
2006-10-10,49.99,50.37,49.5,49.76,3086700
2006-10-11,49.77,50.16,49.29,50.07,3962900
2006-10-12,51.79,54.35,51.39,53.9,18346400
2006-10-13,53.6,53.72,52.96,53.2,4914800
2006-10-16,53.01,53.65,52.8,52.98,4329600
2006-10-17,52.54,53.03,52.31,52.47,3821600
2006-10-18,52.74,53.1,52,52.14,4050100
2006-10-19,52,52.4,51.43,51.66,4684400
2006-10-20,51.84,51.85,51.07,51.69,3501900
2006-10-23,51.43,52.84,51.43,52.69,5242200
2006-10-24,52.62,52.83,52.2,52.49,3122300
2006-10-25,52.52,53.17,52.02,52.57,5140600
2006-10-26,52.75,53.85,52.5,53.49,3552800
2006-10-27,53.52,53.53,52.88,53.01,2771600
2006-10-30,52.71,53.4,52.62,53.1,2582600
2006-10-31,53.06,53.8,52.92,53.38,4106500
2006-11-01,53.55,53.93,52.5,52.91,4389300
2006-11-02,52,53.42,51.5,53,6367600
2006-11-03,53.25,53.25,51.4,51.82,4497500
2006-11-06,51.98,52.86,51.9,52.41,2240900
2006-11-07,52.51,53.25,52.25,52.58,2582400
2006-11-08,52.45,52.76,51.95,52.47,3169400
2006-11-09,52.38,52.57,51.66,51.74,2963200
2006-11-10,51.97,53,51.72,52.9,2618300
2006-11-13,53.01,53.42,52.05,52.13,2620600
2006-11-14,52.64,53.11,52.3,52.43,5091300
2006-11-15,52.36,53.36,52.36,53.01,2861600
2006-11-16,53.39,53.44,52.53,53.42,2528700
2006-11-17,53.07,53.62,52.88,53.4,3939500
2006-11-20,53.55,54.77,53.52,53.79,4546500
2006-11-21,53.61,54,53.44,53.72,1825600
2006-11-22,53.99,54,53.23,53.76,1516400
2006-11-24,53.46,53.97,53.3,53.51,962300
2006-11-27,53.86,54.39,53.16,53.39,2570900
2006-11-28,53.36,53.47,52.55,52.9,2676500
2006-11-29,52.9,53.4,52.83,53.3,2369500
2006-11-30,52.8,52.92,52.01,52.3,4309500
2006-12-01,52.28,52.66,51.73,52.2,3211200
2006-12-04,52.11,53.78,52.11,53.39,2902400
2006-12-05,53.68,54.48,53.15,54.4,2989000
2006-12-06,54.5,54.7,53.97,54.43,2030100
2006-12-07,54.43,54.69,53.6,53.68,2161400
2006-12-08,53.74,54.31,53.5,53.69,1853000
2006-12-11,53.75,54.42,53.41,54.06,2076600
2006-12-12,53.71,54.09,52.99,53.24,3710100
2006-12-13,53.62,53.64,52.71,53.14,3097400
2006-12-14,54.55,55.12,53.83,54.11,9833100
2006-12-15,54.5,54.57,53.64,53.73,5623200
2006-12-18,53.95,54.19,53.65,53.81,3932000
2006-12-19,53.66,53.7,52.95,53.28,4069300
2006-12-20,53.2,53.45,52.84,52.93,2327200
2006-12-21,53.09,53.3,52.16,52.33,2168600
2006-12-22,52.27,52.58,51.95,52.2,1749800
2006-12-26,52.51,52.89,52.2,52.69,1794600
2006-12-27,53,53.55,52.75,53.4,3185900
2006-12-28,53.17,53.41,52.98,53.1,1632400
2006-12-29,52.78,53.39,52.66,52.87,1573100
2007-01-03,53.35,54.09,52.43,52.84,3888100
2007-01-04,53.44,54.22,53.02,54.07,3982700
2007-01-05,54.15,54.24,53.11,53.41,3511500
2007-01-08,53.17,53.81,53.12,53.63,2978100
2007-01-09,53.63,54.16,53.6,54.03,3211500
2007-01-10,53.67,54.43,53.46,54.41,3842600
2007-01-11,54.41,55.42,54.22,55.32,3427300
2007-01-12,54.99,56.06,54.99,55.95,3538600
2007-01-16,55.9,56.24,55.7,56.24,3041900
2007-01-17,56,56.79,55.93,56.68,4804700
2007-01-18,56.68,57.25,56.46,56.9,3675900
2007-01-19,56.66,56.98,56.42,56.77,2818400
2007-01-22,56.62,56.74,55.89,56.34,3358100
2007-01-23,56.37,57.14,56.12,56.44,2775100
2007-01-24,56.5,57.18,56.48,57.06,2026300
2007-01-25,56.83,56.97,55.58,55.73,2515500
2007-01-26,55.85,55.85,55.14,55.36,1841500
2007-01-29,54.99,55.89,54.66,55.27,3074000
2007-01-30,55.58,55.83,54.98,55.3,2177500
2007-01-31,55.49,56.52,55.03,56.16,3101100
2007-02-01,56.25,56.88,56.09,56.39,2176800
2007-02-02,56.51,56.72,55.8,56.01,2224400
2007-02-05,56,56.7,55.86,56.21,3316100
2007-02-06,56.53,57.04,56.41,56.57,1675400
2007-02-07,56.62,57.45,56.62,57.13,2986700
2007-02-08,56.04,57.09,55.68,56.62,5392400
2007-02-09,56.78,56.88,55.85,55.98,2510300
2007-02-12,56.68,56.7,55.64,55.8,2442500
2007-02-13,56.14,56.62,55.9,56.46,2285000
2007-02-14,56.51,57.15,56.34,57.05,2246200
2007-02-15,56.89,57.9,56.76,57.9,3241400
2007-02-16,57.72,58.1,57.57,57.8,3756100
2007-02-20,57.97,58.7,57.6,58.28,3534800
2007-02-21,58.09,58.28,57.82,58.18,1882000
2007-02-22,58.33,58.33,57.55,58.09,2099300
2007-02-23,58.1,58.19,57.27,57.47,3148000
2007-02-26,57.92,58.07,56.97,57.4,2731500
2007-02-27,56.94,57.12,55.36,55.4,4827000
2007-02-28,55.8,56.25,55.05,55.89,5102600
2007-03-01,55.1,56.39,54.77,56,4399200
2007-03-02,55.5,56.74,55.5,55.75,4694300
2007-03-05,55.28,56.13,55.23,55.25,3807700
2007-03-06,55.71,56.09,55.16,55.72,3297300
2007-03-07,55.99,56.53,55.72,56.12,3136200
2007-03-08,55.48,56.46,54.05,54.26,12785200
2007-03-09,54.44,54.53,53.5,54.34,7836100
2007-03-12,54.18,54.37,53.28,53.65,6271200
2007-03-13,53.24,53.92,52.57,52.96,6579200
2007-03-14,52.82,53.15,51.52,52.53,7118000
2007-03-15,52.4,53.48,52.4,53.19,3777100
2007-03-16,53.02,53.55,52.77,52.98,5569600
2007-03-19,53.1,53.72,52.95,53.24,3162600
2007-03-20,53.38,53.38,52.71,53.18,5226000
2007-03-21,53.15,54.55,53.09,54.34,4189800
2007-03-22,54.51,54.66,53.97,54.24,3585800
2007-03-23,54.19,55.02,54.09,54.56,2715500
2007-03-26,54.44,54.53,53.69,54.52,2799900
2007-03-27,54.27,54.37,53.81,54.13,2840100
2007-03-28,53.76,54.29,53.17,53.71,3600700
2007-03-29,54.14,54.2,53.24,53.7,3497900
2007-03-30,53.57,53.92,53.03,53.84,4306400
2007-04-02,53.35,54.02,53.35,53.91,4549000
2007-04-03,53.99,55,53.84,54.55,4584600
2007-04-04,54.7,54.7,54.09,54.45,3444900
2007-04-05,54.5,55.12,54.27,54.88,2787300
2007-04-09,55,55.09,54.53,54.82,2301500
2007-04-10,54.81,55.08,54.34,54.67,2451300
2007-04-11,54.61,54.78,53.84,54.03,3796900
2007-04-12,54.68,55.04,53.75,54.68,3707700
2007-04-13,54.77,54.77,53.81,54.16,2628100
2007-04-16,54.33,54.46,54,54.4,2831900
2007-04-17,55.4,56.03,55.17,55.6,5958500
2007-04-18,55.22,55.7,54.8,55.02,3553500
2007-04-19,54.74,55.43,54.71,55.32,3287000
2007-04-20,55.87,56.07,54.85,55.12,6148600
2007-04-23,55.1,55.32,54.6,54.88,2766300
2007-04-24,54.58,54.6,54.03,54.25,3950200
2007-04-25,54.34,54.52,53.93,54.27,3557000
2007-04-26,54.06,54.36,53.96,54.04,2697600
2007-04-27,54.01,54.57,53.66,54.46,4273700
2007-04-30,54.36,54.68,53.56,53.57,4180100
2007-05-01,53.58,53.91,53.11,53.46,3904700
2007-05-02,53.42,54.28,53.29,53.35,2764800
2007-05-03,53.64,53.83,53,53.14,3975900
2007-05-04,53.41,54.01,53.29,53.79,4429600
2007-05-07,53.95,54.38,53.78,54.08,2470400
2007-05-08,54.39,54.64,54.29,54.61,4442400
2007-05-09,54.58,55.15,54.45,54.94,5123000
2007-05-10,55.46,56.21,54.61,54.95,5204900
2007-05-11,54.55,55.51,54.47,54.97,3267000
2007-05-14,55.01,55.39,54.54,54.7,4045400
2007-05-15,54.85,55.18,54.07,54.21,3569000
2007-05-16,54.37,54.82,54.05,54.81,3004300
2007-05-17,54.83,55.86,54.74,55.58,3636700
2007-05-18,55.92,56.41,55.66,56.41,3785500
2007-05-21,56.41,56.49,55.46,55.77,3520400
2007-05-22,55.59,56.1,55.44,55.95,6028700
2007-05-23,56.39,56.86,55.96,56.02,4089900
2007-05-24,56.1,56.82,55.99,56.3,4901000
2007-05-25,56.48,56.7,56.11,56.4,3398800
2007-05-29,56.3,56.98,56.23,56.57,3269000
2007-05-30,56.31,56.58,55.91,56.53,3146600
2007-05-31,56.12,57.45,55.97,56.47,7044100
2007-06-01,56.54,56.9,55.49,56.29,4948900
2007-06-04,55.96,56.69,55.91,56.12,2748900
2007-06-05,55.83,55.9,55.15,55.45,2962100
2007-06-06,55.3,56.03,54.85,55.82,4982300
2007-06-07,56.02,56.3,55.26,55.26,6938000
2007-06-08,55.15,56.24,55.15,56.01,3979500
2007-06-11,55.72,55.91,55.32,55.7,3112100
2007-06-12,55.18,55.73,55.11,55.16,2497100
2007-06-13,55.15,55.97,55.11,55.97,2841000
2007-06-14,55.81,56.1,55.6,55.76,2303100
2007-06-15,56.21,56.43,56.02,56.09,3866000
2007-06-18,55.91,56.44,55.91,56,2356700
2007-06-19,55.72,56.41,55.71,56.33,3411400
2007-06-20,56.41,56.82,55.9,56.35,3718800
2007-06-21,56.19,57.23,55.9,57.19,4933300
2007-06-22,56.89,57.58,56.7,57.17,4497100
2007-06-25,57.2,57.37,56.71,57.2,4001100
2007-06-26,57.25,57.49,57.06,57.33,5055800
2007-06-27,57.14,58.48,57.07,58.38,4680200
2007-06-28,58.43,58.73,57.92,58.22,3731800
2007-06-29,58.56,59.09,58.28,58.52,5020500
2007-07-02,59.5,60.31,59.43,60.25,4434900
2007-07-03,59.92,60.28,59.54,60.08,2887400
2007-07-05,60.01,60.2,59.61,60.12,3085100
2007-07-06,60.27,61.67,60.16,61.44,4270300
2007-07-09,61.63,61.63,60.97,61.36,4354300
2007-07-10,61,61,59.92,60.51,4773300
2007-07-11,60.35,60.86,60.24,60.72,3568400
2007-07-12,60.75,61.85,60.42,61.74,5231000
2007-07-13,61.75,63.07,61.26,62.98,4582700
2007-07-16,62.6,62.82,61.66,61.85,3022900
2007-07-17,61.79,62.47,61.66,62.13,3739000
2007-07-18,62.1,62.72,62.01,62.42,3953900
2007-07-19,62.74,62.75,61.85,62.18,3089100
2007-07-20,62.18,62.2,60.98,61.25,3686600
2007-07-23,61.64,61.73,60.77,60.9,2602300
2007-07-24,60.89,62.04,59.95,60.15,5152500
2007-07-25,60.6,60.62,59.51,60.3,3540300
2007-07-26,59.6,60.03,58.34,59.05,6301800
2007-07-27,59.24,59.82,58.47,58.57,5130500
2007-07-30,58.57,59.57,58.51,59.48,6304900
2007-07-31,59.62,61.06,59.62,59.8,5861600
2007-08-01,60,61.12,59,60.12,6664200
2007-08-02,60.12,60.97,59.95,60.84,4209100
2007-08-03,60.74,61.77,60.41,60.49,6106100
2007-08-06,61.02,62.96,60.54,62.93,4649600
2007-08-07,62.5,64.82,62.49,64.39,7913400
2007-08-08,65,65.12,63.92,64.95,6706800
2007-08-09,64.49,65.57,63.24,63.24,6793100
2007-08-10,63,64.04,62.5,63.25,5193700
2007-08-13,63,63.53,61.71,61.78,4150900
2007-08-14,61.52,61.76,60.72,60.8,4331100
2007-08-15,60.9,60.9,58.29,58.49,6955600
2007-08-16,58.2,59.55,57.24,59.23,6470600
2007-08-17,59.7,60.54,57.8,58.37,9738600
2007-08-20,58.39,59.29,57.33,57.93,5438500
2007-08-21,58.2,60.45,58.02,60.28,5421600
2007-08-22,60.65,61.64,60.41,61.26,3367700
2007-08-23,61.54,61.73,60.57,60.85,3881400
2007-08-24,61.04,61.7,60.67,61.68,2274000
2007-08-27,61.68,61.88,61.01,61.03,2294700
2007-08-28,60.86,61.03,58.83,59,4337100
2007-08-29,59.45,61.34,59.23,61.31,3218600
2007-08-30,60.71,61.49,60.57,61.02,2108000
2007-08-31,61.4,62.19,61.3,61.75,2462900
2007-09-04,61.96,62.18,61.4,61.61,2382100
2007-09-05,58.24,59.47,57.88,59,13475000
2007-09-06,59.49,59.61,56.09,58.29,6376100
2007-09-07,57.8,57.82,56.66,57,6050700
2007-09-10,57.09,57.98,56.5,57.24,4859800
2007-09-11,57.62,58.89,57.52,58.59,4301600
2007-09-12,58.35,59.08,58.06,58.48,2841400
2007-09-13,58.9,60.3,58.56,59.95,4344300
2007-09-14,59.66,60.28,59.18,59.96,3167200
2007-09-17,59.59,60.25,59.09,59.51,2825700
2007-09-18,59.92,62.54,59.92,61.82,5150100
2007-09-19,61.84,62.74,61.5,61.92,3882500
2007-09-20,61.53,61.8,60.65,61.15,4020100
2007-09-21,61.27,61.48,60.29,60.72,5831700
2007-09-24,60.63,60.78,59.72,60.25,3798200
2007-09-25,58.85,59.61,58.17,59.38,5152900
2007-09-26,59.61,60.9,59.5,60.69,4334600
2007-09-27,60.72,61.29,60.7,61.12,2786800
2007-09-28,61.34,62.02,61.21,61.37,4080200
2007-10-01,61.52,62.2,61.22,61.81,3953200
2007-10-02,61.92,62,61.16,61.62,3905000
2007-10-03,61.35,62.97,61.35,61.92,3019100
2007-10-04,62.2,62.68,61.95,62.09,2375700
2007-10-05,62.62,64,62.53,63.27,3691600
2007-10-08,63.6,64.24,63.38,63.71,2658200
2007-10-09,63.74,63.95,62.69,63.31,3992600
2007-10-10,68.32,69.95,67.22,69.13,27403800
2007-10-11,68.93,70.55,68.8,69.24,7133500
2007-10-12,68.16,68.49,67.55,68,6862500
2007-10-15,67.8,67.9,65.86,66.57,5391600
2007-10-16,66.45,66.52,65.39,65.95,4375400
2007-10-17,66.63,66.95,65.77,66.52,4546300
2007-10-18,66.41,66.94,65.7,66.53,2731500
2007-10-19,66.43,66.88,65.33,65.7,5402900
2007-10-22,65.34,67.5,65.24,67.05,4508900
2007-10-23,67.05,67.25,65.57,66.19,3497300
2007-10-24,65.72,65.93,64.3,65.24,4713600
2007-10-25,65.6,66.47,64.01,64.82,6781800
2007-10-26,65.29,66.07,64.66,65.53,2850600
2007-10-29,65.3,69.04,65.3,67,3375700
2007-10-30,66.99,67.6,66.75,67.15,2503800
2007-10-31,67.25,67.63,65.78,67.26,3819100
2007-11-01,66.7,67.05,64.77,64.86,4383400
2007-11-02,65.36,66.14,63.15,65.58,6153900
2007-11-05,65.13,66.29,65.01,65.92,3731900
2007-11-06,65.8,67.39,65.8,67.29,4472400
2007-11-07,66.85,67.19,65.9,66.15,3690100
2007-11-08,67.06,68,64.93,66.58,5856300
2007-11-09,66.59,66.71,65,65.29,4290500
2007-11-12,65.17,67.19,65.17,65.73,4463400
2007-11-13,66.25,67.5,65.73,67.41,5841700
2007-11-14,68,68.09,65.94,66.06,4518900
2007-11-15,65.94,67.31,65.71,66.34,4668800
2007-11-16,66.59,67.07,65.87,66.8,4407400
2007-11-19,66.65,67.08,66.09,66.46,4476700
2007-11-20,66.75,67.76,65.05,66.33,5156000
2007-11-21,66.5,67.27,65.94,66.07,3721500
2007-11-23,66.33,67.45,66.28,66.97,2076300
2007-11-26,67.38,67.38,65.36,65.38,3648800
2007-11-27,65.38,67.25,65.38,65.95,3905800
2007-11-28,66.81,67.46,65.91,66.98,5521500
2007-11-29,66.96,67.56,66.5,67.09,3399300
2007-11-30,68,68.33,67.05,67.4,4936000
2007-12-03,67.4,67.91,66.72,66.94,3641000
2007-12-04,66.76,69.42,66.66,69.17,5067400
2007-12-05,69.95,70.88,68.93,69.65,6381400
2007-12-06,69.05,71.19,69,70.83,6545800
2007-12-07,71.06,72.68,71,71.83,5401000
2007-12-10,72.45,72.56,70.8,71.25,4611200
2007-12-11,71.12,72.22,69.85,69.96,4818800
2007-12-12,71.29,71.36,69.41,70.19,6842800
2007-12-13,65.52,69.84,65.1,68.54,17559600
2007-12-14,68.25,69.1,67.6,68.49,7735300
2007-12-17,68.39,69,68.08,68.17,2972100
2007-12-18,68.65,68.88,67.5,68.45,3273600
2007-12-19,68.67,68.67,67.61,68.4,2743900
2007-12-20,69.02,69.09,68,68.89,3112100
2007-12-21,69.55,70.08,69.35,70.08,5863700
2007-12-24,70.39,71,70.08,70.76,1093500
2007-12-26,70.99,70.99,69.55,70.59,2083200
2007-12-27,70.62,70.9,69.75,69.86,2093200
2007-12-28,70.15,70.72,69.81,70.22,1910800
2007-12-31,70.22,70.45,69.73,69.76,1862200
2008-01-02,69.63,69.66,68.11,68.14,3736000
2008-01-03,68.52,68.88,66.91,67.12,3501000
2008-01-04,66.9,66.9,65.38,65.65,4936000
2008-01-07,65.65,66.64,64.8,65.98,3973500
2008-01-08,66.01,66.87,64.91,64.97,5856600
2008-01-09,65.27,67.35,64.9,67.27,8802400
2008-01-10,66.53,70.45,66.27,69.86,10950500
2008-01-11,69.38,69.49,66,66.43,8229300
2008-01-14,66.98,66.98,63.62,64.71,10121500
2008-01-15,64.06,64.61,63.71,63.98,6862100
2008-01-16,64,65.1,63.73,64.1,9600600
2008-01-17,64.09,65.56,64.08,64.3,7161200
2008-01-18,63.72,65.83,63.65,64.53,7358100
2008-01-22,62.73,66.8,62.38,66.14,9818400
2008-01-23,65.31,69,64.72,68.61,10043800
2008-01-24,68.38,68.4,66.1,67.15,6217400
2008-01-25,67.29,67.98,65.4,65.46,5562900
2008-01-28,65.38,66.37,65,66.36,5407900
2008-01-29,66.5,66.8,65.31,66.68,5705200
2008-01-30,66.54,67.6,65.66,66.23,5766000
2008-01-31,65.63,69.58,65.32,67.94,7975200
2008-02-01,68.11,68.42,66.97,67.79,6057300
2008-02-04,67.99,68.23,66.52,66.98,4288100
2008-02-05,65.92,66.87,64.43,64.87,6934300
2008-02-06,65.26,65.59,63.69,63.71,7394000
2008-02-07,64.32,65.39,63.31,64.75,8453100
2008-02-08,64.61,65.6,62.95,63.24,7423400
2008-02-11,63.27,64.25,62.98,64,4825100
2008-02-12,64.43,65.54,64.01,64.41,4451900
2008-02-13,65.19,65.85,64.65,65.68,4922500
2008-02-14,65.74,65.99,63.73,64.01,4277400
2008-02-15,63.6,63.98,63.11,63.92,4250900
2008-02-19,64.67,64.75,62.48,62.83,3887200
2008-02-20,62.5,65,62.48,64.56,4911500
2008-02-21,64.89,66,64.54,64.97,6183500
2008-02-22,65.31,66.1,64.82,66.02,4368600
2008-02-25,66.02,66.5,65.27,65.63,5986000
2008-02-26,65.61,67.18,65.44,66.46,6913800
2008-02-27,64.85,65,62.91,64.49,10423700
2008-02-28,64.19,64.64,62.56,63.1,5432600
2008-02-29,62.83,63.25,61.64,61.92,5399100
2008-03-03,61.91,63.2,61.69,62.51,6205000
2008-03-04,62.09,62.97,61.63,62.39,6800800
2008-03-05,61.67,62.58,60.28,60.83,13979800
2008-03-06,61.36,61.42,60,60.04,6139700
2008-03-07,60,61.28,59.94,60.3,5712600
2008-03-10,60.47,61.04,59.97,60.25,4895700
2008-03-11,61.08,62.63,60.86,62.62,5926300
2008-03-12,62.62,63.73,62.39,62.6,6355100
2008-03-13,61.84,62.68,61.38,62.17,7257300
2008-03-14,62.58,62.85,60.09,60.86,6801500
2008-03-17,60.4,60.89,59.66,60.36,5413000
2008-03-18,61.22,61.75,60.01,61.67,5704600
2008-03-19,61.33,62.71,60.88,60.88,5412400
2008-03-20,60.92,63.8,60.88,63.42,5915700
2008-03-24,63.48,65.62,63.48,65.5,6447700
2008-03-25,65.89,67.12,65.2,66.59,7618000
2008-03-26,66.5,66.93,65.86,66.62,5810600
2008-03-27,67.1,67.95,65.17,65.26,5307400
2008-03-28,64.98,65.06,64.26,64.37,3116000
2008-03-31,64.92,65.39,63.74,64.97,4127800
2008-04-01,65.18,66.87,65.11,66.49,5742800
2008-04-02,65.94,66.93,65.74,66.25,3978400
2008-04-03,66.13,67.05,66.02,66.87,3128500
2008-04-04,66.44,66.97,66.2,66.45,3712800
2008-04-07,66.5,67.14,65.92,66.3,2927000
2008-04-08,65.97,67.13,65.97,66.93,3068300
2008-04-09,67.02,67.4,65.4,66.03,2997900
2008-04-10,66.17,67.28,65.93,66.52,4891500
2008-04-11,66.47,66.5,65.51,65.7,4058500
2008-04-14,65.85,65.99,65.09,65.32,2593600
2008-04-15,65.36,65.87,64.97,65.72,2661400
2008-04-16,65.85,67.42,65.52,67.24,4909600
2008-04-17,67.43,68.59,67.14,68.49,4911100
2008-04-18,69.2,69.88,68.95,69.43,4981000
2008-04-21,69.03,69.37,68.25,69.11,2802100
2008-04-22,68.65,69.2,67.36,68.08,3396500
2008-04-23,68.22,69.83,67.77,69.6,4142900
2008-04-24,69.25,70.84,68.91,70.22,5546800
2008-04-25,70.38,71.69,70,71.54,4626700
2008-04-28,71.21,71.67,70.69,70.83,3575400
2008-04-29,70.66,71.41,70.27,71,3183100
2008-04-30,70.99,72.24,70.41,71.25,5117300
2008-05-01,70.78,72.93,70.25,72,4656400
2008-05-02,72.5,72.8,70.98,72.14,4448700
2008-05-05,72.27,72.9,71.86,72.43,3415700
2008-05-06,71.9,72.96,71.5,72.65,3538500
2008-05-07,72.83,74.08,71.92,72.08,3670800
2008-05-08,72.4,72.4,70.9,71.2,4701100
2008-05-09,70.65,71.96,70.5,71.44,2782500
2008-05-12,71.69,73.91,71.53,73.68,3528800
2008-05-13,73.99,74.08,72.82,73.98,3768000
2008-05-14,74.47,75.23,73.98,74.22,4171000
2008-05-15,74.15,74.47,73.56,74.45,3612500
2008-05-16,74.36,74.36,72.2,73.27,5690300
2008-05-19,73.41,73.75,71.87,72.11,3963400
2008-05-20,71.93,72.1,71,71.39,3740500
2008-05-21,71.89,71.96,68.9,69.39,6635200
2008-05-22,69.43,71.01,69.3,70.76,6521100
2008-05-23,70.52,71.65,69.54,71.32,6182100
2008-05-27,71.53,73.24,71.36,72.59,6240100
2008-05-28,73.06,74.41,72.72,73.24,6563400
2008-05-29,73.83,74.75,70.67,72.98,8817500
2008-05-30,72.5,72.97,70.98,71.32,5908600
2008-06-02,71.45,71.46,69.83,70.33,7114900
2008-06-03,70.44,71.07,69.66,70.04,5971100
2008-06-04,69.71,71.03,69.27,70.81,4615800
2008-06-05,71.53,73.57,71.48,73.5,6103400
2008-06-06,72.95,72.95,71,71.19,6308400
2008-06-09,71.22,72.47,70.91,71.33,5510500
2008-06-10,70.88,71.02,69.78,70.46,6616800
2008-06-11,70.22,70.48,68.75,68.87,5864900
2008-06-12,69.36,69.92,67.14,68.2,8404100
2008-06-13,68.6,70.34,68.5,70.32,6884900
2008-06-16,69.84,71.08,69.39,70.42,3972700
2008-06-17,70.61,70.84,69.69,69.93,3639300
2008-06-18,69.56,69.78,68.65,68.96,5099700
2008-06-19,68.71,70.7,68.71,70.24,4711700
2008-06-20,69.99,70.11,68.18,68.73,5460000
2008-06-23,69.07,69.79,68.19,68.44,5222800
2008-06-24,68.02,70.12,67.85,69.26,5187400
2008-06-25,69.4,71.93,69.4,70.89,7661200
2008-06-26,69.66,70.13,68.94,69.03,6761200
2008-06-27,69.66,70.9,69.19,70.26,9101900
2008-06-30,70,71.99,69.87,70.14,7608100
2008-07-01,69.42,72.74,69.21,72.55,8572400
2008-07-02,72.65,73.94,72.04,72.13,5225700
2008-07-03,72.61,73.09,71.62,72.23,2633400
2008-07-07,72.82,73.5,71.83,72.87,5202900
2008-07-08,72.74,74.89,72.74,74.66,5979900
2008-07-09,74.71,74.72,72.13,72.15,5511400
2008-07-10,71.64,72.04,70.02,70.86,7238200
2008-07-11,70.12,70.7,68.79,69.83,5146700
2008-07-14,70.67,70.68,69.02,69.57,5260100
2008-07-15,69.14,70.31,67.71,69.57,7814400
2008-07-16,70.01,72.93,68.93,72.58,7751400
2008-07-17,73,74.26,71.25,74.13,6776500
2008-07-18,74.12,74.15,71.96,72.23,7249400
2008-07-21,72.14,73.09,69.47,69.66,6269800
2008-07-22,69.86,72.05,69.51,72,7971800
2008-07-23,63.09,66.66,62.31,63.43,40327700
2008-07-24,63.1,64.1,62.67,62.98,11113400
2008-07-25,63.31,63.35,61.45,61.76,8608900
2008-07-28,61.6,61.95,60.24,60.35,8306800
2008-07-29,60.35,62.16,60.32,61.78,9240600
2008-07-30,61.81,63.4,61.71,63,12036000
2008-07-31,62.33,63.75,62.11,62.68,6712500
2008-08-01,63.11,63.27,61.77,62.2,5735500
2008-08-04,62.18,63.05,61.59,62.52,4223300
2008-08-05,63.17,65,63.16,64.63,6882800
2008-08-06,64.22,65.9,64.08,65.72,7900300
2008-08-07,65.16,66.61,65.02,65.82,8414300
2008-08-08,66.11,67.27,66.06,66.99,7178500
2008-08-11,66.95,68.97,66.37,67.1,6363500
2008-08-12,66.79,68.2,66.52,67.78,5146400
2008-08-13,67.31,67.5,66.03,66.95,5372200
2008-08-14,66.41,67.98,66.26,67.14,4225700
2008-08-15,67.47,68.34,67.29,68,4690500
2008-08-18,68.1,68.49,67.06,67.41,4119600
2008-08-19,67.4,67.65,65.76,66.46,4898400
2008-08-20,66.3,66.73,65.36,65.94,3761100
2008-08-21,65.5,66.39,65.24,66.25,2984300
2008-08-22,66.56,67.75,66.54,67.43,3510300
2008-08-25,67.45,67.49,66.28,66.45,3202200
2008-08-26,66.42,66.73,65.6,66.52,2622000
2008-08-27,66.35,67.17,65.87,66.71,2851000
2008-08-28,66.86,67.93,66.84,67.81,3031500
2008-08-29,67.14,67.65,66.95,67.06,2831800
2008-09-02,68.15,69.44,68.03,68.26,5241800
2008-09-03,67,68.5,66.52,68.33,5869300
2008-09-04,67.9,68.98,67.36,67.36,6158900
2008-09-05,67.09,68.63,66.41,68.44,5903500
2008-09-08,69.44,70.9,68.78,68.93,8855500
2008-09-09,69.24,69.78,68.49,68.63,6780000
2008-09-10,68.82,70.26,68.6,69.43,6010400
2008-09-11,68.92,70.42,68.42,70.37,6455300
2008-09-12,70.14,70.14,68.81,69.55,5410800
2008-09-15,68.66,70,68.17,68.95,6569400
2008-09-16,67.9,69.86,67.85,68.88,10797500
2008-09-17,67.95,68.3,65.34,65.37,11423300
2008-09-18,65.75,70.16,64.65,68.23,11588600
2008-09-19,71,71,66.09,66.09,103300
2008-09-22,66.55,66.57,64.25,64.32,6314600
2008-09-23,64.62,65.48,64.02,64.16,4405100
2008-09-24,64.08,65.23,63.36,64.79,3521300
2008-09-25,64.89,66.67,64.76,65.98,5293400
2008-09-26,64.52,66.32,64.52,66.29,4508100
2008-09-29,65.95,66.5,62,63.2,7243100
2008-09-30,63.66,65.37,63,64.93,5082700
2008-10-01,64,65,63.64,64.69,3860200
2008-10-02,64.31,64.44,61.33,61.92,6284800
2008-10-03,63.69,65.12,62.29,62.6,7767800
2008-10-06,60.72,62,57.11,60.47,9508900
2008-10-07,60.45,61.42,57.05,57.8,9819200
2008-10-08,54,58.8,53.35,57.06,13645400
2008-10-09,57.41,58.01,52.7,54.4,7837500
2008-10-10,53.13,55.99,51,53.9,12410400
2008-10-13,56.1,59.69,55.75,59.52,8433700
2008-10-14,61.09,61.52,57.11,58.41,7996300
2008-10-15,57.23,57.9,53,53.61,7662600
2008-10-16,54.03,58.14,52.45,57.79,10619000
2008-10-17,56.76,59.94,52.77,57.98,8423400
2008-10-20,59.31,59.31,56,58.08,6356700
2008-10-21,57.04,58.59,55.57,55.86,7081300
2008-10-22,54.83,55.18,52.09,53.55,6863600
2008-10-23,53.42,53.68,49.68,52.21,8923400
2008-10-24,48.81,52.06,48.66,50.93,5103600
2008-10-27,50.03,53.48,49.59,51.9,7446200
2008-10-28,53.95,57.86,52.29,57.48,9123600
2008-10-29,57.08,59.48,54.84,56.88,8166000
2008-10-30,57.99,58.52,55.89,56.97,6783600
2008-10-31,57,58.43,56.04,57.01,6046800
2008-11-03,56.53,56.83,52.78,53.47,8809200
2008-11-04,54.34,55.99,53.33,55.09,8033800
2008-11-05,54.87,55.54,53.57,53.71,5565000
2008-11-06,53,54.89,52.9,53.51,9811700
2008-11-07,53.87,54.41,52.89,54.07,4063400
2008-11-10,54.63,55.15,52.29,53,5286500
2008-11-11,52.25,53.27,50.88,52.28,5035500
2008-11-12,51,51.17,48.57,48.78,7948300
2008-11-13,48.64,49.98,45.29,49.97,11219800
2008-11-14,48.98,50.68,47.59,48.06,7232700
2008-11-17,47.34,48.99,47.25,47.31,5252400
2008-11-18,47.32,47.76,45.08,46.76,7754200
2008-11-19,46.72,47.64,45.13,45.27,6165600
2008-11-20,45,48.25,44.85,44.99,9610700
2008-11-21,45.22,46.91,43.88,46.71,10862700
2008-11-24,46.87,49.97,46.45,49.45,8242600
2008-11-25,50.17,51.68,49.46,50.67,7454600
2008-11-26,49.65,51.67,49.6,51.45,4421900
2008-11-28,51.35,51.68,50.66,51.47,1533300
2008-12-01,50.73,50.76,47.88,47.91,5559800
2008-12-02,48.5,50.2,47.76,50.1,6138500
2008-12-03,49,52.22,48.73,51.42,7885400
2008-12-04,50.97,53.35,50.51,52.75,9864600
2008-12-05,52.17,55.89,51.86,55.58,8656700
2008-12-08,55.39,56.27,54.46,55.19,7387300
2008-12-09,55.06,55.16,52.46,53.1,7886900
2008-12-10,52.86,53.97,51.89,53.69,7260800
2008-12-11,52.25,53.47,50.7,52.06,10660400
2008-12-12,51.36,54.09,51.36,53.4,6796200
2008-12-15,53.29,53.4,51.54,52.74,4868700
2008-12-16,53,53.44,52.32,53.03,8211700
2008-12-17,52.69,54.46,52.69,53.94,6888800
2008-12-18,54.37,54.74,53.6,54.15,5053200
2008-12-19,54.59,55,53.38,53.79,6452400
2008-12-22,54.29,54.35,51.75,52.72,4977100
2008-12-23,52.37,53.33,51.25,51.47,3533700
2008-12-24,51.92,52.06,51.57,51.69,1123400
2008-12-26,51.49,52,51.29,51.47,1218200
2008-12-29,51.35,51.82,50.58,50.83,2413900
2008-12-30,50.83,51.5,50.4,51.13,2355800
2008-12-31,51.2,52.83,51.13,52.5,4939600
2009-01-02,52.44,53.5,52.05,53.35,3687200
2009-01-05,53.18,53.62,51.8,52.29,5890900
2009-01-06,52.52,52.58,51.08,51.45,6472900
2009-01-07,51,51.35,49.69,50.12,6870000
2009-01-08,49.55,51.9,49.38,50.65,7287100
2009-01-09,50.24,50.98,48.91,49.14,4577100
2009-01-12,49.59,50.13,48.92,49.43,4812900
2009-01-13,49.06,50.36,48.55,48.94,6310400
2009-01-14,48.35,48.58,47.44,47.63,7906800
2009-01-15,47.52,48.94,47.25,48.47,6015900
2009-01-16,49.31,49.31,47.86,48.8,6413000
2009-01-20,49.17,49.21,47.15,47.22,7370300
2009-01-21,47.26,48.04,46.58,47.9,6242200
2009-01-22,47.55,47.88,46.67,47.45,6144900
2009-01-23,46.9,47.51,46.21,46.97,4906200
2009-01-26,47.48,48.03,46.94,47.35,4091900
2009-01-27,47.39,48.08,47.08,47.9,4085300
2009-01-28,48.07,48.52,47.39,47.81,5163300
2009-01-29,47.99,48,46.34,46.45,4706600
2009-01-30,46.55,46.66,44.79,45.03,6682800
2009-02-02,44.78,45.67,44.53,45.3,4782600
2009-02-03,45.47,46.18,44.87,46.12,5326400
2009-02-04,42.74,43.5,41.83,42.98,20971900
2009-02-05,42.85,43.96,42.41,43.83,9886100
2009-02-06,44.1,45.48,44,45.21,8261300
2009-02-09,44.78,45.41,44.57,45.17,5332500
2009-02-10,44.8,45.6,43.78,43.97,6590400
2009-02-11,44.17,44.46,43.08,43.54,4778800
2009-02-12,43.5,44.39,42.89,44.32,6573000
2009-02-13,44.28,44.29,42.62,42.76,4873100
2009-02-17,42.15,42.74,41.9,42.12,6194100
2009-02-18,42.2,42.63,41.72,42.38,6191500
2009-02-19,42.74,43.47,42.59,42.62,5451200
2009-02-20,42.53,43.29,42.1,42.76,6996200
2009-02-23,42.8,43.23,41.04,41.17,6430200
2009-02-24,41.12,42.78,41.05,42.55,6083600
2009-02-25,42.22,42.79,41.32,42,6932700
2009-02-26,42.35,42.44,41.55,41.55,4907600
2009-02-27,41.29,43.03,41.25,42.34,7385700
2009-03-02,41.71,42.86,40.72,40.84,7625200
2009-03-03,41.31,41.86,40.25,40.69,8133400
2009-03-04,41.11,41.9,40.15,40.81,14476000
2009-03-05,40.54,40.95,39.26,39.56,8932600
2009-03-06,39.58,39.74,38.17,38.98,7087200
2009-03-09,38.44,39.47,38.18,38.44,6474500
2009-03-10,39.03,40.19,38.65,40.14,8581000
2009-03-11,40.12,40.43,39.34,39.56,6356500
2009-03-12,39.96,40.99,39.33,40.86,6020300
2009-03-13,40.99,42.4,40.5,42.2,6387500
2009-03-16,42.13,43.02,42,42.12,4879100
2009-03-17,43.09,44.02,42.81,43.98,6168300
2009-03-18,43.9,45.04,43.08,44.46,7082400
2009-03-19,44.6,45.27,44.25,45.12,6798600
2009-03-20,45.57,45.64,44,44.83,7206600
2009-03-23,45.48,47.54,45.25,47.54,6274500
2009-03-24,47.42,48,46.26,46.36,5045800
2009-03-25,46.51,47.76,45.57,46.81,6118800
2009-03-26,47.37,49.35,47.06,48.46,6826500
2009-03-27,47.68,48.15,47.06,47.4,4866300
2009-03-30,46.56,46.9,45.65,46.25,4478700
2009-03-31,46.48,46.87,45.19,46.32,5363500
2009-04-01,45.67,46.5,45.02,46.35,4637300
2009-04-02,46.82,48.6,46.5,48.07,5122400
2009-04-03,47.86,48.97,47.85,48.91,4225700
2009-04-06,48.16,48.86,47.28,47.74,4338300
2009-04-07,47.03,47.21,46.31,46.39,4584100
2009-04-08,46.66,48.39,46.63,47.7,5340700
2009-04-09,45.85,47.42,45.54,46.9,10597600
2009-04-13,46.92,47.23,46.22,46.41,4185900
2009-04-14,46.11,46.25,45.18,45.35,4674900
2009-04-15,45.37,45.8,45.05,45.66,3676800
2009-04-16,45.77,46.75,45.74,46.23,4668100
2009-04-17,46.1,46.5,45.61,45.77,4742400
2009-04-20,45.35,45.59,44.1,44.34,5403500
2009-04-21,44.48,46.58,44.03,46.46,6380200
2009-04-22,45.92,47.77,45.61,47.07,6135200
2009-04-23,46.6,48.13,46.27,46.83,5548400
2009-04-24,47.19,48.63,46.5,48.17,6728100
2009-04-27,47.93,48.33,47.02,47.64,4138400
2009-04-28,47.1,48.14,46.68,47.07,4413100
2009-04-29,47.89,48.44,47.3,47.67,5846000
2009-04-30,47.92,48.97,47.03,48.6,7551400
2009-05-01,48.39,48.44,47.35,47.69,4440200
2009-05-04,47.8,47.96,47.3,47.71,4743000
2009-05-05,48.14,48.27,47.13,47.65,3848700
2009-05-06,47.82,48.2,46.59,46.87,5077900
2009-05-07,47.66,47.93,45.66,45.93,8110300
2009-05-08,46.5,46.81,45.52,46.6,6487200
2009-05-11,45.7,46.76,45.25,46.02,5167400
2009-05-12,46.57,47.25,45.77,46.91,5375200
2009-05-13,46.25,46.55,45.3,45.65,5929500
2009-05-14,45.8,46.1,44.61,44.8,6582900
2009-05-15,44.78,45.58,44.7,44.75,5187400
2009-05-18,45.21,46.17,45.06,46.09,4243000
2009-05-19,46.23,47.74,45.72,47.21,6007600
2009-05-20,48.5,49.61,48.26,48.78,9621600
2009-05-21,48.42,49.28,47.86,48.31,4702500
2009-05-22,48.3,48.83,48.07,48.3,4038600
2009-05-26,47.75,49.92,47.6,49.14,7600100
2009-05-27,48.85,49.7,48.2,48.83,6273600
2009-05-28,47.94,48.79,46.54,47.97,10927600
2009-05-29,48.2,48.52,47.21,48.52,4713300
2009-06-01,49.2,49.98,48.75,49.7,4680700
2009-06-02,49.52,50.14,49.3,49.45,3820700
2009-06-03,49.22,49.25,48,48.47,9321500
2009-06-04,47.13,48,46.25,47.87,8815500
2009-06-05,48.4,48.59,47.18,47.64,5473000
2009-06-08,47.4,47.84,46.96,47.53,3293000
2009-06-09,47.56,47.96,46.89,47.13,4992200
2009-06-10,47.22,47.45,46.38,46.59,5181800
2009-06-11,46.71,47.05,46.22,46.27,6474800
2009-06-12,46.35,47.1,45.96,47.03,4735700
2009-06-15,46.75,46.83,45.99,46.33,4338700
2009-06-16,46.36,46.54,45.8,45.95,4675300
2009-06-17,46.06,47.2,45.88,46.59,5875000
2009-06-18,46.69,46.86,45.9,46.24,4628500
2009-06-19,46.7,46.7,45.91,46.11,5120600
2009-06-22,45.81,46.22,45.25,45.35,5446700
2009-06-23,46.02,46.05,44.98,45.07,4396600
2009-06-24,45.21,45.33,44.78,45.04,4248300
2009-06-25,44.82,46.34,44.82,46.28,5439800
2009-06-26,46.03,46.6,45.83,46.41,3675800
2009-06-29,46.73,46.8,46.01,46.2,3545400
2009-06-30,46.09,46.29,45.64,45.78,5136000
2009-07-01,45.81,46.38,45.71,45.79,3044100
2009-07-02,45.64,45.64,44.59,44.64,4920300
2009-07-06,44.57,45.79,44.5,45.7,4745700
2009-07-07,45.21,45.44,44.48,44.54,4268100
2009-07-08,44.83,46.11,44.63,46.02,7496100
2009-07-09,46.4,46.5,45.25,45.5,5697600
2009-07-10,45.3,45.51,44.65,44.97,3791400
2009-07-13,44.92,45.12,44.5,44.97,4686400
2009-07-14,44.81,45.17,44.37,45.03,3880600
2009-07-15,45.4,47,45.06,46.9,7246300
2009-07-16,46.73,47.59,46.52,47.49,3903700
2009-07-17,47.37,47.49,46.97,47.48,3293600
2009-07-20,47.5,48.5,47.03,48.47,4881200
2009-07-21,48.29,48.59,47.61,48.38,3911900
2009-07-22,48.18,49.09,48,48.82,3799300
2009-07-23,48.5,49.23,47.77,48.6,6234200
2009-07-24,48.12,49.24,48.11,49.13,4589700
2009-07-27,48.99,49.13,48.03,48.68,2905100
2009-07-28,48.44,48.92,48.1,48.84,3268900
2009-07-29,48.53,49.41,48.41,48.77,3579600
2009-07-30,49.26,49.73,48.88,49.25,3295600
2009-07-31,49.01,49.93,49,49.5,3384000
2009-08-03,49.75,50.04,49.51,50,3582800
2009-08-04,49.6,50,49.15,49.48,3805600
2009-08-05,49.73,49.75,48.69,49.06,3524400
2009-08-06,48.56,49.36,48.25,48.75,4750200
2009-08-07,49.45,50.24,48.91,50.1,4221300
2009-08-10,49.84,49.96,49,49.4,3165000
2009-08-11,49.03,49.39,48.8,48.92,2613100
2009-08-12,48.94,49.49,48.91,49.15,2881100
2009-08-13,49.16,49.2,48.21,48.88,3694600
2009-08-14,48.79,49.03,48.19,48.63,3318300
2009-08-17,48.1,48.39,47.39,47.47,4494500
2009-08-18,47.54,47.9,47.1,47.4,3410200
2009-08-19,47.21,48.07,47.16,47.94,3459200
2009-08-20,48.09,48.09,47.5,47.91,2335800
2009-08-21,48.23,48.82,47.89,48.56,3974800
2009-08-24,48.78,48.78,48.01,48.12,2839600
2009-08-25,48.78,50.08,48.46,49.62,6258400
2009-08-26,49.87,50.36,49.54,50.23,5574900
2009-08-27,49.91,51.65,49.87,51.31,5890400
2009-08-28,51.5,52,51.35,51.77,4994000
2009-08-31,51.35,51.7,50.86,50.98,3788800
2009-09-01,51.34,51.37,50.18,50.65,5505400
2009-09-02,50.4,50.82,49.95,50.65,4268100
2009-09-03,54.22,55.23,54.17,54.99,12230400
2009-09-04,54.68,55.53,54.54,55.47,4593400
2009-09-08,56.86,57,56.15,56.73,5526200
2009-09-09,56.49,57.08,56.29,57.06,3931100
2009-09-10,57.04,57.04,56.66,56.91,3886900
2009-09-11,56.86,56.99,56.52,56.81,3031500
2009-09-14,56.22,57.02,56.16,56.99,3083000
2009-09-15,56.78,57,56.42,56.82,3330000
2009-09-16,56.82,57.77,56.69,57.7,3920300
2009-09-17,57.86,58.23,57.32,57.96,3979200
2009-09-18,58.2,58.2,57.46,57.55,4561700
2009-09-21,57.61,58.73,57.38,58.58,4847800
2009-09-22,58.72,58.86,58.34,58.4,2833800
2009-09-23,57.86,58.8,57.86,57.98,2952200
2009-09-24,58.03,58.24,57.07,57.43,3389400
2009-09-25,57.72,57.72,56,56.28,6137100
2009-09-28,56.5,56.66,56.31,56.56,4786200
2009-09-29,56.56,56.93,56.25,56.49,4939600
2009-09-30,57.12,57.44,55.98,56.38,12235900
2009-10-01,56.15,56.69,55.4,55.69,5097900
2009-10-02,55.92,56.68,55.73,56.47,5760800
2009-10-05,56.59,57.25,56.3,56.88,4480100
2009-10-06,57.02,58.37,57.02,57.93,5865700
2009-10-07,59.76,60.3,58.86,59,11117300
2009-10-08,59.28,59.38,58.39,58.63,5025900
2009-10-09,58.2,58.69,57.72,58.64,5751900
2009-10-12,58.38,58.83,57.76,58.03,2915700
2009-10-13,57.9,58.87,57.75,58.48,4733900
2009-10-14,59,59,58.44,58.77,3461400
2009-10-15,58.39,59.04,58.39,58.97,2879900
2009-10-16,58.85,58.9,58.12,58.48,3230700
2009-10-19,58.82,59.35,58.36,59.23,3502500
2009-10-20,59.26,59.27,58.42,59.09,3384300
2009-10-21,58.76,59.25,57.71,57.71,4153300
2009-10-22,57.76,58.49,57.57,58.27,2917600
2009-10-23,58.08,58.43,57.56,57.81,2152500
2009-10-26,57.69,58.36,57.52,57.65,2766600
2009-10-27,57.61,57.82,56.77,57.15,2876800
2009-10-28,57.05,57.5,56.72,56.72,3027100
2009-10-29,57.31,57.94,56.76,57.92,3940900
2009-10-30,57.73,57.95,56.81,56.85,3902700
2009-11-02,56.85,57.88,56.76,57.75,3884000
2009-11-03,57.55,58.37,57.31,57.65,4122300
2009-11-04,57.68,59.27,57.68,58.81,4756800
2009-11-05,58.11,59.49,57.98,59.41,4668700
2009-11-06,59.15,59.66,58.8,59.41,2749300
2009-11-09,58.96,60.46,58.96,60.44,3698200
2009-11-10,59.92,60.4,59.52,60.04,3078600
2009-11-11,60.46,60.69,59.78,60.4,3156500
2009-11-12,60.16,60.65,60,60.12,3690500
2009-11-13,60.35,60.63,59.96,60.47,2466200
2009-11-16,60.79,61.25,60.5,61.12,3266400
2009-11-17,61.06,61.23,60.22,60.62,3307500
2009-11-18,60.38,60.83,59.67,60.77,3116900
2009-11-19,60.36,60.59,59.78,60.48,2240800
2009-11-20,60.26,60.84,59.8,60.06,2696400
2009-11-23,60.1,60.86,59.93,60.57,2750600
2009-11-24,60.81,60.83,60.33,60.51,2578000
2009-11-25,60.4,60.99,60.4,60.89,2469800
2009-11-27,59.5,60.51,59.2,60.03,1483300
2009-11-30,60.15,60.29,59.41,59.91,3399200
2009-12-01,60.13,60.79,60.1,60.73,4418600
2009-12-02,60.65,61.15,60.29,60.87,4316200
2009-12-03,59.4,59.57,58.9,59.02,8326000
2009-12-04,59.4,59.99,58.67,59.19,4936000
2009-12-07,59.13,59.74,59.05,59.35,2422400
2009-12-08,58.85,58.96,58,58.75,3853300
2009-12-09,58.71,59,58.1,58.66,3745600
2009-12-10,59.15,59.36,58.23,58.76,5576500
2009-12-11,59.04,59.49,58.97,59.32,3197100
2009-12-14,59.57,59.72,59.17,59.47,2174900
2009-12-15,59.42,59.47,58.86,58.98,2794900
2009-12-16,59.15,59.5,58.72,58.77,2859300
2009-12-17,58.53,58.58,57.8,57.8,2876800
2009-12-18,58.03,58.46,57.52,58.43,4540800
2009-12-21,58.78,59.55,58.64,59.27,2114000
2009-12-22,59.03,59.8,59.03,59.57,3026200
2009-12-23,59.6,60.31,59.6,60.07,2945700
2009-12-24,60.29,60.6,60.09,60.4,1681400
2009-12-28,60.4,60.75,60.33,60.56,1748300
2009-12-29,60.49,60.69,60.2,60.26,1794500
2009-12-30,60.13,60.49,59.87,60.05,1678500
2009-12-31,60.24,60.3,59.11,59.17,1862900
2010-01-04,59.13,60.07,59.13,59.41,3280200
2010-01-05,59.26,59.42,58.84,59.23,2775800
2010-01-06,59.07,60.05,59,60,3722900
2010-01-07,60.08,60.44,59.26,59.71,4527600
2010-01-08,59.47,59.61,59.1,59.28,2348300
2010-01-11,59.21,59.42,59,59.35,1830400
2010-01-12,59.23,59.39,58.72,59.03,2113300
2010-01-13,59.11,59.59,58.94,59.4,2051500
2010-01-14,59.12,59.25,58.71,58.72,2145700
2010-01-15,58.99,58.99,58.43,58.79,3081700
2010-01-19,59.17,59.28,58.79,58.95,2558200
2010-01-20,58.48,58.68,57.62,58.27,4484600
2010-01-21,58.13,58.6,57.35,57.52,3456800
2010-01-22,57.4,57.96,57.04,57.07,4220600
2010-01-25,57.35,57.82,56.75,57.55,2690600
2010-01-26,57.2,58.48,57.14,57.93,3530500
2010-01-27,57.71,58.04,57.28,57.53,3776200
2010-01-28,57.59,57.82,57.06,57.35,3197000
2010-01-29,57.59,58.54,57.4,57.43,5413900
2010-02-01,57.8,57.92,57.36,57.91,4295300
2010-02-02,58,58.88,57.6,58.77,5231500
2010-02-03,58.59,58.95,58.38,58.42,5269100
2010-02-04,58.17,58.94,58.1,58.52,5962700
2010-02-05,58.59,58.9,58.07,58.58,4793600
2010-02-08,58.27,58.78,58.13,58.14,3319800
2010-02-09,58.8,59,58.2,58.76,3486900
2010-02-10,58.66,59.32,58.38,59.15,4520500
2010-02-11,58.86,59.78,58.67,59.67,4030800
2010-02-12,59.19,59.42,58.95,59.28,4337600
2010-02-16,59.62,60.85,59.3,60.67,4052300
2010-02-17,60.79,61.3,60.74,61.05,2663100
2010-02-18,60.93,61.13,60.58,60.96,2275200
2010-02-19,60.73,61.36,60.66,61.14,2510100
2010-02-22,61.4,61.45,60.69,60.79,3004300
2010-02-23,60.64,60.92,60.41,60.51,3081200
2010-02-24,60.8,61.22,60.61,60.86,2908200
2010-02-25,60.29,61.52,60.21,61.4,3534000
2010-02-26,61.36,61.47,60.78,60.97,3681600
2010-03-01,61,62.11,60.68,61.65,4031100
2010-03-02,62.12,62.12,61.2,61.38,4126100
2010-03-03,59.75,61.58,59.64,60.68,10153500
2010-03-04,60.75,61.16,60.48,60.8,3286100
2010-03-05,60.85,60.97,60.5,60.68,3514800
2010-03-08,60.54,61,60.52,60.67,3020400
2010-03-09,60.38,60.57,60.04,60.13,3187000
2010-03-10,60.21,60.41,59.76,59.84,3248400
2010-03-11,59.78,60.06,59.77,59.9,3957200
2010-03-12,59.88,60.48,59.81,60.17,3938700
2010-03-15,60.07,60.62,60.05,60.55,2584700
2010-03-16,60.71,60.96,60.59,60.91,2480600
2010-03-17,60.96,61.46,60.9,61.33,3115300
2010-03-18,61,61.43,60.92,61.27,3156200
2010-03-19,61.38,61.5,60.49,60.72,4687500
2010-03-22,60.54,61.09,60.43,60.88,2369000
2010-03-23,60.76,60.89,60.36,60.76,2937800
2010-03-24,60.54,60.74,60.02,60.07,2910000
2010-03-25,60.42,60.42,60.01,60.05,2591500
2010-03-26,60.25,60.42,59.91,60.13,2302000
2010-03-29,60.14,60.43,59.96,60.14,2375500
2010-03-30,60.27,60.5,60.04,60.17,2121500
2010-03-31,60.06,60.11,59.68,59.71,2548200
2010-04-01,59.73,60.3,59.71,60.14,2638300
2010-04-05,60.33,60.87,60,60.82,2146100
2010-04-06,61.05,61.85,60.75,61.74,3589100
2010-04-07,61.65,61.96,61.5,61.72,3897200
2010-04-08,61.6,61.62,60.82,60.98,4471500
2010-04-09,61.04,61.41,60.92,61.21,2804500
2010-04-12,60.89,61.21,60.26,60.35,4550700
2010-04-13,60.22,60.55,59.76,59.89,4191400
2010-04-14,59.79,59.87,58.94,59.62,6763100
2010-04-15,59.41,59.44,58.9,59.03,5754400
2010-04-16,58.96,59.52,58.93,59.19,5443700
2010-04-19,59.29,59.53,58.61,59.47,4040700
2010-04-20,59.7,59.92,59.33,59.49,3703300
2010-04-21,59.4,59.56,59.04,59.51,3033200
2010-04-22,59.23,60.41,59.12,60.22,3929700
2010-04-23,60.07,60.48,60,60.2,4017400
2010-04-26,60.2,60.3,60.01,60.07,2874600
2010-04-27,60.25,60.25,59.11,59.17,3948900
2010-04-28,59.3,59.49,58.74,58.85,3462400
2010-04-29,59.01,59.45,58.92,59.35,2883800
2010-04-30,59.13,59.68,59.02,59.08,4960700
2010-05-03,59.03,59.5,58.9,59.31,4051400
2010-05-04,58.83,60.37,58.31,59.88,6046200
2010-05-05,59.75,60.83,59.72,60.36,6438700
2010-05-06,58.95,59.11,55,58.03,11175500
2010-05-07,57.86,58.7,56.83,57.31,9286700
2010-05-10,58.62,58.99,57.1,57.52,8378900
2010-05-11,57.4,58.3,57.33,57.94,5442100
2010-05-12,58.06,58.19,57.66,57.88,4151100
2010-05-13,57.81,58.49,57.6,57.67,5007700
2010-05-14,57.27,58.12,57.21,57.74,4890500
2010-05-17,57.82,58.44,57.53,58.35,4129100
2010-05-18,58.64,58.99,57.68,57.78,4308800
2010-05-19,57.49,58.48,57.49,57.77,4350200
2010-05-20,57,57.52,56.55,56.59,6755600
2010-05-21,55.93,57.73,55.79,57.44,5966100
2010-05-24,57.18,57.41,56.68,56.76,3376800
2010-05-25,55.96,56.5,55.39,56.5,6120300
2010-05-26,56.6,56.7,55.71,55.98,6146600
2010-05-27,57.34,59.26,57.04,58.74,8764500
2010-05-28,58.79,58.92,58.02,58.25,3501100
2010-06-01,58.18,58.85,57.73,57.98,3200400
2010-06-02,58.34,58.98,57.95,58.95,3898900
2010-06-03,58.23,59.16,57.3,57.93,7219000
2010-06-04,57.45,57.45,56.01,56.17,5499000
2010-06-07,56.01,56.62,55.76,55.85,3414800
2010-06-08,55.69,56.72,55.55,56.66,3726500
2010-06-09,56.68,57.75,56.58,57.4,4926900
2010-06-10,57.82,58.06,57.3,57.65,3270300
2010-06-11,57.18,57.65,57,57.52,3093000
2010-06-14,57.64,57.9,57.3,57.52,2510800
2010-06-15,57.93,59.18,57.92,59.16,5099900
2010-06-16,58.47,58.89,58.12,58.34,2876900
2010-06-17,58.59,58.72,57.99,58.58,2829000
2010-06-18,58.5,58.73,58.05,58.21,3657100
2010-06-21,58.5,58.7,57.55,57.78,2795600
2010-06-22,57.99,58.31,57.54,57.61,2716300
2010-06-23,57.59,57.68,57.02,57.44,2541200
2010-06-24,57.17,57.45,56,56.22,3772600
2010-06-25,56.17,56.86,55.87,56.44,4488900
2010-06-28,56.59,57.2,56.22,56.65,3043600
2010-06-29,56.18,56.37,55.39,55.63,4298400
2010-06-30,55.52,55.67,54.69,54.83,4609600
2010-07-01,54.73,55.16,54.22,54.9,5376600
2010-07-02,55.18,55.18,53.76,54.23,3385200
2010-07-06,54.69,54.71,53.51,54,3364700
2010-07-07,53.76,54.33,53.41,54.29,4813000
2010-07-08,54.78,55.79,54.52,55.71,7592700
2010-07-09,56.29,56.29,55.6,56.19,3895600
2010-07-12,56.05,56.43,55.73,55.93,2644600
2010-07-13,56.15,56.75,56.15,56.51,3207300
2010-07-14,56.39,56.4,55.87,56.35,3428200
2010-07-15,56.37,56.59,55.85,56.55,2949400
2010-07-16,56.59,56.6,54.95,54.98,5020200
2010-07-19,55.13,55.29,54.6,54.82,3575000
2010-07-20,54.37,55.09,54.11,55.09,6343500
2010-07-21,55.07,55.1,53.49,53.61,4973800
2010-07-22,54.09,55.08,53.84,54.9,5284100
2010-07-23,55,56,54.78,55.95,4905800
2010-07-26,55.79,56,55.45,55.71,3494400
2010-07-27,56.49,57.36,56.39,57.21,6930000
2010-07-28,57.22,57.4,56.41,56.51,3077800
2010-07-29,56.74,57,55.77,56.21,3439800
2010-07-30,55.71,56.89,55.71,56.71,2973900
2010-08-02,57.06,57.34,56.76,56.84,3588100
2010-08-03,56.62,56.91,56.38,56.55,3246800
2010-08-04,56.49,57.61,56.24,57.4,4364600
2010-08-05,56.74,56.74,55.86,56.46,4358300
2010-08-06,56.25,56.64,55.76,56.54,3030000
2010-08-09,56.55,57.49,56.54,57.16,2391800
2010-08-10,56.79,57.31,56.63,56.98,2433600
2010-08-11,56.51,56.62,55.81,55.87,2847500
2010-08-12,55.49,55.96,55.37,55.67,3269000
2010-08-13,55.41,55.71,55.06,55.31,2270600
2010-08-16,55.14,55.5,55,55.37,2395400
2010-08-17,55.51,56.29,55.38,55.83,2641600
2010-08-18,55.25,55.99,54.99,55.68,2909200
2010-08-19,55.44,55.63,54.61,55.01,2946200
2010-08-20,54.73,55.12,54.48,55.04,2896200
2010-08-23,55.33,55.65,54.85,54.9,2407500
2010-08-24,54.52,55.67,54.05,55.6,6658600
2010-08-25,55.37,57.4,55.2,57.07,5946600
2010-08-26,57.13,57.15,56.15,56.28,3854500
2010-08-27,56.39,56.53,55.41,56.19,4254700
2010-08-30,56.21,56.85,56.07,56.07,2843100
2010-08-31,55.86,57.06,55.74,56.5,4358700
2010-09-01,56.93,57.89,56.76,57.79,3966400
2010-09-02,58.41,58.83,57.65,58.59,5011300
2010-09-03,59.05,59.05,58.19,58.57,2779400
2010-09-07,58.25,59,58.2,58.64,2598500
2010-09-08,59.37,59.42,58.8,59.21,3412700
2010-09-09,59.5,59.51,58.83,58.94,2622900
2010-09-10,59.3,59.79,59.14,59.54,2608600
2010-09-13,59.82,60.23,59.41,60.05,3107800
2010-09-14,60,61.21,59.94,61.04,4134800
2010-09-15,61.04,61.27,60.91,61.19,3523100
2010-09-16,61.16,61.33,60.82,61.24,2230600
2010-09-17,61.5,61.5,60.95,61.29,3495800
2010-09-20,61.51,61.78,60.97,61.28,3472500
2010-09-21,61.21,61.53,60.86,61.27,3198500
2010-09-22,61.52,62.45,61.52,62.33,4806500
2010-09-23,62.05,62.82,61.88,62.5,3399200
2010-09-24,63,64.31,62.78,64.05,4481600
2010-09-27,63.82,64.14,63.63,63.73,4704400
2010-09-28,63.86,65.11,63.69,65,5453500
2010-09-29,64.93,65.22,64.39,64.67,3585200
2010-09-30,64.87,65,64.07,64.49,4090300
2010-10-01,64.92,65.25,64.5,65.05,4037200
2010-10-04,65.06,65.24,64.53,64.56,4502900
2010-10-05,65,65,64.33,64.66,5698600
2010-10-06,63,65.46,62.81,65.41,11502200
2010-10-07,65.22,65.27,64.43,65.26,5048000
2010-10-08,64.4,64.95,63.94,64.29,5632000
2010-10-11,63.39,64.49,63.28,64.32,2584800
2010-10-12,64.03,64.09,63.31,63.34,4454400
2010-10-13,63.2,63.96,63,63.36,5006500
2010-10-14,63.12,63.86,62.91,63.18,4214500
2010-10-15,63.46,63.77,63.21,63.7,4033400
2010-10-18,63.42,63.81,63.13,63.21,2417000
2010-10-19,62.66,63.14,61.9,62.21,3970600
2010-10-20,62.35,63.07,62.25,62.61,2785800
2010-10-21,62.56,63.89,62.54,63.6,4190700
2010-10-22,63.84,64.1,63.22,64.03,2406400
2010-10-25,64.12,64.77,64.01,64.11,2764000
2010-10-26,63.52,64.19,63.44,63.68,2826200
2010-10-27,63.38,63.38,62.51,62.98,3378700
2010-10-28,63.06,63.25,62.5,62.8,2385400
2010-10-29,62.61,62.9,62.52,62.77,2350900
2010-11-01,63.05,63.62,62.78,63.28,2790600
2010-11-02,63.55,64.18,63.35,63.72,2988400
2010-11-03,63.53,63.86,62.71,63.16,4080900
2010-11-04,63.89,65.63,63.89,65.48,5801500
2010-11-05,65.53,66.04,65.23,65.4,3039900
2010-11-08,64.86,64.87,64.24,64.81,2613500
2010-11-09,64.7,64.78,63.96,64.22,2600000
2010-11-10,64.02,64.5,63.94,64.45,2680800
2010-11-11,64.1,65.42,63.91,65.35,3798400
2010-11-12,64.88,65.7,64.65,65.2,3703200
2010-11-15,65.45,65.99,65.4,65.48,2949000
2010-11-16,65.19,66.4,64.57,65.74,6198600
2010-11-17,66.02,67.13,66.02,67.02,5484600
2010-11-18,67.25,67.49,66.32,66.41,3671100
2010-11-19,66.26,66.72,66.12,66.56,2710300
2010-11-22,66.27,67.34,66.18,67.26,2827200
2010-11-23,66.97,67.07,66.27,66.9,2985800
2010-11-24,67.17,68,67.17,67.54,2688000
2010-11-26,67.11,67.47,67.03,67.22,952900
2010-11-29,66.9,67,66.33,66.97,2350200
2010-11-30,66.59,67.92,66.51,67.61,3305000
2010-12-01,68.21,68.8,68.01,68.31,3038100
2010-12-02,68.52,69.11,68.13,69.01,3288800
2010-12-03,68.87,69.26,68.24,68.39,3092300
2010-12-06,68.33,69.41,68.33,69.19,3366000
2010-12-07,69.7,70.06,69.12,69.64,5115400
2010-12-08,69.38,69.71,68.53,69.25,3691400
2010-12-09,69.7,71.13,69.28,71.02,6777000
2010-12-10,70.75,71.28,70.62,71.25,3555900
2010-12-13,71.13,71.49,70.53,70.74,5797100
2010-12-14,70.7,71.54,70.6,71.21,2682500
2010-12-15,71.01,71.45,70.89,71.05,3522600
2010-12-16,71.05,72.23,71.01,72.12,3449700
2010-12-17,71.93,72.44,71.7,71.84,6457100
2010-12-20,71.89,72.55,71.76,72.31,2631800
2010-12-21,72.57,72.77,72.26,72.32,2200500
2010-12-22,72.33,72.54,72,72.27,1947900
2010-12-23,72.16,72.45,71.94,72.24,1379400
2010-12-27,71.88,72.27,71.72,72.08,1155800
2010-12-28,72.23,72.87,72.14,72.71,1974500
2010-12-29,72.89,73.16,72.57,72.7,1526400
2010-12-30,72.71,72.97,72.61,72.85,1424800
2010-12-31,72.69,72.99,72.19,72.21,1304200
2011-01-03,72.75,73.45,72.39,72.47,3405500
2011-01-04,72.53,72.53,71.76,72.33,3966700
2011-01-05,71.99,72.1,70.9,70.99,4270100
2011-01-06,70.36,71.25,70.01,70.65,3280400
2011-01-07,70.95,71.19,70.45,70.65,2342700
2011-01-10,70.28,70.6,70.02,70.48,2073200
2011-01-11,70.55,71.25,70.32,71.07,2065500
2011-01-12,71.2,71.68,71.11,71.49,1629900
2011-01-13,71.32,71.75,71.25,71.6,1923100
2011-01-14,71.35,72.52,71.21,72.51,2454700
2011-01-18,72.54,72.91,72.28,72.6,2416600
2011-01-19,72.38,72.49,71.86,72.07,2310500
2011-01-20,71.79,72.93,71.79,72.36,2306800
2011-01-21,72.48,72.96,72.34,72.77,2182900
2011-01-24,72.86,72.89,72.39,72.62,2212600
2011-01-25,72.51,72.61,71.71,72.46,2820000
2011-01-26,72.47,72.98,72.22,72.62,2093700
2011-01-27,72.84,73.7,72.76,73.12,2854500
2011-01-28,73.33,73.58,71.75,71.93,2426000
2011-01-31,72.24,72.43,71.61,71.84,2309000
2011-02-01,72.22,72.63,71.9,72.43,1997700
2011-02-02,72.15,72.48,70.54,70.85,4454800
2011-02-03,71.77,74.24,71.77,74.03,3780100
2011-02-04,74.12,74.42,73.47,74.13,1874300
2011-02-07,73.96,74.28,73.62,74.25,2447000
2011-02-08,74.23,74.82,74.12,74.8,1771400
2011-02-09,74.36,74.77,74.12,74.67,1746000
2011-02-10,74.44,74.65,73.94,74.55,1938600
2011-02-11,74.06,75.06,74.06,75.04,1678200
2011-02-14,75.05,75.11,74.52,74.66,1220000
2011-02-15,74.35,74.54,74.12,74.33,1460200
2011-02-16,74.51,75.1,74.4,74.96,1435000
2011-02-17,74.28,75.01,74.06,74.84,1360100
2011-02-18,74.82,75.48,74.3,75.43,2130900
2011-02-22,75.11,75.41,73.84,73.89,2115700
2011-02-23,73.8,73.8,72.41,72.84,2783600
2011-02-24,72.79,73.53,72.3,72.98,1848000
2011-02-25,73.25,74.03,73.24,73.57,1818100
2011-02-28,73.93,74.95,73.85,74.79,3306600
2011-03-01,75.11,75.39,73.43,73.62,3507200
2011-03-02,73.5,73.77,70.86,71.76,6197500
2011-03-03,72.25,72.6,71.62,72.49,2985400
2011-03-04,72.5,72.86,72.21,72.81,2678000
2011-03-07,72.99,72.99,72.03,72.19,3105000
2011-03-08,72.09,74.06,72.09,73.62,2615800
2011-03-09,73.48,74.25,73.08,74.16,1926400
2011-03-10,73.51,74.18,73.12,73.38,2372300
2011-03-11,73.09,73.62,72.54,72.55,2068600
2011-03-14,72.25,72.47,71.54,71.84,2217400
2011-03-15,70.76,71.97,70.66,71.56,2542200
2011-03-16,71.14,71.19,69.54,69.76,3980200
2011-03-17,70.46,70.99,70.08,70.46,2346600
2011-03-18,71.03,71.23,70.15,70.66,4766800
2011-03-21,71.11,71.19,70.37,71.04,2553200
2011-03-22,71.06,71.89,70.92,71.55,1929300
2011-03-23,71.49,71.54,70.4,70.92,2494900
2011-03-24,71.19,72.33,71.1,72.11,2118700
2011-03-25,72.24,72.37,71.41,71.46,2122100
2011-03-28,71.49,71.81,70.99,71.26,1328200
2011-03-29,71.24,71.95,70.78,71.9,1334600
2011-03-30,72.27,72.98,72.27,72.81,1769700
2011-03-31,72.56,73.46,72.08,73.32,2323500
2011-04-01,73.16,74.33,73.14,74.25,2474600
2011-04-04,74.62,74.88,73.94,74.17,1287100
2011-04-05,74.35,75.82,74.35,74.93,3386300
2011-04-06,75.31,75.94,74.75,74.99,1980700
2011-04-07,76.37,78.46,76.34,77.82,5923000
2011-04-08,77.17,77.29,76.21,76.41,2933400
2011-04-11,76.16,76.62,75.67,76.2,2423900
2011-04-12,75.75,76.84,75.74,76.45,2108000
2011-04-13,76.74,76.74,75.96,76.41,1285900
2011-04-14,75.96,76.47,75.66,76.34,1590700
2011-04-15,76.34,77.03,76.24,76.97,2137000
2011-04-18,76,77.06,76,76.9,1641500
2011-04-19,77.08,77.15,76.46,76.71,1794500
2011-04-20,77.51,78.67,77.4,78.56,2477700
2011-04-21,78.65,78.96,78.05,78.87,1790700
2011-04-25,78.64,78.87,78.36,78.66,1610300
2011-04-26,78.94,80,78.35,79.78,2800000
2011-04-27,80.31,81.29,80.17,81.1,3069400
2011-04-28,80.93,81.5,80.86,81.46,2500000
2011-04-29,81.18,81.49,80.54,80.89,6513700
2011-05-02,81.21,81.28,80.56,81.04,2154800
2011-05-03,80.92,81.16,80.13,80.51,2700000
2011-05-04,80.27,80.92,80.11,80.14,2187700
2011-05-05,80.05,80.92,79.37,79.61,3300000
2011-05-06,80.44,80.82,80.07,80.45,2214700
2011-05-09,80.47,81.5,80.33,81.4,1519700
2011-05-10,81.68,82.7,81.55,82.23,2069300
2011-05-11,82.03,82.27,81.19,81.7,1600000
2011-05-12,81.73,83.4,81.49,83.32,2500000
2011-05-13,83.27,83.59,82.57,82.72,2215700
2011-05-16,82.55,82.65,82.1,82.31,1768100
2011-05-17,82.17,82.88,82.05,82.71,1538300
2011-05-18,82.63,83.37,82.05,83.24,1630900
2011-05-19,83.34,83.9,83.1,83.86,1137300
2011-05-20,83.77,83.95,82.31,83.4,2223400
2011-05-23,82.62,83.28,82.28,82.64,2400000
2011-05-24,82.97,82.97,81.27,81.35,3623100
2011-05-25,80.33,80.77,79.14,80.32,5232000
2011-05-26,80.06,80.92,79.61,80.81,2353600
2011-05-27,80.93,81.81,80.81,81.53,1736000
2011-05-31,81.94,82.5,81.66,82.48,2230300
2011-06-01,82.34,82.51,80.14,80.21,2708800
2011-06-02,80.83,80.86,78.97,79,4003400
2011-06-03,78.6,78.85,77.76,77.81,3377400
2011-06-06,77.55,78.15,77.31,77.69,2496700
2011-06-07,78.08,78.95,77.83,78.36,2467000
2011-06-08,78.37,79.66,78.25,78.93,2517700
2011-06-09,79,79.7,78.64,79.03,1843700
2011-06-10,79.1,79.28,78.23,78.3,2121900
2011-06-13,78.18,79.02,78.05,78.45,1381100
2011-06-14,79.14,79.42,78.8,79.24,1746900
2011-06-15,78.55,78.96,77.74,77.93,1765800
2011-06-16,77.88,78.91,77.75,78.85,2191800
2011-06-17,79.98,80.66,79.23,79.63,4217400
2011-06-20,79.71,81.3,79.64,81.25,2178600
2011-06-21,81.39,81.44,80.54,81.39,2242000
2011-06-22,81.1,81.36,80.5,80.52,1545700
2011-06-23,79.75,80.59,79.32,80.4,2315900
2011-06-24,81.13,81.13,79.13,79.13,2462600
2011-06-27,78.95,80.06,78.92,79.85,1841200
2011-06-28,79.99,80.17,79.63,79.99,1786600
2011-06-29,80.2,80.68,79.88,80.03,2262000
2011-06-30,80.27,81.34,79.98,81.24,2410500
2011-07-01,81.5,81.7,81.04,81.54,2087500
2011-07-05,81.69,81.95,80.97,81.29,1860800
2011-07-06,81.37,82.94,81.37,82.64,2155600
2011-07-07,83.2,83.45,81.61,82.06,3197400
2011-07-08,81.59,82,80.91,81.41,1992300
2011-07-11,80.68,81.08,80.44,80.68,1590300
2011-07-12,80.89,81.76,80.65,80.71,1725100
2011-07-13,80.99,81.56,80.31,80.84,1448500
2011-07-14,80.87,81.47,80.13,80.33,1558500
2011-07-15,80.36,80.57,79.4,79.86,2212200
2011-07-18,79.53,79.81,78.81,79.11,1486900
2011-07-19,79.76,80.95,79.7,80.81,1839400
2011-07-20,80.82,80.88,79.85,80.69,1562400
2011-07-21,80.87,82.12,80.67,81.52,1729600
2011-07-22,81.67,81.83,81.15,81.67,991500
2011-07-25,81.2,81.59,81.06,81.16,1174200
2011-07-26,80.96,81.57,80.42,80.55,1127100
2011-07-27,80.06,80.29,78.33,78.39,2309200
2011-07-28,78.39,79.32,78.25,78.33,1985600
2011-07-29,77.5,78.92,77.19,78.25,2434000
2011-08-01,79.32,79.35,77.06,77.71,2554400
2011-08-02,77.3,77.75,75.77,75.83,3445100
2011-08-03,75.93,77.3,75.11,77.08,3809400
2011-08-04,76.11,78.28,75.8,76.51,5799000
2011-08-05,77.45,77.53,74.78,76.74,3586500
2011-08-08,75.6,76.47,70.46,70.62,8417500
2011-08-09,71.62,74.66,70.71,74.66,5714800
2011-08-10,72.97,73.14,70.22,70.39,4918600
2011-08-11,70.6,73.39,70.31,72.61,4324100
2011-08-12,73.02,73.41,71.7,72.79,3012700
2011-08-15,73.17,74.08,72.68,74.08,2615200
2011-08-16,73.93,75.61,73.37,75.14,2847500
2011-08-17,75.62,77.4,75.33,76.12,3584500
2011-08-18,74.52,75.38,72.46,74.36,4974400
2011-08-19,73.4,75.49,73.4,74.36,3734400
2011-08-22,75.97,75.99,73.73,74.42,2455700
2011-08-23,74.59,76.83,74.16,76.22,3399300
2011-08-24,76.22,77.53,75.75,77.49,2488100
2011-08-25,77.77,78.52,75.77,75.86,2077600
2011-08-26,75.78,77.67,75.05,77.21,2177700
2011-08-29,77.86,78.11,77.38,77.79,2613600
2011-08-30,77.6,78.54,77.22,78.07,2241100
2011-08-31,78.24,79.04,78.02,78.54,2693400
2011-09-01,78.98,80.91,78.78,79.48,3998300
2011-09-02,78.23,79.68,78.08,78.56,2459300
2011-09-06,77.03,78.53,76.59,78.4,2242600
2011-09-07,79.27,80.61,78.88,80.61,2038400
2011-09-08,80.29,81.47,80.17,80.76,2340900
2011-09-09,79.95,80.08,78.5,78.9,2494400
2011-09-12,78.03,79.88,78.02,79.72,2215800
2011-09-13,80.07,80.79,79.3,80.71,2353600
2011-09-14,80.94,82.52,79.93,81.9,2738300
2011-09-15,82.89,83.29,82.1,83.01,2440300
2011-09-16,83.26,84.96,82.96,84.24,4399100
2011-09-19,83.54,85.34,83.42,85.03,2567700
2011-09-20,85.15,86.34,84.7,85.07,3318300
2011-09-21,85.07,86.18,84.39,84.43,2639000
2011-09-22,82.73,83.78,81.73,83.18,4549800
2011-09-23,82.7,83.9,82.47,83.37,2827400
2011-09-26,83.8,84.75,83.36,84.45,3125000
2011-09-27,85.61,85.94,83.95,84.33,2494200
2011-09-28,84.59,85.3,83.77,83.79,2141000
2011-09-29,84.98,85.27,81.99,82.98,2434200
2011-09-30,82.38,83.68,82.02,82.13,2764100
2011-10-03,81.72,83.22,81.18,81.63,3235000
2011-10-04,80.67,81.78,78.61,81.65,4717800
2011-10-05,80.99,81.78,78.62,80.25,5043100
2011-10-06,79.81,80,78.41,79.2,4214800
2011-10-07,79.31,79.69,78.72,79.02,3353600
2011-10-10,80,81.32,79.85,81.23,2324400
2011-10-11,80.98,81.06,80.25,80.9,1983800
2011-10-12,81.51,82.5,81.21,81.42,2454000
2011-10-13,81.44,81.95,81.28,81.67,1839100
2011-10-14,82.07,82.81,81.19,81.77,2227700
2011-10-17,81.57,82.53,81.54,82.36,2278000
2011-10-18,82.35,85,82.19,84.57,3544500
2011-10-19,84.39,84.99,84.17,84.38,2704000
2011-10-20,84.38,85.35,83.78,84.26,2419600
2011-10-21,84.77,85.3,84.32,85.3,2957200
2011-10-24,84.83,85.18,84.16,84.48,3025600
2011-10-25,83.45,84.5,83.05,83.23,2193000
2011-10-26,83.41,84.13,82.11,83.73,2421100
2011-10-27,85,86.14,84.06,85.22,3728300
2011-10-28,84.65,85.18,84.26,84.93,1904900
2011-10-31,84.55,85.3,83.25,83.25,3073100
2011-11-01,82.37,84.24,81.99,83.35,2790400
2011-11-02,84.04,84.77,83.56,84.43,2620900
2011-11-03,83.89,84.76,82.88,84.7,2623300
2011-11-04,84.52,84.68,83.5,83.81,2097100
2011-11-07,83.69,84.29,83.21,84.16,2055200
2011-11-08,84.14,85.03,83.34,85,2499400
2011-11-09,83.57,84.04,82.77,83.41,2850300
2011-11-10,84.02,84.12,82.45,82.72,2502500
2011-11-11,83.35,83.71,82.68,83.04,2500700
2011-11-14,82.74,83.99,82.72,83.45,1539500
2011-11-15,83.41,84.73,83.15,84.48,1724100
2011-11-16,83.94,84.36,82.86,82.94,2459300
2011-11-17,82.64,83.17,81.19,81.98,2312000
2011-11-18,82.06,82.24,81.44,81.72,2355900
2011-11-21,81.22,81.81,80.79,81.29,1872400
2011-11-22,81.22,82.11,81.05,81.81,1635300
2011-11-23,81.29,81.63,80.41,80.76,2183600
2011-11-25,80.35,81.63,80.3,80.82,826800
2011-11-28,82.76,82.82,81.74,82.23,2005400
2011-11-29,82.64,83.66,82.01,83.51,1917300
2011-11-30,84.93,85.82,84.5,85.3,3558500
2011-12-01,85,87.68,84.96,87.09,3572400
2011-12-02,87.65,88.68,86.62,86.73,2616600
2011-12-05,87.79,88.19,86.65,87.2,1818900
2011-12-06,87.56,88.4,86.93,88.06,2350500
2011-12-07,87.69,87.98,86.19,87.47,2715800
2011-12-08,84.87,86.95,84,85.76,4377800
2011-12-09,84.68,85.3,84.13,84.37,3893100
2011-12-12,84.1,84.6,83.52,84.15,2535900
2011-12-13,84.6,84.71,83.38,83.63,2491200
2011-12-14,83.57,83.92,82.75,82.75,1891000
2011-12-15,83.1,83.33,82.5,82.57,1912000
2011-12-16,83.07,83.63,82.32,82.57,3874600
2011-12-19,82.8,83.38,81.85,82.06,2236700
2011-12-20,83.15,83.91,82.91,83.64,2909500
2011-12-21,83.59,84.41,82.96,83.79,2642200
2011-12-22,83.95,84,83.19,83.77,1677900
2011-12-23,83.69,84.7,83.53,84.66,1043100
2011-12-27,84.5,84.75,83.86,84.58,986700
2011-12-28,84.58,84.66,84.03,84.18,1142900
2011-12-29,84.2,84.4,83.6,84.34,1021300
2011-12-30,84.12,84.34,83.28,83.32,1235500
2012-01-03,84.28,85.08,84.16,84.6,2339500
2012-01-04,84.67,84.95,84.01,84.07,2260200
2012-01-05,83.57,83.64,82.1,83.26,3590500
2012-01-06,83.17,83.17,81.12,81.13,3397400
2012-01-09,80.34,81,78.81,79.01,4798300
2012-01-10,79.37,79.72,79.13,79.15,3647500
2012-01-11,79.32,80.16,78.98,79.99,2415500
2012-01-12,80.19,80.47,79.77,79.95,2502900
2012-01-13,79.87,80.79,79.29,80.61,2658200
2012-01-17,81.24,81.75,80.61,81.42,2747800
2012-01-18,81.29,81.76,80.59,81.76,2418100
2012-01-19,81.7,81.75,81.11,81.21,1994100
2012-01-20,81.3,81.68,80.89,81.41,2304400
2012-01-23,81.3,82,81.22,81.64,1916800
2012-01-24,81.26,81.88,81.15,81.73,1642900
2012-01-25,81.39,82.8,81.23,82.72,2558300
2012-01-26,82.83,83.08,81.8,82.06,1952500
2012-01-27,82.13,82.44,81.38,81.62,2312100
2012-01-30,81.2,81.67,81,81.44,1973300
2012-01-31,81.77,82.3,81.12,82.27,1844900
2012-02-01,82.92,83.94,82.78,83.22,3036300
2012-02-02,83.76,85.89,83.76,85.51,4697900
2012-02-03,86.11,86.18,84.97,85.36,2347900
2012-02-06,84.67,85.2,84.65,85.04,1379000
2012-02-07,84.66,85,84.38,84.56,1574900
2012-02-08,84.45,84.59,83.85,84.28,1662600
2012-02-09,84.27,84.6,84.07,84.53,1317300
2012-02-10,84.12,84.31,83.68,84.2,1689300
2012-02-13,84.55,84.61,83.24,83.87,1556200
2012-02-14,83.47,84.1,83.3,84.1,1186000
2012-02-15,84.48,84.52,83.04,83.24,1570300
2012-02-16,83.51,84.05,83.51,84.05,1771900
2012-02-17,83.94,84.51,83.8,84.47,1966300
2012-02-21,84.6,84.69,83.65,84.26,2345800
2012-02-22,84.35,84.74,83.72,84.31,1955300
2012-02-23,84.31,84.96,83.8,84.77,1996900
2012-02-24,84.99,84.99,84.05,84.4,1262000
2012-02-27,84.17,85.25,84.01,85.09,2344500
2012-02-28,85.03,85.86,84.58,85.27,3529700
2012-02-29,86.19,87.2,85.73,86.06,5345100
2012-03-01,86.54,86.79,85.69,86.16,3051100
2012-03-02,85.71,86.3,85.71,86.23,1956300
2012-03-05,86,87.67,85.83,87.63,3040500
2012-03-06,87.11,87.95,86.95,87.58,3181300
2012-03-07,87.9,87.93,87.2,87.89,2173900
2012-03-08,88.01,88.5,87.84,88.3,1614200
2012-03-09,88.47,89.52,88.38,89.34,1724100
2012-03-12,89.28,89.72,89.06,89.43,1354700
2012-03-13,89.78,90,89.29,89.98,1735400
2012-03-14,89.47,90.96,89.46,90.9,2066800
2012-03-15,90.82,91.6,90.27,91.46,1834300
2012-03-16,91.26,91.5,90.26,90.44,3556600
2012-03-19,90.75,90.76,89.58,90.02,1608300
2012-03-20,89.9,90.49,89.58,90.26,1500400
2012-03-21,90.36,90.95,90.21,90.64,1693900
2012-03-22,90.25,91.09,90.05,90.5,1499300
2012-03-23,90.49,90.63,89.83,90.27,1601400
2012-03-26,90.63,91.53,90.38,91.52,1884800
2012-03-27,91.53,91.78,90.97,91.28,1310700
2012-03-28,91.24,91.49,90.13,90.62,1609000
2012-03-29,90.16,90.72,89.33,89.84,2245600
2012-03-30,90.04,91.15,90.01,90.8,2556600
2012-04-02,90.94,92.1,90.83,91.84,2705100
2012-04-03,91.45,91.76,90.01,90.39,2823000
2012-04-04,90.14,90.5,88.97,89.04,2529400
2012-04-05,87.41,88.87,87.4,88.65,2752600
2012-04-09,87.68,88.14,87.03,87.88,1817700
2012-04-10,87.54,87.59,86.37,86.89,2812100
2012-04-11,87.5,87.59,87.06,87.32,1912600
2012-04-12,87.51,87.56,86.95,87.18,2509800
2012-04-13,86.91,87.14,86.03,86.32,2737800
2012-04-16,86.66,87.12,86.3,86.88,1956700
2012-04-17,87.17,87.86,87.14,87.67,1732900
2012-04-18,87.3,88.49,87.19,88.07,1620100
2012-04-19,87.94,87.94,86.69,87.12,1762800
2012-04-20,87.38,88.07,87.26,87.58,2203100
2012-04-23,87.22,87.3,86.39,86.62,1712500
2012-04-24,86.81,87.2,86.22,86.43,1796800
2012-04-25,86.77,87.45,86.52,87.28,2301900
2012-04-26,87.26,88.46,87,88.08,2443100
2012-04-27,88.39,89.22,88.14,88.69,1597500
2012-04-30,88.7,89,88.13,88.18,1790700
2012-05-01,86.91,88,86.38,86.97,2970500
2012-05-02,86.89,86.95,86.24,86.64,2432800
2012-05-03,85.86,85.94,83.94,84.24,4696600
2012-05-04,84.21,84.43,83.32,83.39,2796800
2012-05-07,83.38,83.74,83,83.15,2042900
2012-05-08,83.02,83.32,81.98,82.64,2609500
2012-05-09,82.22,83.1,82.1,82.62,2416000
2012-05-10,83.4,84.36,83.11,83.88,2600000
2012-05-11,83.84,85.05,83.7,84.6,2863800
2012-05-14,84.26,84.72,83.76,84.3,1656500
2012-05-15,84.1,85.14,84.08,84.58,2165200
2012-05-16,84.88,85.26,84.57,84.91,2149600
2012-05-17,84.86,85.21,83.47,83.47,2022500
2012-05-18,83.7,84.19,82.66,82.94,3152700
2012-05-21,83.19,83.88,82.75,83.73,1598800
2012-05-22,83.47,84.26,83.01,83.38,2244800
2012-05-23,82.98,83.36,82.26,83.31,2915900
2012-05-24,84.25,85.27,83.48,84.48,3558300
2012-05-25,84.9,85.07,84,84.48,2379600
2012-05-29,85.11,86.68,85.08,86.64,3151400
2012-05-30,85.9,86.43,85.77,85.81,3111900
2012-05-31,85.59,87.05,85.58,86.39,3564700
2012-06-01,86,86.16,85.17,85.49,3096100
2012-06-04,85.44,86.6,85.37,86.56,2404300
2012-06-05,86.29,86.96,85.74,86.77,2143800
2012-06-06,86.99,87.83,86.88,87.78,2187100
2012-06-07,88.05,88.7,87.95,88.13,1909700
2012-06-08,88.01,89.2,87.7,88.74,1888800
2012-06-11,89.06,89.15,87.84,87.91,1569500
2012-06-12,88.24,88.56,87.58,88.5,1822500
2012-06-13,88.11,88.41,87.25,87.43,1405000
2012-06-14,87.85,90.08,87.81,89.83,3117300
2012-06-15,90.35,91.64,90.09,91.44,3911800
2012-06-18,91.37,92.09,91.01,92.03,1570900
2012-06-19,91.93,92.67,91.44,91.86,1821400
2012-06-20,91.68,91.93,90.87,91.49,1929900
2012-06-21,91.5,92.35,90.28,90.4,2631700
2012-06-22,90.79,91.29,90.42,90.93,1539800
2012-06-25,90.75,91.25,90.39,90.87,1592600
2012-06-26,91.15,91.79,90.7,91.69,2600100
2012-06-27,91.98,92.21,91,91.32,2087600
2012-06-28,90.83,93,89.91,92.92,4408300
2012-06-29,93.51,95.11,93.43,95,3438000
2012-07-02,95,95.55,94.23,94.4,2279300
2012-07-03,94.51,94.62,94.1,94.42,1120600
2012-07-05,93.46,94.53,93.44,94,1902200
2012-07-06,94.06,94.7,93.46,93.68,1722000
2012-07-09,94,94.34,93.18,93.97,1511300
2012-07-10,94.47,94.75,93.65,93.8,1867600
2012-07-11,93.88,94.72,93.75,94.5,2074100
2012-07-12,94.09,94.24,93.11,94.02,1895200
2012-07-13,94.11,94.97,93.74,94.81,1510000
2012-07-16,94.54,95.36,94.1,95.15,1313900
2012-07-17,95.3,96.35,94.91,96.06,1767900
2012-07-18,95.68,96.43,95.52,95.96,1788400
2012-07-19,96.02,96.38,95.07,95.95,1602300
2012-07-20,95.8,96.4,95.09,95.61,2024400
2012-07-23,95.11,95.11,93.87,94.39,1546900
2012-07-24,94.52,94.52,93.43,94.08,1278300
2012-07-25,94.19,94.25,93.2,93.75,1462300
2012-07-26,94.95,96.13,94.86,95.91,1562100
2012-07-27,96.15,97.76,96.07,97.11,1564700
2012-07-30,97.11,97.3,96.14,96.46,1838100
2012-07-31,96.14,96.58,95.56,96.18,1361900
2012-08-01,96.43,97.17,95.63,95.94,2839100
2012-08-02,95.6,96.34,95,95.7,1373500
2012-08-03,97,97.38,96.71,97.21,1371600
2012-08-06,97.18,97.2,96.42,96.5,1071400
2012-08-07,96.72,96.93,95.75,95.8,1705400
2012-08-08,95.94,96.35,95.44,95.63,1369700
2012-08-09,95.82,95.9,95.05,95.37,1007000
2012-08-10,95.02,95.43,94.51,95.3,1214900
2012-08-13,95.08,95.63,94.84,95.63,830500
2012-08-14,96,96,95.37,95.67,1187400
2012-08-15,95.84,96.89,95.51,96.47,1082300
2012-08-16,96.23,96.61,95.7,96.48,1638100
2012-08-17,96.79,96.84,95.86,96.14,1520600
2012-08-20,96,96.12,95.64,96.02,684400
2012-08-21,95.95,96.13,95.16,95.29,1256200
2012-08-22,95.33,95.98,95.05,95.53,842300
2012-08-23,95.18,95.49,94.69,94.74,1155700
2012-08-24,94.68,96.41,94.39,96.25,1257400
2012-08-27,96.15,96.85,95.83,96.64,1112100
2012-08-28,96.32,97.13,96.21,96.57,908000
2012-08-29,95.6,97.27,95.6,97.11,1494700
2012-08-30,97.56,99.06,96.55,98.59,2426400
2012-08-31,99.28,99.28,97.71,97.87,1692600
2012-09-04,97.79,98.61,97.07,98.15,1184800
2012-09-05,98.25,98.48,97.77,98.22,1156500
2012-09-06,98.72,99.99,98.72,99.98,1462500
2012-09-07,100,100,99.17,99.72,937600
2012-09-10,99.49,100.71,99.34,100.45,1288500
2012-09-11,100.37,100.54,99.46,99.52,1626900
2012-09-12,99.99,100.96,99.5,100.89,1770600
2012-09-13,100.79,102.89,100.54,102.75,1901900
2012-09-14,102.68,102.88,101.95,102.18,3195300
2012-09-17,102.1,102.78,101.98,102.25,1306900
2012-09-18,102.2,102.21,101.7,101.99,1464100
2012-09-19,102.4,102.42,101.71,101.88,1664000
2012-09-20,101.58,102.68,101.5,102.64,1356100
2012-09-21,102.76,103.51,102.08,102.36,3328600
2012-09-24,102.75,102.95,102.22,102.61,1223800
2012-09-25,102.48,103.11,101.43,101.44,1790400
2012-09-26,101.86,102.77,100.96,101,1635200
2012-09-27,101.06,101.7,100.13,100.3,1821100
2012-09-28,100.22,100.46,99.75,100.16,1788700
2012-10-01,100.63,101.87,100.29,100.51,1873600
2012-10-02,100.86,101.37,99.33,99.49,2050700
2012-10-03,99.25,99.96,98.75,99.62,2787900
2012-10-04,100,101.69,99.96,101.48,2051800
2012-10-05,101.8,102.4,101.54,101.79,1192300
2012-10-08,101.59,101.77,101.06,101.35,813100
2012-10-09,101.35,101.77,99.56,99.64,1606500
2012-10-10,102.4,104.43,101.3,101.56,5739800
2012-10-11,101.83,102,98.3,98.32,4753200
2012-10-12,98.06,98.48,96.18,97.55,7552500
2012-10-15,98.07,98.13,96.44,96.51,4005200
2012-10-16,96.97,97.52,96.51,97,3788300
2012-10-17,97.15,97.36,95.78,96.78,4113700
2012-10-18,96.87,97.36,96.25,96.33,2804300
2012-10-19,96.1,96.23,94.46,94.78,3859900
2012-10-22,94.68,95.32,94.13,95,3097700
2012-10-23,94.47,95.81,93.84,95.18,3357400
2012-10-24,95.04,96.25,94.5,95.62,4327600
2012-10-25,96,96.63,95.77,96.62,2734800
2012-10-26,96.42,97.52,96.12,96.94,2998900
2012-10-31,97.89,98.78,97.4,98.43,3534300
2012-11-01,98.59,98.8,97.13,97.13,2941200
2012-11-02,97.85,98.12,96.04,96.12,2025500
2012-11-05,95.76,97.8,95.45,97.73,2199500
2012-11-06,97.98,99.6,97.92,98.79,2410300
2012-11-07,97.93,98.12,96.06,97.3,2620100
2012-11-08,96.96,97.44,94.74,94.74,2906000
2012-11-09,94.51,96.2,94.43,95.46,2542800
2012-11-12,95.42,96.16,95.09,95.98,1632800
2012-11-13,95.46,96.63,95.25,95.69,2328400
2012-11-14,95.6,95.97,94.16,94.47,3587500
2012-11-15,94,95.88,93.51,95.7,2445500
2012-11-16,95.52,96.23,94.64,95.69,3105400
2012-11-19,96.68,96.83,95.37,96.57,2877500
2012-11-20,96.79,97.12,96.2,97.12,1783200
2012-11-21,97.22,97.4,96.47,96.74,1045500
2012-11-23,97,97.93,96.56,97.92,671900
2012-11-26,97.36,97.53,95.83,96.26,1531200
2012-11-27,96.3,97.33,95.77,96.51,2428000
2012-11-28,100.44,102.62,100,102.58,10407800
2012-11-29,103.08,103.21,101.56,101.88,6360500
2012-11-30,102.48,104.5,101.66,103.92,4951400
2012-12-03,104.82,104.82,103.9,104.59,4268800
2012-12-04,104.55,104.92,104.02,104.4,3850200
2012-12-05,104.56,105.97,104.3,105.95,8470800
2012-12-06,98.44,99.63,98.08,98.47,5057500
2012-12-07,98.88,99.01,98.17,98.56,3093800
2012-12-10,98.9,99.27,98.55,98.95,2317000
2012-12-11,99,99.65,98.07,98.31,4021200
2012-12-12,99.02,99.39,97.25,97.72,5390300
2012-12-13,98.05,98.87,97.34,97.85,2715100
2012-12-14,97,97.96,96.85,96.92,2160800
2012-12-17,97.01,98.9,97,98.78,2847800
2012-12-18,98.9,99.96,98.64,99.86,2900500
2012-12-19,99.49,100.22,98.64,98.68,3153300
2012-12-20,99.22,99.43,98.14,99.2,1964100
2012-12-21,98.43,99.55,97.64,99.49,4167700
2012-12-24,99.12,99.94,98.78,99.44,933700
2012-12-26,99.26,99.7,98.12,98.68,1456300
2012-12-27,98.52,98.72,97.13,97.92,2057400
2012-12-28,97.17,97.89,96.94,96.97,1651300
2012-12-31,96.85,98.93,96.51,98.73,2412700
2013-01-02,100.6,101.45,100.21,101.45,3153800
2013-01-03,102.11,103.02,101.76,102.49,3872400
2013-01-04,102.55,102.91,101.55,102.16,1989000
2013-01-07,101.09,101.73,100.9,101.37,1663900
2013-01-08,101,101.79,100.73,101.18,2189900
2013-01-09,101.03,101.5,100.75,101.23,1834400
2013-01-10,101.35,101.5,100.13,100.74,2328500
2013-01-11,101,101.49,100.07,100.28,2206300
2013-01-14,100.34,101.9,99.7,100.37,2155100
2013-01-15,99.85,101.52,99.81,101.15,1725200
2013-01-16,100.73,101.61,100.65,101.53,1201700
2013-01-17,101.57,101.75,100.96,100.96,2095400
2013-01-18,100.9,101.45,100.62,101.2,2341600
2013-01-22,101.43,102.17,101.17,102.15,2004500
2013-01-23,102.3,102.75,101.77,102.12,1442800
2013-01-24,102.39,103.53,102.29,102.89,1515400
2013-01-25,102.96,103.13,102.01,102.36,1612800
2013-01-28,102.62,102.75,102,102.49,1631700
2013-01-29,102.15,103.53,102.1,103.36,2073100
2013-01-30,103,103.11,102.3,102.53,1939800
2013-01-31,102.5,103.15,102.11,102.34,1656300
2013-02-01,102.89,104.35,102.59,104.15,2316000
2013-02-04,104.11,104.11,102.34,102.48,1728600
2013-02-05,102.75,103.97,102.28,103.31,1842400
2013-02-06,102.88,103.19,100.94,101.7,3192000
2013-02-07,101.77,102.31,101.2,101.85,3007300
2013-02-08,102.38,102.96,101.81,102.79,1726400
2013-02-11,102.87,102.94,101.76,101.99,1457400
2013-02-12,102.21,102.23,101.53,101.76,1203200
2013-02-13,101.98,102.37,100.95,101.63,1224400
2013-02-14,101.04,102.06,101.01,102.02,2211200
2013-02-15,101.79,103.13,101.03,102.17,4239800
2013-02-19,102.35,102.4,101.47,101.9,1894200
2013-02-20,102.18,102.63,101.05,101.08,1915100
2013-02-21,101.17,101.42,100.26,100.69,2730500
2013-02-22,101.07,101.3,100.23,101.16,1576200
2013-02-25,101.64,102.13,100.06,100.09,1644000
2013-02-26,100.1,100.76,99.31,99.45,2915100
2013-02-27,99.67,101.54,98.95,100.73,2511000
2013-02-28,101.07,102.37,100.79,101.29,2213200
2013-03-01,100.82,101.65,100.26,101.42,1790100
2013-03-04,101.26,103.46,101.16,103.43,1942000
2013-03-05,103.68,103.88,102.75,103.15,1611700
2013-03-06,103.15,103.49,102.36,102.56,1254400
2013-03-07,103.55,103.98,101.9,101.97,2603300
2013-03-08,102.58,103.26,101.86,103.04,1549200
2013-03-11,103.55,103.69,102.35,102.44,2120800
2013-03-12,103.61,105.52,103.26,103.75,3795000
2013-03-13,103.99,104.19,102.91,103.42,2459100
2013-03-14,103.27,104.03,102.91,102.91,2316700
2013-03-15,102.55,102.99,101.51,101.75,4001800
2013-03-18,101.34,102.01,101.01,101.68,2138000
2013-03-19,101.86,102.54,101.13,102.12,2240300
2013-03-20,102.44,103.36,102.34,103.08,2316400
2013-03-21,102.85,103.97,102.68,103.52,2216900
2013-03-22,103.46,105.12,103.44,105.11,2036100
2013-03-25,105.19,105.77,104.56,105.47,2315300
2013-03-26,105.69,106.01,105.44,105.97,1452800
2013-03-27,105.24,106.77,105.04,106.64,1971500
2013-03-28,106.66,107.06,105.61,106.11,1672900
2013-04-01,106,106.59,105.38,105.81,1005700
2013-04-02,106.27,107.75,106.03,107.68,1831900
2013-04-03,107.5,107.74,106,106.36,1833200
2013-04-04,106.26,106.89,105.46,106.36,1575700
2013-04-05,105.3,105.97,104.45,105.8,1678900
2013-04-08,106.45,107.09,105.87,107.04,1077600
2013-04-09,107.25,107.28,105.59,105.79,1947300
2013-04-10,105.73,106.52,105.53,105.75,1757200
2013-04-11,105.88,106.4,105.19,106.01,2319400
2013-04-12,106.14,106.79,105.65,106.13,1437700
2013-04-15,105.45,106.22,104.13,104.21,1818400
2013-04-16,104.73,105.79,104.55,105.55,2796500
2013-04-17,104.77,105.25,104.34,104.77,1882600
2013-04-18,104.76,105.12,103.33,103.61,1854300
2013-04-19,103.2,104.65,103.2,104.45,2215600
2013-04-22,104.43,105.78,104.27,105.16,2048400
2013-04-23,105.74,107.35,105.54,107.25,1731100
2013-04-24,107.46,108.35,107.3,107.83,2234300
2013-04-25,108.35,109.34,107.8,109.13,1848100
2013-04-26,108.9,109.75,108.38,109.27,2146700
2013-04-29,109.3,109.47,108.47,108.63,1728300
2013-04-30,108.12,108.57,107.68,108.43,1561400
2013-05-01,108.13,109,107.96,108.22,1199400
2013-05-02,108.17,109.29,107.72,108.69,1442900
2013-05-03,109.93,110.41,109.01,109.75,1407600
2013-05-06,109.71,110.25,109.03,109.09,1112700
2013-05-07,109.02,109.78,108.66,109.71,1617400
2013-05-08,109.9,110.25,109.4,109.61,863800
2013-05-09,109.88,110.15,108.88,109.14,1306300
2013-05-10,109.41,110.15,109.17,109.99,1239600
2013-05-13,109.69,110.32,109.6,110.01,1246600
2013-05-14,110.29,111.72,109.89,111.39,1932800
2013-05-15,110.86,112.95,110.69,112.82,1810600
2013-05-16,112.59,113,111.22,111.51,1533600
2013-05-17,112.21,113.19,111.64,113.05,1678300
2013-05-20,113.06,113.13,111.95,112.02,1664300
2013-05-21,112.48,113.96,112.21,113.48,1946000
2013-05-22,113.33,114.72,112.93,113.38,2524300
2013-05-23,112.73,114.2,111.85,113.19,2225200
2013-05-24,112.48,114.69,112.25,114.39,1769800
2013-05-28,115.1,115.77,114.03,114.83,2693700
2013-05-29,114.53,114.65,112.74,112.95,1834000
2013-05-30,114.28,115.49,111.87,111.88,3459400
2013-05-31,112.12,112.74,109.63,109.63,3537200
2013-06-03,109.92,111.05,108.57,110.88,2341400
2013-06-04,110.86,111.81,109.9,110.66,1855200
2013-06-05,110.12,110.59,108.88,109.17,2018400
2013-06-06,109.54,111.13,109.38,111.09,2186800
2013-06-07,111.24,111.95,110.17,110.58,2013400
2013-06-10,110.93,111.03,109.64,110.31,1563900
2013-06-11,109.75,111,109.52,110.02,1066300
2013-06-12,110.75,110.82,109.11,109.4,1320200
2013-06-13,109.17,111.14,109.02,110.88,1230500
2013-06-14,110.37,111.62,110.33,111,1318000
2013-06-17,111.75,112.5,110.94,111.7,1441700
2013-06-18,111.54,112.2,111.2,112.09,1250200
2013-06-19,112.23,112.59,110.14,110.19,1458600
2013-06-20,109.73,109.73,107.38,107.56,2211900
2013-06-21,108.39,109.58,107.9,108.65,3111500
2013-06-24,107.46,110.6,107.44,109.64,1832300
2013-06-25,110.68,110.68,109.24,110.25,1607800
2013-06-26,110.45,111.47,110.1,111.18,1539200
2013-06-27,111.57,112.35,111.24,111.49,922200
2013-06-28,111.21,112.22,110.52,110.57,1853600
2013-07-01,111.55,111.81,110.32,110.43,1112700
2013-07-02,110.63,111.87,110.45,110.85,1279700
2013-07-03,110.43,111.29,110.06,110.91,752200
2013-07-05,112.24,112.31,110.71,111.76,1366700
2013-07-08,112.34,112.97,112.07,112.62,1525200
2013-07-09,113.09,113.6,112.75,113.35,1360800
2013-07-10,113.48,114.04,113.31,113.65,1274300
2013-07-11,114.84,115.94,114.34,115.89,1549900
2013-07-12,115.47,116.88,115.2,116.46,2233300
2013-07-15,116,116.24,115.12,115.89,1156500
2013-07-16,116.17,116.74,115.55,116.53,1295200
2013-07-17,116.96,117.7,116.35,117.4,1276900
2013-07-18,117.34,117.6,116.4,117.06,1180700
2013-07-19,117.58,118.14,116.57,118.07,1639200
2013-07-22,118.82,118.83,117.65,118.05,1158000
2013-07-23,118.37,119.15,118.29,119.1,1079600
2013-07-24,119,119.39,117.25,117.9,1726900
2013-07-25,117.09,117.68,116.66,117.45,1352200
2013-07-26,116.77,117,115.54,116.57,1863100
2013-07-29,116.48,117.7,116.24,117.14,1198100
2013-07-30,117.84,118.31,116.77,116.93,1162500
2013-07-31,117.55,118.1,116.97,117.42,1925200
2013-08-01,118.07,118.6,117.65,118.34,1255700
2013-08-02,118.3,119.5,117.92,119.37,1503600
2013-08-05,119.45,120.2,118.94,120.07,1336700
2013-08-06,119.24,119.92,119.02,119.5,1308500
2013-08-07,119.15,119.52,118.46,119.34,1297600
2013-08-08,118.06,118.91,116.08,117.39,2372700
2013-08-09,116.86,117.25,115.37,115.63,1676800
2013-08-12,115.59,116.21,115.02,115.73,1596800
2013-08-13,116.34,116.35,114.75,115.65,1230300
2013-08-14,115.15,115.25,113.59,113.78,1656500
2013-08-15,112.46,112.78,111.51,111.79,1656600
2013-08-16,111.77,112.51,111.65,111.9,1651000
2013-08-19,111.9,112.94,111.8,112.08,1259500
2013-08-20,112.24,113.29,112.1,112.84,1448500
2013-08-21,112.63,112.87,111.85,111.96,1329300
2013-08-22,112.05,112.58,111.9,112.24,998500
2013-08-23,112.59,113.49,111.66,113.07,1444900
2013-08-26,113,113.12,111.84,111.87,1031500
2013-08-27,111.23,111.87,111.03,111.67,1415500
2013-08-28,111.72,111.72,110.36,110.46,1648900
2013-08-29,110.29,111.89,110.19,111.39,1388000
2013-08-30,111.74,112.19,111.15,111.87,1207700
2013-09-03,112.81,113.13,111.55,111.98,1204600
2013-09-04,111.99,112.28,111.35,111.5,1397900
2013-09-05,113,115.1,113,114.62,2564100
2013-09-06,114.3,115.01,113.12,114.35,2232000
2013-09-09,114.17,115.47,113.93,115.35,1262000
2013-09-10,115.85,117.56,115.53,117.32,1665400
2013-09-11,117.57,119.34,117.5,119.25,1808600
2013-09-12,119.06,119.33,117.86,118.19,1371000
2013-09-13,118.53,118.57,116.91,117.03,1661000
2013-09-16,118.36,118.46,116.96,117.35,1767100
2013-09-17,117.3,118.52,117.09,117.91,990900
2013-09-18,117.68,119.06,116.96,118.64,1858800
2013-09-19,119.07,119.47,118.64,119.2,1219500
2013-09-20,119.36,119.45,117.61,117.94,2587100
2013-09-23,117.08,118.17,117.05,117.57,1762600
2013-09-24,117.32,118.08,116.32,116.34,1650000
2013-09-25,116.45,116.57,115,115.41,2268800
2013-09-26,115.89,116.48,115.24,116.4,1039100
2013-09-27,115.61,116.21,115.42,115.72,897500
2013-09-30,115.03,115.56,114.74,115.17,1829000
2013-10-01,115.11,115.17,114.65,115,1452200
2013-10-02,114.62,115.09,114.32,114.82,1640200
2013-10-03,114.34,115.14,113.9,114.42,1608000
2013-10-04,114.18,114.95,114.03,114.44,1084900
2013-10-07,113.81,114.17,113.36,113.41,1293900
2013-10-08,113.49,113.79,112.12,112.21,2148600
2013-10-09,111.08,115.23,110.15,114.59,5852500
2013-10-10,114.98,115.96,114.13,115.7,2388300
2013-10-11,115.16,116,114.74,115.9,1563000
2013-10-14,115.01,116.3,115.01,116.26,1195100
2013-10-15,115.76,116.11,115.27,115.36,1503100
2013-10-16,116.27,117.49,115.62,117.36,1854900
2013-10-17,117.23,118.7,117.1,118.26,2099700
2013-10-18,118.32,118.35,116.63,117.64,2727100
2013-10-21,117.41,117.5,116.75,117.38,1454600
2013-10-22,117.18,118.89,117.09,117.81,1386000
2013-10-23,117.25,118.03,117.02,117.16,1183200
2013-10-24,115.54,116.8,115.18,116.24,2250100
2013-10-25,115.97,116.46,115.29,116.44,1840100
2013-10-28,116.2,118.29,116.2,117.35,1802400
2013-10-29,117.67,118.99,117.37,118.75,1881000
2013-10-30,118.59,118.9,117.21,117.76,1108600
2013-10-31,117.86,118.6,117.47,118,1587700
2013-11-01,118.71,119.8,118.55,119.62,2185100
2013-11-04,120,120.4,119.26,120.34,1588900
2013-11-05,120.15,120.43,119.1,120.13,1419700
2013-11-06,120.44,124.56,120.32,124.07,3059000
2013-11-07,124.74,124.74,122.51,122.78,2459500
2013-11-08,122.21,122.89,121.12,122.78,2314300
2013-11-11,122.74,123.67,122.1,123.02,1275700
2013-11-12,121.61,122.73,121.52,122.45,1588000
2013-11-13,121.91,123.17,121.6,123.17,1679300
2013-11-14,123.39,124.06,122.85,123.74,1488000
2013-11-15,123.66,124.69,123.39,124.29,1784200
2013-11-18,124.66,124.66,122.92,123.31,1327600
2013-11-19,123.54,124.1,123.12,123.63,1233600
2013-11-20,124,124.21,122.43,122.76,1135900
2013-11-21,122.95,124.2,122.31,123.89,1164200
2013-11-22,124.26,125.35,124,125.21,1502000
2013-11-25,125.67,126.12,124.9,125.17,1391900
2013-11-26,125.21,126.12,125.04,125.18,1597700
2013-11-27,125.65,125.89,125.2,125.38,873400
2013-11-29,125.7,126.03,125.14,125.43,725400
2013-12-02,125.66,125.69,123.45,123.69,1444900
2013-12-03,123.72,123.97,122.97,123.82,1767900
2013-12-04,123.26,124.46,122.36,122.97,1644000
2013-12-05,121.5,122.35,120.5,120.95,3329000
2013-12-06,122,122.15,121.02,122.06,1734800
2013-12-09,122.82,122.84,121.38,121.66,2192500
2013-12-10,121.19,121.48,119.97,120.04,3163300
2013-12-11,118.1,120.3,116.97,118.57,6113600
2013-12-12,118.52,119.4,118.1,118.22,2023600
2013-12-13,119.01,119.05,117.41,117.91,1722600
2013-12-16,117.92,118.9,117.53,118,2069500
2013-12-17,118.17,118.36,117.02,117.55,1722800
2013-12-18,117.78,118.6,115.85,118.5,3167600
2013-12-19,117.84,118.44,117.25,117.99,2339400
2013-12-20,117.69,119.05,117.69,118.53,3007000
2013-12-23,119.1,119.13,118.13,118.69,1181600
2013-12-24,118.69,118.85,118.18,118.69,612500
2013-12-26,118.68,119.11,118.59,118.63,1169900
2013-12-27,118.87,119.31,118.25,118.53,995100
2013-12-30,118.95,119.37,118.57,118.77,812800
2013-12-31,119.19,119.71,118.71,119.02,1181700
2014-01-02,118.71,119.3,117.74,117.81,1618400
2014-01-03,118.21,118.36,117.13,117.29,1293500
2014-01-06,117.49,117.75,115.89,116.4,2120200
2014-01-07,116.39,116.56,115.38,115.86,2292500
2014-01-08,116.04,116.04,113.92,114.05,4600000
2014-01-09,116.2,119.1,114.05,118.51,5759400
2014-01-10,118.2,118.65,116.66,117.85,2790200
2014-01-13,117.06,117.53,114.58,114.77,3164200
2014-01-14,115.2,116.83,115.12,116.23,2320600
2014-01-15,116.07,116.69,115.25,116.24,1847500
2014-01-16,116.44,116.47,115.3,115.56,1938200
2014-01-17,115.6,116.61,115.43,116.29,2708100
2014-01-21,115.61,116.11,114.84,114.93,2110800
2014-01-22,115.01,115.16,113.69,113.75,2501600
2014-01-23,113.5,113.53,112.4,112.8,2162300
2014-01-24,112.69,112.87,111.92,112.13,3183100
2014-01-27,112.56,113.73,112.03,113.08,3784900
2014-01-28,113.53,114.76,113.44,114.38,2362100
2014-01-29,114.05,114.19,112.11,112.23,2356000
2014-01-30,112.75,113.49,112.09,112.73,1625800
2014-01-31,111.29,113.28,111.13,112.36,2143600
2014-02-03,112.96,113,110.05,110.18,3111900
2014-02-04,110.73,111.33,109.5,110.89,2529600
2014-02-05,110.22,110.8,109.8,110.51,2374200
2014-02-06,113.01,114.58,113,114.26,3738900
2014-02-07,114.08,114.61,113.38,114.04,2194100
2014-02-10,114.04,114.1,112.58,113.85,1871700
2014-02-11,113.91,115.15,113.5,114.99,1768900
2014-02-12,114.88,115.43,114.3,114.81,1737700
2014-02-13,114.14,115.93,114.14,115.81,1583300
2014-02-14,115.16,116.49,114.5,116.1,1517900
2014-02-18,116.3,116.41,114.92,115.36,2056500
2014-02-19,115.11,115.3,114.27,114.91,1802600
2014-02-20,114.57,115.55,113.88,115.06,1837100
2014-02-21,115.4,115.49,112.92,113.19,3654300
2014-02-24,113.46,114.81,113.2,113.94,2281900
2014-02-25,114,115.89,114,115.46,1920800
2014-02-26,115.5,116.83,115.37,115.88,1924500
2014-02-27,116.03,116.42,115.28,116.22,1374400
2014-02-28,116.5,117.47,115.89,116.8,2103000
2014-03-03,116.22,117.07,115.11,115.75,1667000
2014-03-04,116.61,116.91,115.85,116.65,1808300
2014-03-05,116.57,116.95,115.81,116.47,2305700
2014-03-06,113.15,114.64,112.27,113.26,8921900
2014-03-07,113.8,114.01,113.14,113.5,2905600
2014-03-10,113.21,114.59,113,114.59,2319100
2014-03-11,114.56,114.75,113.92,114.71,2201800
2014-03-12,114.39,115.62,114.25,115.21,2173400
2014-03-13,115.66,115.79,114.19,114.41,2519600
2014-03-14,114.95,114.95,113.33,113.45,2290000
2014-03-17,114.14,114.46,113.39,113.46,2189200
2014-03-18,113.9,114.12,113.02,113.85,2501000
2014-03-19,113.54,114.25,112.46,112.85,1635600
2014-03-20,112.56,113.22,112.13,113.16,1408200
2014-03-21,114.41,114.58,113.3,113.83,4442300
2014-03-24,113.99,114,112.89,113.37,2501700
2014-03-25,113.82,114.46,113.79,113.93,2199400
2014-03-26,114.28,114.47,112.46,112.49,1905900
2014-03-27,112.5,112.94,111.82,112.03,2039500
2014-03-28,112.35,112.79,111.15,111.66,2795500
2014-03-31,111.94,112.28,111.57,111.68,2119500
2014-04-01,112.21,112.55,111.51,111.86,2566200
2014-04-02,111.9,112.01,110.94,111.55,3296800
2014-04-03,111.74,112.15,111.28,111.7,2328900
2014-04-04,111.95,112,110.63,110.65,2716200
2014-04-07,110.73,111.13,110.36,110.79,3119400
2014-04-08,110.56,112.74,110.38,112.66,3863900
2014-04-09,112.72,113.14,112.11,113.05,2899600
2014-04-10,114.12,114.44,111.94,112.08,3305100
2014-04-11,111.44,112.78,111.4,112.08,3097800
2014-04-14,112.49,113,111.53,112.56,2519000
2014-04-15,112.58,112.96,111.45,112.06,2123700
2014-04-16,112.8,113.64,112.27,113.49,2455000
2014-04-17,113.52,114.03,113.12,113.5,1659000
2014-04-21,113.51,114.1,113.4,114.1,1826800
2014-04-22,114,114.23,113.51,113.56,2315100
2014-04-23,113.48,114.99,113.33,114.79,1991200
2014-04-24,114.9,115.31,114.14,115.03,1939300
2014-04-25,114.85,115.3,114.2,115.01,1721200
2014-04-28,115.1,116.61,115.1,115.59,3018800
2014-04-29,115.38,115.95,115.16,115.4,1580300
2014-04-30,115.04,115.76,114.76,115.68,1633800
2014-05-01,115.68,116,114.94,115.56,1168000
2014-05-02,116.14,116.14,115.06,115.15,1321100
2014-05-05,115.06,115.06,113.93,114.49,1398000
2014-05-06,114.28,114.49,112.77,112.83,1945300
2014-05-07,112.83,113.09,111.61,111.98,2950600
2014-05-08,113.08,114.82,112.97,114.73,2556900
2014-05-09,114.55,115.67,114.3,115.39,1954600
2014-05-12,115.78,116.91,115.58,116.51,1940500
2014-05-13,116.32,116.6,116.08,116.29,1229400
2014-05-14,115.73,116.1,114.86,115.13,1255300
2014-05-15,114.76,114.8,113.62,114.35,1883200
2014-05-16,114.58,115.82,114.36,115.61,2145300
2014-05-19,115.09,116.55,114.87,116.37,2212800
2014-05-20,115.79,116.11,114.98,115.13,2126900
2014-05-21,115.1,115.32,114.16,114.52,1712700
2014-05-22,114.53,115,114.4,114.73,1059900
2014-05-23,115.07,115.15,114.51,114.94,1100300
2014-05-27,115,115.22,113.62,113.87,2583900
2014-05-28,114,114.95,113.96,114.24,2388800
2014-05-29,114.58,115.19,113.51,114.14,2976700
2014-05-30,114.61,116.09,114.01,116.02,2622400
2014-06-02,115.84,116.14,115.54,115.68,1082100
2014-06-03,115.47,116,115.27,115.51,1127400
2014-06-04,115.29,116.49,115.27,116.31,1293000
2014-06-05,117,117.94,116.72,117.75,2614300
2014-06-06,117.69,118.24,117.58,118.23,1664800
2014-06-09,118.21,118.85,117.47,117.78,1623100
2014-06-10,117.37,117.73,116.9,117.1,1089100
2014-06-11,116.46,116.94,115.98,116.24,1117100
2014-06-12,116.13,116.43,115.07,115.44,1423400
2014-06-13,115.7,115.7,114.67,115.3,1230000
2014-06-16,115.32,115.46,114.95,115.43,1503100
2014-06-17,115.4,115.79,115.14,115.45,1505800
2014-06-18,115.66,116.34,115.07,116.27,2113100
2014-06-19,116.57,116.58,115.78,116.26,1635800
2014-06-20,116.65,116.65,115.09,115.36,2958000
2014-06-23,115.2,115.32,114.51,115.22,1501600
2014-06-24,115.53,116.51,115.08,116.31,1906600
2014-06-25,116,116.45,115.68,116.27,1188700
2014-06-26,116.24,116.5,115.28,115.64,1252100
2014-06-27,115.63,115.75,115.01,115.49,2477300
2014-06-30,115.62,116.09,115.1,115.16,1386600
2014-07-01,115.54,115.7,114.9,115.44,1501700
2014-07-02,115.25,115.91,115.25,115.75,1122200
2014-07-03,115.86,116.59,115.8,116.35,976000
2014-07-07,116.33,116.49,115.88,116.32,1576900
2014-07-08,116.45,117.65,116.11,117.46,2584200
2014-07-09,117.21,117.99,117.11,117.92,2328100
2014-07-10,117.5,118.64,117.5,118.08,2266400
2014-07-11,118.13,118.25,117.09,118.01,1684700
2014-07-14,118.21,118.49,117.3,117.36,1695500
2014-07-15,118.16,118.25,117.18,117.82,2634200
2014-07-16,118.09,118.44,117.66,117.85,1531200
2014-07-17,117.35,117.54,116.58,116.79,1433300
2014-07-18,117.32,117.8,116.61,117.74,2148600
2014-07-21,117.43,117.91,116.86,117.04,1334400
2014-07-22,117.28,118.04,117.1,117.55,1769000
2014-07-23,117.41,117.76,117.27,117.59,1155200
2014-07-24,117.5,118.28,117.46,118.14,1347700
2014-07-25,117.96,118.03,117.07,117.55,1543700
2014-07-28,117.44,117.66,116.81,117.12,1402600
2014-07-29,118.93,119.6,118.53,118.9,2544900
2014-07-30,118.79,119.07,117.44,118.18,2024900
2014-07-31,117.54,118.34,117.28,117.54,2476800
2014-08-01,117.8,118.33,117.46,117.88,2089500
2014-08-04,117.55,118.38,117.11,118.15,1683800
2014-08-05,117.5,118.2,117.29,118.05,1798600
2014-08-06,117.95,119.97,117.8,119.59,2859800
2014-08-07,118.22,119,117.47,117.8,2698200
2014-08-08,117.96,119.4,117.81,119.16,2319900
2014-08-11,119.4,119.51,118.7,119.18,1227600
2014-08-12,118.77,119.27,118.55,119.01,1082100
2014-08-13,119,119.1,118.25,118.64,1449700
2014-08-14,118.51,119.27,118.31,119.26,1067900
2014-08-15,119.91,119.95,117.78,118.57,2019900
2014-08-18,119,119.68,118.95,119.46,1232900
2014-08-19,119.38,120.75,119.24,120.61,1708900
2014-08-20,120.45,121.23,120.09,120.91,1287200
2014-08-21,120.79,121.88,120.72,121.62,1544300
2014-08-22,121.9,122.06,121.15,121.29,1401400
2014-08-25,121.79,122,121.12,121.39,1097300
2014-08-26,121.43,121.59,120.86,121.09,1385400
2014-08-27,121.58,121.58,120.83,121.24,1028200
2014-08-28,121.01,121.25,120.7,120.97,799400
2014-08-29,121.68,121.68,120.58,121.08,1047300
2014-09-02,121,121.63,120.9,121.56,1469900
2014-09-03,121.7,121.94,121.11,121.35,1901000
2014-09-04,123,125.17,122.56,125.15,4440300
2014-09-05,125.04,127.03,124.71,127.01,2910600
2014-09-08,127.05,127.32,126.26,126.6,2057400
2014-09-09,126.14,126.49,125.74,126.11,1500500
2014-09-10,126.31,126.49,125.87,126.17,1014900
2014-09-11,126.16,126.53,125.64,125.94,1511200
2014-09-12,126.25,126.25,125.02,125.37,1598300
2014-09-15,125.57,126.53,125.45,125.71,1615300
2014-09-16,125.6,126.79,125.52,126.43,1684400
2014-09-17,126.03,126.56,125.67,126.01,1594000
2014-09-18,126.21,126.8,125.96,126.48,1401500
2014-09-19,127.29,127.29,126.47,126.5,3018500
2014-09-22,126.37,126.5,125.58,125.83,1453700
2014-09-23,125.96,125.99,125.21,125.51,1563100
2014-09-24,126.09,127.78,125.58,127.62,2076300
2014-09-25,127.45,127.55,125.6,125.66,1819900
2014-09-26,125.41,125.67,124.38,125.54,2045300
2014-09-29,125.03,125.6,124.78,125.32,1171000
2014-09-30,124.86,125.6,124.77,125.32,1665300
2014-10-01,125.25,125.68,124.45,124.76,1408700
2014-10-02,124.99,126.21,124.82,125.79,1545800
2014-10-03,126.2,127.65,126.01,127.09,1770300
2014-10-06,127.56,127.67,125.93,126.21,1907500
2014-10-07,125.35,125.83,124.75,125.27,2334100
2014-10-08,128.2,128.95,127.16,128.73,4262500
2014-10-09,128.22,130.74,128.19,128.41,2962700
2014-10-10,128.26,131.41,128.26,128.9,3353000
2014-10-13,128.57,128.85,126.89,126.97,2445200
2014-10-14,127.5,127.98,125.27,126.25,4003500
2014-10-15,125.1,125.7,123.28,124.3,3784300
2014-10-16,122.68,123.85,122.05,122.95,3542900
2014-10-17,123.77,125.75,123.18,124.65,3198900
2014-10-20,124.83,128.87,124.65,128.42,3499800
2014-10-21,128.94,130.65,128.17,130.28,2105600
2014-10-22,130.56,131.59,130.32,130.54,1880000
2014-10-23,131.03,131.48,130.35,130.59,1763600
2014-10-24,128.58,130.54,128.56,130.44,2490300
2014-10-27,129.24,131.26,129.24,130.92,1629600
2014-10-28,130.97,131.5,130.16,131.06,1439700
2014-10-29,131.29,132,130.93,131.93,1705800
2014-10-30,131.5,133.31,131.33,133,1302100
2014-10-31,134.45,134.5,132.71,133.37,2373900
2014-11-03,133.82,134.29,133.37,134.27,1947000
2014-11-04,134.61,136.72,133.99,136.55,2802500
2014-11-05,137.49,137.81,136.03,136.5,2116800
2014-11-06,137.39,137.67,136.6,137.09,1685900
2014-11-07,137.05,137.91,136.52,137.71,1589400
2014-11-10,137.85,137.89,135.98,137.69,1958000
2014-11-11,137.78,137.95,136.66,137.05,1495500
2014-11-12,136.7,137.35,136.15,136.9,1910200
2014-11-13,137.64,138.76,137.34,138.71,2235900
2014-11-14,138.93,138.93,138.07,138.48,1598600
2014-11-17,137.21,138.5,137.21,138.47,1228100
2014-11-18,138.48,139.34,138.04,139.21,1574600
2014-11-19,139.09,140.14,139.09,140.01,1362600
2014-11-20,139.06,140.01,139.02,139.25,1518300
2014-11-21,140.8,140.83,139.23,139.72,1849200
2014-11-24,139.33,139.99,139.19,139.8,1645800
2014-11-25,140.1,140.35,138.74,138.87,1865800
2014-11-26,139.5,140.88,139.04,139.75,1631900
2014-11-28,141.3,142.97,140.31,142.12,1442600
2014-12-01,143.32,143.32,141.27,141.98,1952100
2014-12-02,142.43,143.35,141.76,143.06,1765400
2014-12-03,142.98,143.3,141.98,142.69,1793900
2014-12-04,143.49,143.49,142.02,143.02,1315900
2014-12-05,143.18,143.31,141.96,143.25,1198000
2014-12-08,143.05,143.05,141.95,142.33,1945100
2014-12-09,142.13,143.13,140.88,143.04,2090300
2014-12-10,144.94,146.82,139.4,140.25,4910300
2014-12-11,141.09,142.68,140.67,141.41,2401300
2014-12-12,139.99,141.36,137.83,137.88,3663400
2014-12-15,138.65,139.5,137.06,138.19,2451200
2014-12-16,138.53,139.3,136.55,137.31,2470100
2014-12-17,137.31,139.62,136.78,139.33,2428500
2014-12-18,140.18,141.56,139.29,141.56,2903400
2014-12-19,141.5,142.5,141.33,141.77,4030000
2014-12-22,142.34,143.27,141.85,143.21,1776900
2014-12-23,144.53,144.97,143.67,144.15,1459700
2014-12-24,144.56,144.87,143.6,143.65,738700
2014-12-26,143.61,143.87,143.08,143.44,1233100
2014-12-29,143.35,143.85,142.74,143.34,1356400
2014-12-30,143,144.09,143,143.49,1158800
2014-12-31,143.49,144.13,141.69,141.75,1477900
2015-01-02,141.87,143.15,140.81,141.61,1471000
2015-01-05,141.69,142.16,139.8,140,1748500
2015-01-06,140.61,142.94,139.85,141.85,3185200
2015-01-07,142.6,144.43,142.36,144.32,2171600
2015-01-08,145.56,146.1,144.94,145.56,2937700
2015-01-09,144.48,145.05,143.22,143.32,1727000
2015-01-12,143.58,144.16,142.12,142.52,1344800
2015-01-13,142.2,144.41,140.39,141.09,2198500
2015-01-14,140.01,140.21,138.24,139.31,2207900
2015-01-15,139.95,140.17,138.62,139.31,1819600
2015-01-16,139.04,139.96,138.22,139.72,1784800
2015-01-20,140.72,141.27,138.36,139.38,1836100
2015-01-21,138.85,139.7,138.38,139.14,1682000
2015-01-22,139.5,141.28,138.39,141.27,1897500
2015-01-23,141.59,142.31,140.87,142.05,1696800
2015-01-26,141.66,143.05,141.57,142.91,1482800
2015-01-27,142.75,142.8,140.87,140.99,1786500
2015-01-28,141.6,142.45,139.56,139.62,2016300
2015-01-29,140.16,140.69,138.91,140.64,1873400
2015-01-30,143.09,143.8,141.34,142.99,5169000
2015-02-02,144,146.23,140.13,146,4797500
2015-02-03,146.36,153.89,144.77,153.75,10302900
2015-02-04,152.08,156.85,152.07,155.92,11006300
2015-02-05,149.5,151.1,147.52,149.09,6986700
2015-02-06,149.21,149.95,148.16,148.7,2927400
2015-02-09,148.7,149.16,146.82,147.54,2740200
2015-02-10,147.99,148.48,147,148.22,1703400
2015-02-11,148.39,148.48,146.55,147.46,2295800
2015-02-12,148.01,148.39,146.86,147.76,1712200
2015-02-13,148.23,148.8,146.94,147.1,1926800
2015-02-17,147,147.61,145.66,147.53,1541500
2015-02-18,147.16,147.48,146.53,147.23,1541000
2015-02-19,146.9,147.51,146.46,146.67,1273700
2015-02-20,146.67,147.79,145.9,147.54,1595600
2015-02-23,148,148.46,147.03,148.39,1587300
2015-02-24,149.38,149.4,148,148.21,1844200
2015-02-25,147.7,148.6,147.19,147.48,1602700
2015-02-26,147.07,147.61,146.2,146.65,1892600
2015-02-27,147.56,147.56,145.83,146.96,3036200
2015-03-02,147.32,148.49,147.32,147.94,2108600
2015-03-03,147.94,148.14,146.66,147.37,1514300
2015-03-04,147.84,147.98,145.78,147.17,2208600
2015-03-05,150.77,151.75,149,151.17,4471100
2015-03-06,149.29,150.15,148.17,149.54,3014900
2015-03-09,149.79,150.99,149.55,150.68,1727900
2015-03-10,149.75,150.15,148.15,148.16,2128100
2015-03-11,148.33,148.99,147.34,147.4,1734300
2015-03-12,148.38,149.64,147.4,149.44,1564000
2015-03-13,149.09,149.91,148.15,149.28,1470100
2015-03-16,149.72,151,149.28,149.99,2532700
2015-03-17,149.39,150.2,148.43,150.03,1972500
2015-03-18,150,151.63,148.25,150.93,2772500
2015-03-19,151,151.5,150.32,151.31,1862900
2015-03-20,152.13,153.15,151.75,152.59,5859300
2015-03-23,153.15,153.56,152.7,152.93,1665900
2015-03-24,152.95,154.23,152.89,153.14,1637000
2015-03-25,153.55,153.96,151.09,151.09,2266800
2015-03-26,149.32,150.77,149.17,150.06,1554800
2015-03-27,150.21,151.22,150.02,150.47,1329900
2015-03-30,150.91,152.59,150.8,152.37,1463800
2015-03-31,151.84,153,151.25,151.5,1886100
2015-04-01,151.83,151.87,149.7,150.24,1795000
2015-04-02,150.47,152,150.36,151.63,1095300
2015-04-06,151.37,152.84,150.6,152.5,1767600
2015-04-07,152.53,152.95,151.72,151.78,1391700
2015-04-08,152.23,152.67,151.19,152,1483000
2015-04-09,150.57,151,148.27,148.81,3401800
2015-04-10,149.4,150.03,148.62,149.64,1572900
2015-04-13,149.44,150.34,148.93,149.02,1120200
2015-04-14,149,150.1,147.72,149.52,1540800
2015-04-15,149.58,150.67,149.05,149.07,1404700
2015-04-16,148.76,148.9,146.91,147.11,2680600
2015-04-17,146.58,146.73,143.1,144.57,4369300
2015-04-20,146.65,147.25,145.75,146.31,2881900
2015-04-21,146.98,148.08,146.6,147.34,1616700
2015-04-22,147.93,147.93,146.28,146.98,1423500
2015-04-23,146.6,147.95,146.27,147.3,1351800
2015-04-24,147.33,148.4,146.87,148.12,1421100
2015-04-27,148.3,148.51,146.86,146.96,1717000
2015-04-28,146.89,147.19,146.05,146.61,1302100
2015-04-29,145.88,146.25,143.87,144.46,1719000
2015-04-30,143.85,144.9,142.54,143.05,2523200
2015-05-01,143.46,145.74,143.22,145.39,1504700
2015-05-04,145.39,146.21,144.61,145.75,1288800
2015-05-05,145.12,145.74,144.29,144.5,1769600
2015-05-06,145.35,145.84,144.01,144.77,1737300
2015-05-07,144.52,145.61,144.01,144.56,2564500
2015-05-08,146,147.56,145.8,145.88,1728700
2015-05-11,145.54,146.33,144.2,144.27,1905800
2015-05-12,144,145,143.42,144.07,1923900
2015-05-13,143.88,145.29,142.72,143.24,2135900
2015-05-14,144.13,144.13,141.53,142.6,3023400
2015-05-15,143.22,144.96,142.74,144.83,2357000
2015-05-18,144.74,145.29,144.05,145.06,1451700
2015-05-19,144.81,145.5,144.31,144.74,1332700
2015-05-20,145.06,145.06,143.26,143.49,1640900
2015-05-21,143.37,144.59,142.85,143.94,1539400
2015-05-22,143.9,144.76,143.4,143.68,1189500
2015-05-26,144.08,144.41,143.08,143.25,2477400
2015-05-27,143.63,145.64,143.11,145.42,2954100
2015-05-28,144.32,145.97,143.16,144.26,3206200
2015-05-29,143.78,143.95,141.77,142.59,3027100
2015-06-01,143.05,143.25,141.9,142.39,2182700
2015-06-02,141.97,142.67,140.89,141.4,1963500
2015-06-03,141.67,142.51,141.18,142.13,1858200
2015-06-04,141.37,142.5,140.33,140.65,2898600
2015-06-05,140.74,140.81,138.74,138.78,3203200
2015-06-08,138.91,138.91,138.02,138.05,1879700
2015-06-09,137.92,138.76,137.81,138.04,2039100
2015-06-10,138.32,139.94,138.26,139.43,1725600
2015-06-11,139.64,140.47,139.19,139.32,1342300
2015-06-12,139.06,139.3,138.51,138.78,1290700
2015-06-15,137.94,138.32,137.15,137.23,1939500
2015-06-16,137.2,138.24,137.15,137.98,1553600
2015-06-17,137.94,139.32,137.88,138.88,1508100
2015-06-18,139.49,141.1,139.22,140.5,2074100
2015-06-19,140.59,141.48,140.18,140.3,2758200
2015-06-22,140.84,141.17,140.08,140.19,1415700
2015-06-23,140.44,140.9,139.53,139.65,1489400
2015-06-24,139.34,139.86,138.28,138.34,1965900
2015-06-25,138.45,139.91,137.42,137.45,1660900
2015-06-26,137.94,138.64,137.53,138.06,2248900
2015-06-29,137.01,137.82,135.66,135.69,1963200
2015-06-30,136.38,136.71,134.73,135.06,2454300
2015-07-01,135.79,136.57,135.54,136.49,1707000
2015-07-02,137,137.2,136.28,136.39,1148400
2015-07-06,135.15,136.84,135.06,135.88,2450400
2015-07-07,136.3,140.87,136.03,140.5,3790000
2015-07-08,139.98,140.53,139.27,139.9,2917100
2015-07-09,141.35,141.5,137.71,139.45,3317600
2015-07-10,141.71,143.43,141.17,142.72,2846000
2015-07-13,143.86,145.07,143.5,144.06,1847800
2015-07-14,143.65,144.29,143.16,143.93,1512800
2015-07-15,143.93,144.18,142.92,143.63,1306700
2015-07-16,144.15,144.49,143.44,144.33,1148100
2015-07-17,144.12,144.89,143.16,144.68,1842100
2015-07-20,144.58,145.23,144.02,145.04,1243600
2015-07-21,145.19,145.4,144.43,144.94,1587800
2015-07-22,145.22,146.48,145.02,146.38,1612000
2015-07-23,146.85,147,145.38,145.6,1356100
2015-07-24,145.71,145.93,144.89,144.99,1272700
2015-07-27,144.78,144.89,143.53,144.25,1431300
2015-07-28,144.53,144.7,142.91,144.55,1376500
2015-07-29,144.8,146.76,144.75,145.38,1840500
2015-07-30,145.15,145.86,144.02,145.3,1392700
2015-07-31,146.19,146.19,145.01,145.3,1386700
2015-08-03,145.78,146.11,144.65,145.52,1328100
2015-08-04,145.11,145.82,144.19,144.84,1315300
2015-08-05,145.83,147.04,145.65,146.89,1687800
2015-08-06,147.15,147.59,145.98,146.44,1948000
2015-08-07,146.02,146.44,144.35,145.26,1228300
2015-08-10,146.3,146.79,145.68,146.25,1072600
2015-08-11,145.28,146.29,145.01,145.89,1260700
2015-08-12,144.95,146.72,143.35,146.49,1963800
2015-08-13,146.36,146.98,145.18,145.27,1114000
2015-08-14,144.88,146.42,144.88,146.09,1210400
2015-08-17,145.15,146.24,144.98,146.09,912600
2015-08-18,146.16,146.48,145.12,145.63,1099100
2015-08-19,145.39,145.94,143.64,145.17,1436100
2015-08-20,144.29,144.88,143.29,143.71,1785100
2015-08-21,142.22,143.33,138.99,138.99,3611400
2015-08-24,131.97,137.16,117.03,132.97,5205800
2015-08-25,136.78,138.38,132.65,132.71,4645100
2015-08-26,136.11,138.28,133.35,138.16,3094900
2015-08-27,140.47,140.75,137.59,140.21,2603100
2015-08-28,139.75,140.3,138.64,139.95,1850900
2015-08-31,139.25,140.23,138.51,140.05,3005700
2015-09-01,137.58,139.9,137.5,138.3,2968200
2015-09-02,139.83,140.87,138.42,140.42,1809900
2015-09-03,140.94,141.7,140.1,140.48,1615600
2015-09-04,138.8,139.46,138.18,138.48,2124500
2015-09-08,140.54,141.48,139.12,141.43,1638000
2015-09-09,142.35,142.35,139.39,139.68,1390800
2015-09-10,139.04,140.96,138.99,140.01,1350700
2015-09-11,139.85,141.2,139.28,141.05,1452300
2015-09-14,141.18,141.41,140.24,141.15,1123300
2015-09-15,141.32,142.96,140.24,142.43,1349600
2015-09-16,142.21,143.86,141.75,143.61,1374300
2015-09-17,143.9,145.04,143.16,143.35,1535300
2015-09-18,142.14,144.34,141.7,141.81,2833900
2015-09-21,142.36,143.78,142.09,143.21,1004800
2015-09-22,141.82,142.95,140.81,142.65,1787200
2015-09-23,143.46,145.63,142.65,145.43,2310200
2015-09-24,144.37,145.42,143.65,144.87,1974900
2015-09-25,145.95,146.9,145.01,145.55,1845700
2015-09-28,145.39,145.8,143.29,143.55,2553500
2015-09-29,143.04,144.14,142.25,143.72,2513100
2015-09-30,143.54,144.95,142.89,144.57,2549200
2015-10-01,144.85,144.85,142.5,144.56,2657300
2015-10-02,143.25,145.91,142.19,145.86,2591500
2015-10-05,146.24,148.22,146.01,148.07,2273000
2015-10-06,148.15,148.7,147.36,148.41,2091000
2015-10-07,148.72,149.32,147.43,147.96,2340800
2015-10-08,147.61,151.7,147.61,151.66,2370900
2015-10-09,150.76,154.26,150.44,153.97,3715500
2015-10-12,153.97,154.48,153.09,153.63,1200100
2015-10-13,153.23,154.07,152.22,152.28,1493700
2015-10-14,152.31,152.77,149.1,149.84,3044900
2015-10-15,150.83,151.9,150.22,151.77,1697000
2015-10-16,152.32,152.97,151.28,152.06,1647500
2015-10-19,152.05,153.39,151.92,153.22,1543700
2015-10-20,153.72,154.88,153.16,154.56,1875700
2015-10-21,154.8,155.94,154.31,155.21,1797300
2015-10-22,155.43,158.34,155.08,158.15,2192400
2015-10-23,158.7,158.8,154.91,155.74,2273400
2015-10-26,152.06,157.41,151.26,156.73,2500000
2015-10-27,157.27,158.3,155.56,157.76,1675100
2015-10-28,157.5,157.93,155.51,157.76,1778800
2015-10-29,157.06,158.38,156.53,158.28,1547000
2015-10-30,158,159.4,157.3,158.12,2050000
2015-11-02,158.99,159.31,157.65,159.15,1260700
2015-11-03,158.4,159.22,157.38,158.8,1531100
2015-11-04,159,159.03,156.9,157.15,1653100
2015-11-05,154.15,156.81,154.02,156.27,2550300
2015-11-06,156.49,157.96,155.67,157.55,1749800
2015-11-09,156.81,157.1,153.89,155.16,2291100
2015-11-10,155.13,156.46,154.6,156.41,1701800
2015-11-11,155.98,157.43,155.18,156.39,1864200
2015-11-12,156.12,156.98,155.4,156,1657400
2015-11-13,155.07,155.25,153.23,153.67,2459900
2015-11-16,153.81,156.47,153.24,156.45,1778400
2015-11-17,157.35,159.92,157.02,158.89,2500000
2015-11-18,158.89,161.4,157.82,161.25,2152000
2015-11-19,161.69,163.2,161.44,162.83,2959300
2015-11-20,164.16,164.47,162.75,163.1,2051100
2015-11-23,163.53,163.9,162.73,163.45,1174300
2015-11-24,162.26,163.92,161,162.19,2799500
2015-11-25,162.04,163,161.14,162.39,1828000
2015-11-27,163.11,164.41,162.49,163.58,866300
2015-11-30,164.17,164.44,160.79,161.42,3063800
2015-12-01,162.02,163.04,160.74,161.29,1939700
2015-12-02,161.71,162.44,160.63,161.09,1585700
2015-12-03,164.51,166.1,163.31,163.67,3440000
2015-12-04,164.12,167.24,164.01,166.8,2578600
2015-12-07,167.33,167.5,165.55,167.12,2791900
2015-12-08,166.74,169.73,165.87,168.87,3158500
2015-12-09,162.72,163.89,158.22,159.72,9527000
2015-12-10,160.93,163.41,160.61,161.86,3653300
2015-12-11,159.73,161.2,159.36,160.02,2511200
2015-12-14,160.09,161.88,159.41,161.84,2427300
2015-12-15,163.32,163.74,160.72,161.29,2378700
2015-12-16,161.95,163.25,160,162.76,2196300
2015-12-17,162.44,163.58,160.6,160.68,1703900
2015-12-18,159.79,160.68,157.6,157.7,4295800
2015-12-21,158.81,159.43,157.33,159.39,1453500
2015-12-22,159.9,161.39,159.03,161.23,1742100
2015-12-23,162.43,162.43,160.78,161.71,1581000
2015-12-24,161.85,162.33,161.44,161.75,491000
2015-12-28,161.05,162.26,160.4,161.16,1124700
2015-12-29,161.9,163.23,161.52,162.66,1169600
2015-12-30,162.96,163.45,162.51,162.71,889900
2015-12-31,162.08,164,161.5,161.5,1873400
2016-01-04,159.81,160.1,157.87,159.54,2640800
2016-01-05,160.17,161.23,159.45,159.93,2127700
2016-01-06,158.36,159.8,157.63,158.45,2033400
2016-01-07,154.85,157.06,153.55,154.82,3826000
2016-01-08,155.28,155.3,151.81,152.11,3156200
2016-01-11,152.3,155.96,152.12,154.72,2164500
2016-01-12,155.71,156.43,154.94,156.06,2215600
2016-01-13,155.97,156.02,151.88,152.12,2157500
2016-01-14,151.96,154.16,151.33,153.18,2281500
2016-01-15,149.29,151.52,148.25,150.39,2975400
2016-01-19,151.79,152,149.58,150.47,2242600
2016-01-20,148.46,150,144.91,148.82,3796800
2016-01-21,148.97,151.24,148.11,150.38,2211800
2016-01-22,152.18,153.71,151.65,153.69,2544100
2016-01-25,154.07,154.48,150.55,150.78,1820600
2016-01-26,150.78,151.72,148.3,148.5,2828600
2016-01-27,149.29,149.59,146.72,147.73,2189500
2016-01-28,148.55,149.97,147.81,149.59,2076100
2016-01-29,149.5,151.62,146.91,151.12,3221300
2016-02-01,150.84,152.19,150.19,151.25,2142000
2016-02-02,149.99,150.79,148.11,148.5,1931400
2016-02-03,149.28,149.98,145.45,146.7,2546900
2016-02-04,145,145.14,141.79,143.28,5340500
2016-02-05,143.27,145.2,142.4,143.99,4079300
2016-02-08,142.74,147.55,141.62,147.02,3782000
2016-02-09,146.24,149.72,146.23,147.94,3228300
2016-02-10,149.37,150.17,147.58,148.05,2189600
2016-02-11,147.13,148.39,144.76,146.65,2198100
2016-02-12,147.98,149.27,147,148.65,1951800
2016-02-16,149.35,150.64,147.7,149.11,2186400
2016-02-17,149.75,151.98,148.91,150.91,2174600
2016-02-18,149.13,149.84,146.82,148.65,2894300
2016-02-19,149,149.14,146.85,148.7,2471700
2016-02-22,149.63,150.18,148.49,150.06,2161300
2016-02-23,149.89,151.76,149.12,150.36,1850600
2016-02-24,150.03,154.41,149.66,153.87,2590100
2016-02-25,154.69,154.88,152.86,154.72,1746900
2016-02-26,153.09,153.41,148.76,149.68,3800800
2016-02-29,149.99,152.3,149.69,150.03,3115800
2016-03-01,150.4,151.2,149.38,150.52,2681400
2016-03-02,151.13,152.95,150.39,152.79,2947600
2016-03-03,148.56,151.96,147.38,151.6,5552600
2016-03-04,151.74,151.77,150.03,150.9,2155600
2016-03-07,149.96,150.89,147.6,148.17,3159600
2016-03-08,147.66,151.92,147.1,150.95,3156300
2016-03-09,151.35,153.5,151.31,153.05,2395300
2016-03-10,153.21,154.69,151.05,152.87,1413000
2016-03-11,153.85,154,151.4,152.71,1829900
2016-03-14,152.26,153.3,151.65,152.67,1218400
2016-03-15,151.8,154.42,151.8,154.18,1398500
2016-03-16,153.7,155,152.63,154.06,1485500
2016-03-17,153.82,154.74,153.59,153.84,1583200
2016-03-18,154.58,154.7,152.77,153.15,3611700
2016-03-21,152.82,154.35,152.47,153.94,1367400
2016-03-22,153.21,153.81,152,152.23,1943100
2016-03-23,152.18,153.93,151.64,153.51,2127300
2016-03-24,153.24,154.08,150.85,151.43,2506500
2016-03-28,151.8,153.94,151.78,152.67,1767400
2016-03-29,152.77,155.46,152.52,155.26,1655400
2016-03-30,155.91,158.24,155.65,157.6,2642700
2016-03-31,157.96,159.8,157.52,157.58,2692400
2016-04-01,157.87,159.09,157,158.25,1531500
2016-04-04,158.68,158.99,156.46,157.73,1458400
2016-04-05,157.89,158,155.72,155.99,1855600
2016-04-06,155.81,157.41,155.22,156.77,1572600
2016-04-07,154.42,154.58,151.48,152.03,4050100
2016-04-08,152.98,152.98,150.92,151.65,2008500
2016-04-11,151.34,151.94,148.97,149.05,2279000
2016-04-12,149.6,150.68,148.51,150.52,2268300
2016-04-13,151.57,152.08,150.59,151.88,2078800
2016-04-14,152.59,152.91,151.14,151.4,2420000
2016-04-15,151.96,153.81,151.84,153.17,2675900
2016-04-18,152.78,153.71,152.27,153.3,1335800
2016-04-19,153.78,153.9,152.49,153.68,1579000
2016-04-20,153.72,153.89,152.6,152.74,1308700
2016-04-21,152.49,152.74,150.69,151.42,2097600
2016-04-22,151.05,151.81,149.36,149.92,2233900
2016-04-25,149.98,151.68,149.47,151.51,1249000
2016-04-26,152.08,153.45,151.67,152.6,1552900
2016-04-27,152.24,152.51,150.6,151.77,1492800
2016-04-28,152.01,153.65,151.14,151.44,2198100
2016-04-29,150.01,150.98,147.46,148.13,3588800
2016-05-02,148.76,151.42,147.75,150.93,3361500
2016-05-03,150.08,152.53,149.6,151.41,2201300
2016-05-04,150.12,152,149.44,151.51,2111600
2016-05-05,148.98,150.38,146.37,147.84,4869300
2016-05-06,147.06,147.5,144.74,146.44,3692200
2016-05-09,146.83,148.97,146.51,148.59,2843800
2016-05-10,149.38,149.98,148.75,149.56,1943900
2016-05-11,148.39,148.69,146.58,147.12,2812700
2016-05-12,147.32,147.77,146.32,146.72,2860400
2016-05-13,146.33,146.72,144.3,144.5,2993600
2016-05-16,144.5,146.58,143.4,145.79,2615000
2016-05-17,145.5,146.24,143.22,143.6,2928900
2016-05-18,140.18,141.66,138.57,141.29,5717000
2016-05-19,142.45,143.08,141.42,142.7,2830500
2016-05-20,142.73,143.5,142.02,142.69,2088400
2016-05-23,142.84,144,141.91,142.01,1828400
2016-05-24,142.57,143.48,142.38,142.57,2813100
2016-05-25,142.62,145.68,142.51,144.54,4156700
2016-05-26,149.01,153.88,147.7,149.71,7679400
2016-05-27,150.24,150.77,148.11,149.08,3349800
2016-05-31,149.57,149.88,147.63,148.77,3738900
2016-06-01,150.5,153,150.32,152.52,3487300
2016-06-02,150.05,151.51,148.55,151.51,3957600
2016-06-03,150.3,151.78,150.27,151.71,1964200
2016-06-06,151.83,152.49,151.71,152.24,1961600
2016-06-07,152.08,153.85,151.9,152.62,2113000
2016-06-08,152.68,153.47,152.05,153.37,1528300
2016-06-09,153,154.14,152.92,154.05,1812100
2016-06-10,153,155.15,152.94,154.87,3266500
2016-06-13,154.76,155.96,154.57,154.95,2576600
2016-06-14,154.55,156.36,153.57,155.87,3274700
2016-06-15,155.7,156.78,154.66,154.86,2228500
2016-06-16,154.86,156.5,154.11,156.42,1937400
2016-06-17,157.03,157.25,155.76,155.89,2858200
2016-06-20,157.38,158.38,156.45,156.48,2090800
2016-06-21,157.07,157.9,156.66,157.2,1909700
2016-06-22,157.61,158.42,157.16,158.12,2094800
2016-06-23,158.6,158.79,156.34,157.03,2912400
2016-06-24,153.16,157.69,153.1,155.56,3996100
2016-06-27,154.24,154.93,152.55,154.26,2790800
2016-06-28,154.66,155.93,153.71,155.6,2156300
2016-06-29,156.44,157.28,155.89,157.08,1942500
2016-06-30,156.96,157.82,155.5,157.04,3091100
2016-07-01,157.19,157.19,155.4,156.11,2317200
2016-07-05,156.08,156.15,154.7,155.25,2807400
2016-07-06,155.2,156.55,154.67,156.01,2133200
2016-07-07,158.33,164.16,158,163.7,6497900
2016-07-08,164.84,166.1,164.49,165.44,3932000
2016-07-11,165.06,167.49,165.06,166.72,2634300
2016-07-12,166.49,166.92,165.82,166.28,1642100
2016-07-13,167,167.19,166.02,166.78,1479800
2016-07-14,167.15,168,166.28,166.94,2150100
2016-07-15,167.44,167.44,165.6,166.41,1962300
2016-07-18,166.56,167.86,165.92,167.51,1993800
2016-07-19,167.5,168.56,167.39,168.12,1487800
2016-07-20,168.25,168.26,166.95,168.04,1336900
2016-07-21,167.43,167.75,166.3,167.05,1384600
2016-07-22,167.68,167.7,166.96,167.47,1335100
2016-07-25,167.17,168.2,166.4,167.97,1732200
2016-07-26,167.6,168.82,166.7,167.57,1593900
2016-07-27,167.16,167.5,165.75,166.15,1440000
2016-07-28,166.26,166.86,165.8,166.35,1866500
2016-07-29,166.64,167.68,166.38,167.22,1359700
2016-08-01,167.15,168,166.9,167.56,986800
2016-08-02,167.07,167.54,164.59,166.5,2107300
2016-08-03,165.92,166.33,165.1,166.12,1837100
2016-08-04,166.04,167.74,165.89,166.55,1638300
2016-08-05,166.86,168.33,166.08,167.7,1526500
2016-08-08,167.25,167.55,166.47,167.4,1294400
2016-08-09,167.74,168.6,166.88,167.86,1286700
2016-08-10,167.44,168.5,167.05,168.29,1104300
2016-08-11,169.11,169.59,167.33,167.88,1497800
2016-08-12,167.16,169.41,167.16,169.04,1399100
2016-08-15,169.04,169.27,168.59,168.73,918600
2016-08-16,167.88,168.8,167.88,168.41,1023000
2016-08-17,167.45,168.36,166.92,167.96,1382500
2016-08-18,168.42,168.71,167.2,167.75,1353400
2016-08-19,167.21,168.33,167.1,168.02,1764800
2016-08-22,168.34,168.69,167.62,167.94,955000
2016-08-23,168.09,168.45,167.31,167.36,1003700
2016-08-24,167.14,167.88,166.76,167.57,1363800
2016-08-25,167.2,167.41,164.64,164.86,1817700
2016-08-26,165.39,165.65,163.47,163.93,2009900
2016-08-29,164.47,164.84,163.4,163.98,1819200
2016-08-30,164.07,164.28,161.74,161.96,2010700
2016-08-31,161.87,162.57,161.15,162.09,1933200
2016-09-01,159,159,155.54,156.21,6038500
2016-09-02,156.81,159.28,156.8,157.98,2679000
2016-09-06,158.13,158.15,156.02,158.06,2716900
2016-09-07,157.64,157.87,155.4,155.64,2984100
2016-09-08,155.19,155.49,152.94,153.47,2993100
2016-09-09,152.59,152.79,150.7,150.7,2993900
2016-09-12,150.5,151.99,150.26,151.69,2982400
2016-09-13,151.18,151.58,150.07,150.74,2148600
2016-09-14,150.71,152.25,150.2,150.69,2188900
2016-09-15,150.72,152.97,150.11,152.67,2284300
2016-09-16,151.96,152.66,151.14,152.35,2842000
2016-09-19,152.13,153.03,151.6,151.79,1321300
2016-09-20,152.43,152.71,151.67,152.17,1396700
2016-09-21,152.59,152.9,151.25,152.7,1535100
2016-09-22,153.03,154.28,152.68,153.15,2502200
2016-09-23,153.15,153.77,152.17,152.53,2282100
2016-09-26,152.08,152.28,151.01,151.19,1862200
2016-09-27,151.42,151.77,150,150.45,2569000
2016-09-28,150.6,150.67,148.94,149.41,2626300
2016-09-29,149.19,149.69,147.2,147.49,4501300
2016-09-30,151.79,154.85,151.6,152.51,7318100
2016-10-03,152.22,152.25,150.32,151.01,3197100
2016-10-04,151.47,151.62,149.49,150.48,2840500
2016-10-05,150.63,150.92,149.83,149.98,2377700
2016-10-06,150.23,150.64,149,149.47,2465500
2016-10-07,149.77,150.19,148.79,149.99,2282100
2016-10-10,150.35,150.85,149.75,150.28,1587700
2016-10-11,149.67,151.14,149.51,151.01,2596800
2016-10-12,150.97,151.49,150.39,150.46,1664500
2016-10-13,149.93,151.34,149.72,150.22,1795300
2016-10-14,150.18,151,149.28,150.15,1745000
2016-10-17,150.08,150.2,148.63,148.7,1988400
2016-10-18,149.51,149.62,148.41,149.11,1847800
2016-10-19,150.7,151.32,149.31,149.45,1812000
2016-10-20,149.85,150.78,149.6,150.04,2251200
2016-10-21,149.51,150.29,148.5,148.97,2188000
2016-10-24,149.35,152.32,149.29,152.12,2432800
2016-10-25,149.9,151.97,149.9,150.99,2060600
2016-10-26,150.35,151.41,150.28,150.98,2246100
2016-10-27,150.83,151.46,149.82,150.86,1993500
2016-10-28,150.44,150.86,149.38,149.76,1843900
2016-10-31,148.89,149.35,147.1,147.87,3239400
2016-11-01,148.48,148.63,146.38,146.66,2112000
2016-11-02,146.43,147.34,146.12,146.27,2260500
2016-11-03,146.7,146.7,144.14,144.45,2168200
2016-11-04,143,145,142.11,142.24,2702100
2016-11-07,143.38,143.66,142.75,143.54,3010100
2016-11-08,143.89,146.63,143.8,146.09,3505200
2016-11-09,143.54,147.39,143.54,146.79,3170200
2016-11-10,147.06,150,146.61,146.7,3944200
2016-11-11,146.61,149.62,145.38,149.36,3218000
2016-11-14,150.92,152.14,149.5,152,3890800
2016-11-15,151.98,152,150.29,151.15,2799900
2016-11-16,152.19,152.55,151.8,152.14,2152300
2016-11-17,151.23,151.4,149.55,151.2,2098700
2016-11-18,150.84,151.2,149.52,150.36,2020500
2016-11-21,150.55,151.29,150.12,151.17,1181200
2016-11-22,151.93,153.05,151.21,152.67,1954200
2016-11-23,152.75,153.34,151.18,151.6,2166900
2016-11-25,151.89,153.42,151.71,151.88,886800
2016-11-28,151.05,152.43,151.01,151.25,1733500
2016-11-29,151.62,152.22,151.33,151.48,1496800
2016-11-30,151.13,151.54,150.07,150.11,2750500
2016-12-01,150.11,152.88,150.11,151.74,2305200
2016-12-02,151.99,152.87,151.43,152.09,1829200
2016-12-05,152.09,152.23,150.78,151.77,2432100
2016-12-06,151.85,152.08,150.42,151.01,2245400
2016-12-07,150.6,153.91,150.48,153.85,2811300
2016-12-08,156.64,160.9,156.6,157.59,5504300
2016-12-09,157.28,159.83,157.26,159.7,2614700
2016-12-12,158.6,161.28,158.56,160.33,2299200
2016-12-13,160.85,162.04,159.14,159.77,3583300
2016-12-14,160.05,160.45,158.25,158.99,2119100
2016-12-15,159.35,161.5,159.07,160.11,1811100
2016-12-16,160.49,161.25,159.85,160.41,3767100
2016-12-19,162.01,164.53,161.65,163.46,3231900
2016-12-20,164.32,164.95,163.5,163.86,2204600
2016-12-21,163.6,164.03,163.02,163.04,1313400
2016-12-22,163.66,163.67,161.92,162.07,1965900
2016-12-23,162.17,162.67,161.53,162.08,1254100
2016-12-27,162.06,162.76,161.8,162.05,1301100
2016-12-28,162.02,162.85,160.55,161.01,1281000
2016-12-29,160.65,161.44,160.65,161.13,858200
2016-12-30,160.89,160.99,159.67,160.11,1472300
2017-01-03,160.65,160.99,158.51,159.73,2099000
2017-01-04,159.8,160.49,158.94,159.76,2163600
2017-01-05,160.95,163.35,160.63,162.91,2880900
2017-01-06,162.67,162.95,161.13,162.83,2167000
2017-01-09,162.33,162.48,160.72,160.97,2318300
2017-01-10,160.58,162.41,160.51,161.66,1477900
2017-01-11,161.47,162.38,160.35,161.54,1378300
2017-01-12,161.35,161.96,160.67,161.87,1296900
2017-01-13,161.99,162.13,161.35,161.86,1250100
2017-01-17,161.85,164.25,161.67,163.81,2430500
2017-01-18,163.65,164.38,162.59,164.27,1834700
2017-01-19,164.18,164.8,163.56,163.7,1980400
2017-01-20,164.39,164.77,163.23,164.24,1897100
2017-01-23,164.05,164.35,162.17,163.01,1421600
2017-01-24,163.23,163.82,162.96,163.67,1347400
2017-01-25,164.2,164.75,163.9,164.14,1299200
2017-01-26,164.34,164.44,163.4,164.07,1180000
2017-01-27,164.56,164.58,160.71,162.06,2341100
2017-01-30,162.03,163.29,160.6,163.25,2149800
2017-01-31,162.49,164,162.35,163.95,1796600
2017-02-01,163.84,163.95,161.81,161.86,2219700
2017-02-02,166.84,168.88,166.16,168.15,5816300
2017-02-03,167.72,168.84,167.15,168.32,3227700
2017-02-06,168.18,168.18,166.71,167.03,2172800
2017-02-07,167.53,168.08,166.53,167.52,2732600
2017-02-08,167.5,168.57,167.5,168.42,2089900
2017-02-09,168.45,171.42,168.17,170.96,2606900
2017-02-10,171.65,172.27,170.27,172,2070000
2017-02-13,172.49,172.49,170.78,171.96,2272200
2017-02-14,171.66,173.64,171.55,173.63,2244700
2017-02-15,173.18,175,173.06,175,2346500
2017-02-16,175.1,175.83,174.51,175.75,2206500
2017-02-17,175.47,176.5,174.48,175.86,2424400
2017-02-21,176.55,177,176,176.94,2317000
2017-02-22,177.07,177.09,175.07,176.51,1815200
2017-02-23,176.52,177.04,175.21,175.85,2599900
2017-02-24,175.22,177.71,175.12,177.56,1684300
2017-02-27,177.33,177.85,176.55,177.62,2340400
2017-02-28,176.95,177.87,175.48,177.18,2992100
2017-03-01,177.37,178.71,177.22,177.86,2352300
2017-03-02,177.5,178.25,176.51,177.98,3190300
2017-03-03,170.7,171.89,169.9,170.26,10396500
2017-03-06,169.41,170.33,166.11,166.73,5793600
2017-03-07,166.54,168.62,166.54,167,2811900
2017-03-08,167,167.41,166.16,166.24,2375900
2017-03-09,166.4,166.79,165.12,165.77,1993700
2017-03-10,166.49,166.5,164.98,165.37,2164200
2017-03-13,164.85,165.11,164.3,164.55,2127700
2017-03-14,164.21,165.32,164.1,165.24,1974400
2017-03-15,165.57,166.54,164.83,166.54,2079700
2017-03-16,166.78,167.67,166.26,167.06,2726600
2017-03-17,168.06,168.35,167.07,167.81,3976000
2017-03-20,167.76,168.29,166.8,167.44,1603300
2017-03-21,167.51,168.8,166.65,166.78,2241900
2017-03-22,167.32,167.97,167.04,167.68,1534200
2017-03-23,168,168.42,166.43,166.9,1430500
2017-03-24,167.37,167.46,165.66,166.02,1410400
2017-03-27,165.53,166.32,165.32,166.15,1212300
2017-03-28,166.11,167.05,165.15,166.77,1446400
2017-03-29,166.28,167.48,166.15,167.43,1216700
2017-03-30,167.3,168.18,166.76,167.89,1034000
2017-03-31,167.59,168.17,167.13,167.69,1720300
2017-04-03,167.74,168.3,166.4,166.7,1547900
2017-04-04,166.6,167.32,166.11,167.25,1322400
2017-04-05,167.29,168.4,166.72,167,1715200
2017-04-06,169.68,172.11,169.31,170.02,3313800
2017-04-07,169.7,171,169.43,170.62,1510000
2017-04-10,170.2,171.57,169.85,171.22,2002300
2017-04-11,170.79,171.44,169.63,170.63,1191400
2017-04-12,171.43,171.45,169.69,170.17,1422300
2017-04-13,170.05,170.62,168.8,168.84,1422500
2017-04-17,168.77,169.75,168.71,169.7,1504100
2017-04-18,170.05,170.32,169.47,170.13,1542700
2017-04-19,170.88,170.93,169.82,170.06,1441300
2017-04-20,170.33,171.18,169.95,170.15,1933600
2017-04-21,171.52,171.88,170.64,170.77,2257900
2017-04-24,172,172.61,171.33,172.33,1906900
2017-04-25,172.91,173.04,172.29,172.68,1503000
2017-04-26,178.05,178.27,175.42,176.8,4591300
2017-04-27,177.32,177.79,176.42,177.45,2148700
2017-04-28,178.07,178.07,176.93,177.52,2364500
2017-05-01,178.5,178.5,177.33,177.86,3328000
2017-05-02,178.72,178.94,177.94,178.59,2505300
2017-05-03,178.74,180.46,178.7,179.82,2900500
2017-05-04,180.05,183.18,180,182.45,3762200
2017-05-05,182.77,182.92,179.76,180.2,3713600
2017-05-08,174.66,174.7,171.6,172.64,3538000
2017-05-09,173.61,173.92,172.31,172.68,2662100
2017-05-10,172.03,172.09,170.66,171.35,2554500
2017-05-11,170.78,171.55,170.1,171.26,2106000
2017-05-12,171.29,171.85,170.32,170.88,1586800
2017-05-15,170.3,171.98,170.3,171.57,1733600
2017-05-16,171.96,171.96,170.63,171,1129200
2017-05-17,170.66,171.5,169.06,169.15,2201400
2017-05-18,170.08,171.02,169.69,170.72,1589700
2017-05-19,171.35,172.43,170.81,171.64,1871800
2017-05-22,172.24,173.24,171.63,172.4,1594100
2017-05-23,172.97,173.54,172.32,172.47,1788000
2017-05-24,172.95,173.13,171.8,173.01,1420800
2017-05-25,173.47,175.05,173.3,174.73,2726900
2017-05-26,180.25,180.34,177.52,177.86,4471300
2017-05-30,177.68,179.39,177.5,178.92,2086300
2017-05-31,179.24,180.47,178.78,180.43,2456200
2017-06-01,180.81,181.1,179.86,180.63,2028300
2017-06-02,180.58,181.25,179.87,180.97,2239900
2017-06-05,181.1,182.21,180.6,182.08,1561100
2017-06-06,181.7,182.72,181.01,181.45,2248900
2017-06-07,181.44,182.24,181.14,182.2,1246200
2017-06-08,181.92,182.5,180.84,181.41,1823600
2017-06-09,181.71,181.93,179.92,180.38,2167600
2017-06-12,179.58,180.87,178.79,179.64,2395200
2017-06-13,179.9,180.79,179.03,180.51,1745400
2017-06-14,180.83,181.96,180.23,181.67,1440400
2017-06-15,180.39,181.33,178.37,180.06,1753800
2017-06-16,170.4,170.6,165,167.11,24233000
2017-06-19,167.05,167.38,162.39,164.34,13809100
2017-06-20,165.5,165.5,162.43,162.9,7337600
2017-06-21,163.49,163.77,162.75,163.15,3421700
2017-06-22,163.17,163.3,159.01,159.79,8043100
2017-06-23,159.4,159.8,156.56,157.13,9506700
2017-06-26,158.15,160.99,158.1,160.2,6473900
2017-06-27,160.66,161.55,159.2,159.26,5533800
2017-06-28,159.59,160.5,159.5,160.17,3234400
2017-06-29,160.21,160.47,157.8,158.68,3664200
2017-06-30,159.6,160.54,158.79,159.93,4755100
2017-07-03,160.21,160.53,158.69,158.82,1994300
2017-07-05,158.93,159.5,157.86,158.02,3770400
2017-07-06,161.11,161.35,157.05,157.09,6963400
2017-07-07,157.36,157.55,154.09,154.11,7688400
2017-07-10,153.51,153.6,150.96,151,8999800
2017-07-11,151.45,153.09,150.93,151.11,6275600
2017-07-12,151.46,152.9,151.42,151.75,5112200
2017-07-13,153.23,153.93,152.62,153.6,5673500
2017-07-14,154.26,154.27,152.9,153,4368400
2017-07-17,153,153.44,152.52,152.84,3096500
2017-07-18,152.61,152.84,150.94,151.5,3256900
2017-07-19,151.81,152.16,150.9,151.24,4100000
2017-07-20,151.47,152.19,150.88,150.99,3207400
2017-07-21,150.94,151.23,150,150.44,4078000
2017-07-24,150.45,151.47,150.11,151,3655600
2017-07-25,151.41,153.7,151.4,153.17,4605700
2017-07-26,153.41,153.5,151.55,152.09,3017200
2017-07-27,152.01,152.99,151.44,152.52,3637900
2017-07-28,152.67,153.3,152.11,152.89,2779500
2017-07-31,153.08,158.66,153.03,158.51,6937100
2017-08-01,159.1,159.97,157.91,159.72,4787500
2017-08-02,159.13,161.55,158.44,161.28,5486300
2017-08-03,161.61,162.35,157.06,157.91,5562600
2017-08-04,158.34,158.44,155.83,156.44,3117900
2017-08-07,156.5,157.58,155.34,156.95,2629500
2017-08-08,157.1,159.44,157.03,157.75,2569200
2017-08-09,157.14,157.57,156.2,156.86,2157600
2017-08-10,156.17,157.57,155.37,156.64,2764600
2017-08-11,156.51,157.8,156.41,156.65,1887000
2017-08-14,157.59,158.2,156.54,157.91,2028400
2017-08-15,158,158.38,156.79,156.88,1869100
2017-08-16,157.28,159.88,157.11,159.76,3381800
2017-08-17,158.48,159.95,157.64,158.57,2650000
2017-08-18,157.98,158.69,156.92,157.08,2747900
2017-08-21,157.19,158.17,155.96,157.07,1857400
2017-08-22,157.53,159.45,157.53,158.7,2204600
2017-08-23,158.62,159.44,157.78,159.37,1731400
2017-08-24,160,160.66,151.09,151.33,10301700
2017-08-25,152.37,152.94,150.06,152.45,5703500
2017-08-28,151.9,153.28,151.2,152.55,3776400
2017-08-29,152.38,153.99,151.46,153.56,2446200
2017-08-30,153.71,154.74,152.88,154.44,2493500
2017-08-31,156.22,157.26,153.95,156.74,4567700
2017-09-01,157.59,158.55,157.2,158.24,2833500
2017-09-05,157.96,159.72,157.47,159.14,3413000
2017-09-06,159.19,159.94,158.09,158.86,2873700
2017-09-07,158.97,159.6,157.57,159.28,2479300
2017-09-08,158.37,158.5,155.03,157.31,3364600
2017-09-11,157.89,158,157.06,157.36,2442500
2017-09-12,157.67,160.65,157.45,160.04,2988400
2017-09-13,160.14,163.95,160.01,162.99,4202000
2017-09-14,162.68,162.68,161.64,162.37,2493300
2017-09-15,162.24,162.67,161.7,162.3,3757800
2017-09-18,162.18,163.46,160.76,160.91,2047100
2017-09-19,160.96,161.66,159.95,161.56,1790800
2017-09-20,161.51,163.04,161.26,162.85,2432300
2017-09-21,162.93,162.93,160.4,161.48,1738800
2017-09-22,160.9,162,160.37,161.29,1535900
2017-09-25,160.83,162.7,160.52,162.33,1799600
2017-09-26,162.71,164.73,162.59,164.07,2370400
2017-09-27,164.49,165.32,163.38,164.42,2053100
2017-09-28,164.47,164.95,163.54,163.9,1730200
2017-09-29,163.9,165.07,163.76,164.29,1852300
2017-10-02,164.92,166.42,164.29,165.89,2267100
2017-10-03,166.32,167.29,165.03,165.08,2839400
2017-10-04,165.23,165.93,164.69,165.21,1918600
2017-10-05,165.86,167.12,165.25,167.07,4715400
2017-10-06,159,159.46,156.54,157.09,18001200
2017-10-09,157.01,157.75,154.11,154.61,7028800
2017-10-10,155.67,157.36,155.08,156.87,5420200
2017-10-11,157.3,158.96,157.06,157.87,3859300
2017-10-12,157.87,157.99,156.36,157.22,3596300
2017-10-13,157.42,160.08,157.09,159.85,3634500
2017-10-16,159.38,159.8,158.32,158.81,2453700
2017-10-17,159,159.27,157.57,158.38,2426800
2017-10-18,158.84,158.84,157.31,157.55,3011300
2017-10-19,157.14,158.76,157,158.46,2981700
2017-10-20,158.97,161.01,158.51,160.77,3993200
2017-10-23,160.85,162.39,160.58,162.04,2811200
2017-10-24,161.16,162.89,161,162.29,3040700
2017-10-25,161,163,160.58,162.18,3603900
2017-10-26,162.46,163.55,160.79,162.46,3038900
2017-10-27,160.8,162.68,160.7,162.38,3399900
2017-10-30,161.99,162,159.47,160.23,2550700
2017-10-31,159.84,161.27,159.72,161.08,2513600
2017-11-01,161.97,163.29,161.29,162.69,2129400
2017-11-02,163.73,165.55,162.61,164.95,3255700
2017-11-03,164.16,167.07,163.78,166.44,3112500
2017-11-06,165.8,166.59,164.98,165.05,1917300
2017-11-07,165.2,166.5,164.6,166.28,1944200
2017-11-08,166.63,169.19,166.02,169.05,3494300
2017-11-09,167.48,169.31,167.05,169.11,2094000
2017-11-10,168.44,171.38,168.08,171.36,2673100
2017-11-13,171,173.09,170.65,171.46,4093300
2017-11-14,170.82,171.83,169.77,171.44,1774300
2017-11-15,169.3,170.73,167.06,169,2439900
2017-11-16,170.23,171.34,169.16,170.98,2342700
2017-11-17,171,172.2,170.65,170.98,2100600
2017-11-20,171.11,172.53,170.85,172.28,1955000
2017-11-21,172.96,174.19,172.55,173.42,2360200
2017-11-22,173.84,174,171.1,172.48,1950100
2017-11-24,172.38,173.16,171.5,171.62,789400
2017-11-27,172.25,173.06,171.12,172.61,2346700
2017-11-28,173.32,174.18,172.55,173.65,2728400
2017-11-29,174,177.74,173.55,177.53,4683000
2017-11-30,180.43,184.9,180.22,184.43,7716600
2017-12-01,183.26,185.18,181.13,185.13,4034400
2017-12-04,187.22,189.88,186.56,189.56,5774200
2017-12-05,189.67,191.22,186.85,187.82,3182800
2017-12-06,187.62,187.98,185.51,187.22,3569200
2017-12-07,186.51,187.8,185.56,186.2,2240800
2017-12-08,186.79,188.53,185.95,188.07,1772500
2017-12-11,188.21,188.9,187.04,188.86,1964100
2017-12-12,186.96,189.12,186.8,188.3,3365700
2017-12-13,188.53,190.12,187.8,188.28,3062900
2017-12-14,188.58,189.74,186.17,186.53,3743200
2017-12-15,193.41,195.35,192,192.73,8452900
2017-12-18,192.63,194.35,191.9,192.31,3492300
2017-12-19,192.91,193,187,188.33,3959900
2017-12-20,189.04,189.26,185.4,187.51,3894400
2017-12-21,188,188.4,186.58,186.8,1908100
2017-12-22,187.27,187.48,185.97,186.63,1078300
2017-12-26,186.19,187.34,186.12,186.55,1120000
2017-12-27,186.85,187.06,185.8,186.3,1175200
2017-12-28,186.57,187.02,186.19,186.62,1017000
2017-12-29,186.46,187.6,185.93,186.12,2028000
2018-01-02,187.23,190.68,186.74,188.32,2509300
2018-01-03,188.82,192.1,188.38,190.58,3364400
2018-01-04,192,192.3,187.56,189.1,3525800
2018-01-05,189.43,189.68,186.72,187.75,2819000
2018-01-08,187.32,188.98,187.25,188.48,1961800
2018-01-09,189.01,189.3,186.15,186.29,2241900
2018-01-10,185.75,186.24,183.88,185.42,2609500
2018-01-11,185.43,190.67,185.03,189.38,4678600
2018-01-12,190.1,192.18,190,191.84,3499500
2018-01-16,192.35,192.84,190.89,191.53,2006600
2018-01-17,192.53,192.56,191.34,192.29,2585200
2018-01-18,192.23,193.03,191.22,191.51,1908000
2018-01-19,191.71,192.64,191.16,192.29,2353800
2018-01-22,192.5,194.76,192.06,194.38,3009100
2018-01-23,193.61,194.1,192.07,193.42,2316400
2018-01-24,194.43,194.75,191.93,194.24,2799200
2018-01-25,195,198.45,194.74,197.95,3558700
2018-01-26,197.75,199.23,195.69,198.91,2756200
2018-01-29,198.37,199.88,197.56,198.32,2031100
2018-01-30,197.59,198.79,196.08,197.91,2285000
2018-01-31,197.44,198.47,194.1,194.87,2682300
2018-02-01,193.41,195.4,192.44,193.47,2096600
2018-02-02,191.25,193.6,190.8,190.99,2386600
2018-02-05,190.66,192.1,182.53,182.77,3407200
2018-02-06,178.91,185.24,176.2,185.01,4067900
2018-02-07,184.6,186.19,183.07,183.19,2594800
2018-02-08,184.51,184.51,178.53,178.61,3013200
2018-02-09,179.78,182.07,175.79,180.72,2777200
2018-02-12,181.84,183.26,180.38,181.06,1596200
2018-02-13,180.22,184.6,180.05,184.15,2123900
2018-02-14,182.71,188.48,182.31,187.35,2191000
2018-02-15,188.09,191.71,186.57,191.48,2072900
2018-02-16,191.45,194.62,191.04,191.56,1969300
2018-02-20,189.87,191.48,187.63,188.12,2202100
2018-02-21,188.53,189.14,185.69,185.75,1747200
2018-02-22,186.35,188.33,185.66,186.59,1360100
2018-02-23,187.83,189.85,185.91,189.81,1561700
2018-02-26,190.1,193.1,189.93,192.81,1852400
2018-02-27,193.45,195.52,190.1,190.1,2170400
2018-02-28,191.6,193.76,190.89,190.9,2179800
2018-03-01,191.31,192.99,187.32,189.03,2447700
2018-03-02,187.48,190.39,187.22,189.33,2275900
2018-03-05,188.45,191.98,187.5,191.48,2155800
2018-03-06,192.14,192.25,190.07,191.46,2458700
2018-03-07,189.21,189.75,184.78,187.36,5157100
2018-03-08,186.19,186.35,183.08,185.69,6061500
2018-03-09,186.5,188.64,184.22,188.58,3288100
2018-03-12,188.27,190.1,187.55,189.37,2394100
2018-03-13,190.05,190.12,186.8,187.46,1964300
2018-03-14,188.78,189.01,183.5,184.63,2866000
2018-03-15,184.82,186.57,184.16,185.51,1811300
2018-03-16,186.18,186.25,184.47,185.87,3569400
2018-03-19,185.63,185.98,182.81,184.15,2493200
2018-03-20,185.1,187.58,184.6,187.35,1852500
2018-03-21,186.83,187.89,186.06,186.07,2048300
2018-03-22,184.9,185.55,182.5,182.64,2489800
2018-03-23,183.28,184.45,180.83,180.84,2351800
2018-03-26,183.03,187.56,182.34,187.22,2036600
2018-03-27,187.44,187.66,182.06,183.15,2495300
2018-03-28,183.61,184.62,181.23,183.61,2168700
2018-03-29,184.74,188.64,184.41,188.43,3016000
2018-04-02,186.91,186.91,181.05,182.75,3599200
2018-04-03,183.53,184.17,181.35,182.61,2287000
2018-04-04,181.13,186.35,180.94,185.52,2111000
2018-04-05,186.7,187,184.93,186.25,1933600
2018-04-06,185.34,187.25,183.1,183.96,2259000
2018-04-09,185.2,187.4,183.5,184.41,1946000
2018-04-10,185.75,185.97,182.17,183.55,2526000
2018-04-11,182.25,186.37,182.22,184.65,1697300
2018-04-12,185.5,190.04,185.49,188.82,2841600
2018-04-13,189.81,189.83,187.01,188.91,1744400
2018-04-16,191.84,195.8,191.38,194.58,3026800
2018-04-17,195.66,196.88,194.73,196,2160500
2018-04-18,196.3,197.77,196.12,196.51,1663100
2018-04-19,196.16,196.4,193.5,195.07,2427600
2018-04-20,194.43,195.67,192.75,193.56,2252800
2018-04-23,193.81,194.38,192.26,193.35,1618000
2018-04-24,194.54,195.36,191.15,192.51,1598900
2018-04-25,192.23,194.67,191.39,193.97,1311700
2018-04-26,194.12,196.44,193.34,195.26,1445800
2018-04-27,194.95,196.92,194.53,196.58,1563100
2018-04-30,197.1,199.04,196.39,197.16,2165000
2018-05-01,196.49,197.08,193.51,196.55,1413200
2018-05-02,195.48,195.58,192.45,194,2498100
2018-05-03,193.92,193.99,190.18,193.01,1815500
2018-05-04,192.84,196.4,191.28,195.19,1704500
2018-05-07,195.78,195.8,192.21,193.06,2361900
2018-05-08,192.99,195.2,192.42,194.48,1908600
2018-05-09,194.15,196.42,193.15,196.04,1999100
2018-05-10,196.05,196.93,194.2,195.45,1874200
2018-05-11,195.33,195.98,194.57,195.76,1296300
2018-05-14,195.96,197.27,195.42,195.88,1440900
2018-05-15,194.76,196.7,193.26,195.48,2319600
2018-05-16,196.07,199.35,195,198.71,2163200
2018-05-17,199.06,201.35,197.89,199.6,2391000
2018-05-18,199.5,199.52,197.78,198.96,1624600
2018-05-21,199.6,201.34,199.09,199.62,1202800
2018-05-22,199.72,201.77,198.83,198.97,1563600
2018-05-23,199.09,199.09,196.77,198.14,1635100
2018-05-24,198.29,199.09,196.82,198.89,1176300
2018-05-25,198.89,200.22,197.82,198.36,1331000
2018-05-29,198.1,198.84,196,196.74,2298100
2018-05-30,198.16,200.53,197.75,199.64,2390900
2018-05-31,200.22,200.7,197.7,198.24,4822800
2018-06-01,195.45,198.99,195,197.13,4056400
2018-06-04,197.32,199.04,197.25,198.62,1870600
2018-06-05,199.22,199.35,196.99,197.84,1868500
2018-06-06,198.01,198.4,196.7,197.66,2066900
2018-06-07,200.5,202.88,199.41,202.57,2735000
2018-06-08,201.51,204.01,201,203.76,2052500
2018-06-11,203.76,204.89,203.42,204.5,1684800
2018-06-12,204.25,205.08,203.23,204.88,1384800
2018-06-13,204.92,205.83,203.21,204.11,1665800
2018-06-14,204.87,205.73,204.29,205.12,1685000
2018-06-15,205.4,207.67,204.57,207.32,3879600
2018-06-18,206,208.11,205.15,206.21,1975000
2018-06-19,204.9,207.81,204.62,207.53,1940600
2018-06-20,207.76,208.59,206.96,207.98,1527700
2018-06-21,208.17,211.11,208,209.96,1825800
2018-06-22,210.37,211.77,210.02,211.1,1738600
2018-06-25,210.01,212.08,209.97,211.75,2398600
2018-06-26,212.38,212.46,209.97,210.09,2276700
2018-06-27,210.5,212.42,209.61,210.03,2211700
2018-06-28,210,211.19,208.05,208.71,1826700
2018-06-29,209.66,210.53,208.32,208.98,2164600
2018-07-02,208.42,208.82,206.05,207.99,1876100
2018-07-03,208.53,209.91,206.9,207.12,842100
2018-07-05,208.2,209.29,207.55,209.14,1436700
2018-07-06,207.14,210.39,206.66,209.62,1523200
2018-07-09,210.52,211.79,210,210.94,1738300
2018-07-10,210.99,212.7,210.83,211.7,1687800
2018-07-11,211.21,211.78,209.97,210.95,1472800
2018-07-12,212.54,214.17,212.22,214.02,2222000
2018-07-13,214,216.64,213.71,216.54,1951200
2018-07-16,216.64,217.13,213.9,214.85,2078200
2018-07-17,214.06,216.16,214,215,2064800
2018-07-18,215.34,215.88,213.6,214.97,1869500
2018-07-19,214.46,218.2,214.03,217.54,2790800
2018-07-20,216.98,218.94,216.24,218.69,1793900
2018-07-23,219.88,220.46,218.2,218.84,1394300
2018-07-24,219.41,220.68,217.59,218.58,1453900
2018-07-25,217.61,220.82,217.37,220.7,1560200
2018-07-26,222,224.62,220.82,221.72,1820000
2018-07-27,222.31,222.5,218.76,219.65,1596800
2018-07-30,219.04,220.12,218.61,219.11,1292700
2018-07-31,219.69,220.07,218.33,218.71,1888500
2018-08-01,218.65,219.1,216.25,217.13,1841300
2018-08-02,215.01,221.4,215.01,221.12,1904800
2018-08-03,221,222.62,221,222.03,1195700
2018-08-06,221.43,223.27,221.01,222.72,1285500
2018-08-07,223.24,225.48,222.98,223.86,1428100
2018-08-08,222.86,224.88,222.24,224.58,2010700
2018-08-09,221.62,222.35,216.91,218.24,3637100
2018-08-10,218.14,221.72,217.75,220.31,2830800
2018-08-13,221.03,221.58,219.06,219.56,1518900
2018-08-14,220.01,222.56,219.86,222,1450600
2018-08-15,220.72,222.11,218.77,221.67,1844100
2018-08-16,223.45,224.26,222.14,223.19,1657700
2018-08-17,222.33,225.88,222.15,225.68,1980900
2018-08-20,226,228.22,225.97,227.35,1783700
2018-08-21,229.49,230.1,227.7,228.54,2066700
2018-08-22,228.48,230.23,228.38,229.21,1267900
2018-08-23,229,230.35,228.57,229.51,1337900
2018-08-24,230,232.06,229.6,231.28,1453200
2018-08-27,232.74,232.86,228.1,230.03,1904100
2018-08-28,230.94,231.83,229.84,230.26,1882100
2018-08-29,231.79,232,228.73,230.19,1793600
2018-08-30,229.62,231.16,229.44,230.83,1272000
2018-08-31,230.21,233.52,230.21,233.13,1881300
2018-09-04,233.14,234.91,233.14,234.68,1858400
2018-09-05,234.57,236.17,233.2,235.61,2126000
2018-09-06,235.47,236.77,235.06,236.68,1853200
2018-09-07,237.31,242.95,237.2,241.46,2722400
2018-09-10,243,243.8,242.12,243.18,2817300
2018-09-11,243.93,245.16,243.17,244.21,2185700
2018-09-12,245,245.12,242.23,242.44,1912000
2018-09-13,242.5,243.99,241.05,241.27,2078200
2018-09-14,239,239,234.47,235.38,3875300
2018-09-17,234.06,234.59,231.51,232,2884600
2018-09-18,231.98,235.47,231.7,234.35,2000200
2018-09-19,234.62,234.74,232.42,233.85,1581400
2018-09-20,234.6,235,232.32,233.92,1910100
2018-09-21,234.37,235.84,234.01,234.76,3717800
2018-09-24,234.19,234.85,232.9,233.34,1530400
2018-09-25,234.03,234.66,232.73,232.93,1889700
2018-09-26,233.57,235.66,233.45,233.81,2008500
2018-09-27,233.7,235.67,232.34,234,1421400
2018-09-28,233.86,235.47,233.79,234.88,1602800
2018-10-01,235.81,236.53,234.43,234.65,1673100
2018-10-02,234.1,237.57,233.87,236.35,1647600
2018-10-03,236.62,237.31,232.73,233.2,2322300
2018-10-04,233.26,234,230.66,231.68,2862800
2018-10-05,225,227.06,217.79,218.82,7379000
2018-10-08,219.34,224.5,219.26,223.93,3863500
2018-10-09,224.15,225.15,222.56,224.17,2502800
2018-10-10,224.1,225,221.04,221.05,3021400
2018-10-11,222.91,225.32,220.93,221.82,3650900
2018-10-12,225.2,227.62,223.39,226.95,3130500
2018-10-15,226.25,226.94,224.25,224.51,2441900
2018-10-16,224.87,228.26,224.32,227.68,2541800
2018-10-17,228.45,228.88,225.51,228.49,2129300
2018-10-18,228.54,230.65,226.25,228.58,2624600
2018-10-19,228.9,230.63,228.72,229.67,2099800
2018-10-22,229.88,230.25,227.27,229.06,2007300
2018-10-23,227.07,229.26,223.82,228.75,2656700
2018-10-24,225.93,231.09,223.09,223.76,3100200
2018-10-25,224.06,227.59,222.84,226.4,2218900
2018-10-26,222.31,225,217,218.19,3995400
2018-10-29,219.75,224.89,218.75,222.42,3801400
2018-10-30,223.1,228.21,223.01,227.92,2410500
2018-10-31,228.65,230.56,225.56,228.63,2674600
2018-11-01,228.18,230.8,227.54,229.6,2095000
2018-11-02,229.81,232.23,227.18,230.16,2167200
2018-11-05,230.71,234.89,229.8,234.45,2513900
2018-11-06,235,237.49,234.18,236.71,2101300
2018-11-07,238.75,240.88,236.94,240.37,2603600
2018-11-08,238.51,239.8,237.03,238.7,2140600
2018-11-09,237.97,240.26,237.07,237.74,2256700
2018-11-12,237.64,239.2,234.13,234.48,2301400
2018-11-13,234.75,236.42,232.77,234.14,1548100
2018-11-14,237.12,237.12,231.71,233.31,1896500
2018-11-15,232.32,232.65,227,229.94,2722300
2018-11-16,229.3,231.12,226.52,231.02,2822400
2018-11-19,231.61,233.5,227.81,228.74,1949500
2018-11-20,224.92,225,218.05,219.31,3704800
2018-11-21,220.56,222.03,217.45,218.57,2036500
2018-11-23,218.1,221.18,217.66,220.06,1007500
2018-11-26,222.85,223.48,218.9,219.45,2205600
2018-11-27,219.37,223.12,218.38,223.01,2369800
2018-11-28,222.78,230.46,222.19,230.34,2765600
2018-11-29,229,231.59,228.36,231,1478700
2018-11-30,231.69,233.39,229.7,231.28,2764000
2018-12-03,230.72,232.2,228.21,232.08,2481500
2018-12-04,232.11,233.3,225.56,226.35,3418600
2018-12-06,227.94,233.86,226.6,233.2,4029800
2018-12-07,233.15,233.81,223.03,224.86,2881900
2018-12-10,224.54,225.2,219.11,222.66,2650000
2018-12-11,225.12,227.25,224,226.5,2466800
2018-12-12,228.35,230.45,227.07,227.8,2891400
2018-12-13,228.84,229.62,225.48,226.51,2170200
2018-12-14,218,219,205.51,207.06,8822300
2018-12-17,206.68,208,200.66,202.23,4739400
2018-12-18,203.09,204.67,201.57,202.99,3308500
2018-12-19,203.5,207,199.86,201.41,3369600
2018-12-20,200.33,200.7,193.68,197.13,4250900
2018-12-21,197.16,200.7,194.32,194.52,5080200
2018-12-24,193.9,195.33,189.8,189.99,2031700
2018-12-26,190.82,198.78,189.51,198.63,3268800
2018-12-27,196.96,201.13,193.96,201.08,2705900
2018-12-28,201.82,204.95,199.59,202.04,2037800
2018-12-31,203.38,204.39,201.38,203.71,1729400
2019-01-02,200.5,205.1,199.85,204.76,2143100
2019-01-03,203.7,205.94,200.04,200.42,2877700
2019-01-04,203.08,207.93,201.45,206.24,2761600
2019-01-07,205.52,209.12,203.54,207,2226600
2019-01-08,208.65,209.08,204.18,208.55,2366500
2019-01-09,209.15,211.22,207.92,209.9,1862900
2019-01-10,208.15,210.9,206,210.64,2340700
2019-01-11,210.04,211.25,209.31,210.51,1861100
2019-01-14,209.47,210.65,208.16,209,1523100
2019-01-15,210.04,211.34,209.08,211.03,1681900
2019-01-16,211.46,211.46,209.5,210.18,1455000
2019-01-17,209.87,211.65,209.65,211.46,1517100
2019-01-18,212.56,214.16,211.77,213.59,2115400
2019-01-22,213,215.56,210.8,212.4,3310800
2019-01-23,213,214.85,210,212.09,2220200
2019-01-24,212.39,212.39,208.9,210.31,1994400
2019-01-25,212.03,212.32,208.74,209.07,2252300
2019-01-28,208.68,210.79,207.31,210.77,1999400
2019-01-29,210.32,210.54,208.57,210.31,1636500
2019-01-30,210.48,212.17,209.32,211.35,1589800
2019-01-31,211.14,214.88,209.72,214.63,4341100
2019-02-01,214,215,209.37,210.27,3453700
2019-02-04,210.7,211.19,207.9,211.18,1630300
2019-02-05,211.49,212.52,209.64,211.61,2074500
2019-02-06,212.26,212.26,210.48,211.6,1618800
2019-02-07,210.07,210.1,206.27,209.05,2526600
2019-02-08,207.83,208.49,205.75,207.75,2013700
2019-02-11,208.65,208.92,206.76,208.72,2376600
2019-02-12,210.06,212.75,209.26,211.9,2091200
2019-02-13,212.23,213.51,211.3,212.8,1703000
2019-02-14,212,214.55,211.14,213.84,1411100
2019-02-15,215.15,217.25,214.04,216.47,2635500
2019-02-19,216.67,219.6,216.51,218.12,1938100
2019-02-20,218.23,219.07,215.06,217.11,1785600
2019-02-21,216.6,216.72,214.33,215.23,1615300
2019-02-22,215.17,216.59,214.25,216.29,1542500
2019-02-25,217.37,219.09,216.55,217.05,1794000
2019-02-26,216.89,218.91,216.13,217.61,1884100
2019-02-27,216.51,218.86,216.45,218.05,1482700
2019-02-28,218.49,219.69,217.52,218.74,2055600
2019-03-01,219.76,220.57,215.77,219.44,2178200
2019-03-04,220.43,221.08,215.87,218.41,2444700
2019-03-05,218.91,221.61,218.9,219.82,2160200
2019-03-06,220.5,221.91,218.23,219.23,1985300
2019-03-07,218.13,219.39,216.22,216.79,3279100
2019-03-08,225.48,228.7,223.77,227.82,6782700
2019-03-11,227.53,229.91,227.06,229.69,3748400
2019-03-12,230.32,233.4,229.9,232.96,2647100
2019-03-13,234.25,237.45,232.95,236.38,2421200
2019-03-14,236.13,236.38,233.28,233.84,2300300
2019-03-15,234.17,235.65,233.18,233.6,5075400
2019-03-18,233.58,236.68,233.49,236.59,1735400
2019-03-19,237.52,238.05,236.29,237.05,1852300
2019-03-20,237.03,238.49,235.78,236.98,1499500
2019-03-21,236.68,239.85,236.55,239.54,1617000
2019-03-22,239.75,240.34,236.9,237.56,1873600
2019-03-25,236.93,238.08,235.79,236.97,1357100
2019-03-26,238,240.25,237.36,239.07,1193000
2019-03-27,238.71,240.21,238.16,239.41,1351200
2019-03-28,239.98,241.95,239.58,241.22,1396700
2019-03-29,241.66,242.44,240.77,242.14,1968000
2019-04-01,243.07,244.41,242.58,244.19,1610200
2019-04-02,244,244.19,240.31,240.5,1574300
2019-04-03,241.69,243.55,241.02,242.48,1663600
2019-04-04,242.17,244.76,241.25,244.4,1319700
2019-04-05,244.96,247.09,244.01,245.87,1616200
2019-04-08,245.99,246.83,245.2,246.52,1244200
2019-04-09,245.11,245.68,244.01,244.91,1450200
2019-04-10,245.28,246.67,244.71,245.61,1556600
2019-04-11,243.62,244.18,240.92,241.24,2719800
2019-04-12,241.51,242.72,240.9,241.95,2187600
2019-04-15,242.37,246.75,241.96,246.33,1859700
2019-04-16,246.65,246.82,244.25,245.34,1360500
2019-04-17,246.3,246.46,244.32,245.56,1363000
2019-04-18,246.79,247.25,244.7,245.81,1365000
2019-04-22,245.19,245.77,242.56,243.42,1300000
2019-04-23,244.65,246.53,242.21,245.58,1524600
2019-04-24,245.68,248.7,245.6,247.96,1156400
2019-04-25,246.21,247.15,243.94,245.6,1278200
2019-04-26,245.62,245.89,242.06,243.82,1842900
2019-04-29,245,245.75,243.49,244.28,1429700
2019-04-30,244.77,245.79,243.02,245.53,1427600
2019-05-01,245.34,245.46,241.55,241.59,1350400
2019-05-02,241.76,242.89,240.42,242.69,1237600
2019-05-03,243.27,244.88,242.72,244.62,905900
2019-05-06,242.85,244.83,242.06,244.23,1194900
2019-05-07,241.72,242.74,238.22,240.18,1775200
2019-05-08,239.56,243.05,238.19,241.34,1611900
2019-05-09,240.66,244.06,240.16,243.47,1919300
2019-05-10,242.94,248.55,240.03,247.02,2036500
2019-05-13,244.12,244.93,240.67,241.92,1962800
2019-05-14,242.29,245.09,241.81,242.73,1635100
2019-05-15,242.11,245.4,241.23,244.67,1194800
2019-05-16,245.63,249.73,245.21,247.44,1800600
2019-05-17,245.88,250.05,245.59,248.35,1672000
2019-05-20,247.15,249.94,247.15,248.9,1600500
2019-05-21,249.11,250.83,248.1,249.93,1504200
2019-05-22,251.01,251.01,249.14,249.51,1242300
2019-05-23,248.63,249.92,247.18,248.53,1822800
2019-05-24,249.11,249.56,246.77,247.3,1340200
2019-05-28,248.58,250.2,246.14,246.31,3164100
2019-05-29,244.13,244.77,238.91,240.69,2594900
2019-05-30,242.15,243.58,240.75,241.54,2030300
2019-05-31,238.98,240.66,233.05,239.58,4058100
2019-06-03,239.78,241.54,238.08,241.07,2512500
2019-06-04,243,245.82,242.5,245.61,1761500
2019-06-05,246.1,248.76,245.02,247.96,1825500
2019-06-06,248,251.94,247.74,251.21,1487800
2019-06-07,251.16,256.6,251.02,256.01,2270200
2019-06-10,256.4,258.83,256.11,256.85,1839500
2019-06-11,258.91,259.62,256.21,257.11,1613500
2019-06-12,257.58,258.75,255.77,257.23,1071700
2019-06-13,257.71,259.87,257.55,259.71,1228500
2019-06-14,260,261.2,258.91,260.15,1287800
2019-06-17,261.13,262.25,260.43,261.43,1191900
2019-06-18,263.61,264.2,262.05,262.74,2763200
2019-06-19,262.31,264.1,260.94,263.66,1628400
2019-06-20,265,267.79,264.55,267.35,1745100
2019-06-21,266.77,268.94,265.99,266.13,2964000
2019-06-24,267.31,267.97,266.52,266.77,1586100
2019-06-25,266.71,267.08,265.36,266.36,1182400
2019-06-26,266.45,266.82,264.34,264.41,1334400
2019-06-27,264.9,266.48,262.99,265.58,1122900
2019-06-28,265.5,266.39,263.36,264.26,1952500
2019-07-01,266.43,267,261.84,263.55,1955800
2019-07-02,263.92,265.57,261.67,265.47,1201300
2019-07-03,265.14,269.16,265.14,269.14,986500
2019-07-05,268.2,268.61,266.27,268.25,1081500
2019-07-08,268.33,269.69,267.35,269.4,1236000
2019-07-09,269.36,270.78,268.49,269.97,1400300
2019-07-10,270.05,271.53,269.34,271.42,1257000
2019-07-11,272.33,276.77,271.81,276.54,1985600
2019-07-12,276.5,280,276.01,279.44,2046400
2019-07-15,279.94,280.7,278.9,280.58,1568000
2019-07-16,281,281.37,279.78,280.65,1379200
2019-07-17,281.05,282.85,280.22,281.56,1716600
2019-07-18,282.2,283.06,279.19,282.91,1696100
2019-07-19,283.07,284.31,281.35,281.51,1607600
2019-07-22,281.22,282.32,279.32,280.17,1459100
2019-07-23,281.85,282.08,279.02,280.1,1117800
2019-07-24,279.83,281.24,279.01,280.83,1257100
2019-07-25,281.2,281.94,279.34,279.8,1600200
2019-07-26,279.8,281.77,279.12,281.37,1447700
2019-07-29,281.01,281.3,279.54,280.13,1257400
2019-07-30,280.27,280.57,279.1,279.5,978200
2019-07-31,279.02,279.72,272.63,275.63,1886900
2019-08-01,275.75,280.93,274.31,274.57,2634300
2019-08-02,274.3,274.94,270.5,272.5,1969200
2019-08-05,270.09,270.55,262.71,265.1,3329800
2019-08-06,266.47,270.23,264.05,269.31,2383000
2019-08-07,268.18,274.86,263.59,274.3,3037500
2019-08-08,273.04,274.84,271,274.8,2046700
2019-08-09,274.58,275.47,271.91,273.94,1284300
2019-08-12,274.03,274.98,269.3,271.31,1638600
2019-08-13,271.18,278.16,270.01,276.26,1724600
2019-08-14,274,275.36,268,268.15,2122100
2019-08-15,270.53,272.97,268.77,271.52,1623200
2019-08-16,274.1,276.07,273.44,274.1,1230800
2019-08-19,276.41,277.38,274.55,275.61,1313400
2019-08-20,276.28,276.36,272.85,272.97,1390600
2019-08-21,275.41,276.54,274.7,275.68,1682300
2019-08-22,277.01,280.99,276.87,279.92,2345500
2019-08-23,278.21,280.13,272.7,274.01,1984300
2019-08-26,275.75,278.53,275.69,278.46,1426400
2019-08-27,281,293.44,280.34,292.38,5169000
2019-08-28,293.75,299.95,292.42,294.49,5162100
2019-08-29,297.48,297.73,292.76,296.57,2613100
2019-08-30,298,298.28,292.83,294.76,1801000
2019-09-03,292.57,294,290.46,292.05,1842900
2019-09-04,294,296.3,293.77,296.12,1375700
2019-09-05,298.43,299.71,296.68,296.97,1865300
2019-09-06,299.2,304.64,298.29,303.76,3018100
2019-09-09,304.5,307.34,298.21,299,3397200
2019-09-10,297.38,298.25,294.58,297,2725000
2019-09-11,294.3,295.74,287.81,290.69,4754700
2019-09-12,290.34,292.75,288.68,289.89,2942600
2019-09-13,290.2,294.07,289.85,291.9,2306300
2019-09-16,290.57,291.38,288.34,288.69,1508900
2019-09-17,289.56,291.79,288.69,291.41,1758900
2019-09-18,290.7,293.57,288.8,292.43,1666000
2019-09-19,289.49,289.76,284.71,287.83,3004700
2019-09-20,288.75,289.41,286.14,286.36,3409500
2019-09-23,286.36,288.13,285.75,287.57,2025400
2019-09-24,289.3,292.62,286.4,287.91,2483200
2019-09-25,288.26,289.68,286.87,288.51,1827800
2019-09-26,289.43,289.81,286.6,288.26,1877300
2019-09-27,289.53,289.53,284.4,285.95,1538100
2019-09-30,287.7,288.62,286.57,288.11,2151500
2019-10-01,288.04,288.68,283.18,283.93,2648900
2019-10-02,283.23,285.79,282.22,285.11,2480600
2019-10-03,285.39,290.86,281.6,289,3590200
2019-10-04,287.85,291.95,283.32,291.67,4513300
2019-10-07,291.04,295.69,290.5,293.41,1988700
2019-10-08,292.95,295.58,290.45,291.89,2201100
2019-10-09,293.11,298.57,293.11,296.9,2235500
2019-10-10,298.63,299.48,296.26,297.14,1637500
2019-10-11,298.07,300.76,297.36,297.6,1855500
2019-10-14,298,300.34,297.5,297.52,1297600
2019-10-15,298.32,299.64,297.23,298.39,1580700
2019-10-16,296.8,298.97,295.08,298.78,1811100
2019-10-17,298.85,302.61,298.85,302.4,1734600
2019-10-18,302,304,300.98,302.86,1853900
2019-10-21,303,303.51,300.17,301.08,1322900
2019-10-22,301.61,304.88,299.95,299.97,1955600
2019-10-23,299.58,300.05,297.18,297.32,1798700
2019-10-24,295.05,298.28,294.56,297.05,2056700
2019-10-25,295.52,297.25,295.11,296.5,1686200
2019-10-28,295.7,299.09,295.21,298.94,1672600
2019-10-29,298.21,298.94,295.81,295.86,1295300
2019-10-30,296.92,300.25,295.97,299.84,1264300
2019-10-31,298.36,299.62,294.55,297.11,2277400
2019-11-01,297.99,298.42,295.5,296.09,1364500
2019-11-04,297.16,298.22,295.17,296.82,1651600
2019-11-05,297.09,299.69,295.81,299.18,2204500
2019-11-06,299.97,301.65,297.93,301.57,1675000
2019-11-07,303.93,307.1,302.48,305.21,2399400
2019-11-08,302.74,304.29,301.28,302.62,1501600
2019-11-11,301.55,302.33,299.7,300.84,1160900
2019-11-12,300.83,302.73,298.66,300.5,1540800
2019-11-13,300.18,304,299.52,302.9,1517900
2019-11-14,304.39,305.89,302.27,304.59,1336400
2019-11-15,305.31,305.44,301.6,303.66,1706100
2019-11-18,303.11,306.38,302.75,304.54,1241300
2019-11-19,304.5,304.64,301.45,302.24,1761400
2019-11-20,302.44,303.17,298.01,300.57,1979500
2019-11-21,300.69,301.87,299.52,300.27,1302500
2019-11-22,301.94,301.94,297.23,299.31,1277300
2019-11-25,300.29,300.63,297.55,299.05,1613000
2019-11-26,299.26,301.35,298.82,301.24,3359100
2019-11-27,301.82,302.79,300.57,300.76,1906500
2019-11-29,300.82,300.89,299.66,299.81,981600
2019-12-02,299.75,300.2,294.27,297.39,2705500
2019-12-03,295.13,296.19,292.7,295.67,1921400
2019-12-04,296.04,297.16,295.15,296.52,1742000
2019-12-05,297.13,297.13,292.5,293.1,1941100
2019-12-06,294.98,295.99,294.26,294.95,1462000
2019-12-09,295,297.19,294.55,295.16,1960000
2019-12-10,296.03,296.69,294.55,295.78,1565900
2019-12-11,296,296.35,293.05,295.3,1749800
2019-12-12,295.27,297.76,294.12,297.34,2742700
2019-12-13,294.64,295,289.1,291.87,5195600
2019-12-16,293.03,294.46,292.85,293.5,2410000
2019-12-17,293.5,296.3,292.75,295.55,2474100
2019-12-18,295.99,296.36,291.82,291.87,3309800
2019-12-19,292.06,293.81,291.5,293.71,2333600
2019-12-20,293.85,295.02,292.78,294.83,4866500
2019-12-23,294.91,295.31,293.03,293.31,1309800
2019-12-24,293.91,294.45,293.36,294.23,543600
2019-12-26,294.49,295.73,293.9,295.73,1101800
2019-12-27,296.22,296.3,293.18,294.11,1439100
2019-12-30,294.2,295.61,293.66,295.14,1238900
2019-12-31,295,295.45,292.18,293.92,1550700
2020-01-02,294.06,294.58,291,291.49,2103600
2020-01-03,290.05,292.9,289.33,291.73,1926000
2020-01-06,290.55,292.07,288.62,291.81,2655100
2020-01-07,291.32,291.69,289.28,291.35,1963400
2020-01-08,290.99,295.48,290.5,294.69,2492800
2020-01-09,298.55,301.96,297.71,299.42,3261200
2020-01-10,300,300.27,296.66,297.24,2024200
2020-01-13,296.92,300.65,296.8,299.87,1778600
2020-01-14,299.25,301,298.58,299.75,1459900
2020-01-15,298.35,301.04,298.04,300.82,1604000
2020-01-16,301.39,304.06,300.98,303.03,1758600
2020-01-17,303.4,305.3,303.03,304.68,2506500
2020-01-21,306.2,313.34,305.76,313.26,3585900
2020-01-22,313.4,313.56,310.21,311.89,2218900
2020-01-23,312.02,313.4,310.73,312.88,1535900
2020-01-24,314.02,314.28,309.1,310.51,1986100
2020-01-27,306.15,311.77,305.65,309.45,2265100
2020-01-28,310.51,311.71,309.1,310.85,1571700
2020-01-29,310.86,311.97,309.39,309.58,1713700
2020-01-30,308.84,309.64,306.67,309.47,1232600
2020-01-31,308.55,309.18,304.56,305.52,1837000
2020-02-03,307,308.58,301.67,302,2816800
2020-02-04,304.57,305.91,302.76,304.9,1982300
2020-02-05,307,309.59,305.4,308.95,1731800
2020-02-06,309.35,311.84,307.85,310.61,1917900
2020-02-07,310,313.81,309.12,313.63,1903500
2020-02-10,313.76,316.94,312.6,313.79,2336300
2020-02-11,314.03,314.43,310.47,310.68,2047500
2020-02-12,310.77,315.48,310.77,315.12,1384600
2020-02-13,314.85,318.79,313.54,318.2,1438000
2020-02-14,318.87,319.81,316.95,318.31,1113400
2020-02-18,319,323.48,318.61,322.05,1547100
2020-02-19,322.08,324.53,321.73,323.02,1413600
2020-02-20,322.32,325.07,321.01,324.08,1427500
2020-02-21,322.56,325.26,321.03,321.95,2239000
2020-02-24,315.5,320,313.26,313.62,2300400
2020-02-25,315,316.57,304.4,304.87,2881800
2020-02-26,307.55,311.3,304.68,305.69,2236000
2020-02-27,301.98,305,293,293.13,3625300
2020-02-28,285.25,287.33,271.28,281.14,7091800
2020-03-02,294.44,309.51,291.38,309.14,7563800
2020-03-03,309.14,314.17,301.03,302.73,5131400
2020-03-04,308.29,320.97,305.02,320.74,4219300
2020-03-05,315.77,324.51,313.2,315.76,6407700
2020-03-06,312.14,317.49,302.75,311.34,6185500
2020-03-09,295.85,310.33,293,301.98,5203100
2020-03-10,307.97,309.73,294.42,309.4,4245500
2020-03-11,300.86,307.79,294.19,297.43,3622700
2020-03-12,280.44,295.63,276.34,279.85,7307600
2020-03-13,288.83,303.25,278.27,302.27,6100100
2020-03-16,281.83,299.53,279.51,283.18,5465500
2020-03-17,289,307.19,286.3,306.99,7170600
2020-03-18,298,318,296,307.5,6701800
2020-03-19,310.41,313.85,302.63,305.22,5429500
2020-03-20,307.92,308.01,287.02,290.42,6581200
2020-03-23,292.01,295.67,278.42,285.53,5646400
2020-03-24,294.59,297.35,282.83,284.94,7124200
2020-03-25,284.21,290.72,279.21,280.86,5639600
2020-03-26,281.34,293.73,280.86,292.3,5463100
2020-03-27,287.13,293.49,283.33,284.33,4250400
2020-03-30,287.49,291.68,285.84,291.12,4396000
2020-03-31,287.42,291.52,284,285.13,5618600
2020-04-01,282.36,288.8,280.9,286.78,3745800
2020-04-02,284.38,292.78,282.82,291.48,3500600
2020-04-03,289.16,292.34,285.8,288.65,2650100
2020-04-06,293,305.49,289.57,305.12,5272500
2020-04-07,306.5,310,303.22,303.63,4036500
2020-04-08,305.11,307.42,302.28,305.97,3964400
2020-04-09,299.45,304.35,297.58,300.01,6487600
2020-04-13,298.58,303.95,297.66,299.62,3120400
2020-04-14,302.75,314.75,301.25,314.14,4288300
2020-04-15,311.64,313.75,306.82,310.27,2937300
2020-04-16,314.73,322.63,312.04,321.56,3940000
2020-04-17,321.31,322.13,314.02,317.92,3688000
2020-04-20,317.95,318.38,311.53,312.08,3156300
2020-04-21,311.14,311.89,299.35,301.33,3833000
2020-04-22,304,311.13,302.04,309.42,2970600
2020-04-23,307.03,309.64,304.79,305.4,2625200
2020-04-24,307.33,310.83,305.51,310.55,2019400
2020-04-27,313.05,313.29,307.59,308.78,2287300
2020-04-28,310.83,311.27,304.28,304.95,2425900
2020-04-29,304.95,308.68,301.12,307.09,3667700
2020-04-30,306.15,307.9,302.57,303,3794300
2020-05-01,301.78,304.82,300.18,301.92,2525400
2020-05-04,303,305.53,300.07,304.49,2477500
2020-05-05,305.06,309.8,303.44,307.92,2460900
2020-05-06,309.92,311.04,306.54,308.89,2406700
2020-05-07,309.34,309.87,304.53,305,2601800
2020-05-08,305.9,307.18,303.7,305.94,2337400
2020-05-11,305.64,311.83,305,310.33,1865900
2020-05-12,310.84,311.55,304.79,304.84,2264900
2020-05-13,304.84,306.4,300.12,302.14,2954900
2020-05-14,301.01,302.88,294.54,299.74,3718900
2020-05-15,299.07,299.83,295.86,299.21,4577200
2020-05-18,301.72,303.19,299.92,302.76,3987300
2020-05-19,304.62,309.02,303.15,304.63,3523000
2020-05-20,306.77,307.92,303.2,304.91,2827000
2020-05-21,304.79,305.04,301.25,301.97,2492100
2020-05-22,302.01,303.94,300.83,302.43,2366400
2020-05-26,306.01,306.9,303.53,304.8,3234600
2020-05-27,304.56,306.31,299.47,306.01,2980200
2020-05-28,307.25,311,306.9,309.56,4301900
2020-05-29,304.2,308.88,302.35,308.47,4971800
2020-06-01,307.9,309.74,306.46,308.29,2293700
2020-06-02,307.95,309.02,304.72,307.09,2528900
2020-06-03,307.5,308.2,305.92,306.64,2165900
2020-06-04,310.85,315.35,309.09,310.75,4553900
2020-06-05,313.13,313.63,307.29,312.04,4375600
2020-06-08,310.66,311.29,306.46,307.19,3764500
2020-06-09,307.5,308.6,305.17,305.55,3155800
2020-06-10,306.48,308.63,305.65,307.33,2713700
2020-06-11,306.99,309.2,300.64,300.83,3443000
2020-06-12,302.67,305.15,296.25,298.7,4020000
2020-06-15,297.05,298.07,293.84,297.18,3266800
2020-06-16,301.35,302.74,299.22,301.36,2633800
2020-06-17,301.02,302,298.9,299.61,2188400
2020-06-18,300,300.81,297.79,299.57,1881800
2020-06-19,300.18,301.9,298.64,299.9,3438000
2020-06-22,299.7,301.48,298.25,300.45,2094400
2020-06-23,301.73,304.9,300.73,301.29,2409600
2020-06-24,300.77,301.28,296.6,298.02,2398100
2020-06-25,297.06,301.15,295.4,300.53,2274300
2020-06-26,300.41,302.12,295.95,296.56,2866000
2020-06-29,297.44,301.63,296.83,301.59,1841700
2020-06-30,301.01,304.62,300.14,303.21,2391700
2020-07-01,302.5,305.58,300.75,304.75,1906100
2020-07-02,306,308.92,304.6,305.74,2540500
2020-07-06,307.53,311.56,307.24,311.49,2332400
2020-07-07,310.02,318.05,309.72,316.23,3346600
2020-07-08,317.14,318.05,314.01,316.32,2364500
2020-07-09,320,328.98,319.68,325.54,5313600
2020-07-10,326,327.4,323.11,326.23,2484100
2020-07-13,326.3,329.11,321.5,322.92,2583200
2020-07-14,321.32,328.66,320.45,328,1844800
2020-07-15,328.1,329.32,325.62,326.7,1770700
2020-07-16,326.62,327.9,324.06,326.27,1402000
2020-07-17,327.3,327.8,324.58,324.79,1768100
2020-07-20,324.89,327.44,322.66,326.51,1863300
2020-07-21,327,331.49,326.5,327.74,1874200
2020-07-22,329.65,329.66,325.01,328.3,1312600
2020-07-23,328.1,330.38,325.33,326.11,1561700
2020-07-24,326.22,328.75,324.67,325.78,1423400
2020-07-27,325.68,329,325.18,327.6,2083300
2020-07-28,327.97,330,325.82,327.57,1374000
2020-07-29,327.02,328.04,325.39,326.14,1341300
2020-07-30,322.69,326.45,322,324.82,1390300
2020-07-31,324.82,326.31,322.55,325.53,2149900
2020-08-03,325.55,329.89,324.3,329.32,2480200
2020-08-04,329.56,339.82,328.92,339.79,3933300
2020-08-05,341.86,342.73,337.59,339.97,2923700
2020-08-06,342.41,345.12,341.61,343.31,2104300
2020-08-07,343.14,344.73,339.63,340.91,1759000
2020-08-10,340.71,341.07,338.58,340,1503800
2020-08-11,340.85,340.85,331.8,332.43,2065600
2020-08-12,333.75,338.9,333.17,336.76,1853900
2020-08-13,336.99,339.46,335.13,335.7,1536500
2020-08-14,336.53,338.76,335.6,336.28,1522900
2020-08-17,337.65,340.37,337.36,339.96,1504700
2020-08-18,341,342.8,336.81,340.75,1489400
2020-08-19,341.12,341.94,339.95,340.9,1730100
2020-08-20,340.14,341.66,338.74,340.87,1717500
2020-08-21,340.07,345.84,339.33,344.61,2372600
2020-08-24,345.11,346.11,342.11,344.13,1461500
2020-08-25,344.14,344.91,341.46,344.71,1176200
2020-08-26,343.01,344.83,341.69,344.27,1757000
2020-08-27,345.61,347.74,342.55,346.36,2220700
2020-08-28,347.47,349.06,345.5,348.37,1487300
2020-08-31,346.85,348.75,344.29,347.66,1586900
2020-09-01,345.71,351.49,345.41,351.38,1773700
2020-09-02,353.61,359.92,351.31,358.86,2434900
2020-09-03,363.07,363.67,345.52,348.3,3630400
2020-09-04,353.98,353.98,340.4,346.57,2557000
2020-09-08,343.84,344.92,338.18,338.86,2144300
2020-09-09,340.9,349.7,340.39,346.43,2100900
2020-09-10,346.27,348,338.76,339.53,1959600
2020-09-11,340.28,343.26,336.1,339.13,1599600
2020-09-14,340.99,344.84,340.47,342.92,1522300
2020-09-15,345.02,347.76,342.75,343.91,1362500
2020-09-16,347.27,348.76,343.25,343.73,1656500
2020-09-17,339.58,342.89,336.37,338.88,2681500
2020-09-18,340.2,341.22,331.2,335.96,3409300
2020-09-21,333.97,339.62,333.71,339.57,2427400
2020-09-22,340.7,344.9,339.59,344.45,2128100
2020-09-23,348,348.25,344.06,344.63,3577100
2020-09-24,345,347.33,338.31,347,5779300
2020-09-25,340.74,343.77,335.36,342.58,7338500
2020-09-28,343.76,349.77,343.1,349.62,3459200
2020-09-29,348.95,354.29,347.1,352.14,2526000
2020-09-30,352.56,357.7,351.17,355,2525800
2020-10-01,356.26,359.69,354.82,358.46,2053000
2020-10-02,354.73,357.84,352.85,355.01,2125000
2020-10-05,355.33,358.98,355.33,358.58,2093500
2020-10-06,361.9,363,357.04,358.35,2760400
2020-10-07,360.47,364.74,359.66,363.02,1959100
2020-10-08,364.8,365.97,361.75,365.09,1793100
2020-10-09,366,369.75,365.7,369.46,1730700
2020-10-12,371,380.66,370.77,376.48,2806900
2020-10-13,378.42,382.29,376.48,380.68,1823300
2020-10-14,382.89,383.87,376.7,378.34,1904400
2020-10-15,376.46,378.36,373.06,376.58,1697800
2020-10-16,380.5,384.87,379.12,381.54,2459400
2020-10-19,382.03,383.09,374.71,375.56,1938100
2020-10-20,377.69,382.08,376.12,378.31,1282300
2020-10-21,378.56,381.28,377.02,377.82,1466500
2020-10-22,377.35,378.38,372.03,375.75,1813200
2020-10-23,375.61,376.52,373.56,374.6,1108000
2020-10-26,366.68,372.63,366.12,370.71,2145000
2020-10-27,368.77,374.91,368.77,372.72,1525400
2020-10-28,367.33,372.41,364.67,364.96,1908300
2020-10-29,363.23,369.09,362.51,364.86,1838500
2020-10-30,361.13,363.85,355.79,357.62,2724100
2020-11-02,362.22,365.66,360.71,364.39,1646300
2020-11-03,368.94,374.8,367.89,371.96,2013100
2020-11-04,374.02,381.64,374,376.17,2449800
2020-11-05,382.48,386.58,379.5,385.23,2255800
2020-11-06,381.88,386.8,380.89,385.66,1950200
2020-11-09,388.25,389.5,364.76,365,4371300
2020-11-10,363.88,371.54,360.59,366.62,2662600
2020-11-11,369.68,374.7,368.16,372.92,1688800
2020-11-12,376.95,378.24,373.5,375.71,1535900
2020-11-13,376.52,379.83,374.99,378.84,1274600
2020-11-16,376.91,381.28,376.91,379.79,1691500
2020-11-17,387.32,388.48,381.79,381.92,3299100
2020-11-18,382.89,388.05,381.73,382.23,2134600
2020-11-19,383.61,384.71,380.31,383.54,1768900
2020-11-20,383.95,385.5,381.01,381.12,1807600
2020-11-23,383,383.06,380.34,381.71,1679600
2020-11-24,383.69,386.05,380.71,384.22,2061100
2020-11-25,385.79,388.34,385.56,387.75,2034200
2020-11-27,390.46,390.67,387.75,388.39,1329400
2020-11-30,391.75,393.15,385.23,391.77,3733800
2020-12-01,384.5,388.07,381.18,387.56,2996800
2020-12-02,385.47,386.88,381.57,383.5,2212800
2020-12-03,378,378.73,373.28,374.05,3976400
2020-12-04,375.21,375.31,371.89,373.43,2839700
2020-12-07,374.27,376.5,372.65,373.33,2652900
2020-12-08,373.95,379.52,370.75,377.6,2685500
2020-12-09,379.88,381,372.8,374.29,2461600
2020-12-10,374.29,375,371.56,372.79,2566300
2020-12-11,379.77,379.77,372.54,375.1,3483900
2020-12-14,376.56,378.18,373.21,374.38,2778400
2020-12-15,374.5,375.69,369.3,371.88,2133900
2020-12-16,371.16,372.84,368.85,369.44,2385100
2020-12-17,370.26,370.97,368,370.29,2314200
2020-12-18,371.1,371.36,365.93,367,4140000
2020-12-21,365.09,366.12,361.81,364.97,2329700
2020-12-22,364.1,364.76,360.61,362.03,2105500
2020-12-23,362.45,363.1,359.5,361.89,1782100
2020-12-24,361.41,365.34,361.41,364.58,972500
2020-12-28,365.5,371.69,365.08,371.06,3207700
2020-12-29,372.25,373.26,370.26,372.72,2072600
2020-12-30,374.2,375.86,373.28,374.45,1778000
2020-12-31,374.99,377.04,372.46,376.78,1628900
2021-01-04,377.43,381.55,374.81,380.15,3322200
2021-01-05,378.86,380.21,375.25,375.74,2748400
2021-01-06,373.82,375.8,369.65,370.02,2661400
2021-01-07,371.01,371.65,366.79,367.92,2849500
2021-01-08,368.12,370.26,364.29,369.94,2599700
2021-01-11,368.58,371,363.86,364.01,2562500
2021-01-12,364,365.07,360.25,364.2,2387600
2021-01-13,364.37,368.74,363,366.95,1968800
2021-01-14,366,366.5,361.56,362.35,2363900
2021-01-15,361.06,364.91,360.8,362.16,2340400
2021-01-19,362.36,362.95,352.44,354.47,4533800
2021-01-20,354.39,361.9,353.41,361.3,2767200
2021-01-21,361.3,363.99,359.94,362.8,2121600
2021-01-22,363.2,364.63,359.85,362.3,1960300
2021-01-25,360.86,361.96,356.82,361.88,2735900
2021-01-26,360.2,365.9,358.88,364.98,1807000
2021-01-27,362.99,365.8,354.85,356.39,3120800
2021-01-28,356.85,361.61,356.07,357.06,2251100
2021-01-29,354.75,356.29,351.88,352.43,2598700
2021-02-01,351.21,352.79,349.21,350.52,2371200
2021-02-02,351.76,357.7,350.72,355.58,1905000
2021-02-03,356.23,357.53,353.21,355.21,1759800
2021-02-04,356.71,358.38,353.85,355.85,3411600
2021-02-05,356.55,356.85,354.1,355.17,2165600
2021-02-08,356.57,360.04,355.57,359.83,2520700
2021-02-09,360.04,361.67,358.3,359.56,2154000
2021-02-10,361,361,355.12,356.12,2162400
2021-02-11,355.73,356.5,351.39,352.2,2088400
2021-02-12,351.99,352.98,350.1,352.75,2096600
2021-02-16,353.08,355.36,352.04,354,1829000
2021-02-17,353.11,358.17,351.91,358.04,2143000
2021-02-18,352.28,358.2,352.28,356.92,1914900
2021-02-19,356.69,357.93,354.58,354.77,1839400
2021-02-22,352.75,353.29,348.82,350.21,2215600
2021-02-23,349.8,351,342.03,342.15,3692600
2021-02-24,341.79,342.5,337.89,340.7,3305800
2021-02-25,340.85,343,333.35,333.9,3618100
2021-02-26,335.51,335.89,330.94,331,3362200
2021-03-01,335.21,336,331.36,331.77,4653200
2021-03-02,333.69,334.69,328.42,328.46,4660100
2021-03-03,328.17,328.42,323.76,323.92,4064200
2021-03-04,323.37,325.6,315.04,319.04,5501200
2021-03-05,315.33,318.43,307,317.32,8102800
2021-03-08,318.91,322.33,310.92,311.42,4873500
2021-03-09,313.76,320.28,312.71,318.78,5426800
2021-03-10,321.14,327.39,317.32,323.83,4523500
2021-03-11,330.41,331.25,326.72,328.65,4338900
2021-03-12,328.1,331.63,325.6,331.14,3182100
2021-03-15,333.6,333.68,327.32,330.51,3243000
2021-03-16,329.67,330.03,326.64,327.25,3066700
2021-03-17,326,330.5,324.12,329.19,2672400
2021-03-18,326.48,328.14,322.38,322.98,2736900
2021-03-19,323.61,329.25,322.39,328.91,4859300
2021-03-22,328.45,336.17,328.19,334.49,4064900
2021-03-23,333.89,342.51,333.8,340.34,3641200
2021-03-24,342.22,342.51,336.83,338.04,3006400
2021-03-25,337.81,347.78,337.27,346.34,4307100
2021-03-26,346.21,352.46,344.1,352.02,3061200
2021-03-29,351.45,357.77,351.01,356.15,3012000
2021-03-30,353.58,354.77,348.84,349.75,2602400
2021-03-31,350.66,357.45,349.23,352.48,2832200
2021-04-01,352.54,357.32,351.63,354.94,2938600
2021-04-05,357.5,362.67,356.84,360.82,2705700
2021-04-06,359.8,362.8,359,360.12,2142000
2021-04-07,360.87,361.46,357.61,358.81,1808400
2021-04-08,362.8,366.02,359.6,361.22,2839200
2021-04-09,360.91,363.71,359.6,363.21,1610800
2021-04-12,362.84,365.25,361.34,364.81,1836600
2021-04-13,365.34,367.3,364.27,365.21,1796400
2021-04-14,364.85,364.85,362.55,363.17,1509400
2021-04-15,364.88,369.55,364.27,368.8,1850100
2021-04-16,369.7,372.8,368.58,370.72,2249200
2021-04-19,371,371.53,368.2,369.55,1560000
2021-04-20,369,375.36,368.73,371.73,2330700
2021-04-21,371.61,374.58,371.47,374.09,1531800
2021-04-22,374.34,375.44,370.03,371.26,2138000
2021-04-23,371.26,374.85,370.41,373.28,1404500
2021-04-26,373.9,373.9,368.21,368.52,2059700
2021-04-27,368.17,370.96,365.29,370.21,1875900
2021-04-28,369.55,370.5,368.18,369.59,1305600
2021-04-29,368.54,374.71,368.53,373.54,1848300
2021-04-30,372.91,374.16,371.33,372.09,2118900
2021-05-03,373.84,379.62,372.89,379.32,2685800
2021-05-04,379.03,379.23,373.75,375.29,2133800
2021-05-05,376.35,377.52,372.05,372.5,1905300
2021-05-06,373.19,382.94,373.19,382.76,2641400
2021-05-07,382.83,386.45,382.2,384.32,1817100
2021-05-10,385.49,387.89,381.28,381.48,1998700
2021-05-11,379.31,380.92,376,378.18,1859700
2021-05-12,376,376.94,371.11,372.2,2344600
2021-05-13,373.09,381.44,371.57,379.53,2023100
2021-05-14,382.14,385.82,380.1,384.42,1876100
2021-05-17,385.04,387.05,382.9,383.96,1830800
2021-05-18,386.45,389.45,382.51,382.81,1698200
2021-05-19,377.15,381.73,376.13,379.66,1725000
2021-05-20,379.18,384.52,378.28,383.58,1427300
2021-05-21,385.05,385.35,380.43,380.72,1706600
2021-05-24,384.34,385.76,381.89,383.45,1657000
2021-05-25,383.62,385.74,382.03,385.38,1379700
2021-05-26,385.86,387.75,385.02,385.62,1648000
2021-05-27,385.13,387.77,383.5,387.5,4452000
2021-05-28,384.15,385.31,377.03,378.27,4681200
2021-06-01,379.93,380.2,375.5,378.23,2117800
2021-06-02,378.38,381.92,377.71,380.59,1881000
2021-06-03,379.64,384.19,378.86,383.87,1780300
2021-06-04,384.19,387.76,383.71,387.52,1765900
2021-06-07,385.47,386.45,378.57,380.4,2515800
2021-06-08,380.41,381.21,377.69,379.7,1553800
2021-06-09,380.21,381.78,379.13,379.96,1398900
2021-06-10,380.27,383.36,379.49,383.01,1404000
2021-06-11,383.86,383.86,380.53,381.83,1404200
2021-06-14,380.79,383.98,379.08,383.76,1652600
2021-06-15,383.76,384.5,381.56,383.91,1252000
2021-06-16,384.4,386.44,377.12,379.41,1801700
2021-06-17,380.38,386.47,379.21,384.75,1686500
2021-06-18,384.75,384.91,380.3,380.88,3415700
2021-06-21,382.25,387.65,380.56,386.8,1631600
2021-06-22,387.02,392.5,386.56,392.18,1934800
2021-06-23,393,393.44,390.59,391.97,1538000
2021-06-24,393.42,395.5,391.8,392.07,1487300
2021-06-25,392.97,394.55,391.25,394.51,2056100
2021-06-28,395,397.42,393.13,396.54,1645500
2021-06-29,396.3,399.44,395.47,398.79,1523600
2021-06-30,397.97,400.47,395,395.67,2031700
2021-07-01,396.3,397.69,393.88,394.53,1523400
2021-07-02,396.21,400.77,396.11,398.94,1676600
2021-07-06,399.84,401.4,397.11,398.86,2113100
2021-07-07,399.2,406.12,399.2,404.68,2308600
2021-07-08,403.5,408.64,403.16,407.15,2235500
2021-07-09,408.55,414,407.59,412.37,2304200
2021-07-12,414.04,414.35,404.53,407.88,2491300
2021-07-13,404.7,409.29,404.7,407.06,1540300
2021-07-14,408.58,410.47,407.26,409.95,1265800
2021-07-15,410.46,412.2,407.88,411.82,1894100
2021-07-16,412.12,413.42,409.77,410.37,1413900
2021-07-19,410.06,415.32,410.05,414.15,2293100
2021-07-20,414,418.07,412.85,416.24,2045400
2021-07-21,417.11,417.11,412.22,415.01,1480000
2021-07-22,416,418.6,413.55,417.54,1339200
2021-07-23,418.29,423.99,417.05,423.43,1344500
2021-07-26,423.4,424.5,420.35,423.23,1220000
2021-07-27,424,424.56,421.6,424.34,1666500
2021-07-28,423.27,424.86,420.54,422.22,1362700
2021-07-29,421.68,425.85,420.36,425.28,1434200
2021-07-30,425.98,431.5,425.94,429.72,2283900
2021-08-02,430.62,430.71,425.48,428.92,1366900
2021-08-03,429.92,436.8,429.12,435.07,1448100
2021-08-04,436,437.99,432.89,435.04,1280500
2021-08-05,437.75,443.5,436.73,443.19,1742600
2021-08-06,442.73,443.46,438.9,439.63,1789800
2021-08-09,440.65,442.78,439.31,440.47,1472500
2021-08-10,440.66,443.8,440.66,443.03,1893700
2021-08-11,445.5,448,441.8,444.3,2267500
2021-08-12,443,446.63,442.25,445.36,1230700
2021-08-13,445.78,448.36,444.54,447.82,1309300
2021-08-16,447.91,453.19,447.05,452.86,1515600
2021-08-17,452.86,453.78,449.7,452.34,1936700
2021-08-18,450.96,455.24,445.9,446.21,2030100
2021-08-19,442.95,455.5,441.31,454.26,1953700
2021-08-20,455.49,460.62,453.66,458.99,1911200
2021-08-23,457.27,459.06,454.59,454.93,1835900
2021-08-24,455.25,455.39,450.3,451.79,1541700
2021-08-25,450.83,452.82,447.32,451.23,1520600
2021-08-26,451.23,452.48,446.7,449.31,1418600
2021-08-27,449.31,451.62,446.8,450.34,1310200
2021-08-30,451.04,456.59,450.44,455.93,1219800
2021-08-31,456.14,456.88,452.44,455.49,1699000
2021-09-01,455.48,456.68,451.85,456.52,1325400
2021-09-02,459.42,461.44,458.39,460.97,1455000
2021-09-03,459,463.6,459,462.55,1302400
2021-09-07,462.5,463.2,457.63,459.6,1463400
2021-09-08,459.11,465.83,458.08,465.7,1372000
2021-09-09,467.34,469.77,465.24,465.94,1398700
2021-09-10,467.17,468.4,463.2,465.16,1324800
2021-09-13,467.06,468.24,458.2,459.66,1679500
2021-09-14,460.95,462.2,457.42,458.41,1383900
2021-09-15,458.24,462.25,456.14,460.73,1770300
2021-09-16,460.79,463.77,456.57,463.31,1577500
2021-09-17,461.62,462.82,457.02,459.51,3411400
2021-09-20,456.63,460.95,446.62,451.14,2602000
2021-09-21,451.14,456.84,450.16,452.11,1531300
2021-09-22,454.7,455.35,449.84,452.33,1380800
2021-09-23,452.3,455.55,451.1,452.78,2061200
2021-09-24,455.98,468.72,455,467.75,3353800
2021-09-27,465.55,470.49,457.24,460.56,2526000
2021-09-28,457.14,457.5,445.67,447.35,2632700
2021-09-29,449.87,456,448.9,451.79,1922000
2021-09-30,453.62,455.36,449.3,449.35,1836400
2021-10-01,449.73,451.08,440.76,448.33,1860700
2021-10-04,448.34,449.35,436.17,440.14,2264000
2021-10-05,439.58,449.11,439.25,446.24,1808700
2021-10-06,443.93,449.78,442.38,449.34,1334600
2021-10-07,456.47,459.59,452.07,452.87,1966200
2021-10-08,455.44,455.75,450,451.85,1545800
2021-10-11,450.04,453.69,449.54,449.7,1011700
2021-10-12,450.15,452.85,445.75,446.87,1380900
2021-10-13,448.54,450.51,444.07,445.3,1621500
2021-10-14,447.11,451.7,446.5,450.66,1480400
2021-10-15,453.89,453.94,449.18,452.39,1494800
2021-10-18,449.61,462.35,448.5,461.95,2141300
2021-10-19,463,467.16,460.31,467.08,1365300
2021-10-20,468.52,472.5,467.84,469.77,1352900
2021-10-21,469.77,477.65,469.08,477.23,1423300
2021-10-22,478.99,485.03,478.57,481.99,1710300
2021-10-25,481.99,492.21,479.5,490.1,1903400
2021-10-26,482.13,488.25,481.23,485.53,2378600
2021-10-27,483.85,491.5,483.56,489.11,1741800
2021-10-28,486.96,491.83,486.48,490.53,1362400
2021-10-29,486.78,494.17,486.66,491.54,2471600
2021-11-01,494.15,494.89,487.2,491.87,1548700
2021-11-02,494.74,499.49,492.72,496.99,2012200
2021-11-03,501.34,502.96,495.75,502.33,1856000
2021-11-04,507.01,520.21,506.01,515.62,2615000
2021-11-05,514.77,517.9,508.63,513.12,2071700
2021-11-08,513.41,513.41,500.2,503.81,2834800
2021-11-09,505.12,509.1,504.06,508.71,1881800
2021-11-10,508.26,510.36,503.77,505.51,1226600
2021-11-11,506.2,512.5,504.04,512.18,1227300
2021-11-12,514.25,519.66,513.23,517.17,1780200
2021-11-15,518.49,523.1,518.01,519.89,1392300
2021-11-16,519.84,528.3,517.41,526.72,1690700
2021-11-17,527.5,530.74,524.51,526.29,1609400
2021-11-18,528.16,530.8,522.49,529.37,1664200
2021-11-19,534.08,535.28,528.01,533.79,1909800
2021-11-22,533.32,545.42,532.32,539.65,2190500
2021-11-23,537.96,545.82,533.77,545.26,2147000
2021-11-24,545.54,550.83,543.32,549.73,2316400
2021-11-26,549.55,554.55,544.31,546.13,1844800
2021-11-29,546.13,560.78,542.41,554.88,2919100
2021-11-30,551,557.17,535.89,539.38,4244200
2021-12-01,543.1,548.25,529.4,529.84,2877100
2021-12-02,518.51,530.91,514.04,525.51,3277500
2021-12-03,529.99,537.5,524.77,528.93,2984400
2021-12-06,532.25,536.05,527.57,533.2,2432900
2021-12-07,538.25,543,534.71,542.02,2579800
2021-12-08,546.21,547.79,525.55,530.11,3037500
2021-12-09,528.8,532.33,523.8,524.33,3200500
2021-12-10,534.71,561.27,534.61,558.82,6333600
2021-12-13,550.44,559.75,547.98,557.22,3415200
2021-12-14,556.46,557.17,537.57,545.34,3494400
2021-12-15,546.21,566.49,545.53,565.48,2937100
2021-12-16,564.79,566.55,549.45,552.63,2683000
2021-12-17,549.32,556.47,540.98,547.61,5752000
2021-12-20,542.13,549.14,538.03,548.56,2033600
2021-12-21,550.5,551.78,536.08,545.43,2472800
2021-12-22,545.38,550,539.8,549.67,1454500
2021-12-23,551.74,552.61,547.49,550.37,1757800
2021-12-27,551.54,565.74,551.44,563.47,2262900
2021-12-28,563.43,566.64,560.7,564.64,1155000
2021-12-29,566.4,571.49,563.5,567.77,1753000
2021-12-30,569.53,569.88,562.37,563.91,1338700
2021-12-31,563.41,568.25,559.03,567.7,1509200
2022-01-03,565.03,567.47,555.51,566.71,2714100
2022-01-04,564.23,568.72,561.79,564.23,2097500
2022-01-05,563.69,565.05,549.77,549.92,2887500
2022-01-06,546.2,553.52,543.55,549.8,2503100
2022-01-07,547.55,548.37,534.24,536.18,2323900
2022-01-10,529.29,530.41,508.5,518.8,4916800
2022-01-11,518.8,522.47,510.29,522.03,2457300
2022-01-12,522.03,530.03,522.01,525.8,1729500
2022-01-13,527.64,529.05,515.23,516.88,2428100
2022-01-14,511.57,512.98,501.86,502.99,3872500
2022-01-18,494.46,495.08,486.86,488.07,3801900
2022-01-19,489.89,496.24,487.1,490.16,2709400
2022-01-20,490.75,499.88,481.84,482.82,2893700
2022-01-21,481.92,494.61,481.32,481.61,3295600
2022-01-24,475.55,489.97,469.01,488.9,4412600
2022-01-25,479.9,482.64,472.37,477.32,3076800
2022-01-26,483.23,493.87,478.77,483.47,3074900
2022-01-27,486.92,495.79,480.31,482.52,2372300
2022-01-28,483.74,492.73,475.9,492.43,1918500
2022-01-31,492,506.42,490.63,505.13,2480700
2022-02-01,505,509.68,496.94,508.41,2347200
2022-02-02,511.11,523.99,510.34,522.02,2547600
2022-02-03,515.88,526.44,514.21,521.77,2665100
2022-02-04,518.11,522,510.8,519.77,2387400
2022-02-07,521.3,522,514.23,515.89,1863600
2022-02-08,515.89,523.39,510.5,521.15,1462000
2022-02-09,528,534.24,525.68,528.83,2256700
2022-02-10,520.87,524.47,514.75,518.48,2558900
2022-02-11,518.4,521.35,507.38,509.67,2349700
2022-02-14,508.99,511.53,501.44,506.56,1749600
2022-02-15,513.34,516,510.76,513.92,1984600
2022-02-16,511.49,514.55,501.71,512.4,1770800
2022-02-17,509.64,518.21,507.03,515.01,2022800
2022-02-18,514.89,517.9,510.33,512.67,2154700
2022-02-22,510,514.58,498.16,502.18,2451800
2022-02-23,502.94,507.97,494.78,495.26,2021400
2022-02-24,483.27,506.55,482.98,505.58,2859800
2022-02-25,508.58,518.25,505.25,517.49,2003000
2022-02-28,514.3,519.63,511.3,519.25,2408900
2022-03-01,519.46,529.36,519.19,522.93,2316000
2022-03-02,524,533.09,519.77,528,2571500
2022-03-03,534.49,538.96,529.54,533.05,3851800
2022-03-04,519.5,529.92,511.78,525.5,4417900
2022-03-07,523.45,545.29,523.42,528.52,3896900
2022-03-08,526.22,539.73,522.41,523.36,3649700
2022-03-09,527.62,530.86,515.71,527.65,2789700
2022-03-10,523.11,534.37,518.14,532.72,1777700
2022-03-11,536.62,542.65,526.43,527.42,1735100
2022-03-14,527.77,535.31,523.54,525.95,1950000
2022-03-15,530,543.85,527.92,542.32,2547900
2022-03-16,544.53,551.62,531.26,543.39,3017200
2022-03-17,543.35,553.17,543.2,552.79,1974200
2022-03-18,552.96,562.55,549.51,561.35,3597800
2022-03-21,560.14,566.75,550.84,555.53,3136900
2022-03-22,556.96,560.35,552.33,559.42,1777500
2022-03-23,556.95,560.69,551.91,554.02,1546800
2022-03-24,555.51,558.26,549.22,558.11,1614200
2022-03-25,559.82,560.43,550.23,555.71,1974900
2022-03-28,556.74,565.26,553.5,565.21,2056100
2022-03-29,568,571.22,564.53,569.98,2005400
2022-03-30,570.95,578.25,568.59,576.47,2086500
2022-03-31,578.7,586.32,575.51,575.85,3439800
2022-04-01,577.38,582.99,572.31,575.57,1933500
2022-04-04,573.94,579.69,571.47,575.13,2201800
2022-04-05,572.59,583.98,572.1,575.32,1826800
2022-04-06,574.03,586.8,570.37,584.79,2646200
2022-04-07,592.29,612.27,588.78,608.05,4804200
2022-04-08,606.38,608,597.73,600.04,3230200
2022-04-11,598.79,601,582.8,584.67,2792700
2022-04-12,586.69,591.73,578.76,581.36,2142000
2022-04-13,582.47,593.49,582.47,591.09,2211800
2022-04-14,591.78,596.28,587.05,590.39,2206200
2022-04-18,585.38,592.11,579.6,582.12,2161900
2022-04-19,583.35,594.83,582,594.3,2327800
2022-04-20,599.15,605.28,597.3,603.53,1793300
2022-04-21,607.28,609.18,591.15,591.74,2027900
2022-04-22,590.35,591.9,571.05,571.7,2878200
2022-04-25,570.31,570.33,553.53,568.21,3154500
2022-04-26,565.25,568.34,553.31,553.76,2057400
2022-04-27,556.19,563.62,552.85,554.08,2261600
2022-04-28,555.47,564.8,545.8,562,2118700
2022-04-29,560.93,561.58,529.7,531.72,2968000
2022-05-02,532.23,539.2,518.27,528.95,3303400
2022-05-03,530,534.27,523.7,528.08,2398000
2022-05-04,531.6,546.14,522.81,544.43,2465200
2022-05-05,541.57,542.34,512.17,517.32,3977000
2022-05-06,514.4,516.44,498.82,503.36,3560800
2022-05-09,496.1,507.05,494.34,498.83,3292700
2022-05-10,509.7,510.63,495.63,501.46,2729400
2022-05-11,503.92,508,487.81,489.08,2782900
2022-05-12,486.79,497.26,479.76,486.18,2829500
2022-05-13,493.11,498.79,489.6,497.27,2338600
2022-05-16,496.14,497.68,489.62,494.53,1579700
2022-05-17,489.16,493.56,480.23,490.47,2602800
2022-05-18,460,463.86,424.55,429.4,9511600
2022-05-19,430.37,430.53,418.72,422.93,5839600
2022-05-20,428.8,428.85,406.51,416.43,5115000
2022-05-23,420,430,416.67,429.48,3687200
2022-05-24,424.8,438.73,424.35,437.71,3473400
2022-05-25,436.33,443.26,430.83,440.11,3225100
2022-05-26,449.1,468.05,447.51,464.99,5917600
2022-05-27,456.8,474.88,455.12,470.76,5719600
2022-05-31,470.76,470.8,458.03,466.22,4424500
2022-06-01,469.38,470.5,456.7,456.99,2319400
2022-06-02,460.9,491.13,457.88,487.61,4950600
2022-06-03,485.03,488.15,475.59,476.25,2857400
2022-06-06,480.5,481,468.91,472.47,2297000
2022-06-07,459.91,473.73,459.59,471.78,2435500
2022-06-08,471.78,474.43,466.89,467.99,1697000
2022-06-09,467.34,484.24,467.15,472.05,3087500
2022-06-10,465,468.19,457.76,463.31,2549900
2022-06-13,450,458.64,448.9,452.25,3113400
2022-06-14,452.25,458.76,450.28,454.8,2224600
2022-06-15,458.5,464.36,451.39,458.79,2250200
2022-06-16,450.31,457.77,447.97,451.76,2906600
2022-06-17,451.05,455.69,443.2,446.69,3623400
2022-06-21,450.55,464.82,449.14,463.11,2420600
2022-06-22,459.39,464.72,458.5,459.96,1827500
2022-06-23,466.37,476.28,465.71,475,2030100
2022-06-24,480,484.83,476.68,484.37,2862600
2022-06-27,485.81,487.24,477.35,481.75,2034700
2022-06-28,483.5,487.24,467.89,468.61,1754600
2022-06-29,470.95,472.97,466.42,469.84,1275600
2022-06-30,468.3,482.09,464.72,479.28,3852400
2022-07-01,481.18,491.25,478,485.76,2660400
2022-07-05,485.56,490.9,478.46,488.26,2489400
2022-07-06,488.26,497.02,487.78,492.65,2262300
2022-07-07,492.06,495.53,489.22,494.95,2125200
2022-07-08,497.32,505.52,497,501.54,2607800
2022-07-11,501.12,505.55,494.84,498.9,1891100
2022-07-12,497.01,501.9,488.04,490.57,1775300
2022-07-13,484.32,497.32,483.82,492.22,2008400
2022-07-14,496.09,513.27,493.62,511.94,3715600
2022-07-15,516.92,524.8,515.78,522.95,4265100
2022-07-18,521.86,528.53,515.67,516.3,2464100
2022-07-19,522.41,525.58,516.97,520.23,2391000
2022-07-20,521.26,526.16,516.81,524.2,1740700
2022-07-21,524.04,529.74,521.6,529.46,1716100
2022-07-22,530.71,537.11,526.07,529.72,1800800
2022-07-25,531.42,532.29,526,529.14,1452700
2022-07-26,515,519.68,508.76,511.93,3334800
2022-07-27,513.1,525.32,511.17,522.31,2060100
2022-07-28,520.28,539.18,520.28,536.18,2083300
2022-07-29,532,542.12,531.9,541.3,2131500
2022-08-01,541.42,552.71,541.25,546.81,2256000
2022-08-02,544.03,551.04,540.77,543.46,1984200
2022-08-03,545,548.7,542.12,547.01,1693300
2022-08-04,547,547.2,540.67,543.28,2000500
2022-08-05,537.24,541.6,533.35,540.67,1711500
2022-08-08,543.84,547.5,538.67,541.9,1344100
2022-08-09,543.64,545,533.89,535.82,1877300
2022-08-10,544.48,549.91,537.29,539.82,2336600
2022-08-11,543.24,543.49,531.89,532.2,2340200
2022-08-12,536.18,538.4,533.73,537.21,1918200
2022-08-15,536.4,547,535.68,545.75,1848000
2022-08-16,551.1,559.97,548.97,553.02,2498000
2022-08-17,550,559.45,549.01,556.32,1835200
2022-08-18,559.06,564.75,556.42,560.96,1619200
2022-08-19,558.65,559.26,553.17,554.53,1617000
2022-08-22,553,553,544.29,545.47,1860900
2022-08-23,545.74,546.01,536.88,542.07,1359000
2022-08-24,542.75,545.22,539.36,543.22,1145800
2022-08-25,545.74,550.91,539.55,550.77,1483300
2022-08-26,550,552.67,531.67,531.82,1886800
2022-08-29,527.03,535.5,524,531.06,1579900
2022-08-30,534.28,536.01,521.51,524.14,1872700
2022-08-31,525.54,526.32,520.26,522.1,2179800
2022-09-01,519.72,529.58,517.03,529.17,2280600
2022-09-02,532.7,534.84,516.05,519.11,1901700
2022-09-06,520.16,523.15,512.53,518.9,1933400
2022-09-07,520,531.66,518.9,529.64,1827900
2022-09-08,524.33,533.03,521.56,529.12,1600800
2022-09-09,532.12,538.06,529.53,536.58,1930900
2022-09-12,537.73,542.6,537,539.52,1522400
2022-09-13,530.79,532.24,508.69,510.3,2881400
2022-09-14,513.86,514.01,503.12,508,2007300
2022-09-15,508.4,509.06,500.53,503.5,1749600
2022-09-16,499.57,506.44,497.3,504.14,3004800
2022-09-19,502.16,506.71,498.89,506.57,1441300
2022-09-20,503,503.43,493.42,499.52,1843100
2022-09-21,502.5,506.43,493,493.07,2082600
2022-09-22,494,494,484.41,487.17,3133100
2022-09-23,478.94,482.32,463.53,466.4,5377800
2022-09-26,465.87,484.11,465.21,480.3,4001900
2022-09-27,485.49,488.4,475.43,478.3,2412400
2022-09-28,481.53,491.55,474.19,488.29,2419500
2022-09-29,485.61,489.01,474.07,478.98,1963900
2022-09-30,480.66,483.83,471.87,472.27,2436700
2022-10-03,474.5,480.84,470.4,477.73,2338500
2022-10-04,483.83,488.02,480.73,486.13,2175600
2022-10-05,481.3,483.87,474.82,480.32,1587700
2022-10-06,483.45,493.88,481.92,482.49,2430700
2022-10-07,478.26,479.11,466.12,468.15,2568100
2022-10-10,469.69,470.25,461.61,466.31,1616300
2022-10-11,465,477.25,463.7,472.02,2341400
2022-10-12,474.32,479.74,466.3,466.38,2043900
2022-10-13,458.19,471.74,449.03,467.99,3390900
2022-10-14,472.03,473.39,453.79,454.65,2301600
2022-10-17,461.65,466.88,460.48,464.17,2097500
2022-10-18,473.2,476.52,468.83,473.27,1864000
2022-10-19,467.81,474.87,466.95,471.43,1207600
2022-10-20,471,472.08,462.91,464.62,1709500
2022-10-21,463.71,479.57,462.28,478.18,2508400
2022-10-24,481.61,498,481.01,496.97,2366200
2022-10-25,493.32,500.19,490.5,499.06,2130900
2022-10-26,498,507.42,495.69,499.45,2088700
2022-10-27,499.81,503.01,494.14,496.54,1576600
2022-10-28,497.3,512.82,495.97,510.87,2369300
2022-10-31,509.64,509.64,500.5,501.5,2192200
2022-11-01,503.7,507.39,499.78,499.96,1586300
2022-11-02,497.8,503.24,483.27,483.51,2464400
2022-11-03,480.88,491.33,479.71,486.29,2010400
2022-11-04,490.4,492.63,476.49,486.41,1987300
2022-11-07,477.05,490,474.5,488.55,2036000
2022-11-08,490.73,498.26,484.51,492.76,1709900
2022-11-09,491.9,497.58,486.86,489.97,1640500
2022-11-10,504.95,514.85,501.4,513.13,3098300
2022-11-11,513.13,516.84,506.71,515.47,2393500
2022-11-14,515.77,520.7,509.42,509.68,1820200
2022-11-15,520,529.8,520,526.47,2502200
2022-11-16,521.31,528.56,520.17,524.11,1833600
2022-11-17,519,521.79,512.96,521.32,1902500
2022-11-18,526.87,529.54,518.19,523.67,1584400
2022-11-21,525.74,527.28,522.08,523.37,1268300
2022-11-22,529.96,532.8,526.68,531.95,1809100
2022-11-23,534,536.8,530.4,534.49,1288200
2022-11-25,534.16,535.86,533.07,533.66,744200
2022-11-28,530.89,536.25,528.94,530.92,1684300
2022-11-29,531.04,533.72,528,528.96,1685700
2022-11-30,527.41,542.58,522.14,539.25,3601800
2022-12-01,519.14,519.14,495.67,503.86,6970400
2022-12-02,498.52,498.97,492.11,494.53,3632100
2022-12-05,492.5,492.7,484.73,488.66,2455300
2022-12-06,490.66,491.47,477.17,481.16,2995900
2022-12-07,479.09,486.54,478.87,481.97,2072600
2022-12-08,482.9,483.33,473.5,481.42,2901000
2022-12-09,475.1,490.09,470.5,483.02,4211100
2022-12-12,482.73,487.82,480.67,487.68,2276400
2022-12-13,497.04,497.97,481.55,488.2,2626700
2022-12-14,488.86,491.69,481.04,483.52,2145000
2022-12-15,475.34,476.7,463.16,463.91,3437700
2022-12-16,461.26,464.79,456.88,461.45,4909200
2022-12-19,460.92,463.41,455.36,458.63,1939200
2022-12-20,456.56,460.25,452.53,457.82,1993700
2022-12-21,459.38,463.69,456.2,462.06,1462400
2022-12-22,458.65,460.4,453.39,458.71,1906100
2022-12-23,457.52,463.18,454.8,462.65,1229500
2022-12-27,464.4,464.7,457.11,458.5,1230800
2022-12-28,457.54,460.46,452.8,452.99,1324100
2022-12-29,455.63,459,453.46,456.53,1465000
2022-12-30,454.65,456.7,450.75,456.5,1803200
2023-01-03,458,458.8,447.9,453.28,1978100
2023-01-04,457.18,459.51,452.59,456.56,2097300
2023-01-05,454.54,456.43,449.62,450.19,2169300
2023-01-06,463.08,484.42,462.22,482.87,5174500
2023-01-09,482.93,486.87,478.14,478.75,2384800
2023-01-10,477.14,482.09,475.48,481.4,1649900
2023-01-11,480.33,484.52,479.11,484.31,1576400
2023-01-12,484.99,485,478.75,482.43,1628200
2023-01-13,480.89,485.59,479,485.25,1405900
2023-01-17,485.13,490.48,484.37,486.77,1539900
2023-01-18,484.81,488.81,478.52,479.47,1925500
2023-01-19,476.24,477.56,468.07,469.49,1919500
2023-01-20,473.92,480.32,469.47,480.11,2588600
2023-01-23,479.95,495.24,477.6,492.61,2709400
2023-01-24,492.05,493.6,487.01,492.11,1510200
2023-01-25,489.36,491.94,484.5,490.88,1329800
2023-01-26,493.2,498.67,491.77,498.3,1576400
2023-01-27,499.76,509.1,497.86,503.29,2034100
2023-01-30,500.37,505.6,500.37,503.28,1855900
2023-01-31,503.23,511.41,502,511.14,1924100
2023-02-01,508.31,520.45,504.72,517.91,2080200
2023-02-02,524.29,530.05,520.64,523.43,2287400
2023-02-03,519.13,521.55,512.5,514.8,1844100
2023-02-06,514.44,517.22,512.27,515.59,1740100
2023-02-07,511.99,517.99,507.39,516.53,1927300
2023-02-08,511.29,512.18,501.56,503.81,2062900
2023-02-09,505.29,509.16,498.42,500.63,1517300
2023-02-10,498.51,500.55,495.38,499.99,1536800
2023-02-13,501.74,506.79,501.35,506.45,1452600
2023-02-14,505.01,507.85,498.63,503.22,1257300
2023-02-15,502.73,511.42,501.34,511.28,1422600
2023-02-16,503.61,510.73,503.6,504.1,1456000
2023-02-17,504.27,507.71,501.84,507.48,1340400
2023-02-21,500.82,503.99,496.55,501.74,1811800
2023-02-22,503.92,505.46,496.6,497.39,1332000
2023-02-23,498.8,498.86,487.86,493.14,1546300
2023-02-24,488.58,490.36,484.7,488.61,1587600
2023-02-27,492.55,493,485.68,487.03,1501700
2023-02-28,485.6,488.88,483.78,484.18,1918200
2023-03-01,481.1,482.58,475.02,478.67,1759300
2023-03-02,477.36,487.43,475.56,485.69,2379200
2023-03-03,474.83,476,465.33,475.26,5354200
2023-03-06,476.52,488.82,475.52,483.08,3104700
2023-03-07,486.1,495.21,485,485.15,2659100
2023-03-08,483,486.88,481.14,486.04,1548500
2023-03-09,487.48,490,478.62,479.52,1629400
2023-03-10,478.98,480.46,468.38,471.14,2123000
2023-03-13,466.8,476.69,466.8,472,1799600
2023-03-14,475.43,485.16,473,481.92,2422900
2023-03-15,481.51,487.02,478.54,485.66,2226300
2023-03-16,484.93,488.14,482.76,487.26,1979600
2023-03-17,489.07,489.9,481.51,487.05,3959300
2023-03-20,488,490.79,485.72,489.29,1623800
2023-03-21,493,493,485.99,490.85,1664000
2023-03-22,489.46,496.62,487.35,487.52,1299700
2023-03-23,490.69,493.25,484.29,487.76,1565900
2023-03-24,486.94,495.97,486.56,495.27,1635200
2023-03-27,497.28,499.86,492.51,493.22,1452100
2023-03-28,492.61,494.06,485.41,486.77,1407800
2023-03-29,489.2,491.3,485.9,490.87,1643000
2023-03-30,493,495.74,491,491.48,1545500
2023-03-31,495,498.36,493.94,496.87,2082000
2023-04-03,496.5,499.2,495,497.03,1804700
2023-04-04,496.5,502.58,495.5,497.73,1913300
2023-04-05,499,504.13,495.16,497.13,1941500
2023-04-06,482,487.85,477.5,485.98,4114700
2023-04-10,483.9,493.9,481.66,493.83,1653600
2023-04-11,493.83,499.99,493,498.65,1547400
2023-04-12,500,500.05,488.54,489.35,2063700
2023-04-13,493.49,498.44,490.31,497.89,1600500
2023-04-14,496.19,500.37,490.16,491.3,1675300
2023-04-17,492.77,497.89,491.15,493.94,1411800
2023-04-18,496.1,497.63,494.12,496.9,1339600
2023-04-19,497.13,497.99,493.83,496.03,1098800
2023-04-20,495.75,510.66,495.51,505.58,2936500
2023-04-21,509.37,510.64,505.46,506.35,1508600
2023-04-24,506.1,511.69,505.81,511.42,1374100
2023-04-25,511.13,513.13,502.26,503.17,1789900
2023-04-26,500.42,502.87,493.39,494.66,1441900
2023-04-27,494.83,502.26,494.83,501.27,1361600
2023-04-28,501.56,504.83,500.64,503.22,1169400
2023-05-01,499.15,500.05,488.8,493.59,2203200
2023-05-02,495,495.68,489.81,494.81,1940800
2023-05-03,496.6,498.78,489.66,490.06,1426400
2023-05-04,488.94,490.91,485.93,490.34,1487000
2023-05-05,493.2,499.4,492.98,499.06,1708200
2023-05-08,497.37,500.25,495.7,499.06,1015000
2023-05-09,496.96,501.74,496.39,500.79,1571800
2023-05-10,501.95,504.97,495.1,499.66,1257600
2023-05-11,499.51,503,497.55,501.89,1046700
2023-05-12,503.17,506.03,501.2,504.07,1471900
2023-05-15,504.01,505,498.86,502.04,1135700
2023-05-16,500,500.29,494.3,496.15,1229300
2023-05-17,498,498.01,491.9,495,2069500
2023-05-18,495,498.6,494.08,498.1,2298900
2023-05-19,499.39,499.39,493.92,496.52,1634400
2023-05-22,497,497,488.54,491.87,1943800
2023-05-23,487.17,487.17,482.97,484.87,1800200
2023-05-24,487.25,487.25,480.91,482.76,1600600
2023-05-25,480.21,488.54,476.75,486.55,3421900
2023-05-26,485.65,510.75,484.12,507.26,5302600
2023-05-30,509.79,514.79,501.59,508.03,2544800
2023-05-31,508.86,513.87,504.95,511.56,3320800
2023-06-01,509.33,513.74,502.1,512.6,2407700
2023-06-02,510.32,518.5,509.4,512.59,2283900
2023-06-05,512.59,518.92,512.02,518.25,2023500
2023-06-06,518.25,518.63,512.76,516.26,1410300
2023-06-07,514.51,519.29,510.57,511.23,1784700
2023-06-08,512.5,520.29,512.5,520.09,1530400
2023-06-09,518.19,522.06,515.5,517.28,1287300
2023-06-12,517.28,521.27,516,520.97,1404500
2023-06-13,522.02,522.95,517.91,522.02,1204700
2023-06-14,525,527.85,523.14,527.2,1841400
2023-06-15,529,531.26,526.66,529.18,1871600
2023-06-16,530.1,530.42,522.63,523.65,3147400
2023-06-20,521.95,522.9,518.14,519.7,1684400
2023-06-21,517.91,521.64,516.54,519.62,1273600
2023-06-22,520.69,524.68,519.68,524.2,1114000
2023-06-23,523.13,525.4,519.34,524.44,1433700
2023-06-26,524.4,524.87,521.26,523.42,1278500
2023-06-27,522.65,532.41,522.1,530.33,1673600
2023-06-28,528.98,533.49,528.61,532.8,1245200
2023-06-29,530.58,532.45,528.95,531.69,1121800
2023-06-30,534.17,539.56,533.63,538.38,2221900
2023-07-03,537.25,541.08,534.34,541.04,951400
2023-07-05,541.22,546.05,537.5,541.13,1630400
2023-07-06,538.88,540.3,536.58,537.37,1750100
2023-07-07,533.89,536.46,524.63,525.05,2739500
2023-07-10,525.06,531.15,525.06,527.01,1955600
2023-07-11,527.5,530.76,526.15,529.64,1262300
2023-07-12,532,540.11,531.11,538,1960500
2023-07-13,537.8,539.12,532.79,538.45,1647200
2023-07-14,538.71,546.86,538.1,546.7,1828400
2023-07-17,546.18,554.21,546.1,552.96,1909900
2023-07-18,552.67,555,549.39,553.59,1779200
2023-07-19,554.48,555.89,552.02,554.11,1261100
2023-07-20,553.81,561.07,553.71,556.96,1732800
2023-07-21,559.17,562.05,557.45,557.86,5263900
2023-07-24,558,566.57,555.88,563.93,2086400
2023-07-25,566.77,567.55,564.3,565.19,1602500
2023-07-26,565.51,568.03,563.42,566.17,1306400
2023-07-27,567.72,571.16,560.6,561.83,1485300
2023-07-28,564.58,567.81,562.62,563.32,1371400
2023-07-31,563,564.29,559.05,560.67,1365900
2023-08-01,560.63,562.88,554.54,555.47,1445300
2023-08-02,552.26,556.63,551.02,552.35,1635000
2023-08-03,553.53,560.35,552.22,557.69,1463400
2023-08-04,561.07,561.29,551.41,552.04,1141500
2023-08-07,554.99,559.56,554.99,558.41,1015400
2023-08-08,558,558.9,551.84,556.12,1020400
2023-08-09,557.98,562.09,556.81,559.7,1471800
2023-08-10,563.2,569.21,560.7,561.49,1107200
2023-08-11,560.35,565,559.03,562.96,1043100
2023-08-14,564.77,567.71,560.44,561.47,1247600
2023-08-15,561.05,565.16,558.2,558.51,1124300
2023-08-16,561.7,564.95,558.72,559.05,1340100
2023-08-17,559.47,560.42,545.08,547.11,1941900
2023-08-18,546.92,549.47,543.11,544.94,1877800
2023-08-21,543.86,545.15,536.3,543.21,2076100
2023-08-22,541.96,541.96,537.5,538.37,1286000
2023-08-23,538.96,541.17,536.24,540.86,1295800
2023-08-24,539.29,541,530.82,531.71,1587500
2023-08-25,532.91,535.79,530.56,534.01,1511500
2023-08-28,536,537.04,533.12,536.19,945800
2023-08-29,534.34,543.07,534.34,542.77,1468500
2023-08-30,542.73,544.42,539.31,542.26,1292800
2023-08-31,540,552.2,540,549.28,2086500
2023-09-01,553.07,553.48,540.64,544.25,1437400
2023-09-05,545.73,549.19,544,544.73,1714300
2023-09-06,541.72,548.68,540.18,546.69,1476600
2023-09-07,548.65,550.99,544.29,548.62,1340000
2023-09-08,549.07,552.38,548.1,551.19,1075300
2023-09-11,552.81,559.39,551.86,558.78,1388600
2023-09-12,559.28,560.4,556.18,558.79,1055500
2023-09-13,558.3,560.44,554.62,559.76,1162700
2023-09-14,564.81,566.7,560.25,564.77,1257300
2023-09-15,565.33,565.51,555.54,556.36,2944900
2023-09-18,558.18,564.19,557.47,562.72,1003100
2023-09-19,561.64,565.33,559.43,564.35,1144700
2023-09-20,564.35,569.22,562.66,563.83,1311500
2023-09-21,564.07,564.57,554.28,555.08,1687700
2023-09-22,555.16,562.97,554.78,558.59,1527300
2023-09-25,559.49,561.27,554.74,558.62,1313300
2023-09-26,559.15,561.37,552,552.96,2425100
2023-09-27,547.38,566.5,544.73,563.53,4591400
2023-09-28,564.07,572.18,564.07,568.63,2192400
2023-09-29,570,570.99,560.7,564.96,1886600
2023-10-02,567.91,571.74,564,571.31,1831700
2023-10-03,571.1,576.19,563.01,565.04,2007400
2023-10-04,569.49,572.61,563.76,571.8,1798800
2023-10-05,572.17,574.75,564.36,569.52,1579700
2023-10-06,566.09,566.95,542.63,557.53,4245900
2023-10-09,555,559.75,549.78,558.97,1781500
2023-10-10,559.92,566.95,557.24,562.09,2176800
2023-10-11,564.85,566.5,560.2,565.52,1449800
2023-10-12,568.05,569.14,562.38,563.78,1458000
2023-10-13,563.85,567.44,561.98,566.84,1243900
2023-10-16,569.69,574.1,568.52,572.24,1428300
2023-10-17,571.94,576.06,570.71,574.34,1404600
2023-10-18,573.92,577.3,572,574.64,1311900
2023-10-19,573.7,575.85,564.11,565.63,2019600
2023-10-20,566.54,566.67,552.01,552.93,2294500
2023-10-23,554.14,556.92,546.63,552.29,1776500
2023-10-24,552.1,555.99,549.33,551.84,1678600
2023-10-25,548.55,553.83,545.61,549.99,1757500
2023-10-26,549.65,554.66,545.53,547.6,1925300
2023-10-27,547.6,548.03,540.23,543.03,1503100
2023-10-30,545.74,556.36,543.64,554.88,1696200
2023-10-31,552.16,554.03,549.06,552.44,1394700
2023-11-01,555,558.44,549.65,556.8,1735300
2023-11-02,556.5,559.51,552.01,555.97,2100600
2023-11-03,557.33,562.99,555.23,560.9,1826300
2023-11-06,560.49,572.65,560.13,569.82,2056900
2023-11-07,572.5,573.89,569.56,571.27,1373100
2023-11-08,572.12,572.99,564.29,567.38,1343600
2023-11-09,569,569,562.01,563.27,1288400
2023-11-10,567.9,577.89,564.94,577.12,1908800
2023-11-13,575,579.95,573.49,578.23,1650700
2023-11-14,581.74,591.55,581.21,590.8,2037600
2023-11-15,593.99,599.89,593.39,596.78,2165100
2023-11-16,586.38,586.59,572.24,578.58,2954700
2023-11-17,578.9,579.92,574.06,577.15,1773600
2023-11-20,577.34,582.32,577.34,580.8,1624100
2023-11-21,582,584.95,577.71,584.3,1173700
2023-11-22,586.85,591.14,586.35,589.08,1068600
2023-11-24,591.02,594.2,590.41,591.36,645800
2023-11-27,592.52,599.94,592.41,594.9,1627400
2023-11-28,593.19,597.42,591.42,594,1286800
2023-11-29,595.2,595.21,587.42,587.86,1319800
2023-11-30,587.83,593.07,582.83,592.74,1755200
2023-12-01,593.28,596.35,590.59,596.25,1474700
2023-12-04,592.15,599.53,591.46,599.08,1624000
2023-12-05,598.53,608.88,597.03,605.35,2349700
2023-12-06,605.5,608.48,603.86,607.43,2233900
2023-12-07,610,612.35,606.35,610.95,1690400
2023-12-08,608.6,613.61,607.73,610.78,1502100
2023-12-11,621.97,625.03,618.76,623.86,2139300
2023-12-12,627.44,629.69,623.21,629.5,2374400
2023-12-13,633.92,642.6,631,642,2436900
2023-12-14,641.18,641.9,630.3,630.78,3839200
2023-12-15,641.5,661.88,640.5,658.82,8805200
2023-12-18,664.5,681.91,661.1,681.24,5733400
2023-12-19,675,680.8,669.12,677.74,3437300
2023-12-20,671.79,674.35,660.8,661,3782700
2023-12-21,665.86,667.34,659.45,665.16,2388400
2023-12-22,668,673.27,666,671.6,1639500
2023-12-26,673.01,675.86,670.78,674.62,1774800
2023-12-27,662.7,668.58,660.4,666.8,1875900
2023-12-28,665.85,666.86,661.59,663.1,1496900
2023-12-29,661,663.19,657.16,660.08,1947000
2024-01-02,655.58,657.8,649.5,650.65,2657700
2024-01-03,651.21,655.45,643.1,644.69,2612600
2024-01-04,642.08,649.9,640.51,648.35,2171100
2024-01-05,656.18,659.65,652.24,656.01,2232100
2024-01-08,655.81,662.08,654.03,661.69,2245300
2024-01-09,658.88,667.29,658.26,667.18,1886200
2024-01-10,669.56,673.83,669.01,672.76,1801900
2024-01-11,671,674.51,667.64,673.58,1670800
2024-01-12,677.5,683.72,676.11,683.24,2387600
2024-01-16,683.24,686.52,678.16,681.49,1626700
2024-01-17,680.5,684.87,679.19,684.19,1786800
2024-01-18,682.83,687.72,680.21,687.31,1900600
2024-01-19,688.5,696.13,682.67,694.97,2261000
2024-01-22,695.43,698.66,690.52,692.51,2452900
2024-01-23,690.72,691.63,684.63,687.59,2208600
2024-01-24,689,689.97,683.12,686.51,1946500
2024-01-25,686.5,686.5,675.96,679.9,2751900
2024-01-26,680.08,687.24,679.5,686.88,1825500
2024-01-29,689.9,694.13,686.26,694.01,2215400
2024-01-30,692.94,702.65,690.8,700.74,1610500
2024-01-31,701.32,705.52,693.04,694.88,1928500
2024-02-01,694,705.3,691.5,704.48,2039200
2024-02-02,703.34,714.28,702.26,709.48,2377400
2024-02-05,710.64,712.86,705.68,711.16,2276900
2024-02-06,711.23,712.72,704.34,710.79,1920200
2024-02-07,714.15,723.32,712,719.78,2145500
2024-02-08,723.89,728.17,720.66,724.16,1918500
2024-02-09,725.14,725.53,720.12,723.4,1426100
2024-02-12,723.52,723.8,715.3,722.41,1572600
2024-02-13,721.39,721.78,709.04,714.25,1951100
2024-02-14,716,722.55,711.07,722.18,1472500
2024-02-15,721.49,726.03,718.28,724.51,1264100
2024-02-16,721.99,729.06,718.5,723.99,1764600
2024-02-20,728.03,734.96,723.71,725.69,2407300
2024-02-21,725.69,728.79,720.27,723.02,1565900
2024-02-22,725.85,736.05,725.85,734.4,1801600
2024-02-23,740.12,742.51,737.12,737.93,1265800
2024-02-26,742,746.78,739,745.35,1707000
2024-02-27,746,746.64,741.33,744.71,1471300
2024-02-28,743.21,751.88,743.21,747.96,1365000
2024-02-29,751.42,752.56,742.99,743.89,3361200
2024-03-01,740.44,751.38,739.25,749.44,1672800
2024-03-04,755.08,764.74,753.67,759.18,2133400
2024-03-05,768.42,769.27,756.9,759.95,2353400
2024-03-06,764.84,775.16,763.66,773.24,2400600
2024-03-07,779.11,787.08,777.01,785.59,4187900
2024-03-08,756.05,756.22,725.1,725.56,8568900
2024-03-11,719.81,720,711.01,714.08,3762500
2024-03-12,717.08,740.05,716.91,736.88,3727400
2024-03-13,735,736.5,726.58,734.2,2270300
2024-03-14,738.33,740.68,728.99,731.95,1826100
2024-03-15,732.52,732.52,723.22,725.63,3389900
2024-03-18,726.1,733.34,726.02,731.54,1595200
2024-03-19,731.79,735.35,730.02,732.17,1322700
2024-03-20,731,742.09,729.13,740.72,1398700
2024-03-21,743.5,752.31,741.1,742.56,2106900
2024-03-22,744.43,744.79,734.38,734.8,1791200
2024-03-25,731,734.16,726.74,730.96,1604700
2024-03-26,731,734.7,730.22,730.98,1353500
2024-03-27,734,735.89,727.75,732.08,1246700
2024-03-28,733.85,734.9,728.32,732.63,1713300
2024-04-01,731.76,733.27,720.2,721.24,1600700
2024-04-02,720,720,708.4,711.3,2326700
2024-04-03,709.98,710.81,697.27,705.69,3205500
2024-04-04,708.77,717.13,704.22,704.88,2252400
2024-04-05,706.04,716.89,706.02,713.72,1552300
2024-04-08,713.51,716.14,710.87,711.81,1459000
2024-04-09,716.24,719.05,706.98,718.59,1388300
2024-04-10,711,723.98,708.95,722.58,1832000
2024-04-11,731.5,733.79,724.15,732.35,2107800
2024-04-12,728,732.9,726.54,731.31,1480600
2024-04-15,735.43,741,717.95,718.28,1808000
2024-04-16,718.3,722.5,712.13,715.97,1412300
2024-04-17,723,723.8,711,715.19,1376700
2024-04-18,715.19,718.95,709.57,711.25,1846400
2024-04-19,713.03,714.87,702,709.51,2188900
2024-04-22,714.86,718.26,706.17,715.46,1437100
2024-04-23,719.03,724.27,716.3,722.68,1176200
2024-04-24,719.71,725.43,716.09,723.89,1206600
2024-04-25,727.29,727.29,714.41,721.86,1613600
2024-04-26,715,730.95,715,729.18,1524400
2024-04-29,729.53,732.25,720.22,726.33,1526900
2024-04-30,725.51,725.51,717.1,722.9,1734800
2024-05-01,722.27,729.86,715.32,722.22,1609100
2024-05-02,724.75,734.4,720.63,732.44,1826900
2024-05-03,734.28,747.49,733.35,743.9,2323300
2024-05-06,749.59,756.94,746.48,756.45,1773300
2024-05-07,758.69,772.24,755.57,771.31,1897800
2024-05-08,770,773.39,762.71,763.41,1511900
2024-05-09,763.8,779.71,763.61,779.04,1716200
2024-05-10,779.04,787.45,778.16,787.19,1652700
2024-05-13,788,789.48,773.58,775.15,1596800
2024-05-14,774.93,780.81,771.43,777.9,1327700
2024-05-15,778.52,789.66,778.52,787.04,1661700
2024-05-16,791.81,804.56,787.83,793.07,2000000
2024-05-17,793.61,797.6,790.61,795.81,1309100
2024-05-20,795.25,802.98,792.39,793,1347100
2024-05-21,795.57,801.44,792,800.93,1375700
2024-05-22,800.04,806.35,798.01,801.86,1192800
2024-05-23,804.3,808.05,795.43,796.34,1519200
2024-05-24,800.63,816.87,799.09,809.73,1621900
2024-05-28,809.74,815.29,804.72,813.17,1986300
2024-05-29,807.02,813.44,806.29,806.52,2282800
2024-05-30,810.2,819.5,808.3,815.34,2288500
2024-05-31,809.03,811.74,788.2,809.89,4360700
2024-06-03,811,827.91,807.13,815.39,2008700
2024-06-04,814.98,828.01,813.04,827.39,1754500
2024-06-05,830.91,834.39,821.68,834.3,2080000
2024-06-06,835.42,849.09,834.32,842.64,1735000
2024-06-07,846.68,850.38,842.29,845.58,1593600
2024-06-10,847.18,849.48,842.74,848.34,1402300
2024-06-11,849.24,850.94,840.26,849.31,1690500
2024-06-12,852.31,855.74,843.61,847.81,1838300
2024-06-13,847.81,847.81,837.55,845.96,1322400
2024-06-14,843.42,856.18,841.91,855.67,1395500
2024-06-17,854.49,870.56,853.37,867.91,1904900
2024-06-18,868,873.96,867.7,870.75,1763800
2024-06-20,871.31,873.85,860.56,862.44,1944600
2024-06-21,866.64,866.97,847.65,848.31,3852900
2024-06-24,850,850.63,841.51,848.16,1722900
2024-06-25,849.32,855.69,845,855.51,1675700
2024-06-26,852.72,859.74,850.06,856.84,1505300
2024-06-27,857.71,858.33,848.64,850.62,1254900
2024-06-28,851.25,857.24,846.81,849.99,2131700
2024-07-01,853.5,856,840.5,845.67,1989000
2024-07-02,845.69,860.36,843.08,859.36,1377900
2024-07-03,855,863.52,855,862.66,814400
2024-07-05,864.56,886.94,858.72,885.67,2620700
2024-07-08,886.79,887.95,877.66,880.84,1611300
2024-07-09,883.85,896.67,882.97,886.85,1356800
2024-07-10,887.4,890.27,880.7,884.31,1755800
2024-07-11,890.76,890.76,846.52,846.59,6021100
2024-07-12,849.89,850,838.38,842.9,3288400
2024-07-15,846.86,857.9,844.67,848.73,2064000
2024-07-16,847.8,851.24,841.34,850.77,1687600
2024-07-17,848.01,849.95,842.65,846.28,1783100
2024-07-18,849.43,855.3,825.11,839.37,2338500
2024-07-19,836.51,848.88,835.56,838.13,1984400
2024-07-22,845.75,849.59,838.6,847.42,1920200
2024-07-23,848.9,854.58,845.58,852.11,1744100
2024-07-24,844.6,846,829.5,830.82,2511300
2024-07-25,835.79,836.65,814.28,815.95,2183700
2024-07-26,818,822.28,809.01,817.6,1441500
2024-07-29,822.56,823.74,814.09,815.56,1320400
2024-07-30,818,822,803.28,810.03,2017200
2024-07-31,820.42,825.48,811.27,822,2135000
2024-08-01,818.55,824.17,809.68,816.89,1861400
2024-08-02,816.2,830.29,805.01,822.08,2598500
2024-08-05,798,810.82,793,801.83,2820900
2024-08-06,805.06,833.09,805.06,816.88,2476300
2024-08-07,824.11,833.83,809.26,810.3,1702000
2024-08-08,821.5,842.76,820.45,839.43,2345000
2024-08-09,838.5,857.77,837.63,854.93,1710600
2024-08-12,857.25,870.25,852.4,863.57,1748200
2024-08-13,864.92,868.05,856.16,864.82,1484100
2024-08-14,864.87,866.73,858.5,862.71,1341500
2024-08-15,872.87,880.33,869,877.35,1923800
2024-08-16,877.35,877.35,868.62,870.59,1516300
2024-08-19,870.59,873.63,868.7,872.35,1318400
2024-08-20,872,876.76,871.17,876.2,1104600
2024-08-21,880.74,891.12,877.22,881.42,1465500
2024-08-22,882.3,884,873.18,877.56,1440900
2024-08-23,882.49,884.56,871.67,879.21,1305800
2024-08-26,883.17,893.25,881.44,892.51,1737000
2024-08-27,892.69,918.93,887.07,908.9,2098900
2024-08-28,910.96,912.22,881.66,888.05,1668400
2024-08-29,891,900.46,885.17,886.63,1709900
2024-08-30,890.5,896.33,883.1,892.38,1933500
2024-09-03,896.68,896.89,874.44,878.57,1784200
2024-09-04,877.45,891.76,876.59,890.02,1425200
2024-09-05,888.63,888.63,868.7,885.98,1998800
2024-09-06,891.26,893.2,871,876.68,2074600
2024-09-09,884.74,898.83,881.7,896.49,1954000
2024-09-10,892.6,900.69,887.52,894.29,1360800
2024-09-11,895,902,877.87,900.4,1796100
2024-09-12,900.42,915.7,896.51,915.03,1868700
2024-09-13,913.63,923.83,909.36,916,1327500
2024-09-16,922,922.63,905.35,907.87,1661000
2024-09-17,908.43,908.6,895.45,897.27,1387000
2024-09-18,899.94,904.98,890.95,892.52,1338200
2024-09-19,904.26,905.13,895.5,900.74,1747500
2024-09-20,901.57,907.81,895.7,906.98,4658200
2024-09-23,906.98,919.5,900.78,917.08,1697600
2024-09-24,912.01,912.77,897.53,901.54,2432600
2024-09-25,903,910.36,901.13,908.42,1728100
2024-09-26,905.3,909.24,898.13,901.44,2738600
2024-09-27,893.26,893.49,874,885.62,3459100
2024-09-30,891.37,910,881.41,886.52,2142900
2024-10-01,885.25,886.99,872.75,877.38,1836700
2024-10-02,874.65,881.23,867.16,878.53,1317100
2024-10-03,874.44,881.18,872.67,875.67,1451900
2024-10-04,877.99,884.29,875.67,883.11,1516400
2024-10-07,881.6,887.71,872.33,873.59,1963200
2024-10-08,876.7,891.31,876.7,890.42,1697900
2024-10-09,892.24,910,887.87,909.1,1956500
2024-10-10,910,910,891.84,893.63,1765800
2024-10-11,894.5,894.5,885.5,889.03,1527300
2024-10-14,892.45,895.17,886.26,889.76,1431500
2024-10-15,892.09,900.65,889.55,894.61,1613900
2024-10-16,889.92,891.33,879.5,887.38,1475500
2024-10-17,891.56,895.33,882.8,885.29,1321500
2024-10-18,885.76,890.61,883.75,889.56,1654000
2024-10-21,889,891.4,883.7,886.77,1184900
2024-10-22,890.98,894.89,884.31,893.49,1189700
2024-10-23,896.02,905.68,894.99,899.17,2193500
2024-10-24,901.5,903.5,888.26,893.42,1649600
2024-10-25,895.65,901.62,890,891.22,1425800
2024-10-28,895.99,895.99,890,890.96,912500
2024-10-29,890,891.17,874.09,886.99,1361700
2024-10-30,886.38,886.57,877.37,879.09,1412200
2024-10-31,877.2,877.65,868.65,874.18,1771900
2024-11-01,874.27,879.41,867.34,877.31,1625200
2024-11-04,881.34,887,876.73,886.07,1576700
2024-11-05,888,895.58,886.8,890.17,1622300
2024-11-06,898.28,899.9,886.28,899.25,2437400
2024-11-07,898.62,919.48,894.37,913.93,2145500
2024-11-08,914,962,913.75,943.8,3277100
2024-11-11,943.8,951.28,931.44,932.88,2181800
2024-11-12,935.95,939.56,927,932.38,1691400
2024-11-13,930,937.59,923.2,933.73,1757600
2024-11-14,927,931.15,922.17,923.89,1859900
2024-11-15,917.74,920.55,905.56,907.07,2269900
2024-11-18,910.64,925.94,907.11,919.51,1797800
2024-11-19,928,934,916.36,930.15,1690500
2024-11-20,925.08,928.8,916.5,928.08,1452100
2024-11-21,935,958.49,930,955.65,2320500
2024-11-22,962.74,976.3,958.52,964.01,2078700
2024-11-25,975,975,949.69,960.89,3240900
2024-11-26,964,974.37,960.89,971.5,1438000
2024-11-27,971.46,972.29,958.59,961.55,1499500
2024-11-29,968.09,973.27,962.47,971.88,1095900
2024-12-02,971.36,976.5,964.76,975,1955800
2024-12-03,974.69,983,970.76,982.15,1653900
2024-12-04,982,991.15,977.55,990.92,1784700
2024-12-05,986.66,990.13,978.2,982.26,2089400
2024-12-06,982.26,997.71,982.26,992.61,1737300
2024-12-09,997.01,997.01,980.5,987.86,1855500
2024-12-10,989.73,994.99,985.88,993.4,1556800
2024-12-11,995,1007.8,993.59,994.69,1903600
2024-12-12,1001.68,1002.47,987.21,988.39,2344300
2024-12-13,981,1006.68,965.73,989.35,2951900
2024-12-16,989.05,1008.25,986.37,992.87,2581300
2024-12-17,994,996.92,980.76,982.08,2050200
2024-12-18,982,985.6,964,964.74,2725300
2024-12-19,974.51,974.64,953.51,954.8,2610800
2024-12-20,949.39,961.94,943.05,954.07,5373800
2024-12-23,953.88,954.26,937,949.91,1856800
2024-12-24,950.74,959.38,945.45,958.82,939000
2024-12-26,956.82,959.41,954,956.14,969000
2024-12-27,948.72,950.45,932,939.7,1943400
2024-12-30,931,934.17,915.5,922.21,1881200
2024-12-31,923.65,924.74,912.54,916.27,1742900
2025-01-02,915,925.77,902,909.81,1765100
2025-01-03,914.33,924.21,911,916.58,1612200
2025-01-06,917.98,927.41,913.27,922.71,1970400
2025-01-07,923.84,931.31,916.43,921.37,1888000
2025-01-08,922.98,930.5,915.42,927.37,1774800
2025-01-10,933.36,944.28,923.5,936.94,2765800
2025-01-13,934,934.99,921,924.7,1693800
2025-01-14,924.3,927.76,909.92,917.23,1683800
2025-01-15,927.26,932.87,918.3,923.5,1839400
2025-01-16,924.73,927.4,917.82,919.75,1353000
2025-01-17,930,943.8,924.57,943.19,2375000
2025-01-21,945.25,956.55,943.5,947.73,2042400
2025-01-22,951.23,951.94,939.24,944.7,2155000
2025-01-23,941.69,943.39,936.49,942.16,1352400
2025-01-24,942.16,946.04,933.56,939.68,1562400
2025-01-27,930,966.99,927.18,965.25,3044700
2025-01-28,961.83,965.71,954.07,958.67,2166400
2025-01-29,957.8,968.26,955,964.02,1713700
2025-01-30,970.3,986.75,970.1,979.01,1788200
2025-01-31,976.24,991,975.78,979.88,1875700
2025-02-03,972.39,1009.61,968.94,1005.83,2751000
2025-02-04,1005.4,1024.35,999.65,1021.86,2001600
2025-02-05,1020,1043.09,1020,1042.88,2047600
2025-02-06,1050,1063,1044.2,1050.99,2218000
2025-02-07,1047,1056.71,1035.51,1043.8101,1632900
2025-02-10,1052,1063,1046,1061.92,2036900
2025-02-11,1059.91,1066,1049.04,1058.34,1748500
2025-02-12,1054.15,1067,1051,1065.12,1662300
2025-02-13,1067.01,1078.23,1064.65,1076.86,1623300
2025-02-14,1076.48,1077.49,1068.01,1071.85,1410700
2025-02-18,1069.21,1071,1045.24,1056.03,2090600
2025-02-19,1056.0601,1063.1801,1053,1062.54,1349600
2025-02-20,1053.64,1053.64,1033.85,1034.83,2000500
2025-02-21,1034.61,1036.21,1024.6801,1035.03,1816300
2025-02-24,1028.54,1038.1899,1025.22,1035.6,1759700
2025-02-25,1040.73,1057.02,1037.46,1055.66,2083800
2025-02-26,1050.14,1058.89,1030.1801,1031.97,1555700
2025-02-27,1034,1042.53,1018.83,1021.71,1629100
2025-02-28,1030.61,1049.38,1023.99,1048.61,3307100
2025-03-03,1051.74,1066,1041.14,1046.85,2422500
2025-03-04,1045.73,1047.9301,1028.73,1036.87,2536800
2025-03-05,1033.08,1050.98,1028.5,1047.75,1898600
2025-03-06,1032.95,1045.89,1019.05,1026.62,2594600
2025-03-07,995.15,1002.42,942.78,964.31,5510700
2025-03-10,955.47,959.66,924.03,934.41,4459900
2025-03-11,931,938,921.2,930.49,3204900
2025-03-12,938,944.38,923.25,927.08,2331600
2025-03-13,922,923.5,887.47,890.62,3447200
2025-03-14,891.81,906.95,881.56,903.92,3186400
2025-03-17,901.63,923.39,898,916.61,2256100
2025-03-18,913,917.56,896.84,898.05,2182000
2025-03-19,902.86,910.16,896,904.05,1908500
2025-03-20,901.5,907.48,894.1,895.4,1891800
2025-03-21,888.75,909.77,883.96,909.26,3444700
2025-03-24,920,928.61,920,926.04,2015181
