Date,Open,High,Low,Close,Volume
2000-01-03,34.5001,34.6249,33,33.8751,1286195
2000-01-04,33.4999,34.125,33.1251,33.625,1248621
2000-01-05,33.625,35.7499,33.625,35.2499,1451350
2000-01-06,34.875,36,34.3751,35.3125,1225628
2000-01-07,35.375,37.3751,35.0001,35.3125,3766613
2000-01-10,36.8126,37.6874,36.5625,37.4376,1430601
2000-01-11,37.25,37.6874,37.125,37.1875,1366109
2000-01-12,36.9999,37.875,36.8126,37.5001,1937844
2000-01-13,37.6874,38.8124,37.3751,38.6251,1543041
2000-01-14,38.375,39,38.0626,38.5,1458080
2000-01-18,38.2499,38.4375,37.25,37.6874,1271334
2000-01-19,37.8125,38.5626,37.6874,38.375,1462006
2000-01-20,38.1249,38.1874,37.25,37.8125,1347883
2000-01-21,38.2499,39.0625,37.5624,38.8749,5041872
2000-01-24,38.8749,41.0001,38.7499,40.6249,3653612
2000-01-25,40.5624,40.5624,39.6875,39.9999,3543695
2000-01-26,39.8751,41.1249,39.4374,40.875,2156276
2000-01-27,41.0001,42.1876,40.9376,42,12932328
2000-01-28,41.8124,42.4999,41.1874,41.1874,4817272
2000-01-31,41.2499,41.7499,40.5624,41.7499,4167024
2000-02-01,41.6251,42.1251,41.2188,41.5626,3849892
2000-02-02,41.5626,42.3124,41.5,41.6876,1514160
2000-02-03,41.9375,43.6874,41.9375,43.5001,2475091
2000-02-04,43.4376,43.5001,42.9374,42.9999,8186278
2000-02-07,42.625,42.8751,42,42,1620712
2000-02-08,42.0625,42.4999,42.0625,42.3749,1553696
2000-02-09,42.3749,42.9374,42.3124,42.4999,6215066
2000-02-10,42.2501,42.4999,41.9375,41.9375,3730161
2000-02-11,41.8124,42,41.1874,41.2499,2021123
2000-02-14,41.2499,41.5,40.8125,41.1874,4537713
2000-02-15,41.0001,41.3125,40.6874,40.875,2676138
2000-02-16,40.5001,40.9376,40.125,40.75,2878026
2000-02-17,40.25,41.0626,40.125,40.25,1871950
2000-02-18,40.0624,40.3125,39.4374,39.5625,1364426
2000-02-22,39.625,40.3751,39.625,39.8126,2167772
2000-02-23,39.5625,40.6249,39.5625,40.3751,3449761
2000-02-24,40.3751,40.3751,37.6249,38.0001,2798112
2000-02-25,38.5626,38.5626,38.0001,38.5626,2083372
2000-02-28,38.5626,39.8126,38.1249,39.3126,1243854
2000-02-29,39.0625,39.0625,37.3125,37.3125,2262548
2000-03-01,38.5,38.5626,37.5001,37.75,1679316
2000-03-02,37.75,39,37.6249,39,1666417
2000-03-03,39.625,39.8126,39.0625,39.4999,3225441
2000-03-06,39.4999,39.7501,38.6251,38.7499,2862884
2000-03-07,38.7499,39.1876,37.6874,37.75,3481446
2000-03-08,38.0001,38.7499,38.0001,38.1874,1848958
2000-03-09,37.9376,38.4375,37.8125,38.3125,2164408
2000-03-10,38.0626,38.4375,37.875,38.2499,1063838
2000-03-13,38.0626,38.2499,37.8125,38.1249,878493
2000-03-14,37.6249,37.9376,36.9999,37.3125,2055893
2000-03-15,37.125,38.6876,37.0624,38.6251,2663520
2000-03-16,38.6251,40.75,38.6251,40.0624,1839424
2000-03-17,40.125,40.25,38.375,38.5,1696700
2000-03-20,38.2499,39.1876,38.1874,38.4375,1222824
2000-03-21,38.2499,39.1876,38.1249,38.7499,1909524
2000-03-22,38.7499,38.7499,37.5001,37.75,1722778
2000-03-23,37.5001,37.75,37.1875,37.4376,1978222
2000-03-24,37.5001,38.0626,37.3125,38.0001,1549490
2000-03-27,37.6249,38.6876,37.3125,37.3125,1573605
2000-03-28,36.9999,37.3751,35.9375,36.6875,1793158
2000-03-29,36.5625,37.1875,36.4999,37.1875,2230862
2000-03-30,37.5001,37.5624,36.9999,37.125,1366950
2000-03-31,37.125,37.875,36.3749,36.8751,3298345
2000-04-03,37.25,37.5624,36.5625,36.9374,919712
2000-04-04,37.1875,39.3749,37.1875,39.3749,3282082
2000-04-05,39.625,42,39.625,40.5624,4046172
2000-04-06,40.4376,41.0626,39.2501,39.625,2051406
2000-04-07,39.4999,40.25,39.3749,39.6875,1278344
2000-04-10,39.7501,41.6876,39.6875,41.375,1979904
2000-04-11,41.4375,42.6875,41.375,41.6876,2763622
2000-04-12,41.8749,43.5001,41.5626,42.4999,2488830
2000-04-13,43.25,44.6251,42.6875,43.5624,2167492
2000-04-14,43.3751,44.9375,41.6251,42.9688,2537059
2000-04-17,41.8124,42.625,40.1875,42,1972614
2000-04-18,42,43.125,40.75,40.9376,1509674
2000-04-19,40.6874,41.0001,39.7501,40.6874,951678
2000-04-20,40.4376,41.7499,40.4376,41.6251,1179362
2000-04-24,41.8749,42.9374,41.6251,42,945228
2000-04-25,42.8751,43.3751,41.8749,43.1875,1759790
2000-04-26,42.9999,44.1874,42.8126,43.6249,844004
2000-04-27,43.875,43.875,42.3124,43.0624,1526217
2000-04-28,43.125,43.125,41.6876,41.6876,1332180
2000-05-01,41.3125,42.1876,41.2499,41.7499,768576
2000-05-02,41.7499,42.1251,40.6249,40.6874,1584540
2000-05-03,41.1249,41.5626,40.75,41.5626,2496121
2000-05-04,41.5626,43.6249,41.5626,42.5625,1359099
2000-05-05,42.4999,43.0624,41.8124,42.9999,1451631
2000-05-08,42.9999,44.9375,42.9999,43.25,2037667
2000-05-09,44.0001,44.0626,43.1875,43.75,1269932
2000-05-10,44.0626,45.3749,43.8125,44.7499,2212917
2000-05-11,44.5626,45.7501,44.375,45.4999,2005140
2000-05-12,45.1251,45.2501,44.0001,44.6251,1520609
2000-05-15,44.4375,45.7501,44.4375,44.8124,1237966
2000-05-16,45.0625,45.0625,43.4376,44.6251,1517525
2000-05-17,45,45,42.8751,43.25,1637816
2000-05-18,43.25,44.3125,43.25,43.25,1193382
2000-05-19,43.125,43.9376,42.8126,43.4376,1040004
2000-05-22,44.1249,45.6875,44.1249,45.1876,2226376
2000-05-23,45.0625,45.7501,44.8749,45.1876,1825684
2000-05-24,45,46.8125,45,45.9999,2821946
2000-05-25,45.625,45.8126,44.7499,45.1876,3129825
2000-05-26,45.2501,46.0624,45.0625,45.1876,651089
2000-05-30,45.2501,45.3749,44.0001,44.2499,1809141
2000-05-31,44.1249,44.9375,43.9376,43.9376,2245443
2000-06-01,43.6874,43.8125,42.9999,43.6249,2814936
2000-06-02,43.3751,43.6874,42.8126,43.5001,2552201
2000-06-05,43.125,43.3751,41.6876,42.1251,1425834
2000-06-06,42.2501,43.4376,42.1251,42.4999,1119637
2000-06-07,42.3124,42.625,41.7499,41.8124,1475184
2000-06-08,41.5626,43.125,41.5,42.8126,1739041
2000-06-09,42.5625,44.375,42.4999,44.3125,2368258
2000-06-12,44.0626,44.9375,44.0626,44.4064,1472941
2000-06-13,44.1874,45.3749,44.0001,44.1874,1659127
2000-06-14,44.1249,44.1874,42.7501,42.9999,2421534
2000-06-15,42.9999,43.6249,42.4999,43.0624,2389288
2000-06-16,43.125,43.9376,42.4374,43.125,5265912
2000-06-19,43.4376,43.5624,42.3749,42.8126,3123936
2000-06-20,41.8749,42.7501,41.8124,42.4374,1182166
2000-06-21,42.4374,43.5001,42.3749,42.3749,2203664
2000-06-22,42.3749,42.625,41.5,42.1251,1454996
2000-06-23,42.2501,42.8126,42,42.3124,1379568
2000-06-26,42.3749,43.125,42.2501,42.7501,1267969
2000-06-27,42.4999,42.6875,41.1874,41.1874,1201234
2000-06-28,41.4375,43.0624,40.5624,42.7187,1568277
2000-06-29,43.25,43.3751,41.6876,42.1251,1481073
2000-06-30,41.8749,42.8126,40.25,40.3125,3914104
2000-07-03,40.5624,42.3124,40.5624,41.6251,1263202
2000-07-05,41.8749,42.4999,40.5001,40.6249,1203477
2000-07-06,41.1249,41.6251,40.9376,41.1249,765772
2000-07-07,41.1249,41.5626,41.1249,41.2499,962052
2000-07-10,41.2499,42.4999,41.2499,42,1174035
2000-07-11,42,43.25,41.6876,43.125,1749416
2000-07-12,43.125,43.1875,42.3124,42.6875,1159734
2000-07-13,42.3749,42.9999,42.1251,42.9999,963735
2000-07-14,42.625,43.6249,42.4374,42.6875,1149640
2000-07-17,42.5625,44.0626,42.5625,43.8125,1598841
2000-07-18,44.0001,44.5,43.5624,44.1249,1558183
2000-07-19,44.375,45,44.1249,44.5626,1254510
2000-07-20,44.6876,44.8749,43.3125,43.5001,2022806
2000-07-21,43.875,44.5,43.75,44.0001,1310309
2000-07-24,44.0626,44.1249,43.3125,43.5001,1371717
2000-07-25,43.25,44.1249,43.25,43.8125,1894102
2000-07-26,43.8125,43.8125,42.8126,42.8905,1503224
2000-07-27,43.125,43.875,42.9999,43.6249,762127
2000-07-28,43.6249,44.1249,43.3125,43.5001,1924105
2000-07-31,42.9999,43.9376,42.625,42.6875,2078325
2000-08-01,42.7501,44.0001,42.7501,43.8125,1411814
2000-08-02,43.5624,44.1874,43.5624,43.9376,2341060
2000-08-03,44.375,45.8751,44.2499,45.1408,2129918
2000-08-04,44.8749,45.9999,44.2499,45.9999,1972053
2000-08-07,45.6875,47.3125,45.3749,47.2031,1923824
2000-08-08,47.4375,47.4375,46.5624,47.0626,1387980
2000-08-09,46.8125,47.1249,46.4376,46.6874,1444901
2000-08-10,46.75,46.9376,46.1875,46.453,655014
2000-08-11,46.6249,47.6251,46.5001,47.3282,1585382
2000-08-14,47.2499,48.8126,47.1249,48.0625,2445649
2000-08-15,48.1251,49.75,47.8124,48.9374,1625479
2000-08-16,48.2501,49.3751,48.2501,48.4999,1375082
2000-08-17,49.1875,49.1875,48.3126,48.7501,2007384
2000-08-18,48.7501,48.9999,48.4999,48.6875,910739
2000-08-21,48.4999,48.625,48.0625,48.3749,1027946
2000-08-22,48.625,48.8126,48.4374,48.5625,1560706
2000-08-23,48.4374,49.25,48.4374,48.9999,1356575
2000-08-24,49.125,49.125,48.3749,48.4374,1038882
2000-08-25,48.4999,48.4999,47.6251,47.8124,875970
2000-08-28,47.3125,48.6875,47.3125,48.625,4454434
2000-08-29,48.5625,48.5625,47.6876,47.7499,4121880
2000-08-30,47.9375,48.1876,47.6251,48,3168800
2000-08-31,47.7499,48.5625,47.7499,48.203,3956724
2000-09-01,48.1251,48.625,48.0625,48.3126,582671
2000-09-05,48.7501,49.125,48.4999,48.8751,2453780
2000-09-06,48.8751,49.875,48.8751,49.8125,4202355
2000-09-07,50.0001,50.8749,49.75,50.6876,5581642
2000-09-08,50.7499,54,50.375,53.7188,4108421
2000-09-11,53.8749,55.9376,53.8749,55.7657,4825964
2000-09-12,56.375,56.7499,54.8751,56.1874,6508645
2000-09-13,56.4375,57.6875,56.4375,57.1251,5880549
2000-09-14,56.9375,56.9375,55.9376,56.2499,4274698
2000-09-15,56.375,59.1874,56.375,58.5156,4606692
2000-09-18,58.5001,58.5001,57.3749,57.6875,1530143
2000-09-19,57.9374,57.9374,54.5625,55.3751,3764370
2000-09-20,54.4999,54.8126,52.8125,54.4999,3482568
2000-09-21,54.4999,55.6874,54.3124,54.4374,1937284
2000-09-22,54.3749,56.5626,54.3749,56.0626,2244322
2000-09-25,56.0001,56.8749,54.9999,55.6249,1854285
2000-09-26,55.9376,57.6875,55.9376,57.5625,1602766
2000-09-27,58.125,59.8749,57.0625,59.2656,3979437
2000-09-28,59.6876,61.3125,59.5626,59.8749,4231516
2000-09-29,59.3125,61.3751,59.3125,60.5782,2967193
2000-10-02,60.8126,61.5624,59.0001,61.5624,2389569
2000-10-03,61.3125,62.5626,58.875,59.1249,2640527
2000-10-04,58.875,59.7499,54.9374,57,4709318
2000-10-05,57.2501,57.9374,55.4376,55.6249,2738667
2000-10-06,56.1249,57.7501,55.9376,56.6251,3161230
2000-10-09,56.5,57.9374,56.4375,56.5626,1529582
2000-10-10,56.8749,60,56.8749,58.8125,4395270
2000-10-11,59.5,60.4999,57.8126,58.25,4873072
2000-10-12,58.125,58.875,57,57.4374,3746705
2000-10-13,57.1876,58.9376,57.1876,57.9374,2414524
2000-10-16,58.5001,60.7501,58.125,60.4374,3769417
2000-10-17,60.3126,61.75,60.1251,61.6249,2785774
2000-10-18,61.875,62.5,59.3125,59.8749,2638003
2000-10-19,59.7499,60.4999,58.75,60.0625,3302551
2000-10-20,59.8124,60.9374,58.3125,59.5,3392279
2000-10-23,59.5,60.9999,59.4375,60.8751,1504626
2000-10-24,60.7501,61.5001,57.8751,59.6876,4473502
2000-10-25,59.6876,62.0626,59.3125,60.8126,4210767
2000-10-26,59.9375,60.1251,56.4375,56.5,7829048
2000-10-27,56.375,58.125,53.8749,57.9999,5901859
2000-10-30,58.25,61.25,57.9999,60.7501,5120384
2000-10-31,60.7501,60.9999,58.9376,60.1251,3301710
2000-11-01,60,60.4999,59.2499,59.8749,3272829
2000-11-02,59.7499,59.9375,58.3751,58.875,1750537
2000-11-03,58.5001,58.5001,56.4375,57.1251,2982334
2000-11-06,56.8749,56.8749,55.1875,55.875,3420039
2000-11-07,55.8125,56.4375,55.5001,56.4375,4985512
2000-11-08,57.7501,59.0626,57.0625,58.5624,4270212
2000-11-09,58.3751,59.9375,57.8751,58.875,1810823
2000-11-10,58.875,60,58.6249,59.6876,2214880
2000-11-13,60.1251,61.8125,59.375,60.0625,2628470
2000-11-14,59.8749,60,58.3751,58.3751,2516029
2000-11-15,59.375,60.2501,58.3125,58.5624,4538835
2000-11-16,59.1249,59.9375,59.1249,59.8749,3972707
2000-11-17,59.9375,61.5624,59.7499,61.1875,5096550
2000-11-20,60.9374,62.5,60.9374,61.5001,2694083
2000-11-21,61.3751,61.75,60,61.75,3030002
2000-11-22,61.9376,63.4374,61.125,62.8124,2954294
2000-11-24,62.7499,62.7499,60.8751,61.5624,1241331
2000-11-27,62.375,62.6251,60.8751,62.0626,3034769
2000-11-28,61.8125,64.25,61.5624,64.25,4931956
2000-11-29,64.125,65.7499,63.8751,64.8125,4575287
2000-11-30,65.6251,67.25,65.1249,66.2501,5592017
2000-12-01,65.8749,66.5625,64.125,64.5001,2675857
2000-12-04,64.6499,65.8999,64.55,65.29,2004580
2000-12-05,64.5001,65.0001,62.6501,63.0101,4301897
2000-12-06,63,63.9399,63,63.2201,2802598
2000-12-07,63.4699,67.49,63.4699,66.9001,3545658
2000-12-08,66.6999,66.8701,65.17,66.65,2656510
2000-12-11,66,66,64.5901,65.5499,3112440
2000-12-12,65.5499,68.0001,65.5499,67.6499,4172352
2000-12-13,66.6,68.29,66.0101,66.0101,4053182
2000-12-14,66.3,66.3,64.72,65.35,2489111
2000-12-15,64.5001,65.8699,63.2501,63.74,4519487
2000-12-18,65.3999,65.3999,63.45,64.13,4335264
2000-12-19,64.2001,66.1399,64.2001,66.03,3819328
2000-12-20,66.4999,69.1999,66.4999,68.3001,3957846
2000-12-21,68.2499,68.8001,66.6301,67.2399,2993550
2000-12-22,67.2999,68.7499,66.7801,68.47,2151229
2000-12-26,68.5,70.99,68.3999,70.5001,3044303
2000-12-27,70.55,71.0001,70.2001,70.8501,4952144
2000-12-28,70.6499,70.6499,69.1999,69.36,4101411
2000-12-29,69.4001,70.4499,69.2599,70.2099,2398542
2001-01-02,69.7501,69.7501,67.4101,67.8801,3460416
2001-01-03,68.0001,69,62.85,62.9501,7781380
2001-01-04,59.2499,60.6,56.8001,60.33,12066453
2001-01-05,59.7499,62.0901,59.0001,59.7,5624544
2001-01-08,60.9001,62.0001,60.6999,61.72,4444060
2001-01-09,61.5001,62.5,60.9999,62.5,3914945
2001-01-10,62.4501,62.7,59.05,59.2499,5006822
2001-01-11,59.0001,59.0001,54.54,56.6599,6879053
2001-01-12,55.66,57.74,55.4499,56.9599,7440134
2001-01-16,57.1999,57.1999,53.5999,55.5001,6950555
2001-01-17,55.25,59.35,55.25,58.55,6386671
2001-01-18,57.2501,59.8001,57,58.6499,3731283
2001-01-19,57.4999,59.41,56.5101,59.3699,2989905
2001-01-22,59.55,60.4001,58.5001,59.35,2692681
2001-01-23,59.6001,61.1499,59.3901,60.1099,3268623
2001-01-24,59.0001,61.4499,59.0001,60.9999,3172165
2001-01-25,61.25,62.0901,60.9999,61.7399,3763529
2001-01-26,61.2999,62.4201,59.82,60.83,2407514
2001-01-29,61.9499,62.97,61.1499,61.9101,2896812
2001-01-30,61.4,62.0301,60.8499,61.1401,1730348
2001-01-31,60.9999,61.01,59.91,60.51,3741097
2001-02-01,60.12,60.7299,60.12,60.68,3082157
2001-02-02,60.68,61.8501,60.3101,61.1401,3270586
2001-02-05,60.9999,62.2101,60.9999,61.3201,4220581
2001-02-06,61.2001,61.78,60.98,61.5001,2199458
2001-02-07,61.75,62.7701,61.75,62.7499,3672960
2001-02-08,62.7499,64.2399,62.7499,64.0599,2138611
2001-02-09,63.9601,65.7,63.86,65.2499,2538461
2001-02-12,65.4801,66.4901,63.7501,64.7399,2581082
2001-02-13,64.28,65.7199,63.2599,63.9999,5471726
2001-02-14,64.25,65.56,63.5201,64.7399,2856996
2001-02-15,64.9,64.9,63.8,63.9999,2316384
2001-02-16,64.9,65.9801,63.9999,64.13,3124497
2001-02-20,65.35,66.2201,64.2901,64.8599,4062716
2001-02-21,65.2,66.71,65.2,65.2499,2861762
2001-02-22,65.26,67.4,64.9,66.4399,4326011
2001-02-23,66.9001,67.4799,63.7599,64.7099,3062248
2001-02-26,64.7099,66.3499,64.7099,65.05,1993644
2001-02-27,65.3001,66.3499,65.1201,65.44,2180671
2001-02-28,65.5999,65.85,63.9099,65.3699,2354799
2001-03-01,65.5499,66.9901,64.8501,65.5701,2387326
2001-03-02,65.97,66.7801,65.3001,66.6301,3233853
2001-03-05,66.9999,67.1499,66.24,66.2801,1746331
2001-03-06,65.94,66.3499,65.0999,65.23,1866062
2001-03-07,65.2499,65.7499,64.25,64.66,3376577
2001-03-08,65.1501,65.9201,64.52,65.3001,2148425
2001-03-09,65.3001,65.7401,64.6199,64.7001,3041218
2001-03-12,64.7099,65.2499,64.3801,64.9499,3337601
2001-03-13,64.4,64.55,63.5299,63.98,2325077
2001-03-14,63.7299,63.7299,61.7999,62.2199,2456584
2001-03-15,62.85,63.7501,62.6599,63.4999,3856902
2001-03-16,63.03,64.25,63.03,63.95,4613421
2001-03-19,63.8499,64.19,62.5199,63.4901,2627628
2001-03-20,63.4901,63.6901,62.3301,62.6299,2344424
2001-03-21,62.88,64.49,62.3999,62.9501,3392840
2001-03-22,62.9599,63.15,59.2499,60.9999,5002336
2001-03-23,60.8799,60.89,59.1501,59.79,4227871
2001-03-26,59.7799,63,59.7799,62.5,2907468
2001-03-27,62.8001,64.3501,62.7499,64.1401,2937470
2001-03-28,63.9999,64.9499,63.39,64.1499,3764931
2001-03-29,63.8,65.5,63.15,65.0001,3631180
2001-03-30,65.5,65.9599,65.2499,65.5999,3141041
2001-04-02,65.5999,66.6999,64.58,65.6501,2928498
2001-04-03,65.8999,68.9501,64.7999,68.6501,6634264
2001-04-04,68.5999,68.94,66.6301,66.9901,5865688
2001-04-05,67.6,68.0001,64.6701,65.97,4593232
2001-04-06,66,66.5201,63.21,64.66,6923076
2001-04-09,63.9001,66.68,63.9001,65.9299,4097766
2001-04-10,67.75,69.1099,67.1,68.9201,5703616
2001-04-11,68.91,68.91,66.6,66.9601,3654453
2001-04-12,67.1,67.43,66.6999,67.01,3214506
2001-04-16,66.9001,67.99,66.9001,67.99,1670904
2001-04-17,67.7901,69.4999,67.75,69.4901,2870455
2001-04-18,69.4901,69.98,67.5301,68.3001,6314888
2001-04-19,68.05,68.38,66.6,66.9999,3785120
2001-04-20,66.8,67.49,66.3,66.98,3201607
2001-04-23,67.2301,69.45,67.2301,69.45,4319842
2001-04-24,69.9001,69.9901,69.0401,69.5801,3275633
2001-04-25,68.0001,69.3,68.0001,69.2201,4872230
2001-04-26,69.2299,70.2601,69.1099,69.7501,4278904
2001-04-27,69.7501,69.7501,68.3399,68.59,2052528
2001-04-30,69.0199,69.4001,68.5999,69.0499,3387512
2001-05-01,69.42,69.6901,68.6501,69.3701,5524441
2001-05-02,68.8999,69.1601,67.3501,67.4401,2442284
2001-05-03,67.9499,68.05,66.6,67.1499,2770913
2001-05-04,67.2999,68.1501,66.9999,68.0001,2202262
2001-05-07,68.2499,68.5499,67.7999,68.2,2125712
2001-05-08,68.23,68.23,67.4199,67.5099,1784746
2001-05-09,67.6401,68.35,67.6,68.26,2471446
2001-05-10,68.7401,69.1399,67.7999,68.94,2425180
2001-05-11,68.5199,69.24,68.4201,68.9899,4615384
2001-05-14,69.3,69.8499,69.1999,69.7899,1221983
2001-05-15,69.6901,69.6901,67.9,68.11,2557528
2001-05-16,68.7499,68.7499,68.02,68.3999,4078138
2001-05-17,68.5999,68.8601,67.75,68.5,3060286
2001-05-18,68.2,68.61,67.9799,68.38,4494532
2001-05-21,68.3301,68.9501,68.1299,68.4801,3561641
2001-05-22,68.5199,68.9201,68.2499,68.76,5556687
2001-05-23,68.6599,69.2501,68.5499,68.8099,3267501
2001-05-24,68.8001,68.8999,68.14,68.41,2977007
2001-05-25,68.3999,68.3999,66.8701,66.9999,2946724
2001-05-29,67.7999,67.9,66.3,66.6999,2111132
2001-05-30,66.8,67.9,66.56,66.74,2800635
2001-05-31,66.3,67.8801,66.3,67.8201,3008692
2001-06-01,67.7999,67.7999,66.62,67.2901,1921301
2001-06-04,67.2901,67.4101,66.3,66.6999,2637723
2001-06-05,66.8,66.8,65.05,65.44,3326385
2001-06-06,65.5499,65.5999,63.54,63.56,6038134
2001-06-07,63.9001,64.3501,63.1399,63.57,3037293
2001-06-08,63.57,64.9,63.21,64.69,2110010
2001-06-11,65.5,66.98,65.35,66.7599,5931582
2001-06-12,67.2999,67.2999,66.4699,66.8401,1634171
2001-06-13,66.9001,67.1199,64.9101,65.1899,3128142
2001-06-14,65.05,65.05,63.51,63.5201,3042901
2001-06-15,64.2999,66.2299,64.1,65.3001,3942704
2001-06-18,66,66.6,65.85,66.0199,2462753
2001-06-19,66.6999,67.1799,66.0499,67.13,2694083
2001-06-20,67.3801,67.7001,65.8399,65.9501,3966538
2001-06-21,65.85,65.85,62.3999,62.6001,7107299
2001-06-22,62.7,64.1,62.0999,64.0501,4212449
2001-06-25,64.2999,64.9499,63.3701,63.9099,3045985
2001-06-26,63,63.8499,62.79,63.6399,3795775
2001-06-27,63.6999,64.69,63.3499,63.9999,2847742
2001-06-28,64.5001,64.7999,63.7899,63.9901,2406393
2001-06-29,63.4001,64.13,63,64.1199,3228245
2001-07-02,63.4999,64.5001,63.45,63.6099,2078886
2001-07-03,63.65,64.72,63.6099,64.58,2020002
2001-07-05,64.2099,65.7401,64.2099,65.3699,2863725
2001-07-06,65.44,65.97,65.0999,65.8999,1670062
2001-07-09,65.9501,67.07,65.9501,67.07,2849144
2001-07-10,67.25,67.6,67.0801,67.0899,2842134
2001-07-11,67.2901,67.6499,66,66.0101,2349752
2001-07-12,66.09,66.15,65.0999,65.5999,3296102
2001-07-13,65.4501,65.7499,64.72,64.8899,1384335
2001-07-16,64.8899,66.48,64.7099,65.2799,2187400
2001-07-17,65.3001,65.5999,64.7001,64.8599,1930554
2001-07-18,64.61,65.2499,63.98,64.52,2539583
2001-07-19,64.61,64.99,63.8401,64.07,1567156
2001-07-20,64.5001,64.6,60.15,60.5501,6151976
2001-07-23,60.6,61.0501,56.1599,57.9999,10390783
2001-07-24,57.6,57.6,53.5999,54.4001,10934759
2001-07-25,53.7,59.0999,53.0001,59.0999,13156929
2001-07-26,59.05,60.4099,58.7999,59.85,5766706
2001-07-27,59.7499,60.0799,57.74,57.9001,5904944
2001-07-30,58.0501,59.7401,56.3999,59.5199,4088793
2001-07-31,59.5,59.5,56.0999,56.5,8161603
2001-08-01,56.8999,57.8,56.56,57.6301,5270118
2001-08-02,57.6999,58.2999,57.1999,58.0801,3148331
2001-08-03,58.1,59.0001,57.6999,58.7099,4479390
2001-08-06,57.6,58.04,56.29,56.5,7716328
2001-08-07,56.7499,57.3,56.3001,56.6899,3957005
2001-08-08,57,57,55.01,55.0801,3243667
2001-08-09,55.1499,55.66,54.7899,55.1701,2678661
2001-08-10,55.25,55.5301,54.4999,55.3299,2304608
2001-08-13,55.1,55.37,54.1301,54.1901,3390877
2001-08-14,54,54.8199,53.73,54.33,2108888
2001-08-15,54.1999,54.89,53.5101,53.7101,3378820
2001-08-16,53.91,54.8499,53.4299,54.4999,2039630
2001-08-17,54.4999,55.2399,54.3499,54.9099,2471726
2001-08-20,53.9599,55.5099,53.9501,55.1499,2602953
2001-08-21,55.7999,55.93,54.7801,54.9699,2195252
2001-08-22,54.9999,56.17,54.9001,55.7399,2138891
2001-08-23,55.7001,56.0999,55.3899,55.3899,2073838
2001-08-24,55.31,56.1899,55.0501,55.8201,2790541
2001-08-27,55.9,56.44,55.9,56.3099,2900177
2001-08-28,56.56,56.9201,56.3999,56.59,3662024
2001-08-29,56.3999,56.4801,55.75,55.75,3412748
2001-08-30,56.2499,56.4599,54.7501,54.8799,3086924
2001-08-31,54.95,55.1199,54.45,54.6,2500046
2001-09-04,54.7501,54.9999,54.4001,54.4601,3836433
2001-09-05,54.6,54.6999,54.1001,54.45,3183101
2001-09-06,54.1999,55.6799,53.9501,54.2599,3900084
2001-09-07,54.65,55.4,54.3499,55.1701,4059070
2001-09-10,55.2901,55.2999,54.42,55.2699,4519207
2001-09-17,54.8,54.9699,52.8299,54.24,3459575
2001-09-18,54.24,54.24,52.66,52.8501,3070660
2001-09-19,53.0001,53.64,50.5,52.4,3998224
2001-09-20,52.2001,53.9201,51.8101,52.6499,4696700
2001-09-21,50.9299,52.7001,50.4201,51.0499,3999906
2001-09-24,52.4,52.4,50.7499,51.03,3074306
2001-09-25,50.7,51.92,50.6899,51.6,3542574
2001-09-26,51.1999,51.21,50.1501,50.4501,3336760
2001-09-27,43.5001,45.2501,38.7499,44.5,26748478
2001-09-28,44.3999,45.1001,44.0999,44.5999,12330870
2001-10-01,44.8999,45.1999,44.0001,44.3399,3849051
2001-10-02,44.5,44.6501,43.5001,43.7601,6755397
2001-10-03,44.0999,45.2501,43.9401,44.9899,7614823
2001-10-04,44.9899,44.9899,43.5001,44.2499,4481353
2001-10-05,44.2499,45.6601,43.7999,45.6001,4198990
2001-10-08,45.1001,45.65,44.5999,45,2400785
2001-10-09,45.1001,45.1399,44.0001,44.29,2505654
2001-10-10,44.3001,44.55,43.72,44.4801,4064398
2001-10-11,44.5999,45.4399,43.2999,44.0999,3683615
2001-10-12,44.0999,45,43.7001,44.9501,4329096
2001-10-15,45.1001,45.3499,44.61,45,2912515
2001-10-16,45.1999,45.6699,44.7,45.0701,5046639
2001-10-17,45.1999,45.1999,44.0001,44.0099,3930086
2001-10-18,44.0001,44.47,42.4999,42.6999,5292830
2001-10-19,42.6999,44.17,42.3499,43.8299,3258528
2001-10-22,44.0001,44.8999,43.3501,44.5,4556220
2001-10-23,39.9999,42.1001,39.65,41.08,18756236
2001-10-24,41.0999,41.5,39.9999,41.2,13024860
2001-10-25,40.9499,41.9501,40.5001,41.9501,7174034
2001-10-26,41.8001,41.8099,39.9999,41.05,7062154
2001-10-29,41.1501,41.5401,40.7999,41.5,7474623
2001-10-30,41.5,42.0401,41.35,42,7506028
2001-10-31,42,42.0701,41.6599,42.0701,4609496
2001-11-01,41.7499,42.4099,41.7,42,4374520
2001-11-02,42,42,41.0999,41.3601,6209458
2001-11-05,41.8601,42.6901,41.7701,42.65,6914944
2001-11-06,42.15,43.4,42.15,43.19,4197868
2001-11-07,42.9999,43.58,42.8,43.5001,2726049
2001-11-08,43.4,44.7,43.1101,44.0001,2881110
2001-11-09,44.0001,44.3601,43.6799,43.75,2563136
2001-11-12,43.75,43.9499,42.8,43.84,10491727
2001-11-13,43.5001,43.75,42.7801,43.5001,3056080
2001-11-14,42.9999,43.7999,42.5799,43.0201,4392186
2001-11-15,43.0299,43.1,42.4999,42.9301,4245817
2001-11-16,42.9301,43.31,42.4301,42.8499,3296663
2001-11-19,42.8499,42.9001,42,42.2501,1819516
2001-11-20,42.2501,43.66,42.2201,43.4401,3926161
2001-11-21,43.2001,43.25,42.2501,42.8,2530330
2001-11-23,42.8,43.43,42.1699,43.2601,902327
2001-11-26,43.2601,43.2999,42.4999,43.1,2154594
2001-11-27,42.4999,44.05,42.4001,43.81,3397046
2001-11-28,43.81,44.0001,43.0501,43.2001,8462752
2001-11-29,43.1499,43.7601,42.4301,43.6101,3732404
2001-11-30,43.6101,44.7,43.3501,44.61,4571081
2001-12-03,44.61,44.7,44.0001,44.3999,4011122
2001-12-04,43.5001,45.0101,43.5001,45,3167398
2001-12-05,45,45.06,44.0001,44.91,5655388
2001-12-06,44.91,44.91,43.63,44.4501,3256566
2001-12-07,44.4501,45.45,44.4501,45.4001,2799794
2001-12-10,45.4001,46.43,44.6501,46.3501,5692681
2001-12-11,46.3599,46.7399,44.7499,45.1699,3991774
2001-12-12,45.18,45.6999,44.5101,45.6901,4286194
2001-12-13,45.59,46.2001,45.0101,45.9001,3816805
2001-12-14,45.1001,46.2001,44.7499,46.0299,3895036
2001-12-17,46.0299,46.0299,45.3,45.83,3123095
2001-12-18,45.83,46.9499,45.65,46.78,4223104
2001-12-19,46.7699,48.6901,46.28,47.29,5806243
2001-12-20,47.8999,47.9501,46.2999,46.81,5346387
2001-12-21,46.2999,46.3599,45.65,46.2999,6833348
2001-12-24,46.4,47.3901,46.4,47.1201,1253949
2001-12-26,47.4501,48.3,47.4299,47.6201,3102626
2001-12-27,47.5,47.82,47.3999,47.5101,2941676
2001-12-28,47.5101,47.8001,46.6499,47.55,3132068
2001-12-31,47.5,48.4099,47.4201,47.88,2678942
2002-01-02,48.3,48.6,47.1299,48.48,3300028
2002-01-03,48.1001,48.51,47.8001,48.4001,2896532
2002-01-04,47.8999,48.48,47.4501,47.8901,3815964
2002-01-07,48.2501,48.2501,47.73,48.0499,3095896
2002-01-08,47.8001,47.9501,47.0999,47.3001,3598654
2002-01-09,47.3999,47.55,46.49,46.55,3983923
2002-01-10,46.55,47.3999,46.34,47.3699,3295822
2002-01-11,47.4899,47.7499,47.0999,47.26,2556687
2002-01-14,47.2701,48.65,47.2199,48.2501,3298065
2002-01-15,48.4001,48.95,47.85,48.15,2952892
2002-01-16,48.1999,48.6,47.85,48.1001,2683428
2002-01-17,47.8301,47.8399,46.9,47.0001,4479951
2002-01-18,47.0001,47.2799,46.7001,46.81,2528647
2002-01-22,46.81,46.81,46.01,46.0299,2763903
2002-01-23,46.16,46.69,45.9001,46.2901,2341901
2002-01-24,46.4,47.1501,46.3501,46.8599,2108328
2002-01-25,47.0001,47.1501,46.3501,46.8899,1706795
2002-01-28,46.6401,47.05,46.6,46.9199,2721562
2002-01-29,48.1001,48.1999,46.58,46.78,5200298
2002-01-30,47.0099,48.1999,47.0099,48.0101,4101972
2002-01-31,48.0101,49.2399,47.8999,49.2399,4800168
2002-02-01,49.2399,50.3001,49.2301,50.1299,4610898
2002-02-04,49.9,50.5999,49.9,50.4899,2699411
2002-02-05,50.3999,50.53,49.6401,50.3001,3728198
2002-02-06,49.6,50.2799,49.6,50.0001,2115898
2002-02-07,50.0099,50.7499,50.0099,50.5999,2643331
2002-02-08,50.5,50.7499,50.0001,50.61,2006542
2002-02-11,50.61,50.94,49.7001,50.8601,2072717
2002-02-12,51.1099,52.1401,51,51.7599,5264510
2002-02-13,50.5999,51.1999,50.0901,50.3901,3178895
2002-02-14,49.8501,50.0999,49.6499,49.9701,2068791
2002-02-15,50.35,50.5,49.9499,50.3001,2402187
2002-02-19,49.6499,50.2,49.3299,49.4101,1548369
2002-02-20,49.16,49.72,48.54,49.4799,1992242
2002-02-21,48.9999,49.75,48.3,48.5299,2294233
2002-02-22,48.2801,49.7999,48.1999,49.4499,2501448
2002-02-25,48.9001,49.9701,48.6999,49.6701,2135807
2002-02-26,49.4499,50.0999,48.9999,49.7099,2939714
2002-02-27,49.87,50.35,49.55,49.78,2876624
2002-02-28,50.0001,50.0001,49.01,49.28,2069913
2002-03-01,49.7001,50.61,49.66,50.5199,1827928
2002-03-04,50.6201,51.4999,50.2499,50.7499,2330685
2002-03-05,50.6501,50.97,50.1501,50.85,2792784
2002-03-06,51.4399,52.5001,51.03,52.37,2487148
2002-03-07,52.37,52.72,51.89,52.3899,2710346
2002-03-08,52.3899,52.7099,51.6901,51.9999,2755210
2002-03-11,51.4999,52.9499,51.42,52.25,2462473
2002-03-12,52.2999,52.3899,51.6999,51.9901,2264510
2002-03-13,51.9901,51.9901,51.4001,51.6999,1710160
2002-03-14,52.2001,52.7001,51.9999,52.4,2382278
2002-03-15,52.9,52.99,51.8499,52.4199,3778670
2002-03-18,51.9999,52.8501,51.7899,52.7601,2602112
2002-03-19,52.7099,53.3099,52.7099,52.93,2938031
2002-03-20,52.1,52.93,51.7501,51.8,3042060
2002-03-21,51.8,52.7399,51.6999,52.7099,2601271
2002-03-22,52.7099,53.59,52.4101,53.2,2421534
2002-03-25,53.35,53.88,52.7999,53.0999,2150388
2002-03-26,53.0999,53.1899,51.7501,52.1,2620899
2002-03-27,52.2001,53.0001,51.7599,52.84,2357323
2002-03-28,53.0001,53.7401,52.72,52.9701,2027292
2002-04-01,52.25,53.0699,52.1101,52.7301,1201794
2002-04-02,52.7301,52.8501,52.1,52.5001,1667819
2002-04-03,52.5001,52.58,51.7501,52.5001,2149827
2002-04-04,52.4499,52.9,51.9901,52.2001,2007944
2002-04-05,51.8,52.1701,51.6601,51.74,2143658
2002-04-08,51.74,52.2301,51.4999,52.1101,1460604
2002-04-09,52.1101,52.25,51.4999,51.5501,1121320
2002-04-10,51.4999,52.6499,51.45,52.6499,1911487
2002-04-11,52.6499,52.99,52.0599,52.0801,2295915
2002-04-12,52.0899,52.2901,51.6099,52.1499,1686326
2002-04-15,51.9999,52.4499,51.1999,51.86,2783250
2002-04-16,51.9001,52.5001,51.9001,52.43,1567436
2002-04-17,52.43,52.55,51.9001,52.52,1819516
2002-04-18,52.0299,52.7699,51.95,52.72,1780540
2002-04-19,53.2,53.5,52.5001,53.4501,1854846
2002-04-22,53.3001,54.18,53.2401,54,1959435
2002-04-23,54.2501,54.6999,53.8099,54,2989064
2002-04-24,54.65,54.6699,54,54.4001,2452939
2002-04-25,54.1999,54.4001,53.7,53.8901,2608000
2002-04-26,54,54.7599,53.2,54.3799,2696046
2002-04-29,54.3499,54.3499,53.11,53.3901,2849986
2002-04-30,53.85,54.3701,53.5199,54.3,1564912
2002-05-01,54.3,54.7899,53.79,54.6,1811104
2002-05-02,54.6,54.7501,53.76,54.7501,1697822
2002-05-03,54.65,54.9901,54.06,54.98,1551453
2002-05-06,54.9901,55.7901,54.9901,55.4,1817833
2002-05-07,55.4,56.44,54.9999,56.2701,3827740
2002-05-08,56.3999,56.9899,55.7001,56.9201,2826152
2002-05-09,56.67,56.7,55.9499,56.0001,3894756
2002-05-10,56.0001,56.7401,55.2699,55.96,1895504
2002-05-13,55.4701,55.8899,54.57,55.0501,3300588
2002-05-14,54.9999,55.3501,54.42,54.9001,2724086
2002-05-15,54.65,55.5399,54.1999,54.86,2243761
2002-05-16,54.8,54.8,52.7001,53.0399,2580521
2002-05-17,52.5001,52.9499,50.0999,51.9901,5434152
2002-05-20,51.9399,52.4199,51.3499,51.9001,5685951
2002-05-21,51.65,52.8501,51.15,52.1499,2371623
2002-05-22,52.4499,54.0799,52.37,54.0101,2669128
2002-05-23,54.21,55.04,54.21,54.9301,2329002
2002-05-24,54.9999,55.0299,54,54.6,1968969
2002-05-28,54.6,54.6,53.8901,54.2899,1783344
2002-05-29,53.8999,54.2201,53.4299,53.7,1597158
2002-05-30,53.5,54.8799,53.5,54.4999,3382746
2002-05-31,54.4999,54.4999,53.4899,53.4899,2201140
2002-06-03,53.7,53.7,52.0501,52.3501,2485746
2002-06-04,52.3501,53.5101,52.3501,52.7901,1722778
2002-06-05,53.3999,53.3999,52.0899,52.87,2254416
2002-06-06,52.87,52.9401,51.27,51.48,2430507
2002-06-07,50.9501,52.0599,50.8999,51.8499,2079446
2002-06-10,51.8499,53.2,51.4999,52.5001,2870455
2002-06-11,53.0001,53.3399,52.5099,52.66,2066268
2002-06-12,52.66,53.6201,52.4,53.17,2050004
2002-06-13,53.2,54.2899,53.0001,53.64,1778016
2002-06-14,53.2499,54,52.52,52.7001,3297784
2002-06-17,53.0999,53.4299,52.8201,53.0001,2535938
2002-06-18,53.1899,54.59,53.0999,54.1001,3020749
2002-06-19,54,54.8499,53.85,54.24,3057482
2002-06-20,54.1001,54.1001,52.9199,53.0301,2805122
2002-06-21,53.0001,53.3001,52.49,53.3001,4034676
2002-06-24,53.3001,53.3001,51.7599,52.1,2883073
2002-06-25,51.9999,52.7699,51.54,51.8199,1830451
2002-06-26,52.0201,52.1499,50.8999,51.65,2728292
2002-06-27,51.65,51.9999,50.5,51.6999,2541826
2002-06-28,51.7501,52.55,51.42,52.2999,2977287
2002-07-01,52.2999,52.2999,51.3401,51.4399,2910832
2002-07-02,51.0499,51.33,50.3001,50.7,2210393
2002-07-03,50.5,51.3499,50.1501,50.3999,3344050
2002-07-05,50.3999,50.3999,49.6,50.3001,1474624
2002-07-08,50.3001,50.32,49.4,49.6199,2152911
2002-07-09,49.6199,49.6701,48,48.2501,2763062
2002-07-10,48.15,48.2299,46.0501,46.3599,4250584
2002-07-11,45.8,47.5,45.6001,47.3901,4306103
2002-07-12,47.14,47.1501,45,45.39,3685578
2002-07-15,44.2499,45.53,41.7499,45.2501,9075707
2002-07-16,45.4999,46.8899,44.5999,45.6001,5869894
2002-07-17,45.6001,46.4,44.5,44.8001,4092999
2002-07-18,44.8001,45.12,43.9401,44.23,3639872
2002-07-19,44.35,44.4501,42.2299,42.6099,4954948
2002-07-22,42.6099,43.25,41.1299,42.4399,5110010
2002-07-23,42.4399,43.4199,39.1999,40.3501,4495653
2002-07-24,38.2,44.0099,37.8501,44.0001,7525656
2002-07-25,42.9999,45.8101,42.5501,45.5499,4575567
2002-07-26,45.4999,45.8,44.2199,44.9599,3868118
2002-07-29,44.5,45.3,43.7001,44.2499,4729507
2002-07-30,44.2499,48.1001,44.23,48.06,4153004
2002-07-31,48.21,50.59,47.3001,49.0501,6412468
2002-08-01,48.95,50.0999,47.11,48,3460977
2002-08-02,48.2501,48.6601,45.9001,46.7699,3514253
2002-08-05,47.17,48.4999,46.6,46.96,2961585
2002-08-06,47.1501,48.8,47.1501,48.12,3130386
2002-08-07,48.15,48.9999,47.5999,48.1901,3241704
2002-08-08,48.9999,49.9,47.7499,48.8199,4667538
2002-08-09,48.8701,49.4499,48.4099,49.2001,3460136
2002-08-12,49.01,49.78,48.6901,49.72,2908870
2002-08-13,49.5001,49.5001,47.9801,47.9801,5450976
2002-08-14,48.1001,49.9799,47.8001,49.96,4271053
2002-08-15,49.9,50.4299,49.1,49.3299,2329002
2002-08-16,49.28,49.5001,48.2501,48.59,3142723
2002-08-19,48.39,49.5301,48.27,49.4499,3808954
2002-08-20,49.2001,50.35,48.6,49.87,3600616
2002-08-21,50.0699,52.1,50.0699,51.9001,4580054
2002-08-22,52.1499,52.4499,51.3,51.7899,3524067
2002-08-23,51.6999,52.8299,50.76,51.1099,1700346
2002-08-26,51.36,51.9901,50.8001,51.42,2277689
2002-08-27,51.65,52.4199,51.1699,51.3701,2988503
2002-08-28,51.3701,51.4999,50.5,50.8099,1561267
2002-08-29,50.7,50.7,49.69,50.0099,1924666
2002-08-30,48.9999,49.0501,46.6,46.8201,7175156
2002-09-03,45.8499,45.9999,44.5101,45.33,4758388
2002-09-04,45.2501,45.4001,44.0999,44.6501,3917188
2002-09-05,44.5999,45.1999,43.9,44.0001,3493784
2002-09-06,45.4001,45.4001,43.9,44.3999,3146368
2002-09-09,44.3999,45.6001,43.3201,44.9801,2994392
2002-09-10,45.0101,45.2501,44.3001,44.76,4497896
2002-09-11,45.7501,45.8199,45,45.6301,2555005
2002-09-12,45.5499,45.6399,43.7601,44.0099,3079633
2002-09-13,43.8299,44.7199,43.4,43.8599,2555285
2002-09-16,42.9999,44.14,42.6999,44.0601,2601832
2002-09-17,44.56,44.8901,42.15,42.4601,2937470
2002-09-18,42.3101,45.2899,42.3101,44.5999,4198149
2002-09-19,44.5,45.95,44.2499,44.91,5109449
2002-09-20,44.5,45.18,43.8599,44.53,6212823
2002-09-23,44.2499,45.03,43.7999,44.5,3044864
2002-09-24,44.1501,44.7,43.6199,43.9,3385269
2002-09-25,44.0999,45.9901,43.6,45.6099,3786241
2002-09-26,45.9999,48.18,45.9301,47.9599,5512664
2002-09-27,47.9599,48.71,46.9101,47.17,4356014
2002-09-30,47.17,47.7799,46.1401,47.5,3632302
2002-10-01,48.1001,48.9399,47.05,48.7899,3557996
2002-10-02,48.6999,49.9199,48.2501,48.8,4017291
2002-10-03,49.2999,49.6701,47.8399,47.88,4694457
2002-10-04,47.8901,47.8901,46.6401,47.1801,4000747
2002-10-07,47.4299,48.7501,46.75,46.9799,3950836
2002-10-08,47.2,47.3001,43.75,46.04,8706700
2002-10-09,45.1001,45.6001,42.8,42.9399,5150948
2002-10-10,43.1499,47.2499,42.3799,46.58,8309093
2002-10-11,46.7001,46.9499,45.24,45.7299,5630993
2002-10-14,45.7299,46.7999,44.8999,46.6,2980091
2002-10-15,47.5,47.8601,46.7001,47.0001,3275913
2002-10-16,46.9,46.96,44.8699,45.0499,2858678
2002-10-17,45.6001,46.99,44.7,46.7001,3182540
2002-10-18,46.2001,47.7,45.4001,47.2401,3011776
2002-10-21,46.25,49.0299,45.9001,48.9999,6332554
2002-10-22,48.9699,49.9,46.9499,47.7101,4430320
2002-10-23,47.7101,48.65,46.8599,47.91,4044490
2002-10-24,48.03,49.28,47.6899,48.15,3428170
2002-10-25,48.2201,48.8799,47.5999,48.8499,2120946
2002-10-28,48.92,49.8899,48.8,49.2301,2572390
2002-10-29,49.43,49.8801,48.4999,49.3501,3058042
2002-10-30,49.9,50.4501,49.2601,50.41,3861388
2002-10-31,50.4801,50.5999,49.72,50.3999,3896719
2002-11-01,50.32,50.56,49.5301,50.1501,2883634
2002-11-04,50.1801,51.42,49.9199,50.85,4380689
2002-11-05,51.9001,51.9001,50.5101,51.8499,3488176
2002-11-06,51.95,53.0601,51.9001,52.55,4132535
2002-11-07,51.9999,52.1499,50.3099,51.4001,3399009
2002-11-08,51.4099,51.8,50.2101,50.3001,3248714
2002-11-11,50.3099,50.5999,49.13,50.0001,2479016
2002-11-12,50.0999,50.4801,48.51,49.4701,4794840
2002-11-13,48.8499,49.8501,48.5501,49.66,2457706
2002-11-14,49.8801,50.3001,49.4401,49.87,1669502
2002-11-15,49.7999,50.5199,49.6401,50.5199,3623329
2002-11-18,50.7701,51.33,49.7301,49.75,2728853
2002-11-19,49.9499,50.38,49.4,50.0001,2060099
2002-11-20,50.0099,50.3999,48.7501,49.7999,3409384
2002-11-21,49.75,50.0001,48.89,49.2601,3346574
2002-11-22,49.2601,50.55,48.7501,50.1501,4118515
2002-11-25,50.1599,50.7499,49.7301,50.4501,2882792
2002-11-26,50.26,50.6501,49.7001,49.96,2535657
2002-11-27,50.4201,51.15,49.9101,50.9299,2442845
2002-11-29,50.4501,50.79,50.1801,50.1899,1234321
2002-12-02,51.1999,51.1999,49.4499,49.6,3540891
2002-12-03,49.8501,51.6,49.8501,51.3701,3837554
2002-12-04,51,51.95,49.7901,49.7901,5149546
2002-12-05,50.05,50.4899,49.7301,49.7999,2700252
2002-12-06,49.7699,50.6299,49.4,50.5401,2980372
2002-12-09,50.6501,52.1499,50.58,51.7201,3846808
2002-12-10,51.9699,51.9699,51.2501,51.7801,2404150
2002-12-11,51.62,52.1,51.27,51.98,3713337
2002-12-12,51.8,53.3399,51.57,52.31,2910552
2002-12-13,52.2999,52.7001,52.1401,52.4499,4905878
2002-12-16,52.46,52.6499,52.31,52.4499,6136554
2002-12-17,52.4499,52.69,52.2601,52.3801,3610150
2002-12-18,52.25,52.49,51.5201,51.9999,3108234
2002-12-19,51.9999,51.9999,51.12,51.3499,3307318
2002-12-20,52.0501,52.2699,51.7899,51.9999,4821758
2002-12-23,52.5001,52.57,52.1,52.3801,4238807
2002-12-24,52.63,52.63,52.1,52.2999,952799
2002-12-26,52.52,52.9499,52.4499,52.7301,3837835
2002-12-27,52.7001,52.9499,51.9399,51.9999,2103561
2002-12-30,52.4,53.0001,52.25,52.7001,3270866
2002-12-31,52.9799,53.05,52.0899,52.7699,2238994
2003-01-02,53.2,53.79,52.7999,53.79,2619777
2003-01-03,53.8099,54.65,53.3901,53.9299,4933918
2003-01-06,54,55.2001,53.9801,55.19,10276099
2003-01-07,55.2001,55.2001,53.2199,53.4599,6629497
2003-01-08,53.4599,53.8601,53.14,53.82,6231610
2003-01-09,53.9501,54.0101,53.3301,53.85,2971679
2003-01-10,53.7499,54,53.1599,53.3601,3557996
2003-01-13,53.3699,54.2201,53.3699,53.8699,7753340
2003-01-14,54.3,54.9601,54.0401,54.8499,6101504
2003-01-15,54.98,54.9999,53.5701,54.89,5714832
2003-01-16,54.9099,55.1701,54.0701,54.2599,4483316
2003-01-17,54.2599,54.2599,53.3999,53.7199,2528928
2003-01-21,53.5701,53.8901,52.6199,52.6199,3454528
2003-01-22,52.1799,52.8299,51.15,52.22,4168707
2003-01-23,52.1799,52.9799,52.1,52.2601,2980652
2003-01-24,51.6,51.9001,51.0199,51.15,3082998
2003-01-27,50.35,50.3901,49.2601,49.6101,4067482
2003-01-28,49.75,50.6899,49.75,50.35,5936068
2003-01-29,50.35,51.6099,50.0601,51.3499,6106551
2003-01-30,51.45,51.9001,50.5999,50.8601,4543602
2003-01-31,50.61,51.1999,50.5401,50.9299,3416954
2003-02-03,51,51.9601,51,51.3,2578278
2003-02-04,51.1001,51.4699,50.4501,50.4501,2959622
2003-02-05,50.7,51.2299,50.1801,50.1801,3196840
2003-02-06,50.1201,50.6201,49.96,50.0399,2361529
2003-02-07,50.2,50.2,49.04,49.43,2867931
2003-02-10,49.43,49.9499,49.2301,49.7099,2202542
2003-02-11,50.05,50.1899,48.4901,48.4999,3028320
2003-02-12,48.4999,48.8101,46.7901,46.8299,4254229
2003-02-13,46.84,48.3499,46.0801,48,4298532
2003-02-14,47.88,48.6,47.4899,48.0401,3738854
2003-02-18,48.1001,49.5001,48,49.0501,3800542
2003-02-19,49.0501,49.6,48.8799,49.4199,2563136
2003-02-20,49.34,50.2799,49.34,49.96,3307038
2003-02-21,50.4501,50.7799,49.75,50.11,2973922
2003-02-24,50.0001,50.59,49.9499,50.2,2899616
2003-02-25,50.8999,51.1901,50.0001,50.4501,4552294
2003-02-26,50.4801,50.5401,49.3299,49.4101,2960463
2003-02-27,49.84,50.1501,49.4499,49.69,2770072
2003-02-28,49.6701,49.7399,48.9099,49.1499,3863351
2003-03-03,49.5001,49.7901,49.0801,49.2601,2263389
2003-03-04,49.2601,49.43,48.2599,48.4001,3763248
2003-03-05,48.4301,49.19,48.39,49.1199,2916440
2003-03-06,49.0299,49.69,48.8199,49.4401,2701934
2003-03-07,49.34,49.8299,48.9399,49.46,3217029
2003-03-10,49.28,49.3599,48.3499,48.6901,3453687
2003-03-11,48.9999,49.4499,48.3499,48.3499,2523320
2003-03-12,48.15,48.68,47.8001,48,4695298
2003-03-13,48.6999,48.9999,47.7499,48.0499,4729787
2003-03-14,48.3,48.8401,48.09,48.2599,6033367
2003-03-17,48.3,49.6,48.2801,49.5001,4065800
2003-03-18,49.6,49.7999,48.9001,49.66,2943359
2003-03-19,49.66,50.0001,49.46,49.81,2725488
2003-03-20,49.6499,50.2,49.4499,50.0999,3245630
2003-03-21,50.4501,51,50.1899,50.8699,2604916
2003-03-24,50.88,50.88,49.7001,49.7699,2523320
2003-03-25,49.75,50.76,49.75,50.44,3067576
2003-03-26,50.58,50.7499,49.8599,49.9799,2804841
2003-03-27,49.6499,50.5,49.25,50.4501,2758575
2003-03-28,50.3999,50.8999,50.3001,50.5999,3123656
2003-03-31,50.5999,51,50.2401,50.41,3336199
2003-04-01,50.41,51.39,50.41,51.2201,4663893
2003-04-02,51.98,52.1199,50.6299,50.73,7227310
2003-04-03,50.73,50.7499,49.6499,49.6499,6087484
2003-04-04,49.8801,50.6801,49.8501,50.5199,2978409
2003-04-07,51.1001,51.2201,50.1201,50.2499,2683708
2003-04-08,50.2,50.55,50.05,50.0699,2300121
2003-04-09,50.35,50.94,49.93,50.0301,3402934
2003-04-10,50.2,50.8601,50.1299,50.7199,2660155
2003-04-11,50.8001,51.0499,49.7901,49.9799,5339096
2003-04-14,50.1801,50.8099,50.05,50.73,2634638
2003-04-15,50.8999,51.56,50.6299,51.4099,3073184
2003-04-16,51.42,51.7801,50.9299,51.0799,2247967
2003-04-17,51.0799,51.45,50.85,51.3799,2587531
2003-04-21,51.3799,51.6,51.0101,51.3401,2146182
2003-04-22,51.3401,51.4901,50.9201,51.24,4304701
2003-04-23,51.0199,51.1999,50.7,50.8999,3465464
2003-04-24,50.7,51.51,50.7,51.3101,6356388
2003-04-25,51.3101,51.6699,51,51.4001,4663332
2003-04-28,51.5501,51.9099,51.4301,51.62,4353210
2003-04-29,51.8499,52.25,51.8499,52.0801,6288531
2003-04-30,52.4701,53.44,52.4701,53.0399,8922889
2003-05-01,53.0399,53.6201,52.58,53.0099,5127955
2003-05-02,52.9,53.9899,52.8899,53.8699,3697354
2003-05-05,53.9899,54.8,53.7,54.3799,4674829
2003-05-06,54.3,54.89,54.18,54.42,3953079
2003-05-07,54.42,54.9099,54.1999,54.8799,3268903
2003-05-08,54.4001,54.8799,53.9299,54,3418637
2003-05-09,54.1301,54.39,53.8399,53.9299,3681932
2003-05-12,53.6801,54.6999,53.6801,54.5299,4099448
2003-05-13,54.45,54.4601,54.1001,54.27,4197868
2003-05-14,54.4999,54.56,54.09,54.2299,2853070
2003-05-15,54.62,55.4499,54.5501,55.3501,4239368
2003-05-16,54.95,56.44,54.9001,56.0699,4063837
2003-05-19,55.9701,56.0001,55.3501,55.3599,2553322
2003-05-20,55.9,56.0999,55.6199,56.0099,2872137
2003-05-21,56.35,56.6501,56.0601,56.6299,4446022
2003-05-22,56.6299,57.89,56.6299,57.48,4371997
2003-05-23,57.7299,59.2401,57.6999,58.66,6453406
2003-05-27,58.6701,59.67,58.3801,59.0001,6210299
2003-05-28,58.99,59.0001,58.3299,58.34,8154873
2003-05-29,58.37,58.5001,56.7701,56.9599,5181231
2003-05-30,56.8099,57.3101,56.6501,57.3,5162725
2003-06-02,57.48,58.31,57.42,57.8499,3467146
2003-06-03,57.8499,58.9499,57.6999,58.9101,5249649
2003-06-04,58.9101,59.5199,58.55,59.4899,3062809
2003-06-05,59.4899,59.4899,58.01,58.1,4930554
2003-06-06,58.9101,58.9101,57.9601,57.9601,3769417
2003-06-09,57.9699,58.3899,57.6,57.9099,2064866
2003-06-10,58.1199,58.87,57.95,58.84,3412468
2003-06-11,58.84,60,58.0299,58.61,3561641
2003-06-12,58.96,59.8301,58.7601,59.8001,4110384
2003-06-13,59.9501,60.15,58.9101,59.3601,2838770
2003-06-16,59.8399,60.5201,59.7199,60.3,2211795
2003-06-17,60.48,60.8199,59.9501,59.97,4047574
2003-06-18,60.06,60.24,59.6599,60.2201,3469109
2003-06-19,60.3101,60.54,59.82,60.15,3099261
2003-06-20,60.4001,60.9099,59.9501,59.9899,3429853
2003-06-23,59.9201,59.9501,59.5,59.6299,2304327
2003-06-24,59.4501,59.8001,59.1599,59.5101,2986821
2003-06-25,59.8999,60.5801,59.35,59.5,3599214
2003-06-26,59.7701,60.33,59.44,60.33,2888120
2003-06-27,60.4301,60.4301,59.4501,59.6599,2319749
2003-06-30,59.6599,60.18,59.58,59.8099,3895878
2003-07-01,59.8099,60.2501,58.31,59.8999,4603046
2003-07-02,59.91,60.42,59.3999,60.3499,2696887
2003-07-03,59.8001,59.9599,59.4501,59.73,1488083
2003-07-07,59.85,60.3499,59.53,59.5401,2293111
2003-07-08,59.5,59.56,58.6,58.7099,3340686
2003-07-09,58.7001,58.7001,57.71,57.7501,3573698
2003-07-10,57.6301,57.6399,56.4501,56.5,3892232
2003-07-11,56.5199,57.1999,56.5199,56.9501,3572576
2003-07-14,57.4001,57.6399,56.5199,56.53,4796242
2003-07-15,56.9501,56.9501,55.49,55.5001,3722871
2003-07-16,55.75,55.75,54.45,54.74,6099541
2003-07-17,54.4001,54.7899,54.18,54.5501,4555659
2003-07-18,54.9001,55.75,54.83,55.5901,4241611
2003-07-21,56.38,56.38,54.9999,55.1,3356388
2003-07-22,55.5001,56.1801,55.2399,56.17,3769978
2003-07-23,56.3699,56.5,55.9199,56.0001,2372464
2003-07-24,56.0099,56.85,55.9,56.0099,1836340
2003-07-25,56.1299,56.6899,56.0001,56.3699,2904944
2003-07-28,56.29,56.29,55.3801,55.8501,3816524
2003-07-29,56.1501,56.58,55.84,56.3001,3609309
2003-07-30,57,57.54,56.73,57.0701,4393868
2003-07-31,57.1301,57.77,57.0701,57.4699,5182353
2003-08-01,57.83,57.83,57.0799,57.4699,3120852
2003-08-04,57.42,58.2001,57.03,58.1799,2933545
2003-08-05,58.1,58.3899,57.7201,57.92,4048696
2003-08-06,57.9999,58.9401,57.4999,58.6,5380035
2003-08-07,58.7999,59.32,58.5899,59.32,4002710
2003-08-08,59.4801,59.7,59.08,59.29,2069072
2003-08-11,59.2499,59.3699,58.81,59.0999,2433311
2003-08-12,59.0999,59.8001,59.05,59.7799,2676138
2003-08-13,59.6501,59.7799,59.1599,59.58,2920646
2003-08-14,59.58,59.7101,59.0999,59.35,2347509
2003-08-15,59.3601,59.3601,58.7601,59.1501,1235723
2003-08-18,59.1501,59.8001,59.1501,59.4899,1839424
2003-08-19,59.4299,59.5199,58.55,58.7399,3114683
2003-08-20,58.6701,59.17,58.6701,58.9499,4001308
2003-08-21,58.7999,58.8801,58.4101,58.66,3992616
2003-08-22,58.7601,58.7601,57.5501,57.6099,3292737
2003-08-25,57.71,58.52,57.6999,58.4401,1945976
2003-08-26,58.4401,58.9499,58.1101,58.61,2478736
2003-08-27,58.6199,58.7301,58.28,58.5301,2404710
2003-08-28,58.6499,58.72,58.3801,58.4799,2296756
2003-08-29,58.49,58.9101,58.4499,58.9,2751846
2003-09-02,58.9,60.0101,58.9,60,2959342
2003-09-03,59.9899,60.4001,59.8001,60.3,3489578
2003-09-04,60.4901,60.59,59.88,60.2299,2459388
2003-09-05,60.18,60.18,59.5199,59.9201,3395364
2003-09-08,59.7499,60.18,59.7,60.12,3599775
2003-09-09,60.0499,60.33,59.8901,59.8999,2776240
2003-09-10,59.9201,60.4999,59.8301,60.1399,3666510
2003-09-11,60.4001,60.7801,60.0199,60.15,2787737
2003-09-12,60.1901,60.74,60.15,60.7299,3401252
2003-09-15,60.8499,60.9001,60.0199,60.4699,2458547
2003-09-16,60.7201,61.4,60.68,61.2999,3472754
2003-09-17,61.3201,61.8501,61.3201,61.5899,3037012
2003-09-18,62.1501,62.91,62.14,62.8999,4725020
2003-09-19,62.8999,63.1099,62.6001,63.1001,4892419
2003-09-22,63.1001,63.1001,61.7399,62.2499,2449014
2003-09-23,62.11,62.35,61.96,62.1899,1987195
2003-09-24,62.2401,62.2701,61.4,61.63,2366296
2003-09-25,62.14,62.44,61.5899,61.69,4416300
2003-09-26,61.75,62.9899,61.2901,62.64,5223572
2003-09-29,62.6501,63.74,62.6501,63.6999,3280119
2003-09-30,63.6699,63.95,63.1999,63.4999,4873352
2003-10-01,63.5501,64.6799,63.5501,64.6,4285634
2003-10-02,64.7001,65.0099,64.1499,64.6499,4155528
2003-10-03,64.6499,64.9,64.1,64.1199,4475184
2003-10-06,64.25,64.25,63.8499,64.04,4753902
2003-10-07,63.65,64.5901,63.4999,64.25,3489298
2003-10-08,64.28,64.3299,63.6601,64.0599,3485652
2003-10-09,64.31,65.0399,64.31,64.5001,3593046
2003-10-10,64.5001,64.55,64.1401,64.4499,2615571
2003-10-13,64.6499,65.1299,64.4,64.6701,2384522
2003-10-14,64.75,65.0601,64.6701,64.96,2874380
2003-10-15,64.9,64.9,64.2099,64.3599,3780633
2003-10-16,64.37,64.6799,63.8199,64.2999,4110103
2003-10-17,64.55,64.7399,63.51,63.6699,2913356
2003-10-20,64.1199,64.1199,63.4399,63.8401,2278250
2003-10-21,63.9999,64.3899,63.6,63.8499,2034302
2003-10-22,63.65,64.0899,63.33,63.7899,2449574
2003-10-23,64.1499,64.3801,63.5201,63.89,3341807
2003-10-24,63.6999,63.8,63.3,63.5501,1896906
2003-10-27,63.8,64.4799,63.6301,63.71,2964669
2003-10-28,63.6,63.9099,63.4001,63.7501,2644172
2003-10-29,63.65,63.9901,63.4999,63.7501,2766146
2003-10-30,63.83,63.9699,63.59,63.8,2308814
2003-10-31,63.8,64.2001,63.33,63.45,2568464
2003-11-03,63.45,65.2701,63.45,65.05,6821291
2003-11-04,65.05,65.0901,63.8499,63.92,3990653
2003-11-05,63.9699,64.4701,63.5201,63.8,2412562
2003-11-06,63.65,63.8,63.0701,63.3499,4074212
2003-11-07,63.51,63.6,62.5,62.88,4451070
2003-11-10,63.1301,63.6099,62.7,63.1999,4339190
2003-11-11,62.7,63.48,62.3999,63.4301,2577156
2003-11-12,62.9299,63.4001,62.4201,62.53,5798672
2003-11-13,62.53,62.53,61.7301,62.0001,4370875
2003-11-14,62.0001,62.8601,61.7699,62.5,3137676
2003-11-17,62.35,62.4899,61.57,62.0001,2931021
2003-11-18,62.05,62.5,61.2099,61.4701,4173474
2003-11-19,61.8501,62.8001,61.84,62.59,2783811
2003-11-20,62.0001,62.9599,61.5301,61.75,3821011
2003-11-21,61.55,61.6799,60.95,61.4101,3617160
2003-11-24,62.05,62.3699,61.81,61.8501,4286194
2003-11-25,61.9,62.1501,61.4701,61.7999,3260772
2003-11-26,62.0001,62.08,61.5001,61.9,1327414
2003-11-28,61.8501,62.0399,61.75,61.8201,1038321
2003-12-01,61.9,62.35,61.5001,62.1801,4350686
2003-12-02,62.0001,62.3001,61.8201,62.23,4569959
2003-12-03,62.23,62.91,62.1201,62.41,3441349
2003-12-04,62.4501,63.2801,62.1801,63.09,2591737
2003-12-05,63.18,64.1499,63.09,63.4001,3366202
2003-12-08,63.3199,64.2001,63.3199,63.9001,3279278
2003-12-09,64.1,64.1,62.85,63.3499,3442751
2003-12-10,63.42,64.13,63.1999,63.9001,4058510
2003-12-11,63.9001,64.07,63.3701,63.6301,3400411
2003-12-12,63.6,63.71,63.1301,63.42,4992802
2003-12-15,63.8,63.86,62.61,62.8999,4333862
2003-12-16,62.5499,62.8999,62.5,62.8001,2869614
2003-12-17,62.85,62.9201,62.35,62.91,2982615
2003-12-18,62.9501,63.8499,62.6001,63.5501,4502663
2003-12-19,63.6,64.52,63.15,64.2001,5234227
2003-12-22,64.2001,64.5301,63.45,64.49,3878773
2003-12-23,64.4,64.9401,64.3201,64.8501,2306010
2003-12-24,64.7001,65.23,64.4799,65.1801,1071408
2003-12-26,65.1801,65.3999,64.9,65.1299,690345
2003-12-29,65.1201,65.8999,65.0699,65.8301,2124871
2003-12-30,65.5701,66.4001,65.53,66.1601,2703056
2003-12-31,66.2801,66.62,66.0101,66.36,2619777
2004-01-02,66.65,67.19,65.67,66,3408262
2004-01-05,66,66.54,65.4201,66.3,2749042
2004-01-06,65.8001,66.2801,65.5999,65.82,3346854
2004-01-07,65.6599,66.24,65.56,66.2201,2233947
2004-01-08,66.0499,66.2501,65.6299,66.2299,2246565
2004-01-09,65.9501,66.24,65.41,65.61,2323114
2004-01-12,65.62,65.8399,65.0901,65.2701,2927937
2004-01-13,65.1801,65.5999,64.69,65.23,2761660
2004-01-14,65.23,66.1399,65.1299,65.82,1790354
2004-01-15,65.82,65.9801,65.3699,65.6801,2545191
2004-01-16,65.9501,66.1999,65.5,65.97,2030096
2004-01-20,65.7499,65.8999,65.1899,65.8301,2472006
2004-01-21,65.88,66.7201,65.5101,66.68,3982241
2004-01-22,66.3499,66.9901,65.9599,66.4001,2124591
2004-01-23,66.5501,66.8,65.3999,65.47,3310963
2004-01-26,65.3999,65.62,64.3599,65.08,2952332
2004-01-27,65.2,65.4501,64.8299,65.1501,3108514
2004-01-28,66,66.9999,65.9501,66.2801,7496774
2004-01-29,66.9001,66.92,66.1901,66.65,3815683
2004-01-30,66.68,66.9999,66.2899,66.98,3101224
2004-02-02,66.9999,67.3299,66.4901,66.8401,4127488
2004-02-03,66.6,66.7801,66.1001,66.7801,3208337
2004-02-04,66.3,66.5799,65.8399,66.1001,3516496
2004-02-05,66.2501,66.2501,65.4899,65.7,2763622
2004-02-06,65.85,66.1601,65.5499,66.0401,2376670
2004-02-09,66.0701,66.4999,65.79,66.3401,2740349
2004-02-10,66.27,66.71,66.09,66.6999,2744275
2004-02-11,66.1999,66.2501,65.17,66.15,4820917
2004-02-12,65.8999,66.21,65.7,65.82,2457426
2004-02-13,65.6501,66,65.26,65.5701,2108328
2004-02-17,66.1001,66.2201,65.67,65.9501,1840546
2004-02-18,66,66.9999,65.7,66.86,3828862
2004-02-19,66.95,67.1701,66.1099,66.3101,2926815
2004-02-20,66.3199,66.3199,65.1299,65.5199,4701186
2004-02-23,65.7799,66.21,65.0901,65.5,2611926
2004-02-24,65.7101,65.9801,65.11,65.5199,2652023
2004-02-25,65.7499,66.3401,65.3999,66.1001,2419572
2004-02-26,65.9501,66.62,65.8999,66.4999,2991027
2004-02-27,66.4999,67.4701,66.4901,67.1401,4643704
2004-03-01,67.2001,67.4101,66.9901,67.1799,2896252
2004-03-02,67.25,67.93,67.0501,67.1101,3720908
2004-03-03,67.1101,67.4701,66.51,67.1401,2826993
2004-03-04,66.95,67.49,66.8499,66.9399,1795962
2004-03-05,66.9601,67.7999,66.8401,67.6799,2691560
2004-03-08,67.5001,67.9101,67.49,67.6701,1649313
2004-03-09,67.66,68.41,67.5099,68.35,3314328
2004-03-10,68.2401,68.4899,67.7901,67.8299,3342929
2004-03-11,67.9499,68.26,66.9999,67.19,5211514
2004-03-12,67.4401,67.4401,66.4601,67.1401,2447331
2004-03-15,66.9001,67.31,66.51,66.83,2722404
2004-03-16,66.8401,67.1499,66.3401,66.65,3088326
2004-03-17,66.95,67.96,66.8499,67.84,3282643
2004-03-18,67.6499,68.1299,67.2301,67.4,2034863
2004-03-19,67.34,67.58,66.8499,66.9999,2685671
2004-03-22,66.9001,67.3299,66.12,66.2201,2093466
2004-03-23,65.97,66.4399,65.8399,66.1001,2257500
2004-03-24,65.9501,66.83,65.7101,66.7501,3867277
2004-03-25,66.7501,67.78,66.4999,67.7699,5950649
2004-03-26,67.78,68.5701,67.7099,68.3001,5825871
2004-03-29,68.2499,68.4201,67.9101,68.3001,3419198
2004-03-30,68.3001,68.6299,68.0999,68.5499,4143471
2004-03-31,68.5,68.8699,68.3099,68.8699,3011496
2004-04-01,68.7499,69.45,68.5,69.3,3348817
2004-04-02,69.3101,69.3101,68.6599,68.94,2766987
2004-04-05,68.8001,69.4901,68.7499,69.4699,5269557
2004-04-06,69.4699,69.7899,68.9201,69.3199,4013365
2004-04-07,69.0499,69.21,68.56,68.7701,3691746
2004-04-08,68.7701,68.9299,68.53,68.8301,3092251
2004-04-12,69,69,66.9999,67.57,4077577
2004-04-13,67.57,67.57,65.53,66.0701,5648938
2004-04-14,65.4801,66.24,64.9199,65.35,5290587
2004-04-15,65.05,66.09,65.05,65.3001,5271800
2004-04-16,65.7499,66.15,65.3001,66.15,3651088
2004-04-19,65.8999,66.3701,65.6801,66.18,2990186
2004-04-20,66.3,66.4601,65.2701,65.2701,2604636
2004-04-21,65.2,65.2499,64.4,65.11,2827834
2004-04-22,65.8001,67.1199,65.3001,66.21,3442190
2004-04-23,66.2201,66.4001,65.5499,66.1301,2537059
2004-04-26,66,66.77,65.9801,66.7501,3522665
2004-04-27,66.7501,66.89,66.3799,66.7201,4256752
2004-04-28,66.65,67.4799,66.65,66.95,5911112
2004-04-29,67.5001,67.5001,66.33,66.5799,3750911
2004-04-30,66.74,67.1401,66.6101,66.9399,3271988
2004-05-03,66.5799,66.9901,66.4001,66.6901,3388634
2004-05-04,66.7899,66.9901,66.15,66.7501,3919992
2004-05-05,66.5501,66.95,66.06,66.1999,2461351
2004-05-06,33.4,33.56,32.67,33.21,2013833
2004-05-07,32.99,33.13,32.12,32.3399,2612347
2004-05-10,32.35,32.5,31.7301,32.07,3993877
2004-05-11,32.15,32.18,31.3001,31.6,3139919
2004-05-12,31.25,32.14,30.92,31.4199,5006121
2004-05-13,31.05,31.6101,31.05,31.29,3487755
2004-05-14,31.3299,31.7899,31.32,31.4499,2522759
2004-05-17,31.2,31.56,31.02,31.41,2592438
2004-05-18,31.68,31.98,31.55,31.56,3065613
2004-05-19,31.56,31.83,31.31,31.3899,2420693
2004-05-20,31.2701,31.95,31.2101,31.7899,2747499
2004-05-21,32.05,32.26,31.9,32.07,3351201
2004-05-24,32.07,32.6801,32.07,32.61,3839097
2004-05-25,32.6201,33.02,32.42,32.97,2248387
2004-05-26,32.9799,33.37,32.55,32.8299,2889802
2004-05-27,33.25,33.46,32.93,33.18,2400785
2004-05-28,33.12,33.45,33.02,33.3,2466398
2004-06-01,33.31,33.56,33,33.34,2289887
2004-06-02,33.3499,33.59,32.91,33,2493036
2004-06-03,32.87,33,32.4899,32.6801,2957519
2004-06-04,32.6801,33.25,32.6801,32.9799,1506449
2004-06-07,33.22,33.25,32.9799,33.12,1410132
2004-06-08,32.9,33,32.55,32.6201,1878960
2004-06-09,32.6201,32.7999,32.15,32.15,2007524
2004-06-10,32.1001,32.7999,32.1001,32.79,2337134
2004-06-14,32.45,32.8599,32.4299,32.67,1697261
2004-06-15,32.7,33.1101,32.64,32.7,1928591
2004-06-16,32.7101,32.94,32.5,32.55,2523600
2004-06-17,32.55,32.72,32.3999,32.63,2775259
2004-06-18,32.6,32.9,32.35,32.8599,2275025
2004-06-21,32.8599,33.4699,32.76,33.33,1911206
2004-06-22,33.48,33.55,33.1,33.1401,2698570
2004-06-23,33.08,33.65,33.08,33.6301,2216702
2004-06-24,33.4999,33.9299,33.4399,33.82,2569726
2004-06-25,33.83,33.9899,33.51,33.55,2099775
2004-06-28,33.55,34.14,33.53,33.54,1383494
2004-06-29,33.55,33.56,33.0099,33.13,2033180
2004-06-30,33.2301,33.42,32.85,33.2899,2186559
2004-07-01,33.2001,33.37,32.69,32.82,2429806
2004-07-02,33.07,33.4,32.97,33.04,1811664
2004-07-06,33.07,33.27,32.88,32.9499,2100196
2004-07-07,32.88,33.27,32.7999,33.13,2007103
2004-07-08,33.12,33.46,32.97,33.36,2945602
2004-07-09,33.4099,33.4099,32.94,33.02,2396439
2004-07-12,33.03,33.39,33.03,33.34,1566174
2004-07-13,33.34,33.6301,33.2899,33.53,2497663
2004-07-14,33.4999,34.23,33.37,34.1201,3843303
2004-07-15,34.1201,34.26,33.95,34.13,2165950
2004-07-16,34.4499,34.6701,34.3599,34.44,2846621
2004-07-19,34.4,34.7001,34.2999,34.56,2403028
2004-07-20,34.4,34.65,34.25,34.4499,3553089
2004-07-21,34.44,34.44,33.58,33.59,2840312
2004-07-22,33.37,33.4,32.8899,33.15,3086503
2004-07-23,33.1,33.21,32.96,33.07,2074820
2004-07-26,33.22,33.39,33.04,33.21,1771147
2004-07-27,33.21,33.34,32.85,32.8899,2363211
2004-07-28,33.8,34.1,33.27,33.97,5218244
2004-07-29,34.1,34.7301,34.05,34.7001,4351668
2004-07-30,34.65,35.44,34.5,34.9,3230909
2004-08-02,34.65,35.51,34.65,35.44,4116973
2004-08-03,35.35,35.63,35.1301,35.48,2383961
2004-08-04,35.48,36,35.3099,35.79,2808206
2004-08-05,35.9,36.04,35.4299,35.53,3346434
2004-08-06,35.8001,36.4,35.6,36.0099,4301897
2004-08-09,36.25,36.2601,35.81,36.1401,3042060
2004-08-10,36.25,36.56,36.02,36.51,3447518
2004-08-11,36.2001,36.7801,36.12,36.46,4938405
2004-08-12,36.3,36.51,36.2001,36.3499,2791242
2004-08-13,36.2001,36.4099,35.8599,36.04,2501028
2004-08-16,36.13,36.2601,35.8899,36.02,2225254
2004-08-17,36.07,36.27,35.97,36.02,2796009
2004-08-18,36.15,36.52,36.03,36.48,3958267
2004-08-19,36.05,36.3499,35.9499,36.09,3769978
2004-08-20,36.04,36.39,35.9499,36.39,2580521
2004-08-23,36.2001,36.34,36,36.05,2374007
2004-08-24,36.15,36.3199,35.9499,36.18,1959575
2004-08-25,36.18,36.4099,36.06,36.37,1569259
2004-08-26,36.27,36.48,36.05,36.09,1584540
2004-08-27,36.09,36.15,36,36.03,1299794
2004-08-30,35.9499,36.43,35.9499,36.2301,972007
2004-08-31,36.28,36.85,36.24,36.85,1937143
2004-09-01,36.86,37.2701,36.83,37.1501,3143144
2004-09-02,37.2701,37.5,37.2,37.5,2552341
2004-09-03,37.54,37.62,37.19,37.35,1770866
2004-09-07,37.55,37.78,37.4199,37.68,2695625
2004-09-08,37.62,37.6401,37.13,37.29,4014487
2004-09-09,37.43,37.6701,37.2701,37.6701,3053836
2004-09-10,37.87,37.87,37.5099,37.68,3012618
2004-09-13,37.9,37.9,36.8,36.82,3077390
2004-09-14,36.95,37.07,36.68,36.76,2822647
2004-09-15,36.4,36.7201,36.4,36.7201,2103981
2004-09-16,36.49,37.11,36.42,37.03,2163987
2004-09-17,37.03,37.62,37.03,37.19,2986961
2004-09-20,37.04,37.1,36.8,36.82,1795121
2004-09-21,36.95,37.08,36.74,36.74,1766240
2004-09-22,36.25,36.52,36.24,36.49,2352276
2004-09-23,36.42,36.55,36.1,36.3199,1936162
2004-09-24,36.3,36.59,35.99,36.4699,2210113
2004-09-27,36.4699,36.54,36.16,36.4099,3358070
2004-09-28,36.42,36.79,36.3499,36.7,2069632
2004-09-29,37.43,37.43,36.4,36.56,2279091
2004-09-30,36.7,36.8101,36.3499,36.6901,2344845
2004-10-01,36.7501,37.31,36.73,37.3001,2585849
2004-10-04,37.3299,37.47,37.05,37.16,2524161
2004-10-05,37.22,37.55,37.2101,37.28,1797785
2004-10-06,37.4199,37.9999,37.4,37.9999,2443826
2004-10-07,37.9999,38.06,37.7601,37.89,1935741
2004-10-08,37.95,37.98,37.6401,37.84,2320170
2004-10-11,37.8,37.98,37.72,37.8,2268997
2004-10-12,37.4,37.87,37.3899,37.84,2990606
2004-10-13,37.95,37.95,37.31,37.58,3500093
2004-10-14,37.4499,37.6,37.28,37.52,1925507
2004-10-15,37.75,37.9999,37.58,37.89,1821058
2004-10-18,37.8199,37.9699,37.46,37.7301,2641228
2004-10-19,37.8,37.99,37.55,37.6701,3692728
2004-10-20,37.8499,38.08,37.52,38.06,2954014
2004-10-21,38.6,38.7999,37.9999,38.02,2954855
2004-10-22,38.27,38.93,37.84,38.67,2994392
2004-10-25,39,39.4099,38.96,39.3499,3846667
2004-10-26,39.4999,39.91,39.2301,39.8099,4691092
2004-10-27,39.7501,39.85,39.1,39.3,3045985
2004-10-28,39.55,39.56,38.67,39.4399,4801289
2004-10-29,39.95,40.1,39.16,39.62,3578325
2004-11-01,40,40.6101,39.95,40.17,5069071
2004-11-02,40.32,40.32,39.0099,39.05,3839657
2004-11-03,40,40.46,39.4999,40.1501,3988410
2004-11-04,40.4499,40.9999,40.2401,40.9699,3955463
2004-11-05,40.9699,40.9699,40.34,40.62,3890410
2004-11-08,40.74,41.2801,40.65,41.2,3134171
2004-11-09,41.3,41.47,41.17,41.38,2556547
2004-11-10,41.38,41.57,40.58,41.1001,4648331
2004-11-11,41.35,41.88,40.95,41.76,1922142
2004-11-12,41.94,42.42,41.56,42.42,1992943
2004-11-15,42.48,42.49,41.54,41.59,2283578
2004-11-16,41.6,41.82,41.39,41.5199,1885690
2004-11-17,41.7701,42.28,40.9099,41.11,2317506
2004-11-18,41.27,41.82,41.2,41.67,2362370
2004-11-19,41.85,42.16,41.41,42.07,3356809
2004-11-22,41.5,42.1701,41.48,42.07,3710673
2004-11-23,42.08,42.8399,42.0099,42.64,2361949
2004-11-24,42.8,43,42.2301,42.42,2812833
2004-11-26,42.3199,42.9299,42.3199,42.3799,1362884
2004-11-29,42.43,42.64,41.9,42.48,2560052
2004-11-30,42.42,42.51,41.7,41.7101,4010421
2004-12-01,41.72,41.9,41.04,41.85,3312085
2004-12-02,41.85,41.94,41.07,41.3,2710627
2004-12-03,41.3699,42.1401,41.3699,42.05,2760818
2004-12-06,42.05,42.46,41.9,42.46,1935321
2004-12-07,42.59,42.62,41.5199,41.56,2585989
2004-12-08,41.85,41.85,41.09,41.2201,2699130
2004-12-09,40.93,41.5199,40.8499,41.4599,2165669
2004-12-10,41.7,42.4399,41.05,41.9799,3381904
2004-12-13,42.3,42.9599,42.1401,42.89,2369520
2004-12-14,43,43.3001,42.7501,43.08,2887559
2004-12-15,43,43.4,42.62,43.38,2908028
2004-12-16,43.5,43.58,42.6001,42.6001,3971165
2004-12-17,42.52,43.03,41.14,41.8599,9343349
2004-12-20,43.01,44.39,42.7,43.05,19630664
2004-12-21,43.06,43.53,42.8101,43.52,6782175
2004-12-22,43.52,43.98,43.2,43.95,5089400
2004-12-23,43.95,44.1901,43.65,44.15,2671371
2004-12-27,44.67,44.67,44.09,44.2,3591223
2004-12-28,43.96,44.47,43.95,44.47,3237218
2004-12-29,44.47,44.9,44.27,44.7,3386531
2004-12-30,44.42,44.8299,44.3399,44.39,2161884
2004-12-31,44.3999,44.55,44.05,44.07,2659454
2005-01-03,44.3,44.3101,43.2101,43.23,4321244
2005-01-04,43.4,43.5099,42.91,42.94,3789606
2005-01-05,42.98,43.17,42.2601,42.3,5932984
2005-01-06,42.1101,42.49,41.7701,42.46,3285727
2005-01-07,42.4,42.7501,42,42.03,2985559
2005-01-10,42.05,42.62,42.02,42.4099,2730675
2005-01-11,42.45,42.49,41.8599,42.18,2400364
2005-01-12,42.45,42.58,42,42.46,3836433
2005-01-13,42.4999,43.23,42.4,42.9299,2798813
2005-01-14,42.7,43.2401,42.4999,43.03,2782409
2005-01-18,42.95,43.59,42.7,43.37,2772455
2005-01-19,43.37,43.62,43.03,43.1501,2460230
2005-01-20,43.1501,43.19,42.55,42.6301,3342088
2005-01-21,42.6301,42.88,42.21,42.34,2420273
2005-01-24,42.34,43.17,42.2601,42.85,2935648
2005-01-25,42.98,43.1501,42.52,42.52,2730395
2005-01-26,42.57,43.7301,42.57,43.6,3554911
2005-01-27,43.47,44.18,43.31,43.7601,3576081
2005-01-28,43.62,44.18,43.2701,44.1001,3249836
2005-01-31,44.1001,44.47,43.92,44.2501,4143611
2005-02-01,44.3999,45.28,44.3,45.25,4462566
2005-02-02,45.12,45.27,44.6801,45.07,4118796
2005-02-03,44.9,45.3,44.5199,45.3,3474857
2005-02-04,45.45,45.79,45.3499,45.7501,2773857
2005-02-07,45.7501,46.03,45.56,45.8999,2761519
2005-02-08,45.65,46.04,45.59,45.8399,4609776
2005-02-09,46,46.2,45.8,45.91,5107766
2005-02-10,45.92,46,45.58,45.7,2988503
2005-02-11,45.2901,45.64,44.9,45.2601,5369800
2005-02-14,45.3499,45.6601,45.1101,45.36,3354846
2005-02-15,45.2001,45.3,44.73,44.91,3328348
2005-02-16,44.9,45.43,44.75,45.4099,2540003
2005-02-17,45.36,45.39,44.9199,44.94,2901159
2005-02-18,44.9,44.94,44.05,44.44,3643518
2005-02-22,43.9999,44.08,43.32,43.49,4835358
2005-02-23,43.6101,44.2501,43.6101,43.89,3245630
2005-02-24,43.9,44.53,43.9,44.42,2560613
2005-02-25,44.41,45.6001,44.1601,45.4999,3353444
2005-02-28,45.4999,45.97,45.22,45.36,3709832
2005-03-01,45.55,45.98,44.9,45.04,4755724
2005-03-02,45.04,45.73,44.84,45.55,3702402
2005-03-03,45.56,45.61,45.05,45.51,4177539
2005-03-04,45.8999,46.8499,45.8,46.6,4224506
2005-03-07,46.7301,47.0299,46.6,46.8499,2955837
2005-03-08,46.8499,46.8499,46.1501,46.4799,5052387
2005-03-09,46,46.06,45.58,45.76,4702588
2005-03-10,45.76,46.7901,45.46,46.56,4207262
2005-03-11,46.56,46.81,46.05,46.11,2179409
2005-03-14,46.11,46.6701,45.94,46.6701,3187868
2005-03-15,46.74,47.18,46.32,46.32,3869520
2005-03-16,46.38,46.65,45.2901,45.57,4134919
2005-03-17,45.6001,46.2401,45.55,45.6901,3153799
2005-03-18,45.65,45.85,45.31,45.7,7471398
2005-03-21,45.74,45.8101,45.3499,45.58,1786288
2005-03-22,45.58,45.67,44.3,44.42,4432984
2005-03-23,44.42,44.42,43.69,43.9399,4531965
2005-03-24,44.05,44.79,43.9999,44.76,2541966
2005-03-28,44.7701,45.45,44.64,45.27,3036872
2005-03-29,45.12,45.39,44.4299,44.5199,3526451
2005-03-30,44.6501,45.51,44.6501,45.12,3453266
2005-03-31,45.43,46.1801,45.4,45.89,3712216
2005-04-01,46.3001,46.3899,45.1401,45.8999,4028507
2005-04-04,45.9599,45.98,45.31,45.56,3325965
2005-04-05,45.54,45.9299,45.49,45.8101,3034769
2005-04-06,45.94,45.94,45.34,45.55,1956351
2005-04-07,45.6301,46.1,45.4399,46.05,3214646
2005-04-08,46,46.16,45.4,45.4,1881905
2005-04-11,45.4099,46.43,45.4099,46.37,2463735
2005-04-12,46.3001,47.45,46.03,47.3999,4505327
2005-04-13,47.2801,47.6501,46.83,47.11,3244929
2005-04-14,47.12,47.36,46.72,46.8799,2967894
2005-04-15,46.89,47.01,45.77,45.77,3555752
2005-04-18,45.77,46.3001,45.46,46.17,3283905
2005-04-19,46.17,47.01,46.13,46.95,2527666
2005-04-20,46.8,47.04,46.52,46.6401,3587578
2005-04-21,47.08,47.12,46.6701,46.8,3067015
2005-04-22,46.7901,47.3999,46.5099,46.95,3330451
2005-04-25,47.2,47.56,47.1,47.5,4101972
2005-04-26,47.3,47.3,46.63,46.9999,4779979
2005-04-27,46.8499,47.88,46.57,47.69,2757173
2005-04-28,47.7,48.98,47.59,48.46,6589540
2005-04-29,48.45,49.55,48.31,49.5,4707776
2005-05-02,49.5,49.7001,49.2701,49.58,4828768
2005-05-03,49.58,49.58,48.7501,48.97,5046779
2005-05-04,48.97,49.46,48.67,49.3899,4224226
2005-05-05,49.3001,49.49,48.7801,48.97,2680203
2005-05-06,48.3799,49.01,48.02,48.7201,3940601
2005-05-09,48.65,48.7,47.9199,48.49,3946209
2005-05-10,48.02,48.97,48.02,48.45,2996775
2005-05-11,48.04,48.05,47.32,47.8001,5273202
2005-05-12,47.3,47.72,46.95,46.9999,4479811
2005-05-13,46.9999,47.02,44.14,45.25,7946115
2005-05-16,45.4,45.4,44.73,45.05,5866248
2005-05-17,45.07,45.4,44.7101,45.2001,5121786
2005-05-18,45.55,46.11,45,45.94,3457612
2005-05-19,46.1501,46.7001,46.11,46.57,3602860
2005-05-20,46.9,47.09,46.5,46.8499,4914851
2005-05-23,47.1,47.1601,46.7601,46.81,3149873
2005-05-24,46.71,46.89,46.4499,46.69,1896766
2005-05-25,46.69,46.84,46.44,46.6701,3101224
2005-05-26,46.35,46.99,46.35,46.8199,2035984
2005-05-27,46.75,47.06,46.62,46.93,2271380
2005-05-31,46.7001,47.05,46.57,46.8499,3227965
2005-06-01,47.05,48.1701,46.9099,48.1101,5153892
2005-06-02,48.16,48.4699,48.06,48.1701,2079166
2005-06-03,48.1701,48.5299,47.84,48.46,2654407
2005-06-06,48.4,48.4999,47.93,48.12,1716048
2005-06-07,48.37,49.19,48.3499,48.57,3280119
2005-06-08,48.8,48.8999,48.3199,48.4999,2043836
2005-06-09,48.5299,48.6,48,48.19,3032105
2005-06-10,48.39,49.22,48.34,49,3717263
2005-06-13,49,49.06,48.22,48.42,4085007
2005-06-14,48.5299,48.74,48.2901,48.39,3233152
2005-06-15,48.3,48.55,47.3699,48.54,4680717
2005-06-16,48.3,48.39,47.64,47.81,2809187
2005-06-17,48.45,48.74,47.9,48.68,4281147
2005-06-20,48.45,48.94,48.1,48.85,2453921
2005-06-21,48.95,49.3001,48.8999,48.95,2819422
2005-06-22,49.2,50.6201,49.07,50.3,6127020
2005-06-23,50.4299,51.2001,50.35,50.73,5039209
2005-06-24,50.7401,50.9799,50.54,50.69,3088746
2005-06-27,50.78,50.96,50.5199,50.75,3128703
2005-06-28,50.81,51.39,50.81,51.3499,3238199
2005-06-29,51.48,51.4999,50.41,50.6201,2743994
2005-06-30,50.75,52.01,50.73,51.33,5186839
2005-07-01,51.5299,51.7501,51.2601,51.73,2493878
2005-07-05,51.52,52,51.36,51.7501,3077951
2005-07-06,51.74,51.98,50.3,50.32,3985465
2005-07-07,49.8,51.03,49.6,51,3770258
2005-07-08,50.9199,51.6301,50.6,51.61,3765071
2005-07-11,52.04,52.5,51.6601,52.1501,3039816
2005-07-12,52.58,53.1,52.3899,52.9399,3920132
2005-07-13,52.95,53.59,52.75,53.5199,3509627
2005-07-14,53.57,54.12,52.19,52.55,3577904
2005-07-15,52.65,52.9999,52.07,52.25,2805262
2005-07-18,52.32,52.49,51.9599,51.97,1942191
2005-07-19,52.2,52.7301,51.92,52.68,3818347
2005-07-20,52.58,53.09,51.9299,53.0299,3980699
2005-07-21,53.0299,53.0299,51.4,51.6601,3566828
2005-07-22,51.92,52.25,51.4999,51.8699,4008038
2005-07-25,52.1201,52.93,52.07,52.28,2438358
2005-07-26,52.28,52.68,52.05,52.29,2841714
2005-07-27,52.49,52.66,51.86,52.38,2604916
2005-07-28,52.57,53.6501,52.5,53.64,2899476
2005-07-29,53.64,54.08,53.36,53.5199,2486447
2005-08-01,53.51,53.5199,52.25,52.46,3037854
2005-08-02,52.7001,53.85,52.69,53.8299,3431675
2005-08-03,53.8299,54.88,53.61,54.33,3416674
2005-08-04,54.22,54.28,53.73,53.97,2073418
2005-08-05,53.6501,53.66,51.7501,52.28,3538508
2005-08-08,52.55,52.87,51.13,51.1401,3866856
2005-08-09,51.42,51.97,51.2901,51.62,2604636
2005-08-10,52.07,53.06,51.33,51.4999,4232077
2005-08-11,51.1,52.1,50.9499,51.7801,5578838
2005-08-12,51.7801,51.9899,51.42,51.51,3434339
2005-08-15,51.36,51.8099,51.09,51.71,2238994
2005-08-16,51.71,51.97,50.79,50.8001,2521777
2005-08-17,50.9799,51.22,50.3,50.87,2353537
2005-08-18,50.7,51.04,50.56,50.8899,1558463
2005-08-19,50.88,51.6601,50.88,51.65,3506542
2005-08-22,51.88,52.25,51.8,52.08,2391532
2005-08-23,51.98,52.53,51.95,52.4199,2838770
2005-08-24,52.43,53.14,51.85,51.9299,3875829
2005-08-25,52.4,52.55,52.0199,52.34,2738667
2005-08-26,52.46,52.74,52.2,52.3001,3043742
2005-08-29,52,52.87,51.88,52.78,2624544
2005-08-30,52.7901,52.98,52.16,52.8201,3745723
2005-08-31,52.8201,53.9199,52.7001,53.8899,3640714
2005-09-01,53.8899,54.4399,52.14,53.9499,6165856
2005-09-02,54.08,54.3,53.82,53.9799,2485185
2005-09-06,54.1,55.63,53.63,55.62,3646462
2005-09-07,55.62,55.62,54.95,55.1801,2847041
2005-09-08,55.4,55.4499,54.89,54.9599,2781288
2005-09-09,54.95,55.7301,54.8699,55.66,3968361
2005-09-12,55.66,56.14,55.52,56.02,3180577
2005-09-13,56.2,56.3101,55.2701,55.2701,3524908
2005-09-14,55.3001,55.5,54.92,55,2614309
2005-09-15,55.2,55.9999,55.1801,55.98,2540985
2005-09-16,56.3,56.99,55.84,56.9199,5347789
2005-09-19,57.4,57.46,56.44,56.72,3185624
2005-09-20,56.97,57.3499,56.4299,56.45,2566501
2005-09-21,56.53,56.8001,52.3001,54,14980791
2005-09-22,53.85,53.8599,52.8,53.04,6996821
2005-09-23,53.4899,53.69,52.7301,53.3999,3643377
2005-09-26,53.5,54.92,53.5,54.2601,5038227
2005-09-27,54.36,54.64,53.72,54,7294606
2005-09-28,54.8999,55.5,53.5,53.79,7340171
2005-09-29,53.75,54.8399,53.2501,54.09,4950322
2005-09-30,54.1,54.4399,53.41,53.44,4128189
2005-10-03,53.9,54.0399,52.8799,53.48,6448920
2005-10-04,53.61,53.8599,52.8799,52.95,3832507
2005-10-05,52.86,52.9699,51.4699,51.48,4250163
2005-10-06,51.55,52.17,50.6801,51.6,6016683
2005-10-07,51.6,52.4199,51.22,52.0199,3786802
2005-10-10,51.88,51.89,50.6,50.88,3861809
2005-10-11,50.3,50.8899,49.6,49.96,7555658
2005-10-12,49.9699,50.36,48.25,48.4999,8930740
2005-10-13,48,48.25,46.62,47.08,9089727
2005-10-14,47.6,48.7201,47.1601,48.65,7351247
2005-10-17,49.5,50.67,49.04,50.67,6496307
2005-10-18,50.45,50.4599,49.4799,49.9,5751705
2005-10-19,49.8,50.56,49.28,50.36,6182680
2005-10-20,49.9999,50.4899,49.29,49.69,4889335
2005-10-21,49.9999,51.1401,49.9,50.94,5732357
2005-10-24,50.94,52.89,50.9,52.7601,4421908
2005-10-25,52.62,53.7401,52.17,52.8499,4845592
2005-10-26,52.1,52.56,51.55,51.6,6530656
2005-10-27,51.65,51.89,50.94,51.2901,3274091
2005-10-28,51.4999,52.43,51.31,52.4199,4274277
2005-10-31,52.43,52.55,51.8399,52.03,5271380
2005-11-01,51.68,51.86,51.16,51.3201,5889241
2005-11-02,51,51.7801,50.38,51.7201,5359145
2005-11-03,51.8999,52.84,51.74,52.43,5661556
2005-11-04,52.43,52.7001,51.85,52.28,4291382
2005-11-07,52.28,52.6101,51.54,51.8,4587765
2005-11-08,51.3499,52.17,51.1701,51.48,5909710
2005-11-09,51.45,52.1201,51.3,51.8,4051359
2005-11-10,51.5299,51.6601,50.11,51.07,5122347
2005-11-11,51.04,51.1,50.05,50.42,1984391
2005-11-14,50.05,50.32,49.9099,50.02,3578184
2005-11-15,49.98,50.75,49.7601,50.5199,3474436
2005-11-16,50.6501,51.43,50.5199,50.87,2240396
2005-11-17,51.15,52.31,51.02,52.0199,2764464
2005-11-18,52.5,52.62,50.35,51.43,4017571
2005-11-21,51.58,51.9299,51.21,51.5299,2110150
2005-11-22,51.56,51.7,50.91,51.4099,5633376
2005-11-23,51.54,52.28,51.3,51.95,2256239
2005-11-25,52.1501,52.35,51.92,52.34,710814
2005-11-28,52.22,52.35,51.28,52.11,4227591
2005-11-29,52.43,53.15,52.28,52.3899,3790027
2005-11-30,52.34,52.44,51.7501,52.04,3358211
2005-12-01,52.29,52.93,52.0199,52.62,3950836
2005-12-02,52.62,52.75,52.2101,52.3899,3516917
2005-12-05,52.4,53.42,52,53.39,4709318
2005-12-06,53.3101,53.96,53.08,53.44,4467473
2005-12-07,53.58,54.06,52.8,53.1,3079493
2005-12-08,53.23,54.22,53.05,54.03,4460884
2005-12-09,54.03,54.6,53.82,54.3499,4217637
2005-12-12,54.58,54.8399,53.45,53.6,4662211
2005-12-13,53.7,54.58,53.6501,54.56,3797457
2005-12-14,54.56,54.89,54.03,54.56,3908215
2005-12-15,54.73,55.71,54.71,55,4441256
2005-12-16,55.14,55.9999,54.4999,54.59,5112954
2005-12-19,54.45,54.61,53.48,53.55,3913963
2005-12-20,53.35,54.21,53.3,54.11,3953219
2005-12-21,54.7501,54.86,53.3999,53.42,2939293
2005-12-22,53.67,54.22,53.45,54.22,3336199
2005-12-23,54.43,54.8399,54.28,54.74,3825778
2005-12-27,54.64,54.6601,53.6,53.9499,3765912
2005-12-28,54.05,54.21,53.69,54.05,2389569
2005-12-29,54.02,54.39,53.33,53.3401,2711328
2005-12-30,53.27,53.3401,52.8201,53.14,2447331
2006-01-03,53.63,54.6901,52.9399,54.62,3664267
2006-01-04,54.86,54.86,53.6201,54.62,3649126
2006-01-05,54.64,54.86,54.2001,54.39,2939573
2006-01-06,54.64,55.47,54.37,55.47,2551079
2006-01-09,55.32,55.4499,54.77,55.3299,4003411
2006-01-10,55.92,55.92,54.37,54.95,3880315
2006-01-11,54.7,55.03,54.33,54.6601,5002196
2006-01-12,54.6601,54.8699,54.31,54.67,4430741
2006-01-13,55.04,56.23,54.95,55.92,4316758
2006-01-17,55.4499,57.02,55.38,56.9799,3610991
2006-01-18,56.9799,57.8699,56.8599,57.58,6253481
2006-01-19,57.52,57.8101,57.22,57.8,2943359
2006-01-20,57.88,58.57,57.46,57.9899,5439339
2006-01-23,58.2,58.68,57.97,58.55,4189456
2006-01-24,58.4,58.87,57.7,58.86,5355780
2006-01-25,58.1501,59.9,57.7501,57.8399,6077530
2006-01-26,58.4,58.44,56.91,57.27,5026591
2006-01-27,57.28,58.77,57.2301,57.61,5676137
2006-01-30,57.25,57.4699,56.48,56.72,4230114
2006-01-31,56.6,57.6901,56.4599,57.42,6297083
2006-02-01,56.9,57.4399,56.53,57.22,3104729
2006-02-02,57.2601,57.43,55.83,56.15,3627815
2006-02-03,56.15,56.3999,55.1,55.9699,4459622
2006-02-06,55.6,56.35,55.6,56.05,3480325
2006-02-07,55.75,55.87,55.04,55.41,3211281
2006-02-08,55.2701,55.37,54.59,54.79,2905505
2006-02-09,54.6901,55.99,54.4999,55.5099,4858631
2006-02-10,55.9,56.94,55.61,56.45,6036872
2006-02-13,56.1,56.3101,55.55,55.59,4526357
2006-02-14,55.5,56.09,54.42,56.01,4394569
2006-02-15,55.9,56.67,55.49,56.02,2921488
2006-02-16,55.9099,56.0299,55.11,55.4799,4220861
2006-02-17,55.25,55.96,55.03,55.95,5006121
2006-02-21,55.9699,56.88,55.83,56.6501,4357837
2006-02-22,57.15,57.3,56.78,57.1,2942237
2006-02-23,57.1,57.62,56.7,57.2301,3506262
2006-02-24,57.18,57.37,56.9499,57.11,2516310
2006-02-27,57.33,58.34,57.27,58.06,3195579
2006-02-28,57.8999,57.91,56.53,57.11,6177212
2006-03-01,56.9499,56.9799,56.14,56.45,4463688
2006-03-02,55.95,56.67,55.4799,56.5199,2981073
2006-03-03,56.5199,57.42,56.26,57.02,3865314
2006-03-06,56.7701,56.91,54.82,55.05,4130292
2006-03-07,55.05,55.05,54.33,54.91,4843630
2006-03-08,55.05,55.49,53.7101,55.1201,4286054
2006-03-09,55.17,55.47,54.55,54.68,2030937
2006-03-10,54.8,55.95,54.6901,55.4799,3750490
2006-03-13,55.49,55.62,55.14,55.4199,2034442
2006-03-14,55.5,56.35,55.2401,56.2,2548275
2006-03-15,56.15,56.23,55.46,56.08,2501448
2006-03-16,55.9999,56.85,55.9999,56.3699,2649359
2006-03-17,56.55,56.59,55.8,55.9,3471492
2006-03-20,56.05,56.32,55.38,55.4499,2530750
2006-03-21,55.28,55.43,54.36,54.6301,2870595
2006-03-22,53.54,55.49,53.54,55.34,2727731
2006-03-23,55.65,55.65,54.89,55.05,3490980
2006-03-24,54.95,55.4199,54.6901,54.79,2102299
2006-03-27,54.82,54.83,53.9499,53.97,2316525
2006-03-28,53.9799,54.4099,53.3,53.6501,3951958
2006-03-29,53.8001,54.31,53.6,54.1701,2868071
2006-03-30,53.8001,54.03,52.7901,53.1901,4860313
2006-03-31,54.07,54.07,52.8,52.9,5085194
2006-04-03,52.9,53.6801,52.62,52.74,4512898
2006-04-04,52.8,53.6,52.5,53.47,4205159
2006-04-05,53.47,54.39,53.05,54.28,3985325
2006-04-06,54.4099,54.45,53.02,53.32,3339985
2006-04-07,53.3,53.51,51.8999,51.95,4341714
2006-04-10,51.8699,52.58,51.8699,52.19,2780727
2006-04-11,52.46,52.5,51.37,51.54,2765165
2006-04-12,51.6,51.85,51.1401,51.76,3948593
2006-04-13,51.76,52,51.13,51.73,4290681
2006-04-17,51.45,51.73,51.31,51.67,2754930
2006-04-18,51.55,53.24,51.5299,53.15,4780540
2006-04-19,52.9699,53.47,52.7601,53.1301,3435601
2006-04-20,53.1,53.9799,52.9999,53.66,4184409
2006-04-21,53.9499,53.99,53.1301,53.4299,3341246
2006-04-24,53.17,55.96,52.99,55.65,7012664
2006-04-25,55.65,55.65,54.6,54.7801,4561127
2006-04-26,54.25,54.45,53.1601,53.41,8857696
2006-04-27,53.42,54.65,52.81,54.16,6970604
2006-04-28,54.15,54.33,53.55,54,4428077
2006-05-01,53.85,54.25,53.41,53.8001,5721842
2006-05-02,54.4999,54.95,54.36,54.8999,6429712
2006-05-03,55,55.4,54.77,55.3001,6361295
2006-05-04,55.3001,56.05,55.23,55.84,5402747
2006-05-05,56.2,56.76,56.15,56.63,5459668
2006-05-08,56.2,56.32,55.08,55.66,5315262
2006-05-09,55.66,55.66,55.2101,55.4,4505888
2006-05-10,55.4,55.65,54.9299,55.32,8300821
2006-05-11,55.3001,55.3001,54.2901,54.7801,6406299
2006-05-12,54.4999,54.97,53.8899,54.97,6075427
2006-05-15,54.97,56.36,54.9599,55.7301,8955696
2006-05-16,55.98,56.11,55.3001,55.52,4293064
2006-05-17,55,55.4499,54.19,54.36,4816711
2006-05-18,54.25,55.26,54.16,54.9299,6600896
2006-05-19,55.1501,55.96,54.83,55.37,5553462
2006-05-22,55.25,55.8201,54.88,55.35,5214599
2006-05-23,55.75,56.01,54.64,54.6901,3823394
2006-05-24,54.55,54.89,53.7,54.83,5624684
2006-05-25,54.95,55.06,54.55,54.86,4868866
2006-05-26,55.25,56.08,54.85,56.05,3612533
2006-05-30,55.8499,55.9999,55.16,55.23,2871576
2006-05-31,55.22,56.73,55.08,56.61,7396111
2006-06-01,56.61,57.8699,56.3999,57.85,8901018
2006-06-02,58,58.35,57.51,58.25,5088279
2006-06-05,58.25,58.4499,57.62,57.65,4216936
2006-06-06,57.65,58.05,56.56,57.2901,4609776
2006-06-07,57.4,58.07,56.94,56.9499,5350172
2006-06-08,57.15,57.85,56.82,57.1,6551406
2006-06-09,57.06,58.04,56.85,57.82,5246705
2006-06-12,58.35,58.8499,57.98,58.56,7018412
2006-06-13,58.75,58.86,58.03,58.31,8168192
2006-06-14,57.9299,58.19,56.61,57.24,6343910
2006-06-15,57.45,58.2,57.0099,57.98,4459622
2006-06-16,57.98,58.3899,57.52,57.88,4680437
2006-06-19,57.8999,58,56.55,56.69,3227404
2006-06-20,56.7,57.28,56.2801,56.96,8193989
2006-06-21,56.96,57.22,56.5,56.73,3441630
2006-06-22,56.9499,57.05,55.8799,56.8301,6260070
2006-06-23,56.8301,57.5299,56.48,56.93,3805869
2006-06-26,57.0099,57.3,56.7701,57,3874147
2006-06-27,57.19,57.64,56.45,56.55,4479530
2006-06-28,56.56,56.9499,56.18,56.51,4807178
2006-06-29,56.8001,56.81,55.78,56.44,5131460
2006-06-30,55.8,57.0099,55.77,56.8301,5613328
2006-07-03,57,57.9599,56.88,57.9299,1655061
2006-07-05,57.8,58.14,57.25,57.55,4166323
2006-07-06,57.4999,57.58,56.7401,56.99,2647397
2006-07-07,56.99,57.42,56.75,56.97,3823394
2006-07-10,57.3499,57.77,57,57.5299,3640714
2006-07-11,57.85,58.25,57.61,58.14,6356668
2006-07-12,58.23,58.46,57.65,57.7,4860594
2006-07-13,57.8999,58.46,57.58,57.7,5429946
2006-07-14,57.57,58.1,57.42,57.6901,3762828
2006-07-17,57.77,58.44,57.7,58.1801,3469249
2006-07-18,58.4,58.4499,57.95,58.2,4659547
2006-07-19,58.4499,59.11,58.23,58.6,6230768
2006-07-20,58.8,59.3399,58.4,58.78,4395831
2006-07-21,59.55,59.6,58.4199,58.8499,8263949
2006-07-24,58.9999,59.75,58.7301,59.56,3576222
2006-07-25,59.76,59.9,59.24,59.6801,5461211
2006-07-26,59.7,59.9499,59.3999,59.57,7382511
2006-07-27,59.6201,59.67,58.13,58.1801,7199410
2006-07-28,58.35,58.86,58.03,58.35,7284231
2006-07-31,58.4799,59.45,57.65,57.8999,9437703
2006-08-01,57.8999,59.1,57.48,58.92,8454761
2006-08-02,59.55,59.55,58.57,58.8,5829796
2006-08-03,58.4,59.15,58.2101,58.63,12700578
2006-08-04,58.98,59.75,58.6701,58.7301,20041870
2006-08-07,58.55,59.1,58.01,58.0199,8692961
2006-08-08,58,58.63,58,58.2701,3976212
2006-08-09,58.72,58.9999,58.08,58.22,3644920
2006-08-10,58.1501,58.4,57.92,58.1801,6846807
2006-08-11,57.83,58.08,57.62,57.91,3644078
2006-08-14,58.2701,59.06,58.26,58.9,5567062
2006-08-15,59.4899,59.6201,58.9999,59.48,5554163
2006-08-16,59.48,59.73,58.9,58.99,5409477
2006-08-17,58.6,59.05,58.5099,58.78,7126787
2006-08-18,59.23,60.05,58.7901,59.85,14879987
2006-08-21,59.55,60.49,59.44,59.9799,6668333
2006-08-22,60.15,60.8999,60.06,60.77,8237731
2006-08-23,60.65,60.89,60.25,60.6601,4310169
2006-08-24,60.98,60.98,60.21,60.51,2405131
2006-08-25,60.3501,60.65,59.84,59.9,4524955
2006-08-28,60,61.14,59.81,60.79,10981586
2006-08-29,60.7,60.8999,59.85,60.3,9201046
2006-08-30,60.7,60.7501,60.0399,60.12,8045377
2006-08-31,60.3501,61.17,60.3501,60.98,4177259
2006-09-01,61.12,61.1801,60.45,60.54,4213010
2006-09-05,60.31,60.55,59.4599,59.63,4043368
2006-09-06,59.63,59.8899,59.35,59.4899,3374334
2006-09-07,59.58,59.73,59.32,59.5,4587905
2006-09-08,60.3799,60.3799,59.1901,59.3699,2388167
2006-09-11,60,60,58.59,58.84,5345125
2006-09-12,58.9999,59.15,57.98,58.2,4780820
2006-09-13,58.2,58.46,57.54,58.2701,4148518
2006-09-14,58.35,58.68,57.68,57.77,3428311
2006-09-15,59.51,59.64,58.71,59.21,16592249
2006-09-18,59.21,59.39,58.5099,58.7301,6224600
2006-09-19,58.7901,59.3101,58.6,59.2,6135993
2006-09-20,59.3999,59.61,59.09,59.47,5795307
2006-09-21,59.2801,59.53,58.84,59.09,8084913
2006-09-22,58.8799,59.8899,58.8499,59.53,6016543
2006-09-25,59.9499,61,59.53,60.61,6421721
2006-09-26,60.6,61.1,60.4,60.85,3952238
2006-09-27,60.7501,61.98,60.7501,61.7001,5649780
2006-09-28,61.6,61.8201,60.68,61.3001,4556360
2006-09-29,61.4799,61.63,60.4399,60.54,8366715
2006-10-02,60.6,61.31,60.3501,60.55,5418169
2006-10-03,60.1,60.6601,59.75,60.56,10981305
2006-10-04,60.56,61.03,60.39,61,3907094
2006-10-05,61,61.14,60.59,60.7,2743994
2006-10-06,60.7,60.7,60.07,60.4699,3465183
2006-10-09,60.3201,60.7201,59.91,60.39,2223852
2006-10-10,60.45,61.1801,60.28,60.8,3180157
2006-10-11,60.8,61,60.3501,60.56,4930834
2006-10-12,60.7,60.7201,59.94,60.42,3816665
2006-10-13,60.6,60.98,59.8899,60.64,7238666
2006-10-16,60.55,60.83,60.21,60.6,2583886
2006-10-17,60.6301,61.14,60.6,61,3935975
2006-10-18,61.4,61.81,61.14,61.65,4382231
2006-10-19,61.5,62.1601,61.29,62.05,3564305
2006-10-20,62.3999,62.3999,61.7601,62.3101,3122114
2006-10-23,61.9,62.73,61.7601,62.47,3767875
2006-10-24,62.1,62.4899,61.81,62.26,3349658
2006-10-25,62.26,63.62,62.26,63.02,4383914
2006-10-26,62.94,63.52,62.94,63.46,5735021
2006-10-27,63,63.02,61.7601,62.3999,5007944
2006-10-30,62.41,62.56,61.6701,62.09,5182213
2006-10-31,61.9,62.1,61.78,61.98,5067108
2006-11-01,62.18,62.4299,61.8499,62.3101,4698943
2006-11-02,62.06,62.24,61.75,61.89,5870454
2006-11-03,61.93,61.99,60.91,60.95,6683474
2006-11-06,61,61.2701,60.6,60.68,6365220
2006-11-07,60.43,60.7,59.4599,59.63,9534161
2006-11-08,59.1,59.99,58.86,59.6,10135899
2006-11-09,59.45,59.76,59.21,59.66,8156135
2006-11-10,59.67,60.27,59.61,60.05,7336245
2006-11-13,59.79,59.8001,58.89,58.89,9794372
2006-11-14,58.9999,59.36,58.9999,59.18,8925272
2006-11-15,59.15,59.15,58.66,58.74,9208336
2006-11-16,58.6,58.9099,58.46,58.5,8890222
2006-11-17,58.5,58.6,58.1501,58.59,10336245
2006-11-20,58.25,58.57,57.83,57.8999,6193475
2006-11-21,58.32,58.9999,58.32,58.72,5979109
2006-11-22,58.71,59.36,58.6,59.27,4739741
2006-11-24,59.15,59.69,59.05,59.6501,1913730
2006-11-27,59.6501,59.69,58.9999,59.32,6268342
2006-11-28,59.33,60.07,59.11,59.7701,4001448
2006-11-29,59.76,60.7,59.76,60.58,5740629
2006-11-30,60.3,60.88,59.93,60.73,3745723
2006-12-01,61.0199,61.55,60.82,61.3899,4608094
2006-12-04,61.7001,62.2501,61.5399,61.9,4202355
2006-12-05,61.77,62.6501,61.58,62.4299,6093653
2006-12-06,62.6,62.72,61.78,62.05,3826899
2006-12-07,62.2501,62.3101,61.52,61.8499,3446396
2006-12-08,61.65,61.8201,61.1801,61.4499,4746611
2006-12-11,61.35,61.77,61.2,61.7601,3002103
2006-12-12,61.65,62.2801,61.4799,61.9399,4963360
2006-12-13,62.15,62.33,61.71,62.11,4387839
2006-12-14,62.11,62.82,61.9,62.42,3045565
2006-12-15,62.61,62.82,62.23,62.6,4371857
2006-12-18,62.5,62.5,61.5399,61.75,3282082
2006-12-19,61.5,62.06,61.4,61.83,3181278
2006-12-20,61.6,61.93,61.5099,61.84,2827974
2006-12-21,61.8499,62.1,61.5,61.71,2116880
2006-12-22,61.57,61.9,61.03,61.43,1582157
2006-12-26,61.41,61.9,61.01,61.81,1067483
2006-12-27,61.99,62.2801,61.8201,62.0299,1764277
2006-12-28,61.8499,62.24,61.7001,61.77,1219460
2006-12-29,61.7001,62.06,61.57,61.89,2242639
2007-01-03,61.89,62.99,61.72,62.4299,3815263
2007-01-04,62.4299,62.58,61.72,61.8799,3023834
2007-01-05,61.6,61.6401,60.12,60.39,4148658
2007-01-08,60.2901,60.7801,60.05,60.24,2441723
2007-01-09,61,61,59.84,60.24,3712776
2007-01-10,61.0199,61.19,60.15,60.77,4122441
2007-01-11,60.88,61.14,60.28,60.56,2882652
2007-01-12,60.36,60.68,59.1601,59.6501,4661089
2007-01-16,59.9499,60.02,59.56,59.69,3163753
2007-01-17,59.6,60.03,59.4299,59.85,3818207
2007-01-18,60.73,60.73,59.3999,59.9499,3358351
2007-01-19,59.99,60.2601,59.82,60.2601,2563557
2007-01-22,60.1,60.3501,59.87,59.96,3277175
2007-01-23,59.53,60.4999,59.29,60.2301,3905832
2007-01-24,59.7,60.4699,59.6,60.07,2573231
2007-01-25,60.16,60.4099,59.05,59.05,5128095
2007-01-26,58.95,59.3699,58.74,59.18,3932470
2007-01-29,59.0299,59.47,58.8499,59.38,3869240
2007-01-30,59.3999,59.81,59.1601,59.3101,3045705
2007-01-31,59.3,60.1401,59.1,59.99,3089307
2007-02-01,60.85,61.16,59.93,61.03,3772642
2007-02-02,60.89,60.9299,60.3501,60.7501,5137489
2007-02-05,60.8699,62.1301,60.48,62.11,5237732
2007-02-06,62.73,63.52,62.3,63.36,5466398
2007-02-07,63.1401,63.4,62.61,63.25,3032526
2007-02-08,62.8301,63.6601,62.8301,63.51,2571689
2007-02-09,63.6301,64.28,63.4699,64.06,4133096
2007-02-12,64.06,64.1,63.62,63.71,3937797
2007-02-13,63.55,63.58,63.03,63.42,3265398
2007-02-14,63.6301,64.04,63.4999,63.7801,2316244
2007-02-15,63.3201,63.61,62.6501,62.82,3074446
2007-02-16,62.62,63.3201,62.18,63.19,2863024
2007-02-20,63.43,63.92,63.2601,63.64,2144359
2007-02-21,63.28,63.65,63.07,63.51,2330404
2007-02-22,63.5299,64.34,63.4,64.23,3347275
2007-02-23,64.99,67.19,64.8,66.9299,8357042
2007-02-26,67.6,72.31,67.3001,69.3799,12899662
2007-02-27,68.9,69.07,65.5499,65.99,8631413
2007-02-28,65.96,66.8999,65.35,65.93,6239040
2007-03-01,65.5,66.45,63.8699,66.0099,4863398
2007-03-02,65.51,66.02,64.22,64.22,7049817
2007-03-05,63.9899,64.83,63.6,63.79,7916533
2007-03-06,64.1501,64.83,63.8699,64.81,4356294
2007-03-07,64.8,65.45,64.4,64.46,3044443
2007-03-08,64.9,65.17,64.41,64.5,2926254
2007-03-09,65.1,65.33,64.3001,64.49,3573558
2007-03-12,64.5,66.25,64.46,66.12,4311430
2007-03-13,66.12,66.91,64.8499,64.95,5022385
2007-03-14,64.95,65.73,64.3001,65.4599,4041125
2007-03-15,65.4599,66.4,65.1301,66.3,3717683
2007-03-16,66.64,66.7501,65.5499,65.78,4851341
2007-03-19,66.19,66.74,65.81,66.71,2539723
2007-03-20,66.55,68.04,66.22,68.04,3470371
2007-03-21,67.8499,69.55,67.5399,69.0399,5367277
2007-03-22,68.6,68.94,66.6,67.74,8617393
2007-03-23,67.25,67.93,66.89,67.72,5458266
2007-03-26,67.37,68.23,66.94,68.15,3181138
2007-03-27,67.86,68.44,67.43,67.8201,3495887
2007-03-28,67.9099,69.9599,67.7001,69.15,5879427
2007-03-29,69.3499,69.82,68.75,69.1,3930647
2007-03-30,69.11,69.4999,66.52,68.7101,7461865
2007-04-02,68.8599,70.53,68.67,70.4,4452051
2007-04-03,70.9999,71.39,70.61,71.32,5279932
2007-04-04,71.5199,71.5199,70.81,71.04,4063136
2007-04-05,71.04,71.7,70.84,71.7,2740489
2007-04-09,71.5499,72.3501,71.54,72.08,2219086
2007-04-10,72.2001,72.39,71.93,72.24,2484624
2007-04-11,72.24,72.49,71.8599,72.08,3916207
2007-04-12,72.31,72.3799,70.95,71.13,5157117
2007-04-13,72,72,70.29,70.92,2858117
2007-04-16,71.91,72.07,71.02,71.61,2233106
2007-04-17,71.59,73,71.33,72.88,3166838
2007-04-18,72.79,73.62,72.6601,73.4799,5265491
2007-04-19,74.5,74.5,72.59,72.67,4018973
2007-04-20,73.52,73.9999,71.1601,73.28,9962191
2007-04-23,73.5,74.72,73.5,74.07,4121740
2007-04-24,74.2,75.33,73.63,74.99,4790914
2007-04-25,75,76,74.87,75.64,7142769
2007-04-26,75.79,77.51,75.79,76.4499,6383306
2007-04-27,75.91,76.5399,75.51,76.23,4124684
2007-04-30,76.72,77.5,75.33,75.4099,4746611
2007-05-01,75.77,76.5,75.2001,76.4499,4266987
2007-05-02,76.77,77.24,76.47,77.08,2817319
2007-05-03,77.15,77.75,76.1501,76.8799,5842555
2007-05-04,76.89,77.2501,76.2401,76.5,4409430
2007-05-07,76.03,78.51,76.03,78.33,5119964
2007-05-08,79.38,79.38,77.17,77.3101,7914150
2007-05-09,78.14,78.14,77.18,77.5499,4094120
2007-05-10,77.41,77.85,76.28,76.3301,7284371
2007-05-11,76.1,76.78,75.65,76.53,3746985
2007-05-14,76.74,77.13,76.11,76.43,3144125
2007-05-15,76.68,77.8301,76.68,76.95,3817366
2007-05-16,77.7401,77.8301,76.8,77.7,2319469
2007-05-17,77.3699,77.45,76.31,76.92,2759697
2007-05-18,77.05,78.54,76.92,78.45,4933638
2007-05-21,79.0199,79.0199,77.56,77.56,3823815
2007-05-22,77.96,78.24,77.07,77.36,3425927
2007-05-23,77.45,78.2001,76.6,76.69,2957239
2007-05-24,76.4,76.7001,73.71,73.75,9002522
2007-05-25,74.3,74.6,72.42,73.25,5047060
2007-05-29,74.12,74.35,73.0199,73.65,6290073
2007-05-30,73.4,76.11,73.2701,76.03,9534722
2007-05-31,76.2401,78.1701,75.0399,78,8627908
2007-06-01,78.05,78.7801,76.1,76.61,6905691
2007-06-04,75.89,76.3599,75.0099,75.49,6115804
2007-06-05,74.63,75.52,73.9699,74.27,4809561
2007-06-06,73.44,73.87,72.0399,72.6,7427235
2007-06-07,72.1,72.6,69.73,69.92,9423403
2007-06-08,70.26,71.2201,69.7501,70.66,6430834
2007-06-11,71.01,72.6601,70.8,72.16,8828815
2007-06-12,71.29,71.8301,70.5,70.65,5570286
2007-06-13,71.36,72.15,70.83,72.1,6667211
2007-06-14,72.48,73.69,72.16,72.79,5573511
2007-06-15,74.24,75.0699,73.7001,74.48,7500420
2007-06-18,74.48,74.5,73.2401,73.8201,3517478
2007-06-19,73.44,74.27,73.19,73.92,3775586
2007-06-20,74.15,74.54,71.2201,71.33,4831012
2007-06-21,71.05,72.82,70.93,71.9,4842087
2007-06-22,71.4899,72.05,70.03,70.03,5176745
2007-06-25,70.29,72.77,70.13,71.26,5560472
2007-06-26,71.62,72.49,71.2,71.2,4778857
2007-06-27,70.2,72.48,70.2,72.4,4723338
2007-06-28,72.4,73.61,71.91,72.1,4492569
2007-06-29,72.2001,73.7601,71.59,72.6,5189082
2007-07-02,73.9999,76.34,73.58,76.3301,7119356
2007-07-03,76.87,77.12,75.46,76.11,2889101
2007-07-05,76.8501,77.07,75.22,76.5699,4861295
2007-07-06,76.44,76.59,74.79,76.41,3668193
2007-07-09,76.52,77.13,75.88,76.25,2706701
2007-07-10,75.63,76.2101,74.5199,74.5499,4800869
2007-07-11,74.75,75.39,74.27,74.94,2741611
2007-07-12,74.96,76.66,74.8301,76.66,3681372
2007-07-13,76.7601,78.3799,76.2401,78.16,4820917
2007-07-16,77.81,78.37,76.77,77.04,4066501
2007-07-17,77.8001,78,77.07,77.66,3931488
2007-07-18,76.98,78.8401,76.71,78.62,4742125
2007-07-19,79.28,82.6,78.77,82.0499,10687867
2007-07-20,80.1,81.19,78.8401,78.89,7536311
2007-07-23,78.4999,80.72,78.3201,80.3699,6228105
2007-07-24,78.67,80.01,75.63,75.94,9553368
2007-07-25,77.4899,78.45,71.66,74.44,15668191
2007-07-26,73.12,73.25,69.11,70.9,16777874
2007-07-27,70.6,71.88,69.62,69.62,12009532
2007-07-30,69.8999,70.5,67.8499,69.52,11042573
2007-07-31,73.71,73.71,70.03,70.1501,10257453
2007-08-01,70.5,74.69,70.4499,74.1,10414056
2007-08-02,72.42,75.21,72.42,74.87,6968641
2007-08-03,74.5,76,70.7301,71.09,7683941
2007-08-06,71.64,74.5,70.03,74.27,7727123
2007-08-07,73.49,76.08,72.8699,74.56,9229086
2007-08-08,75.7201,76.65,74.79,76.4,7797503
2007-08-09,75.4,77.36,73.7601,75.25,10515280
2007-08-10,74.05,76.44,72.4999,72.85,8649218
2007-08-13,73.07,74.33,72.05,72.8,4336947
2007-08-14,73.43,73.43,70.63,70.7901,4366809
2007-08-15,69.91,72.6901,68.81,69.12,5648798
2007-08-16,68.81,69.1,64.7301,67.37,13327132
2007-08-17,67.6,72.0099,67.6,71.32,11348349
2007-08-20,71.7101,71.8899,69.42,71.39,4069305
2007-08-21,70.8,71.8899,70.7001,71.42,3457612
2007-08-22,71.73,72.68,71.01,72.68,4894522
2007-08-23,73.06,73.5,71.91,72.43,3940461
2007-08-24,72.61,73.32,71.7101,73.14,3364099
2007-08-27,73.01,73.0199,69.92,70.14,5803719
2007-08-28,69.86,70.52,68.7701,69.1701,7295027
2007-08-29,69.1701,71.64,69.1701,71.1901,4777876
2007-08-30,70.84,70.9999,69.52,70.11,4457238
2007-08-31,71.14,71.61,70.07,70.6701,4633890
2007-09-04,72.6,73.83,71.66,73.5099,5602953
2007-09-05,72.9899,73.56,72.19,73.04,6315309
2007-09-06,72.8999,74.81,72.25,74.64,6233012
2007-09-07,76.32,76.32,72.82,73.26,5276427
2007-09-10,73.89,74.67,72.85,73.3899,7242031
2007-09-11,73.74,75.2901,73.55,74.94,5605056
2007-09-12,74.58,75.3799,74.3401,74.75,5648097
2007-09-13,75.11,76.59,75.11,76.01,4873492
2007-09-14,75.51,76.86,75.22,76.47,5159640
2007-09-17,76.3899,76.65,74.24,74.7701,6241424
2007-09-18,75,76.7901,75,76.71,6465884
2007-09-19,77.1901,79.38,77.18,78.36,5749322
2007-09-20,78.15,78.64,77.2801,77.2801,2898775
2007-09-21,78.21,78.6901,77.2801,77.75,5592999
2007-09-24,77.75,78.91,77.3699,78.1701,3897139
2007-09-25,77.9499,78.98,77.84,77.8899,2792223
2007-09-26,78.11,79.03,77.7701,78.27,3853257
2007-09-27,78.6,78.8999,76.69,76.96,3922656
2007-09-28,76.7601,77.24,75.0399,75.36,6525609
2007-10-01,75.86,77.1,73.9999,75.79,4959435
2007-10-02,76.4,76.66,75.4999,76.13,7351107
2007-10-03,76.0199,76.29,75.2301,75.39,3193616
2007-10-04,75.4099,76.9,75.18,76.06,2836947
2007-10-05,76.32,77.04,76.14,76.6,3081596
2007-10-08,76.3301,77.8899,76.2,76.86,2262267
2007-10-09,77.29,78.31,76.96,78.19,3795214
2007-10-10,78.2001,78.2901,76.71,77.32,3433778
2007-10-11,78.0099,79.69,77.66,78.7501,7902653
2007-10-12,79.25,79.9699,78.4,79.1801,4282269
2007-10-15,79.23,79.4799,77.5499,78.31,3508645
2007-10-16,78.2901,78.7501,77.5499,78,3885222
2007-10-17,78.4999,78.88,76.52,77.2501,4595055
2007-10-18,76.87,77.59,76.65,76.9999,3319515
2007-10-19,76.43,77.07,74.85,75.14,5463874
2007-10-22,74.4899,76.2401,73.7601,75.7801,3858725
2007-10-23,76,76.69,75.63,76.2,3141321
2007-10-24,76,76.4799,75.1701,76.44,6676885
2007-10-25,76,78.6901,75.6901,78.2301,5273062
2007-10-26,79.6701,81.28,78.51,80.2201,4907561
2007-10-29,80.6,81.4999,80.0299,80.87,4131554
2007-10-30,80.33,81.91,79.66,80.96,3487475
2007-10-31,81.08,82.9999,81.08,82.78,4621833
2007-11-01,82.47,82.9999,80.8601,81.18,5265912
2007-11-02,81.4999,82.14,80.51,81.77,4512758
2007-11-05,79.8799,84.25,79.8799,83.9199,6981960
2007-11-06,83.85,84.37,82.37,83.88,4190578
2007-11-07,82.4,83.97,81.6601,81.6601,5113094
2007-11-08,81.73,84.06,81.73,83.36,7078277
2007-11-09,84.92,84.92,82.11,82.3601,4937984
2007-11-12,82.0499,83.99,78.8401,79.1501,6998223
2007-11-13,79.66,79.66,77.56,79.23,7720393
2007-11-14,79.55,80.61,79.0499,79.41,4154126
2007-11-15,79.25,80.57,78.48,79.28,5683147
2007-11-16,79.92,80.13,78.49,79.8,5083091
2007-11-19,79.46,80.2501,79,79.8201,4624217
2007-11-20,79.7901,81.51,79.7901,81.16,4435648
2007-11-21,80.2501,81.7801,80.17,80.3,6643377
2007-11-23,80.67,80.8001,79.1801,80.64,3691746
2007-11-26,80.48,82.6701,79.49,80.12,5565940
2007-11-27,80.7,81.43,79.83,81.05,4542760
2007-11-28,81.82,82.63,80.51,82.3001,5864005
2007-11-29,82.2,82.66,80.99,81.7801,2778904
2007-11-30,82.93,83.0299,80.66,81.0699,5770352
2007-12-03,80.54,82.7601,80.54,82.43,4086550
2007-12-04,81.77,84.63,81.77,84.08,5179549
2007-12-05,84.6901,86.2801,84.15,86.13,5721001
2007-12-06,86.1,86.11,84.3501,85.64,3458173
2007-12-07,85.63,86.29,84.54,85.26,3518740
2007-12-10,85.6701,86.36,85.01,86.18,5087297
2007-12-11,86.14,86.8301,83.39,83.51,4760070
2007-12-12,83.8001,84.79,81.6,82.5099,6631881
2007-12-13,82.2701,85.22,82.14,85.11,5265772
2007-12-14,82.77,85.4499,82.75,83.93,8162023
2007-12-17,83.3999,84.63,82.75,82.84,5787316
2007-12-18,83.3101,85.75,83.2201,85.55,6928824
2007-12-19,84.58,85.78,83.27,83.5,6679549
2007-12-20,84.27,84.4999,81.64,82.43,6708991
2007-12-21,83.24,85.1,81.2601,82.26,8979249
2007-12-24,82.0799,82.8501,81.7201,82.06,2339517
2007-12-26,82.47,82.47,81.4999,81.86,2469623
2007-12-27,81.55,82.72,81.3501,81.4,3208337
2007-12-28,81.51,82.8501,81.51,82.7601,2808907
2007-12-31,82.3301,82.83,81.27,81.64,2819282
2008-01-02,81.7501,82.4499,79.87,80.18,5155014
2008-01-03,80.29,82.7001,80.29,81.08,4530283
2008-01-04,80.47,83.42,80.01,82.03,5722403
2008-01-07,82.7001,84.2601,81.51,83.82,5302504
2008-01-08,84.08,87.25,84.08,85.13,7810542
2008-01-09,85.2701,86.75,83.5199,86.5199,7222263
2008-01-10,86.04,86.4299,84.0699,85.19,6105289
2008-01-11,84.58,85.81,83.48,84.08,5630011
2008-01-14,84.62,85.16,83.56,84.86,3848069
2008-01-15,83.9799,86.2501,83.91,84.61,8063463
2008-01-16,84.39,85.17,80.97,81.3,9895596
2008-01-17,81.0399,82.66,77.57,77.57,10692633
2008-01-18,77.4899,78.45,74.75,75.86,11439479
2008-01-22,72.1401,75.3799,70.01,73.13,11930039
2008-01-23,70.5,78.61,70,78.25,10496494
2008-01-24,77.99,77.99,74.35,75.05,12458172
2008-01-25,75.92,76.0199,72.91,73.1,7730488
2008-01-28,73.1,74.17,72.6,73.29,7235582
2008-01-29,73.78,74.39,73,73.23,8054350
2008-01-30,73.0199,74.7,72.74,73.04,7181885
2008-01-31,72.03,76.62,71.96,76.1,10871529
2008-02-01,76.3599,78.16,75.92,77.42,6767454
2008-02-04,77.39,79.83,77.39,78.95,5819562
2008-02-05,77.72,77.99,75.33,75.5299,5108327
2008-02-06,75.8999,77.09,75.4099,75.8699,4851060
2008-02-07,75.03,76.68,74.91,75.97,6533040
2008-02-08,75.7,76.62,75.02,75.8699,4150060
2008-02-11,76,78.7801,75.94,78.6,6317132
2008-02-12,79.2101,80.57,78.52,79.61,5638984
2008-02-13,80.0299,80.07,78.1,78.74,4328955
2008-02-14,78.89,79.84,77.6,78.14,4110944
2008-02-15,77.91,78.82,77.41,78.65,3354986
2008-02-19,79.4,79.84,78,78.4999,2672773
2008-02-20,77.97,78.67,77.05,78.36,3307598
2008-02-21,78.4999,79,76.95,77.32,3616319
2008-02-22,77.42,78.8401,76.63,78.68,3460557
2008-02-25,78.57,79.0199,77.66,78.27,4070567
2008-02-26,77.76,79.5699,77.11,79.46,4740302
2008-02-27,79.14,79.9399,77.6,77.91,3953500
2008-02-28,77.5499,77.8301,76.5099,77.3999,4418403
2008-02-29,76.58,77.08,74.39,74.85,5110570
2008-03-03,75.82,77.85,74.9,77.5499,6003084
2008-03-04,77.23,80.2501,76.9099,79.4499,8247265
2008-03-05,79.62,80.44,78.3501,79.44,5058136
2008-03-06,79.37,79.9999,77.88,77.9799,4062155
2008-03-07,77.21,78.4,76.4499,77.99,5045377
2008-03-10,78.22,78.43,76.84,77.2201,5546733
2008-03-11,78.1,81,78.1,80.79,7545284
2008-03-12,80.81,81.42,79.41,79.44,4570520
2008-03-13,78.4999,80.9799,78.0099,80.66,5187540
2008-03-14,80.9499,81,78.16,79.75,6764930
2008-03-17,78.0099,80.63,77.5199,79.3899,7497195
2008-03-18,80.75,81.4999,79.3899,81.11,6296382
2008-03-19,81.34,82.46,79.1,79.1,6217029
2008-03-20,79.44,80.87,78.24,80.3999,6853116
2008-03-24,80.57,81.1701,79.13,79.93,4274137
2008-03-25,79.8499,80.56,78.77,78.98,5350873
2008-03-26,78.68,80.2501,78.4699,79.58,4780259
2008-03-27,79.98,81.77,79.66,80.88,4481633
2008-03-28,81.12,81.95,79.61,79.7601,4141648
2008-03-31,79.58,81.5299,79.58,81.27,4761753
2008-04-01,82.0499,83.1901,81,82.99,5104261
2008-04-02,82.9999,84.19,82.53,83.69,4352789
2008-04-03,82.9999,83.78,82.34,83.13,3604542
2008-04-04,83.3999,85.0799,82.93,83.17,5228479
2008-04-07,83.61,83.67,82.2701,82.43,4671604
2008-04-08,82.01,82.9,82.01,82.22,4864099
2008-04-09,82.1,83.29,81.61,82.56,3928684
2008-04-10,82.84,83.7101,82.3001,82.83,4521730
2008-04-11,81.95,83.0599,81.95,82.47,3243527
2008-04-14,82.46,83.64,82.09,83.45,3310963
2008-04-15,83.82,85.14,83.7701,84.45,4101831
2008-04-16,84.58,86.42,84.21,86.23,4893541
2008-04-17,86.12,87.6,86.02,87.1,4788952
2008-04-18,87.48,88.04,86.35,87.08,6538227
2008-04-21,86.4599,87.05,85.6,86.32,4377324
2008-04-22,85.98,86.23,85.2401,85.68,4359239
2008-04-23,86.1,86.5199,85.5399,86.1901,3893214
2008-04-24,85.6,85.98,83.78,85.5099,6443872
2008-04-25,85.59,86.6,85.41,86.39,4570520
2008-04-28,86.5,86.78,84.8999,85.17,3767875
2008-04-29,84.8999,85.53,84.06,84.33,3781895
2008-04-30,84.33,86.3,84.06,85.4799,4508832
2008-05-01,85.53,87.2301,85.49,86.91,3357229
2008-05-02,87,87.43,85.7601,86.0599,3927563
2008-05-05,86.1,86.1,84.14,84.89,3629357
2008-05-06,85.04,86.1601,84.0099,86.0599,4175997
2008-05-07,85.77,86.69,84.0099,84.0699,5147163
2008-05-08,84.3,84.64,83.15,83.7401,5229320
2008-05-09,83.02,83.3101,82.19,82.9399,5213197
2008-05-12,82.99,84.67,82.5,84.25,4163379
2008-05-13,84.39,84.7501,83.07,83.44,3807411
2008-05-14,83.44,84.98,83.3,84.4099,4185110
2008-05-15,84.62,84.62,83.56,84.27,3226983
2008-05-16,84.24,85.4,83.93,85.06,4353911
2008-05-19,85,86.67,85,86.18,4376203
2008-05-20,88,88.9699,87.02,88.4199,7343536
2008-05-21,88.5,90.62,87.83,89.66,6543274
2008-05-22,89.96,90.3799,89.21,90.08,4105757
2008-05-23,89.5199,89.99,88.22,88.3301,3087484
2008-05-27,89.8001,90.65,89.13,90.39,5242078
2008-05-28,89.15,90,88.38,88.8201,6301710
2008-05-29,88.49,90.2001,88.49,89.39,3435601
2008-05-30,89.27,89.64,87.83,88,6510748
2008-06-02,87.52,88.1,86.8301,87.28,2971960
2008-06-03,87.76,88,86.27,86.8001,4106879
2008-06-04,86.73,88.4799,86.3701,87.55,3390457
2008-06-05,87.6901,89.85,87.1,89.69,3810636
2008-06-06,88.7001,89.99,87.05,87.4099,6425787
2008-06-09,87.5299,88.86,87,88.59,3675483
2008-06-10,88.2101,89.17,87.34,88.84,4392466
2008-06-11,88.84,89.2801,87.48,87.57,3854799
2008-06-12,87.8999,88.2401,87.0399,87.7,2838629
2008-06-13,88.4,89.9499,87.7801,89.75,3902747
2008-06-16,89.33,89.36,87.24,89.12,3907094
2008-06-17,89.42,90.39,88.92,89.23,2320310
2008-06-18,88.84,90.46,88.8,90.1,5377651
2008-06-19,89.69,91.15,89.6,90.45,4241471
2008-06-20,90.4101,91.32,88.98,89.57,6183521
2008-06-23,89.9199,91.7901,89.48,90.92,3570333
2008-06-24,90.46,91.84,90.46,90.92,4474623
2008-06-25,91.0799,91.12,89.36,90.16,5310496
2008-06-26,89.41,89.91,87.43,87.43,4779979
2008-06-27,87.3501,88.59,86.54,87,6352883
2008-06-30,87.3,90.4999,86.61,89.96,7131133
2008-07-01,89.4299,90.9899,88.1801,90.3499,4857650
2008-07-02,90.52,91.9999,90.3201,90.54,4625478
2008-07-03,90.52,91.7901,89.9199,90.46,3537386
2008-07-07,91.0199,92.13,89.27,89.91,6180296
2008-07-08,89.9,91.47,88.16,89.04,6652069
2008-07-09,89.4299,90.68,88.59,89.8601,4743527
2008-07-10,90.05,91.7601,89.54,91.64,4386718
2008-07-11,90.77,92.08,89.27,90.55,5789279
2008-07-14,91.44,91.44,88.28,88.3901,5535517
2008-07-15,88.37,89.54,86.56,87.39,7184829
2008-07-16,87.4999,87.54,83.65,84.8701,9022711
2008-07-17,85.14,85.14,81.19,82.2,8797270
2008-07-18,82.95,84.19,81.8699,83.42,7039442
2008-07-21,83.87,85.63,82.87,85.17,5240115
2008-07-22,84.55,86.44,83.9499,84.58,5898915
2008-07-23,86.63,86.63,79.68,81.63,7910505
2008-07-24,81.4999,81.58,77.78,81.2301,10225627
2008-07-25,81.39,81.83,80.44,80.67,4981867
2008-07-28,80.38,81.9299,79.4499,79.4499,6037012
2008-07-29,79.16,80.17,78.4099,79.87,4844611
2008-07-30,80.07,80.61,78.9899,80.08,5092344
2008-07-31,79.7601,80.75,78.18,78.62,6445134
2008-08-01,79.04,79.25,75.4099,75.4399,7537432
2008-08-04,75.5299,76.96,73.44,73.4499,8044115
2008-08-05,73.77,74.88,72.3799,74.56,7694737
2008-08-06,74.4899,75.65,73.62,74.8899,6738152
2008-08-07,74.2801,76.61,73.5399,75.09,7787830
2008-08-08,75.43,75.48,73.8501,74.4899,5486306
2008-08-11,74.72,75.14,73.46,73.9,4864519
2008-08-12,73.62,74.42,73.1501,74.09,5007523
2008-08-13,73.9099,75.13,72.3799,74.88,5397279
2008-08-14,74.62,74.62,73.32,73.7001,5732638
2008-08-15,73.98,73.98,72.89,73.3899,4792036
2008-08-18,73.4199,74.2,72.91,73.3899,2950088
2008-08-19,72.22,74.0299,72.22,73.7301,3878212
2008-08-20,73.77,74.5,72.65,74.27,4059211
2008-08-21,73.5099,77.38,73.5,76.8501,5623562
2008-08-22,76.9999,77.02,75.79,75.8999,2836807
2008-08-25,76.11,76.34,74.5,74.8599,2515048
2008-08-26,74.96,76.47,74.7101,76.07,2691700
2008-08-27,75.9599,77.76,75.9599,77.36,3856902
2008-08-28,77.6801,78.4,76.8201,77.14,2857276
2008-08-29,76.8,77.4599,75.74,75.9599,2966632
2008-09-02,76.62,77.85,73.74,74.08,4265164
2008-09-03,74.07,74.08,71.1901,71.91,5886998
2008-09-04,73.66,73.66,70.19,70.62,7407747
2008-09-05,69.89,69.89,64.8799,64.9699,15726234
2008-09-08,65.8299,66.7801,64.9,66.45,8045798
2008-09-09,66.74,66.9599,62.39,62.53,13797643
2008-09-10,62.58,64.86,62.58,64.23,9769136
2008-09-11,64.22,66.85,63,66.7801,8524581
2008-09-12,66.4699,68.76,66.1401,68.39,8412421
2008-09-15,66.94,67.9099,65.5499,66.6,8399102
2008-09-16,66.06,66.55,62.8001,65.61,10898587
2008-09-17,64.61,64.78,61.5399,62.0299,10600802
2008-09-18,62.96,64.86,61.6701,63.95,8179408
2008-09-19,64.23,69,64.23,67.9399,10809280
2008-09-22,68.6501,69.36,67.95,68.3101,7622814
2008-09-23,68.58,69.05,66.89,67.12,7031310
2008-09-24,67.89,67.89,64.7301,66.4999,6575520
2008-09-25,66.9299,69.2001,66.4,68.39,4984250
2008-09-26,68.2501,68.72,65.96,67.16,4366389
2008-09-29,66.3201,66.8,60,61.16,9920131
2008-09-30,62.2801,63.3499,60.34,62.62,6292877
2008-10-01,61.9399,62.87,60.7801,62.5499,4943031
2008-10-02,62.0299,63.8401,58.4499,59.55,7751518
2008-10-03,60.7201,62.9799,58.3001,60.19,7403682
2008-10-06,59.07,60.19,54.0399,56.3999,8699971
2008-10-07,57.91,58.09,53.38,53.5,7805775
2008-10-08,52.11,54.82,49.68,51.27,13462284
2008-10-09,51.6,51.9899,47.6,48.1701,10031310
2008-10-10,46.46,49.4499,41.23,47.38,16853021
2008-10-13,48.09,55.83,47.2201,55.53,9288951
2008-10-14,57.58,58.55,51.4,55.63,15020187
2008-10-15,54.68,55.38,48.91,50.18,9928824
2008-10-16,50.18,52.52,47.55,51.88,11206466
2008-10-17,49.8499,58.3001,49.8499,54.4999,11582202
2008-10-20,53.55,54.7501,51.02,54.59,12333254
2008-10-21,54.1,55.16,52.3001,53.3699,7385035
2008-10-22,52.9399,52.9399,47.55,50.3101,9377277
2008-10-23,50.1301,51.8999,46.35,49.8799,11440180
2008-10-24,46.35,50.05,45.43,48.55,8323674
2008-10-27,48.0099,51.1701,46.87,47.1301,9315028
2008-10-28,48.0099,54.79,46.93,54.6,10700344
2008-10-29,54.28,54.7201,49.9399,51.86,10060752
2008-10-30,53.75,54.9899,51.94,54.61,5978408
2008-10-31,54.56,55.9099,53.36,54.24,6520281
2008-11-03,54.1,54.2301,52.04,53.05,5292270
2008-11-04,54.3201,57.51,54.16,57.37,6662725
2008-11-05,56.67,56.67,53.4899,53.8299,7061594
2008-11-06,53.8299,54.77,50.05,50.6,9188287
2008-11-07,51.03,54.48,50.59,53.82,6096176
2008-11-10,54.6,54.94,48.4,50.4899,9482427
2008-11-11,49.78,53.6,49.55,52.49,6336619
2008-11-12,51.36,51.55,49.57,50.57,5524861
2008-11-13,50.79,55.62,48.7501,55.58,8178567
2008-11-14,54.31,54.6,50.11,50.57,9244367
2008-11-17,50.56,52.96,49.4,51.06,5297597
2008-11-18,51.33,52.46,49.35,51.12,6094915
2008-11-19,51.04,52.46,48.83,49.23,6188288
2008-11-20,48.7501,49.96,44.23,45,10755723
2008-11-21,46.2,50.94,45.31,49.9999,12416673
2008-11-24,50.07,54.64,49.9999,53.11,9351200
2008-11-25,54.0399,55.16,52.7901,53.88,7259836
2008-11-26,53.94,55.41,52.44,55.03,5343443
2008-11-28,54.8399,56.2201,54.15,56.21,2018039
2008-12-01,55.56,55.9999,51.2001,51.27,5147864
2008-12-02,52.05,53.6201,50.8599,53.21,6938498
2008-12-03,52.1201,55.37,51.54,55.11,6429011
2008-12-04,54.6601,55.61,50.82,51.57,5999999
2008-12-05,50.91,53.53,48.76,53.0299,7306102
2008-12-08,54.3201,56.14,53.29,55,6671838
2008-12-09,54.5299,55,52.4,53.06,4821338
2008-12-10,54.1401,56.27,53.56,55.8201,5357883
2008-12-11,55.25,56.26,54,54.54,5518132
2008-12-12,52.99,55.1,52.4,54.71,4308346
2008-12-15,54.73,55.8499,52.7301,53.54,4497756
2008-12-16,53.4899,55.86,52.9999,55.72,6315029
2008-12-17,55.16,55.16,53.1,53.1,4393588
2008-12-18,53.76,54.59,52.13,52.58,6192914
2008-12-19,53.39,54.4399,52,52.71,6627114
2008-12-22,52.69,53.47,50.5,51.4099,4494391
2008-12-23,51.6601,52.35,50.82,51.6301,4678334
2008-12-24,51.67,52.52,51.27,52.49,833629
2008-12-26,52.77,53.3999,52.37,52.69,1633190
2008-12-29,52.65,52.84,51.4,52.57,2861202
2008-12-30,52.8201,54.59,52.8201,54.45,4411533
2008-12-31,54.3799,55.9,53.58,55.61,5422095
2009-01-02,55.75,57.55,54.91,57.1701,3673520
2009-01-05,57,57.7501,56.53,57.34,3716562
2009-01-06,57.7,58.98,56.9199,57.42,5152070
2009-01-07,56.64,57.0399,54.92,55.22,4688288
2009-01-08,55.19,55.5399,54.27,55.35,6768996
2009-01-09,56.17,56.17,53.91,54.1701,3932189
2009-01-12,54.3201,55.99,54.15,54.6,4055005
2009-01-13,54.45,55.19,52.8,53.2501,6091129
2009-01-14,52.6,52.99,50.59,52.75,5848723
2009-01-15,52.58,53.38,51.7,53.04,5545891
2009-01-16,54.12,55.55,53.42,54.8,4953406
2009-01-20,54.59,56.99,52.4799,52.65,5862884
2009-01-21,52.6101,53.48,50.76,53.15,6919571
2009-01-22,52.62,54.6601,52.1,53.88,5545611
2009-01-23,53.01,54.92,52.01,54.65,5169875
2009-01-26,54.8,57.24,54.4399,56.51,5698709
2009-01-27,56.97,57.24,55.22,55.44,6615057
2009-01-28,56.29,57.73,55.1501,57.24,5174221
2009-01-29,56.8599,58.2401,56.07,56.38,4818674
2009-01-30,57.97,57.97,53.8299,54.22,7066080
2009-02-02,53.61,55.7001,53.23,55.3001,6028320
2009-02-03,55.31,57.07,55,56.7701,4733993
2009-02-04,57.16,58.3301,56.7701,57.68,5206888
2009-02-05,56.82,58.2401,55.9999,57.11,8431628
2009-02-06,56.91,58.52,56.53,57.8101,5259323
2009-02-09,57.6901,58.66,56.78,57.43,3721469
2009-02-10,57,57.79,55.5,55.9999,6097438
2009-02-11,56.2201,56.7401,54.86,55.68,4410412
2009-02-12,55.5099,55.6,52.38,53.8001,5958640
2009-02-13,53.4899,54.49,53.39,53.69,4332460
2009-02-17,52.52,52.65,50.04,50.42,6723712
2009-02-18,50.2501,50.39,48.6301,49.11,5305168
2009-02-19,49.56,50.2201,49.14,49.68,5480979
2009-02-20,49.0199,49.3599,46.55,47.94,7727123
2009-02-23,47.48,48.8699,46.13,46.32,6573978
2009-02-24,46.6701,49.17,46.1801,48.7,7268248
2009-02-25,48.52,49.55,47.78,48.6901,6437704
2009-02-26,49.1501,49.9,47.69,47.88,5492475
2009-02-27,47.07,48.1401,46,47.2201,7417561
2009-03-02,46.2401,47.51,46.17,46.4799,7601223
2009-03-03,46.93,47.54,44.57,44.66,6354425
2009-03-04,44.99,46.47,44.88,45.7801,8262547
2009-03-05,45.36,45.36,43.49,44.1601,8742872
2009-03-06,44.54,46,43.29,44.6501,8202822
2009-03-09,44.21,45.0099,43.25,43.84,5178848
2009-03-10,44.79,46,42.2601,42.57,14990745
2009-03-11,42.0099,42.54,38.41,40.1501,18046684
2009-03-12,40.05,41.5,39.59,41.38,12518318
2009-03-13,41.8299,42.24,41.1601,42.02,7593793
2009-03-16,42.1101,44.14,41.53,43.22,8654546
2009-03-17,43.35,44.14,42.7501,44.1001,6455649
2009-03-18,43.9,44.9199,42.53,44.57,7972193
2009-03-19,44.9799,45.1,43.5,44.81,7125244
2009-03-20,44.8599,45.07,43.57,43.7601,7666977
2009-03-23,44.64,45.77,44.03,45.6901,5820123
2009-03-24,45.04,46,44.59,44.61,5459388
2009-03-25,45.12,45.8,43.9999,44.6,6230768
2009-03-26,45,46.03,44.44,45.89,5596644
2009-03-27,45.3799,46.06,44.3699,45.74,4487381
2009-03-30,44.7101,45.33,43.01,44.73,4998831
2009-03-31,45.03,46.11,44.79,45.39,5448873
2009-04-01,44.8899,45.86,44.55,45.28,4277782
2009-04-02,46.1201,47.8001,45.52,46.8799,6910178
2009-04-03,46.77,48.83,46.75,48.6,6452144
2009-04-06,48.2301,48.8999,47.38,47.7101,5753247
2009-04-07,46.8499,47.75,46.49,47.2801,3524628
2009-04-08,47.3101,47.97,46.8,47.87,3769277
2009-04-09,48.82,49.55,47.01,47.81,4079119
2009-04-13,47.7401,47.7401,46.6101,47.1,4043929
2009-04-14,47.09,47.1901,46.3001,46.5,4510655
2009-04-15,46.46,48.1701,45.2901,46.95,5421113
2009-04-16,47.3399,47.3399,45.25,45.7201,7688428
2009-04-17,45.98,46.52,45.2601,46.14,6875128
2009-04-20,45.4999,46.07,45.2001,45.7,5542947
2009-04-21,45.56,46.17,45.33,45.9899,4620712
2009-04-22,45.6901,46.2701,45.28,45.52,4976679
2009-04-23,45.33,46.17,44.6501,45.7801,4756706
2009-04-24,46.3301,46.4199,44.42,44.72,6278296
2009-04-27,44.75,46.3599,44.24,46,5484203
2009-04-28,45.6601,46.05,44.96,45.15,4640059
2009-04-29,45.58,46.3899,45.51,45.94,4726282
2009-04-30,46.46,46.89,45.45,46.13,6730301
2009-05-01,46.2401,47.08,45.9599,46.98,6260771
2009-05-04,47.3699,47.76,46.66,47.64,6290634
2009-05-05,47.36,47.7701,47.0299,47.4599,4042527
2009-05-06,47.97,48.1101,46.89,47.2,5897233
2009-05-07,47.6201,48.24,46.77,48.21,7808299
2009-05-08,48.68,51.37,48.58,50.15,9495045
2009-05-11,49.63,50.78,49.5099,50.26,4622955
2009-05-12,50.5,51.46,50.0299,51.16,5158519
2009-05-13,49.95,50.11,48.8399,49.2101,8372884
2009-05-14,49.34,49.83,48.4,48.91,4982287
2009-05-15,48.58,48.6,46.1501,47.2201,7604448
2009-05-18,47.21,47.7,45.53,46.07,7560005
2009-05-19,45.8999,47.5199,45.79,47.1301,6156603
2009-05-20,47.58,47.58,46.23,46.37,5351154
2009-05-21,45.85,46.01,45.3,45.92,4928731
2009-05-22,45.94,47.2801,45.8999,46.6401,4281007
2009-05-26,46.74,48.04,45.7,47.87,5473268
2009-05-27,47.8001,48.25,46.93,47.14,5739788
2009-05-28,47.55,48.52,47.24,47.8899,6114963
2009-05-29,48.25,48.4699,47.38,48.0099,6471352
2009-06-01,48.58,49.7301,48.13,49.2701,7737778
2009-06-02,49.05,49.78,48.4699,48.55,6411066
2009-06-03,48.15,48.45,46.23,46.8499,5999438
2009-06-04,47.2801,48.52,47.1,48.27,5412561
2009-06-05,48.6601,49.1201,47.67,48.46,4421487
2009-06-08,48.39,48.39,46.9,47.45,3564725
2009-06-09,47.7,48.3199,47.56,47.88,3304654
2009-06-10,48.42,50.61,48.42,50.33,9819187
2009-06-11,50.14,51.21,50.01,50.1301,8846620
2009-06-12,50.04,51.09,49.28,50.58,4928731
2009-06-15,50.41,50.4599,48.4399,49.19,4685344
2009-06-16,49.26,49.8799,48.68,48.9299,4385596
2009-06-17,49.06,49.3599,48.15,48.43,4815449
2009-06-18,49.3899,50.6801,49.1501,50.4599,5963687
2009-06-19,50.82,51,49.6,49.9399,6749508
2009-06-22,49.4199,49.9,48.9299,48.9899,4029769
2009-06-23,48.9899,49.96,48.42,49.46,6489858
2009-06-24,49.43,50.23,49.3899,50.15,5591737
2009-06-25,49.86,51.42,49.54,51,13326711
2009-06-26,51.07,51.28,50.5,50.7,9123655
2009-06-29,51,51.06,50.09,50.48,7940928
2009-06-30,50.57,51.3799,50.2801,51.21,10765117
2009-07-01,51.57,52.16,51.22,51.56,5189643
2009-07-02,51,51,48.94,49.37,10503924
2009-07-06,48.9899,49.3001,47.93,48.98,6431675
2009-07-07,48.9899,49.16,47.56,47.75,6632582
2009-07-08,48.57,48.89,47.76,48.21,6571174
2009-07-09,48.89,49.17,47.8899,48.4399,4719412
2009-07-10,48.2601,48.8,47.3,48.34,5528366
2009-07-13,48.56,49.77,48.25,49.53,5620197
2009-07-14,49.7001,50.1901,49.16,50.08,5076782
2009-07-15,50.59,51.73,50.35,51.6601,7746190
2009-07-16,51.5299,52.08,50.8899,51.9299,4285353
2009-07-17,51.8,52.09,50.66,51.42,4387699
2009-07-20,51.7,52.06,51.0099,52.05,5120384
2009-07-21,51.46,53.66,51.46,53.33,11018318
2009-07-22,53.01,53.44,52.01,52.6101,5493036
2009-07-23,52.5,54.45,52,54.03,6960509
2009-07-24,54.1401,54.4699,52.89,54.4399,6520982
2009-07-27,53.6801,54.4399,52.16,52.7301,7857789
2009-07-28,52.5099,52.7301,51.3,52.0199,6607626
2009-07-29,51.8,51.9899,50.8599,51.3499,5885596
2009-07-30,51.92,52.57,51.39,51.8099,5269978
2009-07-31,51.52,52.17,50.7101,50.8599,5607299
2009-08-03,51.33,51.5299,50.84,51.42,5319468
2009-08-04,51.1401,51.45,50.64,50.9199,4123983
2009-08-05,50.97,51.1101,49.58,49.93,5862323
2009-08-06,50.05,50.2801,49.07,49.6101,6185624
2009-08-07,49.93,50.3999,49.52,50.04,3647163
2009-08-10,49.77,50.48,49.4199,50.42,3108234
2009-08-11,50.33,50.6501,49.81,50.41,3290774
2009-08-12,49.9999,50.39,49.52,49.99,3632722
2009-08-13,49.9699,50.44,49.38,50.35,3679689
2009-08-14,50.05,50.6801,49.26,49.98,3799700
2009-08-17,49.53,49.9699,48.73,49.2701,3020609
2009-08-18,49.38,49.38,48.74,49.22,2840031
2009-08-19,48.92,49.7001,48.6,49.3299,5982194
2009-08-20,49.4499,49.5,48.6901,49.4,5018459
2009-08-21,49.83,51.39,49.62,51.1401,8885596
2009-08-24,51.62,51.83,50.96,51.19,4324329
2009-08-25,51.28,51.5299,50.8001,50.87,5379194
2009-08-26,50.6801,50.9799,50.21,50.6201,5005841
2009-08-27,50.81,50.87,50.08,50.59,5044116
2009-08-28,50.8299,50.8299,50.11,50.51,3233573
2009-08-31,50.23,50.44,49.81,50.02,3878353
2009-09-01,49.7601,50.44,49.17,49.4199,5805682
2009-09-02,49.26,49.49,48.6301,48.64,6396204
2009-09-03,49,49.2,48.3199,48.7201,5388867
2009-09-04,48.83,49.09,48.19,48.4999,4356014
2009-09-08,48.76,49.1201,48.52,48.74,5111271
2009-09-09,48.88,49.13,48.5299,48.65,4164080
2009-09-10,48.7501,49.03,48.2301,48.68,5994672
2009-09-11,48.7201,48.94,48.33,48.39,5227077
2009-09-14,48.25,49.3899,48,49.26,5559491
2009-09-15,49.3599,50.2801,49,50.14,7526357
2009-09-16,50.3999,51.65,49.9999,51.49,7968688
2009-09-17,51.3201,52.23,51.3,51.8099,7413075
2009-09-18,51.98,52.1801,51.3,51.37,5869473
2009-09-21,51.16,51.31,50.53,50.94,3800822
2009-09-22,50.55,51.6,50.55,51.22,5140573
2009-09-23,51.25,51.36,50.41,50.51,4994765
2009-09-24,50.4899,50.84,50.06,50.15,4806757
2009-09-25,49.9999,50.27,49.75,49.86,3520702
2009-09-28,49.9,50.66,49.71,50.2201,2406954
2009-09-29,50.42,50.56,49.7901,50.1,3199644
2009-09-30,50.05,50.15,49.2,49.62,6127441
2009-10-01,49.55,49.7901,48.49,48.49,5129357
2009-10-02,48.27,48.39,47.78,47.9799,6878773
2009-10-05,48.24,48.3499,47.58,48.18,4818113
2009-10-06,48.59,49.06,48.22,48.67,4982007
2009-10-07,48.8101,49.16,48.22,48.58,3774885
2009-10-08,49.05,49.09,48.3799,48.97,5365174
2009-10-09,49,49.63,48.95,49.4199,4688008
2009-10-12,49.65,50.1,49.25,49.59,5665622
2009-10-13,49.3899,49.6101,49.14,49.4,4092158
2009-10-14,49.75,50.1901,49.11,49.46,7171230
2009-10-15,49.4499,50.08,49.26,50.08,5505514
2009-10-16,49.75,50.4899,49.43,50.1,7386157
2009-10-19,50.09,51.16,50.01,50.96,5450415
2009-10-20,51.09,51.1701,49.7601,49.7901,5502289
2009-10-21,49.7901,50.6501,49.66,50.05,6225861
2009-10-22,50.07,50.88,49.9999,50.84,6243527
2009-10-23,50.6,50.9199,49.68,49.87,6569211
2009-10-26,49.9099,50.26,48.48,48.6,6799980
2009-10-27,48.59,48.9299,48.16,48.28,5664220
2009-10-28,48.37,48.83,47.6501,47.8001,6509907
2009-10-29,48.02,48.09,47.3699,47.9199,9436722
2009-10-30,47.84,47.9,46.43,46.96,9798578
2009-11-02,47.1601,47.1601,46.09,46.43,6868678
2009-11-03,46.25,46.43,45.8999,46.09,4863959
2009-11-04,46.28,47.06,46.23,46.56,4849097
2009-11-05,46.75,47.63,46.62,47.15,6196980
2009-11-06,46.99,47.44,46.54,46.7001,5862323
2009-11-09,47.17,47.58,46.78,47.5199,7460463
2009-11-10,47.08,47.51,46.8499,47.2,4606692
2009-11-11,47.54,47.54,46.92,46.9999,3553229
2009-11-12,47.05,47.23,46.01,46.07,6380362
2009-11-13,46.25,46.95,46.1501,46.6101,4196887
2009-11-16,46.96,47.5,46.93,47.41,4711000
2009-11-17,47.45,47.45,46.74,47.06,3664267
2009-11-18,46.96,47.1901,46.75,46.8799,4385035
2009-11-19,46.7601,46.8,46.16,46.3899,4523974
2009-11-20,46.38,46.98,46.1801,46.81,6753855
2009-11-23,47.17,47.6501,47.06,47.3999,5047200
2009-11-24,47.3999,47.6,47.12,47.4299,4980745
2009-11-25,47.53,48.51,47.3399,48.2901,6415272
2009-11-27,47.51,48.07,47.24,47.66,2939573
2009-11-30,48.08,48.25,47.67,48.18,6366622
2009-12-01,48.28,49.3001,48.28,49.0199,6069118
2009-12-02,49.52,49.9999,49.0199,49.96,7231796
2009-12-03,49.99,50.5,49.5,50.01,5410739
2009-12-04,50.38,50.82,48.7501,49.3001,5781568
2009-12-07,49.68,50.61,49.53,50.1601,5435834
2009-12-08,49.9999,50.33,49.57,49.9699,4372838
2009-12-09,50.01,50.3101,49.7601,50.3101,4200112
2009-12-10,50.61,51.2601,50.53,51.04,5717496
2009-12-11,51.36,51.8,50.8899,51.61,4714646
2009-12-14,51.89,51.98,51.1,51.3799,6982381
2009-12-15,51.3499,51.48,50.88,51.05,6710953
2009-12-16,51.37,51.37,50.18,50.26,6287970
2009-12-17,49.9399,50.02,48.64,49.55,7097905
2009-12-18,49.8799,50.1301,49.29,49.74,7085428
2009-12-21,49.9399,50.06,49.22,49.43,6062108
2009-12-22,49.6101,49.83,49.03,49.1,5743293
2009-12-23,49.1201,49.54,49.01,49.3899,3865034
2009-12-24,49.37,49.8,49.37,49.52,1041125
2009-12-28,49.69,49.87,49.14,49.41,4183428
2009-12-29,49.46,49.74,49.32,49.32,3898261
2009-12-30,49.25,49.49,49.23,49.4,3422002
2009-12-31,49.3899,49.57,48.8399,48.8699,2647397
2010-01-04,49.07,49.2101,48.77,48.88,6123375
2010-01-05,48.94,48.94,47.69,48.08,7321805
2010-01-06,48.07,48.3799,47.54,48.37,5732778
2010-01-07,48.12,48.62,48.12,48.5299,7188054
2010-01-08,48.3,48.49,48.21,48.3,7136601
2010-01-11,48.49,49.08,48.3799,48.86,7142629
2010-01-12,48.8,49.3899,48.52,49.07,6472894
2010-01-13,49.13,49.8799,49.09,49.66,5070754
2010-01-14,49.6401,49.65,49,49.08,7867744
2010-01-15,48.88,49.01,48.2901,48.6,8902420
2010-01-19,48.48,49.28,48.4099,49.2701,6632301
2010-01-20,49.0199,49.07,48.04,48.45,13118374
2010-01-21,48.57,48.9599,47.66,48.05,10182586
2010-01-22,47.93,48.03,46.58,46.6101,9877511
2010-01-25,47.11,47.1901,46.06,46.09,7763855
2010-01-26,46.17,46.8,45.6001,46.6,10961116
2010-01-27,46.6,46.6,45.76,46.28,8557387
2010-01-28,46.9999,46.9999,45.7201,45.9599,5567342
2010-01-29,46.9999,47.2,45.6001,45.62,8096410
2010-02-01,45.8399,46.4499,45.48,45.86,6040237
2010-02-02,45.88,46.35,45.51,46.14,5257079
2010-02-03,46.03,46.03,45.56,45.71,11165107
2010-02-04,45.6901,45.6901,44.72,44.75,12685296
2010-02-05,44.55,44.6501,43.4499,44.24,15147348
2010-02-08,44.69,44.7401,43.7601,43.7601,4281428
2010-02-09,44.1001,44.59,43.89,44.2201,6278577
2010-02-10,44.1301,44.41,43.71,44.3,6182960
2010-02-11,43.78,43.83,43.14,43.72,8954574
2010-02-12,43.57,43.6,42.97,43.3001,7413496
2010-02-16,43.59,44.27,43.5099,44.2,5715533
2010-02-17,44.54,44.54,43.89,43.99,4000046
2010-02-18,43.8499,44.56,43.7601,44.4599,5817178
2010-02-19,44.32,45.09,44.32,44.88,5396158
2010-02-22,45.18,45.18,44.61,44.69,4523553
2010-02-23,44.53,44.69,44.1001,44.14,5323254
2010-02-24,44.2,44.38,43.59,44.01,7191839
2010-02-25,43.58,43.87,43.0199,43.81,5968174
2010-02-26,43.81,43.96,43.25,43.3001,6759463
2010-03-01,43.6701,44.7,43.5099,44.4599,8170155
2010-03-02,44.55,44.79,44.18,44.3399,7494812
2010-03-03,44.4899,44.85,44.33,44.47,5531311
2010-03-04,44.64,44.79,44.3101,44.72,5698008
2010-03-05,44.94,45.57,44.9199,45.4999,5758435
2010-03-08,45.6001,45.7501,45.1701,45.33,3836012
2010-03-09,45.4699,45.4699,44.79,44.97,5434432
2010-03-10,45.1,45.2901,44.91,45.1101,5872137
2010-03-11,45.2601,45.4,44.75,44.93,4831993
2010-03-12,44.9499,45,44.04,44.1601,6865874
2010-03-15,44.24,44.42,44.02,44.3999,4472520
2010-03-16,44.42,45.42,44.42,45.34,6954060
2010-03-17,45.54,45.56,45.1401,45.3499,5065286
2010-03-18,45.08,45.24,44.47,44.67,6026918
2010-03-19,44.6201,44.9,44.2501,44.6201,7717309
2010-03-22,44.55,44.97,44.23,44.32,5658612
2010-03-23,44.26,44.51,44.03,44.3101,7978502
2010-03-24,44.44,44.44,43.5,43.56,8261425
2010-03-25,43.6101,43.84,43.05,43.29,8721562
2010-03-26,43.26,43.38,42.97,43.19,4386998
2010-03-29,43.5,43.93,43.31,43.92,4326712
2010-03-30,43.96,44.1901,43.81,43.96,3917048
2010-03-31,43.8,43.9999,43.56,43.81,3805729
2010-04-01,43.99,44.78,43.8499,44.2801,4626880
2010-04-05,44.44,44.6201,44.1001,44.3999,3688382
2010-04-06,44.2201,45.1,44.11,45.08,5098373
2010-04-07,45,45.04,44.55,44.73,4561547
2010-04-08,44.84,44.84,44.2801,44.4299,3745583
2010-04-09,44.41,44.41,43.95,44.26,4335264
2010-04-12,44.39,45,44.39,44.58,4335685
2010-04-13,44.63,44.6501,43.95,44.56,5353397
2010-04-14,44.5,44.53,44.23,44.53,4580755
2010-04-15,44.2801,44.5199,43.8499,44.41,5822646
2010-04-16,43.99,43.99,43.31,43.62,10084866
2010-04-19,43.6101,43.81,43.35,43.58,5464996
2010-04-20,43.98,44.15,43.71,44.12,4877278
2010-04-21,43.92,44.14,43.52,43.6,8395877
2010-04-22,43.6401,43.8499,43.17,43.65,7617627
2010-04-23,43.4,43.99,42.7801,43.95,10371856
2010-04-26,43.9999,44.47,43.56,43.62,8413823
2010-04-27,43.54,43.6701,42.8399,42.85,7522711
2010-04-28,43.14,43.55,42.8,43.38,12459434
2010-04-29,43.5,43.75,43.13,43.26,5600009
2010-04-30,43.3899,43.89,43.31,43.59,7490185
2010-05-03,43.8799,44.21,43.65,44.1301,3576642
2010-05-04,43.9099,43.9999,42.9599,43.17,6622627
2010-05-05,43,43.78,42.94,43.69,9571033
2010-05-06,43.35,43.35,28.2,41.8599,17422654
2010-05-07,41.6,42.07,40.9399,41.54,16496913
2010-05-10,42.7801,43,41.9799,42.6001,8349611
2010-05-11,42.4,43.19,42.27,42.68,5140713
2010-05-12,42.46,42.56,42.03,42.16,10447283
2010-05-13,42.15,42.7,42.05,42.07,8706140
2010-05-14,42,42.43,41.3699,41.6801,8831899
2010-05-17,41.78,41.91,40.92,41.35,7140947
2010-05-18,41.48,41.53,40.75,40.7901,5932843
2010-05-19,40.6401,40.7901,40.25,40.59,6835872
2010-05-20,40.11,40.1201,39.31,39.31,7665575
2010-05-21,38.27,39.58,38.27,39.43,7547667
2010-05-24,39.3199,39.67,38.88,38.94,4555939
2010-05-25,38.24,38.3999,37.47,38.38,9879754
2010-05-26,39.54,39.54,38.01,38.06,7768202
2010-05-27,38.6501,38.91,38.41,38.91,7341713
2010-05-28,38.91,39.06,38.51,38.6,5723244
2010-06-01,38.45,38.54,37.62,37.65,6215066
2010-06-02,37.4,37.9399,37.2401,37.92,8901999
2010-06-03,38.04,38.51,37.81,38.41,8355219
2010-06-04,38.05,38.3101,37.5,37.63,9756378
2010-06-07,37.77,38.42,37.6401,37.7301,7044910
2010-06-08,37.98,38.5901,37.65,38.5,11037806
2010-06-09,38.75,38.97,38.26,38.5901,9258528
2010-06-10,39.33,40.05,39.2001,40.04,9348957
2010-06-11,39.82,40.37,39.45,39.89,6498971
2010-06-14,40.17,40.43,39.9599,40.25,6205112
2010-06-15,40.28,40.93,40.28,40.92,5835825
2010-06-16,40.7601,41.2801,40.47,41.2,6393821
2010-06-17,41.06,41.06,40.14,40.9099,7828908
2010-06-18,40.9399,41.33,40.78,41.24,6582110
2010-06-21,41.6,41.6201,40.54,40.75,5596784
2010-06-22,40.75,40.9699,39.62,39.7501,7572903
2010-06-23,39.6601,39.7501,38.91,39.03,7904616
2010-06-24,39.07,39.45,38.61,38.6501,7209505
2010-06-25,38.87,38.87,38.11,38.3699,8786755
2010-06-28,38.58,38.99,38.1301,38.78,4622674
2010-06-29,38.53,38.53,37.86,38.07,6797317
2010-06-30,37.9699,38.3999,37.84,37.9699,7624777
2010-07-01,38.09,38.18,37.63,38.05,8203663
2010-07-02,38.2201,38.2201,37.66,37.8799,4809000
2010-07-06,38.02,38.75,37.96,38.33,8187820
2010-07-07,38.3399,39.82,38.21,39.65,10044769
2010-07-08,40.11,40.5,39.9299,40.49,8351994
2010-07-09,40.35,40.65,39.86,40.62,4637255
2010-07-12,40.6401,40.9099,40.3599,40.87,5591176
2010-07-13,40.96,41.39,40.72,40.98,5058837
2010-07-14,41.04,41.42,40.7601,41.42,6686418
2010-07-15,41.48,41.8899,41.09,41.76,6398868
2010-07-16,41.57,41.9799,41.44,41.48,9518739
2010-07-19,41.6801,41.91,41.2801,41.82,4235863
2010-07-20,41.3,42.59,41.3,42.59,7170389
2010-07-21,42.71,42.7201,41.55,41.9499,6362136
2010-07-22,42.02,42.48,41.47,41.8001,10149779
2010-07-23,41.7401,41.7401,40.4499,41.02,9936815
2010-07-26,41.2801,41.3,40.62,40.9399,7001868
2010-07-27,41.23,41.9199,40.83,41.8899,8215580
2010-07-28,41.79,42.42,41.64,42.39,9164874
2010-07-29,42.68,42.74,41.57,41.93,10130852
2010-07-30,41.66,42.02,41.26,41.8299,5962005
2010-08-02,42,42.4699,41.6501,42.43,6495606
2010-08-03,42.2301,42.68,42.19,42.42,5202401
2010-08-04,42.51,42.6301,42.06,42.45,5418029
2010-08-05,42.16,42.37,41.87,42.16,8614729
2010-08-06,41.91,42.27,41.59,42.1701,5816337
2010-08-09,42.33,42.4999,42.12,42.37,4145293
2010-08-10,42.05,42.94,41.91,42.6001,5729413
2010-08-11,42.3199,42.3199,41.94,41.99,6322319
2010-08-12,41.26,41.59,41.06,41.2501,5802177
2010-08-13,41.18,41.72,41.18,41.3699,4628843
2010-08-16,41.1901,41.36,40.93,41.21,3745163
2010-08-17,41.45,41.82,41.32,41.36,5939573
2010-08-18,41.4299,41.45,40.7601,41.15,5800214
2010-08-19,41.01,41.01,40.34,40.56,5655948
2010-08-20,40.29,40.52,40.14,40.41,5197915
2010-08-23,40.65,41.12,40.5099,40.55,6152537
2010-08-24,40.2701,40.47,40.0199,40.05,9219412
2010-08-25,39.9299,40.16,39.52,40.03,6216748
2010-08-26,40.2101,40.3899,39.95,40.08,4861996
2010-08-27,40.2701,40.9,39.9299,40.7601,4813487
2010-08-30,40.63,40.92,40.4499,40.52,4326993
2010-08-31,40.4,40.86,40.05,40.72,7005514
2010-09-01,41.1001,41.72,40.81,41.66,5523459
2010-09-02,41.8599,41.9,41.2801,41.72,5371763
2010-09-03,41.9799,42.2901,41.75,42.22,5605336
2010-09-07,41.99,42.27,41.7101,41.75,4803252
2010-09-08,41.87,42.25,41.82,41.9499,5029254
2010-09-09,42.1701,42.6001,42.1701,42.48,4542480
2010-09-10,42.6601,42.9599,42.4,42.82,5566361
2010-09-13,43.07,43.13,42.65,42.68,6268482
2010-09-14,42.6901,42.7201,42.18,42.2301,5854752
2010-09-15,42.1701,42.4399,42,42.2901,3744602
2010-09-16,42.2301,42.27,41.8899,42.1401,3384148
2010-09-17,42.4099,42.4099,41.8899,42.1101,9016402
2010-09-20,42.18,42.7801,42.13,42.74,3987709
2010-09-21,42.67,42.7201,42.2301,42.3499,5316244
2010-09-22,42.37,43.1501,42.37,42.92,5658612
2010-09-23,42.7501,42.7501,42.2001,42.2601,5499766
2010-09-24,42.6301,43.2,42.61,42.98,4353070
2010-09-27,43.06,43.32,42.98,43.09,3193616
2010-09-28,43.16,43.3001,42.77,43.04,3703103
2010-09-29,42.89,42.95,42.55,42.82,3354565
2010-09-30,43,43.09,42.3799,42.58,4745209
2010-10-01,42.8999,43.07,42.55,43.03,5426301
2010-10-04,42.92,43.23,42.45,42.71,4275679
2010-10-05,42.9899,43,42.48,42.91,7453032
2010-10-06,42.8399,42.9599,42.49,42.85,4921861
2010-10-07,42.97,43.08,42.73,42.92,2932003
2010-10-08,43.04,43.22,42.7801,43.2,4094962
2010-10-11,43.1501,43.38,42.9599,43.2,3144686
2010-10-12,43.2101,43.22,42.8,43.03,3764370
2010-10-13,43.34,43.38,43,43.19,5284839
2010-10-14,43.2101,43.38,42.77,43.0199,4143611
2010-10-15,43.23,43.32,42.88,43.1501,5878446
2010-10-18,43.31,44.08,43.2,44.01,11468220
2010-10-19,43.65,44.23,43.59,43.74,7445321
2010-10-20,43.8,44.4899,43.7901,44.2801,4918076
2010-10-21,44.38,44.4899,43.3299,43.52,8288203
2010-10-22,43.52,43.52,41.8599,42,12625991
2010-10-25,42.08,42.3199,41.2501,41.33,11108046
2010-10-26,41.26,41.4599,41.03,41.1001,7793438
2010-10-27,40.92,40.96,40.3899,40.93,7276801
2010-10-28,41.1301,41.2501,40.71,40.98,6030983
2010-10-29,40.98,40.98,40.57,40.8199,7328955
2010-11-01,41.09,41.5,40.7001,40.9,8035703
2010-11-02,41.21,41.36,40.87,41.02,6431114
2010-11-03,41.11,41.1601,40.52,40.75,5604916
2010-11-04,41.03,41.17,40.9,41.17,20750862
2010-11-05,41.17,41.2801,40.95,41.17,12457331
2010-11-08,41.2,41.41,41.11,41.3399,12361995
2010-11-09,41.4599,41.82,41.3999,41.55,9666650
2010-11-10,41.17,41.17,40.38,40.63,6774324
2010-11-11,40.47,40.72,40.2999,40.6,5007243
2010-11-12,40.34,40.38,39.95,40.05,8602251
2010-11-15,40.2,40.43,40.1201,40.17,6106551
2010-11-16,40.08,40.1501,39.7201,39.82,7848817
2010-11-17,39.76,40.19,39.6901,40,6365921
2010-11-18,40.3899,40.4,39.88,40.0199,6109075
2010-11-19,39.9299,40.09,39.3199,40,5765445
2010-11-22,39.9599,40,39.49,39.88,4000046
2010-11-23,39.64,39.74,39.4,39.58,4991260
2010-11-24,39.7801,39.82,39.4099,39.7201,5579399
2010-11-26,39.49,39.74,39.31,39.53,1891719
2010-11-29,39.3799,39.49,39.05,39.36,4073932
2010-11-30,39.1401,39.49,39.07,39.37,6454247
2010-12-01,39.71,39.73,39.28,39.4399,6764510
2010-12-02,39.4,39.6901,39.2601,39.55,5359285
2010-12-03,39.53,40.14,39.39,40.05,12615476
2010-12-06,40.1,40.1,39.77,39.7801,4873492
2010-12-07,40.04,40.2,39.36,39.46,5989484
2010-12-08,39.57,39.7801,39.4399,39.61,6260210
2010-12-09,39.6301,39.7,39.31,39.61,6421160
2010-12-10,39.8399,40.1801,39.61,40.04,8075099
2010-12-13,40.68,41.2201,40.31,40.77,9668192
2010-12-14,40.84,41.2501,40.7901,40.93,6810916
2010-12-15,40.89,41.26,40.72,40.83,6866996
2010-12-16,40.9099,41.01,40.22,40.95,6509206
2010-12-17,40.87,41.11,40.63,41.08,12546638
2010-12-20,41.18,41.4899,41.15,41.35,5415505
2010-12-21,41.39,41.6801,41.27,41.3,6135152
2010-12-22,41.35,41.9799,41.32,41.8599,5428123
2010-12-23,41.84,42.3,41.78,41.8899,4821758
2010-12-27,41.8599,42.15,41.6201,41.78,3834470
2010-12-28,41.76,41.99,41.61,41.96,3880596
2010-12-29,41.99,42,41.42,41.57,4956210
2010-12-30,41.42,41.6801,41.3,41.48,3242686
2010-12-31,41.4899,41.79,41.3,41.64,2937891
2011-01-03,41.9799,42.0099,41.63,41.94,4634451
2011-01-04,42,42.54,41.8001,42.4699,5359706
2011-01-05,42.4999,42.73,42.37,42.71,7350966
2011-01-06,42.6601,42.89,42.37,42.67,5989064
2011-01-07,42.67,42.7801,42.25,42.58,4121179
2011-01-10,42.4999,42.53,42.1,42.2301,4560706
2011-01-11,42.37,42.37,41.8899,41.99,5840452
2011-01-12,42.21,43.0199,42,42.58,6223057
2011-01-13,42.56,42.64,42.07,42.37,4500560
2011-01-14,42.49,42.8699,42.2001,42.8699,4321525
2011-01-18,42.74,43.09,42.4999,42.92,5524441
2011-01-19,42.91,43.04,42.6001,42.82,3915085
2011-01-20,42.7201,43.46,42.4999,43.35,9315028
2011-01-21,43.4799,43.5,43.1501,43.2101,7008318
2011-01-24,43.25,43.53,43.1,43.4,11387745
2011-01-25,43.26,43.53,43.01,43.2,7017150
2011-01-26,43,43.46,42.71,43.03,9052994
2011-01-27,42.94,43.13,42.42,42.51,8800634
2011-01-28,42.51,42.82,41.88,41.91,7100850
2011-01-31,42.2001,42.68,42.05,42.51,5203243
2011-02-01,42.79,42.8,42.2901,42.64,5079446
2011-02-02,42.58,42.9899,42.42,42.52,4702729
2011-02-03,42.4,43.22,42.31,43.14,21069817
2011-02-04,43.08,43.25,42.62,42.7501,18436020
2011-02-07,42.82,43.26,42.7501,43.2401,18917186
2011-02-08,43.13,43.1801,42.9299,43.0199,6130105
2011-02-09,42.89,43.16,42.71,43.08,5032479
2011-02-10,43.04,43.3001,42.92,43.2701,5721282
2011-02-11,42.55,42.7201,42.02,42.06,8459247
2011-02-14,41.96,42.05,41.41,41.47,6258528
2011-02-15,41.42,41.4899,41.04,41.2,7670202
2011-02-16,41.23,41.59,41.03,41.1901,6864192
2011-02-17,41.27,41.67,41.2,41.3699,5753808
2011-02-18,41.4899,41.61,41.33,41.58,6228946
2011-02-22,41.33,41.82,41.2801,41.7701,7098466
2011-02-23,41.78,41.94,41.3399,41.3399,5931301
2011-02-24,41.41,41.41,40.9999,41.2,4546686
2011-02-25,41.2801,41.35,41.1301,41.29,3085101
2011-02-28,41.41,41.9499,41.3399,41.76,4802831
2011-03-01,41.7701,41.8299,40.9999,41.1001,5929479
2011-03-02,41.14,41.2501,40.92,41.04,4341153
2011-03-03,41.2201,41.48,41.1901,41.39,4556079
2011-03-04,41.51,41.69,40.8799,41.1301,5401345
2011-03-07,41.26,41.99,41.26,41.82,7702868
2011-03-08,41.96,42.31,41.93,41.9499,5384802
2011-03-09,41.97,43.46,41.97,43.2701,14058835
2011-03-10,43.3299,43.55,42.67,42.9599,10769603
2011-03-11,43.1,43.58,42.8999,43.16,6630198
2011-03-14,40.9999,42.97,40.8,42.89,29851945
2011-03-15,41.5199,41.78,40.4799,41.3399,18137534
2011-03-16,41.15,41.17,39.06,39.95,19422467
2011-03-17,40.29,40.41,39.13,40.1801,15372650
2011-03-18,40.4799,40.59,39.7,40.03,9750069
2011-03-21,40.2999,40.56,40.1,40.4,4990840
2011-03-22,40.49,41.27,40.4,41.07,7704551
2011-03-23,40.98,41.06,40.63,40.9099,4478969
2011-03-24,40.92,41.18,40.57,41.01,5046219
2011-03-25,41.1301,41.18,40.56,40.59,4675109
2011-03-28,40.57,40.7901,40.16,40.19,5062622
2011-03-29,40.1801,40.86,40.13,40.77,4371857
2011-03-30,40.98,41.66,40.92,41.4599,5591316
2011-03-31,41.38,41.44,41.05,41.24,6279979
2011-04-01,41.27,41.38,41.08,41.1601,4895784
2011-04-04,41.1601,41.27,40.95,41.06,3326666
2011-04-05,41.01,41.04,40.71,40.75,4827086
2011-04-06,40.7901,41.2,40.7301,40.9399,3988830
2011-04-07,40.8199,40.89,40.5,40.66,5402467
2011-04-08,40.83,40.83,40.26,40.44,3553509
2011-04-11,40.53,40.53,39.83,39.8699,6654313
2011-04-12,39.7801,39.94,39.53,39.77,5478736
2011-04-13,40.0199,40.32,39.8999,39.8999,3838956
2011-04-14,39.68,40.3299,39.65,40.2,5859519
2011-04-15,40.2,40.7601,40.13,40.65,5286662
2011-04-18,40.3899,40.6401,40.06,40.3299,3891812
2011-04-19,40.3299,40.4,40.05,40.29,2948686
2011-04-20,40.6701,40.9099,40.3899,40.54,6450181
2011-04-21,40.72,40.74,40.49,40.65,4008178
2011-04-25,40.6401,40.95,40.54,40.77,2521637
2011-04-26,40.9699,41.4899,40.84,41.17,4215534
2011-04-27,41.58,41.64,40.8799,41.4899,7738619
2011-04-28,41.6501,42.34,40.69,42.18,24328345
2011-04-29,42.24,42.3499,41.82,42.1701,14735861
2011-05-02,42.2001,42.4,41.6,41.79,10031170
2011-05-03,41.63,42.68,41.63,42.2601,8236750
2011-05-04,42.24,42.2901,41.6,41.7401,12471912
2011-05-05,41.72,41.7401,40.96,41.11,8342180
2011-05-06,41.4899,41.72,41.1601,41.27,7135900
2011-05-09,41.4299,41.48,41.03,41.1901,5806523
2011-05-10,41.3399,42.49,41.26,42.07,12286147
2011-05-11,42.09,42.21,41.82,42.09,7277221
2011-05-12,41.6201,42.1,41.55,42,7349985
2011-05-13,42.08,42.3799,41.58,41.7401,7268389
2011-05-16,41.73,42.8399,41.73,41.8599,10709878
2011-05-17,41.8299,42.03,41.6801,41.9799,5797410
2011-05-18,41.96,42.05,41.5,41.64,4115150
2011-05-19,41.8001,41.93,41.58,41.7401,4364286
2011-05-20,41.75,42.36,41.57,42.2601,10089914
2011-05-23,41.9,42.42,41.81,42.04,9320496
2011-05-24,42.12,42.3499,42.0099,42.12,6707168
2011-05-25,42.06,42.06,41.59,41.7701,6829142
2011-05-26,41.6801,41.8599,41.48,41.69,3909757
2011-05-27,41.6501,41.96,41.58,41.7,3062669
2011-05-31,42,42.05,41.73,41.85,6924478
2011-06-01,41.8599,42.0099,41.67,41.72,7810542
2011-06-02,41.6501,41.7101,41.3699,41.6501,7775071
2011-06-03,41.36,41.87,41.2501,41.47,5891204
2011-06-06,41.38,41.8001,41.15,41.53,5921768
2011-06-07,41.73,42.09,41.44,41.44,6303672
2011-06-08,41.4899,41.97,41.4299,41.67,5549957
2011-06-09,41.6801,42.21,41.5,41.63,10220300
2011-06-10,41.75,42.0099,41.5,41.8599,7875875
2011-06-13,41.8899,42.0099,41.64,41.8001,6919291
2011-06-14,42.0099,42.12,41.57,42.0099,7613421
2011-06-15,41.88,41.99,40.9999,41.09,7478689
2011-06-16,41.14,41.6201,41.11,41.53,6377137
2011-06-17,41.7401,42.02,41.63,41.7401,5536778
2011-06-20,41.6501,42,41.4299,41.9799,7870548
2011-06-21,42.06,42.27,41.72,41.85,6256846
2011-06-22,41.78,41.9,41.51,41.5199,4313954
2011-06-23,41.2501,41.3399,40.9099,41.32,7030890
2011-06-24,41.4899,42.2001,41.4899,42.02,13083324
2011-06-27,42.19,42.37,42.09,42.25,5286662
2011-06-28,42.37,42.7,42.34,42.56,7566314
2011-06-29,42.6301,42.83,42.43,42.7501,4767361
2011-06-30,42.89,42.89,42.52,42.8399,4550471
2011-07-01,42.8399,43.4,42.58,43.35,5661276
2011-07-05,43.2401,43.3001,42.89,42.9599,4962940
2011-07-06,42.86,43.13,42.65,42.94,4719553
2011-07-07,43.14,43.8,43.04,43.74,8037386
2011-07-08,43.5099,43.66,43.14,43.63,7222403
2011-07-11,43.23,43.35,42.95,43.0199,5002336
2011-07-12,43.08,43.7001,43.01,43.3299,7118655
2011-07-13,43.44,43.6101,43.0199,43.14,5011729
2011-07-14,43.16,43.55,43.1,43.22,6201747
2011-07-15,43.32,43.5,43,43.37,6883960
2011-07-18,43.32,43.4,42.8699,43.11,5303906
2011-07-19,43.06,43.4799,42.85,43.3599,4393728
2011-07-20,43.4499,43.86,43.3001,43.63,5124030
2011-07-21,43.8,44.2,43.75,43.93,9147629
2011-07-22,44.06,44.07,43.6101,43.7001,6307598
2011-07-25,43.7301,44.7,43.72,44.27,9878913
2011-07-26,44.35,44.36,43.95,44.23,9586736
2011-07-27,44.6,45.27,44.03,44.59,12521402
2011-07-28,44.6201,44.8001,44.35,44.6201,7201934
2011-07-29,44.32,44.56,43.9999,44.07,7242592
2011-08-01,44.48,44.58,43.77,44.33,8721141
2011-08-02,44.08,44.17,43.5099,43.53,10024160
2011-08-03,43.4199,43.6,42.88,43.54,10322225
2011-08-04,43.22,43.54,41.91,41.93,16301194
2011-08-05,42.2301,42.46,40.9999,41.9799,18586735
2011-08-08,41.36,41.84,39.7501,39.94,16872089
2011-08-09,40.3299,41.3999,39.51,41.39,27347132
2011-08-10,40.8,41.38,40.19,40.3299,14440740
2011-08-11,40.22,41.6201,39.88,41.08,12926580
2011-08-12,41.3399,41.57,40.56,40.72,8559631
2011-08-15,41.05,42.3199,40.9699,42.24,9875968
2011-08-16,41.75,42.45,41.6,42.1701,8463173
2011-08-17,42.39,43.08,42.3799,42.51,7258855
2011-08-18,41.82,42.1701,41.3699,41.9199,10456256
2011-08-19,41.8899,42.28,41.45,41.75,7832413
2011-08-22,42.28,42.3799,41.39,41.63,7122440
2011-08-23,41.81,42.3799,41.41,42.2301,8463313
2011-08-24,42.15,43.26,42.08,43.05,6971024
2011-08-25,43.1,43.17,42.1401,42.3,7665155
2011-08-26,42.18,42.24,41.3,42.0099,9090848
2011-08-29,42.34,42.97,42.33,42.95,6996401
2011-08-30,42.86,43.01,42.51,42.8399,7642302
2011-08-31,43.1801,43.26,42.8999,43.1201,6364239
2011-09-01,43.1801,43.4799,42.86,43.09,7016029
2011-09-02,42.57,42.9299,42.4399,42.61,5501728
2011-09-06,42.0099,42.4,41.59,42.37,7064818
2011-09-07,42.71,42.9599,42.3199,42.77,7743246
2011-09-08,42.6301,43.37,42.4099,42.94,6255444
2011-09-09,42.77,42.82,41.91,42.3799,8820122
2011-09-12,41.96,42.46,41.8001,42.4399,6417655
2011-09-13,42.51,42.54,42.0099,42.25,7813206
2011-09-14,42.3199,42.57,41.82,42.16,7943592
2011-09-15,42.45,43.07,42.3199,42.91,7205719
2011-09-16,43.2,43.75,43.04,43.43,8469482
2011-09-19,43,43.47,42.89,43.31,7240769
2011-09-20,43.49,44.66,43.4,44.07,9094914
2011-09-21,44.17,44.6801,43.41,43.44,6992335
2011-09-22,42.95,42.95,41.94,42.3499,11114355
2011-09-23,42.04,42.89,41.93,42.43,8207028
2011-09-26,42.76,42.91,42.16,42.53,17247965
2011-09-27,43.3001,43.3299,42.7501,42.91,7623515
2011-09-28,42.95,43.23,42.74,42.76,7982567
2011-09-29,43.14,43.41,42.8399,43.3001,8257079
2011-09-30,43.1801,43.37,42.61,42.61,9058462
2011-10-03,42.51,42.8,41.17,41.2,10573463
2011-10-04,41.08,41.1301,40.1501,40.95,13879800
2011-10-05,41.03,41.1301,39.9299,40.7301,15482286
2011-10-06,40.77,41.3999,40.62,41.24,10909943
2011-10-07,41.5,42.15,41.42,41.93,11047059
2011-10-10,42.36,42.61,42.1701,42.61,6589120
2011-10-11,42.52,42.54,41.87,42.1,7254369
2011-10-12,42.08,42.8999,42.02,42.65,8118702
2011-10-13,42.56,42.8101,42.18,42.76,5415786
2011-10-14,43.01,43.31,42.82,43.23,6171043
2011-10-17,42.85,43.29,42.65,42.73,5042153
2011-10-18,42.73,42.8999,42.21,42.68,7835778
2011-10-19,42.7201,43.2401,42.42,42.54,4803112
2011-10-20,42.6301,42.94,42.4099,42.7201,5085194
2011-10-21,43.04,43.35,43.01,43.31,6226282
2011-10-24,43.17,43.2701,42.76,42.92,6427469
2011-10-25,42.7201,42.9899,42.3,42.31,9805588
2011-10-26,42.77,42.8999,42,42.71,9182119
2011-10-27,43.35,44.45,43.2101,44.2201,11948545
2011-10-28,44.1001,44.67,43.72,44.57,11175342
2011-10-31,44.32,44.82,44.26,44.39,8185437
2011-11-01,43.93,44.26,43.5,43.6,10345218
2011-11-02,44.1001,44.56,44.03,44.23,6487475
2011-11-03,44.5,44.8001,44.26,44.59,20748198
2011-11-04,44.2801,44.35,43.53,44.02,16015326
2011-11-07,44.2801,44.85,43.9699,44.8299,20750161
2011-11-08,44.8299,45.3499,44.7,45.34,10386437
2011-11-09,44.8299,45.45,44.6801,44.9799,11248526
2011-11-10,44.72,44.9499,44.24,44.41,8295774
2011-11-11,44.8001,45.22,44.73,45.06,4645807
2011-11-14,44.9,45.02,44.41,44.6501,5581783
2011-11-15,44.55,44.7401,44.27,44.3699,6973408
2011-11-16,44.14,44.24,43.65,43.69,6705766
2011-11-17,43.71,43.96,43.06,43.4,7857369
2011-11-18,43.63,43.9699,43.54,43.68,5411019
2011-11-21,43.16,43.46,42.9599,43.2401,5380315
2011-11-22,43.2701,43.35,42.52,42.55,6965416
2011-11-23,42.2301,42.37,41.7401,41.8899,5214879
2011-11-25,41.8899,42.24,41.8001,41.93,2199317
2011-11-28,42.6601,42.92,42.46,42.6901,5907047
2011-11-29,42.85,43.1201,42.74,42.94,5376109
2011-11-30,43.84,44.3399,43.3599,44.3101,9086222
2011-12-01,44.15,44.45,43.95,44.05,5790400
2011-12-02,44.14,44.21,43.2701,43.3299,7931254
2011-12-05,43.57,43.9999,43.46,43.7301,5582343
2011-12-06,43.92,43.9999,43.49,43.72,7731189
2011-12-07,43.4499,43.8499,43.3299,43.6401,5479437
2011-12-08,43.5099,43.6,42.8999,43.0199,5953032
2011-12-09,43.5,43.6401,43.11,43.58,6728198
2011-12-12,43.4799,43.54,42.7501,43.06,6589961
2011-12-13,43.2,43.7901,43.1201,43.31,6670576
2011-12-14,43.34,43.4799,42.92,42.94,5183194
2011-12-15,43.09,43.4799,42.8999,43.25,13919617
2011-12-16,43.3599,43.55,42.7,42.8399,10424431
2011-12-19,42.8999,42.98,41.97,42.05,8101317
2011-12-20,42.51,42.61,42.03,42.33,8282175
2011-12-21,42.34,43.44,41.88,43.38,21789183
2011-12-22,43.5,43.6701,43.05,43.35,6964435
2011-12-23,43.49,43.75,43.3599,43.52,3423123
2011-12-27,43.4499,43.7901,43.41,43.68,2824049
2011-12-28,43.7001,43.84,43.4499,43.49,2892606
2011-12-29,43.55,43.83,43.5,43.71,3484110
2011-12-30,43.9099,43.9099,43.37,43.37,3093653
2012-01-03,43.22,43.7001,41.6,42.07,15037852
2012-01-04,41.88,41.97,41.3399,41.39,9953779
2012-01-05,41.29,41.51,40.8799,41.2501,10997428
2012-01-06,41.38,41.38,40.9,41.09,7476586
2012-01-09,41.11,41.54,40.9999,41.3999,14797549
2012-01-10,41.64,41.75,41.09,41.12,9133189
2012-01-11,41.07,41.17,40.41,40.5,14739506
2012-01-12,40.65,40.75,40.0199,40.1801,11719178
2012-01-13,40.0199,40.05,39.6301,39.74,13063415
2012-01-17,40.29,40.4,39.45,39.55,10965042
2012-01-18,39.6001,39.77,39.3199,39.58,12150573
2012-01-19,39.74,39.86,39.3499,39.4999,9959247
2012-01-20,39.4,39.65,39.27,39.36,10776753
2012-01-23,39.46,39.9599,39.46,39.83,12622767
2012-01-24,39.64,39.74,39.1401,39.22,10681417
2012-01-25,39.22,40.05,38.57,40.01,19693754
2012-01-26,40.05,40.35,39.7,39.9899,13097063
2012-01-27,39.82,39.82,39.2001,39.55,12354704
2012-01-30,39.39,39.73,39.15,39.7201,31340729
2012-01-31,39.83,39.8999,39.51,39.7801,7551172
2012-02-01,39.91,40.03,39.4999,39.74,9543274
2012-02-02,39.89,39.8999,39.4099,39.64,7864379
2012-02-03,39.82,39.88,39.52,39.7201,6819608
2012-02-06,39.7501,39.86,39.57,39.86,8504392
2012-02-07,39.8,40.1501,39.58,40.03,8664220
2012-02-08,40.1201,40.2401,39.8,40.2101,7484437
2012-02-09,40.14,40.31,39.9299,40.05,43049251
2012-02-10,39.89,40.0199,39.7201,39.8399,10589867
2012-02-13,39.57,39.6901,39.16,39.2301,8280492
2012-02-14,39.1,39.22,38.82,39.03,12997942
2012-02-15,39.1701,39.22,39,39.09,8010047
2012-02-16,39.18,39.68,39.16,39.4999,8593279
2012-02-17,39.67,39.7201,39.25,39.27,10817411
2012-02-21,39.37,39.4999,38.9,38.9199,9055238
2012-02-22,38.96,39.3199,38.8299,39.18,9086222
2012-02-23,39.1701,39.18,38.9,39.02,7148518
2012-02-24,39.03,39.45,39.0099,39.27,12700297
2012-02-27,39.19,39.27,39.03,39.15,5315543
2012-02-28,39.15,39.27,38.85,39.0099,6082297
2012-02-29,39.03,39.28,38.96,39.07,8640526
2012-03-01,39,39.16,38.7999,38.97,6933030
2012-03-02,38.9499,39.03,38.7999,38.88,6092812
2012-03-05,38.79,39.04,38.6201,38.9799,6419898
2012-03-06,38.84,38.94,38.6,38.72,7960135
2012-03-07,38.7701,38.7701,38.45,38.4899,9764089
2012-03-08,38.57,38.63,38.44,38.4599,6317552
2012-03-09,38.64,38.91,38.3101,38.91,9211420
2012-03-12,38.8899,39.95,38.8899,39.8099,30459011
2012-03-13,39.8,39.89,39.58,39.6001,14515747
2012-03-14,39.71,39.7801,39.05,39.1,9689502
2012-03-15,39.13,39.2601,38.82,38.9499,8807364
2012-03-16,38.97,39,38.75,38.8599,11423356
2012-03-19,38.79,39.21,38.79,38.97,7709878
2012-03-20,38.8899,39.03,38.7999,38.8299,7020235
2012-03-21,38.82,38.87,38.58,38.58,6402934
2012-03-22,38.55,39.07,38.51,38.99,8523459
2012-03-23,39,39.13,38.82,38.84,6020889
2012-03-26,38.96,39.06,38.75,38.9799,6979296
2012-03-27,38.97,39.25,38.9499,39.09,8111131
2012-03-28,39.02,39.13,38.76,38.85,7318861
2012-03-29,38.7401,39.15,38.7,39.12,8151368
2012-03-30,39.21,39.2301,39.04,39.21,7174034
2012-04-02,39.31,39.3499,39.04,39.21,7232638
2012-04-03,39.13,39.1701,38.7101,38.93,8577015
2012-04-04,38.7101,38.9199,38.6,38.8899,7138563
2012-04-05,38.72,38.7701,38.32,38.3699,9161509
2012-04-09,38.17,38.3699,38.15,38.23,8484483
2012-04-10,38.1901,38.27,37.9699,38.01,11295914
2012-04-11,38.18,38.2801,37.9999,38.18,6718244
2012-04-12,38.29,38.29,37.7601,37.89,8563977
2012-04-13,37.89,38.27,37.4799,37.49,7791194
2012-04-16,37.59,37.9999,37.5,37.81,6019627
2012-04-17,38.01,38.12,37.66,38.07,4832414
2012-04-18,38.02,38.02,37.6,37.65,5778203
2012-04-19,37.63,37.9999,37.4799,37.6101,7042246
2012-04-20,37.59,37.8799,37.54,37.75,6818487
2012-04-23,37.62,37.77,37.6,37.69,5929619
2012-04-24,37.7001,38.05,37.7001,37.9399,7703990
2012-04-25,38.02,38.1601,37.8199,38.1601,8524861
2012-04-26,38.17,38.73,38.03,38.5901,6225301
2012-04-27,38.7,38.94,38.63,38.9199,26661413
2012-04-30,38.79,39.04,38.7,39.0099,28685060
2012-05-01,39,39.3499,38.87,39.3,7428918
2012-05-02,39.2001,39.37,39.09,39.28,9012056
2012-05-03,39.19,39.36,38.72,38.82,8035283
2012-05-04,38.9,39.22,38.48,38.53,7510234
2012-05-07,38.44,38.52,38.04,38.1901,6549583
2012-05-08,38.08,38.24,37.75,38.1601,13398774
2012-05-09,38.01,38.67,37.9,38.32,10345358
2012-05-10,38.52,39.22,38.44,38.94,11492615
2012-05-11,38.6501,39.05,38.56,38.9,8746798
2012-05-14,38.7,39.04,38.7,38.82,9493222
2012-05-15,38.7401,38.8899,38.42,38.4899,10186231
2012-05-16,38.63,38.88,38.3101,38.38,7462005
2012-05-17,38.36,38.58,38.23,38.24,5483923
2012-05-18,38.24,38.5901,37.81,37.89,11321991
2012-05-21,37.84,37.84,36.9899,37.1201,14681884
2012-05-22,37.1,37.25,36.77,37.07,8788577
2012-05-23,37.06,37.23,36.6301,36.8101,7608374
2012-05-24,36.82,36.9899,36.56,36.86,7723057
2012-05-25,36.7801,37.1501,36.7801,36.8999,4876156
2012-05-29,37.05,37.11,36.52,36.9599,8550658
2012-05-30,36.82,37.1,36.4999,36.73,8943919
2012-05-31,36.79,37.1501,36.57,36.98,9751611
2012-06-01,36.55,36.85,36.34,36.7,9456630
2012-06-04,36.59,37.2701,36.4999,37.2701,9557714
2012-06-05,37.13,37.4799,37.05,37.2701,6815823
2012-06-06,37.47,37.49,37.05,37.4499,5895831
2012-06-07,38.03,38.99,37.92,38.94,21161227
2012-06-08,38.7401,38.81,37.2,37.41,20943917
2012-06-11,37.93,37.96,37.38,37.54,10085427
2012-06-12,37.47,37.7001,37.35,37.7001,7872510
2012-06-13,37.65,37.75,37.25,37.37,7597158
2012-06-14,37.37,37.8199,37.3001,37.7901,8977427
2012-06-15,37.78,37.93,37.37,37.43,8606037
2012-06-18,37.32,37.5,37.22,37.4,5790260
2012-06-19,37.56,37.7901,37.3001,37.62,6760865
2012-06-20,37.6401,37.6701,37.02,37.1201,7932376
2012-06-21,37.22,37.3899,36.7501,36.82,9692727
2012-06-22,36.89,37.07,36.67,36.8999,9453546
2012-06-25,36.7201,36.8999,36.4999,36.58,7282969
2012-06-26,36.57,36.6301,36.27,36.58,8120945
2012-06-27,36.71,37.37,36.6301,37.32,5855874
2012-06-28,37.13,37.43,37,37.4,4232778
2012-06-29,37.78,37.84,37.37,37.62,7335124
2012-07-02,37.63,37.84,37.5,37.69,6661603
2012-07-03,37.65,37.8,37.34,37.41,5590755
2012-07-05,37.41,37.55,37.17,37.3299,4388400
2012-07-06,37.17,37.3599,37.03,37.35,5497803
2012-07-09,37.29,37.38,37.04,37.1801,4834236
2012-07-10,37.2701,37.47,37.0901,37.1501,6190251
2012-07-11,37.17,37.65,37.16,37.59,4589167
2012-07-12,37.47,37.6101,37.38,37.55,5060659
2012-07-13,37.54,38.6,37.52,38.52,9752032
2012-07-16,38.5,38.6801,38.3101,38.47,5117440
2012-07-17,38.5,38.75,38.2201,38.7101,5648237
2012-07-18,38.58,38.8899,38.42,38.8299,4994064
2012-07-19,38.7999,39.1401,38.53,39.08,7497195
2012-07-20,39.0099,39.28,38.8599,39.24,9757499
2012-07-23,39.1,39.31,39,39.24,7723197
2012-07-24,39.22,39.2901,38.7,38.87,8515468
2012-07-25,39.02,39.22,38.4599,38.5,6959388
2012-07-26,38.75,39.09,38.75,38.9799,4610337
2012-07-27,39.12,39.4399,38.9799,39.37,7120758
2012-07-30,39.37,39.68,39.13,39.49,5607439
2012-07-31,39.82,39.82,39.12,39.12,7160435
2012-08-01,39.4399,39.7501,37.7601,38.2501,25398211
2012-08-02,38.1301,38.2801,37.59,37.96,17419009
2012-08-03,38.45,38.55,38.05,38.47,22790491
2012-08-06,38.4899,38.6201,38.05,38.06,7237545
2012-08-07,38.3399,38.38,37.9699,38.01,8312037
2012-08-08,38.03,38.29,37.72,38.2,7943872
2012-08-09,38.27,38.7,38.1001,38.58,9539629
2012-08-10,38.55,38.94,38.41,38.9199,6916206
2012-08-13,38.4599,38.53,38.2201,38.3,6629497
2012-08-14,38.3101,38.4899,37.93,38.04,8089119
2012-08-15,37.9699,38.03,37.71,37.78,5186419
2012-08-16,37.7301,37.8499,37.47,37.4799,6093092
2012-08-17,37.35,37.5,37.3299,37.49,5329983
2012-08-20,37.5,37.69,37.37,37.68,6560519
2012-08-21,37.68,37.7901,37.46,37.46,6201046
2012-08-22,37.41,37.55,37.07,37.07,5693382
2012-08-23,37.0901,37.19,36.77,36.86,5377932
2012-08-24,36.8101,36.86,36.65,36.83,5181792
2012-08-27,36.83,37.3001,36.7801,37.05,6750350
2012-08-28,37.08,37.2101,36.8,36.85,5636180
2012-08-29,36.8999,36.97,36.53,36.55,6439386
2012-08-30,36.49,36.67,36.48,36.59,6228105
2012-08-31,36.79,36.79,36.4,36.4699,7203336
2012-09-04,36.58,36.58,36.06,36.1101,7357416
2012-09-05,36.2901,36.3199,35.76,35.8001,9003364
2012-09-06,35.9499,36.3799,35.9199,36.2001,5751565
2012-09-07,36.21,36.25,35.9799,36.15,5328581
2012-09-10,36.08,36.09,35.55,35.7,9434759
2012-09-11,35.79,35.84,35.36,35.4899,7067762
2012-09-12,35.26,35.33,34.54,34.87,19066920
2012-09-13,34.8199,35.6,34.8199,35.57,10680716
2012-09-14,35.7,35.99,35.51,35.94,13236843
2012-09-17,36.02,36.02,35.39,35.5,17109167
2012-09-18,35.38,35.57,35.27,35.47,5864145
2012-09-19,35.58,35.6801,35.32,35.5,5547293
2012-09-20,35.44,35.4899,35.1901,35.45,5209131
2012-09-21,35.51,35.54,35.2501,35.38,11577716
2012-09-24,35.52,35.9199,35.4599,35.87,8069912
2012-09-25,35.8599,35.8899,35.61,35.61,8140713
2012-09-26,35.6501,35.8899,35.5901,35.6,6539629
2012-09-27,35.63,35.8599,35.53,35.6501,5320310
2012-09-28,35.56,35.69,35.3999,35.58,6483549
2012-10-01,35.66,35.79,35.35,35.3999,6487475
2012-10-02,35.45,35.61,35.2,35.53,6291755
2012-10-03,35.51,35.7101,35.4599,35.6501,5940554
2012-10-04,35.76,36.09,35.6501,36.06,7015187
2012-10-05,36.1101,36.16,35.85,35.91,5440741
2012-10-08,35.93,36.04,35.72,35.9499,4273436
2012-10-09,35.9199,36.25,35.85,36.1401,7184549
2012-10-10,36.2001,36.36,36.12,36.3,6495746
2012-10-11,36.3799,36.89,36.1,36.49,7990138
2012-10-12,36.6001,36.6301,36,36.1101,5969015
2012-10-15,36.1101,36.56,36.02,36.56,6467987
2012-10-16,36.6601,36.79,36.3,36.49,5284699
2012-10-17,36.6001,37.1501,36.57,37.11,5787877
2012-10-18,37.1801,37.49,37.07,37.4799,5065005
2012-10-19,37.49,37.5,36.88,37.01,7345779
2012-10-22,36.88,37.01,36.62,36.8399,6246751
2012-10-23,36.53,36.6001,36.2001,36.2601,6651088
2012-10-24,36.31,36.31,35.8299,35.87,7525936
2012-10-25,35.99,36,35.42,35.64,10953686
2012-10-26,35.6501,35.73,35.3999,35.4899,9402373
2012-10-31,35.51,35.82,35.41,35.78,10620430
2012-11-01,36,36.8399,33.24,33.58,43282684
2012-11-02,33.3799,33.53,32.21,32.7701,35249084
2012-11-05,32.39,32.66,31.75,32.01,15039675
2012-11-06,31.99,32.17,31.6,31.95,12422701
2012-11-07,31.84,31.8499,30.91,31.44,15552386
2012-11-08,31.62,31.9699,31.5,31.69,36636083
2012-11-09,31.49,31.5801,31.06,31.11,30819185
2012-11-12,31.16,31.3001,30.55,30.77,9541872
2012-11-13,30.01,30.39,29.82,29.94,13327132
2012-11-14,30,30.09,29.3099,29.3699,15223617
2012-11-15,29.33,29.6501,29.14,29.3699,13530982
2012-11-16,29.36,29.3999,29.01,29.2501,14049162
2012-11-19,29.41,29.4299,28.95,29.1901,11103279
2012-11-20,29.1601,29.23,28.75,28.98,9220814
2012-11-21,28.96,29.15,28.6,28.8499,9111738
2012-11-23,28.89,28.9699,28.4,28.57,5525562
2012-11-26,28.8199,29.67,28.8,29.32,16794979
2012-11-27,29.54,30.06,29.4299,29.76,23107624
2012-11-28,29.63,29.88,29.35,29.85,12962471
2012-11-29,29.85,30.09,29.75,29.96,10472940
2012-11-30,30.02,30.2301,29.85,30.22,13131272
2012-12-03,30.22,30.22,29.1301,29.3099,20926112
2012-12-04,29.2501,29.41,28.99,29.01,13893960
2012-12-05,29.07,29.67,28.93,29.56,16269509
2012-12-06,29.58,29.7401,29.2,29.47,10560845
2012-12-07,29.51,29.63,29.39,29.57,7134918
2012-12-10,29.64,29.8001,29.3999,29.73,7944293
2012-12-11,29.75,30.21,29.66,29.99,9437703
2012-12-12,30,30.13,29.8299,29.9,7574445
2012-12-13,29.9,30.03,29.48,29.6801,6177773
2012-12-14,29.69,29.79,29.4299,29.66,6159266
2012-12-17,29.63,29.9799,29.63,29.93,10732170
2012-12-18,29.87,30.62,29.8299,30.62,20150245
2012-12-19,30.65,30.6601,30.05,30.12,9978455
2012-12-20,30.15,30.2901,29.75,29.9499,7653518
2012-12-21,29.81,29.9499,29.52,29.88,17282314
2012-12-24,29.66,29.75,29.38,29.6501,3680951
2012-12-26,29.63,29.75,29.42,29.4599,6413449
2012-12-27,29.3999,29.55,29.04,29.44,7611738
2012-12-28,29.26,29.45,29.04,29.06,6161650
2012-12-31,28.9999,29.79,28.89,29.7401,11335450
2013-01-02,30.09,30.2901,29.6501,29.82,21718242
2013-01-03,29.88,30.2001,29.7701,30.06,8808486
2013-01-04,30.05,30.28,29.99,30.27,7650574
2013-01-07,30.19,30.24,29.84,29.87,6490279
2013-01-08,29.82,29.87,29.39,29.61,6321197
2013-01-09,29.6,29.7101,29.21,29.24,7514299
2013-01-10,29.27,29.39,29.1001,29.26,7920038
2013-01-11,29.3399,29.45,29.21,29.29,5603934
2013-01-14,29.35,29.4899,29.26,29.42,6267361
2013-01-15,29.45,29.78,29.3999,29.75,8196232
2013-01-16,29.7,29.79,29.52,29.67,7706514
2013-01-17,29.94,30.2901,29.8899,30.06,14672351
2013-01-18,30.15,30.4399,29.96,30.37,16277781
2013-01-22,30.3199,30.51,30.12,30.45,7737077
2013-01-23,30.3499,30.3799,29.9,29.99,20285258
2013-01-24,30.03,30.42,30.03,30.39,7250864
2013-01-25,30.4,31.01,30.0801,31.01,14293951
2013-01-28,31.11,31.2101,30.85,31.1801,11250069
2013-01-29,31.06,31.53,31.04,31.3299,12291054
2013-01-30,31.3899,31.4499,31.19,31.25,8976165
2013-01-31,31.22,31.47,31,31.44,8723945
2013-02-01,31.49,31.49,30.92,31.03,11075800
2013-02-04,30.92,30.9899,30.57,30.7501,8960042
2013-02-05,30.8399,30.95,30.6301,30.85,7551312
2013-02-06,30.73,31,30.48,30.98,9036591
2013-02-07,31.6,32.6,31.32,31.37,20617812
2013-02-08,31.34,31.34,30.82,31.08,29720718
2013-02-11,31.05,31.53,30.91,31.4199,28268246
2013-02-12,31.43,31.96,31.4,31.95,32227634
2013-02-13,31.9999,31.9999,31.52,31.59,9959247
2013-02-14,30.95,31.13,30.67,30.71,9963313
2013-02-15,30.79,30.88,30.57,30.62,10254929
2013-02-19,30.58,30.7501,30.15,30.59,9652209
2013-02-20,30.52,30.62,30.2301,30.2901,10635572
2013-02-21,30.19,30.28,30.13,30.2001,7180063
2013-02-22,30.21,30.7201,30.21,30.49,9801102
2013-02-25,30.62,30.95,30.33,30.3499,7954668
2013-02-26,30.4399,30.98,30.43,30.6001,15270864
2013-02-27,30.6001,30.83,30.4,30.79,8057855
2013-02-28,30.79,31.0901,30.67,30.9899,8071314
2013-03-01,30.9599,31.06,30.64,30.91,6443872
2013-03-04,30.8399,31.41,30.7801,31.34,6661743
2013-03-05,31.35,31.68,31.31,31.44,8482521
2013-03-06,31.53,31.92,31.4799,31.81,8399382
2013-03-07,31.75,31.9399,31.75,31.8199,7738199
2013-03-08,31.93,32.18,31.7601,32.1301,9857462
2013-03-11,32.01,32.4599,32.01,32.41,8036264
2013-03-12,32.39,32.4599,31.9999,32.07,7247779
2013-03-13,32.08,32.24,31.9999,32.2,3853958
2013-03-14,32.2201,32.5,32.1901,32.48,6346574
2013-03-15,32.3999,33.4399,32.26,33.39,18549722
2013-03-18,33.18,33.4999,33.13,33.4,8120945
2013-03-19,33.4999,33.7501,33.25,33.4699,9846807
2013-03-20,33.55,33.74,33.45,33.6901,7185671
2013-03-21,33.6901,33.7801,33.54,33.7,6366622
2013-03-22,33.7,33.94,33.62,33.85,7468033
2013-03-25,33.95,34.1201,33.4399,33.51,10256611
2013-03-26,33.68,33.88,33.59,33.77,4782923
2013-03-27,33.61,34.07,33.57,34.03,5547434
2013-03-28,34,34.56,33.95,34.4799,8285259
2013-04-01,34.4199,34.54,34.29,34.3599,4771427
2013-04-02,34.41,34.71,34.38,34.69,5559491
2013-04-03,34.72,34.81,34.43,34.5,7877417
2013-04-04,34.54,34.8,34.5,34.72,5821384
2013-04-05,34.5,35.24,34.4199,35.14,10796241
2013-04-08,35.08,35.4299,34.87,35.4299,7057247
2013-04-09,35.45,35.87,35.33,35.7101,8444246
2013-04-10,35.85,36.25,35.73,36.1401,7891858
2013-04-11,36.21,36.25,36.0099,36.18,6458453
2013-04-12,36.1,36.25,36.04,36.22,7955088
2013-04-15,36.04,36.2901,35.84,35.84,10500139
2013-04-16,35.91,36.0099,35.6501,36,7996307
2013-04-17,35.8599,36.19,35.81,36.07,8076221
2013-04-18,36.16,36.55,35.96,36.46,7613982
2013-04-19,36.53,36.7501,36.3,36.68,12308018
2013-04-22,36.68,36.79,36.55,36.67,6667491
2013-04-23,36.74,36.8699,36.43,36.8699,7176417
2013-04-24,36.83,37.22,36.79,37.16,8440180
2013-04-25,37.2,37.41,36.85,37.19,6898120
2013-04-26,37.1801,37.43,37.17,37.3299,7364566
2013-04-29,37.44,37.78,37.3599,37.78,7732591
2013-04-30,37.6401,37.8,37.2101,37.5099,12811476
2013-05-01,37.28,37.44,36.56,36.7501,15134870
2013-05-02,36.62,36.62,35.88,36.34,9994297
2013-05-03,36.45,36.6901,35.78,35.81,9843021
2013-05-06,35.48,35.58,34.9699,35.2501,8757172
2013-05-07,35.3399,35.57,35.2501,35.51,6284605
2013-05-08,35.44,35.78,35.44,35.7101,9414430
2013-05-09,35.6501,35.84,35.4599,35.6,26671227
2013-05-10,35.54,35.75,35.45,35.75,24553647
2013-05-13,35.3999,35.4899,34.89,34.93,7557341
2013-05-14,34.99,35.26,34.9099,34.9999,7331619
2013-05-15,34.96,35.54,34.7001,35.1901,8140152
2013-05-16,35.08,35.2,34.68,34.7901,7639218
2013-05-17,34.9099,35.29,34.8199,35.15,11840731
2013-05-20,35.21,35.38,34.93,34.99,7011963
2013-05-21,35.02,35.2801,34.9,35.01,6760444
2013-05-22,34.98,35.4599,34.5099,34.6,9746143
2013-05-23,34.4199,34.93,34.22,34.72,9135853
2013-05-24,34.56,34.69,34.4,34.65,7455696
2013-05-28,32.1301,32.75,31.93,32.04,29810446
2013-05-29,31.77,32.18,31.41,31.65,15541170
2013-05-30,31.86,32.3699,31.47,31.5,10668098
2013-05-31,31.56,31.95,31.34,31.34,9402092
2013-06-03,31.38,32.01,31.25,31.6101,10439572
2013-06-04,31.52,31.66,31.3001,31.59,7480511
2013-06-05,31.44,31.62,31.1801,31.41,8693101
2013-06-06,31.34,31.59,31.25,31.5,10747592
2013-06-07,31.52,31.71,31.05,31.3599,12452003
2013-06-10,31.56,31.56,31.1501,31.3899,9855219
2013-06-11,31.19,31.68,31.11,31.2,8736423
2013-06-12,31.32,31.46,30.3799,30.4,10539395
2013-06-13,30.48,30.71,30.12,30.71,10404522
2013-06-14,30.7201,31,30.61,30.6301,6722870
2013-06-17,30.77,30.9299,30.59,30.73,8391250
2013-06-18,30.74,31.1501,30.68,31.1501,8013411
2013-06-19,31.07,31.26,30.67,30.68,10587764
2013-06-20,30.48,30.61,29.84,29.9,12221935
2013-06-21,30.12,30.58,29.93,30.3,15393680
2013-06-24,30,30.95,29.84,30.62,14079585
2013-06-25,30.7801,31.3001,30.31,31.08,13278763
2013-06-26,31.23,31.5,31.14,31.35,7920178
2013-06-27,31.3899,31.49,31,31.0901,8558088
2013-06-28,31.0901,31.25,30.8399,30.88,11256237
2013-07-01,30.95,31.03,30.19,30.3199,9456069
2013-07-02,30.27,30.62,30.15,30.22,7543601
2013-07-03,30.13,30.19,29.9,30.0801,3414711
2013-07-05,30,30.06,29.44,29.7401,5678100
2013-07-08,29.7701,30.45,29.75,30.45,8050845
2013-07-09,30.49,30.8999,30.48,30.8099,7760350
2013-07-10,30.71,30.74,30.48,30.57,5879567
2013-07-11,30.8099,31.02,30.7201,31,6302691
2013-07-12,31,31.08,30.73,31.04,5646415
2013-07-15,30.9599,31.65,30.8999,31.55,5957939
2013-07-16,31.53,31.57,31.25,31.47,4532386
2013-07-17,31.6101,31.65,31.3299,31.43,3785821
2013-07-18,31.62,31.96,31.6,31.83,6365641
2013-07-19,31.84,32.05,31.72,32.04,10821057
2013-07-22,31.9999,32.33,31.96,32.3099,5865547
2013-07-23,32.23,32.42,32.01,32.1001,5835685
2013-07-24,32.02,32.05,31.08,31.1801,7711421
2013-07-25,31.11,31.55,31.05,31.51,6128843
2013-07-26,31.41,31.66,31.2401,31.65,4917655
2013-07-29,31.44,31.92,31.35,31.69,6270165
2013-07-30,31.86,32.09,31.4499,31.46,8096270
2013-07-31,31.4,31.43,30.33,30.59,11834983
2013-08-01,30.58,30.83,30.36,30.8,7509813
2013-08-02,30.8,30.91,30.46,30.62,9192213
2013-08-05,30.59,30.95,30.42,30.6301,5441583
2013-08-06,30.54,30.62,30.1101,30.25,6940601
2013-08-07,30.1701,30.8999,30.07,30.8399,6414290
2013-08-08,30.8699,31.4499,30.77,31.35,31175994
2013-08-09,31.26,31.41,31.11,31.26,21238197
2013-08-12,31.1501,31.2,30.94,31.06,25036776
2013-08-13,30.67,30.85,30.33,30.42,8414103
2013-08-14,30.33,30.4999,30.01,30.4399,6058463
2013-08-15,30.25,30.52,30.18,30.4699,7755443
2013-08-16,30.49,30.6001,30.03,30.16,9606784
2013-08-19,30.03,30.28,29.75,29.8599,8496400
2013-08-20,29.85,30.34,29.7401,30.12,10454714
2013-08-21,30.05,30.0801,29.67,29.8599,8623562
2013-08-22,29.8899,30.8699,29.82,30.7201,9683894
2013-08-23,30.8399,31,30.59,30.9599,5900597
2013-08-26,30.8999,30.9599,30.6901,30.7,6955182
2013-08-27,30.48,30.79,30.37,30.56,6579446
2013-08-28,30.55,30.83,30.43,30.71,5956117
2013-08-29,30.59,30.73,30.3199,30.42,6357369
2013-08-30,30.43,30.6901,30.4,30.49,6278436
2013-09-03,30.6601,30.7501,30.03,30.09,6904289
2013-09-04,30.01,30.2001,29.7,30.09,8369800
2013-09-05,30.05,30.1701,29.8599,30.05,4786007
2013-09-06,30.19,30.6301,30.1701,30.31,7225067
2013-09-09,30.34,30.42,30.04,30.25,6066314
2013-09-10,30.43,30.76,30.2301,30.73,7545844
2013-09-11,30.7,30.76,29.99,30.12,8998036
2013-09-12,30.0801,30.24,29.9,30.02,5976726
2013-09-13,30.09,30.21,30.01,30.1701,4081222
2013-09-16,30.42,30.67,30.1,30.22,6716141
2013-09-17,30.2001,30.48,30.1,30.34,7008318
2013-09-18,30.15,31.19,30.07,31.02,10749134
2013-09-19,31.03,31.1801,30.56,30.8399,6779651
2013-09-20,30.85,30.8999,30.1101,30.13,11421393
2013-09-23,30.06,30.6901,29.73,30.42,7198148
2013-09-24,30.46,30.64,30.25,30.52,6700719
2013-09-25,30.45,30.6601,30.21,30.31,5606878
2013-09-26,30.37,30.45,29.84,30.09,5460930
2013-09-27,30.02,30.15,29.58,29.7401,5182493
2013-09-30,29.67,29.87,29.42,29.64,7420786
2013-10-01,29.67,29.8001,29.4599,29.64,5327740
2013-10-02,29.5,29.8899,29.35,29.7101,6253761
2013-10-03,29.55,29.56,29.1001,29.17,6780913
2013-10-04,29.2,29.3399,29.11,29.23,3741377
2013-10-07,29.07,29.44,28.9999,29.08,4972894
2013-10-08,29.02,29.58,29.02,29.3,6778670
2013-10-09,29.4299,29.99,29.35,29.7101,8969856
2013-10-10,29.78,30.2001,29.4299,30.15,6606504
2013-10-11,30.18,30.59,30.05,30.34,6018365
2013-10-14,30.18,30.2001,29.6,30.02,6260351
2013-10-15,29.91,29.9499,29.45,29.52,6750490
2013-10-16,28.96,29.26,28.59,28.75,17722682
2013-10-17,28.69,29.3999,28.38,29.04,11960041
2013-10-18,29.06,29.08,28.71,28.75,11624122
2013-10-21,28.7901,28.95,28.37,28.5801,11894007
2013-10-22,28.6,28.8,28.2101,28.69,19076734
2013-10-23,28.38,28.5,27.74,27.97,24216606
2013-10-24,27.89,28.14,27.58,27.74,15095194
2013-10-25,27.7501,27.9599,27.6301,27.9599,10997849
2013-10-28,27.65,28.1801,27.65,28.07,13279043
2013-10-29,28.07,28.35,27.83,28.05,12614355
2013-10-30,28.51,28.9,27.8099,28.55,19272593
2013-10-31,28.6101,28.83,28.13,28.54,12161649
2013-11-01,28.65,28.78,28.4499,28.6701,8358163
2013-11-04,28.71,28.74,28.31,28.59,11388166
2013-11-05,28.5801,28.9099,28.25,28.25,10697961
2013-11-06,28.4199,29.09,28.31,29.01,15990511
2013-11-07,29.04,29.14,28.49,28.56,27261189
2013-11-08,28.3599,28.38,27.73,28.34,31235438
2013-11-11,28.23,28.89,28.2,28.8499,9689222
2013-11-12,28.55,28.72,28.06,28.17,39297499
2013-11-13,27.7501,28.16,27.6901,28.06,9314888
2013-11-14,28.08,28.25,27.8699,27.8999,11622019
2013-11-15,27.85,28.29,27.8099,28.1201,8700532
2013-11-18,28.25,28.3299,28.02,28.04,7433264
2013-11-19,28,28.11,27.62,27.7201,8947564
2013-11-20,27.8999,28.17,27.58,27.6001,8488269
2013-11-21,27.6301,27.9299,27.55,27.65,8292269
2013-11-22,27.64,27.74,27.33,27.3499,6948873
2013-11-25,27.3499,27.37,27.0801,27.2301,12290633
2013-11-26,27.2301,27.2301,26.9199,26.9499,8342881
2013-11-27,26.91,27.05,26.87,26.94,7096223
2013-11-29,26.94,27.22,26.8899,26.91,3782596
2013-12-02,26.9499,27.09,26.64,26.9,9185764
2013-12-03,26.78,27.42,26.7401,27.4099,10417000
2013-12-04,27.31,27.7501,27.21,27.7,8831058
2013-12-05,27.68,27.8099,27.12,27.8099,12587296
2013-12-06,27.88,28.47,27.8,28.44,14811850
2013-12-09,28.43,28.5,28.1201,28.47,10686465
2013-12-10,28.47,28.4799,28.1,28.2,11267734
2013-12-11,28.16,28.28,27.92,28.01,12271706
2013-12-12,27.92,28.16,27.76,27.8999,8958359
2013-12-13,27.8699,28.04,27.53,27.7,7373679
2013-12-16,27.6901,28.02,27.6901,27.7801,10430039
2013-12-17,27.76,27.85,27.59,27.73,9748807
2013-12-18,27.7201,27.9599,27.24,27.9299,12479763
2013-12-19,27.74,27.77,27.12,27.22,12568930
2013-12-20,27.2601,27.6901,27.07,27.2601,21088744
2013-12-23,27.3499,27.56,27.09,27.1401,10470276
2013-12-24,27.05,27.3499,27.05,27.2899,4217917
2013-12-26,27.36,27.45,27.16,27.19,6048228
2013-12-27,27.25,27.45,27.13,27.15,7277502
2013-12-30,27.16,27.55,27.16,27.48,9315309
2013-12-31,27.54,27.68,27.28,27.39,8399102
2014-01-02,27.46,27.58,27.16,27.1701,6984624
2014-01-03,26.9,26.97,26.45,26.6201,14238572
2014-01-06,26.61,26.8599,26.55,26.79,10398213
2014-01-07,26.97,27,26.69,26.93,9877791
2014-01-08,26.99,27.09,26.76,26.87,8159920
2014-01-09,26.88,27.1,26.7999,27.03,7916253
2014-01-10,27.16,27.59,27.1,27.1701,7839844
2014-01-13,27.1401,27.18,26.88,26.9799,6173146
2014-01-14,26.99,27.24,26.85,26.8899,7606411
2014-01-15,26.8899,27.0801,26.72,26.7701,6632582
2014-01-16,26.87,27.4399,26.81,27.4099,7360500
2014-01-17,27.48,27.55,27.06,27.2001,6394382
2014-01-21,27.27,27.7801,27.24,27.77,10385035
2014-01-22,27.7,28.17,27.6601,28.13,10799185
2014-01-23,27.98,28.4,27.92,28.32,12266098
2014-01-24,28.2101,29.1601,28.2,28.2701,19305119
2014-01-27,28.4499,28.4499,28.08,28.2,11601550
2014-01-28,28.3899,28.4199,27.8999,28.1,8324936
2014-01-29,28.06,28.26,27.95,28.19,8559771
2014-01-30,28.2999,29.08,28.2401,28.99,13984249
2014-01-31,28.8,29.3099,28.78,28.9999,14598045
2014-02-03,29.12,29.3999,28.7001,28.9699,20164686
2014-02-04,29.21,29.2501,28.8199,28.9099,13155807
2014-02-05,28.77,29.08,28.57,28.86,13922982
2014-02-06,28.81,29.88,28.81,29.4899,19296006
2014-02-07,29.7,29.7,29.08,29.44,12314467
2014-02-10,29.35,29.55,29.23,29.3999,9996540
2014-02-11,29.33,29.6201,29.14,29.47,10666837
2014-02-12,29.1601,29.17,28.7901,28.9399,7646368
2014-02-13,28.8799,29.5901,28.8499,29.3999,13681978
2014-02-14,29.3399,29.8001,29.26,29.7401,9988128
2014-02-18,29.76,30.18,29.64,30.05,12045003
2014-02-19,29.96,30.33,29.75,29.96,9838535
2014-02-20,29.94,30.28,29.73,30.2301,8677258
2014-02-21,30.2601,30.71,30.1,30.42,11753527
2014-02-24,30.42,30.95,30.37,30.39,14485324
2014-02-25,30.36,30.74,30.19,30.36,8005981
2014-02-26,30.4399,30.65,30.34,30.42,5092344
2014-02-27,30.36,30.48,29.96,30.1701,8495699
2014-02-28,30.2901,30.58,30.25,30.4099,6388073
2014-03-03,30.24,30.34,30.02,30.03,5231002
2014-03-04,30.27,30.4999,30.03,30.4,7578932
2014-03-05,30.4099,30.4999,30.19,30.28,5500326
2014-03-06,30.2001,30.39,29.61,29.81,9988829
2014-03-07,29.6801,29.8299,29.14,29.82,11254976
2014-03-10,29.81,29.96,29.6,29.88,6055378
2014-03-11,30.1401,30.1401,29.6801,29.84,4229834
2014-03-12,29.75,30.19,29.6801,30.18,4643144
2014-03-13,30.1701,30.68,30.15,30.51,6674081
2014-03-14,30.43,30.8699,30.34,30.64,7203476
2014-03-17,30.73,31.06,30.52,31.02,7941349
2014-03-18,31.0901,31.26,30.91,31.1501,5839751
2014-03-19,31.19,31.53,30.8999,31.06,12237357
2014-03-20,30.9299,31.44,30.58,31.37,10399615
2014-03-21,32.6,32.87,31.93,32.55,19887230
2014-03-24,32.56,32.97,32.52,32.93,13150760
2014-03-25,32.91,33.03,32.47,32.93,9085801
2014-03-26,32.93,33,32.06,32.44,14597624
2014-03-27,32.4599,32.91,32.15,32.82,8697728
2014-03-28,32.76,33.33,32.63,33.2899,10095522
2014-03-31,33.4,33.94,33.3199,33.56,10912187
2014-04-01,33.6001,33.67,33.1101,33.49,6132348
2014-04-02,33.4999,33.76,33.2301,33.51,10867743
2014-04-03,33.57,33.8699,33.4,33.7801,7532806
2014-04-04,33.83,34.8799,33.7801,34.47,17295352
2014-04-07,34.4499,35.03,34.4499,34.69,11597344
2014-04-08,34.52,35.55,34.34,35.54,15602297
2014-04-09,35.58,35.75,34.8499,35.29,14122066
2014-04-10,35.35,35.6501,34.96,35.09,8470183
2014-04-11,35.04,35.32,34.99,35.1601,8436815
2014-04-14,35.15,35.33,35.06,35.29,10478828
2014-04-15,35.44,36,35.39,36,10175155
2014-04-16,35.91,36.25,35.7701,36.24,5057154
2014-04-17,36.12,36.3199,35.8001,36.06,9086923
2014-04-21,35.99,36.4099,35.76,35.94,5770492
2014-04-22,35.8899,36.1,35.6501,35.8899,6024815
2014-04-23,35.99,36.4399,35.8299,35.9,6573698
2014-04-24,36.04,36.2301,35.7,36.0099,8321431
2014-04-25,36.0099,36.3,35.9,36.2601,7160154
2014-04-28,36.31,36.6001,36.2301,36.51,6916767
2014-04-29,36.4399,36.55,35.9799,36.18,10601223
2014-04-30,34.22,35.36,34.22,35.03,31543738
2014-05-01,35.45,36.2001,35.36,35.99,20643749
2014-05-02,35.9799,36.2901,35.36,35.84,14183613
2014-05-05,35.7701,36.3799,35.67,36.24,8605756
2014-05-06,36.57,36.59,35.9799,36.04,12161649
2014-05-07,35.9799,36.8399,35.9799,36.76,9929525
2014-05-08,36.6601,36.6901,36.15,36.48,7065519
2014-05-09,36.4699,36.7201,36.19,36.2001,9175249
2014-05-12,36.25,36.4,35.3399,35.3999,10343395
2014-05-13,35.56,35.76,35.3699,35.63,9293718
2014-05-14,35.3999,35.4899,34.7301,34.8,11407373
2014-05-15,34.8199,34.92,34.52,34.55,9342648
2014-05-16,34.53,34.59,34.26,34.37,12655293
2014-05-19,34.3299,34.5099,33.8999,33.97,10373678
2014-05-20,33.9299,34.2101,33.77,33.89,9320356
2014-05-21,33.9299,33.9599,33.4999,33.8999,10840825
2014-05-22,33.83,34.37,33.76,34.2,8286942
2014-05-23,34.07,34.43,34.04,34.1501,7558603
2014-05-27,34.6701,35.9499,34.66,35.38,19136879
2014-05-28,35.14,36.08,35.1301,35.99,15739273
2014-05-29,36.09,36.6001,35.8899,36.06,18553367
2014-05-30,36.12,36.85,36.06,36.83,11534815
2014-06-02,36.62,36.7201,36.3199,36.6001,8255817
2014-06-03,36.6301,37.25,36.4999,37.19,10626880
2014-06-04,37.08,37.29,36.8999,37.2701,7484998
2014-06-05,37.1,37.56,37.0901,37.46,16734412
2014-06-06,37.5099,37.7301,37.34,37.41,7139124
2014-06-09,37.26,37.4499,37.03,37.08,7382792
2014-06-10,37.1801,37.4,37.06,37.16,6316431
2014-06-11,36.09,36.94,35.72,35.75,21537524
2014-06-12,35.03,35.3399,34.81,35.07,62259595
2014-06-13,35.08,35.84,34.87,35.72,22954385
2014-06-16,35.9199,36.49,35.84,36.1101,22608091
2014-06-17,36.2301,36.4999,36.15,36.2901,16439431
2014-06-18,36.24,36.92,36.24,36.85,12774884
2014-06-19,36.94,37.2701,36.8999,37.17,11454200
2014-06-20,37.2,37.23,36.64,36.76,11185296
2014-06-23,36.95,37.07,35.9499,36.28,9898400
2014-06-24,36.21,36.33,36.09,36.21,10678613
2014-06-25,36.15,36.37,36.02,36.22,7685203
2014-06-26,36.31,36.4099,35.9799,36.1101,8485325
2014-06-27,35.96,36.33,35.96,36.2901,6703242
2014-06-30,36.45,36.71,36.25,36.48,8788577
2014-07-01,36.08,36.2601,35.55,35.7,9845825
2014-07-02,35.55,35.5901,34.3299,34.59,15575940
2014-07-03,34.37,34.37,33.8,33.97,11238853
2014-07-07,34.06,34.5099,34.03,34.3599,14809466
2014-07-08,34.4799,34.52,34.2101,34.32,10135058
2014-07-09,34.37,34.4799,34.1501,34.26,10630665
2014-07-10,34.1501,34.47,34.1501,34.3599,10481913
2014-07-11,34.16,34.37,33.7201,33.7801,12867977
2014-07-14,33.95,33.95,32.8599,32.8899,14356760
2014-07-15,32.9,33.06,32.7101,32.85,12720626
2014-07-16,32.8899,32.9499,32.63,32.94,12414710
2014-07-17,32.8299,33.1,31.95,31.95,14148003
2014-07-18,32.18,32.35,31.87,32.09,14216280
2014-07-21,32.24,32.32,31.8499,32.23,11724786
2014-07-22,32.2501,32.3,31.7601,31.78,12308719
2014-07-23,31.84,31.9699,31.68,31.7601,6405317
2014-07-24,31.3599,31.9399,31.2701,31.81,8643470
2014-07-25,31.7301,31.99,31.38,31.4499,5171978
2014-07-28,31.41,32.1301,31.38,31.95,7968127
2014-07-29,31.9399,32.05,31.43,31.47,8822506
2014-07-30,31.63,31.66,30.85,31.01,11183193
2014-07-31,30.9299,31.49,30.8,31.08,12949012
2014-08-01,31.14,32.08,31.1,31.54,13647489
2014-08-04,31.52,31.53,30.6601,31.3599,14131599
2014-08-05,31.28,31.56,31.04,31.13,9370828
2014-08-06,31.04,31.25,30.73,31.1801,15998362
2014-08-07,31.26,31.8,31.2101,31.56,10153004
2014-08-08,31.6,32.15,31.56,32.12,8366715
2014-08-11,32.18,32.33,32.01,32.11,6948452
2014-08-12,32.06,32.1601,31.8,31.87,6968921
2014-08-13,31.5801,31.72,31.3299,31.4499,4867604
2014-08-14,31.55,31.92,31.5,31.83,4555098
2014-08-15,31.8499,32.2,31.6401,31.8,7867043
2014-08-18,31.93,32.1001,31.7301,31.8199,5660435
2014-08-19,31.9099,31.9999,31.68,31.96,6895737
2014-08-20,31.98,32.02,31.8499,31.99,3592765
2014-08-21,31.93,32.4899,31.93,32.2501,8290026
2014-08-22,32.1901,32.6201,32.18,32.39,7726702
2014-08-25,32.4599,32.9199,32.36,32.8299,6354144
2014-08-26,32.85,33.04,32.2801,32.3099,5750724
2014-08-27,32.3399,32.78,32.3399,32.7701,6371529
2014-08-28,32.6201,33.1701,32.5,33,5617954
2014-08-29,33.04,33.42,32.9799,33.42,5078324
2014-09-02,33.43,33.46,32.6,32.8299,9171604
2014-09-03,33.03,33.3499,32.9799,33.2601,6228105
2014-09-04,33.13,33.55,33.05,33.55,11444806
2014-09-05,33.48,33.89,33.3799,33.8099,8537479
2014-09-08,33.8099,33.95,33.3199,33.4399,4934900
2014-09-09,33.3,33.3,33.0099,33.12,6189690
2014-09-10,33.1401,33.15,32.5901,33.04,7972894
2014-09-11,33.07,33.4999,33.04,33.25,5982194
2014-09-12,33.09,33.16,32.58,32.8599,7226749
2014-09-15,32.9,33.39,32.9,33.2301,6466445
2014-09-16,33.21,33.89,33.09,33.82,6737451
2014-09-17,33.89,34,33.56,33.68,8304326
2014-09-18,33.6301,33.9899,33.61,33.7801,8317365
2014-09-19,33.83,34.4199,33.8099,34.41,12694970
2014-09-22,34.2401,34.9099,34.08,34.29,12214504
2014-09-23,34.2101,34.3899,33.95,34.1201,8663098
2014-09-24,34.1501,34.17,33.8399,33.91,10139825
2014-09-25,33.91,34.04,33.6001,33.6001,5694223
2014-09-26,33.6901,33.7801,33.3799,33.7,4839704
2014-09-29,33.54,34.17,33.4,34.11,7383773
2014-09-30,34.28,34.58,34.01,34.0901,9670575
2014-10-01,34.19,35.35,34.17,34.57,13159172
2014-10-02,34.47,34.9699,34.4,34.7301,8976165
2014-10-03,34.7901,34.9099,34.35,34.8799,5158379
2014-10-06,34.98,35.03,34.6101,34.7901,3766333
2014-10-07,34.7001,35.42,34.59,34.7601,8409757
2014-10-08,34.8799,35.8599,34.81,35.8299,11210112
2014-10-09,35.85,35.9799,34.78,34.8,12518178
2014-10-10,34.96,35.38,34.78,34.83,14674173
2014-10-13,34.89,35.15,34.0901,34.11,11908027
2014-10-14,34.1801,34.89,34.06,34.6401,12689222
2014-10-15,34.8199,35.01,33.3,33.9299,17027290
2014-10-16,33.4399,34.4499,33.07,34.0901,11852087
2014-10-17,34.34,34.7601,33.94,34.38,8622020
2014-10-20,34.35,35.01,34.3299,34.99,6187026
2014-10-21,35.2,35.35,34.6701,34.9999,7898447
2014-10-22,34.83,35.3999,34.8,34.8799,8719178
2014-10-23,35.04,35.3099,34.84,34.8799,7929011
2014-10-24,34.99,35.9799,34.92,35.73,9363537
2014-10-27,35.56,35.8899,35.03,35.2,7454855
2014-10-28,35.33,35.7401,35.12,35.7401,8161322
2014-10-29,35.81,35.9499,34.87,35.2801,8968173
2014-10-30,35.5,36.79,35.4599,36.7,10859051
2014-10-31,36.89,36.89,36.2001,36.59,9439946
2014-11-03,36.55,36.8399,36.18,36.4,7875034
2014-11-04,36.34,36.6001,36.02,36.4699,7796382
2014-11-05,36.77,37.7001,36.54,37.52,13005092
2014-11-06,37.4499,37.6701,37.03,37.44,13197447
2014-11-07,37.4799,37.9,37.38,37.77,10329656
2014-11-10,37.7001,37.75,37.1,37.6,8543508
2014-11-11,37.63,37.89,37.43,37.55,6051733
2014-11-12,37,37,35.85,35.93,13881202
2014-11-13,36.12,36.3799,35.21,35.36,11012710
2014-11-14,35.21,35.55,35.18,35.41,9170061
2014-11-17,35.3399,35.87,35.2501,35.7101,8276707
2014-11-18,35.82,36.1401,35.67,35.79,6672679
2014-11-19,35.6801,36.07,35.41,36.05,8221608
2014-11-20,36.02,36.08,35.78,35.94,6258107
2014-11-21,36.2901,36.3799,35.84,36.25,8847882
2014-11-24,36.1401,36.25,35.2,35.2501,8851527
2014-11-25,35.3,35.35,34.69,35.18,10196746
2014-11-26,35.3399,35.72,35.3,35.69,5080147
2014-11-28,35.6501,36.2001,35.4899,36.1701,2635199
2014-12-01,35.94,36.55,35.6801,36.24,9166697
2014-12-02,36.24,36.83,36.07,36.7,10668940
2014-12-03,36.6901,36.85,35.81,36.22,9597391
2014-12-04,36.28,36.58,35.56,35.69,9969762
2014-12-05,35.27,35.69,35.09,35.5901,8313580
2014-12-08,35.72,35.94,35.44,35.8299,8519253
2014-12-09,35.8001,36.58,35.75,36.36,9917468
2014-12-10,36.4099,36.79,35.93,35.94,9295681
2014-12-11,35.9799,36.7,35.94,36.27,8560752
2014-12-12,36.05,36.46,35.8001,35.9199,6774184
2014-12-15,36.1101,36.1701,35.33,35.51,7042106
2014-12-16,35.48,36.2301,35.23,35.48,6991634
2014-12-17,35.63,36.8999,35.6,36.58,8429946
2014-12-18,36.7,37.53,36.49,37.53,9860266
2014-12-19,37.54,37.9,37.17,37.6101,16085567
2014-12-22,37.22,37.4499,36.56,37.01,10522571
2014-12-23,37.14,37.57,36.97,37.2401,4749555
2014-12-24,37.25,38.2501,37.25,37.8499,6547200
2014-12-26,37.89,38.6501,37.78,38.21,8267173
2014-12-29,38.1901,38.93,38.17,38.63,9365500
2014-12-30,38.53,38.7,37.87,38.1001,7284652
2014-12-31,38.1301,38.2501,37.01,37.08,7831011
2015-01-02,37.08,37.65,37.08,37.57,6972006
2015-01-05,37.3001,37.56,36.21,36.4999,12329749
2015-01-06,36.62,37.13,36.1701,36.22,10649452
2015-01-07,36.34,36.55,36.08,36.27,10545844
2015-01-08,36.43,37.14,36.27,36.55,7527759
2015-01-09,36.92,37,36.27,36.49,5958640
2015-01-12,36.77,36.91,36.2001,36.6301,7124684
2015-01-13,36.8999,37.23,36.33,36.51,7656322
2015-01-14,36.2901,36.98,36.24,36.92,8309514
2015-01-15,37.19,37.3899,36.88,37.2701,10542619
2015-01-16,37.2,37.53,37.1801,37.38,8751845
2015-01-20,37.5,37.58,36.79,37.25,9089727
2015-01-21,37.17,38.02,36.89,37.99,8627768
2015-01-22,38.2201,38.2501,37,37.25,9469108
2015-01-23,37.37,37.65,37.32,37.37,4499018
2015-01-26,37.26,37.4199,36.95,37.34,5945321
2015-01-27,37.25,37.7001,37.2401,37.41,5314702
2015-01-28,37.38,37.77,36.97,37,5455322
2015-01-29,37,37.2401,36.53,37.03,6080194
2015-01-30,36.7201,37,36.0099,36.04,9316430
2015-02-02,36,36.42,35.7101,36.05,10027525
2015-02-03,36.1,36.9899,35.9499,36.9299,11958499
2015-02-04,36.7801,36.8,36.04,36.19,8604214
2015-02-05,36.33,36.92,36.05,36.6001,7812505
2015-02-06,36.36,36.4399,34.71,34.9999,12965976
2015-02-09,34.98,35.07,34.3299,34.4799,10186091
2015-02-10,34.4499,35.1001,34.28,34.9999,13426674
2015-02-11,34.5,34.54,34.11,34.26,9893914
2015-02-12,34.32,34.62,33.8999,34.44,14542666
2015-02-13,32.73,34.01,32.61,33.51,21151694
2015-02-17,33.43,33.58,32.91,33.09,15201045
2015-02-18,33.1,34.02,33.0099,33.8999,10213430
2015-02-19,33.9899,34.01,33.2301,33.42,7350265
2015-02-20,33.4399,33.55,33.1,33.39,9332553
2015-02-23,33.46,33.7801,33.33,33.7801,10353349
2015-02-24,33.7801,34.96,33.67,34.7901,11982754
2015-02-25,34.7301,34.92,34.44,34.49,11789278
2015-02-26,34.62,34.62,33.49,33.9599,11220767
2015-02-27,33.8999,34.05,33.6901,33.92,7373398
2015-03-02,33.92,33.92,32.78,32.8299,9755817
2015-03-03,32.97,33.1401,32.6,33.02,12644778
2015-03-04,33.15,33.15,32.55,32.6201,9473454
2015-03-05,33.3,33.3,32.7999,32.97,10676931
2015-03-06,32.5,32.6201,32.12,32.27,12912700
2015-03-09,32.33,32.45,31.77,32.1001,8179829
2015-03-10,32.1301,32.61,31.93,32.1301,10333862
2015-03-11,32.27,32.39,31.71,31.83,10524393
2015-03-12,32.04,32.99,32.04,32.69,9894335
2015-03-13,32.6,32.6,31.8499,32.39,9057481
2015-03-16,32.56,33.08,32.56,32.69,6116926
2015-03-17,32.64,33.28,32.42,32.93,8276286
2015-03-18,32.87,33.9899,32.7401,33.7201,11170996
2015-03-19,33.58,34.02,33.07,33.25,8841713
2015-03-20,33.43,33.82,33.1701,33.2001,18237076
2015-03-23,33.25,33.67,33.21,33.36,8451817
2015-03-24,33.2899,33.52,32.9,33.21,8137629
2015-03-25,33.2301,33.4099,32.75,32.84,8825730
2015-03-26,32.75,32.96,32.3999,32.52,9289091
2015-03-27,32.66,32.88,32.36,32.4299,8293952
2015-03-30,32.5,33.73,32.44,33.57,14047059
2015-03-31,33.3199,33.7201,33.09,33.61,21807129
2015-04-01,32.6201,33.05,32.3,32.85,22098604
2015-04-02,32.88,33.58,32.88,33.3799,10255209
2015-04-06,33.4699,34.08,33.37,33.83,5914758
2015-04-07,33.8099,34,33.73,33.8,6762687
2015-04-08,33.77,33.7801,33.34,33.4,8569024
2015-04-09,33.34,33.55,33.1,33.45,6384428
2015-04-10,33.51,33.6901,33.28,33.3799,7319842
2015-04-13,33.28,33.42,33.07,33.13,7500139
2015-04-14,33.24,33.51,33.1,33.46,6180437
2015-04-15,33.55,34.02,33.52,33.67,8730675
2015-04-16,33.51,33.52,33.05,33.39,7971772
2015-04-17,33.21,33.4999,32.81,32.99,8854331
2015-04-20,33.1401,34.03,33.08,33.6601,7704971
2015-04-21,33.6601,33.94,32.99,33.1101,7584820
2015-04-22,33.3,33.4099,33,33.1101,6534442
2015-04-23,33.12,33.33,32.9499,33.09,9269463
2015-04-24,33.1,34.35,33.06,34.06,12472893
2015-04-27,34.1,34.17,33.15,33.37,10519627
2015-04-28,33.22,33.76,33.12,33.7201,8370220
2015-04-29,33.49,33.97,33.16,33.82,8803298
2015-04-30,33.8099,34.04,33.39,34.02,12565705
2015-05-01,34.06,34.22,33.7,34.1201,6522665
2015-05-04,34.11,34.98,33.92,34.81,11947423
2015-05-05,34.65,34.86,33.83,34.02,8153471
2015-05-06,34.0901,34.16,33.15,33.4399,9940460
2015-05-07,33.49,34.02,33.4399,33.83,8537759
2015-05-08,34.23,34.53,33.74,33.9299,7988596
2015-05-11,33.85,34.16,33.25,33.3799,9052013
2015-05-12,33.2899,33.77,32.9499,33.65,8184736
2015-05-13,33.39,33.62,32.9499,33.09,6326104
2015-05-14,33.19,33.57,33.18,33.54,7185671
2015-05-15,33.6901,34.72,33.48,34.5,14988502
2015-05-18,34.3599,34.58,34.2,34.49,6356388
2015-05-19,34.28,34.75,34.2,34.62,6862650
2015-05-20,34.6,34.69,34.26,34.3299,9242825
2015-05-21,34.35,34.63,34.2401,34.46,5470604
2015-05-22,34.35,34.55,34.1501,34.4,4928030
2015-05-26,34.3599,34.38,33.6001,33.89,7515141
2015-05-27,33.8999,34.1,33.8399,33.95,6143844
2015-05-28,33.95,34.0901,33.7,33.95,6822693
2015-05-29,33.9899,34.02,33.58,33.83,8175202
2015-06-01,34.01,34.22,33.76,33.9899,7224506
2015-06-02,33.77,33.8999,33.3199,33.73,7510093
2015-06-03,33.7801,33.8399,33.3199,33.42,10629543
2015-06-04,33.31,34.03,33.27,33.59,8605055
2015-06-05,33.3499,33.53,33.08,33.43,9037572
2015-06-08,33.52,33.53,33.04,33.1101,7737498
2015-06-09,33.05,33.2899,32.93,33.1101,8741750
2015-06-10,34.05,34.29,33.85,34.1801,14859798
2015-06-11,34.3899,34.4199,34.05,34.25,8358584
2015-06-12,34.0901,34.31,33.8699,33.8999,6052855
2015-06-15,33.74,33.9899,33.6001,33.8099,16396530
2015-06-16,33.76,34.0901,33.59,34,5360827
2015-06-17,34,34.31,33.8,34.1801,5301523
2015-06-18,34.2101,34.53,34.19,34.26,10094680
2015-06-19,34.13,34.2401,33.4999,33.53,12880454
2015-06-22,33.68,33.74,33.18,33.4,8541965
2015-06-23,33.2601,33.34,32.7701,32.7999,6643237
2015-06-24,32.7999,32.94,32.6801,32.78,12916626
2015-06-25,32.76,32.76,32.03,32.03,9076127
2015-06-26,32.08,32.2201,31.7301,32.11,8697447
2015-06-29,32.08,32.42,31.7899,31.8,6825216
2015-06-30,31.95,32.12,31.28,31.4199,9965556
2015-07-01,31.51,31.74,31.44,31.7301,6624590
2015-07-02,31.9399,32.33,31.87,32.05,7775212
2015-07-06,31.95,32.21,31.63,31.9399,6550705
2015-07-07,32.09,32.9,32.08,32.7701,9898541
2015-07-08,32.57,32.8899,32.3999,32.6,8850405
2015-07-09,32.67,32.85,32.35,32.5,12499391
2015-07-10,32.5,32.9,32.3999,32.75,11091222
2015-07-13,32.8599,32.94,32.45,32.7,17462471
2015-07-14,32.78,32.9499,32.55,32.7701,8406672
2015-07-15,32.75,32.88,32.51,32.85,3869520
2015-07-16,32.85,33.7,32.85,33.59,12491399
2015-07-17,33.59,33.7801,33.2601,33.49,11913495
2015-07-20,33.4399,33.4399,33.09,33.39,6661463
2015-07-21,33.31,33.36,32.7701,32.78,15344049
2015-07-22,32.79,33,32.7,32.78,14871435
2015-07-23,32.6501,32.66,31.08,31.2401,23963685
2015-07-24,31.2401,31.47,30.8999,30.91,16648610
2015-07-27,30.8999,31.3299,30.6301,30.6301,16697820
2015-07-28,30.85,31.37,30.7801,31,21402091
2015-07-29,31.43,31.74,30.65,31.14,18003362
2015-07-30,31.1201,31.78,31.1201,31.65,14019579
2015-07-31,31.95,32.48,31.8799,32.09,12143563
2015-08-03,32.07,32.58,32.05,32.45,11122627
2015-08-04,32.4599,32.53,31.71,31.75,10096223
2015-08-05,31.9099,32.1901,31.71,31.7301,7640900
2015-08-06,31.78,32.04,31.26,31.99,11249508
2015-08-07,31.9099,32.6501,31.81,32.44,11055892
2015-08-10,32.45,32.58,31.96,32.18,8231703
2015-08-11,32.23,32.54,31.9399,32.09,8959201
2015-08-12,31.84,32.79,31.81,32.69,12840357
2015-08-13,32.52,32.8899,32.17,32.75,7497335
2015-08-14,32.5901,33.16,32.48,33.08,6110196
2015-08-17,32.9499,33.68,32.9199,33.4099,7877417
2015-08-18,33.2301,33.62,33.03,33.6001,9637208
2015-08-19,33.49,34.28,33.33,34.1801,14742871
2015-08-20,34,34.44,33.7501,33.8,9997241
2015-08-21,33.76,33.95,32.9199,33,16347040
2015-08-24,32.66,33.54,32.15,32.64,28640196
2015-08-25,33.1701,33.46,30.37,30.4,37104771
2015-08-26,31.1801,31.83,30.68,31.44,25258432
2015-08-27,31.66,31.7899,31.19,31.72,10507990
2015-08-28,31.6,31.86,30.9299,31.4,10386997
2015-08-31,31.16,31.2,30.31,30.76,14465275
2015-09-01,30.4099,30.64,29.75,29.96,13170809
2015-09-02,30.2001,30.34,29.8299,29.96,11358163
2015-09-03,30.1,30.3499,29.94,30.2601,9485091
2015-09-04,30,30.1,29.5901,29.72,8129357
2015-09-08,30.07,30.33,29.97,30.2901,5387606
2015-09-09,30.34,30.51,29.73,29.79,6325964
2015-09-10,30.05,30.1101,29.64,29.75,9125898
2015-09-11,29.6801,29.8299,29.55,29.7,5620758
2015-09-14,29.8899,30.43,29.8899,30.16,7513038
2015-09-15,30.31,30.59,30.1,30.49,7263482
2015-09-16,30.53,31.1201,30.45,31.06,10977380
2015-09-17,31.05,31.9399,30.92,31.57,9648985
2015-09-18,31,31.55,30.8699,30.91,12851153
2015-09-21,30.9299,31.2,30.4999,30.52,10625197
2015-09-22,30.48,30.58,28.41,28.46,31520325
2015-09-23,28.74,29.4899,28.46,29.02,20879145
2015-09-24,28.87,29.24,28.4499,29.07,20532570
2015-09-25,29.38,29.72,29.06,29.5,14567341
2015-09-28,29.3,29.84,29.08,29.2,13579071
2015-09-29,29.39,29.56,28.9399,29.15,9951676
2015-09-30,29.35,29.76,29.1301,29.7,9415692
2015-10-01,29.67,29.75,29.06,29.2,10433964
2015-10-02,29.4899,29.82,29.12,29.82,10017991
2015-10-05,29.99,30.7501,29.9199,30.3,13188614
2015-10-06,30.24,30.43,29.87,30.21,11087156
2015-10-07,30.31,30.52,30.05,30.13,10018552
2015-10-08,30.07,30.98,29.85,30.88,11374566
2015-10-09,30.8699,31.02,30.65,30.82,11044395
2015-10-12,30.94,31.37,30.8999,31.03,8638143
2015-10-13,31.01,31.1801,30.53,30.59,10186371
2015-10-14,30.65,30.7,30.2301,30.39,13610336
2015-10-15,30.51,31.1501,29.79,30.9599,17028131
2015-10-16,31.0901,31.14,30.3499,30.46,13256611
2015-10-19,30.37,30.46,29.96,30.18,11067108
2015-10-20,30.21,30.71,30.16,30.58,10141647
2015-10-21,30.6301,30.85,30.3799,30.46,6450462
2015-10-22,30.58,31.05,30.53,31.01,7646648
2015-10-23,30.86,30.91,29.84,29.8599,10878539
2015-10-26,29.87,30,28.98,29.17,13131412
2015-10-27,29.04,29.12,28.4,28.55,9980137
2015-10-28,28.6401,28.9699,28.2,28.56,13285913
2015-10-29,28.46,28.6401,27.91,28.59,10738339
2015-10-30,28.6701,29.1001,27.71,27.92,18535141
2015-11-02,27.97,28.43,27.97,28.37,11103279
2015-11-03,28.3599,28.5801,28.1,28.51,8819842
2015-11-04,28.52,29.1001,28.46,29.1001,15362275
2015-11-05,29.1301,29.21,28.68,28.74,8656649
2015-11-06,28.35,28.5,27.73,28.0901,13547666
2015-11-09,28.2,29.21,28.17,28.81,19264742
2015-11-10,28.55,29.01,28.5,28.74,9634824
2015-11-11,28.84,28.98,28.68,28.87,8633937
2015-11-12,28.71,28.98,28.55,28.56,9635666
2015-11-13,28.57,28.8799,28.26,28.34,20467938
2015-11-16,28.34,28.66,28.2701,28.65,9891531
2015-11-17,28.59,28.81,27.6001,27.6901,13292642
2015-11-18,27.7,28.1801,27.49,28.1201,13340310
2015-11-19,28.19,28.59,28.11,28.16,8358163
2015-11-20,28.28,28.49,27.58,28,13596876
2015-11-23,27.98,28.07,27.61,27.67,8903541
2015-11-24,27.57,27.8699,27.4,27.7801,11536357
2015-11-25,27.7501,27.82,27.48,27.7,6357369
2015-11-27,27.7501,27.8399,27.56,27.62,3152818
2015-11-30,27.62,27.73,27.28,27.31,12201326
2015-12-01,27.48,27.88,27.42,27.85,10181044
2015-12-02,27.7501,27.83,27.2601,27.34,9425085
2015-12-03,27.22,27.48,27.04,27.1401,7804373
2015-12-04,27.34,27.45,26.6501,26.7101,15767172
2015-12-07,26.7101,26.9,26.2799,26.76,13479669
2015-12-08,26.6,26.7,26.2201,26.54,8023926
2015-12-09,26.38,27.06,26.3099,26.57,8177726
2015-12-10,26.61,26.75,26.32,26.48,9749788
2015-12-11,26.26,26.54,25.8799,25.9399,10240208
2015-12-14,25.99,26.01,25.0901,25.46,15288389
2015-12-15,25.5,26.05,25.46,25.65,15000138
2015-12-16,25.68,26.5901,25.63,26.44,15691044
2015-12-17,26.44,26.79,26.21,26.6,11402887
2015-12-18,26.5,27.04,26.26,26.9,24007287
2015-12-21,27.07,27.51,26.84,27.43,13774370
2015-12-22,27.3799,27.62,27.2001,27.52,8734039
2015-12-23,27.53,27.86,27.43,27.79,7327132
2015-12-24,27.67,27.86,27.65,27.7501,2566081
2015-12-28,27.65,27.82,27.36,27.76,6424665
2015-12-29,27.91,28,27.71,27.95,6692447
2015-12-30,27.74,27.95,27.4999,27.6901,6220814
2015-12-31,27.64,27.85,27.3199,27.77,7856668
2016-01-04,27.48,28,27.33,27.97,10260116
2016-01-05,27.88,28.19,27.42,28.16,7834937
2016-01-06,27.89,28.28,27.76,28.19,9413729
2016-01-07,27.82,28.19,27.67,27.8399,7724599
2016-01-08,27.8999,27.98,27.45,27.82,11168052
2016-01-11,27.95,28.3599,27.82,28.06,11481679
2016-01-12,28.1801,28.1801,27.57,27.94,9571314
2016-01-13,27.9599,28.16,27.3499,27.54,11297737
2016-01-14,27.53,28.1,27.18,27.91,13237824
2016-01-15,27.36,27.97,26.96,27.46,14348769
2016-01-19,27.6301,27.9299,27.4699,27.64,12461397
2016-01-20,27.4099,27.45,26.26,26.78,15078650
2016-01-21,26.88,27.53,26.58,27.42,12674080
2016-01-22,27.51,28.0901,27.46,28.03,9957845
2016-01-25,28,28.1,27.1401,27.16,11828814
2016-01-26,27.24,28,27.22,27.8399,9715860
2016-01-27,27.97,28.4199,27.64,28.05,8562575
2016-01-28,28.06,28.9399,27.85,28.71,9535843
2016-01-29,28.9999,29.67,28.96,29.57,16755582
2016-02-01,29.3999,30.1101,29.26,30,13313813
2016-02-02,29.7,30.16,29.41,30.1401,13831571
2016-02-03,30.24,31.7301,30.15,31.6101,21166555
2016-02-04,31.66,32.42,31.6101,32.2501,19930411
2016-02-05,32.4599,32.9499,32.03,32.9,15345451
2016-02-08,32.76,33.12,32.11,32.36,14104961
2016-02-09,32.11,32.3999,31.77,31.9399,13394007
2016-02-10,31,31.4199,30.55,31.1201,15482286
2016-02-11,30.7801,31.08,30,30.31,13982707
2016-02-12,30.3,30.62,29.9799,30.46,11950227
2016-02-16,30.79,31.14,30.45,31.02,12974248
2016-02-17,31.13,31.28,30.74,31.0901,10483315
2016-02-18,31.1,31.6401,31.06,31.4499,10776753
2016-02-19,31.32,31.3599,30.94,31.2401,10043928
2016-02-22,31.49,31.7301,31.22,31.69,9685717
2016-02-23,31.0901,31.62,31,31.19,12213243
2016-02-24,31.2,31.8499,31.08,31.75,12111878
2016-02-25,31.74,31.98,31.56,31.98,8541825
2016-02-26,31.86,32.14,31.16,31.7301,18087342
2016-02-29,31.7301,32.14,31.4499,31.49,13608233
2016-03-01,31.77,31.96,31.2101,31.77,13939105
2016-03-02,31.6101,32.35,30.8699,32.32,10345638
2016-03-03,32.3699,33.1,32.02,33.08,12849891
2016-03-04,32.8599,33.6301,32.72,33.36,11830917
2016-03-07,33.48,34.05,33.3,33.92,9680249
2016-03-08,33.8999,34.32,33.39,34.23,12513972
2016-03-09,34.07,34.3599,33.95,34.17,10036217
2016-03-10,34.25,34.8499,34.11,34.7301,10754321
2016-03-11,34.93,34.98,34.44,34.7301,8004719
2016-03-14,34.6701,34.87,34.49,34.65,6663846
2016-03-15,34.5099,34.75,34.2701,34.5,7039302
2016-03-16,34.3899,34.8499,34.04,34.78,7009860
2016-03-17,34.86,34.9999,34.55,34.9099,7643003
2016-03-18,34.98,35.11,34.66,34.84,14195671
2016-03-21,34.75,35.08,34.6701,34.8799,8188241
2016-03-22,34.8499,35.2,34.63,34.9999,5461912
2016-03-23,34.98,35.5,34.5099,34.72,16214551
2016-03-24,34.72,35.36,34.35,35.3099,8427702
2016-03-28,35.27,35.4899,34.95,35.1601,6354705
2016-03-29,35.24,35.7701,34.8499,35.69,10605149
2016-03-30,35.75,35.76,35.41,35.4299,5944340
2016-03-31,35.54,35.9499,35.54,35.8599,10134357
2016-04-01,35.7401,35.9499,35.35,35.66,10703569
2016-04-04,35.69,35.7701,35.3999,35.51,6265538
2016-04-05,35.33,35.3399,34.55,34.6,8585848
2016-04-06,34.5,34.6101,34.0901,34.31,11322412
2016-04-07,34.31,34.6,34.23,34.35,6307177
2016-04-08,34.57,35.04,34.57,34.7001,6855359
2016-04-11,34.72,35.05,34.49,34.54,5204364
2016-04-12,34.52,35.1301,34.4199,35.08,8513365
2016-04-13,35.09,35.09,34.6101,34.7601,5066688
2016-04-14,34.7601,35.12,34.71,34.9399,5333629
2016-04-15,34.9399,34.9399,34.3599,34.37,14733197
2016-04-18,34.16,34.53,33.8699,34.43,7038040
2016-04-19,34.59,34.9699,34.4199,34.8,9045283
2016-04-20,34.8,34.9,33.7501,33.83,6566688
2016-04-21,33.7501,33.83,33.18,33.36,8038647
2016-04-22,33.57,34.16,33.53,34.0901,6549163
2016-04-25,33.89,34.23,33.7501,34.17,5977707
2016-04-26,34.31,34.7301,34.23,34.62,7820917
2016-04-27,34.72,35.6,34.69,35.35,7304420
2016-04-28,35.03,35.52,34.89,35.1601,5941536
2016-04-29,34.89,35.1901,34.6,35.09,7503364
2016-05-02,35.26,35.38,34.8199,35.09,5351574
2016-05-03,35.01,35.1901,34.55,34.78,8936769
2016-05-04,34.7601,35.51,34.75,35.26,8212776
2016-05-05,35.1901,35.81,35.14,35.38,9342087
2016-05-06,35.17,35.9499,35.15,35.6801,8238152
2016-05-09,35.6801,35.78,35.2,35.2501,6957986
2016-05-10,35.32,35.41,35.04,35.2,7243713
2016-05-11,34.9,35.41,34.78,35.3399,5725768
2016-05-12,35.33,35.58,34.9699,35.4599,6998223
2016-05-13,35.36,35.39,34.7901,34.9399,4623516
2016-05-16,34.84,35.02,34.53,34.72,6527852
2016-05-17,34.72,34.83,34.14,34.34,6339984
2016-05-18,34.2,34.32,33.6601,33.85,8884614
2016-05-19,33.6001,34.26,33.55,34.1801,6746845
2016-05-20,34.28,34.31,33.98,34.2701,5292550
2016-05-23,34.32,34.3899,33.7,33.73,5978408
2016-05-24,33.71,33.9899,33.7,33.9899,7643564
2016-05-25,33.6601,34.03,33.27,33.88,9993316
2016-05-26,33.91,34.2999,33.82,34.17,4971492
2016-05-27,34.2101,34.3599,34.07,34.3299,4555098
2016-05-31,34.34,34.41,33.9599,34.2701,8510420
2016-06-01,34.28,34.49,34.19,34.41,6210439
2016-06-02,34.2999,34.7301,34.19,34.72,6264977
2016-06-03,34.93,35.3099,34.9099,34.96,9120571
2016-06-06,35.05,35.2501,34.8199,35.02,4695438
2016-06-07,35.08,35.1001,34.6101,34.72,4114309
2016-06-08,34.77,35.07,34.69,35.05,3668894
2016-06-09,35.04,35.2,34.6,35.14,5863164
2016-06-10,35.05,35.2,34.3299,34.6,8551219
2016-06-13,34.6701,34.84,34.4,34.4,5384521
2016-06-14,34.4,34.44,33.61,33.85,10564491
2016-06-15,33.91,34.53,33.8399,34.19,8617673
2016-06-16,34.1801,34.4199,34.03,34.2101,5114776
2016-06-17,34.08,34.65,34,34.65,9858724
2016-06-20,34.74,34.83,34.4199,34.44,6513271
2016-06-21,34.47,34.9399,34.23,34.7601,4997990
2016-06-22,34.84,34.8799,34.3899,34.43,4221702
2016-06-23,34.56,34.95,34.38,34.95,6261612
2016-06-24,34.4499,35.01,34.17,34.3899,13519766
2016-06-27,34.2701,34.71,33.9299,34.59,11166089
2016-06-28,34.72,34.89,34.4,34.8799,9723711
2016-06-29,34.9999,35.2501,34.8,35.12,10356434
2016-06-30,35.21,36.37,34.92,36.36,12386530
2016-07-01,36.45,36.46,36.05,36.4099,6345452
2016-07-05,36.05,36.33,35.88,36.21,6191092
2016-07-06,36.22,36.68,35.99,36.6301,7587203
2016-07-07,36.45,36.53,35.58,35.7,5895971
2016-07-08,35.75,36.1401,35.3699,36.1101,6905271
2016-07-11,36.06,36.43,35.7701,36.4,5853070
2016-07-12,36.4,36.68,36.31,36.43,8805261
2016-07-13,36.6001,36.77,36.27,36.7501,8085194
2016-07-14,36.54,36.67,36.27,36.39,7905037
2016-07-15,36.4699,36.6001,36.3199,36.49,4535049
2016-07-18,36.49,36.85,36.3799,36.67,6585054
2016-07-19,36.56,36.65,36.4,36.58,3945088
2016-07-20,36.55,36.6001,36.24,36.25,4439433
2016-07-21,36.3,36.51,36.25,36.46,7255911
2016-07-22,36.6001,37.46,36.59,37.41,7566594
2016-07-25,37.3299,37.5,37.1801,37.5,6456490
2016-07-26,37.5,37.55,37,37.0901,3881717
2016-07-27,36.86,37.02,36.27,36.59,5653285
2016-07-28,36.56,36.94,36.43,36.86,4418964
2016-07-29,36.82,37.4,36.7,37.28,6602719
2016-08-01,37.2,37.7001,37.08,37.46,8658612
2016-08-02,37.2401,37.3001,36.7201,36.7801,7707775
2016-08-03,36.82,36.92,36.43,36.57,6155060
2016-08-04,36.56,36.8101,36.25,36.33,5801336
2016-08-05,36.3,36.4,36.03,36.1401,7369333
2016-08-08,36.28,36.3199,35.9799,36.1101,7569959
2016-08-09,36.4099,36.48,35.8299,35.85,6208477
2016-08-10,35.99,36.1,35.1301,35.53,11188100
2016-08-11,35.21,35.42,34.6,34.81,14238011
2016-08-12,35.1001,35.47,34.92,34.9399,11773435
2016-08-15,34.9,35.08,34.62,34.63,5682306
2016-08-16,34.49,34.6,34.22,34.23,7749415
2016-08-17,34.19,34.66,33.7801,34.58,8761098
2016-08-18,34.46,34.81,34.3299,34.71,8638563
2016-08-19,34.63,34.65,34.14,34.37,6725534
2016-08-22,34.49,34.54,34.26,34.43,3178755
2016-08-23,34.54,34.84,34.54,34.59,5828114
2016-08-24,34.54,34.7901,34.4499,34.71,5096130
2016-08-25,34.72,34.7301,34.46,34.5099,3795214
2016-08-26,34.56,34.84,33.88,33.8999,5144919
2016-08-29,34.05,34.2,33.88,34.05,4824983
2016-08-30,34.05,34.1,33.6901,33.8099,4443499
2016-08-31,33.79,34.02,33.61,34,5534395
2016-09-01,33.91,34.02,33.74,33.8099,6613795
2016-09-02,33.7801,34.2101,33.7201,34.07,4626740
2016-09-06,34.2701,34.4499,34.22,34.4499,4919758
2016-09-07,34.41,34.66,34.2999,34.56,4117394
2016-09-08,34.49,34.99,34.46,34.84,4749976
2016-09-09,34.52,34.55,33.39,33.4,7384614
2016-09-12,33.3499,33.77,33.31,33.6301,9546358
2016-09-13,33.49,33.56,32.8599,33.05,8344143
2016-09-14,33.13,33.46,32.9,33.12,7018973
2016-09-15,33.04,33.74,33.02,33.65,7008037
2016-09-16,33.6001,33.9599,33.37,33.83,10161416
2016-09-19,33.88,34.2101,33.88,34.16,4070427
2016-09-20,34.25,34.4199,33.8399,33.91,8460369
2016-09-21,34.06,34.86,34.01,34.8499,7303439
2016-09-22,34.9699,35.27,34.84,35.2201,6286568
2016-09-23,35.17,35.2201,34.77,34.8,5533273
2016-09-26,34.78,34.96,34.6101,34.8199,4971071
2016-09-27,34.83,34.9699,34.1201,34.1801,6681511
2016-09-28,34.2401,34.3299,33.67,34.01,6176932
2016-09-29,33.92,33.92,33.19,33.2899,7451910
2016-09-30,33.49,33.65,33.0099,33.2899,7752920
2016-10-03,33.25,33.25,32.57,32.7701,7018272
2016-10-04,32.7,32.7101,31.68,31.86,8032198
2016-10-05,31.93,32.3399,31.75,32.1301,11007803
2016-10-06,32.02,32.21,31.77,32.06,5440461
2016-10-07,32.33,32.63,32.17,32.18,6419197
2016-10-10,32.39,32.58,32.21,32.5,3467847
2016-10-11,32.42,32.55,32.1001,32.15,6661463
2016-10-12,32.21,32.55,32.14,32.51,6115244
2016-10-13,32.47,33.25,32.4299,32.85,8925973
2016-10-14,32.8299,33.19,32.6801,32.7,6338442
2016-10-17,32.7999,33.0099,32.7,32.75,4393728
2016-10-18,33.05,33.27,32.55,33.09,5224273
2016-10-19,33.0099,33.1,32.7401,32.88,5273202
2016-10-20,32.94,33.02,32.66,32.84,5026030
2016-10-21,32.64,32.85,32.39,32.5,5475371
2016-10-24,32.6201,32.75,32.3,32.6501,5226235
2016-10-25,32.5,32.9799,32.44,32.9,6211561
2016-10-26,33,33.49,32.67,33.2601,8116879
2016-10-27,33.36,33.55,32.75,33.27,6948312
2016-10-28,33.2899,33.45,33.0099,33.2301,7284231
2016-10-31,33.34,34.13,33.34,34.07,9895316
2016-11-01,34.02,34.06,33.1101,33.2601,7624917
2016-11-02,33.16,33.19,32.41,32.7,7445601
2016-11-03,32.67,32.9799,32.51,32.78,4574305
2016-11-04,32.8899,33.1401,32.66,32.69,4756706
2016-11-07,32.9799,33.43,32.7701,33.42,6225721
2016-11-08,33.2899,33.82,32.39,33.6601,6025796
2016-11-09,32.96,32.96,32.01,32.07,12776847
2016-11-10,31.65,31.66,29.96,30.19,23284696
2016-11-11,30.25,30.61,29.82,30,14002755
2016-11-14,29.9,30.91,29.84,30.77,17696605
2016-11-15,30.9299,32.1601,30.9299,32.07,17182772
2016-11-16,32.11,32.18,31.17,31.6,7137161
2016-11-17,31.43,31.8,31.43,31.49,5753668
2016-11-18,31.8199,32.21,31.56,31.7301,8450695
2016-11-21,31.86,32.48,31.86,32.48,7512337
2016-11-22,32.4299,32.81,32.17,32.4599,9816524
2016-11-23,32.05,32.4299,31.9999,32.3099,5127955
2016-11-25,32.42,32.87,32.39,32.58,2494298
2016-11-28,32.7401,33.6601,32.7101,33.39,9577202
2016-11-29,33.25,33.73,33.24,33.6601,9239460
2016-11-30,33.13,33.2601,32.51,32.51,11754508
2016-12-01,32.32,32.67,31.77,32.17,12196699
2016-12-02,32.72,33.4099,32.67,33.0099,10951443
2016-12-05,33,33.39,32.7401,33.3199,9444433
2016-12-06,33.59,33.64,32.97,33.05,7906439
2016-12-07,33.25,33.6601,33.25,33.53,7724039
2016-12-08,33.27,34.2,33.08,34.2,8977286
2016-12-09,34.14,34.99,34.14,34.9,14185857
2016-12-12,34.66,34.9999,34.34,34.5099,9109635
2016-12-13,34.66,35.48,34.62,35.4599,13209364
2016-12-14,35.6,36.34,34.93,35.09,14737544
2016-12-15,34.89,35.94,34.7601,35.73,13993362
2016-12-16,35.76,36.36,35.52,35.72,15319654
2016-12-19,35.8599,35.9199,35.18,35.75,7056687
2016-12-20,35.67,35.88,35.38,35.4599,7893540
2016-12-21,35.51,35.72,35.09,35.14,11142816
2016-12-22,35.3,35.69,35.1901,35.3099,16486959
2016-12-23,35.3999,35.4899,35.09,35.3,6839517
2016-12-27,35.24,35.57,35.1301,35.3999,7920879
2016-12-28,35.4599,35.52,35.12,35.2,4850920
2016-12-29,35.33,35.88,35.2801,35.72,5712028
2016-12-30,35.75,35.81,35.3699,35.4899,4888353
2017-01-03,35.67,35.69,34.9099,35.1901,10229413
2017-01-04,35.3399,35.78,35.26,35.4899,9325824
2017-01-05,35.5,35.6501,35.26,35.5,7218758
2017-01-06,35.39,36.21,35.32,36.08,8864706
2017-01-09,36.09,36.1701,35.2501,35.27,6562482
2017-01-10,35.42,35.4899,35.01,35.06,7487381
2017-01-11,35.2,35.4599,35.12,35.39,10161976
2017-01-12,35.42,35.4899,35.2201,35.44,5035563
2017-01-13,35.39,35.64,35.24,35.44,7084166
2017-01-17,35.55,36.05,35.52,35.88,5512243
2017-01-18,35.8001,35.99,35.6,35.7101,4228853
2017-01-19,35.61,36.05,35.42,35.7401,7044489
2017-01-20,35.78,35.8899,35.55,35.8001,7455976
2017-01-23,35.85,35.88,35.24,35.3,5098934
2017-01-24,35.27,35.41,35.1001,35.1301,7303158
2017-01-25,35.3399,35.45,35.18,35.35,5476072
2017-01-26,35.3999,35.67,35.15,35.29,6339564
2017-01-27,35.44,35.53,35.02,35.08,4552574
2017-01-30,35.14,35.15,34.8,35.04,8674595
2017-01-31,35.04,35.88,34.99,35.88,11347367
2017-02-01,35.66,35.81,35.04,35.45,9057901
2017-02-02,35.44,35.9,35.36,35.82,5502429
2017-02-03,35.78,35.91,35.66,35.78,6006869
2017-02-06,35.8899,36,35.66,35.81,5649920
2017-02-07,35.84,36.07,35.76,36.0099,5389148
2017-02-08,35.2501,36.3,34.9699,35.23,13463827
2017-02-09,35.23,35.23,34.47,34.8499,10667538
2017-02-10,34.75,35.07,34.7001,35.02,10338488
2017-02-13,34.77,35.2201,34.77,35.1001,6797036
2017-02-14,35.44,35.51,34.9099,35.36,7767921
2017-02-15,35.05,35.24,34.8499,35.2201,5669267
2017-02-16,35.2201,35.44,35.1301,35.42,4933778
2017-02-17,35.4599,35.6201,35.09,35.58,6958126
2017-02-21,35.39,36.02,35.2501,35.9199,6276333
2017-02-22,35.85,35.9199,35.39,35.69,6031825
2017-02-23,35.8299,36.18,35.73,35.9799,7325310
2017-02-24,36.15,37.19,35.9499,37.1801,11475090
2017-02-27,37.0901,37.1,36.4,36.57,6385689
2017-02-28,36.4699,36.8699,36.45,36.71,8479717
2017-03-01,36.3199,36.4699,36.0099,36.07,6657818
2017-03-02,35.99,36.6301,35.8599,36.42,6263996
2017-03-03,36.4099,36.4099,35.91,36.3199,4467473
2017-03-06,36.2001,36.3,35.9799,36.07,5142816
2017-03-07,36.19,36.36,36.02,36.13,6165716
2017-03-08,35.81,35.91,35.51,35.72,5544770
2017-03-09,35.7,35.9799,35.6501,35.78,4653518
2017-03-10,35.9499,36.15,35.72,35.97,4943312
2017-03-13,35.97,36.07,35.8001,35.94,4064819
2017-03-14,35.87,35.87,35.56,35.64,4102252
2017-03-15,35.79,36.53,35.7,36.28,7297690
2017-03-16,36.06,36.2301,35.8899,35.9799,5025469
2017-03-17,36.07,36.22,35.93,36.0099,11743012
2017-03-20,36.1101,36.1101,35.44,35.57,5173801
2017-03-21,35.4899,36.1401,35.38,35.96,7635432
2017-03-22,36.1,36.42,36.1,36.3,7629263
2017-03-23,36.2001,36.4399,35.9199,35.96,8808345
2017-03-24,35.88,36.4,35.87,36.12,5055051
2017-03-27,36.2601,36.3199,35.66,35.84,3293719
2017-03-28,35.52,35.69,35.3699,35.67,8290306
2017-03-29,35.7,36.12,35.3,35.93,6483128
2017-03-30,35.79,35.91,35.4899,35.7,5610944
2017-03-31,35.75,36.43,35.6501,35.9799,10023319
2017-04-03,35.9499,35.9799,35.53,35.82,6533881
2017-04-04,35.8001,36.3799,35.72,36.1401,7062996
2017-04-05,35.88,36.16,35.76,36.06,6478502
2017-04-06,36,36.34,35.7401,36.27,8004999
2017-04-07,36.31,36.4699,35.93,35.97,8489390
2017-04-10,36,36,35.69,35.81,7284652
2017-04-11,35.75,36.31,35.57,36.1401,7344377
2017-04-12,35.97,36.2601,35.76,36.19,6667491
2017-04-13,36.1401,36.19,35.82,35.97,5057435
2017-04-17,35.9799,36.12,35.84,35.9,4416020
2017-04-18,35.91,36.06,35.72,35.78,6248293
2017-04-19,35.79,35.87,35.36,35.4599,6650667
2017-04-20,35.4599,35.4599,34.83,35.05,6115524
2017-04-21,35.05,35.3399,35.01,35.03,6266519
2017-04-24,35.2,35.6201,34.9699,35.5,6215767
2017-04-25,35.3399,35.52,34.84,35.08,7488082
2017-04-26,35.04,35.4299,34.9,34.9,5665482
2017-04-27,34.92,35.17,34.8,34.84,5470043
2017-04-28,34.84,34.8799,34.53,34.63,5765445
2017-05-01,34.65,34.7001,34.2101,34.3299,5985278
2017-05-02,34.3899,34.53,34.1201,34.46,7105056
2017-05-03,34.59,34.59,33.68,33.98,9309140
2017-05-04,33.95,34.2999,33.88,34.05,9897139
2017-05-05,34.1801,34.54,34.16,34.34,5650200
2017-05-08,34.38,34.4799,34.17,34.26,6717823
2017-05-09,34.19,34.2,33.57,33.59,7125945
2017-05-10,33.67,33.79,33.45,33.76,8415505
2017-05-11,33.46,33.6301,33.3,33.4999,10621832
2017-05-12,33.65,34.25,33.4999,34.13,8890783
2017-05-15,34.3599,34.83,34.34,34.7001,10323487
2017-05-16,34.6101,34.71,34.28,34.5099,8428123
2017-05-17,34.5099,34.96,34.43,34.8499,9874426
2017-05-18,34.96,35.33,34.52,35.08,11080146
2017-05-19,35.1601,35.1601,34.78,35.06,8710486
2017-05-22,34.9099,35.64,34.9099,35.53,7969529
2017-05-23,35.52,35.5901,35.29,35.3699,15085240
2017-05-24,35.45,35.8299,35.3399,35.81,10798765
2017-05-25,35.93,36.08,35.7,36.03,6197821
2017-05-26,36.0099,36.08,35.73,35.82,7991260
2017-05-30,35.72,36.2001,35.66,36.06,5379053
2017-05-31,36.08,36.45,35.9799,36.31,8887699
2017-06-01,36.25,36.74,36.1,36.73,6280259
2017-06-02,36.8,36.83,36.42,36.6001,4643003
2017-06-05,36.56,36.74,36.3799,36.6301,6126460
2017-06-06,36.7501,36.86,36.54,36.6901,6284886
2017-06-07,36.68,36.85,36.55,36.61,5537900
2017-06-08,36.61,36.61,36.24,36.4,5791522
2017-06-09,36.4,36.68,36.3199,36.62,5688755
2017-06-12,36.6601,36.8699,36.39,36.48,7629684
2017-06-13,36.48,36.6001,36.37,36.55,5580661
2017-06-14,36.79,36.8999,36.59,36.6901,4403402
2017-06-15,36.67,36.86,36.51,36.82,4526217
2017-06-16,36.88,37.1201,36.8699,37.08,7767641
2017-06-19,37.14,37.1501,36.65,36.8399,5438919
2017-06-20,36.8101,37.13,36.6901,36.89,5567342
2017-06-21,36.95,37.13,36.4999,36.67,4830030
2017-06-22,36.61,37.08,36.61,36.6601,5963407
2017-06-23,36.6601,36.79,36.45,36.4999,6133329
2017-06-26,36.6601,37.44,36.58,37.2101,6833208
2017-06-27,36.9599,37.1201,36.58,36.76,5578278
2017-06-28,36.8699,36.92,36.13,36.19,6896859
2017-06-29,35.99,36.2301,35.8001,35.84,6770538
2017-06-30,35.9199,36.28,35.8299,36.07,6317132
2017-07-03,36.2001,36.25,35.5901,35.84,3244508
2017-07-05,35.84,35.97,35.38,35.52,5612206
2017-07-06,35.44,35.73,35.3699,35.6801,8384661
2017-07-07,35.7,35.9,35.5,35.58,6145667
2017-07-10,35.5901,36.0099,35.5901,35.76,6159266
2017-07-11,35.82,35.85,35.51,35.72,5985138
2017-07-12,36.0099,36.21,35.94,36.07,4881063
2017-07-13,35.97,36.02,35.66,35.72,4862697
2017-07-14,35.96,36.27,35.94,36.06,4309468
2017-07-17,36.49,37.06,36.45,37.03,10318440
2017-07-18,37.05,37.19,36.91,37.16,6769417
2017-07-19,37.25,37.41,37.06,37.3899,4651836
2017-07-20,37.4499,37.69,37.31,37.6,4738199
2017-07-21,37.56,37.7601,37.32,37.4799,6131367
2017-07-24,37.4799,37.49,37.11,37.2,6768716
2017-07-25,37.2701,37.35,36.9299,37.02,5474109
2017-07-26,37.02,37.71,36.95,37.68,6544396
2017-07-27,37.7301,38.04,37.54,37.99,7365687
2017-07-28,37.9699,38.44,37.8799,38.3999,7972894
2017-07-31,38.39,38.5,38.24,38.3399,11418729
2017-08-01,38.48,38.78,38.42,38.55,8907887
2017-08-02,38.1901,38.6201,37.72,38.42,8459107
2017-08-03,38.38,38.47,38.1901,38.44,5425600
2017-08-04,38.2201,38.3699,37.96,38.17,5451957
2017-08-07,38.15,38.27,38.05,38.2201,3587157
2017-08-08,38.1301,38.38,38.03,38.21,4754883
2017-08-09,38.42,38.48,37.7001,37.7001,7883306
2017-08-10,37.71,37.92,37.56,37.74,5507336
2017-08-11,37.5,37.57,37.25,37.5,5121506
2017-08-14,37.56,37.63,37.41,37.6,3890971
2017-08-15,37.4,37.95,37.4,37.84,6339143
2017-08-16,37.84,38.14,37.78,38.1301,5853771
2017-08-17,38.06,38.1901,37.59,37.6,5123188
2017-08-18,37.57,38.1901,37.4799,37.99,5403028
2017-08-21,38.06,38.14,37.84,37.96,4338629
2017-08-22,37.99,38.27,37.96,38.23,2663099
2017-08-23,38.2,38.39,38.07,38.32,3858865
2017-08-24,38.3101,38.51,38.1301,38.3399,8354097
2017-08-25,38.4899,38.5901,38.29,38.3,4476866
2017-08-28,38.3699,38.42,37.98,38.27,5444246
2017-08-29,38.29,38.44,38.1601,38.2201,3406580
2017-08-30,38.2201,38.2201,37.8,37.84,5611225
2017-08-31,37.9999,38.14,37.8199,37.87,9022571
2017-09-01,37.95,37.96,37.4199,37.54,8214598
2017-09-05,37.59,37.68,37.44,37.6,8657070
2017-09-06,37.7601,37.8199,37.4799,37.55,7061173
2017-09-07,37.65,38.1001,37.58,38.03,5937049
2017-09-08,37.9699,38.29,37.9,38.17,6262313
2017-09-11,38.14,38.5,38.04,38.47,4611458
2017-09-12,38.35,38.45,37.54,37.8799,6608047
2017-09-13,37.9099,38.12,37.78,37.8,7527478
2017-09-14,37.69,38.14,37.59,38.1001,5478315
2017-09-15,38.12,38.3999,37.49,37.6101,21381481
2017-09-18,37.59,37.87,37.08,37.4,9550424
2017-09-19,37.4,37.55,37.03,37.28,7515561
2017-09-20,37.38,37.38,36.6301,36.91,11110149
2017-09-21,36.8999,37.41,36.86,37.1501,4832414
2017-09-22,37.25,37.32,36.9299,37.1201,4744088
2017-09-25,37.14,37.66,37.02,37.6,6374614
2017-09-26,37.52,37.52,37.16,37.17,5568744
2017-09-27,37,37.28,36.88,37.1501,8179128
2017-09-28,37,37.6101,36.83,37.4,5963267
2017-09-29,37.4799,37.96,37.44,37.6701,9662444
2017-10-02,37.81,38.39,37.65,38.14,12217729
2017-10-03,38.12,38.14,37.55,37.84,7266846
2017-10-04,37.8499,38.21,37.69,38.1901,6970604
2017-10-05,38.2,38.39,37.99,38.35,7619169
2017-10-06,38.12,38.2501,37.93,38.15,5779044
2017-10-09,38.1601,38.32,37.98,38.04,3483409
2017-10-10,38.17,38.41,38.01,38.3,3369567
2017-10-11,37.93,38.5,37.93,38.4599,6882698
2017-10-12,38.3999,38.9499,38.2501,38.94,6636788
2017-10-13,39,39.43,38.9199,39.24,8940133
2017-10-16,39.15,39.74,38.9799,39.67,11994951
2017-10-17,39.56,39.7201,39.22,39.6001,5942798
2017-10-18,39.58,39.68,39.3499,39.62,3822553
2017-10-19,39.6001,39.88,39.4399,39.77,6744882
2017-10-20,39.7501,39.8099,39.34,39.58,5938311
2017-10-23,39.59,39.82,39.39,39.74,5121506
2017-10-24,39.74,40,39.6001,39.9599,5339657
2017-10-25,39.8699,40.1801,39.31,40.07,7212028
2017-10-26,40.25,40.34,39.8699,39.88,5599308
2017-10-27,39.8099,40.3299,39.74,40.25,3902607
2017-10-30,40.07,40.2701,39.94,40.2401,6849611
2017-10-31,40.22,40.38,40.1,40.2101,5176745
2017-11-01,40.32,40.3599,39.98,40.1501,7304420
2017-11-02,40.1,40.81,39.4699,40.72,10927749
2017-11-03,40.75,41.56,40.56,40.9399,8004439
2017-11-06,40.9699,41.14,40.62,40.69,5461631
2017-11-07,40.7301,41.4899,40.66,41.27,5865688
2017-11-08,41.29,41.47,40.84,41.32,5349331
2017-11-09,41.21,41.54,41.03,41.14,5019721
2017-11-10,40.86,41.4299,40.86,41.3,5442003
2017-11-13,41.38,42.18,41.3,42.09,7444900
2017-11-14,41.75,42.46,41.59,42.39,7399756
2017-11-15,42.46,42.67,41.6801,41.7701,8099634
2017-11-16,41.6,41.6501,41.11,41.24,9795914
2017-11-17,41.1901,41.36,41.06,41.26,6759463
2017-11-20,41.32,41.64,41.21,41.35,5327320
2017-11-21,41.4599,41.67,41.3399,41.39,4320684
2017-11-22,41.44,41.55,41.21,41.5,4288578
2017-11-24,41.5,41.75,41.47,41.63,2008505
2017-11-27,41.7,41.82,41.4599,41.6501,6111598
2017-11-28,41.78,42.1101,41.7401,41.96,5407935
2017-11-29,41.8299,41.91,41.4899,41.69,6291054
2017-11-30,41.75,41.96,41.4299,41.7101,10299232
2017-12-01,41.8899,42.09,41.26,41.8299,8283997
2017-12-04,41.8899,42,41.42,41.56,6925179
2017-12-05,41.58,41.7101,40.95,41.2501,8607859
2017-12-06,41.48,41.6501,40.78,41.12,7547527
2017-12-07,41.14,41.17,39.55,40.81,9553649
2017-12-08,40.62,41.07,40.37,41.05,11146180
2017-12-11,41.09,41.9499,41.09,41.9199,12220533
2017-12-12,41.78,41.8899,40.96,41.01,11136787
2017-12-13,40.9999,41.4899,40.86,41.1301,12115523
2017-12-14,40.98,41.26,40.6101,40.81,6581128
2017-12-15,40.86,41.02,40.68,40.74,12642395
2017-12-18,40.89,41.08,40.3899,40.4799,6977333
2017-12-19,40.58,40.74,39.61,39.62,6272688
2017-12-20,39.58,39.7201,38.97,39.04,8520935
2017-12-21,38.87,39.36,38.76,39.07,5628609
2017-12-22,39.19,39.22,38.97,39.0099,4948780
2017-12-26,39.12,39.2301,38.78,38.81,2861342
2017-12-27,38.97,39.02,38.7701,38.99,7042947
2017-12-28,38.93,39.33,38.93,39.3,5249088
2017-12-29,39.4399,39.4999,39.25,39.4099,4371857
2018-01-02,39.54,39.6901,39.2601,39.59,7224506
2018-01-03,39.37,39.88,38.7701,39.06,6750350
2018-01-04,38.97,39.1401,38.4899,38.51,6630619
2018-01-05,38.72,38.8299,38.07,38.1901,10013224
2018-01-08,38.2801,38.87,38.23,38.6,15116925
2018-01-09,38.55,38.67,37.74,38.1601,10745349
2018-01-10,38.02,38.3399,37.8199,37.95,6890550
2018-01-11,38.2201,38.7401,38.05,38.41,10419524
2018-01-12,38.33,38.5901,38.01,38.39,7143470
2018-01-16,38.47,38.82,38.1001,38.47,10847695
2018-01-17,38.5901,39.2001,38.55,39.09,8315262
2018-01-18,39,39.08,38.17,38.5901,9881857
2018-01-19,38.75,38.7999,37.9,37.9699,11867509
2018-01-22,38.2201,38.63,37.92,38.05,13264042
2018-01-23,38.42,38.94,38.32,38.53,9026637
2018-01-24,38.47,38.52,38.12,38.21,7695157
2018-01-25,38.3399,38.7701,38.2501,38.6801,9659359
2018-01-26,38.85,38.9499,38.44,38.8599,10535609
2018-01-29,38.7101,38.7101,38.1601,38.33,6524908
2018-01-30,38.33,38.6201,38.09,38.29,6458874
2018-01-31,38.3,38.5901,38.1001,38.51,14126131
2018-02-01,38.53,38.7101,37.77,37.84,6862089
2018-02-02,37.75,38.15,37.6401,37.72,7758107
2018-02-05,37.72,38.07,36.83,36.92,9817225
2018-02-06,36.51,36.82,35.57,36.4699,17627346
2018-02-07,36.4699,37.69,36.09,36.15,11991867
2018-02-08,36.16,36.85,35.9499,35.9799,15882697
2018-02-09,36.15,37.1,35.87,36.86,15179174
2018-02-12,36.8999,37.3299,36.56,37.17,10403821
2018-02-13,37.04,37.1801,36.42,37.01,10386857
2018-02-14,36.57,37.06,36.22,36.6001,10743246
2018-02-15,36.7201,37.5099,36.62,37.5,9532478
2018-02-16,37.6,37.98,37.43,37.78,13245535
2018-02-20,37.7301,38.1001,37.47,37.68,13868724
2018-02-21,37.68,37.7601,37.02,37.06,20768948
2018-02-22,37.1801,37.52,36.9299,37.2401,11335591
2018-02-23,37.3599,38.2801,37.1801,38.24,7571501
2018-02-26,38.29,38.3999,37.86,38.03,7464528
2018-02-27,38.03,38.4899,37.2401,37.2401,9441769
2018-02-28,37.3001,37.66,37.04,37.04,10658004
2018-03-01,37.1801,37.55,36.65,36.94,7344237
2018-03-02,36.97,37.14,36.4999,36.92,7486540
2018-03-05,36.85,37.75,36.67,37.68,7969669
2018-03-06,37.69,37.7301,37.02,37.17,9160668
2018-03-07,37.05,37.2,36.57,36.82,6834890
2018-03-08,36.86,37.52,36.74,37.4499,6401672
2018-03-09,37.49,37.57,37.01,37.5,10816150
2018-03-12,37.55,37.65,37.22,37.53,11938030
2018-03-13,37.6701,38.03,37.2101,37.44,9135152
2018-03-14,37.5099,38.08,37.5099,37.83,7484437
2018-03-15,37.83,38.21,37.7001,37.87,7656462
2018-03-16,37.96,38.54,37.9,38.38,16514859
2018-03-19,38.4299,38.57,37.9099,38.2201,8576034
2018-03-20,38.29,38.5901,38.15,38.3101,13878118
2018-03-21,38.36,38.73,37.95,38.07,10715065
2018-03-22,38.1001,39.08,38.1001,38.3699,7869706
2018-03-23,38.42,38.58,37.63,37.71,6596270
2018-03-26,37.9,38.1601,37.75,38.1001,4762734
2018-03-27,38.14,38.85,37.99,38.47,8051966
2018-03-28,38.58,38.97,38.4599,38.54,10774791
2018-03-29,38.81,39.3199,38.76,39.0099,8725768
2018-04-02,39.1,39.16,37.9699,38.26,10372977
2018-04-03,38.2501,38.93,38.18,38.75,8502008
2018-04-04,38.66,38.7999,38.2501,38.78,6009112
2018-04-05,38.7999,39.12,38.41,39,6208056
2018-04-06,38.9799,39.09,38.45,38.63,4872791
2018-04-09,38.7101,38.8899,38.4899,38.5901,5377091
2018-04-10,38.58,38.85,38.41,38.67,7847835
2018-04-11,38.6501,38.6501,38.39,38.48,5279091
2018-04-12,38.12,38.53,37.4499,37.7601,13438310
2018-04-13,38.06,38.72,38.03,38.3399,7696840
2018-04-16,38.52,38.69,38.27,38.5901,6684596
2018-04-17,38.7,39.16,38.6201,39.07,6972146
2018-04-18,39.18,39.54,38.94,38.94,5828675
2018-04-19,38.9,39.03,38.58,38.96,4481072
2018-04-20,38.99,39,38.3999,38.6,6439526
2018-04-23,38.72,39.06,38.4899,38.66,6145387
2018-04-24,38.84,39.62,38.7401,39.18,7343115
2018-04-25,39.0099,39.19,38.7,39.16,5354098
2018-04-26,39.22,39.65,39.15,39.51,5623422
2018-04-27,39.42,39.9599,39.4099,39.85,4628703
2018-04-30,39.92,39.9899,39.61,39.68,9541031
2018-05-01,40,40.43,39.88,40.1501,19818672
2018-05-02,40.38,40.59,39.92,40.38,11318206
2018-05-03,40.2999,41.1901,40.04,40.8499,11431908
2018-05-04,40.9,41.21,40.8799,41.08,5870314
2018-05-07,41.1301,41.56,41.1001,41.3,9726936
2018-05-08,41.17,41.1901,40.57,40.74,13435366
2018-05-09,40.71,40.7901,39.91,39.97,8822646
2018-05-10,40.2999,40.62,40.16,40.6,6784979
2018-05-11,40.55,40.7601,40.35,40.6401,4756986
2018-05-14,40.4499,40.55,40.08,40.34,5925974
2018-05-15,40.08,40.31,39.8699,40.2101,11630852
2018-05-16,40.11,40.2701,39.58,39.79,6089727
2018-05-17,39.8399,40,39.25,39.3499,8975183
2018-05-18,39.42,39.67,39.1,39.4399,9100943
2018-05-21,39.54,39.71,39.1101,39.64,6875128
2018-05-22,39.6301,40.1201,39.62,39.8699,7474062
2018-05-23,39.95,40.35,39.8999,40.2999,9255303
2018-05-24,40.1801,40.55,39.94,40.53,8579118
2018-05-25,40.49,40.89,40.4199,40.6701,6155060
2018-05-29,40.49,40.89,40.3299,40.71,8614168
2018-05-30,40.68,41.39,40.4499,41.2201,9431394
2018-05-31,41.17,41.72,40.9099,41.39,8659593
2018-06-01,41.39,41.3999,40.41,40.99,9688661
2018-06-04,41.09,41.3399,40.4199,40.54,9371949
2018-06-05,40.7001,40.75,40.23,40.43,6906813
2018-06-06,40.65,40.65,39.65,39.71,8678941
2018-06-07,39.74,40.53,39.6301,40.14,8547994
2018-06-08,40.08,40.31,39.74,40,7592251
2018-06-11,40,40.22,39.73,39.9299,6093513
2018-06-12,39.9299,40.56,39.91,40.49,10166323
2018-06-13,40.6101,41.1301,40.3599,40.52,7640059
2018-06-14,40.52,41.12,40.4,41.07,7124543
2018-06-15,40.9699,41.57,40.58,41.4899,15435459
2018-06-18,41.4299,41.84,41.4299,41.72,6791148
2018-06-19,41.75,42.1401,41.2501,41.61,9492521
2018-06-20,41.7,41.94,41.41,41.8001,5463173
2018-06-21,41.7101,41.91,41.1901,41.4299,9666790
2018-06-22,41.59,41.73,41.35,41.5,6264136
2018-06-25,41.59,42.1101,41.4899,41.85,9689502
2018-06-26,41.9499,42.22,41.8001,42.03,15287408
2018-06-27,42.03,42.3499,41.9,42.2001,6158425
2018-06-28,42.33,42.61,42.1101,42.28,10861154
2018-06-29,42.34,42.7201,42.03,42.6001,12582950
2018-07-02,42.67,42.92,42.3499,42.8999,6115945
2018-07-03,42.89,43.09,42.58,42.8101,4289559
2018-07-05,42.8999,42.9899,42.64,42.92,5807925
2018-07-06,42.91,43.19,42.7801,43.09,5031498
2018-07-09,43.16,43.2,41.6801,41.85,8344424
2018-07-10,41.5,42.37,41.4599,42.1701,7445461
2018-07-11,42.28,42.6001,41.2,42.45,7808579
2018-07-12,42.49,42.6001,41.96,42.3499,8511963
2018-07-13,42.4699,42.53,42.04,42.39,6689363
2018-07-16,42.28,42.4,41.96,42.15,7603326
2018-07-17,42.2001,42.33,41.8899,41.9199,10851901
2018-07-18,41.96,42.02,41.6,41.9199,6860967
2018-07-19,42,42.4699,42,42.24,8549536
2018-07-20,42.05,42.25,41.7701,42.05,7581035
2018-07-23,42.1701,42.18,41.4599,41.61,5937750
2018-07-24,41.5,41.7101,40.9699,41.6501,7242452
2018-07-25,41.6201,42.24,41.6,41.88,7458079
2018-07-26,42.09,42.2901,41.94,42.27,7991120
2018-07-27,42.3,42.58,42.03,42.2001,4222263
2018-07-30,42.16,42.2601,41.6501,41.8001,4795261
2018-07-31,41.96,42.52,41.73,42.4999,11907466
2018-08-01,42.18,42.21,41.72,42,7656883
2018-08-02,42.16,42.88,41.96,42.2901,7132535
2018-08-03,42.36,42.65,42.1401,42.49,6203710
2018-08-06,42.4399,42.7801,42.37,42.61,5557808
2018-08-07,42.6601,42.9599,42.25,42.77,8595522
2018-08-08,42.7,42.92,42.4999,42.85,4807178
2018-08-09,42.8699,43.43,42.7501,43.37,6420179
2018-08-10,43.47,43.74,43.06,43.13,6257266
2018-08-13,43.17,43.37,43.01,43.31,6212963
2018-08-14,43.06,43.52,43,43.35,6097298
2018-08-15,43.44,43.9699,43.38,43.63,8227637
2018-08-16,43.62,44.44,43.57,44.33,11589633
2018-08-17,44.3,45.05,44.24,44.53,11614448
2018-08-20,44.29,44.4899,44.09,44.26,8970136
2018-08-21,44.32,44.36,43.8201,44.09,6152116
2018-08-22,44.2,44.2,43.63,43.93,4234320
2018-08-23,43.92,44.23,43.78,43.9,4735535
2018-08-24,43.92,44.08,43.6101,44.03,4731049
2018-08-27,44.12,44.18,43.4199,43.65,3817225
2018-08-28,43.52,43.6,43.2701,43.4,6395784
2018-08-29,43.84,43.9399,43.58,43.8201,4282409
2018-08-30,43.89,44.1301,43.75,43.9399,4021357
2018-08-31,43.93,44.05,43.4499,43.71,9152256
2018-09-04,44.09,44.1301,43.8499,43.99,4386017
2018-09-05,44.04,44.38,43.99,44.2,9857742
2018-09-06,44.45,44.58,44.18,44.36,8841152
2018-09-07,44.11,44.44,43.86,44.07,6662584
2018-09-10,44.27,44.85,44.17,44.6201,7126506
2018-09-11,44.29,44.48,43.9699,44.2,7466071
2018-09-12,44.2501,44.4599,44.06,44.12,6541171
2018-09-13,44.11,44.45,43.86,44.44,6302691
2018-09-14,44.3399,44.36,43.84,44.08,7391484
2018-09-17,44.38,44.55,44.17,44.47,4174455
2018-09-18,44.3399,44.48,44.03,44.2,6237218
2018-09-19,44.27,44.2801,42.95,43.2401,13966303
2018-09-20,43.17,43.56,42.92,43.3899,8510701
2018-09-21,43.3001,43.86,43.13,43.65,13290680
2018-09-24,43.59,43.7001,43.17,43.2,6310963
2018-09-25,43.29,43.29,42.4399,42.58,7877277
2018-09-26,42.6901,42.8399,42.19,42.2001,8775679
2018-09-27,42.24,42.95,42.2001,42.8101,8389848
2018-09-28,42.9299,43.72,42.8399,43.66,10065519
2018-10-01,43.46,43.54,43.2,43.41,6513692
2018-10-02,43.55,44.21,43.5,44.01,6789045
2018-10-03,43.95,44.07,42.73,43.1,7536030
2018-10-04,43.0199,43.3299,42.56,43.2401,9000560
2018-10-05,43.2401,43.96,43.14,43.81,4803532
2018-10-08,43.9699,44.21,43.4799,44.01,7969248
2018-10-09,43.86,44.36,43.63,44.02,7742124
2018-10-10,43.92,44.4899,43.55,43.56,9947751
2018-10-11,43.69,43.78,42.4999,42.73,10199410
2018-10-12,42.82,43.11,42.4399,42.91,9633002
2018-10-15,42.9599,43.55,42.83,43.03,7822599
2018-10-16,43.01,43.63,42.89,43.46,8721421
2018-10-17,43.46,43.56,42.83,42.9899,7119356
2018-10-18,43.01,43.31,42.8,43.08,6244788
2018-10-19,43.23,44.39,43.1501,44.1301,9085661
2018-10-22,43.7301,43.98,43.4,43.5,6539769
2018-10-23,43.57,43.81,43.2,43.53,6401812
2018-10-24,43.87,44.87,43.59,44.5199,8692961
2018-10-25,44.21,44.24,43.5,43.8499,9130385
2018-10-26,44.03,44.21,43.2401,43.62,13135478
2018-10-29,43.56,44.2801,43.56,44.08,9814701
2018-10-30,44.79,44.79,43.93,44.38,8842274
2018-10-31,44.23,44.23,43.53,43.81,12666229
2018-11-01,43.9399,44.35,43.32,43.65,9433217
2018-11-02,43.84,43.9999,43.0199,43.4,8565379
2018-11-05,43.83,44.51,43.56,44.18,8939012
2018-11-06,44.2201,44.36,43.69,44.3101,7245957
2018-11-07,44.5199,44.81,44.14,44.67,11857555
2018-11-08,44.78,44.79,44.1901,44.75,7819795
2018-11-09,44.8299,45.3,44.61,45.04,8239694
2018-11-12,44.8299,46.2,44.78,45.7201,6432937
2018-11-13,45.83,46.05,45.49,45.91,7580053
2018-11-14,45.39,45.64,45.04,45.22,10060331
2018-11-15,44.91,45.73,44.56,45.55,7495092
2018-11-16,46.17,46.2,45.58,45.88,10946115
2018-11-19,45.92,46.1801,45.8,46.1,6539068
2018-11-20,46.25,46.32,45.2901,45.4399,10198709
2018-11-21,45.2901,45.48,44.7701,44.9499,6227123
2018-11-23,45,45.03,44.53,44.85,3583091
2018-11-26,44.94,45.28,44.66,45.2001,6078511
2018-11-27,45.21,45.71,45.07,45.53,5647536
2018-11-28,45.6601,45.91,45.18,45.82,7196186
2018-11-29,45.85,45.86,45.07,45.67,5860220
2018-11-30,45.8101,46.4499,45.6301,46.3899,9631179
2018-12-03,46.35,46.49,46.0199,46.4799,7957472
2018-12-04,46.71,47.3699,46.52,46.95,12366481
2018-12-06,46.95,47.3999,46.09,46.9,10213430
2018-12-07,46.87,47.3,46.28,46.96,6467286
2018-12-10,46.8,47.15,46,46.9999,7104775
2018-12-11,47.08,47.17,46.66,46.89,7281427
2018-12-12,47.01,47.35,46.8199,46.89,9518879
2018-12-13,46.8799,47.27,46.7901,46.95,6210720
2018-12-14,46.98,47.21,46.77,47.06,7477427
2018-12-17,47.09,47.23,45.4699,45.61,10030609
2018-12-18,45.8699,46.4799,45.59,45.8,9871622
2018-12-19,45.88,46.4799,45.48,45.7201,10494250
2018-12-20,45.82,46.53,45.25,45.8101,11574632
2018-12-21,45.8,47.02,45.68,45.89,16933636
2018-12-24,45.88,46.23,43.65,43.83,5799373
2018-12-26,43.8499,44.5199,43.1,44.48,7592110
2018-12-27,44.2501,44.8001,43.5,44.78,8850265
2018-12-28,44.88,45.3,44.61,44.7401,6978455
2018-12-31,44.78,45.1,44.45,45.1,6006028
2019-01-02,44.78,45,43.8499,44.07,7574585
2019-01-03,44.18,44.57,43.8799,44.12,6607906
2019-01-04,43.59,44.63,43.5099,44.6201,7767921
2019-01-07,44.32,44.97,44.18,44.7,10576968
2019-01-08,44.72,45.43,44.53,45.39,6458593
2019-01-09,45.19,45.46,44.8299,45.02,8783530
2019-01-10,45.15,45.8399,44.91,45.79,6189129
2019-01-11,45.74,46.04,45.49,45.79,6705345
2019-01-14,45.34,45.45,44.55,45.04,9554490
2019-01-15,44.93,46,44.93,45.79,7082483
2019-01-16,45.52,45.83,45.2901,45.8,7811383
2019-01-17,45.83,46.09,45.6001,46.0199,5801476
2019-01-18,46.1,46.3899,45.8999,46.08,6759603
2019-01-22,46.0199,46.6,45.7801,46.25,7380969
2019-01-23,46.3001,46.89,46.26,46.87,6477240
2019-01-24,46.9999,47.06,46.5,46.96,6222497
2019-01-25,46.78,47.0299,46.2401,46.43,9430413
2019-01-28,46.47,46.57,45.8101,46.1501,4984951
2019-01-29,46.3001,46.5099,46.04,46.2,7206420
2019-01-30,46.1201,46.9,46.11,46.65,5308673
2019-01-31,46.6,47.93,46.46,47.76,11248667
2019-02-01,47.67,47.7701,47.12,47.4599,6813440
2019-02-04,47.21,47.3399,46.8,47.3399,8991867
2019-02-05,47.26,47.5,47.0299,47.29,7111365
2019-02-06,47.12,47.54,46.99,47.32,7175716
2019-02-07,47.36,48.1701,47.17,48.13,9999905
2019-02-08,46.16,47.81,46.03,47.72,12337039
2019-02-11,47.66,48.07,47.59,47.8001,7935180
2019-02-12,47.91,48.1101,47.4899,47.9199,6463220
2019-02-13,47.8001,48.02,47.7701,47.9,6134591
2019-02-14,47.85,48.08,47.53,47.8599,5434432
2019-02-15,48.18,48.2601,47.93,48.2601,8591877
2019-02-19,48.04,48.21,47.7101,48.15,6781194
2019-02-20,48.0099,48.34,47.8001,48.13,8156275
2019-02-21,47.8599,48.62,47.8299,48.49,13338067
2019-02-22,48.6,48.91,48.45,48.74,5959481
2019-02-25,48.9599,48.97,48.19,48.42,5610664
2019-02-26,48.64,48.7501,48.28,48.56,7564912
2019-02-27,48.3499,48.79,48.24,48.3,6948172
2019-02-28,48.22,48.79,48.09,48.59,8806242
2019-03-01,48.7,48.83,48.33,48.54,6623328
2019-03-04,48.6601,48.8101,48.1,48.45,5228899
2019-03-05,48.36,48.56,48.2601,48.42,6144125
2019-03-06,48.45,48.6,48.16,48.43,4967146
2019-03-07,48.61,48.95,48.48,48.55,5800635
2019-03-08,48.6,48.82,48.31,48.7801,4774371
2019-03-11,48.79,49.14,48.6901,49.08,6314888
2019-03-12,49.1801,49.56,49.14,49.46,6786381
2019-03-13,49.43,49.7001,49.35,49.63,6524768
2019-03-14,49.63,49.99,49.4199,49.62,5745256
2019-03-15,49.55,50.2,49.43,49.9999,16841805
2019-03-18,50.01,50.09,49.47,49.6701,7827226
2019-03-19,49.63,49.66,48.8399,49.08,9156041
2019-03-20,49.23,49.58,48.8999,49.1,6696513
2019-03-21,49.1,49.75,48.98,49.66,11997615
2019-03-22,49.72,50.47,49.63,50.2801,10215813
2019-03-25,50.3101,50.4899,50.06,50.38,8260724
2019-03-26,50.56,50.75,50.32,50.6801,5859659
2019-03-27,50.7101,50.85,50.21,50.53,7215253
2019-03-28,50.58,50.64,49.6,49.7601,7575567
2019-03-29,49.71,50.15,49.59,50.1301,7980464
2019-04-01,50.3399,50.35,49.44,49.84,5906626
2019-04-02,50.32,50.35,49.9,50.29,8945882
2019-04-03,50.2501,50.29,49.81,49.9399,6050892
2019-04-04,50.06,50.1,49.49,49.6401,5588933
2019-04-05,49.71,49.96,49.52,49.9,7053322
2019-04-08,49.87,49.99,49.44,49.62,8931862
2019-04-09,49.54,49.84,49.35,49.52,7384614
2019-04-10,49.95,50.26,49.52,49.56,6293858
2019-04-11,49.4799,49.8,49.38,49.78,5014253
2019-04-12,49.65,49.83,49.2,49.7001,9170762
2019-04-15,49.81,50.29,49.71,50.1901,7059911
2019-04-16,50.08,50.2,49.1,49.2,5162444
2019-04-17,49.29,49.32,48.79,48.89,7268529
2019-04-18,49,49.62,48.82,49.4,12187165
2019-04-22,49.49,49.74,49.31,49.4799,8559350
2019-04-23,49.52,49.9699,49.31,49.74,9215346
2019-04-24,49.7901,50.3399,49.7301,50.07,9819328
2019-04-25,49.8799,50.67,49.8,50.39,5867510
2019-04-26,50.63,51.03,50.4599,50.47,6970464
2019-04-29,50.3699,50.45,49.68,50.08,7426815
2019-04-30,50.21,51,49.9699,50.9499,10656602
2019-05-01,50.76,50.82,50.2801,50.29,7704691
2019-05-02,50.67,50.72,49.23,49.7301,6599915
2019-05-03,49.75,50.05,49.59,49.8799,6444994
2019-05-06,49.93,50.04,49.25,49.3899,7364285
2019-05-07,49.32,49.5099,48.89,49.08,6526590
2019-05-08,48.95,49.16,48.43,48.58,7786287
2019-05-09,48.68,48.9299,48.33,48.76,6234694
2019-05-10,48.7801,49.4199,48.49,49.3299,5695345
2019-05-13,49.2101,49.9099,49.14,49.8201,5779324
2019-05-14,49.38,49.56,48.91,48.97,6916627
2019-05-15,49.01,49.2101,48.74,48.77,6331993
2019-05-16,48.8101,49.16,48.64,48.91,6427609
2019-05-17,48.52,49.19,48.52,48.98,5783390
2019-05-20,49.1,49.3299,48.8,48.9299,6363117
2019-05-21,48.98,49.35,48.79,48.9299,5427422
2019-05-22,49.0199,49.38,48.8101,49.2701,6584633
2019-05-23,49.29,49.7301,49.2,49.66,5125852
2019-05-24,49.6701,50.01,49.52,49.56,5883633
2019-05-28,49.58,49.62,48.67,48.7801,6027899
2019-05-29,48.9299,48.9599,48.1401,48.25,5080147
2019-05-30,48.3499,48.4999,47.96,48.04,4585942
2019-05-31,48.04,48.2901,47.6801,48.08,7204037
2019-06-03,48.31,48.61,47.99,48.52,5241237
2019-06-04,48.51,48.7801,47.7,48.71,4770866
2019-06-05,48.91,49.9699,48.8,49.72,6378679
2019-06-06,49.7301,50.36,49.62,50.23,6501635
2019-06-07,50.7701,51.18,49.95,49.95,8104401
2019-06-10,49.96,49.96,49.25,49.57,5242218
2019-06-11,49.44,49.69,48.92,49.2101,5856855
2019-06-12,49.3899,50.4899,49.11,50.45,7257313
2019-06-13,50.53,50.67,49.8201,50.17,5301943
2019-06-14,50.18,50.9499,50.07,50.8001,5763201
2019-06-17,50.7701,50.8599,50.24,50.45,5606738
2019-06-18,50.61,50.69,49.52,49.9,7639919
2019-06-19,49.66,50.18,49.32,49.9999,9345171
2019-06-20,50.12,50.47,49.6701,50.24,6845405
2019-06-21,50.17,50.4599,49.8,50.3999,11489110
2019-06-24,50.24,50.57,49.89,50.1601,7206981
2019-06-25,50.02,50.1,49,49.04,7929712
2019-06-26,48.86,48.9899,47.76,47.79,8680062
2019-06-27,47.9799,48.07,47.38,47.56,8728992
2019-06-28,47.59,48.06,47.5,47.94,9433217
2019-07-01,47.97,48.1401,47.5,48.05,6164594
2019-07-02,48.16,48.8399,48.12,48.83,10241750
2019-07-03,48.88,49.2101,48.71,49.03,4992242
2019-07-05,48.7,49.26,48.19,49.2,6425927
2019-07-08,49.1501,49.26,48.58,48.77,9466024
2019-07-09,48.77,49.08,48.42,48.98,7991400
2019-07-10,49.19,49.8,48.98,49.37,8586549
2019-07-11,49.4199,49.57,49,49.54,6140620
2019-07-12,49.62,49.71,49.0199,49.06,5582343
2019-07-15,49.01,49.2101,48.68,48.88,6934152
2019-07-16,48.8101,49.07,48.07,48.4,8050284
2019-07-17,48.65,48.86,48.4399,48.6,5584727
2019-07-18,48.7201,48.86,48.31,48.76,6577343
2019-07-19,48.62,48.7201,47.53,47.57,9571454
2019-07-22,47.69,47.78,47.07,47.2801,7471118
2019-07-23,47.2,47.26,46.23,46.3599,10854424
2019-07-24,46.1501,46.3001,45.1101,45.48,14517149
2019-07-25,45.4999,46.2701,45.2001,46.13,12541871
2019-07-26,46.2401,46.4799,45.8101,45.82,7747312
2019-07-29,45.8999,46.2101,45.46,46.05,9639171
2019-07-30,46.06,46.44,45.8699,46.05,5889101
2019-07-31,46.04,46.08,44.9,45.06,9783717
2019-08-01,44.04,45.15,43.69,44.3999,11062341
2019-08-02,44.57,45.46,44.5,44.75,11046218
2019-08-05,44.81,45.31,44.3101,44.42,13983408
2019-08-06,44.54,45.3799,44.2201,45.21,10601363
2019-08-07,45.13,45.36,44.33,45.0099,7087951
2019-08-08,44.9799,45.46,44.73,45.42,7232217
2019-08-09,45.61,45.79,45.13,45.2001,7937703
2019-08-12,45.21,45.48,44.8299,45.2001,8667024
2019-08-13,45.28,45.77,44.7701,45.52,9366622
2019-08-14,45.07,45.16,44.2501,44.48,7940928
2019-08-15,44.42,44.96,44.32,44.6501,7253247
2019-08-16,44.82,45.18,44.6,45.13,7611598
2019-08-19,45.2001,45.45,44.94,45.28,5586269
2019-08-20,45.3799,45.39,44.9,45.21,8643050
2019-08-21,45.22,45.59,45.05,45.4399,5300261
2019-08-22,45.4399,45.6901,45.21,45.52,5146041
2019-08-23,45.34,45.6301,44.7,44.88,9783156
2019-08-26,45.03,45.6901,44.8899,45.68,5579119
2019-08-27,46.6,46.9999,46.2101,46.2401,13647629
2019-08-28,46.17,46.52,46.03,46.43,7443498
2019-08-29,46.68,46.78,46.32,46.75,5040611
2019-08-30,46.9699,47.47,46.7601,47.26,7675109
2019-09-03,47.08,47.9499,46.9699,47.9199,7998550
2019-09-04,48.19,48.24,47.6501,48,7184549
2019-09-05,47.79,48.28,47.6501,48.12,12926440
2019-09-06,48.57,48.77,47.96,48.12,6747405
2019-09-09,47.9199,48.25,47.78,48.03,7005233
2019-09-10,47.93,48.4699,47.85,48.3499,8463874
2019-09-11,48.2601,48.76,47.9499,48.73,5083512
2019-09-12,49,49.09,47.87,47.88,10654779
2019-09-13,47.6,47.88,46.6401,47.27,11474108
2019-09-16,47.27,47.3999,46.9699,47.38,5920786
2019-09-17,47.29,47.6501,47.07,47.29,7875455
2019-09-18,47.5199,48.02,47.48,47.94,5081549
2019-09-19,48.08,48.08,47.6201,47.8001,5117861
2019-09-20,48.02,48.59,47.96,48.45,14513504
2019-09-23,48.28,48.42,48.07,48.31,6648845
2019-09-24,48.54,49.0199,48.4699,48.8,6900504
2019-09-25,48.79,49.05,48.48,49.01,6336339
2019-09-26,49.05,49.32,48.77,49.1801,5377792
2019-09-27,49.23,49.23,48.28,48.58,6509065
2019-09-30,48.59,48.8,48.22,48.31,5462192
2019-10-01,48.24,48.3499,47.81,47.9799,6557434
2019-10-02,48.05,48.1101,47.53,47.6201,5987942
2019-10-03,47.7401,47.78,47.35,47.72,6782596
2019-10-04,47.9499,48.49,47.66,48.45,4701467
2019-10-07,48.2301,48.58,47.9799,48.46,6570753
2019-10-08,48.1701,48.45,47.75,47.7701,6145527
2019-10-09,47.75,48.1101,47.6,47.91,4273436
2019-10-10,47.6801,47.73,47.09,47.42,6922095
2019-10-11,47.55,47.94,47.44,47.51,6187026
2019-10-14,47.61,47.66,46.9,47.11,3741097
2019-10-15,47.1301,47.3699,46.93,47.06,4764136
2019-10-16,46.75,46.75,44.7401,44.91,16234179
2019-10-17,44.3,44.38,43.4199,44.06,27450599
2019-10-18,43.9999,44.7701,43.92,44.67,28476162
2019-10-21,44.78,44.88,44.45,44.7101,10353349
2019-10-22,44.97,45.27,44.59,45.25,11969014
2019-10-23,45.51,45.79,45.16,45.65,12215065
2019-10-24,45.56,46.26,45.56,46.1801,9646040
2019-10-25,46.1201,46.2401,45.61,45.89,8948125
2019-10-28,45.83,45.89,45.4399,45.6001,8927235
2019-10-29,45.58,45.97,45.37,45.86,7619870
2019-10-30,45.82,46.6701,45.74,46.66,10608093
2019-10-31,46.5,46.68,45.13,45.49,11574772
2019-11-01,45.4399,45.92,45.24,45.34,7900691
2019-11-04,45.45,45.53,44.2801,44.5,9351200
2019-11-05,44.48,44.99,44.3101,44.78,9763528
2019-11-06,44.82,45.13,44.64,44.82,8759696
2019-11-07,44.61,44.79,44.35,44.7,6733385
2019-11-08,44.57,44.87,44.36,44.7101,5820683
2019-11-11,44.67,44.7101,43.92,44.02,5126273
2019-11-12,44.02,44.53,43.96,44.32,6274090
2019-11-13,44.3999,44.79,44.32,44.5,6312645
2019-11-14,44.12,44.66,44.02,44.63,6724413
2019-11-15,44.8001,45.04,44.51,45.02,6435460
2019-11-18,45.18,45.6001,44.97,45.4099,8846059
2019-11-19,45.51,45.8399,45.2601,45.37,13557620
2019-11-20,45.2001,45.4399,44.53,45.36,35516305
2019-11-21,45.2001,45.36,44.26,44.39,11819701
2019-11-22,44.57,44.59,44.07,44.4299,8201700
2019-11-25,44.4299,44.6,44.11,44.17,11220767
2019-11-26,44.1001,44.2501,43.81,44.01,15425785
2019-11-27,44.1001,44.33,43.8201,44.27,5866248
2019-11-29,44.33,44.6201,44.2,44.3999,5472707
2019-12-02,44.3,44.42,43.8499,43.9099,9941582
2019-12-03,44.18,44.3101,43.81,44.26,8735161
2019-12-04,44.09,44.67,44.04,44.54,7201093
2019-12-05,44.6501,44.8899,44.24,44.8599,8189222
2019-12-06,44.84,45.3,44.61,44.8599,6228806
2019-12-09,44.91,45.04,44.6801,44.93,4786007
2019-12-10,45.05,45.15,44.6801,44.72,7968407
2019-12-11,44.4899,44.63,44.01,44.2,7840685
2019-12-12,44.2501,44.54,43.81,44.1001,9644498
2019-12-13,44.1001,44.1301,43.57,43.8201,10092718
2019-12-16,43.99,44.76,43.95,44.7,10223104
2019-12-17,44.9199,45.09,44.4299,44.9799,10168426
2019-12-18,45.15,45.4,44.47,45.37,9037292
2019-12-19,45.2601,45.4,44.3999,44.9799,12812457
2019-12-20,45.3499,45.73,44.9799,45.45,16771705
2019-12-23,45.45,45.59,44.84,45.2001,9336899
2019-12-24,45.28,45.4399,45.09,45.3199,2749042
2019-12-26,45.19,45.52,45.1401,45.3199,4811664
2019-12-27,45.4,45.53,45.15,45.4099,4897887
2019-12-30,45.4,45.71,45.24,45.3799,5076642
2019-12-31,45.39,45.64,45.18,45.59,5174922
2020-01-02,45.7801,45.7801,45.25,45.43,7026544
2020-01-03,45.33,45.77,45.3199,45.57,7550611
2020-01-06,45.54,45.76,45.39,45.64,7783203
2020-01-07,45.53,45.6901,45.12,45.68,9501775
2020-01-08,45.68,46.1801,45.6301,46.01,8607579
2020-01-09,45.92,46.19,45.58,46.1501,7459902
2020-01-10,46.3001,46.43,46.1201,46.26,8045377
2020-01-13,46.23,46.58,46.1201,46.19,9328768
2020-01-14,46.09,46.1,45.57,45.8101,8804139
2020-01-15,46.05,46.9099,46.01,46.55,8239975
2020-01-16,46.65,47.0299,46.55,46.74,8080988
2020-01-17,46.96,47.47,46.7301,47.39,10607953
2020-01-21,47.44,47.61,47.23,47.58,7146555
2020-01-22,47.57,47.91,47.5,47.66,12269182
2020-01-23,47.67,48,47.44,47.9499,8518552
2020-01-24,47.85,48.1701,47.55,47.73,6731282
2020-01-27,47.76,48.1701,47.1901,47.27,7642442
2020-01-28,47.26,47.91,47.23,47.73,7176137
2020-01-29,47.66,48.28,47.58,47.81,9148190
2020-01-30,47.6201,48.15,47.3999,48.06,7347181
2020-01-31,48,48.16,47.2501,47.59,9646741
2020-02-03,47.6801,48.3,47.6,48.2001,8584306
2020-02-04,48.1101,48.51,47.8899,48.09,8540143
2020-02-05,48.0099,48.4399,47.82,48.33,7098326
2020-02-06,48.3499,48.57,48.2001,48.2601,5835825
2020-02-07,48.37,48.58,48.15,48.19,6773623
2020-02-10,48.2901,48.36,48.06,48.31,5926815
2020-02-11,48.31,49.47,48.31,49.34,8674735
2020-02-12,49.44,49.62,49.01,49.26,7402139
2020-02-13,49.4499,49.7001,49.2101,49.57,7242031
2020-02-14,49.6,49.78,49.3299,49.7601,5107626
2020-02-18,49.92,50.54,49.65,50.38,7238666
2020-02-19,49.83,50.04,49.4,49.6,5640947
2020-02-20,49.4799,49.93,49.4199,49.8499,5250911
2020-02-21,49.84,50.04,49.65,49.72,10307925
2020-02-24,50.05,50.47,48.8,48.82,8397279
2020-02-25,48.77,48.88,47.51,47.63,10669500
2020-02-26,48.19,48.3,47.0299,47.05,9675482
2020-02-27,47.11,47.14,45.12,45.1401,11601830
2020-02-28,44.3399,44.36,42.3199,43.11,20859797
2020-03-02,43.19,45.4399,42.8999,45.43,13534628
2020-03-03,45.08,46.58,44.04,44.1901,16336104
2020-03-04,44.61,46.87,44.51,46.8199,11412000
2020-03-05,45.7501,46.3899,45.2901,46.13,11901438
2020-03-06,44.01,45.37,43.56,45.1701,13209083
2020-03-09,42.9899,44.61,41.1301,41.91,17452096
2020-03-10,42.68,43.68,40.8799,43.1201,18634262
2020-03-11,42.08,42.08,39.37,39.8099,12817505
2020-03-12,37.5,38.23,34.4199,35.27,18593745
2020-03-13,36.15,37.9999,34.1,36.36,16002989
2020-03-16,33.1701,35.5901,29.78,30.51,12094493
2020-03-17,31.28,36.25,29.42,36,19085987
2020-03-18,33.85,34.7301,30.92,33.04,13570939
2020-03-19,32.9799,34.34,30.51,32.41,10488222
2020-03-20,32.67,33.48,30.82,31,12120290
2020-03-23,31.4499,31.9399,29.2801,29.9799,13594493
2020-03-24,31.46,34.57,31.3599,34.5099,15638329
2020-03-25,34.03,36.31,33.2001,34.55,12643937
2020-03-26,34.57,36.9899,34.26,36.59,9752592
2020-03-27,34.9999,36.8699,34.68,35.5,9277595
2020-03-30,35.69,37.4799,35.5,37.23,10074912
2020-03-31,36.8,37.96,36.2301,36.8101,14844096
2020-04-01,35.2,35.78,32.94,33.48,8181371
2020-04-02,33.3799,35.29,32.96,34.68,6045704
2020-04-03,34.19,34.4499,32.39,32.75,8987381
2020-04-06,34.1201,36.6001,34.07,36.3199,9670435
2020-04-07,37.56,37.89,35.6501,35.79,8691559
2020-04-08,35.8001,37.93,35.58,37.59,9259509
2020-04-09,37.9699,39.83,37.9699,39.15,13123982
2020-04-13,39.67,39.67,37.2,37.75,7913168
2020-04-14,38.8599,39.1401,38.11,39.07,7044069
2020-04-15,38.17,38.29,36.8,37.03,8279511
2020-04-16,37.1501,37.62,36.42,37.1,6367183
2020-04-17,38.02,38.56,37.41,38.44,8010467
2020-04-20,37.66,37.8499,37.02,37.07,6933311
2020-04-21,36.34,36.71,35.2201,35.6801,11058555
2020-04-22,36.68,37.6,36.02,37.2,5731656
2020-04-23,37.01,37.62,35.9499,36.3199,6435881
2020-04-24,36.6001,36.8999,35.87,36.6001,7518926
2020-04-27,36.98,37.96,36.8399,37.83,5787596
2020-04-28,38.08,39.03,37.57,37.84,8890643
2020-04-29,38.75,39.05,38.02,38.32,6436302
2020-04-30,37.95,38.8599,36.67,37.08,6952378
2020-05-01,36.54,36.85,35.4899,35.8001,6808533
2020-05-04,35.81,35.85,34.86,35.45,8642769
2020-05-05,35.7,36.51,35.67,35.87,6779091
2020-05-06,36,36.06,34.44,34.4799,7051499
2020-05-07,34.8799,35.42,34.7301,35.04,9224179
2020-05-08,35.29,37.4799,35.18,37.43,11426580
2020-05-11,36.71,37.62,36.24,37.28,10123702
2020-05-12,36.95,37.56,36.73,36.83,10488082
2020-05-13,36.49,36.6901,35.1001,35.6801,10290400
2020-05-14,35.29,36.3499,34.6701,36.1,8849985
2020-05-15,35.61,35.9,34.6,35.29,16426813
2020-05-18,36.3199,37.84,36.02,37.54,8842975
2020-05-19,37.1,37.35,36.68,36.71,7440554
2020-05-20,36.88,37.47,36.85,36.97,6915365
2020-05-21,36.79,37.1501,36.39,36.4399,6106832
2020-05-22,36.36,36.88,36.28,36.85,4691793
2020-05-26,37.8,38.14,37.3001,37.6,7994344
2020-05-27,38.2,38.53,37.38,37.9399,8443966
2020-05-28,38.3999,38.7101,37.8499,38.26,9833067
2020-05-29,38.3699,38.64,37.55,38.3101,9767033
2020-06-01,38.32,38.96,38.18,38.84,5354939
2020-06-02,38.93,39.06,38.3699,38.93,5697728
2020-06-03,39.27,40.05,39.15,39.91,6408963
2020-06-04,39.8699,39.89,38.63,38.9799,8093466
2020-06-05,39.91,41.17,39.51,40.3599,7827506
2020-06-08,40.6701,41.96,40.32,41.8599,7405224
2020-06-09,41.1601,41.3399,40.28,40.5099,11501587
2020-06-10,40.93,40.9999,39.71,40,11643610
2020-06-11,39.42,39.54,37.72,38.05,15589539
2020-06-12,38.67,38.84,37.43,37.9099,10904896
2020-06-15,36.97,38.47,36.58,38.3101,8544489
2020-06-16,39.27,39.7501,38.2201,38.5901,7196746
2020-06-17,38.6801,38.7701,37.92,38.45,6830544
2020-06-18,38.14,38.2801,37.81,38.2,6274371
2020-06-19,38.51,38.81,37.43,37.53,18706325
2020-06-22,37.3299,37.84,37.05,37.57,6525889
2020-06-23,37.99,38.01,37.19,37.25,7668940
2020-06-24,36.8101,37.17,36.24,36.4699,9354845
2020-06-25,36.37,36.37,35.03,35.42,12826477
2020-06-26,35.44,35.5901,34.49,34.71,14001073
2020-06-29,35.11,36,34.78,35.99,6802364
2020-06-30,35.7,36.56,35.5901,36.2901,7203055
2020-07-01,36.15,37.49,36.04,37.3599,7950041
2020-07-02,37.53,38.04,37.37,37.4799,6042199
2020-07-06,37.78,38.14,37.03,37.4,5343162
2020-07-07,36.92,37.08,36.52,37,6823254
2020-07-08,37.03,37.2701,36.52,37.1501,6196980
2020-07-09,36.91,37.03,35.8899,36.62,7613140
2020-07-10,36.7201,37.52,36.51,37.3899,5419711
2020-07-13,37.35,37.7301,37.1,37.47,7993924
2020-07-14,37.22,38.07,37.22,37.87,10156368
2020-07-15,38.11,38.5901,37.9099,38.05,7136040
2020-07-16,38.09,38.41,37.8199,38.06,5829516
2020-07-17,38.6501,39.52,38.3999,39.4,9739273
2020-07-20,39.08,39.25,38.12,38.32,7623235
2020-07-21,38.4599,38.9199,38.14,38.73,9745302
2020-07-22,38.2501,39.03,37.83,38.99,14618654
2020-07-23,39.05,39.3,38.42,38.64,8751564
2020-07-24,38.48,38.93,37.5099,37.8,7607392
2020-07-27,37.83,37.9999,37.04,37.58,8089680
2020-07-28,37.4799,38.5901,37.41,37.9699,9613935
2020-07-29,38.02,38.57,37.8,38.56,7577950
2020-07-30,38.05,38.4899,37.56,38.47,5959341
2020-07-31,38.3101,38.63,37.95,38.61,12909616
2020-08-03,38.38,38.45,37.7001,37.99,6623188
2020-08-04,37.56,38.93,37.34,38.75,9970744
2020-08-05,38.69,38.9199,37.5099,37.72,7412795
2020-08-06,37.65,37.95,37.35,37.9,6345172
2020-08-07,37.9,39.06,37.74,38.93,8779044
2020-08-10,38.94,39.2901,37.95,38.3101,10884848
2020-08-11,38.54,38.75,37.72,37.9,9081595
2020-08-12,37.9999,38.93,37.9099,38.7101,6856481
2020-08-13,38.17,38.27,37.7301,37.9399,5741611
2020-08-14,37.75,38.02,37.55,37.93,4645807
2020-08-17,37.59,37.72,37.1501,37.34,10733151
2020-08-18,37.4199,37.6101,36.89,37.07,5781287
2020-08-19,37.17,37.4,36.89,37.02,6435881
2020-08-20,37.2,37.2401,36.28,36.31,5093606
2020-08-21,36.45,36.59,35.97,36.52,8883212
2020-08-24,36.8101,37.74,36.54,37.69,8036404
2020-08-25,37.78,37.8,36.85,37.13,5350032
2020-08-26,37.01,37.3001,36.55,37.28,9256845
2020-08-27,37.1501,37.57,36.68,36.89,7669220
2020-08-28,36.8999,37.06,36.65,37.04,5511262
2020-08-31,36.7501,37.31,36.7501,36.91,5585848
2020-09-01,36.7,36.7501,36.12,36.33,6132068
2020-09-02,36.77,38.23,36.25,38.03,13431861
2020-09-03,38.04,38.35,36.8399,37.29,11790820
2020-09-04,37.53,37.7001,36.64,37.0901,8397559
2020-09-08,36.77,37.0901,36.07,36.42,8510701
2020-09-09,36.8,37.1,36.54,36.67,6263996
2020-09-10,36.67,36.67,35.72,35.84,8555004
2020-09-11,36,36.05,35.6201,35.8299,6451724
2020-09-14,35.7,36.49,35.64,36.2601,5136788
2020-09-15,36.42,36.86,35.99,36.1701,4641321
2020-09-16,36.09,36.7801,35.91,36.2601,7892699
2020-09-17,35.97,36,35.4299,35.93,9933450
2020-09-18,35.96,36.0099,34.84,35.07,11884754
2020-09-21,34.6401,34.78,34.01,34.75,7313954
2020-09-22,34.9099,35.39,34.81,35.21,6237358
2020-09-23,35.18,35.39,34.4,34.4799,7070987
2020-09-24,34.31,35.15,33.97,34.81,6442050
2020-09-25,34.68,35.64,34.44,35.52,7285633
2020-09-28,35.82,36.2301,35.64,35.7401,6535423
2020-09-29,35.84,35.94,35.15,35.32,4595616
2020-09-30,35.6501,36.1101,35.51,35.76,9896998
2020-10-01,35.91,36.15,35.54,35.8299,6627394
2020-10-02,35.55,36.2001,35.2201,35.94,7260537
2020-10-05,36.05,36.89,35.73,36.79,7007336
2020-10-06,36.7,37.83,36.6901,37.17,8006682
2020-10-07,37.38,37.95,37.26,37.8499,8730955
2020-10-08,37.44,39.36,37.44,39.3199,9715159
2020-10-09,40.49,40.62,38.9199,39.2001,8432329
2020-10-12,39.21,40.2999,39.09,39.98,8329142
2020-10-13,40.9,41.12,39.92,40.98,16998128
2020-10-14,41.33,41.75,40.98,41.03,12743199
2020-10-15,40.44,41.48,40.32,41.3999,8298017
2020-10-16,41.3999,42.1701,41.17,42.09,9135993
2020-10-19,41.87,42.2901,41.8001,41.8599,11562154
2020-10-20,42.21,42.6601,42.04,42.4,8570566
2020-10-21,42.2901,42.77,42.12,42.1401,6996541
2020-10-22,42.08,42.2901,41.58,42.2301,6792410
2020-10-23,42.58,42.65,41.9499,42.2001,5808346
2020-10-26,41.41,41.7701,41.04,41.7,8954153
2020-10-27,41.6201,42.0099,41.14,41.15,7283250
2020-10-28,40.37,40.83,39.42,39.57,8862883
2020-10-29,39.18,40.57,38.7999,40.16,7670062
2020-10-30,39.7201,40.25,39.46,39.89,9914523
2020-11-02,40.5099,40.98,39.94,40.96,7099167
2020-11-03,42.7201,42.9899,41.6201,42.4699,9031404
2020-11-04,42.6901,42.94,41.6501,42.22,11246844
2020-11-05,42.46,43.3599,42.31,43.07,10345638
2020-11-06,42.94,43.17,42.61,42.8399,12405176
2020-11-09,44.41,46.0199,43.11,43.32,11395456
2020-11-10,43.2701,43.6701,42.92,42.9899,14047900
2020-11-11,43.2,43.8499,42.88,43.84,8247545
2020-11-12,43.4499,43.63,42.39,42.7,7596036
2020-11-13,42.7,42.95,42.51,42.89,5142957
2020-11-16,43.2101,43.5099,42.6301,43.34,5763482
2020-11-17,42.88,43.54,42.8101,43.07,6555892
2020-11-18,43.19,43.38,42.68,42.7,8074679
2020-11-19,42.4699,42.58,41.78,42.3499,7538133
2020-11-20,42.24,42.56,41.78,41.87,5706000
2020-11-23,42.2901,42.3,41.3999,41.57,6131927
2020-11-24,42.06,42.8101,41.87,42.7501,6744461
2020-11-25,42.46,42.56,41.78,42.22,4723198
2020-11-27,42.24,42.31,41.59,41.7401,2416207
2020-11-30,41.48,41.5199,40.92,41.07,13242871
2020-12-01,41.32,41.88,41.1001,41.2501,7997569
2020-12-02,41.12,41.61,40.72,41.57,7224085
2020-12-03,41.3,41.6501,40.8,41.05,6114683
2020-12-04,41.3,41.3399,40.53,40.93,4971913
2020-12-07,40.7001,41.45,40.66,41.2,4536451
2020-12-08,41.17,41.39,40.6101,41.32,5791241
2020-12-09,41.2801,41.47,40.9699,41.09,6158145
2020-12-10,41.26,41.38,40.55,41.2,6163332
2020-12-11,40.83,41.29,40.71,41.1901,4952425
2020-12-14,41.48,42.09,41.03,41.06,5643891
2020-12-15,41.44,42.83,41.2801,42.7201,11635338
2020-12-16,42.8,43.11,42.18,42.4399,10632067
2020-12-17,42.61,43.1201,42.61,42.65,7331899
2020-12-18,42.6901,43.03,42.34,42.57,12856200
2020-12-21,42.21,42.21,41.11,41.51,6172585
2020-12-22,41.59,41.97,41.48,41.76,4375081
2020-12-23,41.93,42.43,41.6501,41.7101,4658706
2020-12-24,41.9499,41.9499,41.41,41.8299,2070333
2020-12-28,42.16,42.6301,41.99,42.21,3568230
2020-12-29,42.22,42.4399,41.67,41.8299,3712356
2020-12-30,41.78,42.25,41.72,41.93,3549163
2020-12-31,41.9499,42.28,41.7101,42.22,4554257
2021-01-04,42.42,42.54,40.8499,41.17,7057107
2021-01-05,41.21,41.47,40.84,41.11,5563557
2021-01-06,41.3999,42.8101,41.32,42.45,8847461
2021-01-07,42.45,42.56,41.73,42.03,7322786
2021-01-08,42.0099,42.4099,41.9,42.21,6425086
2021-01-11,42.25,42.56,41.61,41.8599,7070146
2021-01-12,41.7701,42.18,41.41,42.08,7343396
2021-01-13,42.0099,42.95,41.9499,42.8,6263155
2021-01-14,42.79,43.01,42.33,42.58,6068557
2021-01-15,42.33,43.4799,42.1401,43.3599,7095382
2021-01-19,43.5099,43.6401,42.82,42.82,5806383
2021-01-20,42.6601,43.1201,42.4399,43.05,5904663
2021-01-21,42.8,43.28,42.49,43.0199,5138751
2021-01-22,42.82,42.95,42.3799,42.54,5874100
2021-01-25,42.4099,43.4,42.08,43.35,8490232
2021-01-26,43.28,43.28,42.45,42.85,6246891
2021-01-27,42.55,42.83,40.9399,41.02,10024861
2021-01-28,41.17,42.8399,40.9999,42.04,7455275
2021-01-29,41.61,41.99,40.9999,41.56,9616178
2021-02-01,41.87,42.3199,41.2201,42.08,5117580
2021-02-02,42.4699,43.44,42.08,42.85,5452799
2021-02-03,42.85,42.92,42.18,42.48,6773623
2021-02-04,42.4999,43.68,42.3799,43.6701,6345873
2021-02-05,43.9699,44.04,43.29,43.68,5577717
2021-02-08,43.7601,43.9699,43.5099,43.74,6049209
2021-02-09,43.93,43.9999,43.31,43.57,6179876
2021-02-10,43.83,43.8799,43.05,43.32,5971118
2021-02-11,43.4499,43.4499,42.6601,42.74,4844050
2021-02-12,42.62,42.97,42.0099,42.21,4825684
2021-02-16,42.15,42.39,41.88,41.9799,4501121
2021-02-17,41.93,42.3,41.5199,42.1701,4434526
2021-02-18,42.1401,42.9899,42.06,42.7,4895924
2021-02-19,42.0099,42.3,41.1901,41.38,7477847
2021-02-22,41.1901,41.21,40.17,40.6,8769931
2021-02-23,40.8499,41.04,40.3299,40.8,7161696
2021-02-24,40.03,41.26,40,40.19,10911345
2021-02-25,39.91,40,38.35,38.9199,12977333
2021-02-26,39.05,39.48,38.57,38.6,12291334
2021-03-01,39.04,39.88,39,39.31,7502523
2021-03-02,39.2901,39.7,39.27,39.31,8090101
2021-03-03,39.1101,39.74,38.85,39.53,8686091
2021-03-04,39.74,40.53,39.33,39.77,11423776
2021-03-05,39.53,39.7801,39.13,39.64,10990839
2021-03-08,39.59,41.17,39.45,40.69,12526730
2021-03-09,41.02,41.7101,40.54,41.53,10012523
2021-03-10,41.6801,42.08,41.27,41.8599,10598279
2021-03-11,41.79,42.7,41.69,42.03,8443685
2021-03-12,42.36,42.67,42.04,42.59,6687260
2021-03-15,42.8699,43.3899,42.65,43.3599,7007336
2021-03-16,43.1,43.52,42.85,43.3599,7854845
2021-03-17,43.49,43.49,42.7501,42.97,7675389
2021-03-18,42.7201,43.29,42.52,42.7,8114355
2021-03-19,42.85,43.2401,42.19,42.97,11841572
2021-03-22,42.7501,42.9899,42.49,42.79,7443218
2021-03-23,42.88,43.14,42.53,42.8,6781194
2021-03-24,42.6901,43.44,42.6301,42.9299,6212542
2021-03-25,43.3001,43.58,42.82,43.37,5877044
2021-03-26,43.49,43.65,43.0199,43.53,5602532
2021-03-29,43.25,43.98,43.25,43.75,6158005
2021-03-30,43.53,43.65,43.09,43.5,6022011
2021-03-31,43.3599,43.89,43.3001,43.74,8414524
2021-04-01,43.71,43.98,43.5099,43.9099,5773716
2021-04-05,44.01,44.75,43.95,44.48,6254883
2021-04-06,44.36,44.72,44.18,44.56,5674315
2021-04-07,44.6801,45.07,44.6,44.9499,6451864
2021-04-08,45.06,45.28,44.87,44.9,8359145
2021-04-09,44.87,45.12,44.72,44.8299,6180296
2021-04-12,45,45.2001,44.6201,44.7401,6505280
2021-04-13,44.6,45.3199,44.5,45.1701,7324889
2021-04-14,45.2301,45.46,45.04,45.45,5405411
2021-04-15,45.42,45.85,45.27,45.77,8309654
2021-04-16,46.0199,46.37,45.8,46.16,6949574
2021-04-19,46.2101,46.28,45.42,45.4999,6734787
2021-04-20,45.4099,45.92,45.4099,45.8,8702635
2021-04-21,45.7801,46,45.4999,45.68,6731563
2021-04-22,45.7201,45.74,45.02,45.08,6306617
2021-04-23,45.1401,45.2901,44.88,44.91,6089867
2021-04-26,44.9,44.99,44.57,44.6501,4333442
2021-04-27,44.66,44.75,44.39,44.54,5104542
2021-04-28,44.4299,44.66,44.23,44.61,6548602
2021-04-29,44.38,45.1,44.38,44.8899,6000700
2021-04-30,44.8899,44.9799,44.63,44.94,7245676
2021-05-03,45.24,45.45,44.79,44.8899,6877651
2021-05-04,44.87,44.97,44.4899,44.78,9035469
2021-05-05,44.26,44.85,43,43.53,11871996
2021-05-06,43.5099,44.5199,43.14,44.48,6996681
2021-05-07,44.59,45.15,44.42,44.6801,6813019
2021-05-10,44.85,45.18,44.48,44.5199,9615337
2021-05-11,44.6501,44.78,43.83,44.44,8099775
2021-05-12,44.14,44.59,42.95,43.11,9175109
2021-05-13,42.91,44.5199,42.8,44.41,10308485
2021-05-14,44.55,45.1401,44.45,45.09,8367136
2021-05-17,44.99,45.25,44.69,45.09,10440133
2021-05-18,45,45.73,44.8899,45.65,11618094
2021-05-19,45.51,46.14,45.06,45.54,21836290
2021-05-20,45.54,46.03,45.45,45.74,7008177
2021-05-21,45.9299,46.14,45.4699,45.8399,7028927
2021-05-24,46.01,46.2701,45.71,46.03,7096644
2021-05-25,46.1201,46.1201,44.81,44.91,7094400
2021-05-26,44.91,45.4099,44.87,45.1701,8287643
2021-05-27,45.4699,45.4699,44.55,44.6,11264649
2021-05-28,44.8899,45.27,44.75,45.12,6815963
2021-06-01,44.99,45.2601,44.8299,45.1401,7371015
2021-06-02,45.2601,45.52,45,45.2001,5738106
2021-06-03,43.87,45.8999,43.75,45.77,10669781
2021-06-04,45.67,45.89,45.46,45.6001,5791662
2021-06-07,45.67,45.92,45.58,45.86,4829750
2021-06-08,45.8999,45.97,45.6301,45.7501,5589634
2021-06-09,45.98,46.4499,45.73,46.3599,5777922
2021-06-10,46.71,46.96,46.38,46.71,7587344
2021-06-11,46.66,46.92,46.46,46.9099,6427189
2021-06-14,46.98,47.1301,46.52,47.11,6991634
2021-06-15,47.2,47.24,46.92,47.11,9044723
2021-06-16,47.0299,47.36,45.94,46.2,8575473
2021-06-17,46.2401,46.6,45.9899,46,6573838
2021-06-18,45.85,45.89,44.4899,44.55,16531543
2021-06-21,44.57,44.94,44.5,44.7101,7466772
2021-06-22,44.61,44.72,44.2801,44.33,5861482
2021-06-23,44.2801,44.32,43.8201,44.15,5865127
2021-06-24,44.21,44.45,44.04,44.24,4506869
2021-06-25,44.12,44.72,44.11,44.63,5297597
2021-06-28,44.7701,45.03,44.61,44.87,4368772
2021-06-29,44.82,45.4099,44.38,44.56,5243480
2021-06-30,44.57,44.72,44.18,44.3101,5401906
2021-07-01,44.45,45.09,44.26,44.9799,4346060
2021-07-02,45.05,45.19,44.8001,45.13,3287970
2021-07-06,44.91,45.02,44.24,44.88,5688194
2021-07-07,44.94,45.19,44.6,45.13,4326993
2021-07-08,44.8899,45.18,44.6801,44.93,4349144
2021-07-09,44.84,45.1101,44.55,44.91,4222964
2021-07-12,44.8899,45.3,44.6801,45.28,5112673
2021-07-13,45.18,45.3,44.6201,44.79,3816945
2021-07-14,44.9499,45.49,44.6501,45.1401,5203102
2021-07-15,44.94,45.79,44.9,45.73,6530516
2021-07-16,45.77,46.3001,45.7201,45.9899,5339797
2021-07-19,45.94,46.06,44.7401,45.3199,11379754
2021-07-20,45.56,46.4199,45.3,46.06,6796896
2021-07-21,45.94,46.28,45.79,45.8399,5217823
2021-07-22,45.89,46.11,45.8,46.01,4129311
2021-07-23,46.2101,46.65,46.09,46.52,3537246
2021-07-26,46.5,46.89,46.1501,46.41,6401392
2021-07-27,46.23,47.36,46.11,47.24,5058416
2021-07-28,47.11,47.39,46.6,46.98,5365594
2021-07-29,47.17,47.4899,47.08,47.32,4389802
2021-07-30,47.24,47.6201,46.72,46.8,5109589
2021-08-02,47.07,47.3999,46.8,47.0299,5409757
2021-08-03,47.45,47.57,47.04,47.38,6120431
2021-08-04,47.2,47.3699,46.4199,46.77,5471305
2021-08-05,46.83,47.7701,46.81,47.67,5778063
2021-08-06,47.57,47.88,47.3101,47.6,4871670
2021-08-09,47.51,47.6,47.1,47.4299,3673100
2021-08-10,47.45,47.82,47.2201,47.57,4927890
2021-08-11,47.75,48.2601,47.67,48.2001,5103000
2021-08-12,48.06,48.1701,47.76,48.03,5343162
2021-08-13,48.22,48.4,48.04,48.3499,3082297
2021-08-16,48.4999,49.1,48.4099,48.58,8814234
2021-08-17,48.36,48.4099,47.7401,48.36,6716001
2021-08-18,48.31,48.4399,47.96,48.22,7270211
2021-08-19,48.3199,49.1,48.28,48.79,5555145
2021-08-20,48.73,49.4199,48.46,49.3599,9351480
2021-08-23,49.17,49.4499,48.82,49.06,5167632
2021-08-24,49.1201,49.1201,48.51,48.91,4648752
2021-08-25,48.85,49.06,48.7,48.89,6828020
2021-08-26,48.9899,49,48.6901,48.7801,3746004
2021-08-27,48.8699,49.41,48.8699,49.09,5314561
2021-08-30,49.03,49.4199,48.92,49.25,4157911
2021-08-31,49.1,49.19,48.7801,49.0199,8694503
2021-09-01,49.11,49.68,48.9299,49.6,5718758
2021-09-02,49.63,50.3399,49.56,50.1,7090054
2021-09-03,49.77,50.2,49.4799,49.8201,4956491
2021-09-07,49.7001,49.9099,49.38,49.5099,6870080
2021-09-08,49.52,50.6201,49.32,50.36,7435787
2021-09-09,50.14,50.6201,49.98,50.23,6785119
2021-09-10,50.3699,50.54,49.87,49.9099,8207729
2021-09-13,50.42,50.99,50.21,50.56,9061827
2021-09-14,50.9799,50.9799,50.21,50.38,8252452
2021-09-15,50.38,50.94,50.05,50.85,10880081
2021-09-16,50.6801,50.73,50.1301,50.18,8198475
2021-09-17,50.2,50.7701,49.55,49.86,18571172
2021-09-20,49.7601,50.21,49.04,49.71,8676978
2021-09-21,49.71,49.81,48.9899,49.0199,6820029
2021-09-22,49.3001,49.68,48.89,49.38,6990652
2021-09-23,49.38,50.27,49.17,49.65,5726329
2021-09-24,49.43,49.8499,49.09,49.2401,5457846
2021-09-27,49.3001,49.8,48.82,48.89,6415412
2021-09-28,48.59,48.8699,48.13,48.2001,7478969
2021-09-29,48.2601,48.9299,48.08,48.6301,7890316
2021-09-30,48.64,48.8699,48.04,48.34,9699457
2021-10-01,48.42,48.7,47.72,47.79,7948639
2021-10-04,47.72,48.45,47.57,48.3499,10789091
2021-10-05,48.51,48.89,47.97,48.34,8354798
2021-10-06,48.09,49.13,47.7701,49.11,7043928
2021-10-07,49.2101,49.3299,48.58,48.71,6942283
2021-10-08,48.71,48.8999,48.27,48.3499,4670763
2021-10-11,48.4099,48.4099,47.5,47.57,4388961
2021-10-12,47.72,48.46,47.56,48.2901,6209458
2021-10-13,48.4099,49.1201,48.18,49.08,7502663
2021-10-14,49.2701,50.23,49.1201,50.1301,8709645
2021-10-15,50.23,50.66,49.77,49.81,8107766
2021-10-18,49.43,49.95,49.1801,49.89,5260725
2021-10-19,50.11,50.38,49.89,50.32,4798205
2021-10-20,50.32,51.28,50.27,51.21,5985418
2021-10-21,50.88,51.2601,50.8001,51.07,4279465
2021-10-22,51.24,51.51,51.09,51.31,4799887
2021-10-25,51.22,51.83,51.09,51.59,4730628
2021-10-26,51.79,52.3001,51.62,52.0199,5232544
2021-10-27,51.8699,52.3001,51.5299,51.98,5983596
2021-10-28,52,52.8,51.97,52.75,7313393
2021-10-29,52.6701,53.54,52.59,53.1901,9314888
2021-11-01,53.0299,54.03,52.58,53.8899,8144639
2021-11-02,53.9499,54.18,53.41,53.7401,8233806
2021-11-03,54.0399,54.7,53.45,54.05,7172492
2021-11-04,54.02,54.18,53.5,54.11,8786334
2021-11-05,54.1701,54.65,54.07,54.1401,6544256
2021-11-08,54.11,54.24,52.63,53.12,7094400
2021-11-09,53.2501,54.21,53.12,54.09,7800167
2021-11-10,54.0399,54.51,53.78,54.45,5144499
2021-11-11,54.39,54.74,54.0099,54.7,6128703
2021-11-12,54.3,54.77,54.1701,54.4,7941489
2021-11-15,54.45,54.79,54.03,54.77,4804374
2021-11-16,54.79,54.86,54.19,54.25,5146041
2021-11-17,54.1401,54.28,53.33,53.58,9369566
2021-11-18,53.45,53.87,53.1901,53.54,6243386
2021-11-19,53.56,53.8001,53.2201,53.61,6107673
2021-11-22,53.61,54.6,53.54,53.96,6248994
2021-11-23,53.78,54.49,53.78,54.3799,4952144
2021-11-24,54.34,54.6601,54,54.51,4122160
2021-11-26,54.3,54.3201,53.3,53.4299,4222964
2021-11-29,53.7401,54.3499,53.4299,54.1701,5972380
2021-11-30,53.8599,53.9199,52.3001,52.7301,14721140
2021-12-01,53.2501,53.7401,52.23,52.29,8364332
2021-12-02,52.66,53.51,52.63,52.92,10169267
2021-12-03,53.33,53.45,51.73,52.74,11724365
2021-12-06,53.27,54.12,53.04,53.53,8585147
2021-12-07,53.45,54.28,53.42,53.9199,9251798
2021-12-08,54.2001,54.3201,53.08,53.4299,7298391
2021-12-09,53.32,53.57,52.7901,53.14,7424151
2021-12-10,53.51,53.99,53.1601,53.91,6183521
2021-12-13,53.82,54.3799,53.48,54.1401,10181885
2021-12-14,53.91,54.34,53.4899,53.85,6859986
2021-12-15,54,54.76,53.7701,54.6901,6540190
2021-12-16,54.61,54.98,54.28,54.36,9132067
2021-12-17,53.76,54.42,53.21,53.5199,17821663
2021-12-20,52.93,53.5,51.9299,53.3999,9315168
2021-12-21,53.84,54.2901,53.3401,53.94,6426768
2021-12-22,53.72,54.46,53.67,54.37,6015982
2021-12-23,54.46,54.89,54.39,54.49,4988737
2021-12-27,54.49,54.86,54.37,54.8101,2974203
2021-12-28,54.85,55.6401,54.79,55.61,4586082
2021-12-29,55.8,56.8899,55.77,56.6501,6610570
2021-12-30,56.66,57.51,56.63,57.3499,8381577
2021-12-31,56.91,58.01,56.91,57.76,5549537
2022-01-03,57.1,57.16,55.75,57.07,14899334
2022-01-04,56.6,57.6301,56.6,57.0099,12404756
2022-01-05,57,57.82,56.87,56.97,13295867
2022-01-06,56.88,57.12,56.58,56.73,7993924
2022-01-07,56.73,57.19,56.24,56.64,11806803
2022-01-10,56.75,57.03,56.2501,56.82,12321757
2022-01-11,56.7701,56.84,55.11,55.62,13442797
2022-01-12,55.49,56.05,55.25,55.99,12623328
2022-01-13,56.42,56.93,56.2201,56.4899,14125430
2022-01-14,56.5,56.63,56.02,56.24,10372417
2022-01-18,55.44,56.23,55.3299,56.04,14399521
2022-01-19,56.06,56.88,55.9999,56.4899,12501354
2022-01-20,56.8001,57.9299,56.54,56.9799,11848442
2022-01-21,57.25,57.45,56.4899,56.7701,13227029
2022-01-24,57.06,57.19,54.65,56.1,14614728
2022-01-25,55.63,56.08,55.17,55.46,11167351
2022-01-26,55.6401,56.5,55.29,55.7001,11772454
2022-01-27,56.1,57.15,55.61,56.1301,15545937
2022-01-28,55.92,57.37,55.5399,57.33,11840871
2022-01-31,56.75,58,56.66,57.95,13534347
2022-02-01,57.6601,58.2101,56.93,57.83,10562948
2022-02-02,41.06,43.09,40.8,42.86,29696500
2022-02-03,42.19,44.02,42.19,43.79,25588400
2022-02-04,42.67,43.9,42.62,43.52,17454600
2022-02-07,43.1,43.74,43.04,43.64,14388000
2022-02-08,43.88,44.02,42.96,43.02,14755400
2022-02-09,43.16,43.49,42.54,42.6,10408500
2022-02-10,42.21,42.91,41.96,42.04,11356500
2022-02-11,42.12,42.74,41.99,42.13,11253700
2022-02-14,42.27,42.35,41.28,42.2,13118500
2022-02-15,42.33,42.51,41.43,41.74,10471900
2022-02-16,41.96,42.29,41.56,42,9731500
2022-02-17,41.85,42.01,41.43,41.75,7960000
2022-02-18,41.99,41.99,41.45,41.63,8963800
2022-02-22,41.73,41.96,41.36,41.65,11475100
2022-02-23,41.72,41.89,40.81,40.97,8161900
2022-02-24,40.84,41.4,40.11,41.3,11997700
2022-02-25,41.34,42.68,41.29,42.6,7981400
2022-02-28,42.15,42.85,41.9,42.56,13253600
2022-03-01,42,42.65,41.87,42.23,8039100
2022-03-02,42.34,43.03,42.14,42.76,7133700
2022-03-03,42.8,43.31,42.77,43.13,7236200
2022-03-04,42.88,44.28,42.54,44.28,9041500
2022-03-07,44.17,44.73,43.77,43.83,10065200
2022-03-08,44.16,44.29,43.1,43.49,8624200
2022-03-09,43.74,43.92,43.26,43.55,8573000
2022-03-10,43.31,43.81,43.14,43.6,9859100
2022-03-11,44.24,44.4,43.59,43.63,6407400
2022-03-14,43.7,44.12,43.52,43.58,6793400
2022-03-15,43.89,44.02,43.27,43.76,6385000
2022-03-16,43.64,44.09,42.71,43.44,8718600
2022-03-17,43.47,43.75,43.31,43.45,7454400
2022-03-18,43.31,43.53,42.86,43.25,13086000
2022-03-21,43.29,43.71,43.21,43.66,8522100
2022-03-22,43.81,43.99,43.35,43.63,5690300
2022-03-23,43.62,44.01,43.05,43.7,7221300
2022-03-24,43.84,44.57,43.78,44.47,4872800
2022-03-25,44.47,45.55,44.42,45.51,5698500
2022-03-28,45.58,46.03,45.32,46.02,9274700
2022-03-29,46.01,47.02,46.01,46.99,8463700
2022-03-30,46.95,47.25,46.79,47.23,6125800
2022-03-31,47.4,48.03,47.31,47.63,8196400
2022-04-01,47.6,47.83,47.29,47.66,10273500
2022-04-04,47.75,47.79,46.83,47.34,6212500
2022-04-05,47.33,48.18,47.33,47.8,8562500
2022-04-06,48.06,49.84,47.91,49.71,12439400
2022-04-07,49.5,50.13,49.27,50.02,13463900
2022-04-08,50.11,50.29,49.25,50.13,6020600
2022-04-11,49.93,50.14,48.17,48.24,7488300
2022-04-12,48.17,48.67,47.76,48.05,7535500
2022-04-13,48.06,48.72,47.97,48.64,7015500
2022-04-14,48.88,49.35,48.64,49.03,6493600
2022-04-18,49.03,49.38,48.82,49.23,5408000
2022-04-19,49.33,49.6,49.11,49.5,4314200
2022-04-20,50.15,50.66,50.01,50.25,6193300
2022-04-21,50.02,50.71,49.7,49.74,5337300
2022-04-22,49.68,49.86,48.56,48.65,7508400
2022-04-25,48.65,48.95,47.49,48.77,6257100
2022-04-26,48.37,49.34,48.27,48.42,4844600
2022-04-27,48.5,48.85,47.74,47.79,6906400
2022-04-28,47.85,48.5,47.57,48.34,6496100
2022-04-29,48.16,48.3,46.71,46.78,7185300
2022-05-02,46.87,47.3,46.07,46.65,6330100
2022-05-03,46.85,47.63,46.54,46.69,4514800
2022-05-04,47.24,47.95,46.8,47.92,8198300
2022-05-05,47.64,47.68,46.45,46.9,7051500
2022-05-06,46.86,47.32,46.49,47.06,10963600
2022-05-09,47.06,47.19,46.28,46.73,6465900
2022-05-10,47.22,48.01,46.22,46.76,8876100
2022-05-11,46.71,48.36,46.6,47.62,9406200
2022-05-12,47.34,47.7,45.4,45.85,12044400
2022-05-13,46.16,46.77,45.85,46.73,5592700
2022-05-16,46.86,47.26,46.41,46.87,4707500
2022-05-17,47,47.56,46.37,47.54,5123400
2022-05-18,47.63,47.89,46.95,47.13,6946200
2022-05-19,47.06,47.52,46.42,47.35,5821500
2022-05-20,47.37,47.62,46.35,47.15,6175900
2022-05-23,47.8,48.15,47.41,47.89,4333200
2022-05-24,47.9,49.02,47.48,48.83,6421600
2022-05-25,48.83,49.19,48.66,49.02,5183600
2022-05-26,49.05,49.5,49.01,49.16,5005300
2022-05-27,49.04,49.86,48.94,49.85,5224800
2022-05-31,49.47,49.68,48.86,49.15,12224700
2022-06-01,49.5,49.5,48.69,49.19,4850800
2022-06-02,49.48,49.49,48.08,48.99,5221800
2022-06-03,48.74,49.2,48.67,48.73,4445100
2022-06-06,49.1,49.14,48.44,48.55,4454900
2022-06-07,48.59,49.13,48.3,49.05,4058900
2022-06-08,48.93,49.23,48.06,48.17,5527100
2022-06-09,47.92,48.15,46.53,46.66,5264400
2022-06-10,46.12,46.42,45.7,46.01,6626500
2022-06-13,45.26,45.44,43.52,43.68,8093700
2022-06-14,43.81,43.91,41.73,42.31,9114100
2022-06-15,42.66,43.04,41.65,42.26,7565600
2022-06-16,41.51,41.73,40.77,41.22,7851100
2022-06-17,41.39,41.61,40.17,40.91,14637800
2022-06-21,41.23,41.89,41.01,41.6,6421700
2022-06-22,41.27,42.17,41.11,41.69,5921700
2022-06-23,41.95,42.42,41.81,42.23,4917900
2022-06-24,42.31,43.36,42.11,43.29,7172500
2022-06-27,43.21,44.16,43.09,43.89,4465400
2022-06-28,43.97,44.41,43.6,43.88,5864300
2022-06-29,43.94,44.47,43.93,44.34,4833500
2022-06-30,44.15,45.66,43.88,45.32,10676400
2022-07-01,45.2,46.13,45.14,46.07,7685400
2022-07-05,45.84,45.9,42.75,43.62,8064900
2022-07-06,44.14,44.71,43.54,44.26,4615800
2022-07-07,44.81,45.13,44.35,44.39,4554200
2022-07-08,44.56,44.7,44.01,44.29,3449700
2022-07-11,44.24,44.54,43.74,44.43,3848100
2022-07-12,44.38,44.97,44,44.23,3997300
2022-07-13,43.67,44.26,43.47,43.6,4895200
2022-07-14,42.89,44.22,42.74,44.15,4504100
2022-07-15,44.31,44.6,43.64,44.23,4905300
2022-07-18,44.3,44.52,43.74,43.76,3669200
2022-07-19,44.22,44.35,43.62,43.7,7205000
2022-07-20,43.9,44.12,43.09,43.1,8758500
2022-07-21,43.17,43.29,42.73,43.26,6199900
2022-07-22,43.48,44.1,43.47,44.02,4120800
2022-07-25,44.1,44.56,43.88,44.42,3561800
2022-07-26,44.63,44.97,44.35,44.7,4655700
2022-07-27,44.54,44.67,44.02,44.46,7082000
2022-07-28,45.03,46.3,44.81,46.27,8173500
2022-07-29,46.02,46.75,46.02,46.49,4582000
2022-08-01,46.41,46.6,45.52,46.11,5684200
2022-08-02,46.28,46.52,45.75,45.83,5300300
2022-08-03,44.27,44.99,43.96,44.31,10693200
2022-08-04,44.49,45.37,44.43,45.06,6942400
2022-08-05,45,45.6,44.13,44.77,11593800
2022-08-08,45.37,45.53,44.7,44.98,3993300
2022-08-09,45.13,45.58,44.97,45.4,4920900
2022-08-10,45.56,45.68,44.85,45.53,4986000
2022-08-11,45.59,46.3,45.43,45.7,4249000
2022-08-12,45.5,46.26,45.49,46.17,4872500
2022-08-15,46.03,46.75,46.02,46.7,4595200
2022-08-16,46.65,47.23,46.57,46.69,5112400
2022-08-17,46.42,46.54,45.99,46.25,5561400
2022-08-18,46.32,46.71,46.14,46.31,6845300
2022-08-19,46.26,46.49,46.04,46.14,7242600
2022-08-22,45.94,46.03,45.22,45.35,3908700
2022-08-23,45.27,45.36,44.71,45.07,7160400
2022-08-24,44.96,45.54,44.93,45.49,8468100
2022-08-25,45.68,45.94,45.28,45.82,7465000
2022-08-26,46.07,46.14,44.67,44.71,7581700
2022-08-29,44.38,45.37,44.24,45,5045400
2022-08-30,44.97,45.11,43.88,44.06,4535700
2022-08-31,44.04,44.69,43.9,43.91,8360400
2022-09-01,43.72,44.59,43.72,44.45,5398800
2022-09-02,44.72,45.27,43.99,44.08,6900600
2022-09-06,44.21,44.91,43.8,43.89,5566700
2022-09-07,44.18,45.49,44.11,45.11,10215900
2022-09-08,44.86,45.68,44.81,45.37,7210400
2022-09-09,45.77,46.13,45.43,45.84,6476500
2022-09-12,45.94,46.19,45.6,46.11,7599000
2022-09-13,45.63,45.73,43.82,44.02,7948700
2022-09-14,44.04,44.71,44.01,44.35,6671400
2022-09-15,44.08,44.1,43.11,43.24,5741800
2022-09-16,43.23,43.41,42.82,43.21,12995400
2022-09-19,42.94,43.4,42.78,43.39,6484600
2022-09-20,42.99,43.17,42.64,42.78,6440800
2022-09-21,43.02,43.36,42.07,42.1,6411200
2022-09-22,42.06,42.11,41.48,41.68,6492400
2022-09-23,41.17,41.89,40.81,41.67,8677200
2022-09-26,41.67,41.7,40.18,40.58,6173000
2022-09-27,40.73,41,39.73,40.15,8304200
2022-09-28,40.37,40.57,39.63,39.68,10342300
2022-09-29,39.42,39.47,37.38,37.75,14031000
2022-09-30,37.94,38.23,37.36,37.46,9616900
2022-10-03,38.25,38.84,37.78,38.48,10537700
2022-10-04,38.75,40.04,38.67,40.01,12357100
2022-10-05,39.25,39.36,38.17,38.7,9915300
2022-10-06,38.56,38.67,37.69,37.76,7820100
2022-10-07,37.69,37.84,36.76,36.96,7119500
2022-10-10,37.17,37.92,37.17,37.81,11501200
2022-10-11,37.7,38.24,37.4,37.47,8315500
2022-10-12,37.54,37.55,35.94,35.96,7568400
2022-10-13,35.41,37.42,35.32,37.23,9324500
2022-10-14,37.58,37.85,36.49,36.59,6830000
2022-10-17,37.3,37.85,37.01,37.1,7906000
2022-10-18,37.56,38.05,37.27,37.56,7505400
2022-10-19,36.93,37.46,36.78,36.85,6263300
2022-10-20,36.64,36.67,35.19,35.54,10085500
2022-10-21,35.74,36.99,35.45,36.72,11674800
2022-10-24,36.95,37.26,36.67,36.87,5191800
2022-10-25,36.87,37.87,36.85,37.76,7483700
2022-10-26,37.81,38.29,37.36,37.61,13319500
2022-10-27,38.06,38.55,37.61,37.7,9687800
2022-10-28,37.75,38.81,37.75,38.76,7594400
2022-10-31,38.7,38.86,38.39,38.59,6293500
2022-11-01,38.9,39.01,38.54,38.76,5368600
2022-11-02,38.49,39.27,37.98,38.04,8601300
2022-11-03,36.12,37.8,36.1,36.96,14922000
2022-11-04,37.18,37.53,36.38,37.18,12529700
2022-11-07,37.47,37.63,36.03,36.68,11146200
2022-11-08,36.62,37.82,36.62,37.71,11552300
2022-11-09,37.57,38.27,37.54,37.69,11904400
2022-11-10,38.99,39.11,38.19,39,8648400
2022-11-11,39.16,39.37,38.46,39.11,7487800
2022-11-14,39,39.07,38.03,38.06,6592300
2022-11-15,38.42,38.83,37.78,38.24,6885600
2022-11-16,38.31,38.72,38.03,38.06,5964000
2022-11-17,37.66,37.88,37.24,37.48,5340700
2022-11-18,37.84,38.73,37.6,38.58,7599100
2022-11-21,38.51,38.83,38.35,38.7,5784300
2022-11-22,39.05,39.52,38.92,39.45,7653600
2022-11-23,39.3,39.88,39.21,39.87,6215600
2022-11-25,39.98,40.27,39.94,40.07,3381200
2022-11-28,40.03,40.41,39.83,40.23,10027700
2022-11-29,40.01,40.11,39.61,40,7992500
2022-11-30,39.95,41.39,39.89,41.37,13045600
2022-12-01,41.66,42.04,41.18,41.53,7897000
2022-12-02,41.18,41.47,40.79,41.45,5736200
2022-12-05,41.18,41.79,41.07,41.75,8675600
2022-12-06,41.76,43,41.76,42.87,19809300
2022-12-07,42.87,42.94,42.13,42.31,14466700
2022-12-08,42.22,42.38,41.57,41.77,9186700
2022-12-09,41.83,42.08,41.41,41.42,5334200
2022-12-12,41.59,42.53,41.18,42.5,5326100
2022-12-13,43.29,43.51,42.19,42.54,8747600
2022-12-14,42.69,43.65,42.47,42.82,7271200
2022-12-15,42.7,42.79,41.99,42.38,6088400
2022-12-16,41.85,42.02,40.84,41.93,18680200
2022-12-19,41.82,42.32,41.58,41.77,6261000
2022-12-20,41.78,42.33,41.43,42.06,7406600
2022-12-21,42.36,42.72,42.2,42.63,4721800
2022-12-22,42.4,42.55,41.86,42.52,6052400
2022-12-23,42.48,43.08,42.38,43.04,3317900
2022-12-27,43.17,43.27,42.86,43.15,6136100
2022-12-28,43.25,43.49,42.85,42.94,3852600
2022-12-29,43.17,43.46,43.04,43.13,3207500
2022-12-30,43.14,43.31,42.85,43.23,6185300
2023-01-03,43.25,43.35,42.43,43.16,5156700
2023-01-04,43.39,43.96,43.22,43.73,4379600
2023-01-05,43.41,43.48,42.29,42.78,8060600
2023-01-06,43.24,43.92,43.14,43.67,6971900
2023-01-09,43.58,44.37,43.34,44.15,9541700
2023-01-10,43.86,44.06,43.17,43.69,4502800
2023-01-11,43.68,44.24,43.57,44.14,5144200
2023-01-12,44.01,44.1,43.29,43.38,6937200
2023-01-13,43.13,43.54,42.89,43.38,5776500
2023-01-17,43.24,43.48,42.98,43.16,4599700
2023-01-18,43.16,43.25,42.12,42.23,4586900
2023-01-19,42.18,42.25,41.68,42.04,5570900
2023-01-20,42,42.39,41.46,42.34,5209700
2023-01-23,42.09,42.39,41.74,41.82,4702700
2023-01-24,41.86,41.96,41.24,41.51,3871400
2023-01-25,41.22,41.56,40.95,41.42,5448600
2023-01-26,41.36,41.69,41.19,41.6,3704400
2023-01-27,41.51,41.81,41.28,41.69,4773100
2023-01-30,41.58,42.28,41.49,41.75,3836300
2023-01-31,41.85,42.25,41.61,42.19,5133800
2023-02-01,41.91,42.6,41.64,42.3,6373800
2023-02-02,42.19,42.95,41.79,41.89,9351000
2023-02-03,41.52,41.6,40.09,40.9,6980200
2023-02-06,40.88,41.04,40.29,40.96,6949200
2023-02-07,40.84,41.02,40.3,40.82,5374200
2023-02-08,40.48,40.5,39.9,40.24,6619000
2023-02-09,40.27,40.55,39.69,39.99,6727800
2023-02-10,40.17,40.76,39.89,40.71,8818000
2023-02-13,40.72,41.19,40.65,41.19,5163700
2023-02-14,41.82,42.79,41.52,42.03,8258600
2023-02-15,41.78,42.82,41.71,42.67,8479400
2023-02-16,42.27,42.78,41.89,42.49,6338900
2023-02-17,42.94,43.34,42.52,43.05,9366900
2023-02-21,42.68,42.88,42.08,42.23,6675900
2023-02-22,42.13,42.52,41.69,41.84,6907200
2023-02-23,41.84,41.96,41.46,41.84,5860900
2023-02-24,41.1,41.42,40.91,41.32,7671700
2023-02-27,41.55,42.22,41.34,41.43,5390100
2023-02-28,41.27,41.38,40.34,40.39,22622100
2023-03-01,40.07,40.19,39.49,39.75,7707800
2023-03-02,39.63,40.41,39.53,40.38,8843800
2023-03-03,40.49,41.42,40.32,41.38,7547100
2023-03-06,41.45,41.63,41.03,41.49,6484400
2023-03-07,41.64,41.83,40.61,41,8039500
2023-03-08,41.04,41.36,40.76,41.25,4665600
2023-03-09,41.32,41.61,40.5,40.59,5046400
2023-03-10,40.8,40.9,39.84,40.18,6166200
2023-03-13,40.08,41.52,40,41.39,10910900
2023-03-14,41.63,41.75,40.89,41.34,7436100
2023-03-15,41.03,42.13,40.66,41.84,10791200
2023-03-16,41.58,42.19,41.2,42.15,8506700
2023-03-17,42.03,42.26,41.35,42.14,28178200
2023-03-20,42.14,42.39,41.78,41.82,12383300
2023-03-21,41.95,42.03,40.24,40.68,10248800
2023-03-22,40.34,40.79,39.66,39.68,9537200
2023-03-23,39.64,40.3,38.98,39.2,8451800
2023-03-24,39.13,40.25,39.06,40.24,6985000
2023-03-27,40.47,40.91,40.4,40.52,5372000
2023-03-28,40.54,41.23,40.45,40.82,6953400
2023-03-29,40.93,41.36,40.92,41.15,6126600
2023-03-30,41.42,41.91,41.22,41.45,5341200
2023-03-31,41.55,41.93,41.35,41.89,5378200
2023-04-03,41.81,42.17,41.44,41.81,5013200
2023-04-04,41.76,42.07,41.61,41.86,4131800
2023-04-05,42.01,43.08,42.01,42.93,7595100
2023-04-06,43.13,43.33,42.77,43.06,8745500
2023-04-10,42.93,43.28,42.43,43.26,5005600
2023-04-11,43.35,43.43,43.07,43.26,4589300
2023-04-12,43.3,43.5,42.96,43.08,7717300
2023-04-13,42.95,43.03,41.95,42.89,12061400
2023-04-14,42.42,42.6,41.92,42.13,6651200
2023-04-17,42.32,42.72,42.2,42.67,5737300
2023-04-18,42.8,43.04,42.58,42.85,4393600
2023-04-19,42.75,43.11,42.75,43.04,3377000
2023-04-20,43.08,43.14,42.66,43,4304800
2023-04-21,43.22,43.32,42.83,43.22,4430100
2023-04-24,43.19,43.62,42.82,43.45,4687400
2023-04-25,43.3,43.71,43.3,43.61,3007200
2023-04-26,43.32,43.54,42.61,42.79,5213800
2023-04-27,42.92,43.27,42.63,42.78,6959400
2023-04-28,42.78,43.03,42.37,42.44,11350100
2023-05-01,42.45,43.4,42.39,43.18,8188500
2023-05-02,43.16,43.35,42.38,42.57,6183900
2023-05-03,42.87,43.23,42.2,42.33,6138800
2023-05-04,42.42,43.07,41.53,42.56,6322000
2023-05-05,42.58,43.05,42.48,42.85,3849800
2023-05-08,42.87,43.33,42.63,42.77,4748600
2023-05-09,42.6,42.81,42.19,42.62,5559000
2023-05-10,42.76,43.05,42.43,42.92,5421000
2023-05-11,42.84,43.02,42.23,42.48,5803400
2023-05-12,42.43,42.69,41.43,41.75,8934200
2023-05-15,42,42,40.44,40.76,6569300
2023-05-16,40.76,40.81,39.33,39.37,8434600
2023-05-17,39.35,39.8,39.05,39.26,6907300
2023-05-18,39.1,39.45,38.88,39.39,6997500
2023-05-19,39.44,40,39.41,39.87,11999300
2023-05-22,40.16,40.47,39.77,40.12,6120700
2023-05-23,40.11,40.76,39.85,40.44,13712000
2023-05-24,40.54,40.66,40.08,40.15,4638900
2023-05-25,39.76,39.92,39.16,39.51,7033000
2023-05-26,39.47,39.47,38.8,39.39,5801900
2023-05-30,39.39,39.74,39.25,39.34,8406300
2023-05-31,39.34,39.75,38.96,39.65,8580200
2023-06-01,39.87,39.87,39.2,39.48,7079300
2023-06-02,39.31,40.02,39,39.69,6612200
2023-06-05,39.73,40.32,39.7,39.98,4107800
2023-06-06,40.09,40.21,39.72,39.75,6981200
2023-06-07,39.85,40.5,39.53,40.34,7281100
2023-06-08,39.85,40.34,39.74,40.13,8726400
2023-06-09,40.2,40.35,39.89,40.08,5851000
2023-06-12,40.09,40.18,39.73,39.91,4738300
2023-06-13,39.91,40.08,39.63,39.8,6149900
2023-06-14,40,40.34,39.85,40.12,5336000
2023-06-15,40.39,40.91,40.25,40.82,5717300
2023-06-16,40.86,41.43,40.79,41.21,9595000
2023-06-20,41.21,41.23,40.69,40.74,5585900
2023-06-21,40.54,40.92,40.01,40.91,4536600
2023-06-22,40.97,41.1,40.38,40.54,3243600
2023-06-23,40.65,40.79,39.84,39.87,6851200
2023-06-26,40.09,40.75,39.91,40.57,4784100
2023-06-27,40.64,40.95,40.47,40.82,6876700
2023-06-28,40.71,40.76,39.94,40.09,4246900
2023-06-29,39.8,40.32,39.67,40.11,4549000
2023-06-30,40.41,40.89,40.39,40.74,5990700
2023-07-03,40.62,41.1,40.45,41.05,2197600
2023-07-05,40.94,41.7,40.87,41.48,6694300
2023-07-06,41.11,41.16,40.67,41.06,4484900
2023-07-07,41.16,41.23,40.79,40.96,5644200
2023-07-10,41.1,41.3,40.7,40.98,5716300
2023-07-11,41.11,41.74,41.01,41.71,3841800
2023-07-12,41.7,42.3,41.46,42.05,6163800
2023-07-13,41.88,42.25,41.79,42.18,4729300
2023-07-14,42.08,42.2,41.59,42.02,3915000
2023-07-17,42,42.09,41.56,41.78,5080800
2023-07-18,41.73,42.02,40.85,41.28,7124500
2023-07-19,41.36,42.03,41.31,41.51,5667700
2023-07-20,41.81,42.34,41.48,42.01,5578100
2023-07-21,42.27,42.81,42.01,42.55,16583800
2023-07-24,42.71,42.97,42.47,42.83,4607600
2023-07-25,42.68,43.2,42.67,43.02,3928500
2023-07-26,42.98,43.53,42.88,43.2,3553500
2023-07-27,43.12,43.28,41.85,41.96,5815600
2023-07-28,42.08,42.34,41.53,41.7,8594800
2023-07-31,41.5,42.08,41.34,41.86,6893200
2023-08-01,41.81,42.01,41.45,41.47,5352700
2023-08-02,41.17,41.65,41.03,41.5,6935800
2023-08-03,41.15,41.25,40.43,40.5,4357800
2023-08-04,40.73,40.97,39.55,39.92,4777700
2023-08-07,39.84,40.24,39.84,39.97,5013300
2023-08-08,39.77,40.12,39.49,40.08,5565500
2023-08-09,40.03,40.52,39.88,40.25,5648500
2023-08-10,40.42,40.62,40.12,40.19,4205000
2023-08-11,40.26,40.64,40.07,40.51,3302700
2023-08-14,40.12,40.22,39.83,40.08,3798500
2023-08-15,39.87,39.88,39.51,39.59,3716900
2023-08-16,39.76,39.89,39.6,39.81,5557200
2023-08-17,39.88,40.31,39.79,39.96,4263700
2023-08-18,40.08,40.26,39.91,40.01,5361500
2023-08-21,40.01,40.05,39.4,39.74,6239800
2023-08-22,39.75,40.15,39.64,40,3982500
2023-08-23,40.4,40.43,40.08,40.25,3236600
2023-08-24,40.31,40.9,40.03,40.08,3766200
2023-08-25,40.12,40.58,40.07,40.3,3412900
2023-08-28,40.49,40.63,40.17,40.25,3167000
2023-08-29,40.3,40.69,40.21,40.5,3606000
2023-08-30,40.42,40.67,40.27,40.42,2260000
2023-08-31,40.49,40.6,40.12,40.12,8455200
2023-09-01,40.35,40.47,39.62,39.99,3931300
2023-09-05,39.99,40,39.18,39.51,3584100
2023-09-06,39.56,39.9,39.47,39.86,5607400
2023-09-07,40.23,40.95,40.1,40.57,4917900
2023-09-08,40.66,40.93,40.46,40.58,4545800
2023-09-11,40.58,41.1,40.54,40.58,3597000
2023-09-12,40.5,40.65,40.23,40.56,5485900
2023-09-13,40.64,41.32,40.63,41.13,4013700
2023-09-14,41.36,41.93,41.29,41.84,3764700
2023-09-15,41.88,42.16,41.59,41.65,10296200
2023-09-18,41.78,41.82,41.22,41.49,3536300
2023-09-19,41.41,41.48,40.96,41.07,4230600
2023-09-20,41.33,41.37,40.76,40.83,4908800
2023-09-21,40.77,41.1,40.45,40.46,6719900
2023-09-22,40.46,40.56,39.86,40.21,3759900
2023-09-25,40.04,40.32,39.75,40.3,3849300
2023-09-26,40.09,40.1,39.09,39.15,5592700
2023-09-27,39.12,39.23,38.55,38.8,5320900
2023-09-28,38.82,38.92,37.78,37.88,6134000
2023-09-29,38.08,38.4,37.51,37.79,6834100
2023-10-02,37.59,37.65,36.28,36.61,9033600
2023-10-03,36.2,37.18,35.71,37.05,8591300
2023-10-04,37.04,37.5,36.69,37.41,6822900
2023-10-05,37.39,37.53,36.8,37.41,5266400
2023-10-06,37.08,38.17,36.35,38.08,6224100
2023-10-09,38.1,38.74,38.02,38.7,5558200
2023-10-10,38.61,39.33,38.61,39.28,4880800
2023-10-11,39.45,40.17,39.25,40.04,6456800
2023-10-12,39.89,40.17,39.33,39.83,4770500
2023-10-13,40.16,40.67,39.84,39.95,6173800
2023-10-16,40.15,40.34,39.73,40.17,6931700
2023-10-17,39.88,40.22,39.65,40.06,5631800
2023-10-18,40.05,40.24,39.64,39.91,4937800
2023-10-19,39.77,40.37,39.65,39.77,4372400
2023-10-20,39.67,40.04,39.28,39.3,5034700
2023-10-23,38.62,38.89,37.9,38.4,6526400
2023-10-24,38.82,39.25,38.75,38.86,5210600
2023-10-25,38.82,39.33,38.79,39,5973400
2023-10-26,39.16,39.8,39.1,39.15,6967700
2023-10-27,39.01,39.17,38.22,38.43,5213100
2023-10-30,38.55,38.93,38.22,38.45,5177900
2023-10-31,38.51,38.97,38.42,38.94,5971300
2023-11-01,39.01,39.83,38.76,39.53,7721800
2023-11-02,39.87,41.09,39.49,40.7,6467900
2023-11-03,41.31,41.48,40.54,40.56,5902900
2023-11-06,40.46,40.72,39.99,40.02,6858400
2023-11-07,40.02,40.06,39.63,39.74,5491100
2023-11-08,39.57,39.68,39.09,39.58,5553300
2023-11-09,39.67,39.98,39.23,39.25,3867500
2023-11-10,39.5,39.6,39.1,39.43,4495800
2023-11-13,39.28,39.47,38.76,38.8,5511300
2023-11-14,39.2,39.79,39.14,39.59,6434700
2023-11-15,39.43,40.19,39.37,39.67,6703800
2023-11-16,40.03,40.36,39.42,39.48,10366500
2023-11-17,39.7,39.72,38.89,38.95,10869000
2023-11-20,38.91,39.24,38.55,39.08,7680200
2023-11-21,38.94,39.07,38.35,38.88,5053400
2023-11-22,38.98,39.07,38.62,38.86,6251000
2023-11-24,38.93,39.24,38.74,39.19,2523100
2023-11-27,39.19,39.26,38.85,39.14,6884700
2023-11-28,39.19,39.57,38.93,39.16,5652500
2023-11-29,39.27,39.33,38.25,38.39,5268300
2023-11-30,38.41,38.6,38.17,38.51,11572700
2023-12-01,38.58,39.01,38.22,38.99,7382800
2023-12-04,38.77,39.01,38.55,38.73,8158300
2023-12-05,38.79,38.8,38.21,38.5,7114900
2023-12-06,38.74,39.45,38.63,39.41,7815800
2023-12-07,39.52,39.88,39.15,39.34,7687100
2023-12-08,39.37,39.38,38.98,39.21,7433400
2023-12-11,39.35,39.63,39.1,39.52,7793000
2023-12-12,39.66,39.66,39.18,39.44,5695700
2023-12-13,39.49,41.08,39.34,41,7994500
2023-12-14,41.22,41.43,37.46,37.9,26399000
2023-12-15,37.44,37.5,35.32,35.49,38845300
2023-12-18,35.39,35.59,34.22,34.45,23411000
2023-12-19,34.43,35.42,34.05,35.41,16414300
2023-12-20,35.45,35.6,34.81,34.81,10523500
2023-12-21,34.92,35.25,34.81,35.07,8332500
2023-12-22,35.24,35.82,35.2,35.26,5794600
2023-12-26,35.19,35.63,35.18,35.53,3900300
2023-12-27,35.56,35.66,35.1,35.41,6882000
2023-12-28,35.4,35.99,35.34,35.85,5832800
2023-12-29,35.7,35.95,35.57,35.9,4634200
2024-01-02,35.75,36.67,35.58,36.47,7584600
2024-01-03,36.53,36.67,35.9,36.18,6784000
2024-01-04,36.09,36.32,35.97,36.02,5443600
2024-01-05,35.91,36.5,35.74,36.31,4980000
2024-01-08,36.05,36.74,35.95,36.69,6027200
2024-01-09,36.47,36.59,36.23,36.44,6096200
2024-01-10,36.63,36.78,36.4,36.64,5345800
2024-01-11,36.41,36.57,35.98,36.21,6882000
2024-01-12,36.5,36.59,36.05,36.07,4096400
2024-01-16,35.91,35.99,35.46,35.7,7465100
2024-01-17,35.51,36.06,35.28,35.59,7004100
2024-01-18,35.36,35.44,34.88,35.3,6258100
2024-01-19,35.19,35.39,34.81,35.04,9294800
2024-01-22,34.94,35.38,34.66,34.86,5031600
2024-01-23,34.91,35.12,34.51,34.75,6110200
2024-01-24,34.85,34.99,34.03,34.08,7287600
2024-01-25,34.43,34.9,34.08,34.9,12960400
2024-01-26,34.91,35.03,34.66,35.01,6182300
2024-01-29,34.97,35.3,34.66,35.29,5454500
2024-01-30,35.01,35.15,34.65,35.05,6400500
2024-01-31,35.23,35.3,34.53,34.81,13440600
2024-02-01,34.81,35.06,34.46,35.02,5605700
2024-02-02,34.7,34.7,33.94,34.35,5819500
2024-02-05,33.94,34.23,33.58,33.62,6336100
2024-02-06,33.62,34.15,33.46,33.91,6444500
2024-02-07,34.11,34.26,33.66,34.1,6946600
2024-02-08,33.98,33.98,33.53,33.75,5935400
2024-02-09,33.64,33.9,33.35,33.84,6520400
2024-02-12,33.79,34.5,33.58,34.38,7862500
2024-02-13,34.42,34.66,33.5,34.19,9168800
2024-02-14,34.25,34.49,34.04,34.12,6822200
2024-02-15,34.31,34.94,34.3,34.86,5052500
2024-02-16,34.76,35.14,34.43,34.91,7831000
2024-02-20,34.9,35.34,34.68,34.73,6695100
2024-02-21,35.68,36.46,35.5,36.21,12107200
2024-02-22,36.03,36.2,35.38,36.03,7518300
2024-02-23,35.88,36.41,35.86,36.13,4552300
2024-02-26,36.07,36.07,35.29,35.63,6997400
2024-02-27,35.88,36.4,35.73,36.21,6158500
2024-02-28,36.05,36.33,35.67,35.8,5618800
2024-02-29,35.94,36.28,35.62,35.84,11354100
2024-03-01,35.22,35.62,34.98,35.49,4947100
2024-03-04,35.34,36.28,35.27,36.2,5248600
2024-03-05,36.25,36.99,36.13,36.27,9773800
2024-03-06,36.32,36.73,36.32,36.67,5743400
2024-03-07,37,37.26,36.7,36.83,5659300
2024-03-08,37,37.08,36.53,36.96,6904700
2024-03-11,37.09,37.39,36.74,37.19,5064000
2024-03-12,37,37.11,36.78,37.01,11600300
2024-03-13,37.21,37.42,36.95,36.99,8789100
2024-03-14,36.95,37.08,36.37,36.57,9924900
2024-03-15,36.55,36.93,36.21,36.48,17634800
2024-03-18,36.54,36.98,36.38,36.6,7371100
2024-03-19,36.51,37,36.5,36.81,6947300
2024-03-20,36.63,37.13,36.35,36.56,5654600
2024-03-21,36.64,37.18,36.53,37.03,6612800
2024-03-22,37.28,37.28,36.68,36.7,5160900
2024-03-25,36.75,36.96,36.57,36.85,5381600
2024-03-26,36.77,36.96,36.52,36.56,5883000
2024-03-27,36.85,37.32,36.77,37.31,7988300
2024-03-28,37.23,37.7,37.18,37.57,5855300
2024-04-01,37.7,37.7,37.06,37.23,4857000
2024-04-02,37.07,37.68,37.05,37.58,7306800
2024-04-03,37.62,37.69,37.2,37.21,4792200
2024-04-04,37.56,37.65,36.95,37.22,4348600
2024-04-05,36.98,37.45,36.51,37.34,3957500
2024-04-08,37.35,37.81,37.24,37.78,5059100
2024-04-09,37.9,37.99,37.7,37.87,3782700
2024-04-10,37.21,37.21,36.63,36.91,5370200
2024-04-11,37.11,37.29,36.58,36.8,4696900
2024-04-12,36.8,36.96,36.19,36.48,4985000
2024-04-15,36.78,36.83,36.07,36.27,3752500
2024-04-16,36.3,36.35,35.75,35.75,5114400
2024-04-17,35.9,36.52,35.9,36.42,4716900
2024-04-18,36.62,36.74,36.28,36.68,4395500
2024-04-19,36.77,37.65,36.5,37.55,6125000
2024-04-22,37.61,37.95,37.22,37.67,5174400
2024-04-23,37.44,37.95,37.32,37.56,5700300
2024-04-24,36.85,37.9,36.8,37.77,5061400
2024-04-25,37.97,38.04,37.21,37.66,3958500
2024-04-26,37.42,37.6,37.26,37.32,5439500
2024-04-29,37.56,37.75,37.43,37.72,3301800
2024-04-30,37.46,37.8,37.03,37.58,6200200
2024-05-01,37.29,38.2,37.26,37.84,7489100
2024-05-02,38.45,38.45,37.33,37.89,5575100
2024-05-03,38.09,38.15,36.96,37.41,6774400
2024-05-06,37.47,37.6,37.08,37.55,5850300
2024-05-07,37.68,37.93,37.29,37.91,9499800
2024-05-08,37.84,38.01,37.57,37.82,7411600
2024-05-09,37.8,38.35,37.72,38.33,5308600
2024-05-10,37.95,38.09,37.54,37.67,8898300
2024-05-13,37.88,38.29,37.82,38.13,8883400
2024-05-14,38.4,38.51,38.13,38.4,10192100
2024-05-15,38.69,38.99,38.56,38.73,5570800
2024-05-16,38.73,38.97,38.47,38.62,5369900
2024-05-17,38.59,38.73,38.32,38.58,6088700
2024-05-20,38.69,38.69,38.35,38.46,4560500
2024-05-21,38.42,38.76,38.27,38.52,7711100
2024-05-22,38.41,38.57,37.83,37.9,7480200
2024-05-23,37.74,37.8,36.99,37.03,4691100
2024-05-24,37,37.11,36.65,36.69,4186700
2024-05-28,36.68,37.17,36.61,36.78,5891500
2024-05-29,36.43,36.62,36.13,36.18,5635700
2024-05-30,36.3,36.78,36.2,36.73,5189100
2024-05-31,36.85,37.6,36.77,37.55,12030100
2024-06-03,37.55,37.58,37.1,37.2,3995600
2024-06-04,37,37.53,36.9,37.36,4529500
2024-06-05,37.22,37.26,36.68,36.79,4781900
2024-06-06,36.66,37.16,36.36,36.52,4758100
2024-06-07,36.15,36.51,36.14,36.17,3199500
2024-06-10,36.27,36.54,36.02,36.21,7102700
2024-06-11,35.83,36.45,35.72,36.21,9487300
2024-06-12,36.39,36.48,34.73,34.75,11084600
2024-06-13,34.74,35.54,34.62,35.41,11503200
2024-06-14,35.3,35.55,35.07,35.54,8863500
2024-06-17,35.32,35.66,35.1,35.17,10260800
2024-06-18,35.13,35.36,34.8,34.89,9493200
2024-06-20,34.84,35.22,34.82,34.94,13699000
2024-06-21,35.05,35.3,34.64,34.78,19441800
2024-06-24,34.67,35.43,34.67,35.33,9125800
2024-06-25,35.26,35.36,34.77,34.82,9609400
2024-06-26,34.77,34.83,34.49,34.8,7809100
2024-06-27,34.77,35,34.52,34.7,5575300
2024-06-28,34.67,34.84,34.46,34.61,23274000
2024-07-01,34.76,34.86,34.26,34.55,6675800
2024-07-02,34.73,34.77,34.38,34.53,4633400
2024-07-03,34.46,34.87,34.46,34.73,2614700
2024-07-05,34.66,34.74,34.24,34.31,5644900
2024-07-08,34.34,34.34,34.01,34.24,5002600
2024-07-09,34.09,34.64,34.09,34.43,7413400
2024-07-10,34.55,34.81,34.34,34.69,4998800
2024-07-11,34.86,35.51,34.73,35.32,6385300
2024-07-12,35.49,35.66,35.21,35.24,8292800
2024-07-15,34.95,35.42,34.82,35.35,8756800
2024-07-16,35.57,35.72,35.34,35.52,6030100
2024-07-17,35.79,36.6,35.65,36.43,7026400
2024-07-18,36.31,36.92,36.2,36.24,5929400
2024-07-19,36.26,36.26,35.92,36.13,4532700
2024-07-22,36.26,36.29,36.04,36.25,4941200
2024-07-23,36.16,36.23,35.84,35.87,3172700
2024-07-24,36.17,36.53,36,36.47,5649800
2024-07-25,36.75,37.28,36.37,36.48,7116900
2024-07-26,36.61,36.88,36.53,36.75,4552500
2024-07-29,36.75,37.05,36.65,36.89,4989200
2024-07-30,36.84,37.33,36.72,37.22,7458300
2024-07-31,37.39,37.53,36.91,37.2,6849800
2024-08-01,36.96,38.34,36.96,38.26,7254700
2024-08-02,38.72,39.02,38.02,38.77,9077700
2024-08-05,39.78,39.88,37.44,37.52,6955600
2024-08-06,37.6,37.99,37.48,37.59,6324900
2024-08-07,37.56,38.33,37.48,37.84,6224700
2024-08-08,37.59,38.01,37.44,37.54,7354000
2024-08-09,37.66,37.66,36.97,37.48,6680100
2024-08-12,37.02,37.12,36.77,36.9,6707800
2024-08-13,37.05,37.17,36.78,37.13,6332300
2024-08-14,37.01,37.42,36.83,37.03,5450200
2024-08-15,36.87,37.53,36.8,37.5,10776900
2024-08-16,37.53,37.74,37.2,37.61,5962300
2024-08-19,37.69,37.72,37.49,37.61,3423300
2024-08-20,37.65,37.78,37.4,37.54,3612300
2024-08-21,37.59,38.17,37.57,37.87,5166300
2024-08-22,37.75,37.96,37.69,37.88,5728000
2024-08-23,38,38.09,37.7,37.79,3723700
2024-08-26,37.97,38.18,37.9,37.97,2891400
2024-08-27,38,38.06,37.63,37.68,4543400
2024-08-28,37.71,38.28,37.64,37.89,5015200
2024-08-29,38,38.05,37.54,38.03,3705600
2024-08-30,37.99,38.2,37.82,38.09,6379500
2024-09-03,38.12,38.69,38,38.49,7145000
2024-09-04,38.67,39.26,38.65,38.89,6121000
2024-09-05,39.11,39.25,38.28,38.42,7460600
2024-09-06,38.45,38.66,38.17,38.2,4624700
2024-09-09,38.38,38.87,38.2,38.73,6209500
2024-09-10,38.85,39.21,38.72,39.05,7849100
2024-09-11,38.89,39.38,38.63,39.3,11191000
2024-09-12,39.39,39.93,39.12,39.86,19881400
2024-09-13,39.93,40.27,39.69,40.23,6605700
2024-09-16,40.41,40.63,40.2,40.43,7764100
2024-09-17,40.36,40.52,40.11,40.2,6829500
2024-09-18,40.18,40.23,39.29,39.5,6921700
2024-09-19,39.34,39.45,38.88,39.29,6675400
2024-09-20,39.65,40.76,39.52,40.27,18779400
2024-09-23,40.45,40.45,40.08,40.4,5674200
2024-09-24,40.25,40.49,39.75,39.99,9059200
2024-09-25,40.22,40.23,39.62,39.99,6309400
2024-09-26,39.82,40.29,39.81,39.93,3108100
2024-09-27,40.14,40.56,40.06,40.38,5899100
2024-09-30,40.38,40.68,40.08,40.55,8333400
2024-10-01,40.55,41.05,40.44,40.77,7394600
2024-10-02,40.59,41.12,40.58,40.95,4703000
2024-10-03,41,41.03,40.62,40.78,4137800
2024-10-04,40.4,40.59,40.06,40.21,7512300
2024-10-07,39.99,40,39.5,39.54,4301500
2024-10-08,39.68,39.99,39.53,39.61,4679300
2024-10-09,39.5,39.78,39.36,39.6,3616300
2024-10-10,39.61,39.87,39.24,39.27,4011700
2024-10-11,39.24,39.93,39.24,39.74,5000200
2024-10-14,39.74,40.1,39.71,39.93,5496800
2024-10-15,40.17,40.81,40.08,40.56,6077300
2024-10-16,40.61,41.02,40.51,40.97,7927700
2024-10-17,41.03,41.19,40.67,40.77,6409600
2024-10-18,40.74,41.14,40.45,40.95,6103500
2024-10-21,40.9,41.02,40.49,40.5,4938700
2024-10-22,40.38,40.65,40.27,40.53,5737700
2024-10-23,40.39,40.78,40.39,40.74,6339800
2024-10-24,40.8,41,40.53,40.71,5217900
2024-10-25,40.97,41.01,39.98,40.07,5418500
2024-10-28,40.17,40.51,40.17,40.23,4288800
2024-10-29,39.89,40,39.45,39.55,7521100
2024-10-30,39.53,40.06,39.21,39.7,9458400
2024-10-31,39.67,39.83,39.27,39.3,9240500
2024-11-01,39.24,39.59,38.11,38.15,7671500
2024-11-04,38.07,38.4,37.76,37.97,7614600
2024-11-05,37.97,38.49,37.76,38.47,4591500
2024-11-06,38.25,38.6,37.85,38.32,11397800
2024-11-07,38.33,38.49,38.02,38.09,5879300
2024-11-08,37.92,38.32,37.83,38.11,4985400
2024-11-11,38.09,38.51,38.01,38.4,6534100
2024-11-12,38.27,38.54,38.05,38.16,3814700
2024-11-13,38.24,38.4,37.81,38.14,6174700
2024-11-14,38.23,38.39,38.08,38.12,4663200
2024-11-15,38.11,39.19,38.11,39.11,9038600
2024-11-18,39.05,39.39,38.74,39.23,7261100
2024-11-19,39.07,39.22,38.71,39.1,6070100
2024-11-20,39.2,39.24,38.26,38.73,5551000
2024-11-21,38.72,39.36,38.5,39.31,7606200
2024-11-22,39.36,39.56,38.68,38.71,4039000
2024-11-25,38.95,39.27,38.69,39.13,7013400
2024-11-26,39.18,39.58,39.16,39.49,5591700
2024-11-27,39.41,39.89,39.37,39.51,4227000
2024-11-29,39.5,39.69,39.34,39.56,2407400
2024-12-02,39.48,39.54,38.29,38.37,5682500
2024-12-03,38.39,38.73,38.12,38.14,6606100
2024-12-04,38.07,38.2,37.53,37.85,4176500
2024-12-05,37.94,38.24,37.81,37.98,4712300
2024-12-06,37.9,38.04,37.73,37.85,6946400
2024-12-09,37.79,37.97,37.41,37.44,6064800
2024-12-10,37.53,37.53,36.91,37.32,5332600
2024-12-11,37.32,37.39,36.6,36.76,6684900
2024-12-12,37,37.11,36.67,36.83,7086600
2024-12-13,36.67,37.05,36.58,36.87,7873200
2024-12-16,36.89,36.96,36.2,36.22,5540700
2024-12-17,36.09,36.63,35.94,36.52,7372900
2024-12-18,36.5,36.78,36.41,36.56,9095400
2024-12-19,36.62,37.73,36.49,37.19,14685700
2024-12-20,37.09,37.26,36.55,37.02,20813900
2024-12-23,36.99,37.39,36.8,37.33,6073300
2024-12-24,37.33,37.55,37.19,37.52,1853400
2024-12-26,37.36,37.53,37.28,37.45,4142900
2024-12-27,37.21,37.63,37.12,37.43,3669400
2024-12-30,37.45,37.72,37.06,37.63,4145100
2024-12-31,37.73,37.79,37.39,37.64,5347900
2025-01-02,37.91,38.13,37.51,37.66,4578400
2025-01-03,37.96,38.2,37.63,38.05,4268100
2025-01-06,37.76,38.09,37.52,37.8,6817000
2025-01-07,37.91,38.4,37.44,37.53,5120000
2025-01-08,37.48,38.23,37.2,38.19,5669800
2025-01-10,38.05,38.48,37.29,37.3,7691800
2025-01-13,37.56,37.74,37.13,37.56,5923000
2025-01-14,37.63,38.08,37.32,37.92,6747000
2025-01-15,38.3,38.58,37.9,38.02,5659200
2025-01-16,37.96,39.37,37.9,39.34,5591800
2025-01-17,39.6,39.66,39.19,39.42,6140500
2025-01-21,39.95,40.67,39.82,40.44,5610400
2025-01-22,40.22,40.35,39.16,39.22,7661000
2025-01-23,39.39,39.57,39.06,39.24,5944700
2025-01-24,39.2,39.49,38.85,39.38,5362600
2025-01-27,39.8,40.85,39.65,40.7,12159400
2025-01-28,40.77,40.77,39.71,39.81,9471900
2025-01-29,39.78,40.15,39.47,39.57,5796500
2025-01-30,39.9,40.25,39.83,40.02,5755800
2025-01-31,40,40.23,39.89,40,7144100
2025-02-03,39.86,40.76,39.67,40.57,7638500
2025-02-04,40.3,40.68,39.85,40.54,5255100
2025-02-05,40.67,41.26,40.65,41.04,5584900
2025-02-06,41.17,41.24,40.75,41.12,5674300
2025-02-07,41.02,41.47,40.98,41.31,5794000
2025-02-10,41.44,41.88,41.13,41.8,7279100
2025-02-11,41.65,42.46,41.47,42.36,8935800
2025-02-12,40.88,43.09,40.81,42.89,10307900
2025-02-13,42.87,43.45,42.54,42.97,7562100
2025-02-14,42.95,43.15,42.74,42.85,8593000
2025-02-18,42.87,42.87,42.38,42.7,11062900
2025-02-19,42.64,42.78,42.21,42.65,7994000
2025-02-20,42.49,43.23,42.46,43.17,6945000
2025-02-21,43.2,43.69,43.06,43.39,13604600
2025-02-24,43.31,44.01,43.08,43.35,8053400
2025-02-25,43.56,44.24,43.36,44.04,8813500
2025-02-26,43.97,44.26,43.64,44.06,11508600
2025-02-27,43.89,44.32,43.65,43.79,6560700
2025-02-28,44.23,44.46,43.72,44.2,12319500
2025-03-03,44.05,44.62,44,44.55,7793100
2025-03-04,44.85,45.2,43.64,43.68,9783900
2025-03-05,43.41,43.82,43.22,43.36,6838800
2025-03-06,43.37,43.38,42.62,42.88,6291500
2025-03-07,42.76,43.41,42.7,43.11,6670200
2025-03-10,43.31,44.3,43.25,43.76,8806200
2025-03-11,43.82,43.98,43.26,43.4,6799900
2025-03-12,42.95,43.16,42.55,42.61,9286700
2025-03-13,42.84,43.51,42.75,43.47,5983600
2025-03-14,43.46,44.24,43.16,44.19,8133600
2025-03-17,44.2,44.66,43.99,44.39,8074400
2025-03-18,44.4,44.46,43.8,44.42,5343200
2025-03-19,44.42,44.52,44.07,44.44,6408700
2025-03-20,44.42,44.7,44.22,44.59,6306800
2025-03-21,44.54,44.77,43.57,43.8,15732200
2025-03-24,43.98,44.39,43.55,43.58,6491400
