Date,Open,High,Low,Close,Volume
2000-01-03,285.25,291.688,267.063,276.5,12935000
2000-01-04,281,287.5,270,270,15098000
2000-01-05,258,258.375,234.063,250,15434000
2000-01-06,226.5,227,208.5,216,19613000
2000-01-07,224,234.375,221.563,234.375,11226000
2000-01-10,252.75,252.75,237.5,250,11489000
2000-01-11,245,245,232,232.5,8537000
2000-01-12,238.25,239.875,219,225.625,10951000
2000-01-13,232.875,232.875,227.5,230.313,4826000
2000-01-14,230.5,233.438,222.75,227,6416000
2000-01-18,225.75,231.688,225.375,231.125,4615000
2000-01-19,221.938,225.688,220.75,225.375,2603000
2000-01-20,225.625,230,225.625,228,2263000
2000-01-21,232.125,235.75,229.375,235,2584000
2000-01-24,241.625,243.875,233.25,233.375,3171000
2000-01-25,236.5,239.25,233.625,239.25,2686000
2000-01-26,246.5,248,242.188,245.25,3777000
2000-01-27,247.5,249.5,244.313,246.75,2213000
2000-01-28,250.563,256.25,241.75,243.063,3442000
2000-01-31,249.125,253.938,246.25,253,3141000
2000-02-01,252.938,253.938,250.125,253.375,2039000
2000-02-02,254.5,259.5,254.5,259.438,2741000
2000-02-03,263,263.875,259.5,262.75,2981000
2000-02-04,264,270.75,264,269.313,5152000
2000-02-07,274.938,277.938,272.75,277.875,2554000
2000-02-08,269.125,274.625,267.125,273.5,4203000
2000-02-09,270.875,271.5,267.125,267.625,2394000
2000-02-10,265.688,267.375,264,267,1605000
2000-02-11,265,266,260,261.125,1125000
2000-02-14,258,258,254.688,256.313,1942000
2000-02-15,255.938,258.438,252,258,1949000
2000-02-16,254.75,254.75,250,250.563,2569000
2000-02-17,260,264.438,260,262,3034000
2000-02-18,268.75,274.25,267.375,267.375,4365000
2000-02-22,273,277.75,271.5,274.063,4230000
2000-02-23,272,280.875,272,280.875,2993000
2000-02-24,273.5,280,269.063,278.063,4620000
2000-02-25,278.063,279.75,275.125,275.875,2383000
2000-02-28,279,293.688,279,289.188,6513000
2000-02-29,309,314.75,305,313.5,8046000
2000-03-01,301,313,300.188,312,7833000
2000-03-02,303,304.5,296.063,299.938,3434000
2000-03-03,291.5,299.438,291.063,299.438,3408000
2000-03-06,278.625,280.938,270.5,271.875,6061000
2000-03-07,272.125,275.938,266,267.5,5044000
2000-03-08,270.625,278.125,269,276.188,4257000
2000-03-09,269.875,269.875,250.813,259.063,10166000
2000-03-10,248.25,252.75,239.75,243.75,9135000
2000-03-13,218,236.875,217,225.5,10940000
2000-03-14,242.313,247.438,241,241.313,8488000
2000-03-15,253.25,255.625,249.063,254.938,6601000
2000-03-16,255.5,255.625,245.5,250,6578000
2000-03-17,249.625,251.938,246.063,248.063,2285000
2000-03-20,247.813,249.5,245.313,247.375,1553000
2000-03-21,243.125,245.25,241.188,245.25,2124000
2000-03-22,246.25,248.938,246.25,248.5,2585000
2000-03-23,243,243.313,239.563,241.5,2106000
2000-03-24,241.438,242.563,239.875,241.813,1592000
2000-03-27,246.5,250.875,246.5,248.25,2132000
2000-03-28,245.75,249.125,245.688,246.813,1530000
2000-03-29,260,260,254.063,255.438,5862000
2000-03-30,265.5,272.375,265.5,268.5,5412000
2000-03-31,278,281.688,276.063,280.125,3549000
2000-04-03,282.5,282.5,274.125,275.125,3701000
2000-04-04,276.375,279.375,262,268.75,9000000
2000-04-05,266.875,267.875,265.063,266.813,3440000
2000-04-06,268.5,272.5,267.25,271.438,2161000
2000-04-07,268,272.625,268,272,2209000
2000-04-10,273.625,274.375,270,270.313,2018000
2000-04-11,266.5,266.5,262.125,263,2422000
2000-04-12,263.75,264.938,256.75,257.188,4099000
2000-04-13,255,256.875,251.5,251.563,2614000
2000-04-14,249.25,249.875,233.5,233.5,5469000
2000-04-17,229.25,246.5,223.125,246.5,6907000
2000-04-18,240.375,244.438,237.125,244.375,6646000
2000-04-19,241.25,241.938,237.125,237.125,2123000
2000-04-20,239,240.938,235.5,236.5,1940000
2000-04-24,232.75,234.75,224,229.313,4123000
2000-04-25,239.25,240.938,237,239.125,6438000
2000-04-26,238,238.438,235,235.5,1984000
2000-04-27,228.5,233.375,228.5,233.313,2475000
2000-04-28,233,234.5,223.875,225.625,4079000
2000-05-01,227,234.813,227,231.375,3350000
2000-05-02,229.875,229.875,225.063,225.063,1694000
2000-05-03,224.188,226.125,218,219.75,3546000
2000-05-04,221.5,221.5,219.438,219.75,2049000
2000-05-05,219.5,223.563,218,221.563,4574000
2000-05-08,220.25,220.75,216.625,219.313,3260000
2000-05-09,215.75,215.75,212.25,213.375,2361000
2000-05-10,214.625,216.5,210,211.25,3754000
2000-05-11,212.75,217.688,211.125,217.438,3036000
2000-05-12,217.688,219.125,216,219,1497000
2000-05-15,213.25,216,213.063,215.625,1530000
2000-05-16,217.375,217.938,215.625,217.375,1988000
2000-05-17,214,215.871,212.5,213.5,1252000
2000-05-18,212.625,212.625,207.063,208,2124000
2000-05-19,202.5,203.813,195.375,199.438,4496000
2000-05-22,190.25,191.75,186.125,189.813,6392000
2000-05-23,188.375,190,185.5,186.438,3011000
2000-05-24,178.5,183,178.188,182.5,4964000
2000-05-25,93.25,94.375,92,92,2507500
2000-05-26,91,91.25,88.75,90.6875,1035000
2000-05-30,93.5,96.9375,93.4375,96.875,4228500
2000-05-31,91.125,92.5,90.6875,91.1875,2390000
2000-06-01,91,91.6875,89,91.5,2811500
2000-06-02,98.875,100.75,97,99,5243500
2000-06-05,100,103.5,100,101.625,4069000
2000-06-06,103.5,104.9375,102.125,102.4375,3069000
2000-06-07,102.625,104.4375,102.625,104.125,938500
2000-06-08,102.75,103.4375,101.375,101.875,1294000
2000-06-09,100.875,101.4375,99.75,100.5625,972000
2000-06-12,99.375,99.4375,98.5,99,800000
2000-06-13,97.75,97.8125,96.1875,97.5625,1086500
2000-06-14,94.375,94.625,90.5625,90.5625,2314500
2000-06-15,90.75,91.75,90.3125,90.9375,1725500
2000-06-16,91.9375,91.9375,90,90.25,1572500
2000-06-19,91,92.5625,90.6875,91.75,3364500
2000-06-20,92.875,94.3125,92.5,93,3381000
2000-06-21,94.5,94.6875,93.75,94.3125,3833000
2000-06-22,96.75,96.9375,94.625,94.625,2354500
2000-06-23,95.875,95.9375,93.5625,94.0625,873000
2000-06-26,94,94.125,92.75,94.125,1490000
2000-06-27,93.875,93.9375,92.875,93.0625,1725500
2000-06-28,93.4375,93.9375,93,93.6875,1894000
2000-06-29,95,95.8125,93.875,94.6875,2374000
2000-06-30,94.625,95.4375,94,94.3125,760500
2000-07-03,97.4375,98.875,96.8125,98.5,889500
2000-07-05,98.9375,98.9375,97.125,97.25,1005000
2000-07-06,100.5,103.5625,100.5,103.5625,2612000
2000-07-07,103.75,104.125,102.375,102.625,2175000
2000-07-10,104,105.4375,103.4375,103.75,1519000
2000-07-11,100.75,103.25,100.75,102.9375,1657500
2000-07-12,102.9375,102.9375,100,101.1875,1698000
2000-07-13,98.125,100.125,98,99.25,2199000
2000-07-14,100.5,102.3125,100,101.625,1327000
2000-07-17,102.5,104.4375,102.4375,104,1366500
2000-07-18,102.5,102.625,98.25,98.375,1965000
2000-07-19,100.25,101,99.375,99.375,980000
2000-07-20,100,103.25,100,102.4375,1698000
2000-07-21,97.375,98.6875,97,97.375,1730500
2000-07-24,95.25,96.1875,94.125,94.6565,1654000
2000-07-25,96,96.5,95.375,95.75,881500
2000-07-26,97.25,97.5,96,96.625,1449000
2000-07-27,94.875,95.0625,93.25,94.25,877500
2000-07-28,93,93,90.4375,90.4375,862000
2000-07-31,92.5,94,92.5,93.9375,1016000
2000-08-01,92.5,93.1875,92.1875,92.9375,771500
2000-08-02,94.625,95.875,94.5625,94.875,795000
2000-08-03,91,92.1875,90.5625,91,1880000
2000-08-04,92.25,92.9375,91.5,92.625,1568000
2000-08-07,92.5625,93.9375,92.5,93.75,1980500
2000-08-08,93.5,93.9375,93.25,93.6875,446500
2000-08-09,93.5,93.875,92.25,93,898000
2000-08-10,92.875,93.75,92.6875,92.9375,1253500
2000-08-11,94.75,95.1875,94,95,842000
2000-08-14,94,95.3125,93.25,95.125,832000
2000-08-15,97,97.6875,96.5,97.375,1195000
2000-08-16,98.5,98.875,98,98.25,946000
2000-08-17,97.75,98.125,96.8125,97.75,732500
2000-08-18,98.125,98.25,97.375,97.875,600000
2000-08-21,98.5,98.5,96.1875,96.4375,724000
2000-08-22,96.6875,97.375,96.0625,97.125,1047500
2000-08-23,96.875,100.375,96.875,100.3125,1132500
2000-08-24,101.125,102.75,101,102.75,1497000
2000-08-25,102.625,104.75,102.5625,104.75,856500
2000-08-28,109.75,113.375,109.75,112.6875,3683500
2000-08-29,111.5,115.5,111,115.5,2404000
2000-08-30,109.375,110.875,108.0625,110.125,3444500
2000-08-31,111.625,115.1875,111.4375,114.25,2332500
2000-09-01,114.5,115.75,114.3125,114.875,1743000
2000-09-05,109.625,110,108.375,109.1875,1620500
2000-09-06,107.75,108,106,106.4375,1363000
2000-09-07,108.625,109.9375,107.625,109.6835,1168500
2000-09-08,109.6875,110.1875,109,109.3125,1303000
2000-09-11,109.25,110.4375,108.75,109.9375,2089000
2000-09-12,109.875,109.875,108.875,109.1875,1014500
2000-09-13,108.75,109.4375,108.1875,109.4375,819000
2000-09-14,108.125,108.125,106.5625,106.875,793500
2000-09-15,106.875,107.0625,105.5,105.5625,514500
2000-09-18,108.5,109.6875,108.0625,108.9375,1631000
2000-09-19,110.25,113.125,110.25,112.6875,1468000
2000-09-20,114.25,114.625,113.1875,114.4375,1767500
2000-09-21,115.625,116.3125,115,116.25,1532500
2000-09-22,109.5,112,109.3125,112,1777500
2000-09-25,111.375,111.4375,109.375,109.4375,1152000
2000-09-26,109.875,110.1875,108.1875,109,657500
2000-09-27,107.25,107.4375,94.0625,99.375,8106000
2000-09-28,100,105.4375,99.625,104.4375,8587000
2000-09-29,101.4375,101.5,100.0625,100.9375,1702000
2000-10-02,100.9375,100.9375,97.6875,97.9375,1518000
2000-10-03,98,98.75,97,97.0625,2063000
2000-10-04,98.125,99,97.6875,98.6875,1911000
2000-10-05,98,98.1875,97,97.5625,751000
2000-10-06,98.375,99.125,96.875,97.8125,901000
2000-10-09,97.75,98.0625,95,97.375,1007500
2000-10-10,98,98.3125,96.5625,96.9375,1245500
2000-10-11,95,95,92.875,93.5,2197000
2000-10-12,94.5,94.75,92.25,92.75,1780500
2000-10-13,92.75,95.25,92.75,95.125,1559500
2000-10-16,93.5,93.75,92.125,93.625,884000
2000-10-17,93.125,93.3125,90.625,91.8125,1432500
2000-10-18,88.9375,89.6875,87.0625,89.625,1764500
2000-10-19,93.75,95.8125,91.75,94.1875,2135500
2000-10-20,94,97.125,94,97,1679000
2000-10-23,94.5625,95.5,94.0625,95.4375,821000
2000-10-24,95.9375,98.4375,95.5625,97.25,1789000
2000-10-25,96.125,96.5625,94.625,95.0625,1889500
2000-10-26,93,93.1875,88.6875,90.75,8018000
2000-10-27,89.5,89.625,86.5,87.0625,2205500
2000-10-30,84.25,85,82.6875,83.5625,3747000
2000-10-31,81.5,83.1875,81.125,83,3800000
2000-11-01,84.25,84.6875,83.4375,83.4375,2519500
2000-11-02,84.125,86.25,83.6875,86.0625,2182500
2000-11-03,87.375,88,85.875,86.3125,2096000
2000-11-06,88.5625,88.5625,86.6875,87.5,1486000
2000-11-07,85.875,85.9375,84.8125,85.1875,1666000
2000-11-08,86.25,86.3125,83.875,83.9375,1344000
2000-11-09,83.8125,84.375,82.75,83.75,1827500
2000-11-10,82.5,82.5,80.375,80.75,1850500
2000-11-13,78.25,79.5,77,79.0625,2408000
2000-11-14,80,81.4375,79.8125,80.875,1996500
2000-11-15,79.25,79.5,78.3125,79,1539000
2000-11-16,76.375,77.125,75.8125,75.875,1643000
2000-11-17,76.0625,77.1875,75.3125,75.625,2412000
2000-11-20,75,75,73.125,73.3125,1294500
2000-11-21,72.5,73.3125,72.375,72.9375,1748000
2000-11-22,72.375,73.1875,72.0625,72.1875,1468500
2000-11-24,74.875,77,74.75,75.75,1395000
2000-11-27,82,82,80.1875,80.4375,3549500
2000-11-28,80,81.5,79.3125,79.5625,2170000
2000-11-29,77.625,77.9375,76.4375,77.1875,2768000
2000-11-30,75.25,75.3125,73.3125,74.5,1901000
2000-12-01,75,75.625,74,74.5625,2459000
2000-12-04,75.875,76.9375,75.875,76.5,2463000
2000-12-05,76.0625,80.5,75.875,80.1875,3678000
2000-12-06,78.75,79.75,77.3125,77.625,2948000
2000-12-07,77.1875,78.5625,77.1875,78.25,903000
2000-12-08,78.9375,79.375,77.625,78.625,1388500
2000-12-11,81.5,81.9375,80.625,81.6875,1262500
2000-12-12,80,80.375,79.5,80.1875,920500
2000-12-13,80.25,80.5,78.75,79,1289000
2000-12-14,78.875,78.875,75.625,76.3125,1453000
2000-12-15,75.375,75.375,73.125,74.0625,1389000
2000-12-18,75.25,75.5,73.75,74,712500
2000-12-19,73.5,74.625,73,73.1875,1559500
2000-12-20,71.125,71.1875,69.0625,69.8125,2355500
2000-12-21,67,70.25,67,69.5625,2695500
2000-12-22,69.8125,69.875,68.5,69.5,1581000
2000-12-26,69.5,70.25,68.125,69.4375,1076500
2000-12-27,68.5,69.5625,68.25,69.375,1363500
2000-12-28,68.875,69.625,68.125,69.5,1618000
2000-12-29,68.625,69.75,67.625,69.5,2341000
2001-01-02,69.25,69.6875,67.375,67.625,1640000
2001-01-03,67.375,75.25,67.375,74.5625,4401500
2001-01-04,73.125,74.4375,72.75,73.375,3109000
2001-01-05,74.75,75.5,73.6875,75.375,3085000
2001-01-08,75.125,75.5,74.125,75.125,1582500
2001-01-09,75.5,75.75,75,75.375,1647000
2001-01-10,74.625,76.5,74,75.9375,2121500
2001-01-11,73.5,75.1875,73.375,74.8125,1722000
2001-01-12,74.9375,76,74.5,75.75,2751000
2001-01-16,75.1875,76.6875,75.1875,76.5,1212000
2001-01-17,76.375,78.375,76,76.1875,3665000
2001-01-18,75.5,75.75,75,75.75,2293000
2001-01-19,76.5,77.4375,76.5,76.6875,1669000
2001-01-22,76,76.6875,74.875,76.5625,1370500
2001-01-23,75.125,76.1875,75,76.1875,2651000
2001-01-24,73.625,73.6875,72.625,72.875,1748500
2001-01-25,72.625,74.625,72.625,74,1770000
2001-01-26,74,74.0625,72.5,73.5625,1318000
2001-01-29,73.7,73.8,72.65,73.5,1246000
2001-01-30,73,73.2,72.06,73,1186500
2001-01-31,73,73.64,72.69,73.55,1370000
2001-02-01,73.4,73.55,71.75,72.91,1049000
2001-02-02,71,71.29,70.46,70.46,1876500
2001-02-05,70.49,70.49,69.72,70.18,1877000
2001-02-06,71.11,71.95,71.11,71.34,1063500
2001-02-07,71.5,71.7,71.25,71.64,1388000
2001-02-08,72.42,72.83,72.21,72.51,1460500
2001-02-09,72.62,72.89,72.05,72.11,1173000
2001-02-12,72.06,74.19,72.06,73.51,1949500
2001-02-13,73.76,73.82,73.16,73.3,1063500
2001-02-14,72,72.2,71.1,72.17,942500
2001-02-15,72.66,73.98,72.66,73.63,1130500
2001-02-16,71.75,71.84,71,71.65,2684500
2001-02-20,72,72,71.01,71.09,1530000
2001-02-21,70.25,70.4,69.35,69.37,1478000
2001-02-22,69.75,70.2,69.26,69.65,1722000
2001-02-23,71.35,72,70.78,71.95,1464500
2001-02-26,72.5,73.6,72.5,73.6,1613000
2001-02-27,73.55,73.58,72.34,73,1405000
2001-02-28,73,73,71.22,71.51,1383500
2001-03-01,70.05,70.7,69.2,70.59,1791000
2001-03-02,68.75,69.3,68.2,68.82,2326000
2001-03-05,68.65,69.8,68.26,69.18,1235000
2001-03-06,71,72.4,71,72.18,1789500
2001-03-07,71.25,71.65,70.81,71.4,1112000
2001-03-08,71.65,71.85,71.29,71.55,750500
2001-03-09,71,71,70.25,70.65,1713000
2001-03-12,69,69,67.62,68.35,3341000
2001-03-13,67.5,68.5,67.26,68.4,1469000
2001-03-14,66,67,65.61,66.02,2482000
2001-03-15,66.8,67.44,66.53,66.87,1253500
2001-03-16,68.5,68.5,67.5,67.7,1254000
2001-03-19,67.45,67.46,66.71,67,1241500
2001-03-20,67.25,67.95,65.4,65.95,1441000
2001-03-21,68,69.4,67.8,68.8,2925000
2001-03-22,70.48,70.8,68,70.51,3224000
2001-03-23,72.33,73.14,72.33,72.9,1690500
2001-03-26,75.25,75.5,74.86,75.24,2115500
2001-03-27,75.48,77.6,75.4,76.9,2981500
2001-03-28,75.7,75.74,74.32,74.5,2041500
2001-03-29,72.6,72.69,71.65,72.15,2199000
2001-03-30,71.6,72.25,71,72.25,1464500
2001-04-02,70,70.21,69.34,69.38,1263500
2001-04-03,69.85,70,67.42,67.61,2075000
2001-04-04,68.9,69.61,68.3,68.51,2329000
2001-04-05,71.4,73.2,71.4,73.09,1870500
2001-04-06,71.62,71.63,70.4,70.8,1543000
2001-04-09,69,69.85,68.55,69.15,1136000
2001-04-10,68.89,70,68.75,69.98,2734000
2001-04-11,70,70.5,69.57,70.22,2251500
2001-04-12,70.22,71.73,70.01,71.73,1174000
2001-04-16,70,70.55,69.65,69.97,1192000
2001-04-17,70.95,71.35,70,71.35,748500
2001-04-18,73.05,78,73.04,76.94,3708000
2001-04-19,76.4,76.9,75.27,76.81,3063500
2001-04-20,75.15,75.2,74.15,74.86,1600000
2001-04-23,74,74,73.05,73.48,864500
2001-04-24,73.65,74.31,72.05,72.25,1395000
2001-04-25,73.4,75,73.4,74.91,1683500
2001-04-26,74.92,75.3,74.81,75.1,1808500
2001-04-27,75.8,76.5,75.41,76.45,1287000
2001-04-30,77.2,77.23,76.09,76.65,2094500
2001-05-01,77,79.98,77,79.98,3671000
2001-05-02,79.98,82.45,79.37,82.38,3596500
2001-05-03,81.2,81.3,79.62,79.89,2754500
2001-05-04,79.75,80.35,78.85,79.97,2664500
2001-05-07,81.21,82.35,81.21,81.8,2347000
2001-05-08,82.98,83,81.5,82.85,2815500
2001-05-09,80.5,80.51,79.6,79.65,2493500
2001-05-10,80.18,80.39,80.01,80.18,1228500
2001-05-11,80.5,81.05,80.5,80.6,1671000
2001-05-14,78,78.14,76.5,77.08,2704500
2001-05-15,79,79.4,78.36,79.25,1102000
2001-05-16,78.47,81,78.01,80.75,1421500
2001-05-17,80.75,81.99,80.75,81.75,1536000
2001-05-18,81,81.4,80.74,81.15,892500
2001-05-21,82.36,85.75,82.36,85.5,2884500
2001-05-22,83.46,83.46,82.76,83.34,1923000
2001-05-23,83.6,83.98,83.1,83.2,1961000
2001-05-24,82.75,83.25,82.53,83.25,991500
2001-05-25,83.58,83.58,82.7,82.71,812500
2001-05-29,82.08,82.08,80.78,81.25,1643000
2001-05-30,78.33,78.48,78,78.04,1644500
2001-05-31,77.17,78.1,77.17,78.1,2038000
2001-06-01,78.1,79.6,78,79.19,1138000
2001-06-04,78.6,78.88,78.5,78.7,3027500
2001-06-05,77.95,78.39,77.5,78.35,1510500
2001-06-06,76.8,76.88,76.13,76.3,1898500
2001-06-07,76.3,76.59,76.21,76.4,1018500
2001-06-08,76.45,76.45,75.45,75.59,675000
2001-06-11,75.1,75.25,74.15,74.26,1199000
2001-06-12,71.75,72.37,70.92,72.3,1558500
2001-06-13,73,73.58,72.05,72.29,971000
2001-06-14,72.28,72.52,71.68,71.8,895500
2001-06-15,71.55,71.92,70.9,71.01,567000
2001-06-18,70.05,70.4,69.53,69.57,1751500
2001-06-19,71.4,72.1,70.82,70.82,1493500
2001-06-20,69.9,70.18,69.5,70,1398500
2001-06-21,69.88,70.29,69.25,69.8,1149000
2001-06-22,70.3,70.58,69.25,69.38,1206000
2001-06-25,68,68.12,67.5,67.75,1754500
2001-06-26,66.05,66.37,65.72,66.2,1577000
2001-06-27,66.18,66.18,65.9,66,978000
2001-06-28,65.15,67.2,65.15,65.89,2100000
2001-06-29,65.89,66.18,65.54,65.8,977500
2001-07-02,65.9,66,65.5,65.75,1128000
2001-07-03,64.68,64.68,64.07,64.34,978500
2001-07-05,60.62,60.68,59.4,60.45,3950500
2001-07-06,58.2,58.2,56,56.15,4285000
2001-07-09,56.7,57.48,56.7,57.24,4065500
2001-07-10,57.4,57.48,56.3,56.45,5371500
2001-07-11,56.2,56.6,56.11,56.4,3157000
2001-07-12,59.5,61.1,59.1,60.9,3151000
2001-07-13,59.18,59.78,58.9,59.3,1523500
2001-07-16,59.1,59.15,58,58,1229000
2001-07-17,57.9,58.55,57.76,58.3,1114000
2001-07-18,56.1,56.92,56.1,56.74,1735500
2001-07-19,58.2,59.2,58.2,58.7,1169500
2001-07-20,58,58.68,58,58.68,556000
2001-07-23,58.85,58.85,56.25,56.43,1593000
2001-07-24,56.85,57.6,56.27,57.6,1558000
2001-07-25,57.6,57.88,57.3,57.81,1489000
2001-07-26,53.4,53.8,51.6,51.86,7752500
2001-07-27,51,51.9,50.88,51.9,3350000
2001-07-30,47,47.49,46.25,46.4,6452000
2001-07-31,48.7,49.9,48.33,49.52,4035500
2001-08-01,49.9,50.2,49.66,50,1717500
2001-08-02,52.26,52.72,51.85,51.85,2611000
2001-08-03,51.68,51.75,50.97,50.97,1568500
2001-08-06,50.75,50.89,50.02,50.15,1054000
2001-08-07,51.25,51.94,51.25,51.42,868000
2001-08-08,51.68,52.2,51.35,51.36,1202000
2001-08-09,50.22,50.35,49.47,50.23,938500
2001-08-10,49.98,49.98,49.1,49.8,1373000
2001-08-13,49.12,49.35,49,49.16,958500
2001-08-14,50.26,50.7,50.1,50.1,1148000
2001-08-15,51.8,51.99,51.45,51.65,1917000
2001-08-16,50.19,50.59,49.81,50.48,839000
2001-08-17,47.7,47.97,47.59,47.9,2321000
2001-08-20,47.75,48.49,47.69,48.25,928500
2001-08-21,46.7,47.39,46.69,47.1,3091500
2001-08-22,48.21,48.7,47.9,48.55,1388000
2001-08-23,46.4,46.85,45.75,46.49,1371000
2001-08-24,46.6,48.04,46.6,47.91,1052000
2001-08-27,47.68,47.8,47.34,47.72,1356500
2001-08-28,47.77,48.2,47.52,47.75,1957000
2001-08-29,47.75,47.92,47.27,47.33,951000
2001-08-30,46.75,46.75,45.7,45.92,1585000
2001-08-31,44.55,45,44.5,44.9,1480000
2001-09-04,44,44.69,43.52,44,3120000
2001-09-05,42.95,42.97,42.27,42.7,1787500
2001-09-06,42.71,42.71,42.14,42.2,1371500
2001-09-07,41.45,41.7,41,41.48,2197500
2001-09-10,40,41.45,40,40.4,4327500
2001-09-17,35,37.8,35,37,3428000
2001-09-18,36.98,36.98,36.22,36.35,1807000
2001-09-19,37.55,37.973,36.4,37.25,3666500
2001-09-20,37.9,37.9,37.05,37.56,2358500
2001-09-21,36,36.75,35.3,36.75,2956500
2001-09-24,37.5,39.1,37.5,38.7,4310500
2001-09-25,37.6,37.83,36.74,37.05,1568000
2001-09-26,37,37.5,36.25,36.25,1264000
2001-09-27,36.5,37.19,36.3,37.19,2018500
2001-09-28,34.05,34.35,33.02,33.2,8125500
2001-10-01,33.7,34,33.08,33.74,3037000
2001-10-02,33.52,34,33.27,33.72,2044500
2001-10-03,33.01,35.2,32.8,34.4,5333000
2001-10-04,35.6,35.88,34.85,35.3,4483500
2001-10-05,35.8,36.2,35.25,35.25,2587500
2001-10-08,35.33,35.85,35.25,35.7,1258000
2001-10-09,35.5,35.51,34.31,34.31,1961500
2001-10-10,35.7,37.15,35.5,37,2653500
2001-10-11,39.6,39.98,39.27,39.96,6414500
2001-10-12,39.96,40.24,38.83,40.01,3585000
2001-10-15,39.87,39.88,39.24,39.58,1465000
2001-10-16,40.3,40.88,40.3,40.75,1530000
2001-10-17,41.87,41.87,40.1,40.1,2405500
2001-10-18,40.9,40.9,40.15,40.5,1627500
2001-10-19,40.99,41.18,40.7,41,1729500
2001-10-22,40.87,41.88,40.65,41.74,1282500
2001-10-23,42.5,42.5,41.6,41.7,1809500
2001-10-24,40.22,41,40.2,40.84,1948000
2001-10-25,38.86,40.43,38.5,40.43,2459000
2001-10-26,40.02,40.62,40,40.33,1173000
2001-10-29,40,40,38.51,38.6,1573000
2001-10-30,38.52,38.62,38.1,38.12,1013000
2001-10-31,38.3,38.85,37.86,38.2,2046500
2001-11-01,38.3,39.15,37.91,39.14,1927000
2001-11-02,39,39.88,38.74,39.72,1520000
2001-11-05,40.81,41.38,40.55,41.2,1435500
2001-11-06,40.85,41.83,40.57,41.8,990500
2001-11-07,39.44,39.7,38.97,39.3,2126000
2001-11-08,39.52,40.89,39.52,39.79,2218000
2001-11-09,39.12,39.8,39.12,39.8,1156500
2001-11-12,39.8,39.99,39.06,39.95,1348000
2001-11-13,40.05,40.7,40.05,40.5,3390000
2001-11-14,40.98,40.99,40.3,40.83,1931000
2001-11-15,43.8,45.53,43.62,45.3,5872000
2001-11-16,46.55,46.55,45.9,46.2,2700000
2001-11-19,47.5,48.19,47.32,48.14,3214000
2001-11-20,46.25,46.39,45.6,45.6,4368500
2001-11-21,46.2,46.49,46.08,46.49,1342500
2001-11-23,46.2,46.6,46.02,46.55,1025000
2001-11-26,48,48.85,47.95,48.55,2749000
2001-11-27,48.53,48.58,47.8,48.25,1996500
2001-11-28,47.05,47.06,46.1,46.11,1725500
2001-11-29,46.36,47.18,46.36,47,880000
2001-11-30,46.75,47.8,46.51,47.7,1118500
2001-12-03,46.2,46.5,45.8,45.99,1672000
2001-12-04,46.8,47.35,45.35,46.8,4185000
2001-12-05,48.05,50.2,48.05,49.7,2654500
2001-12-06,49.89,50.25,49.5,49.86,3404000
2001-12-07,49.74,49.74,48.1,48.5,1818500
2001-12-10,47.65,48.3,46.51,46.61,2266000
2001-12-11,46.4,47.43,46.4,46.95,1485500
2001-12-12,47.57,47.75,46.72,47.3,1266000
2001-12-13,46.26,46.37,45.27,45.28,1217500
2001-12-14,45.28,46.2,45.28,46.2,970000
2001-12-17,45.48,45.89,45.27,45.55,1962500
2001-12-18,46.65,47,46.2,47,1401500
2001-12-19,46.89,46.95,46,46.75,2027000
2001-12-20,46.5,46.5,45.35,45.5,1466500
2001-12-21,43.75,44.68,43.6,44.36,1472000
2001-12-24,44.36,44.42,44.12,44.36,370000
2001-12-26,43.24,44.5,43.17,44.11,2007500
2001-12-27,44.21,44.58,43.85,44,1338500
2001-12-28,45.31,46.32,44.8,46.25,1936000
2001-12-31,46.22,46.22,44.94,45.1,1274500
2002-01-02,45.35,45.95,45.2,45.95,1452500
2002-01-03,45.62,47.47,45.62,47.25,3948000
2002-01-04,48.25,49.68,48.25,49.57,3196500
2002-01-07,49.44,49.6,48.95,49.31,2548500
2002-01-08,47.98,48.27,47.71,47.82,2147000
2002-01-09,48.6,48.85,47.82,48,2320000
2002-01-10,49.27,49.27,48.75,48.92,2591000
2002-01-11,48.67,48.67,47.5,47.55,1808500
2002-01-14,47.3,47.3,47.02,47.02,2171000
2002-01-15,46,46.45,45.63,45.91,2266500
2002-01-16,45.13,45.5,44.44,44.5,2469500
2002-01-17,45.31,45.63,44.3805,45.51,2202000
2002-01-18,45.25,45.29,44.52,44.7,1057000
2002-01-22,43.99,44.05,43.55,43.56,1795500
2002-01-23,44.65,45.45,44.37,44.91,1195500
2002-01-24,45.7,46.24,45.61,45.86,1529000
2002-01-25,46.65,46.98,46.23,46.4,1992500
2002-01-28,45.3,45.5,44.8,45.2,1404500
2002-01-29,44.5,44.62,43.3,43.7,1500000
2002-01-30,43.14,44.39,42.75,44.35,1312000
2002-01-31,43.71,44.84,43.71,44.76,948500
2002-02-01,43.5,43.75,43.2,43.5,1444000
2002-02-04,43.15,43.44,42.5,43.25,1872500
2002-02-05,42.25,42.26,41.3,41.75,1402000
2002-02-06,41.25,41.47,40.6,41,2078500
2002-02-07,42.4,43.26,42.16,42.5,1450000
2002-02-08,42.33,42.53,42.06,42.4,1035500
2002-02-11,42.8,43.45,42.8,43.45,775500
2002-02-12,43.51,44,43.27,43.77,1515000
2002-02-13,44.42,44.93,44.35,44.85,1128500
2002-02-14,45.55,45.98,45.4,45.55,1730000
2002-02-15,45.2,45.29,44.8,44.85,744000
2002-02-19,45.15,45.37,44.85,44.87,1751500
2002-02-20,44.85,45.5,44.6,45.4,932500
2002-02-21,46.21,46.31,45.3,45.3,1446000
2002-02-22,46,47.25,46,46.71,1808500
2002-02-25,46.69,47.4,46.33,47.25,857000
2002-02-26,46.48,46.5,45.75,45.75,1051500
2002-02-27,46.45,47.85,46.45,47.22,1085500
2002-02-28,46.4,46.95,46.03,46.2,1022500
2002-03-01,47.19,48.11,47.15,47.8,1452000
2002-03-04,48.99,50.75,48.87,50.7,2781500
2002-03-05,50.07,50.45,49.75,50.3,2310000
2002-03-06,51.77,53.71,51.77,53.4,3109500
2002-03-07,56.95,56.95,54.359,56.05,3650000
2002-03-08,56.75,57.1,56.3,56.59,2298000
2002-03-11,56.23,56.24,55.55,56.2,1749500
2002-03-12,53.95,54.2,53.49,53.9,1447500
2002-03-13,52.93,52.93,52.21,52.4,2124000
2002-03-14,54.75,55.09,54.41,55.09,2194500
2002-03-15,54.99,55.73,54.75,55.25,1248500
2002-03-18,53.5,54.45,53.32,53.66,1799500
2002-03-19,54.95,55.69,54.55,55.21,2019000
2002-03-20,52.59,52.89,52,52.01,1961000
2002-03-21,52.19,53.2,52.01,53.16,1154000
2002-03-22,52.6,52.7,51.81,52.3,1099500
2002-03-25,50.75,51.29,50.6,50.85,2207500
2002-03-26,50.7,51.48,50.5,50.85,1712500
2002-03-27,51.1,52.1,51.1,51.45,1005000
2002-03-28,52.03,52.1,51.55,51.7,707000
2002-04-01,50.48,51.39,50.25,51.1,866500
2002-04-02,51.49,52.13,51.01,51.15,1107500
2002-04-03,52.78,52.78,51.9,52.46,1587000
2002-04-04,52.5,53.23,52.5,52.71,1461000
2002-04-05,51.83,52.04,51.3,51.5,814500
2002-04-08,51.4,52.49,51.27,52.35,1094000
2002-04-09,51.8,51.83,51.27,51.31,742500
2002-04-10,52.12,52.74,52.11,52.72,960000
2002-04-11,52.25,52.26,51.03,51.7,879500
2002-04-12,51.05,51.35,50.76,50.86,968000
2002-04-15,51.4,52.21,51.4,52.17,1096000
2002-04-16,52.45,53.96,52.43,53.7,1354000
2002-04-17,53.9,54.1,53.7,53.8,1882000
2002-04-18,54,54.19,53.32,53.87,1091000
2002-04-19,53.34,53.67,53.16,53.25,826000
2002-04-22,54.28,54.28,53.8,53.93,1025500
2002-04-23,54.18,54.85,53.91,53.92,746500
2002-04-24,54.15,54.6,53.98,53.98,1218000
2002-04-25,56,56.44,55,56,4068500
2002-04-26,55.9,56.18,55.42,55.5,656500
2002-04-29,56.25,56.34,55.25,55.48,1235000
2002-04-30,53.85,54.24,53.5,54.2,1941500
2002-05-01,53.85,54.98,53.26,54.8,1293000
2002-05-02,53.4,53.8,53.25,53.45,900500
2002-05-03,53.7,54.2,53,54.02,757000
2002-05-06,54.35,54.4,53.75,54,1945000
2002-05-07,53.55,53.74,52.65,52.65,1074500
2002-05-08,53.55,55.14,53.55,55.14,1844500
2002-05-09,54.68,55.25,54.37,54.6,1444500
2002-05-10,54.85,55.3,54.72,54.75,856500
2002-05-13,54.75,55,54.34,55,1593500
2002-05-14,55.18,55.82,54.8,55.6,1546500
2002-05-15,55.6,56.49,55.3,56.15,1474500
2002-05-16,56.25,56.79,56.2,56.48,1656000
2002-05-17,57.75,58.88,57.65,58.81,3433500
2002-05-20,57.85,57.92,57.43,57.65,2074000
2002-05-21,58.07,58.35,57.9,58.05,2069000
2002-05-22,58.25,59.68,58.25,59.56,3409000
2002-05-23,59.65,59.95,58.62,59.7,1846000
2002-05-24,59.65,59.65,59,59.4,832000
2002-05-28,58.84,58.84,58.1,58.23,1988500
2002-05-29,58.1,58.1,57.21,57.8,1320000
2002-05-30,58,58.82,57.85,58.69,1401500
2002-05-31,58.2,58.44,57.9,58.11,2230000
2002-06-03,57.5,58.01,56.22,56.3,2254500
2002-06-04,55.55,56.18,55.5,55.91,1692000
2002-06-05,55.95,56.7,55.91,56.7,1847000
2002-06-06,56.05,56.2,55.5,55.5,1253000
2002-06-07,53.8,55.62,53.8,55.5,1260500
2002-06-10,55,55,54.31,54.36,1182000
2002-06-11,54.4,55,54,54.01,1771500
2002-06-12,54.01,54.45,53.46,54.31,2649500
2002-06-13,53.4,53.55,52.8,53.27,1332000
2002-06-14,52.48,52.48,51.51,52.45,1884500
2002-06-17,52,52.94,51.93,52.78,1354500
2002-06-18,52.25,52.4,51.7,51.8,1047000
2002-06-19,50.75,51.25,50.02,50.06,1829000
2002-06-20,50.4,50.7,49.9,50.23,1146000
2002-06-21,49.5,49.59,48.53,48.63,1396500
2002-06-24,49.66,50.27,49.42,50.1,1669000
2002-06-25,50.35,50.48,49.37,49.41,1391500
2002-06-26,48,49.25,47.91,48.95,1477000
2002-06-27,50.05,50.46,49.75,50.3,1364500
2002-06-28,52.7,53.6,52.55,53.1,1984000
2002-07-01,52.1,53,51.25,51.55,1358000
2002-07-02,51.53,51.53,49.81,50,1814000
2002-07-03,51.3,51.79,50.78,51.75,2161500
2002-07-05,51.95,53.19,51.95,53.17,1463500
2002-07-08,52.51,52.85,51.85,51.98,883500
2002-07-09,53,53.49,52.62,52.75,1372000
2002-07-10,52,52,50.3,50.47,1596000
2002-07-11,50.3,51.2,49.75,51.2,2385500
2002-07-12,51.55,51.72,50.65,50.9,981500
2002-07-15,50.65,50.65,49.08,50.3,1973000
2002-07-16,49.5,50.22,49.11,49.59,1634500
2002-07-17,48.5,48.9,47.61,47.82,3635500
2002-07-18,49.1,49.7,48.6,48.95,1572500
2002-07-19,47,47.37,45.75,46.3,2606500
2002-07-22,45.5,46.2,44.1,44.97,2829500
2002-07-23,45.51,46.1,44.92,45.21,2039000
2002-07-24,44.5,47.1,43.8,47.1,5224500
2002-07-25,46.4,47,44.9,45.49,3031000
2002-07-26,45.25,45.35,44.23,44.7,1558000
2002-07-29,44.8,46.2,44.8,46.14,1531000
2002-07-30,46.01,46.99,46.01,46.65,1154500
2002-07-31,45.5,45.57,44.65,45.33,1570500
2002-08-01,44.75,45.33,44.42,44.55,1023500
2002-08-02,44,44.05,42.4,42.71,2377500
2002-08-05,42.73,42.96,42.01,42.01,1166500
2002-08-06,42.09,42.95,42.09,42.5,1239500
2002-08-07,43.6,44.02,42.8,43.85,2078000
2002-08-08,43.35,44.1,43,44,3629500
2002-08-09,43.75,44.65,43.73,44.44,2104000
2002-08-12,42.64,43.07,42.64,42.86,1138500
2002-08-13,42.75,42.98,42.08,42.2,2130500
2002-08-14,42.21,44.05,42.21,43.72,1745000
2002-08-15,43.6,44.1,43.11,43.7,1225000
2002-08-16,43.7,44.73,43.5,44,1072500
2002-08-19,44,44.77,43.7,44.58,1490500
2002-08-20,44.5,44.5,43.83,44,1230000
2002-08-21,45,45.77,44.88,45.33,1601000
2002-08-22,45.98,46.45,45.9,46.22,1166500
2002-08-23,46.24,46.24,45.45,45.47,844500
2002-08-26,46.04,46.23,45.71,46,1300500
2002-08-27,45.41,45.68,45.07,45.51,1264000
2002-08-28,45,45.01,43.89,43.96,812500
2002-08-29,43.55,43.98,43.3,43.6,1537500
2002-08-30,43.4,43.9,43.4,43.51,1272000
2002-09-03,42.3,42.31,41.51,42,1367000
2002-09-04,41.43,41.58,41.05,41.35,2285500
2002-09-05,41.33,41.33,40.84,40.89,1874500
2002-09-06,41.28,42.15,41.28,41.81,2135500
2002-09-09,41.56,42.1,41.07,42.08,1735500
2002-09-10,42.6,43,42.51,42.8,1476000
2002-09-11,43.52,43.7,43.12,43.32,908500
2002-09-12,43.73,43.73,43,43.11,2583500
2002-09-13,42.25,42.85,42.12,42.76,2030500
2002-09-16,42.4,42.9,42.4,42.8,1387500
2002-09-17,44,44.25,43.12,43.21,1822500
2002-09-18,44,45.18,43.92,45.01,2945500
2002-09-19,44.2,44.35,43,43.3,1196500
2002-09-20,42.2,42.76,42,42,1926500
2002-09-23,41.51,41.68,40.85,41.5,1141500
2002-09-24,40.45,41.12,40.2,40.51,1629000
2002-09-25,41,41.5,40.53,41.3,1282500
2002-09-26,42.1,42.68,41.99,42.4,1306500
2002-09-27,43,43.34,42.12,42.32,1520000
2002-09-30,41.5,41.61,40.8,41.1,2083000
2002-10-01,41.6,42.5,41,42.5,1743000
2002-10-02,41.5,41.7,40.5,40.66,1720500
2002-10-03,40.9,41.25,40.53,40.95,1393000
2002-10-04,41.8,41.8,41,41.2,2098500
2002-10-07,40.6,41.09,40.33,40.33,2108500
2002-10-08,41.15,41.64,40.5,41.48,2489000
2002-10-09,40.4,40.47,39.79,39.88,2032500
2002-10-10,40.1,40.95,39.86,40.87,1341000
2002-10-11,41.45,42.46,41.17,42.25,2619000
2002-10-14,41.2,42.23,41.12,42.18,1702000
2002-10-15,42.6,43.62,42.6,43.5,3089500
2002-10-16,42.69,42.74,42.1,42.21,2010000
2002-10-17,43.8,43.99,43.6,43.91,2350000
2002-10-18,43.84,44.32,43.45,43.87,1384500
2002-10-21,43.97,44.88,43.8,44.6,1024500
2002-10-22,42.68,42.87,42.39,42.51,1855500
2002-10-23,43,43.46,42.85,43.44,760000
2002-10-24,43.1,43.25,42.4,42.55,1241000
2002-10-25,43.19,43.95,43.04,43.8,1667000
2002-10-28,45,45.84,45,45.03,3075500
2002-10-29,43.95,44.37,43.41,44.32,2440000
2002-10-30,43.94,44.49,43.5,44.38,1211500
2002-10-31,43.29,43.7,43.24,43.24,1822000
2002-11-01,43.4,44.48,43.18,44.45,981500
2002-11-04,45.4,45.78,44.91,44.92,1871000
2002-11-05,45,45.33,44.9,45.29,1608000
2002-11-06,44.8,45.28,44.33,45.27,1253500
2002-11-07,43.32,43.63,42.95,43.05,1816000
2002-11-08,43.05,43.35,42.4,42.7,1250500
2002-11-11,41.5,41.5945,41.09,41.09,2546500
2002-11-12,41.09,41.9,41.01,41.76,3731000
2002-11-13,40.89,41.35,40.52,40.98,2038000
2002-11-14,41.4,42.19,41.4,42.14,1894500
2002-11-15,42.49,43.15,42.27,43.13,1569500
2002-11-18,41.77,41.99,41.37,41.74,3810500
2002-11-19,41.5,42.44,41.45,41.73,1166000
2002-11-20,41.81,43.19,41.81,43.13,1974500
2002-11-21,42.94,43.21,42.68,43.2,3074500
2002-11-22,42.75,43.6,42.6,43.17,1902000
2002-11-25,43.8,44.3,43.62,44.25,1999000
2002-11-26,44.05,44.07,43.5,43.52,1495000
2002-11-27,44.35,44.94,44.07,44.81,2172500
2002-11-29,44.7,44.74,44.27,44.35,987000
2002-12-02,44.9,45.05,44.47,44.69,1878000
2002-12-03,43.95,44.1,43.67,43.8,2489000
2002-12-04,42.7,42.9,42.5,42.78,2098500
2002-12-05,43.18,43.2,42.7,43,1428000
2002-12-06,42.75,43.73,42.67,43.41,1260000
2002-12-09,43.15,43.16,42.59,42.59,1369000
2002-12-10,42.5,42.64,42.2,42.62,2309000
2002-12-11,42.3,42.6,42.15,42.4,771500
2002-12-12,42.48,42.61,42.25,42.41,1075500
2002-12-13,41.9,41.9,41.52,41.61,1574500
2002-12-16,41.5,42.23,41.5,42.19,1962500
2002-12-17,42.19,42.35,41.6,41.74,1220000
2002-12-18,41.25,41.39,40.88,41.25,2403000
2002-12-19,41,41.45,40.97,41.12,1582000
2002-12-20,41.17,41.59,41.17,41.4,2039500
2002-12-23,41.33,41.44,41.01,41.21,1793500
2002-12-24,41.65,41.95,41.62,41.84,2078000
2002-12-26,42.21,42.5,41.95,42.07,829500
2002-12-27,41.97,41.99,41.36,41.6,1391000
2002-12-30,41.3,41.4,41.05,41.21,819500
2002-12-31,41.25,41.4,40.98,41.31,1285000
2003-01-02,41.42,42.48,41.4,42.4,846500
2003-01-03,42.17,42.31,42.02,42.14,748500
2003-01-06,42.19,43,42.19,42.79,1048500
2003-01-07,42.1,42.38,41.85,41.93,1239500
2003-01-08,41.63,41.72,41.32,41.56,1409000
2003-01-09,42.87,43.4,42.67,43.31,3786000
2003-01-10,42.56,43.15,42.5,42.88,1099000
2003-01-13,43.19,43.32,42.8,43.01,798000
2003-01-14,42.98,43.2,42.66,42.95,1063500
2003-01-15,42.5,42.54,42.25,42.38,1599000
2003-01-16,42.26,42.67,42.2,42.39,812000
2003-01-17,42.4,42.57,42.26,42.54,1045500
2003-01-21,42.7,42.78,42.35,42.61,1369500
2003-01-22,42.07,42.5,42.06,42.16,1246500
2003-01-23,42.87,43,42.63,42.93,3121500
2003-01-24,42.32,42.34,41.7,41.78,1252500
2003-01-27,41,41.45,40.88,41.05,1585500
2003-01-28,41.05,41.19,40.55,41.15,1845500
2003-01-29,40.5,40.86,40.35,40.81,1963000
2003-01-30,40.4,40.48,39.83,39.89,1285000
2003-01-31,39.43,39.95,39.33,39.95,1521000
2003-02-03,39.95,40.15,39.77,40,1152000
2003-02-04,39.45,39.45,38.8,39.39,1718000
2003-02-05,39.25,39.59,39.21,39.3,1631000
2003-02-06,38.98,38.99,38.61,38.7,1056000
2003-02-07,38.69,38.88,38.4,38.58,730000
2003-02-10,38.38,38.75,38.28,38.58,1179000
2003-02-11,38.51,38.7,38.04,38.35,933500
2003-02-12,38.55,38.73,38.41,38.55,862000
2003-02-13,38.28,38.32,38,38.13,940000
2003-02-14,38.43,39.18,38.43,39.17,1693000
2003-02-18,39.17,39.57,39.1,39.37,1535500
2003-02-19,39.6,39.84,39.36,39.36,610000
2003-02-20,39.4,39.58,39.27,39.56,443000
2003-02-21,38.96,39.23,38.71,39.07,808500
2003-02-24,38.95,38.95,38.115,38.46,1188500
2003-02-25,38,38.25,37.66,38.2,1198500
2003-02-26,38.06,38.27,37.91,38.09,882500
2003-02-27,38.1,38.22,37.84,38.11,2286500
2003-02-28,38.15,38.15,37.87,37.97,3097500
2003-03-03,38.14,38.31,37.84,37.94,2171000
2003-03-04,38.04,38.04,37.47,37.69,2518000
2003-03-05,37.55,37.88,37.51,37.88,1280500
2003-03-06,36.8,37.01,36.64,36.79,1477000
2003-03-07,36,36.58,35.9,36.42,1586500
2003-03-10,36.1,36.1,35.54,35.69,981000
2003-03-11,35.03,35.33,34.85,34.86,1405000
2003-03-12,35,35.69,35,35.68,1265500
2003-03-13,35.18,36.05,35.18,36,3653000
2003-03-14,36.04,36.33,35.84,36.16,2040500
2003-03-17,36.16,36.85,35.9,36.84,2259000
2003-03-18,36.89,36.89,36.52,36.79,1387500
2003-03-19,36.42,36.98,36.42,36.86,1977000
2003-03-20,37.1,38.08,36.82,37.65,2072000
2003-03-21,37.4,38.22,37.35,38.17,2166500
2003-03-24,37.4,37.44,37.05,37.16,1786500
2003-03-25,36.91,37.41,36.9,37.31,1238500
2003-03-26,37.2,37.37,37,37.24,2241000
2003-03-27,37.25,37.49,37.1,37.36,1111500
2003-03-28,36.6,36.95,36.55,36.76,896000
2003-03-31,35.4,36.45,35.13,35.13,2443500
2003-04-01,35,35.21,34.86,35.2,2219500
2003-04-02,35.63,35.82,35.36,35.51,3397500
2003-04-03,35.2,35.28,34.93,34.97,3109500
2003-04-04,34.74,34.86,34.52,34.79,1648500
2003-04-07,35.15,35.5,34.85,34.89,3254000
2003-04-08,34.45,34.5,34,34.16,2967500
2003-04-09,33.7,33.78,33.22,33.26,2700500
2003-04-10,32.86,33,32.66,32.99,2508500
2003-04-11,31.69,31.83,31.42,31.69,5718500
2003-04-14,31.85,32.56,31.81,32.38,3998500
2003-04-15,32.49,32.7,32.3,32.49,2995000
2003-04-16,32.69,32.8,32.6,32.74,3221000
2003-04-17,32.84,33.2,32.7,32.99,2021000
2003-04-21,32.5,32.52,32.2,32.35,1486500
2003-04-22,31.7,32.17,31.45,32.15,4541500
2003-04-23,30.97,31.6,30.91,31.33,5573000
2003-04-24,28,28.7,26.86,27.25,38159500
2003-04-25,24.52,27.26,23.77,23.92,46185500
2003-04-28,23.16,24.36,23.16,24,36790000
2003-04-29,24.5,24.75,24.3,24.53,31517000
2003-04-30,24.75,24.78,24.53,24.74,14887500
2003-05-01,24.36,24.43,24.05,24.35,7969500
2003-05-02,24.2,24.7,24.1,24.65,10633000
2003-05-05,24.8,25.08,24.62,24.85,11377000
2003-05-06,25.35,26,25.3,25.55,16554500
2003-05-07,25.39,25.43,25.03,25.09,8406000
2003-05-08,24.77,24.89,24.6,24.74,5783000
2003-05-09,24.24,24.56,24.15,24.53,11994500
2003-05-12,24.64,25.2,24.45,25.12,15696000
2003-05-13,25.23,25.63,24.99,25.52,18002500
2003-05-14,26.15,26.4,25.9,26.12,14717000
2003-05-15,25.64,25.88,25.55,25.62,11540000
2003-05-16,25.2,25.45,25.07,25.12,10798000
2003-05-19,25,25.2,24.01,24.99,8357000
2003-05-20,24.82,25.05,24.76,24.85,6476000
2003-05-21,24.75,24.91,24.62,24.88,15513000
2003-05-22,25,25.35,24.95,25.26,22790500
2003-05-23,25.8,26.09,25.03,26.01,8231500
2003-05-27,25.56,26.14,25.51,26.1,10820500
2003-05-28,25.75,26.35,25.66,26.35,18273000
2003-05-29,26.5,27.25,26.35,26.81,24297500
2003-05-30,27.11,27.44,27.06,27.34,15447000
2003-06-02,28,28.28,27.6,27.84,16782000
2003-06-03,27.88,28.4,27.8,28.24,9279500
2003-06-04,28.49,28.78,28.46,28.68,8866500
2003-06-05,28.75,29.39,28.66,29.27,11449500
2003-06-06,29.7,29.97,29.5,29.5,16739000
2003-06-09,29.76,29.99,29.13,29.3,11040500
2003-06-10,29.01,29.29,28.4,29,10875000
2003-06-11,29.16,29.74,29.16,29.64,7043500
2003-06-12,29.89,29.89,29.55,29.63,7706000
2003-06-13,29.42,29.5,28.86,29,9806500
2003-06-16,28.5,29.19,28.4,29.07,11289000
2003-06-17,29.6,29.75,29.42,29.5,6897000
2003-06-18,29.45,29.75,29.24,29.65,5057500
2003-06-19,29.66,29.89,29.45,29.49,8197500
2003-06-20,29.69,29.88,29.45,29.48,3352000
2003-06-23,29.09,29.12,28.75,28.76,5765000
2003-06-24,28.25,28.58,28.05,28.36,4722000
2003-06-25,27.9,28.54,27.87,28.11,11467500
2003-06-26,27.62,28.14,27.62,28.11,10313000
2003-06-27,28.07,28.6,27.93,27.99,8942000
2003-06-30,28.38,28.47,27.81,28,6776000
2003-07-01,28.4,29.23,28.33,29.23,10011000
2003-07-02,30.3,31.63,30.25,31.41,25409000
2003-07-03,31.41,31.87,31.23,31.55,10740000
2003-07-07,32.96,33.17,32.57,33.14,12418500
2003-07-08,33.02,33.25,32.72,33.13,9239500
2003-07-09,33.05,33.14,32.8,33.03,9132000
2003-07-10,32.28,32.39,31.85,32.07,9280000
2003-07-11,31.38,32.2,31.34,32.02,7546000
2003-07-14,33.6,34.35,33.6,33.89,15230000
2003-07-15,34.3,34.38,33.2,33.46,8431500
2003-07-16,33.57,33.7,33.16,33.47,6593000
2003-07-17,32.5,32.59,31.9,31.9,9179000
2003-07-18,32,32.2,31.66,32.18,7729000
2003-07-21,32.31,32.31,31.52,31.67,4211000
2003-07-22,31.52,32.26,31.4,32.16,7781000
2003-07-23,31.9,31.92,31.11,31.41,7346000
2003-07-24,31.07,32.05,31,31.61,12175500
2003-07-25,31.2,31.95,30.95,31.95,5572000
2003-07-28,32,32.42,31.9,32.21,3959000
2003-07-29,32.35,32.39,31.47,31.61,5967000
2003-07-30,31.16,31.19,30.69,30.78,4607500
2003-07-31,31.18,31.84,31.16,31.2,7004000
2003-08-01,31.18,31.18,30.65,30.74,4040500
2003-08-04,30.21,30.32,29.85,30.25,7504000
2003-08-05,30.13,30.4,29.75,29.79,3746000
2003-08-06,29.72,29.88,29.39,29.73,5215000
2003-08-07,29.73,29.8,29.54,29.77,5534000
2003-08-08,29.86,29.95,29.56,29.72,2842000
2003-08-11,29.9,30.19,29.81,30.02,5023000
2003-08-12,30.25,30.39,29.99,30.23,7483500
2003-08-13,30.55,30.92,30.46,30.57,6302500
2003-08-14,31,31.5,30.6,31.4,6069000
2003-08-15,31.25,31.3,31.01,31.3,1997500
2003-08-18,31.42,31.62,31.38,31.58,2889000
2003-08-19,31.8,31.99,31.51,31.99,5117000
2003-08-20,31.99,32.04,31.66,31.88,2730000
2003-08-21,32.35,32.99,32.29,32.88,8919500
2003-08-22,32.76,33.4,32.31,32.41,6103500
2003-08-25,32.46,32.6,32.3,32.58,2351000
2003-08-26,32.08,32.5,31.86,32.46,3091000
2003-08-27,32.05,32.17,31.93,32.12,2560500
2003-08-28,32.19,32.54,32.1,32.47,2281500
2003-08-29,32.75,33.18,32.68,32.95,4072000
2003-09-02,33.7,34.55,33.55,34.42,8096000
2003-09-03,34.31,34.95,34.29,34.55,5666500
2003-09-04,33.65,34.1,33.46,34.06,6510500
2003-09-05,34.06,34.45,33.72,33.75,3133500
2003-09-08,35.83,36.59,35.73,36.4,12370500
2003-09-09,37.05,37.3,36.69,36.93,8535500
2003-09-10,36.85,36.89,36.02,36.12,7658000
2003-09-11,36.12,36.4,35.81,36.17,4230000
2003-09-12,36.95,37.16,36.1,36.99,4772000
2003-09-15,37.1,37.23,36.7,36.92,2558000
2003-09-16,37.28,38,37.28,38,8634000
2003-09-17,38.1,38.1,37.3,37.52,8038500
2003-09-18,37.85,38.3,37.65,38.3,3257000
2003-09-19,38,38.05,37.27,37.39,4919500
2003-09-22,36.4,36.41,35.57,35.95,9534500
2003-09-23,36.08,36.42,36,36.39,5264000
2003-09-24,36.96,37.01,36.1,36.11,8724000
2003-09-25,35.69,35.85,35.15,35.15,7451500
2003-09-26,35.5,35.63,35.2,35.35,4806000
2003-09-29,35.13,35.54,34.78,35.39,4349000
2003-09-30,35.35,35.35,34.5,34.8,5198500
2003-10-01,34.84,35.82,34.84,35.8,4767500
2003-10-02,35.25,35.86,35.2,35.48,4455500
2003-10-03,36.75,37,36.4,36.55,4599500
2003-10-06,36.55,36.55,36.11,36.28,3518500
2003-10-07,35.97,35.99,35.56,35.95,8961500
2003-10-08,35.25,35.43,35.05,35.2,5201500
2003-10-09,35.22,36.22,35.22,35.64,7365500
2003-10-10,36.39,36.66,35.64,36.59,3909500
2003-10-13,36.83,36.99,36.7,36.75,2802000
2003-10-14,36.5,36.56,36.25,36.5,5020500
2003-10-15,36.4,36.51,36.15,36.2,4088500
2003-10-16,36.73,37.37,36.7,37.03,4327000
2003-10-17,38,38.04,37.3,37.4,4445500
2003-10-20,37.6,37.94,37.5,37.85,4580000
2003-10-21,37.9,38,37.72,37.96,4648000
2003-10-22,37.73,37.73,36.9,37.15,7219000
2003-10-23,34.75,35.15,34.12,34.49,17900500
2003-10-24,34.7,34.79,33.97,34.29,6921000
2003-10-27,35.06,35.74,35.03,35.43,4940500
2003-10-28,35.6,36.95,35.6,36.74,8879500
2003-10-29,36.7,36.7,35.88,35.92,6400500
2003-10-30,36.2,36.5,35.05,35.2,6575000
2003-10-31,35,35.29,34.95,35.2,2891000
2003-11-03,35.7,35.85,35.45,35.5,4134125
2003-11-04,35.82,36.29,35.6,35.7,4080050
2003-11-05,36.55,36.9,36.41,36.77,4273500
2003-11-06,35.9,36.14,35.7,35.92,4927500
2003-11-07,36.15,36.41,36.05,36.16,3259000
2003-11-10,36.69,37.05,36.44,36.52,3374000
2003-11-11,35.68,36.17,35.68,35.95,2640500
2003-11-12,35.93,36.49,35.9,36.35,3062000
2003-11-13,36.15,36.25,35.95,36.09,2796000
2003-11-14,35.66,35.81,35.04,35.05,3794000
2003-11-17,34.62,34.85,34.3,34.73,4271500
2003-11-18,35.23,35.6,34.8,35,4594000
2003-11-19,34.12,34.69,34.12,34.37,4834500
2003-11-20,34.15,34.49,33.65,33.65,5694500
2003-11-21,34.14,34.3,33.77,33.88,4701000
2003-11-24,34.17,34.74,34.17,34.7,6726000
2003-11-25,33.89,34.29,33.81,33.85,7093000
2003-11-26,33.96,34.39,33.96,34.36,2110500
2003-11-28,34.41,34.7,34.35,34.35,824500
2003-12-01,34,34.05,33.55,34.02,15464500
2003-12-02,34.14,34.3,33.95,34.15,4113500
2003-12-03,34.35,34.89,34.18,34.37,4445000
2003-12-04,34.5,34.5,33.84,34.02,4915000
2003-12-05,34.02,34.03,33.52,33.59,6760000
2003-12-08,33.44,33.85,33.25,33.81,3514000
2003-12-09,33.6,33.79,33.04,33.08,3540000
2003-12-10,32.73,32.76,32.42,32.59,8194000
2003-12-11,32.65,33.28,32.6,33.19,3184500
2003-12-12,33.4,33.54,32.9,33.27,2403500
2003-12-15,34,34.11,33.36,33.52,3436500
2003-12-16,33.28,33.52,33.05,33.5,2124000
2003-12-17,33.17,33.5,33.09,33.35,5207000
2003-12-18,33.4,33.78,33.4,33.75,3555000
2003-12-19,34.06,34.29,33.8,34.05,3233000
2003-12-22,34.19,34.25,33.97,34.24,2462500
2003-12-23,34.19,34.37,34.16,34.35,1381000
2003-12-24,34.4,34.49,34.27,34.31,1417000
2003-12-26,34.26,34.44,34.2,34.3,572000
2003-12-29,34.2,34.46,34.16,34.4,2390000
2003-12-30,34.45,34.73,34.4,34.71,3251500
2003-12-31,34.5,34.75,34.47,34.67,1549000
2004-01-02,34.89,35.3,34.81,34.98,2541000
2004-01-05,35.41,35.9,35.36,35.84,4315500
2004-01-06,35.85,35.85,35.2,35.54,3932500
2004-01-07,35.8,35.99,35.67,35.9,5733000
2004-01-08,36.29,36.38,36.07,36.27,3140000
2004-01-09,36.36,37.19,36.35,36.86,6032000
2004-01-12,36.76,37,36.53,36.98,3102500
2004-01-13,37.3,37.46,36.96,36.96,6399000
2004-01-14,38.12,38.98,38.12,38.94,7623500
2004-01-15,39.13,39.37,38.62,39.2,5435500
2004-01-16,39.35,39.75,39.35,39.55,4216000
2004-01-20,41,41.2,40.6,41.13,9343000
2004-01-21,40.85,41.12,40.51,40.94,4492000
2004-01-22,41.1,41.5,41.1,41.46,5841000
2004-01-23,41.85,42,41.25,41.29,5697000
2004-01-26,41,41.4,40.6,41.35,5788500
2004-01-27,40.9,40.9,40.18,40.3,4460500
2004-01-28,40.3,40.8,39.93,39.95,3723500
2004-01-29,40.25,40.61,39.3,39.68,6729000
2004-01-30,40.25,40.85,40.23,40.65,3486000
2004-02-02,40.28,40.88,39.9,40.5,3860000
2004-02-03,40.1,40.33,39.85,40.04,2828000
2004-02-04,39.57,39.99,39.52,39.64,5498500
2004-02-05,40.25,40.47,40.1,40.29,3170000
2004-02-06,40,40.69,39.93,40.5,2011000
2004-02-09,40.65,40.89,40.46,40.47,2443500
2004-02-10,40.47,41.08,40.47,41,1773500
2004-02-11,40.9,41.51,40.9,41.5,1809000
2004-02-12,41.4,41.46,41.2,41.31,1598000
2004-02-13,41.15,41.45,41.14,41.16,3133500
2004-02-17,42,42.57,42,42.36,2524500
2004-02-18,41.6,41.63,41.26,41.39,2621500
2004-02-19,42.78,42.81,42.1,42.15,3418500
2004-02-20,42.33,42.4,41.77,42.14,6157000
2004-02-23,42.05,42.23,41.33,41.57,2938500
2004-02-24,40.85,40.95,40.5,40.7,4664500
2004-02-25,40.7,41.05,40.66,41,2196000
2004-02-26,40.3,40.6,40.06,40.36,2317500
2004-02-27,41,41.4,40.7,40.94,2866000
2004-03-01,41.75,42,41.53,41.95,2883500
2004-03-02,41.64,41.85,41.58,41.61,1689500
2004-03-03,41.61,41.62,41.02,41.25,1845500
2004-03-04,40.8,41.22,40.72,41.18,1818500
2004-03-05,41.56,42,41.56,42,1901000
2004-03-08,41.31,41.43,40.89,40.97,1703000
2004-03-09,41.08,41.4,40.75,40.93,2185500
2004-03-10,40.59,40.99,40.06,40.19,2799000
2004-03-11,39.55,39.84,38.89,38.89,4249000
2004-03-12,39.33,40.09,39.33,40,2006000
2004-03-15,39.06,39.19,38.63,38.65,4071500
2004-03-16,39.02,39.32,38.97,39.25,1734000
2004-03-17,40.1,40.71,40.1,40.54,1947500
2004-03-18,40.45,40.72,39.87,40.43,2770500
2004-03-19,39.75,39.79,39.45,39.45,2942500
2004-03-22,38.94,38.97,38.29,38.45,4297500
2004-03-23,39.5,39.75,39.27,39.5,3671500
2004-03-24,39.57,39.75,39.25,39.4,1691500
2004-03-25,39.5,39.78,39.25,39.7,5194500
2004-03-26,41.01,41.6,40.82,41.58,5725500
2004-03-29,41.45,42.15,41.37,41.64,3537500
2004-03-30,41.46,42.03,41.46,42,2055500
2004-03-31,41.7,41.99,41.5,41.81,2607500
2004-04-01,41.25,41.91,41.25,41.72,3500500
2004-04-02,42.02,42.79,42.02,42.63,5534000
2004-04-05,42.88,43.67,42.8,43.66,2384500
2004-04-06,42.69,42.8,42.32,42.48,3083500
2004-04-07,42.49,42.55,42.14,42.31,1459000
2004-04-08,42.31,42.47,41.9,41.98,1125500
2004-04-12,42.14,42.41,42,42.31,1119500
2004-04-13,42.1,42.1,41.26,41.42,3215000
2004-04-14,40.95,41,40.52,40.62,4293000
2004-04-15,40.2,40.7,40.2,40.4,2370000
2004-04-16,40.15,40.74,40.02,40.6,1409500
2004-04-19,41.15,41.65,41.15,41.55,1130000
2004-04-20,43.05,43.05,42.1,42.23,4796000
2004-04-21,42.1,42.25,41.8,41.95,2961000
2004-04-22,41.83,42.81,41.72,42.61,3372000
2004-04-23,42.7,43.16,42.65,42.99,2742500
2004-04-26,43,43.08,42.6,42.69,1725000
2004-04-27,41.95,42.2,41.46,41.55,3782000
2004-04-28,40.25,40.26,39.78,39.87,4546000
2004-04-29,39.87,39.88,38.79,39.39,2492500
2004-04-30,38.9,38.97,38.13,38.4,4285500
2004-05-03,38.5,38.87,38.5,38.76,3105500
2004-05-04,38.68,39.34,38.68,39.15,2049500
2004-05-05,39.24,39.27,38.86,39.08,1309500
2004-05-06,38.4,38.4,37.57,38.07,3362000
2004-05-07,37.75,38.07,36.55,36.9,6964500
2004-05-10,35.07,35.67,34.75,35.67,5373500
2004-05-11,35.42,35.96,35.36,35.8,2759000
2004-05-12,35.8,35.81,34.88,35.68,3369000
2004-05-13,34.93,35.21,34.51,35.12,2802000
2004-05-14,34.9,34.95,34.5,34.73,2872000
2004-05-17,34,34.27,33.95,34.08,1917000
2004-05-18,34.29,34.74,34.29,34.54,4639500
2004-05-19,35,35.34,34.55,34.7,3595000
2004-05-20,34.57,34.69,34.14,34.38,2722500
2004-05-21,35.05,35.25,34.99,35,1451000
2004-05-24,35.02,35.29,34.55,34.7,1609000
2004-05-25,34.67,35.64,34.65,35.53,1844000
2004-05-26,35.53,35.97,35.52,35.75,1491500
2004-05-27,36.31,36.7,36.31,36.36,2444000
2004-05-28,36.61,37.19,36.45,36.87,1981000
2004-06-01,36.66,36.78,36.21,36.65,958500
2004-06-02,36.18,36.39,35.89,36.38,2035000
2004-06-03,35.6,36.1,35.36,35.53,2554500
2004-06-04,35.7,36.11,35.61,35.84,1356500
2004-06-07,36.8,37.3,36.67,37.26,2999500
2004-06-08,37.1,37.32,36.83,37.14,1026000
2004-06-09,37.2,37.2,36.49,36.58,1797500
2004-06-10,37.19,37.41,37.17,37.26,2133500
2004-06-14,36.2,36.24,35.8,36.05,1876000
2004-06-15,36.57,37.38,36.57,37.1,2154500
2004-06-16,37.35,37.49,37.1,37.28,1534500
2004-06-17,37.03,37.29,36.91,37.1,1413000
2004-06-18,36.65,36.8,36.55,36.75,1274500
2004-06-21,37.01,37.26,36.88,36.9,1356500
2004-06-22,36.97,37.31,36.97,37.2,915500
2004-06-23,37.16,37.65,36.63,37.6,1639500
2004-06-24,37.62,37.94,37.55,37.76,2021000
2004-06-25,37.76,38.09,37.7,38.03,1774500
2004-06-28,38.23,38.29,37.56,37.81,1643500
2004-06-29,37.6,38,37.58,37.96,2204500
2004-06-30,37.95,38.24,37.81,38.05,1374000
2004-07-01,38.04,38.39,38.04,38.26,3782000
2004-07-02,38.26,38.5,38.22,38.44,2756000
2004-07-06,37.5,37.58,37.25,37.53,4593500
2004-07-07,37.53,37.8,37.53,37.65,1291500
2004-07-08,37.42,37.42,36.95,37.08,1393000
2004-07-09,36.9,37.12,36.9,36.95,1183000
2004-07-12,37.05,37.25,36.72,36.98,1607000
2004-07-13,36.98,37.3,36.76,37.17,1609500
2004-07-14,36.5,36.93,36.27,36.33,2498000
2004-07-15,36.55,36.62,36.31,36.4,2004500
2004-07-16,36.4,36.66,36.28,36.33,1396500
2004-07-19,36.43,36.62,36.26,36.43,1562000
2004-07-20,36.09,36.43,35.95,36.2,1698000
2004-07-21,36.28,36.4,35.61,35.71,1954500
2004-07-22,35.81,36.15,35.81,36,1923500
2004-07-23,35.75,35.75,35.39,35.65,2106000
2004-07-26,35.35,35.35,34.76,35.14,2045500
2004-07-27,34.89,35.15,34.55,35,2361000
2004-07-28,35.25,35.29,34.58,35.03,2972500
2004-07-29,34.4,34.51,34.03,34.27,5237000
2004-07-30,34.75,34.86,34.35,34.65,5201000
2004-08-02,35,35.1,34.6,34.9,4359000
2004-08-03,34.46,34.54,34.3,34.47,1374500
2004-08-04,34.2,34.67,34.2,34.5,1138500
2004-08-05,34.1,34.2,33.62,33.65,2687000
2004-08-06,33.35,33.75,33.33,33.45,2599500
2004-08-09,33.35,33.46,33.08,33.29,1337500
2004-08-10,33,33.15,32.85,33.15,3530000
2004-08-11,32.8,33.14,32.66,33.05,2607000
2004-08-12,32.9,32.9,32.35,32.5,3096500
2004-08-13,32.5,32.9,32.45,32.63,1633500
2004-08-16,32.8,33.07,32.62,33,1466000
2004-08-17,32.94,33.24,32.94,32.99,4311500
2004-08-18,32.85,33.29,32.8,33.2,4393500
2004-08-19,33.56,33.69,33.39,33.49,3070500
2004-08-20,33.6,34.36,33.56,34.28,4218000
2004-08-23,34.53,34.86,34.47,34.6,3401000
2004-08-24,35,35.14,34.77,34.93,2600500
2004-08-25,34.95,35.26,34.9,35.14,3618000
2004-08-26,35.08,35.1,34.91,34.99,1345000
2004-08-27,34.65,34.67,34.37,34.6,3009000
2004-08-30,34.4,34.64,34.35,34.47,2384500
2004-08-31,34.53,34.71,34.43,34.67,1065000
2004-09-01,34.6,34.84,34.56,34.68,1900000
2004-09-02,34.61,35.12,34.05,35.02,1106000
2004-09-03,35.08,35.16,34.8,34.98,1824500
2004-09-07,35.61,35.89,35.6,35.76,2260000
2004-09-08,35.66,35.86,35.63,35.76,1517000
2004-09-09,35.51,35.84,35.51,35.64,1321500
2004-09-10,35.19,35.39,35.15,35.29,2127000
2004-09-13,35.85,36.02,35.75,35.82,2130000
2004-09-14,35.7,36.49,35.42,35.66,1475000
2004-09-15,35.45,35.45,35.02,35.23,3320000
2004-09-16,35.05,35.15,34.96,35.14,1899000
2004-09-17,34.55,34.69,34.35,34.67,3262000
2004-09-20,34.58,34.61,34.41,34.45,1929000
2004-09-21,34.4,34.45,34.15,34.44,2670000
2004-09-22,34.05,34.1,33.8,33.84,2097000
2004-09-23,33.86,33.93,33.6,33.7,1592500
2004-09-24,33.75,33.99,33.72,33.87,2025000
2004-09-27,33.5,33.69,33.4,33.56,1363000
2004-09-28,33.6,34.18,33.6,34.04,2057500
2004-09-29,33.7,34.19,33.66,34.15,2472500
2004-09-30,34.15,34.5,34.07,34.39,3115500
2004-10-01,34.4,34.93,34.4,34.74,2104500
2004-10-04,35.2,35.27,34.96,35.2,4722500
2004-10-05,35.3,35.3,34.84,34.9,2704000
2004-10-06,34.9,35.27,34.82,35.25,1536500
2004-10-07,35.26,35.27,34.91,34.94,1758000
2004-10-08,35.08,35.4,35.07,35.07,1902000
2004-10-11,35.17,35.38,35.15,35.15,1690000
2004-10-12,34.6,34.83,34.5,34.79,3369000
2004-10-13,34.65,34.67,34.32,34.42,2204500
2004-10-14,34.36,34.37,33.94,34.02,2325500
2004-10-15,34.1,34.19,34.01,34.06,1528500
2004-10-18,33.94,34.15,33.77,34.09,1483000
2004-10-19,34.25,34.5,34.24,34.24,2480500
2004-10-20,33.99,34.09,33.8,34.05,1514000
2004-10-21,33.95,34.3,33.93,34.22,1866500
2004-10-22,34.23,34.41,34.16,34.18,1335000
2004-10-25,34.23,34.5,34.21,34.28,789000
2004-10-26,34.38,34.58,34.26,34.46,1243500
2004-10-27,34.4,35.12,34.33,35.03,2335000
2004-10-28,35.01,35.04,34.45,34.48,3345000
2004-10-29,34.6,34.97,34.57,34.85,1999000
2004-11-01,34.63,34.84,34.5,34.78,776500
2004-11-02,34.6,35.1,34.55,34.98,1728000
2004-11-03,35.25,35.55,35.11,35.16,2719000
2004-11-04,35.1,35.73,35.09,35.67,2402000
2004-11-05,36.1,36.47,36,36.19,2554500
2004-11-08,35.68,36.04,35.51,35.87,1515500
2004-11-09,35.3,35.48,35.24,35.48,4029000
2004-11-10,35.15,35.15,34.85,35.06,3610000
2004-11-11,35.2,35.65,35.1,35.39,4266500
2004-11-12,35.85,36.09,35.62,36,1746500
2004-11-15,36,36.31,36,36.28,2175500
2004-11-16,36,36.01,35.67,35.89,1759000
2004-11-17,35.68,36.49,35.68,36.2,2323000
2004-11-18,36.11,36.41,36.07,36.28,1518000
2004-11-19,36.18,36.48,36.06,36.14,1585000
2004-11-22,35.78,36.06,35.54,36.01,1809000
2004-11-23,35.87,36,35.56,35.83,1609500
2004-11-24,35.95,36.14,35.87,35.92,2191000
2004-11-26,35.6,36.13,35.6,35.97,889500
2004-11-29,36.6,36.8,36.36,36.37,3359500
2004-11-30,36.58,36.58,36.25,36.36,2632500
2004-12-01,35.85,36.65,35.85,36.65,3099000
2004-12-02,36.55,36.57,36.35,36.44,2684500
2004-12-03,36.7,36.84,36.59,36.76,2378000
2004-12-06,36.76,36.89,36.59,36.75,1604000
2004-12-07,36.25,36.44,36.05,36.19,3615000
2004-12-08,36.4,36.85,36.4,36.6,4533000
2004-12-09,36.45,36.63,36.09,36.45,8249500
2004-12-10,35.75,36.25,35.75,36.11,3693000
2004-12-13,36.61,37.77,36.61,37.63,9677500
2004-12-14,37.35,37.93,37.34,37.66,11162500
2004-12-15,37.98,38.24,37.81,37.88,5516000
2004-12-16,37.98,37.99,37.6,37.78,2679000
2004-12-17,37.62,37.7,37.35,37.64,2139000
2004-12-20,37.88,38,37.76,37.81,1903500
2004-12-21,37.77,38.18,37.77,38.05,2350500
2004-12-22,37.69,37.89,37.6,37.85,2895000
2004-12-23,37.9,38.08,37.89,37.95,1687000
2004-12-27,38.1,38.45,38.06,38.4,2136500
2004-12-28,38.4,38.76,38.4,38.61,2607000
2004-12-29,38.25,38.45,38.18,38.45,2849500
2004-12-30,38.35,38.58,38.23,38.55,2067500
2004-12-31,39.2,39.2,38.82,38.96,2825000
2005-01-03,38.96,39.15,38.68,38.71,3854000
2005-01-04,38.5,38.55,37.8,38,4320500
2005-01-05,38.05,38.22,37.95,37.95,3454500
2005-01-06,37.85,38.07,37.75,37.88,1839000
2005-01-07,38.65,38.75,38.07,38.22,3182500
2005-01-10,38.38,38.81,38.38,38.75,2702000
2005-01-11,38.85,39.26,38.8,39.06,3513000
2005-01-12,39.07,39.339,39,39.24,3568000
2005-01-13,39.24,39.38,38.93,39.07,5320500
2005-01-14,39.09,39.53,39.09,39.45,3840000
2005-01-18,38.85,39.3,38.67,39.3,2855000
2005-01-19,39.2,39.2,38.75,38.8,2546000
2005-01-20,37,38.26,36.91,37.11,15678500
2005-01-21,36.55,36.72,36.39,36.55,11574500
2005-01-24,36.55,37,36.55,36.6,5580000
2005-01-25,36.43,36.87,36.26,36.34,4969000
2005-01-26,36.7,37,36.51,36.94,4424000
2005-01-27,36.94,36.98,36.65,36.89,2170000
2005-01-28,36.86,36.88,36.44,36.6,2631000
2005-01-31,36.66,37.07,36.66,37.02,2722000
2005-02-01,36.9,37.18,36.77,37.12,3354000
2005-02-02,37.19,37.19,36.88,36.99,2746000
2005-02-03,36.99,36.99,36.46,36.65,3394500
2005-02-04,36.5,36.93,36.5,36.9,2230000
2005-02-07,36.98,37.03,36.7,36.94,3511500
2005-02-08,36.89,37.29,36.89,37.11,3556500
2005-02-09,37.21,37.47,37.1,37.2,2940000
2005-02-10,37.2,37.56,37.13,37.49,1691500
2005-02-11,37.38,37.87,37.28,37.74,2314000
2005-02-14,37.9,38.19,37.85,38.14,1898500
2005-02-15,38,38.31,37.92,38.24,3306500
2005-02-16,37.9,37.9,37.64,37.78,2419500
2005-02-17,37.69,37.78,37.48,37.55,2411500
2005-02-18,37.53,37.78,37.53,37.76,1535500
2005-02-22,37.77,38.12,37.77,37.81,2208000
2005-02-23,37.8,37.8,37.55,37.76,1664000
2005-02-24,37.75,37.76,37.56,37.71,1377500
2005-02-25,37.6,38.05,37.6,38,2000500
2005-02-28,38.04,38.26,37.71,37.79,4000000
2005-03-01,38.04,38.47,38.03,38.29,2431500
2005-03-02,38.04,38.31,37.85,38.13,3841000
2005-03-03,38.23,38.75,38.05,38.23,5654500
2005-03-04,38.35,38.65,38.33,38.54,3328000
2005-03-07,39.05,39.38,38.92,39.31,17007000
2005-03-08,40.25,41.26,40.25,41.02,39000000
2005-03-09,40.75,40.99,40.62,40.65,11034000
2005-03-10,40.6,40.74,40.49,40.65,9068500
2005-03-11,40.64,40.9,40.58,40.67,4158500
2005-03-14,40.57,40.67,40.33,40.64,7100000
2005-03-15,40.42,40.48,40.14,40.32,5515000
2005-03-16,40.91,40.97,40.47,40.61,4842500
2005-03-17,40.79,41.24,40.53,41.11,8291000
2005-03-18,41.08,41.23,40.6,41.19,8097500
2005-03-21,41.1,41.11,40.8,40.83,6342000
2005-03-22,41.2,41.81,41.2,41.47,9767500
2005-03-23,41.45,41.5,41.12,41.14,5204500
2005-03-24,40.91,41.4,40.7,41.28,13774500
2005-03-28,41.26,41.38,41,41.16,8519500
2005-03-29,39.91,40.4,39.32,39.32,10695500
2005-03-30,39.45,39.94,39.45,39.87,5096500
2005-03-31,40,40.2,39.94,40.02,7723500
2005-04-01,39.95,40.05,39.3,39.33,5172500
2005-04-04,39.1,39.31,38.85,39.26,3287500
2005-04-05,39.36,39.89,39.36,39.74,2904500
2005-04-06,40,40.3,39.97,40,2972500
2005-04-07,40.39,40.79,40.28,40.54,3429000
2005-04-08,40.42,40.6,40.26,40.34,2347500
2005-04-11,40.34,40.35,39.984,40.05,1415000
2005-04-12,39.48,40.05,39.24,39.99,5335500
2005-04-13,39.05,39.38,38.9,39.11,8009000
2005-04-14,38.53,38.79,38.11,38.24,5833500
2005-04-15,37.34,37.42,36.66,36.78,9800000
2005-04-18,35.83,36.33,35.77,36.23,7888500
2005-04-19,37.33,37.33,36.65,37.07,5960000
2005-04-20,36.64,36.65,36.16,36.36,4390000
2005-04-21,37.25,37.7,37,37.61,4016000
2005-04-22,36.95,37.08,36.69,36.84,3557000
2005-04-25,37.5,37.68,37.37,37.58,5121500
2005-04-26,36.79,36.79,36.39,36.49,3995500
2005-04-27,36.88,37.15,36.37,36.84,6431000
2005-04-28,36.62,36.75,35.91,36.1,3935500
2005-04-29,36.6,36.83,36.09,36.71,5127500
2005-05-02,37.25,37.37,37.06,37.16,2126000
2005-05-03,37,37.24,36.9,36.98,2817000
2005-05-04,37.05,37.72,37,37.68,3971500
2005-05-05,37.81,38.1,37.66,37.81,2273000
2005-05-06,38.35,38.45,38.25,38.25,2237000
2005-05-09,38.1,38.3,38.02,38.3,1764500
2005-05-10,37.75,37.75,37.33,37.38,4355500
2005-05-11,37.39,37.65,37.29,37.49,4189500
2005-05-12,37.23,37.3,36.77,36.96,2611500
2005-05-13,37.09,37.49,37.09,37.1,3864500
2005-05-16,36.96,37.25,36.91,37.21,2164000
2005-05-17,36.8,37.02,36.75,36.87,3484000
2005-05-18,36.5,36.98,36.3,36.92,5706500
2005-05-19,37.62,37.85,37.62,37.78,4735000
2005-05-20,37.4,37.43,37.24,37.35,2393000
2005-05-23,38.05,38.38,38.02,38.2,3769000
2005-05-24,38,38.12,37.95,38.05,2473500
2005-05-25,37.7,37.7,37.34,37.45,3802000
2005-05-26,37.55,37.69,37.36,37.62,1525000
2005-05-27,37.63,37.73,37.49,37.7,2212000
2005-05-31,37.5,37.55,37.17,37.27,1733000
2005-06-01,37.16,37.63,37.16,37.5,4484500
2005-06-02,37.18,37.48,37.05,37.37,3914500
2005-06-03,36.94,36.95,36.6,36.7,7011500
2005-06-06,36.75,36.77,36.56,36.68,3581500
2005-06-07,36.45,36.66,36.4,36.4,4954500
2005-06-08,36.44,36.61,36.35,36.39,3187000
2005-06-09,36,36.23,35.69,36.22,3560500
2005-06-10,36.02,36.1,35.67,35.85,4448500
2005-06-13,35.6,35.77,35.51,35.68,2635000
2005-06-14,35.72,35.96,35.68,35.93,4952000
2005-06-15,35.93,36.03,35.68,35.96,3542000
2005-06-16,35.98,36.32,35.97,36.24,3070000
2005-06-17,36.14,36.36,36.08,36.29,1618000
2005-06-20,35.5,35.56,35.1,35.39,4919500
2005-06-21,35.5,35.55,35.4,35.5,6036000
2005-06-22,35.6,35.7,35.39,35.62,5145000
2005-06-23,35.6,35.69,35.25,35.31,4950500
2005-06-24,35.41,35.46,35.25,35.28,2338000
2005-06-27,35.05,35.1,34.83,34.9,3056000
2005-06-28,34.5,34.85,34.38,34.76,4537000
2005-06-29,34.6,34.86,34.5,34.64,2816000
2005-06-30,34.44,34.76,34.44,34.44,2008500
2005-07-01,34.64,34.83,34.47,34.53,2085500
2005-07-05,34.1,34.52,34.03,34.29,2395000
2005-07-06,34.56,34.79,34.56,34.64,2377500
2005-07-07,34.25,34.66,34.2,34.58,3586500
2005-07-08,34.42,34.9,34.42,34.88,2172500
2005-07-11,34.68,35.06,34.68,34.95,2474000
2005-07-12,35.1,35.65,35.1,35.51,4750500
2005-07-13,35.3,35.44,35.2,35.38,2981000
2005-07-14,35.53,35.83,35.53,35.65,4796000
2005-07-15,35.25,35.61,35.25,35.49,2469500
2005-07-18,35.3,35.38,35.17,35.37,4334500
2005-07-19,35.37,35.62,35.37,35.61,4038000
2005-07-20,35.3,35.52,35,35.52,2331500
2005-07-21,35.15,35.31,34.93,35.08,2605500
2005-07-22,34.65,34.75,34.6,34.63,2205000
2005-07-25,34.25,34.53,34.22,34.4,4017000
2005-07-26,34.12,34.14,33.88,34.04,3062000
2005-07-27,34,34.26,33.91,34.15,2176000
2005-07-28,32.85,32.95,32.38,32.45,16434000
2005-07-29,32.55,32.73,32.46,32.51,6226000
2005-08-01,32.65,32.75,32.57,32.63,2719500
2005-08-02,33.1,33.33,33.08,33.33,6603000
2005-08-03,33.5,33.64,33.39,33.61,3741500
2005-08-04,33.53,33.6,33.32,33.35,2200000
2005-08-05,33.1,33.27,33.09,33.18,3500500
2005-08-08,33.05,33.41,33.05,33.15,1911000
2005-08-09,33.5,33.59,33.38,33.54,2719000
2005-08-10,34.04,34.501,34.04,34.23,4996500
2005-08-11,34.33,34.59,34.33,34.57,3454000
2005-08-12,33.75,34.08,33.66,33.95,2297000
2005-08-15,33.96,34.2,33.77,34.15,1800000
2005-08-16,33.82,33.85,33.59,33.63,2439000
2005-08-17,33.8,34.05,33.61,34,2517500
2005-08-18,33.65,33.71,33.32,33.59,3627000
2005-08-19,33.34,33.55,33.3,33.46,1638000
2005-08-22,33.8,34.13,33.8,34.09,2276000
2005-08-23,33.84,34.1,33.8,34.1,2214000
2005-08-24,33.55,33.74,33.26,33.33,2382500
2005-08-25,33.33,33.63,33.33,33.6,2314500
2005-08-26,33.88,33.92,33.61,33.66,2491000
2005-08-29,33.28,33.5,33.18,33.43,1972500
2005-08-30,33.05,33.11,32.87,33,1921500
2005-08-31,33.18,33.62,33,33.62,2321500
2005-09-01,33.52,33.89,33.52,33.86,2958000
2005-09-02,33.85,34.09,33.85,34.09,1832500
2005-09-06,34.77,35.6,34.75,35.46,5780500
2005-09-07,35.52,35.61,35.41,35.58,2512000
2005-09-08,35.42,35.58,35.36,35.5,1517500
2005-09-09,35.82,36.39,35.75,36.31,3577500
2005-09-12,36.26,36.4,36.14,36.19,2383000
2005-09-13,36.45,36.53,36.27,36.4,2937000
2005-09-14,36.01,36.15,35.75,35.9,1923500
2005-09-15,36.45,36.69,36.3,36.3,3868000
2005-09-16,36.3,36.74,36.3,36.7,2807000
2005-09-19,36.49,36.7,36.4,36.55,2451500
2005-09-20,36.4,36.41,35.94,35.97,3723000
2005-09-21,35.98,36.12,35.73,35.97,3465500
2005-09-22,34.75,34.8,33.95,33.95,11928500
2005-09-23,33.86,33.89,33.47,33.71,4862000
2005-09-26,33.79,33.93,33.75,33.83,3191500
2005-09-27,33.83,34.03,33.61,34.03,3938000
2005-09-28,33.29,33.77,33.25,33.53,5139000
2005-09-29,33.22,33.45,33.04,33.38,3869500
2005-09-30,33.13,33.22,33,33.19,4045000
2005-10-03,33.08,33.15,32.96,33.07,3003500
2005-10-04,34.12,34.63,34.11,34.23,6076000
2005-10-05,34.17,34.2,33.59,33.59,4501500
2005-10-06,33.49,33.55,33.03,33.16,3927500
2005-10-07,33.25,33.44,32.97,33.05,2137500
2005-10-10,33.1,33.23,33,33.1,1740000
2005-10-11,33.01,33.13,32.73,32.84,2853000
2005-10-12,32.94,33,32.55,32.92,5868500
2005-10-13,32.7,32.86,32.41,32.83,2424500
2005-10-14,33.25,33.53,33,33.47,2240000
2005-10-17,33.22,33.5,33.15,33.46,1605500
2005-10-18,33.35,33.36,33.06,33.18,1705000
2005-10-19,32.85,33.3,32.81,33.25,2571000
2005-10-20,32.85,33.28,32.74,32.86,2002500
2005-10-21,32.8,32.99,32.5545,32.69,1497000
2005-10-24,32.45,32.84,32.27,32.79,1683500
2005-10-25,32.65,32.84,32.29,32.34,3492500
2005-10-26,32.41,32.64,32.3,32.37,1339000
2005-10-27,32.19,32.24,31.8,31.82,2296500
2005-10-28,31.95,32.47,31.94,32.43,2898000
2005-10-31,32.42,32.83,32.42,32.8,2745500
2005-11-01,32.91,33.19,32.9,32.95,2521000
2005-11-02,32.45,32.82,32.45,32.75,2514500
2005-11-03,32.69,33,32.69,32.94,2101000
2005-11-04,33.1,33.42,33.07,33.3,2216000
2005-11-07,33.22,33.55,33.15,33.48,1683000
2005-11-08,33.41,33.55,33.35,33.47,1556500
2005-11-09,34.05,34.44,33.97,34.29,3805500
2005-11-10,34.15,34.15,33.75,34.08,1928000
2005-11-11,33.93,33.98,33.78,33.9,3621500
2005-11-14,33.75,33.99,33.72,33.89,1945500
2005-11-15,33.67,33.93,33.56,33.71,1891000
2005-11-16,33.5,33.66,33.25,33.63,1611500
2005-11-17,34,34.68,34,34.68,5019500
2005-11-18,35.17,35.39,34.31,35.21,4488500
2005-11-21,36.2,36.58,36.075,36.46,4812000
2005-11-22,36.13,36.35,35.95,36.25,2520000
2005-11-23,36.35,36.81,36.35,36.69,3202500
2005-11-25,36.56,36.67,36.39,36.46,917500
2005-11-28,37.25,37.45,37.05,37.36,6695000
2005-11-29,37.35,37.46,37.09,37.1,2913000
2005-11-30,37.01,37.31,37.01,37.01,2629000
2005-12-01,37.18,37.5,37.15,37.5,2008500
2005-12-02,37.45,37.63,37.4,37.61,3129500
2005-12-05,37.71,37.75,37.49,37.75,4742000
2005-12-06,36.75,37.27,36.66,37.09,4708500
2005-12-07,37.22,37.26,36.81,36.98,2685500
2005-12-08,36.2,36.58,36.2,36.44,3320000
2005-12-09,36.84,37.18,36.8,37.15,1833000
2005-12-12,37.2,37.41,37.15,37.3,1625500
2005-12-13,37.2,37.44,36.95,37.37,4261000
2005-12-14,37.07,37.24,36.89,37.01,2589000
2005-12-15,36.98,37.09,36.79,36.95,1650000
2005-12-16,36.83,37.14,36.79,36.91,1332500
2005-12-19,37.2,37.27,37.06,37.21,4284500
2005-12-20,37.38,37.43,37.2,37.38,2221000
2005-12-21,37.28,37.45,37.23,37.41,1830500
2005-12-22,38.98,39.17,38.65,38.76,11527500
2005-12-23,38.99,39.31,38.9,39.31,5168500
2005-12-27,39.31,39.55,38.96,38.98,2988500
2005-12-28,40.4,40.88,40.22,40.69,5238000
2005-12-29,41.08,41.3,40.95,41.17,4812500
2005-12-30,40.72,40.85,40.33,40.8,2437500
2006-01-03,41.25,42,41.06,41.99,7813000
2006-01-04,40.92,41.6,40.9,41.36,8022500
2006-01-05,42,42.42,41.78,42.07,7073500
2006-01-06,42.2,42.45,42.19,42.29,4954500
2006-01-09,42.29,42.8,42.24,42.8,5364000
2006-01-10,41.99,42.63,41.95,42.38,4132500
2006-01-11,43.4,44.82,43.4,44.64,7636000
2006-01-12,45.7,45.7,44.56,44.7,7696500
2006-01-13,44.51,44.87,44.5,44.64,3889000
2006-01-17,42.55,43.15,42.35,42.95,8069500
2006-01-18,42.19,42.82,42.15,42.61,6446500
2006-01-19,42.69,43.1,42.5,43.01,3945000
2006-01-20,43.6,43.95,42.3,42.3,6152000
2006-01-23,43.45,44,43.35,43.55,5259000
2006-01-24,43.7,44,43.65,43.92,3623000
2006-01-25,43.36,43.48,43.1,43.29,7133000
2006-01-26,47.5,51.16,46,48.57,34395000
2006-01-27,50.5,51,49.77,50.3,19385500
2006-01-30,49.89,50,49.4,49.8,10016500
2006-01-31,48.7,48.9,48.5305,48.9,7740500
2006-02-01,47.55,48.05,47.5,47.99,6464000
2006-02-02,49.06,49.35,48.6,48.9,6930000
2006-02-03,48.9,48.97,48.35,48.69,4237000
2006-02-06,48.72,48.89,48.51,48.83,3509500
2006-02-07,48.44,48.44,47.87,48,3357500
2006-02-08,47.1,48.13,47.041,48.01,4781500
2006-02-09,48.89,49.51,48.75,49.15,8730500
2006-02-10,49.52,49.95,49.15,49.62,2900000
2006-02-13,48.57,49,48.52,48.73,2613000
2006-02-14,49.2,49.94,48.91,49.8,4105000
2006-02-15,47.18,48.11,47.05,47.39,8892000
2006-02-16,47.15,47.75,47.15,47.73,4570000
2006-02-17,46.45,46.45,45.72,46.01,5397000
2006-02-21,45.89,45.9,45.57,45.78,4342500
2006-02-22,46.09,46.9,46.05,46.85,3528500
2006-02-23,47.71,47.92,47.25,47.51,3902000
2006-02-24,47.89,48.31,47.8,48.29,2951000
2006-02-27,48.2,48.29,48.04,48.26,3141500
2006-02-28,47.51,47.51,46.81,46.88,3130500
2006-03-01,47,47.45,46.97,47.15,3828000
2006-03-02,46,46.23,45.61,45.99,4311500
2006-03-03,45.05,45.95,45,45.51,3353500
2006-03-06,46.6,46.84,46.2,46.36,2961500
2006-03-07,45.76,45.93,45.39,45.52,2480500
2006-03-08,45.99,46.21,45.59,46.21,4665000
2006-03-09,46.7,46.82,46.4,46.7,2866500
2006-03-10,46.55,46.98,46.27,46.78,1668500
2006-03-13,46.78,46.95,46.52,46.78,2193500
2006-03-14,46.77,48.01,46.42,46.51,12301000
2006-03-15,46.5,47.51,46.28,46.68,4585500
2006-03-16,46.03,46.1,45.85,45.99,3573500
2006-03-17,46.7,46.83,46.51,46.79,3141500
2006-03-20,46.92,47.22,46.8,47.17,1524000
2006-03-21,46.69,47.15,46.5,46.5,2493500
2006-03-22,46.22,46.8,46.06,46.68,4439500
2006-03-23,46.24,46.35,45.78,45.99,2227500
2006-03-24,45.29,45.65,45.28,45.56,2503000
2006-03-27,45.29,45.29,44.6,44.7,8341500
2006-03-28,44.95,44.95,44.39,44.56,4423500
2006-03-29,45.23,46.05,45.23,46.05,5772000
2006-03-30,46,46.62,45.94,46.42,2453000
2006-03-31,46.2,46.35,45.9,46.07,2606000
2006-04-03,46.95,47.56,46.67,47.24,2913000
2006-04-04,47.24,47.67,47.24,47.47,1387000
2006-04-05,47.7,48.11,47.52,47.96,2114000
2006-04-06,48.3,48.4,47.76,48.13,2017000
2006-04-07,48.13,48.36,47.75,47.97,1521500
2006-04-10,47.59,47.75,47.3,47.5,1418000
2006-04-11,47.1,47.11,46.36,46.36,3146500
2006-04-12,46,46.93,45.7,46.84,4077500
2006-04-13,46.78,47.55,46.45,47.11,3190000
2006-04-17,47.5,47.57,47.19,47.3,1794500
2006-04-18,48,49.1,48,49.08,2942000
2006-04-19,49.08,49.87,49.05,49.74,2360500
2006-04-20,50,50.87,50,50.76,4391500
2006-04-21,51.13,52.29,51,51.95,5003000
2006-04-24,51.69,51.9,51.2,51.78,2822500
2006-04-25,52,52.19,51.65,51.87,1665500
2006-04-26,51.67,52.29,51.668,52.29,2996000
2006-04-27,51.76,51.8,50.54,51.13,3688000
2006-04-28,49,50.06,48.7,48.94,6365000
2006-05-01,48.6,48.68,47.83,48.06,3390000
2006-05-02,48.72,49.47,48.69,49.4,2386000
2006-05-03,49.5,49.72,49.19,49.38,1997500
2006-05-04,49.38,49.5,49.19,49.38,2037500
2006-05-05,49.38,50.24,49.33,50.24,2319500
2006-05-08,50.85,50.88,50.22,50.38,2031500
2006-05-09,50.15,50.72,49.86,50.66,2639000
2006-05-10,49.88,50.04,49.6,49.6,2377500
2006-05-11,48.95,49.01,48.36,48.36,2522500
2006-05-12,48.1,48.11,47.5,47.5,1960500
2006-05-15,46.99,47.44,46.835,47.37,2178500
2006-05-16,46.88,47.22,46.85,47.02,2747000
2006-05-17,47.03,47.32,45.39,45.6,6516000
2006-05-18,46.3,46.44,45.68,45.8,3729000
2006-05-19,45.73,45.85,45.28,45.6,4024000
2006-05-22,45.09,45.65,44.75,45.49,4866000
2006-05-23,45.7,46.4,45.55,45.55,2885500
2006-05-24,45.55,46.12,45.15,45.59,3209500
2006-05-25,45.69,46.12,45.5,46.12,1438500
2006-05-26,46.4,46.82,46.3,46.81,907000
2006-05-30,46.21,46.21,45.16,45.2,2971000
2006-05-31,45.45,45.57,44.84,45.17,3239500
2006-06-01,43.91,44.77,43.8,44.7,4385000
2006-06-02,46.3,46.35,45.25,46.04,3459500
2006-06-05,46.9,46.9,45.19,45.31,4609500
2006-06-06,45.1,45.15,44.01,44.6,5837000
2006-06-07,44,44.73,44,44.08,2771500
2006-06-08,42.86,43.4,42.03,42.85,5428000
2006-06-09,43,43.34,42.6,42.7,3108500
2006-06-12,42.85,43.01,42.11,42.11,3760000
2006-06-13,41.45,41.7,40.88,40.9,7139000
2006-06-14,40.8,41.22,40.67,41.15,5041000
2006-06-15,41.4,42.4,41.26,42.3,6115000
2006-06-16,42.19,42.58,42.13,42.36,4834000
2006-06-19,42.36,42.36,41.77,41.78,3239500
2006-06-20,41.78,42.1,41.26,41.47,6957000
2006-06-21,41.57,42.55,41.57,42.15,3105500
2006-06-22,42.45,42.7,42.25,42.41,1553500
2006-06-23,42.48,42.77,42.25,42.57,1849500
2006-06-26,42.77,42.78,42.18,42.5,3196000
2006-06-27,42.27,42.28,40.81,41.03,5474000
2006-06-28,41.1,41.74,41.04,41.62,2844500
2006-06-29,42.36,44.22,42.36,44.18,4325000
2006-06-30,44.19,44.32,44.01,44.04,2040500
2006-07-03,43.79,44.49,43.79,44.38,1010000
2006-07-05,43.75,43.79,43.095,43.28,2015000
2006-07-06,43.35,44,43.35,43.93,1691500
2006-07-07,43.73,43.75,43.13,43.23,2599500
2006-07-10,43.94,44.26,43.81,43.9,1646000
2006-07-11,43.7,44.2,43.41,44.14,1679000
2006-07-12,43.24,43.46,42.83,42.9,2535500
2006-07-13,42.35,42.43,41.01,41.23,6469500
2006-07-14,41,41.2,40.59,41.08,2968000
2006-07-17,41,41.15,40.47,40.79,2699500
2006-07-18,39.8,40.3,39.3,39.66,6119000
2006-07-19,39.67,41.1,39.67,40.89,4454500
2006-07-20,41.1,41.26,40.42,40.43,3673500
2006-07-21,41.21,41.3,40.54,41,3673500
2006-07-24,41.35,41.92,41.35,41.9,3876000
2006-07-25,42,42.72,41.97,42.65,3235000
2006-07-26,42.15,43.27,42.02,42.95,7218000
2006-07-27,44.95,46.4,44.95,45.51,9811500
2006-07-28,45.9,46.22,45.375,46.05,3633000
2006-07-31,46.2,46.29,45.95,45.99,3008000
2006-08-01,45.2,45.42,44.78,45.33,2386500
2006-08-02,45.22,45.62,45.11,45.35,3776500
2006-08-03,44.52,45.33,44.5,45.16,3532500
2006-08-04,45.2,45.67,44.8,44.98,2180000
2006-08-07,44.1,44.48,44.05,44.18,2314500
2006-08-08,44.67,45.13,44.51,44.64,4022000
2006-08-09,44.92,45.13,44.28,44.41,1881500
2006-08-10,44.25,44.46,44.07,44.31,2596000
2006-08-11,44.5,44.58,44.19,44.36,1312500
2006-08-14,44.62,45.4,44.57,44.81,2650500
2006-08-15,44.81,45.52,44.81,45.43,1641000
2006-08-16,44.5,45.28,44.44,45.06,4981000
2006-08-17,44.96,45.5,44.79,44.97,5644500
2006-08-18,45.7,46.17,45.67,46.09,4172000
2006-08-21,44.93,45.4775,44.92,45.29,1900500
2006-08-22,45.04,45.26,44.74,45.02,1656000
2006-08-23,44.92,45.25,44.31,44.42,5291000
2006-08-24,43.8,44.13,42.9,43.26,7074000
2006-08-25,42.5,43.7,42.26,43.16,4342500
2006-08-28,42.65,43.15,42.55,42.84,4014500
2006-08-29,42.84,43.14,42.57,43.11,2664000
2006-08-30,42.58,42.8,42.4,42.72,2946000
2006-08-31,43.03,43.55,42.98,43.41,3288000
2006-09-01,43.5,44.09,43.43,43.85,2530000
2006-09-05,43.86,44.07,43.7,43.87,2023500
2006-09-06,43,43.32,42.82,42.84,3932000
2006-09-07,42.75,42.75,42.16,42.38,2921500
2006-09-08,42.08,42.65,42.08,42.53,1472500
2006-09-11,42,42.1,41.57,41.9,4179500
2006-09-12,41.7,42.22,41.64,42.09,3319500
2006-09-13,42.21,42.56,41.96,42.38,2641500
2006-09-14,42.36,42.73,42.2,42.47,2374000
2006-09-15,42.2,42.59,42.15,42.17,2298500
2006-09-18,42,42.5,41.94,42.28,2800500
2006-09-19,42,42,41.41,41.76,3798500
2006-09-20,41.39,41.8,41.36,41.54,2350000
2006-09-21,41.62,41.84,41.27,41.46,2095500
2006-09-22,41.45,41.45,40.71,40.86,4385000
2006-09-25,40.97,41,40.49,40.83,3602500
2006-09-26,40.7,41.11,40.55,41.06,4918500
2006-09-27,41.26,41.85,41.26,41.51,5870000
2006-09-28,41.18,41.24,40.84,41.16,4796000
2006-09-29,40.3,40.59,40.27,40.36,4044000
2006-10-02,39.87,40.1,39.61,39.73,8779500
2006-10-03,38.99,39.33,38.65,39.1,8440000
2006-10-04,37.93,38.88,37.8,38.82,12724000
2006-10-05,38,38.4,37.85,38.37,12673000
2006-10-06,38,38,37.38,37.78,8502000
2006-10-09,37.72,37.74,37.45,37.57,4866500
2006-10-10,37.3,37.5,37.24,37.49,6960000
2006-10-11,37.58,39.21,37.58,38.64,13956500
2006-10-12,38.79,39.17,38.61,39.05,8117000
2006-10-13,40,40.94,39.87,40.68,12599500
2006-10-16,40.76,41.04,40.5545,40.9,7070500
2006-10-17,39.99,40,39.46,39.71,7768500
2006-10-18,40.31,40.76,39.96,40.27,5874500
2006-10-19,39.08,39.92,38.45,39.68,16862500
2006-10-20,39.87,40.29,39.723,40.11,5277000
2006-10-23,39.97,40.66,39.87,40.35,4592500
2006-10-24,40.45,40.67,40.33,40.48,3847000
2006-10-25,40.49,40.81,40.26,40.76,3664500
2006-10-26,40.76,42.37,40.76,42.3,14363000
2006-10-27,41.59,41.8,41.35,41.46,11085000
2006-10-30,41.3,41.73,41.21,41.55,5684000
2006-10-31,41.38,41.5,40.82,40.98,6753500
2006-11-01,41.4,41.4,40.8,40.82,7993500
2006-11-02,40.52,40.85,40.5,40.57,2682000
2006-11-03,40.57,40.77,40.29,40.49,3962500
2006-11-06,40.25,40.84,40.17,40.76,7466500
2006-11-07,40.66,41.1,40.63,40.81,7918500
2006-11-08,40.8,41.08,40.39,40.95,9357000
2006-11-09,40.03,40.25,39.81,39.84,10961000
2006-11-10,39.99,40.02,39.8,39.84,5155500
2006-11-13,40.16,40.23,39.9605,40.01,8490000
2006-11-14,40.38,40.46,39.82,40.44,5302500
2006-11-15,40.02,40.3,39.96,40.1,7041500
2006-11-16,40.12,40.15,39.83,39.94,5654000
2006-11-17,40.46,41.09,40.29,40.79,8953500
2006-11-20,40.2,40.38,40.05,40.12,4939500
2006-11-21,40.1,40.28,39.95,40.27,3773500
2006-11-22,40.12,40.14,39.86,40.01,4365000
2006-11-24,39.75,39.76,39.56,39.63,4758500
2006-11-27,39.5,39.5,38.5,38.68,10180500
2006-11-28,39.1,39.33,38.9,39.3,5916500
2006-11-29,39.5,39.74,39.28,39.51,4272500
2006-11-30,39.52,39.59,39.2,39.41,3419500
2006-12-01,39.73,39.88,39.29,39.69,4277500
2006-12-04,39.45,39.9,39.45,39.78,4073000
2006-12-05,39.45,39.73,39.27,39.61,6699000
2006-12-06,39.53,39.98,39.53,39.74,4236500
2006-12-07,40.02,40.2,39.85,39.9,3621000
2006-12-08,40.16,40.44,39.98,40.1,4452000
2006-12-11,40.1,40.72,40.1,40.41,5219500
2006-12-12,40.82,41.08,40.41,41.01,5976500
2006-12-13,41.54,41.92,41.49,41.75,5673000
2006-12-14,42.22,42.82,42.22,42.82,8495000
2006-12-15,43.15,43.41,43.08,43.41,9156500
2006-12-18,43.73,43.78,42.94,43.15,6026500
2006-12-19,42.83,43.01,42.42,42.88,4734000
2006-12-20,42.95,43.16,42.88,43,4515000
2006-12-21,42.9,43.1,42.68,42.94,6217000
2006-12-22,42.89,42.98,42.25,42.68,4292000
2006-12-26,42.69,43.05,42.67,42.91,1573500
2006-12-27,43.14,43.42,43.14,43.35,2610500
2006-12-28,43.15,43.3,42.97,43.18,2651000
2006-12-29,43,43.25,42.83,42.83,3654500
2007-01-03,42.9,43.37,42.73,42.91,6003000
2007-01-04,43.18,43.88,43.12,43.8,6048000
2007-01-05,43.98,45.6,43.96,44.8,15987500
2007-01-08,44.81,45.33,44.4325,44.81,11721500
2007-01-09,46.25,47,45.8,46.4,8660500
2007-01-10,45.65,45.95,45.38,45.78,4131000
2007-01-11,45.27,45.99,45.26,45.65,6139000
2007-01-12,46.5,47.85,46.4,47.68,21084000
2007-01-16,47.22,47.3175,46.78,47,7492500
2007-01-17,47.12,47.9,47,47.54,8286000
2007-01-18,46.75,46.75,46.221,46.36,9778500
2007-01-19,46.46,47.2,46.46,47.06,7617000
2007-01-22,47,47.04,46.001,46.3,6433000
2007-01-23,46.45,46.95,46.44,46.63,5018000
2007-01-24,46.6,46.92,46.43,46.86,2784000
2007-01-25,47.34,47.68,47,47.12,8310000
2007-01-26,47.9,48.01,47.31,47.83,5972500
2007-01-29,47.25,47.31,46.76,47,11146500
2007-01-30,46.95,47.09,46.21,46.3,11475000
2007-01-31,45.88,46.4,45.63,46.33,5976500
2007-02-01,47.14,47.63,47.13,47.48,7533500
2007-02-02,47.71,47.85,47.45,47.61,3284500
2007-02-05,47.5,47.72,47.32,47.63,3764500
2007-02-06,48.5,48.91,48.43,48.81,7304000
2007-02-07,48.7,48.81,48.46,48.75,6186500
2007-02-08,48.19,48.49,48.13,48.37,6909000
2007-02-09,49.22,49.5,48.82,49.1,4357000
2007-02-12,49.1,49.15,48.51,48.84,3227835
2007-02-13,49.4,49.8,49.4,49.71,3999990
2007-02-14,51.45,52.04,51.4,51.99,8197985
2007-02-15,51.5,51.88,50.66,51.79,8685500
2007-02-16,52.06,52.73,52.06,52.56,7510500
2007-02-20,52,52.61,51.97,52.54,6573500
2007-02-21,52.55,53.26,52.5,52.91,7215000
2007-02-22,52.7,52.78,52.3,52.47,5046000
2007-02-23,52.85,53,52.04,52.27,11120500
2007-02-26,52.99,52.99,52.48,52.9,5506200
2007-02-27,53.2,53.34,51.11,51.7,14532500
2007-02-28,51.8,52.19,51.14,51.73,7799500
2007-03-01,51.6,52.03,50.05,51.87,12980905
2007-03-02,49.03,50.41,48.28,49.43,16201000
2007-03-05,49.07,49.64,48.8,49,6626000
2007-03-06,50.75,50.98,50.09,50.65,5354500
2007-03-07,49.97,50.46,49.92,50.1,2982000
2007-03-08,51.23,51.64,51.23,51.38,4497000
2007-03-09,52.27,52.57,51.67,52.49,9015500
2007-03-12,52.63,53.01,52.62,52.88,4681500
2007-03-13,51.92,52.15,51.26,51.27,3931500
2007-03-14,50.35,50.98,49.64,50.56,6377000
2007-03-15,50.55,51.27,50.51,51.09,4187500
2007-03-16,51.21,51.64,51.08,51.29,5865000
2007-03-19,52.31,52.54,51.82,52.32,5568500
2007-03-20,51.55,52.26,51.55,51.82,3311690
2007-03-21,51.7,52.96,51.3,52.77,6532145
2007-03-22,52.01,52.99,52.01,52.83,3209500
2007-03-23,53.22,53.24,52.8,53.09,2440000
2007-03-26,53.14,53.14,52.2,52.49,7418000
2007-03-27,52.49,52.49,51.81,52.35,3200000
2007-03-28,51.81,51.9,51.13,51.22,5059000
2007-03-29,51.04,51.3,50.68,51.09,4092340
2007-03-30,50.73,51.08,50.4,50.49,4555000
2007-04-02,50.27,50.31,49.77,49.85,5935500
2007-04-03,50.85,51.25,50.59,51.09,4668500
2007-04-04,51.8,51.82,51.51,51.78,2888000
2007-04-05,52,52.25,51.91,52.12,3213500
2007-04-09,53.62,53.76,53.14,53.25,6468500
2007-04-10,53.74,54.18,53.68,54.01,4411000
2007-04-11,53.82,53.88,53.13,53.36,3196000
2007-04-12,53.2,54.8,53.05,54.54,8910000
2007-04-13,54.9,54.95,54.43,54.95,4553500
2007-04-16,54.75,55.54,54.75,55.46,5264000
2007-04-17,55.05,55.26,54.903,55.2,2214000
2007-04-18,55.2,55.35,55.01,55.21,4155000
2007-04-19,54.3,54.81,54.2,54.39,2611000
2007-04-20,54.76,54.86,54.4,54.67,3075000
2007-04-23,54.5,54.79,54.32,54.77,4288000
2007-04-24,54.86,54.88,54.41,54.5,3920500
2007-04-25,54.19,55.37,54.09,55.22,7250910
2007-04-26,54.21,54.4,54.08,54.2,4813900
2007-04-27,53.56,53.9,53.17,53.48,2680500
2007-04-30,53.37,53.83,53.25,53.26,1892665
2007-05-01,52.94,53.03,52.52,52.83,2548500
2007-05-02,53.38,53.87,53.17,53.7,1856000
2007-05-03,53.55,53.75,53.12,53.66,1438500
2007-05-04,53.88,54.16,53.75,53.95,3289500
2007-05-07,54.53,54.54,53.79,54.41,2270030
2007-05-08,54.36,54.51,54.09,54.46,1823000
2007-05-09,55.42,55.73,55.23,55.63,2641000
2007-05-10,54.39,54.58,53.6,53.84,3289500
2007-05-11,53.82,54.19,53.54,54.06,1875000
2007-05-14,54.19,54.39,53.87,54.11,1467125
2007-05-15,53.09,53.17,52.51,52.7,4841515
2007-05-16,54.91,56.09,54.6,55.85,9849775
2007-05-17,54.9,55.19,54.52,55.05,5346000
2007-05-18,55.27,55.82,55.27,55.56,3615000
2007-05-21,56.93,57.8,56.92,57.38,7244500
2007-05-22,58.85,59.84,58.8,59.46,5949000
2007-05-23,58.68,59.04,58.06,58.06,3889545
2007-05-24,57.4,57.56,56.25,56.52,5299000
2007-05-25,56.58,57.03,56.42,56.75,3865000
2007-05-29,56.89,57,56.41,56.71,3949500
2007-05-30,56.62,57.41,56.51,57.23,3451000
2007-05-31,57.7,57.92,57.51,57.7,2842000
2007-06-01,57.2,57.33,56.9,57.09,1994000
2007-06-04,56.82,56.93,56.31,56.7,1973875
2007-06-05,56.47,56.47,55.7,55.96,2307000
2007-06-06,56.1,56.3175,55.48,55.68,5436000
2007-06-07,55.68,55.81,54.67,54.76,4904170
2007-06-08,54.13,54.8,53.87,54.7,1965625
2007-06-11,54.5,55.37,54.5,54.89,3182000
2007-06-12,53.81,54.3,53.55,53.6,2113605
2007-06-13,54.39,55.13,54.39,55.1,3690500
2007-06-14,54.3,54.69,54.21,54.5,2260500
2007-06-15,54.9,55.12,54.42,54.53,4102000
2007-06-18,54.41,54.44,53.75,54.15,4836500
2007-06-19,54.15,54.35,53.94,54.18,3630500
2007-06-20,53.7,53.78,52.98,53.18,2628500
2007-06-21,52.69,53.26,52.5,53.1,4224000
2007-06-22,52.6,53.1,52.35,52.41,4496000
2007-06-25,52.29,52.55,51.83,51.98,2602500
2007-06-26,51.96,52,51.21,51.3,3433500
2007-06-27,50.96,51.42,50.88,51.16,13130500
2007-06-28,50.67,50.87,50.44,50.48,7098000
2007-06-29,51.2,51.7,51.1,51.37,10066500
2007-07-02,52.6,52.6,51.28,51.57,6305500
2007-07-03,50.76,50.81,50.32,50.67,4080500
2007-07-05,52.62,52.67,52.05,52.37,4767500
2007-07-06,53.2,53.27,52.84,53.14,3729000
2007-07-09,52.99,53.11,52.75,53.04,2839725
2007-07-10,52.44,52.61,52.1,52.13,3354150
2007-07-11,51.82,52.1,51.63,52.08,2480500
2007-07-12,52.18,52.87,52.09,52.79,2823500
2007-07-13,52.41,52.88,52.35,52.75,2693000
2007-07-16,52.65,52.75,52.3,52.47,2613500
2007-07-17,51.91,52.05,51.61,51.92,2608500
2007-07-18,51.8,51.85,50.76,51.54,6063500
2007-07-19,52.32,52.35,51.93,52.21,2434500
2007-07-20,51.47,51.63,50.79,51.18,2735000
2007-07-23,51.15,51.56,51.05,51.07,2215255
2007-07-24,51.96,51.96,51.31,51.66,4507500
2007-07-25,52.1,52.74,51.78,52.31,5121250
2007-07-26,52.49,52.59,50.42,51.36,10218000
2007-07-27,53.87,53.94,51.48,53.04,11413500
2007-07-30,53.49,54.12,52.96,53.76,5986935
2007-07-31,53.4,53.59,52.659,52.74,5101920
2007-08-01,51.84,52.42,51.35,52.03,4701000
2007-08-02,51.27,51.58,50.76,51.36,5612500
2007-08-03,51.06,51.16,49.75,49.77,8940000
2007-08-06,50.28,50.74,49.74,50.7,4863500
2007-08-07,50.84,50.95,49.92,50.63,3984500
2007-08-08,49.9,50.72,48.91,49.46,12221500
2007-08-09,49.66,49.94,48.67,48.9,10428455
2007-08-10,48.54,48.55,46.43,48,13785000
2007-08-13,48.56,48.72,48.23,48.4,3995000
2007-08-14,47.97,48.03,47.05,47.1,5055865
2007-08-15,47.17,47.58,46.38,46.46,6414360
2007-08-16,46.32,46.87,43.86,46.74,17276830
2007-08-17,46.6,47.18,45.47,46.57,7155850
2007-08-20,45.42,46.01,45.3,45.79,7095500
2007-08-21,45.8,46.33,45.61,46.33,4650000
2007-08-22,46.36,46.87,46.23,46.66,2439000
2007-08-23,47,47.18,46.66,46.9,2700000
2007-08-24,46.82,47.54,46.54,47.4,1853000
2007-08-27,46.55,46.6,46.22,46.3,3345200
2007-08-28,46.2,46.46,45.3,45.42,2793000
2007-08-29,45.51,46.15,45.43,46.11,4177500
2007-08-30,45.48,46.3,45.48,45.91,1956500
2007-08-31,47.75,48.1,47.34,47.78,4386500
2007-09-04,48.35,49.41,48.3,49.07,4499560
2007-09-05,49.47,49.77,49.22,49.63,5350500
2007-09-06,49.8,49.9,49.03,49.3,5514500
2007-09-07,48.5,48.59,46.68,47.31,16600500
2007-09-10,47.05,47.05,46.21,46.73,3338000
2007-09-11,47.36,47.75,47.15,47.63,3074500
2007-09-12,47,47.28,46.394,47.19,2247000
2007-09-13,46.69,47.63,46.45,47.05,5193060
2007-09-14,46.88,47.12,46.81,46.98,2290000
2007-09-17,46.65,46.92,46.49,46.7,1800500
2007-09-18,46.3,47.43,46.06,47.31,4890000
2007-09-19,47.35,47.96,47.34,47.52,2928000
2007-09-20,47.2,47.24,46.3,46.65,3815500
2007-09-21,46.95,47.06,46.46,46.65,2173000
2007-09-24,47.11,47.18,46.56,46.6,1624500
2007-09-25,46.41,46.46,45.54,45.96,4228000
2007-09-26,47.8,47.8,46.97,47.13,2808500
2007-09-27,48.36,48.89,48,48.35,3837500
2007-09-28,48.36,48.54,47.92,48.06,2418000
2007-10-01,48.2,49.42,48.07,49.38,4270000
2007-10-02,50.68,51.28,50.65,51.14,5398000
2007-10-03,50.77,50.85,49.89,50.07,3218000
2007-10-04,50.01,50.25,49.35,49.83,5906000
2007-10-05,50.1,50.88,49.91,50.68,3912000
2007-10-08,50.37,50.57,50.01,50.03,3601500
2007-10-09,49.7,49.91,49.02,49.85,3727500
2007-10-10,49.59,49.59,48.96,49.11,4274000
2007-10-11,49.66,49.66,48.01,48.29,4783500
2007-10-12,47.46,47.57,47.16,47.4,3411875
2007-10-15,47.61,47.61,46.64,47.01,3031000
2007-10-16,46.39,46.6,45.97,46.03,3222000
2007-10-17,46.44,46.99,46.22,46.6,4236000
2007-10-18,47,47,46.32,46.69,2672000
2007-10-19,46.2,46.2,45.01,45.11,4335500
2007-10-22,45.41,46.41,45.41,46.27,4549000
2007-10-23,46,46.38,45.68,46.05,3969500
2007-10-24,45.62,45.65,44.57,45.29,5007000
2007-10-25,45.75,49.2,45.65,47.98,19043500
2007-10-26,48.51,49.45,48.51,49.22,4839000
2007-10-29,49.87,49.94,49.2,49.83,4192000
2007-10-30,49.29,49.29,48.59,48.81,2461000
2007-10-31,48.74,51.19,48.44,49.46,4825500
2007-11-01,50.2,50.28,48.93,49.1,4296300
2007-11-02,49.9,49.9,49.04,49.54,3740500
2007-11-05,49.05,49.73,48,48.64,5757115
2007-11-06,48.65,49,48.34,48.85,4230005
2007-11-07,48.85,48.85,47.68,47.93,4950375
2007-11-08,48.1,48.16,47,47.27,5312570
2007-11-09,46.5,47.5,46.48,47,3897000
2007-11-12,46.53,47.7,46.53,46.71,3532675
2007-11-13,47.2,48.95,47.2,48.92,5198200
2007-11-14,50,50,48.56,48.65,3964450
2007-11-15,48.5,49.02,48.17,48.38,5543160
2007-11-16,49.15,49.15,47.99,48.23,3553360
2007-11-19,48.59,48.59,47.01,47.32,3327440
2007-11-20,48.75,48.75,47.62,48.14,3155250
2007-11-21,48.5,48.5,47.32,47.33,3639105
2007-11-23,47.72,49.34,47.72,49.08,2453005
2007-11-26,50.18,51.23,49.91,50.01,5032605
2007-11-27,52.61,53.31,51.92,53.31,9193490
2007-11-28,54.1,55.44,54.1,55,8630755
2007-11-29,54.52,55.06,53.8,54.21,6927650
2007-11-30,54.01,55.56,53.42,53.97,5280735
2007-12-03,54.4,54.4,53.36,53.71,3432790
2007-12-04,53.48,53.48,52.61,52.98,3943885
2007-12-05,52.97,54.31,52.87,53.64,4863750
2007-12-06,53.6,54.85,53.6,54.77,2527650
2007-12-07,53.4,53.47,52.94,53.23,4134540
2007-12-10,54.1,54.78,54.01,54.69,5223325
2007-12-11,55.85,56.13,54.18,54.59,8587135
2007-12-12,56.23,56.75,55.22,55.95,8156010
2007-12-13,56,56.54,55.86,56.26,6152765
2007-12-14,55.22,55.22,54.37,54.52,3763300
2007-12-17,54.58,54.58,53.63,53.79,3793035
2007-12-18,54.7,54.75,53.3,54.44,3616900
2007-12-19,54.49,54.82,54,54.21,4172600
2007-12-20,53.79,53.99,53.35,53.8,3061555
2007-12-21,53.87,54.85,53.87,54.54,5993330
2007-12-24,54.99,54.99,54.31,54.64,968085
2007-12-26,55.24,56.1,55.24,55.95,2269555
2007-12-27,55.73,55.73,54.67,54.75,2362500
2007-12-28,55.08,55.08,54.3,54.3,1421500
2007-12-31,54.4,54.86,54.08,54.3,2251620
2008-01-02,54.3,55,53.6,54.11,4307990
2008-01-03,54.32,54.48,53.92,54.35,5323990
2008-01-04,52.88,53.27,52.18,52.42,8622760
2008-01-07,53.97,54.66,53.42,54.1,10306360
2008-01-08,55,55.44,54.03,54.16,7097500
2008-01-09,56.36,57.19,55.94,57.19,12115575
2008-01-10,56.14,56.95,55.72,56.43,4248460
2008-01-11,56,56.21,55.12,55.3,4554615
2008-01-14,56.2,56.5,55.09,55.75,7734735
2008-01-15,54.84,54.84,53.67,53.78,10902500
2008-01-16,53,53.2,51.98,52.55,11377335
2008-01-17,52.34,52.55,51,51.12,9097645
2008-01-18,51.3,52.11,50.57,51.44,8648295
2008-01-22,47.38,50.17,47.38,50.06,9659525
2008-01-23,46.45,48.75,45.53,48.56,13031935
2008-01-24,46.9,47.52,46.57,47.49,7910500
2008-01-25,47.94,47.94,46.4,46.69,8414640
2008-01-28,45.55,47.09,45.55,46.95,5167520
2008-01-29,47.51,48.5,47.51,48.28,5394035
2008-01-30,47.74,48.45,46.87,47.5,5821250
2008-01-31,47.75,47.94,46.09,47.5,7185820
2008-02-01,45.57,46.89,45.55,46.3,9746350
2008-02-04,45.29,45.29,44.5,44.56,6662125
2008-02-05,43.51,44.18,43.25,43.28,8666445
2008-02-06,43.59,43.69,42.8,42.82,6619250
2008-02-07,43.7,44.35,43.57,44.04,6260890
2008-02-08,43.08,43.58,42.73,42.99,4406895
2008-02-11,42.95,43.57,42.74,43.5,4280880
2008-02-12,43.99,44.2,43.45,43.66,6812250
2008-02-13,44.83,45.09,44.16,44.81,7610950
2008-02-14,45.43,45.59,44.77,44.88,3718450
2008-02-15,44.89,44.99,44.27,44.78,5247285
2008-02-19,46.99,47.44,45.88,46.96,14469945
2008-02-20,46.64,46.89,45.9,46.73,10283330
2008-02-21,47,47.39,46.38,46.58,6096440
2008-02-22,46.97,46.97,45.75,46.77,7486310
2008-02-25,47.44,47.98,47.05,47.98,6209750
2008-02-26,48.24,49.18,47.92,48.91,6202000
2008-02-27,49.98,50,49.3,49.65,7419015
2008-02-28,49.4,49.4,48.62,48.84,4448010
2008-02-29,48.31,48.31,47.03,47.21,3993805
2008-03-03,46.48,46.86,46.29,46.7,4568305
2008-03-04,46.02,46.87,46.02,46.69,5876125
2008-03-05,47.06,47.48,46.53,46.78,4491125
2008-03-06,46.77,47.15,45.58,45.68,6148045
2008-03-07,44.97,45.05,44.23,44.32,4992745
2008-03-10,43.21,43.6,42.81,42.81,7931325
2008-03-11,44.19,44.83,43.76,44.83,8436000
2008-03-12,43.93,44.09,43.28,43.36,8181570
2008-03-13,42.76,43.49,42.1,43.31,6802550
2008-03-14,42.75,43.68,41.61,41.86,9034625
2008-03-17,41,41.24,40.25,40.88,9476145
2008-03-18,41.24,41.85,41.11,41.85,5377270
2008-03-19,42.49,42.7,40.95,41.04,5623330
2008-03-20,41.1,42.05,40.7,41.9,4258970
2008-03-24,41.87,42.14,41.48,41.83,4782950
2008-03-25,42.68,42.82,41.9,42.68,2991550
2008-03-26,42.99,42.99,41.5,41.88,5368260
2008-03-27,41.63,41.63,40.84,40.84,3989000
2008-03-28,41,41.17,40.53,40.64,2934500
2008-03-31,40.34,40.34,39.91,40.07,5811280
2008-04-01,41.07,41.98,40.91,41.73,6363250
2008-04-02,41.9,42.36,41.81,41.97,2826440
2008-04-03,42.32,42.33,41.72,42.11,2572500
2008-04-04,42.05,42.15,41.56,41.9,1970250
2008-04-07,42.97,42.97,42.3,42.47,3490400
2008-04-08,41.39,41.4,40.15,40.56,11322030
2008-04-09,40.64,40.85,40.31,40.32,2833710
2008-04-10,40.89,41.29,40.79,40.91,2954700
2008-04-11,40.72,41.13,40.5,40.76,3893685
2008-04-14,40.12,40.48,39.84,39.86,3329875
2008-04-15,40.25,40.28,39.52,39.8,3536160
2008-04-16,41.1,41.95,41.1,41.84,7135990
2008-04-17,42.01,42.49,41.9,42.39,4763080
2008-04-18,42.99,43.76,42.86,43.58,5081390
2008-04-21,44.06,44.51,43.89,44.36,4780520
2008-04-22,43.31,43.82,42.88,43.03,3666265
2008-04-23,43.71,43.91,43.18,43.8,2604330
2008-04-24,43.55,44.27,43.32,44.02,3076635
2008-04-25,45.33,45.96,44.86,45.63,4694060
2008-04-28,45.83,46.2,45.6,45.92,3436750
2008-04-29,45.52,46.02,45.52,45.94,3418825
2008-04-30,46,46.39,45.63,45.79,3361405
2008-05-01,46.02,46.69,45.92,46.6,3274085
2008-05-02,47.94,47.94,47.26,47.59,3699710
2008-05-05,47.14,47.6,46.73,46.81,2896920
2008-05-06,47.25,47.32,46.66,47.3,3170350
2008-05-07,47.29,47.31,46.1,46.22,5318130
2008-05-08,45.78,46.01,45.54,45.6,2325495
2008-05-09,45.26,45.26,44.55,44.74,2761840
2008-05-12,44.61,45.4,44.61,45.3,3130335
2008-05-13,46.11,46.34,45.85,46.06,3400530
2008-05-14,48.1,50.8,47.91,49.93,14697930
2008-05-15,49.95,50.55,49.51,50.53,6987810
2008-05-16,49.26,49.72,48.93,49.5,3041530
2008-05-19,49.41,50.1,49.41,49.7,3372645
2008-05-20,49.17,49.45,48.61,48.74,4204145
2008-05-21,48.43,48.77,47.45,47.63,6058795
2008-05-22,48.2,48.82,48.2,48.57,2052935
2008-05-23,48.26,48.49,47.86,48.05,3431125
2008-05-27,48.2,48.23,47.62,48.02,1617520
2008-05-28,47.25,47.77,47.17,47.69,3859150
2008-05-29,48.26,48.77,48.01,48.43,2657115
2008-05-30,50.81,50.81,50.25,50.39,4854965
2008-06-02,51.77,52.36,50.975,51.37,5950385
2008-06-03,50.89,51.72,50.54,50.83,4735705
2008-06-04,51.97,52.29,51.52,51.81,4683585
2008-06-05,51.74,52.04,51.41,51.9,5716385
2008-06-06,51,51.34,50.3,50.3,3945195
2008-06-09,50.35,50.59,49.5,49.73,3412615
2008-06-10,49.07,49.25,48.74,48.97,6105255
2008-06-11,49.31,49.31,47.76,47.83,6662690
2008-06-12,48.47,48.47,47.48,47.82,3762480
2008-06-13,48.25,48.7,47.98,48.66,3302255
2008-06-16,49.1,49.45,48.67,49.36,2967440
2008-06-17,49.6,49.91,49.37,49.41,2110010
2008-06-18,49.2,49.45,48.52,48.72,7112445
2008-06-19,48.44,48.6,48.06,48.45,3879120
2008-06-20,47.95,47.95,46.16,46.19,5363730
2008-06-23,46.83,46.93,46.2,46.56,6012620
2008-06-24,46.19,46.19,45.66,45.8,4550455
2008-06-25,45.75,46.59,45.12,46.22,3985795
2008-06-26,46.6,46.68,45.35,45.55,9329240
2008-06-27,44.35,45.06,43.11,43.91,6770380
2008-06-30,43.81,44.56,43.63,43.74,5438530
2008-07-01,43,43.2,42.44,43.2,4595945
2008-07-02,43.3,43.39,42.5,42.6,3069190
2008-07-03,42.87,43.65,42.87,42.97,2522410
2008-07-07,43.41,43.51,42.64,42.95,2841285
2008-07-08,41.59,42.08,41.28,41.95,6040305
2008-07-09,40.8,41.47,40.36,40.42,6260920
2008-07-10,40.8,41.25,40.55,41.17,3686040
2008-07-11,40.02,40.64,39.8,40.46,6578435
2008-07-14,41.49,41.49,40.084,40.32,3915150
2008-07-15,39.77,40.89,39.73,40.38,4091610
2008-07-16,41,41.55,40.65,41.55,4254920
2008-07-17,42.49,42.49,41.78,42.26,3897375
2008-07-18,41.12,41.63,40.84,41.45,5096820
2008-07-21,41.38,41.91,41.32,41.42,3387995
2008-07-22,41.4,41.59,40.58,41.5,4371565
2008-07-23,41.19,41.52,40.89,41.06,3854720
2008-07-24,41.56,42.07,41.44,41.53,3271605
2008-07-25,41,41.08,40.47,40.81,4275865
2008-07-28,40.61,40.75,39.93,39.93,2124160
2008-07-29,38.06,38.7,37.26,37.68,13200810
2008-07-30,37.63,37.73,37.195,37.54,10863390
2008-07-31,37.54,37.99,37.49,37.67,7617365
2008-08-01,37.8,38.22,37.6,37.83,4363075
2008-08-04,37.03,37.3,36.9,37.02,2234750
2008-08-05,37.21,38.39,37.21,38.39,2829680
2008-08-06,38.95,39.48,38.95,39.47,3694695
2008-08-07,38.99,38.99,38.32,38.49,3289620
2008-08-08,38.06,39.37,38.06,39.28,4079090
2008-08-11,39.41,40.15,39.41,39.87,4052355
2008-08-12,39.39,39.47,39.06,39.22,3161500
2008-08-13,38.9,38.9,38.13,38.35,3041190
2008-08-14,38.54,38.54,37.68,38.12,3107725
2008-08-15,38.55,38.55,37.99,38.37,2383195
2008-08-18,39.25,39.4,38.73,39.03,3943540
2008-08-19,39.03,39.03,37.86,38.15,4180420
2008-08-20,37.92,37.92,37.31,37.66,2922445
2008-08-21,37.63,37.88,37.3255,37.76,2080640
2008-08-22,39,39,37.9,38.38,1881900
2008-08-25,38.84,38.88,38.24,38.6,3064380
2008-08-26,38.51,38.66,38.33,38.52,2190990
2008-08-27,38.97,38.97,38.1,38.32,2225075
2008-08-28,38.61,38.8,38.26,38.67,1726580
2008-08-29,38.27,38.55,38.2,38.2,2107665
2008-09-02,37.53,38.52,37.48,37.68,3434730
2008-09-03,37.32,37.77,37.28,37.66,2445110
2008-09-04,37.45,37.45,36.65,36.8,4657845
2008-09-05,36.39,36.39,35.62,36.06,3594160
2008-09-08,36.56,37.04,36.39,36.98,2623625
2008-09-09,36.03,36.7,35.3,35.42,5608210
2008-09-10,35.98,35.98,35.09,35.36,3897575
2008-09-11,34.17,34.81,34.01,34.75,7195445
2008-09-12,34.99,35.14,34.02,34.9,3666630
2008-09-15,33.49,34.17,33.33,33.72,5066635
2008-09-16,33.01,33.89,32.86,33.67,5551105
2008-09-17,33.21,33.21,31.77,32,8746045
2008-09-18,31.21,32.03,30.61,31.77,8330670
2008-09-19,32.7,33,31.3,32.63,15004705
2008-09-22,32.23,33.03,32.16,32.29,3015985
2008-09-23,32.03,32.7,31.19,31.34,6751180
2008-09-24,32.87,32.87,31.44,31.77,5722860
2008-09-25,31.83,32.44,31.82,32.23,4671675
2008-09-26,31.25,32.52,29.71,32.41,4267125
2008-09-29,31.73,32.1,29.89,30.76,4492880
2008-09-30,30.06,30.99,30.02,30.87,4509030
2008-10-01,30.4,30.64,30.05,30.5,7035395
2008-10-02,28.8,28.8,27.8,27.92,4031930
2008-10-03,28.66,29.37,27.65,27.99,5928995
2008-10-06,27.55,27.55,25.17,26.46,8857435
2008-10-07,27.48,27.48,25.3,25.3,5006810
2008-10-08,24.01,24.81,23.44,23.9,9825345
2008-10-09,25.37,25.49,23,23.51,12607205
2008-10-10,23,23.14,20.3,21.02,25168320
2008-10-13,23.5,24.89,22.686,24.89,28966615
2008-10-14,27.91,27.91,25.18,26.2,21179075
2008-10-15,25.77,25.77,23.26,23.43,9219280
2008-10-16,24.02,24.02,21.93,23.74,9974925
2008-10-17,23.74,24.75,23.22,23.91,3855185
2008-10-20,25.79,26.6,25.31,26.6,6995100
2008-10-21,26.33,26.33,25.08,25.34,12362985
2008-10-22,24.51,24.6,22.91,23.38,9836405
2008-10-23,22.06,22.65,20.46,21.46,23306930
2008-10-24,19.75,20.94,19.7,19.82,16795900
2008-10-27,19.73,20.22,19.12,19.18,8171820
2008-10-28,20.72,21.99,20.07,21.99,18547065
2008-10-29,21.24,21.91,19.48,21.13,15126470
2008-10-30,22.52,23,22.32,22.65,7667945
2008-10-31,22.6,23.63,22.35,23.24,5420615
2008-11-03,23.37,23.55,23.1,23.24,3545040
2008-11-04,23.83,24.8965,23.83,24.89,4675880
2008-11-05,25.25,25.5,24.34,24.51,6666635
2008-11-06,23.02,23.45,21.64,21.76,8231560
2008-11-07,22.32,23.39,22.02,23.29,8303895
2008-11-10,24.08,24.1,23,23.41,4179685
2008-11-11,22.94,22.94,21.98,22.42,5230290
2008-11-12,21.82,21.99,20.89,21.11,9604330
2008-11-13,20.93,22.01,20.15,22.01,13419390
2008-11-14,21.22,21.94,20.97,21.12,7482805
2008-11-17,21.18,21.51,20.81,20.92,8512020
2008-11-18,20.74,21,20.15,20.61,8896620
2008-11-19,20,20.22,18.92,19,7923425
2008-11-20,18.97,19.26,18.14,18.34,11238220
2008-11-21,20.09,20.13,18.71,19.89,14303575
2008-11-24,20.25,21.37,20.03,20.94,12523935
2008-11-25,20.5,20.51,19.54,20.05,9072240
2008-11-26,19.65,20.48,19.44,20.33,10431305
2008-11-28,19.59,19.59,19.03,19.38,3032875
2008-12-01,19.07,19.07,18.16,18.22,9262015
2008-12-02,18.8,19.27,18.65,19.22,10210825
2008-12-03,18.97,19.47,18.54,19.45,8549285
2008-12-04,18.65,18.99,18.17,18.44,5394710
2008-12-05,18.15,19.02,18.09,18.94,7381685
2008-12-08,19.75,20.28,19.46,20.04,6755500
2008-12-09,20.52,21.16,20.32,20.5,12671750
2008-12-10,20.67,20.94,20.45,20.85,10279680
2008-12-11,21.15,21.53,20.85,21.04,10104105
2008-12-12,20.82,21.42,20.48,21.23,8550405
2008-12-15,20.59,21.19,20.59,20.99,9944900
2008-12-16,20.47,21.39,20.13,21.34,12635415
2008-12-17,20.69,21,20.44,20.78,8145470
2008-12-18,20.7,20.75,19.84,20.09,6706560
2008-12-19,20.64,20.64,19.9,20.09,8443175
2008-12-22,20.17,20.49,19.79,20.09,4602555
2008-12-23,20.16,20.2,19.55,19.66,4464595
2008-12-24,19.81,19.92,19.75,19.88,1336655
2008-12-26,20.03,20.378,20.03,20.34,2394030
2008-12-29,20.95,21.02,20.6,20.96,4438405
2008-12-30,21.25,21.55,21.02,21.55,3680200
2008-12-31,21.34,21.89,21.34,21.87,4975245
2009-01-02,21.8,22.05,21.61,21.9,8270035
2009-01-05,21.46,21.79,21.26,21.43,7852270
2009-01-06,22.73,23.12,22.58,22.85,10122880
2009-01-07,24.05,24.32,23.36,23.77,14060360
2009-01-08,23.57,24.25,23.57,24.21,11957775
2009-01-09,23.88,24.14,23.47,23.55,9405115
2009-01-12,23.44,23.51,22.78,23.1,13592545
2009-01-13,21.97,22.43,21.9,22.24,11077155
2009-01-14,22.68,22.75,22.09,22.32,12071335
2009-01-15,22.19,22.66,21.66,22.56,10833990
2009-01-16,23.03,23.21,22.3,22.83,9114895
2009-01-20,22.5,22.5,21.51,21.53,9556145
2009-01-21,22.15,22.58,21.78,22.58,13500690
2009-01-22,20.19,20.4,18.82,19.33,20976820
2009-01-23,19.94,20.61,19.58,20.32,14096745
2009-01-26,19.91,20.23,19.61,19.88,6979710
2009-01-27,20.06,20.69,20.06,20.58,8529035
2009-01-28,20.65,21.11,20.64,20.93,8494745
2009-01-29,20.53,20.8,20.24,20.27,8504185
2009-01-30,19.81,20.18,19.08,19.22,8249815
2009-02-02,19.22,19.57,19,19.46,8165870
2009-02-03,19.5,20.08,19.46,19.89,6953175
2009-02-04,20.03,20.47,19.79,19.97,6877380
2009-02-05,20.05,20.8,20.05,20.65,9601015
2009-02-06,20.64,21.14,20.54,20.88,7415070
2009-02-09,20.48,20.6,20.07,20.44,6351535
2009-02-10,20.11,20.14,19.22,19.32,9888530
2009-02-11,19.54,19.73,19.18,19.46,7227270
2009-02-12,19.1,19.46,18.85,19.42,9484335
2009-02-13,18.83,18.86,18.5,18.5,8038685
2009-02-17,17.83,17.86,17.26,17.36,10359580
2009-02-18,17.52,17.52,16.99,17.21,9177850
2009-02-19,17.63,17.63,16.88,16.98,6033700
2009-02-20,16.68,16.88,16.28,16.6,13520715
2009-02-23,16.37,16.52,15.64,15.72,12245830
2009-02-24,16.04,16.93,16.04,16.78,15933055
2009-02-25,17.13,17.34,16.67,17.06,16615185
2009-02-26,16.73,17,16.13,16.25,12078675
2009-02-27,16.86,16.86,16.46,16.56,17352310
2009-03-02,16.86,17.05,16.22,16.46,21010440
2009-03-03,17.61,17.66,17.03,17.36,18874390
2009-03-04,18.04,18.52,17.91,18.28,15092675
2009-03-05,17.63,17.92,17.24,17.51,12620175
2009-03-06,17.69,17.69,16.76,17.25,12714015
2009-03-09,17.56,18.19,17.43,17.58,14129845
2009-03-10,17.8,18.51,17.64,18.31,7753240
2009-03-11,18.51,18.76,18.25,18.38,10251050
2009-03-12,18.06,18.57,17.76,18.5,7756900
2009-03-13,19.18,19.53,19.05,19.38,7183800
2009-03-16,19.7,20.05,19.47,19.49,5775710
2009-03-17,19.91,20.45,19.56,20.45,8510660
2009-03-18,20.12,21.12,19.93,20.87,9875730
2009-03-19,20.7,21.04,20.45,20.52,6899095
2009-03-20,20.43,20.5,19.8,19.93,6697165
2009-03-23,20.72,21.69,20.6,21.69,7978145
2009-03-24,21.75,21.81,21.3,21.4,6274540
2009-03-25,21.68,21.94,21.16,21.62,24060760
2009-03-26,22.41,22.97,22.34,22.86,10715715
2009-03-27,22.37,22.58,22.11,22.27,11206020
2009-03-30,21.23,21.35,20.49,20.75,12438980
2009-03-31,20.52,21.01,20.52,20.63,9754750
2009-04-01,21.5,22.49,21.27,22.33,17885670
2009-04-02,23.38,24.88,23.32,24.35,22711480
2009-04-03,24.35,24.37,23.92,24.23,8270195
2009-04-06,23.96,23.96,23.3,23.83,6782405
2009-04-07,23.6,23.86,23.46,23.64,5588425
2009-04-08,23.43,23.56,23.14,23.36,5573340
2009-04-09,25,26.04,24.99,25.99,21607825
2009-04-13,25.18,25.98,25.18,25.84,6565190
2009-04-14,25.55,25.96,25.38,25.4,7283675
2009-04-15,24.52,25.06,24.51,25,7180035
2009-04-16,24.8,25.43,24.72,25.19,6525440
2009-04-17,26.34,26.59,26.02,26.37,7887500
2009-04-20,26.58,26.58,25.56,25.7,11864495
2009-04-21,25.51,26.25,25.36,26.23,6528130
2009-04-22,25.51,26.18,25.17,25.53,8634005
2009-04-23,25.55,25.88,25.29,25.88,5917745
2009-04-24,26.02,26.94,25.98,26.61,11382700
2009-04-27,26.07,26.78,25.94,26.31,5872300
2009-04-28,25.5,26.09,25.3,25.77,3672210
2009-04-29,26,26.52,25.77,26.14,6168350
2009-04-30,26.08,26.51,25.78,25.86,7861795
2009-05-01,26.01,26.44,25.96,26.41,3484650
2009-05-04,26.54,27.23,26.52,27.23,4289535
2009-05-05,27.18,27.38,26.95,27.25,5112375
2009-05-06,27.44,27.79,27.21,27.74,6214410
2009-05-07,27.86,28,26.95,27.25,6890160
2009-05-08,27.49,28.09,27.45,27.94,4291980
2009-05-11,26.96,27.26,26.86,26.95,6848435
2009-05-12,26.93,27.14,26.44,26.84,5151145
2009-05-13,26.33,26.72,25.71,25.85,7654620
2009-05-14,25.89,27.09,25.55,26.26,20080785
2009-05-15,26.63,26.95,26.23,26.48,7200960
2009-05-18,25.61,26.35,25.61,26.23,10654865
2009-05-19,26.12,26.49,26.04,26.05,7487500
2009-05-20,26.33,26.74,26.06,26.11,6551665
2009-05-21,26.47,26.47,25.59,25.78,6505145
2009-05-22,25.86,26.09,25.72,25.79,4450965
2009-05-26,25.75,26.7,25.64,26.58,5273300
2009-05-27,26.01,26.24,25.45,25.56,5615970
2009-05-28,25.77,25.81,25.27,25.73,6245460
2009-05-29,26.26,26.33,25.8555,26.23,5783725
2009-06-01,26.92,27.55,26.92,27.34,4997750
2009-06-02,27.68,28.11,27.54,28,8202980
2009-06-03,27.84,27.84,27.09,27.37,5551785
2009-06-04,27.4,27.87,27.4,27.71,4915005
2009-06-05,28.14,28.22,27.738,27.83,6435940
2009-06-08,27.14,27.81,27.07,27.55,10730735
2009-06-09,27.68,27.86,27.4,27.64,6220125
2009-06-10,27.8,27.81,26.94,27.36,3495335
2009-06-11,27.22,27.77,27.22,27.42,3134605
2009-06-12,27.01,27.34,27,27.29,1921925
2009-06-15,26.89,26.89,26.0425,26.24,3552975
2009-06-16,26.57,26.64,25.95,25.96,3880805
2009-06-17,26.06,26.5,25.94,26.39,3663635
2009-06-18,25.98,26.21,25.78,25.98,3855905
2009-06-19,26.29,26.453,26.11,26.23,3976670
2009-06-22,25.82,25.82,25.19,25.32,4348515
2009-06-23,25.82,26.04,25.65,25.81,4354350
2009-06-24,25.99,26.37,25.75,25.9,3942895
2009-06-25,25.7,26.56,25.65,26.51,2597995
2009-06-26,26.35,26.47,26.1045,26.3,2493635
2009-06-29,26.68,26.74,26.32,26.58,2646445
2009-06-30,26.51,26.51,25.7,25.86,6424440
2009-07-01,25.97,26.24,25.86,25.98,2258760
2009-07-02,25.5,25.55,25.05,25.19,3257270
2009-07-06,25.06,25.35,25.02,25.27,2604375
2009-07-07,24.9,24.9,24.245,24.34,4151350
2009-07-08,24.35,24.56,24.17,24.4,6470250
2009-07-09,24.41,24.57,24.21,24.45,4036150
2009-07-10,24.1,24.13,23.6,23.85,4282405
2009-07-13,23.68,24.1,23.6095,24.08,4698440
2009-07-14,24.58,24.88,24.53,24.77,5106720
2009-07-15,24.87,25.24,24.83,25.23,8461290
2009-07-16,24.43,24.89,24.37,24.79,6184195
2009-07-17,24.23,24.43,24.15,24.34,4880840
2009-07-20,24.58,24.74,24.49,24.63,4206985
2009-07-21,24.75,24.86,24.42,24.64,3494330
2009-07-22,24.57,24.835,24.4,24.7,4122375
2009-07-23,24.62,25.39,24.62,25.28,6631885
2009-07-24,25.36,25.43,24.97,25.38,4169125
2009-07-27,24.94,24.94,24.61,24.78,6578230
2009-07-28,24.51,24.6,24.3,24.55,7393420
2009-07-29,24.52,24.87,24.52,24.82,11659780
2009-07-30,26.59,27.35,26.37,27.28,11369940
2009-07-31,27.62,28.212,27.59,27.96,6558525
2009-08-03,28.25,28.85,28.16,28.62,5669435
2009-08-04,28.26,28.26,27.84,28,5408910
2009-08-05,28.18,28.18,27.7,28.06,4053015
2009-08-06,28.7,28.7,28.09,28.28,3800795
2009-08-07,28.28,28.68,28.28,28.34,4598070
2009-08-10,29,29,28.3,28.65,4646375
2009-08-11,28.62,28.62,28.16,28.3,3206100
2009-08-12,28.13,28.81,28.07,28.55,2962765
2009-08-13,28.35,28.5,28.1,28.43,3005410
2009-08-14,28.43,28.57,27.72,27.92,7284320
2009-08-17,27.43,27.45,26.97,27.02,3743555
2009-08-18,27.25,27.65,27.25,27.57,3230310
2009-08-19,26.29,26.86,26.06,26.68,6443625
2009-08-20,26.44,26.58,26.22,26.5,3196325
2009-08-21,26.36,26.76,26.31,26.61,6347520
2009-08-24,26.59,26.75,26.47,26.58,3227465
2009-08-25,26.78,27.15,26.7,26.84,5234825
2009-08-26,26.86,27.18,26.78,27.03,2923240
2009-08-27,26.85,27.33,26.79,27.25,5772010
2009-08-28,27.55,27.62,27.15,27.3,2590265
2009-08-31,26.99,26.99,26.46,26.74,3852625
2009-09-01,26.6,27.07,26.29,26.39,6394215
2009-09-02,26.13,26.47,26.13,26.29,3721465
2009-09-03,26.38,26.44,26.0125,26.28,2709830
2009-09-04,26.34,26.68,25.98,26.51,2633025
2009-09-08,26.81,27.05,26.71,26.9,1903495
2009-09-09,26.57,26.76,26.43,26.59,3295370
2009-09-10,26.76,27.01,26.48,26.99,2934150
2009-09-11,27.2,27.46,27.1,27.27,3122110
2009-09-14,26.76,27.0705,26.7,27.01,4491580
2009-09-15,26.68,26.85,26.53,26.75,3626840
2009-09-16,27.5,27.71,27.32,27.65,5052035
2009-09-17,27.62,27.96,27.48,27.54,5792990
2009-09-18,28.43,28.67,28.38,28.46,5436240
2009-09-21,28.16,28.47,28.06,28.33,3156055
2009-09-22,28.49,28.74,28.37,28.37,4194745
2009-09-23,28.45,28.7,28.12,28.15,4482150
2009-09-24,29.2,29.39,28.5,28.81,8744830
2009-09-25,29.31,29.91,29.26,29.43,12199245
2009-09-28,29.73,30.15,29.59,30,4989990
2009-09-29,29.58,29.7,29.19,29.39,4068255
2009-09-30,29.65,29.69,28.988,29.2,5431525
2009-10-01,28.7,28.99,28,28.02,6456645
2009-10-02,27.36,27.492,26.95,27.16,6053260
2009-10-05,26.81,27.21,26.63,27.17,7216865
2009-10-06,27.33,27.9,27.33,27.63,4185775
2009-10-07,27.93,28.13,27.83,28.09,4265955
2009-10-08,28.34,28.54,28.1,28.2,4836705
2009-10-09,28.36,28.5,28.22,28.44,3291450
2009-10-12,28.57,29.18,28.57,28.62,2656675
2009-10-13,28.47,28.55,28.1,28.2,9257295
2009-10-14,28.48,28.64,28.25,28.56,9370650
2009-10-15,28.7,29.35,28.66,29.22,10395005
2009-10-16,28.68,29.11,28.6,28.88,4923080
2009-10-19,29.26,29.65,29.21,29.51,5906660
2009-10-20,29.6,29.64,28.8,29.11,3700785
2009-10-21,29.12,29.51,28.935,28.96,5691305
2009-10-22,28.93,29.38,28.64,29.26,4386185
2009-10-23,29.32,29.35,28.77,28.91,3915205
2009-10-26,29.4,29.61,28.85,29.16,5848005
2009-10-27,29.68,29.68,29.13,29.22,4656130
2009-10-28,28.95,29.29,28.56,28.63,5385455
2009-10-29,30.02,30.67,29.99,30.54,10253725
2009-10-30,30.57,30.82,29.06,29.39,11742820
2009-11-02,29,29.39,28.53,28.9,7876155
2009-11-03,28.63,29.01,28.47,29.01,6106745
2009-11-04,28.65,29,28.58,28.69,3540330
2009-11-05,28.57,28.78,28.43,28.73,2976430
2009-11-06,28.58,28.98,28.5,28.87,3296850
2009-11-09,29.43,29.51,29.17,29.49,4364820
2009-11-10,29.13,29.39,29,29.23,2253030
2009-11-11,29.19,29.34,28.9,29,2541925
2009-11-12,28.47,28.66,28.04,28.24,3896780
2009-11-13,28.23,28.54,28.14,28.35,2773980
2009-11-16,28.35,28.85,28.29,28.63,3406670
2009-11-17,28.7,28.7,28.3,28.45,3786320
2009-11-18,28.62,28.62,28.04,28.25,3011165
2009-11-19,27.83,27.83,26.71,26.98,9824380
2009-11-20,26.91,27,26.59,26.8,5021650
2009-11-23,27.21,27.4,27.11,27.31,5608975
2009-11-24,26.92,26.92,26.53,26.62,5479515
2009-11-25,27.24,27.54,27.1,27.46,3466840
2009-11-27,26.48,27.02,26.25,26.68,2535125
2009-11-30,26.81,26.94,26.48,26.69,5633270
2009-12-01,27.1,27.52,27.04,27.44,4278955
2009-12-02,26.89,27.088,26.76,27,3828500
2009-12-03,28.02,28.49,27.922,27.98,6640150
2009-12-04,28.41,28.79,28.24,28.52,4750315
2009-12-07,28.57,28.64,28.4,28.45,3368585
2009-12-08,28.7,28.79,28.53,28.67,4598930
2009-12-09,28.47,28.47,28.02,28.43,3693445
2009-12-10,28.49,28.566,28.3,28.34,2457960
2009-12-11,28.86,29,28.69,29,2942785
2009-12-14,29.26,29.37,29.18,29.3,2327420
2009-12-15,28.9,29.1,28.9,28.99,3330005
2009-12-16,28.98,29.27,28.9,29.01,2827225
2009-12-17,29,29,28.5,28.58,2912270
2009-12-18,28.44,28.64,28.07,28.64,3718435
2009-12-21,28.43,28.885,28.43,28.58,3175905
2009-12-22,28.88,29.21,28.8,29.13,2313325
2009-12-23,29.49,29.49,29.08,29.36,2903705
2009-12-24,29.45,29.45,29.2,29.31,830880
2009-12-28,29.39,29.58,29.34,29.58,1775890
2009-12-29,29.52,29.52,29.28,29.35,1029790
2009-12-30,28.85,29.31,28.85,29.3,2539145
2009-12-31,29.33,29.4,29,29,4212510
2010-01-04,29.52,30.18,29.5,30.02,4943895
2010-01-05,29.72,29.93,29.5,29.88,2838625
2010-01-06,29.88,29.95,29.66,29.85,2340975
2010-01-07,29.74,29.87,29.59,29.8,3226325
2010-01-08,30.04,30.47,29.93,30.41,2870180
2010-01-11,30.72,30.75,30.39,30.6,3015825
2010-01-12,31.47,31.7,31.45,31.57,5809650
2010-01-13,32.78,33.3,32.63,33.16,11516740
2010-01-14,33.59,34.1,33.4,33.73,6336010
2010-01-15,33.54,33.61,33.07,33.34,4926680
2010-01-19,33.59,34.11,33.49,33.99,3076270
2010-01-20,33.51,33.52,32.98,33.25,5178665
2010-01-21,34.75,34.95,34.06,34.36,7878665
2010-01-22,34.67,34.85,34.12,34.18,8127785
2010-01-25,34.88,34.99,34.45,34.8,4856785
2010-01-26,33.74,33.94,33.35,33.5,6120115
2010-01-27,33,33.44,32.66,33.24,7075820
2010-01-28,34.31,34.4,33.55,33.8,5869975
2010-01-29,33.47,33.89,33.21,33.23,4681085
2010-02-01,34,34.32,33.95,34.21,6458405
2010-02-02,34.76,35.59,34.75,35.41,7021170
2010-02-03,34.75,34.99,34.42,34.94,4916825
2010-02-04,34.54,35.5,33.52,34.48,8592935
2010-02-05,34.34,34.55,33.39,34.26,7946695
2010-02-08,33.38,33.38,32.94,33.01,3731655
2010-02-09,33.4,33.93,33.33,33.77,4067920
2010-02-10,33.93,34.12,33.47,33.81,3094580
2010-02-11,33.88,34.07,33.56,34.06,3136070
2010-02-12,33.87,34.11,33.51,34.06,4703700
2010-02-16,33.7,34.28,33.7,34.22,3199720
2010-02-17,34.36,34.64,34.35,34.44,3317535
2010-02-18,34.45,34.74,34.35,34.71,5332895
2010-02-19,34.31,34.56,34.17,34.43,4098960
2010-02-22,35,35,34.63,34.78,3564335
2010-02-23,34.8,34.94,34.34,34.61,4959625
2010-02-24,34.74,34.74,34.17,34.6,4359240
2010-02-25,33.83,34,33.41,34,5505660
2010-02-26,34.19,34.3,33.87,34.11,3882700
2010-03-01,34.4,34.87,34.4,34.8,3932545
2010-03-02,34.73,35.16,34.73,34.85,3242225
2010-03-03,35.32,35.71,35.17,35.5,3008740
2010-03-04,35.43,35.43,34.92,35.04,2714125
2010-03-05,35.89,36.38,35.8,36.34,8061890
2010-03-08,36.76,36.89,36.62,36.75,6772720
2010-03-09,36.82,37.33,36.82,37.15,4102250
2010-03-10,37.44,37.86,37.32,37.65,4692080
2010-03-11,37.74,38.19,37.74,38.17,4700035
2010-03-12,37.45,37.63,37.28,37.34,3934795
2010-03-15,37.3,37.73,37.21,37.61,3008350
2010-03-16,37.42,37.665,37.34,37.57,2592735
2010-03-17,37.77,37.9,37.65,37.8,2020275
2010-03-18,38.03,38.41,38,38.36,5729995
2010-03-19,38.83,38.83,38.38,38.64,4246565
2010-03-22,38.39,38.95,38.32,38.84,3308225
2010-03-23,40.11,40.45,39.98,40.44,14794640
2010-03-24,39,39.15,38.54,38.7,5825170
2010-03-25,38.1,38.17,37.64,37.66,6398180
2010-03-26,38.16,38.41,37.92,38.22,3406015
2010-03-29,38.29,38.47,38.11,38.43,2577670
2010-03-30,38.72,38.93,38.58,38.84,2808285
2010-03-31,38.35,38.63,38.25,38.32,3362625
2010-04-01,38.49,38.67,38.2,38.42,4304590
2010-04-05,38.3,38.63,38.2,38.57,2919155
2010-04-06,37.16,37.6,37.08,37.42,5537395
2010-04-07,36.96,37.04,36.62,36.87,6987435
2010-04-08,36.52,36.9,36.27,36.85,2807970
2010-04-09,36.71,36.91,36.5,36.81,3113280
2010-04-12,36.49,36.84,36.49,36.54,2439255
2010-04-13,36.5,36.64,36.42,36.6,4028315
2010-04-14,36.54,37,36.39,37,3519565
2010-04-15,36.59,36.91,36.49,36.69,2647560
2010-04-16,36.41,36.45,35.35,35.56,6137760
2010-04-19,35.94,36.27,35.66,36.11,4575435
2010-04-20,35.87,35.99,35.59,35.67,5919545
2010-04-21,35.58,35.7,35.38,35.49,4124440
2010-04-22,34.83,35.18,34.6,35.13,4748080
2010-04-23,34.64,34.98,34.61,34.98,3555350
2010-04-26,34.93,35.308,34.92,35.07,2595975
2010-04-27,35.76,35.9,35.2,35.25,9153925
2010-04-28,35.25,35.25,34.592,34.7,4757780
2010-04-29,34.99,35.37,34.89,35.34,3973865
2010-04-30,34.88,34.88,34.16,34.22,4668345
2010-05-03,34.29,34.7,34.24,34.64,3289720
2010-05-04,34.07,34.11,33.17,33.48,4975385
2010-05-05,33.01,33.46,32.69,33.28,6214380
2010-05-06,33.5,33.72,31,33.2,10339545
2010-05-07,33.19,33.41,32.2,32.9,6996325
2010-05-10,33.56,34.43,33.56,34.31,7654430
2010-05-11,33.57,34.082,33.31,33.57,4409795
2010-05-12,32.89,33.57,32.89,33.24,5511085
2010-05-13,33.2,33.29,31.42,31.53,14218420
2010-05-14,31.57,31.75,30.79,31.19,8642380
2010-05-17,30.49,30.83,30.06,30.67,6145630
2010-05-18,30.68,31.04,30.34,30.42,7046240
2010-05-19,31.6,31.92,31.35,31.73,14740235
2010-05-20,31.16,31.16,30.4,30.67,12036295
2010-05-21,31.89,32.3,31.61,32.26,9288680
2010-05-24,31.79,31.81,31.29,31.37,5848505
2010-05-25,30.07,30.98,29.85,30.9,8549775
2010-05-26,30.36,31.16,30.3,30.39,7922600
2010-05-27,31.01,31.71,31.01,31.65,7119340
2010-05-28,31.29,31.3,30.73,30.78,4300925
2010-06-01,30.47,30.95,30.21,30.23,3808410
2010-06-02,29.73,30.16,29.45,30.15,6112850
2010-06-03,30.27,30.34,29.75,30.05,6758535
2010-06-04,29.23,29.71,29.02,29.24,5713880
2010-06-07,28.97,29.13,28.29,28.29,6724410
2010-06-08,28.28,28.65,28.09,28.62,6288900
2010-06-09,28.23,28.72,28.06,28.2,8430275
2010-06-10,27.97,28.33,27.931,28.22,6417280
2010-06-11,27.89,28.64,27.89,28.6,7219015
2010-06-14,28.75,28.75,28.33,28.4,6670285
2010-06-15,28.54,28.89,28.41,28.89,9266750
2010-06-16,28.63,28.68,27.97,28.33,19840910
2010-06-17,28.33,28.49,28.09,28.25,9814845
2010-06-18,28.11,28.32,27.67,27.93,9380815
2010-06-21,28.5,28.72,28.25,28.4,7850555
2010-06-22,28.1,28.1,27.47,27.56,6464645
2010-06-23,27.8,27.94,27.31,27.74,7361705
2010-06-24,27.71,27.71,27.25,27.39,5022975
2010-06-25,27.3,27.4,27.02,27.33,4430160
2010-06-28,27.35,27.44,27.05,27.16,3234575
2010-06-29,27.04,27.11,26.75,26.84,7150875
2010-06-30,26.9,27.23,26.58,26.68,5960980
2010-07-01,26.22,26.412,25.85,26.34,9003925
2010-07-02,26.59,26.81,26.16,26.36,4431450
2010-07-06,27.05,27.27,26.58,26.88,5491160
2010-07-07,26.69,27.08,26.66,27.05,4895845
2010-07-08,27.41,27.8,27.275,27.78,5294560
2010-07-09,27.49,27.88,27.45,27.86,3408430
2010-07-12,28.43,28.71,28.39,28.51,6022940
2010-07-13,28.96,29.31,28.83,29.23,6115615
2010-07-14,29.04,29.1,28.82,29.08,6192215
2010-07-15,28.53,28.79,28.403,28.68,5419785
2010-07-16,27.54,27.64,26.81,26.87,7441920
2010-07-19,27,27.15,26.81,27.15,6201955
2010-07-20,26.56,27.17,26.51,27.1,6078370
2010-07-21,27.03,27.17,26.54,26.66,7329055
2010-07-22,27.92,28.3505,27.81,28.18,6389015
2010-07-23,28.87,29.01,28.58,28.94,6426580
2010-07-26,29.05,29.05,28.63,28.85,6589535
2010-07-27,29.31,30,29.29,29.72,12903065
2010-07-28,29.72,29.78,29.25,29.56,8292535
2010-07-29,31.05,32.09,31.05,31.9,16829290
2010-07-30,31.36,31.41,30.97,31.22,7689895
2010-08-02,31.95,32.19,31.81,32.13,5697800
2010-08-03,31.63,32.0105,31.37,31.41,7177590
2010-08-04,31.18,31.29,30.78,31.2,6099535
2010-08-05,31.23,31.38,31.15,31.27,3986510
2010-08-06,31.5,31.69,31.2,31.67,4119515
2010-08-09,31.49,31.71,31.41,31.7,3139675
2010-08-10,31.05,31.27,30.76,31.1,3312685
2010-08-11,30.48,30.48,29.75,29.8,6253805
2010-08-12,29.37,29.83,29.37,29.69,3687370
2010-08-13,30.07,30.26,29.9,30.01,3578230
2010-08-16,29.4,29.65,29.32,29.6,4315410
2010-08-17,29.87,30.18,29.84,30.03,2589445
2010-08-18,29.87,30.02,29.68,29.88,1899835
2010-08-19,30.03,30.31,29.65,29.92,3947140
2010-08-20,29.43,29.55,29.17,29.51,3461425
2010-08-23,29.3,29.4,28.94,28.94,3535335
2010-08-24,28.46,28.46,28.06,28.07,5057860
2010-08-25,28.02,28.38,27.86,28.3,4501370
2010-08-26,28.19,28.36,27.92,28.01,3520705
2010-08-27,28.57,28.93,28.51,28.88,7004320
2010-08-30,28.66,28.82,28.49,28.49,2699900
2010-08-31,27.97,28.365,27.86,27.99,4429345
2010-09-01,28.35,28.95,28.34,28.92,3755560
2010-09-02,28.81,29.07,28.69,29.06,3989825
2010-09-03,29.82,29.98,29.62,29.92,5189990
2010-09-07,29.72,29.82,29.49,29.52,2075470
2010-09-08,29.46,29.55,29.33,29.4,4767535
2010-09-09,29.7,29.9,29.5,29.65,4210220
2010-09-10,29.79,29.99,29.77,29.95,5226845
2010-09-13,30.02,30.155,29.9,30.13,2465750
2010-09-14,29.89,29.95,29.74,29.88,4016105
2010-09-15,30.28,30.73,30.2,30.69,4369620
2010-09-16,30.81,31.02,30.74,30.97,4262210
2010-09-17,31.17,31.17,30.78,30.92,3878525
2010-09-20,30.97,31.63,30.85,31.53,2938060
2010-09-21,30.87,31.14,30.74,30.96,3587000
2010-09-22,30.53,30.73,30.22,30.28,3064690
2010-09-23,30.08,30.33,29.87,30.06,4120875
2010-09-24,30.74,31.1,30.65,31,2466385
2010-09-27,31.02,31.18,30.82,30.86,3561325
2010-09-28,30.77,30.87,30.45,30.77,4048465
2010-09-29,31.35,31.63,31.32,31.45,4289190
2010-09-30,31.16,31.39,30.73,30.92,6881955
2010-10-01,30.8,30.8,30.4,30.54,4724230
2010-10-04,30.67,30.68,30.23,30.48,3012570
2010-10-05,31.26,31.6,31.16,31.47,7727900
2010-10-06,31.5,31.6,31.36,31.49,3552885
2010-10-07,31.75,31.78,31.34,31.48,7894195
2010-10-08,32.08,32.39,31.95,32.26,7671335
2010-10-11,32.2,32.33,32.15,32.24,2634835
2010-10-12,31.62,31.93,31.5,31.89,3096275
2010-10-13,31.89,32.18,31.85,31.95,3913220
2010-10-14,32.35,32.35,32.04,32.22,3731620
2010-10-15,32.35,32.35,31.86,32.13,3347510
2010-10-18,32.6,33.05,32.6,32.95,4085885
2010-10-19,32.76,33.12,32.61,32.87,5039340
2010-10-20,32.91,33.34,32.88,33.21,4024105
2010-10-21,33.54,33.68,33.1,33.4,3891795
2010-10-22,33.58,33.62,33.33,33.43,3623740
2010-10-25,33.69,34,33.5,33.56,2898715
2010-10-26,33.82,34.02,33.63,33.91,5213965
2010-10-27,33.76,33.9,33.39,33.85,3546090
2010-10-28,33.68,33.97,33.63,33.82,5581775
2010-10-29,33.88,34.26,33.56,33.84,5811580
2010-11-01,32.93,33.05,32.449,32.7,7149105
2010-11-02,32.79,32.83,32.61,32.71,4758490
2010-11-03,32.62,32.88,32.37,32.86,3521385
2010-11-04,33,33.21,32.93,33.21,3160045
2010-11-05,33.41,33.56,33.09,33.4,3427480
2010-11-08,33.52,33.67,33.4015,33.67,1817485
2010-11-09,33.77,33.79,33.19,33.31,2428780
2010-11-10,33.59,33.65,33.09,33.56,4313190
2010-11-11,33.32,33.38,33.1,33.32,1770235
2010-11-12,33.04,33.25,32.77,32.95,2258670
2010-11-15,33.85,33.93,33.64,33.64,4806045
2010-11-16,34.03,34.11,33.46,33.67,6556885
2010-11-17,34.46,34.63,34.385,34.47,5101715
2010-11-18,35.33,35.57,35.27,35.41,6447365
2010-11-19,35.17,35.5005,35,35.4,6021385
2010-11-22,35.13,35.43,34.76,35.37,5105270
2010-11-23,34.52,34.79,34.39,34.45,6440290
2010-11-24,34.61,35,34.5,35,4610380
2010-11-26,34.42,34.75,34.4,34.58,2957635
2010-11-29,34.87,35.09,34.61,35,8212160
2010-11-30,35.1,35.66,35.01,35.48,5276255
2010-12-01,36.21,36.72,36.21,36.47,5106435
2010-12-02,36.16,36.88,36.03,36.56,3424270
2010-12-03,36.25,36.4,36.09,36.32,4069805
2010-12-06,36.36,36.62,36.25,36.57,2231760
2010-12-07,36.35,36.45,36.04,36.1,5602175
2010-12-08,36.31,36.47,35.92,36.36,2540885
2010-12-09,36.36,36.36,35.97,36.2,2174025
2010-12-10,35.81,35.83,35.48,35.83,4436500
2010-12-13,36.13,36.13,35.77,35.88,3513765
2010-12-14,35.74,35.77,35.49,35.63,5325940
2010-12-15,35.57,35.9,35.52,35.65,2756420
2010-12-16,35.39,35.68,35.16,35.59,3068560
2010-12-17,35.24,35.48,35.17,35.39,2940295
2010-12-20,35.23,35.4,35.07,35.19,4258300
2010-12-21,35.7,36.36,35.66,36.24,6303980
2010-12-22,35.68,35.79,35.32,35.48,2374735
2010-12-23,35.4,35.724,35.28,35.57,1830170
2010-12-27,35.46,35.64,35.42,35.61,1108710
2010-12-28,35.99,35.99,35.64,35.84,1428135
2010-12-29,36.05,36.07,35.8,35.87,1363035
2010-12-30,35.87,35.9,35.5,35.57,1235255
2010-12-31,35.52,35.92,35.45,35.71,1623865
2011-01-03,36.17,36.4,35.98,36.38,2372770
2011-01-04,36.36,36.49,35.96,36.16,3254315
2011-01-05,35.81,36.34,35.75,36.21,2359170
2011-01-06,36.27,36.3,35.89,36.01,1805930
2011-01-07,36.13,36.31,35.72,36.04,4497115
2011-01-10,35.93,36.17,35.75,36.16,1924490
2011-01-11,36.28,36.41,36.03,36.36,2600420
2011-01-12,36.31,36.43,36.11,36.4,2450620
2011-01-13,36.05,36.06,35.5,35.62,7194690
2011-01-14,35.4,35.93,35.33,35.88,4728765
2011-01-18,35.76,36.0345,35.69,35.87,2935400
2011-01-19,36,36.2,35.89,35.94,6015675
2011-01-20,35.615,35.66,35.06,35.43,4572510
2011-01-21,34.35,34.56,34.06,34.22,4715995
2011-01-24,34.39,34.97,34.32,34.85,3182505
2011-01-25,35.16,35.28,34.8,35.15,6118905
2011-01-26,35.1,35.2,34.87,34.93,3565775
2011-01-27,35.29,35.5,35.13,35.37,6014470
2011-01-28,35.34,35.5,34.62,34.78,4219370
2011-01-31,34.61,34.63,34.34,34.34,3005520
2011-02-01,34.61,34.86,34.49,34.74,2843980
2011-02-02,34.79,34.96,34.64,34.79,6221720
2011-02-03,35,36.69,35,36.46,11044840
2011-02-04,35.84,36.06,35.49,35.63,10921620
2011-02-07,34.79,35.09,34.67,34.97,8768565
2011-02-08,35.1,35.38,34.95,35.24,3279090
2011-02-09,35.1,35.1,34.79,35.05,2488235
2011-02-10,34.71,34.91,34.51,34.83,1767410
2011-02-11,34.84,35.03,34.65,34.9,1708850
2011-02-14,34.94,35.13,34.92,35,1891365
2011-02-15,34.84,34.88,34.62,34.67,1853880
2011-02-16,35.64,35.93,35.53,35.82,4558095
2011-02-17,35.96,36.47,35.96,36.34,2932205
2011-02-18,36.28,36.46,36.14,36.41,2499770
2011-02-22,36.45,36.78,36.06,36.16,6025455
2011-02-23,36.31,36.31,35.58,35.83,3953700
2011-02-24,35.62,35.9,35.46,35.74,3905650
2011-02-25,36.1,36.52,36.08,36.48,2224465
2011-02-28,36.76,36.97,36.71,36.84,2877700
2011-03-01,36.72,36.81,36.26,36.27,3711065
2011-03-02,36.24,36.32,36.01,36.19,2068915
2011-03-03,36.1,36.43,36.01,36.36,2582160
2011-03-04,36.03,36.07,35.63,35.95,2121225
2011-03-07,35.905,36,35.14,35.16,3056565
2011-03-08,35.2,35.45,34.98,35.32,2637470
2011-03-09,34.99,35.08,34.72,34.99,2579095
2011-03-10,34.54,34.63,34.2,34.26,2710365
2011-03-11,33.49,33.61,33.07,33.45,5549380
2011-03-14,30.95,31.3,30.75,31.08,24473335
2011-03-15,29.16,31.25,28.945,30.9,25333175
2011-03-16,31.1,31.11,29.5,29.88,15822130
2011-03-17,32,32,31.29,31.4,8998205
2011-03-18,31.06,31.54,30.83,31.54,6033750
2011-03-21,32.49,32.58,32.09,32.42,7684535
2011-03-22,32.36,32.43,32.1,32.28,6097480
2011-03-23,32.32,32.32,31.62,32.15,5373205
2011-03-24,32.1,32.55,31.87,32.38,6700930
2011-03-25,32.5,32.59,32.2,32.21,7358265
2011-03-28,32.01,32.02,31.65,31.65,5029630
2011-03-29,31.71,31.98,31.65,31.91,2638655
2011-03-30,32.25,32.3,32.0755,32.28,2646745
2011-03-31,32,32.11,31.75,31.83,3664500
2011-04-01,31.82,32.09,31.594,31.87,6456330
2011-04-04,31.63,31.67,31.4,31.45,4889120
2011-04-05,31.1,31.29,30.93,31.11,5606425
2011-04-06,30.73,30.75,30.36,30.56,7803005
2011-04-07,30.62,30.709,30.1,30.33,6555625
2011-04-08,30.84,30.94,30.51,30.58,6410815
2011-04-11,30.41,30.46,30.08,30.24,3268240
2011-04-12,29.82,29.83,29.4,29.59,19731805
2011-04-13,29.96,29.99,29.61,29.78,7304445
2011-04-14,29.69,29.8,29.581,29.69,2577845
2011-04-15,29.54,29.72,29.52,29.69,2958205
2011-04-18,28.95,29.32,28.91,29.25,4380325
2011-04-19,29.42,29.78,29.41,29.71,2801650
2011-04-20,30.03,30.15,29.94,30.14,4546960
2011-04-21,30.62,30.63,30.35,30.5,6384105
2011-04-25,30.26,30.26,29.91,30.09,2979810
2011-04-26,29.755,29.79,29.56,29.79,3868410
2011-04-27,29.06,29.11,28.86,29.03,7587570
2011-04-28,28.02,28.5,27.85,28.39,11143500
2011-04-29,28.39,28.51,28.19,28.31,7514360
2011-05-02,28.69,29.1,28.57,28.8,6247000
2011-05-03,28.6,28.71,28.34,28.44,3354265
2011-05-04,28.53,28.631,28.17,28.38,4074940
2011-05-05,28.19,28.28,27.925,27.98,4266695
2011-05-06,28.33,28.39,28.04,28.06,5525785
2011-05-09,28.52,28.74,28.47,28.68,3611100
2011-05-10,28.95,29.1,28.86,28.99,2933900
2011-05-11,28.54,28.54,28.16,28.3,4653410
2011-05-12,27.99,28.28,27.93,28.23,3645360
2011-05-13,27.92,27.94,27.5,27.58,3804865
2011-05-16,27.67,28.13,27.62,27.82,5854200
2011-05-17,27.82,28.1,27.82,28.07,4307955
2011-05-18,27.68,27.81,27.55,27.8,5625805
2011-05-19,27.21,27.3,27.11,27.22,6881920
2011-05-20,27.24,27.25,26.93,27.05,3196700
2011-05-23,26,26.78,25.9,26.59,12217630
2011-05-24,27.62,28.02,27.57,27.9,10648880
2011-05-25,27.28,27.7,27.2,27.65,7297125
2011-05-26,27.41,27.51,27.04,27.21,6219695
2011-05-27,26.93,27.07,26.78,26.85,6018285
2011-05-31,26.8,26.8,26.6,26.74,6112745
2011-06-01,26.86,26.86,26.5,26.5,4442090
2011-06-02,26.59,26.7,26.41,26.54,3591865
2011-06-03,26.3,26.52,26.3,26.38,4181665
2011-06-06,25.9,25.9,25.61,25.76,7768400
2011-06-07,25.48,25.49,25.25,25.27,5144365
2011-06-08,25.37,25.51,25.195,25.25,4653455
2011-06-09,25.3,25.69,25.29,25.61,8263320
2011-06-10,25.35,25.35,25,25.01,5264520
2011-06-13,25.17,25.28,25.06,25.09,4663750
2011-06-14,25.14,25.26,25.07,25.2,4027145
2011-06-15,25.05,25.21,24.86,24.88,3244415
2011-06-16,24.79,25,24.66,24.8,3393735
2011-06-17,24.95,25.07,24.87,24.92,5451145
2011-06-20,24.26,24.4,24.2105,24.28,6913515
2011-06-21,24.3,24.49,24.23,24.47,4617465
2011-06-22,25.02,25.28,24.94,24.94,5758290
2011-06-23,24.92,25.34,24.83,25.29,8205455
2011-06-24,25.86,25.96,25.57,25.63,5033830
2011-06-27,25.29,25.32,25.12,25.26,5128695
2011-06-28,25.31,25.42,25.23,25.42,3722630
2011-06-29,25.57,25.64,25.41,25.6,2863100
2011-06-30,26.32,26.48,26.24,26.39,5764640
2011-07-01,26.42,26.6,26.16,26.57,3730345
2011-07-05,26.75,26.78,26.62,26.74,3979165
2011-07-06,26.87,26.98,26.75,26.93,4925670
2011-07-07,27.18,27.3,27.14,27.29,3344505
2011-07-08,27.14,27.16,26.96,27.1,10593565
2011-07-11,27.06,27.15,26.75,26.86,4589970
2011-07-12,26.55,26.93,26.52,26.62,5879035
2011-07-13,27.01,27.32,26.98,27.06,3698145
2011-07-14,27.07,27.1,26.62,26.73,2974510
2011-07-15,26.95,27.25,26.81,27.03,4479930
2011-07-18,27,27.03,26.51,26.69,3604975
2011-07-19,26.66,26.77,26.42,26.65,2922700
2011-07-20,26.61,26.73,26.58,26.72,2661820
2011-07-21,26.58,26.83,26.5,26.8,4329850
2011-07-22,26.87,26.89,26.66,26.83,2372345
2011-07-25,26.36,26.48,26.265,26.31,3111970
2011-07-26,26.45,26.47,26.29,26.4,1944665
2011-07-27,26.11,26.13,25.56,25.6,5258725
2011-07-28,25.11,25.39,24.93,25.08,5289825
2011-07-29,24.96,25.2405,24.96,25.1,4320985
2011-08-01,25.33,25.37,24.88,25.07,6678670
2011-08-02,25.38,25.56,25.11,25.13,7637330
2011-08-03,25,25.05,24.51,24.98,7360485
2011-08-04,24.06,24.1,23.32,23.35,9178760
2011-08-05,23.49,23.67,22.651,23.14,13089175
2011-08-08,22.26,22.61,21.59,21.67,11274180
2011-08-09,22.82,22.82,21.68,22.61,23424135
2011-08-10,21.83,21.83,21.29,21.32,14970460
2011-08-11,21.38,22,21.21,21.79,14229980
2011-08-12,21.55,21.74,21.31,21.49,6169580
2011-08-15,22.13,22.4,22.04,22.37,5321130
2011-08-16,21.99,22.22,21.83,21.96,6493805
2011-08-17,22.14,22.25,21.83,21.9,4220455
2011-08-18,21.23,21.23,20.56,20.69,10038030
2011-08-19,20.55,20.94,20.47,20.53,6485250
2011-08-22,20.94,20.94,20.64,20.69,5634090
2011-08-23,20.79,21,20.64,21,6503630
2011-08-24,20.29,20.48,20.135,20.41,8512865
2011-08-25,20.63,20.72,20.25,20.35,4247605
2011-08-26,20.35,20.91,20.35,20.69,5577705
2011-08-29,21.42,21.65,21.32,21.63,3630275
2011-08-30,21.83,22.1,21.71,22.01,6080665
2011-08-31,22.06,22.2,21.77,21.95,6335900
2011-09-01,22.07,22.22,21.72,21.76,4285455
2011-09-02,20.9,20.95,20.685,20.73,5155000
2011-09-06,19.78,19.95,19.56,19.86,5140285
2011-09-07,20.25,20.63,20.22,20.45,5676100
2011-09-08,20.13,20.389,19.99,20.1,6127570
2011-09-09,19.87,19.925,19.57,19.63,5112815
2011-09-12,19.47,19.58,19.1,19.5,5459705
2011-09-13,19.5,19.58,19.305,19.54,3398805
2011-09-14,19.81,20.105,19.52,19.88,4057975
2011-09-15,19.97,20.0735,19.84,20.03,2857035
2011-09-16,20.53,20.58,20.31,20.5,4141365
2011-09-19,20.1,20.29,19.87,20.17,5304475
2011-09-20,19.97,20.05,19.742,19.81,3810575
2011-09-21,19.67,19.8,19.18,19.18,3264130
2011-09-22,19.01,19.08,18.39,18.66,9799915
2011-09-23,18.82,19.09,18.74,19.02,7438135
2011-09-26,18.94,19.02,18.56,18.99,4021815
2011-09-27,19.25,19.69,19.13,19.22,5002695
2011-09-28,19.76,19.775,19.3,19.34,7908355
2011-09-29,19.77,19.86,19.4,19.73,5089440
2011-09-30,19.38,19.38,18.92,19,7962340
2011-10-03,18.81,18.85,18.1,18.11,6489800
2011-10-04,18.41,18.85,18.16,18.82,10197735
2011-10-05,18.49,18.8,18.32,18.78,5592520
2011-10-06,18.99,19.12,18.83,19.12,13139045
2011-10-07,18.625,18.67,18.1,18.25,10098725
2011-10-10,18.55,19,18.55,19,4510265
2011-10-11,19.34,19.69,19.24,19.58,6686655
2011-10-12,19.96,20.17,19.8,19.94,5431415
2011-10-13,20.2,20.31,20.01,20.22,6078230
2011-10-14,20.3,20.31,20.08,20.17,7275290
2011-10-17,20.62,20.76,20.29,20.37,5647300
2011-10-18,20.41,20.95,20.27,20.79,6664130
2011-10-19,20.43,20.54,20.16,20.24,8324610
2011-10-20,20.19,20.32,19.94,20.23,6175550
2011-10-21,20.55,20.71,20.46,20.71,3277345
2011-10-24,20.16,20.4,20.08,20.38,6406270
2011-10-25,20.37,20.55,20.18,20.21,4132825
2011-10-26,20.71,20.72,20.29,20.61,4014710
2011-10-27,21.46,22.1,21.25,22.06,5205250
2011-10-28,22.31,22.49,22.24,22.38,5962015
2011-10-31,21.63,21.77,20.96,20.97,6130835
2011-11-01,19.8,20.1,19.61,19.71,7180215
2011-11-02,18.84,18.84,18.23,18.53,11051995
2011-11-03,18.68,18.68,17.8,18.31,13700660
2011-11-04,17.91,18.04,17.7,17.92,6879255
2011-11-07,17.87,18.015,17.71,17.99,3993200
2011-11-08,17.54,17.57,17.26,17.48,7288735
2011-11-09,17.54,17.55,17.09,17.2,8343220
2011-11-10,17.29,17.31,16.91,17.11,6429380
2011-11-11,17.67,17.67,17.405,17.54,5177175
2011-11-14,17.62,17.74,17.45,17.51,6099215
2011-11-15,17.45,17.53,17.25,17.42,5138515
2011-11-16,17.18,17.18,16.85,16.87,6391545
2011-11-17,17.12,17.14,16.645,16.8,5746120
2011-11-18,16.99,17.01,16.85,16.91,7712300
2011-11-21,16.51,16.51,16.16,16.28,4793785
2011-11-22,16.76,16.88,16.54,16.57,7426235
2011-11-23,16.47,16.47,16.16,16.27,5983680
2011-11-25,17.15,17.3,16.96,16.96,8592515
2011-11-28,17.55,17.69,17.46,17.52,11185880
2011-11-29,17.72,17.82,17.46,17.57,9532180
2011-11-30,18,18.2,17.97,18.05,10058440
2011-12-01,17.98,18.1,17.9,17.99,5392030
2011-12-02,18.07,18.07,17.7,17.77,5890390
2011-12-05,17.89,18.04,17.75,17.88,2936145
2011-12-06,17.8,17.8,17.55,17.68,3080190
2011-12-07,18.48,18.61,18.39,18.53,9876590
2011-12-08,18.5,18.56,18.08,18.14,7345685
2011-12-09,18.12,18.29,17.99,18.28,10841070
2011-12-12,18.02,18.0215,17.7,17.87,4202125
2011-12-13,17.87,17.93,17.4,17.51,4819435
2011-12-14,17.18,17.33,17.02,17.1,10789730
2011-12-15,17.39,17.44,17.14,17.19,5277650
2011-12-16,17.4,17.48,17.2,17.31,4091070
2011-12-19,17.03,17.07,16.6705,16.71,4638970
2011-12-20,17.11,17.3615,17.01,17.31,8196415
2011-12-21,17.41,17.47,17.2,17.47,3291320
2011-12-22,17.55,17.81,17.55,17.76,3069915
2011-12-23,17.78,17.99,17.78,17.95,2106310
2011-12-27,17.82,17.91,17.78,17.78,1883595
2011-12-28,17.57,17.57,17.02,17.08,4093575
2011-12-29,17.21,17.68,17.2,17.68,11494945
2011-12-30,17.75,18.17,17.71,18.04,14090305
2012-01-03,18.28,18.5,18.28,18.38,7073740
2012-01-04,18.24,18.27,18.14,18.22,5731835
2012-01-05,17.83,17.85,17.6,17.7,7324215
2012-01-06,17.57,17.57,17.37,17.44,2970285
2012-01-09,17.51,17.51,17.35,17.47,2657975
2012-01-10,17.7,17.76,17.61,17.7,5186660
2012-01-11,17.61,17.7,17.52,17.69,2955660
2012-01-12,17.25,17.31,17.11,17.26,4746670
2012-01-13,17.2,17.2,17.01,17.13,1959745
2012-01-17,17,17,16.75,16.77,5800020
2012-01-18,16.95,17.17,16.91,17.12,3966785
2012-01-19,17.22,17.36,17.2,17.25,5271155
2012-01-20,17.51,17.88,17.44,17.85,8272930
2012-01-23,18.43,18.62,18.42,18.53,8829115
2012-01-24,17.96,18.01,17.8,17.95,3978030
2012-01-25,18.46,18.75,18.42,18.66,7361800
2012-01-26,18.58,18.72,18.45,18.51,9154540
2012-01-27,18.42,18.54,18.29,18.42,3605420
2012-01-30,18.17,18.19,18,18.11,3769260
2012-01-31,18.34,18.38,18.1,18.22,3030545
2012-02-01,18.06,18.455,18.03,18.19,15457345
2012-02-02,17.65,17.68,16.85,17.09,19672890
2012-02-03,18.85,19.32,18.79,19.21,22272145
2012-02-06,19.36,19.46,19.28,19.44,6613480
2012-02-07,19.635,19.71,19.16,19.68,8321855
2012-02-08,19.79,20.01,19.78,19.89,5977505
2012-02-09,19.94,19.995,19.8,19.91,4430205
2012-02-10,19.69,19.69,19.41,19.53,8754600
2012-02-13,19.56,19.58,19.393,19.48,4048390
2012-02-14,19.23,19.23,19,19.13,6227660
2012-02-15,19.97,20.15,19.95,19.99,10974695
2012-02-16,20.21,20.52,20.21,20.5,6598155
2012-02-17,20.65,20.71,20.52,20.6,2610150
2012-02-21,20.73,20.8,20.56,20.66,7535255
2012-02-22,20.86,20.94,20.82,20.88,8074205
2012-02-23,20.92,21.22,20.825,21.19,7251555
2012-02-24,21.74,21.85,21.65,21.73,6573605
2012-02-27,21.54,21.79,21.4,21.69,5883095
2012-02-28,22.09,22.35,22.03,22.26,7599090
2012-02-29,21.79,21.84,21.38,21.39,9997195
2012-03-01,21.49,21.72,21.39,21.57,6188405
2012-03-02,21.435,21.45,21.27,21.37,4744165
2012-03-05,20.69,20.82,20.64,20.73,6517300
2012-03-06,20.35,20.42,20.22,20.36,6449280
2012-03-07,20.39,20.47,20.23,20.42,3179050
2012-03-08,20.44,20.47,20.32,20.42,19134215
2012-03-09,21.06,21.455,20.95,21.26,14034530
2012-03-12,20.93,21.02,20.78,20.85,3179810
2012-03-13,20.86,21.15,20.84,21.14,10442130
2012-03-14,21.58,21.73,21.43,21.59,6671770
2012-03-15,21.68,21.83,21.6,21.75,5563505
2012-03-16,21.98,22.05,21.76,21.81,9629380
2012-03-19,21.62,21.7,21.48,21.65,6152570
2012-03-20,21.42,21.44,21.2,21.38,4827115
2012-03-21,20.7,20.82,20.56,20.72,7707570
2012-03-22,20.67,20.67,20.49,20.55,4635290
2012-03-23,20.16,20.33,20.01,20.32,5174885
2012-03-26,20.51,20.61,20.43,20.6,3773655
2012-03-27,20.73,21.1,20.68,20.77,3506720
2012-03-28,21.32,21.36,21.01,21.13,5955710
2012-03-29,20.95,21.04,20.79,20.93,9282520
2012-03-30,20.89,20.9,20.64,20.77,3405100
2012-04-02,20.56,20.83,20.55,20.81,3298655
2012-04-03,20.74,20.76,20.38,20.5,4594180
2012-04-04,19.88,19.91,19.62,19.72,5864515
2012-04-05,19.95,20.21,19.93,20.01,2986330
2012-04-09,20,20.16,19.95,20.1,5578070
2012-04-10,18.49,18.77,18.06,18.24,24458325
2012-04-11,18.7,18.76,18.56,18.75,9504050
2012-04-12,18.72,18.87,18.67,18.73,13372600
2012-04-13,18.02,18.06,17.315,17.36,18034220
2012-04-16,17.82,17.88,17.42,17.51,15552600
2012-04-17,17.5,17.59,17.46,17.5,12527730
2012-04-18,17,17.06,16.6,16.89,25208980
2012-04-19,16.86,16.95,16.65,16.7,11511395
2012-04-20,16.75,16.87,16.59,16.83,8283390
2012-04-23,16.43,16.56,16.28,16.51,7473945
2012-04-24,16.45,16.66,16.43,16.62,11864390
2012-04-25,16.38,16.46,16.26,16.42,8240375
2012-04-26,16.34,16.6,16.3,16.5,5061040
2012-04-27,16.34,16.39,16.17,16.32,3490065
2012-04-30,16.29,16.29,16.11,16.21,5891560
2012-05-01,15.85,16.07,15.78,15.99,16129355
2012-05-02,15.81,15.81,15.61,15.73,8305105
2012-05-03,15.75,15.75,15.45,15.52,8599635
2012-05-04,15.4,15.45,15.15,15.32,11457895
2012-05-07,15.29,15.38,15.145,15.31,8858595
2012-05-08,15.14,15.15,14.85,15.02,9709085
2012-05-09,15.26,15.33,15.06,15.23,19388510
2012-05-10,15.54,15.75,15.32,15.38,14408005
2012-05-11,14.15,14.26,13.97,14.18,19371440
2012-05-14,14.32,14.34,14.18,14.2,7167855
2012-05-15,14.07,14.14,13.87,13.91,6198765
2012-05-16,13.91,14.01,13.73,13.76,9915205
2012-05-17,14.25,14.36,14.13,14.24,16772720
2012-05-18,13.98,14.05,13.72,13.77,7106960
2012-05-21,13.93,14.14,13.835,14.13,6097600
2012-05-22,14.01,14.15,13.93,14,5065165
2012-05-23,13.81,13.85,13.545,13.83,6596965
2012-05-24,13.89,13.91,13.64,13.76,13667080
2012-05-25,13.3,13.38,13.24,13.3,8923165
2012-05-29,13.43,13.57,13.41,13.55,4970085
2012-05-30,13.2,13.2,12.97,13.03,8124405
2012-05-31,13.2,13.3,13.07,13.24,6098700
2012-06-01,12.75,12.77,12.63,12.65,9579040
2012-06-04,12.84,12.84,12.64,12.79,5734605
2012-06-05,13.06,13.326,12.95,13.2,9319340
2012-06-06,13.36,13.64,13.32,13.59,10435080
2012-06-07,13.65,13.69,13.29,13.31,11098225
2012-06-08,12.82,12.88,12.75,12.85,8171295
2012-06-11,13.07,13.08,12.75,12.76,7591480
2012-06-12,12.87,13.1,12.76,13.07,9607830
2012-06-13,12.88,12.941,12.72,12.76,6450210
2012-06-14,12.99,13.02,12.89,12.98,13368650
2012-06-15,13.08,13.2,13.03,13.18,3609925
2012-06-18,13.325,13.52,13.32,13.43,5749705
2012-06-19,13.56,13.69,13.53,13.56,7754675
2012-06-20,13.91,14.12,13.86,13.97,9153710
2012-06-21,13.9,13.93,13.52,13.55,6269440
2012-06-22,14.44,14.47,14.25,14.31,12099525
2012-06-25,14.1,14.14,13.85,13.96,7098755
2012-06-26,13.89,13.91,13.73,13.84,5597370
2012-06-27,13.76,13.88,13.69,13.81,7196300
2012-06-28,13.69,13.77,13.6,13.72,7424510
2012-06-29,14.14,14.27,14.14,14.24,9527055
2012-07-02,14.18,14.2,14.01,14.2,4068585
2012-07-03,14.18,14.31,14.11,14.27,3235055
2012-07-05,13.79,13.83,13.59,13.78,6800815
2012-07-06,13.66,13.68,13.54,13.64,5051410
2012-07-09,13.55,13.58,13.36,13.45,3919840
2012-07-10,13.17,13.25,13.01,13.1,8296335
2012-07-11,12.97,12.98,12.76,12.87,6005465
2012-07-12,12.6,12.6,12.39,12.5,13685465
2012-07-13,12.54,12.72,12.53,12.66,3839425
2012-07-16,12.61,12.74,12.52,12.6,5471770
2012-07-17,12.265,12.34,12.04,12.3,12592955
2012-07-18,12.27,12.4,12.22,12.34,3967615
2012-07-19,12.46,12.57,12.43,12.57,3875145
2012-07-20,12.17,12.18,12.07,12.08,5840255
2012-07-23,11.73,11.77,11.59,11.7,9365495
2012-07-24,11.7,11.74,11.54,11.65,8201675
2012-07-25,11.26,11.36,11.205,11.26,9047770
2012-07-26,11.685,11.94,11.685,11.9,10039610
2012-07-27,12.1,12.44,12.1,12.35,9504020
2012-07-30,12,12.09,11.97,12.02,6134845
2012-07-31,12.26,12.29,12.13,12.15,7256370
2012-08-01,12.11,12.36,12.05,12.14,16094625
2012-08-02,11.91,11.94,10.912,11.24,26042895
2012-08-03,11.59,11.75,11.55,11.64,7885755
2012-08-06,11.46,11.64,11.46,11.51,8888140
2012-08-07,11.64,11.74,11.61,11.67,6833645
2012-08-08,11.58,11.74,11.58,11.71,8530545
2012-08-09,11.73,12.01,11.72,11.98,10376700
2012-08-10,12.02,12.4,11.98,12.34,9946525
2012-08-13,12.12,12.29,12.12,12.21,5432090
2012-08-14,11.79,11.81,11.66,11.71,11125565
2012-08-15,11.32,11.4,11.26,11.39,9236140
2012-08-16,11.66,11.86,11.65,11.84,11313390
2012-08-17,11.94,12.02,11.9,11.95,7104150
2012-08-20,11.94,12.03,11.89,12,7762490
2012-08-21,12.01,12.1,11.88,11.95,7104255
2012-08-22,11.765,11.84,11.68,11.79,6735790
2012-08-23,11.78,11.79,11.59,11.61,5974280
2012-08-24,11.56,11.79,11.53,11.71,8089435
2012-08-27,11.72,11.73,11.63,11.64,5059165
2012-08-28,11.52,11.56,11.48,11.49,4678775
2012-08-29,11.77,11.8,11.69,11.73,6511980
2012-08-30,11.53,11.55,11.41,11.43,3358125
2012-08-31,11.34,11.41,11.25,11.31,7836205
2012-09-04,11.33,11.36,11.22,11.3,5016665
2012-09-05,11.1,11.11,11.02,11.07,5694420
2012-09-06,11.06,11.28,11.06,11.22,8039485
2012-09-07,11.47,11.68,11.45,11.64,8654440
2012-09-10,11.79,11.85,11.74,11.75,10992750
2012-09-11,11.77,11.96,11.76,11.93,9104565
2012-09-12,11.99,12.1,11.96,12.04,12461040
2012-09-13,12.2,12.52,12.15,12.5,16466005
2012-09-14,12.73,13.6,12.65,13.05,27359915
2012-09-17,13.14,13.54,12.92,13.11,32100945
2012-09-18,13.16,13.37,13.07,13.21,15194220
2012-09-19,13.32,13.363,13.26,13.29,12015040
2012-09-20,12.94,12.99,12.81,12.87,8212175
2012-09-21,12.84,12.86,12.68,12.7,7618710
2012-09-24,12.42,12.42,12.34,12.36,7792505
2012-09-25,12.32,12.39,12.05,12.05,8857000
2012-09-26,11.94,11.94,11.69,11.85,10353110
2012-09-27,11.96,12.21,11.865,12.12,12744880
2012-09-28,11.86,11.87,11.65,11.7,11315050
2012-10-01,11.86,11.97,11.8,11.84,10870690
2012-10-02,11.9,11.97,11.79,11.85,5536245
2012-10-03,11.88,11.91,11.79,11.89,8437180
2012-10-04,11.79,11.81,11.72,11.74,5920650
2012-10-05,12.1,12.2,11.98,12,8960125
2012-10-08,11.93,12,11.9,11.91,3118615
2012-10-09,11.59,11.64,11.49,11.51,6713440
2012-10-10,11.45,11.48,11.32,11.37,6989445
2012-10-11,11.51,11.53,11.44,11.44,5204895
2012-10-12,11.52,11.59,11.3,11.36,5398805
2012-10-15,11.63,11.71,11.59,11.69,7069565
2012-10-16,11.91,12.03,11.9,12,8273530
2012-10-17,12.17,12.27,12.16,12.23,5581695
2012-10-18,12.35,12.4,12.28,12.35,4001600
2012-10-19,12.32,12.35,12.06,12.15,6891215
2012-10-22,12.28,12.37,12.21,12.35,6592960
2012-10-23,12.1,12.12,11.91,12.09,12137260
2012-10-24,12.18,12.2,11.99,12.02,8190885
2012-10-25,11.99,12.03,11.82,11.9,8729745
2012-10-26,11.76,11.88,11.76,11.85,5752055
2012-10-31,11.94,11.97,11.71,11.74,11737305
2012-11-01,11.69,11.97,11.67,11.82,12080680
2012-11-02,11.68,11.68,11.32,11.33,13668825
2012-11-05,11.35,11.36,11.08,11.25,15786300
2012-11-06,11.18,11.23,11.08,11.18,15436605
2012-11-07,11.29,11.29,11.04,11.18,7102825
2012-11-08,11.06,11.1,10.87,10.9,20627790
2012-11-09,10.94,10.995,10.83,10.86,13800815
2012-11-12,10.77,10.79,10.61,10.65,9944360
2012-11-13,10.77,10.83,10.7,10.77,11486270
2012-11-14,10.05,10.09,9.77,9.82,63433135
2012-11-15,9.79,9.92,9.77,9.81,18295725
2012-11-16,10.07,10.165,9.97,10.12,23236355
2012-11-19,10.15,10.22,10.1,10.19,12731515
2012-11-20,10.08,10.08,9.89,9.99,9216025
2012-11-21,10.02,10.09,9.99,10.08,4976100
2012-11-23,9.85,10.12,9.85,10.02,7782805
2012-11-26,9.93,9.94,9.82,9.9,5633485
2012-11-27,9.86,9.89,9.72,9.74,15503355
2012-11-28,9.67,9.81,9.59,9.79,7622505
2012-11-29,9.79,9.91,9.76,9.9,5409315
2012-11-30,9.73,9.77,9.71,9.74,4210390
2012-12-03,9.72,9.75,9.63,9.69,5197745
2012-12-04,9.64,9.71,9.6,9.63,6214515
2012-12-05,9.6,9.77,9.57,9.7,12994605
2012-12-06,9.89,10.05,9.85,10.01,15827940
2012-12-07,10.07,10.15,10.04,10.12,9492575
2012-12-10,9.97,10,9.87,9.98,8522315
2012-12-11,9.87,9.96,9.85,9.89,5805850
2012-12-12,10.1,10.28,10.03,10.23,14472920
2012-12-13,10.54,10.805,10.52,10.73,21529235
2012-12-14,10.8,10.98,10.795,10.96,21206625
2012-12-17,10.97,11.02,10.92,11,7956515
2012-12-18,11,11.15,10.985,11.12,15098010
2012-12-19,11.14,11.3,10.96,10.97,17034430
2012-12-20,10.97,11.13,10.92,11.13,13688295
2012-12-21,10.9,11,10.842,10.93,9567885
2012-12-24,10.95,10.99,10.905,10.91,2751170
2012-12-26,11.1,11.22,11.01,11.105,10363440
2012-12-27,11.03,11.09,10.94,11.04,10503715
2012-12-28,11.02,11.1,10.97,11.01,5681945
2012-12-31,11.02,11.21,10.99,11.2,6941170
2013-01-02,11.46,11.54,11.38,11.51,11421260
2013-01-03,11.45,11.57,11.41,11.49,11946305
2013-01-04,11.11,11.24,11.08,11.14,24922340
2013-01-07,10.97,11.06,10.87,10.97,15517375
2013-01-08,10.82,10.83,10.59,10.72,16344460
2013-01-09,10.77,10.83,10.71,10.74,10315845
2013-01-10,11.02,11.1,10.99,11.05,25878400
2013-01-11,11.13,11.17,11.07,11.09,24011060
2013-01-14,11.18,11.34,11.18,11.28,26068760
2013-01-15,11.22,11.25,11.13,11.23,36013200
2013-01-16,11.22,11.44,11.17,11.2,31737480
2013-01-17,11.55,11.98,11.52,11.91,53491390
2013-01-18,12.66,12.74,12.48,12.7,46428575
2013-01-22,13.18,13.38,13.11,13.35,40636090
2013-01-23,13.16,13.29,13.08,13.25,16165445
2013-01-24,13.41,13.56,13.36,13.52,23386795
2013-01-25,14.32,14.46,14.25,14.41,32992345
2013-01-28,15.49,15.49,14.83,15.12,41254930
2013-01-29,15.11,15.23,15,15.14,28338425
2013-01-30,15.1,15.165,14.97,14.99,16004980
2013-01-31,14.89,14.98,14.63,14.94,12987545
2013-02-01,14.71,15.14,14.64,15.13,25092445
2013-02-04,15.76,15.79,15.44,15.48,32021680
2013-02-05,15.73,15.925,15.67,15.83,20868385
2013-02-06,15.66,15.85,15.52,15.82,18191010
2013-02-07,15.27,15.45,14.56,15.13,38909690
2013-02-08,14.7,14.995,14.67,14.92,23609625
2013-02-11,15,15.05,14.9,14.99,10149555
2013-02-12,14.77,14.81,14.58,14.68,13629985
2013-02-13,14.16,14.32,14.13,14.21,29711900
2013-02-14,14.27,14.46,14.16,14.23,16320480
2013-02-15,14.29,14.39,14.23,14.34,13206680
2013-02-19,14.54,14.715,14.54,14.65,12479840
2013-02-20,14.75,14.78,14.44,14.47,15570310
2013-02-21,14.31,14.32,13.935,14.08,18578555
2013-02-22,13.99,14.13,13.8905,14.07,10178845
2013-02-25,14.21,14.32,13.75,13.79,14259675
2013-02-26,13.94,14.05,13.88,14.04,15351315
2013-02-27,14.07,14.36,14.05,14.34,9610625
2013-02-28,14.38,14.65,14.35,14.58,15276400
2013-03-01,14.98,15.28,14.85,15.23,24473855
2013-03-04,15.49,15.595,15.225,15.57,24108495
2013-03-05,15.45,15.58,15.42,15.51,12381560
2013-03-06,15.74,15.95,15.73,15.84,13582705
2013-03-07,15.56,15.71,15.22,15.56,11005535
2013-03-08,15.55,15.66,15.44,15.59,24175820
2013-03-11,15.67,16.02,15.66,15.96,20245275
2013-03-12,15.44,15.72,15.2415,15.55,44004045
2013-03-13,15.68,15.77,15.59,15.73,12402885
2013-03-14,15.86,16.03,15.86,16.03,24572760
2013-03-15,17.26,17.39,17.2,17.26,26933535
2013-03-18,16.53,16.96,16.42,16.81,24636765
2013-03-19,17.37,17.45,17.05,17.17,20511190
2013-03-20,17.33,17.74,17.29,17.71,18114405
2013-03-21,17.63,17.63,17.2,17.31,20044160
2013-03-22,17.58,17.75,17.53,17.68,14660325
2013-03-25,18,18.06,17.54,17.77,19718350
2013-03-26,17.57,17.61,17.35,17.49,13026560
2013-03-27,17.35,17.66,17.35,17.64,12034655
2013-03-28,17.32,17.45,17.31,17.4,8429475
2013-04-01,16.865,16.9,16.54,16.6,15268900
2013-04-02,16.83,17.2,16.76,17,16077210
2013-04-03,16.83,16.88,16.21,16.43,23873105
2013-04-04,16.87,17.11,16.84,17,26121175
2013-04-05,16.38,16.69,16.23,16.69,16498210
2013-04-08,16.92,17.05,16.85,17.02,12170650
2013-04-09,16.64,16.865,16.61,16.79,8883455
2013-04-10,16.8,16.98,16.8,16.93,6142730
2013-04-11,16.92,16.94,16.73,16.9,12275455
2013-04-12,16.67,16.75,16.45,16.67,15614105
2013-04-15,16.82,16.87,16.39,16.48,14676915
2013-04-16,16.47,16.59,16.36,16.56,9194150
2013-04-17,16.48,16.53,16.2,16.41,10032690
2013-04-18,16.35,16.35,16.09,16.18,8747060
2013-04-19,16.54,16.705,16.43,16.65,9508585
2013-04-22,16.44,16.52,16.3,16.52,7873490
2013-04-23,16.5,16.85,16.5,16.67,7293915
2013-04-24,16.45,16.6,16.405,16.49,8378360
2013-04-25,17.1,17.51,16.91,17.2,33152420
2013-04-26,16.64,16.86,16.28,16.48,24197535
2013-04-29,16.46,16.59,16.44,16.56,5783495
2013-04-30,16.49,16.53,16.33,16.43,9192500
2013-05-01,16.27,16.32,16.2,16.25,6916395
2013-05-02,16.75,16.85,16.59,16.79,11553155
2013-05-03,16.92,17.1805,16.79,17.16,13318535
2013-05-06,17.07,17.22,17.06,17.13,11020315
2013-05-07,17.55,17.75,17.47,17.7,19603405
2013-05-08,17.82,18.12,17.76,17.94,17035845
2013-05-09,17.86,18.2455,17.541,18.08,17883890
2013-05-10,17.8,18.08,17.74,17.92,15201225
2013-05-13,18.29,19.21,18.25,18.89,30668210
2013-05-14,21.49,22.23,20.36,20.76,176665435
2013-05-15,20.51,20.62,20.3,20.45,41008015
2013-05-16,20.2,20.57,20.09,20.1,23612075
2013-05-17,20.12,20.38,20.1,20.34,23619010
2013-05-20,21.09,21.2,20.82,20.97,17934135
2013-05-21,21.16,23.1,20.92,22.91,112094950
2013-05-22,23,23.38,22.12,22.15,75376065
2013-05-23,20.74,21.71,20.62,21.63,50061670
2013-05-24,20.88,21.14,20.8,20.96,22068790
2013-05-28,20.67,20.99,20.61,20.67,21879415
2013-05-29,20.01,20.25,19.91,20.1,34033960
2013-05-30,20.12,21.51,20.11,20.84,73150540
2013-05-31,20.18,20.445,20.14,20.15,20872200
2013-06-03,19.4,19.55,18.91,19.54,36364610
2013-06-04,20.1,20.2,19.57,19.82,20362190
2013-06-05,19.34,19.48,18.94,19,26036530
2013-06-06,18.85,19.03,18.59,18.96,22937980
2013-06-07,19.34,19.66,19.09,19.56,19301600
2013-06-10,20.28,20.36,20.03,20.11,15482155
2013-06-11,20.59,20.6,20.14,20.3,24161670
2013-06-12,20.63,20.66,20.18,20.28,17009945
2013-06-13,20.73,21.06,20.265,21.03,52732375
2013-06-14,20.28,20.41,19.69,19.88,30009240
2013-06-17,20.55,21.05,20.5,20.72,40373410
2013-06-18,21.56,21.6,21.2805,21.4,22994690
2013-06-19,21.13,21.17,20.49,20.49,25070735
2013-06-20,20.61,20.62,19.95,20.04,27311785
2013-06-21,20.48,20.5,19.97,20.38,18526135
2013-06-24,19.9,20.12,19.64,19.94,13723050
2013-06-25,20.33,20.46,20.13,20.4,9373215
2013-06-26,20.71,20.9,20.68,20.84,12206070
2013-06-27,20.95,21.24,20.91,21.2,13732035
2013-06-28,21.1,21.41,21.06,21.19,15180475
2013-07-01,21.5,21.69,21.28,21.47,10793655
2013-07-02,21.85,22.1,21.72,21.81,12818700
2013-07-03,21.38,21.66,21.38,21.65,5455280
2013-07-05,21.88,21.94,21.51,21.76,7543495
2013-07-08,21.54,21.7,21.53,21.61,7510265
2013-07-09,21.78,21.89,21.655,21.78,6166310
2013-07-10,21.68,21.93,21.67,21.77,5158560
2013-07-11,22.11,22.25,22.05,22.2,8026770
2013-07-12,21.98,22.19,21.93,22.19,5328580
2013-07-15,22.25,22.3,22.17,22.24,6420090
2013-07-16,22.15,22.219,21.93,21.96,8041920
2013-07-17,22.17,22.19,22.05,22.1,10415400
2013-07-18,22.1,22.18,21.98,22.14,7011805
2013-07-19,22.03,22.17,21.92,22.11,8236580
2013-07-22,22.29,22.68,22.2755,22.59,19022040
2013-07-23,23.01,23.1,22.9,23.01,12431200
2013-07-24,23.04,23.05,22.68,22.81,6635760
2013-07-25,22.01,22.15,21.77,22.11,10733775
2013-07-26,21.59,21.65,21.43,21.58,8713800
2013-07-29,21.05,21.4,20.98,21.24,13910155
2013-07-30,21.48,21.7785,21.48,21.63,13317890
2013-07-31,21.2,21.49,20.72,21.04,36255635
2013-08-01,21.93,22.255,21.62,21.96,14874945
2013-08-02,21.29,21.7,21.29,21.62,18038750
2013-08-05,21.63,21.819,21.59,21.76,7126300
2013-08-06,20.89,20.91,20.38,20.72,26880000
2013-08-07,20.29,20.44,20.11,20.13,15742045
2013-08-08,20.16,20.36,19.96,20.2,19353485
2013-08-09,20.36,20.36,20.1095,20.15,7965170
2013-08-12,20.07,20.125,19.92,20,12523500
2013-08-13,20.2,20.2,20.021,20.13,11161495
2013-08-14,20.25,20.3,20.07,20.08,8810195
2013-08-15,20.02,20.07,19.83,19.86,8956410
2013-08-16,20.1,20.215,19.93,19.98,7033245
2013-08-19,20.06,20.22,19.89,19.92,9212565
2013-08-20,19.79,19.96,19.66,19.95,10449205
2013-08-21,19.83,19.92,19.53,19.66,6214540
2013-08-22,19.67,19.76,19.61,19.71,4499955
2013-08-23,20.04,20.25,19.96,20.21,11094685
2013-08-26,20.13,20.2,20.06,20.1,9835705
2013-08-27,20.57,20.65,20.31,20.38,16917850
2013-08-28,20.16,20.26,20.05,20.16,10172790
2013-08-29,20.14,20.31,20.13,20.18,5074760
2013-08-30,20.12,20.16,19.89,19.96,5414640
2013-09-03,20.4,20.69,20.3575,20.41,9704315
2013-09-04,20.51,20.83,20.46,20.81,6585615
2013-09-05,20.77,21.14,20.76,21.09,14575285
2013-09-06,21.12,21.18,20.88,21.02,5020140
2013-09-09,21.17,21.63,21.06,21.61,16856175
2013-09-10,21.65,21.76,21.59,21.72,13431135
2013-09-11,21.3,21.42,21.22,21.42,15646380
2013-09-12,21.28,21.29,21.05,21.16,19833880
2013-09-13,21.21,21.21,20.9,21.18,10199510
2013-09-16,21.38,21.48,21.32,21.46,14430955
2013-09-17,21.5,21.78,21.49,21.66,14664415
2013-09-18,21.7,21.93,21.37,21.88,19849275
2013-09-19,21.75,21.94,21.6,21.63,16499580
2013-09-20,21.65,21.65,21.26,21.36,9880600
2013-09-23,21.39,21.4,21.07,21.29,7308475
2013-09-24,21.38,21.5,21.21,21.37,5182780
2013-09-25,21.28,21.28,21.03,21.11,5394160
2013-09-26,21.3,21.44,21.18,21.3,3787075
2013-09-27,21.3,21.34,21.15,21.29,4629000
2013-09-30,21.3,21.6,21.25,21.52,6299455
2013-10-01,21.38,21.5,21.3,21.4,4484940
2013-10-02,21.12,21.2,20.91,21.2,7036140
2013-10-03,21.16,21.16,20.815,20.91,10968365
2013-10-04,20.73,20.93,20.69,20.87,3804340
2013-10-07,20.47,20.555,20.235,20.27,13000810
2013-10-08,19.95,19.96,19.42,19.61,14345650
2013-10-09,19.83,19.86,19.51,19.75,10858085
2013-10-10,19.59,19.62,19.23,19.57,23055790
2013-10-11,19.6,20,19.6,19.96,14646470
2013-10-14,19.8,20.06,19.65,19.93,7977430
2013-10-15,19.86,19.9,19.59,19.7,10349440
2013-10-16,19.63,19.8,19.6,19.76,14427665
2013-10-17,19.75,20.06,19.712,20.03,9413550
2013-10-18,19.87,19.88,19.495,19.61,17159805
2013-10-21,19.67,19.715,19.55,19.68,11455705
2013-10-22,19.77,19.85,19.63,19.79,8979560
2013-10-23,19.63,19.63,19.34,19.48,15898640
2013-10-24,19.2,19.3,19.07,19.14,18568030
2013-10-25,19.25,19.39,19.2,19.26,7790960
2013-10-28,19.5,19.57,19.36,19.51,7317315
2013-10-29,19.51,19.62,19.421,19.48,8188455
2013-10-30,19.48,19.61,19.3535,19.42,8997065
2013-10-31,18.02,18.02,16.66,17.25,56389070
2013-11-01,17.01,17.01,16.71,16.75,25150040
2013-11-04,16.85,17.19,16.622,17.08,18558090
2013-11-05,17.05,17.05,16.79,16.85,20808895
2013-11-06,17.02,17.12,16.98,17.07,10900065
2013-11-07,17.15,17.31,16.82,16.86,17090665
2013-11-08,16.89,16.92,16.66,16.74,16564560
2013-11-11,16.68,16.74,16.52,16.61,16524100
2013-11-12,17.03,17.31,17.01,17.23,20978670
2013-11-13,17.56,17.98,17.47,17.94,26763450
2013-11-14,18.43,18.77,18.2,18.65,41074805
2013-11-15,18.58,18.64,18.39,18.5,20192530
2013-11-18,19.05,19.16,18.66,18.72,27129565
2013-11-19,18.77,18.85,18.63,18.7,14864335
2013-11-20,18.69,18.74,18.47,18.53,12506915
2013-11-21,18.77,18.8,18.62,18.65,18164850
2013-11-22,18.62,18.65,18.27,18.3,16132565
2013-11-25,18.42,18.44,18.14,18.17,19538405
2013-11-26,18.18,18.23,18.04,18.16,16310290
2013-11-27,18.36,18.62,18.36,18.53,8863990
2013-11-29,18.39,18.515,18.26,18.3,7806685
2013-12-02,18.49,18.75,18.46,18.6,11209005
2013-12-03,18.45,18.46,18.32,18.41,8639995
2013-12-04,18.03,18.03,17.75,17.89,14727620
2013-12-05,17.87,17.92,17.75,17.79,7273440
2013-12-06,18.06,18.165,18.01,18.1,5636545
2013-12-09,18.14,18.15,17.895,17.97,7198150
2013-12-10,17.63,17.71,17.511,17.62,9865885
2013-12-11,17.75,17.77,17.4,17.44,12299040
2013-12-12,17.65,17.69,17.52,17.67,12918210
2013-12-13,17.56,17.66,17.48,17.51,11070595
2013-12-16,17.6,17.62,17.45,17.5,8585865
2013-12-17,17.31,17.34,17.225,17.25,7557105
2013-12-18,17.31,17.6,17.23,17.55,11167510
2013-12-19,17.48,17.55,17.41,17.48,5036555
2013-12-20,17.57,17.645,17.48,17.56,10777065
2013-12-23,17.67,17.85,17.58,17.76,5343150
2013-12-24,17.42,17.5,17.4175,17.45,4617510
2013-12-26,17.4,17.48,17.29,17.31,10245740
2013-12-27,17.06,17.25,17.03,17.09,14463140
2013-12-30,17.33,17.47,17.19,17.46,10136090
2013-12-31,17.5,17.55,17.25,17.29,7854445
2014-01-02,17.33,17.39,17.08,17.16,13127080
2014-01-03,17.21,17.26,17.12,17.18,4642795
2014-01-06,17.3,17.49,17.27,17.3,11781330
2014-01-07,17.36,17.38,17.2,17.32,17199115
2014-01-08,17.4,18.32,17.26,18.25,43019665
2014-01-09,18.16,18.19,17.98,18.08,13024000
2014-01-10,17.73,17.83,17.47,17.8,17033470
2014-01-13,17.68,17.77,17.51,17.55,24459270
2014-01-14,17.44,17.6,17.35,17.53,14308205
2014-01-15,17.39,17.51,17.34,17.41,13629810
2014-01-16,17.28,17.32,17.17,17.21,11714070
2014-01-17,17.16,17.25,17.05,17.05,9681035
2014-01-21,17.05,17.06,16.82,16.85,14347195
2014-01-22,16.87,17.13,16.85,17.11,19629610
2014-01-23,16.95,16.98,16.67,16.79,11478920
2014-01-24,16.87,16.91,16.63,16.72,15652610
2014-01-27,16.47,16.53,15.76,16.23,34122340
2014-01-28,16.06,16.47,16.03,16.42,10704630
2014-01-29,16.19,16.26,16.04,16.05,11510810
2014-01-30,16.22,16.5045,16.05,16.13,12200695
2014-01-31,15.73,15.8,15.55,15.75,24133245
2014-02-03,15.6,15.67,15.23,15.25,14409095
2014-02-04,15.28,16.34,15.28,16.1,39734005
2014-02-05,15.86,15.96,15.67,15.9,14068540
2014-02-06,15.45,16.74,15.45,16.52,31833640
2014-02-07,16.73,16.87,16.52,16.82,18127965
2014-02-10,16.7,16.79,16.52,16.68,11094160
2014-02-11,16.8,17.175,16.74,17.11,24315510
2014-02-12,17.12,17.36,17.1075,17.32,14040960
2014-02-13,16.84,17.28,16.75,17.2,21296695
2014-02-14,16.79,17.13,16.79,17.06,23460850
2014-02-18,17.3,17.39,17.2,17.34,9167860
2014-02-19,17.11,17.25,17.02,17.07,13277175
2014-02-20,17.1,17.22,16.98,17.17,8961765
2014-02-21,17.24,17.332,17.12,17.12,7017275
2014-02-24,17.4,17.48,17.32,17.4,9827100
2014-02-25,17.26,17.3475,17.17,17.28,9760045
2014-02-26,17.35,17.53,17.16,17.38,8785030
2014-02-27,17.38,17.64,17.27,17.52,15480495
2014-02-28,17.53,17.66,17.43,17.55,11011815
2014-03-03,17.2,17.28,17.04,17.21,9113760
2014-03-04,17.43,17.52,17.31,17.36,7287655
2014-03-05,17.47,17.59,17.43,17.48,5039380
2014-03-06,17.89,17.92,17.815,17.86,8169960
2014-03-07,17.93,17.99,17.7195,17.95,7617055
2014-03-10,18.13,18.17,17.855,18.04,8033975
2014-03-11,18.04,18.04,17.77,17.85,8406165
2014-03-12,17.73,17.85,17.69,17.84,7572680
2014-03-13,17.88,17.8895,17.5,17.63,12166160
2014-03-14,17.26,17.33,17.12,17.17,15427320
2014-03-17,17.15,17.34,17.15,17.22,6014290
2014-03-18,16.98,17.21,16.92,17.15,9717960
2014-03-19,17.17,17.3505,17.035,17.15,17637140
2014-03-20,17.32,17.62,17.31,17.61,15959910
2014-03-21,17.61,17.85,17.61,17.76,20126060
2014-03-24,17.74,17.78,17.54,17.65,14251780
2014-03-25,17.96,18.25,17.92,18.25,16915275
2014-03-26,18.31,18.4,18.025,18.05,11586475
2014-03-27,18.32,18.39,18.18,18.27,14367815
2014-03-28,18.6,18.79,18.6,18.65,14830560
2014-03-31,19.12,19.25,19.08,19.12,14943290
2014-04-01,19.42,19.46,19.29,19.44,11160225
2014-04-02,19.19,19.345,19.08,19.29,7212315
2014-04-03,19.25,19.28,18.95,19.09,9284160
2014-04-04,19.26,19.34,18.95,19.03,6893225
2014-04-07,19.18,19.26,18.92,19.05,9114935
2014-04-08,18.92,19.01,18.86,18.9,8981340
2014-04-09,18.68,18.87,18.56,18.82,5718560
2014-04-10,18.4,18.55,18.13,18.15,12859240
2014-04-11,18.33,18.41,18.265,18.38,6329675
2014-04-14,18.6,18.7175,18.5,18.59,5384970
2014-04-15,18.58,18.64,18.332,18.55,6566985
2014-04-16,18.75,18.81,18.66,18.78,5135605
2014-04-17,18.8,18.848,18.69,18.71,4809105
2014-04-21,18.81,19.05,18.8,19,6474170
2014-04-22,18.64,18.75,18.57,18.68,7374205
2014-04-23,18.73,18.74,18.62,18.66,3621875
2014-04-24,18.16,18.19,17.85,18.15,13162710
2014-04-25,17.93,17.99,17.77,17.87,5893890
2014-04-28,17.87,17.98,17.69,17.95,7189410
2014-04-29,17.98,18.05,17.91,17.96,4968430
2014-04-30,17.59,17.67,17.46,17.64,7395255
2014-05-01,16.85,17.49,16.76,17.16,19211250
2014-05-02,17.6,17.725,17.49,17.63,6882755
2014-05-05,17.55,17.68,17.51,17.64,3759420
2014-05-06,17.59,17.6,17.46,17.51,6018630
2014-05-07,17.43,17.58,17.31,17.55,6816415
2014-05-08,17.33,17.62,17.33,17.49,14654550
2014-05-09,17.39,17.45,17.33,17.38,7381290
2014-05-12,17.26,17.49,17.25,17.45,5840700
2014-05-13,17.6,17.69,17.525,17.64,10365055
2014-05-14,16.75,17.19,16.28,16.5,35936195
2014-05-15,16.51,16.57,16.28,16.39,19089920
2014-05-16,16.25,16.39,16.15,16.38,8677170
2014-05-19,16.02,16.365,16.02,16.32,18729130
2014-05-20,16.09,16.11,15.93,16.01,15940165
2014-05-21,16.08,16.13,16,16.05,7113240
2014-05-22,16.33,16.37,16.16,16.18,11379945
2014-05-23,16.05,16.26,16.05,16.11,12719055
2014-05-27,16.5,16.71,16.48,16.64,12347505
2014-05-28,16.29,16.38,16.22,16.33,18044785
2014-05-29,16.2,16.24,16.15,16.21,14254030
2014-05-30,16.15,16.228,16.1,16.18,11940865
2014-06-02,16.31,16.33,16.22,16.29,6248600
2014-06-03,16.06,16.12,16.015,16.08,10072890
2014-06-04,16.18,16.27,16.16,16.24,7674650
2014-06-05,16.23,16.28,16.16,16.24,3130265
2014-06-06,16.12,16.22,16.07,16.1,8500700
2014-06-09,16.18,16.34,16.15,16.3,8781435
2014-06-10,16.15,16.21,16.05,16.18,13593470
2014-06-11,16,16.04,15.96,15.99,16267850
2014-06-12,16.13,16.22,16.07,16.09,16636215
2014-06-13,16.14,16.24,16.11,16.22,12545215
2014-06-16,16.28,16.29,16.14,16.26,13155860
2014-06-17,16.14,16.23,16.05,16.12,15447140
2014-06-18,16.22,16.335,16.16,16.3,11813145
2014-06-19,16.71,16.84,16.704,16.84,15951025
2014-06-20,16.81,17.01,16.8,16.97,20632810
2014-06-23,16.86,16.89,16.685,16.78,14946870
2014-06-24,16.78,16.95,16.61,16.64,19389750
2014-06-25,16.72,16.94,16.71,16.91,8684485
2014-06-26,16.82,16.86,16.63,16.81,7110785
2014-06-27,16.7,16.77,16.645,16.76,11883980
2014-06-30,16.69,16.8,16.66,16.77,12130820
2014-07-01,16.86,17.16,16.86,17.13,25507550
2014-07-02,17.01,17.0465,16.88,16.92,15491640
2014-07-03,16.76,16.87,16.75,16.84,6472825
2014-07-07,16.92,17,16.9,16.93,6392560
2014-07-08,16.94,16.94,16.73,16.77,7471155
2014-07-09,16.76,16.85,16.73,16.79,4356790
2014-07-10,16.57,16.7,16.43,16.65,7960870
2014-07-11,16.62,16.68,16.53,16.66,5362715
2014-07-14,16.72,16.75,16.65,16.67,5437035
2014-07-15,16.6,16.6,16.43,16.53,7388045
2014-07-16,16.71,16.805,16.7,16.76,10937620
2014-07-17,16.7,16.81,16.62,16.7,16523480
2014-07-18,16.65,16.84,16.599,16.79,16908150
2014-07-21,16.74,16.77,16.65,16.71,8579150
2014-07-22,16.65,16.75,16.65,16.69,12047565
2014-07-23,16.77,16.92,16.77,16.89,11354340
2014-07-24,17.23,17.41,17.23,17.33,18085300
2014-07-25,17.61,17.72,17.6,17.68,10889950
2014-07-28,17.67,17.76,17.6,17.71,8628180
2014-07-29,17.56,17.58,17.46,17.47,8900230
2014-07-30,17.52,17.61,17.47,17.53,8597705
2014-07-31,17.95,19.11,17.95,18.43,39188390
2014-08-01,18.07,18.115,17.869,18.02,18037720
2014-08-04,18.14,18.37,18.13,18.3,8658645
2014-08-05,18.1,18.19,17.96,18.01,8614670
2014-08-06,17.63,17.8,17.61,17.75,13198140
2014-08-07,17.55,17.63,17.3,17.34,12429575
2014-08-08,17.3,17.42,17.16,17.42,20507330
2014-08-11,17.38,17.43,17.34,17.37,9013110
2014-08-12,17.43,17.48,17.3,17.36,7674985
2014-08-13,17.84,17.969,17.81,17.94,13072625
2014-08-14,17.89,18.08,17.86,18.07,10091405
2014-08-15,18.27,18.44,18.21,18.41,19724440
2014-08-18,18.45,18.55,18.38,18.52,9965785
2014-08-19,18.6,18.9,18.6,18.86,14969940
2014-08-20,18.81,19,18.78,18.95,16375010
2014-08-21,18.93,18.93,18.82,18.83,12802395
2014-08-22,18.82,18.92,18.76,18.86,6888050
2014-08-25,18.96,19.06,18.94,18.97,4263865
2014-08-26,18.88,18.92,18.85,18.87,4050375
2014-08-27,18.86,18.905,18.82,18.83,3631500
2014-08-28,18.82,18.97,18.82,18.9,4140725
2014-08-29,19.11,19.18,19.03,19.11,7003015
2014-09-02,19.32,19.44,19.26,19.4,11598180
2014-09-03,19.8,19.94,19.67,19.71,10771215
2014-09-04,19.65,19.71,19.59,19.62,9421335
2014-09-05,19.22,19.28,19.1,19.27,7272560
2014-09-08,19.25,19.26,19.17,19.21,3972300
2014-09-09,19.22,19.28,19.175,19.2,7364115
2014-09-10,19.28,19.53,19.28,19.5,14518730
2014-09-11,19.6,19.85,19.59,19.8,16776835
2014-09-12,19.84,19.95,19.77,19.82,11753505
2014-09-15,19.82,19.89,19.73,19.87,12154290
2014-09-16,20.05,20.35,20.04,20.25,14150870
2014-09-17,18.57,19.2,18.51,18.88,78397245
2014-09-18,18,18.12,17.89,18.04,50137295
2014-09-19,17.72,17.78,17.62,17.69,22363280
2014-09-22,17.49,17.54,17.34,17.36,24955045
2014-09-23,17.38,17.425,17.31,17.37,12483120
2014-09-24,17.37,17.4,17.31,17.35,16925140
2014-09-25,17.46,17.46,17.22,17.27,12656335
2014-09-26,17.39,17.46,17.35,17.42,8992020
2014-09-29,17.7,17.81,17.69,17.78,20208790
2014-09-30,18.05,18.11,17.97,18.04,15389865
2014-10-01,17.89,17.925,17.7,17.77,11020355
2014-10-02,17.48,17.52,17.22,17.46,11552415
2014-10-03,17.52,17.69,17.405,17.61,9827305
2014-10-06,17.66,17.79,17.64,17.76,8333165
2014-10-07,17.63,17.63,17.36,17.37,8021775
2014-10-08,17.59,17.8,17.42,17.79,14298580
2014-10-09,17.39,17.47,17.15,17.18,13676160
2014-10-10,17.33,17.451,17.11,17.12,10825495
2014-10-13,17.14,17.25,16.96,16.98,9495225
2014-10-14,17.05,17.19,16.965,17.05,9728050
2014-10-15,17.08,17.1,16.66,17.04,22357405
2014-10-16,16.57,17.015,16.57,16.89,9702670
2014-10-17,17.15,17.28,17.105,17.24,8531535
2014-10-20,17.37,17.53,17.35,17.53,6629010
2014-10-21,17.37,17.48,17.3,17.43,28136780
2014-10-22,17.78,17.86,17.615,17.63,12432755
2014-10-23,17.79,17.98,17.74,17.87,8723815
2014-10-24,17.66,17.72,17.54,17.72,7097470
2014-10-27,17.43,17.5,17.37,17.48,10611110
2014-10-28,17.59,17.74,17.5,17.72,6820680
2014-10-29,18.47,18.52,18.23,18.36,14894280
2014-10-30,18.54,18.86,18.52,18.72,24488360
2014-10-31,19.1,19.9,19.1,19.82,36996200
2014-11-03,19.64,20.17,19.63,20.16,31273585
2014-11-04,20.12,20.29,19.925,20.01,25533475
2014-11-05,20.25,20.38,20.14,20.18,11746580
2014-11-06,19.61,19.76,19.515,19.7,13434910
2014-11-07,19.61,19.66,19.52,19.62,12111945
2014-11-10,20.45,20.6,20.38,20.5,13952430
2014-11-11,20.5,20.71,20.44,20.71,15562435
2014-11-12,20.43,20.68,20.43,20.63,13630680
2014-11-13,20.34,20.51,20.3,20.41,10800875
2014-11-14,20.61,20.69,20.54,20.64,5873220
2014-11-17,20.19,20.48,20.19,20.26,9752815
2014-11-18,21.12,21.3,21.08,21.26,16652610
2014-11-19,20.9,20.9,20.75,20.81,11052540
2014-11-20,20.37,20.55,20.29,20.48,9951500
2014-11-21,21.11,21.4,20.9,21.24,14414285
2014-11-24,21.22,21.73,21.22,21.63,28007290
2014-11-25,21.89,21.99,21.79,21.93,14150825
2014-11-26,21.6,21.7,21.57,21.69,9148500
2014-11-28,21.9,22.05,21.87,21.99,8605650
2014-12-01,22.25,22.32,22.11,22.15,22176380
2014-12-02,22.07,22.17,21.94,21.96,13047905
2014-12-03,21.87,22.07,21.74,21.95,16339155
2014-12-04,22.04,22.15,21.96,22.12,11207865
2014-12-05,22.21,22.3,22.105,22.16,9208560
2014-12-08,21.41,21.47,21.13,21.15,12798095
2014-12-09,20.58,20.73,20.46,20.7,15015635
2014-12-10,21.02,21.06,20.755,20.79,9206135
2014-12-11,20.87,21.075,20.71,20.74,9562330
2014-12-12,20.5,20.56,20.33,20.33,12054605
2014-12-15,19.94,20,19.71,19.72,22240940
2014-12-16,19.78,20.005,19.71,19.72,11677385
2014-12-17,20.14,20.51,20.13,20.39,11209945
2014-12-18,21.13,21.26,21.04,21.14,13207435
2014-12-19,20.67,20.8,20.53,20.58,7828190
2014-12-22,20.8,20.89,20.7,20.78,6460175
2014-12-23,20.88,20.99,20.77,20.86,9033910
2014-12-24,21.23,21.4,21.22,21.32,6788975
2014-12-26,21.38,21.38,21.21,21.27,5539885
2014-12-29,21.21,21.27,21.1,21.17,5537500
2014-12-30,20.6,20.61,20.53,20.58,7877275
2014-12-31,20.71,20.71,20.465,20.47,4230990
2015-01-02,20.47,20.685,20.43,20.56,6149695
2015-01-05,20.45,20.45,20.21,20.26,5415685
2015-01-06,20.46,20.58,20.15,20.25,11045620
2015-01-07,21.59,21.7,21.47,21.53,12431465
2015-01-08,21.53,21.62,21.47,21.56,6482355
2015-01-09,21.78,21.79,21.32,21.34,15065950
2015-01-12,21.38,21.4165,21.235,21.36,9979250
2015-01-13,21.4,21.49,20.985,21.18,8902410
2015-01-14,20.76,20.79,20.52,20.7,12102755
2015-01-15,21.24,21.26,20.9,20.93,12285770
2015-01-16,20.4,20.69,20.34,20.67,12934690
2015-01-20,20.91,20.92,20.655,20.82,5318520
2015-01-21,21.86,22.11,21.78,21.91,21364155
2015-01-22,21.99,22.23,21.97,22.17,9618475
2015-01-23,22.51,22.88,22.42,22.6,14813830
2015-01-26,23.3,23.47,23.28,23.37,17966785
2015-01-27,23,23.16,22.94,23.06,8249095
2015-01-28,23.89,23.91,23.44,23.46,17519450
2015-01-29,23.56,23.6,23.39,23.57,12853775
2015-01-30,23.42,23.6,23.27,23.29,11331490
2015-02-02,22.96,23.37,22.91,23.33,8135575
2015-02-03,23.15,23.4,23.14,23.39,10220845
2015-02-04,24.88,26.55,24.58,25.94,46101005
2015-02-05,26.55,26.98,26.5,26.82,17837790
2015-02-06,26.61,26.799,26.52,26.57,9647720
2015-02-09,25.69,25.85,25.64,25.69,11959250
2015-02-10,25.9,26.13,25.77,26.06,10808905
2015-02-11,25.89,26.155,25.89,26.1,7784590
2015-02-12,26.68,27.14,26.67,27.11,14578335
2015-02-13,27.21,27.46,27.2,27.3,7761015
2015-02-17,26.38,26.66,26.3,26.6,11144580
2015-02-18,27.01,28.12,26.89,28.02,25108155
2015-02-19,27.26,27.49,27.15,27.37,12880945
2015-02-20,27.01,27.31,26.89,27.26,11331190
2015-02-23,27.05,27.09,26.94,27.03,7341780
2015-02-24,27.46,27.81,27.43,27.74,8434370
2015-02-25,27.6,27.83,27.57,27.69,4915650
2015-02-26,28.03,28.27,28,28.13,6146820
2015-02-27,28.5,28.65,28.311,28.32,8342075
2015-03-02,27.95,28.13,27.893,28.11,6051080
2015-03-03,27.96,27.99,27.73,27.83,6193005
2015-03-04,27.81,27.9175,27.62,27.89,5019835
2015-03-05,27.98,28.14,27.93,28.06,6085410
2015-03-06,27.74,27.79,27.49,27.51,7108940
2015-03-09,27.15,27.31,27.09,27.27,5055940
2015-03-10,26.64,26.71,26.53,26.57,7699830
2015-03-11,26.8,26.89,26.74,26.84,7595710
2015-03-12,27.02,27.145,27.02,27.13,5950565
2015-03-13,26.63,26.63,26.41,26.56,7555225
2015-03-16,25.73,25.88,25.68,25.82,11893765
2015-03-17,27.15,27.17,26.5435,26.75,9300395
2015-03-18,27.95,28.3,27.73,28.11,12221955
2015-03-19,28,28.04,27.71,27.85,5273135
2015-03-20,27.95,28.1,27.74,27.91,7276230
2015-03-23,27.88,27.97,27.765,27.78,6267050
2015-03-24,27.68,27.74,27.52,27.57,4719145
2015-03-25,27.42,27.46,26.64,26.69,13284315
2015-03-26,26.37,26.63,26.3385,26.54,5649460
2015-03-27,26.66,26.83,26.66,26.78,4196265
2015-03-30,27.06,27.14,27.017,27.09,6844170
2015-03-31,26.7,26.83,26.59,26.78,8756350
2015-04-01,27.46,27.47,27,27.26,9595455
2015-04-02,27.91,27.98,27.76,27.85,8306750
2015-04-06,29.23,29.58,29.11,29.35,12263770
2015-04-07,29.29,29.29,28.92,28.97,7908710
2015-04-08,29.39,29.59,29.33,29.52,6851275
2015-04-09,29.74,30.01,29.52,29.9,8290710
2015-04-10,30.55,30.69,30.43,30.56,10964315
2015-04-13,30.46,30.65,30.3135,30.37,6975965
2015-04-14,31.28,31.35,30.85,31.13,13586565
2015-04-15,31.63,31.77,31.39,31.75,21928700
2015-04-16,30.9,31.18,30.83,31.08,12622915
2015-04-17,29.77,30.17,29.7,30.01,17677190
2015-04-20,30.46,30.506,30.25,30.36,5213545
2015-04-21,30.92,30.95,30.7145,30.88,9337940
2015-04-22,32.1,32.599,31.98,32.35,18874645
2015-04-23,30.23,30.99,30.17,30.72,20732995
2015-04-24,31.45,31.53,31.18,31.34,16457760
2015-04-27,31.33,31.389,31.13,31.19,7363065
2015-04-28,30.88,31.09,30.8,31.01,4786805
2015-04-29,30.74,30.92,30.435,30.7,5446540
2015-04-30,30.3,30.37,29.78,30.23,6355470
2015-05-01,30.31,31.1,30.3,30.91,6832245
2015-05-04,30.91,31.22,30.9,31.15,6114760
2015-05-05,30.91,31.06,30.32,30.33,8267890
2015-05-06,30.27,30.345,29.77,29.96,9887745
2015-05-07,30.11,30.34,30.06,30.3,4992990
2015-05-08,30.51,30.735,30.47,30.64,4792415
2015-05-11,31.13,31.195,30.82,30.84,4451875
2015-05-12,31.72,31.76,31.47,31.51,14986980
2015-05-13,32.43,32.45,31.851,32,18655640
2015-05-14,32.02,32.205,31.92,32.19,11104840
2015-05-15,32.58,32.77,32.44,32.74,7994095
2015-05-18,32.58,32.65,32.4,32.45,3235885
2015-05-19,32.95,32.95,32.57,32.61,7971415
2015-05-20,32.39,32.42,32.115,32.17,4702415
2015-05-21,31.84,31.86,31.665,31.81,4910180
2015-05-22,31.69,31.87,31.66,31.72,5277180
2015-05-26,31.87,31.88,31.45,31.63,6204445
2015-05-27,31.3,31.35,31.025,31.24,5056625
2015-05-28,31.02,31.27,30.95,31.18,8637385
2015-05-29,30.9,31.1,30.775,30.92,3674690
2015-06-01,30.86,31.02,30.615,30.8,6835540
2015-06-02,30.5,30.68,30.42,30.54,8561330
2015-06-03,30.28,30.56,30.27,30.43,6608490
2015-06-04,30.25,30.33,29.84,30.02,6113465
2015-06-05,29.81,30.15,29.77,30.05,6949655
2015-06-08,29.47,29.62,29.17,29.27,6436520
2015-06-09,29.02,29.22,28.8,29.14,7750735
2015-06-10,29.77,30.16,29.73,29.98,4320255
2015-06-11,30.53,30.69,30.4,30.51,3730035
2015-06-12,30.37,30.53,30.34,30.44,3106640
2015-06-15,30.65,30.9,30.45,30.68,5051825
2015-06-16,30.4,30.595,30.32,30.44,3740750
2015-06-17,29.87,30.02,29.78,29.95,5333195
2015-06-18,29.96,30.24,29.96,30.19,2820075
2015-06-19,29.87,29.97,29.635,29.67,3607040
2015-06-22,30.32,30.57,30.275,30.5,3938375
2015-06-23,30.85,31.05,30.84,31.01,3564240
2015-06-24,30.6,30.705,30.46,30.51,3672485
2015-06-25,31.4,31.7,31.12,31.15,5613280
2015-06-26,31.42,31.43,31.05,31.17,4687895
2015-06-29,30.84,30.89,30.31,30.36,6254545
2015-06-30,28.69,29.06,28.32,28.39,14207780
2015-07-01,28.47,28.99,28.3,28.51,5534415
2015-07-02,28.56,28.65,28.311,28.39,3806900
2015-07-06,28.1,28.37,27.9,28.04,3475210
2015-07-07,28.11,28.21,27.7,28.17,5891325
2015-07-08,27.49,27.67,26.765,26.81,7656250
2015-07-09,27.84,28.1,27.28,27.36,12866320
2015-07-10,28.28,28.73,28.24,28.4,22552115
2015-07-13,28.75,29.163,28.48,28.67,31160885
2015-07-14,28.37,28.42,28.27,28.3,7775895
2015-07-15,28.1,28.17,27.88,27.92,6299885
2015-07-16,28.18,28.28,27.97,27.98,7064625
2015-07-17,28.46,28.46,28.1,28.12,5321730
2015-07-20,28.18,28.2165,27.97,28.11,6961420
2015-07-21,28.52,28.72,28.41,28.45,17691225
2015-07-22,28.45,28.55,28.3215,28.38,4984765
2015-07-23,29.4,29.5,29.15,29.2,7584510
2015-07-24,29.55,29.7,29.13,29.27,11163735
2015-07-27,29.01,29.07,28.6,28.88,14112750
2015-07-28,29.02,29.25,28.73,29.24,4973760
2015-07-29,29.33,29.61,29.325,29.54,4925970
2015-07-30,29.93,29.99,28.96,29.12,10591790
2015-07-31,28.52,28.6,28.3,28.35,5534240
2015-08-03,27.91,27.98,27.57,27.76,7237505
2015-08-04,27.5,27.54,27.19,27.36,6813595
2015-08-05,27.11,27.27,27,27.11,6710415
2015-08-06,26.79,26.86,26.45,26.56,5756315
2015-08-07,26.67,26.84,26.55,26.83,3121155
2015-08-10,26.87,27.17,26.87,27.15,3368920
2015-08-11,27.4,27.61,27.23,27.35,5299995
2015-08-12,26.86,26.86,26.25,26.72,5410895
2015-08-13,26.99,27.1,26.9,26.97,3714000
2015-08-14,27.07,27.165,26.92,27.12,1905830
2015-08-17,26.68,26.923,26.59,26.83,2512270
2015-08-18,26.89,27.03,26.82,26.87,2241415
2015-08-19,26.75,26.76,26.43,26.63,5114060
2015-08-20,25.91,25.98,25.435,25.52,7126080
2015-08-21,25.08,25.3,24.5,24.51,7656345
2015-08-24,22.46,23.9,21.51,23.25,11455135
2015-08-25,24.82,24.83,23.78,23.79,8259000
2015-08-26,24.88,25.06,24.16,25.04,12455460
2015-08-27,25.53,25.95,25.52,25.86,9335435
2015-08-28,26.03,26.06,25.6995,25.87,6607860
2015-08-31,25.82,26.03,25.71,25.78,6377665
2015-09-01,25.13,25.27,24.755,24.88,7050640
2015-09-02,25.25,25.47,24.92,25.47,4383630
2015-09-03,25.67,25.72,25.2,25.32,8570790
2015-09-04,24.6,24.8,24.46,24.56,5204490
2015-09-08,24.57,24.97,24.57,24.9,8092445
2015-09-09,25.6,25.71,25,25.06,8930825
2015-09-10,25.75,26.09,25.5485,25.93,7799945
2015-09-11,26.01,26.19,25.87,26.16,7042945
2015-09-14,25.96,25.97,25.78,25.96,3549050
2015-09-15,25.57,25.91,25.39,25.84,5414175
2015-09-16,25.95,26.325,25.87,26.14,5634815
2015-09-17,26.55,26.86,26.385,26.42,7424345
2015-09-18,25.76,25.91,25.31,25.41,6237815
2015-09-21,25.57,25.76,25.35,25.46,3675435
2015-09-22,25.06,25.15,24.76,25.02,6077540
2015-09-23,25.02,25.12,24.73,24.98,9126915
2015-09-24,25.04,25.06,24.51,25.02,13525065
2015-09-25,25.73,25.83,25.165,25.34,7525310
2015-09-28,24.81,24.83,23.869,24.05,16978630
2015-09-29,23.35,23.66,23.26,23.61,8369470
2015-09-30,24.23,24.53,24.09,24.5,5370035
2015-10-01,24.8,24.86,24.53,24.72,7909820
2015-10-02,25.42,25.765,24.86,25.76,11062805
2015-10-05,26.41,26.55,26.28,26.49,9160835
2015-10-06,26.39,26.48,26.08,26.33,4650600
2015-10-07,26.65,26.8,26.41,26.76,2966300
2015-10-08,26.27,26.46,26.01,26.42,8385880
2015-10-09,26.53,26.64,26.41,26.6,3272815
2015-10-12,26.67,26.81,26.55,26.71,3734555
2015-10-13,26.44,26.77,26.386,26.41,1920985
2015-10-14,26.21,26.37,25.98,26.01,2388435
2015-10-15,26.59,27,26.55,26.99,3883330
2015-10-16,27.15,27.19,26.85,27.18,3851855
2015-10-19,27.35,27.4465,27.17,27.43,3981930
2015-10-20,27.25,27.34,27.1,27.23,2817870
2015-10-21,28.39,28.47,28.07,28.1,7317680
2015-10-22,28.46,28.85,28.45,28.74,7468305
2015-10-23,28.6,28.95,28.29,28.8,8126470
2015-10-26,29.05,29.08,28.82,28.94,6358745
2015-10-27,28.45,28.64,28.27,28.6,3881790
2015-10-28,28.68,29.055,28.53,28.97,4758935
2015-10-29,28.16,28.25,27.33,28.1,9424710
2015-10-30,28.53,28.65,28.39,28.4,3593055
2015-11-02,28.54,28.94,28.54,28.88,3571515
2015-11-03,28.72,29.08,28.72,28.91,3401770
2015-11-04,28.55,28.67,28.345,28.45,4434455
2015-11-05,28.52,28.63,28.26,28.35,2683670
2015-11-06,27.87,28.09,27.78,28.05,4522260
2015-11-09,28.09,28.27,27.72,27.87,3309075
2015-11-10,28.01,28.17,27.82,28.1,2409055
2015-11-11,28.4,28.44,28.19,28.3,2840990
2015-11-12,28.02,28.11,27.83,27.87,2643835
2015-11-13,27.51,27.58,27.24,27.31,3857285
2015-11-16,27.18,27.4535,27.15,27.44,3163050
2015-11-17,26.88,27.24,26.73,26.87,7355050
2015-11-18,26.84,27.02,26.755,26.99,4675785
2015-11-19,26.9,27.03,26.803,26.86,2837215
2015-11-20,26.91,27.01,26.82,26.89,2601490
2015-11-23,26.8,27.04,26.75,26.79,3227385
2015-11-24,26.86,27.04,26.67,26.96,3370850
2015-11-25,26.47,26.58,26.46,26.51,3130870
2015-11-27,26.57,26.74,26.46,26.49,1060675
2015-11-30,25.95,26.04,25.83,25.92,4416210
2015-12-01,26.2,26.36,26.15,26.2,3015705
2015-12-02,25.69,25.7,25.33,25.4,10193835
2015-12-03,25.63,25.74,25.18,25.25,8755290
2015-12-04,25.11,25.41,25.07,25.39,7160270
2015-12-07,25.38,25.43,25.15,25.3,2394285
2015-12-08,24.88,24.97,24.67,24.8,6400910
2015-12-09,24.67,24.68,24.17,24.36,6877595
2015-12-10,24.74,24.82,24.58,24.63,4682320
2015-12-11,24.5,24.58,24.24,24.34,6541025
2015-12-14,24.48,24.77,24.275,24.65,9530610
2015-12-15,24.62,24.77,24.32,24.5,9866920
2015-12-16,24.85,25.29,24.77,25.24,10996350
2015-12-17,25.32,25.49,25.119,25.13,4909300
2015-12-18,24.59,24.69,24.44,24.44,5797325
2015-12-21,24.29,24.42,23.97,24.35,7360515
2015-12-22,24.06,24.37,24,24.3,4947925
2015-12-23,24.49,24.72,24.42,24.62,5650960
2015-12-24,24.58,24.78,24.57,24.7,2337000
2015-12-28,24.71,24.79,24.53,24.67,2950835
2015-12-29,24.86,24.9,24.675,24.83,3288165
2015-12-30,24.78,24.9,24.7,24.72,1724585
2015-12-31,24.67,24.77,24.51,24.61,3444650
2016-01-04,24.45,24.8,24.31,24.73,12410820
2016-01-05,24.91,25.72,24.91,25.47,17413135
2016-01-06,24.24,24.25,23.27,23.63,26404305
2016-01-07,23.52,23.65,23.17,23.27,10546855
2016-01-08,23.82,23.91,23,23,9347875
2016-01-11,23.37,23.42,22.99,23.36,11962310
2016-01-12,23.08,23.09,22.55,22.85,10302670
2016-01-13,23.14,23.23,22.345,22.49,11860140
2016-01-14,22.25,22.39,21.9,22.3,15053375
2016-01-15,21.58,21.69,21.21,21.44,8310110
2016-01-19,22.71,22.77,21.96,22.21,10850990
2016-01-20,20.89,21.295,20.16,21.04,13559670
2016-01-21,20.93,21.48,20.84,21.16,6515035
2016-01-22,21.4,21.89,21.37,21.74,8445955
2016-01-25,21.26,21.46,21.09,21.13,5888765
2016-01-26,20.84,21.29,20.8,21.23,5391490
2016-01-27,21.22,21.43,20.92,21.04,3699280
2016-01-28,20.26,20.49,19.9,20.29,12263760
2016-01-29,22.57,24.48,22.51,23.88,27585160
2016-02-01,23.24,23.33,22.97,23.31,9543350
2016-02-02,22.36,22.7,22.24,22.39,14144905
2016-02-03,22.09,22.21,21.57,22.03,7876690
2016-02-04,22.05,22.36,21.9,22.08,4903550
2016-02-05,22.25,22.28,21.68,21.73,6128090
2016-02-08,21.41,21.4555,20.87,21.2,7726200
2016-02-09,20.43,20.86,20.41,20.75,15261640
2016-02-10,20.65,21.275,20.61,20.79,4819240
2016-02-11,20.37,20.58,20.11,20.26,6217365
2016-02-12,20.33,20.83,20.184,20.82,5804475
2016-02-16,21.53,21.64,21.33,21.57,6371435
2016-02-17,22.04,22.28,21.98,22.18,5422950
2016-02-18,22.56,22.56,22.165,22.22,3017270
2016-02-19,22.04,22.16,21.83,21.97,3748630
2016-02-22,22.23,22.44,22.21,22.31,2741960
2016-02-23,21.7,21.92,21.5,21.51,5748405
2016-02-24,21.18,21.5,20.97,21.43,3353545
2016-02-25,21.12,21.35,21.01,21.34,5257010
2016-02-26,21.42,21.6965,21.39,21.54,11832210
2016-02-29,21.28,21.43,21.11,21.12,5702875
2016-03-01,21.29,21.71,21.24,21.61,5363860
2016-03-02,21.88,22.05,21.79,22,8191225
2016-03-03,22.02,22.15,21.927,22.11,26241595
2016-03-04,22.74,23.145,22.71,22.93,8354855
2016-03-07,22.81,23.37,22.79,23.22,10212455
2016-03-08,22.96,23,22.42,22.46,7389105
2016-03-09,23.4,23.45,23.09,23.28,7637855
2016-03-10,24.23,24.31,23.37,23.66,12395910
2016-03-11,24.38,24.62,24.22,24.61,7071885
2016-03-14,24.5,24.63,24.43,24.58,3995625
2016-03-15,24.44,24.54,24.34,24.52,3301130
2016-03-16,25.11,25.5,25.08,25.5,6914290
2016-03-17,25.79,26.14,25.67,26.09,14194360
2016-03-18,26.19,26.43,26.07,26.27,5313730
2016-03-21,26.32,26.49,26.16,26.47,4787540
2016-03-22,26.04,26.29,25.96,26.26,4098215
2016-03-23,25.9,25.93,25.54,25.57,4083845
2016-03-24,25.17,25.49,25.02,25.47,4302785
2016-03-28,25.72,25.84,25.405,25.55,4098535
2016-03-29,25.63,26.16,25.5,26.16,5818810
2016-03-30,25.76,26.06,25.72,25.79,4788005
2016-03-31,25.8,25.93,25.7,25.72,2299725
2016-04-01,24.77,24.94,24.45,24.92,6213910
2016-04-04,25.66,25.87,25.57,25.61,10681255
2016-04-05,25.8,26,25.69,25.69,20384335
2016-04-06,25.7,25.88,25.42,25.84,7641375
2016-04-07,25.71,25.79,25.17,25.3,6157570
2016-04-08,26.35,26.35,25.95,26.07,4898050
2016-04-11,27.43,27.52,26.97,26.98,12316770
2016-04-12,27.99,28.05,27.62,27.97,11866680
2016-04-13,27.9,28.12,27.8,28.1,5752365
2016-04-14,27.57,27.81,27.5,27.61,7496885
2016-04-15,26.72,26.83,26.51,26.66,8546660
2016-04-18,25.52,26.69,25.45,26.48,14710205
2016-04-19,26.95,27,26.65,26.75,5935060
2016-04-20,27.94,28.17,27.77,27.92,8329695
2016-04-21,27.26,27.295,26.325,26.42,14154430
2016-04-22,27.08,27.19,26.32,26.64,14677290
2016-04-25,25.62,25.72,25.46,25.7,7501625
2016-04-26,25.67,25.79,25.57,25.77,3611570
2016-04-27,25.72,25.8,25.39,25.61,5552640
2016-04-28,25.92,26.26,24.05,24.26,11160530
2016-04-29,24.39,24.41,23.95,24.1,11284315
2016-05-02,24.95,24.98,24.62,24.72,6209770
2016-05-03,24.53,24.55,23.92,24.12,4787935
2016-05-04,24.03,24.13,23.65,23.85,15104735
2016-05-05,23.94,24.04,23.7835,23.98,16684270
2016-05-06,23.67,23.94,23.62,23.87,11678275
2016-05-09,24.16,24.23,23.84,23.93,3674285
2016-05-10,24.52,24.78,24.44,24.77,5672865
2016-05-11,25.02,25.03,24.54,24.56,8569150
2016-05-12,26.09,26.15,25.64,25.84,12990715
2016-05-13,26.55,26.67,25.94,26.12,15170615
2016-05-16,26.23,26.45,26.14,26.36,7482110
2016-05-17,26.15,26.36,25.87,25.92,6956075
2016-05-18,26.74,27.06,26.64,26.78,8432710
2016-05-19,26.11,26.24,25.91,26.09,4248195
2016-05-20,26.32,26.49,26.312,26.44,2832010
2016-05-23,26.32,26.49,26.24,26.27,2665155
2016-05-24,26.95,28.1,26.78,27.84,18066585
2016-05-25,28,28.11,27.71,27.9,12560745
2016-05-26,28.04,28.08,27.81,28.05,5251170
2016-05-27,28,28.08,27.9,28.02,2989040
2016-05-31,28.04,28.09,27.69,27.86,6465170
2016-06-01,27.86,27.94,27.64,27.86,3159400
2016-06-02,27.69,28,27.65,28,2961575
2016-06-03,28.08,28.22,27.88,27.95,8128000
2016-06-06,28.6,28.94,28.6,28.8,5221710
2016-06-07,28.91,29.13,28.88,28.89,3870060
2016-06-08,28.93,29.21,28.92,29.18,4812705
2016-06-09,28.65,28.89,28.64,28.77,3884655
2016-06-10,28.29,28.33,27.89,28.03,4445595
2016-06-13,27.53,27.86,27.5,27.52,5652620
2016-06-14,27.61,27.83,27.43,27.67,5701790
2016-06-15,28.01,28.26,27.95,28,4040960
2016-06-16,27.61,27.91,27.33,27.84,4979450
2016-06-17,27.73,27.92,27.6035,27.92,4962055
2016-06-20,28.66,28.85,28.49,28.54,4591660
2016-06-21,29.19,29.22,29.02,29.08,6508190
2016-06-22,28.88,29.13,28.61,28.61,5307470
2016-06-23,29.09,29.14,28.78,29,4139975
2016-06-24,27.62,28.23,27.57,27.6,12322795
2016-06-27,27.15,27.24,26.84,27.08,8574580
2016-06-28,27.89,28.15,27.705,28.12,6639125
2016-06-29,28.92,29.45,28.88,29.34,10736120
2016-06-30,29.05,29.375,28.89,29.35,6706035
2016-07-01,29.17,29.53,29.17,29.39,5311335
2016-07-05,29.39,29.39,29.03,29.19,5831480
2016-07-06,29.55,30.1,29.53,30.09,8787610
2016-07-07,30.1,30.29,29.79,30.08,8764385
2016-07-08,30.2,30.64,30.18,30.59,5435995
2016-07-11,31.06,31.33,31.03,31.2,9923050
2016-07-12,30.7,30.84,30.43,30.59,12982090
2016-07-13,29.74,29.74,29.41,29.55,10273305
2016-07-14,30.24,30.345,29.98,30.04,7704040
2016-07-15,30.13,30.15,29.97,30.04,5106105
2016-07-18,30.05,30.305,30.03,30.3,4226265
2016-07-19,30.28,30.36,30.18,30.27,3652240
2016-07-20,30.5,30.59,30.42,30.52,2421940
2016-07-21,29.96,30.15,29.87,30,5278775
2016-07-22,30.04,30.26,30.03,30.21,2282275
2016-07-25,29.93,29.95,29.535,29.85,5818855
2016-07-26,30.2,30.32,30.135,30.21,3212085
2016-07-27,30.53,30.67,30.23,30.39,3715605
2016-07-28,30.47,30.735,30.39,30.68,7324805
2016-07-29,32.33,33.5,32.21,33.41,18281860
2016-08-01,33,33.02,32.37,32.5,8987585
2016-08-02,32.33,32.52,32.28,32.5,5654665
2016-08-03,32.19,32.38,32.05,32.35,3940840
2016-08-04,32.43,32.68,32.29,32.6,4607125
2016-08-05,32.7,32.83,32.57,32.72,3234625
2016-08-08,32.36,32.45,32.145,32.3,4135595
2016-08-09,32.8,33.13,32.7,32.85,4077870
2016-08-10,33.07,33.13,32.73,32.85,4069285
2016-08-11,33.02,33.14,32.97,33.04,4579785
2016-08-12,32.87,33,32.74,32.82,3365065
2016-08-15,32.78,32.85,32.66,32.76,3769180
2016-08-16,32.77,32.92,32.77,32.78,2032340
2016-08-17,32.24,32.5,32.08,32.37,5132410
2016-08-18,32.8,33.18,32.76,33.1,6114760
2016-08-19,32.57,32.83,32.36,32.72,6095535
2016-08-22,32.97,33.119,32.81,33.01,3626455
2016-08-23,33.18,33.34,33.03,33.12,4068570
2016-08-24,33.55,33.6,33.175,33.25,4813325
2016-08-25,33.4,33.49,33.31,33.44,3714520
2016-08-26,33.41,33.7,33.06,33.18,4922220
2016-08-29,32.74,32.95,32.65,32.85,4989400
2016-08-30,32.64,32.73,32.5,32.59,3309340
2016-08-31,32.46,32.46,32,32.16,4204500
2016-09-01,32,32.19,31.801,32.14,5561735
2016-09-02,32.53,32.83,32.53,32.64,4572790
2016-09-06,33.19,33.53,33.085,33.52,4780935
2016-09-07,33.83,33.86,33.42,33.44,5496635
2016-09-08,33.37,33.44,33.05,33.12,4970845
2016-09-09,32.9,32.94,32.45,32.45,5237315
2016-09-12,32.13,32.74,32.09,32.67,7475640
2016-09-13,32.48,32.51,32.125,32.16,5087845
2016-09-14,32.15,32.42,32.15,32.22,2719645
2016-09-15,31.98,32.57,31.9,32.47,3043950
2016-09-16,31.87,32.05,31.7,31.79,5285810
2016-09-19,32.09,32.26,31.87,31.89,2764675
2016-09-20,32.59,32.75,32.37,32.46,4762055
2016-09-21,33.23,33.54,33.085,33.43,6661830
2016-09-22,33.95,34.17,33.78,33.91,4858450
2016-09-23,33.63,33.8,33.55,33.6,3949140
2016-09-26,33.32,33.56,33.3,33.46,4279265
2016-09-27,33.34,33.56,33.28,33.47,3828330
2016-09-28,33.47,33.62,33.32,33.58,3529095
2016-09-29,33.3,33.47,33.2,33.24,4369660
2016-09-30,32.76,33.4,32.65,33.21,7006080
2016-10-03,32.97,33.25,32.89,33.1,4913830
2016-10-04,33.08,33.1,32.69,32.74,4942865
2016-10-05,33.02,33.13,32.92,32.94,2773345
2016-10-06,32.67,32.8,32.569,32.72,4079165
2016-10-07,32.57,32.63,32.31,32.53,2739840
2016-10-10,32.69,33.01,32.6,32.73,3244540
2016-10-11,32.88,32.944,32.73,32.78,3553290
2016-10-12,32.75,32.78,32.61,32.7,2832510
2016-10-13,32.91,33.29,32.8,33.27,7258900
2016-10-14,33.21,33.22,32.86,32.89,5844425
2016-10-17,32.83,32.95,32.72,32.79,2423450
2016-10-18,33.35,33.674,33.3,33.5,3285490
2016-10-19,33.03,33.07,32.895,32.91,3060880
2016-10-20,32.73,32.86,32.56,32.72,2459360
2016-10-21,32.07,32.21,31.99,32.11,5370645
2016-10-24,32.22,32.29,32.1,32.14,2789400
2016-10-25,31.84,31.921,31.73,31.85,4166760
2016-10-26,31.69,32.07,31.66,31.84,6906730
2016-10-27,31.74,31.83,31.51,31.53,3738835
2016-10-28,31.47,31.69,31.35,31.49,5534700
2016-10-31,31.61,31.62,31.12,31.33,7839525
2016-11-01,31.58,31.83,30.38,30.73,12775960
2016-11-02,31.53,31.68,31.31,31.37,9406380
2016-11-03,31.52,31.56,31.34,31.4,4929315
2016-11-04,30.8,31.1,30.77,30.83,5710450
2016-11-07,30.34,30.515,30.25,30.4,11065185
2016-11-08,30.31,30.89,30.29,30.65,5654855
2016-11-09,29.92,30.47,29.78,30.21,5802240
2016-11-10,30.17,30.36,29.72,29.84,13073270
2016-11-11,30.04,30.17,29.885,30.11,5664945
2016-11-14,30.15,30.21,29.9,29.99,5132165
2016-11-15,29.54,29.71,29.49,29.61,4074855
2016-11-16,29.56,29.56,29.29,29.37,3893635
2016-11-17,29.59,29.74,29.5,29.7,3502670
2016-11-18,29.45,29.46,29.145,29.18,4418705
2016-11-21,29.65,29.78,29.62,29.76,2818090
2016-11-22,30.23,30.27,30.03,30.18,4167750
2016-11-23,29.98,30.09,29.88,30.06,1846670
2016-11-25,29.51,29.54,29.41,29.5,1584640
2016-11-28,29.53,29.59,29.415,29.57,2341090
2016-11-29,29.38,29.63,29.3,29.49,2216850
2016-11-30,29.35,29.35,29.07,29.07,3754190
2016-12-01,28.5,28.59,28.12,28.22,7285635
2016-12-02,27.87,28.17,27.72,28.06,4763220
2016-12-05,27.99,28.23,27.98,28.14,4706675
2016-12-06,28.09,28.2,28.07,28.16,3281775
2016-12-07,28.25,28.61,28.15,28.61,3948380
2016-12-08,28.74,29.2,28.74,29.16,10145120
2016-12-09,29.44,29.56,29.39,29.4,4479810
2016-12-12,29.24,29.29,29.07,29.12,5280490
2016-12-13,29.44,29.73,29.44,29.58,4030960
2016-12-14,29.28,29.32,28.81,28.82,4381570
2016-12-15,28.77,28.98,28.71,28.86,3829725
2016-12-16,28.43,28.53,28.35,28.44,4346860
2016-12-19,28.78,29,28.76,28.84,3555430
2016-12-20,28.71,28.82,28.65,28.74,1783105
2016-12-21,28.55,28.63,28.47,28.49,2023145
2016-12-22,28.49,28.57,28.29,28.35,4261565
2016-12-23,28.36,28.49,28.36,28.46,1657135
2016-12-27,28.3,28.48,28.29,28.38,2012330
2016-12-28,28.5,28.5,28.27,28.28,1779375
2016-12-29,28.18,28.26,28.12,28.15,2157345
2016-12-30,28,28.12,27.9065,28.03,3226775
2017-01-03,28.1,28.32,28.04,28.29,4477180
2017-01-04,28.48,28.66,28.415,28.58,4553220
2017-01-05,28.54,28.7865,28.43,28.72,5137410
2017-01-06,28.57,29.04,28.53,28.96,4823930
2017-01-09,28.74,28.95,28.74,28.82,3243685
2017-01-10,29.4,29.65,29.38,29.53,4240985
2017-01-11,30.19,30.46,30.13,30.44,6087110
2017-01-12,30.79,30.9,30.605,30.87,10193200
2017-01-13,30.88,31.08,30.81,31.02,4026475
2017-01-17,31,31.062,30.83,30.86,3707205
2017-01-18,30.81,30.83,30.6,30.71,2858375
2017-01-19,30.5,30.61,30.345,30.4,4130170
2017-01-20,30.34,30.54,30.32,30.5,3984935
2017-01-23,30.35,30.47,30.24,30.43,2697330
2017-01-24,30.41,30.5,30.35,30.49,2465360
2017-01-25,30.5,30.82,30.49,30.79,3977500
2017-01-26,30.93,31.2,30.93,31.12,4733615
2017-01-27,30.66,30.923,30.4,30.52,3515395
2017-01-30,29.35,29.64,29.16,29.44,9429705
2017-01-31,30.26,30.39,30.1,30.27,5352830
2017-02-01,30.19,30.32,30.07,30.24,4342180
2017-02-02,30.51,32.22,30.51,31.94,10767550
2017-02-03,31.6,31.8,31.55,31.66,5173230
2017-02-06,31.79,31.96,31.755,31.94,3147140
2017-02-07,32.04,32.16,32.03,32.11,2993065
2017-02-08,31.89,32.06,31.79,31.83,3033695
2017-02-09,31.73,31.92,31.71,31.8,2453160
2017-02-10,31.7,31.81,31.64,31.77,2593350
2017-02-13,31.54,31.78,31.54,31.68,3320300
2017-02-14,31.53,31.71,31.46,31.63,2749825
2017-02-15,31.37,31.6,31.37,31.57,3142850
2017-02-16,31.29,31.4,31.24,31.3,3270485
2017-02-17,31.28,31.34,31.18,31.34,3779890
2017-02-21,31.19,31.31,31.12,31.23,3636785
2017-02-22,31.29,31.335,31.195,31.31,3341575
2017-02-23,31.23,31.24,31.06,31.24,4794745
2017-02-24,30.97,30.98,30.84,30.93,2676700
2017-02-27,30.9,30.92,30.7,30.77,3431890
2017-02-28,31.04,31.15,30.89,30.96,4134425
2017-03-01,31.26,31.55,31.22,31.53,5517000
2017-03-02,31.4,31.52,31.36,31.41,5488855
2017-03-03,31.56,31.67,31.435,31.56,4764080
2017-03-06,31.32,31.32,31.095,31.18,2688975
2017-03-07,31.01,31.03,30.82,30.85,2382210
2017-03-08,30.88,30.92,30.715,30.74,1839060
2017-03-09,30.85,30.965,30.73,30.82,2790260
2017-03-10,31.72,31.85,31.52,31.71,5950565
2017-03-13,31.8,31.91,31.8,31.9,3211240
2017-03-14,31.7,31.7,31.4,31.46,2157315
2017-03-15,31.5,31.74,31.29,31.69,3156095
2017-03-16,31.88,32,31.83,31.89,2961760
2017-03-17,32.06,32.18,32.04,32.09,2092875
2017-03-20,32.16,32.22,32.02,32.13,1691305
2017-03-21,32.2,32.28,31.75,31.76,3407635
2017-03-22,31.85,32.01,31.79,31.98,2176520
2017-03-23,31.92,31.92,31.665,31.78,3106175
2017-03-24,32.28,32.41,32.185,32.21,2637475
2017-03-27,32.25,32.49,32.15,32.49,2524735
2017-03-28,32.48,32.5,32.31,32.46,1718205
2017-03-29,33.15,33.24,33.04,33.15,4726220
2017-03-30,33.52,33.62,33.46,33.48,4098435
2017-03-31,33.71,33.78,33.59,33.73,3235135
2017-04-03,32.97,33.02,32.79,33.02,4156620
2017-04-04,33.14,33.187,32.99,33.13,2958240
2017-04-05,32.92,33,32.74,32.76,3573445
2017-04-06,32.3,32.32,32.1735,32.21,2592445
2017-04-07,32.09,32.14,31.98,32.08,2617295
2017-04-10,32.01,32.05,31.82,31.93,2652425
2017-04-11,31.92,31.92,31.7,31.85,4651930
2017-04-12,31.57,31.63,31.36,31.48,3091115
2017-04-13,31.34,31.45,31.32,31.32,2704065
2017-04-17,31.78,31.84,31.695,31.84,2577280
2017-04-18,31.68,31.68,31.51,31.68,2754870
2017-04-19,32.11,32.21,31.93,31.97,4593680
2017-04-20,32.73,32.87,32.64,32.83,6205085
2017-04-21,34.03,34.03,33.29,33.68,10805180
2017-04-24,33.96,33.98,33.675,33.82,7361365
2017-04-25,33.67,33.845,33.6,33.65,4461870
2017-04-26,33.55,33.68,33.45,33.58,4325765
2017-04-27,33.65,33.77,33.46,33.72,3589390
2017-04-28,34.35,34.59,34.17,34.52,4884140
2017-05-01,34.64,34.84,34.59,34.68,4152275
2017-05-02,34.43,34.74,34.39,34.74,4932410
2017-05-03,34.66,34.74,34.47,34.61,4279475
2017-05-04,34.5,34.61,34.45,34.59,3288300
2017-05-05,34.5,34.85,34.5,34.78,4407720
2017-05-08,35.11,35.26,35.06,35.16,4140725
2017-05-09,35.33,35.52,35.33,35.41,5080730
2017-05-10,35.72,35.73,35.56,35.6,4469680
2017-05-11,35.56,35.66,35.41,35.59,3480950
2017-05-12,35.54,35.62,35.47,35.55,2647420
2017-05-15,35.36,35.39,35.21,35.36,3840195
2017-05-16,35.59,35.61,35.37,35.47,3713995
2017-05-17,35.75,35.91,35.34,35.36,7167655
2017-05-18,35.27,35.4,35.12,35.32,4744505
2017-05-19,35.48,35.79,35.42,35.66,4855205
2017-05-22,35.46,35.57,35.375,35.53,3222480
2017-05-23,35.67,35.76,35.51,35.55,2688360
2017-05-24,35.72,36.05,35.67,36.02,5235725
2017-05-25,35.98,36.21,35.8,36.17,8592035
2017-05-26,36.25,36.82,36.25,36.68,13544115
2017-05-30,36.54,36.7,36.39,36.48,10339670
2017-05-31,36.625,36.67,36.45,36.62,5235130
2017-06-01,36.39,36.53,36.32,36.51,5661440
2017-06-02,37.33,37.75,37.19,37.75,6875795
2017-06-05,37.75,37.88,37.66,37.67,3586860
2017-06-06,37.95,38.24,37.92,38.13,4416805
2017-06-07,38.09,38.09,37.815,37.84,5302560
2017-06-08,37.58,37.93,37.43,37.89,5717040
2017-06-09,37.28,37.67,36.91,36.97,11429230
2017-06-12,36.81,37.09,36.56,37.05,6318880
2017-06-13,36.87,36.99,36.78,36.95,4085485
2017-06-14,37.34,37.34,36.93,37.06,3743310
2017-06-15,37.31,37.49,37.16,37.43,4981380
2017-06-16,37.42,37.42,37.16,37.33,4045570
2017-06-19,38.51,38.83,38.49,38.64,6998825
2017-06-20,38.46,38.49,38.14,38.16,2816655
2017-06-21,38.04,38.16,38.01,38.14,2431885
2017-06-22,38.38,38.54,38.38,38.41,2006840
2017-06-23,38.46,38.54,38.2515,38.52,2419900
2017-06-26,38.62,38.93,38.62,38.68,5326375
2017-06-27,38.67,38.935,38.57,38.57,5336935
2017-06-28,38.69,38.88,38.41,38.87,4235045
2017-06-29,38.78,38.86,37.99,38.28,4012950
2017-06-30,38.47,38.47,38.18,38.19,4629450
2017-07-03,38.33,38.37,38.13,38.19,3163735
2017-07-05,37.71,37.95,37.6365,37.93,5106340
2017-07-06,37.59,37.65,37.43,37.54,3233925
2017-07-07,37.59,37.86,37.32,37.79,5707125
2017-07-10,37.83,38.165,37.82,38.15,4022685
2017-07-11,38.65,38.88,38.51,38.85,6453810
2017-07-12,39.58,39.8,39.49,39.73,4996005
2017-07-13,39.68,39.85,39.52,39.8,2618680
2017-07-14,39.99,40.22,39.91,40.22,2647010
2017-07-17,40.21,40.39,40.085,40.13,2679665
2017-07-18,40.1,40.4,40.1,40.37,2371255
2017-07-19,40.31,40.69,40.23,40.56,5767230
2017-07-20,40.56,40.75,40.51,40.63,3972145
2017-07-21,40.63,40.82,40.595,40.81,3055970
2017-07-24,40.45,40.64,40.3,40.61,3831965
2017-07-25,40.32,40.35,40.05,40.18,4152775
2017-07-26,40.6,40.8,40.5,40.8,2471695
2017-07-27,41.17,41.65,41.13,41.29,7279015
2017-07-28,40.98,40.99,40.7835,40.97,2917070
2017-07-31,41.13,41.33,40.995,41.07,2892575
2017-08-01,41.49,41.63,40.3,40.71,5565460
2017-08-02,40.16,40.2,39.715,39.81,5470015
2017-08-03,39.94,40.22,39.76,40.2,3369430
2017-08-04,40.36,40.43,40.2,40.34,2732445
2017-08-07,39.89,40.05,39.87,39.99,3988990
2017-08-08,40.35,40.68,40.33,40.56,3984260
2017-08-09,40.22,40.22,39.84,40.02,4626365
2017-08-10,39.55,39.55,38.82,38.88,5004230
2017-08-11,38.84,39.13,38.77,39,2355975
2017-08-14,39.1,39.23,39,39.15,2189410
2017-08-15,39.1,39.12,38.89,38.92,2569650
2017-08-16,39.14,39.43,39.13,39.39,2346125
2017-08-17,39.34,39.45,38.995,39,3294450
2017-08-18,38.84,38.93,38.61,38.77,2523940
2017-08-21,38.49,38.62,38.35,38.5,2972415
2017-08-22,38.49,38.73,38.43,38.71,2461790
2017-08-23,38.77,38.9,38.75,38.81,1567245
2017-08-24,38.42,38.42,38.13,38.19,6878520
2017-08-25,38.42,38.7,38.35,38.5,5329665
2017-08-28,38.57,38.6,38.44,38.48,941190
2017-08-29,38.52,38.71,38.51,38.64,1692975
2017-08-30,39.02,39.24,38.99,39.2,2603260
2017-08-31,39.45,39.68,39.43,39.63,2342290
2017-09-01,39.83,39.83,39.59,39.72,1974400
2017-09-05,39.59,39.59,39.01,39.33,2774725
2017-09-06,39.41,39.46,39.255,39.33,1376485
2017-09-07,39.39,39.56,39.35,39.43,1857450
2017-09-08,39.78,39.93,39.78,39.93,2896405
2017-09-11,40.04,40.49,40.04,40.35,6650605
2017-09-12,40.35,40.35,40.04,40.18,2496220
2017-09-13,39.87,39.88,39.66,39.74,1644740
2017-09-14,38.32,38.45,38.17,38.36,5725125
2017-09-15,38.45,38.68,38.36,38.66,2791150
2017-09-18,38.67,38.76,38.31,38.39,3496315
2017-09-19,38.13,38.19,37.41,37.66,8230915
2017-09-20,37.92,37.98,37.58,37.76,3447420
2017-09-21,37.53,37.595,37.45,37.46,2757940
2017-09-22,37.38,37.55,37.18,37.5,3659705
2017-09-25,37.39,37.39,36.945,36.97,6891485
2017-09-26,36.76,36.8,36.41,36.46,4772770
2017-09-27,36.53,36.74,36.38,36.49,4241420
2017-09-28,36.51,36.73,36.41,36.72,2900715
2017-09-29,37.17,37.41,37.03,37.34,3042355
2017-10-02,37.29,37.395,37.19,37.32,3141360
2017-10-03,37.42,37.64,37.373,37.55,3292030
2017-10-04,37.55,37.58,37.48,37.53,2025600
2017-10-05,36.81,36.99,36.8,36.96,4923910
2017-10-06,36.77,37.08,36.68,37.08,3749155
2017-10-09,37.14,37.23,37.015,37.04,2001340
2017-10-10,36.8,36.83,36.62,36.71,2442660
2017-10-11,36.6,36.75,36.58,36.62,2929220
2017-10-12,36.3,36.45,36.25,36.32,4357155
2017-10-13,36.85,36.95,36.765,36.82,2896365
2017-10-16,37.16,37.26,36.97,37.05,3207115
2017-10-17,37.07,37.09,36.83,36.95,2810280
2017-10-18,37.49,37.5655,37.29,37.46,3485970
2017-10-19,37.28,37.45,37.03,37.44,3920825
2017-10-20,37.48,37.68,37.42,37.55,2785700
2017-10-23,37.66,37.77,37.48,37.51,1830395
2017-10-24,37.54,37.71,37.45,37.7,1617075
2017-10-25,37.42,37.485,36.93,37.16,2579625
2017-10-26,37.59,37.98,37.51,37.86,4087235
2017-10-27,37.7,37.85,37.59,37.83,2795880
2017-10-30,37.93,39.07,37.83,38.85,11001500
2017-10-31,43.21,45.25,42.9,43.41,34069000
2017-11-01,43.57,43.94,43.33,43.54,11448275
2017-11-02,44.13,45.085,44.13,44.89,8409815
2017-11-03,44.89,44.98,44.58,44.81,6816335
2017-11-06,45.55,45.96,45.55,45.87,5114420
2017-11-07,45.86,46.03,45.67,46.01,3912910
2017-11-08,47.43,47.59,47.23,47.47,6621960
2017-11-09,45.52,45.98,45.19,45.89,6997320
2017-11-10,45.9,46.35,45.87,46.22,3576755
2017-11-13,45.52,46.15,45.441,46.08,4864265
2017-11-14,45.95,46.13,45.85,46.05,4591725
2017-11-15,44.95,45.38,44.78,45.24,5742460
2017-11-16,45.99,46.14,45.72,46.1,4470260
2017-11-17,46.34,46.43,46.1,46.17,3273695
2017-11-20,46.85,47.025,46.81,46.97,5462465
2017-11-21,46.82,47.15,46.82,47.11,3760835
2017-11-22,47.3,47.37,47.04,47.22,2794380
2017-11-24,47.8,48.03,47.69,47.89,2011870
2017-11-27,48.29,48.33,47.86,48.02,4039605
2017-11-28,48.02,48.31,47.91,48.3,3308160
2017-11-29,48.03,48.06,47.21,47.37,4368815
2017-11-30,46.82,46.86,46.5,46.8,5571725
2017-12-01,45.86,45.96,45.33,45.56,10966245
2017-12-04,46.25,46.34,45.75,45.78,4964125
2017-12-05,45.76,46.2,45.73,45.87,2775490
2017-12-06,44.99,45.01,44.645,44.91,4856715
2017-12-07,45.21,45.845,45.21,45.75,4048080
2017-12-08,45.73,45.86,45.54,45.79,3113715
2017-12-11,44.65,44.915,44.63,44.9,4753635
2017-12-12,44.5,44.73,44.37,44.63,4566795
2017-12-13,44.62,44.715,44.53,44.65,3671465
2017-12-14,44.65,44.74,44.45,44.45,2590240
2017-12-15,44.7,44.99,44.56,44.84,3690520
2017-12-18,45.89,45.975,45.66,45.73,5215235
2017-12-19,45.46,45.55,45.2,45.34,3742500
2017-12-20,45.39,45.39,44.89,45.03,2239740
2017-12-21,45.55,45.66,45.36,45.41,3210320
2017-12-22,45.73,45.78,45.44,45.68,2266855
2017-12-26,45.345,45.46,45.13,45.21,2921285
2017-12-27,45.2,45.27,45.07,45.26,1932645
2017-12-28,45.3,45.42,45.17,45.29,2707375
2017-12-29,45.29,45.29,44.95,44.95,2178335
2018-01-02,45.44,45.81,45.24,45.79,4221085
2018-01-03,45.93,46.36,45.9,46.3,3066135
2018-01-04,46.81,47.26,46.8,47.25,3853330
2018-01-05,48.18,48.79,48.17,48.7,6780800
2018-01-08,48.8,49.01,48.73,49,3094280
2018-01-09,49.78,49.8,49.42,49.55,5287140
2018-01-10,49.74,49.97,49.47,49.78,5256890
2018-01-11,49.88,50.32,49.82,50.28,4304585
2018-01-12,49.96,50.82,49.73,50.03,5218955
2018-01-16,49.8,50.41,48.8,48.95,6944515
2018-01-17,49.44,49.965,49.16,49.82,3923130
2018-01-18,49.35,49.35,49.02,49.17,2853150
2018-01-19,49.88,50.02,49.73,49.89,2612185
2018-01-22,50.15,50.81,50.1,50.8,4000345
2018-01-23,51.57,51.94,49.89,50.42,12159210
2018-01-24,49.9,49.9,48.93,49.15,8712705
2018-01-25,48.5,49.12,48.185,48.4,6088200
2018-01-26,48.77,49.5,48.73,49.48,5565585
2018-01-29,48.6,48.62,47.56,47.87,15406270
2018-01-30,47.54,47.76,46.97,47.35,4557280
2018-01-31,47.93,48.13,47.74,47.94,4261745
2018-02-01,48.58,49.64,48.49,49.15,9050585
2018-02-02,53,53.91,51.57,51.99,19770915
2018-02-05,50.68,50.69,48.31,49,12981920
2018-02-06,49.01,51.18,48.801,50.77,13336890
2018-02-07,50.5,50.95,49.93,50.12,5659205
2018-02-08,48.57,48.76,46.96,46.96,12890700
2018-02-09,47.45,47.775,45.33,47.05,10519005
2018-02-12,47.72,48.485,47.27,48.27,6063290
2018-02-13,47.08,47.34,46.8,47.22,6546555
2018-02-14,47.15,48.685,47.12,48.59,6716960
2018-02-15,48.93,48.93,48.03,48.81,3121665
2018-02-16,49.3,49.74,49.23,49.55,4414440
2018-02-20,49.4,49.885,49.3,49.41,3494105
2018-02-21,50.05,50.54,49.49,49.5,4590935
2018-02-22,50,50.25,49.67,49.85,4428915
2018-02-23,50.16,50.265,49.62,50.23,7190280
2018-02-26,50.69,50.99,50.53,50.92,4389915
2018-02-27,50.8,50.92,50.22,50.27,4297245
2018-02-28,50.83,51,50.44,50.46,4317440
2018-03-01,49.8,49.94,48.32,48.72,5937575
2018-03-02,48.66,49.73,48.44,49.68,4216135
2018-03-05,49.35,50.72,49.35,50.53,5543610
2018-03-06,50.17,50.49,50.05,50.16,5421005
2018-03-07,50.3,51.09,50.25,50.89,6154820
2018-03-08,51.17,51.4,51.04,51.28,4007645
2018-03-09,51.17,51.44,50.86,51.4,6445530
2018-03-12,50.02,50.39,49.92,50.01,6927445
2018-03-13,50.34,50.61,49.95,50.07,6289655
2018-03-14,50.96,51.14,50.73,50.95,4637355
2018-03-15,51.31,51.589,51.12,51.34,2684645
2018-03-16,50.75,50.78,50.35,50.64,4821505
2018-03-19,48.64,48.67,47.71,48.34,9196710
2018-03-20,48.48,48.89,48.39,48.83,4739505
2018-03-21,48.76,49.19,48.625,48.69,3120050
2018-03-22,48.56,48.87,48,48.13,7907935
2018-03-23,48.81,48.94,47.85,47.89,4579190
2018-03-26,48.48,48.68,47.93,48.67,4657860
2018-03-27,49.2,49.23,47.55,47.87,7365690
2018-03-28,48.63,48.93,47.8625,48.08,14049890
2018-03-29,48.2,48.59,47.6715,48.34,10684885
2018-04-02,48.42,48.55,47.71,47.99,10892085
2018-04-03,48.5,48.93,48.08,48.84,9535360
2018-04-04,47.86,49.03,47.76,48.97,4536795
2018-04-05,49.05,49.31,48.92,49.15,4413020
2018-04-06,48.77,49.1,48.23,48.44,4462875
2018-04-09,48.92,49.12,48.57,48.57,3056160
2018-04-10,49.73,49.87,49.435,49.75,5443810
2018-04-11,49.38,49.81,49.11,49.35,2749110
2018-04-12,48.96,49.29,48.8,49.14,3895645
2018-04-13,49.12,49.14,48.61,48.89,3499575
2018-04-16,49.46,49.59,49.13,49.35,3410240
2018-04-17,49.77,50,49.55,49.77,5131330
2018-04-18,50.3,50.61,50.26,50.46,9850620
2018-04-19,49.88,49.9,49.26,49.73,9606435
2018-04-20,50,50,49.54,49.76,6708460
2018-04-23,49.77,49.77,49.33,49.41,4650435
2018-04-24,49.98,50,49.132,49.39,6284515
2018-04-25,49.63,49.7,49.22,49.58,4010890
2018-04-26,49.99,50.47,49.8,50.18,5637155
2018-04-27,47.34,47.35,44.53,45.5,33381585
2018-04-30,45.74,46.05,45.46,45.83,5565815
2018-05-01,46,46.39,45.63,46.35,9939110
2018-05-02,46.46,46.78,46.27,46.66,6854550
2018-05-03,46.7,47.19,46.4725,47.1,7339660
2018-05-04,46.76,47.67,46.65,47.57,5207640
2018-05-07,47.42,47.72,47.2,47.44,6069515
2018-05-08,47.4,47.499,47.22,47.39,4594195
2018-05-09,47.22,47.66,47.08,47.31,5536405
2018-05-10,46.6,47,46.53,46.88,4189750
2018-05-11,47.22,48.21,47.2,48.08,8240530
2018-05-14,48.2,48.43,48.03,48.34,4212135
2018-05-15,47.9,47.9,47.2,47.51,4542010
2018-05-16,47.83,47.97,47.61,47.82,3132955
2018-05-17,48.78,48.98,48.54,48.8,5725745
2018-05-18,48.58,48.74,48.25,48.6,3275635
2018-05-21,48.65,48.68,48.29,48.39,3120280
2018-05-22,47.89,47.89,47.02,47.06,5237540
2018-05-23,46.46,46.47,46,46.47,5350350
2018-05-24,46.65,46.65,46.11,46.46,4031150
2018-05-25,46.27,46.64,46.25,46.4,3810535
2018-05-29,46.88,46.95,46.32,46.6,5647605
2018-05-30,47.06,47.29,47.02,47.21,3736850
2018-05-31,47.25,47.3,46.86,47.09,3545590
2018-06-01,47.35,47.78,47.35,47.67,2197610
2018-06-04,48.36,49.15,48.31,49.08,6795675
2018-06-05,49.18,49.39,48.921,49.31,4971865
2018-06-06,50.02,50.26,49.92,50.18,12919945
2018-06-07,50.04,50.14,49.71,49.88,3443975
2018-06-08,49.65,50,49.42,49.96,2912335
2018-06-11,50.24,50.665,50.19,50.5,2985160
2018-06-12,49.76,50.145,49.68,49.85,2644355
2018-06-13,49.82,50.17,49.53,49.82,4176535
2018-06-14,49.4,49.44,49.12,49.13,3656440
2018-06-15,48.96,49.25,48.96,49.12,2599755
2018-06-18,48.5,48.5,48.02,48.37,3890535
2018-06-19,48.01,48.26,47.54,48.24,3560400
2018-06-20,48.98,49.9,48.765,49.56,6404800
2018-06-21,49.6,49.67,48.89,49.22,3807065
2018-06-22,49.9,50.68,49.8,50.37,5878105
2018-06-25,49.965,50,49.2205,49.53,3232440
2018-06-26,49.96,50.32,49.7,50,3189495
2018-06-27,50.56,51.45,50.29,50.29,6492150
2018-06-28,51.43,51.84,51.2,51.7,6422455
2018-06-29,51.37,51.61,51.2,51.26,5237415
2018-07-02,50.4,50.96,50.28,50.94,2400190
2018-07-03,51,51.36,50.92,50.97,2905335
2018-07-05,48.71,49.35,48.51,49.06,8548860
2018-07-06,49.25,49.59,49.18,49.58,2250710
2018-07-09,51.42,51.64,51.08,51.61,4261385
2018-07-10,51.28,51.77,51.27,51.68,2448125
2018-07-11,51.67,52.25,51.63,51.96,5180400
2018-07-12,52.03,52.4,51.99,52.21,5057200
2018-07-13,53.05,53.485,52.96,53.31,4349905
2018-07-16,53.35,53.49,53.2,53.27,2234325
2018-07-17,53.28,54.025,53.26,53.63,4020570
2018-07-18,53.18,53.18,52.76,53.07,3151685
2018-07-19,52.73,52.875,52.5,52.63,2951865
2018-07-20,52.79,53.375,52.65,52.95,4759010
2018-07-23,53.05,53.4,53.02,53.15,2292510
2018-07-24,52.79,53.085,52.45,52.67,4593885
2018-07-25,53.29,53.74,53.11,53.66,3407115
2018-07-26,53.58,53.82,53.49,53.66,2532690
2018-07-27,53.72,53.84,53.29,53.4,3283095
2018-07-30,53.23,53.23,52.18,52.34,5342240
2018-07-31,54.62,55.5,53.51,54.02,8415385
2018-08-01,54.83,55.115,54.58,55,6261755
2018-08-02,54.54,55.5,54.51,55.28,5261470
2018-08-03,54.92,55.21,54.74,54.96,4615165
2018-08-06,54.77,54.8,54.24,54.46,3057325
2018-08-07,55.3,55.82,55.17,55.55,4430350
2018-08-08,54.94,55.01,54.66,54.79,3891375
2018-08-09,55.43,55.58,55.15,55.39,3076030
2018-08-10,54.45,54.81,54.44,54.65,6102380
2018-08-13,54.04,54.58,53.97,54.17,5047480
2018-08-14,54.36,54.36,54.045,54.28,3685740
2018-08-15,53.72,53.85,53.08,53.71,5809695
2018-08-16,53.86,54.185,53.74,53.84,7403960
2018-08-17,54.13,54.98,54.01,54.87,6367400
2018-08-20,54.56,54.81,54.28,54.59,2853785
2018-08-21,54.5,54.77,54.35,54.42,2318525
2018-08-22,54.33,54.71,54.29,54.62,3188045
2018-08-23,54.23,54.62,54.13,54.41,8760490
2018-08-24,54.64,54.78,54.42,54.54,3497905
2018-08-27,55.48,56.22,55.42,56.02,4525825
2018-08-28,55.87,56.07,55.1145,55.77,7808060
2018-08-29,56.45,57.2,56.25,57.07,5466050
2018-08-30,56.78,57.03,56.411,56.68,3563600
2018-08-31,56.85,57.22,56.63,56.83,2466075
2018-09-04,56.4,56.43,55.69,56.18,2998600
2018-09-05,56,56.01,55.19,55.5,3716925
2018-09-06,56.57,56.6025,55.96,56.36,5743000
2018-09-07,56.12,56.74,56,56.53,4366240
2018-09-10,56.82,56.88,56.56,56.68,5358065
2018-09-11,56.48,56.88,56.48,56.85,3306795
2018-09-12,56.99,57.51,56.87,57.47,3041000
2018-09-13,57.72,58.1,57.62,57.76,3127735
2018-09-14,59.38,59.51,59.13,59.44,6271050
2018-09-17,59.69,59.9,59.24,59.29,3692860
2018-09-18,59.65,59.935,59.49,59.83,5719860
2018-09-19,59.62,59.74,58.905,59,5530565
2018-09-20,58.95,59.15,58.78,59.1,3393275
2018-09-21,57.4,58.04,56.64,57,18429990
2018-09-24,56.94,57.12,56.65,56.85,6383500
2018-09-25,58.7,58.8,58.32,58.53,5774530
2018-09-26,59.71,59.8,59.31,59.45,5345795
2018-09-27,59.39,59.795,59.19,59.53,3043930
2018-09-28,61,61,60.47,60.65,7923030
2018-10-01,60.81,61.02,60.53,60.58,3165130
2018-10-02,60.1,60.17,59.71,59.82,3637575
2018-10-03,58.65,58.67,58.26,58.32,4897425
2018-10-04,58.15,58.17,56.7,57.07,9180120
2018-10-05,57.75,57.91,56.79,57.23,3878855
2018-10-08,56.9,57.33,56.45,57.07,4689475
2018-10-09,57.81,58.23,57.78,57.97,5348480
2018-10-10,57.86,57.89,56.04,56.1,8057080
2018-10-11,55.99,56.62,55.2,55.52,6483975
2018-10-12,55.74,56.17,54.89,55.51,7060320
2018-10-15,55.56,56.63,55.42,56.25,7018410
2018-10-16,56.9,57.53,56.79,57.5,6697395
2018-10-17,57.89,58.12,57.41,57.9,5801355
2018-10-18,57.2,57.2,55.61,56.03,8777065
2018-10-19,56.48,56.671,55.65,55.67,3846325
2018-10-22,56,56.14,55.47,55.78,2515665
2018-10-23,54.5,55.25,53.35,55.07,7308930
2018-10-24,55,55.01,53.07,53.08,7949350
2018-10-25,52.99,53.87,52.64,53.48,9093155
2018-10-26,52.03,52.75,51.74,52.41,13636380
2018-10-29,52.66,52.97,50.31,51,12845220
2018-10-30,54,54.89,53,53.43,13545935
2018-10-31,54.28,54.48,53.7,54.13,8834280
2018-11-01,55.49,55.69,54.9,55.66,7691685
2018-11-02,54.71,54.91,53.28,53.66,7817285
2018-11-05,53.74,53.74,53.17,53.32,4794455
2018-11-06,53.62,53.87,53.23,53.5,3555320
2018-11-07,54.49,55.47,54.26,55.26,8081175
2018-11-08,54.94,55.01,54.07,54.41,5382970
2018-11-09,54.18,54.34,53.76,54.07,4788810
2018-11-12,52.69,52.72,51.45,51.53,8250055
2018-11-13,51.46,51.92,51.09,51.24,4749225
2018-11-14,51.59,51.66,50.72,51.14,4360830
2018-11-15,50.7,51.7805,50.6,51.65,3564100
2018-11-16,50.09,50.98,50.04,50.81,4174260
2018-11-19,51.88,52.07,50.92,50.99,7899860
2018-11-20,49.71,50.11,49.32,49.53,7065090
2018-11-21,50.54,50.92,50.3625,50.52,3915320
2018-11-23,49.86,50.3,49.66,49.69,1813015
2018-11-26,50.54,51.13,50.43,51.02,6401880
2018-11-27,51.13,51.62,50.88,51.37,4784850
2018-11-28,51.82,52.92,51.45,52.91,5211295
2018-11-29,52.11,52.25,51.61,51.88,5499895
2018-11-30,52.87,53.29,52.58,52.82,4047465
2018-12-03,54.08,54.34,53.87,54.17,5413735
2018-12-04,53.09,53.21,51.44,51.51,5566095
2018-12-06,50.66,51.92,50.63,51.86,3917085
2018-12-07,52,52.32,51.01,51.13,3175090
2018-12-10,50.65,51.275,50.16,51.11,5119970
2018-12-11,51.63,51.8,50.9,51.15,9073710
2018-12-12,52.56,53.31,52.43,52.62,4633890
2018-12-13,52.59,52.8,52.03,52.2,3100840
2018-12-14,51.61,51.91,51.15,51.29,3753005
2018-12-17,51.19,51.28,50.26,50.5,3559445
2018-12-18,50.02,50.21,49.24,49.39,5819730
2018-12-19,49.39,49.98,48.34,48.76,7142430
2018-12-20,48.6,49.2,47.72,48.27,6573015
2018-12-21,47.38,47.91,46.69,46.73,6203110
2018-12-24,46.07,46.57,45.635,45.88,4038140
2018-12-26,46.78,47.67,45.85,47.62,5758595
2018-12-27,47.6,48.53,47.06,48.53,4030475
2018-12-28,48.61,48.71,47.85,48.14,3038845
2018-12-31,48.73,48.81,47.92,48.28,4293615
2019-01-02,47.57,48.98,47.4,48.72,3899415
2019-01-03,48.23,48.28,46.89,47.02,8093675
2019-01-04,48.12,49.55,48.02,49.21,5925120
2019-01-07,49.46,50.31,49.43,49.72,3369855
2019-01-08,50.15,50.26,49.41,49.89,5165240
2019-01-09,49.81,50.13,49.32,49.93,3294710
2019-01-10,48.68,49.12,48.5,49.1,5335800
2019-01-11,48.88,49.08,48.77,48.98,2954750
2019-01-14,48.7,48.7375,48.3,48.42,3679430
2019-01-15,49.64,50.1315,49.6,49.84,4928910
2019-01-16,49.58,49.92,49.48,49.61,4404235
2019-01-17,49.03,49.76,48.86,49.51,3543430
2019-01-18,50.11,50.36,49.79,50.18,4447185
2019-01-22,49.04,49.145,48.18,48.47,4508930
2019-01-23,49.02,49.12,48.09,48.46,4017840
2019-01-24,48.14,48.41,47.98,48.37,4434295
2019-01-25,48.93,49.01,48.66,48.76,3910830
2019-01-28,48.52,48.93,48.202,48.83,3719015
2019-01-29,49.04,49.11,48.63,48.78,3370860
2019-01-30,48.775,49.255,48.31,49.2,4610305
2019-01-31,50.04,50.54,49.69,50.12,7918045
2019-02-01,50,50.04,45.12,46.15,34813920
2019-02-04,45.89,46.42,45.81,46.29,9886105
2019-02-05,46.2,46.22,45.76,45.86,8047265
2019-02-06,44.49,44.67,43.98,44.22,14112535
2019-02-07,42.93,43.15,42.43,43.06,15245735
2019-02-08,44.4,44.5,43.67,44.29,10392265
2019-02-11,44.51,44.705,44.2,44.59,10224630
2019-02-12,44.03,44.485,44.03,44.28,5770920
2019-02-13,44.53,45.34,44.48,45.06,7351190
2019-02-14,45,45.41,44.94,45.12,3650595
2019-02-15,45.55,46.05,45.52,45.79,7227150
2019-02-19,46.22,46.49,46.12,46.22,8314475
2019-02-20,47.45,47.5,46.65,46.88,11134115
2019-02-21,47.85,48.05,47.44,47.64,11075030
2019-02-22,47.9,48.15,47.78,47.89,5948280
2019-02-25,48.55,48.7405,48.39,48.46,4983940
2019-02-26,48.17,48.36,47.98,48.19,6529660
2019-02-27,48.36,48.48,48.14,48.43,4334115
2019-02-28,48.21,48.24,47.923,47.99,4004535
2019-03-01,47.82,48.06,47.685,47.89,4844790
2019-03-04,47.78,47.87,47.2335,47.62,6154425
2019-03-05,47.75,47.9,47.53,47.66,3191635
2019-03-06,47.68,47.81,47.52,47.53,3427020
2019-03-07,47,47,46.14,46.4,6801185
2019-03-08,45.28,46,45.19,45.95,5370730
2019-03-11,45.3,46.175,45.16,46.1,7778150
2019-03-12,46.22,46.65,46.16,46.31,6451215
2019-03-13,46.57,46.84,46.46,46.66,4603180
2019-03-14,46.23,46.24,45.95,46.12,3890700
2019-03-15,46.21,46.53,46.05,46.25,4239995
2019-03-18,46.25,46.28,45.98,46.08,3163775
2019-03-19,46.2,46.33,45.49,45.53,11158185
2019-03-20,44.04,44.11,43.01,43.28,18646475
2019-03-21,43.09,44.12,43.05,44.01,6962050
2019-03-22,42.73,42.73,42.02,42.03,7896995
2019-03-25,42.1,42.48,41.91,42.15,4774330
2019-03-26,42.75,43.27,42.48,42.73,6588945
2019-03-27,42.87,43.06,42.57,42.79,8481480
2019-03-28,42.69,42.72,42.16,42.4,4892305
2019-03-29,42.3,42.36,41.98,42.24,4543505
2019-04-01,42.68,43.02,42.63,42.98,5003030
2019-04-02,42.31,42.53,42.06,42.17,6628945
2019-04-03,42.56,42.65,42.35,42.39,5052500
2019-04-04,42.05,42.64,42.0345,42.52,11891990
2019-04-05,43.25,43.29,43.015,43.07,6060875
2019-04-08,43,46.92,42.96,46.6,41655745
2019-04-09,46.63,46.8,45.81,46.19,21366695
2019-04-10,45.86,46.23,45.8595,46.08,5160560
2019-04-11,46.07,46.42,45.99,46.25,5787985
2019-04-12,46.86,47.15,46.75,46.99,4924145
2019-04-15,47.03,47.655,46.93,47.31,8523100
2019-04-16,47.89,48.13,47.72,47.95,5331405
2019-04-17,48.12,48.28,47.565,47.74,11747645
2019-04-18,47.78,48.03,47.57,47.86,5381265
2019-04-22,47.61,47.66,47.265,47.61,6718225
2019-04-23,47.72,48.41,47.62,48.3,10406620
2019-04-24,46.56,46.74,46.39,46.46,10594980
2019-04-25,46.83,46.88,46.43,46.66,8844515
2019-04-26,48.35,50.92,48.2,50.24,19266390
2019-04-29,49.99,50.5,49.71,50.25,5990540
2019-04-30,50.13,50.545,50.03,50.37,7435845
2019-05-01,50.39,51.87,50.39,51.36,10924895
2019-05-02,51.27,51.76,51.05,51.46,6748825
2019-05-03,51.63,52.47,51.5,52.25,13524910
2019-05-06,51.15,51.495,50.6,51.22,11141430
2019-05-07,49.01,49.25,48.61,48.89,16553540
2019-05-08,48.65,49.077,48.4,48.75,6102145
2019-05-09,48.12,49.105,48.1,48.75,9516455
2019-05-10,48.99,49.86,48.4,49.7,10740065
2019-05-13,48.5,48.66,47.87,48.03,7378480
2019-05-14,48.15,48.54,48.05,48.44,5730680
2019-05-15,49.48,50.08,49.03,49.94,10889400
2019-05-16,50.92,52.33,50.25,52,26507795
2019-05-17,53.22,53.61,52.38,52.61,16591285
2019-05-20,52.54,52.88,52.01,52.2,10099695
2019-05-21,51.23,51.23,50.56,51.03,7256285
2019-05-22,50.63,50.72,50.37,50.49,5639200
2019-05-23,48.48,48.571,48.13,48.34,9472505
2019-05-24,48.67,49.18,48.67,48.98,4070915
2019-05-28,49.71,49.73,49.09,49.17,4397345
2019-05-29,48.46,48.47,48.01,48.23,4348230
2019-05-30,48.55,48.79,48.3,48.53,3065480
2019-05-31,47.98,48.1,47.71,48,5425940
2019-06-03,48.01,48.36,47.7,47.78,4248130
2019-06-04,47.63,48.165,47.29,48.13,5071535
2019-06-05,48.5,48.5,47.73,48.11,3820760
2019-06-06,47.64,47.76,47.33,47.45,5799590
2019-06-07,48.14,49.1,48.14,48.86,5731690
2019-06-10,49.66,49.795,49.165,49.62,8555870
2019-06-11,49.88,50.12,49.67,49.82,5320620
2019-06-12,49.17,49.53,49,49.38,7899590
2019-06-13,49.41,49.86,49.39,49.67,5995610
2019-06-14,50.54,51.56,50.43,51.33,18680645
2019-06-17,51.74,52.67,51.74,52.1,12775745
2019-06-18,52.29,52.57,52.1,52.21,8478400
2019-06-19,52.93,53.17,52.58,52.98,11401795
2019-06-20,54.05,54.115,53.29,53.94,8393400
2019-06-21,52.99,53.645,52.71,53.24,12391700
2019-06-24,53.54,53.73,53.12,53.15,7651580
2019-06-25,52.56,53.05,52.51,52.55,9343150
2019-06-26,52.66,52.85,52.01,52.46,5403230
2019-06-27,52.54,52.78,52.21,52.7,5137825
2019-06-28,52.84,52.84,52.185,52.39,4431655
2019-07-01,53.56,53.82,52.98,53.71,9540970
2019-07-02,53.27,53.7,53.13,53.68,6934315
2019-07-03,54.21,54.81,54.19,54.72,3920505
2019-07-05,54.39,55.11,54.38,55.03,7343705
2019-07-08,54.9,54.92,54.66,54.66,8454945
2019-07-09,54.13,54.51,53.9045,54.38,6537715
2019-07-10,55.11,55.2,54.67,54.78,4169465
2019-07-11,54.99,55.21,54.89,55.02,13984810
2019-07-12,55.68,55.99,55.55,55.77,3850615
2019-07-15,56,56.05,55.6535,55.77,4588360
2019-07-16,54.165,54.51,53.69,53.99,7307025
2019-07-17,54.78,54.8,54.17,54.37,5128305
2019-07-18,53.65,54.05,53.41,53.95,4181940
2019-07-19,54.31,54.33,53.65,53.66,2003460
2019-07-22,54.02,54.05,53.68,53.8,4826095
2019-07-23,54.28,54.47,54.03,54.41,3651135
2019-07-24,54.87,55.21,54.75,55.1,5578510
2019-07-25,54.5,54.755,54.315,54.55,6906880
2019-07-26,54.8,54.93,54.59,54.8,8158985
2019-07-29,54,54.84,54,54.7,15009855
2019-07-30,56.06,57.41,56.02,57.1,15986895
2019-07-31,57,57.29,56.275,56.86,7215690
2019-08-01,56.45,57.29,55.66,55.85,11218200
2019-08-02,55.3,55.45,54.665,54.98,6330335
2019-08-05,53.83,53.83,53.315,53.65,9366490
2019-08-06,54.78,55,54.33,55,5973975
2019-08-07,55.48,55.84,54.93,55.53,11949555
2019-08-08,55.41,56.34,55.3,56.25,7499365
2019-08-09,56.48,56.59,55.71,56.11,2131095
2019-08-12,56,56.0465,55.42,55.6,2523850
2019-08-13,55.7,56.64,55.51,56.26,5725280
2019-08-14,55.23,55.26,54.135,54.32,6363540
2019-08-15,54.7,55.215,54.58,55.02,4364190
2019-08-16,54.84,55.964,54.84,55.73,6273440
2019-08-19,55.72,55.98,55.61,55.72,4674245
2019-08-20,56,56.02,55.59,55.66,1890270
2019-08-21,56.33,57.065,56.2,56.65,5263870
2019-08-22,55.17,55.38,54.39,54.77,7917930
2019-08-23,54.8,55.06,53.66,53.84,6566205
2019-08-26,55.53,55.99,55.45,55.52,5915185
2019-08-27,55.71,55.98,55.31,55.51,3631805
2019-08-28,55.22,55.71,55.137,55.61,2511380
2019-08-29,56.33,57.6,56.33,56.72,4588545
2019-08-30,57.11,57.17,56.57,56.91,1785180
2019-09-03,57.22,57.77,57,57.43,4300320
2019-09-04,58.03,58.59,57.92,58.51,4671115
2019-09-05,59.55,60.04,59.48,59.54,6508125
2019-09-06,59.34,59.422,59,59.2,3398435
2019-09-09,60.5,60.63,59.68,59.98,5722295
2019-09-10,59.12,59.39,58.92,59.24,3799655
2019-09-11,59.61,60.15,59.46,60.05,3655105
2019-09-12,60.14,60.44,60,60.25,3116040
2019-09-13,60.1,60.53,60.09,60.36,3306380
2019-09-16,59.92,60.25,59.68,59.97,2004170
2019-09-17,60.15,60.15,59.26,59.94,9279920
2019-09-18,59.12,59.36,58.58,59.11,4110170
2019-09-19,59.39,59.78,59.24,59.35,3297045
2019-09-20,59.31,59.58,58.755,59.12,3156160
2019-09-23,58.98,59.27,58.87,59.12,2180825
2019-09-24,59.67,59.77,58.72,58.91,4962705
2019-09-25,60.4,60.74,59.87,60.58,7681050
2019-09-26,59.91,60.08,59.23,59.41,4153370
2019-09-27,58.83,59.39,58.65,58.77,7520200
2019-09-30,58.49,59.18,58.1,59.13,3376975
2019-10-01,58.5,58.96,57.65,57.96,5001080
2019-10-02,57.25,57.25,56.51,56.83,5081305
2019-10-03,57.35,58,57,57.93,4185150
2019-10-04,57.89,58.855,57.89,58.75,3201895
2019-10-07,58.1,58.4,58.07,58.07,3581860
2019-10-08,57.55,57.61,57.03,57.21,3565660
2019-10-09,57.78,58.103,57.69,57.87,1667440
2019-10-10,57.14,57.56,57.065,57.33,3641930
2019-10-11,58,58.91,58,58.14,6941610
2019-10-14,58.14,58.38,57.82,57.84,2334915
2019-10-15,58.19,58.676,58.147,58.5,4755300
2019-10-16,58.5,59.042,58.49,58.92,3774505
2019-10-17,60.03,60.25,59.76,60.04,3872960
2019-10-18,59.8,59.87,58.6,59.21,5453830
2019-10-21,59.44,59.58,59.11,59.18,2846785
2019-10-22,59.48,59.58,58.94,58.97,3250275
2019-10-23,58.77,58.81,58.24,58.58,2956415
2019-10-24,59.15,59.15,58.35,58.63,3640955
2019-10-25,58.23,58.62,58.03,58.51,3432955
2019-10-28,58.85,59.28,58.69,59.06,4406700
2019-10-29,58.86,59.34,58.83,59.24,7504710
2019-10-30,60.2,61.77,59.86,61.07,6421610
2019-10-31,61.08,61.09,60.41,60.83,3339165
2019-11-01,61.27,61.62,61.12,61.44,3075515
2019-11-04,61.8,61.85,61.34,61.57,3037280
2019-11-05,61.56,61.57,61.025,61.44,3319915
2019-11-06,61.04,61.2,60.68,60.73,2288705
2019-11-07,60.41,60.72,60.22,60.4,3425460
2019-11-08,60.25,60.57,60.15,60.41,4710355
2019-11-11,61.4,61.88,61,61.72,7070610
2019-11-12,62,62.5,61.91,62.13,5386325
2019-11-13,62.58,62.58,62.23,62.29,5551140
2019-11-14,62.01,62.1,61.34,61.85,2156475
2019-11-15,62,62.2,61.72,62.06,1663480
2019-11-18,63.01,63.01,62.33,62.44,4249610
2019-11-19,62.24,62.32,61.75,61.9,7591950
2019-11-20,61.72,61.88,61.25,61.48,4298115
2019-11-21,61.1,61.64,60.96,61.52,5769590
2019-11-22,61.64,61.7,61.17,61.2,3054530
2019-11-25,61.71,61.95,61.58,61.8,4418940
2019-11-26,63,63.2,62.62,63.15,11114105
2019-11-27,63.28,63.75,63.2,63.72,7920410
2019-11-29,63.26,63.6,63.215,63.48,4763820
2019-12-02,63.46,63.56,62.69,63.28,7603190
2019-12-03,64.4,64.63,63.91,64.59,8253100
2019-12-04,65.27,65.56,65.085,65.29,5625420
2019-12-05,65.16,65.29,64.8,65.2,5782020
2019-12-06,65.34,65.47,65.15,65.29,5152455
2019-12-09,65.61,66.3,65.61,65.93,6729835
2019-12-10,66.57,66.6985,66.04,66.31,4364500
2019-12-11,66.48,66.55,66.2,66.54,6876070
2019-12-12,66.92,67.39,66.826,67.32,5761395
2019-12-13,67.4,67.79,67.2,67.57,5097100
2019-12-16,68.2,68.47,68,68.25,5547155
2019-12-17,68.04,68.09,67.695,67.74,3737760
2019-12-18,67.83,67.91,67.4,67.7,2790200
2019-12-19,68.06,68.21,67.82,67.88,3350495
2019-12-20,67.24,67.91,66.92,67.9,7971830
2019-12-23,67.81,68.17,67.6,68.08,3007165
2019-12-24,67.98,68,67.76,67.76,1322315
2019-12-26,68,68.03,67.85,68.02,2590305
2019-12-27,68.03,68.1,67.73,67.78,1755590
2019-12-30,67.78,67.79,67.25,67.72,4969325
2019-12-31,67.72,68.025,67.51,68,2748910
2020-01-02,68.3,69.06,68.28,69.06,4284180
2020-01-03,68.5,68.65,67.96,68.08,2593260
2020-01-06,68.25,69.2,68.22,69.11,3777375
2020-01-07,70.51,70.58,69.81,70.2,6585940
2020-01-08,70.8,71.12,70.37,70.46,8201185
2020-01-09,71.4,71.66,70.59,71.03,11894825
2020-01-10,71.46,71.46,70.74,70.86,5602425
2020-01-13,71.39,71.7,71.08,71.64,6361390
2020-01-14,72.94,72.95,72.01,72.47,9704780
2020-01-15,71.6,72.1165,71.45,71.6,5429545
2020-01-16,72.23,72.72,72.2,72.62,5796410
2020-01-17,72.72,72.72,72.16,72.48,3902625
2020-01-21,72.5,72.505,72.11,72.13,4835750
2020-01-22,72.57,72.68,72.17,72.38,3804360
2020-01-23,72.75,72.75,72.02,72.59,2898515
2020-01-24,72.64,72.68,71.48,71.88,3391795
2020-01-27,71.44,71.7,71.15,71.31,6336745
2020-01-28,71.7,72.21,71.35,72.02,4063095
2020-01-29,71.9,72.02,71.65,71.8,3072465
2020-01-30,70.63,71.31,70.21,71.14,4354735
2020-01-31,70.99,70.99,69.91,70.18,4787290
2020-02-03,70.29,70.9,70.25,70.48,9074160
2020-02-04,72.17,73.86,71.16,73,7893655
2020-02-05,70.66,71.06,70.35,70.51,8997225
2020-02-06,70.97,71.55,70.97,71.55,3313345
2020-02-07,71,71.2505,69.71,70.09,7312000
2020-02-10,70.13,70.21,69.63,70.17,4646620
2020-02-11,70.63,70.85,70.19,70.32,4260150
2020-02-12,70.3,70.79,70.3,70.77,2939405
2020-02-13,69.92,69.92,69.51,69.6,4551820
2020-02-14,69.48,69.5335,68.46,68.83,7425880
2020-02-18,66.42,67.09,66.1,66.64,11737440
2020-02-19,66.96,67.37,66.87,67.07,6174360
2020-02-20,66.91,67.17,66.025,66.74,6630565
2020-02-21,66.95,67,65.75,65.94,4535245
2020-02-24,64,64.58,63.514,63.93,7070930
2020-02-25,65.25,65.5,63.13,63.58,11132050
2020-02-26,64.36,64.83,63.7835,63.94,7767215
2020-02-27,61.905,62.72,60.88,60.89,10029755
2020-02-28,59.49,62.46,59.35,62.2,13616295
2020-03-02,63.6,64.26,62.31,64.16,10589745
2020-03-03,63.77,64.51,62.56,63.18,8572755
2020-03-04,63.78,64.95,63.57,64.79,6119440
2020-03-05,63.85,63.99,62.9195,63.44,6299765
2020-03-06,62.8,63.24,62.16,63.12,5828465
2020-03-09,58.19,60.47,58,58.53,6875550
2020-03-10,61.09,61.15,59.06,60.33,15588625
2020-03-11,58.95,59.345,57.44,57.79,6748770
2020-03-12,54.53,55.465,51.5,52.57,10362530
2020-03-13,56.35,56.67,53.29,56.32,10061745
2020-03-16,52,53.86,50.94,51.68,7294455
2020-03-17,53.41,55.37,52.65,55.2,8512275
2020-03-18,54.78,58.1,52.08,54.79,18133470
2020-03-19,54.86,56.04,53.6,55.4,11914545
2020-03-20,56.48,56.9,52.82,53.06,8065280
2020-03-23,53.94,54.4,51.58,52.9,7963305
2020-03-24,56.3,57,55.56,57,11409975
2020-03-25,58.38,59.33,56.32,57.68,6125125
2020-03-26,58.66,60.51,58,60.5,7328005
2020-03-27,59.6,60.6,58.72,59.32,9718925
2020-03-30,59.94,60.45,59.14,60.17,6075785
2020-03-31,59.27,60.5,58.61,59.18,5289395
2020-04-01,57.93,58.43,56.645,56.85,5554460
2020-04-02,58.37,59.3,57.905,58.91,5539470
2020-04-03,58,58.53,56.77,57.48,3339045
2020-04-06,59.83,61.23,59.3,60.87,5984165
2020-04-07,62.75,62.9,60.46,60.66,6735720
2020-04-08,61.08,62.37,60.72,62.11,5562925
2020-04-09,62.23,62.45,61,61.58,5696780
2020-04-13,61,61.08,59.51,60.09,7758590
2020-04-14,61.8,62.05,60.9,61.43,8814160
2020-04-15,62.2,62.2,61.235,62.07,11036635
2020-04-16,62.42,62.47,61.59,62.24,13702845
2020-04-17,64.14,64.44,63.49,64.44,15911485
2020-04-20,63.59,64.43,63.2,63.55,12186180
2020-04-21,62.21,62.65,61.41,62.05,11018485
2020-04-22,62.69,62.98,62.47,62.68,4186865
2020-04-23,63.43,63.5,61.96,62.06,4927285
2020-04-24,63.19,63.19,62.25,62.96,5790730
2020-04-27,63.51,63.87,63.22,63.45,6166285
2020-04-28,63.88,64.04,62.89,62.92,4860685
2020-04-29,64.41,64.85,63.83,64.58,5968315
2020-04-30,64.16,64.44,63.4,64.25,5545505
2020-05-01,63.23,63.615,62.16,62.73,3126615
2020-05-04,62.3,62.53,61.3515,61.94,3840670
2020-05-05,62.89,63.74,62.78,63.39,4786395
2020-05-06,63.94,64.255,63.24,63.95,4567920
2020-05-07,64.27,64.59,63.9,64.37,4503185
2020-05-08,65,65.89,64.59,65.51,4789990
2020-05-11,65.77,66.05,65.275,65.97,4584075
2020-05-12,65.92,66.4,65.55,65.59,5701060
2020-05-13,63.68,64.05,62.295,62.78,12719690
2020-05-14,62.94,63.66,62.37,63.66,6649300
2020-05-15,63.52,64.56,63.48,64.01,6206860
2020-05-18,63,64.455,62.686,64.07,9884475
2020-05-19,64.29,64.34,63,63.05,10591750
2020-05-20,63.23,63.85,63.06,63.17,10734040
2020-05-21,63,63.38,62.175,62.74,6073090
2020-05-22,63.2,63.32,62.59,63.24,4244610
2020-05-26,62.79,63.16,62.16,62.18,7175620
2020-05-27,62.5,63.03,62.02,62.97,7623265
2020-05-28,63.58,65.33,63.58,64.58,8034385
2020-05-29,64.2,64.76,63.65,64.76,5884795
2020-06-01,64.91,65.65,64.56,65.49,7118485
2020-06-02,65.98,66.82,65.92,66.75,7102815
2020-06-03,66,67.02,65.965,66.79,13616160
2020-06-04,67,67.41,66.06,66.18,5837870
2020-06-05,66.58,67.55,66.55,67.31,6372490
2020-06-08,67.5,68.79,67.3,68.56,6963030
2020-06-09,68.44,68.795,67.9,68.45,4934960
2020-06-10,70,70.6,69.145,70.51,9316485
2020-06-11,70.17,70.19,67.095,67.37,13922095
2020-06-12,69.72,69.83,66.87,68.29,11805720
2020-06-15,68.36,69.985,67.89,69.73,8207375
2020-06-16,70.49,70.5,68.8,69.35,5146350
2020-06-17,70.96,71.78,70.73,71.58,6878465
2020-06-18,71.65,71.85,71.42,71.55,4600435
2020-06-19,71.72,71.85,70.75,70.98,7569655
2020-06-22,71.25,71.81,70.96,71.71,3029440
2020-06-23,71.805,72.34,71.59,71.64,5949175
2020-06-24,71.39,71.48,70.3,70.65,3232865
2020-06-25,70.16,71.12,69.72,71,3411465
2020-06-26,70.26,70.42,69.2,69.68,4766595
2020-06-29,68.74,68.85,68.15,68.72,4860395
2020-06-30,68.63,69.215,68.46,69.13,3683465
2020-07-01,69.17,70.95,69.17,70.39,7749075
2020-07-02,70.5,70.5,69.97,70.23,5434965
2020-07-06,70.52,70.81,70.295,70.53,6987565
2020-07-07,69.82,70.06,69.05,69.16,4540220
2020-07-08,69.55,69.85,68.98,69.79,2668940
2020-07-09,71.32,71.66,70.48,71.53,4750230
2020-07-10,73,74.11,72.615,73.94,8335980
2020-07-13,75.5,76.64,74.16,74.36,9073880
2020-07-14,73.39,74.605,73.13,74.52,3788470
2020-07-15,76.11,77.88,75.89,76.83,9926785
2020-07-16,76.3,77.07,76.15,76.8,4677360
2020-07-17,75.96,76.43,75.44,76.08,5459295
2020-07-20,77.18,78.5,76.89,78.18,4375140
2020-07-21,78.25,78.27,77.15,77.31,3492315
2020-07-22,77.27,77.6,76.81,77.35,2085845
2020-07-23,77.48,77.99,76.19,76.42,3040390
2020-07-24,75.85,76.55,75.34,76.46,2677510
2020-07-27,77.67,78.605,77.63,78.53,4555755
2020-07-28,78.5,78.5,77.59,77.62,2396600
2020-07-29,77.63,78.74,77.56,78.35,2652095
2020-07-30,77.46,78.76,77.33,78.52,3121500
2020-07-31,76.98,77.97,76.91,77.96,5567215
2020-08-03,78.71,81.41,78.67,81.27,10779915
2020-08-04,83.56,84.145,82.51,83.37,8477350
2020-08-05,81.7,81.79,80.71,81.25,5992920
2020-08-06,80.86,81.12,80.36,80.47,5649150
2020-08-07,80.5,80.73,79.11,80.03,5508545
2020-08-10,80.45,80.45,79.73,80.05,3224285
2020-08-11,79.92,80.32,79.22,79.33,5197875
2020-08-12,79.51,80.98,79.46,80.74,6169255
2020-08-13,81.56,83.19,81.27,82.67,8971465
2020-08-14,83.39,83.61,82.88,82.93,7097515
2020-08-17,83.53,83.714,82.72,83.45,6186955
2020-08-18,83.85,83.9,82.63,82.98,3991270
2020-08-19,81.5,82.07,81.02,81.1,6771920
2020-08-20,79.07,79.57,78.87,79.41,6123585
2020-08-21,78.5,78.93,78.2,78.75,6685930
2020-08-24,79.91,80.279,79.37,79.77,4243085
2020-08-25,79.18,79.62,79.16,79.37,3180285
2020-08-26,80.4,81.21,80.14,81.12,4504510
2020-08-27,81.2,81.2,79.97,80.42,5164190
2020-08-28,79.07,79.65,78.8,79.39,5050835
2020-08-31,78.65,78.98,78.44,78.64,3886995
2020-09-01,79.23,80.109,78.75,79.5,5312505
2020-09-02,79.59,80,78.8,79.49,4444480
2020-09-03,78.85,78.962,76.71,77.38,5346470
2020-09-04,77.78,78.47,75.604,77.66,6207975
2020-09-08,76.71,76.86,75.87,76.01,6313120
2020-09-09,76.86,77.95,76.55,77.48,4441270
2020-09-10,77.77,77.94,76.4,76.5,4898810
2020-09-11,77.18,77.39,76.24,77.02,4132085
2020-09-14,77.33,78.26,77.27,77.72,3381195
2020-09-15,76.87,77.3,76.2325,76.46,6918900
2020-09-16,77.875,78,76.89,76.99,8972540
2020-09-17,77.16,78.285,76.72,77.61,7307575
2020-09-18,80.085,80.17,78.33,78.96,6060720
2020-09-21,77.75,78.35,77.001,78.27,3814210
2020-09-22,79.07,79.08,77.82,78.7,3654065
2020-09-23,78.5,78.54,76.99,77.33,4366800
2020-09-24,76.97,78.48,76.81,77.78,4173995
2020-09-25,76.94,77.39,76.39,77.26,3088560
2020-09-28,78.1,78.1,76.96,77.28,3951090
2020-09-29,77.43,77.82,77.075,77.48,2245430
2020-09-30,76.75,77.44,76.275,76.75,3534845
2020-10-01,76.91,76.916,76.15,76.45,3599095
2020-10-02,74,74.95,73.62,74,6960055
2020-10-05,74.85,75.22,74.55,75.07,4232030
2020-10-06,74.34,74.41,73.43,73.54,4255620
2020-10-07,73.98,73.98,73.1,73.37,6192975
2020-10-08,73.75,74.3,73.53,74.13,3725545
2020-10-09,74.35,74.84,73.93,74.55,3778910
2020-10-12,74.07,74.88,74.06,74.59,3854625
2020-10-13,74.79,75.18,74.26,74.69,4536570
2020-10-14,74.61,74.9,74.27,74.41,4714475
2020-10-15,73.6,73.6,72.58,73.27,5647380
2020-10-16,72.76,73.04,72.45,72.67,5314915
2020-10-19,73.7,73.863,72.81,72.93,4110750
2020-10-20,74.63,75.87,74.58,75.57,6089815
2020-10-21,75.33,75.43,74.4,74.64,4366010
2020-10-22,74.88,74.97,74.21,74.6,3318850
2020-10-23,75.19,75.57,74.51,75.43,3756270
2020-10-26,75.75,76.43,75.55,76.2,4214510
2020-10-27,77.3,78.29,76.95,77.47,7336485
2020-10-28,81.9,81.95,79.11,81.6,13637055
2020-10-29,83.76,83.88,82.56,83.43,9225355
2020-10-30,83.25,84.05,82.58,83.66,7396955
2020-11-02,84.12,85.92,84.04,85.5,10389385
2020-11-03,86,87.25,86,86.41,5297205
2020-11-04,85.38,87.27,85.1675,86.41,5196190
2020-11-05,88.75,90.88,88.72,90.39,9116575
2020-11-06,89.1,90.17,88.66,89.39,6972540
2020-11-09,90,90,86.6,86.61,9424335
2020-11-10,86.05,86.44,85.28,85.91,6500555
2020-11-11,86.48,88.69,86.26,88.09,6736875
2020-11-12,87.47,88.14,86.86,87.11,6086730
2020-11-13,88.97,90.045,88.5385,89.72,5484955
2020-11-16,90.69,91.1,90.05,90.45,5755700
2020-11-17,90.24,90.7,89.5245,89.71,8757745
2020-11-18,88.86,89.69,88.24,88.25,3732715
2020-11-19,88.87,88.99,88.435,88.85,4499680
2020-11-20,88.91,90.27,88.86,89.98,3120145
2020-11-23,90.1,90.81,89.4735,89.79,3713840
2020-11-24,91.05,91.55,90.03,90.8,6044655
2020-11-25,93.4,93.5,91.91,93.23,8248355
2020-11-27,93.98,94.5,93.82,94.07,3334390
2020-11-30,93.65,94.001,92.62,93.29,4848980
2020-12-01,94.14,94.82,93.96,94.68,6215610
2020-12-02,92.39,93.35,92.155,92.62,5941815
2020-12-03,93.8,94.3,93.58,93.83,3773010
2020-12-04,93.9,94.41,93.8,94.4,2852170
2020-12-07,93,93.6235,92.94,93.36,4507175
2020-12-08,93.4,93.8,93.15,93.37,3589280
2020-12-09,94.59,94.63,93.25,94.13,9943485
2020-12-10,93.7,94.19,93.33,94.09,3626940
2020-12-11,94.31,94.98,94.16,94.68,4538025
2020-12-14,94.96,95.05,93.34,93.37,4278255
2020-12-15,93.8,94.643,93.55,94.15,4125880
2020-12-16,94.27,95.36,94.05,95.11,4283805
2020-12-17,97.07,97.77,96.77,97.02,5998430
2020-12-18,99.1,99.35,98.14,98.71,6448020
2020-12-21,98.89,99.53,97.81,99.4,4694890
2020-12-22,97.96,98.31,97.28,97.46,3716515
2020-12-23,98.13,98.13,97.24,97.46,3348110
2020-12-24,97.46,97.56,96.54,96.84,1509115
2020-12-28,98.19,98.29,97.83,97.95,4817935
2020-12-29,100,100.83,99.35,100.43,4943795
2020-12-30,99.8,100.95,99.66,100.78,3081205
2020-12-31,100.93,101.4,100.61,101.1,3353745
2021-01-04,101.5,101.62,99.46,100.07,5320210
2021-01-05,102.02,103.52,102,103.11,5593735
2021-01-06,100.46,101.99,100.28,101.08,4907470
2021-01-07,101.08,102.09,100.86,102,3803730
2021-01-08,103.29,104,102.94,103.99,7001940
2021-01-11,104.33,105,103.325,103.84,5199625
2021-01-12,104.3,104.48,103.28,104.03,5961295
2021-01-13,103.24,104.34,103.2,103.89,3971840
2021-01-14,103.65,103.98,103.24,103.42,4155625
2021-01-15,101.79,102.7,101.531,102.05,5138490
2021-01-19,102.03,102.44,101.7,102.23,3505620
2021-01-20,102.43,103.6,102.43,102.89,4369900
2021-01-21,102.91,103.2,101.9,102.55,3261035
2021-01-22,101.62,101.93,101.03,101.11,3799695
2021-01-25,99.7,99.94,97.82,99.28,7288925
2021-01-26,99.85,100.18,99.39,99.71,3874930
2021-01-27,97.78,98.88,96.89,97,5575955
2021-01-28,96.38,98.42,96.2,97.65,7198310
2021-01-29,97,97.09,95.09,95.71,4296310
2021-02-01,97.61,98.64,96.94,98.53,7497485
2021-02-02,99.5,99.83,99.17,99.24,6338675
2021-02-03,108.3,112.29,106.96,111.31,15131050
2021-02-04,110.98,111.15,109.01,110.88,6911930
2021-02-05,118.03,118.5,115.24,116.71,10132255
2021-02-08,114.36,115.64,114.36,115.62,5338960
2021-02-09,112.57,113.43,111.989,112.64,5071535
2021-02-10,114.5,114.5,112.28,113.31,3032035
2021-02-11,114.02,114.74,113.44,113.97,2351665
2021-02-12,112.81,113.62,112.79,113.53,2788445
2021-02-16,115.85,115.9,114.42,114.97,4246955
2021-02-17,115.31,115.31,113.857,114.92,2962575
2021-02-18,113.25,113.8655,112.43,113.52,2837320
2021-02-19,114.01,117.81,113.91,115.54,9943185
2021-02-22,113.53,114.91,113.03,113.28,5481855
2021-02-23,110.97,112.86,109.54,112.43,5336660
2021-02-24,108.32,109.97,108.108,109.6,7374095
2021-02-25,108.73,109.0865,106.85,107.08,6689880
2021-02-26,106.93,106.99,105.37,105.81,5015665
2021-03-01,107.33,108.56,106.85,108.08,4696085
2021-03-02,107.18,107.26,105.75,105.77,5412500
2021-03-03,106.41,106.57,104.5,104.52,5263655
2021-03-04,103.31,104.02,100.73,101.84,8212325
2021-03-05,103.61,104.25,101.28,104.14,5270340
2021-03-08,102.34,103,100.2,100.25,6213095
2021-03-09,100.25,101.99,100.09,101.52,6442715
2021-03-10,102.47,102.69,100.51,100.99,5366810
2021-03-11,102.28,103.65,101.7725,103.2,4578815
2021-03-12,103.17,104.59,102.51,104.56,4350750
2021-03-15,104.88,105.44,104.17,105.39,4383740
2021-03-16,106.24,107.25,106.15,106.56,4119390
2021-03-17,105.77,106.3,104.77,105.93,3595345
2021-03-18,105.94,106.13,104.94,105.34,4303490
2021-03-19,105.81,105.81,104.5105,105.26,3113250
2021-03-22,106,107.42,105.51,106.89,10410315
2021-03-23,106.33,106.93,105.0075,105.11,3805945
2021-03-24,104.81,104.81,102.31,102.35,6353870
2021-03-25,102.36,102.94,101.461,102.65,4857580
2021-03-26,104.16,105.5,104.1,105.42,4119345
2021-03-29,105.9,107.04,105.04,106.6,4085295
2021-03-30,104.33,104.9,103.72,104.51,3475310
2021-03-31,105.56,106.8,105.26,106.01,2988140
2021-04-01,106.56,107.12,105.51,106.86,2251230
2021-04-05,110.8,111.84,109.82,111.39,4162790
2021-04-06,110.12,110.28,109.33,109.9,2197000
2021-04-07,110.55,111.34,109.64,110.86,2446855
2021-04-08,109.3,109.96,109,109.82,2812985
2021-04-09,111.51,112.06,110.51,111.79,4117175
2021-04-12,111.49,112.3,111.13,111.39,2224285
2021-04-13,111.98,112.3595,111.47,111.88,2674445
2021-04-14,112.49,112.81,111.71,111.78,2054060
2021-04-15,112.75,113.5,112.12,112.77,2541275
2021-04-16,111.65,111.67,110.71,111.1,3212120
2021-04-19,111.05,111.24,109.41,109.98,2069460
2021-04-20,109.65,110.1,108,108.61,2446120
2021-04-21,107.23,108.59,106.7,108.44,2796160
2021-04-22,109.03,110.05,108.54,108.94,4532480
2021-04-23,109.79,110.33,109.39,109.94,2142350
2021-04-26,109,109.7,108.85,108.92,2684380
2021-04-27,106.5,107.7,105.36,106.67,7795935
2021-04-28,106.4,106.42,103.13,104.49,8676180
2021-04-29,105.42,105.49,104.11,104.85,4544045
2021-04-30,101.33,102.3,100,100.16,5402705
2021-05-03,100.97,101.19,98.65,99.37,5134290
2021-05-04,98.92,99.23,96.49,96.79,6892270
2021-05-05,97.69,98.07,97.2205,97.63,4860585
2021-05-06,98.18,98.265,97.06,97.75,4130665
2021-05-07,97,97.95,96.74,97.04,4392285
2021-05-10,99.25,99.49,97.21,97.4,5228950
2021-05-11,95.55,96.22,94.43,96.05,4881095
2021-05-12,95.14,95.32,92.84,93.05,5496030
2021-05-13,92.18,93.36,91.745,92.97,6212575
2021-05-14,93.67,94.3,93.11,94.15,3483710
2021-05-17,94.27,94.63,93.47,93.92,3314310
2021-05-18,94.16,96.09,94.16,95,4562075
2021-05-19,94.53,95.38,93.83,95.31,2672015
2021-05-20,95.99,97.3,95.99,96.9,2593435
2021-05-21,97.32,97.44,96.36,96.38,2459735
2021-05-24,96.84,97,96.57,96.78,1901985
2021-05-25,98.51,98.79,97.92,98.35,4477540
2021-05-26,98.47,99.465,98.41,98.42,2888760
2021-05-27,99.2,99.7885,98.49,99.57,2748815
2021-05-28,100.09,100.525,99.5,99.61,2128810
2021-06-01,99.86,99.86,98.8,99.18,2734415
2021-06-02,98.73,98.97,97.59,98.06,2725465
2021-06-03,97.77,99.31,97.1,98.75,3773850
2021-06-04,99.71,101.05,99.58,100.69,4457135
2021-06-07,99.7,100.31,99.62,100.15,6031350
2021-06-08,100.28,100.65,99.35,99.61,4799685
2021-06-09,98.62,98.83,97.61,97.72,2578230
2021-06-10,98.07,98.8,97.84,98.6,2847200
2021-06-11,98.98,99.72,98.6,99.6,3009460
2021-06-14,98.88,99.8715,98.81,99.43,2432895
2021-06-15,99.99,99.99,98.69,99.05,2969570
2021-06-16,97.82,97.91,96.5,96.84,2957715
2021-06-17,94.76,96.18,94.6,96.1,3671465
2021-06-18,95,95.38,94.4205,94.77,3315790
2021-06-21,96.02,97.04,96,96.91,5314135
2021-06-22,97.65,98.23,97.5,97.7,3587400
2021-06-23,96.5,96.63,96.04,96.14,2610215
2021-06-24,96.68,97.15,96.6,96.77,1894940
2021-06-25,97.75,98.52,97.56,98.25,2617675
2021-06-28,98.44,98.75,98.03,98.47,4108610
2021-06-29,99.5,100.2,99.25,99.88,2988760
2021-06-30,97.92,98.13,96.9,97.22,3911090
2021-07-01,97.91,98.6,97.56,98.25,2499730
2021-07-02,101.22,101.74,100.6,101.65,3677405
2021-07-06,101.76,102.16,99.99,101.08,3165195
2021-07-07,100.87,101.47,100.02,100.74,2649055
2021-07-08,98.84,99.6,98.05,99.34,3448430
2021-07-09,100.55,102.36,100.29,102.04,4373815
2021-07-12,104.09,104.71,103.45,104.3,5077355
2021-07-13,104.2,104.51,103.61,104.28,3046725
2021-07-14,104.98,105.29,104.33,104.57,3210520
2021-07-15,103.91,103.91,102.4,102.87,2192925
2021-07-16,102.22,102.58,101.36,101.5,2919050
2021-07-19,98.73,99.13,97.76,98.45,3562080
2021-07-20,98.32,99.49,97.88,99.08,2771805
2021-07-21,99.71,100.83,99.45,100.46,2097460
2021-07-22,100.6,100.71,99.5,99.53,1745175
2021-07-23,100.08,100.86,99.74,100.66,2428890
2021-07-26,100.25,100.37,98.81,99.29,2619795
2021-07-27,99.93,99.95,98.7,99.63,3763285
2021-07-28,101.4,103.36,101.33,103.13,4305925
2021-07-29,104.5,106.12,104.08,105.86,4087505
2021-07-30,104,104.73,103.62,104.3,3141425
2021-08-02,104.78,105.35,104.28,104.4,2036955
2021-08-03,104.59,104.9,102.66,103.68,3667660
2021-08-04,102.54,103.84,101.745,102.26,3098730
2021-08-05,103.97,103.99,102.111,102.84,2101350
2021-08-06,103.48,104.16,102.53,102.62,2066595
2021-08-09,102.64,102.75,102.0705,102.63,1934585
2021-08-10,101.2,101.5,100.28,100.88,2555910
2021-08-11,101.09,101.87,100.8,101.76,2260630
2021-08-12,100.2,100.49,98.76,100.2,2952075
2021-08-13,101.07,102.22,100.63,101.94,2462250
2021-08-16,99.98,100.92,99.41,100.25,3944270
2021-08-17,98.69,99.26,98.04,98.48,3877295
2021-08-18,99.17,99.365,98.3,98.31,1808735
2021-08-19,96.48,96.9905,95.621,96.61,2707615
2021-08-20,96.8,97.84,96.8,97.64,2095070
2021-08-23,99.9,101.46,99.62,101.32,2713360
2021-08-24,103,104.54,102.53,104.11,3167965
2021-08-25,104.2,105.4,104.12,105.35,2041855
2021-08-26,103.12,103.12,101.47,101.65,2922920
2021-08-27,102.61,103.525,102.2,103.25,2015525
2021-08-30,102.75,102.8,102.35,102.46,1960920
2021-08-31,102.96,103.89,102.76,103.46,1907255
2021-09-01,104,105.31,103.84,104.78,2750155
2021-09-02,105.07,105.96,105.07,105.42,1756925
2021-09-03,107.47,108.29,106.66,108.25,3479745
2021-09-07,108.25,108.81,107.595,108.36,2549935
2021-09-08,108.28,108.555,107.02,107.84,1996235
2021-09-09,109.42,110.92,109.4,109.95,3275890
2021-09-10,110.82,111.84,110.256,110.32,2536380
2021-09-13,111.73,111.73,110.097,111.11,2584490
2021-09-14,111.63,111.88,110.84,111.28,2697265
2021-09-15,110.94,111.775,110.39,111.69,2192865
2021-09-16,111.69,112.36,111.06,112.29,2038380
2021-09-17,111.3,111.72,110.31,110.7,1938440
2021-09-20,108.9,109.38,107.44,108.56,3588475
2021-09-21,112.5,112.91,111.65,112.41,4812970
2021-09-22,113.32,115.199,113.1,114.61,4161780
2021-09-23,115.09,115.91,115,115.5,2771205
2021-09-24,116.87,117.869,116.23,117.61,4319790
2021-09-27,117.08,117.53,115.96,116.27,3155625
2021-09-28,115.01,115.415,112.99,113.49,4516475
2021-09-29,112.79,113.15,111.22,111.48,3365775
2021-09-30,111.5,112,110.14,110.58,2451170
2021-10-01,109.97,110.29,108.4715,109.51,3053965
2021-10-04,108.11,108.34,106.3,106.97,4436740
2021-10-05,106.87,107.5635,106.35,106.71,2566090
2021-10-06,105,105.85,104.09,105.56,3549595
2021-10-07,106.11,106.81,105.5,106.08,2581080
2021-10-08,107.5,108.5,106.89,107.49,3260650
2021-10-11,108.9,111,108.9,109.15,3838085
2021-10-12,109,109.32,108.3,108.95,2775060
2021-10-13,109.45,109.96,109.25,109.5,1873370
2021-10-14,110.64,111.75,110.64,111.63,2746625
2021-10-15,112.5,112.96,112.13,112.5,2882350
2021-10-18,110.73,112.175,110.5,112.15,3296340
2021-10-19,112.19,112.65,111.78,112.49,2758820
2021-10-20,112.69,113.4,112.36,112.46,1845305
2021-10-21,111.19,112.36,111.025,112.27,3331895
2021-10-22,112.31,113.04,111.65,112.97,2327930
2021-10-25,114.53,115.98,114.17,115.3,3595745
2021-10-26,117,117.22,116.03,116.53,3166450
2021-10-27,114.88,115.4,113.14,113.23,2935450
2021-10-28,115.57,118.93,115.465,118.29,4322325
2021-10-29,115.88,116.19,114.75,115.79,3827835
2021-11-01,120,121.4,120,121.24,5651930
2021-11-02,122,123.4,121.37,123.32,4015650
2021-11-03,123,123.26,122,123.14,2262475
2021-11-04,122.91,123.235,121.99,122.65,2955225
2021-11-05,123.99,124.05,122.75,123.22,3005080
2021-11-08,124.63,124.63,123.34,123.35,2113750
2021-11-09,123.77,123.77,121.72,122.47,2623300
2021-11-10,121.84,122.86,121.22,121.45,3997520
2021-11-11,122.08,122.09,120.82,121,2122125
2021-11-12,122.27,123.19,121.89,122.9,2294830
2021-11-15,123.5,123.95,122.77,122.95,1546515
2021-11-16,124.4,125.43,124.21,125.08,2566750
2021-11-17,124.27,124.6,123.59,124.23,1579640
2021-11-18,125.35,125.385,124.01,125.16,2974050
2021-11-19,125.34,125.76,124.87,125.24,1758935
2021-11-22,125.22,125.22,122.34,122.4,2337590
2021-11-23,121.97,122.71,120.23,121.78,3755630
2021-11-24,121.43,122.34,120.355,122.22,2220150
2021-11-26,121.3,121.98,120.692,121.27,1701355
2021-11-29,121.82,122.14,121,121.44,2047600
2021-11-30,122.34,123.01,120.59,121.85,3232145
2021-12-01,123.26,123.65,119.27,119.37,4380680
2021-12-02,118.92,121.04,118,120.16,3183385
2021-12-03,121.48,121.765,118.495,120.02,3268930
2021-12-06,120.08,121.29,119.56,121,2058090
2021-12-07,123.3,125.1995,122.5,124.76,3117805
2021-12-08,125.26,126,124.34,125.94,1756965
2021-12-09,124.05,124.63,122.54,122.85,2862795
2021-12-10,122.8,123.35,122.22,123.26,2009130
2021-12-13,122.52,122.82,120.54,120.59,2444455
2021-12-14,120.6,121.03,119.4815,120.61,1743290
2021-12-15,122.39,124,121.24,123.85,4096515
2021-12-16,123.64,124.01,121.58,122.21,3902535
2021-12-17,121.4,122.64,120.91,121.13,3053550
2021-12-20,118.64,119.5,117.7445,118.95,2563150
2021-12-21,119.8,121.19,119.005,120.55,4182550
2021-12-22,121.51,123.58,121.51,123.1,3332820
2021-12-23,123.75,124.27,123.11,123.86,2572140
2021-12-27,125.08,127.4,124.74,127.21,2745870
2021-12-28,128,128.3,127.28,127.48,2078730
2021-12-29,127,127.13,126.3,126.69,1295790
2021-12-30,126.25,126.69,125.76,125.92,1160950
2021-12-31,125.8,126.79,125.504,126.4,1375045
2022-01-03,126.4,127.17,125.6465,126.27,1891505
2022-01-04,128.53,129.31,127.83,128.56,3543695
2022-01-05,133.56,133.75,128.31,128.59,12971795
2022-01-06,125.4,126.31,122.37,123.11,9182380
2022-01-07,125.5,125.74,123.3,124.31,2874045
2022-01-10,123.5,123.7,121.17,123.17,5155975
2022-01-11,124.26,126.38,123.85,126.32,3996210
2022-01-12,126.33,127.65,126.26,127.15,1728310
2022-01-13,126.82,127,124.5,124.8,2753195
2022-01-14,124.11,125,123.29,124.79,2223720
2022-01-18,120.92,121.7,115.24,115.84,15237710
2022-01-19,112.5,113.63,110.02,110.04,19807695
2022-01-20,114.68,115.74,113.5,113.63,8734745
2022-01-21,111.91,112.75,110.4,111.63,8767960
2022-01-24,110.11,110.73,106.63,110.54,9238680
2022-01-25,108.51,111.17,107.5,109.92,3712170
2022-01-26,112.16,112.68,109.21,110.03,5123060
2022-01-27,105.12,105.79,102.91,102.97,8102460
2022-01-28,104.6,106.85,103.21,106.84,4825090
2022-01-31,109.22,113.3,109.14,111.66,9391005
2022-02-01,111.81,112.66,110.95,112.56,5095385
2022-02-02,117.8,119,111.61,112.25,7855840
2022-02-03,109.56,110.2415,107.88,108.03,5099795
2022-02-04,108.75,109.7,107.53,109.12,4076235
2022-02-07,109.4,110.803,108.84,109.75,3316380
2022-02-08,109.02,109.89,108.503,109.77,2999890
2022-02-09,109.37,111.93,109.01,111.46,4847195
2022-02-10,109.59,111.9825,109.36,109.91,2654935
2022-02-11,109.9,110.585,107.34,107.79,3803970
2022-02-14,107.03,107.88,106.125,107.11,3987470
2022-02-15,107.12,108.68,107.11,108.46,3166335
2022-02-16,106.01,106.83,105.63,106.52,2587925
2022-02-17,105.64,105.99,104.65,104.81,4354080
2022-02-18,104.59,105.23,103.71,104.23,3058710
2022-02-22,102.1,104.34,102.1,102.68,4949855
2022-02-23,103.47,103.866,101.0305,101.31,4126620
2022-02-24,97.28,102.11,97.27,101.99,5435240
2022-02-25,102.88,104.325,102.16,104.09,3182020
2022-02-28,102.52,103.1,101.3715,102.53,3546695
2022-03-01,102.2,102.37,100.33,100.86,3199805
2022-03-02,100.58,102.17,100.58,101.74,2443255
2022-03-03,102.01,102.01,99.77,100.23,2697005
2022-03-04,98.74,99,97.67,98.47,2769510
2022-03-07,97.45,97.98,95.78,95.82,3800920
2022-03-08,95.93,99.18,95.5,97.42,4706955
2022-03-09,96.82,99.07,96.82,98.34,4368345
2022-03-10,100.07,100.76,99.19,100.18,4084965
2022-03-11,100.34,100.38,97.25,97.31,2561040
2022-03-14,97,97.67,94.33,94.79,3738000
2022-03-15,97,98.32,96.61,98.1,4131005
2022-03-16,100.87,103.07,100.3565,102.75,4305615
2022-03-17,102.59,104.75,102.27,104.62,2314005
2022-03-18,104.43,106.19,104.43,106.12,2328350
2022-03-21,105.75,105.97,103.88,104.45,3050255
2022-03-22,105.12,106.34,105.12,105.73,2869220
2022-03-23,105.08,105.67,104.14,104.15,2098965
2022-03-24,106,107.52,105.94,107.37,2753230
2022-03-25,106.08,106.8,104.89,106.29,3897075
2022-03-28,104.33,105.1,104.03,105.03,3549370
2022-03-29,106.48,106.825,104.75,105.8,2905345
2022-03-30,105.53,106.32,104.86,105.19,1775155
2022-03-31,104.6,104.6,102.66,102.71,2456880
2022-04-01,103.03,103.29,102.05,102.92,2887420
2022-04-04,103.32,105.05,103.23,105.04,3732470
2022-04-05,103.35,103.5,100.72,101.1,3390735
2022-04-06,99.41,99.82,98.55,99.37,3345260
2022-04-07,98.25,98.8,97.38,98.2,4687495
2022-04-08,98.17,99.64,97.97,98.27,2995315
2022-04-11,94.26,94.36,92.73,92.83,5780475
2022-04-12,92.98,93,90.5,90.83,5862355
2022-04-13,90.8,91.965,90.45,91.79,4094325
2022-04-14,91.92,91.92,89.03,89.14,6654640
2022-04-18,88.38,89.32,87.93,88.48,4210745
2022-04-19,87.98,89.36,87.54,89.32,5373900
2022-04-20,90.06,90.248,88.88,89.07,3924450
2022-04-21,90.78,91.08,88.1,88.15,3315070
2022-04-22,87.52,87.73,85.55,85.6,4398975
2022-04-25,86.42,87.65,85.88,87.58,5500815
2022-04-26,86.29,86.5,84.2,84.24,5406190
2022-04-27,84.25,86.22,84.01,85.45,5456190
2022-04-28,86.41,87.91,85.64,87.3,3679900
2022-04-29,87.08,88.5,85.96,86.05,3220775
2022-05-02,85.72,86.49,84.3805,86.1,3114630
2022-05-03,86.03,86.73,85.72,86.33,2707285
2022-05-04,86.26,88.71,85.26,88.52,2233095
2022-05-05,87.06,87.43,84.2,84.93,3367060
2022-05-06,84.43,84.961,83.09,83.66,4126380
2022-05-09,82.47,82.6,80.53,80.84,5499080
2022-05-10,82.97,83.8,80.715,82,5798620
2022-05-11,81.71,82.66,79.94,80.06,5606125
2022-05-12,83.36,84.98,82.44,83.9,8493590
2022-05-13,85.46,87.27,85.46,87.01,4422720
2022-05-16,86.29,87.16,85.96,86.36,2730570
2022-05-17,87.47,87.94,86.815,87.69,2811825
2022-05-18,88.8,89.23,86.94,87.07,5333260
2022-05-19,88.1,89.73,87.87,88.71,3892360
2022-05-20,89.94,90.5,88.221,89.94,4030365
2022-05-23,89.49,90.26,88.95,89.77,3436075
2022-05-24,88.94,89.38,88.05,89.03,3238130
2022-05-25,87.93,88.95,87.05,88.29,4139815
2022-05-26,88.93,90.9,88.8,90.54,2820720
2022-05-27,90.76,92.36,90.66,92.26,3247725
2022-05-31,93.5,94.86,93.4515,94.07,4387455
2022-06-01,95.24,95.701,93.42,94.06,4072640
2022-06-02,92.54,93.87,91.76,93.84,3222010
2022-06-03,93.12,93.12,92.39,92.64,2308935
2022-06-06,92.86,93.285,91.93,92.3,2339785
2022-06-07,91.3,92.72,91.12,92.64,2208645
2022-06-08,92.16,92.94,91.95,92.26,2491380
2022-06-09,91.57,91.854,89.53,89.53,2145995
2022-06-10,88.76,89.2,87.63,88.06,2639955
2022-06-13,85,85.43,83.55,83.93,3863945
2022-06-14,83.3,83.47,81.9,83,4655240
2022-06-15,83.22,85.05,82.6,84.34,3168195
2022-06-16,82.36,82.72,81.22,81.66,5893205
2022-06-17,83.13,84.46,82.82,84,4144080
2022-06-21,85.01,85.47,84.75,84.85,3545890
2022-06-22,83.5,84.66,83.29,83.75,2900990
2022-06-23,83.81,84.19,82.805,83.75,2750760
2022-06-24,84.02,85.69,83.609,85.64,4550010
2022-06-27,85.43,85.44,84.26,84.45,2337655
2022-06-28,85.61,85.94,83.14,83.19,3341955
2022-06-29,83.63,83.66,82.5,83.41,2679280
2022-06-30,81.42,82.08,79.96,81.77,3408495
2022-07-01,80.52,81.88,80.37,81.68,2798575
2022-07-05,79.64,81.02,79.05,80.95,3948725
2022-07-06,81.09,81.09,79.96,80.33,3337095
2022-07-07,81.68,83.73,81.68,83.51,3252960
2022-07-08,82.43,82.96,81.75,82.58,2607420
2022-07-11,82.33,82.74,81.83,81.99,2427880
2022-07-12,81.77,82.97,81.72,82.05,2078470
2022-07-13,81.01,81.76,80.23,81.52,2502815
2022-07-14,80.55,81.31,79.36,81.1,2505315
2022-07-15,81.51,82.21,80.96,82.15,2307730
2022-07-18,82.26,83.5,82.05,82.21,3118385
2022-07-19,83.7,85.18,83.7,85.02,2724700
2022-07-20,86.16,86.6,85.5805,86.04,2306610
2022-07-21,85.93,87.28,85.71,87.26,1833380
2022-07-22,87.94,88.25,86.62,86.96,2117100
2022-07-25,86.07,86.07,85.03,85.49,2998735
2022-07-26,85.44,85.75,85.05,85.27,1599350
2022-07-27,85.27,87.09,85.15,86.66,2547370
2022-07-28,86.25,87.75,86,87.56,2696175
2022-07-29,83.92,85.8,83.92,85.39,8535870
2022-08-01,85.24,86.69,84.52,86.08,8417450
2022-08-02,85.68,86.65,85.28,85.29,7336860
2022-08-03,86.36,87.44,86.24,87.14,7620530
2022-08-04,86.01,86.62,85.27,85.95,5156220
2022-08-05,86.07,87.24,85.95,86.32,4082220
2022-08-08,86.99,87.02,84.56,84.83,3855455
2022-08-09,84.14,84.37,83.01,83.52,3020465
2022-08-10,84.51,85.59,84.44,85.33,3055585
2022-08-11,85.99,86.659,85.43,85.82,3417410
2022-08-12,86.17,86.82,85.87,86.8,1933230
2022-08-15,86.77,87.26,86.48,86.92,1714820
2022-08-16,86.13,86.49,85.27,86.11,2448730
2022-08-17,87.15,87.88,86.45,87.16,3210870
2022-08-18,86.54,87.4,86.54,86.88,1764555
2022-08-19,87.15,87.38,86.31,86.73,2999655
2022-08-22,86.22,86.23,85.0145,85.23,3478320
2022-08-23,84.22,85.03,83.5725,84.02,2101610
2022-08-24,83.5,84.57,83.495,84.16,2127270
2022-08-25,83.84,85.26,83.65,85.26,2837775
2022-08-26,84.84,85.0095,81.6,81.71,4539365
2022-08-29,81.04,81.95,80.88,81.34,2819290
2022-08-30,82.1,82.22,80.45,80.74,2296595
2022-08-31,80.78,80.92,79.33,79.35,3233990
2022-09-01,79.05,79.175,78.04,78.88,2606735
2022-09-02,78.31,78.857,76.92,77.23,2533100
2022-09-06,76.22,76.34,75.04,75.37,3210605
2022-09-07,73.45,74.73,73.05,74.5,4219980
2022-09-08,74.57,74.91,73.59,74.19,4615120
2022-09-09,75.12,75.68,75.06,75.38,2553415
2022-09-12,75.37,75.99,75.16,75.62,2529715
2022-09-13,74.03,74.03,71.95,72.01,2942205
2022-09-14,72.13,72.54,71.51,72.04,2581065
2022-09-15,72.26,73.42,71.629,71.86,3894725
2022-09-16,71.8,72.58,71.66,71.88,3228535
2022-09-19,71.32,72.55,71.22,72.48,2943720
2022-09-20,71.33,71.8,70.77,71.17,3149965
2022-09-21,70.88,71.49,69.91,69.91,3293430
2022-09-22,70.25,70.65,69.04,69.38,3847720
2022-09-23,68.52,68.74,67.779,68.43,3672870
2022-09-26,67.39,68.01,66.55,66.7,4557345
2022-09-27,66.59,66.97,65.43,65.89,5165500
2022-09-28,65.58,67.285,65.58,66.99,7732865
2022-09-29,65.95,66.05,64.5,65.07,4283525
2022-09-30,64.34,65.43,63.93,64.05,4620535
2022-10-03,65.46,66.5,65.3,66.16,8731365
2022-10-04,67.74,68.465,67.42,68.24,5722755
2022-10-05,67.22,68.05,66.715,67.61,3175415
2022-10-06,67.94,68.39,67.21,67.41,4298270
2022-10-07,67.48,67.93,66.19,66.41,4022895
2022-10-10,66.31,66.41,65.04,65.62,3716295
2022-10-11,64.97,65.27,63.91,64.17,4424935
2022-10-12,63.49,63.82,63.09,63.17,3933420
2022-10-13,61.79,65.69,61.719,65.17,4741860
2022-10-14,65.89,66.18,64.145,64.23,3704775
2022-10-17,65.07,66.34,65.07,66.09,4488690
2022-10-18,65.82,65.95,64.7,65.27,4762930
2022-10-19,64.86,65.57,64.28,64.63,3626265
2022-10-20,64.71,65.94,64.45,64.73,2562210
2022-10-21,63.94,65.07,63.34,65.04,5046985
2022-10-24,64.91,65.36,64.1,65.14,4634250
2022-10-25,66.09,67.35,66.03,67.24,4188710
2022-10-26,66.85,68.179,66.77,67.32,3597490
2022-10-27,67.24,67.96,66.71,66.86,2855235
2022-10-28,66.82,67.87,66.7075,67.85,3659100
2022-10-31,67.18,67.665,66.67,67.47,5029465
2022-11-01,70.6,74.39,70.565,74.01,17435315
2022-11-02,72.88,73.57,71.37,71.37,10002975
2022-11-03,71.01,72.32,70.51,72.13,6280930
2022-11-04,73.55,75.5,73.5,74.59,6988375
2022-11-07,74.6,75.5,74.41,75.5,9284730
2022-11-08,76.7,78.844,76.16,76.81,7983130
2022-11-09,76.25,76.595,75.27,75.48,3854850
2022-11-10,78.33,80.56,78.22,80.5,7009360
2022-11-11,82.4,83.19,81.59,83.09,5682575
2022-11-14,82.8,83.27,82.32,82.42,3101990
2022-11-15,83.85,84.08,82.54,82.68,4566830
2022-11-16,81.65,81.65,80.87,81.14,4256920
2022-11-17,79.46,80.88,79,80.83,3043185
2022-11-18,80.92,81.09,80.1,80.39,1859865
2022-11-21,79.13,79.72,78.94,79.09,3604670
2022-11-22,80.84,81.34,80.5,81.24,3126000
2022-11-23,81.51,82.22,81.23,82.2,3297815
2022-11-25,82.78,83.78,82.78,82.89,2084310
2022-11-28,83.33,84.1735,82.005,82.17,5601755
2022-11-29,81.82,82.79,81.81,82.23,3752605
2022-11-30,81.1,83.09,80.3,83.07,4689020
2022-12-01,82.9,84.19,82.872,83.94,4138800
2022-12-02,82.76,83.09,81.91,82.79,3531765
2022-12-05,81.82,82.6,81.36,81.61,5242965
2022-12-06,80.89,80.89,78.93,79.47,3592835
2022-12-07,79.14,79.395,78.67,79.04,2403825
2022-12-08,78.43,79.39,77.89,79.19,5174870
2022-12-09,79.48,80.94,79.48,80.38,5080155
2022-12-12,80.05,80.19,79.5,80.18,4470090
2022-12-13,82.3,83.05,80.525,80.99,3884945
2022-12-14,82.23,82.65,80.6,81.23,3288750
2022-12-15,80.38,80.65,78.46,78.67,3127830
2022-12-16,78,78.9,77.8605,78.37,3093660
2022-12-19,78.31,78.6,77.37,77.69,4972320
2022-12-20,77.47,78.285,77.265,77.5,3929580
2022-12-21,77.5,77.7,77.02,77.42,3137870
2022-12-22,77.05,77.05,76.2,76.77,3421665
2022-12-23,76.93,77.21,76.18,76.94,3089865
2022-12-27,76.21,76.285,75.39,75.54,3520805
2022-12-28,76.01,76.25,74.81,74.85,3195940
2022-12-29,75.73,76.825,75.7225,76.69,2872790
2022-12-30,75.57,76.32,75.43,76.28,2068495
2023-01-03,77.15,77.68,76.39,76.65,3303150
2023-01-04,77.99,78.39,77.49,77.8,2982060
2023-01-05,77.78,78.115,77.31,77.5,2704965
2023-01-06,79.23,81.64,79.1,81.39,4483440
2023-01-09,81.68,83.34,81.63,82.62,4590205
2023-01-10,81.44,82.16,81.105,82.08,3980665
2023-01-11,83.93,84.5,83.79,84.29,3608210
2023-01-12,84.65,86.15,84.34,86.07,5565650
2023-01-13,84.19,85.925,84.16,85.75,4972330
2023-01-17,86.28,87.72,86.28,86.76,4455020
2023-01-18,88,88.29,86.61,86.68,3551360
2023-01-19,88.28,88.79,87.56,87.97,4243160
2023-01-20,88.4,89.34,88.14,89.29,2705445
2023-01-23,88.13,89.19,88,88.91,3049165
2023-01-24,89.99,89.99,88,89.31,3465575
2023-01-25,88.96,89.69,88.73,89.55,2878710
2023-01-26,88.9,89.17,88.1,89.13,3019710
2023-01-27,89.48,91,89.33,90.61,4269625
2023-01-30,89.29,89.87,89.03,89.33,3523095
2023-01-31,88.9,89.72,88.87,89.46,3970515
2023-02-01,88.89,90.11,88.28,89.55,4827010
2023-02-02,92,95.23,91.82,93.8,8070945
2023-02-03,93.57,94.75,93.02,93.13,5277235
2023-02-06,90.86,90.87,89.52,90.12,4900645
2023-02-07,90.49,91.76,90.13,91.37,4620800
2023-02-08,90.76,91.48,90.22,90.42,3313675
2023-02-09,91.6,92.05,89.99,90.12,2365255
2023-02-10,89.8,90.71,89.693,90.12,2546365
2023-02-13,88.74,89.75,88.47,89.64,2523625
2023-02-14,89.08,89.68,88.6,89.34,2536310
2023-02-15,87.7,88.44,87.45,88.42,2942285
2023-02-16,87.42,88.38,87.32,87.54,3399700
2023-02-17,85.61,85.61,84.39,85.06,4223610
2023-02-21,83.8,84.19,83.06,83.24,3922155
2023-02-22,82.78,82.97,82.27,82.48,2148575
2023-02-23,83.14,83.2435,82.04,82.68,2865160
2023-02-24,82.71,83.12,82.132,82.71,4341635
2023-02-27,83.9,84.485,83.34,83.35,3581145
2023-02-28,83.68,84.34,83.45,83.58,2566810
2023-03-01,83.9,84.19,83.42,83.63,2728595
2023-03-02,83.03,83.37,82.44,83.34,3428165
2023-03-03,84.27,85.91,84.27,85.74,3686905
2023-03-06,86.81,87.8,86.39,86.53,3594190
2023-03-07,88.28,88.645,87.14,87.26,5956930
2023-03-08,87.87,88.26,87.58,88.06,3104715
2023-03-09,87.83,88.54,86.35,86.56,3035620
2023-03-10,86.19,86.19,84.34,84.76,4481245
2023-03-13,85.02,86.34,84.45,85.56,3992600
2023-03-14,84.86,85.44,84.58,85.44,3578065
2023-03-15,83.4,83.76,82.36,83.74,3473265
2023-03-16,84.51,86.47,84.21,86.39,4367285
2023-03-17,87.25,87.47,86.18,86.52,4076210
2023-03-20,87.52,89.16,87.33,88.42,5405845
2023-03-21,89.08,89.7,88.71,89.37,3524245
2023-03-22,88.91,89.07,87.43,87.44,3930255
2023-03-23,88.32,89.415,87.702,88.27,4676525
2023-03-24,88.3,88.43,86.96,87.53,5536590
2023-03-27,87.12,87.41,86.33,86.64,4233900
2023-03-28,86.11,86.668,85.74,85.82,3280795
2023-03-29,86.93,88.02,86.74,87.87,4786015
2023-03-30,88.7,89.53,88.555,89.31,5894820
2023-03-31,89.77,90.92,89.75,90.65,6107365
2023-04-03,90.41,91.38,90.41,91.33,4395640
2023-04-04,90.78,91.145,90.36,91.01,4049410
2023-04-05,89.9,90.02,89.52,89.65,3221795
2023-04-06,88.25,88.335,87.22,88.17,3980170
2023-04-10,87.76,88.52,87.73,88.51,2248180
2023-04-11,89.24,89.49,88.83,88.91,2216970
2023-04-12,90,90.4,89.29,89.44,2099355
2023-04-13,90.1,90.83,89.94,90.49,3423705
2023-04-14,90.85,91.46,90.412,90.86,3642220
2023-04-17,90.55,91.23,90.35,91.15,3864910
2023-04-18,91.57,91.86,90.99,91.31,4334890
2023-04-19,91,91.12,90.73,90.97,2111780
2023-04-20,90.97,92.275,90.915,91.38,3041640
2023-04-21,91.87,92.38,91.61,92.05,3029070
2023-04-24,91.86,92.03,91.4,91.56,2564685
2023-04-25,91.455,91.8,90.55,90.76,4112810
2023-04-26,92.53,95.04,92.53,93.81,8926385
2023-04-27,94.06,95.15,93.6825,95.09,6336475
2023-04-28,91.53,91.68,88.55,89.67,11675960
2023-05-01,92.1,92.51,91.25,92.19,5334330
2023-05-02,91.14,91.4,90.13,91.36,3865005
2023-05-03,91.63,93.18,91.51,92.81,3735140
2023-05-04,92.74,93.4,92.49,92.67,2730450
2023-05-05,93.01,94.08,92.82,93.86,3333290
2023-05-08,92.27,92.5,91.8,92.44,5141850
2023-05-09,92.82,94.09,92.82,93.9,4330220
2023-05-10,93,93.52,92.395,93.43,3778020
2023-05-11,93.61,93.61,92.65,93.21,2309875
2023-05-12,94.84,95.34,94.387,94.68,2853875
2023-05-15,94.62,95.12,94.573,94.67,2693715
2023-05-16,93.9,94.26,93.54,93.81,2520170
2023-05-17,95.55,95.89,95.01,95.32,4610570
2023-05-18,99.07,99.15,98.35,98.89,9050590
2023-05-19,98.06,98.49,97.62,98.01,3557225
2023-05-22,98.12,98.49,97.46,97.6,4430230
2023-05-23,95.57,95.57,94.56,94.97,4903370
2023-05-24,94.44,94.94,94.01,94.23,3286745
2023-05-25,95.46,95.55,94.6,95.04,3072725
2023-05-26,95.59,96.63,95.37,95.98,3112725
2023-05-30,96.09,96.22,94.75,94.76,3825285
2023-05-31,94.21,94.49,92.87,93.7,3201025
2023-06-01,96.19,97.045,96.16,96.66,4843800
2023-06-02,98.05,98.86,97.93,98.01,3382210
2023-06-05,98.99,99.1,98.39,98.5,4358555
2023-06-06,99,100.24,98.79,100.05,3771240
2023-06-07,98.3,98.8,97.63,97.68,3680670
2023-06-08,96.21,97.41,95.92,97.41,3431380
2023-06-09,98.54,99.0475,98,98.44,2583860
2023-06-12,98.81,99.55,98.5,99.25,5970075
2023-06-13,100.23,100.94,100.04,100.19,3103715
2023-06-14,100.71,100.89,99.51,99.87,2575580
2023-06-15,98.79,99.75,98.55,99.67,2951390
2023-06-16,98.48,98.66,97.46,97.57,3890490
2023-06-20,97,97.01,96.21,96.31,2549135
2023-06-21,95.09,95.43,94.27,94.68,2798375
2023-06-22,93.59,94.07,93.3,93.82,3509910
2023-06-23,91.24,91.49,90.8,91.14,5750570
2023-06-26,90.63,91.16,90.19,90.37,3473520
2023-06-27,89.8,90.38,89.22,90.07,6569140
2023-06-28,90.7,91.55,90.56,91.29,4039580
2023-06-29,90.11,90.3,89.58,89.96,3323530
2023-06-30,90.05,90.7915,90,90.04,4697070
2023-07-03,91.54,92.095,91.34,91.55,3798435
2023-07-05,91.43,91.77,91.13,91.43,4176540
2023-07-06,90.66,90.84,89.84,90.49,3798835
2023-07-07,90.64,91.86,90.64,91.04,3630425
2023-07-10,90.4,90.87,90.4,90.73,3361605
2023-07-11,89.92,90.4,89.29,89.64,6817200
2023-07-12,89.65,92.53,89.64,91.24,11568685
2023-07-13,93.66,94.13,93.38,93.81,7519470
2023-07-14,93.22,93.22,92.335,92.39,4578690
2023-07-17,92.53,94.29,92.37,93.57,3851900
2023-07-18,94.86,95.42,94.58,95.1,4836185
2023-07-19,94.76,95,94.13,94.57,2696030
2023-07-20,93.29,93.86,93.18,93.25,3254135
2023-07-21,93.82,93.96,93.28,93.39,2128875
2023-07-24,93.39,93.92,93.255,93.66,1931490
2023-07-25,93.03,93.79,92.8,93.69,2187015
2023-07-26,93.39,94.07,93.2,93.74,1874300
2023-07-27,94.7,95.19,93.59,93.76,3430820
2023-07-28,93.77,94.174,93.4,93.47,3401310
2023-07-31,93.81,94.36,93.38,93.6,3224435
2023-08-01,93.5,93.92,93.28,93.49,2180055
2023-08-02,91.89,92.175,90.91,91.07,3337910
2023-08-03,90.02,90.197,89.52,90.03,2861760
2023-08-04,91.07,91.363,90.06,90.19,2793290
2023-08-07,90.66,90.725,90.12,90.44,3269015
2023-08-08,90.09,90.58,89.42,89.82,4535005
2023-08-09,90.31,90.31,82.695,83.85,12283820
2023-08-10,86.95,87,85.31,85.44,8048945
2023-08-11,85.16,85.79,84.63,85.58,3878695
2023-08-14,83.58,84,82.9,83.97,5731885
2023-08-15,83.42,83.72,82.92,83.53,2851795
2023-08-16,82.73,83.185,82.145,82.24,4472515
2023-08-17,83.5,83.5,82.23,82.4,3496945
2023-08-18,82.02,83.01,81.76,82.66,3073725
2023-08-21,82.4,82.68,82.183,82.58,2874850
2023-08-22,82.65,82.81,81.79,81.9,3727285
2023-08-23,82.1,82.78,82.1,82.61,4389325
2023-08-24,82.23,82.37,80.875,81.05,4404845
2023-08-25,81.41,81.69,80.34,81.1,3600020
2023-08-28,81.73,82.25,81.73,82.07,2293850
2023-08-29,81.68,82.84,81.45,82.61,2693995
2023-08-30,82.5,82.85,82.19,82.35,2784700
2023-08-31,83.14,83.45,83.01,83.19,3285480
2023-09-01,85.8,85.97,84.74,85.26,5789090
2023-09-05,84.65,85.19,84.42,84.54,2591645
2023-09-06,85.82,86.09,85.35,85.5,4150660
2023-09-07,84.97,85.36,84.75,85.23,2974950
2023-09-08,84.25,84.65,84.04,84.22,2444700
2023-09-11,85.1,85.63,84.82,85.2,3138275
2023-09-12,85.2,85.645,84.98,85.41,1845815
2023-09-13,84.38,84.925,84.25,84.43,2816655
2023-09-14,85.93,86.89,85.79,86.5,3264130
2023-09-15,87.36,87.5,86.76,86.76,2451325
2023-09-18,86.37,86.89,86.05,86.76,2197525
2023-09-19,86.62,86.97,86.29,86.54,1815920
2023-09-20,85.69,85.97,84.77,84.85,2528225
2023-09-21,82.85,83.41,82.53,82.64,3547125
2023-09-22,82.98,83.13,82.33,82.38,2525270
2023-09-25,83.05,83.39,82.73,83.27,3040100
2023-09-26,82.39,82.6,81.08,81.3,2961070
2023-09-27,83.2,83.3,82.31,82.55,3669415
2023-09-28,81.71,83.18,81.7,82.78,4394435
2023-09-29,82.81,83.08,82.07,82.41,3113410
2023-10-02,81.66,82.05,81.2,81.65,2367165
2023-10-03,81.49,82.05,80.7805,81.21,2470245
2023-10-04,81.42,81.93,80.75,81.82,2569545
2023-10-05,82.66,83.16,82.26,82.86,2506145
2023-10-06,82.3,83.35,81.795,82.97,1901245
2023-10-09,82.41,83.6285,82.29,83.5,1612810
2023-10-10,84.29,85.18,84.12,84.61,2145670
2023-10-11,85.34,85.98,85.33,85.46,3100625
2023-10-12,86.75,87.27,86.15,86.58,3946635
2023-10-13,85.75,85.85,84.89,85.15,2800925
2023-10-16,84.79,85.47,84.51,85.4,2426785
2023-10-17,84.9,86.38,84.88,85.71,2124425
2023-10-18,85.12,85.29,83.98,84.1,1929075
2023-10-19,84.15,84.915,83.7,83.84,2174590
2023-10-20,83.71,83.96,83.18,83.19,1717055
2023-10-23,82.61,83.63,82.05,83.11,1675740
2023-10-24,83.72,84.33,83.68,84.22,2458380
2023-10-25,83.78,84.1455,82.3,82.7,3692515
2023-10-26,81.57,81.82,80.55,80.97,3165175
2023-10-27,80.56,80.95,79.62,80.04,3442475
2023-10-30,80.93,82.05,80.93,81.74,7206780
2023-10-31,82.82,83.27,82.5515,83.05,3304080
2023-11-01,84.34,85.21,84.02,85.03,4083530
2023-11-02,85.65,86.79,85.65,86.56,4827215
2023-11-03,87.39,87.96,87.39,87.42,4673015
2023-11-06,86.32,87.3145,86.32,86.69,5646565
2023-11-07,87,88.045,86.865,87.76,3626520
2023-11-08,88.64,88.86,87.23,87.54,6880700
2023-11-09,85.62,85.62,80.77,81.73,17590435
2023-11-10,85.36,86.28,83.87,85.94,9446090
2023-11-13,83.57,83.595,82.505,83.33,5548435
2023-11-14,84.38,85.34,84.32,85.07,3248125
2023-11-15,87.62,88.21,86.967,87.12,5550930
2023-11-16,86.69,87.63,86.56,87.6,2913435
2023-11-17,87.58,87.69,87,87.65,2147410
2023-11-20,86.98,87.62,86.77,87.54,2469395
2023-11-21,87.37,87.48,86.71,86.79,2704975
2023-11-22,87.38,87.99,87.07,87.59,2349560
2023-11-24,86.22,86.78,86.03,86.64,1948905
2023-11-27,86.31,87.119,86.16,86.95,2823860
2023-11-28,86.7,87.61,86.4015,87.23,5846610
2023-11-29,86.9,87.08,86.035,86.1,3034615
2023-11-30,86.61,86.66,85.77,85.95,4065150
2023-12-01,85.37,86.36,85.37,86.14,3242270
2023-12-04,85.27,85.53,84.62,85.32,5139135
2023-12-05,85.88,86.69,85.86,86.4,4086500
2023-12-06,89,89.541,88.4,88.4,10882890
2023-12-07,87.98,88.62,87.37,88.51,4265365
2023-12-08,88.37,89.48,88.37,89.3,3239385
2023-12-11,89.29,89.65,89.11,89.33,3585515
2023-12-12,89.41,90.54,89.19,90.39,3447110
2023-12-13,90.58,91.86,89.785,91.79,7517045
2023-12-14,91.3,92.56,91.14,92.42,6703835
2023-12-15,93.25,93.7,92.63,92.69,3512825
2023-12-18,91.57,92.41,91.42,92.21,4349545
2023-12-19,91.66,92.655,91.45,91.62,5178950
2023-12-20,91.91,92,90.08,90.08,3921955
2023-12-21,92.08,92.885,91.34,92.76,3759715
2023-12-22,91.75,92.3,91.51,92.14,2659780
2023-12-26,92.23,93.65,92.21,93.47,3302005
2023-12-27,93.62,94.05,93.46,94.01,2927060
2023-12-28,93.98,94.84,93.91,94.65,2228675
2023-12-29,94.6,94.91,94.31,94.69,1512365
2024-01-02,93.5,94,92.96,93.3,3337635
2024-01-03,92.6,92.801,92.21,92.38,2849030
2024-01-04,90.97,91.83,90.72,91.05,4554840
2024-01-05,90.95,92.3,90.83,91.22,3613095
2024-01-08,91.21,92.5,91.21,92.4,2077175
2024-01-09,92.13,92.38,91.85,92.11,2647090
2024-01-10,95.11,96.35,95.07,96.15,5480875
2024-01-11,98.3,98.55,96.37,97.31,6116650
2024-01-12,99.77,100.88,99.45,99.75,7614300
2024-01-16,98.59,99.03,98.12,98.16,4267050
2024-01-17,97.06,97.68,97.024,97.41,4046920
2024-01-18,97.08,97.935,97,97.85,3300580
2024-01-19,98.18,99.1,97.94,99.02,2179970
2024-01-22,99.82,100.33,99.34,99.59,2872145
2024-01-23,98.88,99,98.23,98.75,2709320
2024-01-24,98.84,99.77,97.79,97.95,2931025
2024-01-25,97.25,97.67,96.76,97.02,2746270
2024-01-26,95.3,95.81,94.87,95.39,4490375
2024-01-29,96.9,97.3,96.485,97.22,3054910
2024-01-30,98.01,98.21,97.31,97.4,2372820
2024-01-31,99.27,99.47,97.63,97.75,4626455
2024-02-01,98.03,99.04,97.81,98.89,3121805
2024-02-02,97.91,98.76,97.8,98.56,2029060
2024-02-05,97.4,97.76,96.885,97.59,2576395
2024-02-06,96.41,96.98,96.1285,96.96,3759380
2024-02-07,97.26,97.67,96.96,97.26,2948310
2024-02-08,96.17,96.47,95.47,96.4,3142360
2024-02-09,95.91,96.29,95.6,96,4098420
2024-02-12,96.23,97.52,95.89,96.16,4909020
2024-02-13,96.95,97.2,95.415,95.86,5578860
2024-02-14,95.18,95.42,89.35,91.75,16785605
2024-02-15,91.25,92.1815,90.88,91.99,7377075
2024-02-16,90.18,90.25,88.695,88.84,7168360
2024-02-20,88.27,88.575,87.6,87.85,4595745
2024-02-21,87.86,87.9,86.76,86.89,5799620
2024-02-22,88.25,89.035,87.86,88.32,8607465
2024-02-23,88.31,88.57,87.67,87.91,6012630
2024-02-26,86.56,86.59,85.92,86.07,8273800
2024-02-27,86.18,86.24,85.27,85.79,4383805
2024-02-28,85.32,85.48,84.89,85.16,2902335
2024-02-29,86.21,86.5,85.62,85.81,5734245
2024-03-01,87.62,88.45,87.27,88.02,5830885
2024-03-04,86.63,86.9305,86.16,86.48,2808355
2024-03-05,86.12,86.51,85.56,85.66,2681960
2024-03-06,86.76,87.1,86.39,86.77,3678130
2024-03-07,87.21,87.33,86.79,86.9,5442360
2024-03-08,87.65,88,87,87.21,3317280
2024-03-11,86.49,86.93,86.33,86.76,2774720
2024-03-12,87.46,88.22,87.0665,87.75,2402290
2024-03-13,87.81,88.16,87.58,87.84,2212995
2024-03-14,87.98,88.2205,86.805,87.1,3240230
2024-03-15,87.35,87.67,87.12,87.38,2803225
2024-03-18,88.89,89.52,88.89,89.03,4410040
2024-03-19,89,89.2,88.55,89,3201310
2024-03-20,88.75,89.74,88.35,89.62,2915595
2024-03-21,88.9,89.58,88.64,88.72,3003485
2024-03-22,88.74,88.845,88.36,88.62,1495685
2024-03-25,86.26,86.47,85.73,85.96,3617400
2024-03-26,86.6,87.12,86.45,86.72,2843885
2024-03-27,86.9,86.9,86.16,86.54,3276425
2024-03-28,86.19,86.345,85.73,85.74,3305250
2024-04-01,86,86.34,85.79,86.17,1990140
2024-04-02,85.5,85.5,84.67,85.33,2704895
2024-04-03,85.43,86.19,85.4065,85.77,4700005
2024-04-04,86.09,86.1,84.52,84.55,3038740
2024-04-05,84.5,85.2,84.29,84.82,2056490
2024-04-08,84.59,84.76,84.125,84.32,2756710
2024-04-09,84.87,85.13,84.22,84.64,2568025
2024-04-10,84.12,84.418,83.83,84.13,2194380
2024-04-11,84.25,84.31,83.42,84.06,1914150
2024-04-12,84.33,84.57,83.69,83.99,3887015
2024-04-15,83.55,83.67,82.12,82.3,3956895
2024-04-16,83.5,83.63,82.9,82.97,4266335
2024-04-17,82.28,82.28,81.36,81.58,2900315
2024-04-18,82.07,82.57,81.85,81.88,2239555
2024-04-19,81.51,82.16,81.195,81.3,2988935
2024-04-22,81.24,81.73,80.89,81.56,3056015
2024-04-23,81.15,81.9,81.03,81.81,4044855
2024-04-24,82.54,83.105,82.22,82.71,3223675
2024-04-25,81.28,82.485,81.14,82.44,2765090
2024-04-26,81.79,82.43,81.71,82.33,2203160
2024-04-29,82.87,83.13,82.49,82.99,3542860
2024-04-30,82.89,83.14,82.49,82.57,2321870
2024-05-01,82.81,83.86,82.53,82.89,1970045
2024-05-02,84.04,84.63,83.44,84.08,3285995
2024-05-03,85.25,85.565,84.2,84.54,3156230
2024-05-06,85.01,85.13,84.5,84.84,3732585
2024-05-07,82.24,82.325,81.59,81.65,4730770
2024-05-08,78.26,78.85,77.66,78.35,8584005
2024-05-09,76.85,77.5,76.63,77.47,8243685
2024-05-10,75.88,75.93,75.11,75.37,10575735
2024-05-13,76.55,76.89,75.97,76.15,7600095
2024-05-14,79.1,81.85,79,81.23,17271170
2024-05-15,82.7,83.52,82.61,83.48,10085245
2024-05-16,83.9,84.39,83.31,83.39,5177915
2024-05-17,84.07,84.26,83.5,83.75,3843215
2024-05-20,83.75,84,83.5,83.59,3897875
2024-05-21,82.81,82.81,81.97,82,4444030
2024-05-22,81.73,81.81,81.18,81.26,2984445
2024-05-23,81.92,81.92,80.71,80.8,3181540
2024-05-24,80.18,80.78,80.15,80.29,3700660
2024-05-28,80.54,80.77,79.77,79.87,2697205
2024-05-29,78.99,79.3695,78.34,78.45,3793280
2024-05-30,80.48,81.26,80.15,80.79,5097310
2024-05-31,81.75,82.375,81.47,82.34,4841720
2024-06-03,83.13,83.9,83,83.6,4084450
2024-06-04,85.35,86.11,84.94,86.03,5656235
2024-06-05,86.39,86.71,85.87,86.64,3102615
2024-06-06,86.65,87.49,86.65,87.23,3187980
2024-06-07,85.91,86.02,85.39,85.45,2238370
2024-06-10,85,85.82,84.83,85.64,2429570
2024-06-11,84.82,85.09,84.23,85,3900835
2024-06-12,84.66,85.24,83.85,83.96,3970315
2024-06-13,84.17,84.45,83.75,84.1,2319985
2024-06-14,82.5,82.65,81.88,82.22,3336520
2024-06-17,80.73,81.34,80.57,81.12,3514680
2024-06-18,80.44,80.59,79.3,79.63,11213115
2024-06-20,80.5,81.135,80.49,80.83,4077390
2024-06-21,80.66,80.735,80.2,80.53,10343940
2024-06-24,80.77,81.49,80.62,81.12,2711215
2024-06-25,82.24,82.24,81.39,82.08,5595250
2024-06-26,82.56,82.96,82.215,82.86,4288810
2024-06-27,84.2,84.65,84,84.28,4038705
2024-06-28,84.43,85.27,84.43,84.95,3588635
2024-07-01,85.12,85.72,85.06,85.31,2806050
2024-07-02,85.91,86.67,85.62,86.66,4093100
2024-07-03,85.02,85.9,85.02,85.65,2657195
2024-07-05,86.07,86.8945,86.07,86.82,3044625
2024-07-08,86.65,87.18,86.4,86.6,2171175
2024-07-09,90.1,90.54,89.71,90.44,5746400
2024-07-10,91.85,92.92,91.71,92.73,7299875
2024-07-11,95.98,96.193,95.32,95.63,6323770
2024-07-12,95.22,96.47,95.02,96.07,2768305
2024-07-15,95.99,96.235,95.48,95.63,2464205
2024-07-16,95.61,96.26,95.31,96.13,3258000
2024-07-17,95.16,96.305,95.07,95.96,3091730
2024-07-18,94.27,94.75,92.9925,93.2,3312915
2024-07-19,92.78,93.23,92.42,92.83,7873680
2024-07-22,92.55,92.99,92.34,92.81,3446225
2024-07-23,92.17,92.31,91.62,91.67,2719035
2024-07-24,91,91.1,89.04,89.19,5220475
2024-07-25,86.85,87.33,86,86.03,6394875
2024-07-26,86.82,87.64,86.65,87.32,4810275
2024-07-29,86.85,86.94,86.38,86.4,2763845
2024-07-30,88.05,88.7,87.75,88.38,4233550
2024-07-31,88.96,88.96,88.2605,88.59,3904725
2024-08-01,86.73,86.93,84.85,84.93,5616465
2024-08-02,81.59,82.25,81.09,81.61,6846565
2024-08-05,80.49,82.6,79.78,82.38,8159555
2024-08-06,82.59,83.47,82.07,83.05,6559990
2024-08-07,87,88.48,84.56,84.56,5973185
2024-08-08,84.4,84.6525,83.46,84.43,4911735
2024-08-09,84.13,84.44,83.64,84.4,2711645
2024-08-12,84.49,84.81,84.04,84.72,2480870
2024-08-13,87.37,89.165,87.37,89.06,5555650
2024-08-14,88.94,89.14,88.41,88.99,2468220
2024-08-15,87.71,88.58,87.66,88.46,3353090
2024-08-16,89.62,90.42,89.1,90.24,2949155
2024-08-19,90.47,91.545,90.43,91.45,3243295
2024-08-20,90.77,91.06,90.49,90.79,3695845
2024-08-21,91.58,92.97,91.52,92.79,4133440
2024-08-22,92.43,92.55,91.12,91.29,3158825
2024-08-23,91.58,92.499,91.23,92.39,2222600
2024-08-26,93,93.11,92.551,92.81,2116320
2024-08-27,95.25,96.16,94.82,96.07,4355145
2024-08-28,97.08,97.33,96.37,96.75,5291270
2024-08-29,96.58,97.2,96.32,96.81,3146275
2024-08-30,97.23,97.72,96.9755,97.56,2004870
2024-09-03,96.41,96.915,95.38,95.48,4533225
2024-09-04,94.5,95.16,93.96,94.46,2765860
2024-09-05,94.3,94.66,93.98,94.36,2430080
2024-09-06,92.16,92.52,89.76,90.05,4864920
2024-09-09,90.9,91.4,90.575,91.05,2552650
2024-09-10,92,93.39,91.74,92.98,3474070
2024-09-11,92.96,93.84,92.28,93.77,2442155
2024-09-12,93.12,93.71,92.8585,93.62,1899580
2024-09-13,93.45,93.77,93.21,93.44,1741215
2024-09-16,93.35,93.786,92.68,93.11,2482790
2024-09-17,91.44,91.5,90.15,90.55,3567450
2024-09-18,90.64,91.5,90,90.49,3752590
2024-09-19,92.74,93.565,92.62,93.23,2949425
2024-09-20,93.94,93.96,92.92,93.09,2927015
2024-09-23,93.2,94.3,92.96,94.21,2087945
2024-09-24,96.21,96.21,95.28,95.56,2138960
2024-09-25,95.8,96.19,95.69,96.01,2203280
2024-09-26,97.63,98.74,97.42,98.65,3544265
2024-09-27,97.63,98.33,96.095,96.16,4185970
2024-09-30,96.9,97,96.0675,96.57,2265365
2024-10-01,96.88,97.41,96.029,96.8,4922115
2024-10-02,95.27,95.27,93.9,94.95,3715810
2024-10-03,93.99,94.6,93.76,94,2311975
2024-10-04,94.3,94.95,94.23,94.85,2292695
2024-10-07,95.61,96.41,95.35,95.66,3342045
2024-10-08,95.41,95.47,95.05,95.14,2017225
2024-10-09,18.83,19.23,18.7105,19.05,1987739
2024-10-10,18.91,18.94,18.715,18.86,2079358
2024-10-11,18.74,19.05,18.74,18.98,1725822
2024-10-14,18.9,19.155,18.87,19.09,2081280
2024-10-15,18.81,18.85,18.6,18.66,2120213
2024-10-16,18.7,18.7,18.61,18.68,1885227
2024-10-17,18.6,18.62,18.435,18.51,1662855
2024-10-18,18.11,18.24,18.08,18.22,2534658
2024-10-21,18.14,18.17,18.02,18.1,2361303
2024-10-22,17.9,17.94,17.82,17.89,2630698
2024-10-23,17.5,17.64,17.4201,17.53,2842236
2024-10-24,17.6,17.74,17.59,17.69,2544491
2024-10-25,17.55,17.675,17.5401,17.62,2607447
2024-10-28,17.71,17.79,17.68,17.75,2573747
2024-10-29,17.76,17.88,17.7,17.85,2698742
2024-10-30,18.07,18.11,17.965,17.98,3015313
2024-10-31,17.82,17.82,17.56,17.6,2136271
2024-11-01,17.68,17.84,17.62,17.73,1581125
2024-11-04,17.75,17.85,17.72,17.74,1727604
2024-11-05,18,18.1,17.9,18.05,2271733
2024-11-06,18,18.02,17.83,17.99,2960259
2024-11-07,18.2,18.34,18.12,18.27,3689062
2024-11-08,19.495,20.665,19.495,19.91,10593697
2024-11-11,19.34,19.4,18.89,19.12,4156740
2024-11-12,19,19.01,18.62,18.67,2713158
2024-11-13,18.69,18.71,18.44,18.5,2966840
2024-11-14,18.6,18.67,18.46,18.49,2083492
2024-11-15,18.58,18.65,18.41,18.46,2958424
2024-11-18,18.72,19.06,18.72,18.97,2881002
2024-11-19,18.81,19,18.81,18.92,2557360
2024-11-20,19.25,19.34,19.1,19.18,6542856
2024-11-21,19.08,19.15,18.965,19.07,1707766
2024-11-22,19.02,19.14,18.97,19.06,2068923
2024-11-25,19.31,19.5,19.31,19.42,3326442
2024-11-26,19.42,19.445,19.315,19.37,1783120
2024-11-27,19.76,19.97,19.745,19.76,2494189
2024-11-29,19.98,20.055,19.91,20.05,1247922
2024-12-02,20,20.075,19.93,20.01,3337948
2024-12-03,20.45,20.49,20.32,20.47,3364479
2024-12-04,21.01,21.09,20.89,20.99,4284754
2024-12-05,21.05,21.07,20.9,20.9,3637554
2024-12-06,20.98,21.04,20.9001,20.94,1973182
2024-12-09,21.3,21.41,21.035,21.1,4085324
2024-12-10,21.9,22.04,21.7625,21.77,5038532
2024-12-11,22.06,22.25,22.05,22.17,4175120
2024-12-12,22.595,22.71,22.38,22.38,4658665
2024-12-13,21.87,21.91,21.62,21.69,3453100
2024-12-16,21.47,21.63,21.42,21.49,3888455
2024-12-17,21.8,21.98,21.7,21.73,4757804
2024-12-18,21.55,21.67,20.825,20.91,3633611
2024-12-19,20.9,20.94,20.58,20.66,4415755
2024-12-20,20.85,21.16,20.78,21.02,5678656
2024-12-23,20.95,21.21,20.92,21.16,2500443
2024-12-24,21.02,21.1655,20.99,21.14,979891
2024-12-26,21.18,21.28,21.13,21.18,1308679
2024-12-27,21.5,21.525,21.325,21.46,1936890
2024-12-30,21.12,21.33,21.05,21.21,1934541
2024-12-31,21.23,21.31,21.13,21.16,1186074
2025-01-02,21.27,21.33,21.02,21.09,2642074
2025-01-03,21.18,21.35,21.11,21.32,2299696
2025-01-06,21.09,21.16,20.89,20.9,3402941
2025-01-07,21.06,21.19,20.885,20.91,2719226
2025-01-08,20.73,20.815,20.555,20.77,3277629
2025-01-10,20.45,20.58,20.245,20.35,4818038
2025-01-13,20.19,20.35,20.115,20.21,2699015
2025-01-14,20.09,20.17,19.85,19.88,4312635
2025-01-15,20.48,20.51,20.29,20.5,4733858
2025-01-16,20.52,20.52,20.3011,20.33,4476012
2025-01-17,20.61,20.7,20.54,20.64,2993112
2025-01-21,20.79,20.975,20.74,20.9,3143795
2025-01-22,20.97,21.046,20.86,20.92,3345623
2025-01-23,21.12,21.385,21.12,21.37,4099148
2025-01-24,20.805,20.98,20.71,20.83,4874118
2025-01-27,20.91,21.015,20.835,21,4190386
2025-01-28,21.55,21.925,21.39,21.81,4032190
2025-01-29,22.22,22.3,21.98,22.13,4984429
2025-01-30,22.26,22.395,22.105,22.3,3413933
2025-01-31,22.19,22.225,21.93,22.01,2376170
2025-02-03,21.7,21.99,21.67,21.89,3141911
2025-02-04,22.34,22.55,22.27,22.52,4110124
2025-02-05,22.8,22.96,22.755,22.92,3874147
2025-02-06,23,23.05,22.91,23.01,3000941
2025-02-07,22.99,22.99,22.55,22.57,4207273
2025-02-10,22.57,22.6,22.39,22.42,3465920
2025-02-11,22.26,22.41,22.26,22.36,4204017
2025-02-12,21.84,22.01,21.62,21.97,4931006
2025-02-13,23.26,24.03,23.04,23.19,6551204
2025-02-14,24.11,24.25,23.94,24.14,5033373
2025-02-18,24.775,24.88,24.41,24.52,7072414
2025-02-19,24.63,24.7779,24.52,24.72,4016806
2025-02-20,24.83,24.9488,24.715,24.92,2825131
2025-02-21,25.25,25.29,24.7,24.78,5048404
2025-02-24,24.88,24.915,24.5699,24.8,2721337
2025-02-25,25.18,25.27,24.99,25.07,5791804
2025-02-26,25.28,25.635,25.265,25.46,3657368
2025-02-27,25.38,25.48,24.992,25.03,4035210
2025-02-28,24.79,25.06,24.71,25.04,2736507
2025-03-03,24.8,25.04,24.49,24.59,2579074
2025-03-04,24.01,24.399,23.725,24.17,4295807
2025-03-05,23.95,24.365,23.92,24.34,3469539
2025-03-06,24.7,24.82,24.375,24.4,6209587
2025-03-07,24.15,24.2,23.615,24.15,3617203
2025-03-10,23.2,23.22,22.72,22.85,4485800
2025-03-11,22.88,23.135,22.68,22.95,4370456
2025-03-12,23.75,23.92,23.5436,23.69,5327517
2025-03-13,23.49,23.615,23.364,23.41,2425957
2025-03-14,23.87,24.17,23.87,24.1,8642989
2025-03-17,24.37,24.63,24.31,24.51,8709267
2025-03-18,24.44,24.65,24.23,24.52,10612689
2025-03-19,24.6,25.09,24.53,24.97,10887268
2025-03-20,24.67,24.93,24.62,24.89,4338288
2025-03-21,25.275,25.475,25.135,25.23,24505942
2025-03-24,25.24,25.295,25.075,25.27,13640008
