Date,Open,High,Low,Close,Volume
2000-01-03,79.5,80.75,77.875,78.1875,13457200
2000-01-04,77.375,78.1875,76.5,76.8125,14510800
2000-01-05,78,81.75,77.8125,81,17485000
2000-01-06,80.625,85.8125,80.1875,85,19461400
2000-01-07,85.9375,86.25,84.625,84.9375,16605600
2000-01-10,84.1875,84.625,83.5625,83.75,8545400
2000-01-11,83.75,85.25,83.625,84,8731600
2000-01-12,83.25,84.375,82.8125,83.5,10314400
2000-01-13,83.5,86,83.125,85.25,12055400
2000-01-14,85.5,85.5,83,83.75,11268800
2000-01-18,82.75,85.5,82.375,84.375,11929000
2000-01-19,84.25,85.875,83.6875,85.5625,13088800
2000-01-20,85.1875,85.25,82.6875,83.6875,9613400
2000-01-21,84,85.1875,83.3125,85,14343600
2000-01-24,85.4375,86.3125,83,84.25,12459400
2000-01-25,84,86.125,83.8125,84.0625,11921600
2000-01-26,84.0625,84.5625,82.6875,83.5,9298000
2000-01-27,83.3125,83.3125,79.75,81,10548400
2000-01-28,80,81,78.875,78.875,10361000
2000-01-31,78.625,83.5625,77.875,83.4375,14409200
2000-02-01,83.3125,83.4375,81.375,83.1875,10665400
2000-02-02,83.25,84.875,83.25,83.8125,11562800
2000-02-03,83.4375,84,80.0625,82.375,11610800
2000-02-04,83.5,83.5,80.0625,80.875,11436200
2000-02-07,79.5,81.25,79.5,80.75,7101200
2000-02-08,81,81.875,78.6875,78.9375,9372000
2000-02-09,76.75,77.3125,76,76.0625,12408000
2000-02-10,76.25,77.6875,75.3125,75.875,13475600
2000-02-11,76,76.6875,72.6875,73.875,12465800
2000-02-14,74.5,76.9375,74.4375,76.4375,9753600
2000-02-15,77.75,80.5625,77.4375,79.3125,10783600
2000-02-16,79,80.375,78.375,80,10264200
2000-02-17,79,79,77.3125,77.875,11678400
2000-02-18,77.3125,77.375,75,75,13800600
2000-02-22,76.25,76.9375,74.5,75.4375,10854800
2000-02-23,74.125,75.8125,73.125,74.625,8881600
2000-02-24,72.6875,73.4375,71.5,72.8125,10786400
2000-02-25,72.5625,74.375,70,71.0625,11800600
2000-02-28,71,75.3125,69.875,73.5,11875200
2000-02-29,73.5,75.625,72.9375,75.3125,10469200
2000-03-01,75.375,76.25,73.1875,76.0625,9884600
2000-03-02,76,77.6875,75.5625,76.625,9801400
2000-03-03,76.5,76.5,74.25,75.6875,10207800
2000-03-06,74,75,72,72.9375,10497400
2000-03-07,72.125,81,72,81,22811000
2000-03-08,77.5,82,77.5,79.625,19981400
2000-03-09,78,80.5625,77.4375,80.4375,10906200
2000-03-10,80,80.1875,76.3125,77,9428600
2000-03-13,76.5,77.9375,74.375,75.875,9467400
2000-03-14,75.125,78,74.625,77.25,9047600
2000-03-15,77.1875,78,74.6875,77.75,11879800
2000-03-16,78,79.9375,75.875,79.75,11600800
2000-03-17,79.3125,79.6875,77,77.125,14929200
2000-03-20,76.1875,77.3125,74.3125,74.875,10685600
2000-03-21,75.75,77.75,75.625,77,10880600
2000-03-22,77,77,74.4375,74.9375,14253200
2000-03-23,74.625,76.0625,74.3125,75.5,10115600
2000-03-24,75.75,77.5625,75.625,77.25,8803800
2000-03-27,77.25,78.1875,75.75,76.75,9661600
2000-03-28,75.625,77,75.625,76.3125,8268800
2000-03-29,78.1875,81.9375,77.75,80.5625,20753400
2000-03-30,81.4375,81.8125,77.6875,78.625,13274200
2000-03-31,78.875,79.9375,77.8125,77.9375,12599400
2000-04-03,77.75,80.75,77.6875,80.5,9955600
2000-04-04,79.9375,82.875,79.9375,82.5,16389200
2000-04-05,82,83.125,79.5,79.75,12436400
2000-04-06,80.5625,82,80.0625,81.75,8265200
2000-04-07,81,81.375,79.0625,79.5625,7828800
2000-04-10,79,79.625,78.125,78.25,9092400
2000-04-11,78.9375,80.9375,78.6875,79.375,10666400
2000-04-12,80,81.5,79.6875,79.9375,8594800
2000-04-13,79.9375,81,78.8125,80,8909400
2000-04-14,79.8125,81.75,78,78.75,11848200
2000-04-17,78.625,79.375,75.125,75.5,16206400
2000-04-18,76,76.8125,75,76.1875,12060400
2000-04-19,76.25,78.4375,76,77.4375,12100000
2000-04-20,77.4375,79,77.0625,79,8058000
2000-04-24,78.625,81,77.1875,79.875,8909200
2000-04-25,80.25,81.5,80.125,81,11704600
2000-04-26,81,81,79.3125,80.125,8418000
2000-04-27,79.625,80.9375,78.625,80.6875,9662200
2000-04-28,80.4375,80.4375,77.6875,77.6875,9727600
2000-05-01,78.3125,79.0625,77.6875,78,8859400
2000-05-02,78.1875,79.5625,78,78.25,8087200
2000-05-03,78.375,78.4375,77,77.1875,7064800
2000-05-04,78,79.6875,77.8125,79.5,10089400
2000-05-05,78.75,80,78.6875,80,7078400
2000-05-08,79.875,80.75,79.375,80.4375,7376600
2000-05-09,80.5,80.875,78.75,79.4375,8383600
2000-05-10,79.6875,82.125,79.625,81.5,11366400
2000-05-11,81.8125,83.375,81.5,82.9375,10974400
2000-05-12,82.4375,82.6875,81.6875,82.0234,7968600
2000-05-15,81.9375,83.875,81.75,83.625,8905800
2000-05-16,83.25,83.6875,82.25,83.25,8719000
2000-05-17,82,82.5,80.5,81.375,11096200
2000-05-18,81.5,82.375,80.9375,81.0625,7067600
2000-05-19,80.1875,82.125,79.9375,81.75,8433000
2000-05-22,82.375,83.9375,82.25,83.3125,9678000
2000-05-23,83.4375,83.5625,81.625,83,8377400
2000-05-24,82.8125,83.4375,82.0625,82.9375,9207800
2000-05-25,82.375,82.5625,80.6875,81.4375,8616200
2000-05-26,81.6875,83.125,81.5625,82.375,5940200
2000-05-30,82,83.625,81.8125,83.5,10202600
2000-05-31,83,83.875,82.3125,83.3125,9847000
2000-06-01,83.5625,83.5625,80.875,82.9375,11889800
2000-06-02,81.0625,81.9375,78.625,79.1875,18607400
2000-06-05,79,79.75,79,79.3555,8654400
2000-06-06,79,82.5,78.75,82.3125,12141000
2000-06-07,82,82.4375,80.875,81.125,9557800
2000-06-08,80.125,80.625,79.9375,80.0625,10672400
2000-06-09,80,80.5625,79.125,79.1875,9388000
2000-06-12,79.875,81.6875,79.875,80.75,11000800
2000-06-13,81.25,82,81,81.1875,7551800
2000-06-14,81.9375,83.75,81.75,82.625,11053200
2000-06-15,82.5,83.5,81.75,82.4375,11187600
2000-06-16,82.625,84.375,82.625,83.6875,19569000
2000-06-19,83.9375,84.25,82.5,84.0625,8859400
2000-06-20,82.5,83.375,81.75,83.25,8483600
2000-06-21,82,84.4375,81.8125,83.9375,9329600
2000-06-22,84.375,84.75,82,82.6875,9341200
2000-06-23,83.375,83.75,82.6875,83.125,5749600
2000-06-26,83.25,84.1875,82.75,83.375,6328400
2000-06-27,83.4375,83.625,82.0625,82.0625,8062600
2000-06-28,82.0625,82.625,81.5625,82.0625,7235600
2000-06-29,81.5625,82,81,81.1875,9367800
2000-06-30,80.6875,80.9375,77.6875,78.5,18793400
2000-07-03,78.8125,79.75,78.75,79.5625,7868000
2000-07-05,78.9375,78.9375,76.5625,76.9375,13602000
2000-07-06,77.75,79.375,77.5625,78.1875,9762800
2000-07-07,78.625,79.375,78,78.5,9008400
2000-07-10,78.5,79.1875,78,78.125,6318400
2000-07-11,78.125,80.75,78.125,80.5625,8760000
2000-07-12,80.3125,80.5,78.625,78.625,7526400
2000-07-13,78.5,78.625,77.375,78.4375,7868400
2000-07-14,77.4375,77.875,76.4375,77.5625,9831000
2000-07-17,79.9375,79.9375,77.75,78.0625,10729600
2000-07-18,78.0625,78.9375,77.5,78.1875,12242200
2000-07-19,78.625,79.3125,78.125,78.8125,8597600
2000-07-20,78.5625,79.5,78,78.125,7705400
2000-07-21,78.6875,78.75,76.875,77.0625,8191400
2000-07-24,77,77.3125,75.875,76.1875,8149800
2000-07-25,77,77.5,75.125,75.375,10721800
2000-07-26,76.3125,76.875,75.75,75.875,15956000
2000-07-27,77,80.625,77,80,16570000
2000-07-28,80.0625,80.9375,79.625,80.0625,7943400
2000-07-31,80.0625,81.125,79.1875,80,11533200
2000-08-01,80.9375,81.5625,79.875,79.9375,12340600
2000-08-02,81.4375,83.125,81.25,82.875,16506000
2000-08-03,82.75,83.5625,81,81.4375,9899400
2000-08-04,81.25,82.125,79.9375,81.6875,8020800
2000-08-07,80.875,81.4375,80.6875,80.875,7249000
2000-08-08,80.875,81.1875,80.375,80.8125,6271800
2000-08-09,81.625,82.25,81.0625,81.25,9474200
2000-08-10,81,82.0625,81,81.9375,6992200
2000-08-11,82.4375,82.4375,81.125,81.375,6099200
2000-08-14,82.1875,83,81.5625,82.6875,6539600
2000-08-15,83,83.375,81.3125,81.3125,7101400
2000-08-16,81.6875,82.75,81.625,82.75,7290000
2000-08-17,82.75,84,82.75,83.8125,8116200
2000-08-18,83.1875,83.6875,82.25,82.9375,8101600
2000-08-21,83,83.75,82.75,83.5,5149200
2000-08-22,83.8125,84,83,83.125,6464600
2000-08-23,83.75,84.75,83.75,84.5625,9285600
2000-08-24,83.375,83.375,82.5625,82.9375,10836400
2000-08-25,83,83.6875,82.4375,82.9375,6396000
2000-08-28,82.6875,83.8125,82.5625,82.8125,5846200
2000-08-29,82.8125,83,82.25,82.5,6390400
2000-08-30,82.3125,82.375,81.1875,81.375,7698200
2000-08-31,81.75,82.25,81.375,81.625,7598800
2000-09-01,82,82.875,81.75,82.3125,7986800
2000-09-05,83.125,83.5,82.5625,82.8125,11734600
2000-09-06,83.5625,84.0625,83.4375,83.9375,11774200
2000-09-07,83.5,84.1875,83.5,83.75,7258200
2000-09-08,83.0625,83.5,82.25,83.5,9219600
2000-09-11,83.5,85.5,83.4375,85,14289800
2000-09-12,85.75,86.4375,84.75,85.75,15124200
2000-09-13,85.8125,85.8125,85.25,85.8125,10309000
2000-09-14,85.5625,85.6875,84.8125,85.25,8493800
2000-09-15,86.875,89.875,86.625,89,24839200
2000-09-18,89.125,90.75,89,89.625,17164800
2000-09-19,89.0625,89.25,87.875,88,12223600
2000-09-20,88.1875,89.4375,86.4375,86.6875,16617400
2000-09-21,86.25,86.875,85.5625,86.3125,15915200
2000-09-22,86.3125,86.625,84.875,86.1875,17062400
2000-09-25,85.875,86.0625,84.3125,85.875,16757400
2000-09-26,86,87.8125,86,86.75,11394000
2000-09-27,86.75,89.5,86.6875,89.25,11038600
2000-09-28,89.3125,89.875,88.5625,89.125,17172200
2000-09-29,89.625,89.9375,89.125,89.125,11370600
2000-10-02,89.375,91.6875,89.375,91.4375,12705000
2000-10-03,90.9375,91.625,90.5,90.8125,10045000
2000-10-04,90.1875,90.3125,88.75,89.25,13750600
2000-10-05,88.625,89.75,87.9375,89.1875,11162600
2000-10-06,89.9375,91.3125,89.0625,89.4375,10405600
2000-10-09,89.4375,91.5625,89.25,91.125,10663800
2000-10-10,91.6875,93.8125,91.5,93.3125,14807800
2000-10-11,93.9375,95.4375,93.375,93.75,20725800
2000-10-12,93,94.875,92.9375,94.125,19561000
2000-10-13,93.1875,93.4375,89.5625,90.5,17011600
2000-10-16,90.5,90.5,87.4375,87.8125,13969400
2000-10-17,88.875,89.75,87.3125,87.8125,12933000
2000-10-18,89,89.6875,86.4375,86.5625,12507200
2000-10-19,86.375,88.1875,85.8125,86.5,12546200
2000-10-20,86.3125,88.4375,86.3125,88.4375,10662800
2000-10-23,88.375,89.1875,87.125,89.0625,11157400
2000-10-24,90,90.25,86.5,86.75,12751800
2000-10-25,88.5,88.5,87,87.1875,10830400
2000-10-26,88.1875,88.9375,87.5625,87.75,10378000
2000-10-27,86.5,87.6875,86.25,87.5625,7943400
2000-10-30,87.5625,89.8125,87.5625,89.4375,10710000
2000-10-31,89.4375,89.875,87.5625,89.1875,10070000
2000-11-01,89.9375,92.0625,89.9375,92.0625,14385000
2000-11-02,90.9375,91,88.125,88.1875,14968600
2000-11-03,88,88.9375,87.375,87.5,10272200
2000-11-06,87.75,89.1875,86.8125,88.6875,9351000
2000-11-07,88.9375,90.375,88.625,89,8632600
2000-11-08,89,91.0625,89,90.6875,10074000
2000-11-09,90.875,91.25,88.1875,89.875,10646400
2000-11-10,89.875,90.6875,89.5625,89.5625,7998000
2000-11-13,89.625,91.1875,88.3125,89.9375,9167400
2000-11-14,89.75,90.6875,89.25,89.875,8370600
2000-11-15,90.75,91.375,89.875,90.375,8934800
2000-11-16,90.3125,91.6875,89.9375,90.6875,8971400
2000-11-17,90.6875,91,89.8125,90.3125,9948000
2000-11-20,90.5625,91.9375,90.5625,91.375,7809200
2000-11-21,91.1875,94.375,91.1875,93.125,12768000
2000-11-22,92.5,94.375,92.125,94.25,11543400
2000-11-24,94.0625,94.6875,93.9375,94.4375,5131800
2000-11-27,93.5,94,92.75,93.125,9067200
2000-11-28,92.5625,94.3125,92.3125,93.0625,10078200
2000-11-29,92.1875,92.1875,88.6875,88.9375,16306000
2000-11-30,89.5,90,86.5625,88,14645600
2000-12-01,87.9375,89.4375,87.9375,88.8125,12051800
2000-12-04,88.8125,91,88.75,90.6875,8971400
2000-12-05,90.25,91.375,87.75,88.375,11625600
2000-12-06,87.125,88,85.6875,86.25,17449000
2000-12-07,86.5,89.25,86.5,88,12821800
2000-12-08,88.0625,89.3125,86.8125,88.5,10086000
2000-12-11,88.5625,88.6875,85.625,85.75,14654000
2000-12-12,87.1875,87.375,85.9375,86.5625,11527800
2000-12-13,86.75,88.3125,86.75,87.6875,11973200
2000-12-14,86.75,87.1875,85.125,85.5,14220400
2000-12-15,84.5,86.5,84.125,84.125,25555400
2000-12-18,84.25,86.875,84.0625,86.375,12784200
2000-12-19,86.125,88.5,86.125,87.1875,12678600
2000-12-20,87.25,87.5,85.125,85.1875,11915200
2000-12-21,85,86.75,84.75,84.75,12695400
2000-12-22,84.875,86.9375,84.625,86.8125,8543200
2000-12-26,86.8125,88.8125,86.8125,88.5625,5580600
2000-12-27,88.8125,89.3125,87.1875,87.75,10437800
2000-12-28,87.625,87.75,86.625,86.875,10854600
2000-12-29,87,88,86,86.9375,9564000
2001-01-02,86.6875,89.375,86.5,89.125,13101400
2001-01-03,89.125,89.75,85.25,85.25,20817800
2001-01-04,85.625,85.75,81.9375,82.875,24566800
2001-01-05,82.875,85.0625,82.8125,83.25,18777800
2001-01-08,83.5,84.1875,82.75,82.875,11058800
2001-01-09,82.625,82.625,81.4375,82,11523600
2001-01-10,82.25,82.4375,80.4375,81,20625600
2001-01-11,81.625,82.875,81.375,81.75,10989200
2001-01-12,81.75,83,80.9375,82.8125,11897800
2001-01-16,81.875,82.4375,80.5625,81.8125,15606600
2001-01-17,81.0625,81.4375,79.625,80.25,14723400
2001-01-18,80.5625,80.625,79,79.125,17205000
2001-01-19,78.875,79.875,78.6875,79.4375,20292200
2001-01-22,79.75,80.625,79.25,80.25,13861400
2001-01-23,80.5,81.9375,80.125,81.8125,11131600
2001-01-24,82.25,82.5,81,81.625,12859800
2001-01-25,82.3125,82.8125,82,82.5,13594200
2001-01-26,82.5,82.5625,80.6875,81,11860000
2001-01-29,80.05,81.2,79.69,80.2,10545800
2001-01-30,81.5,82.45,80.2,81.98,9700400
2001-01-31,82.75,84.38,82.75,84.15,17017600
2001-02-01,84.15,84.15,82.8,83.49,9116600
2001-02-02,83.8,84.5,82.9,82.99,10397600
2001-02-05,83.25,85.1,83.25,84.8,10757400
2001-02-06,84.95,84.96,83.6,84.34,10953000
2001-02-07,84.5,85.15,83.81,84.36,11624800
2001-02-08,84.75,85.4,84,84.5,9898800
2001-02-09,84.75,86.65,84.75,85.86,10768000
2001-02-12,85.86,86.25,85.37,85.76,8320200
2001-02-13,84.95,85.35,84.4,84.79,9300800
2001-02-14,83.95,84.95,83.5,83.93,13480200
2001-02-15,83.2,83.4,81.55,82.5,13022400
2001-02-16,83.2,84.74,83,84.02,12511200
2001-02-20,83.6,84.39,82.65,83.8,7720200
2001-02-21,84.8,85.2,83.5,83.52,8662800
2001-02-22,84,84.5,83.5,84.21,9965000
2001-02-23,84,84.21,82.76,83.5,10157800
2001-02-26,82.85,84,82.65,83.8,9690400
2001-02-27,83.9,84.1,81.9,82.3,13944600
2001-02-28,82.5,82.96,80.905,81.05,11581200
2001-03-01,80.8,82.5,80.77,81.4,12507400
2001-03-02,82.7,83.87,82.18,83.21,10093800
2001-03-05,82.95,84.4,82.87,83.85,10030200
2001-03-06,84.1,84.3,83.2,83.6,9572400
2001-03-07,84.1,84.35,83.41,84.21,10331400
2001-03-08,84.21,85.85,84.01,85.85,11167600
2001-03-09,85.6,86.49,85.26,85.99,10905800
2001-03-12,85.99,85.99,83.75,83.76,11102800
2001-03-13,83.2,83.53,82.48,83.3,11603600
2001-03-14,82.3,83,81.95,82.64,11598800
2001-03-15,83.75,83.75,81.45,82.95,13140200
2001-03-16,81.85,82.9,81.68,81.7,21225400
2001-03-19,81.4,82.84,81.25,81.26,11753000
2001-03-20,81.3,82.67,80.61,80.66,11128800
2001-03-21,80.43,81.24,79.58,79.81,11986400
2001-03-22,79.75,80.05,75.2,77.7,18738000
2001-03-23,76.75,77.95,76.51,76.9,17656800
2001-03-26,77.99,78.74,77.79,78.25,14797200
2001-03-27,79.3,81.1,79.07,80.64,14715800
2001-03-28,79.7,80,77.8,78.65,11241600
2001-03-29,77.9,78.7,77.4,78.29,9389000
2001-03-30,79.05,81,79,81,13186600
2001-04-02,81,81.3,79.06,79.6,13300400
2001-04-03,79.3,79.45,77,77.9,14201000
2001-04-04,77.9,79.72,77.83,78.7,11742600
2001-04-05,79.9,80.99,79.3,80.93,11078400
2001-04-06,81,82.1,79.1,82.1,12139400
2001-04-09,82.1,83.04,81.92,82.51,11913800
2001-04-10,83.5,84.49,83,84,12250200
2001-04-11,83.05,83.2,81.6,81.94,14246800
2001-04-12,81.95,82.86,81.51,82,10998400
2001-04-16,82.12,84.58,82.12,84.55,11912600
2001-04-17,83.5,84.79,83.5,84.71,14031000
2001-04-18,84.7,85.41,83.71,85.13,16537800
2001-04-19,84.55,85.2,83.69,84.45,13994000
2001-04-20,84.3,85.39,84.3,85.17,12165800
2001-04-23,85.95,88.03,85.9,88,16205800
2001-04-24,88,89,87.2,87.49,14401800
2001-04-25,88,89.83,87.7,89.09,15461200
2001-04-26,89.3,89.55,88.55,88.85,13923000
2001-04-27,89.1,89.26,88.2,89.06,10253600
2001-04-30,88.9,89.88,88.55,88.6,15066600
2001-05-01,88.8,89.04,88.15,88.8,9711600
2001-05-02,87.65,87.66,86.26,86.5,16951600
2001-05-03,86.5,86.8,85.45,86.1,13183800
2001-05-04,86.11,87.79,86.11,87.55,9690000
2001-05-07,87.55,88.82,87.25,88.19,10084200
2001-05-08,88.1,89.15,87.6,88.74,11055000
2001-05-09,89.1,89.75,88.89,89.72,10886200
2001-05-10,89.3,89.38,88.03,88.1,10117200
2001-05-11,88.1,88.1,86.65,87.64,8956400
2001-05-14,88.2,89.44,88.1,89.06,9779400
2001-05-15,89.06,89.54,88.65,89.45,9016800
2001-05-16,89.45,90,89.04,89.5,16337000
2001-05-17,89.15,89.16,88.27,88.73,11597600
2001-05-18,88.95,90.25,88.8,90.2,14289200
2001-05-21,90.45,90.65,88.72,88.75,12277800
2001-05-22,88.8,89.02,88.48,88.81,11800600
2001-05-23,88.81,88.81,86.98,87.27,12371000
2001-05-24,87.85,88.16,87.3,87.93,8676800
2001-05-25,87.73,88.68,87.71,88.1,9276600
2001-05-29,88.9,89.22,87.8,87.8,12247200
2001-05-30,88.4,90,87.99,88.87,16315800
2001-05-31,88.3,89.34,88.3,88.75,11855800
2001-06-01,89,89.1,88.17,88.95,7832400
2001-06-04,89.8,90.85,89.71,90.83,9830600
2001-06-05,90.83,91.67,89.83,91.55,12484800
2001-06-06,90.55,90.75,89.22,89.4,15883800
2001-06-07,89.65,89.98,88.95,89.18,12797400
2001-06-08,89,89.52,88.39,89.39,8796400
2001-06-11,89.5,90.5,89.3,89.7,10153000
2001-06-12,90.48,90.48,89.41,90.12,10999400
2001-06-13,90.37,90.72,89.5,89.98,8818600
2001-06-14,89,89.8,88.55,88.85,9028000
2001-06-15,88.8,90.28,88.75,88.9,22961200
2001-06-18,89.22,89.22,88.32,88.5,9187600
2001-06-19,88.75,88.88,88.05,88.37,8818200
2001-06-20,87.9,89.15,87.7,87.73,12691800
2001-06-21,87.7,88.41,86.71,88.41,14991800
2001-06-22,88.5,89.02,87.85,88.91,11417800
2001-06-25,88.02,89.13,88.02,88.52,10308200
2001-06-26,88.4,89,88.38,88.56,10318400
2001-06-27,88.05,88.15,87.21,87.22,11581600
2001-06-28,86.35,87.03,86.16,86.82,15586800
2001-06-29,86.82,87.91,86.55,87.35,15372000
2001-07-02,88.25,88.8,87.45,87.7,11476600
2001-07-03,87.65,87.65,86.86,87.34,6655000
2001-07-05,87.5,88.19,86.86,87,10128400
2001-07-06,87.6,87.8,86.3,86.8,9679600
2001-07-09,87.05,87.05,86.18,86.72,9224600
2001-07-10,86.5,86.63,85.75,85.76,10404600
2001-07-11,85.5,85.76,84.05,84.95,13726800
2001-07-12,84.15,85.92,84.1,85.45,9646600
2001-07-13,85.45,86.98,85.33,85.98,9137200
2001-07-16,86.15,86.99,85.56,85.99,9728200
2001-07-17,86.22,86.59,84.95,85.3,11735400
2001-07-18,84.5,84.75,83.45,84.25,18791200
2001-07-19,43.2,43.55,42.6,43.08,11467400
2001-07-20,43.15,43.6,43.15,43.36,11197100
2001-07-23,43.5,43.72,42.15,42.5,9599700
2001-07-24,42.48,42.48,40.52,40.97,14718900
2001-07-25,41.4,42.4,41.15,42.13,11586000
2001-07-26,41.3,42.75,41.29,42.72,10422700
2001-07-27,42.55,42.95,41.86,42.73,8373800
2001-07-30,42.4,42.7,42.16,42.41,6948900
2001-07-31,42.2,42.89,41.75,41.76,11069300
2001-08-01,42.45,42.49,41.51,41.6,8070600
2001-08-02,41.52,41.9,41.39,41.73,8630400
2001-08-03,41.9,41.92,40.8,41.26,8845300
2001-08-06,41.26,41.35,40.73,40.85,8385200
2001-08-07,41,41.4,40.88,41.38,8982400
2001-08-08,41.75,41.95,40.99,41.25,9474300
2001-08-09,40.8,41.24,40.6,40.95,8303300
2001-08-10,41.3,41.8,40.75,41.35,8975300
2001-08-13,41.4,41.79,41.26,41.4,6982100
2001-08-14,41.46,41.7,40.82,41.15,8049700
2001-08-15,41.5,41.85,41,41.5,9303000
2001-08-16,41.35,41.64,40.86,41.29,7555000
2001-08-17,41.29,41.29,40.18,40.47,8613200
2001-08-20,40.42,40.87,40.35,40.75,9572000
2001-08-21,40.85,41,40.05,40.39,7801500
2001-08-22,40.85,41.25,40.62,40.71,9659400
2001-08-23,40.51,41.24,40.51,40.89,7192000
2001-08-24,41.14,41.7,40.72,41.7,6687200
2001-08-27,41.7,41.77,41,41.05,6147100
2001-08-28,41.1,41.23,40.5,40.51,6595400
2001-08-29,40.97,41.17,40.38,40.38,8119800
2001-08-30,40.79,41.26,40.15,40.15,10675800
2001-08-31,40.47,40.89,40.11,40.15,7608200
2001-09-04,40.6,41.35,40.51,40.75,9245400
2001-09-05,40.85,41.3,40.1,41.22,9563600
2001-09-06,41.19,41.5,40.6,40.9,10297800
2001-09-07,40.48,41.29,40.35,40.9,10107800
2001-09-10,40.7,41.35,40.4,41.24,10776100
2001-09-17,41.24,41.45,39.77,40.15,16657301
2001-09-18,40.15,40.25,39.02,39.48,10088000
2001-09-19,39.48,39.49,36.13,38.41,15398700
2001-09-20,37.45,37.75,36.8,37.02,12957600
2001-09-21,35.5,37.05,35.01,35.83,21352100
2001-09-24,36,36.85,35.4,35.86,14025500
2001-09-25,35.61,36.3,35.25,36.28,15554800
2001-09-26,36.75,36.95,35.78,36.01,11499000
2001-09-27,36.7,38.55,36.5,38.42,13313100
2001-09-28,39.5,39.6,38.9,39.4,14064200
2001-10-01,39.25,39.75,38.05,39.09,10035100
2001-10-02,39.08,39.99,38.6,39.99,10912800
2001-10-03,39.6,40.05,39,39.84,12928300
2001-10-04,39.7,41.29,39.66,40.58,12016600
2001-10-05,41.15,41.29,39.96,40.69,11441200
2001-10-08,40.39,41.26,40.02,40.94,8799500
2001-10-09,41.2,41.25,40.38,41.06,7209300
2001-10-10,41.06,42.49,40.9,42.28,10453600
2001-10-11,42.28,42.7,41.77,42.09,10756100
2001-10-12,42.09,42.54,41.51,42.29,11409600
2001-10-15,41.95,42.19,41.41,41.65,6662000
2001-10-16,41.66,42,41.32,41.75,6859800
2001-10-17,41.8,42.35,41.42,41.44,8573900
2001-10-18,40.8,41.26,40.16,40.4,9572700
2001-10-19,40.29,40.9,39.61,40.54,11638600
2001-10-22,40.49,41.34,40.2,41.12,7327100
2001-10-23,40.68,41.52,40.46,40.87,9007100
2001-10-24,40.5,40.54,39.78,39.86,12944900
2001-10-25,39.3,40.59,39.3,40.56,10624700
2001-10-26,40.4,41.2,40.3,41.06,7607600
2001-10-29,40.63,40.99,40.48,40.68,7502300
2001-10-30,39.75,40.07,39.27,39.46,10704400
2001-10-31,39.46,40.39,39.35,39.45,10031100
2001-11-01,39.45,40.53,39.05,40.49,9657600
2001-11-02,39.8,39.93,39.37,39.76,6733400
2001-11-05,40,40.09,39,39.39,11008000
2001-11-06,38.85,39.49,38.26,39.47,11956600
2001-11-07,39,39.53,38.65,39.08,10909200
2001-11-08,39.28,39.64,39.15,39.5,10376400
2001-11-09,39.9,40.4,39.81,40.25,7886400
2001-11-12,39.4,40.2188,39.4,40.06,6826800
2001-11-13,40.02,40.58,39.9,40.5,8589200
2001-11-14,39.9,40.34,38.42,38.7,17174900
2001-11-15,38.1,38.11,36.79,37.19,23268100
2001-11-16,37.31,37.61,36.93,37.54,19030100
2001-11-19,37.4,37.5,36.76,37.01,14306600
2001-11-20,37.97,38.44,37.6,37.96,14734800
2001-11-21,38.3,38.7,37.8,37.88,8165400
2001-11-23,37.75,38.65,37.41,38.44,4286300
2001-11-26,38.05,38.25,37.35,37.77,9741300
2001-11-27,37.52,37.93,37,37.35,17340600
2001-11-28,37.15,37.43,36.81,37.1,9618000
2001-11-29,37.35,37.69,37.11,37.45,8728000
2001-11-30,37.63,37.7,37.19,37.4,11246000
2001-12-03,37.4,38.2,37.04,37.66,14895900
2001-12-04,38,38.37,37.6,38.31,10647200
2001-12-05,38.85,38.95,38.5,38.88,16500301
2001-12-06,38.75,38.75,37.3,37.33,15664100
2001-12-07,37.5,38.25,37.3,38.07,9898200
2001-12-10,38.07,38.09,37.51,37.55,9827200
2001-12-11,37.67,38.05,36.75,36.81,12167800
2001-12-12,37.15,37.54,36.91,37.42,10129100
2001-12-13,37.6,37.6,36.41,36.44,15932100
2001-12-14,36.64,37.2,36.52,36.86,11362400
2001-12-17,36.8,37.52,36.54,37.47,12423600
2001-12-18,37.58,37.75,37.41,37.55,10264500
2001-12-19,37.55,38.5,37.41,38.35,13298900
2001-12-20,38.55,38.76,38.14,38.3,12066500
2001-12-21,38.6,39.47,38.5,38.5,25325301
2001-12-24,38.85,39.45,38.82,39,4913800
2001-12-26,39.15,40.3,39.12,39.6,9961800
2001-12-27,39.61,40.14,39.45,39.79,7395400
2001-12-28,39.95,40.1,39.66,39.78,8007800
2001-12-31,39.88,40,39.16,39.3,8765500
2002-01-02,39.3,39.6,38.9,39.6,11261900
2002-01-03,39.85,39.98,39.41,39.66,10128200
2002-01-04,39.7,40.07,39.6,40,8052100
2002-01-07,39.75,40.09,39.49,39.65,9945700
2002-01-08,39.9,39.99,39.5,39.7,8278000
2002-01-09,39.6,39.97,39.1,39.24,10036700
2002-01-10,39.24,39.77,39.06,39.39,7847500
2002-01-11,39.39,39.6,38.45,38.5,9459000
2002-01-14,38.6,39.2,38.5,38.64,10142900
2002-01-15,38.89,39.55,38.88,39.3,9411600
2002-01-16,39,39.01,38.46,38.5,8913000
2002-01-17,38.62,39.03,38.6,38.64,7479600
2002-01-18,38.64,38.85,38.28,38.4,10301800
2002-01-22,38.85,39.5,38.01,38.02,7158800
2002-01-23,38.5,39.17,38.5,38.9,9892700
2002-01-24,38.6,38.99,38.51,38.8,10113800
2002-01-25,38.98,39.64,38.7,39.16,8514600
2002-01-28,39.45,39.87,38.71,38.96,8097600
2002-01-29,38.5,38.9,37.95,37.95,11849500
2002-01-30,37.95,38.73,37.8,38.69,11733300
2002-01-31,38.51,39.05,38.3,39.05,11115000
2002-02-01,39.15,39.2,38.8,39,9518300
2002-02-04,39.1,39.2,38.26,38.35,10086100
2002-02-05,38.6,38.9,37.85,38.33,10948500
2002-02-06,38.34,38.98,38.13,38.92,10385700
2002-02-07,38.69,38.99,38.21,38.3,9027100
2002-02-08,38.05,38.36,37.99,38.29,8731100
2002-02-11,38.29,38.91,37.96,38.5,8757900
2002-02-12,38.68,38.74,37.6,38.4,7334000
2002-02-13,38.5,38.67,38.12,38.64,10065900
2002-02-14,38.98,39.4,38.67,39,10109600
2002-02-15,39.18,39.4,38.9,38.9,10500400
2002-02-19,38.9,39.44,38.72,38.77,9863600
2002-02-20,38.88,38.99,38.45,38.99,7279900
2002-02-21,39.45,39.74,39.06,39.15,12280800
2002-02-22,39.4,40.96,39.05,40.72,17838900
2002-02-25,40.85,41.15,40.62,41,11503400
2002-02-26,41,41.11,40.6,40.72,10048000
2002-02-27,40.92,41.54,40.58,40.92,13939600
2002-02-28,41.4,41.8,41.25,41.3,12889700
2002-03-01,41.75,42,41.65,42,12683700
2002-03-04,42.15,42.7,42.11,42.65,11899900
2002-03-05,42.5,42.9,42.191,42.5,10761600
2002-03-06,42.55,43.48,42.38,43.21,14752500
2002-03-07,43.35,43.35,42.6,42.89,11770000
2002-03-08,43.5,43.52,42.67,42.91,10804100
2002-03-11,43.25,43.78,43.18,43.49,12173400
2002-03-12,43.59,44,43.46,44,12907500
2002-03-13,43.95,44.09,42.95,43.12,14394400
2002-03-14,43.44,43.45,43.01,43.24,8734500
2002-03-15,43.5,43.98,43.31,43.61,16069300
2002-03-18,43.75,43.99,43.34,43.74,8596900
2002-03-19,43.98,43.98,43.52,43.8,8110200
2002-03-20,43.64,43.67,43.33,43.53,8208600
2002-03-21,43.67,43.69,43.2,43.53,8108200
2002-03-22,43.5,43.66,43.12,43.47,9326700
2002-03-25,43.22,43.31,42.84,42.85,9524500
2002-03-26,42.95,43.75,42.95,43.74,11367900
2002-03-27,43.58,44.15,43.58,43.95,11202200
2002-03-28,44.05,44.29,43.71,43.83,9657600
2002-04-01,44.2,44.32,43.8,43.83,8932900
2002-04-02,43.9,44.579,43.87,44.38,8986700
2002-04-03,44.38,44.4,43.4,43.69,12815300
2002-04-04,44.1,44.1,42.95,43.15,13766200
2002-04-05,43.1,43.97,42.25,42.63,11357400
2002-04-08,43.35,43.69,43.03,43.24,9313100
2002-04-09,42.7,42.91,42.47,42.72,9255600
2002-04-10,42.5,43.18,42.5,43.18,10407300
2002-04-11,43.13,43.14,42.34,42.4,8656400
2002-04-12,41.95,42.1,41.25,41.3,13028800
2002-04-15,42.1,42.3,41.6,41.6,11332300
2002-04-16,41.99,42.5,41.9,42.28,10538700
2002-04-17,42.48,42.74,41.92,42.22,9391500
2002-04-18,42.52,42.75,42.05,42.46,9623300
2002-04-19,42.46,42.65,42.06,42.52,8621100
2002-04-22,42.45,42.5,41.64,41.85,8650900
2002-04-23,40.5,41.56,40.42,41.35,19170900
2002-04-24,41.05,41.17,40.2,40.3,13086200
2002-04-25,40.1,40.75,40.01,40.54,11666000
2002-04-26,40.6,40.71,39.8,40,10046600
2002-04-29,40,40.36,39.6,39.7,10034600
2002-04-30,40,40.7,39.89,40.17,12714700
2002-05-01,39.9,40.69,39.69,40.69,9875800
2002-05-02,40.59,40.85,40.31,40.8,9258500
2002-05-03,40.95,41.13,40.21,40.59,11052000
2002-05-06,40.12,40.17,39.12,39.25,9591800
2002-05-07,39.49,39.54,39.03,39.1,8866500
2002-05-08,38.85,40.15,38.85,40.01,12585200
2002-05-09,39.75,39.85,39.25,39.36,8352500
2002-05-10,39.8,39.8,38.75,38.96,9037300
2002-05-13,38.82,40.1,38.68,40.01,8910800
2002-05-14,40.47,40.78,40.07,40.58,9783500
2002-05-15,40,40.25,39.51,39.71,9883100
2002-05-16,39.95,40.38,39.94,40.27,7911800
2002-05-17,40.28,40.37,39.74,40.2,9978700
2002-05-20,39.95,40,39.5,39.59,8056800
2002-05-21,39.79,40.22,39.73,39.77,9555500
2002-05-22,40.02,40.59,39.84,40.43,8328500
2002-05-23,40.75,41.03,40.3,40.9,11026700
2002-05-24,41,41.1,40.01,40.23,7821300
2002-05-28,40,40.1,39.55,39.84,8668600
2002-05-29,39.7,40.42,39.51,40.3,9989900
2002-05-30,39.85,40.3,39.12,39.35,13837500
2002-05-31,39.6,40.44,39.58,39.93,12150200
2002-06-03,40,40.17,38.99,39.08,10263900
2002-06-04,39.07,39.64,38.74,39.23,10072600
2002-06-05,38.98,39.7,38.71,39.56,12714700
2002-06-06,39.98,40.17,38.91,39.15,10671400
2002-06-07,39.15,39.8,39.11,39.42,10863500
2002-06-10,39.42,39.55,38.96,39.13,7657000
2002-06-11,39.73,39.74,38.93,39.03,10123900
2002-06-12,39.2,39.95,39.14,39.7,11070400
2002-06-13,39.35,39.9,39.22,39.36,9612100
2002-06-14,39.3,39.35,38.5,39.15,10659300
2002-06-17,39.45,40.2,39.35,40.03,10600800
2002-06-18,40,40.17,39.69,39.93,8531000
2002-06-19,39.95,40.07,38.99,39.37,8469900
2002-06-20,39.41,40.08,39.41,39.74,12189700
2002-06-21,39,39.98,39,39.25,24886600
2002-06-24,39.25,40.12,39.25,40,13250200
2002-06-25,40.25,40.58,39.34,39.6,13526300
2002-06-26,39.6,39.8,38.9,39.45,14191000
2002-06-27,39.74,40.25,39.3,40.25,11142300
2002-06-28,40.1,41.02,40.07,40.92,13780900
2002-07-01,40.77,41.1,40.48,40.65,10505200
2002-07-02,40.8,40.85,39.8,40.16,11871500
2002-07-03,40.15,40.37,39.62,39.91,10466200
2002-07-05,39.95,40.52,39.79,40.52,5859600
2002-07-08,40.35,40.64,40.16,40.36,9932500
2002-07-09,40.35,40.53,39.7,39.8,10620500
2002-07-10,40.25,40.27,37.7,38.23,17564900
2002-07-11,38.23,38.5,37.06,37.1,20845000
2002-07-12,37.26,37.45,36.15,36.53,16169400
2002-07-15,36.1,36.3,33.87,35.75,23645400
2002-07-16,35.01,35.94,34.52,35.2,19690100
2002-07-17,35.9,36.39,35.3,35.61,16858000
2002-07-18,35.76,36.39,34.5,34.75,15296800
2002-07-19,33.65,34.49,31.7,32.4,27637000
2002-07-22,32.4,32.7,29.75,30.27,36081000
2002-07-23,30.7,31.25,29.99,30.92,33082699
2002-07-24,30.9,34.15,30.5,33.93,39491199
2002-07-25,33.94,34.7,33.091,33.9,26839400
2002-07-26,34,35.2,33.75,35.09,15832500
2002-07-29,35.9,36.449,35.34,36.33,16119300
2002-07-30,36.37,36.37,35.2,35.67,17287600
2002-07-31,35.52,36.88,35.25,36.76,18178801
2002-08-01,35.25,35.79,33.51,33.65,21654000
2002-08-02,33.85,34.25,32.8,33.61,16048500
2002-08-05,33.65,34.24,32.32,32.5,12727000
2002-08-06,33.15,34.25,33.07,33.4,13247400
2002-08-07,33.75,34.4,33.001,34.3,13860900
2002-08-08,34.31,36.01,34.1,36,15591000
2002-08-09,35.77,36.3,34.95,36.1,12980800
2002-08-12,35.27,35.95,35.1,35.73,9438800
2002-08-13,35.1,35.9,34.8,34.84,9540400
2002-08-14,35.4,36.5,34.91,36.39,11688300
2002-08-15,36.8,37.37,36.58,37.14,11510300
2002-08-16,37.09,37.23,36.51,36.85,11337900
2002-08-19,36.55,37.28,36.45,37.16,9356000
2002-08-20,36.91,37.06,35.61,36.18,11069700
2002-08-21,36.28,36.62,35.8,36.44,11093700
2002-08-22,36.44,37.24,36.341,37.03,9142900
2002-08-23,36.8,36.85,35.86,36.15,7933400
2002-08-26,36.2,36.92,35.95,36.67,7253700
2002-08-27,37.45,37.8,36.44,36.9,12466500
2002-08-28,36.35,36.64,35.32,35.62,9397500
2002-08-29,35.02,35.4,34.65,35.39,9310000
2002-08-30,34.75,36.2,34.75,35.45,9368500
2002-09-03,34.25,34.7,33.41,33.62,14570900
2002-09-04,33.62,34.04,32.518,33.82,13640600
2002-09-05,33.06,34.1,32.95,33.77,11370000
2002-09-06,34.71,34.91,33.98,34.31,10377600
2002-09-09,34.25,34.5,33.65,34,9958300
2002-09-10,34.39,34.85,34.18,34.79,8178000
2002-09-11,35,35.8,34.47,34.6,7353100
2002-09-12,34.43,34.43,33.5,33.59,9551500
2002-09-13,33.59,34.25,32.8,34.08,9357400
2002-09-16,33.83,34.47,33.7,34.4,7673700
2002-09-17,34.4,34.4,32.97,33.07,12224900
2002-09-18,33,33.879,32.76,33.2,10012900
2002-09-19,32.56,33.28,32.22,32.36,10140000
2002-09-20,32.59,33.08,32.5,32.87,21231699
2002-09-23,32.62,33.26,32.49,32.72,10427600
2002-09-24,32.5,32.57,31.8,31.95,13700900
2002-09-25,32.88,32.94,31.7,32.61,12000200
2002-09-26,33.35,34.3,32.5,34.15,13715800
2002-09-27,33.9,34.261,32.79,32.82,12682200
2002-09-30,32.82,32.82,31.18,31.9,19363000
2002-10-01,32.18,33.92,32.03,33.92,16791900
2002-10-02,33.1,34.52,32.25,32.65,19597199
2002-10-03,32.85,33.79,32.65,33.18,18252100
2002-10-04,33.4,33.79,32.68,33.06,15938100
2002-10-07,33,34.4,33,33.19,13892400
2002-10-08,33.7,33.7,32.42,32.7,17219699
2002-10-09,32.1,33.5,32.07,32.83,17744199
2002-10-10,33.08,33.83,32.53,33.79,16141900
2002-10-11,34.01,34.74,33.68,34.54,11921300
2002-10-14,34.5,34.99,34.23,34.93,8033300
2002-10-15,35.25,36.32,35.2,36.3,18042600
2002-10-16,36.3,36.44,35.48,35.53,13574500
2002-10-17,36.35,36.5,35.75,36.3,10699300
2002-10-18,36.05,36.5,35.6,36,12216500
2002-10-21,35.75,36.3,35.5,36,10415600
2002-10-22,36.01,36.01,34.46,35.18,13367700
2002-10-23,34.65,35.24,33.97,35.13,12352100
2002-10-24,35.5,35.56,34.32,34.67,9770200
2002-10-25,34.2,35.15,34.14,35.11,11128500
2002-10-28,34.86,35.14,34.22,34.64,8998200
2002-10-29,33.5,34.11,32.57,33.23,15179700
2002-10-30,33.45,34.19,33.3,34.08,14985100
2002-10-31,34.32,35.24,33.11,33.66,19459100
2002-11-01,33.8,34.84,33.72,34.66,12021700
2002-11-04,34.5,34.75,34.02,34.26,12400600
2002-11-05,34.51,35.85,34.3,35.58,13838300
2002-11-06,35.35,35.48,34.201,35.11,13006800
2002-11-07,34.95,35.1,34.01,34.48,10042800
2002-11-08,34.7,34.8,34.41,34.61,9743200
2002-11-11,34.65,34.84,33.6,33.87,8758800
2002-11-12,34.25,34.59,33.78,34.04,10448700
2002-11-13,34.15,34.37,33,33.4,12262900
2002-11-14,33.95,34.85,33.83,34.5,13057100
2002-11-15,34.25,34.99,34.22,34.85,11186000
2002-11-18,35.01,35.28,34.53,34.97,8947500
2002-11-19,35,35.48,34.86,35.2,9911900
2002-11-20,34.9,35.4,34.85,35.24,10245800
2002-11-21,35.38,35.4,34.6,34.86,12584600
2002-11-22,34.81,34.842,34.05,34.22,14077300
2002-11-25,34.1,34.74,33.92,34.6,9496300
2002-11-26,34.1,34.37,33.82,33.96,11797400
2002-11-27,34.55,35.03,34.25,34.96,10478900
2002-11-29,34.98,34.98,34.63,34.8,5214100
2002-12-02,35.15,35.4,34.1,34.58,11803800
2002-12-03,34.3,35.07,34.3,34.9,12990700
2002-12-04,34.91,35.17,34.17,34.77,13525600
2002-12-05,34.77,34.9,34.41,34.77,11590900
2002-12-06,34.4,35.15,34.34,35.15,12631000
2002-12-09,35.15,35.35,34.39,34.51,12036000
2002-12-10,34.3,35.08,34.25,35.04,9500900
2002-12-11,35.15,35.38,34.65,35.02,9995700
2002-12-12,35,35.07,34.66,34.88,9573800
2002-12-13,34.63,35.54,34.52,35.04,15616600
2002-12-16,35.4,36.06,35.3,35.86,13515400
2002-12-17,35.9,36.05,35.2,35.52,11312400
2002-12-18,35.38,35.64,35.01,35.54,12545400
2002-12-19,35.15,35.58,34.91,35.15,11564100
2002-12-20,35.65,35.8,35.12,35.7,20703500
2002-12-23,36.05,36.22,35.65,35.75,10108900
2002-12-24,35.75,35.9,35.4,35.42,4196900
2002-12-26,35.62,35.96,35.21,35.32,7451900
2002-12-27,35.35,35.52,34.6,34.64,10271000
2002-12-30,34.88,35.1,34.72,34.75,13381100
2002-12-31,34.74,35,34.21,34.94,11604300
2003-01-02,35,35.55,34.97,35.47,12798800
2003-01-03,35.25,35.63,35.2,35.5,9221900
2003-01-06,35.45,36.6,35.41,36.38,11925100
2003-01-07,36.05,36.06,35.14,35.15,14607500
2003-01-08,35.15,35.19,34.81,35,12677600
2003-01-09,35.1,35.85,35.1,35.74,11459700
2003-01-10,35.35,35.7,35.1,35.24,11127300
2003-01-13,35.19,35.36,34.88,35.1,10181400
2003-01-14,34.98,35.45,34.85,35.42,9594700
2003-01-15,35.4,35.41,34.75,34.93,11802500
2003-01-16,35.18,35.44,34.89,35.09,10829300
2003-01-17,35.09,35.0901,34.7,34.72,10826900
2003-01-21,34.41,34.55,33.9,33.92,12170300
2003-01-22,33.76,34.1,33.39,33.49,15991200
2003-01-23,33.35,33.63,33.21,33.41,10857800
2003-01-24,33.2,33.32,32.4,32.69,12763400
2003-01-27,32.5,32.85,31.58,31.82,14653000
2003-01-28,32.25,32.94,32.05,32.66,15268600
2003-01-29,33.45,34.25,32.96,33.85,17058100
2003-01-30,34.43,34.44,33.19,33.23,16315000
2003-01-31,33.23,34.36,32.99,34.15,16386900
2003-02-03,34.16,34.67,34.03,34.63,12186900
2003-02-04,34.5,34.78,33.85,34.63,12807600
2003-02-05,34.98,35.095,33.95,34.13,12156500
2003-02-06,33.7,33.77,33.17,33.61,11956900
2003-02-07,33.85,33.9,33.06,33.35,9300500
2003-02-10,33.55,33.74,33.16,33.61,10395000
2003-02-11,33.85,33.86,33.01,33.37,9984300
2003-02-12,33.37,33.45,32.69,32.7,9622000
2003-02-13,32.7,33.33,32.32,33.13,11359900
2003-02-14,33.05,33.49,32.6,33.44,12266700
2003-02-18,33.7,34.09,33.36,33.75,12118700
2003-02-19,33.76,33.93,33.47,33.78,9366600
2003-02-20,34,34.14,33.45,33.63,9317900
2003-02-21,33.95,34.28,33.539,34.18,13732100
2003-02-24,33.93,34.4,33.82,34,12191800
2003-02-25,33.65,34.19,33.54,34.14,13866500
2003-02-26,33.91,34.14,33.63,33.84,12328300
2003-02-27,33.94,34.3,33.81,33.98,12705200
2003-02-28,34.15,34.43,33.92,34.02,12846100
2003-03-03,34.39,34.73,34.2,34.46,12094000
2003-03-04,34.7,34.74,34.17,34.23,10454700
2003-03-05,34.23,34.92,34.22,34.92,12192000
2003-03-06,34.75,34.86,34.41,34.56,12140800
2003-03-07,34.1,34.88,34.08,34.79,13199300
2003-03-10,34.79,34.88,34.35,34.35,11639200
2003-03-11,34.75,34.94,34.55,34.57,13086900
2003-03-12,33.9,34.57,33.23,34.06,18850500
2003-03-13,34.38,34.64,33.92,34.49,13468400
2003-03-14,34.55,34.8,34.04,34.39,15109200
2003-03-17,34.45,35.25,34.32,35.05,17120900
2003-03-18,34.98,35.25,34.62,35.25,12787500
2003-03-19,35.3,35.73,35.21,35.59,12058800
2003-03-20,35.37,35.89,35.26,35.59,12171300
2003-03-21,36,36.01,35.57,36,14988900
2003-03-24,35.95,36.01,35.3,35.31,12115300
2003-03-25,35.65,36.15,35.55,35.67,11215800
2003-03-26,35.75,36.12,35.73,35.86,13101600
2003-03-27,35.7,36.15,35.52,35.92,10586700
2003-03-28,35.62,36.2,35.62,36.03,8197300
2003-03-31,35.45,35.65,34.87,34.95,14409600
2003-04-01,35.25,35.85,35.13,35.65,11611000
2003-04-02,35.95,35.99,35.61,35.7,9436800
2003-04-03,35.71,35.84,34.94,35.05,12937400
2003-04-04,35.26,35.57,35.2,35.52,10388500
2003-04-07,35.98,36,35,35.05,11947700
2003-04-08,35,35.08,34.45,34.58,12540700
2003-04-09,34.9,35.21,34.4,34.47,11925300
2003-04-10,34.49,34.8,34.32,34.68,8725400
2003-04-11,34.6,34.9,34.2,34.33,9260300
2003-04-14,34.26,34.91,34.26,34.87,8236100
2003-04-15,34.89,35.1,34.61,35.05,8858200
2003-04-16,35.17,35.17,34.48,34.69,9624700
2003-04-17,34.47,35.06,34.47,35.03,9032300
2003-04-21,35.1,35.16,34.7,34.87,8200400
2003-04-22,34.69,35.57,34.5,35.42,11603000
2003-04-23,35.17,35.34,34.81,35.34,12681600
2003-04-24,35.05,35.33,34.9,35.13,8995500
2003-04-25,35,35.01,34.5,34.79,11468800
2003-04-28,34.88,35.6,34.82,35.41,11482100
2003-04-29,35.25,35.4,34.7,34.83,11423900
2003-04-30,34.72,35.3,34.69,35.2,15468000
2003-05-01,35.32,35.77,34.99,35.48,13477500
2003-05-02,35.48,36.09,35.48,36.04,12745600
2003-05-05,36.15,36.21,35.4,35.45,12596800
2003-05-06,35.48,35.67,35.06,35.2,14761700
2003-05-07,35.21,35.6,35.11,35.41,9740600
2003-05-08,35.2,35.71,35.13,35.34,9054400
2003-05-09,35.33,35.56,35.17,35.47,8604500
2003-05-12,35.37,35.6,35.211,35.55,12257700
2003-05-13,35.59,35.66,35.32,35.53,11042300
2003-05-14,35.57,35.63,35.12,35.21,10511500
2003-05-15,35.32,35.44,35.08,35.29,8949800
2003-05-16,35.3,35.564,35.23,35.45,11237700
2003-05-19,35.17,35.3,35.02,35.04,9147100
2003-05-20,35.19,35.49,35.12,35.32,10327700
2003-05-21,35.32,35.83,35.08,35.79,14260600
2003-05-22,35.64,35.97,35.59,35.95,12449800
2003-05-23,35.85,36.31,35.72,35.98,9478100
2003-05-27,35.8,36.77,35.75,36.71,15413200
2003-05-28,36.51,36.69,36.2,36.45,11783600
2003-05-29,36.45,36.58,35.82,35.97,10929900
2003-05-30,35.97,36.48,35.95,36.4,13011000
2003-06-02,36.53,36.75,36.36,36.58,11443600
2003-06-03,36.73,36.98,36.55,36.98,11544900
2003-06-04,36.97,37.47,36.88,37.4,12381100
2003-06-05,37.3,37.3,36.78,37.16,10916000
2003-06-06,37.29,37.71,37.15,37.34,12195500
2003-06-09,37.26,37.6,37.21,37.46,8044200
2003-06-10,37.6,37.64,37.23,37.54,9069100
2003-06-11,37.75,38.2,37.71,38.2,12358100
2003-06-12,38.2,38.45,37.87,38.2,10618400
2003-06-13,38.19,38.25,37.45,37.93,9909500
2003-06-16,37.93,38.31,37.73,38.31,11095400
2003-06-17,38.31,38.31,37.56,37.67,13476300
2003-06-18,37.67,37.72,37.05,37.34,12838200
2003-06-19,37.3,37.3,36.85,36.88,11749900
2003-06-20,36.98,37.2,36.79,36.89,20511500
2003-06-23,36.83,36.99,36.65,36.94,9594900
2003-06-24,36.94,37,36.75,36.9,13179500
2003-06-25,36.84,37.22,36.6,36.66,11597000
2003-06-26,36.45,36.8,36.31,36.7,9045000
2003-06-27,36.63,36.77,36.21,36.37,8980400
2003-06-30,36.43,36.61,35.91,35.91,19079801
2003-07-01,35.95,36.3,35.55,36.18,12560800
2003-07-02,36.03,36.29,35.86,36.28,11316000
2003-07-03,36.1,36.25,35.802,36.06,6905200
2003-07-07,36.1,36.4,36,36.05,11012900
2003-07-08,35.85,36.01,35.51,35.65,11212300
2003-07-09,35.65,35.95,35.31,35.86,14859400
2003-07-10,35.86,35.86,35.49,35.5,13235700
2003-07-11,35.32,35.79,35.32,35.6,9435400
2003-07-14,35.62,35.85,35.25,35.3,12027200
2003-07-15,35.4,35.4,34.94,35.19,12376900
2003-07-16,35.27,35.45,34.91,34.92,13334600
2003-07-17,34.92,35.327,34.9,35.2,12990300
2003-07-18,35.5,35.89,35.17,35.88,13316700
2003-07-21,35.8,35.8438,35.28,35.38,9359000
2003-07-22,35.41,35.9,35.26,35.72,9317400
2003-07-23,35.72,35.77,35.3,35.67,8493600
2003-07-24,35.74,35.93,35.21,35.25,10877900
2003-07-25,35.25,35.79,35.17,35.76,10994400
2003-07-28,35.7,35.98,35.58,35.75,14999300
2003-07-29,35.75,35.81,35.32,35.43,13626400
2003-07-30,35.68,35.74,35.32,35.32,11487200
2003-07-31,35.87,36.18,35.46,35.58,17035699
2003-08-01,35.57,35.58,35.21,35.33,13680500
2003-08-04,35.5,35.74,35.12,35.61,12785000
2003-08-05,35.7,35.84,35.31,35.35,11673200
2003-08-06,35.4,35.94,35.25,35.75,13184200
2003-08-07,35.61,36.35,35.61,36.25,14124800
2003-08-08,36.35,36.61,36.35,36.52,13457700
2003-08-11,36.5,36.78,35.58,36.52,9115700
2003-08-12,36.75,36.75,36.35,36.71,8645100
2003-08-13,36.8,36.84,36.39,36.5,8106200
2003-08-14,36.75,36.95,36.56,36.94,9592200
2003-08-15,36.94,36.94,36.66,36.83,6030300
2003-08-18,36.86,37.02,36.83,36.92,9160000
2003-08-19,36.88,37.1,36.45,36.68,9649200
2003-08-20,36.5,36.92,36.46,36.8,6918400
2003-08-21,36.98,37.14,36.7,37.05,8796800
2003-08-22,37.02,37.25,36.5,36.53,9339500
2003-08-25,36.35,36.81,36.32,36.77,7216900
2003-08-26,36.77,36.91,36.36,36.83,9078900
2003-08-27,37.1,37.25,37.05,37.25,11595400
2003-08-28,37.36,37.57,36.99,37.55,12222700
2003-08-29,37.55,37.74,37.3,37.7,8421400
2003-09-02,37.79,37.98,37.5,37.97,11114800
2003-09-03,37.98,38.2,37.9,38.08,11289200
2003-09-04,38,38.25,37.97,38.16,10441200
2003-09-05,38,38.13,37.78,37.97,8708300
2003-09-08,38.1,38.5,37.9,38.47,8295000
2003-09-09,38.25,38.4,37.8,38.11,9348700
2003-09-10,38.1,38.2,37.8,38,9130400
2003-09-11,38.1,38.35,37.94,38,9603700
2003-09-12,38,38.07,37.57,37.73,12423000
2003-09-15,37.7,37.77,37.46,37.51,7991500
2003-09-16,37.37,37.71,37.27,37.71,9306200
2003-09-17,37.55,37.55,36.81,36.84,14564500
2003-09-18,36.75,37.14,36.75,37.08,10824700
2003-09-19,36.85,37.16,36.81,36.99,16893699
2003-09-22,36.65,36.8,36.35,36.72,11773800
2003-09-23,36.8,37.1,36.75,37.06,9578800
2003-09-24,37.38,37.49,36.83,36.9,11743200
2003-09-25,37.1,37.44,37,37.15,11523900
2003-09-26,37,37,36.55,36.78,9160500
2003-09-29,36.78,37.07,36.61,37.02,8813300
2003-09-30,36.77,36.97,36.41,36.6,11835400
2003-10-01,36.92,37.35,36.6,37.35,13503800
2003-10-02,37.35,37.67,37.01,37.56,8996200
2003-10-03,37.9,38.23,37.75,37.75,11383200
2003-10-06,37.86,38.17,37.82,38.09,7261400
2003-10-07,37.79,38.39,37.74,38.34,9107600
2003-10-08,38.27,38.36,37.81,38.04,8174400
2003-10-09,38.25,38.4,37.84,37.95,11186300
2003-10-10,38.1,38.43,38.05,38.3,8229000
2003-10-13,38.37,38.73,38.36,38.48,8759700
2003-10-14,38.45,38.75,38.2,38.74,7902900
2003-10-15,38.75,38.9,38.3,38.49,9372600
2003-10-16,38.49,38.93,38.49,38.91,8482000
2003-10-17,38.91,38.91,38.52,38.66,9630100
2003-10-20,38.66,38.79,38.33,38.62,8157800
2003-10-21,38.63,38.69,38.27,38.35,11989100
2003-10-22,37.8,37.98,37.25,37.35,21405100
2003-10-23,36.97,37.6,36.92,37.6,11557400
2003-10-24,37.12,37.85,37.12,37.85,9355400
2003-10-27,37.81,38.07,37.64,37.74,7462100
2003-10-28,37.98,38.15,37.62,38,12176700
2003-10-29,38,38.13,37.01,37.81,9407400
2003-10-30,37.31,37.44,36.12,36.3,25983900
2003-10-31,36.45,36.82,36.44,36.58,16707400
2003-11-03,36.92,36.9925,36.55,36.68,11876450
2003-11-04,36.52,36.7,36.2,36.32,15296620
2003-11-05,36.2,36.37,35.93,36.03,12435800
2003-11-06,35.9,36.05,35.75,35.92,12130400
2003-11-07,35.9,35.93,35.49,35.56,13687500
2003-11-10,35.56,35.85,35.45,35.76,9488500
2003-11-11,36.2,36.28,35.96,36.05,10420300
2003-11-12,36.1,36.25,35.92,36.02,8966700
2003-11-13,35.99,36.339,35.9,36.26,9999600
2003-11-14,36.35,36.47,35.4,36,18264199
2003-11-17,35.6,35.76,35.37,35.6,10462500
2003-11-18,35.55,35.7,35.14,35.15,12527100
2003-11-19,35.06,35.58,35.05,35.44,14499800
2003-11-20,35.25,36.3,35.11,35.31,10228100
2003-11-21,35.64,35.7,35.16,35.34,16137600
2003-11-24,35.48,35.76,35.4,35.56,13655500
2003-11-25,35.5,35.95,35.46,35.82,9921400
2003-11-26,35.9,36.38,35.84,36.28,10033500
2003-11-28,36.42,36.43,36.13,36.2,4779200
2003-12-01,36.5,36.7,36.22,36.39,13146200
2003-12-02,36.32,36.59,36.27,36.5,10813500
2003-12-03,36.45,36.69,36.45,36.54,21433400
2003-12-04,36.32,37.09,36.25,37.02,13985000
2003-12-05,37.13,37.13,36.61,36.78,9917000
2003-12-08,36.9,37.48,36.855,37.4,12064100
2003-12-09,37.7,37.87,37.53,37.64,12453700
2003-12-10,37.82,37.87,37.58,37.79,10492600
2003-12-11,37.97,38,37.76,37.91,11813100
2003-12-12,37.94,38.12,37.77,38.06,7449200
2003-12-15,37.91,38,37.6,37.8,11926200
2003-12-16,37.95,38.63,37.86,38.47,12927900
2003-12-17,38.63,38.91,38.42,38.88,12813600
2003-12-18,39,39.5,38.98,39.41,14747700
2003-12-19,39.49,39.66,39.3,39.6,17423600
2003-12-22,39.35,39.52,39.2,39.47,11379300
2003-12-23,39.25,39.75,39.2031,39.75,10703700
2003-12-24,39.62,39.97,39.555,39.83,4253700
2003-12-26,39.81,40.14,39.81,40.05,4619200
2003-12-29,40.1,40.6,40.09,40.58,12276700
2003-12-30,40.58,40.97,40.53,40.68,9806300
2003-12-31,40.93,41.13,40.69,41,11637000
2004-01-02,41.02,41.22,40.4,40.63,12180500
2004-01-05,41.1,41.629,40.98,41.58,14668400
2004-01-06,41.52,41.55,40.96,41.3,12364400
2004-01-07,41.08,41.25,40.54,41,13561500
2004-01-08,40.91,40.91,40.31,40.9,14870400
2004-01-09,40.45,40.59,40.02,40.29,15826200
2004-01-12,40.7,40.89,40.52,40.86,10321800
2004-01-13,40.87,40.98,40.43,40.68,9365500
2004-01-14,40.58,40.71,40.31,40.68,8539500
2004-01-15,40.68,40.75,40.22,40.28,10256500
2004-01-16,40.35,40.5,40.08,40.5,13305200
2004-01-20,40.5,40.96,40.5,40.88,10790000
2004-01-21,40.96,41.46,40.81,41.43,11511800
2004-01-22,41.43,41.5,40.95,41.28,9422700
2004-01-23,41.35,41.43,40.75,41.04,11739000
2004-01-26,41.05,41.55,40.88,41.55,9565700
2004-01-27,41.43,41.77,41.11,41.19,10386700
2004-01-28,41.4,41.56,40.41,40.81,12189400
2004-01-29,41.46,41.59,41.16,41.47,16665801
2004-01-30,41.15,41.25,40.57,40.79,11082300
2004-02-02,41.26,41.26,40.39,40.69,13964900
2004-02-03,40.8,40.8,40.38,40.41,10048500
2004-02-04,40.05,40.51,40.05,40.35,12106600
2004-02-05,40.48,40.55,40.09,40.38,9355100
2004-02-06,40.23,40.56,40.1,40.51,9928700
2004-02-09,40.31,40.9,40.21,40.73,8847600
2004-02-10,40.58,41.23,40.5,41.09,8722600
2004-02-11,41.01,41.98,40.98,41.92,14555600
2004-02-12,41.78,42,41.55,41.91,9826100
2004-02-13,41.89,42.15,41.62,41.91,11234500
2004-02-17,42.2,42.45,42.13,42.23,8597700
2004-02-18,42.11,42.28,41.8,41.8,7767600
2004-02-19,41.9,42.38,41.86,41.95,10518900
2004-02-20,42.2,42.45,41.9,42.03,11256400
2004-02-23,42.23,42.69,42.15,42.58,9583000
2004-02-24,42.5,42.6,42.21,42.31,10386100
2004-02-25,42.45,42.75,42.29,42.65,10275500
2004-02-26,42.62,42.75,42.3,42.31,9332700
2004-02-27,42.46,42.73,42.11,42.17,13338600
2004-03-01,42.58,42.64,42.31,42.52,15991300
2004-03-02,42.2,42.38,42.01,42.04,11886600
2004-03-03,42.03,42.04,41.6,41.9,13615700
2004-03-04,41.8,41.87,41.679,41.75,8363400
2004-03-05,41.72,42.56,41.65,42.49,12790700
2004-03-08,42.5,42.74,42.4,42.56,10421600
2004-03-09,42.35,42.95,42.32,42.78,14112700
2004-03-10,43,43.4,42.43,42.43,18669100
2004-03-11,42.3,42.55,41.14,41.35,14987300
2004-03-12,41.45,42.09,41.36,42.03,11271700
2004-03-15,41.78,42.29,41.65,41.78,11621400
2004-03-16,41.95,42.25,41.69,42.07,9739800
2004-03-17,42.24,42.63,42.16,42.24,9077800
2004-03-18,42.1,42.55,41.96,42.46,10556900
2004-03-19,42.21,42.42,41.47,41.5,18988199
2004-03-22,41.25,41.48,40.83,40.94,12364600
2004-03-23,41.01,41.2,40.46,40.76,10906000
2004-03-24,40.7,40.94,39.91,40.1,13192300
2004-03-25,40.2,40.36,40.01,40.25,12703200
2004-03-26,40.35,41.14,40.32,40.74,11345400
2004-03-29,40.87,41.41,40.86,41.09,9632100
2004-03-30,41.41,41.66,41.26,41.55,10453100
2004-03-31,41.65,41.97,41.43,41.59,12627700
2004-04-01,41.9,41.99,41.43,41.52,11381200
2004-04-02,41.99,41.99,41.6,41.91,11270900
2004-04-05,41.97,42.33,41.95,42.25,8649100
2004-04-06,42.06,42.4,42,42.19,7449500
2004-04-07,42.02,42.28,41.88,41.9,10144700
2004-04-08,42.23,42.93,42.16,42.45,12242600
2004-04-12,42.7,43.37,42.6,43.11,9950600
2004-04-13,43.39,43.44,42.8,42.82,12352000
2004-04-14,42.58,43.3,42.51,43.3,11549600
2004-04-15,43.3,43.83,42.5,43.68,11989400
2004-04-16,43.74,43.9,43.55,43.86,10278000
2004-04-19,43.85,43.86,43.47,43.73,7110700
2004-04-20,43.72,43.72,42.7,42.73,10367600
2004-04-21,42.56,42.99,42.4,42.95,10862800
2004-04-22,42.69,43.55,42.6,43.3,10243300
2004-04-23,43.25,43.25,42.77,42.97,7957300
2004-04-26,43.25,43.44,42.97,43.01,9476400
2004-04-27,43.07,43.97,43.06,43.75,13363000
2004-04-28,43.68,43.8,43.12,43.12,11798800
2004-04-29,43.25,43.72,42.5,42.54,13531100
2004-04-30,42.9,43.46,42.55,42.55,13190600
2004-05-03,42.9,43.7,42.83,43.68,12413200
2004-05-04,43.64,43.89,43.25,43.52,13133700
2004-05-05,43.38,44,43.21,43.99,13154500
2004-05-06,43.9,44.24,43.51,43.83,11523100
2004-05-07,43.5,43.8,43.05,43.25,10017200
2004-05-10,42.63,42.85,41.59,42.05,16300500
2004-05-11,42.3,42.64,42,42.6,11286400
2004-05-12,42.27,43.03,42.26,43,13372400
2004-05-13,42.65,43.22,42.55,42.73,10251200
2004-05-14,42.8,43.56,42.73,43.27,10644700
2004-05-17,43.3,43.54,43.01,43.05,10240700
2004-05-18,43.05,43.06,42.55,42.69,11444100
2004-05-19,42.8,43.12,42.44,42.6,13681100
2004-05-20,42.56,43.07,42.52,42.73,8332400
2004-05-21,42.95,43.28,42.45,42.6,16860699
2004-05-24,42.66,43.05,42.5,42.8,11629700
2004-05-25,43,43.82,43,43.82,12686400
2004-05-26,43.78,43.82,43.28,43.55,10035100
2004-05-27,43.65,43.7,43.01,43.37,10616600
2004-05-28,43.1,43.52,43.06,43.25,10248800
2004-06-01,43.5,43.85,43.38,43.7,10000700
2004-06-02,43.85,43.99,43.71,43.78,13583600
2004-06-03,43.71,43.95,43.55,43.55,8656000
2004-06-04,43.5,43.59,43.21,43.37,10021500
2004-06-07,44,44,43.62,44,10918400
2004-06-08,43.99,44.24,43.72,43.89,12847800
2004-06-09,43.35,43.69,43.1,43.45,11655300
2004-06-10,43.65,44.14,43.62,43.98,9130400
2004-06-14,43.99,44.07,43.71,43.85,9361500
2004-06-15,44.01,44.44,43.93,44.08,12675200
2004-06-16,44.4,44.86,44.25,44.73,12110000
2004-06-17,44.8,44.9,44.65,44.77,9028200
2004-06-18,44.77,44.98,44.65,44.98,14795000
2004-06-21,44.89,45,44.65,44.73,9680900
2004-06-22,44.43,44.99,44.4,44.9,10466800
2004-06-23,44.91,45.47,44.83,45.46,14556800
2004-06-24,45.31,45.53,45.26,45.27,10025100
2004-06-25,45.28,45.28,44.25,44.25,23675699
2004-06-28,44.5,44.62,44,44.38,13672100
2004-06-29,44.25,44.75,44.228,44.57,10975800
2004-06-30,44.52,44.63,44.17,44.41,13683200
2004-07-01,44.53,44.63,44.2,44.59,12630400
2004-07-02,44.4,44.89,44.33,44.72,7990900
2004-07-06,44.8,45.1,44.74,45.1,11357400
2004-07-07,45.1,45.37,44.9,45.37,11595200
2004-07-08,45.49,45.53,45.21,45.32,10981200
2004-07-09,45.45,45.55,45.22,45.45,8509900
2004-07-12,45.25,45.48,45.14,45.44,7527800
2004-07-13,45.1,45.29,44.85,45.21,8682200
2004-07-14,44.95,45.49,44.95,45.46,8620600
2004-07-15,45.37,45.59,45.2,45.32,7925400
2004-07-16,45.7,45.95,45.48,45.83,11447200
2004-07-19,45.8,46.09,44.4,45.9,9938200
2004-07-20,45.74,46.13,45.74,45.9,9733100
2004-07-21,45.78,46.82,45.17,45.17,11539300
2004-07-22,45.11,45.65,45.08,45.39,11032700
2004-07-23,45.27,45.48,45.08,45.32,8865800
2004-07-26,45.27,45.55,45.1,45.33,10234400
2004-07-27,45.32,45.45,45.15,45.41,10804000
2004-07-28,45.25,45.94,44.6,45.81,14717300
2004-07-29,46.06,46.21,45.76,46.03,13430300
2004-07-30,46.13,46.34,45.98,46.3,10386400
2004-08-02,46.29,46.42,45.86,46.25,9806000
2004-08-03,46.32,46.94,46.31,46.89,13088200
2004-08-04,46.86,46.86,46.14,46.24,13385800
2004-08-05,46.25,46.33,45.58,45.83,12025800
2004-08-06,45.57,45.85,45,45.12,10940000
2004-08-09,45.24,46.04,45.23,45.56,11188000
2004-08-10,45.51,45.65,45.12,45.29,11748100
2004-08-11,45.15,45.37,44.5,45.13,14620400
2004-08-12,45,45.43,44.53,44.56,11114400
2004-08-13,44.56,45.12,44.56,44.92,10270400
2004-08-16,45.02,45.28,44.86,45.09,10626100
2004-08-17,44.77,44.96,44.2,44.36,12193100
2004-08-18,44.4,44.96,44.32,44.81,13372800
2004-08-19,44.78,45.18,44.758,45.09,12140100
2004-08-20,45.19,45.65,45.14,45.25,11687200
2004-08-23,45.45,45.55,44.85,44.99,9928700
2004-08-24,44.99,44.99,44.51,44.85,10468600
2004-08-25,44.96,45.19,44.9,45.19,11653300
2004-08-26,45,45.39,44.93,45.25,9745100
2004-08-27,45.37,45.58,45.35,45.44,7397200
2004-08-30,45.35,45.69,45.09,45.13,8082100
2004-08-31,45.24,46.13,45.24,46.1,12140300
2004-09-01,46.2,46.55,46.03,46.44,11611800
2004-09-02,46.71,46.99,46.45,46.98,10196100
2004-09-03,46.98,47.24,46.88,47.06,11637100
2004-09-07,47.07,47.25,46.65,47.15,14954000
2004-09-08,47,47.23,46.95,47.07,10237500
2004-09-09,47.21,47.55,47.1,47.48,11108200
2004-09-10,47.59,47.64,47.12,47.37,9276700
2004-09-13,47.53,47.68,47.37,47.5,9495300
2004-09-14,47.63,47.78,47.38,47.47,9744600
2004-09-15,47.55,47.76,47.36,47.43,11561400
2004-09-16,47.31,47.59,47.3,47.55,7683700
2004-09-17,47.78,48.56,47.72,48.37,18812900
2004-09-20,48.38,48.62,48.12,48.21,11672700
2004-09-21,48.5,49.62,48.49,49.49,16189800
2004-09-22,49.2,49.21,48.71,48.86,13902300
2004-09-23,48.1,48.36,47.68,47.76,17358699
2004-09-24,47.65,48.03,47.6,47.83,12714800
2004-09-27,47.65,48.27,47.65,47.96,12067600
2004-09-28,48.15,48.77,48.13,48.53,13271800
2004-09-29,48.42,49.79,47.61,48.15,16320600
2004-09-30,48.15,48.38,47.99,48.33,13738000
2004-10-01,48.45,48.96,48.36,48.89,11375900
2004-10-04,48.75,49.45,48.52,48.92,13298200
2004-10-05,49.12,49.52,49.1,49.32,10939200
2004-10-06,49.35,50.03,48.4,50.03,12856200
2004-10-07,49.33,50.46,49.33,49.74,10731300
2004-10-08,49.8,50.24,49.74,49.84,10562300
2004-10-11,50,50.04,49.41,49.79,7516100
2004-10-12,49.55,49.88,49.33,49.37,9854400
2004-10-13,48.95,48.96,48.18,48.48,14663200
2004-10-14,48.54,49.13,48.53,48.71,11669900
2004-10-15,48.95,49.2,48.65,49.02,11018500
2004-10-18,48.8,49.16,48.7,48.75,9196400
2004-10-19,48.5,48.84,48.23,48.31,11426600
2004-10-20,48.3,48.98,48.25,48.87,12260300
2004-10-21,48.85,49.09,48.5,48.81,11125900
2004-10-22,48.89,49.3,48.63,48.7,10043500
2004-10-25,48.6,49.08,48.52,48.81,10414500
2004-10-26,48.74,49.39,48.7,49.39,12625500
2004-10-27,49.35,49.38,48.5,48.95,13579800
2004-10-28,48.6,49.1,48.25,48.61,18310900
2004-10-29,48.32,49.25,48.32,49.22,14362400
2004-11-01,49.4,49.5,48.51,48.82,13779700
2004-11-02,48.56,48.93,48.25,48.43,12047600
2004-11-03,49,49.4,48.58,49.27,13057500
2004-11-04,49.48,50.2,49.45,50.19,15646000
2004-11-05,50,50.43,49.76,50.39,14269300
2004-11-08,50.35,50.45,49.96,50.17,11707900
2004-11-09,49.81,49.95,49.26,49.31,12219100
2004-11-10,49.31,49.74,48.9,49.67,11955600
2004-11-11,49.55,49.77,49.31,49.66,8789600
2004-11-12,49.5,50.5,49.43,50.42,11398600
2004-11-15,50.13,50.18,49.16,49.58,12708800
2004-11-16,49.5,49.92,48.59,49.41,9986000
2004-11-17,49.6,50.15,49.56,50,11498700
2004-11-18,50.13,50.17,49.8,50.05,9056100
2004-11-19,50.1,50.4,49.99,50.38,13993000
2004-11-22,50.38,50.97,50.3,50.91,11662200
2004-11-23,50.91,51.27,50.87,51.2,14183000
2004-11-24,51.2,51.5,51.06,51.49,9616200
2004-11-26,51.59,52,51.59,51.65,4498800
2004-11-29,51.68,51.78,50.82,51.37,10090700
2004-11-30,51.21,51.72,51.21,51.25,12924700
2004-12-01,51.26,51.7,50.84,51.15,13710900
2004-12-02,50.7,50.88,49.94,50.17,16146400
2004-12-03,49.7,50.44,49.6,50.27,13215900
2004-12-06,50.28,50.47,49.92,50.14,10956200
2004-12-07,50.14,50.3,49.5,49.7,12213000
2004-12-08,49.36,50.08,48.9,50.02,13562300
2004-12-09,49.9,50.32,49.35,50.32,14639300
2004-12-10,50.3,50.45,49.89,50.15,10928500
2004-12-13,50.45,50.68,50.35,50.67,11796200
2004-12-14,50.4,50.8,50.38,50.66,10524500
2004-12-15,50.55,50.68,50.32,50.51,12666200
2004-12-16,50.48,50.48,49.65,50.1,12501400
2004-12-17,49.65,50.34,49.64,49.8,31877100
2004-12-20,50.05,51.16,50,51.06,16321400
2004-12-21,51.23,51.74,50.86,51.69,13572900
2004-12-22,51.52,51.7,50.75,51.29,12132000
2004-12-23,51.25,52.05,51.17,51.97,12525900
2004-12-27,51.8,51.95,50.86,50.88,12167400
2004-12-28,51.02,51.4,51,51.05,11662100
2004-12-29,50.81,51.18,50.8,51.13,9249100
2004-12-30,51.13,51.4,51.02,51.03,6663400
2004-12-31,51.01,51.4,51,51.26,8497000
2005-01-03,51.02,51.02,49.87,50.09,16010000
2005-01-04,50.34,50.6,49.68,49.75,16776199
2005-01-05,49.83,50.11,49.45,49.49,12189500
2005-01-06,49.3,50.19,49.25,50.12,13098700
2005-01-07,50.12,50.26,49.52,49.79,11315300
2005-01-10,49.86,50.5,49.81,49.98,11288700
2005-01-11,49.83,50.15,49.63,49.85,9114500
2005-01-12,50.05,50.63,49.82,50.59,13301500
2005-01-13,50.59,51,50.4,50.55,11340600
2005-01-14,50.56,51.21,50.52,51.07,11000200
2005-01-18,50.95,51.5,50.9,51.5,13944400
2005-01-19,51.45,51.49,51,51.05,9321300
2005-01-20,50.65,50.93,50.35,50.72,11438500
2005-01-21,50.8,51.55,50.44,50.44,13338900
2005-01-24,50.94,51.41,50.91,51.13,12331200
2005-01-25,51.2,51.42,51.1,51.33,10339600
2005-01-26,51.5,51.94,51.31,51.7,13035800
2005-01-27,51.24,51.95,51.23,51.75,11221100
2005-01-28,51.37,51.58,51.11,51.27,11258500
2005-01-31,51.35,51.97,51.35,51.6,13645400
2005-02-01,51.98,53.28,51.93,53.27,19199400
2005-02-02,53.33,54.01,53.31,53.93,15195200
2005-02-03,53.85,54.64,53.54,54.52,14314700
2005-02-04,54.47,55.32,54.28,55.29,17065100
2005-02-07,55.12,55.42,54.61,55.4,15575000
2005-02-08,54.85,55.9,54.84,55.78,15346100
2005-02-09,55.48,55.83,55.09,55.54,12073700
2005-02-10,55.68,56.62,55.6,56.34,16031000
2005-02-11,56.34,56.87,55.9615,56.11,13685900
2005-02-14,56.25,56.85,56.07,56.83,11892800
2005-02-15,56.69,56.94,56.52,56.92,13720100
2005-02-16,56.98,58.7,56.84,58.48,18870301
2005-02-17,58.7,58.94,58.02,58.13,18655900
2005-02-18,58.13,59.85,58.02,59.41,23251400
2005-02-22,59.5,60.08,58.25,58.25,25727801
2005-02-23,58.37,59.54,58.37,59.42,18591500
2005-02-24,59.6,61.2,59.53,61.13,27386000
2005-02-25,61.51,63.69,61.5,63.26,37332699
2005-02-28,63.26,64.04,62.1,63.31,35598000
2005-03-01,62.97,63.12,61.99,62.1,26247600
2005-03-02,62.1,63.17,62.03,62.68,26051500
2005-03-03,62.7,63.13,62.3,63.05,20291000
2005-03-04,63.12,64.01,62.75,63.57,20804500
2005-03-07,63.58,63.6,62.58,63,20838699
2005-03-08,63,63.6,62.8,63.1,18192000
2005-03-09,63.1,64.37,60.7,60.79,68211797
2005-03-10,61,61.04,59.5,60.37,40001801
2005-03-11,60.37,61.59,60.17,61.05,24561400
2005-03-14,61.06,61.5,60.04,61.28,19564900
2005-03-15,61.29,61.86,60.27,60.35,17577500
2005-03-16,60,60.85,59.47,60.29,20994699
2005-03-17,60.88,61.64,60.64,61.49,21792801
2005-03-18,61.59,62.85,61.53,62.65,32537400
2005-03-21,62.65,62.98,61.8,62.15,17830900
2005-03-22,61.95,62.84,60.81,60.9,19731199
2005-03-23,60.9,60.9,59.61,60.09,26253801
2005-03-24,60.3,60.65,58.5,59,24980000
2005-03-28,59.04,59.44,58.36,58.89,20428900
2005-03-29,58.89,59.75,58.04,58.27,18953000
2005-03-30,58.48,59.3228,57.38,59.24,26149400
2005-03-31,59.66,60.32,59.54,59.6,20981600
2005-04-01,60.2,60.7,59.93,60.55,18722600
2005-04-04,60.95,61.74,60.12,60.65,23274600
2005-04-05,60.5,61.04,59.85,60.06,15863800
2005-04-06,60.25,61.05,59.97,60.9,16950000
2005-04-07,61.35,61.37,60.17,60.85,16734801
2005-04-08,60.75,60.87,60,60.01,12595700
2005-04-11,59.99,60.43,59.36,60.29,15894100
2005-04-12,59.94,60.57,59.8,60.43,23129199
2005-04-13,60.2,60.75,58.94,59.15,23963400
2005-04-14,59.28,59.69,58.6,58.75,18521699
2005-04-15,58.45,59.4,56.1,56.19,28218000
2005-04-18,55.45,57.35,55.4,57.25,23109900
2005-04-19,57.35,59.24,57.35,58.63,23783600
2005-04-20,58.63,58.91,57.01,57.14,20899500
2005-04-21,57.55,59.3,57.39,59.28,16791900
2005-04-22,59.08,59.95,58.45,59.42,17109301
2005-04-25,59.6,60.47,59.6,59.96,15132600
2005-04-26,59.96,60.16,59.27,59.27,13005600
2005-04-27,59.25,59.45,58.1,58.38,20678699
2005-04-28,57.56,57.75,56,56,31914699
2005-04-29,56.5,57.24,56.1,57.03,26492900
2005-05-02,57,57.75,56.47,57.74,16701400
2005-05-03,57.33,57.5,56.15,56.5,18245801
2005-05-04,56.85,57.3,56.07,57.23,19536199
2005-05-05,57.35,57.97,57.11,57.8,18815301
2005-05-06,58.5,58.65,57.5,57.6,13545900
2005-05-09,57.75,58.05,57.6,58.01,13478600
2005-05-10,57.53,57.8677,57,57.23,14392900
2005-05-11,56.94,57.41,56.55,57.29,14532100
2005-05-12,57,57.25,54,54.82,23811699
2005-05-13,54.99,55,53.58,53.7,24369000
2005-05-16,53.5,53.65,52.78,53.35,34420102
2005-05-17,53.5,53.99,52.96,53.86,27857500
2005-05-18,54.15,54.55,53.42,53.65,31675500
2005-05-19,53.78,54.88,53.52,54.83,20635400
2005-05-20,54.97,54.97,53.96,54.01,17578500
2005-05-23,54.38,55.25,54.14,54.75,17942400
2005-05-24,54.85,55.2,54.62,55.04,12915300
2005-05-25,55.21,55.98,54.81,55.68,17871301
2005-05-26,56.05,56.41,55.71,56.22,12300500
2005-05-27,56.4,56.9,56.29,56.8,10312700
2005-05-31,57.07,57.1,56.1,56.2,21393600
2005-06-01,56.33,57.41,56.33,57.15,14693500
2005-06-02,57.17,57.57,56.76,57.32,12548300
2005-06-03,57.4,57.78,57,57.15,23758100
2005-06-06,57.34,57.7,57.02,57.6,12142600
2005-06-07,57.62,58.15,57.42,57.45,14369400
2005-06-08,57.36,57.99,56.7,56.73,20871699
2005-06-09,57,58.61,56.7,58.44,17440500
2005-06-10,57.57,58.54,57.57,58.38,13339200
2005-06-13,58.25,58.88,57.79,58.45,12382600
2005-06-14,58.41,58.88,58.18,58.55,10557600
2005-06-15,58.94,59.29,58.65,59.25,13406400
2005-06-16,59.25,60.2,59.12,60.12,13557200
2005-06-17,60.51,61.02,60.33,60.89,24855100
2005-06-20,61.1,61.13,60.32,60.85,13545900
2005-06-21,60.4,60.8,59.5,59.51,16617500
2005-06-22,59.85,60.46,59.1,59.67,18046100
2005-06-23,59.65,60.28,59.02,59.02,16255300
2005-06-24,59.2,59.29,58.15,58.15,21695199
2005-06-27,58.33,59.4,58.32,59.3,17219000
2005-06-28,59.35,59.8,58.844,59.09,15503700
2005-06-29,58.81,59.1,57.94,58.44,18167699
2005-06-30,58.44,58.84,57.46,57.47,20682699
2005-07-01,57.75,58.44,57.6,58.31,12342800
2005-07-05,58.56,60.23,58.46,60.14,18212801
2005-07-06,60.5,60.73,59.03,59.11,18261100
2005-07-07,58.65,59.54,58.29,59.52,16190400
2005-07-08,59.68,60.12,58.97,59.4,17012100
2005-07-11,59.39,60,58.72,59.97,14818500
2005-07-12,59.97,60.24,59.4,59.89,18424199
2005-07-13,59.89,60.05,59.37,59.76,11568800
2005-07-14,59.89,60.15,58.31,58.59,20490199
2005-07-15,58.59,58.94,57.88,58.16,16691900
2005-07-18,58.02,58.47,57.69,58.15,13194200
2005-07-19,58.48,58.82,57.93,58.78,19056400
2005-07-20,58.5,59.02,57.99,59,19289699
2005-07-21,58.75,59.05,57.85,57.89,16092900
2005-07-22,58.2,59.7,58.15,59.5,19117699
2005-07-25,59.95,60.47,59.45,59.94,16942000
2005-07-26,59.85,59.97,59.5,59.6,13403700
2005-07-27,59.8,59.9,58.85,59.6,13527500
2005-07-28,59.82,60.11,58.97,60,19152600
2005-07-29,60.04,60.17,58.75,58.75,17608699
2005-08-01,59.23,59.74,59.14,59.23,13034900
2005-08-02,59.36,59.81,59.27,59.81,13280700
2005-08-03,60.09,60.09,58.87,59,19118699
2005-08-04,58.97,59.37,58.5,58.52,15886000
2005-08-05,58.54,58.7,57.76,58.09,14011500
2005-08-08,58.65,59.45,58.44,58.85,17174801
2005-08-09,59.16,59.75,59.11,59.46,16655100
2005-08-10,59.75,60.24,59.57,59.9,19315400
2005-08-11,60.12,60.98,60.06,60.95,21230301
2005-08-12,61,61.34,60.63,61.05,16207300
2005-08-15,60.95,61.08,60.41,60.42,12958200
2005-08-16,60.42,60.48,59.07,59.07,16557900
2005-08-17,59.05,59.49,57.84,58.18,21657000
2005-08-18,58.15,58.54,57.78,58.11,15099900
2005-08-19,58.52,58.99,58.3735,58.82,14616600
2005-08-22,59.54,59.75,58.51,59.07,15677600
2005-08-23,59.11,59.3,58.37,59,17219400
2005-08-24,59.15,59.61,58.74,58.88,17986600
2005-08-25,58.85,59.202,58.5,59.18,14469700
2005-08-26,58.93,59.18,58.41,58.41,13423900
2005-08-29,59.24,59.24,58.12,58.42,17740500
2005-08-30,58.43,59.12,58.19,58.61,21046600
2005-08-31,58.8,60,58.65,59.9,32237100
2005-09-01,60.1,62.04,60.1,61.68,32577100
2005-09-02,61.55,61.55,60.46,60.68,20465600
2005-09-06,60.62,61.11,60.25,61.06,19203301
2005-09-07,60.95,61.7,60.7,61.46,30904100
2005-09-08,61.44,61.63,61,61.3,15050900
2005-09-09,61.61,63.2,61.6,63.2,22640000
2005-09-12,62.85,63.05,62.35,62.52,17627199
2005-09-13,62.2,62.9,61.73,61.87,16403600
2005-09-14,62.01,62.75,61.87,62.47,15175800
2005-09-15,62.87,63.18,61.8,62.46,19386301
2005-09-16,63,63.89,62.88,63.7,30374600
2005-09-19,64,64.95,63.9,64.63,20478400
2005-09-20,64.38,64.99,64.21,64.53,17540699
2005-09-21,65.04,65.29,64.77,64.97,23096900
2005-09-22,65.31,65.96,64.08,64.98,25908600
2005-09-23,64.6,64.71,63.6,63.83,18963699
2005-09-26,63.7,65.01,63.5,64.6,17997900
2005-09-27,64.32,64.67,63.75,64.62,16848301
2005-09-28,64.65,64.83,63.85,64.7,18709199
2005-09-29,64.5,64.91,64.11,64.8,16036300
2005-09-30,64.61,64.62,63.3,63.54,16046100
2005-10-03,63.55,63.89,62.4,62.49,20848801
2005-10-04,62.35,62.35,60.41,60.55,21585699
2005-10-05,60.55,61.05,58.9,58.95,27913400
2005-10-06,58.7,59.36,57.9,58.57,31823900
2005-10-07,59.08,60.04,58.8,59.6,21812900
2005-10-10,59.6,59.61,58.3,58.5,16128500
2005-10-11,58.99,59.72,58.84,59.4,16483900
2005-10-12,59.38,59.79,58.51,58.94,15688200
2005-10-13,58.5,58.82,57.32,58.16,21880199
2005-10-14,57.8,58.72,57.14,58.64,20260600
2005-10-17,59.05,59.45,58.66,58.86,14347900
2005-10-18,58.3,58.58,56.3,56.3,66029898
2005-10-19,56.5,57.35,55.65,57.17,30842301
2005-10-20,57,57.18,54.5,55.2,29630199
2005-10-21,55.28,56.27,55.06,55.37,24141801
2005-10-24,55.31,56.94,55.31,56.85,19172600
2005-10-25,56.95,57.43,56.25,57.2,22970600
2005-10-26,57.25,57.89,56.2,56.2,24893301
2005-10-27,56.55,57,55.28,55.6,21147400
2005-10-28,56.05,56.61,54.79,56.31,27245000
2005-10-31,57.03,57.37,56.06,56.14,25326600
2005-11-01,56.09,56.87,56.01,56.4,14678200
2005-11-02,56.5,57.5,56.17,57.38,21753801
2005-11-03,57.83,58.82,57.39,58.57,20832000
2005-11-04,58.57,58.7,57.25,57.9,24401199
2005-11-07,57.8,57.84,56.03,57.1,22196400
2005-11-08,56.81,57.58,56.75,57.37,16621500
2005-11-09,57.37,58.33,56.85,57.5,25317699
2005-11-10,57.3,57.3,55.84,56.45,26611500
2005-11-11,56.29,56.76,56.18,56.52,12735500
2005-11-14,56.82,56.99,56.16,56.65,15368300
2005-11-15,56.42,57.21,56.26,56.43,21018199
2005-11-16,56.39,57.3,56.13,57.18,21299400
2005-11-17,57.54,57.89,57.15,57.38,19458000
2005-11-18,58.1,58.39,57.15,58.25,21136199
2005-11-21,58.51,59.38,58.5,59.37,17814199
2005-11-22,59.55,59.72,59.12,59.66,17086000
2005-11-23,59.48,60.24,59.21,59.87,12534200
2005-11-25,60.19,60.26,59.96,60.11,6692600
2005-11-28,59.55,59.85,58.64,58.74,14958400
2005-11-29,59,59.43,58.26,58.34,18584400
2005-11-30,58.21,58.87,58,58.03,21278801
2005-12-01,58.37,59.4,58.37,59.35,16941100
2005-12-02,59.42,59.44,58.68,59.07,13460100
2005-12-05,59.38,60.11,59.33,59.51,19635500
2005-12-06,59.77,60.38,59.55,59.69,16008200
2005-12-07,59.87,59.96,58.57,59.02,20760301
2005-12-08,59.21,59.54,58.82,59.42,16120300
2005-12-09,59.24,59.33,58.05,58.5,15868600
2005-12-12,58.81,59.13,58.5,58.86,13390000
2005-12-13,59.05,59.84,58.91,59.06,14864900
2005-12-14,59.08,59.93,59.05,59.86,14393300
2005-12-15,59.86,59.88,59.2,59.49,14113700
2005-12-16,59.62,59.65,58.05,58.06,28802400
2005-12-19,58.22,58.588,57.63,57.7,15621100
2005-12-20,57.67,58.29,57.66,57.93,12741900
2005-12-21,58.08,58.25,57.3,57.6,15090200
2005-12-22,57.78,57.98,56.9,57.1,14013800
2005-12-23,56.75,57.47,56.65,57.1,11305800
2005-12-27,57,57,55.6,55.87,17197400
2005-12-28,56.05,56.63,56.05,56.25,14952600
2005-12-29,56.25,56.76,56.1,56.24,14151900
2005-12-30,56.1,56.69,55.78,56.17,14483800
2006-01-03,56.42,58.47,56.42,58.47,23871301
2006-01-04,58.6,58.84,58.06,58.57,19086500
2006-01-05,58.57,58.82,57.87,58.28,17158400
2006-01-06,58.76,59.56,58.76,59.43,17368600
2006-01-09,59.8,59.87,59.27,59.4,17339100
2006-01-10,59.2,60.16,59.16,59.86,17869600
2006-01-11,59.68,60.49,59.32,60.27,17327100
2006-01-12,60.5,61,59.6,59.64,21130199
2006-01-13,59.51,60.99,59.51,60.97,17074400
2006-01-17,61.26,61.74,61.08,61.54,18190900
2006-01-18,61.72,61.75,60.12,60.68,16182000
2006-01-19,60.68,61.7,60.42,61.5,18863000
2006-01-20,61.81,62.06,60.35,60.53,25993900
2006-01-23,60.53,61.64,60.12,61.2,19274900
2006-01-24,60.9,61.53,60.75,60.96,18075000
2006-01-25,61.34,61.65,59.55,60.21,24510100
2006-01-26,60.79,61.02,59.57,59.95,24559100
2006-01-27,60.36,61.53,60.31,61.29,21407400
2006-01-30,62.88,63.96,62.79,63.11,29443400
2006-01-31,62.75,63.45,62.3,62.75,24268600
2006-02-01,62.77,63.08,61.91,61.95,20578199
2006-02-02,61.9,62.29,61.21,61.95,21402900
2006-02-03,61.65,61.82,61.03,61.39,18829000
2006-02-06,61.7,62.61,61.65,61.97,18762699
2006-02-07,61.59,61.85,60.4,60.55,21137801
2006-02-08,60,60.64,59.68,60.39,21982500
2006-02-09,60.55,61.39,59.74,59.92,22554900
2006-02-10,60.05,60.93,58.6,59.43,26186400
2006-02-13,59.43,60.35,59.11,59.6,16837000
2006-02-14,59.26,59.9,58.8,59.55,21022500
2006-02-15,59.81,59.95,59.05,59.76,21651199
2006-02-16,59.9,60.25,59.51,60.25,20057199
2006-02-17,60.37,60.68,60.21,60.55,19198801
2006-02-21,61,61.3,60.65,60.76,17650699
2006-02-22,60.6,60.74,59.96,60.26,15694500
2006-02-23,60.01,60.54,59.63,59.83,17507100
2006-02-24,60.34,60.73,60.18,60.42,13178800
2006-02-27,60.2,60.52,59.9,59.92,12552400
2006-02-28,59.52,59.75,59.1,59.37,19152600
2006-03-01,59.59,60.54,59.5301,60.34,16326300
2006-03-02,60.04,60.98,59.98,60.85,19730500
2006-03-03,60.83,61.5,60.81,60.98,18221301
2006-03-06,60.95,61.09,59.935,59.98,16289300
2006-03-07,59.9,60.02,59.45,59.85,18669600
2006-03-08,59.45,60.41,59.15,59.71,22159000
2006-03-09,59.94,60.01,58.86,58.92,21827400
2006-03-10,58.92,59.21,58.44,59.18,20251699
2006-03-13,59.68,59.96,59.45,59.64,16885199
2006-03-14,59.55,60.87,59.44,60.81,18285100
2006-03-15,60.67,61.2,60.41,61.02,17997801
2006-03-16,60.97,61.92,60.85,61.64,18976400
2006-03-17,61.8,61.8,60.99,61.05,26912699
2006-03-20,60.77,61.35,60.33,60.66,16757600
2006-03-21,60.66,61.23,60.37,60.72,19550400
2006-03-22,60.97,61.49,60.62,61.05,16100800
2006-03-23,61.11,61.35,60.92,61.25,15432300
2006-03-24,61.15,61.69,60.905,61.17,15435600
2006-03-27,61.11,61.47,60.93,61.29,11839200
2006-03-28,61.45,61.89,60.86,60.95,20207600
2006-03-29,60.95,61.5,60.95,61.28,19115600
2006-03-30,61.25,61.73,61,61.12,15759800
2006-03-31,60.9,61.18,60.82,60.86,19296000
2006-04-03,61.36,61.98,60.87,61.03,16697301
2006-04-04,60.65,62.01,60.43,61.75,14876800
2006-04-05,61.63,62.18,61.55,62.16,15788700
2006-04-06,61.6,62.7,61.6,62.09,15409100
2006-04-07,61.77,62.59,61.23,61.33,16137600
2006-04-10,61.9,62.1,61.5,61.94,12956500
2006-04-11,62.2,62.73,61.8,62,14723700
2006-04-12,62.05,62.26,61.2,61.46,14117800
2006-04-13,61.29,61.78,61,61.56,11559400
2006-04-17,61.94,62.19,61.61,62.05,11568200
2006-04-18,62.49,63.8,62.45,63.54,22317301
2006-04-19,63.1,64.48,62.93,64.3,20922199
2006-04-20,64,64.78,63.33,63.92,23154900
2006-04-21,64.2,65,64.1,65,21757000
2006-04-24,64.76,64.87,64.24,64.41,16362500
2006-04-25,64.85,64.98,63.13,63.95,21780699
2006-04-26,63.98,64.8,63.01,63.1,23213801
2006-04-27,61.5,63.4,61,62.42,27314900
2006-04-28,62.57,63.5,62.52,63.08,20652600
2006-05-01,63.4,64.33,63.32,63.42,19769500
2006-05-02,63.82,64.77,63.82,64.67,18963699
2006-05-03,64.6,64.77,63.2,63.77,22925000
2006-05-04,63.77,64.41,62.89,63.31,23185600
2006-05-05,63.9,64.05,63.2,64,13899300
2006-05-08,63.6,64.09,63.17,63.71,16579699
2006-05-09,63.6,64.17,63.43,63.94,14023000
2006-05-10,63.5,63.95,63,63.88,15336000
2006-05-11,64.1,64.26,63.25,63.46,18024900
2006-05-12,63.46,63.5,62.06,62.24,19198600
2006-05-15,61.51,62.48,61.35,62,19512000
2006-05-16,62.11,62.71,61.54,61.96,15826300
2006-05-17,61.45,61.74,59.936,60.18,26217600
2006-05-18,60.25,61,59.86,59.89,19108000
2006-05-19,59.9,61.04,59.5,60.45,26682500
2006-05-22,59.95,61.41,59.56,60.78,22809100
2006-05-23,61.3,61.72,60.19,60.39,19846500
2006-05-24,60,60.9,59.15,60.1,24564600
2006-05-25,60.78,61.93,60.52,61.52,19628301
2006-05-26,61.53,61.71,60.86,61.58,13304700
2006-05-30,61.7,61.8,60.11,60.2,17866199
2006-05-31,60.21,61.06,59.76,60.91,25875199
2006-06-01,60.4,61.15,60.01,61.11,17874699
2006-06-02,61.5,61.85,60.51,61.65,17354500
2006-06-05,62.1,62.2,60,60.05,20503301
2006-06-06,60,61.31,59.9,60.4,23934600
2006-06-07,60.3,60.36,58.8,58.82,28004199
2006-06-08,58.38,59.7,57.82,59.57,33407199
2006-06-09,59.89,59.9,58.5,58.8,21101199
2006-06-12,59.05,59.35,58.13,58.24,18915600
2006-06-13,57.75,58.3,56.65,56.65,27293900
2006-06-14,56.65,57.99,56.64,57.8,24867699
2006-06-15,58.48,59.55,57.96,59.12,24901699
2006-06-16,58.95,59.49,58.17,58.8,27760500
2006-06-19,58.77,58.81,57.21,57.39,20171400
2006-06-20,57.66,58.34,57.26,57.39,19856699
2006-06-21,57.35,58.87,57.25,58.06,22485500
2006-06-22,57.72,58.26,57.65,57.97,16676699
2006-06-23,58.15,58.85,58.01,58.1,15558900
2006-06-26,58.1,59.02,57.91,58.82,14053700
2006-06-27,58.97,59.91,58.97,59.65,26841500
2006-06-28,59.8,61.22,59.8,61.12,23103000
2006-06-29,61.22,62.54,61.13,62.37,26313801
2006-06-30,62.65,62.65,61.35,61.35,32328301
2006-07-03,61.8,62.47,61.71,62.15,9459600
2006-07-05,61.9,62.92,61.63,62.55,19744699
2006-07-06,62.75,63.5,62.66,63.47,23667000
2006-07-07,63.7,63.89,62.49,62.84,18527100
2006-07-10,63,63.59,62.78,63.04,13220400
2006-07-11,63.2,64.27,63.2,63.98,18133301
2006-07-12,64,64.27,63.35,63.97,17612400
2006-07-13,64.15,64.7,63.69,64.07,21493400
2006-07-14,64.57,65,63.97,64.9,21485600
2006-07-17,64.5,64.9,63.57,64,19717699
2006-07-18,64.4,64.94,63.95,64.61,21231000
2006-07-19,64.62,64.89,63.65,64.66,24672699
2006-07-20,64.45,64.86,64.12,64.25,20779600
2006-07-21,64.57,64.78,63.91,63.93,27556600
2006-07-24,64.35,65.53,64.2,65.36,22417699
2006-07-25,65.36,66,64.92,65.74,18624500
2006-07-26,65.51,67.18,65.47,66.6,31012500
2006-07-27,67.4,67.65,66.45,66.47,29425801
2006-07-28,66.25,67.3,66.2432,67,20512500
2006-07-31,67.43,67.94,66.76,67.74,20170900
2006-08-01,67.24,68.25,67.21,68.18,16186600
2006-08-02,68.37,69.23,68.12,68.48,25421100
2006-08-03,68.07,69.28,68.04,68.37,21876600
2006-08-04,68.6,68.82,67.94,68.69,21470400
2006-08-07,69,69.62,68.48,69.23,21017000
2006-08-08,69.24,69.83,69.014,69.27,23925100
2006-08-09,69.69,70.42,69.18,69.29,27660801
2006-08-10,68.87,69.47,68.39,69.34,21961000
2006-08-11,69.35,69.96,68.85,69.73,18040000
2006-08-14,69.54,69.65,68.79,69.25,19973801
2006-08-15,69.9,69.92,68.17,68.69,27260301
2006-08-16,68.3,68.94,67.31,67.57,26534699
2006-08-17,67.18,68.16,67.01,68.08,28583199
2006-08-18,68.4,69.1,67.72,69.1,19556801
2006-08-21,69.3,70.03,69.3,69.83,22482100
2006-08-22,69.71,70.25,69.36,70.21,22964301
2006-08-23,70.08,70.23,69.04,69.63,17692100
2006-08-24,69.79,70.83,69.61,70.72,20502600
2006-08-25,70.72,71.22,70.34,70.43,18905199
2006-08-28,70.05,70.2,69.75,70.1,18132301
2006-08-29,69.72,69.85,68.84,69.41,21559801
2006-08-30,69.43,69.5,67.75,68.3,26311900
2006-08-31,68.05,68.26,67.6,67.67,19244400
2006-09-01,67.85,68.44,67.37,68.1,17579699
2006-09-05,67.68,68.65,67.5,68.48,17741801
2006-09-06,68.49,68.49,67.08,67.18,26709100
2006-09-07,67,68.04,66.85,67.69,24448301
2006-09-08,67.69,67.94,66.78,66.81,19664699
2006-09-11,66.36,66.4,64.62,64.94,35987500
2006-09-12,65.25,65.45,64.11,64.7,24824500
2006-09-13,64.82,65.75,64.7,65.36,21769199
2006-09-14,65.21,65.53,64.43,64.71,21166801
2006-09-15,64.9,65.27,64.42,64.65,33472699
2006-09-18,64.9,66.5,64.85,66.3,21236400
2006-09-19,66.49,66.58,65.13,65.5,19852801
2006-09-20,65.51,66.07,63.93,64.11,30410199
2006-09-21,64.3,65.35,64.29,64.78,22551400
2006-09-22,65.28,65.34,64.3,64.91,18240199
2006-09-25,64.6,65.45,63.87,65.06,29211100
2006-09-26,65.06,66.62,64.5,66.43,22353500
2006-09-27,66.68,67.43,66.14,67.13,23424801
2006-09-28,67.13,67.81,66.92,67.46,23280199
2006-09-29,67.18,67.67,66.79,67.1,20239199
2006-10-02,67.29,67.76,66.9,67,19082600
2006-10-03,66.4,66.5,65.25,65.41,22989699
2006-10-04,65.49,66.76,64.84,66.61,25621100
2006-10-05,67.26,67.72,66.94,67.32,21848801
2006-10-06,67,67.62,66.5,67.52,19439100
2006-10-09,67.76,67.89,66.5,66.55,19267900
2006-10-10,66.21,67.47,65.96,67.2,23039600
2006-10-11,66.85,67.05,66.25,66.53,20472801
2006-10-12,66.88,67.75,66.86,67.65,18542000
2006-10-13,68.08,68.73,67.87,68.4,20499900
2006-10-16,68.45,69.88,68.42,69.83,19605600
2006-10-17,69.83,69.84,68.97,69.41,17190400
2006-10-18,69.5,69.99,68.77,69.17,19322100
2006-10-19,69.84,70.0699,69.07,69.73,23393100
2006-10-20,70.01,70.02,69.33,69.55,21210801
2006-10-23,68.85,69.92,68.72,69.92,17089699
2006-10-24,69.67,70.23,69.58,69.89,19775699
2006-10-25,69.72,71.4,69.36,71.01,25838900
2006-10-26,72,72.33,70.66,71.62,26345199
2006-10-27,71.46,72.13,71.28,71.46,19416600
2006-10-30,71.15,71.58,70.51,70.84,17618699
2006-10-31,70.69,71.48,70.01,71.42,20317900
2006-11-01,71.58,71.75,70.27,71.06,18260000
2006-11-02,70.71,71.36,70.43,71.19,20154400
2006-11-03,71.44,72.39,71.33,72.15,25491100
2006-11-06,72.16,73.05,71.9,72.91,17201801
2006-11-07,72.91,73.19,72.18,72.53,20127000
2006-11-08,72.53,74.2,72.23,74.13,22351500
2006-11-09,74.2,74.8,73.65,74.61,21475900
2006-11-10,74.55,74.8,74.05,74.42,18387400
2006-11-13,74.1,74.85,73.87,74.43,17385000
2006-11-14,74.43,74.66,73.75,74.45,17705900
2006-11-15,74,74.93,74,74.8,20348900
2006-11-16,74.95,74.97,72.61,72.67,22292801
2006-11-17,71.95,73.18,71.76,73.08,25806500
2006-11-20,72.55,73.26,72.3,72.43,18976699
2006-11-21,72.77,73.53,72.49,73.39,13289500
2006-11-22,73.02,73.53,72.12,72.91,11902600
2006-11-24,71.9,72.82,71.85,72.38,5568700
2006-11-27,72.29,73.18,72.14,72.47,18962301
2006-11-28,72.65,74.25,72.65,74.16,19349301
2006-11-29,74.3,76.44,74.17,76.03,24851699
2006-11-30,76.42,77.37,76.05,76.81,27330801
2006-12-01,76.78,77.5,75.81,77.2,21308400
2006-12-04,77.2,77.8,76.51,77.77,19348400
2006-12-05,78.11,78.52,77.47,78.06,20110801
2006-12-06,77.82,78.2,76.25,76.31,30694000
2006-12-07,76.3,76.7,75.28,75.71,27762301
2006-12-08,76.2,76.42,75.44,75.5,16429801
2006-12-11,75.25,75.84,74.82,75.36,18613900
2006-12-12,75.31,76.4,75.31,76.25,18633699
2006-12-13,76.45,77.41,75.94,77.36,20485100
2006-12-14,77.51,79,77.25,78.73,18691199
2006-12-15,78.95,79,77.13,77.3,37021398
2006-12-18,77.26,77.26,75.36,75.51,22530600
2006-12-19,75.3,77.31,74.9,76.99,22294100
2006-12-20,76.85,76.99,75.74,76.08,17602500
2006-12-21,76.09,76.55,75.16,75.87,17154000
2006-12-22,76,76.24,75.29,75.41,12005100
2006-12-26,75.51,76.25,75.4,76.05,11285400
2006-12-27,76.3,77,76.01,76.96,10943600
2006-12-28,76.77,77.44,76.65,77.33,10798100
2006-12-29,77.01,77.24,76.2,76.63,12633200
2007-01-03,76.26,76.27,73.51,74.11,30510699
2007-01-04,73.85,73.9,72.21,72.72,31046199
2007-01-05,72.45,73.38,72.22,73.24,24671301
2007-01-08,73.88,74.25,71.85,72.65,25906900
2007-01-09,71.85,72.84,71.44,72.09,27039900
2007-01-10,71.81,73.11,70.64,70.99,30567100
2007-01-11,70.99,72.85,70.77,70.98,29161699
2007-01-12,71.21,72.71,71.2,72.66,24438000
2007-01-16,72.5,72.65,71.25,71.63,25444400
2007-01-17,71.49,72.62,71.41,72.46,31292199
2007-01-18,72.67,73.13,71.19,71.96,23581900
2007-01-19,72.5,73.63,72.2,73.53,23882600
2007-01-22,73.65,73.75,72.5,72.9,21679301
2007-01-23,73.55,74.91,73.47,74.49,29016400
2007-01-24,74.5,74.99,73.75,74.9,19785400
2007-01-25,74.62,74.94,73.36,73.52,22630100
2007-01-26,73.89,74.49,73.45,73.61,20505301
2007-01-29,73.65,74.09,72.8,73.2,17369900
2007-01-30,73.45,74.59,73.33,74.39,21565500
2007-01-31,74.39,74.72,73.48,74.1,24248801
2007-02-01,74.58,75.28,73.81,75.08,25167000
2007-02-02,75,75.79,74.45,75.54,24299301
2007-02-05,75.65,75.88,75.06,75.67,18168801
2007-02-06,75.86,75.97,75.04,75.46,16221400
2007-02-07,75.4,75.88,74.53,74.79,18127900
2007-02-08,74.28,75.63,74.24,75.46,18741301
2007-02-09,75.46,75.73,74.91,75.22,17734199
2007-02-12,74.93,75.07,74.33,74.6,16537699
2007-02-13,74.8,75.5,74.59,75.45,15839620
2007-02-14,75.9,76,74.99,75.6,17648971
2007-02-15,75.19,75.49,74.72,75.34,17871900
2007-02-16,75.26,75.55,75.01,75.29,18329199
2007-02-20,74.9,75.05,74.29,74.87,15840200
2007-02-21,74.72,75.27,74.25,74.78,17886400
2007-02-22,74.62,75.21,74.2,75.08,17165301
2007-02-23,75.29,75.55,75.04,75.22,17687900
2007-02-26,75.52,76.1,75.26,75.4,17803539
2007-02-27,74.89,75.23,71.38,71.83,34500102
2007-02-28,72.23,73.6,71.18,71.68,55723000
2007-03-01,70.9,72.08,70.05,70.99,39439262
2007-03-02,70.95,71.25,69.31,70.01,27454600
2007-03-05,69.35,70.84,69.02,69.98,32984770
2007-03-06,70.7,71.02,70.2,71,26626400
2007-03-07,71,72.86,70.56,71.64,31564100
2007-03-08,72.15,72.18,71.2,71.85,27405801
2007-03-09,71.95,72.38,70.9,71.12,28668301
2007-03-12,70.8,71.4,70.7,70.87,20149600
2007-03-13,70.37,71.56,69.73,69.91,27376699
2007-03-14,70.1,71.02,69.64,71.02,30053699
2007-03-15,70.71,71.24,70.4,70.69,23538500
2007-03-16,70.77,70.87,69.52,69.86,46739781
2007-03-19,70.12,71.18,70.11,71.1,23182850
2007-03-20,71.12,72,71.02,72,23683270
2007-03-21,72.44,73.33,71.87,73.23,28800051
2007-03-22,73.53,74.92,73.47,74.36,27213721
2007-03-23,74.66,75.42,74.65,75.0242,26377891
2007-03-26,75.44,75.69,74.51,75.47,27548211
2007-03-27,75.37,75.97,75,75.71,21789199
2007-03-28,76.16,76.25,75.21,75.56,24720051
2007-03-29,75.83,76.29,75.57,76.24,21695350
2007-03-30,76.24,76.35,74.94,75.45,24020230
2007-04-02,75.35,76.4,75.28,76.16,21424670
2007-04-03,76.1,76.97,75.63,76.8,22425971
2007-04-04,76.59,77.22,76.03,77.11,20875039
2007-04-05,77.1,77.31,76.88,77.22,20233090
2007-04-09,76.77,77.72,76.68,76.8,17668180
2007-04-10,76.8,77.85,76.75,77.57,18697461
2007-04-11,77.6,77.67,76.68,76.77,25032029
2007-04-12,76.97,77.49,76.46,77.39,24257949
2007-04-13,77.5,77.67,77.08,77.41,19044449
2007-04-16,77.64,78.22,77.04,78.17,20518359
2007-04-17,78.27,78.74,77.95,78.4,22772650
2007-04-18,78.17,78.4,77.76,78.2,17428789
2007-04-19,77.93,78.01,77.15,77.46,19092150
2007-04-20,78.38,79.8,78,79.76,41107801
2007-04-23,79.5,79.98,79.1,79.2,23496410
2007-04-24,79,79.35,78.5,78.6,24864430
2007-04-25,78.84,80.2,78.76,79.92,28125721
2007-04-26,80.03,80.86,79.57,80.55,25949711
2007-04-27,80.24,80.75,79.88,80.36,16462650
2007-04-30,80.3,80.88,79.38,79.38,21750000
2007-05-01,79.5,79.99,79.05,79.66,24303141
2007-05-02,79.83,80.19,79.37,79.82,17602350
2007-05-03,79.83,80.92,79.8,80.68,17915170
2007-05-04,81,81.76,80.22,80.55,19889131
2007-05-07,80.5,81.13,80.22,80.83,20894721
2007-05-08,80.57,81.41,80.26,81.38,17957170
2007-05-09,81.19,81.45,80.4,81.42,19708170
2007-05-10,81.06,81.06,79.31,79.39,20753670
2007-05-11,79.69,81.23,79.63,81.23,18836350
2007-05-14,81.21,81.62,80.73,81.25,17667160
2007-05-15,81.01,81.78,80.95,81.13,17169551
2007-05-16,80.84,81.49,80.31,81.45,16386510
2007-05-17,81.25,82.44,81.01,81.8,19649090
2007-05-18,82.14,83.33,82.08,83.26,24913990
2007-05-21,83.42,84.32,83.3,83.59,25013039
2007-05-22,83.4,84.14,82.73,82.77,19085680
2007-05-23,83.12,83.62,82.69,82.99,19877740
2007-05-24,83.18,83.84,81.89,82.28,21976330
2007-05-25,82.66,83.68,82.66,83.51,17840439
2007-05-29,83.27,83.29,81.91,82.62,19247859
2007-05-30,82.18,84.1,81.96,84,26462439
2007-05-31,83.9,84.25,83.12,83.17,21101631
2007-06-01,83.56,84.24,83.47,84.22,20358150
2007-06-04,83.96,84.44,83.8,84.22,16477109
2007-06-05,83.95,84.6,83.65,84.26,21209010
2007-06-06,84.17,84.35,83.05,83.62,21350910
2007-06-07,83.4,84.47,81.76,81.96,29232070
2007-06-08,81.77,82.71,81.23,82.68,23397020
2007-06-11,82.68,83.85,82.34,83.06,16637811
2007-06-12,82.77,83.31,81.95,82,21789051
2007-06-13,82.32,83.5,82.25,83.35,27139891
2007-06-14,83.45,84.97,83.45,84.77,19593240
2007-06-15,85.07,86.45,85.04,85.94,30131301
2007-06-18,86.09,86.58,85.86,86.36,17749051
2007-06-19,86.19,86.43,85.71,85.84,19530340
2007-06-20,85.88,85.94,82.77,82.82,27906801
2007-06-21,83.36,84.68,83.12,84.3,32010000
2007-06-22,84.2,84.2,82.11,82.52,39188512
2007-06-25,82.4,83.76,82.11,82.37,25748859
2007-06-26,82.64,83.09,81.56,81.82,26925141
2007-06-27,81.32,83.52,80.85,83.48,25835279
2007-06-28,83.81,84.39,83.18,83.6,19956859
2007-06-29,84.15,84.99,83.06,83.88,24724721
2007-07-02,84.5,85,84.12,84.82,20106510
2007-07-03,85,85.65,84.64,85.36,9444736
2007-07-05,85.39,85.87,84.15,85.16,17969961
2007-07-06,85.63,86.95,85.37,86.46,22993830
2007-07-09,86.53,87.89,86.25,87.44,19190189
2007-07-10,86.95,87.97,86.32,86.5,25990670
2007-07-11,86.4,87.38,85.9,87.29,20264900
2007-07-12,87.7,89.73,87.29,89.62,24754840
2007-07-13,89.7,90.8,89.39,90.33,22919410
2007-07-16,89.33,90.22,88.73,89.7,22405600
2007-07-17,90.17,90.56,89.01,89.09,23480279
2007-07-18,88.82,91.4,88.75,91.15,30708420
2007-07-19,91.54,92.74,91.2,92.29,24943609
2007-07-20,92.01,93.09,91.27,91.94,30816330
2007-07-23,91.93,93.62,91.3,93.44,24361961
2007-07-24,92.52,92.8862,90.84,90.84,31843961
2007-07-25,91.24,93.18,89.35,92.79,31459891
2007-07-26,90.41,91,86.53,88.23,45377699
2007-07-27,87.91,88.5,85.49,85.59,41054141
2007-07-30,86,86.48,84.28,86.01,35269031
2007-07-31,86.77,87.32,84.92,85.13,33887762
2007-08-01,84.99,87.3,83.61,85.84,38794500
2007-08-02,85.75,86.04,83.51,85.18,37048121
2007-08-03,84.62,85.88,81.53,82.08,36179566
2007-08-06,81.95,83.8,80.42,83.54,40556961
2007-08-07,83.15,86.48,82.52,85.7,35922621
2007-08-08,85.71,87.9,85.35,87.9,36566672
2007-08-09,85.69,86.79,83.6,83.6,35962289
2007-08-10,82.51,85.15,82.1,84.51,32653721
2007-08-13,85.24,85.24,82.51,82.92,25347500
2007-08-14,83.34,83.9,81.99,83.13,30063920
2007-08-15,83.27,84.4,81.36,81.69,27618980
2007-08-16,80.85,81.93,78.76,80.67,49293207
2007-08-17,82.29,84.78,81.98,84.14,36057219
2007-08-20,83.85,84.98,82.8,84.53,23530670
2007-08-21,84.5,84.67,82.51,83.15,23477260
2007-08-22,83.73,84.24,83.03,83.58,22356801
2007-08-23,84.05,84.56,83.05,83.75,24174100
2007-08-24,83.75,85.85,83.74,85.69,21028000
2007-08-27,85.11,85.59,84.72,85.12,16248790
2007-08-28,84.86,84.86,83,83,25856600
2007-08-29,83.49,85.6,83.22,85.23,23581500
2007-08-30,84.93,86.25,84.36,85.4,22126000
2007-08-31,86.54,86.99,85.41,85.73,21918199
2007-09-04,85.31,87.76,85.31,87.23,20320590
2007-09-05,86.91,87.39,86.28,87.22,21354801
2007-09-06,87.67,88.24,87.02,87.49,20760029
2007-09-07,86.72,87.14,85.21,85.75,23819820
2007-09-10,85.67,86.24,83.88,84.86,27623301
2007-09-11,85.19,87.23,84.57,86.94,26418400
2007-09-12,86.77,88.37,86.73,87.65,25134199
2007-09-13,87.85,89.15,87.71,88.62,22000801
2007-09-14,88.1,89.68,87.87,88.67,23682930
2007-09-17,88.5,89.74,88.3,89.26,18976600
2007-09-18,89.62,91.93,89.16,91.76,26408721
2007-09-19,92.3,93.1,91.87,92.12,27113660
2007-09-20,92.42,92.63,91.84,92.09,18598699
2007-09-21,92.87,93.4,92.09,92.31,34337602
2007-09-24,92.08,92.52,91.3,91.73,22347150
2007-09-25,90.68,91.96,90.21,91.96,25854490
2007-09-26,92.43,92.75,91.51,92.37,23346500
2007-09-27,92.9,93.3,91.68,92.97,17400971
2007-09-28,93.13,93.66,92.14,92.56,19509391
2007-10-01,92.45,93.99,92.21,93.95,19294199
2007-10-02,93.32,93.4,91.3,92.24,21524100
2007-10-03,91.63,91.68,90.72,91.33,18114680
2007-10-04,91.34,91.65,90.33,90.92,28847699
2007-10-05,91.2,91.65,90.64,91.36,18990600
2007-10-08,90.6,90.82,90.16,90.68,12830980
2007-10-09,90.99,92.78,90.99,92.67,17634650
2007-10-10,91.69,93.68,91.55,93.13,18336461
2007-10-11,93.6,95.07,91.87,92.66,20879520
2007-10-12,93.1,93.84,92.81,93.48,15147810
2007-10-15,94.15,95.15,94.15,94.82,25545449
2007-10-16,94.74,95.22,94.46,94.74,21902779
2007-10-17,95.08,95.27,93.33,94.8,26552760
2007-10-18,94.63,95.24,94.15,95.05,20489000
2007-10-19,94.7,94.75,92,92.14,34449020
2007-10-22,91.17,91.68,89.67,90.91,25174990
2007-10-23,91.47,92.4,90.0027,91.35,24110221
2007-10-24,90.87,92.34,90.5,92.13,24302699
2007-10-25,92.49,92.49,90.62,91.57,27408211
2007-10-26,92.74,92.91,91.5,92.21,20978600
2007-10-29,92.36,94.27,92.29,93.61,18222910
2007-10-30,92.925,93.19,90.76,91.14,20510311
2007-10-31,91.46,92.18,90.5,91.99,32109801
2007-11-01,89.83,90.95,88,88.5,35578152
2007-11-02,88.69,89.2,86.84,87.93,29025480
2007-11-05,87.02,88.27,86.51,87.66,24804561
2007-11-06,87.76,90.5,87.76,90.38,25451971
2007-11-07,89.78,90.1,87.16,87.2,27375391
2007-11-08,88.01,90.04,87.61,89.42,32706609
2007-11-09,88.94,88.99,86.52,86.85,27568270
2007-11-12,86.24,86.4,83.74,84.54,28922900
2007-11-13,84.35,87,83.37,86.88,25649119
2007-11-14,87.46,88.64,85.74,86.31,21304471
2007-11-15,85.7,86.67,83.85,84.49,22807500
2007-11-16,85.16,86.26,84.5,85.1,30347311
2007-11-19,84.63,85.43,84,84.11,20781270
2007-11-20,84.98,88.72,84.97,87.82,31140900
2007-11-21,87.96,88.62,86.73,87.04,22849439
2007-11-23,87.05,88.43,86.91,88.29,8870688
2007-11-26,88.12,88.78,85.47,85.68,22949330
2007-11-27,85.23,86.58,84,86.38,27941689
2007-11-28,86.88,88.27,86.01,87.92,29493760
2007-11-29,87.5,89.46,87.5,88.59,22440369
2007-11-30,88.52,89.47,87.81,89.16,28193061
2007-12-03,88.97,89.18,88.14,88.85,22244770
2007-12-04,88.18,88.83,87.71,88.12,16816529
2007-12-05,88.76,90.55,88.76,89.92,23952570
2007-12-06,89.89,91.67,89.51,91.44,21126980
2007-12-07,91.25,92,90.7699,91.5,17055420
2007-12-10,91.75,92.56,91.58,92.03,15578920
2007-12-11,92.36,92.95,90,90.28,20021020
2007-12-12,91.77,93.09,90.87,91.92,25705711
2007-12-13,91.29,92.85,90.86,92.72,19789311
2007-12-14,92.16,92.89,91.18,91.18,20504850
2007-12-17,90.65,90.9,89.4,89.89,22643039
2007-12-18,90.72,91.54,89.04,91.42,22555471
2007-12-19,91.06,92,90.44,91.43,19570369
2007-12-20,91.52,92.22,90.93,92.13,15109130
2007-12-21,92.74,93.95,92.32,93.43,34452129
2007-12-24,93.51,94,93.33,93.66,6336068
2007-12-26,93.68,95,93.64,94.81,15294020
2007-12-27,94.81,94.98,93.67,93.67,14365600
2007-12-28,94.05,95.1,93.52,95,17326990
2007-12-31,94.61,94.96,93.51,93.69,13654650
2008-01-02,94.15,94.55,92.78,93.51,23351900
2008-01-03,93.86,94.74,93.51,93.83,19160570
2008-01-04,93.24,94.36,91.88,92.08,24730609
2008-01-07,92.5,93.15,90.25,91.22,28937240
2008-01-08,91.86,92.05,89.68,90.05,21764430
2008-01-09,90.11,91.73,89.5,91.56,26198730
2008-01-10,90.75,92.16,90.07,91.66,27285211
2008-01-11,91.01,91.86,90,90.3,22727199
2008-01-14,90.84,91.25,90.08,90.83,20425730
2008-01-15,89.89,89.89,88.49,89.02,26485920
2008-01-16,88.45,89.35,85.91,86.53,35965340
2008-01-17,87.47,87.91,83.49,83.91,34096441
2008-01-18,84,86.47,82.8,85.08,43830238
2008-01-22,80,83.98,79.5,82.45,49613480
2008-01-23,80.01,83.49,77.55,83.45,47397180
2008-01-24,84.29,86.0688,83.03,86,31180631
2008-01-25,86.7,86.99,83.6,83.94,27931641
2008-01-28,83.5,85.34,82.54,85.13,23643141
2008-01-29,85.22,86.36,84.45,85.08,22488430
2008-01-30,84.54,87.47,84.35,85.28,24131811
2008-01-31,84.22,86.4,83.1,86.4,32956891
2008-02-01,87.7,87.86,84.85,85.95,28440100
2008-02-04,86.04,86.29,84.85,85.44,18836789
2008-02-05,84.11,84.22,82.1,82.11,30568051
2008-02-06,82.69,83.07,81.09,81.44,29192539
2008-02-07,80.97,82.51,80.36,81.89,26609211
2008-02-08,82,82.4,80.96,81.71,24176461
2008-02-11,81.85,83.3,81.04,83.22,22696930
2008-02-12,83.6,85.08,83.3,84.38,25134730
2008-02-13,84.71,85.7,84.5,85.49,21546580
2008-02-14,85.65,86.7,85.32,85.55,21176000
2008-02-15,85.19,85.6,84.39,85.37,23961029
2008-02-19,86.52,87.97,86.52,87.01,22600320
2008-02-20,86.31,88.6,86.17,88.1,24723711
2008-02-21,87.71,88,86.18,86.92,30107211
2008-02-22,87.46,87.79,86.03,87.17,23487020
2008-02-25,87.17,89.37,87.07,89.13,23875859
2008-02-26,88.75,90,88.4,89.89,21329090
2008-02-27,89.4,90.17,89.1209,89.39,20323039
2008-02-28,89.12,90,88.85,89.38,24996029
2008-02-29,88.77,89.29,86.25,87.01,26540131
2008-03-03,86.83,88.41,86.58,87.75,23192279
2008-03-04,87.47,87.99,85.5,86.69,30371320
2008-03-05,86.8,87.62,86.05,87.19,30812619
2008-03-06,86.93,87.07,84.44,84.51,28976869
2008-03-07,83.91,84.06,81.97,82.49,30749131
2008-03-10,82.75,83.5,82,82.46,32432760
2008-03-11,83.96,86.68,83.55,86.68,34837879
2008-03-12,86.61,87.23,85.68,85.97,26617609
2008-03-13,85.33,87.5,84.9,87.05,29347211
2008-03-14,87.74,87.86,84.79,85.91,35740930
2008-03-17,83.88,86.75,83.54,85.79,39028633
2008-03-18,86.61,88.47,86.12,88.47,33312730
2008-03-19,87.81,88.5,84.35,84.43,35073594
2008-03-20,84.18,85.41,82.75,85,44960090
2008-03-24,85.17,86.95,85.04,85.95,22309039
2008-03-25,86.26,86.38,84.33,85.2,27078199
2008-03-26,85.23,87,84.91,86.26,23023990
2008-03-27,86.82,87.5,86.07,86.2,21760090
2008-03-28,86.05,87.08,85,85.22,21660971
2008-03-31,85.69,86.38,84.58,84.58,36841992
2008-04-01,84.8,87.04,84.26,87.02,23957080
2008-04-02,86.85,89.12,86.69,88.52,23234221
2008-04-03,88,89.38,87.9,88.23,20083801
2008-04-04,88.48,89.5,88.31,88.74,18607859
2008-04-07,89.32,89.95,88.69,88.92,19585400
2008-04-08,88.73,89.74,88.23,89.61,15830890
2008-04-09,89.72,90.15,89.11,89.7,21920910
2008-04-10,89.53,89.99,88.66,89.55,21774631
2008-04-11,88.9,89.75,88.49,88.62,17922971
2008-04-14,88.74,89.98,88.53,89.7,19611641
2008-04-15,90.06,90.89,89.65,90.8,19495660
2008-04-16,90.9,93,90.76,92.89,26872539
2008-04-17,92.48,93.79,92.2,93.38,22888189
2008-04-18,93.36,94.45,92.93,94,25910971
2008-04-21,94,94.47,93.38,94.26,17254350
2008-04-22,94.1,94.93,93.81,94.39,20719141
2008-04-23,94.27,94.48,92.5,94.22,23944789
2008-04-24,93.41,93.66,92.14,92.6,23537141
2008-04-25,93.21,93.4,91.71,92.46,23369580
2008-04-28,92.57,93.71,92.32,92.45,17319270
2008-04-29,92.42,93.64,91.79,91.79,29455449
2008-04-30,92.25,94.51,92.17,93.07,29782529
2008-05-01,90.1,90.43,88.3,89.7,43679398
2008-05-02,90.05,90.54,89.11,89.61,27505539
2008-05-05,89.7,90.55,89.26,89.51,21275340
2008-05-06,89.28,90.39,89,90.07,28062170
2008-05-07,90.07,90.18,88.67,88.82,27581680
2008-05-08,89,89.95,88.52,89.93,24332180
2008-05-09,89.37,89.59,87.97,88.82,24055490
2008-05-12,88.43,89.47,87.6,89.19,23054270
2008-05-13,88.87,89.95,88.53,89.68,21164949
2008-05-14,89.85,90.99,89.59,89.91,24181439
2008-05-15,90.33,91.3,89.96,91.3,28392850
2008-05-16,91.85,92.95,91.61,92.67,29838961
2008-05-19,92.91,94.59,92.5,94.36,25203961
2008-05-20,94.47,94.88,93.93,94.56,26901801
2008-05-21,94.63,96.12,93.46,93.67,43222168
2008-05-22,93.76,94.29,92.41,92.51,32042561
2008-05-23,92.64,92.96,90.66,90.7,25348721
2008-05-27,90.04,90.14,89.03,89.8,25886199
2008-05-28,89.13,90.58,88.88,90.43,22324000
2008-05-29,89.87,90.53,89.25,89.35,24692539
2008-05-30,89.58,89.86,88.42,88.76,27125471
2008-06-02,88.09,88.71,87.42,87.81,25959391
2008-06-03,87.68,88.26,85.61,85.71,31491000
2008-06-04,85.3,86.73,85,85.75,34112848
2008-06-05,86.25,89.31,86.12,89.31,30271199
2008-06-06,89.79,90.5,86.67,86.79,34326941
2008-06-09,87.61,89.13,87.16,89.07,24233391
2008-06-10,88.77,88.99,86.82,87.89,27281240
2008-06-11,88.8,89.4,87.77,88.61,24085010
2008-06-12,87.98,88.43,86.82,87.06,32264750
2008-06-13,86.53,88.4,86.32,88.36,21050730
2008-06-16,88.49,88.71,87.79,87.99,18504170
2008-06-17,87.87,88.99,87.48,88.62,22026740
2008-06-18,88.08,88.66,87.2,87.83,23499711
2008-06-19,88.04,88.2,85.5,85.79,26604150
2008-06-20,86.3,86.426,84.77,84.91,36185809
2008-06-23,85.1,87.7,85.09,87.7,23603189
2008-06-24,87.53,88,86.34,86.92,21587510
2008-06-25,87.25,88.5,85.95,87.6,27120420
2008-06-26,87.69,88.52,86.37,86.41,26340660
2008-06-27,86.84,87.54,86.14,86.55,28283430
2008-06-30,86.81,88.2,86.81,88.13,26936270
2008-07-01,87.87,88.35,86.75,88.35,26027090
2008-07-02,88.5,89.63,87.24,87.41,34280102
2008-07-03,87.97,89.53,86.9,88.27,23125061
2008-07-07,87.86,88.879,86.38,86.95,29642961
2008-07-08,86.12,86.79,84.86,85.94,35906219
2008-07-09,86.15,87.2,84.12,84.31,29082730
2008-07-10,84.3,86.06,83.76,86.06,30953340
2008-07-11,86.28,86.64,84.31,85.48,29437109
2008-07-14,86,86.47,84.48,85.42,21553000
2008-07-15,85.65,85.67,81.87,82.19,34405961
2008-07-16,81.89,81.99,79.41,80.81,40415406
2008-07-17,81.3,81.79,79.1,80.33,39193754
2008-07-18,80.63,81.54,79.93,81.54,36139246
2008-07-21,81.84,82.98,81.11,82.98,24805471
2008-07-22,82.56,83.23,81.57,82.86,27909020
2008-07-23,82.98,83,80.6,80.99,31083461
2008-07-24,81.2,81.95,79.73,80.8,36789328
2008-07-25,81.01,82.41,80.76,81.7,27553789
2008-07-28,81.87,82.23,80.65,80.68,24017539
2008-07-29,80.83,81.2,79.75,80.9,25873160
2008-07-30,80.9,84.76,80.53,84.38,36414566
2008-07-31,81.82,82.55,80.19,80.43,40875922
2008-08-01,80.55,81.1,79.45,79.72,28767230
2008-08-04,79.63,80.13,76.14,76.6,37887320
2008-08-05,76.5,78.35,76.21,78.35,40089059
2008-08-06,78.5,78.65,77.24,78.33,30790850
2008-08-07,78.68,79.11,77.31,77.44,25347820
2008-08-08,76.9,78.85,76.31,78.72,29318900
2008-08-11,78.52,78.95,77.04,78.16,24566930
2008-08-12,78.57,78.65,76.51,76.88,26005869
2008-08-13,76.81,78.63,76.8,78.17,30658561
2008-08-14,77.6,78.15,76.91,77.45,25848859
2008-08-15,77.09,77.28,76.19,77.07,26281580
2008-08-18,77.46,78.05,76.3,76.53,22944561
2008-08-19,76.38,78.27,76.37,77.95,22135279
2008-08-20,78.54,79.66,77.38,78.81,25970150
2008-08-21,79.28,80.95,79,80.35,24639189
2008-08-22,80,80.7,79.15,80.3,19665551
2008-08-25,80.27,80.56,78.64,78.71,20637100
2008-08-26,78.82,80,78.82,79.95,18754051
2008-08-27,80.67,81.28,80,80.47,20391990
2008-08-28,81.06,81.19,79.89,81.18,20289721
2008-08-29,81.5,81.5,80.01,80.01,22061920
2008-09-02,78.04,78.89,77.28,77.32,31778840
2008-09-03,77.01,78.6,77.01,78.02,27015020
2008-09-04,77.68,78.34,75.7,76.14,32201150
2008-09-05,76,76.39,74.69,75.62,27870260
2008-09-08,76.76,77.55,76,76.77,31224141
2008-09-09,76.07,76.99,73.26,73.26,38473879
2008-09-10,73.88,75.8,73.54,75.25,31399199
2008-09-11,74.56,75.75,73.62,75.56,35642273
2008-09-12,75.52,77.7,75.51,77.5,28651010
2008-09-15,74.94,77.9,73.25,73.25,40196840
2008-09-16,71.99,76.75,71.51,76.43,42584633
2008-09-17,75.6,79.12,74.82,75.28,43491832
2008-09-18,76.29,77.75,74.55,77.75,48235953
2008-09-19,80.49,82,78.22,79.61,58873352
2008-09-22,80.2,81.8,78.53,78.88,32001500
2008-09-23,78.57,80.5,77.58,77.69,27831430
2008-09-24,77.95,79.5,77.02,78.03,27539859
2008-09-25,78.54,81.3,78.5,80.67,36147398
2008-09-26,79.03,81.03,78.61,80.65,28941119
2008-09-29,78.92,80,74.06,74.06,58785660
2008-09-30,75.62,78.61,75.17,77.66,42033738
2008-10-01,77.19,79.23,74.93,78.58,34338672
2008-10-02,77.77,79.41,76.44,77.5,44102551
2008-10-03,77.85,81.75,77.55,77.94,44284578
2008-10-06,75.65,77.5,73.73,77.32,65938703
2008-10-07,78,79.88,74.96,76.07,62793578
2008-10-08,74.85,79.39,74,77,74944227
2008-10-09,77.6,78.45,67.47,68,68794641
2008-10-10,63.86,66.06,56.51,62.36,112904797
2008-10-13,64.9,73.74,63.88,73.08,64894480
2008-10-14,75.05,75.66,68.71,72.46,64132578
2008-10-15,70.76,70.76,61.33,62.35,61255512
2008-10-16,63.31,69.68,59.17,69.45,78117391
2008-10-17,67.05,72.44,65.6,68.04,58399961
2008-10-20,70.37,75,69.74,74.99,44881699
2008-10-21,72.45,74.33,69.2138,71.5,43798527
2008-10-22,68.74,69.36,63.9,64.57,52095969
2008-10-23,65.88,70.39,64.39,70.39,64685969
2008-10-24,64.01,70.98,64,69.04,54630367
2008-10-27,67.58,70.98,65,66.09,48785941
2008-10-28,68.87,75.45,67.06,74.86,69020328
2008-10-29,74.87,77.99,73.06,74.65,62712312
2008-10-30,75,75.75,71.44,75.05,56161328
2008-10-31,74.37,77.36,73.25,74.12,52836320
2008-11-03,73.45,75.18,72.5,74.29,35460238
2008-11-04,75.13,77.96,75.07,77.49,48261422
2008-11-05,76.25,77.34,72.84,73.69,45401801
2008-11-06,73.12,73.88,69.4,69.96,52870367
2008-11-07,70.48,75.59,70.48,73.95,44691727
2008-11-10,75.1,75.84,72.8,74.02,38045207
2008-11-11,72.65,74.16,71.59,72.65,42011871
2008-11-12,71.35,72.22,68.7,68.93,50523281
2008-11-13,69.54,76.5,67.5401,75.41,72793055
2008-11-14,73.8,77.75,71.9,73.68,53998367
2008-11-17,73.5,76.46,73,73.38,48701781
2008-11-18,73.5,76.99,73.03,76.33,57794793
2008-11-19,76.2,77.13,73.05,73.42,57451594
2008-11-20,71.84,75.42,68.3,68.51,76887008
2008-11-21,69.78,76.2,69.15,75.81,84559859
2008-11-24,76.82,80.23,75.31,78.8,74998250
2008-11-25,78.39,79.56,75.39,78.11,56812320
2008-11-26,77.38,81.03,76.58,80.89,46704352
2008-11-28,79.86,80.44,79.2,80.15,19646689
2008-12-01,77.89,77.98,74.31,74.31,55592113
2008-12-02,75.59,78,74.93,77.61,54658328
2008-12-03,76.16,79.44,75.73,78.93,57469992
2008-12-04,77.54,79,75.02,76.27,65356793
2008-12-05,75.67,77.98,72.68,76.6,65011059
2008-12-08,78.59,80.06,78.191,79.6,51586379
2008-12-09,79.02,79.63,77.51,78.2,47068941
2008-12-10,79.22,81.7143,78.87,80.07,44095727
2008-12-11,80.33,81.92,79.41,80.02,50081762
2008-12-12,78.04,81,77.84,80.45,44333512
2008-12-15,81.32,81.5,78.86,79.95,43413008
2008-12-16,80.41,83.64,80.07,83.14,58479246
2008-12-17,82.57,83.24,81.06,81.06,52258113
2008-12-18,80.555,80.98,76.2,77,59697461
2008-12-19,76.8,78.33,75.02,75.02,68481633
2008-12-22,75.21,75.87,73.27,74.91,41022461
2008-12-23,75.5,76.36,74.52,75.1,32758740
2008-12-24,74.62,76.1,74.45,75.78,11330440
2008-12-26,76.04,77.4,76.04,77.19,17061180
2008-12-29,78.28,78.55,77.09,78.02,22853850
2008-12-30,78.02,79.2,77.58,78.59,25126189
2008-12-31,78.42,80.59,78.29,79.83,30029779
2009-01-02,80.06,82.11,78.9,81.64,35825762
2009-01-05,81.27,82.42,80.68,81.63,43367219
2009-01-06,82.14,82.73,79.63,80.3,41970152
2009-01-07,79.25,80.19,77.56,78.25,35346578
2009-01-08,77.91,79.57,77.9,79.09,30817039
2009-01-09,78.88,79.25,77.38,77.57,32933621
2009-01-12,76.54,77.52,76.01,76.54,38115711
2009-01-13,76.46,78.34,76.46,77.92,47135754
2009-01-14,77.04,77.31,74.32,75.1,48119059
2009-01-15,74.7,76.7,74.01,76.66,55594070
2009-01-16,77.62,78.45,76.52,78.1,45529359
2009-01-20,77.08,78.63,76,76.29,42841141
2009-01-21,76.255,79.38,76,79.26,43318262
2009-01-22,77.69,78.92,76.59,78.23,40204633
2009-01-23,76.4,78.8,75.78,78.04,46022699
2009-01-26,78.675,80.17,77.87,78.6,42762551
2009-01-27,78.27,79.43,77.62,78.92,38516059
2009-01-28,79.37,79.6,77.1413,79.25,45360191
2009-01-29,77.58,78,76.64,77,39095602
2009-01-30,78.25,78.89,76,76.48,51905301
2009-02-02,76.06,77.12,75.66,76.69,36113793
2009-02-03,76.85,78.64,76.67,78.12,39574020
2009-02-04,78.55,78.89,77.05,77.66,29608801
2009-02-05,77.57,79.92,76.43,79.78,39603340
2009-02-06,78.81,80.49,78.7,80.34,36404320
2009-02-09,80.39,80.5,78.7,79.48,27766350
2009-02-10,79.28,79.6,75.69,76.14,43839609
2009-02-11,76.61,76.77,73.61,74.58,47910301
2009-02-12,73.57,75.25,72.7,75.22,42859660
2009-02-13,74.99,75.58,74.44,74.59,30388211
2009-02-17,72.72,72.91,71.16,71.28,41844246
2009-02-18,71.51,72.58,71.27,71.94,34330910
2009-02-19,71.87,72.96,71.77,72.16,31236029
2009-02-20,70.94,72.22,70.21,71.23,42811770
2009-02-23,72.25,72.8,69.06,69.3,40719340
2009-02-24,69.72,72.29,69.65,72.09,48888379
2009-02-25,71.4,73.49,70.5,72.05,55508680
2009-02-26,71.77,73.48,70.87,70.95,37216199
2009-02-27,69.79,70.23,67.9,67.9,64954578
2009-03-02,67,67.43,64.84,64.91,54829059
2009-03-03,65.84,66.12,64.08,64.36,48931848
2009-03-04,65.56,66.54,64.79,65.68,51516941
2009-03-05,64.18,64.58,62.13,62.22,50248047
2009-03-06,62.98,64.59,61.86,64.03,47093281
2009-03-09,62.88,65.98,62.87,64.57,42726680
2009-03-10,65.59,67.48,65.34,67.39,51673480
2009-03-11,67.38,67.96,65.35,65.77,37472312
2009-03-12,66.01,67.49,65.72,67.15,40433238
2009-03-13,67.39,67.6318,66.3704,67.2,35226480
2009-03-16,67.04,68.23,66.57,66.97,33593449
2009-03-17,66.81,69.24,66.36,69.09,30841439
2009-03-18,68.51,70,66.86,69.17,41893008
2009-03-19,70.4,70.43,67.94,68.33,38603312
2009-03-20,68.64,69.44,65.67,66.09,67262789
2009-03-23,66.99,70.82,66.86,70.53,51750961
2009-03-24,69.6,70.69,69.15,69.38,32117141
2009-03-25,69.7,71.17,68.76,70.16,36740961
2009-03-26,70.68,71.49,69.82,71.23,37732910
2009-03-27,70.05,70.6,69.29,69.98,29513131
2009-03-30,68.54,68.845,67.58,68.63,32211199
2009-03-31,69.04,69.34,67.74,68.1,41127059
2009-04-01,67.04,69.48,66.5,69.23,39377191
2009-04-02,70.73,71.15,69.7,70.25,38162609
2009-04-03,69.76,70.79,69.4,70.44,26710350
2009-04-06,69.66,70.43,69.01,70.05,27192971
2009-04-07,69.03,69.25,68.03,68.71,28035461
2009-04-08,68.57,69.59,67.89,68.96,26022150
2009-04-09,69.95,70.41,69.25,69.84,26870490
2009-04-13,68.64,69.06,67.76,68.02,27912301
2009-04-14,67.24,67.925,66.35,67.7,32703811
2009-04-15,67.59,68.5,67.23,68.14,24545641
2009-04-16,68.61,68.61,66.82,67.41,27917010
2009-04-17,67.84,68.06,66.58,66.75,32606971
2009-04-20,66.02,66.415,65.18,65.29,31879789
2009-04-21,65.29,66.28,64.87,66.23,32235221
2009-04-22,65.64,65.84,64.56,64.75,31078070
2009-04-23,65.31,65.76,64.5,65.71,29218590
2009-04-24,66.21,67,65.91,66.57,32352580
2009-04-27,65.29,66.65,65.05,66.13,26587439
2009-04-28,65.36,67.73,65.36,67.08,27424270
2009-04-29,67.32,68.63,67.11,68.44,28974869
2009-04-30,68.64,68.74,66.22,66.67,35088422
2009-05-01,67.13,68.06,66.08,68.01,27386289
2009-05-04,68.5,68.91,67.67,68.2,27312609
2009-05-05,68.08,68.32,67.16,67.65,20004920
2009-05-06,68.04,68.6,67.44,68.58,30814801
2009-05-07,69,69.04,67.62,68.93,32548650
2009-05-08,69.4,71.23,69.39,70.8,35887641
2009-05-11,69.48,69.64,68.84,69.27,23717420
2009-05-12,69.77,71.2,69.55,70.82,28337270
2009-05-13,69.98,70.57,69.43,69.77,26012430
2009-05-14,69.52,70.08,65.6,69.76,21298150
2009-05-15,69.31,69.75,68.59,69.11,26714539
2009-05-18,69.74,70.76,69.5,70.5,25071891
2009-05-19,70.31,71.13,70.07,70.52,20853881
2009-05-20,71,71.39,69.35,69.61,28550801
2009-05-21,68.72,68.98,67.99,68.39,24034939
2009-05-22,68.62,69.68,68.39,68.83,18624330
2009-05-26,68.39,69.95,67.91,69.81,29408471
2009-05-27,69.8,70.62,68.17,68.3,23016141
2009-05-28,68.54,69.8,68.13,69.23,27801141
2009-05-29,69.8,70.25,68.95,69.35,33192488
2009-06-01,70.46,72.04,70.25,71.76,31805520
2009-06-02,71.44,73.21,71.44,72.92,28677320
2009-06-03,72.39,72.45,71.33,72.08,29759971
2009-06-04,72.67,73.05,72.07,72.98,25935070
2009-06-05,73.25,73.5,72.03,72.97,26483670
2009-06-08,72.48,73.69,72,73.17,23300260
2009-06-09,73.56,73.82,72.37,73.12,21944420
2009-06-10,73.97,74.12,72.84,73.84,27361020
2009-06-11,74,74.83,73.12,74.05,30857170
2009-06-12,73.43,74.16,73.1,73.78,21698410
2009-06-15,72.64,72.96,72.25,72.81,27873340
2009-06-16,73.34,73.43,71.58,71.63,24219820
2009-06-17,71.06,71.78,70.84,71.42,29930320
2009-06-18,71.23,72.09,71.16,71.44,20734631
2009-06-19,71.85,72,70.42,71.05,42768898
2009-06-22,70.1,70.17,68.69,68.84,28399180
2009-06-23,69.28,69.64,68.51,68.95,24146949
2009-06-24,69.3,69.62,68.18,68.45,20861439
2009-06-25,68.31,70.03,68.08,69.88,30904820
2009-06-26,69.67,69.79,68.86,69.05,27662930
2009-06-29,69.45,70.78,69.13,70.58,24359131
2009-06-30,70.6,70.97,69.11,69.91,27340350
2009-07-01,70.67,71.51,70.41,70.56,22548789
2009-07-02,69.57,69.72,68,68.49,22952990
2009-07-06,67.67,68.15,66.36,68.1,29777779
2009-07-07,67.61,67.81,66.37,66.56,25057811
2009-07-08,66.56,67.13,65.5,66.26,30050770
2009-07-09,66.8,66.97,65.71,65.97,22776570
2009-07-10,65.1,65.4,64.75,65.12,25920971
2009-07-13,65.17,65.73,64.46,65.7,31657289
2009-07-14,66.2,66.35,65.46,66.22,22881609
2009-07-15,67.2,68.51,66.89,68.44,29660260
2009-07-16,68.2,68.8,67.48,68.46,23547820
2009-07-17,68.3,68.75,67.85,68.52,25792859
2009-07-20,69.11,69.38,68.13,68.94,21276340
2009-07-21,69.42,70.51,69.33,70.47,25949500
2009-07-22,69.88,70.72,69.52,69.99,24780150
2009-07-23,69.82,71.74,69.73,71.61,27122900
2009-07-24,71.36,72.38,71.26,72.29,18187850
2009-07-27,72.41,72.79,71.75,72.75,17361721
2009-07-28,71.88,72.5,71.11,71.89,23044471
2009-07-29,71.07,71.58,70.3,71.43,24101199
2009-07-30,70.3,71.52,69.91,70.72,37845910
2009-07-31,70.36,70.5,69.43,70.39,28071609
2009-08-03,70.96,71.4,70.3,70.65,24760660
2009-08-04,70.25,70.64,70,70.6,18614660
2009-08-05,70.48,70.49,69.61,70.03,20349051
2009-08-06,70.01,70.03,69.41,69.73,17370270
2009-08-07,70.01,70.3899,69.35,69.47,18042891
2009-08-10,69.12,69.71,69.03,69.18,16235270
2009-08-11,68.7,68.79,67.95,68.13,16953160
2009-08-12,68.23,69.55,68.15,69.11,19183689
2009-08-13,69.22,69.22,68.17,68.75,20236430
2009-08-14,68.52,68.66,67.65,68.21,19229529
2009-08-17,67.37,67.37,66.51,66.55,24340320
2009-08-18,66.7,66.81,66.26,66.49,21527320
2009-08-19,66.09,68.19,66.09,68,28435090
2009-08-20,68.09,68.78,67.87,68.59,17247680
2009-08-21,69.45,70,69.21,69.92,26166650
2009-08-24,70.04,71.65,69.93,71.3,25603650
2009-08-25,71.7,71.89,70.55,70.68,21184910
2009-08-26,70.05,71.47,69.9,71.37,18776949
2009-08-27,71.07,71.17,69.99,70.86,21395619
2009-08-28,71.2,71.2,69.95,70.12,17716449
2009-08-31,69.45,69.85,68.95,69.15,24339230
2009-09-01,68.93,69.5,68.11,68.41,24376100
2009-09-02,68.35,68.9,68.12,68.18,16315830
2009-09-03,68.47,68.655,67.83,68.26,15162000
2009-09-04,68.22,69.3,68.13,69.18,15157790
2009-09-08,69.85,70.97,69.7,70.65,21966270
2009-09-09,70.8,71.05,70.09,70.5,19653150
2009-09-10,70.83,71.04,70.4,70.65,19178400
2009-09-11,70.89,71.08,69.75,69.98,17470859
2009-09-14,69.11,70.29,69.04,70,17483520
2009-09-15,70.18,70.18,69.45,69.49,19482250
2009-09-16,69.86,70.38,69.18,70.34,22155609
2009-09-17,69.95,70.45,69.8,69.84,20989670
2009-09-18,70.27,70.48,69.68,69.99,43252809
2009-09-21,69.15,69.68,69,69.57,17983939
2009-09-22,70.03,70.14,69.7,69.83,14563660
2009-09-23,69.87,70.34,68.85,69,20903439
2009-09-24,69,69.36,68.35,68.93,21558170
2009-09-25,68.86,69.54,68.41,68.7,16455510
2009-09-28,68.81,69.85,68.64,69.59,13301740
2009-09-29,69.36,69.71,68.95,69.07,14697800
2009-09-30,68.98,69.24,68.04,68.61,27119840
2009-10-01,68.39,68.5,67.09,67.27,24934211
2009-10-02,66.97,67.14,66.5,66.58,20478910
2009-10-05,66.79,67.78,66.11,67.58,21855619
2009-10-06,68.01,69.1,67.78,68.66,21169250
2009-10-07,68.48,68.93,67.96,68.67,15304970
2009-10-08,68.97,69.3,68.7,69.05,19231461
2009-10-09,68.96,69.27,68.63,69.27,13543250
2009-10-12,69.51,70.5,69.44,70.13,16234330
2009-10-13,70.25,70.39,69.52,70.26,19337789
2009-10-14,70.84,71.88,70.75,71.84,25286881
2009-10-15,71.51,73,71.51,72.94,24101961
2009-10-16,72.73,73.35,72.31,73.12,23557029
2009-10-19,73.15,73.97,73,73.62,20406211
2009-10-20,73.38,73.54,72.36,73.02,20050119
2009-10-21,72.65,74.3,72.51,73.31,23101750
2009-10-22,73.02,74.65,73.01,74.44,26023449
2009-10-23,74.33,74.33,72.97,73.57,20672221
2009-10-26,73.81,74.92,73.13,73.23,27129090
2009-10-27,73.3,75,73.3,74.91,30344789
2009-10-28,74.52,74.96,73.84,73.84,26355211
2009-10-29,72.57,74,72.1,73.96,30048461
2009-10-30,73.37,73.82,71.05,71.67,32175840
2009-11-02,72.05,72.85,71.16,72.15,20426510
2009-11-03,71.32,72.3,71.16,71.74,20550449
2009-11-04,72.07,72.53,71.04,71.3,22793131
2009-11-05,71.95,72.75,71.58,72.5,16237130
2009-11-06,71.82,72.69,71.5,72.58,18185070
2009-11-09,72.96,73.17,72.45,72.85,16810760
2009-11-10,72.46,73.23,72.45,72.61,15696600
2009-11-11,73.04,73.43,72.53,72.91,14398560
2009-11-12,72.68,73.05,71.71,71.9,16587939
2009-11-13,72.05,73.16,71.73,72.47,14461540
2009-11-16,73.65,74.67,73.33,74.43,21329250
2009-11-17,74.73,75.16,74.49,75.03,22925400
2009-11-18,75.25,75.4,74.71,75.27,16646461
2009-11-19,74.77,74.9,74.05,74.65,17254949
2009-11-20,74.38,74.81,74.03,74.38,19269881
2009-11-23,75.44,75.9643,75.32,75.7,18947439
2009-11-24,75.7,75.99,74.8,75.97,17122131
2009-11-25,76,76.54,75.66,76.47,13269500
2009-11-27,74.65,75.38,74.35,74.87,12105200
2009-11-30,74.49,75.35,74.35,75.07,21436590
2009-12-01,76,76.24,75.29,76.04,17376551
2009-12-02,75.97,76.3,75.35,75.79,14787070
2009-12-03,75.58,75.76,74.91,74.99,17854949
2009-12-04,75.69,75.97,73.91,74.25,23701449
2009-12-07,73.95,74.72,73.59,73.77,17836350
2009-12-08,73.47,73.5,72.41,72.95,18493561
2009-12-09,73,73.55,72.1,72.79,17229811
2009-12-10,73.32,73.56,72.21,72.4,23427270
2009-12-11,72.89,73.15,72.32,72.83,17129600
2009-12-14,70.8,71.3,69.28,69.69,91458875
2009-12-15,69.97,70.11,68.82,69.17,54426273
2009-12-16,69.58,69.6,68.42,68.43,57711793
2009-12-17,68.36,68.8645,68.13,68.22,46626953
2009-12-18,68.56,68.8,67.64,68.21,62989301
2009-12-21,68.47,68.7467,68.22,68.51,34477660
2009-12-22,68.62,69.211,68.5,68.57,27945859
2009-12-23,68.75,68.78,68.2,68.26,18961850
2009-12-24,68.35,68.75,68.16,68.66,8149156
2009-12-28,69.08,69.12,68.74,69.08,19698000
2009-12-29,69.28,69.4,68.8,68.84,19987090
2009-12-30,68.71,68.96,68.39,68.77,19861250
2009-12-31,68.84,68.86,68.11,68.19,18852289
2010-01-04,68.72,69.26,68.19,69.15,27811320
2010-01-05,69.19,69.45,68.8,69.42,30178590
2010-01-06,69.45,70.6,69.34,70.02,35047449
2010-01-07,69.9,70.06,69.415,69.8,27194131
2010-01-08,69.69,69.75,69.22,69.52,24899480
2010-01-11,69.94,70.52,69.65,70.3,30684920
2010-01-12,69.72,69.99,69.52,69.95,31497631
2010-01-13,69.96,70.04,69.26,69.67,24884990
2010-01-14,69.54,69.74,69.35,69.68,18637840
2010-01-15,69.65,69.69,68.65,69.11,29412820
2010-01-19,68.74,69.35,68.42,69.27,26088330
2010-01-20,68.56,68.66,67.9325,68.03,34630621
2010-01-21,68.12,68.15,66.5,66.7,39118680
2010-01-22,66.52,67.14,66,66.1,39088367
2010-01-25,66.55,66.76,65.69,65.85,29305090
2010-01-26,65.64,66.74,65.5,65.92,34084391
2010-01-27,65.66,66.06,65,65.54,35726238
2010-01-28,65.85,65.85,64.57,64.96,37364539
2010-01-29,65.15,65.82,64.02,64.43,40880441
2010-02-01,65.77,66.41,65.35,66.18,37703000
2010-02-02,66.73,67.12,66.47,66.96,34063219
2010-02-03,66.88,67.23,66.56,66.6,24024760
2010-02-04,66.27,66.35,64.68,64.72,33866320
2010-02-05,64.7,64.9,63.56,64.8,42300719
2010-02-08,64.91,65.49,64.34,64.35,30520990
2010-02-09,65.11,65.71,64.56,65.2,36245594
2010-02-10,65.08,65.22,64.16,64.85,21701650
2010-02-11,64.69,65.48,64.41,65.24,23559461
2010-02-12,64.62,65.14,64.28,64.8,30637061
2010-02-16,65.44,66.38,65.08,66.28,30518369
2010-02-17,66.34,66.45,65.57,65.76,21822730
2010-02-18,65.8,66.09,65.35,65.96,22544029
2010-02-19,65.59,66.24,65.43,65.87,24265699
2010-02-22,66.1,66.12,65.25,65.4,20469689
2010-02-23,65.26,65.56,64.15,64.94,33377391
2010-02-24,65.01,65.8667,64.77,65.55,21470260
2010-02-25,64.61,65.17,64.37,65.14,25669109
2010-02-26,65.26,65.4,64.92,65,20130430
2010-03-01,65.36,65.54,65.09,65.4,18798699
2010-03-02,65.66,65.79,65.15,65.49,24828350
2010-03-03,65.77,65.97,65.38,65.43,22285020
2010-03-04,65.35,65.63,65.08,65.4,21963420
2010-03-05,65.96,66.52,65.78,66.47,26838551
2010-03-08,66.77,66.79,66.23,66.48,20300109
2010-03-09,66.32,67.19,66.22,66.78,29003051
2010-03-10,67.16,67.415,66.78,67.22,24811711
2010-03-11,67.39,67.56,66.98,67.22,19372500
2010-03-12,67.58,67.58,66.5,66.8,23362869
2010-03-15,66.67,66.69,65.9,66.3,22073721
2010-03-16,66.55,66.68,66,66.57,35111738
2010-03-17,66.91,67.79,66.8,67.36,38776078
2010-03-18,67.5,67.74,67.01,67.39,25928529
2010-03-19,67.84,67.89,66.43,67.04,45564168
2010-03-22,66.49,67.2,66.32,66.97,21393090
2010-03-23,66.94,66.98,66.45,66.95,24754609
2010-03-24,66.57,66.86,66.23,66.5,19754750
2010-03-25,66.81,66.92,66.24,66.3,21100301
2010-03-26,66.44,66.88,66.17,66.54,30554820
2010-03-29,66.66,67.48,66.59,67.3,26128211
2010-03-30,67.19,67.3,66.79,67.05,17748461
2010-03-31,66.94,67.19,66.6,66.98,22354369
2010-04-01,67.27,67.8,67.19,67.61,19619230
2010-04-05,67.84,68.36,67.72,68.19,20902590
2010-04-06,67.99,68.35,67.8,67.9,19776939
2010-04-07,67.83,67.85,66.97,67.34,24531961
2010-04-08,67.01,68.225,66.85,67.86,24063660
2010-04-09,68.11,68.98,68.07,68.76,21099711
2010-04-12,68.8,69.05,68.58,68.71,18170590
2010-04-13,68.47,68.76,68.07,68.66,19179180
2010-04-14,68.72,68.82,68.36,68.61,18787350
2010-04-15,68.5,68.72,68.15,68.26,16718500
2010-04-16,68.12,68.7,67.71,67.93,33866168
2010-04-19,67.75,68.44,67.57,68.23,25687211
2010-04-20,68.62,69.22,68.5,68.97,22989641
2010-04-21,69,69.43,68.57,68.92,21120240
2010-04-22,68.52,68.73,68.22,68.56,21654619
2010-04-23,68.5,69.27,68.18,69.24,24341369
2010-04-26,69.03,69.53,68.93,69.29,18238859
2010-04-27,69.01,70,68.2,68.27,36376941
2010-04-28,68.87,69.54,68.61,69.19,33248148
2010-04-29,68.45,69.66,68.24,68.66,47204020
2010-04-30,68.9,69.31,67.73,67.77,43762031
2010-05-03,68.11,68.22,67.18,67.84,30740279
2010-05-04,67.15,67.26,66,66.47,31646811
2010-05-05,65.94,66.94,65.83,66.17,30262480
2010-05-06,65.79,66.23,58.46,63.89,58336262
2010-05-07,64.5,64.92,63.23,63.7,69010812
2010-05-10,65.42,65.75,64.52,65.23,38337512
2010-05-11,64.62,65,64.23,64.46,29802311
2010-05-12,64.64,65.34,64.5,64.91,25390811
2010-05-13,64.87,65.27,64.32,64.74,26794350
2010-05-14,64.5,64.73,62.91,63.6,38815328
2010-05-17,63.74,63.88,62.26,63.27,31928920
2010-05-18,64.05,64.27,62.42,62.79,34467566
2010-05-19,62.46,62.94,62,62.45,36725941
2010-05-20,61.47,61.68,60.21,60.33,57201199
2010-05-21,59.16,60.95,59.16,60.88,52809160
2010-05-24,60.74,61,60.13,60.19,27873510
2010-05-25,58.99,59.78,58.46,59.71,50541738
2010-05-26,60.08,60.46,59.12,59.31,34031879
2010-05-27,60.5,61.55,60.1,61.46,31913641
2010-05-28,61.21,61.67,60.28,60.46,32081289
2010-06-01,60.38,60.86,59.14,59.25,32977398
2010-06-02,59.51,60.8,59.233,60.77,28670750
2010-06-03,61.23,62.01,60.6,61.56,32385590
2010-06-04,60.74,61.05,59.2895,59.525,45019191
2010-06-07,59.98,60.41,59.2,59.3,28391760
2010-06-08,59.62,61.44,59.38,61.24,48460641
2010-06-09,61.58,61.6,59.82,60.03,31693109
2010-06-10,61.5,62,61.16,61.89,33020031
2010-06-11,61.68,61.92,61.18,61.86,21228430
2010-06-14,62.06,62.46,61.32,61.37,24667869
2010-06-15,61.89,62.57,61.49,62.51,24534070
2010-06-16,61.97,62.62,61.9,62.51,20654230
2010-06-17,62.42,62.7,61.95,62.6,23311211
2010-06-18,62.78,63.37,62.4,63.1,32749230
2010-06-21,64.1,64.5,62.85,63.13,24878330
2010-06-22,63.13,63.2,61.79,61.94,26148100
2010-06-23,61.71,62.26,60.9,61.1,38059719
2010-06-24,60.82,61.2,59.87,60.07,34188930
2010-06-25,60.15,60.24,59.1,59.1,118023508
2010-06-28,59.31,59.39,58.47,58.47,43023953
2010-06-29,58,58.09,57,57.29,52536871
2010-06-30,57.33,57.73,56.92,57.07,43944859
2010-07-01,56.98,57.27,56.17,56.61,47753898
2010-07-02,56.85,56.99,55.94,56.57,32767900
2010-07-06,57.17,57.59,56.77,57.46,36915141
2010-07-07,57.37,58.45,57.26,58.43,41797121
2010-07-08,59.13,59.2,58.13,58.81,40434594
2010-07-09,58.76,59.01,58.3,58.78,25978680
2010-07-12,58.29,58.94,58.2,58.94,23516461
2010-07-13,59.6,59.72,59.04,59.42,30514189
2010-07-14,59.22,59.34,58.62,59.26,26063779
2010-07-15,59.36,59.49,58.59,59.27,24741779
2010-07-16,58.84,59.11,57.81,57.96,35805633
2010-07-19,58.33,58.74,58.1,58.43,20959971
2010-07-20,57.68,58.99,57.67,58.95,23810039
2010-07-21,59.13,59.13,57.6,58.17,26859670
2010-07-22,58.71,59.79,58.66,59.38,27052369
2010-07-23,59.26,59.81,58.8,59.72,19285330
2010-07-26,59.7,60.44,59.63,60.39,20226631
2010-07-27,60.62,60.9,60.39,60.81,22401461
2010-07-28,60.73,61.27,60.73,60.91,23511010
2010-07-29,61.42,61.88,60.29,60.34,33770727
2010-07-30,60.15,60.51,59.5978,59.68,29367891
2010-08-02,60.64,62.04,60.61,61.94,28144150
2010-08-03,61.98,62.99,61.88,62.72,31075730
2010-08-04,62.86,62.89,62.27,62.72,21034369
2010-08-05,62.28,62.71,61.85,62.71,19990711
2010-08-06,61.92,62.5,61.25,61.97,23097789
2010-08-09,62.56,62.67,62.18,62.45,14736900
2010-08-10,61.85,62.17,61.45,61.93,23198150
2010-08-11,60.55,60.66,60.2,60.39,24281240
2010-08-12,59.7,60.56,59.56,60.23,16958859
2010-08-13,59.96,60.45,59.8,59.91,14656220
2010-08-16,59.6,60.25,59.25,59.88,14309750
2010-08-17,60.49,61.16,60.14,60.82,20130170
2010-08-18,60.67,60.72,59.63,60.15,20076311
2010-08-19,59.93,60.06,58.9,59.29,21176961
2010-08-20,59.02,59.07,58.55,58.89,21013039
2010-08-23,58.97,60.05,58.9,59.5,21340840
2010-08-24,58.96,59.45,58.79,58.94,25686359
2010-08-25,58.69,59.4,58.42,58.91,20967930
2010-08-26,59.36,59.5,58.33,58.48,22332779
2010-08-27,58.72,59.96,58.05,59.8,28279561
2010-08-30,59.56,59.9,58.96,59,16265030
2010-08-31,58.75,59.54,58.5,59.11,26985520
2010-09-01,60.04,60.96,59.72,60.91,26286170
2010-09-02,60.49,61.06,60.3675,61.06,18664160
2010-09-03,61.2,61.6,60.75,61.32,21984891
2010-09-07,60.89,61.07,60.45,60.55,19441381
2010-09-08,60.66,61.26,60.63,60.75,17380590
2010-09-09,61.5,61.59,60.91,61.05,16526779
2010-09-10,61.38,61.48,60.95,61.2,14489440
2010-09-13,61.39,61.52,60.54,61,23149150
2010-09-14,60.84,61.34,60.75,61.01,17987240
2010-09-15,60.76,61.03,60.36,61,18769859
2010-09-16,60.85,60.99,60.45,60.97,16437221
2010-09-17,61.19,61.3,60.63,60.78,26447340
2010-09-20,61.04,61.82,60.95,61.55,21799141
2010-09-21,61.65,61.9,61.25,61.54,20533119
2010-09-22,61.56,62,61.41,61.45,18203580
2010-09-23,60.99,61.57,60.9,61.15,18099480
2010-09-24,61.51,62.13,61.36,61.75,25145289
2010-09-27,61.99,62.0768,61.68,61.71,16642789
2010-09-28,61.63,62.26,61.27,62.06,18809449
2010-09-29,61.77,62.02,61.27,61.59,21160881
2010-09-30,61.95,62.44,61.47,61.79,25463699
2010-10-01,62.32,62.58,61.8,62.54,24167039
2010-10-04,62.52,62.73,61.84,62.19,16902430
2010-10-05,62.59,63.4,62.43,63.26,25185340
2010-10-06,63.18,63.94,63.18,63.94,21649010
2010-10-07,63.96,64,63.37,63.85,19468721
2010-10-08,63.81,64.53,63.63,64.38,22379199
2010-10-11,64.36,64.81,64.31,64.55,13856350
2010-10-12,64.31,64.885,63.93,64.7,20733830
2010-10-13,64.84,65.2917,64.57,65.04,22561980
2010-10-14,65.05,65.45,64.87,65.3,17790920
2010-10-15,65.64,65.65,64.82,65.19,25505400
2010-10-18,65.19,66.54,65.03,66.28,22491250
2010-10-19,65.59,66.0401,64.5901,65.12,25375439
2010-10-20,65.47,66.395,65.35,66.01,20543869
2010-10-21,66.29,66.8,65.65,66.32,21291119
2010-10-22,66.51,66.55,66.13,66.34,13333100
2010-10-25,66.68,66.81,66.16,66.2,16517000
2010-10-26,65.96,66.57,65.81,66.53,17652859
2010-10-27,65.95,65.99,65.085,65.67,23358891
2010-10-28,66.43,66.7,66.05,66.22,20464109
2010-10-29,66.1,66.56,65.99,66.49,19270801
2010-11-01,66.72,67.21,66.6299,66.95,22372619
2010-11-02,67.32,68.25,67.21,67.84,26192109
2010-11-03,68.23,68.27,67.32,67.97,26553039
2010-11-04,68.4,69.6009,68.29,69.38,31222570
2010-11-05,69.44,70,69.4,70,26531689
2010-11-08,69.49,70.42,69.46,70.32,23636631
2010-11-09,70.29,71.11,70.1018,70.63,33938070
2010-11-10,70.96,71.16,70.15,71.13,25482320
2010-11-11,71,71.9,70.73,71.83,23791320
2010-11-12,71.38,71.4,70.43,70.99,24598039
2010-11-15,71.01,71.22,70.44,70.48,18779520
2010-11-16,69.62,69.82,68.56,68.94,27595020
2010-11-17,68.84,69.38,68.56,69.01,17471801
2010-11-18,69.65,70.39,69.64,70.31,18325180
2010-11-19,70.2,70.59,69.36,70.54,24116320
2010-11-22,70.1,70.3,68.79,70.19,18907869
2010-11-23,68.8,69.15,68.32,68.98,22671930
2010-11-24,69.25,70,69.19,69.88,19351010
2010-11-26,69.3,69.43,68.9,69.23,7324730
2010-11-29,68.86,69.64,68.3,69.45,20025289
2010-11-30,68.55,69.75,68.32,69.56,27524240
2010-12-01,70.38,71.551,70.38,71.33,26590180
2010-12-02,71.19,71.658,70.95,71.48,21281289
2010-12-03,71.01,71.3,70.89,71.19,19459170
2010-12-06,71.2,71.6,71.06,71.31,15986720
2010-12-07,71.91,72.18,71.42,71.46,23698971
2010-12-08,71.87,72.22,71.48,71.85,22662480
2010-12-09,72.0503,72.14,71.3262,72,17972740
2010-12-10,72.18,72.18,71.62,72.18,17699490
2010-12-13,72.41,72.75,72.065,72.36,21172270
2010-12-14,72.23,72.5,71.93,72.18,20627830
2010-12-15,71.87,72.31,71.79,71.85,20978949
2010-12-16,71.92,72.33,71.57,72.22,18515750
2010-12-17,72.11,72.39,71.78,72.17,36761219
2010-12-20,72.24,72.5,71.88,72.22,16045720
2010-12-21,72.43,72.97,72.23,72.72,21773680
2010-12-22,72.94,73,72.65,72.8,14609740
2010-12-23,72.94,73.2,72.83,73.2,11391630
2010-12-27,72.81,73.3,72.81,73.01,9758569
2010-12-28,73.2,73.56,72.96,73.42,14424070
2010-12-29,73.41,73.69,73.34,73.37,11798950
2010-12-30,73.29,73.51,73.05,73.36,10791280
2010-12-31,73.16,73.51,73.02,73.12,15273710
2011-01-03,73.72,74.79,73.64,74.55,23325250
2011-01-04,74.71,74.95,74.42,74.9,20037340
2011-01-05,74.67,74.87,74.14,74.7,16550801
2011-01-06,74.9,75.43,74.67,75.18,22527830
2011-01-07,75.21,75.9,75.09,75.59,19299711
2011-01-10,75.13,75.27,74.58,75.13,20767730
2011-01-11,75.02,75.86,75.02,75.69,15806020
2011-01-12,75.94,76.62,75.67,76.58,17364369
2011-01-13,76.65,76.82,75.98,76.71,20438770
2011-01-14,76.67,78,76.5,77.84,23478850
2011-01-18,77.79,78.85,77.72,78.71,23883529
2011-01-19,78.63,78.93,78.13,78.24,21844000
2011-01-20,77.98,78.16,76.77,77.75,29121510
2011-01-21,78.21,79.1,78.06,78.98,25092141
2011-01-24,78.85,79.18,78.09,78.59,24875061
2011-01-25,78.22,78.99,77.93,78.68,21635461
2011-01-26,78.71,79.86,78.49,79.66,25555311
2011-01-27,79.84,79.98,79.34,79.88,17007680
2011-01-28,79.779,79.89,78.87,78.99,26303311
2011-01-31,79.92,80.82,79.01,80.68,34514379
2011-02-01,81.14,83.96,81.04,83.91,40837230
2011-02-02,83.59,83.98,83.26,83.41,18177740
2011-02-03,83.06,83.55,82.46,83.44,19654359
2011-02-04,83.25,83.52,82.85,83.28,16559990
2011-02-07,83.45,84,83.36,83.93,15309950
2011-02-08,83.5,83.65,82.64,82.98,17472180
2011-02-09,82.44,82.78,81.77,82.55,15899700
2011-02-10,81.68,83.31,81.61,83.2,21050430
2011-02-11,82.23,83.41,82.23,82.82,16001180
2011-02-14,82.07,85.11,81.89,84.91,33108238
2011-02-15,84.79,84.89,82.67,82.97,25689381
2011-02-16,83.06,83.86,82.86,83.69,16673420
2011-02-17,83.97,83.97,83.05,83.88,17854510
2011-02-18,83.91,84.5,83.5,84.5,22839779
2011-02-22,84.97,86.7,84.73,85.44,32584369
2011-02-23,86,88.23,85.47,87.07,38624980
2011-02-24,87.2,87.53,85.46,85.97,28578199
2011-02-25,85.79,86.24,85.29,85.34,22230850
2011-02-28,85.87,86.56,85.49,85.53,24509990
2011-03-01,86.41,86.5,84.7,84.8,23003250
2011-03-02,84.59,85.32,83.55,85.08,17425641
2011-03-03,85.46,85.95,85.05,85.82,17154029
2011-03-04,85.92,86,84.7,85.08,20041260
2011-03-07,85.84,86.08,84.69,84.72,18072711
2011-03-08,84.6,85.11,83.75,84.6,17672779
2011-03-09,84.12,84.55,83.56,84.38,13304770
2011-03-10,83.8,83.8,81.2,81.38,26059891
2011-03-11,81.02,82.91,80.1,82.12,17617740
2011-03-14,81.67,82.64,81.46,82.38,16396170
2011-03-15,80.17,82.09,79.75,81.39,23207811
2011-03-16,81.23,81.81,78.8,79.31,33429070
2011-03-17,80.38,81.5,80.23,81.16,21954289
2011-03-18,81.77,82.33,80.85,80.85,28929430
2011-03-21,81.87,83.33,81.86,82.84,18212680
2011-03-22,83.1,83.23,82.33,82.56,16228330
2011-03-23,82.65,83,82,82.6,15396560
2011-03-24,82.78,83.47,82.55,82.73,17022779
2011-03-25,82.99,83.93,82.82,83.62,16504160
2011-03-28,83.86,84.01,83.45,83.47,14612530
2011-03-29,83.16,83.89,82.61,83.25,16289030
2011-03-30,83.8,84.86,83.51,84.49,15779240
2011-03-31,84.82,84.94,84.11,84.13,15330260
2011-04-01,84.72,84.84,84.17,84.68,15558250
2011-04-04,84.26,84.93,84.07,84.87,13100750
2011-04-05,84.68,85.94,84.56,85.42,17140061
2011-04-06,85.73,85.885,84.96,85.18,13343280
2011-04-07,85.16,85.79,84.91,85.76,16031490
2011-04-08,86,86.22,85.36,85.95,15951020
2011-04-11,85.95,86.15,84.78,85.16,13037420
2011-04-12,84.24,84.25,82.67,83.18,20766480
2011-04-13,83.58,83.95,82.56,83.16,14495910
2011-04-14,82.38,83.8425,82.38,83.44,15722480
2011-04-15,83.8,84.4725,83.36,84.29,17033859
2011-04-18,83.11,84,82.44,83.1,15119090
2011-04-19,82.97,83.99,82.97,83.8,12782400
2011-04-20,85.05,85.68,84.87,85.65,15477220
2011-04-21,85.765,86.43,85.56,86.36,12813790
2011-04-25,86.29,86.5,85.89,86.22,9837330
2011-04-26,86.43,87.48,86.26,87.42,17913410
2011-04-27,87.48,87.9,86.29,87.78,17760910
2011-04-28,87.03,87.5,86.53,87.34,18712311
2011-04-29,87.43,88,87.03,87.98,17354930
2011-05-02,88.1,88.13,86.47,86.97,18652141
2011-05-03,86.59,86.78,85.04,85.62,18421881
2011-05-04,85.19,85.6,83.91,84.81,22881090
2011-05-05,83.52,83.99,81.59,82.62,27514949
2011-05-06,83.27,84.1,81.85,82.69,26335801
2011-05-09,83.01,83.72,82.16,83.18,18266301
2011-05-10,83.08,83.76,82.5,83.34,17698061
2011-05-11,82.51,82.6892,80.44,81.12,24199131
2011-05-12,80.62,81.59,79.42,81.05,21872289
2011-05-13,81.29,81.77,80.22,80.87,17642320
2011-05-16,80.22,81.27,80.12,80.24,16442391
2011-05-17,79.99,80.79,79.6,80.41,18100510
2011-05-18,80.88,82.27,80.43,81.74,17959971
2011-05-19,82.27,82.58,81.34,82.33,15248770
2011-05-20,81.98,82.25,80.9,81.57,19007180
2011-05-23,80.22,81.01,80.07,80.67,16300480
2011-05-24,81.05,82.12,80.94,81.29,15687290
2011-05-25,80.97,82.53,80.84,81.96,19354369
2011-05-26,81.6,82.57,81.19,82.39,16888711
2011-05-27,82.74,83.13,82.15,82.63,11949430
2011-05-31,83.28,83.75,82.72,83.47,23630699
2011-06-01,83.55,83.65,81.76,82.03,19551910
2011-06-02,81.77,82.32,80.65,81.33,18152510
2011-06-03,80.24,81.79,80.18,81.18,17281180
2011-06-06,80.93,81.19,80.08,80.29,15954220
2011-06-07,80.61,81.09,79.97,80,16217870
2011-06-08,80.61,81.87,80.52,80.76,23573711
2011-06-09,81.24,81.68,80.96,81.18,17665480
2011-06-10,80.95,80.95,79.72,79.78,18969561
2011-06-13,80,80.6,78.84,79.23,17854449
2011-06-14,80.05,80.82,79.94,80.38,16444881
2011-06-15,79.53,79.89,78.37,78.66,21714150
2011-06-16,78.59,79.51,78.33,79.22,19039820
2011-06-17,79.85,79.95,78.69,79.02,25468100
2011-06-20,78.65,79.95,78.62,79.71,15838570
2011-06-21,80.23,81.12,80.01,80.57,17898029
2011-06-22,80.16,80.67,79.57,79.82,18613080
2011-06-23,78.74,78.75,77.23,78.44,30036369
2011-06-24,78.55,78.63,76.78,76.78,36293754
2011-06-27,76.88,78.48,76.72,77.92,20610221
2011-06-28,78.57,79.66,78.38,79.63,18421990
2011-06-29,79.85,80.5,79.22,80.25,18900369
2011-06-30,80.39,81.41,80.27,81.38,19946070
2011-07-01,81.19,82.09,80.59,82.01,18050090
2011-07-05,81.3,82.12,81.258,81.6,18859260
2011-07-06,81.4,81.66,80.85,81.57,15042830
2011-07-07,82.27,82.6,81.87,82.36,18379420
2011-07-08,81.58,82.53,81.465,82.42,18336490
2011-07-11,81.3,82.11,81.12,81.9,20717109
2011-07-12,81.51,83.01,81.5,81.89,22639850
2011-07-13,82.27,83.46,82.08,82.48,19017891
2011-07-14,83.05,83.11,82.09,82.24,19416199
2011-07-15,82.42,83.09,82.26,83,22711320
2011-07-18,82.29,82.85,82.08,82.65,17343449
2011-07-19,82.9,83.76,82.8,83.63,16425650
2011-07-20,83.84,83.89,83.17,83.3,12809390
2011-07-21,83.86,85.24,83.75,85.02,21365330
2011-07-22,85.2,85.41,84.54,85.22,13153880
2011-07-25,84.2,85.13,84.2,84.57,14016570
2011-07-26,84.67,85.1,84.0401,84.37,16226880
2011-07-27,83.79,84.25,83.24,83.31,19826100
2011-07-28,81.74,82.45,81.15,81.46,24557561
2011-07-29,80.79,80.88,79.76,79.79,26610160
2011-08-01,80.82,81.18,78.74,79.6,22868680
2011-08-02,78.9,79.61,77.82,77.84,28410430
2011-08-03,77.94,78.1,76.46,77.72,28373320
2011-08-04,76.68,77.13,73.51,73.84,42632520
2011-08-05,75.01,75.795,72.07,74.82,47168141
2011-08-08,72.74,73.44,69.9,70.19,58863910
2011-08-09,70.79,71.87,67.03,71.64,61753246
2011-08-10,70.74,70.99,67.46,68.03,47763641
2011-08-11,68.81,72.402,68.63,71.58,50331840
2011-08-12,72.36,73.1,71.6,72,31129039
2011-08-15,73.04,74.375,72.75,74.29,23389340
2011-08-16,73.35,74.34,72.83,73.5,26343631
2011-08-17,74.29,74.75,73.5,74.16,18269760
2011-08-18,72.41,72.79,70.21,70.94,35459953
2011-08-19,70.07,71.98,69.67,69.8,34936473
2011-08-22,72.15,72.16,69.58,70.18,27202820
2011-08-23,70.6,73.8,70.52,73.66,38062199
2011-08-24,72.96,73.86,72.27,73.54,22756609
2011-08-25,73.64,73.92,71.27,71.77,30924471
2011-08-26,70.88,73,70.21,72.64,26978590
2011-08-29,73.33,74.22,72.98,74.12,18967920
2011-08-30,73.59,74.4,72.97,73.91,22440400
2011-08-31,74.36,74.87,73.34,74.02,29191500
2011-09-01,74.15,74.86,73.45,73.49,23395439
2011-09-02,72.11,72.69,71.5,72.14,21071830
2011-09-06,70.14,71.32,69.91,71.15,25416359
2011-09-07,72.24,73.65,71.75,73.65,23113020
2011-09-08,73.39,74.3393,72.54,72.82,22438480
2011-09-09,72.17,72.57,70.5925,71.01,27969369
2011-09-12,70.34,71.89,69.87,71.84,26206590
2011-09-13,71.76,71.98,70.81,71.65,22828510
2011-09-14,71.96,73.76,71.16,72.64,26044189
2011-09-15,73.43,74.06,72.68,74.01,21861199
2011-09-16,74.52,74.75,73.57,74.55,34654688
2011-09-19,72.91,74.1,72.5,73.7,19823949
2011-09-20,73.87,74.98,73.44,74.01,20421061
2011-09-21,73.88,74.29,71.83,71.97,23812699
2011-09-22,69.94,70.46,68.17,69.24,43224473
2011-09-23,68.46,70.11,67.93,69.31,26583301
2011-09-26,70.01,71.89,69.5,71.72,30345240
2011-09-27,73.33,74.3401,72.42,72.91,26691730
2011-09-28,72.43,74.295,71.86,72.07,26027301
2011-09-29,73.12,74.04,72.67,73.88,27714869
2011-09-30,72.76,74.59,72.63,72.63,30921410
2011-10-03,72.05,73.095,71.15,71.15,31005439
2011-10-04,70.25,73.15,69.21,72.83,36460207
2011-10-05,72.67,74,72.21,73.95,28243660
2011-10-06,73.3,74,72.63,73.89,24871461
2011-10-07,74.47,74.52,73.03,73.56,23574770
2011-10-10,74.73,76.29,74.65,76.28,20465721
2011-10-11,75.78,76.67,75.71,76.27,17863910
2011-10-12,76.74,77.66,76.31,77.16,22240150
2011-10-13,76.22,76.7905,75.84,76.37,19540240
2011-10-14,77.1,78.23,77.07,78.11,17871920
2011-10-17,77.87,78.49,77.12,77.47,18837369
2011-10-18,77.57,79.51,77.02,78.89,23878631
2011-10-19,78.57,79.24,77.92,78.43,20911840
2011-10-20,78.32,79.11,77.83,78.71,22228391
2011-10-21,79.59,80.16,79.18,80.13,27855199
2011-10-24,79.92,80.5,79.55,80.17,19863289
2011-10-25,79.83,80.49,79.05,79.44,23434699
2011-10-26,80.16,81.27,79.28,81.07,27174600
2011-10-27,81.91,82.2,80.69,81.88,35502449
2011-10-28,80.99,81.99,80.44,81.48,21755740
2011-10-31,80.59,80.64,78,78.09,30619801
2011-11-01,75.82,77.11,75.45,75.94,35846391
2011-11-02,77.37,77.59,76.5,77.37,21773180
2011-11-03,78.19,79,77.44,78.86,24483270
2011-11-04,78.07,78.61,77.3754,78.52,18193680
2011-11-07,78.82,79.49,78.12,79.35,17998971
2011-11-08,79.25,79.88,78.63,79.76,19025211
2011-11-09,77.9,78.92,77.03,77.39,24130100
2011-11-10,78.53,79.02,77.64,78.7,18669369
2011-11-11,79.63,79.95,79.34,79.72,15134940
2011-11-14,79.53,79.75,78.39,78.96,13590280
2011-11-15,78.86,79.85,78.5,79.09,19477990
2011-11-16,78.24,79.75,78.06,78.25,20378820
2011-11-17,78.12,79.4253,77.1,77.86,25967020
2011-11-18,78.22,78.68,77.11,77.9,23108039
2011-11-21,76.53,77.33,76.06,76.91,20204369
2011-11-22,76.38,77.1,75.88,76.03,18925039
2011-11-23,75.03,75.32,74.53,74.58,23332850
2011-11-25,74.51,75.2,73.9,73.9,10254500
2011-11-28,75.84,76.51,75.33,75.84,20151789
2011-11-29,76.41,77.5,76.14,76.93,19769891
2011-11-30,78.42,80.53,78.37,80.44,33955262
2011-12-01,80.2,80.35,79.37,79.79,17261020
2011-12-02,80.67,80.74,79.65,79.79,19461539
2011-12-05,80.88,81.18,79.8,80.45,18295869
2011-12-06,80.63,81.64,80.29,80.82,20122850
2011-12-07,80.61,81.86,80.35,81.08,19645820
2011-12-08,80.75,80.85,79.55,79.87,18443631
2011-12-09,80.63,81.75,80.34,81.34,21843180
2011-12-12,80.73,81.09,79.21,80.05,17848109
2011-12-13,80.61,81.81,80.14,80.53,21873570
2011-12-14,79.59,80.165,78.66,79.44,23936689
2011-12-15,79.93,80.6,79.78,80.03,17961840
2011-12-16,80.74,80.91,79.88,80.16,33465949
2011-12-19,80.24,80.46,79.38,79.53,16048660
2011-12-20,80.66,82,80.61,82,21165230
2011-12-21,82.02,83.34,82,83.12,19160689
2011-12-22,83.56,84.83,83.3,84.29,19842580
2011-12-23,84.28,85.23,84.21,85.22,10251150
2011-12-27,84.97,85.63,84.95,85.28,10147450
2011-12-28,85.15,85.44,84.01,84.18,12772200
2011-12-29,84.09,85.33,84.09,85.27,10866140
2011-12-30,85.16,85.29,84.57,84.76,9769365
2012-01-03,85.97,86.6735,85.9,86,20907551
2012-01-04,85.79,86.15,85.1,86.02,16131400
2012-01-05,85.64,85.95,84.92,85.76,17453869
2012-01-06,85.92,86,85.11,85.12,15942140
2012-01-09,85,85.64,84.97,85.5,11667280
2012-01-10,86.07,86.21,85.38,85.72,13080710
2012-01-11,85.1,85.4,84.47,85.08,14839770
2012-01-12,84.39,84.92,83.94,84.74,17359490
2012-01-13,84.16,84.92,83.82,84.88,15551570
2012-01-17,85.75,86.13,85.4,85.69,15628520
2012-01-18,85.3,86.5,84.96,86.45,16754529
2012-01-19,86.34,87.24,85.77,87.03,16383450
2012-01-20,87.08,87.49,86.72,87.49,19221920
2012-01-23,87.5,87.94,87.03,87.47,15349200
2012-01-24,87.08,87.225,86.66,87.18,12364850
2012-01-25,86.77,87.38,85.81,87.22,18202211
2012-01-26,87.64,87.71,86.51,86.77,15663390
2012-01-27,86.24,86.505,85.77,85.83,15978520
2012-01-30,85.27,85.5,84.59,85.49,17870070
2012-01-31,84.92,85.34,83.46,83.74,27229961
2012-02-01,84.23,84.56,83.3775,83.97,22266551
2012-02-02,84.28,84.34,83.19,83.53,18020961
2012-02-03,84.24,85,84.05,84.92,16145350
2012-02-06,84.87,85.85,84.49,85.75,15002510
2012-02-07,85.22,86.44,84.94,86.34,15818780
2012-02-08,85.83,86.22,84.73,85.32,14762550
2012-02-09,85.33,85.69,84.67,84.88,17073381
2012-02-10,84.02,84.1,83.35,83.8,15333600
2012-02-13,84.34,84.595,83.89,84.42,11474150
2012-02-14,84.42,84.71,83.85,84.67,12962720
2012-02-15,84.86,84.92,83.91,84.12,13912930
2012-02-16,84.45,85.62,84.08,85.41,14771500
2012-02-17,86.07,86.12,84.92,85.62,16604971
2012-02-21,86.04,86.78,86.04,86.57,15482470
2012-02-22,86.84,87.25,86.65,86.92,11983900
2012-02-23,86.58,87.17,86.47,87.02,12405660
2012-02-24,87.37,87.47,87.01,87.34,10771410
2012-02-27,87.15,87.83,86.78,87.23,13332180
2012-02-28,87.23,87.44,86.55,87.14,14322140
2012-02-29,87.45,87.49,86.21,86.5,18295779
2012-03-01,86.47,87.175,86.41,86.83,12640610
2012-03-02,86.66,86.75,85.85,86.33,11346860
2012-03-05,86.17,87.09,85.91,87.01,12806180
2012-03-06,86.24,86.4786,85.42,85.86,16508529
2012-03-07,86.01,86.12,85.19,85.83,14768280
2012-03-08,85,85.47,84.63,84.83,19033211
2012-03-09,85.06,85.13,84.05,84.3,17042410
2012-03-12,84.5,85.75,84.13,85.55,19019199
2012-03-13,85.89,86.93,85.61,86.86,16845480
2012-03-14,86.59,86.83,85.74,86.02,16187880
2012-03-15,85.89,86.2,85.25,86.09,14524540
2012-03-16,86.2,86.8948,85.92,86.44,30992609
2012-03-19,86.08,87.18,86.03,86.99,10770580
2012-03-20,86.46,87.1,86.3201,86.6,13618230
2012-03-21,86.59,86.59,85.77,86.01,14212630
2012-03-22,85.48,85.94,85.1,85.33,13884720
2012-03-23,85.36,85.98,85.02,85.55,12558190
2012-03-26,86.18,87.25,86.07,87.03,17337750
2012-03-27,87.14,87.25,86.54,86.62,12509150
2012-03-28,86.36,86.48,85.14,85.86,16156700
2012-03-29,85.32,86.13,84.91,86.08,13200440
2012-03-30,86.48,86.76,86.09,86.73,12970770
2012-04-02,86.6,87.67,86.31,87.07,13856290
2012-04-03,86.75,86.78,85,85.83,17717480
2012-04-04,85.3,85.3585,84.49,84.98,17114881
2012-04-05,84.56,85.38,84.35,84.82,11957910
2012-04-09,83.98,84.36,83.68,83.88,11028740
2012-04-10,83.75,83.75,81.88,82.17,19994289
2012-04-11,83.11,83.35,82.15,82.7,15856730
2012-04-12,82.65,83.73,82.36,83.6,15266310
2012-04-13,82.97,83.69,82.86,82.95,13858600
2012-04-16,83.24,84.39,83.13,84.01,17526039
2012-04-17,84.65,85.6,84.57,85.45,14209640
2012-04-18,85.06,86.05,85.02,85.75,12997490
2012-04-19,85.51,85.92,84.98,85.28,15975380
2012-04-20,85.55,85.92,85.03,85.3,17216900
2012-04-23,84.53,85.93,84.39,85.69,15197130
2012-04-24,85.64,86.39,85.64,86.31,11632940
2012-04-25,86.65,87.18,85.72,86.85,18478711
2012-04-26,85.28,86.2,85.15,86.07,17263699
2012-04-27,86.5,86.69,85.96,86.08,10680360
2012-04-30,85.96,86.8,85.87,86.34,11735750
2012-05-01,86.46,87.52,86.13,87.04,13818280
2012-05-02,86.56,86.65,85.83,86.2,11108890
2012-05-03,86.36,86.39,85.31,85.65,9998802
2012-05-04,85.11,85.31,84.4,84.57,15056300
2012-05-07,84.29,84.79,84.1,84.48,12018420
2012-05-08,83.75,84.26,82.915,84.02,19607080
2012-05-09,83.04,84.07,82.88,83.31,17428770
2012-05-10,83.37,83.59,82.55,82.84,13235990
2012-05-11,82.69,83.79,82.54,83.1,12062990
2012-05-14,82.27,82.46,81.96,82.12,12676260
2012-05-15,82,82.73,81.527,81.79,15763770
2012-05-16,81.96,83.15,81.79,82.17,15040860
2012-05-17,82.15,82.61,81.68,81.91,17700430
2012-05-18,82.37,82.72,81.03,81.47,21747590
2012-05-21,81.42,82.13,81.07,82.04,13730820
2012-05-22,82.14,82.8431,81.52,81.95,13790000
2012-05-23,81.79,82.08,79.96,82.04,17582500
2012-05-24,82.29,82.78,81.705,82.61,14114440
2012-05-25,82.86,82.96,81.68,82.08,12756570
2012-05-29,82.64,82.64,81.32,81.93,15932020
2012-05-30,81.08,81.38,79.59,79.79,19593039
2012-05-31,79.88,80.14,78.41,78.63,38958168
2012-06-01,77.87,78.56,77.47,77.92,22872949
2012-06-04,78.09,78.25,77.2,77.83,17712330
2012-06-05,77.59,78.29,77.13,77.6,17720971
2012-06-06,78.37,80.24,78.08,80.18,23882320
2012-06-07,80.98,81.23,80.35,80.69,18415141
2012-06-08,80.08,80.92,79.46,80.84,18146439
2012-06-11,81.62,81.85,80.17,80.27,18035289
2012-06-12,80.74,81.51,80.62,81.26,14167490
2012-06-13,80.94,81.64,80.28,80.63,15098060
2012-06-14,80.86,82.5,80.73,82.13,16943680
2012-06-15,82.57,83.45,82.22,83.22,27350199
2012-06-18,82.51,83.18,82.35,83.11,13885030
2012-06-19,83.73,84.63,83.31,84.48,21053199
2012-06-20,84.4,85.39,84.06,84.97,23275000
2012-06-21,85.04,85.37,82.05,82.11,33752367
2012-06-22,82.68,83.22,82.11,82.11,84752555
2012-06-25,81.22,81.435,79.78,81.24,28765500
2012-06-26,81.51,82.97,81.21,82.4,22854641
2012-06-27,82.81,83.66,82.71,83.2,15302100
2012-06-28,82.66,83.46,82.0186,83.1,19141029
2012-06-29,84.78,85.7,84.46,85.57,24914539
2012-07-02,85.44,85.47,84.54,85.34,14448000
2012-07-03,85.69,86.28,85.62,86.28,9791120
2012-07-05,85.33,86.04,85.15,85.57,10797170
2012-07-06,84.26,85.04,84.2,84.8,13260920
2012-07-09,84.52,84.55,83.02,83.65,22366680
2012-07-10,84.08,84.39,82.83,83.11,14111990
2012-07-11,83.48,84.68,83.24,84.38,18340680
2012-07-12,83.41,84.55,83.32,84.12,15567090
2012-07-13,84.45,85.57,84.26,85.47,13642840
2012-07-16,84.83,85.42,84.66,85.05,11269860
2012-07-17,85.18,85.82,84.1,85.73,14059300
2012-07-18,85.34,86.22,85.07,86.21,14203450
2012-07-19,86.02,86.38,85.62,86.21,14902210
2012-07-20,85.87,86.15,85.266,85.95,16838340
2012-07-23,84.8,85.46,84.33,85.21,13599580
2012-07-24,85.21,85.26,83.5,84.58,13948610
2012-07-25,85.14,85.55,84.66,85.24,16565910
2012-07-26,85.56,86.7,85.26,86.52,19150789
2012-07-27,86.59,87.85,85.5,87.45,24088051
2012-07-30,87.28,87.83,87.08,87.56,11183860
2012-07-31,87.37,87.6602,86.79,86.85,12215800
2012-08-01,87.02,87.45,86.18,86.91,14312270
2012-08-02,86.1,86.75,85.5,85.88,14530430
2012-08-03,87.07,87.89,86.8,87.55,13983210
2012-08-06,87.55,87.88,87.37,87.45,9629735
2012-08-07,87.88,88,87.6816,87.92,12400090
2012-08-08,87.75,88.5,87.68,88.28,12864780
2012-08-09,87.84,88.48,87.51,88.2,12215170
2012-08-10,87.67,88.4888,87.15,88.44,11149740
2012-08-13,88.1,88.24,87.77,88.14,8716268
2012-08-14,88.17,88.64,87.9,88.2,8676234
2012-08-15,88.19,88.67,87.91,88,8510580
2012-08-16,88.19,88.87,87.96,88.67,11313890
2012-08-17,88.89,88.91,88.16,88.4,11177640
2012-08-20,88.07,88.22,87.63,87.95,8814038
2012-08-21,88.14,88.41,87.26,87.46,10767750
2012-08-22,87.2,87.91,87.02,87.73,10160750
2012-08-23,87.79,87.79,86.98,87.31,9667155
2012-08-24,87.16,88.3,86.93,88.05,9762214
2012-08-27,88.07,88.195,87.61,87.74,8252580
2012-08-28,87.57,88.4,87.42,88.1,9649394
2012-08-29,88.07,88.19,87.74,87.9,8377681
2012-08-30,87.38,87.73,87.02,87.2,8915766
2012-08-31,87.61,87.85,87.14,87.3,14182560
2012-09-04,87.33,87.46,86.52,87.12,10604730
2012-09-05,87.52,87.655,87.06,87.33,10114660
2012-09-06,87.89,89.25,87.85,88.99,15715490
2012-09-07,89.27,90,89.27,89.92,15626110
2012-09-10,89.82,90,89.4,89.48,10752980
2012-09-11,89.75,89.95,89.55,89.62,9349560
2012-09-12,89.63,89.9,89.41,89.55,9983190
2012-09-13,89.71,91.56,89.43,91.23,19875000
2012-09-14,91.5,92.4,91.25,92.3,21390551
2012-09-17,91.92,92.5,91.55,91.91,11894140
2012-09-18,91.43,92.22,91.4,91.65,10950100
2012-09-19,91.48,91.75,90.57,90.57,16302180
2012-09-20,90.14,91.69,90.09,91.52,12238700
2012-09-21,92.03,92.2301,91.64,91.92,19608051
2012-09-24,91.31,92.21,91.3,91.88,11024480
2012-09-25,92.11,92.57,91.54,91.74,14036060
2012-09-26,91.72,92.0395,91.1,91.23,11616840
2012-09-27,91.83,92.25,91.19,91.8,10634260
2012-09-28,91.48,91.65,90.93,91.45,12508380
2012-10-01,91.79,92.5,91.6,91.8,10346380
2012-10-02,92.12,92.18,91.28,91.72,9507876
2012-10-03,91.65,91.805,91.17,91.7,10329320
2012-10-04,92.08,92.5433,91.91,92.22,11509320
2012-10-05,92.59,93,92.23,92.55,9894352
2012-10-08,92.15,92.87,92.04,92.68,8765194
2012-10-09,92.83,93.36,92.11,92.13,13799650
2012-10-10,91.8,92.02,90.67,91.03,15334650
2012-10-11,91.57,91.875,91.17,91.17,9791576
2012-10-12,91.51,91.72,90.51,91.03,9944066
2012-10-15,91.35,91.69,90.54,91.51,10651650
2012-10-16,91.89,92.48,91.8,92.38,9070393
2012-10-17,92.62,93.54,92.61,93.39,10759080
2012-10-18,92.97,93.57,92.97,93.48,11816300
2012-10-19,93.57,93.67,91.75,92.15,15929730
2012-10-22,91.67,92.26,91.08,92.19,11446890
2012-10-23,91.13,91.38,90.01,90.18,14085590
2012-10-24,90.46,90.62,89.77,89.88,11332530
2012-10-25,90.63,90.8,89.68,90.43,10387150
2012-10-26,90.56,91.07,90.01,90.62,11585260
2012-10-31,91.03,91.41,90.11,91.17,14848930
2012-11-01,90.25,91.67,90.2,91.6,15778610
2012-11-02,91.76,91.94,90.06,90.27,12744850
2012-11-05,90.04,90.81,89.7,90.63,11222790
2012-11-06,90.86,92.05,90.73,91.61,12027800
2012-11-07,90.24,90.24,87.7,88.18,19423490
2012-11-08,88.27,88.4253,87.03,87.0695,13745190
2012-11-09,86.61,87.945,86.61,87.21,13406960
2012-11-12,87.27,87.69,86.95,87.32,9004460
2012-11-13,86.75,87.99,86.44,86.47,12262510
2012-11-14,86.745,87.11,85.88,86.07,14526150
2012-11-15,86.09,86.56,85.37,86.14,13786680
2012-11-16,86.14,86.71,85.06,86.45,17405740
2012-11-19,87.4,88.2,87.085,87.67,12911920
2012-11-20,87.51,87.8801,86.77,87.5,10289300
2012-11-21,87.81,88.02,87.48,88.01,13909000
2012-11-23,88.25,89.09,88.01,89.09,11930990
2012-11-26,88.32,88.63,88.03,88.62,16424180
2012-11-27,88.4,88.54,87.24,87.35,11842200
2012-11-28,86.53,88.19,86.275,88.1,15959870
2012-11-29,88.37,88.69,87.63,88.12,11579060
2012-11-30,88.07,88.4,87.825,88.14,15523490
2012-12-03,88.55,88.58,87.47,87.61,10937760
2012-12-04,87.38,87.97,87.19,87.19,11979910
2012-12-05,87.27,88.265,87.1,87.73,12718220
2012-12-06,87.76,88.06,87.24,88,12076920
2012-12-07,88.17,88.64,87.77,88.6,10609160
2012-12-10,88.58,88.95,88.24,88.41,11549320
2012-12-11,88.61,89.49,88.4,88.99,12634950
2012-12-12,89.09,90.37,88.91,89.45,14733310
2012-12-13,89.16,89.45,88.27,88.58,12292530
2012-12-14,88,88.45,87.92,88.08,13363470
2012-12-17,88.36,88.94,88.1,88.87,15677200
2012-12-18,88.75,89.74,88.56,89.56,15396680
2012-12-19,89.54,89.61,88.38,88.4364,15095000
2012-12-20,88.38,88.94,87.98,88.89,15789890
2012-12-21,87.66,88.6,87.01,87.23,33064969
2012-12-24,87.13,87.32,86.8,86.92,6385170
2012-12-26,87.21,87.68,86.57,87.07,10738240
2012-12-27,87.05,87.24,85.75,86.86,14259940
2012-12-28,86.1,86.288,85.07,85.1,13359540
2012-12-31,85.04,86.66,84.7,86.55,19812721
2013-01-02,87.79,88.72,87.24,88.71,16148870
2013-01-03,88.46,88.89,88.16,88.55,13269180
2013-01-04,88.5,89.09,88.37,88.96,11428580
2013-01-07,88.31,88.49,87.57,87.93,11801280
2013-01-08,87.82,88.48,87.29,88.48,14229920
2013-01-09,88.4,88.54,87.755,88.14,10892160
2013-01-10,88.75,89.48,88.37,89.1,13100030
2013-01-11,88.97,89.71,88.865,89.61,11646480
2013-01-14,89.46,89.75,89.319,89.58,9606647
2013-01-15,89.18,89.61,89,89.53,9195312
2013-01-16,89.16,89.48,89.07,89.47,9645845
2013-01-17,89.76,90.94,89.6,90.2,13401390
2013-01-18,90.09,90.83,89.83,90.8,17197689
2013-01-22,90.27,90.94,90.21,90.92,11898530
2013-01-23,90.5,90.88,90.42,90.7,10907080
2013-01-24,90.88,91.72,90.75,91.35,11099910
2013-01-25,91.57,91.8,91.13,91.73,11091770
2013-01-28,91.67,91.67,90.77,91.11,11618500
2013-01-29,91.21,91.93,91.2,91.76,11702210
2013-01-30,91.17,91.72,90.38,90.67,15647280
2013-01-31,90.69,91.21,89.74,89.97,15994840
2013-02-01,90.44,90.5,89.36,90.04,15702070
2013-02-04,89.41,89.62,88.84,89.15,13347440
2013-02-05,89.88,90.19,89.42,89.74,11679630
2013-02-06,89.37,89.89,86.5875,89.79,11768630
2013-02-07,89.21,89.22,87.61,88.25,13464890
2013-02-08,88.5,88.8,88.11,88.61,11412200
2013-02-11,88.35,88.51,87.97,88.28,8764645
2013-02-12,88.25,88.62,87.92,88.46,9752563
2013-02-13,88.46,88.77,88.24,88.67,8940927
2013-02-14,88.34,88.81,88.06,88.52,13238870
2013-02-15,88.57,88.61,87.8,88.36,15697690
2013-02-19,88.54,89.41,88.38,89.32,12159750
2013-02-20,89.14,89.82,88.9,88.97,13937090
2013-02-21,88.79,89.018,88.36,88.59,10940720
2013-02-22,89.02,89.28,88.405,89.2,10260420
2013-02-25,89.88,90.191,87.7,87.7,15303750
2013-02-26,88.5,88.98,87.76,88.51,15075030
2013-02-27,88.5,89.65,88.31,89.53,11195820
2013-02-28,89.67,89.81,89.03,89.55,14556050
2013-03-01,89.07,89.68,88.92,89.43,11302580
2013-03-04,89.13,89.25,88.46,88.95,10995000
2013-03-05,89.48,90.15,89.285,89.61,13072920
2013-03-06,89.6,89.95,89.05,89.56,13234620
2013-03-07,89.63,89.76,88.68,88.71,12908080
2013-03-08,89.01,89.23,88.35,88.97,11901380
2013-03-11,89.01,89.55,88.542,89.16,12456610
2013-03-12,89.45,89.91,89.01,89.16,11470480
2013-03-13,89.02,89.5,88.83,89.26,10539890
2013-03-14,89.41,89.91,89.41,89.83,13777000
2013-03-15,89.2,89.61,88.79,89.37,29246010
2013-03-18,88.74,89.39,88.55,88.77,11554810
2013-03-19,88.89,89.09,88.0201,88.58,11987830
2013-03-20,88.95,89.21,88.3,88.63,11319620
2013-03-21,88.12,88.64,87.9,88.17,13448750
2013-03-22,88.4,89.29,88.32,89.29,10786580
2013-03-25,89.5,89.9,88.66,89.02,12900800
2013-03-26,89.41,90.3,89.36,90.13,12329750
2013-03-27,89.56,90.735,89.47,90.58,12351220
2013-03-28,90.64,90.98,89.99,90.11,17487811
2013-04-01,90.13,90.985,89.98,90.77,9416564
2013-04-02,90.59,90.92,90.28,90.58,9991950
2013-04-03,90.65,90.83,89.86,89.93,12197780
2013-04-04,90.1,90.33,89.225,89.77,11582270
2013-04-05,88.61,89.21,88.4,89.01,12771760
2013-04-08,89.11,89.11,88.1501,88.6,11016000
2013-04-09,88.69,89.34,88.59,88.77,10755780
2013-04-10,88.45,89.16,88.2,88.68,14826370
2013-04-11,88.95,89.27,88.23,89.22,14980290
2013-04-12,88.88,89.19,88.41,88.99,11506430
2013-04-15,88.29,88.67,86.27,86.49,19636900
2013-04-16,87.19,87.23,86.085,86.61,14580450
2013-04-17,86.21,86.38,85.02,86.08,17341850
2013-04-18,86.28,87.08,85.78,86.62,14730310
2013-04-19,87.27,87.49,86.43,87.45,18393779
2013-04-22,87.61,88.32,87.285,88.09,11263150
2013-04-23,88.39,89.49,87.94,89.3,15571120
2013-04-24,89.45,89.89,89.35,89.43,13034910
2013-04-25,88.89,88.9,87.65,88.07,16329840
2013-04-26,87.81,88.28,87.6,88,10793780
2013-04-29,88.26,88.83,88.01,88.21,11095570
2013-04-30,88.26,88.99,87.76,88.99,14585790
2013-05-01,88.52,88.84,87.48,87.51,11619460
2013-05-02,87.98,88.84,87.74,88.63,11331140
2013-05-03,89,90.19,88.92,90.02,13037440
2013-05-06,90.25,90.88,89.93,90.58,10613410
2013-05-07,90.62,91.15,90.145,91.15,11089580
2013-05-08,91.05,91.85,91.03,91.7,13639840
2013-05-09,91.14,91.56,90.69,91.03,13774100
2013-05-10,90.87,90.95,89.79,90.14,10976530
2013-05-13,89.8,90.14,89.43,90.1,9812126
2013-05-14,90.15,91.19,90.02,91.11,9896767
2013-05-15,90.64,91.32,90.41,91.24,10400740
2013-05-16,90.8,91.287,90.5,90.7,10470180
2013-05-17,91.07,91.88,90.53,91.76,12724080
2013-05-20,91.61,92.69,91.46,92.52,12418210
2013-05-21,92.67,93.43,92.38,92.8,12520510
2013-05-22,92.83,93.5,91.81,92.19,19259250
2013-05-23,91.56,92.36,91.36,91.79,15357850
2013-05-24,91.38,91.77,91,91.53,12771830
2013-05-28,92.94,93.18,91.76,92.38,15198330
2013-05-29,91.76,92.415,91.59,92.08,11563100
2013-05-30,91.97,92.68,91.6,92.09,9740964
2013-05-31,91.95,92.37,90.46,90.47,17924359
2013-06-03,90.53,91.51,90.48,91.46,14180140
2013-06-04,91.18,91.49,90.2201,90.79,12481540
2013-06-05,90.68,91.12,89.61,89.65,12888840
2013-06-06,89.45,90.23,89,90.23,15394190
2013-06-07,90.89,91.5,90.49,91.45,12507590
2013-06-10,91.93,91.94,90.87,91.12,10372740
2013-06-11,90.38,91.035,90.23,90.46,10739610
2013-06-12,91.13,91.32,89.59,89.74,10864420
2013-06-13,89.63,91.71,89.61,91.33,13503090
2013-06-14,91.16,91.3,90.295,90.58,12158490
2013-06-17,90.97,91.77,90.77,91.51,12031700
2013-06-18,91.36,92.06,91.26,91.93,10679840
2013-06-19,91.79,92.27,91,91,14191980
2013-06-20,90.24,90.52,88.79,89.05,21084350
2013-06-21,89.76,90.14,88.85,89.48,25504740
2013-06-24,88.95,89.4995,88.02,88.48,17653520
2013-06-25,89.58,89.62,88.48,89.11,15796200
2013-06-26,89.42,89.97,88.73,89.8,14447120
2013-06-27,90.24,90.67,90.03,90.04,12349480
2013-06-28,89.85,90.75,89.56,90.35,22993551
2013-07-01,90.39,91.13,89.96,90.3,13182590
2013-07-02,90.37,91.1,90.12,90.64,12321420
2013-07-03,90.63,90.87,90.14,90.69,5680116
2013-07-05,91.1,91.61,90.57,91.57,8918068
2013-07-08,91.96,92.53,91.9003,92.25,12093730
2013-07-09,92.64,93.44,92.25,93.34,12942260
2013-07-10,93.28,93.39,92.375,92.82,12432180
2013-07-11,93.8,93.81,93.04,93.27,16187530
2013-07-12,93.25,93.45,92.725,93.4,11372100
2013-07-15,93.19,93.5,93.09,93.25,8257305
2013-07-16,93.19,93.47,92.77,93.3,11413450
2013-07-17,93.56,93.74,93.14,93.46,9395782
2013-07-18,93.8,94.84,93.71,94.38,10557180
2013-07-19,94.69,95.25,94.41,95.17,14435390
2013-07-22,94.87,95.2,94.78,94.83,9534410
2013-07-23,94.86,95.49,94.84,95.2,7379376
2013-07-24,95.31,95.31,94.42,94.99,8223987
2013-07-25,94.69,95.31,94.42,94.97,10060100
2013-07-26,94.77,94.8599,93.84,94.79,9723025
2013-07-29,94.51,94.52,93.605,94.03,8847640
2013-07-30,94.22,94.33,93.4601,93.81,10472180
2013-07-31,93.93,94.6,93.375,93.75,14404070
2013-08-01,92.69,93.1,91.25,92.73,23117971
2013-08-02,92.46,92.53,91.34,91.95,14411780
2013-08-05,91.42,91.76,91.01,91.59,12625880
2013-08-06,91.33,91.91,91.28,91.47,11689590
2013-08-07,91.18,91.55,91.133,91.34,8163804
2013-08-08,91.93,91.97,91.28,91.78,11532010
2013-08-09,91.2,91.36,90.4275,90.72,9468145
2013-08-12,90.43,90.43,89.69,89.89,10133850
2013-08-13,89.85,89.92,89.14,89.4,10895000
2013-08-14,89.34,89.48,88.9,88.95,9798566
2013-08-15,88.66,88.87,88.06,88.16,11273680
2013-08-16,88.01,88.49,87.65,87.91,11878490
2013-08-19,87.82,87.87,86.78,86.92,11745780
2013-08-20,87.13,87.87,86.83,86.83,16505270
2013-08-21,86.95,87.35,86.39,86.42,12766850
2013-08-22,86.58,87.42,86.45,86.98,10202520
2013-08-23,87.15,87.69,86.76,87.52,9206422
2013-08-26,87.5,87.7,86.82,87.09,10654650
2013-08-27,86.62,87.49,86.58,86.82,13960660
2013-08-28,87.28,88.99,87.28,88.84,17743961
2013-08-29,88.63,88.63,87.23,87.27,11417770
2013-08-30,87.39,87.55,86.79,87.16,12482030
2013-09-03,87.7,88,86.835,87.15,10546800
2013-09-04,87.01,87.98,86.9,87.76,9830724
2013-09-05,88.06,88.3,87.33,87.35,11740530
2013-09-06,87.49,87.73,86.8,87.25,12951530
2013-09-09,87.34,88.195,87.31,88.04,9298591
2013-09-10,88.4,88.4,87.28,87.82,11830460
2013-09-11,87.88,88.85,87.88,88.84,11203580
2013-09-12,88.59,88.8,87.865,87.98,10918070
2013-09-13,88.15,88.88,88.15,88.4,8254170
2013-09-16,88.88,89.18,88.49,88.67,9438857
2013-09-17,88.71,89.35,88.65,88.94,8944166
2013-09-18,88.91,89.87,88.37,89.58,15139360
2013-09-19,89.64,89.74,88.98,89.28,11766810
2013-09-20,89.53,89.75,88.59,88.66,20659689
2013-09-23,88.29,88.91,87.64,87.75,12229750
2013-09-24,87.59,88.07,87.28,87.36,12129290
2013-09-25,87.59,87.6,86.93,87.14,13577380
2013-09-26,87.4,87.45,86.81,87.07,9787077
2013-09-27,86.85,87.01,86.61,86.9,10870710
2013-09-30,86.06,86.7,85.61,86.04,17493689
2013-10-01,85.99,86.34,85.78,86,11888460
2013-10-02,85.75,86.11,85.28,86.08,11843170
2013-10-03,86.04,86.05,85.34,85.5,13927520
2013-10-04,86.31,86.42,85.68,86.32,11331480
2013-10-07,85.57,86.29,85.27,85.9,10985770
2013-10-08,85.86,85.95,85.47,85.51,15344080
2013-10-09,85.35,85.59,84.83,85.16,13575130
2013-10-10,85.52,86.04,84.79,86.04,17542439
2013-10-11,85.9,86.95,85.5,86.95,12661800
2013-10-14,86.51,87.74,86.51,87.6,9742067
2013-10-15,87.47,87.5758,86.64,86.79,12023050
2013-10-16,87.48,87.86,86.72,87.31,11668120
2013-10-17,87.13,87.5,87.01,87.48,10438240
2013-10-18,87.69,87.74,87.3,87.55,12425310
2013-10-21,87.5,87.65,86.84,87.23,10730910
2013-10-22,87.29,88.15,87.13,87.98,12714830
2013-10-23,87.52,87.65,86.95,87.61,11455550
2013-10-24,87.98,88.73,87.97,88.42,12298090
2013-10-25,88.23,88.65,87.82,87.97,11381990
2013-10-28,87.83,88.46,87.61,88.23,9921855
2013-10-29,88.45,89.0277,88.435,88.93,10339950
2013-10-30,88.97,89.48,88.69,88.81,14307370
2013-10-31,89.45,90.96,89.2,89.62,19185160
2013-11-01,89.74,90.04,88.27,89.82,19024811
2013-11-04,90,92.27,90,92.1,20601160
2013-11-05,91.34,93.25,91.24,91.99,21122490
2013-11-06,92.42,93.28,92.12,93.22,13464560
2013-11-07,92.64,92.98,91.76,91.96,16578930
2013-11-08,91.8,92.82,91.475,92.73,12331260
2013-11-11,92.85,93.23,92.5,92.96,7927463
2013-11-12,92.67,93.32,92.5,92.67,10727290
2013-11-13,92.22,92.74,92.07,92.59,9285719
2013-11-14,92.68,93.42,92.68,93.22,7909231
2013-11-15,94.15,95.29,94.03,95.27,18374490
2013-11-18,95.98,96,95.06,95.45,14245130
2013-11-19,95.4,95.79,95.16,95.42,12697290
2013-11-20,95.75,95.9499,94.37,94.68,10459360
2013-11-21,94.85,95.39,94.63,94.69,9128848
2013-11-22,94.96,95.07,94.29,95.01,8541590
2013-11-25,95.21,95.75,94.83,95.09,10515820
2013-11-26,94.75,94.81,94.15,94.27,11859550
2013-11-27,94.36,94.42,93.48,93.8,8828125
2013-11-29,93.65,94.22,93.3,93.48,6770498
2013-12-02,93.27,94.04,92.92,93.52,9310964
2013-12-03,93.6,94.48,93.23,94.39,12607780
2013-12-04,94.19,94.9,93.92,94.67,13074700
2013-12-05,94.07,94.65,93.92,94.13,10586830
2013-12-06,94.97,95.71,94.59,95.65,12063400
2013-12-09,95.95,96.25,95.6,95.84,15519220
2013-12-10,95.9,95.975,95.39,95.71,9868328
2013-12-11,95.38,95.54,94.16,94.26,12811800
2013-12-12,94.5,95.88,94.28,95.36,15562610
2013-12-13,95.13,95.915,94.66,95.31,10630610
2013-12-16,96.28,98.88,96.13,97.22,23225990
2013-12-17,97.02,97.13,96.03,96.75,14920920
2013-12-18,97.43,99.95,97.01,99.54,21334490
2013-12-19,99.5,99.6,99,99.43,12905880
2013-12-20,99.39,99.6,98.6,98.68,23333801
2013-12-23,99,99.29,98.39,98.51,10131830
2013-12-24,98.33,99.435,98.33,99.22,4168300
2013-12-26,99.42,101.03,99.38,100.9,9539504
2013-12-27,101.24,101.74,100.99,101.51,10214100
2013-12-30,101.53,101.55,100.31,100.31,9008884
2013-12-31,100.49,101.39,100.43,101.2,8509901
2014-01-02,100.6,100.76,99.385,99.75,11030130
2014-01-03,99.77,100.1699,99.141,99.51,9295650
2014-01-06,99.94,100.14,98.8864,99.66,11849990
2014-01-07,99.61,101.215,99.42,101.07,11188670
2014-01-08,101.19,101.19,100.15,100.74,11180370
2014-01-09,100.2,100.39,99.03,99.76,11679040
2014-01-10,99.99,100.63,99.12,100.52,10537310
2014-01-13,99.91,100.1,98.27,98.55,12112230
2014-01-14,98.8,99.27,98.65,99.12,9269763
2014-01-15,99.16,99.35,98.63,98.78,9427730
2014-01-16,98.79,99.04,98.25,98.94,9421731
2014-01-17,99.18,100.34,98.67,99.16,15998120
2014-01-21,98.57,98.8856,98.04,98.5,13848380
2014-01-22,98.88,98.95,97.84,97.88,11648150
2014-01-23,97.25,97.39,96.01,96.97,15397750
2014-01-24,96.18,96.25,94.82,94.85,14669970
2014-01-27,95.075,95.58,94.75,94.92,12477410
2014-01-28,95.35,95.92,94.77,95.65,10774260
2014-01-29,94.93,96.2,94.65,95.11,13194430
2014-01-30,94,94.95,93.06,93.99,14632350
2014-01-31,92.85,93.28,91.7,92.16,17372320
2014-02-03,91.915,92.31,89.64,90.05,20381400
2014-02-04,90.37,90.64,89.39,90.02,17703260
2014-02-05,90.305,90.61,89.38,89.58,16395820
2014-02-06,89.51,90.18,89.25,89.8,13650200
2014-02-07,90.12,90.63,89.75,90.58,12632450
2014-02-10,90.45,90.53,89.36,89.52,12241460
2014-02-11,89.56,91,89.4,90.84,13426580
2014-02-12,91.01,91.86,90.64,91.08,10753090
2014-02-13,90.59,91.65,90.4,91.43,9776453
2014-02-14,91.81,94.4301,91.6,94.11,18335520
2014-02-18,94.07,94.72,93.36,94.07,12981890
2014-02-19,93.8,95.29,93.8,93.95,12228850
2014-02-20,93.85,95.77,93.75,95.37,14425190
2014-02-21,95.48,95.58,94.94,95.03,11286050
2014-02-24,95.61,97.25,95.41,96.44,16034240
2014-02-25,96.54,96.97,95.96,96.31,10664330
2014-02-26,96.56,96.86,95.53,95.79,9088471
2014-02-27,95.58,96.05,95.16,95.84,9101165
2014-02-28,95.96,96.833,95.78,96.27,12652610
2014-03-03,95.76,96.54,94.8299,95.5,11897230
2014-03-04,96.59,96.86,95.87,96.52,12566340
2014-03-05,95.2,95.29,93.395,93.8,19836930
2014-03-06,93.67,93.94,93.27,93.76,12612050
2014-03-07,94.37,95.06,93.99,94.99,12660050
2014-03-10,95.15,95.55,94.66,95.5,9967356
2014-03-11,95.36,95.59,93.52,94.01,12144600
2014-03-12,93.64,94.47,93.55,94.21,9705872
2014-03-13,94.44,94.57,93.33,93.64,9872689
2014-03-14,93.58,94.22,93.29,93.47,11731830
2014-03-17,93.95,94.53,93.75,94.32,8676159
2014-03-18,94.41,95.25,94.07,94.71,8757308
2014-03-19,94.65,95.3,93.13,93.73,9914653
2014-03-20,93.44,94.74,93.01,94.58,10405000
2014-03-21,95.1,95.99,94.31,94.31,24482609
2014-03-24,94.76,95.1,94.48,94.64,9539768
2014-03-25,95.1,95.82,94.8,94.91,9799558
2014-03-26,95.56,95.58,94.41,94.7,11033630
2014-03-27,94.61,96.5,94.06,96.24,15427490
2014-03-28,96.47,97.97,96.47,97.7,12321800
2014-03-31,98.49,98.85,97.32,97.68,12375220
2014-04-01,97.65,97.93,97.28,97.73,9476393
2014-04-02,97.53,98.06,97.18,97.95,9550978
2014-04-03,97.83,98.54,97.56,97.93,10119280
2014-04-04,98.3,98.71,97.28,97.36,12496720
2014-04-07,97.25,97.53,96.751,96.78,10126380
2014-04-08,97.01,97.88,96.75,97.45,10251420
2014-04-09,97.75,97.79,96.629,97.33,10464950
2014-04-10,96.98,97.78,96.235,96.78,13449910
2014-04-11,96.51,97.4399,96.28,96.72,13353030
2014-04-14,97.49,98.055,96.74,97.86,9610713
2014-04-15,97.58,98.7,97.07,98.68,12961770
2014-04-16,99.05,100.1,98.97,99.94,12508090
2014-04-17,99.69,100.97,99.69,100.42,15439810
2014-04-21,100.03,100.93,99.89,100.93,8003529
2014-04-22,100.53,100.86,100.22,100.37,8212620
2014-04-23,100.59,100.95,100.33,100.5,8691639
2014-04-24,100.48,100.6,99.86,100.01,9057792
2014-04-25,99.99,100.57,99.93,100.41,10396470
2014-04-28,100.72,101.462,100.31,101.17,12710820
2014-04-29,101.57,102.57,101.2301,101.45,10094590
2014-04-30,101.13,102.41,100.71,102.41,13972290
2014-05-01,101.96,102.39,101.2,101.41,11161700
2014-05-02,101.28,102.91,100.98,102.01,11169960
2014-05-05,101.69,103.13,101.58,102.91,7614576
2014-05-06,102.6,103.3,102.41,102.67,9669834
2014-05-07,103.12,103.45,102.79,103.11,11007350
2014-05-08,103.09,103.29,102.1701,102.32,8924353
2014-05-09,101.71,102.18,101.26,101.95,8948779
2014-05-12,102.33,102.35,101.525,102.23,8830502
2014-05-13,102.18,102.71,101.94,102.36,7529135
2014-05-14,102.36,102.68,102.11,102.29,6999163
2014-05-15,102,102.42,100.33,100.78,13658740
2014-05-16,100.59,101,100.32,100.74,10369480
2014-05-19,100.42,101.11,100.42,100.87,5851383
2014-05-20,100.69,101.08,100.45,100.67,6140744
2014-05-21,100.85,102.22,100.72,102.03,7748049
2014-05-22,101.81,101.97,101.47,101.5,5304614
2014-05-23,101.55,101.93,101.2663,101.32,5411273
2014-05-27,101.61,101.9,100.93,101.36,8359739
2014-05-28,101.23,102.07,101.05,101.06,7587010
2014-05-29,101.54,101.65,101.02,101.27,6113654
2014-05-30,100.8,101.15,100.37,100.53,11488960
2014-06-02,100.53,100.88,99.67,99.94,7762537
2014-06-03,99.59,100.69,99.59,100.39,9384234
2014-06-04,100.21,100.455,99.96,100.04,7154661
2014-06-05,100.1,100.83,99.96,100.55,12296440
2014-06-06,100.61,101.63,100.6,101.6,9342474
2014-06-09,101.45,101.96,101.19,101.52,6404983
2014-06-10,101.48,101.73,101,101.46,7917532
2014-06-11,101.19,102.33,101,101.95,10270320
2014-06-12,102.46,102.945,101.57,101.66,11421250
2014-06-13,101.93,102.6551,101.63,102.65,8241548
2014-06-16,102.57,103.25,102.17,102.92,8977642
2014-06-17,102.58,102.59,101.45,102.42,9355388
2014-06-18,102.57,102.95,102.06,102.73,9575877
2014-06-19,102.61,102.84,101.68,102.63,11107690
2014-06-20,103.28,104.06,102.94,103.83,17681109
2014-06-23,104.11,104.61,103.88,104.38,8553670
2014-06-24,104.18,104.47,102.47,102.73,9708408
2014-06-25,102.34,102.62,101.53,102.14,10716270
2014-06-26,101.94,102.38,100.85,102.03,8424551
2014-06-27,101.67,101.79,100.66,101.21,15149920
2014-06-30,101.21,101.27,100.52,100.68,9536536
2014-07-01,101.15,101.59,100.79,101.36,8404213
2014-07-02,101.15,101.64,101.04,101.57,6954442
2014-07-03,101.95,103.27,101.68,102.59,6922616
2014-07-07,102.33,102.65,102.02,102.65,7980994
2014-07-08,102.33,103.23,102.17,102.83,9615023
2014-07-09,102.96,103.69,102.81,103.55,7659029
2014-07-10,102.88,103.07,102.04,102.57,8533731
2014-07-11,102.4,102.5,101.32,101.74,7689643
2014-07-14,102.17,103.08,102.16,102.68,8253348
2014-07-15,102.53,102.6,101.74,102.39,8760545
2014-07-16,102.56,103.79,102.54,103.77,8879502
2014-07-17,103.38,103.885,102.29,102.31,8145741
2014-07-18,102.69,102.96,101.86,102.73,8208309
2014-07-21,102.36,103.19,102.06,103.08,6632386
2014-07-22,103.64,104.19,103.5,103.54,7426442
2014-07-23,103.64,104.45,103.53,104.25,7017078
2014-07-24,104.42,104.72,103.95,104.28,7943024
2014-07-25,103.93,103.99,102.96,103.18,7784729
2014-07-28,103.29,104.52,102.83,104.37,9197901
2014-07-29,104.21,104.76,103.52,103.55,8055421
2014-07-30,103.73,104.15,102.57,103.25,11072190
2014-07-31,101.98,101.98,98.93,98.94,18297900
2014-08-01,98.62,99.55,98.18,98.8,14915610
2014-08-04,98.74,100.43,98.31,100.13,12152080
2014-08-05,99.48,99.54,97.78,98.2,13071810
2014-08-06,98.2,99.65,98.2,98.98,9916916
2014-08-07,99.77,99.84,97.63,98.27,10017400
2014-08-08,98.81,99.79,98.32,99.74,11206940
2014-08-11,99.28,99.42,98.535,98.73,8595196
2014-08-12,98.21,98.69,97.82,98.49,9585001
2014-08-13,98.82,99.31,98.48,99.09,7649559
2014-08-14,99.1,99.28,98.6,99.09,6547528
2014-08-15,99.24,99.43,98.14,99.03,9234925
2014-08-18,99.28,99.53,99.095,99.52,7143392
2014-08-19,99.5,99.95,99.43,99.49,8888327
2014-08-20,99.55,99.9,99.04,99.7,6753128
2014-08-21,99.8,100.07,99.26,99.28,6826246
2014-08-22,98.89,98.98,98.08,98.5,8096103
2014-08-25,98.81,98.9,98.5,98.75,7570029
2014-08-26,99.12,100.31,99.02,99.64,8536472
2014-08-27,99.78,99.96,99.09,99.53,5849223
2014-08-28,99.04,99.74,99.01,99.57,6072738
2014-08-29,99.38,99.67,98.72,99.46,8873707
2014-09-02,99.43,99.59,97.81,98.49,8966533
2014-09-03,98.86,99.59,98.86,99.11,8481019
2014-09-04,99,99.45,97.97,98.36,9662876
2014-09-05,98.74,99.3,98.11,99.26,9486572
2014-09-08,98.92,98.92,97.45,97.77,10080100
2014-09-09,97.69,98.03,96.96,97.39,9762259
2014-09-10,97.36,97.53,95.83,96.81,12113690
2014-09-11,96.32,97.12,95.82,97.03,10181310
2014-09-12,96.53,96.59,95.63,95.78,10270120
2014-09-15,95.73,96.4,95.4,96.29,10694860
2014-09-16,96.23,98.05,96.02,97.43,11582530
2014-09-17,97.91,97.93,96.8,97.08,8777778
2014-09-18,97.15,97.32,96.48,96.61,8636631
2014-09-19,97.08,97.56,96.865,97.12,18178480
2014-09-22,96.9,97,96.27,96.54,8824870
2014-09-23,96.28,97.16,96.03,96.03,10300660
2014-09-24,95.87,96.25,94.84,95.82,12200000
2014-09-25,95.66,95.89,94.2002,94.25,12854240
2014-09-26,94.33,95.76,93.8,95.43,11256810
2014-09-29,94.71,94.78,93.8,94.43,14023090
2014-09-30,94.11,94.81,93.62,94.05,15579330
2014-10-01,94.11,94.54,92.715,92.86,14028600
2014-10-02,92.39,93.9,92.06,93.3,13756560
2014-10-03,93.6,94.11,92.58,93.92,11572110
2014-10-06,94.01,95.33,93.91,94.52,10599720
2014-10-07,94.27,95.19,93.33,93.37,10787850
2014-10-08,93.42,94.83,92.42,94.61,15592480
2014-10-09,94.05,94.49,91.63,91.82,17917680
2014-10-10,92.44,93.27,90.9,91.6,18173100
2014-10-13,91.32,92.53,90.76,90.84,14451650
2014-10-14,91.49,92.23,90.0601,90.55,23121770
2014-10-15,89,90.61,86.91,90.22,24704551
2014-10-16,88.58,91.27,88.18,90.6,25215900
2014-10-17,91.13,92.25,90.5,91.21,18194301
2014-10-20,90.63,91.89,90.63,91.77,10826500
2014-10-21,92.86,94.03,92.36,93.65,15757050
2014-10-22,93.96,94.585,92.98,93.13,12742930
2014-10-23,94.31,94.98,93.87,94.11,11352720
2014-10-24,94.19,94.53,93.22,94.49,9740056
2014-10-27,93.85,93.85,92.77,93.71,11394510
2014-10-28,94.44,95.195,93.93,95.1,12570450
2014-10-29,95.42,95.98,93.62,94.59,12410110
2014-10-30,93.87,94.67,93.22,94.45,9767918
2014-10-31,94.99,96.89,94.31,96.71,17493740
2014-11-03,96.56,97.1,94.8,95.26,13410560
2014-11-04,94.5,94.89,93.89,94.52,13498530
2014-11-05,95.36,95.77,94.65,95.07,12480030
2014-11-06,95.18,96.42,94.28,96.26,14731390
2014-11-07,95.8,97.16,95.72,96.59,13233480
2014-11-10,96.87,97.1,96.07,96.28,9087594
2014-11-11,95.78,96.51,95.61,96.41,7990045
2014-11-12,95.9,96.4,95.11,95.38,11592790
2014-11-13,94.96,95.21,93.83,94.66,12355400
2014-11-14,94.87,95.11,94.65,95.09,9352535
2014-11-17,94.85,95.14,94.19,95.11,8704386
2014-11-18,95.08,95.75,94.53,94.87,9272445
2014-11-19,95.08,95.74,94.13,95.61,8333169
2014-11-20,95.37,95.9,95.26,95.82,8422369
2014-11-21,97.2,97.2,96.1,96.81,12374850
2014-11-24,96.34,96.8,95.25,95.72,10172410
2014-11-25,96.01,96.03,94.37,94.78,13747360
2014-11-26,94.64,95.13,94.36,94.48,9822941
2014-11-28,91.5,91.85,90.11,90.54,19556689
2014-12-01,90.36,92.87,90.28,92.35,27584221
2014-12-02,92.32,94.67,92.01,94.19,20885301
2014-12-03,94.67,95.33,94,94.95,16220450
2014-12-04,94.13,94.61,93.07,94.37,13115290
2014-12-05,93.95,94.59,93.3542,93.82,11831900
2014-12-08,92.9,93.13,91.365,91.7,15735860
2014-12-09,91.23,92.06,90.76,91.38,15883830
2014-12-10,90.72,90.73,88.2,88.67,22279391
2014-12-11,88.86,91.54,88.85,89.2,21522150
2014-12-12,88.71,89,86.6,86.6,24568340
2014-12-15,87.53,88.6,86.5,86.9,21373561
2014-12-16,86.38,89.2,86.19,86.41,26372410
2014-12-17,87.24,89.9,87.15,89.02,23323039
2014-12-18,90.37,91.16,88.4,91.16,22882711
2014-12-19,90.21,93.64,89.61,93.64,38468953
2014-12-22,92.96,93.67,92.45,93.33,17871760
2014-12-23,93.52,95.18,93.0472,94.59,13706540
2014-12-24,94.22,94.25,92.98,93.78,6875691
2014-12-26,93.99,94.43,92.62,93.21,10585000
2014-12-29,93.33,93.86,92.89,93.07,9892119
2014-12-30,92.77,93.39,92.51,93.02,8743369
2014-12-31,92.42,93.13,92.06,92.45,11337220
2015-01-02,92.25,93.05,91.81,92.83,10220410
2015-01-05,92.1,92.4,89.5,90.29,18502381
2015-01-06,90.24,91.41,89.02,89.81,16670711
2015-01-07,90.65,91.48,90,90.72,13590720
2015-01-08,91.25,92.27,91,92.23,15487500
2015-01-09,92.3,92.78,91.37,92.1,14488420
2015-01-12,91.24,91.34,89.82,90.33,15176300
2015-01-13,90.88,91.43,89.11,90,17469029
2015-01-14,88.95,89.89,87.26,89.74,23272061
2015-01-15,90.43,90.66,88.51,88.96,18759590
2015-01-16,88.98,91.19,88.98,91.12,17713090
2015-01-20,91.14,91.78,90.38,91.09,16760990
2015-01-21,91.74,91.99,91.01,91.87,14276380
2015-01-22,92.31,92.9658,91.32,92.87,13558950
2015-01-23,92.28,92.48,90.785,90.89,14706310
2015-01-26,90.61,91.94,90.47,91.76,10672510
2015-01-27,91.24,91.6,90.6,90.95,12301460
2015-01-28,90.88,90.93,87.82,87.95,17829699
2015-01-29,88.22,88.26,86.03,87.58,22682980
2015-01-30,87.16,88.42,86.25,87.42,22679949
2015-02-02,87.85,89.59,87.5,89.58,20306350
2015-02-03,90.9,92.33,90.81,92.25,21900859
2015-02-04,91.64,92.27,90.51,91.46,19632170
2015-02-05,92.39,92.54,91.7,92.36,12809030
2015-02-06,92.1,92.28,90.96,91.5,12331190
2015-02-09,91.4,92.29,91.2366,91.56,11360680
2015-02-10,91.74,91.74,90.3,91.01,12952870
2015-02-11,90.02,90.83,89.79,90.6,12240600
2015-02-12,91.46,92.66,91.02,92.37,14842990
2015-02-13,92.7,93.45,92.28,93.37,12060980
2015-02-17,92.75,93.07,92.29,93.05,11758750
2015-02-18,91.99,91.99,90.39,91.01,19177930
2015-02-19,89.64,90.42,88.58,89.44,19350561
2015-02-20,89.4,89.94,88.85,89.92,15959870
2015-02-23,89.26,89.55,88.74,89.01,12771790
2015-02-24,89.33,89.78,89.13,89.42,9990726
2015-02-25,89.57,89.7,89.08,89.6,9925652
2015-02-26,89.13,89.18,88.08,88.65,13984010
2015-02-27,88.89,89.28,88.34,88.54,13090560
2015-03-02,88.34,88.52,87.35,88.04,13793670
2015-03-03,87.93,88.02,87.13,87.62,13493840
2015-03-04,87.96,87.96,86.93,87.18,13467550
2015-03-05,87.07,87.1864,86.52,86.74,12527580
2015-03-06,86.41,86.6,85.32,85.63,16070470
2015-03-09,86.12,86.38,85.12,85.16,14503800
2015-03-10,84.82,85.53,84.24,84.26,17195461
2015-03-11,84.93,84.93,84,84.02,13004660
2015-03-12,84.43,84.72,84.06,84.22,10792900
2015-03-13,83.9,84.18,82.68,83.87,16799920
2015-03-16,83.71,84.86,83.27,84.76,13516240
2015-03-17,84.54,84.85,84.015,84.08,12979710
2015-03-18,83.54,86.37,83.43,86.07,18745650
2015-03-19,85.19,85.5,84.325,84.41,12738500
2015-03-20,84.67,85.4,84.39,84.54,36083449
2015-03-23,85.02,85.7801,85.01,85.43,17450689
2015-03-24,85.3,85.78,84.5,84.52,10174290
2015-03-25,85.05,85.57,84.77,84.86,11934740
2015-03-26,85.3,85.57,84.09,84.32,14400700
2015-03-27,84.04,84.05,83.33,83.58,11579300
2015-03-30,84.27,85.82,84.25,85.63,15653170
2015-03-31,84.85,85.34,84.46,85,13353990
2015-04-01,85.7,86,84.26,84.46,14522260
2015-04-02,84.09,84.94,83.854,84.3,11297400
2015-04-06,85.15,85.64,84.2,85.13,10916430
2015-04-07,85.01,86.17,84.756,85.75,11836070
2015-04-08,85.8,85.9,84.02,84.06,16257100
2015-04-09,84,84.73,83.81,84.65,13281830
2015-04-10,85.37,86.04,84.77,85.56,13372430
2015-04-13,85.92,86.25,85.24,85.34,9880507
2015-04-14,85.6,87.475,85.53,86.63,15693830
2015-04-15,87.14,88.53,87.14,88.08,15332830
2015-04-16,87.88,88.16,87.11,87.73,9570809
2015-04-17,87.14,87.36,86.155,86.93,14430130
2015-04-20,87.13,88.1,87.08,87.24,11593560
2015-04-21,87.38,87.62,86.6849,86.88,10100460
2015-04-22,87.04,87.8,86.34,87.46,8663587
2015-04-23,87.36,88.38,87.31,87.54,9866129
2015-04-24,87.19,87.36,86.66,86.97,8405737
2015-04-27,87.41,87.6,86.755,87.01,10534610
2015-04-28,87.22,87.86,87.04,87.8,9633764
2015-04-29,87.5,88.07,86.96,87.87,12534120
2015-04-30,88.67,88.67,87.22,87.37,13947730
2015-05-01,87.85,88.95,87.7,88.85,12257080
2015-05-04,89.42,89.88,88.95,89.11,10343680
2015-05-05,89.97,90.09,88.52,88.61,11895030
2015-05-06,89.65,89.96,87.79,88.19,11273450
2015-05-07,88,88.1,86.92,87.6,9992451
2015-05-08,88.47,89.07,87.82,88.99,11390290
2015-05-11,88.53,88.57,86.65,86.78,11997790
2015-05-12,86.89,87.46,86.42,87.02,9788887
2015-05-13,87.28,87.73,86.4021,86.56,8629433
2015-05-14,86.93,87.34,86.75,86.97,8791275
2015-05-15,86.8,87.62,86.6,87.35,8422209
2015-05-18,87.31,87.46,86.78,86.85,6395354
2015-05-19,86.47,87.21,86.21,86.99,9777078
2015-05-20,87.39,87.4,86.91,87.13,7276571
2015-05-21,87.28,87.44,86.96,87.21,8357353
2015-05-22,86.99,87.1,86.5,86.52,7598432
2015-05-26,86.04,86.37,85.03,85.35,11288960
2015-05-27,85.3,85.89,84.77,85.11,10778280
2015-05-28,85.11,85.57,84.82,85.11,8038943
2015-05-29,85.1,85.58,84.88,85.2,14631320
2015-06-01,85.25,85.47,84.8,85.13,9077512
2015-06-02,85.12,85.59,84.91,85.14,9328322
2015-06-03,85.23,85.84,84.86,84.95,8179540
2015-06-04,84.7,84.89,83.78,84.22,12607260
2015-06-05,84.13,85,83.98,84.28,11388510
2015-06-08,84.18,85.209,83.93,84.85,12244690
2015-06-09,85.29,85.43,84.49,84.58,8105514
2015-06-10,85.84,85.97,85,85.21,10147050
2015-06-11,85.3,85.7,84.89,85.09,7759265
2015-06-12,84.58,84.68,83.86,84.02,8347341
2015-06-15,83.53,83.98,83.19,83.72,9563933
2015-06-16,83.81,84.75,83.4,84.68,9100116
2015-06-17,85.03,85.13,84.41,84.73,9090188
2015-06-18,84.8,85.96,84.72,85.48,10247830
2015-06-19,84.92,85.48,84.92,85.21,16129580
2015-06-22,85.39,85.6,84.97,85.17,9465144
2015-06-23,85.22,85.28,84.59,85.07,10223910
2015-06-24,84.89,85.34,84.66,84.68,11800120
2015-06-25,84.85,84.85,83.93,83.93,10259380
2015-06-26,83.83,84.1,83.49,83.86,19023330
2015-06-29,83.05,83.45,82.8,82.82,11739240
2015-06-30,83.74,84.9,82.8,83.2,14981150
2015-07-01,83.28,83.53,82.11,82.37,13529080
2015-07-02,82.79,83.28,82.55,83.14,9187997
2015-07-06,82.42,83.06,82.12,82.53,11694430
2015-07-07,82.19,83.23,81.49,82.87,15641540
2015-07-08,82.25,82.98,81.91,81.97,10056990
2015-07-09,82.87,83.15,81.58,81.6,11980540
2015-07-10,82.09,82.49,81.6,82.22,8628659
2015-07-13,82.11,82.6099,82.07,82.42,8026658
2015-07-14,82.38,83.32,82.26,83.11,9310155
2015-07-15,82.61,83.42,82.4039,82.76,9289210
2015-07-16,83.18,83.48,82.8,82.91,8267647
2015-07-17,82.51,82.84,81.79,82.61,12156000
2015-07-20,82.15,82.4059,81.6,81.76,12957060
2015-07-21,81.93,82.43,81.43,81.66,8677069
2015-07-22,82.35,82.47,81.58,81.79,13181460
2015-07-23,81.73,81.97,80.97,81.14,10496100
2015-07-24,81.16,81.16,79.72,79.94,14888460
2015-07-27,79.23,80.13,78.97,79.26,14996090
2015-07-28,79.7,82.665,79.565,82.48,19777279
2015-07-29,82.18,83.2,81.91,83.14,13913770
2015-07-30,83.18,83.32,82.42,83.01,11139940
2015-07-31,81.67,81.67,78.93,79.21,26232660
2015-08-03,78.7,78.93,77.63,78.06,15767740
2015-08-04,77.88,78.61,76.93,77.17,18874420
2015-08-05,77.87,78.23,76.9,77.17,16544391
2015-08-06,76.94,78.26,76.91,78.09,13005210
2015-08-07,77.55,77.97,76.6178,76.83,12187620
2015-08-10,77.09,78.75,77.09,78.75,14876010
2015-08-11,77.01,78.07,76.33,77.49,14486350
2015-08-12,77.44,78.87,76.96,78.79,16909189
2015-08-13,78.32,79.29,78.27,78.65,13154100
2015-08-14,78.64,79.28,78.25,78.36,9129284
2015-08-17,77.93,79.175,77.45,78.77,9365433
2015-08-18,78.53,78.67,77.58,77.9,9815315
2015-08-19,77.51,77.58,75.93,76.23,17010100
2015-08-20,76,76.18,74.57,74.57,17811211
2015-08-21,74.1,74.89,72.07,72.13,25488850
2015-08-24,67.99,71.38,66.55,68.72,35531230
2015-08-25,71.31,71.44,68.2,68.71,30409740
2015-08-26,70.63,72.75,69.15,72.5,34436039
2015-08-27,73.8,74.89,73.01,74.85,24570980
2015-08-28,74.71,75.98,74.41,75.07,18997330
2015-08-31,74.28,75.55,73.3,75.24,19570100
2015-09-01,73.3,73.35,71.51,72.08,24092930
2015-09-02,73.06,73.24,72,73.23,16936900
2015-09-03,73.64,74.91,73.34,73.79,13451870
2015-09-04,72.93,73.14,72.25,72.46,14902480
2015-09-08,73.72,73.72,72.9668,73.5,13626910
2015-09-09,74.37,74.68,71.85,72,17246221
2015-09-10,72.81,72.98,71.8,72.52,12353850
2015-09-11,72.4,72.72,72.01,72.69,12172260
2015-09-14,72.31,72.58,71.76,72.49,10738540
2015-09-15,72.44,73.3132,72.41,72.86,11979770
2015-09-16,73.51,74.7,73.37,74.3,15214170
2015-09-17,74.41,75.47,73.85,74.46,15603020
2015-09-18,73.26,73.56,72.12,72.68,23180160
2015-09-21,73.1,73.61,72.73,73.39,10852970
2015-09-22,72.35,73.52,72.02,72.74,14245210
2015-09-23,72.87,73.2,72.29,72.3,13784840
2015-09-24,72,73.15,71.72,72.73,14584250
2015-09-25,73.29,73.53,72.76,73.23,15175320
2015-09-28,72.62,73.46,72.4,72.6,14571910
2015-09-29,72.65,73.19,72.14,72.97,13754440
2015-09-30,73.4,74.35,73.33,74.35,18176500
2015-10-01,75.2,75.58,73.3,74.06,14397810
2015-10-02,73.39,75.9,73.03,75.88,18811350
2015-10-05,76.65,77.15,75.79,76.81,18486730
2015-10-06,76.96,78.56,76.26,77.89,18757920
2015-10-07,78.97,79.29,77.53,79.2,18703211
2015-10-08,79.31,80.11,78.54,80.03,14344690
2015-10-09,80.05,80.165,78.62,79.26,17384670
2015-10-12,79.59,79.59,78.72,79.3,9931754
2015-10-13,78.72,79.55,78.49,79.16,12326600
2015-10-14,78.97,80.48,78.78,80.16,14486000
2015-10-15,80.19,81.53,79.9,81.48,13640880
2015-10-16,82.26,82.5,81.45,82.48,14304430
2015-10-19,82.01,82.17,80.76,80.99,14155780
2015-10-20,80.55,81.055,80.2,80.83,12340110
2015-10-21,80.86,81.15,80.11,80.21,10286440
2015-10-22,80.68,82.96,80.66,82.89,14823460
2015-10-23,82.41,83,81.89,82.98,13215680
2015-10-26,82.52,82.73,81.17,81.22,12576450
2015-10-27,80.57,81.16,79.73,81.09,13579360
2015-10-28,81.31,82.58,80.9344,82.28,12473030
2015-10-29,81.79,83.22,81.79,82.23,10341160
2015-10-30,82.47,83.88,81.26,82.74,18758590
2015-11-02,82.3,85.93,82.09,85.28,21266520
2015-11-03,85.66,87.435,85.58,86.85,20115910
2015-11-04,86.77,87.08,85.7,85.98,14245440
2015-11-05,85.55,86.23,84.5,84.81,12291120
2015-11-06,83.93,84.47,83.22,84.47,12491680
2015-11-09,83.56,83.5992,81.8,81.95,13551180
2015-11-10,81.93,82.61,81.86,82.35,14238010
2015-11-11,82.42,82.56,81.4,81.62,9598043
2015-11-12,80.57,81.28,79.32,79.41,16050640
2015-11-13,79.28,79.58,77.94,78.1,17527270
2015-11-16,77.94,80.99,77.91,80.9,14548130
2015-11-17,80.71,80.88,79.63,79.96,10011690
2015-11-18,79.89,80.9,79.59,80.74,10884590
2015-11-19,80.51,80.78,80.04,80.3,9453285
2015-11-20,80.57,80.945,79.65,79.79,10144450
2015-11-23,79.6,80.709,79.06,80.28,11868400
2015-11-24,80.35,82.35,80.2,81.88,15055510
2015-11-25,81.3,82.17,81.1,81.25,8980425
2015-11-27,80.58,81.26,80.46,81.23,4156645
2015-11-30,81.42,82.65,81.25,81.66,17729180
2015-12-01,81.76,82.13,81.27,81.89,13916980
2015-12-02,81.31,81.64,79.42,79.55,16299980
2015-12-03,79.72,79.85,78.02,78.41,14870250
2015-12-04,77.35,78.98,77.0335,78.86,20156430
2015-12-07,77.33,77.5,75.75,76.8,17676100
2015-12-08,75.27,76.35,73.79,74.63,24217600
2015-12-09,74.84,77.19,74.73,75.63,22036340
2015-12-10,75.8,77.5,75.52,75.69,20142381
2015-12-11,74.82,75.54,74.34,74.34,20473141
2015-12-14,74.3,76.22,74.09,76.03,21976539
2015-12-15,77.43,79.6,77.33,79.43,24366830
2015-12-16,79.04,79.61,78,79.15,17233850
2015-12-17,79.02,79.23,77.95,77.96,17362920
2015-12-18,77.57,78.78,77.06,77.28,28835971
2015-12-21,77.79,78.1038,76.645,77.26,14460450
2015-12-22,77.7,77.9,77.21,77.65,13855760
2015-12-23,78.68,80.22,78.32,80.19,15184200
2015-12-24,80.27,80.27,79.1211,79.33,5848311
2015-12-28,78.12,78.86,77.91,78.74,9715843
2015-12-29,79.99,80.08,78.84,79.16,8838979
2015-12-30,78.32,78.99,77.97,78.11,9314646
2015-12-31,77.51,78.44,77.43,77.95,10285520
2016-01-04,77.5,77.94,76.455,77.46,20400080
2016-01-05,77.19,78.14,76.9223,78.12,11993500
2016-01-06,76.64,77.64,76.59,77.47,18826900
2016-01-07,76.06,77.99,75.9,76.23,21263760
2016-01-08,76.35,76.65,74.5,74.69,19033631
2016-01-11,75.01,75.12,72.56,73.69,21352961
2016-01-12,74.12,75.42,73.1518,75.2,21864131
2016-01-13,75.85,77.06,74.94,75.65,26052730
2016-01-14,76.21,79.92,75.8,79.12,33806672
2016-01-15,76.33,78.17,76.3,77.58,28342061
2016-01-19,77.93,78.24,75.19,76.4,22684539
2016-01-20,75.07,75.72,71.55,73.18,33300750
2016-01-21,73.16,74.99,72.61,74.1,22265580
2016-01-22,76.42,76.77,74.72,76.57,22530320
2016-01-25,75.75,76.34,73.9,73.98,17086641
2016-01-26,74.77,76.77,74.25,76.7,18724699
2016-01-27,76,77.4699,74.72,75.29,18106109
2016-01-28,77.35,77.66,75.62,76.99,16157720
2016-01-29,76.73,77.85,76.25,77.85,25161891
2016-02-01,76.66,76.79,75.4398,76.29,16754160
2016-02-02,74.19,75.62,73.55,74.59,21404221
2016-02-03,75.53,78.53,74.26,78.48,25873721
2016-02-04,78.58,80,77.56,79.83,23658670
2016-02-05,79.4,80.1,78.57,80.08,26719850
2016-02-08,79.3,81.78,78.91,81.16,26601180
2016-02-09,79.98,80.67,78.69,80.08,18418090
2016-02-10,79.77,81.45,79.28,79.35,16610939
2016-02-11,78.34,80.15,77.58,79.6,19331631
2016-02-12,80.08,81.07,79.81,81.03,16687850
2016-02-16,81.7,81.85,80.28,81.22,15912160
2016-02-17,81.65,82.775,81.16,82,17006670
2016-02-18,82.9,83.06,81.86,82.45,14873700
2016-02-19,82.19,82.55,80.91,82.5,13615900
2016-02-22,83.21,83.44,82.2,82.39,14595200
2016-02-23,81.99,82.37,80.879,81.23,11041630
2016-02-24,79.91,81.77,79.67,81.52,13777540
2016-02-25,81.56,82.07,80.02,82.01,13706440
2016-02-26,82.89,83.08,81.69,81.75,14343250
2016-02-29,81.88,82.4,80.05,80.15,18903551
2016-03-01,80.56,81.765,80.32,81.28,15730640
2016-03-02,80.95,82.72,80.31,82.7,14094350
2016-03-03,82.66,82.72,81.54,82.4,13216190
2016-03-04,82.66,82.9699,81.7635,82.29,18402740
2016-03-07,82.31,84.46,82.21,84.46,18945561
2016-03-08,84,84.21,82.48,82.63,14003910
2016-03-09,83.22,83.85,82.24,82.4,14139280
2016-03-10,82.42,82.66,80.93,82.18,15898280
2016-03-11,83.22,83.53,82.005,82.19,15370180
2016-03-14,81.48,82.64,81.015,82.41,13344600
2016-03-15,81.6,82.85,81.52,82.82,9213045
2016-03-16,83.02,83.16,81.94,82.87,11492060
2016-03-17,83.68,84.675,82.72,84.1,13673860
2016-03-18,84.59,84.6,83.2539,84.2,19637010
2016-03-21,83.84,84.139,83.5,83.62,8385359
2016-03-22,83.08,84.86,83.01,84.12,13005080
2016-03-23,83.86,84.2999,83.52,83.75,12748880
2016-03-24,82.94,84.025,82.93,83.98,9368327
2016-03-28,84.03,84.36,83.7,84.22,7490353
2016-03-29,83.67,84.6134,83.16,84.53,9977887
2016-03-30,85.03,85.05,84,84.52,10807030
2016-03-31,84.07,85.1,83.59,83.59,13896910
2016-04-01,82.4,83.39,82.39,82.96,12235330
2016-04-04,83.06,83.9,82.78,83.16,8050167
2016-04-05,82.61,83.13,81.99,82.21,10446840
2016-04-06,82.69,83.46,82.3,83.31,9320161
2016-04-07,82.76,83.17,82.05,82.37,8267069
2016-04-08,83.3,83.45,82.85,83.21,9376167
2016-04-11,83.33,84.24,83.28,83.32,9924974
2016-04-12,83.69,84.63,83.37,84.35,9986128
2016-04-13,84.5,84.91,84.04,84.83,9235668
2016-04-14,85,85.9,84.76,85.43,10625780
2016-04-15,85.3,85.66,84.78,84.97,11280210
2016-04-18,83.89,85.86,83.86,85.78,9096983
2016-04-19,85.85,86.31,85.22,86.21,10354460
2016-04-20,86.23,87.44,85.97,86.8,15247070
2016-04-21,86.59,87.84,86.57,86.79,12075300
2016-04-22,87.24,87.64,86.82,87.53,9150823
2016-04-25,87.09,87.4,86.352,87.33,8076440
2016-04-26,87.75,87.94,87.06,87.63,9425865
2016-04-27,87.95,88.715,87.33,88.46,10463500
2016-04-28,87.86,88.775,87.5,88.03,11276190
2016-04-29,88.68,89.78,87.74,88.4,17885949
2016-05-02,88.24,89.4765,88.08,89.13,10273740
2016-05-03,88.4,88.63,87.355,88.11,10137440
2016-05-04,88.3,88.74,87.6,87.94,10601140
2016-05-05,88.76,88.97,87.6201,88.04,8721081
2016-05-06,87.46,88.6815,87.46,88.51,7968354
2016-05-09,88.6,88.76,87.23,88.57,11159510
2016-05-10,88.9,90,88.82,89.99,12509080
2016-05-11,89.16,89.68,88.72,88.81,11660170
2016-05-12,89.8,89.93,89.15,89.67,10720510
2016-05-13,89.28,89.66,88.51,88.66,9721139
2016-05-16,89.2,89.67,89,89.57,8638664
2016-05-17,89.27,89.91,89.16,89.53,9835599
2016-05-18,89.8,90,88.65,89.35,9680277
2016-05-19,88.61,90.16,88.45,90.11,14397940
2016-05-20,90.39,90.4,89.38,89.74,13191930
2016-05-23,89,89.9,88.8201,89.6,11766050
2016-05-24,89.89,90.4,89.55,89.67,10056580
2016-05-25,89.85,90.37,89.59,90.26,9581349
2016-05-26,90.25,90.46,89.27,89.8,7867901
2016-05-27,89.4,90.05,89.32,90.01,7505941
2016-05-31,90,90.2,88.73,89.02,13178770
2016-06-01,88.43,89.45,88.13,89.24,7994794
2016-06-02,88.21,88.53,87.61,88.53,9837535
2016-06-03,88.44,88.83,88.03,88.37,9367092
2016-06-06,88.87,89.5,88.69,89.34,8572963
2016-06-07,89.75,90.92,89.71,90.71,12889080
2016-06-08,91.03,91.3,90.53,90.79,9982959
2016-06-09,90.18,91.03,90.11,90.67,8974331
2016-06-10,90.4,90.92,89.7801,89.98,10353820
2016-06-13,89.92,91.43,89.7,90.59,11369950
2016-06-14,90.45,90.87,89.85,90.43,10161030
2016-06-15,90.23,90.9,90,90.16,10655770
2016-06-16,89.7,91.39,89.11,91.22,12824810
2016-06-17,91.49,91.59,90.19,90.72,17483221
2016-06-20,91.29,91.59,91.07,91.12,9388528
2016-06-21,90.72,91.64,90.25,91.53,8557451
2016-06-22,91.84,91.93,91.005,91.17,8785428
2016-06-23,91.93,92.07,91.19,91.8,9464500
2016-06-24,89.88,90.8,89.15,89.39,20010490
2016-06-27,88.9,89.1,88.11,88.86,14395730
2016-06-28,89.73,90.93,89.52,90.91,13254270
2016-06-29,91.41,92.7,91.12,92.46,13920630
2016-06-30,92.33,93.8273,92.3,93.74,14073680
2016-07-01,93.36,93.98,93.07,93.84,9946278
2016-07-05,93.12,93.6,92.25,93.02,10744050
2016-07-06,93.35,94.12,92.44,94.09,13144410
2016-07-07,94.34,94.49,92.35,92.96,12240670
2016-07-08,93.39,93.78,92.92,93.54,9807645
2016-07-11,93.75,94.41,93.65,93.89,8335705
2016-07-12,94.67,94.95,94.09,94.95,9870813
2016-07-13,94.65,94.915,94.11,94.88,9458206
2016-07-14,95.05,95.53,94.62,94.95,9293450
2016-07-15,95.44,95.55,94.64,95.12,10334450
2016-07-18,94.92,95.15,94.4,94.82,9865850
2016-07-19,94.76,94.94,94.2,94.47,5901792
2016-07-20,94.25,94.4161,93.8,93.93,7383789
2016-07-21,93.89,94.26,93.46,93.85,7759624
2016-07-22,94.11,94.294,93.72,94.01,7139681
2016-07-25,93.47,93.62,91.76,92.2,10845890
2016-07-26,91.63,92.03,91.11,91.53,12143540
2016-07-27,91.51,91.805,90.63,90.91,10037890
2016-07-28,90.54,90.73,89.61,90.2,12439250
2016-07-29,87.61,89.01,86.12,88.95,23928100
2016-08-01,88.08,88.15,85.59,85.86,22908391
2016-08-02,86.45,87.32,85.58,87.04,18919160
2016-08-03,87.01,87.49,86.6,87.49,14632940
2016-08-04,87.5,87.65,87.03,87.48,13451350
2016-08-05,87.73,87.83,87.15,87.56,9617289
2016-08-08,88.05,88.89,88.03,88.59,10492710
2016-08-09,88.62,88.76,88.18,88.7,9654554
2016-08-10,87.78,87.92,86.01,86.41,12714810
2016-08-11,86.69,87.27,86.26,86.72,11616030
2016-08-12,86.96,87.98,86.9,87.85,9986924
2016-08-15,88.42,88.5,87.64,87.81,6432580
2016-08-16,87.83,88.1799,87.37,87.92,6817932
2016-08-17,87.92,88.18,87.66,88.11,7104565
2016-08-18,88.38,88.94,88.12,88.91,10342730
2016-08-19,88.63,88.74,87.79,87.8,8615269
2016-08-22,87.31,88.1,86.845,87.99,8235406
2016-08-23,87.84,88.02,87.56,87.72,6514786
2016-08-24,87.5,88.16,87.35,88.02,7985437
2016-08-25,88.02,88.03,87.24,87.46,6935261
2016-08-26,87.63,88.11,87,87.27,6474424
2016-08-29,87.04,87.92,87.04,87.84,7027164
2016-08-30,87.87,88.25,87.365,87.52,6441118
2016-08-31,87.14,87.21,86.22,87.14,12491440
2016-09-01,86.72,86.84,86.09,86.84,8434729
2016-09-02,87.42,87.58,86.9307,87.42,7099643
2016-09-06,87.84,88.64,87.66,88.57,9851167
2016-09-07,88.65,88.67,87.97,88.24,7470375
2016-09-08,88.55,89.37,88.04,89.05,9579545
2016-09-09,88.66,88.66,86.8,86.84,12820200
2016-09-12,86.78,87.71,86.63,87.29,10889030
2016-09-13,86.46,86.47,85.08,85.21,13214320
2016-09-14,85.04,85.83,84.265,84.6,13957010
2016-09-15,84.67,85.65,84.52,85.08,9251913
2016-09-16,84.51,85.05,83.56,84.03,21538410
2016-09-19,84.58,84.62,83.81,83.83,7929097
2016-09-20,83.73,83.95,82.54,82.54,17521980
2016-09-21,82.82,83.62,82.31,83.3,15055920
2016-09-22,84.28,84.55,83.38,83.54,10738520
2016-09-23,82.68,84.31,82.59,83.45,12667110
2016-09-26,83.52,84.5,82.93,83.06,10860320
2016-09-27,82.59,83.34,82.29,83.24,9595020
2016-09-28,83.46,87.23,83.34,86.9,28117869
2016-09-29,86.97,87.2,85.675,86.46,19082869
2016-09-30,86.84,87.81,86.65,87.28,15961510
2016-10-03,86.94,87.2,86.54,87.05,7111178
2016-10-04,87.38,87.5,86.07,86.25,8222033
2016-10-05,86.83,87.17,86.7,87,8796215
2016-10-06,87.25,87.47,86.44,87.04,7718259
2016-10-07,86.95,87.4,86.42,86.74,6614908
2016-10-10,87.54,88.67,87.51,88.44,10060040
2016-10-11,88.08,88.19,87.3,87.74,9309029
2016-10-12,87.22,87.72,86.67,87.13,8172591
2016-10-13,86.35,86.869,85.43,86.56,9890258
2016-10-14,87.19,87.535,86.48,86.54,7991654
2016-10-17,86.48,86.79,86.07,86.54,7263061
2016-10-18,87.17,87.33,86.38,86.77,5429319
2016-10-19,87.19,87.85,86.88,87.17,9373416
2016-10-20,86.79,87.5,86.6,87.21,6866873
2016-10-21,86.42,86.82,85.6985,86.62,10736170
2016-10-24,86.74,87.32,86.07,86.91,8354850
2016-10-25,86.67,87.65,86.6,86.72,6835886
2016-10-26,86.25,87.45,85.95,87.09,8488064
2016-10-27,87.28,87.66,86.8,86.92,9071099
2016-10-28,85.28,86.36,84.14,84.78,19072189
2016-10-31,83.88,84.4,82.99,83.32,16663770
2016-11-01,83.5,83.92,83.27,83.65,13050610
2016-11-02,83.3,83.88,82.94,83.45,11226100
2016-11-03,83.68,83.88,83.05,83.66,8836546
2016-11-04,83.63,84.33,82.76,83.57,13877120
2016-11-07,84.49,85.47,84.4004,85.45,13576250
2016-11-08,84.73,85.83,84.49,85.31,9735164
2016-11-09,84.05,86.71,83.66,86.25,15901270
2016-11-10,85.91,87.99,85.66,87.05,14106230
2016-11-11,86.53,86.73,84.89,85.67,13812180
2016-11-14,85.3,85.65,84.325,85.28,12607500
2016-11-15,85.77,87.06,85.77,86.82,12883540
2016-11-16,86.74,86.78,85.58,85.75,8201169
2016-11-17,86.44,86.88,85.02,85.23,8200464
2016-11-18,85.21,85.65,84.83,85.28,8457804
2016-11-21,86.44,86.69,86.135,86.49,8861469
2016-11-22,86.69,87.24,85.97,86.68,9390248
2016-11-23,86.54,87.08,86.3101,86.92,6061281
2016-11-25,86.71,87.14,86.54,87.12,5043042
2016-11-28,86.95,87.1348,86.37,86.47,7449634
2016-11-29,85.42,86.075,85.08,85.9,9181096
2016-11-30,87.6,88.19,87.2,87.3,22696211
2016-12-01,87.98,88.5,87.24,87.24,13005560
2016-12-02,87.19,87.99,86.6,87.04,9706646
2016-12-05,87.39,87.82,86.92,87.48,11741070
2016-12-06,87.27,87.87,86.6999,87.56,11293620
2016-12-07,87.63,88.15,87.2,88.07,11182630
2016-12-08,88.05,88.85,87.65,88.32,9086715
2016-12-09,88.64,89,88.18,89,8021683
2016-12-12,90.14,91.5,90.14,90.98,15545410
2016-12-13,91.89,93.215,91.17,92.58,18829350
2016-12-14,92.26,92.27,90.17,90.58,16325360
2016-12-15,90.1,90.98,89.76,90.89,11155110
2016-12-16,91.52,91.67,90.64,91.18,20560439
2016-12-19,91.38,91.54,90.2,90.42,9674437
2016-12-20,90.51,90.85,90.29,90.43,7221041
2016-12-21,90.68,90.9,90.18,90.28,7308044
2016-12-22,90.02,90.9,90.02,90.87,8003106
2016-12-23,90.89,90.96,90.52,90.71,4266541
2016-12-27,90.83,91.11,90.58,90.75,4960556
2016-12-28,90.68,91.11,90.26,90.3,6745940
2016-12-29,90.1,90.6,90.03,90.35,6684661
2016-12-30,90.03,90.7,90.01,90.26,9117830
2017-01-03,90.94,91.34,90.15,90.89,10360620
2017-01-04,91.12,91.15,89.75,89.89,9434240
2017-01-05,90.19,90.3,88.44,88.55,14443180
2017-01-06,88.79,88.98,87.82,88.5,16518131
2017-01-09,88.22,88.22,86.55,87.04,13762260
2017-01-10,87.17,87.31,85.91,85.93,13283080
2017-01-11,85.9,86.95,85.86,86.81,11183690
2017-01-12,87.27,87.38,86.07,86.34,10407050
2017-01-13,86.27,86.68,86.17,86.35,8415603
2017-01-17,86.58,87.39,86.25,87.36,13237350
2017-01-18,87.06,87.41,86.05,86.28,11831700
2017-01-19,85.97,86.1,84.59,84.73,16382900
2017-01-20,85.44,85.96,85.05,85.89,18739660
2017-01-23,85.68,85.88,84.75,84.97,11433900
2017-01-24,84.98,85.47,84.825,85.09,11858110
2017-01-25,85.34,85.88,85.25,85.34,9578522
2017-01-26,85.69,85.83,85.12,85.6,8779446
2017-01-27,85.3,85.75,85.0441,85.51,10947880
2017-01-30,85.42,85.45,84.175,84.86,12789180
2017-01-31,85.04,85.07,83.13,83.89,19128109
2017-02-01,84,84.16,82.54,82.94,15111830
2017-02-02,83.21,83.53,82.55,83.45,12200100
2017-02-03,83.7,83.72,82.9,83.54,12746290
2017-02-06,83.55,83.65,82.93,83.31,9938198
2017-02-07,83.23,83.62,82.45,82.77,11705200
2017-02-08,81.99,82.12,81.17,81.48,14006280
2017-02-09,81.8,82.05,81.665,81.84,9602988
2017-02-10,82.26,82.77,82.13,82.52,8739814
2017-02-13,82.77,83.1837,82.35,83,9071638
2017-02-14,82.91,83.1,82.06,82.82,11370530
2017-02-15,82.64,83.18,82.4634,83.16,11768510
2017-02-16,83.12,83.42,82.17,82.3,10614960
2017-02-17,82.09,82.19,81.44,81.76,15645970
2017-02-21,82.12,82.15,81.3,81.89,16419609
2017-02-22,81.65,81.7,80.87,80.93,12917370
2017-02-23,81.42,82.22,81.03,81.78,13847040
2017-02-24,81.6,81.8,80.76,81.08,11338720
2017-02-27,81.13,81.71,80.81,81.54,13465950
2017-02-28,81.53,81.99,81.05,81.32,16834160
2017-03-01,81.7,83.33,81.7,83.02,17482119
2017-03-02,82.8,84.25,82.79,83.3,14170310
2017-03-03,83.56,83.6,82.26,82.46,12304100
2017-03-06,82.44,82.9,82.331,82.83,9617240
2017-03-07,83.11,83.29,82.14,82.52,12711510
2017-03-08,82.35,82.38,81.01,81.03,16817740
2017-03-09,80.64,81.72,80.31,81.67,14721800
2017-03-10,82.44,82.47,81.155,81.61,11355150
2017-03-13,81.5,81.94,81.05,81.42,9571361
2017-03-14,81,81.229,80.44,80.99,11335680
2017-03-15,81.35,82.06,81.045,82,11970300
2017-03-16,82.03,82.2,81.67,82.07,9923804
2017-03-17,82.03,82.26,81.82,82,18834131
2017-03-20,81.72,82.04,81.44,82,7700258
2017-03-21,82.16,82.35,81.6,81.83,13387670
2017-03-22,81.96,82.09,81.43,81.76,11168420
2017-03-23,81.63,82.22,81.46,81.86,8927991
2017-03-24,82.03,82.03,81.149,81.23,9128489
2017-03-27,80.82,81.43,80.791,81.25,8481162
2017-03-28,81.32,82.02,80.96,81.84,11028600
2017-03-29,81.69,82.2833,81.547,82.02,8495457
2017-03-30,82.03,83.87,81.935,83.7,44704930
2017-03-31,83.26,83.31,81.86,82.01,21750400
2017-04-03,82.02,82.31,81.35,82.07,11438650
2017-04-04,82.1,82.42,81.33,82.37,9270872
2017-04-05,82.85,83.55,82.47,82.53,13809060
2017-04-06,82.75,83.21,82.46,83.01,9554910
2017-04-07,83.24,83.36,82.68,82.76,8909620
2017-04-10,83.12,83.47,82.92,83.13,8885298
2017-04-11,83.08,83.17,82.42,82.84,8576521
2017-04-12,82.86,83.35,82.7,82.97,9516100
2017-04-13,82.72,82.729,81.57,81.69,8667873
2017-04-17,81.85,81.97,81.435,81.58,9577168
2017-04-18,81.32,81.82,81.03,81.05,8821414
2017-04-19,81.17,81.51,80.3,80.49,10764440
2017-04-20,80.95,81.74,80.7,81.01,11649050
2017-04-21,80.93,81,80.47,80.69,9816669
2017-04-24,81.28,81.4,80.81,81.11,8729701
2017-04-25,81.43,81.9301,81.2801,81.73,10733810
2017-04-26,81.52,82.33,81.3901,81.4,9445925
2017-04-27,81.07,81.3,80.94,81.26,12385260
2017-04-28,82.46,82.49,81.56,81.65,12072170
2017-05-01,81.51,82.21,81.48,82.06,8664074
2017-05-02,82.14,82.59,81.9,82.05,9102893
2017-05-03,81.97,83.0699,81.91,82.7,10289050
2017-05-04,82.29,82.36,81.4,81.64,16164530
2017-05-05,81.63,82.235,81.61,82.02,10213000
2017-05-08,82,82.94,82,82.89,8097077
2017-05-09,82.96,83,82.16,82.31,8647093
2017-05-10,82.12,82.37,81.65,81.91,9520322
2017-05-11,82.59,82.71,82.1,82.61,10047310
2017-05-12,82.39,82.71,82.25,82.55,7480240
2017-05-15,83,83.1829,82.65,82.8,10881470
2017-05-16,82.9,83.23,82.45,82.55,9574192
2017-05-17,82.3,83.04,81.96,81.99,11151070
2017-05-18,81.77,82.15,81.42,81.75,9905799
2017-05-19,82,82.09,81.695,81.93,13028510
2017-05-22,82.11,82.33,81.93,82.29,9218736
2017-05-23,82.32,82.885,82.24,82.58,6857205
2017-05-24,82.42,82.54,82.01,82.29,8263795
2017-05-25,82.33,82.71,81.52,81.75,12370870
2017-05-26,81.61,81.8,80.83,81.55,8227074
2017-05-30,81.28,81.34,81.04,81.1,8973580
2017-05-31,80.94,80.95,80.47,80.5,13572310
2017-06-01,80.37,80.9,80.19,80.7,9884090
2017-06-02,80.59,80.68,79.26,79.5,21687311
2017-06-05,79.44,80.39,79.4,80.12,11527070
2017-06-06,80.3,81.32,80.22,81.21,12208650
2017-06-07,81.05,81.4,80.34,80.91,13096540
2017-06-08,80.51,81.08,80.49,80.62,11720670
2017-06-09,81.15,82.14,80.69,82.13,13553890
2017-06-12,82.67,83.69,82.64,82.93,18172939
2017-06-13,82.85,83.27,82.57,82.96,12175520
2017-06-14,82.81,82.82,81.56,82.07,13713960
2017-06-15,81.78,82.4,81.58,82.26,11862610
2017-06-16,82.61,83.54,82.2,83.49,39726070
2017-06-19,83.22,83.45,82.55,82.76,10445740
2017-06-20,82.07,82.466,81.41,82.31,13232590
2017-06-21,82.04,82.63,81.14,81.44,11422350
2017-06-22,81.45,81.58,80.9,81.08,8139916
2017-06-23,80.85,81.69,80.76,81.61,10611160
2017-06-26,81.57,81.75,80.9073,81.24,7718724
2017-06-27,81.45,81.73,81.11,81.11,9221642
2017-06-28,81.41,81.76,81.185,81.53,9189671
2017-06-29,81.37,81.84,80.41,80.7,20525080
2017-06-30,81.08,81.241,80.7,80.73,14000610
2017-07-03,80.79,82.49,80.72,82.1,8422283
2017-07-05,81.68,81.68,80.515,80.85,9830764
2017-07-06,80.86,81.08,80.09,80.12,9822388
2017-07-07,80.2,80.595,79.81,80.22,10777830
2017-07-10,80,80.41,79.96,80.16,6338262
2017-07-11,80.33,80.7547,80.0399,80.6,9681117
2017-07-12,81.19,81.515,80.75,80.96,7973953
2017-07-13,80.97,81.09,80.73,80.97,5582349
2017-07-14,81,81.41,80.77,81.28,7497160
2017-07-17,81,81.43,80.83,80.86,7914701
2017-07-18,81.02,81.08,80.41,80.6,8046119
2017-07-19,80.44,80.87,80.27,80.85,9393178
2017-07-20,80.97,81.49,80.75,80.86,9680965
2017-07-21,80.65,80.84,80,80.12,12268610
2017-07-24,80.06,80.22,79.76,79.87,9402997
2017-07-25,80.77,81.05,80.27,80.27,11465270
2017-07-26,80.58,80.9,80.2,80.37,10465120
2017-07-27,80.24,80.88,79.8966,80.83,11149690
2017-07-28,79.65,79.92,78.27,79.6,22800789
2017-07-31,79.83,80.39,79.6,80.04,12820180
2017-08-01,80.16,80.54,79.97,80.17,10421210
2017-08-02,79.9,80.64,79.8,80.6,10410080
2017-08-03,80.34,80.82,80.2999,80.49,10136710
2017-08-04,80.44,80.56,80.05,80.21,8292204
2017-08-07,80.17,80.17,79.86,80.16,7893753
2017-08-08,80.02,80.215,79.83,79.96,9028396
2017-08-09,80.25,80.35,79.78,80.21,8087101
2017-08-10,79.76,79.78,78.91,78.97,12580300
2017-08-11,79.21,79.25,78.2,78.21,10192380
2017-08-14,78.62,78.79,78.12,78.23,8862475
2017-08-15,78.12,78.25,77.68,78.04,10350950
2017-08-16,78.04,78.17,77.31,77.47,9117145
2017-08-17,77.26,77.28,76.21,76.26,13400360
2017-08-18,76.18,77.11,76.05,76.64,14324340
2017-08-21,76.47,76.62,76.08,76.38,10084930
2017-08-22,76.55,77.335,76.53,76.74,9503600
2017-08-23,76.7,77.01,76.47,76.61,7054254
2017-08-24,76.5,76.65,76.2,76.33,8678316
2017-08-25,76.56,77.13,76.43,76.72,6844875
2017-08-28,76.9,76.94,76.26,76.47,8229665
2017-08-29,76.21,76.49,76.08,76.45,7060375
2017-08-30,76.24,76.45,76.06,76.1,8217965
2017-08-31,76.27,76.49,76.05,76.33,15641740
2017-09-01,76.37,76.85,76.32,76.57,7361092
2017-09-05,76.64,77.36,76.61,77.18,12784850
2017-09-06,77.89,79.225,77.58,78.78,18574381
2017-09-07,79.02,79.3299,78.61,79.03,9836447
2017-09-08,79.01,79.04,78.63,78.82,8436033
2017-09-11,79.41,79.42,78.9,79.25,12955770
2017-09-12,79.4,79.69,79.24,79.5,7644403
2017-09-13,79.5,79.77,79.38,79.77,8369659
2017-09-14,79.85,80.23,79.77,80.09,9072627
2017-09-15,80.12,80.21,79.55,80.07,16043710
2017-09-18,79.79,80.14,79.7,80.09,8594362
2017-09-19,80.06,80.39,79.985,80.22,9277072
2017-09-20,80.28,80.66,80.26,80.55,10606860
2017-09-21,80.49,80.53,79.76,79.89,11984170
2017-09-22,79.72,80.3,79.67,79.92,10205790
2017-09-25,80.03,81,79.98,80.98,10496640
2017-09-26,80.71,80.995,80.56,80.89,8755080
2017-09-27,80.89,81.45,80.79,81.43,9724511
2017-09-28,81.63,82.45,81.56,82.19,15581730
2017-09-29,81.94,82.055,81.575,81.98,9943991
2017-10-02,81.3,81.819,81.245,81.63,6777857
2017-10-03,81.41,81.97,81.3,81.76,6081997
2017-10-04,81.8,81.87,81.45,81.79,6357088
2017-10-05,81.72,82.24,81.59,82.02,7375872
2017-10-06,81.77,81.89,81.355,81.71,6070620
2017-10-09,81.84,82.18,81.76,82.03,7489884
2017-10-10,82.34,82.735,82.09,82.26,7218534
2017-10-11,82.16,82.74,82.14,82.6,7023706
2017-10-12,82.31,82.5,82.17,82.43,6647544
2017-10-13,82.73,83.08,82.36,82.41,7180046
2017-10-16,82.7,82.95,82.54,82.81,5734007
2017-10-17,82.63,82.97,82.54,82.96,6444106
2017-10-18,82.96,83.391,82.54,82.76,6367060
2017-10-19,82.35,83.05,82.33,82.74,7945461
2017-10-20,82.85,83.13,82.62,83.11,9574086
2017-10-23,83.15,83.76,83.0401,83.24,9829896
2017-10-24,83.55,83.8065,83.31,83.47,7551187
2017-10-25,83.45,83.73,82.9465,83.17,9153318
2017-10-26,83.37,83.65,83.11,83.47,9154478
2017-10-27,83,84.24,82.01,83.71,14866250
2017-10-30,83.71,83.95,83.41,83.54,7811142
2017-10-31,83.65,83.68,83.17,83.35,9754213
2017-11-01,83.39,83.94,83.26,83.87,9429983
2017-11-02,83.6,83.705,82.91,83.53,7775467
2017-11-03,83.42,83.64,83.16,83.18,6903526
2017-11-06,83.3,83.87,83.06,83.75,9276669
2017-11-07,83.74,83.82,83.03,83.58,8471825
2017-11-08,83.36,83.5,82.86,83.47,8691551
2017-11-09,83.3,84.14,83.08,83.97,10528800
2017-11-10,83.01,83.08,82.42,82.94,8693652
2017-11-13,82.65,83.09,82.6,82.89,6720400
2017-11-14,82.42,82.75,82.09,82.24,9251742
2017-11-15,81.75,82.09,81.15,81.21,9663606
2017-11-16,80.44,80.85,80.145,80.56,10527200
2017-11-17,80.32,80.66,80.16,80.24,9536383
2017-11-20,80.23,80.64,80.01,80.55,8468631
2017-11-21,80.69,81.25,80.64,80.87,8838367
2017-11-22,81.16,81.4051,81.05,81.1,7941632
2017-11-24,81.44,81.7,81.22,81.42,3851283
2017-11-27,81.32,81.4,81.02,81.11,9127527
2017-11-28,81.41,81.999,81.31,81.67,9794574
2017-11-29,81.65,82.31,81.48,82.27,9724992
2017-11-30,82.45,83.4,82.41,83.29,18592680
2017-12-01,83.44,84.13,82.41,83.46,13779250
2017-12-04,83.21,84.175,83,83.57,12597710
2017-12-05,83.5,83.77,82.71,82.89,9357185
2017-12-06,83.08,83.2,82.21,82.28,13398870
2017-12-07,82.4,82.62,82.17,82.55,11359600
2017-12-08,82.75,82.9,82.26,82.66,11988630
2017-12-11,82.95,83.25,82.74,83.03,8760735
2017-12-12,83.09,83.38,82.7,82.76,11307030
2017-12-13,82.61,83.3,82.48,83.12,10172650
2017-12-14,83.03,83.33,82.89,82.9,9492394
2017-12-15,83.16,83.28,82.87,83.03,26582330
2017-12-18,83.18,83.6744,82.91,82.94,9363466
2017-12-19,83.03,83.17,82.33,82.44,10285050
2017-12-20,82.6,83.14,82.5201,82.87,10620310
2017-12-21,83.35,84.27,82.96,83.85,13578130
2017-12-22,83.88,84.02,83.6,83.97,10161450
2017-12-26,83.96,84.36,83.9,83.98,4777216
2017-12-27,83.99,84.1,83.74,83.9,7000612
2017-12-28,83.98,84.05,83.8,84.02,7495254
2017-12-29,84,84.2,83.64,83.64,8523411
2018-01-02,83.82,85.195,83.66,85.03,11469250
2018-01-03,85.16,86.965,84.82,86.7,13957740
2018-01-04,86.79,87.22,86.43,86.82,10863030
2018-01-05,86.75,86.88,85.705,86.75,11047570
2018-01-08,86.7,87.15,86.6034,87.14,10927090
2018-01-09,86.94,87.15,86.65,86.77,8131631
2018-01-10,87,87.19,85.98,86.08,10822330
2018-01-11,86.36,87.37,85.93,86.93,14366030
2018-01-12,87.2,87.99,87.18,87.52,9834511
2018-01-16,87.74,87.76,86.6,86.97,10882790
2018-01-17,87.2,88.21,86.93,88,10545960
2018-01-18,87.77,88.19,87.34,87.43,9223679
2018-01-19,87.57,87.76,86.61,87.15,13090030
2018-01-22,87.17,88.29,87.05,88.25,10270380
2018-01-23,88.25,88.46,87.74,88.3,10281820
2018-01-24,88.49,88.918,88.01,88.53,10316110
2018-01-25,88.55,88.87,88.2,88.37,11271870
2018-01-26,88.64,89,88.47,89,10514410
2018-01-29,88.59,89.3,87.95,88.01,9315696
2018-01-30,87.54,88.38,86.78,86.78,12407970
2018-01-31,86.56,87.47,86.33,87.3,14404740
2018-02-01,87.5,89.25,87.35,89.07,17971010
2018-02-02,85.13,86.01,82.9978,84.53,29822141
2018-02-05,83.28,83.99,78.13,79.72,30452689
2018-02-06,78.51,80.35,76.9,78.35,36262762
2018-02-07,78.44,79.41,76.92,76.94,21994449
2018-02-08,77.44,77.58,76.03,76.07,25650789
2018-02-09,76.25,76.48,73.9,75.78,29491590
2018-02-12,77.05,77.621,75.841,76.42,19340420
2018-02-13,76.1,76.75,75.73,76.3,11926610
2018-02-14,75.79,76.66,75.165,76.46,17188410
2018-02-15,76.62,76.7,75.45,76.21,14432420
2018-02-16,76.15,77.12,75.85,76.54,13722430
2018-02-20,76.47,77.47,75.461,75.75,13387350
2018-02-21,75.82,76.435,74.87,74.89,11714990
2018-02-22,75.3,76.84,75.185,75.86,14020190
2018-02-23,76.09,77.62,75.95,77.53,13378800
2018-02-26,77.74,78.93,77.56,78.84,16940420
2018-02-27,79,79.87,77.5,77.5,14629520
2018-02-28,78.16,78.25,75.7,75.74,17087820
2018-03-01,75.53,76.6808,74.855,75.2,15696670
2018-03-02,74.89,75.87,74.48,75.55,15630250
2018-03-05,75.23,76.56,75.121,76.27,14890980
2018-03-06,76.67,76.98,75.861,76.18,10754290
2018-03-07,75,75.24,73.56,74.26,27255461
2018-03-08,74.5,74.77,73.69,74.12,19299850
2018-03-09,74.82,75.06,74.21,74.56,19714061
2018-03-12,74.87,75.58,74.69,75.24,14226710
2018-03-13,75.33,75.82,74.25,74.53,13739680
2018-03-14,74.64,74.79,73.53,73.6,14820680
2018-03-15,74.35,75,74.1,74.42,15640610
2018-03-16,74.36,75.12,74.36,75.12,32109721
2018-03-19,75,75.01,73.865,74.15,12744780
2018-03-20,74.22,74.7,73.95,73.99,13003180
2018-03-21,74.23,75.64,73.98,75.04,15418460
2018-03-22,74.42,74.7,73.39,73.5,17737020
2018-03-23,73.81,74.21,72.67,72.89,20157330
2018-03-26,73.65,74.15,72.7548,74,15032700
2018-03-27,74,74.8949,73.275,73.7,15821910
2018-03-28,73.74,74.01,72.78,72.81,18163881
2018-03-29,73.33,74.89,73.26,74.61,14882890
2018-04-02,74.27,74.4,72.155,73.22,17891080
2018-04-03,73.45,75.14,73.1,75.02,15999150
2018-04-04,74.05,75.06,73.44,74.87,13122170
2018-04-05,75.06,76.32,75.02,76.02,14199990
2018-04-06,75.64,76.12,74.215,74.87,14299570
2018-04-09,75.22,75.79,74.8,74.87,11103110
2018-04-10,76.08,77.77,76.06,77.07,19292199
2018-04-11,77.11,78.04,76.75,77.43,13733950
2018-04-12,77.86,78.135,77.005,77.22,13270350
2018-04-13,77.8,78.19,77.6,77.84,10924970
2018-04-16,78.12,79.085,77.71,78.54,10743640
2018-04-17,78.54,78.76,78.04,78.33,10478090
2018-04-18,79.04,79.76,78.94,79.22,12061420
2018-04-19,79.32,79.82,78.81,79.42,11291470
2018-04-20,79.32,79.4,78.335,79,12072220
2018-04-23,78.92,79.6,78.75,79.57,11729830
2018-04-24,79.8,79.93,77.97,78.35,14101980
2018-04-25,78.2,79.62,77.485,79.5,13867460
2018-04-26,79.6,80.9,79.53,80.86,14554440
2018-04-27,76.95,78.65,76.48,77.79,16346830
2018-04-30,77.91,78.56,77.74,77.75,15028840
2018-05-01,77.26,77.26,75.98,76.95,16231040
2018-05-02,76.45,77.23,76.3,76.8,13883680
2018-05-03,76.39,76.605,75.4038,76.54,12243150
2018-05-04,76.13,77.22,75.94,76.9,9887192
2018-05-07,77.74,79.08,77.4,77.74,15071530
2018-05-08,77.8,78.16,76.37,78.09,17430439
2018-05-09,78.98,80.24,78.95,79.93,17142100
2018-05-10,80.64,81.79,80.5,81.72,17710330
2018-05-11,81.18,81.97,80.91,81.28,14751040
2018-05-14,81.7,82.3232,81.61,81.83,11852100
2018-05-15,81.85,82.03,81.4,81.79,12595740
2018-05-16,81.76,82.045,81.17,82.02,9569958
2018-05-17,82.2,82.28,81.44,81.88,11224120
2018-05-18,81.55,81.8,81.26,81.3,10030930
2018-05-21,81.73,82.35,81.52,82.28,8822364
2018-05-22,82.44,82.65,81.35,81.64,10753430
2018-05-23,80.95,82.23,80.57,82.15,15140900
2018-05-24,81.35,81.36,79.95,80.27,13360450
2018-05-25,79.28,79.33,78.09,78.71,14561990
2018-05-29,78.15,78.73,77.53,78.42,14644810
2018-05-30,79.25,81.66,79.22,81.5,16627471
2018-05-31,80.81,81.55,80.69,81.24,15803100
2018-06-01,81.87,82.35,81.55,81.83,9906117
2018-06-04,82.05,82.53,80.805,80.97,10954710
2018-06-05,80.59,81.65,80.41,80.68,12059330
2018-06-06,81.48,82.09,80.87,82.06,11603280
2018-06-07,82.73,83.29,82.56,82.88,13502460
2018-06-08,83.11,83.66,82.5,83.6,14350380
2018-06-11,83.72,83.79,82.93,83.1,10831600
2018-06-12,83.11,83.75,82.32,82.42,12351790
2018-06-13,82.44,82.6,81.47,81.51,12049280
2018-06-14,81.94,82.2999,81.5,81.89,11477250
2018-06-15,81.72,81.82,80.51,80.66,23797461
2018-06-18,80.4,81.38,80.3,80.82,9192567
2018-06-19,79.89,80.9601,79.71,80.7,8759708
2018-06-20,80.85,81.13,80.27,80.45,8917708
2018-06-21,80.02,80.38,79.325,79.69,10990660
2018-06-22,81.16,81.9401,80.92,81.38,16707359
2018-06-25,80.78,81.24,79.3,79.74,10557250
2018-06-26,80.15,81.0146,79.97,80.64,10382780
2018-06-27,81.06,82.48,81.06,81.71,12725860
2018-06-28,81.73,82.07,81.03,81.97,9390654
2018-06-29,82.45,83.54,82.29,82.73,17323211
2018-07-02,81.89,82.13,81.32,81.76,9998318
2018-07-03,82.58,83.45,82.08,82.24,7197258
2018-07-05,82.59,82.77,82.05,82.31,9035873
2018-07-06,81.96,82.7,81.66,82.33,7637116
2018-07-09,82.81,83.125,82.555,82.9,7158596
2018-07-10,83.7,84.12,83.51,83.66,8806167
2018-07-11,83.03,83.53,82.025,82.59,10405270
2018-07-12,83.01,83.24,82.31,82.69,9762532
2018-07-13,82.68,83.75,82.56,83.31,8721525
2018-07-16,82.52,82.79,82,82.49,8307109
2018-07-17,82.26,82.75,82.04,82.31,7373347
2018-07-18,81.8,82.32,81.49,82.22,8711884
2018-07-19,82.2,82.62,81.72,82.01,8659127
2018-07-20,81.72,81.9332,81.25,81.4,9209376
2018-07-23,81.95,82,81.18,81.4,8425921
2018-07-24,81.52,83.02,81.48,83.01,11120970
2018-07-25,83.01,83.74,82.51,83.59,9730668
2018-07-26,83.83,84.4,83.37,84.24,13210100
2018-07-27,80.97,82.38,80.805,81.92,18223600
2018-07-30,82.13,82.13,80.711,81.74,11282880
2018-07-31,81.64,82.15,81.44,81.51,11716850
2018-08-01,80.89,80.93,80.225,80.39,8936719
2018-08-02,79.89,80.255,79.45,79.91,8364294
2018-08-03,79.97,80.3,79.63,80.2,7811180
2018-08-06,80.25,80.43,79.74,80.18,10041830
2018-08-07,80.91,81.59,80.31,81.27,10698500
2018-08-08,81.02,81.23,80.35,80.73,7275062
2018-08-09,80.73,80.905,80.11,80.32,9828499
2018-08-10,79.51,79.524,78.855,79.42,12954270
2018-08-13,79.45,79.75,78.43,78.56,10308840
2018-08-14,78.99,79.07,78.08,78.31,8005941
2018-08-15,77.78,77.9,76.51,76.94,16307780
2018-08-16,77.28,78.1,77.2,78,11519940
2018-08-17,78.34,78.49,77.8,78.26,10178660
2018-08-20,78.26,79,78.17,78.81,8152096
2018-08-21,79.05,79.58,78.67,78.83,9192229
2018-08-22,79.11,80.05,79.02,79.96,10098240
2018-08-23,79.56,79.63,78.895,79.08,7203899
2018-08-24,79.52,80.05,79.42,79.62,6545216
2018-08-27,79.91,80.47,79.8592,80.4,6671872
2018-08-28,80.58,80.82,80.2,80.28,8823352
2018-08-29,80.44,81.04,80.095,80.86,8004792
2018-08-30,80.45,80.78,80.12,80.51,7450853
2018-08-31,80.24,80.46,79.77,80.17,10700020
2018-09-04,80.41,80.69,79.81,80.29,8855027
2018-09-05,79.9,81.43,79.6,81.36,13878420
2018-09-06,81.11,81.64,80.34,80.46,13320650
2018-09-07,80.15,81.93,79.82,81.83,16417779
2018-09-10,82.236,82.74,81.655,81.71,10817920
2018-09-11,81.96,83.19,81.63,82.86,11891920
2018-09-12,83.25,83.78,82.87,83.13,11556660
2018-09-13,83.15,83.25,82.01,82.32,11162710
2018-09-14,82.42,83.15,82.27,82.92,9442579
2018-09-17,83,83.61,82.99,83.41,8403325
2018-09-18,83.9,84.13,83.45,83.63,9219890
2018-09-19,83.64,84.77,83.64,84.63,10413590
2018-09-20,84.86,85.34,84.54,84.82,11198170
2018-09-21,85.01,85.43,84.52,85.17,26639439
2018-09-24,85.79,87.085,85.72,86.6,13549450
2018-09-25,87.031,87.36,86.37,86.5,12200690
2018-09-26,86.02,86.5,85.69,85.78,10275500
2018-09-27,86.085,86.375,85.59,85.77,7895430
2018-09-28,85.25,85.9299,84.99,85.02,9884941
2018-10-01,85.35,86.03,85.255,85.81,8568210
2018-10-02,85.8,86.665,85.622,86.46,8453138
2018-10-03,86.51,86.89,85.975,86.15,10206720
2018-10-04,85.5,86.0753,85.25,85.58,10204590
2018-10-05,85.31,85.7,84.9324,85.34,9217393
2018-10-08,84.79,86.305,84.65,86.13,13242360
2018-10-09,86.38,86.88,85.74,86.51,10177890
2018-10-10,86.73,86.82,84.5,84.52,16573430
2018-10-11,83.94,84.17,81.17,81.6,20320061
2018-10-12,82.13,82.24,80.27,81.38,15216300
2018-10-15,81.38,81.735,80.82,80.82,10558750
2018-10-16,80.51,81.265,80.01,81.2,9781778
2018-10-17,80.94,81.52,80.34,81.5,12247750
2018-10-18,81.2,82.47,81.2,81.85,17448570
2018-10-19,81.66,82.4636,81.51,81.97,12098690
2018-10-22,82,82.18,80.64,81.15,9474105
2018-10-23,80.06,80.46,78.715,79.84,15465130
2018-10-24,80.13,80.26,77.55,77.62,16085740
2018-10-25,78.49,79.05,77.74,78.31,12315460
2018-10-26,77.87,78.41,76.96,77.53,18160520
2018-10-29,78.07,78.43,76.22,77.05,15707040
2018-10-30,77.62,79.03,77.42,78.78,17758230
2018-10-31,79.34,80.3501,78.9,79.68,16629070
2018-11-01,79.83,80.75,79.3,80.67,14159250
2018-11-02,81.76,82.45,80.23,81.95,19350359
2018-11-05,82.5,82.87,81.44,81.64,15814960
2018-11-06,81.74,82.1,81.35,81.99,9063313
2018-11-07,82.21,83.14,81.6599,83.03,12699790
2018-11-08,83.13,83.745,81.535,81.71,16865480
2018-11-09,80.26,81.4,79.695,80.87,15070120
2018-11-12,81.66,81.73,79.73,79.83,11906570
2018-11-13,79.8,79.85,77.64,78,15530230
2018-11-14,78.86,79.09,76.75,77.39,18552109
2018-11-15,76.67,78.19,75.91,78.19,18976020
2018-11-16,78.37,79.19,78.1,78.96,13704890
2018-11-19,78.46,79.36,78.43,79.22,9430819
2018-11-20,78.42,78.9,76.37,76.97,15533720
2018-11-21,77.43,78.38,77.26,77.56,9685726
2018-11-23,76.05,76.2,74.7,75.49,10875430
2018-11-26,76.24,77.32,76.12,76.98,13741090
2018-11-27,76.57,77.45,76.4,77.05,10344600
2018-11-28,77.04,78.45,76.84,78.45,11482130
2018-11-29,78.22,79.53,78.195,79.06,10255230
2018-11-30,78.45,79.6,78.32,79.5,14040140
2018-12-03,80.24,81.46,80.14,81.22,19414850
2018-12-04,81.38,81.95,79.35,79.43,18540689
2018-12-06,78,78.44,76.92,78.39,23218051
2018-12-07,79.39,80.36,77.335,77.64,16224690
2018-12-10,77.86,77.86,74.797,76.54,17946160
2018-12-11,77.7,77.8,75.68,76.68,15742420
2018-12-12,78.04,78.2,76.015,76.02,14559840
2018-12-13,76.03,77.22,75.95,76.98,13749750
2018-12-14,76.72,76.87,75.09,75.58,12669300
2018-12-17,75.26,75.6,73.48,74.04,15464120
2018-12-18,73.63,73.86,71.62,72,18681180
2018-12-19,72.45,73.27,70.2953,70.78,21679609
2018-12-20,70.09,70.66,68.05,68.63,28723650
2018-12-21,68.14,70.37,67.67,68.12,47287320
2018-12-24,66.87,67.53,65.44,65.51,14262830
2018-12-26,66.18,68.655,64.65,68.64,24887740
2018-12-27,67.74,68.94,66.08,68.94,22077039
2018-12-28,69.18,69.58,67.82,68.17,19710600
2018-12-31,68.32,69.1453,67.66,68.19,15807010
2019-01-02,67.35,69.87,67.255,69.69,16727250
2019-01-03,70,70.25,68.355,68.62,13866120
2019-01-04,69.64,71.27,69.36,71.15,16043640
2019-01-07,71.25,72.1,70.74,71.52,10844160
2019-01-08,72.54,72.59,71.94,72.04,11438970
2019-01-09,72.6,72.6,71.645,72.42,13473520
2019-01-10,72.07,72.08,71.12,72.05,13151120
2019-01-11,71.85,71.89,71.07,71.72,9790134
2019-01-14,71.21,71.78,71.12,71.63,11012360
2019-01-15,71.95,72.36,71.32,71.67,10298310
2019-01-16,71.42,72.375,71.31,71.64,12595640
2019-01-17,71.19,72.34,70.8994,72.13,10141740
2019-01-18,73.27,73.29,72.125,72.99,15759170
2019-01-22,72.39,72.71,71.68,71.89,15035600
2019-01-23,72.01,72.2966,70.93,71.3,13187220
2019-01-24,71.1,71.97,70.6394,71.4,11272720
2019-01-25,72.07,72.27,71.535,71.72,8998323
2019-01-28,71.02,71.28,70.37,71.24,13678450
2019-01-29,71.7,72.19,71.48,71.51,10513240
2019-01-30,71.77,72.57,71.505,72.29,11524720
2019-01-31,72.29,73.49,72.02,73.28,19876699
2019-02-01,74.92,76.49,74.32,75.92,22968699
2019-02-04,75.76,75.76,74.4,74.82,15483840
2019-02-05,75.18,75.64,75.0101,75.59,12786740
2019-02-06,75.58,75.77,75.13,75.26,10866900
2019-02-07,74.95,75.19,73.9,74.68,14418910
2019-02-08,73.76,74.07,72.73,73.98,11959690
2019-02-11,73.82,74.22,73.4,74.1,10434910
2019-02-12,75.08,75.45,74.82,75.4,12599210
2019-02-13,75.58,76.54,75.51,76.25,13214560
2019-02-14,76.26,76.65,75.71,76.27,12773210
2019-02-15,76.94,77.76,76.75,77.71,14330340
2019-02-19,77.56,78.48,77.45,78.23,13551470
2019-02-20,78.3,78.81,78,78.53,12633130
2019-02-21,78.21,78.66,77.61,77.82,10266010
2019-02-22,78.71,78.95,77.62,78.42,9519281
2019-02-25,78.43,78.85,78.2,78.5,9274378
2019-02-26,78.68,79.13,78.39,78.66,10990590
2019-02-27,78.88,79.7538,78.66,79.47,12398210
2019-02-28,79.45,79.75,78.71,79.03,14597880
2019-03-01,79.38,80,79.03,80,15419420
2019-03-04,80.24,80.545,79.0116,80.31,18090160
2019-03-05,80.12,80.4,79.7507,80.19,13745470
2019-03-06,78.85,79.38,77.86,79.28,18633600
2019-03-07,79.55,80.26,79.32,80.16,16541730
2019-03-08,78.89,79.32,78.25,79.01,16211250
2019-03-11,79.98,80.29,79.65,79.78,11060880
2019-03-12,80.11,80.58,79.89,80,11320150
2019-03-13,80.59,80.76,80.2,80.71,10260240
2019-03-14,80.8,80.91,80.35,80.44,9976797
2019-03-15,80.18,80.5516,80.1,80.15,25316600
2019-03-18,80.44,81.25,80.44,81.08,9840552
2019-03-19,81.58,82,80.64,80.87,13936500
2019-03-20,80.75,81.92,80.56,81.32,13133740
2019-03-21,80.81,81.89,80.8,81.79,10116960
2019-03-22,81.23,81.44,80.3,80.48,12497710
2019-03-25,80,80.44,79.59,79.92,11320390
2019-03-26,80.33,81.27,80.18,80.96,9473083
2019-03-27,80.97,81.31,79.82,80.34,7258729
2019-03-28,80.03,80.79,80.02,80.74,7412348
2019-03-29,81.33,81.48,80.48,80.8,10889250
2019-04-01,81.23,81.78,81.08,81.73,10816440
2019-04-02,81.75,81.95,81.11,81.38,7646036
2019-04-03,81.77,81.77,80.605,80.9,8562912
2019-04-04,81.12,82.0764,80.77,82.05,9360593
2019-04-05,82.15,82.53,81.9516,82.49,10059370
2019-04-08,82.67,83.2,82.59,83,9108518
2019-04-09,82.52,82.58,81.74,81.93,8561582
2019-04-10,81.92,82.08,81.41,81.56,10324310
2019-04-11,81.54,82.07,81.02,81.95,9115235
2019-04-12,82.81,82.81,80.575,80.92,16638660
2019-04-15,80.89,81.06,80.52,80.65,8536136
2019-04-16,80.81,81.345,80.69,81.2,7005715
2019-04-17,81.55,81.7,81.08,81.43,8311362
2019-04-18,81.56,81.83,81.07,81.13,9493885
2019-04-22,81.87,83.22,81.64,82.9,10770600
2019-04-23,83.19,83.49,82.68,83.38,10595100
2019-04-24,83.01,83.08,81.73,81.76,11684020
2019-04-25,81.65,82.84,81.4,82.22,11135000
2019-04-26,80.27,80.63,79.56,80.49,18053471
2019-04-29,80.12,80.38,79.66,79.97,10023670
2019-04-30,80.37,80.525,79.93,80.28,13721520
2019-05-01,79.94,80.26,78.62,78.67,13909750
2019-05-02,78.28,78.5,77.24,77.29,15360390
2019-05-03,77.79,78.21,77.44,77.47,12180740
2019-05-06,76.92,77.66,76.71,77.13,13367120
2019-05-07,76.5,76.79,75.7671,76.72,13498820
2019-05-08,76.54,77.29,76.42,76.84,11352860
2019-05-09,76.35,76.88,75.96,76.77,13221650
2019-05-10,76.18,76.79,75.17,76.56,11055960
2019-05-13,75.65,76.23,75.36,75.71,12176300
2019-05-14,76.13,76.8,75.76,75.81,10548420
2019-05-15,75.57,76.55,75.21,76.37,8918004
2019-05-16,76.4,76.95,76.22,76.36,8105630
2019-05-17,75.65,76.3,75.59,75.91,9279383
2019-05-20,76.05,76.36,75.67,75.9,7154620
2019-05-21,76.27,76.46,75.93,76.25,8490107
2019-05-22,76.02,76.22,75.385,75.56,7858317
2019-05-23,74.77,74.8,73.04,73.79,14657220
2019-05-24,74.14,74.25,73.44,74.1,7056566
2019-05-28,74.24,74.25,72.485,72.61,14912930
2019-05-29,71.89,72.43,71.62,72.16,13645180
2019-05-30,72.02,72.13,71.53,71.97,9362146
2019-05-31,71.19,71.55,70.63,70.77,13983310
2019-06-03,71.09,72.01,70.9659,71.88,11831260
2019-06-04,72.45,73.66,72.17,73.59,10423020
2019-06-05,73.64,73.64,72.585,72.98,10617830
2019-06-06,73.71,74.6155,73.59,74.31,11738900
2019-06-07,74.51,74.9632,74.43,74.58,9095481
2019-06-10,75.19,75.33,74.45,74.91,7760402
2019-06-11,75.51,75.81,74.82,74.84,9415134
2019-06-12,74.48,74.61,73.81,74.03,7921018
2019-06-13,74.7,75.17,74.38,74.68,8986427
2019-06-14,74.68,74.81,74.23,74.35,8575907
2019-06-17,74.16,75.19,74.04,75.09,9355715
2019-06-18,75.42,76.22,75.35,75.74,10091480
2019-06-19,75.4,75.853,75.1735,75.32,9757390
2019-06-20,76.24,76.975,76.08,76.61,16229720
2019-06-21,77.14,77.76,76.87,77.69,23108131
2019-06-24,77.53,77.76,76.81,76.95,10012240
2019-06-25,77.08,77.22,76.19,76.27,9739970
2019-06-26,76.68,77.13,76.47,76.6,11365480
2019-06-27,76.59,76.75,75.76,75.82,8147803
2019-06-28,76.19,76.73,75.9407,76.63,14781300
2019-07-01,77.13,77.925,76.29,76.56,11453770
2019-07-02,76.14,76.27,75.41,75.72,10475420
2019-07-03,75.82,76.5,75.625,76.44,5246096
2019-07-05,76.19,76.35,75.59,76.13,6881115
2019-07-08,76.14,76.7,75.915,76.48,7876097
2019-07-09,76.45,76.77,75.73,76.43,7863026
2019-07-10,76.8,77.63,76.74,77.51,8077369
2019-07-11,77.41,77.61,77.05,77.57,6404194
2019-07-12,77.75,77.8799,77.5,77.63,6139299
2019-07-15,77.63,77.74,76.89,77.08,7116356
2019-07-16,76.92,77.07,75.79,75.93,10197360
2019-07-17,75.74,75.96,75.35,75.48,7419314
2019-07-18,75.03,75.27,74.18,74.84,11425660
2019-07-19,74.9,75.25,74.535,74.99,11243310
2019-07-22,75.24,75.3,74.5,75.07,8370141
2019-07-23,75.15,75.77,74.75,75.37,8551205
2019-07-24,75.39,76.05,74.85,75.36,8260245
2019-07-25,75.78,75.78,74.8,74.93,9083914
2019-07-26,74.87,75.08,74.6,74.81,7677427
2019-07-29,74.88,75.38,74.7,75.34,7091889
2019-07-30,75.06,75.555,74.89,75.35,6961197
2019-07-31,75.04,75.66,74.26,74.36,13104590
2019-08-01,73.74,74.2684,72.265,72.46,17132820
2019-08-02,72.61,73.26,71.18,71.75,21376740
2019-08-05,70.78,70.92,69.61,70.28,19080930
2019-08-06,70.29,71.01,70.28,70.96,12282360
2019-08-07,69.86,70.875,69.4,70.5,15231050
2019-08-08,70.85,72.41,70.62,72.38,14304050
2019-08-09,72.13,72.25,70.47,70.84,13686610
2019-08-12,70.06,70.16,69.33,69.63,9542598
2019-08-13,69.27,70.62,68.92,70.49,12438510
2019-08-14,69.07,69.09,67.65,67.65,18114359
2019-08-15,67.46,67.555,66.525,67.25,12874370
2019-08-16,67.78,68.46,67.2691,68.3,12649040
2019-08-19,68.97,69.65,68.86,69.45,10032820
2019-08-20,69.3,69.3,68.71,69.03,9744252
2019-08-21,69.96,69.98,69.37,69.72,10134530
2019-08-22,69.91,69.96,69.25,69.57,8973175
2019-08-23,68.82,69.525,67.03,67.49,15373740
2019-08-26,68.12,68.26,67.53,67.85,7344634
2019-08-27,68.13,68.44,66.97,67.19,9494621
2019-08-28,67.53,67.98,67.16,67.68,9656818
2019-08-29,68.3,68.67,68.09,68.43,9004455
2019-08-30,68.61,69.08,68.0644,68.48,9181055
2019-09-03,67.89,68.6799,67.63,68.56,9849840
2019-09-04,69.5,69.61,69.09,69.29,6973483
2019-09-05,69.84,70.55,69.7,70.27,9902285
2019-09-06,70.35,70.95,70.12,70.93,10418500
2019-09-09,71.16,72.07,70.98,71.49,12840420
2019-09-10,72.14,72.85,71.62,72.07,13810790
2019-09-11,72.78,72.84,71.55,71.93,10525670
2019-09-12,70.98,72.155,70.7,71.98,9100653
2019-09-13,72.26,72.72,72.06,72.64,7337194
2019-09-16,75.04,75.18,73.6,73.73,19830180
2019-09-17,73.82,74.08,72.63,73.17,14644960
2019-09-18,72.65,72.97,72.33,72.82,7375224
2019-09-19,72.97,73.19,72.19,72.33,8316785
2019-09-20,72.49,72.5,71.855,72.08,19862820
2019-09-23,71.52,72.36,71.46,72.13,7808263
2019-09-24,71.81,71.87,70.815,71.14,14306870
2019-09-25,70.98,71.47,70.82,71.35,8056587
2019-09-26,71.22,71.35,70.6826,70.97,8443867
2019-09-27,70.7,71.67,70.63,71.48,8224747
2019-09-30,71.24,71.45,70.58,70.61,10159340
2019-10-01,70.83,70.91,68.91,68.95,11431460
2019-10-02,68.27,68.59,67.005,67.15,14635320
2019-10-03,67,68,66.305,67.98,12782930
2019-10-04,68.11,69.07,67.82,68.97,10589030
2019-10-07,68.7,69.03,68.02,68.02,11576040
2019-10-08,67.54,67.92,66.64,66.7,10349380
2019-10-09,67.3,67.7,67.2,67.44,8626168
2019-10-10,67.43,68.36,67.38,68.25,8447220
2019-10-11,68.98,69.49,68.885,68.98,10176020
2019-10-14,68.6,69.37,68.59,69.18,6864352
2019-10-15,69.06,70,69.01,69.42,6655121
2019-10-16,69.21,69.53,68.21,68.23,9811267
2019-10-17,68.48,68.8847,68.08,68.14,9931755
2019-10-18,67.87,68.15,67.61,67.61,13473730
2019-10-21,67.82,68.77,67.82,68.74,10473350
2019-10-22,68.78,69.76,68.65,69.09,9503140
2019-10-23,68.96,69.76,68.78,69.75,8722963
2019-10-24,69.96,70.05,69.02,69.09,9069090
2019-10-25,68.9,69.48,68.9,69.25,7607192
2019-10-28,69.46,69.67,68.585,68.64,11209580
2019-10-29,68.48,69.03,68.24,68.44,13894440
2019-10-30,68.37,68.37,67.27,67.72,12840560
2019-10-31,67.46,67.72,67.14,67.57,16169060
2019-11-01,68.39,69.605,68.31,69.6,14108730
2019-11-04,70.07,71.87,69.94,71.67,15858150
2019-11-05,72.04,73.12,71.85,73.09,14930420
2019-11-06,72.73,72.87,71.2,71.49,13996460
2019-11-07,72.03,73.03,72,73.01,13073780
2019-11-08,71.61,71.8,70.66,70.77,12107600
2019-11-11,70.21,70.61,69.97,70.34,8675982
2019-11-12,70.27,70.41,68.98,69.37,13918870
2019-11-13,69.02,69.15,68.6,68.8,12042870
2019-11-14,68.86,68.97,68.18,68.5,11281010
2019-11-15,68.71,69.3,68.67,69.19,11253690
2019-11-18,68.7,68.82,68.3,68.52,10098940
2019-11-19,68.4,68.56,67.78,67.82,12614040
2019-11-20,67.67,68.54,67.32,68.03,16931770
2019-11-21,68.02,69.75,67.92,69.67,14080940
2019-11-22,69.71,70.18,69.33,69.37,12143560
2019-11-25,69.37,69.44,68.7083,68.91,10671460
2019-11-26,68.92,69.035,68.435,68.74,15461900
2019-11-27,68.76,69.09,68.41,68.7,8396166
2019-11-29,68.33,68.53,68,68.13,7980847
2019-12-02,68.5,68.88,68.37,68.42,11118000
2019-12-03,68,68.25,67.52,67.88,12867770
2019-12-04,68.25,68.76,68.14,68.65,11051690
2019-12-05,68.89,68.97,68.205,68.41,13110780
2019-12-06,68.76,69.87,68.76,69.51,13711720
2019-12-09,69.08,69.97,69.02,69.66,12406430
2019-12-10,69.66,70.15,68.7,69.06,14283430
2019-12-11,68.74,69.76,68.67,68.96,13748810
2019-12-12,68.96,70.38,68.9,70.34,17074900
2019-12-13,70.48,70.54,69.12,69.23,12264920
2019-12-16,69.7,70.25,69.7,70,15209260
2019-12-17,69.98,70.38,69.31,69.68,14457720
2019-12-18,69.63,70.29,69.28,69.87,13652310
2019-12-19,69.99,70.05,69.24,69.39,13278700
2019-12-20,69.86,70.2267,69.39,69.94,35093473
2019-12-23,69.86,70.3,69.53,70.29,14173810
2019-12-24,70.35,70.5,69.9101,70.02,3979442
2019-12-26,70.19,70.5,70.01,70.13,8842249
2019-12-27,70.2,70.3123,69.88,69.89,10518520
2019-12-30,70.09,70.435,69.4,69.48,12691250
2019-12-31,69.02,69.8,69.01,69.78,13158020
2020-01-02,70.24,71.02,70.2368,70.9,12406910
2020-01-03,71.34,71.37,70.16,70.33,17390570
2020-01-06,70.32,71.355,70.23,70.87,20082490
2020-01-07,70.5,70.52,69.51,70.29,17496311
2020-01-08,70.11,70.285,69.17,69.23,15140730
2020-01-09,69.14,69.9,68.625,69.76,14812440
2020-01-10,69.93,69.96,69.12,69.14,11997130
2020-01-13,69.2,69.87,69.11,69.8,9965210
2020-01-14,69.38,69.5799,68.89,69.2,16267400
2020-01-15,69.2,69.5899,68.89,69.09,11390260
2020-01-16,69.3,69.585,68.8,68.82,13340350
2020-01-17,68.75,69.08,68.29,68.56,18144100
2020-01-21,68.38,68.42,67.51,67.58,17982600
2020-01-22,67.56,67.7,67,67.19,17033141
2020-01-23,66.71,66.93,66.05,66.77,19605869
2020-01-24,66.54,66.675,66.04,66.32,18238551
2020-01-27,65.42,65.73,64.7,64.74,21231010
2020-01-28,65.11,65.2,64.63,64.65,19664699
2020-01-29,65.03,65.13,63.9,64.11,14229480
2020-01-30,63.78,64.88,63.43,64.79,18544660
2020-01-31,63.2,63.2,61.86,62.12,34282898
2020-02-03,61.38,61.42,60.37,60.73,27397311
2020-02-04,61.45,61.91,59.89,59.97,31922061
2020-02-05,60.75,62.925,60.6,62.73,32099199
2020-02-06,62.93,63.01,61.78,61.88,16055370
2020-02-07,61.41,61.655,61.06,61.47,15112540
2020-02-10,60.48,60.52,59.62,59.96,20934461
2020-02-11,60.58,60.89,60.17,60.53,14908720
2020-02-12,61.34,61.53,60.56,61.27,17862131
2020-02-13,61.06,61.4157,60.56,60.93,16949359
2020-02-14,61.15,61.16,60.2829,60.65,10855300
2020-02-18,60.15,60.39,59.45,59.88,18954760
2020-02-19,60.11,60.6225,59.83,60.34,12804910
2020-02-20,60.23,60.54,59.72,59.86,14817240
2020-02-21,59.51,59.51,58.79,59.13,20315711
2020-02-24,57.62,57.8,56.36,56.36,32096619
2020-02-25,56.75,56.75,53.97,54.2,36414539
2020-02-26,54.55,54.82,52.93,53.01,29812350
2020-02-27,51.71,52.435,49.8,49.82,48141281
2020-02-28,48.77,51.44,48.01,51.44,62468379
2020-03-02,52.59,53.89,51.1299,53.88,38127633
2020-03-03,53.95,54.15,50.98,51.3,50580660
2020-03-04,52.23,52.48,51.12,52.42,24079619
2020-03-05,50.42,50.7,49.04,50.11,40788168
2020-03-06,48.84,49.01,47.2,47.69,55640488
2020-03-09,41.71,44.57,40.8,41.86,72896305
2020-03-10,46.17,46.26,41.45,43.41,60376719
2020-03-11,42.39,43.48,41.75,41.98,52015039
2020-03-12,39.9,40.65,37,37.18,65725312
2020-03-13,40.01,40.14,35,38.12,79891531
2020-03-16,34.4,37.88,33.25,34.49,48924719
2020-03-17,35.21,37.3774,34.2,36.81,41204449
2020-03-18,34.55,36.71,31.23,33.12,54036422
2020-03-19,33.73,34.9,32.35,34.43,49412441
2020-03-20,34.84,35.18,31.56,32.74,76534633
2020-03-23,32.53,32.7,30.11,31.45,56952488
2020-03-24,34.42,36.17,33.333,35.44,61835602
2020-03-25,36.51,38.59,35.18,37.29,56607672
2020-03-26,37.5,39.56,36.72,38.82,46754738
2020-03-27,37.13,37.68,36.2,36.95,51558551
2020-03-30,36.23,38.15,35.86,37.5,45834992
2020-03-31,38.34,39.45,37.37,37.97,41491609
2020-04-01,36.86,38.7,36.34,37.53,36045930
2020-04-02,38.74,41.96,37.9,40.4,62000160
2020-04-03,41.45,42.18,38.52,39.21,48425660
2020-04-06,39.88,40.83,39.23,40.47,41144000
2020-04-07,42.9,43.315,41.16,41.24,48921832
2020-04-08,41.95,44.04,41.47,43.85,33355551
2020-04-09,45.46,46.71,41.74,43.13,60208059
2020-04-13,44.45,44.69,41.97,42.76,29651939
2020-04-14,43,43.75,41.91,42.43,30768971
2020-04-15,41,41.06,39.38,40.48,33125000
2020-04-16,40.48,40.48,38.93,39.15,30933971
2020-04-17,39.88,43.32,39.87,43.22,40829141
2020-04-20,40.75,42.735,40.54,41.18,39260781
2020-04-21,40.4,42.13,39.63,40.96,44381594
2020-04-22,42.6,42.93,41.86,42.13,27084689
2020-04-23,43.13,44.66,42.81,43.45,35270953
2020-04-24,44.4,44.89,43.13,43.73,28667000
2020-04-27,43.59,44.32,42.23,43.94,28274369
2020-04-28,44.37,45.39,44.11,44.97,26545070
2020-04-29,46.26,47.6,46.16,47.46,29502520
2020-04-30,47.68,47.68,45.77,46.47,37076301
2020-05-01,45.63,46.39,43,43.14,35399320
2020-05-04,42.51,44.94,42.22,44.88,27465641
2020-05-05,46.26,47.15,44.66,44.83,29276150
2020-05-06,44.93,45.27,43.9,43.99,22659020
2020-05-07,44.96,45.27,43.97,44.24,22160320
2020-05-08,45.31,46.22,44.975,46.18,19998699
2020-05-11,46.11,46.2,45.51,45.74,22258029
2020-05-12,45.42,45.6699,44.12,44.12,25439100
2020-05-13,43.74,43.87,41.6,41.93,30827910
2020-05-14,41.07,42.55,40.2,42.3,24856520
2020-05-15,42.38,43.005,41.85,42,22445561
2020-05-18,44.4,45.58,44.06,45.34,32046109
2020-05-19,45.55,46.63,43.93,43.94,21771650
2020-05-20,44.62,45.58,44.5701,45.37,19352439
2020-05-21,45.44,45.79,44.39,44.56,19130740
2020-05-22,44.05,44.67,43.45,44.6,15406400
2020-05-26,45.74,46.3,45.47,45.91,20356449
2020-05-27,46.66,47.14,45.405,46.24,20788289
2020-05-28,46.43,46.46,44.93,45.04,19705891
2020-05-29,44.82,45.69,44.37,45.47,25886240
2020-06-01,45.32,46.45,44.8,46.28,19038400
2020-06-02,46.86,47.45,46.7474,47.31,22318980
2020-06-03,48,49.4,47.95,49.24,23418051
2020-06-04,48.88,49.145,48.16,49.1,18731359
2020-06-05,51.65,53.45,51.6,53.08,41328941
2020-06-08,54.72,55.36,53.46,54.74,33579422
2020-06-09,52.88,53.9699,52.45,53.52,27276939
2020-06-10,53.5,53.5,50.6,50.65,31156789
2020-06-11,47.53,48.84,46.1,46.18,39183000
2020-06-12,48.04,48.6233,45.905,47.17,30978119
2020-06-15,45.35,47.76,44.75,47.14,27929289
2020-06-16,49.57,49.75,47.24,48.2,26203381
2020-06-17,48,48.13,46.6,46.63,19279400
2020-06-18,46.11,47.33,45.77,46.92,21478680
2020-06-19,48.22,48.26,45.98,45.98,48899941
2020-06-22,45.69,46.44,45.4,46.42,17565391
2020-06-23,46.9,47.22,46.5,46.7,18916590
2020-06-24,45.91,45.96,44.25,44.5,27626939
2020-06-25,44.05,45.24,43.69,45.17,19353600
2020-06-26,44.88,44.94,43.5,43.62,31518580
2020-06-29,43.81,44.575,43.54,44.32,17052131
2020-06-30,43.43,44.97,43.16,44.72,22153619
2020-07-01,44.49,45.38,43.67,43.71,17290061
2020-07-02,44.62,45.185,43.93,44.08,18216590
2020-07-06,44.67,45.08,43.84,44.39,22692051
2020-07-07,43.9,44,43.11,43.24,17407631
2020-07-08,43.15,43.93,42.84,43.14,18291391
2020-07-09,42.9,43.1,41.29,41.36,25881980
2020-07-10,41.12,42.71,41.1,42.65,18950980
2020-07-13,42.98,43.287,42.225,42.66,20028279
2020-07-14,42.53,44.19,42.26,44.07,21444119
2020-07-15,45.03,45.0886,44.21,44.63,17332449
2020-07-16,44.31,44.81,43.79,44.28,14673680
2020-07-17,44.33,44.685,43.39,43.52,17965090
2020-07-20,43.21,43.51,42.475,42.5,18553910
2020-07-21,43.15,45.19,43.11,44.65,28833570
2020-07-22,44.15,44.15,43.37,43.61,21345400
2020-07-23,43.4,43.82,43.02,43.7,17934430
2020-07-24,43.88,44.42,43.1903,43.43,16415311
2020-07-27,43.23,44.09,42.9715,44.07,18547859
2020-07-28,43.91,44.25,43.46,43.55,19190500
2020-07-29,43.71,44.09,43.34,44.03,14143180
2020-07-30,43.13,43.18,41.825,41.87,29901100
2020-07-31,41.16,42.17,40.91,42.08,32123000
2020-08-03,42.05,42.5,41.47,42.25,23040539
2020-08-04,42.34,43.6,42.24,43.47,17724020
2020-08-05,44.15,44.31,43.53,43.85,17445779
2020-08-06,43.4,43.9,43.25,43.64,14434940
2020-08-07,43.23,43.52,42.81,43.44,18757930
2020-08-10,43.99,44.6,43.595,44.51,24367750
2020-08-11,45.5,46.42,44.73,44.97,28987461
2020-08-12,44.46,44.94,43.63,44.09,22508881
2020-08-13,43.5,43.87,42.92,43.01,17338689
2020-08-14,42.6,43.28,42.41,43.2,13595700
2020-08-17,43.17,43.17,42.47,42.64,15554630
2020-08-18,42.59,43.19,42.29,42.43,13014040
2020-08-19,42.35,42.655,41.865,41.96,14473090
2020-08-20,41.69,41.885,41.3,41.32,15678550
2020-08-21,41.3,41.34,40.71,41.01,25517740
2020-08-24,41.28,42.5078,41.09,42.22,18208881
2020-08-25,41.66,42.065,40.7,40.88,31285580
2020-08-26,40.64,40.835,40,40.01,26794971
2020-08-27,40,40.3,39.305,39.74,32034320
2020-08-28,39.84,40.92,39.76,40.69,33477090
2020-08-31,40.64,40.72,39.895,39.94,25259609
2020-09-01,39.75,39.75,39.045,39.43,22478199
2020-09-02,39.23,39.715,38.95,39.19,26413359
2020-09-03,39.2,40.03,38.88,39.11,28817180
2020-09-04,39.46,39.79,38.65,39.08,24632500
2020-09-08,38.25,38.68,37.35,38.18,38496441
2020-09-09,38.35,38.84,37.92,37.95,25886150
2020-09-10,38.27,38.37,36.9,37,34381238
2020-09-11,37.125,37.31,36.49,36.9,26838561
2020-09-14,36.91,37.01,36.49,36.66,26129939
2020-09-15,36.8,37.3792,36.21,36.27,23724211
2020-09-16,36.46,38.15,36.27,37.81,30915811
2020-09-17,37.35,37.98,36.97,37.8,24696211
2020-09-18,37.53,37.8235,36.7,37.19,46853820
2020-09-21,36.43,36.71,35.68,36.43,35351770
2020-09-22,36.46,36.84,35.47,35.53,27303221
2020-09-23,35.65,35.79,34.35,34.39,31251420
2020-09-24,34.4,34.82,33.76,34.32,26796039
2020-09-25,34,34.94,33.88,34.64,23486010
2020-09-28,35.14,35.9,35.095,35.31,23396539
2020-09-29,35,35.11,33.99,34.28,20788840
2020-09-30,34.64,34.92,34.13,34.33,22223660
2020-10-01,33.79,34.1,32.94,33.13,36890238
2020-10-02,32.25,33.35,32.21,32.98,32694350
2020-10-05,33.32,33.75,33.17,33.74,22965211
2020-10-06,34.12,34.42,33.31,33.39,26731760
2020-10-07,33.64,33.74,33.21,33.5,23779270
2020-10-08,33.88,35.34,33.76,35.26,34413648
2020-10-09,35.68,35.95,34.65,34.74,29228619
2020-10-12,34.54,34.73,34.23,34.63,17912760
2020-10-13,34.73,34.87,34.1,34.22,20995131
2020-10-14,34.06,34.83,34.03,34.15,17756490
2020-10-15,33.695,34.46,33.265,34.45,23251590
2020-10-16,34.37,34.64,33.875,34.1,22636949
2020-10-19,34.1,34.37,33.39,33.42,23645850
2020-10-20,33.66,33.93,33.33,33.7,23040600
2020-10-21,33.51,33.62,33.14,33.16,28619330
2020-10-22,33.18,34.96,33.02,34.86,31831449
2020-10-23,34.97,35.08,33.86,34.16,27429109
2020-10-26,33.61,33.77,32.95,33.35,30888689
2020-10-27,33.15,33.2,32.7,32.82,27100740
2020-10-28,32.1,32.38,31.52,31.57,42136359
2020-10-29,31.41,33.13,31.11,32.97,38622832
2020-10-30,32.41,33.14,32.01,32.62,47897922
2020-11-02,33.14,34.455,32.57,33.99,40130312
2020-11-03,34.49,34.49,33.13,33.41,36772969
2020-11-04,33.27,34.14,32.53,33.23,35410059
2020-11-05,33.37,33.92,33.14,33.17,30824109
2020-11-06,33.1,33.66,32.62,32.78,33985602
2020-11-09,36.42,38.01,36.06,36.93,76879367
2020-11-10,37.05,37.43,35.98,36.86,49055367
2020-11-11,37.09,37.12,36.19,36.48,34124480
2020-11-12,35.86,36.29,34.87,35.23,30955270
2020-11-13,35.4,36.25,35.38,36.08,29260240
2020-11-16,37.59,38.17,37.1,38.16,38596820
2020-11-17,37.81,38.705,37.38,38.67,26521080
2020-11-18,39.02,39.125,37.2,37.21,31068020
2020-11-19,36.86,37.5,36.56,37.4,26954359
2020-11-20,37.35,37.41,36.78,36.94,18359570
2020-11-23,37.5,39.43,37.28,39.36,29367590
2020-11-24,40.51,42.08,40.22,41.98,46979246
2020-11-25,41.67,41.71,40.65,40.81,28178170
2020-11-27,40.7,40.94,39.865,40.19,14971950
2020-11-30,39.8,39.88,37.97,38.13,45614340
2020-12-01,38.96,39.65,38.47,38.5,32503109
2020-12-02,38.39,40.4184,38.34,39.94,29369500
2020-12-03,40.07,40.635,39.73,40.21,27038939
2020-12-04,40.77,41.76,40.65,41.68,28723631
2020-12-07,41.42,41.54,40.67,40.9,24899420
2020-12-08,40.53,42.59,40.44,42.24,32573850
2020-12-09,42.71,43.73,42.38,42.8,37824820
2020-12-10,43.2,44.469,42.761,44.01,38058672
2020-12-11,43.7,43.925,43.21,43.8,25478811
2020-12-14,44.34,44.46,42.18,42.22,30595039
2020-12-15,42.44,43.22,42.06,43.04,27239689
2020-12-16,43.75,44.11,42.96,43.7,34273031
2020-12-17,44,44.04,43.4,43.48,21204641
2020-12-18,43.27,43.7801,42.42,42.73,46596770
2020-12-21,41.11,42.08,40.53,41.95,27869520
2020-12-22,41.58,41.9,41.23,41.24,21811971
2020-12-23,41.51,42.39,41.46,41.77,19085881
2020-12-24,41.65,41.85,41.38,41.6,8039006
2020-12-28,41.69,42.55,41.52,41.74,23877551
2020-12-29,42.04,42.12,41.2,41.27,20287740
2020-12-30,41.33,42.42,41.27,41.6,23807311
2020-12-31,41.47,41.68,40.97,41.22,22786480
2021-01-04,41.45,42.245,41,41.5,27764699
2021-01-05,41.84,44.8,41.83,43.5,44035141
2021-01-06,44.41,45.1,43.7,44.61,36484801
2021-01-07,45,45.57,44.53,44.96,29528119
2021-01-08,45.2,45.82,44.95,45.46,28628221
2021-01-11,45.04,47.135,44.75,46.84,38290910
2021-01-12,47.46,48.17,46.91,47.88,36915070
2021-01-13,48.53,48.71,47.69,48.42,29000270
2021-01-14,48.5,51.08,48.5,50.31,35474762
2021-01-15,48.91,49.08,47.29,47.89,42411262
2021-01-19,48.45,49.44,48.35,48.84,24932590
2021-01-20,49.11,49.74,48.9907,49.53,22342400
2021-01-21,49.33,49.39,47.68,48.11,29058600
2021-01-22,47.01,47.64,46.64,47.43,23264840
2021-01-25,46.9,47.05,46.16,46.9,26395840
2021-01-26,47.26,47.86,45.85,45.87,23976789
2021-01-27,45,46.66,44.53,45.35,32410350
2021-01-28,45.94,46.59,45.69,46.06,24967250
2021-01-29,45.55,46.04,44.51,44.84,38961078
2021-02-01,45.58,45.58,44.29,44.92,24412391
2021-02-02,45.81,46.9861,45.2805,45.63,31940400
2021-02-03,45.63,47.67,45.42,47.42,28459279
2021-02-04,47.88,48.38,47.25,48.33,25280260
2021-02-05,49.18,50.12,49.04,49.95,34980141
2021-02-08,50.92,52.36,50.71,52.1,36998719
2021-02-09,50.67,50.96,49.77,50.63,28976971
2021-02-10,50.63,51.42,50.391,51.12,25723789
2021-02-11,50.89,50.93,48.78,49.84,26972160
2021-02-12,49.43,50.7116,49.41,50.52,19756699
2021-02-16,51.96,52.53,51.62,52.04,28060141
2021-02-17,52.35,53.2695,51.8,52.85,25552230
2021-02-18,52.81,52.935,51.86,52.02,20627641
2021-02-19,52.11,52.56,51.915,52.37,22607160
2021-02-22,52.59,54.81,52.59,54.3,36435113
2021-02-23,54.98,55.255,53.74,55.05,33527949
2021-02-24,55.19,57,54.8733,56.7,28728641
2021-02-25,56.98,57.245,55.3516,55.76,29670881
2021-02-26,54.41,55.055,53.12,54.37,35291031
2021-03-01,56.47,57.61,56.13,56.4,36998312
2021-03-02,56.65,56.96,56.02,56.07,30302650
2021-03-03,56.42,57.96,55.88,56.52,35358930
2021-03-04,57.12,59.4684,57.1,58.71,52137539
2021-03-05,59.83,61.05,59.11,60.93,51429770
2021-03-08,61.58,61.61,59.82,60.87,38154578
2021-03-09,60.61,61.39,59.47,59.93,35645898
2021-03-10,60.52,61.915,60.03,61.77,31579100
2021-03-11,61.78,62.55,61.26,61.31,24802650
2021-03-12,61.55,62.37,61.5,61.97,20422689
2021-03-15,61.49,61.855,59.87,60.39,31263561
2021-03-16,59.54,59.66,58.44,59.11,30624760
2021-03-17,58.69,59.73,58.62,59.37,25575480
2021-03-18,58.81,58.965,56.52,56.81,38622832
2021-03-19,56.71,57.465,55.8101,56.49,84439406
2021-03-22,56.5,56.86,55.9,55.91,29315080
2021-03-23,54.94,56.29,54.45,55.22,33493301
2021-03-24,56.08,57.28,56.08,56.34,29781779
2021-03-25,55.21,56.5,54.5,56.18,31495920
2021-03-26,57.3,57.78,56.5239,57.71,34226461
2021-03-29,57.34,57.82,56.74,57.4,21144400
2021-03-30,56.86,57.36,56.49,56.69,20303430
2021-03-31,56.35,56.63,55.8,55.83,23686449
2021-04-01,56.32,57.45,56.14,57.39,23194471
2021-04-05,57.3,57.32,56.14,56.5,23264840
2021-04-06,56.84,57.5399,56.26,56.34,18926270
2021-04-07,56.39,56.77,56.24,56.59,22384961
2021-04-08,55.93,56.08,55.32,56,21999301
2021-04-09,56,56.435,55.53,55.87,20020750
2021-04-12,56.755,56.79,55.31,55.5,20238760
2021-04-13,55.3,55.98,55.09,55.71,19370641
2021-04-14,56.41,58.01,56.25,57.32,28051131
2021-04-15,57.42,57.42,56.78,56.98,23250270
2021-04-16,57.36,57.68,56.44,56.66,22752000
2021-04-19,56.75,57.14,55.96,56.48,21123330
2021-04-20,56.47,56.47,54.78,55.29,21782051
2021-04-21,54.5,56.13,54.3,56,16625590
2021-04-22,55.99,55.99,55.02,55.27,21600109
2021-04-23,55.27,55.9419,55.18,55.57,15341430
2021-04-26,55.47,56.285,55.44,55.68,16083790
2021-04-27,56.01,56.63,55.81,56.41,19278580
2021-04-28,56.91,58.46,56.79,58.11,24729801
2021-04-29,58.92,59.48,58.15,58.94,27318359
2021-04-30,58.33,58.89,57.16,57.24,30518359
2021-05-03,57.98,58.99,57.74,58.82,20509580
2021-05-04,59,59.5,58.51,59.19,23522221
2021-05-05,59.77,61.05,59.4,60.97,31526221
2021-05-06,60.86,61.64,60.03,61.55,26836750
2021-05-07,61.07,62.47,60.8488,62.43,33610609
2021-05-10,63.24,64.02,62.53,62.58,31956561
2021-05-11,61.625,62.385,60.385,60.59,34563770
2021-05-12,60.01,61.68,59.75,60.04,34426480
2021-05-13,59,60.45,58.75,59.3,24268230
2021-05-14,59.93,60.875,59.93,60.77,20735400
2021-05-17,60.54,62.25,60.43,62.19,25240801
2021-05-18,62,62.3,60.4,60.43,25170801
2021-05-19,59.1,59.855,58.415,58.98,28889811
2021-05-20,58.95,59.15,58.24,58.84,20692500
2021-05-21,59.42,59.8317,58.85,58.92,20792670
2021-05-24,59.08,59.8,58.69,59.61,18400270
2021-05-25,59.5,59.54,58.12,58.26,25616109
2021-05-26,58.25,59.12,57.9,58.94,21698689
2021-05-27,59.23,59.7,58.02,58.56,33556031
2021-05-28,58.73,58.8,58.11,58.37,19250010
2021-06-01,59.45,60.695,59.45,60.46,28474170
2021-06-02,60.75,61.31,60.17,60.94,22978320
2021-06-03,60.55,61.41,60.3538,61.18,20272750
2021-06-04,61.46,61.7,60.7758,61.45,20427830
2021-06-07,61.33,61.73,61.02,61.05,15477930
2021-06-08,61.5,62.48,60.67,62.13,28953430
2021-06-09,62.67,63.42,62.19,62.65,29133010
2021-06-10,63.61,63.975,62.25,62.75,27488721
2021-06-11,63.01,63.1922,62.14,62.17,17631711
2021-06-14,62.3,62.78,61.57,62.07,16997230
2021-06-15,62.48,64.4,62.35,64.33,30717109
2021-06-16,64.32,64.8,63.56,64.1,24803170
2021-06-17,63.86,64.46,61.27,61.99,28491850
2021-06-18,61,61.55,60.24,60.4,39590711
2021-06-21,60.93,62.7,60.9,62.59,33145430
2021-06-22,62.85,64.01,62.23,63.79,25140400
2021-06-23,64.05,64.7,63.58,64.26,20701590
2021-06-24,64.15,64.56,63.805,64.52,19568381
2021-06-25,64.61,64.925,64.359,64.66,18438311
2021-06-28,64.56,64.56,62.75,63.01,20570051
2021-06-29,63.21,63.77,62.585,62.62,19579250
2021-06-30,62.7,63.23,62.45,63.08,17875490
2021-07-01,64.33,64.42,62.77,63.26,22530260
2021-07-02,63.01,63.32,62.421,63.17,14569540
2021-07-06,62.75,62.76,60.9,61.37,22110789
2021-07-07,61.18,61.81,59.62,60.41,21671391
2021-07-08,59.45,60.705,59.31,60.14,18935949
2021-07-09,60.695,61.45,60.2375,61.23,20085990
2021-07-12,60.42,61.5,60.16,61.17,21809420
2021-07-13,61,61.51,60.5099,60.88,17147350
2021-07-14,61.17,61.73,59.355,59.53,21573590
2021-07-15,59.17,59.7,58.765,58.95,15851100
2021-07-16,59.18,59.26,57.15,57.32,27049510
2021-07-19,55.64,56.2,54.595,55.35,37969059
2021-07-20,55.5,56.6,55.03,55.96,26756119
2021-07-21,56.86,58.3,56.83,57.76,20908730
2021-07-22,57.73,57.7397,56.66,57.11,13493810
2021-07-23,57.29,57.29,56.47,57.04,14088190
2021-07-26,57.16,58.65,57,58.48,18387609
2021-07-27,58.01,58.01,57.205,57.83,16861420
2021-07-28,58,58.625,57.62,58.22,16855289
2021-07-29,59,59.33,58.56,58.93,18607820
2021-07-30,58.88,58.88,57.32,57.57,28652811
2021-08-02,57.55,59.06,57.4,57.58,20873770
2021-08-03,57.57,58.41,56.9299,58.2,18208180
2021-08-04,57.19,57.875,56.81,56.84,20868320
2021-08-05,57.13,57.7,56.83,57.2,15180190
2021-08-06,57.66,58.07,57.53,57.86,14888490
2021-08-09,57.13,57.52,56.83,57.2,17828211
2021-08-10,57.42,58.36,57.3,58.18,16340240
2021-08-11,58.19,58.5,57.72,58.35,18278631
2021-08-12,57.4,57.79,56.87,57.35,19227449
2021-08-13,57.03,57.07,56.3,56.77,20062990
2021-08-16,56.02,56.09,55.2738,55.94,16969051
2021-08-17,55.5,56.2967,54.995,55.56,16243660
2021-08-18,55.419,55.805,54.31,54.39,21890520
2021-08-19,53.47,53.705,52.1,52.73,30923510
2021-08-20,52.27,53.135,52.11,52.74,16918279
2021-08-23,53.95,55.06,53.95,54.91,21632609
2021-08-24,55.29,55.85,55.01,55.36,17915561
2021-08-25,55.24,55.77,54.8701,55.46,13270320
2021-08-26,55.2,55.54,54.625,54.71,11842620
2021-08-27,55.4,56.2139,55.4,55.77,15822450
2021-08-30,56.24,56.34,55.12,55.16,14086120
2021-08-31,54.93,55.31,54.46,54.52,27104131
2021-09-01,54.49,54.755,53.6,53.77,21644070
2021-09-02,54.29,55.64,54.27,55.08,23302230
2021-09-03,55.12,55.32,54.595,54.87,13847890
2021-09-07,54.67,55.27,54.47,54.55,14356410
2021-09-08,54.79,55.18,54.01,54.05,18756730
2021-09-09,53.62,55,53.3,54.09,19110779
2021-09-10,55.19,55.23,53.95,53.98,15123690
2021-09-13,54.65,55.925,54.62,55.37,22052270
2021-09-14,55.69,55.77,54.41,54.58,19940301
2021-09-15,55.37,56.534,55.31,56.42,23240881
2021-09-16,56.46,56.46,55.5,55.82,17907199
2021-09-17,55.34,56.75,55.1,55.16,30034430
2021-09-20,53.78,54.17,52.96,53.69,27555061
2021-09-21,54.37,54.51,53.25,53.64,19696789
2021-09-22,54.43,55.905,54.37,55.21,25690631
2021-09-23,55.42,57.2399,55.28,57.08,23069410
2021-09-24,56.7,57.82,56.68,57.59,22328570
2021-09-27,58.85,59.8,58.82,59.3,32972238
2021-09-28,59.9,60.48,59.51,59.92,37619273
2021-09-29,59.84,60.1858,59.05,59.88,23422801
2021-09-30,60.12,60.17,58.81,58.82,31289619
2021-10-01,59.41,60.99,59.41,60.93,24407340
2021-10-04,61.32,62.07,60.9499,61.72,33946680
2021-10-05,62.515,62.695,61.02,61.62,29641561
2021-10-06,60.47,61.115,59.75,60.49,25284920
2021-10-07,60.61,61.08,60.14,60.66,19513600
2021-10-08,61.25,62.415,61.25,62.18,22186891
2021-10-11,63.03,63.06,61.5,61.56,22121490
2021-10-12,61.57,61.98,60.85,61.24,20198561
2021-10-13,60.78,61.39,60.21,61.07,14991720
2021-10-14,61.71,62.22,61.17,62,18594500
2021-10-15,62.73,63.07,62.44,62.59,16092610
2021-10-18,63.09,63.14,62.27,62.56,18282801
2021-10-19,62.87,63.61,62.67,63.5,18933150
2021-10-20,62.89,63.8725,62.72,63.85,14305160
2021-10-21,63.47,63.64,62.345,62.69,16564641
2021-10-22,62.77,63.22,62.345,63.12,14266850
2021-10-25,63.72,64.415,63.58,64.35,17939770
2021-10-26,64.49,65.94,64.36,65.84,25585100
2021-10-27,65.16,65.25,63.975,64.13,21764461
2021-10-28,63.82,64.47,63.63,64.31,16626410
2021-10-29,65.05,65.36,64.33,64.47,23966330
2021-11-01,65.065,66.0795,65.02,65.63,19656449
2021-11-02,65.03,65.447,64.66,64.82,16300050
2021-11-03,64.04,64.45,63.66,63.93,17372770
2021-11-04,64.675,64.89,63.83,64.41,17720119
2021-11-05,65.05,65.3254,64.56,65.02,18565131
2021-11-08,65.55,66.38,65.38,65.72,17696029
2021-11-09,65.77,66.37,65.31,66.36,18781340
2021-11-10,65.32,65.65,63.773,64.19,20177221
2021-11-11,64.195,64.825,64.02,64.31,13319300
2021-11-12,63.955,64.37,63.58,63.82,18158881
2021-11-15,63.76,64.767,63.22,64.37,18849160
2021-11-16,64.34,65.37,64.34,65.02,17028699
2021-11-17,64.38,65.24,64.18,64.31,15496980
2021-11-18,64.16,64.53,63.11,63.61,16948180
2021-11-19,61.89,62.03,60.41,60.67,32035480
2021-11-22,60.32,62.54,60.32,61.51,21998750
2021-11-23,62.19,63.38,61.92,63.13,21185930
2021-11-24,62.58,63.845,62.58,63.48,15869660
2021-11-26,60.52,61.42,59.54,61.25,24979590
2021-11-29,62.57,63.14,61.29,61.59,18946359
2021-11-30,60.46,61.185,59.66,59.84,34979832
2021-12-01,60.9,62.03,59.75,59.79,30670131
2021-12-02,59.74,61.58,59.14,61.28,29216051
2021-12-03,61.92,62.23,60.345,60.89,22014730
2021-12-06,61.72,62.16,61.4199,61.58,19210510
2021-12-07,62.34,63.03,62.1,62.27,19800381
2021-12-08,62.61,63.19,62.34,62.45,18214420
2021-12-09,62.05,62.7684,61.81,62.61,16910330
2021-12-10,63.27,63.35,62.225,63.01,17942381
2021-12-13,62.47,62.72,61.35,61.63,17793711
2021-12-14,61.26,62.465,61.22,61.54,22551150
2021-12-15,61.19,61.5,60.01,61.27,19961859
2021-12-16,61.44,62.45,61.3,61.37,21187779
2021-12-17,60.95,61.275,59.69,60.03,44454953
2021-12-20,58.79,59.25,57.96,59.16,21819311
2021-12-21,59.75,60.6808,59.72,60.5,19798891
2021-12-22,60.34,61.365,59.97,60.99,14058340
2021-12-23,61.17,61.84,61,61.02,13543290
2021-12-27,60.93,61.95,60.42,61.89,12596340
2021-12-28,61.91,62.31,61.4,61.69,12786870
2021-12-29,61.48,61.5983,60.915,61.15,12733600
2021-12-30,61.22,61.6,60.765,60.79,11940290
2021-12-31,60.74,61.47,60.7,61.19,14071970
2022-01-03,61.24,63.6,61.21,63.54,24290189
2022-01-04,64.13,66.185,64.1,65.93,38584047
2022-01-05,66.5,67.61,66.48,66.75,34033281
2022-01-06,68,68.48,67.07,68.32,30668510
2022-01-07,68.52,69.18,67.98,68.88,23985400
2022-01-10,68.97,69.17,67.95,68.47,22760320
2022-01-11,68.89,71.4,68.58,71.35,32936141
2022-01-12,71.14,71.81,70.64,71.14,23045051
2022-01-13,71.12,71.58,70.31,70.63,21043180
2022-01-14,70.65,72.145,70.6,71.87,23012869
2022-01-18,72.82,73.88,72.01,73.08,32862820
2022-01-19,73.75,73.86,72.55,73.11,26431641
2022-01-20,72.5,74.37,72.26,73.27,26774551
2022-01-21,73.18,73.18,71.04,72.17,35120461
2022-01-24,70.88,73.08,69.805,72.79,41576129
2022-01-25,72.59,75.235,71.39,74.93,39278422
2022-01-26,75.43,76,73.49,74.17,35252391
2022-01-27,75.46,76.01,73.985,75.12,29174689
2022-01-28,74.97,75.62,73.95,75.28,30595660
2022-01-31,74.97,76.42,74.265,75.96,36085480
2022-02-01,76.45,81.51,76.27,80.83,61033078
2022-02-02,80.06,80.81,79.15,80.62,30299320
2022-02-03,80.09,80.31,79.02,79.68,28529400
2022-02-04,80.87,82.53,80.87,81.41,32197539
2022-02-07,81.14,83.08,80.64,82.39,34949219
2022-02-08,82.27,82.4962,79.92,80.26,34356262
2022-02-09,79.58,80.03,78.7051,79,40106121
2022-02-10,78.72,79.68,77.792,78.24,28527660
2022-02-11,78.62,80.32,78.23,80.21,42002090
2022-02-14,79.58,79.84,77.05,78.98,34652781
2022-02-15,76.9,78.19,76.42,77.99,25089510
2022-02-16,78.79,79.73,78.04,78.35,21733750
2022-02-17,78.48,79.12,77.95,78.23,23738820
2022-02-18,77.16,78.17,76.89,77.36,23394779
2022-02-22,79.67,79.79,75.31,76.46,35947770
2022-02-23,76.46,77.47,76.13,76.77,25385010
2022-02-24,79,79.03,74.03,75.8,46199848
2022-02-25,76.69,77.99,76.26,77.84,28310260
2022-02-28,76.51,78.93,76.2,78.42,32204641
2022-03-01,78.77,80.65,78.33,79.17,40002340
2022-03-02,80.6,82.15,79.82,80.53,44321367
2022-03-03,79.86,81.77,79.63,81.04,30196609
2022-03-04,81.05,84.275,80.66,84.09,42844527
2022-03-07,84.92,87.23,83.9,87.12,55207910
2022-03-08,89.05,91.505,85.43,87.78,72082258
2022-03-09,84.03,86.57,81.6,82.79,65466648
2022-03-10,84.01,85.68,82.9,85.36,44644238
2022-03-11,84.07,86.23,83.97,84.92,35303367
2022-03-14,83.06,83.45,80.5,81.88,37462621
2022-03-15,78.82,79.17,76.37,77.22,47957898
2022-03-16,77.81,78.62,76.25,76.93,37812301
2022-03-17,78.18,79.15,77.07,78.98,34041922
2022-03-18,79.06,79.3898,78.1,78.67,41461480
2022-03-21,80.12,82.515,79.74,82.2,33089289
2022-03-22,81.63,82.2,80.79,81.84,23132199
2022-03-23,83.34,84.27,83.05,83.13,27716311
2022-03-24,83.46,84.6499,82.75,83.38,19871631
2022-03-25,82.92,85.49,82.79,85.2,22408180
2022-03-28,83.17,83.31,82.02,82.81,21552381
2022-03-29,80.81,82.49,79.76,82.37,27036250
2022-03-30,83.06,84.01,82.71,83.78,22079010
2022-03-31,82.87,84.4,82.55,82.59,27861461
2022-04-01,81.99,84.14,81.99,83.12,18671080
2022-04-04,83.56,83.66,82.05,83.16,20880039
2022-04-05,83.5,85.07,82.555,82.73,21753100
2022-04-06,83.42,84.7,82.94,83.65,24768199
2022-04-07,83.83,85.44,82.71,85.05,26121980
2022-04-08,85.17,87.21,85.17,86.84,24866510
2022-04-11,85.78,85.93,83.5,83.85,21800100
2022-04-12,85.71,86.82,85.375,85.6,22444180
2022-04-13,86.61,87.11,85.19,86.81,19306830
2022-04-14,86.67,88.46,86.2323,87.83,24566439
2022-04-18,88.5,88.89,87.75,88.55,19032301
2022-04-19,88.01,88.66,87.27,87.76,20382631
2022-04-20,87.97,88.5,87.3,87.96,20689410
2022-04-21,88.95,89.8,86.79,87.03,29010859
2022-04-22,86.66,88.12,85,85.13,23591600
2022-04-25,82.37,82.655,79.29,82.26,37698262
2022-04-26,82.73,84.72,82.18,82.29,28941490
2022-04-27,83.39,85.475,82.28,84.64,32773020
2022-04-28,84.88,88.135,84.07,87.2,33683762
2022-04-29,88.14,88.14,84.7,85.25,34656461
2022-05-02,85.01,87.035,84.63,86.41,36335199
2022-05-03,86.26,88.78,86.12,88.19,33908102
2022-05-04,89.5,91.88,88.91,91.7,46188367
2022-05-05,92.04,92.05,88.39,90.31,41013422
2022-05-06,90.98,91.815,89.35,91.69,29619350
2022-05-09,89.44,89.56,84.02,84.46,45851633
2022-05-10,85.64,86.89,83.515,85.02,34483207
2022-05-11,86.43,88.94,86.28,86.79,33020629
2022-05-12,85.95,86.38,83.4,86.3,29491520
2022-05-13,87.36,88.945,86.345,88.86,25798439
2022-05-16,88.98,91.975,88.97,90.95,26101221
2022-05-17,91.73,92.45,91.12,92.11,23120660
2022-05-18,92.51,92.92,89.83,90.65,25451240
2022-05-19,89,92.3,89,91.14,24387369
2022-05-20,91.93,93.59,90.4,91.86,28795029
2022-05-23,92.66,94.77,92.55,93.89,27239330
2022-05-24,92.82,94.79,92.32,94.4,24293330
2022-05-25,94.58,96.53,94.47,96.3,29947850
2022-05-26,96.6,97.43,96.2019,96.64,24314830
2022-05-27,95.945,97.93,95.3,97.59,25588789
2022-05-31,98.56,99.775,95.705,96,44888129
2022-06-01,97.02,98.7124,96.62,97.84,25815369
2022-06-02,97.29,98.1,96.79,97.67,19089109
2022-06-03,97.9,99.66,97.9,99.09,21038160
2022-06-06,99.18,99.78,98.67,98.84,20682051
2022-06-07,99.7,103.43,99.49,103.37,37810230
2022-06-08,103.49,105.57,102.98,104.59,31613160
2022-06-09,103.42,104.57,102.16,102.33,26634340
2022-06-10,101.94,103.35,99.79,100.46,30958350
2022-06-13,97.52,97.77,93.92,95.85,33421051
2022-06-14,97.41,98.67,95.2702,96.1,31264020
2022-06-15,95.99,96.57,93.27,94.89,29620779
2022-06-16,92.41,93.13,90.28,91.39,35696754
2022-06-17,90.96,91.35,85.655,86.12,64610191
2022-06-21,88.58,92.53,88.52,91.48,35951461
2022-06-22,87.54,89.76,87.53,87.86,29769631
2022-06-23,88.66,89.05,83.52,85.21,35757207
2022-06-24,86.95,88.4,85.81,86.9,26638990
2022-06-27,87.81,90.04,87.67,89.03,25478680
2022-06-28,91.12,93.24,90.35,91.5,33123000
2022-06-29,92.98,93.2,87.755,88.12,25400939
2022-06-30,86.14,87.6,84.67,85.64,39948070
2022-07-01,86.74,87.88,84.71,87.55,26327859
2022-07-05,86.34,86.7,83.01,84.81,34601328
2022-07-06,83.76,85.23,81.01,83.28,33375730
2022-07-07,85.38,86.76,85.3,85.94,23817359
2022-07-08,86.95,87.3,84.93,86.08,17673820
2022-07-11,85.17,86.12,84.3601,85.64,15608350
2022-07-12,83.78,85.05,82.86,84.5,21013010
2022-07-13,83.38,86.3126,83.3,84.84,19928600
2022-07-14,81.85,83.31,80.69,83.14,26343029
2022-07-15,84.8,84.88,82.9,84.54,17243750
2022-07-18,86.58,87.9387,85.75,86.1,19395811
2022-07-19,86.415,88.52,86.25,88.27,18248900
2022-07-20,87.58,89.65,87.25,89.24,16584410
2022-07-21,86.93,87.8,85.21,87.75,21375670
2022-07-22,87.55,88.47,86.63,87.08,15479480
2022-07-25,88.16,90.13,87.42,89.98,17536369
2022-07-26,91.13,91.28,89,89.63,15141200
2022-07-27,90.28,92,89.4,91.57,18046961
2022-07-28,92.18,93.25,91.01,92.64,20353090
2022-07-29,94.45,97.515,94.1,96.93,29825830
2022-08-01,94.79,95.35,93.23,94.48,20793150
2022-08-02,94.69,95.2,93.82,94.07,16722500
2022-08-03,94.42,94.42,90.79,91.02,23580811
2022-08-04,90.31,90.34,86.43,87.19,31821471
2022-08-05,86.36,89.69,86.28,88.45,17408029
2022-08-08,88.61,89.6,88.22,88.95,14467150
2022-08-09,90.05,91.61,89.95,90.59,19083430
2022-08-10,90.68,91.7901,89.185,91.45,18302000
2022-08-11,91.84,94.3,91.4391,93.19,18797869
2022-08-12,92.48,94.02,92.11,94,15058220
2022-08-15,90.53,92.73,89.66,92.32,20755230
2022-08-16,92.03,92.89,91.29,91.46,14038210
2022-08-17,91.27,93.21,90.92,92.2,13678050
2022-08-18,93.15,95.31,93.09,94.38,17770369
2022-08-19,94.16,95.2,93.8,94.08,16128560
2022-08-22,93.42,94.4889,91.86,94.01,16019930
2022-08-23,95.55,98.41,95.45,98,23764740
2022-08-24,98.01,98.965,97.36,98.58,17050311
2022-08-25,98.92,99.86,98.1003,99.09,15305730
2022-08-26,98.77,99.91,97.42,97.87,15531370
2022-08-29,98.18,101.555,98.14,100.12,23059211
2022-08-30,98.36,98.62,95.82,96.31,17086840
2022-08-31,94.03,96.84,93.59,95.59,18340881
2022-09-01,94.42,95.065,92.2901,93.87,16422990
2022-09-02,96.35,96.79,95.11,95.59,18206811
2022-09-06,96.16,96.59,94.51,94.95,19201529
2022-09-07,93.19,94.5919,92.3,94.14,16274660
2022-09-08,94.66,95.42,93.72,94.91,18759211
2022-09-09,96.52,97,95.32,96.5,17161439
2022-09-12,97.65,99.19,96.8765,97.61,16118940
2022-09-13,96.61,97.78,94.91,95.33,18229119
2022-09-14,96.19,98.56,96.15,97.67,22655680
2022-09-15,96.22,96.54,94.05,94.83,21092270
2022-09-16,95.07,95.34,92,93.21,37874711
2022-09-19,91.01,93.49,91,93.2,15342110
2022-09-20,92.73,92.925,91.64,92.44,14712520
2022-09-21,93.57,93.88,90.87,90.95,17332420
2022-09-22,92.2,92.66,90.52,90.57,16139390
2022-09-23,87.5,87.5,84.85,85.75,27738820
2022-09-26,84.9,86.22,83.89,83.98,22043359
2022-09-27,85.61,86.955,84.81,85.74,17307289
2022-09-28,86.12,89.2999,85.92,88.86,19543320
2022-09-29,88.18,89.3582,87.13,88.68,17896010
2022-09-30,88.17,89.04,87.31,87.31,21357561
2022-10-03,90.04,92.36,89.72,91.92,23881330
2022-10-04,93.24,95.36,92.71,95.27,22133711
2022-10-05,95.75,99.99,95.66,99.12,34857699
2022-10-06,98.47,102.18,98.33,102.06,29124721
2022-10-07,102.19,103.315,100.18,101.03,24507650
2022-10-10,101.49,102.03,98.72,98.84,16786090
2022-10-11,97.22,99.76,96.75,98,17804131
2022-10-12,97.5,98.91,97.23,98.43,12635770
2022-10-13,97.55,102.45,97.4,101.87,22019141
2022-10-14,101.12,102.24,99.04,99.19,15229630
2022-10-17,101.07,101.97,100.5,100.62,14283230
2022-10-18,101.54,102.35,99.23,100.8,14065440
2022-10-19,101.25,103.99,101.23,103.79,20921699
2022-10-20,104.32,105,103.41,103.93,17649029
2022-10-21,104.45,106.4,103.905,105.86,22814150
2022-10-24,105.66,107.68,105.12,106.6,17024240
2022-10-25,106.41,107.33,105.07,105.88,15719810
2022-10-26,106.26,107.83,106,107.14,17390410
2022-10-27,108.41,109.58,107.42,107.55,18214020
2022-10-28,109.46,111.21,108.12,110.7,28169439
2022-10-31,109.5,112.91,109.44,110.81,26401840
2022-11-01,112.37,112.57,110.65,111.91,22213141
2022-11-02,111.58,112.1,109.31,109.61,20661779
2022-11-03,108.58,111.82,108.31,111.1,17103670
2022-11-04,113,113.5,110.8,112.31,17541461
2022-11-07,112.41,113.99,112.13,113.64,16008040
2022-11-08,113.48,114.6642,112.595,114,14661030
2022-11-09,113.1,113.28,108.57,108.9,19522760
2022-11-10,110.19,110.7,107.5701,110.5,20146730
2022-11-11,112.58,114.5,112.49,113.95,20518850
2022-11-14,112.63,114.64,112.49,113.37,20858289
2022-11-15,113.8,114.53,112.87,114.13,19373750
2022-11-16,113.44,114.2599,111.86,112.91,13590970
2022-11-17,111.29,113.2,110.75,113.06,12435740
2022-11-18,110.9,112.48,109.61,112.08,15415030
2022-11-21,109.99,111.2041,107.48,110.97,20972980
2022-11-22,112.21,114.47,111.43,114.18,17719090
2022-11-23,112.32,113.9488,112.1,113.61,11546690
2022-11-25,113.88,114.61,113.06,113.21,7136013
2022-11-28,110.66,111.46,109.62,109.81,23017670
2022-11-29,110.61,111.8,109.792,110.54,14453170
2022-11-30,111.54,111.9,109.78,111.34,23158061
2022-12-01,111.64,112.07,110.18,110.8,14398310
2022-12-02,109.51,111.71,109.2,109.86,15248390
2022-12-05,110.7,111.36,105.94,106.85,19287750
2022-12-06,105.9,107.04,103.145,103.88,21196980
2022-12-07,103.78,104.8548,102.37,103.65,20061730
2022-12-08,106.28,106.795,103.71,104.42,21128760
2022-12-09,104.59,105.95,103.3,103.54,21298189
2022-12-12,103.83,106.24,103.585,106.09,20413170
2022-12-13,107.8,108.54,107.02,107.25,24305350
2022-12-14,107.99,108.3,105.75,106.46,17597330
2022-12-15,105.33,106.17,103.7,105.44,15367890
2022-12-16,103.69,105.58,103.1301,104.7,54596621
2022-12-19,105.26,106.2,104.38,105.17,13611120
2022-12-20,105.17,107.51,105.07,106.69,14680000
2022-12-21,108.29,108.585,107.16,108.06,13565370
2022-12-22,107.89,108.19,104.1,105.88,13215500
2022-12-23,106.95,108.74,106.9,108.68,11539450
2022-12-27,109.27,110.465,108.83,110.19,11962060
2022-12-28,109.91,110,107.902,108.38,10702080
2022-12-29,107.99,109.72,107.99,109.2,10534030
2022-12-30,108.61,110.5,108.61,110.3,11799640
2023-01-03,109.78,110.02,105.49,106.51,15146170
2023-01-04,104.8,107.155,104.76,106.82,18058400
2023-01-05,106.34,109.95,106.31,109.21,15946560
2023-01-06,110.08,111.99,109.67,110.53,16348130
2023-01-09,111.64,111.64,107.81,108.47,17964590
2023-01-10,109.79,110.33,108.005,110.09,15104600
2023-01-11,110.99,111.45,109.085,111.37,16710369
2023-01-12,111.82,113.74,111.74,113.22,15357320
2023-01-13,113.11,113.49,112.16,113.15,12011360
2023-01-17,113.41,114.08,112.67,112.93,16542199
2023-01-18,113.26,114.12,110.3987,110.61,16399689
2023-01-19,110.07,112.13,109.58,111.32,12928020
2023-01-20,111.36,113.44,110.61,113.35,16515609
2023-01-23,113.64,114.59,112.64,112.76,16584420
2023-01-24,109.16,114.02,104.87,113.81,13583030
2023-01-25,113.23,113.65,111.39,113.21,11914730
2023-01-26,114.72,117.78,114.335,117.76,21019680
2023-01-27,116.95,117.67,115.39,115.61,15179210
2023-01-30,115.09,115.49,113.1519,113.56,18672051
2023-01-31,112.1,116.4,110.43,116.01,27861850
2023-02-01,115.83,117.38,113.34,114.74,19464869
2023-02-02,114.85,115.07,109.83,111.15,24562119
2023-02-03,111.9,114.11,111.56,111.92,20226609
2023-02-06,112.36,113.09,110.32,111.73,13855210
2023-02-07,112.39,115.31,112.021,114.92,16013310
2023-02-08,115.05,115.83,113.85,113.92,18459680
2023-02-09,114.62,116.24,114.18,114.35,17439311
2023-02-10,116.51,119.63,116.16,119.17,24918619
2023-02-13,117.72,118.18,115.9,117.8,14536240
2023-02-14,117.01,117.81,116.0169,116.42,12078990
2023-02-15,115.72,116.09,114.14,116.07,13673360
2023-02-16,115.31,116.78,114.8,115.73,11360600
2023-02-17,114.19,114.19,110.9799,111.28,20758330
2023-02-21,110.81,112.38,110.81,111.17,14469430
2023-02-22,110.48,110.97,108.64,109.73,13973840
2023-02-23,110.73,111.83,109.9,110.74,11289400
2023-02-24,109.33,110.96,109.02,110.75,14351040
2023-02-27,110.8,111.26,109.9601,110.55,11710450
2023-02-28,111.24,111.36,109.22,109.91,18107029
2023-03-01,109.31,111.86,109.24,110.89,13199960
2023-03-02,110.615,111.695,110.17,111.4,10343080
2023-03-03,110.05,113.37,109.95,112.81,13006710
2023-03-06,111.99,113.84,111.87,113.81,14347410
2023-03-07,112.81,113.17,111.17,111.61,11525290
2023-03-08,111.23,112.42,109.065,109.98,13509820
2023-03-09,110.87,112.23,109.03,109.13,12961240
2023-03-10,109.56,111.035,107.15,107.78,15795670
2023-03-13,105.34,107.86,103.72,106.54,20745631
2023-03-14,106.35,109.01,104.96,106.94,18263510
2023-03-15,102.82,104.2,100.2203,101.62,25733779
2023-03-16,99.11,101.68,98.02,101.03,27476131
2023-03-17,100.6,101.6149,99.14,99.84,43199473
2023-03-20,99.63,102.48,99.5,102.45,32042109
2023-03-21,104.17,107.28,104.13,107.04,31592311
2023-03-22,106.8,107.175,104.56,104.59,14952670
2023-03-23,105.36,106.34,102.44,103.41,14385870
2023-03-24,101.47,103.85,100.9132,103.53,13405810
2023-03-27,104.74,106.48,103.91,105.8,14805910
2023-03-28,105.44,107.65,105.19,107.12,11047590
2023-03-29,108.06,109.16,107.49,108.96,14219120
2023-03-30,109.55,109.57,108.52,109.49,11578170
2023-03-31,109.68,110.17,109.0499,109.66,14417960
2023-04-03,113.39,116.85,113.12,116.13,28087680
2023-04-04,116.26,116.7,114.17,115.02,16365490
2023-04-05,115.35,117,114.31,116.99,16479471
2023-04-06,116.86,117.18,114.77,115.05,15777960
2023-04-10,114.78,116.18,114.17,114.54,13006550
2023-04-11,114.96,116.1999,114.38,115.35,11758460
2023-04-12,116.16,116.59,114.93,115.23,10919020
2023-04-13,114.6,115.89,114.13,115.77,12399650
2023-04-14,115.9,116.66,115.12,116.05,11530830
2023-04-17,115.49,116.51,114.42,114.7,13260350
2023-04-18,114.39,117.21,114.3,116.94,17436141
2023-04-19,116.08,116.9,115.77,116.57,10682610
2023-04-20,115.125,115.68,113.2298,115.64,17038750
2023-04-21,116.49,116.88,115.26,116.01,14315330
2023-04-24,115.92,118.885,115.88,118.2,15831310
2023-04-25,117.55,117.74,115.63,116.52,12179830
2023-04-26,116.03,117.09,114.68,115.45,15566090
2023-04-27,115.62,117.01,114.8818,116.83,16279190
2023-04-28,117.25,119.92,116.83,118.34,24381949
2023-05-01,115.99,117.3,114.45,114.67,17354990
2023-05-02,113.94,113.94,109.29,110.1,24324100
2023-05-03,109.08,109.81,107.755,107.93,16212340
2023-05-04,107.9,108.75,105.91,106.04,17177150
2023-05-05,108.55,109.43,107.53,108.68,14968200
2023-05-08,110.5,110.97,109.04,109.11,11187750
2023-05-09,108.34,110.23,108.21,109.14,11370770
2023-05-10,109.74,110.01,106.71,107.74,14884790
2023-05-11,106.49,106.82,104.933,105.79,17165900
2023-05-12,106.31,107.01,104.775,105.78,12613250
2023-05-15,105.51,105.925,104.58,105.07,13715580
2023-05-16,104.63,104.81,102.02,102.52,14800200
2023-05-17,103.39,105.23,102.85,104.82,14064740
2023-05-18,104.55,105.91,104.13,105.77,12005610
2023-05-19,106.57,107.05,105.82,106.26,13359630
2023-05-22,105.84,107.04,104.88,104.97,12882000
2023-05-23,105.99,108.22,105.75,106.4,14394440
2023-05-24,107.38,108.51,106.73,107.59,16340290
2023-05-25,105.94,106.43,104.71,105.66,14316460
2023-05-26,106.47,106.95,104.8327,104.97,12370330
2023-05-30,103.29,104.12,102.61,104.04,11938030
2023-05-31,102.29,103.04,101.74,102.18,24926119
2023-06-01,101.75,105.58,101.26,103.36,13551940
2023-06-02,105.16,106.13,104.53,105.76,14112040
2023-06-05,107.19,107.29,105.09,105.29,12248272
2023-06-06,104.15,106.27,103.98,106.15,12209770
2023-06-07,106.79,108.89,106.73,108.53,16027090
2023-06-08,108.77,109.14,105.9,108.19,13517920
2023-06-09,108.455,108.61,107.16,107.39,12252530
2023-06-12,105.81,107.06,105.555,106.42,14115160
2023-06-13,107.38,108.34,106.275,106.44,13533780
2023-06-14,107.45,108.11,104.39,105.16,16627680
2023-06-15,105.5,107.03,105.44,105.89,16224120
2023-06-16,106.36,106.77,104.955,105.13,43128871
2023-06-20,104.68,104.77,102.12,102.72,17519381
2023-06-21,102.5,104.63,102.33,103.87,13285740
2023-06-22,102.84,103.885,102.65,103.3,12458810
2023-06-23,102.59,102.82,101.62,102.4,17933600
2023-06-26,102.2,104.905,102.2,104.29,14283410
2023-06-27,104.045,104.61,103.27,104.55,13227490
2023-06-28,104.305,105.82,103.2,105.4,13084060
2023-06-29,105.66,106.73,105.13,106.7,11364440
2023-06-30,107.32,107.875,106.8101,107.25,13544660
2023-07-03,107.49,108.46,107.07,107.46,7396992
2023-07-05,107.63,107.92,106.1,106.91,12491210
2023-07-06,105.09,105.72,102.43,102.92,17964881
2023-07-07,101.92,104,101.56,103.16,21929160
2023-07-10,102.97,104.75,102.75,104.69,14877620
2023-07-11,105.26,106.16,104.81,105.97,12581080
2023-07-12,107,107.65,106.13,106.49,13238240
2023-07-13,105.97,106.23,103.32,104.54,26826840
2023-07-14,104.05,104.05,100.53,100.94,28181920
2023-07-17,100.72,101.665,100.22,101.38,18055850
2023-07-18,100.92,102.2,100.34,100.92,24617801
2023-07-19,101.05,102.4,100.8,101.62,15556540
2023-07-20,102.535,103.66,102.36,103.41,15740200
2023-07-21,104.16,104.38,103.26,103.89,17121490
2023-07-24,104.36,106.16,103.96,105.52,15090860
2023-07-25,105.06,106.0901,104.54,105.68,14116080
2023-07-26,105.11,105.72,104.6391,105.09,15159620
2023-07-27,106,106.99,104.74,105.42,17677891
2023-07-28,105.11,105.16,102.32,104.16,17571680
2023-07-31,105.19,107.86,105.19,107.24,24200301
2023-08-01,106.95,107.32,105.53,106.62,14212940
2023-08-02,106.26,106.375,104.57,105.29,13489810
2023-08-03,105.89,107.88,105.3,107.12,16283110
2023-08-04,107.96,109.24,107.33,107.42,14279630
2023-08-07,107.9,108.42,106.505,107.2,12410830
2023-08-08,106.04,107.75,104.835,107.73,14065570
2023-08-09,108.71,110.415,108.31,109.56,19919600
2023-08-10,110.19,111.63,109.44,110.12,15837170
2023-08-11,110.37,112.07,110.05,111.83,14047040
2023-08-14,111.68,111.98,110.78,111.92,12973380
2023-08-15,110.745,110.86,107.965,108.16,14909580
2023-08-16,108.28,109.33,106.275,106.34,13695120
2023-08-17,107.42,110.145,107.42,108.4,16709539
2023-08-18,107.64,110.195,107.62,110.04,16223950
2023-08-21,110.36,110.9793,108.1416,108.71,11092380
2023-08-22,109.17,109.72,107.95,108.1,10520840
2023-08-23,107.04,107.3,105.72,107.15,11435550
2023-08-24,106.42,107.765,106.07,106.35,10818480
2023-08-25,107.43,108.93,106.62,108.25,13579300
2023-08-28,108.45,110.04,108.44,109.16,10382120
2023-08-29,109.66,110.02,108.42,109.81,9665010
2023-08-30,110.44,111.14,109.98,110.88,11922060
2023-08-31,111.12,111.4166,110.615,111.19,17479830
2023-09-01,112.2,113.82,112.2,113.52,14843480
2023-09-05,114.1,115.825,113.5,113.53,18304010
2023-09-06,113.48,114.59,113.23,114.51,13325540
2023-09-07,114.65,115.85,113.7,113.95,13248540
2023-09-08,114.53,116.05,114.32,115.61,14286480
2023-09-11,116.18,116.68,113.565,114.16,14383560
2023-09-12,115.34,117.665,115.27,117.49,20145760
2023-09-13,117.41,117.96,115.9,116.44,13472800
2023-09-14,117.55,118.66,117.33,118.52,15210700
2023-09-15,117.9,118.51,116.5,116.7,34568391
2023-09-18,117.53,118.24,116.7,117.64,14045310
2023-09-19,118.62,118.84,116.61,117.33,12569720
2023-09-20,116.54,118.02,116.32,116.4,11883210
2023-09-21,116.98,117.37,114.6,114.76,14409640
2023-09-22,115.705,116.68,114.805,114.94,13200210
2023-09-25,115.09,116.645,114.83,116.23,11316010
2023-09-26,115.5,116.73,115.37,116.41,11805430
2023-09-27,117.89,120.5,117.4,120.2,23976160
2023-09-28,119.98,120.7,118.19,119.47,16808119
2023-09-29,119.1,119.18,116.733,117.58,18813570
2023-10-02,117.53,117.79,114.55,115.63,14395000
2023-10-03,115.44,116.44,115.0341,115.83,13297060
2023-10-04,114.05,114.09,110.5018,111.5,19622230
2023-10-05,109.8,110.9,108.7,108.99,20128779
2023-10-06,105.73,108.27,105.11,107.17,25367471
2023-10-09,110.44,112.07,109.52,110.92,22369891
2023-10-10,111.02,111.45,110.12,110.45,13891950
2023-10-11,106.96,107.17,104.83,106.49,57939020
2023-10-12,107.59,107.84,106.09,106.47,31182961
2023-10-13,108.03,110.2,107.84,109.87,30290330
2023-10-16,110.5,110.68,109.13,109.95,18452000
2023-10-17,109.73,111.8,109.68,111.39,19775439
2023-10-18,111.82,113.39,111.7,112.95,23380270
2023-10-19,112.72,113.965,111.325,113.02,20972490
2023-10-20,112.92,113.32,110.79,111.08,22445270
2023-10-23,110.63,110.96,108.675,109.45,18184949
2023-10-24,109.7,109.82,108.12,108.39,16786109
2023-10-25,108.52,109.5,108.13,108.59,22047320
2023-10-26,107.45,108.34,106.495,107.6,18768289
2023-10-27,108.89,109.86,104.96,105.55,23092020
2023-10-30,105.74,106.42,105.2122,105.88,19379920
2023-10-31,105.58,106.16,104.54,105.85,22185150
2023-11-01,106.53,107.165,105.46,105.64,28984869
2023-11-02,105.88,109.19,105.5,109.11,25212689
2023-11-03,108.4,108.78,106.54,107.78,30555551
2023-11-06,108.17,108.27,105.77,105.87,19097270
2023-11-07,104.47,104.86,103.29,104.21,20272490
2023-11-08,103.73,104.9,102.89,102.93,19184070
2023-11-09,103.67,103.97,102.855,102.96,18380539
2023-11-10,103.93,104.41,102.905,103.75,17831340
2023-11-13,104.05,105.135,103.805,104.84,15308380
2023-11-14,104.3,104.815,103.87,104.29,18260520
2023-11-15,103.96,105.15,103.5,103.66,20137561
2023-11-16,102.9,103.27,101.15,102.46,22469070
2023-11-17,103.06,105.43,102.75,104.96,22991820
2023-11-20,105.38,105.88,104.43,104.5,17464020
2023-11-21,104.21,104.695,103.215,104.46,14988980
2023-11-22,102.58,104.12,101.94,104.01,18073240
2023-11-24,104.02,105.465,103.91,104.57,9480768
2023-11-27,104.1,104.4,103.18,103.96,18013520
2023-11-28,104.24,104.91,103.88,103.9,20629510
2023-11-29,104.27,104.58,101.64,102.34,26802090
2023-11-30,103.11,104.4778,101.81,102.74,29254689
2023-12-01,102.5,104.22,102.22,102.99,17845279
2023-12-04,102.13,103.36,101.59,102.43,21523939
2023-12-05,102.27,102.34,100.29,100.44,22250250
2023-12-06,100,100.72,98.34,99.11,31154789
2023-12-07,99.86,100.835,98.09,98.42,29990730
2023-12-08,99.02,99.7867,98.75,99.55,22074949
2023-12-11,99.8,99.86,98.58,99.62,22252250
2023-12-12,98.68,98.68,97.48,98.05,26083961
2023-12-13,98.04,99.03,97.655,98.92,19915439
2023-12-14,99.85,102.135,99.72,101.58,26165650
2023-12-15,100.59,101,100.31,100.9,55527020
2023-12-18,102.13,103.11,101.52,101.65,21610430
2023-12-19,102,103.19,101.79,102.99,18904660
2023-12-20,103.5,103.94,101.125,101.27,20988859
2023-12-21,101.47,102.005,100.805,101.73,19250930
2023-12-22,102.31,102.94,101.82,101.91,12927830
2023-12-26,102.74,103.03,102.115,102.14,16835141
2023-12-27,102.04,102.55,101.335,101.66,14558830
2023-12-28,101.39,101.61,100.13,100.19,16329250
2023-12-29,100.37,100.59,99.62,99.98,17746410
2024-01-02,100.92,103.1,100.85,102.36,23483051
2024-01-03,102.27,103.62,101.66,103.22,23490779
2024-01-04,104.08,104.57,102.05,102.32,19395150
2024-01-05,103.17,103.3987,102.125,102.63,15827390
2024-01-08,100.73,101.04,98.9,100.92,23370131
2024-01-09,101.29,101.29,99.19,99.67,19496650
2024-01-10,99.8,99.8,98.16,98.69,18206090
2024-01-11,99.04,99.5,98.56,98.67,15833360
2024-01-12,100.14,100.65,99.1703,99.95,18041680
2024-01-16,99.82,100.01,97.53,97.69,20235699
2024-01-17,96.6,97.96,96.58,96.98,18384020
2024-01-18,97,97.09,95.82,96.8,20940279
2024-01-19,96.72,97.0156,96.41,96.95,20088430
2024-01-22,96.7,97.095,95.77,96.82,19955949
2024-01-23,96.81,98.5,96.73,97.91,15863430
2024-01-24,98.32,99.65,97.74,99.6,17330650
2024-01-25,100.31,102.18,99.615,102.13,22089510
2024-01-26,101.97,103.08,101.1901,103,20817240
2024-01-29,102.98,103.2,101.86,103.13,18317551
2024-01-30,102.41,104.88,102.1,104.85,19610930
2024-01-31,104.74,104.88,102.7714,102.81,22415289
2024-02-01,103.57,104.01,101.62,102.39,19240689
2024-02-02,103.75,104,101.611,101.97,21973410
2024-02-05,101.45,102.38,100.5,101.55,17190891
2024-02-06,102.07,103.04,101.57,102.25,13353290
2024-02-07,102.25,102.73,101.18,102.22,13826830
2024-02-08,102.34,104.42,102.11,103.97,19636900
2024-02-09,104.1,104.84,101.7,101.77,20410510
2024-02-12,102.16,103.4,102,103.17,18173061
2024-02-13,102.76,103.09,100.6,101.34,18917430
2024-02-14,101.87,102.615,100.42,100.84,17651250
2024-02-15,100.6,103.935,100.6,103.73,23196311
2024-02-16,104.01,104.63,103.52,103.73,20151430
2024-02-20,103.84,104.12,102.645,102.75,17650010
2024-02-21,103.02,104.98,102.99,104.85,20999189
2024-02-22,104.16,105.41,103.45,104.76,20470670
2024-02-23,103.88,104.09,102.88,103.84,15975890
2024-02-26,103.72,104.935,103.05,104.25,13360800
2024-02-27,104.68,105.15,103.85,104.03,16359980
2024-02-28,104.47,105.43,104,104.32,14810490
2024-02-29,104.675,105.07,104.215,104.52,17566070
2024-03-01,105.72,106.39,105.375,105.84,18460119
2024-03-04,105.66,105.85,104.03,104.36,18137990
2024-03-05,104.53,106.27,104.32,105.64,19952711
2024-03-06,106.62,107.57,106.15,106.77,20472789
2024-03-07,106.6,107.98,106.6,107.37,15195410
2024-03-08,107.23,108.4,106.77,108.38,16281470
2024-03-11,108.25,109.12,107.34,109.02,17577289
2024-03-12,109.06,109.28,108.025,108.32,14957250
2024-03-13,109.14,110.35,109.1101,109.53,17122240
2024-03-14,109.83,111.55,109.69,111.47,22121010
2024-03-15,110.85,112.3,110.85,111.27,38264398
2024-03-18,111.79,112.86,111.1,112.3,16770461
2024-03-19,112.22,113.485,112.06,113.09,14878760
2024-03-20,112.72,113.4,112.13,112.99,16119700
2024-03-21,112.92,113.91,112.57,113.49,14878020
2024-03-22,113.48,113.685,112.8239,113.49,14701930
2024-03-25,113.83,115.775,113.83,114.65,14011730
2024-03-26,114.66,114.98,113.41,113.79,13152290
2024-03-27,113.48,115.06,113.41,114.97,12415670
2024-03-28,115.53,116.45,115.06,116.24,18482061
2024-04-01,116.41,117.24,115.38,116.99,13817000
2024-04-02,117.92,119.6,117.33,119.28,19919641
2024-04-03,119.48,119.7479,118.73,119.3,16504311
2024-04-04,119.05,119.88,118.64,119.72,18467359
2024-04-05,119.98,122.15,119.64,121.37,21720590
2024-04-08,121.08,121.735,120.205,120.55,17513939
2024-04-09,121,121.6492,120.34,121.18,14135720
2024-04-10,121.22,122.47,120.73,122.2,17409180
2024-04-11,122.69,122.69,120.34,121.79,17555869
2024-04-12,122.95,123.75,119.67,120.37,21556221
2024-04-15,121.09,121.69,119.45,119.68,15029530
2024-04-16,119.555,120.22,117.92,118.69,18082230
2024-04-17,118.55,119.35,117.12,118.63,14538580
2024-04-18,119,119.72,117.97,118.52,13821360
2024-04-19,119.155,120.925,118.95,119.88,21572369
2024-04-22,119.26,121.565,118.43,120.56,16340690
2024-04-23,120,121.06,119.45,121.03,13929820
2024-04-24,120.3,121.255,119.39,121.05,12101160
2024-04-25,121.03,121.76,119.4,121.33,16041030
2024-04-26,119,119.1,116.22,117.96,27289471
2024-04-29,117.76,120.05,117.76,119.64,17343760
2024-04-30,119.11,120.2,117.98,118.27,21083289
2024-05-01,118.28,118.47,115.66,116.03,27789760
2024-05-02,116.26,117.26,115.9,116.24,25513650
2024-05-03,116,116.07,114.13,116,28023311
2024-05-06,116.67,118.34,116.4,116.75,31401260
2024-05-07,117.28,117.58,115.93,116.17,30121971
2024-05-08,115.71,116.9542,115.41,116.15,18957170
2024-05-09,116.2,118.53,116.19,118.44,17563980
2024-05-10,118.54,118.66,117.58,117.96,13648130
2024-05-13,118.42,119.04,117.12,117.91,15060620
2024-05-14,116.79,117.74,116.48,117.67,15079130
2024-05-15,117.61,118.84,116.08,118.58,18244301
2024-05-16,118.54,119.3,117.54,117.87,15745200
2024-05-17,118.3,119.83,117.96,119.64,15104470
2024-05-20,119.73,119.89,118.55,118.67,11551250
2024-05-21,118.4,119.45,117.78,117.85,14494980
2024-05-22,117.46,117.46,114.96,115.48,17879250
2024-05-23,115.6,117.51,113.36,113.51,15979840
2024-05-24,114.84,115.08,113.035,113.42,12212950
2024-05-28,113.52,115.11,113.07,114.86,13978310
2024-05-29,114.525,114.545,112.81,113.63,13902000
2024-05-30,113.27,114.13,112.955,113.99,14691980
2024-05-31,114.12,117.49,113.99,117.26,29037381
2024-06-03,116.3,116.36,113.76,114.45,19589340
2024-06-04,113,113.09,110.92,112.67,19412240
2024-06-05,112.89,113.19,111.48,113.12,14863520
2024-06-06,112.75,114.04,112.11,113.97,13154090
2024-06-07,113.79,114.895,112.6735,112.75,13289200
2024-06-10,113.06,114.2199,112.7,113.08,15245230
2024-06-11,112.49,112.6701,111.31,112.17,12462400
2024-06-12,113.3,113.3,110.54,110.93,13606790
2024-06-13,110.84,110.86,109.72,110.04,14466870
2024-06-14,110.02,110.207,108.59,109.11,13313430
2024-06-17,109.17,109.46,108.18,108.36,21147939
2024-06-18,109.03,110.72,108.8,109.38,17762920
2024-06-20,109.91,112.62,109.59,111.74,17433189
2024-06-21,111.9,112.695,110.76,110.76,52220566
2024-06-24,111.64,114.525,111.64,114.05,16266690
2024-06-25,114.11,114.55,113.455,114.37,16213680
2024-06-26,114.39,114.815,113.14,114.41,15771750
2024-06-27,114.99,114.99,114.11,114.9,16812730
2024-06-28,115.86,116.54,114.675,115.12,24565910
2024-07-01,115.71,116.74,114.53,114.96,11972880
2024-07-02,115.9,115.94,113.49,114.18,13326700
2024-07-03,114.27,115.66,114.27,114.76,7732928
2024-07-05,114.61,114.63,112.685,113.37,12630990
2024-07-08,112.39,113.55,111.42,112.18,13350550
2024-07-09,111.11,112.54,110.62,110.94,11729090
2024-07-10,110.92,111.96,110.42,111.92,10004090
2024-07-11,111.43,113.315,110.93,113.25,13084880
2024-07-12,113.99,114.15,112.63,113.27,11684950
2024-07-15,114.27,116.16,113.575,115.21,13032500
2024-07-16,114.35,116.35,113.71,116.04,13614050
2024-07-17,116.74,118.175,116.55,117.64,13602770
2024-07-18,117.95,119.92,117.435,118.8,13033560
2024-07-19,118.59,118.8793,115.87,116.07,16157710
2024-07-22,115.18,115.94,114.58,115.27,12065880
2024-07-23,114.81,115.17,113.17,113.41,11251730
2024-07-24,113.765,115.2,113.065,115.01,14925180
2024-07-25,115.17,118.03,114.56,117.43,17021699
2024-07-26,116.77,118.03,116.47,117.33,11252480
2024-07-29,117.32,117.39,115.38,116.1,8861806
2024-07-30,116.36,118.595,116.23,118.17,12483860
2024-07-31,119.64,119.76,118.56,118.59,15137710
2024-08-01,118.35,119.49,116.36,116.95,15051480
2024-08-02,115.97,118.87,115.42,116.88,20403770
2024-08-05,115.54,116.03,113.25,114.77,18025859
2024-08-06,114.45,115.63,113.63,114.16,13647780
2024-08-07,115.45,117.119,115.26,115.68,13660660
2024-08-08,116.08,118.105,115.73,117.89,13850990
2024-08-09,117.885,119.31,117.36,118.85,12151870
2024-08-12,119.55,120.1699,118.02,119,13228910
2024-08-13,118.275,118.51,117.5,117.86,11585070
2024-08-14,118.1,119.9,117.63,118.95,12194520
2024-08-15,118.25,119.63,118.12,118.73,11579430
2024-08-16,117.99,118.48,117.66,118.17,10056020
2024-08-19,118.4,120.5,118.17,118.53,12417470
2024-08-20,118.65,118.65,114.51,114.58,15631970
2024-08-21,115.01,115.57,113.76,113.85,11752360
2024-08-22,113.78,115.01,113.635,114.73,10609500
2024-08-23,115.025,116.72,115.025,116.32,10381430
2024-08-26,117.76,118.94,116.92,118.81,13671020
2024-08-27,118.96,119.41,117.4,117.68,9991631
2024-08-28,117,117.58,116.26,116.52,10742870
2024-08-29,117.2,118.79,116.35,118.13,10753900
2024-08-30,116.79,118.02,116.29,117.94,13284690
2024-09-03,115.84,116.09,114.04,115.47,15723700
2024-09-04,115.29,116.15,113.975,114.06,12620580
2024-09-05,115.07,115.28,113.07,113.17,17200770
2024-09-06,113.59,114.18,111.732,112.64,13467750
2024-09-09,112.87,116.15,112.66,115.01,21645330
2024-09-10,115.1,115.4,110.17,110.82,20913410
2024-09-11,110.775,110.95,107.77,109.72,19571949
2024-09-12,109.9,111.33,109.7609,111.23,15923320
2024-09-13,111.47,112.47,110.93,111.15,10035390
2024-09-16,112.05,113.085,111.69,112.71,11729030
2024-09-17,112.32,114.37,112.12,114.18,12202560
2024-09-18,114.11,115.63,113.81,114.58,12569930
2024-09-19,116.16,117.575,115.19,116,12660640
2024-09-20,115.46,115.51,114.25,115.27,36206199
2024-09-23,115.33,117.793,115.12,117.36,16066290
2024-09-24,117.84,118.16,116.83,117.05,11984860
2024-09-25,116.485,117.05,114.04,114.77,13816040
2024-09-26,111.14,113.48,111.14,112.8,16887910
2024-09-27,113.76,116.09,113.25,115.82,15963970
2024-09-30,115.46,117.39,114.96,117.22,13250660
2024-10-01,116.04,120.6,115.93,119.93,23235881
2024-10-02,121.93,122.82,120.2,121.52,17129680
2024-10-03,121.9,123.17,120.929,122.58,16524330
2024-10-04,123.2,125.19,122.43,124.83,19759211
2024-10-07,125.25,126.34,124.86,125.37,15714440
2024-10-08,123.88,124.02,121.26,122.04,14818480
2024-10-09,120.9,122.5799,120.8,122.09,11144860
2024-10-10,123.16,123.7013,122.29,123.14,10243320
2024-10-11,123.1,124.0339,122.94,123.61,8294839
2024-10-14,123.24,124.26,122.615,124.08,9808122
2024-10-15,120.82,121.95,119.78,120.35,15771320
2024-10-16,120.89,121.435,120.6,120.66,8426770
2024-10-17,120.76,121.58,119.71,120.35,11204860
2024-10-18,120.44,120.64,119.15,120.01,12898640
2024-10-21,120.98,121.48,119.72,120.08,10177780
2024-10-22,120.26,121.19,119.94,120.7,9201408
2024-10-23,119.97,120.75,119.4,120.27,8320330
2024-10-24,120,120.44,119.125,119.59,9905556
2024-10-25,120.2,120.43,119.315,119.49,10714580
2024-10-28,116.79,119.01,116.77,118.9,11844550
2024-10-29,118.58,119.1719,117.0701,117.28,14731020
2024-10-30,117.66,118.27,116.48,116.69,12303740
2024-10-31,117.15,118.67,116.68,116.78,20511980
2024-11-01,119.93,119.95,114.84,114.95,20939320
2024-11-04,116.07,118.7,115.93,118.61,14965430
2024-11-05,119.08,119.21,118.01,118.96,10436740
2024-11-06,121.145,121.91,119.3,121,20807680
2024-11-07,121.3,121.5,119.61,121.15,12184430
2024-11-08,120.98,121.42,119.66,121.11,12835970
2024-11-11,121,121.62,120.07,120.47,11969660
2024-11-12,121.13,121.31,119.8365,120.35,11972800
2024-11-13,120.565,122.05,118.8,121.47,15127880
2024-11-14,121.66,121.88,120.33,120.56,13041850
2024-11-15,120.4,121.24,119.13,119.31,19051711
2024-11-18,119.79,120.62,119.27,120.31,14243700
2024-11-19,119.75,119.75,118.2,118.63,11584380
2024-11-20,119.17,120.47,118.64,120.32,11360930
2024-11-21,121.08,122.5547,120.27,121.93,14675420
2024-11-22,121.82,123.21,121.64,121.79,13323430
2024-11-25,121.43,121.88,119.61,119.97,26580301
2024-11-26,119.53,119.68,117.845,117.97,14827330
2024-11-27,118.09,118.73,117.43,117.66,11079120
2024-11-29,117.44,118.5,116.95,117.96,9426499
2024-12-02,118.05,118.2,116.82,117.85,12687320
2024-12-03,118.72,118.72,117.255,117.67,11756570
2024-12-04,117.5,117.55,113.8612,114.28,19520580
2024-12-05,114.71,115.62,114.06,114.78,15751200
2024-12-06,114.54,114.77,113.5,113.57,16171070
2024-12-09,114.64,114.94,112.745,112.9,17412570
2024-12-10,113.585,113.88,111.75,112.67,20990939
2024-12-11,112,112.39,111.11,111.92,32392240
2024-12-12,111.59,112.38,110.78,111.82,14543260
2024-12-13,111.899,111.899,110.25,110.84,13106080
2024-12-16,110.2,110.4,108.16,108.47,20256090
2024-12-17,107.235,108.17,106.7869,108.01,17554000
2024-12-18,107.57,108.83,106.31,106.42,17114539
2024-12-19,107.39,107.67,105.21,105.51,20565561
2024-12-20,105.45,106.135,104.84,105.87,40141152
2024-12-23,105.31,106.6,104.92,106.3,12285080
2024-12-24,106.52,107.19,105.7,106.4,7806997
2024-12-26,106.52,107.03,105.94,106.49,9653408
2024-12-27,106.3,107.99,105.77,106.48,11943910
2024-12-30,106.3,106.56,105.51,105.76,11080770
2024-12-31,106.17,107.9,105.78,107.57,12387760
2025-01-02,108.275,109,106.88,107.31,12685450
2025-01-03,108,108.49,107.46,107.86,14237890
2025-01-06,108.24,109.78,107.52,107.74,15623680
2025-01-07,108.94,110.06,108.28,108.75,12625890
2025-01-08,107.31,107.71,106.01,106.93,17858109
2025-01-10,108.7,110.1,105.78,106.54,19304500
2025-01-13,107.125,109.63,107.125,109.29,17073400
2025-01-14,108.79,109.76,107.83,109.72,11191180
2025-01-15,110.05,111.73,109.47,111.51,14521100
2025-01-16,111.19,111.69,110.55,111.32,10366590
2025-01-17,111.03,112.8651,110.82,112.32,19298500
2025-01-21,112.05,112.175,111.1305,111.47,20416289
2025-01-22,111.2,111.57,109.4,109.53,15718010
2025-01-23,110.31,111.1425,109.61,110.15,13726780
2025-01-24,110.24,110.71,108.41,108.66,14235890
2025-01-27,109.01,110.4506,108.39,110.17,15926670
2025-01-28,110.41,110.87,107.79,108.04,15862030
2025-01-29,107.71,108.78,107.47,108.67,12345520
2025-01-30,109.24,109.85,108.7,109.57,14346340
2025-01-31,110.55,110.55,106.095,106.83,20381449
2025-02-03,106.64,107.3,105.3225,107.09,14623200
2025-02-04,106.705,110.28,106.53,109.96,14835690
2025-02-05,109.74,110.01,109.1,109.88,13364390
2025-02-06,110.77,111.05,107.985,108.43,13411400
2025-02-07,108.78,109.7304,108.32,108.89,10051630
2025-02-10,110.005,111.03,109.875,110.97,12142200
2025-02-11,111.6,112.51,110.82,111.67,12713130
2025-02-12,110.05,110.2269,107.18,107.35,18244119
2025-02-13,107.15,108.41,106.52,108.13,15459950
2025-02-14,108.52,110.23,108.1,108.24,15733530
2025-02-18,108.63,110.99,108.32,110.14,20060301
2025-02-19,110.755,112.13,110.055,110.3,10964700
2025-02-20,110.57,112.42,109.95,112,16325800
2025-02-21,111.32,111.85,110.56,110.69,14709990
2025-02-24,110.925,111.86,110.32,111.27,13153470
2025-02-25,111.3,112.13,108.8902,109.73,14496960
2025-02-26,109.74,109.87,108.52,109.46,10446410
2025-02-27,110.01,111.29,109.28,110.15,15293170
2025-02-28,110.11,111.58,109.34,111.33,18821670
2025-03-03,111.7,112.1563,106.51,107.76,18706881
2025-03-04,106.36,108.96,105.94,107.54,19394910
2025-03-05,105.84,106.33,103.67,105.44,24822250
2025-03-06,105.43,108.11,104.36,107.62,17150230
2025-03-07,108.41,110.4,108.3,109.02,19624971
2025-03-10,109.275,112.565,109.08,111.8,22749070
2025-03-11,111.92,112.1,108.785,109.16,19904740
2025-03-12,109.05,110.13,108.42,109.13,14051500
2025-03-13,108.33,110.82,107.625,108.67,17767840
2025-03-14,108.94,112.18,108.31,111.9,15890060
2025-03-17,111.8,114.5,111.73,113.76,19908800
2025-03-18,114.09,114.54,112.57,113.64,15998700
2025-03-19,114.2,115.82,113.83,115.41,17315000
2025-03-20,114.72,116.47,114.21,115.9,16230800
2025-03-21,115.5,115.99,114.35,115.5,41102800
2025-03-24,115.68,116.91,115.58,115.8,14201300
