Date,Open,High,Low,Close,Volume
2000-02-16,0.0245,0.025,0.0245,0.0245,59639295
2000-02-17,0.0245,0.0245,0.0245,0.0245,71248380
2000-02-18,0.025,0.025,0.025,0.025,77602452
2000-02-21,0.0245,0.0245,0.0245,0.0245,88901851
2000-02-22,0.0245,0.0245,0.0245,0.0245,92206196
2000-02-23,0.0228,0.0228,0.0228,0.0228,75247350
2000-02-24,0.0245,0.025,0.0245,0.0245,85132808
2000-02-25,0.025,0.025,0.025,0.025,127643661
2000-02-28,0.025,0.025,0.025,0.025,75384625
2000-02-29,0.0283,0.0283,0.0283,0.0283,73276851
2000-03-01,0.0295,0.0295,0.0295,0.0295,181433800
2000-03-02,0.0283,0.0283,0.0283,0.0283,118639555
2000-03-06,0.0283,0.0283,0.025,0.0283,58956000
2000-03-07,0.0283,0.0283,0.0283,0.0283,70269797
2000-03-08,0.0283,0.0283,0.0283,0.0283,55730606
2000-03-09,0.0295,0.0295,0.0295,0.0295,128231317
2000-03-10,0.0283,0.0295,0.0283,0.0283,113882011
2000-03-20,0.0283,0.0283,0.0283,0.0283,113504175
2000-03-21,0.0283,0.0283,0.0283,0.0283,62503272
2000-03-22,0.0283,0.0283,0.0283,0.0283,37431335
2000-03-23,0.0295,0.0295,0.0283,0.0295,42485032
2000-03-24,0.0295,0.0295,0.0295,0.0295,18766256
2000-03-27,0.0283,0.0283,0.0283,0.0283,17602011
2000-03-28,0.0283,0.0283,0.0283,0.0283,46482690
2000-03-29,0.0283,0.0283,0.0283,0.0283,36879510
2000-03-30,0.0245,0.025,0.0245,0.0245,91246063
2000-03-31,0.025,0.025,0.025,0.025,70683378
2000-04-03,0.0245,0.025,0.0245,0.0245,33614690
2000-04-04,0.025,0.0283,0.025,0.025,47023270
2000-04-05,0.025,0.025,0.025,0.025,57908297
2000-04-06,0.0295,0.0295,0.0295,0.0295,92941052
2000-04-07,0.0283,0.0283,0.0283,0.0283,46046010
2000-04-10,0.0295,0.0295,0.0295,0.0295,128285595
2000-04-11,0.0295,0.0295,0.0295,0.0295,91910401
2000-04-12,0.0318,0.0318,0.0318,0.0318,154859478
2000-04-14,0.0323,0.0323,0.0318,0.0323,172917577
2000-04-17,0.031,0.031,0.031,0.031,164422609
2000-04-18,0.031,0.031,0.031,0.031,83301072
2000-04-19,0.031,0.031,0.0295,0.031,50321292
2000-04-21,0.031,0.031,0.031,0.031,19404413
2000-04-24,0.031,0.031,0.031,0.031,43675977
2000-04-25,0.031,0.031,0.031,0.031,78014189
2000-04-27,0.0318,0.0318,0.0318,0.0318,77546155
2000-04-28,0.0323,0.0323,0.0323,0.0323,149492145
2000-05-01,0.0318,0.0323,0.0318,0.0318,59093012
2000-05-03,0.0355,0.0373,0.0355,0.0355,81814059
2000-05-04,0.0323,0.0323,0.0323,0.0323,130289035
2000-05-05,0.0323,0.0323,0.0323,0.0323,57006657
2000-05-08,0.0318,0.0318,0.0318,0.0318,53247484
2000-05-09,0.0355,0.0355,0.0323,0.0355,105728244
2000-05-10,0.0355,0.0355,0.0355,0.0355,108198831
2000-05-11,0.0355,0.0355,0.0355,0.0355,47108331
2000-05-12,0.0323,0.0323,0.0323,0.0323,70802939
2000-05-15,0.016,0.016,0.016,0.016,23097658
2000-05-16,0.0178,0.0178,0.0178,0.0178,43379277
2000-05-17,0.0178,0.0178,0.0178,0.0178,71488815
2000-05-18,0.016,0.0178,0.016,0.016,56572462
2000-05-22,0.016,0.016,0.016,0.016,56880290
2000-05-24,0.016,0.016,0.016,0.016,36037387
2000-05-25,0.016,0.0178,0.016,0.016,51679780
2000-05-26,0.016,0.016,0.016,0.016,16685280
2000-05-29,0.016,0.016,0.016,0.016,52326990
2000-05-30,0.016,0.016,0.016,0.016,36446282
2000-05-31,0.016,0.016,0.016,0.016,43612064
2000-06-01,0.016,0.016,0.016,0.016,48100819
2000-06-02,0.016,0.016,0.016,0.016,54111776
2000-06-05,0.016,0.016,0.016,0.016,30210552
2000-06-06,0.016,0.016,0.016,0.016,39651477
2000-06-07,0.016,0.016,0.016,0.016,20013050
2000-06-08,0.016,0.016,0.016,0.016,39860974
2000-06-09,0.016,0.016,0.016,0.016,55730120
2000-06-12,0.0155,0.0155,0.0155,0.0155,38925782
2000-06-14,0.014,0.014,0.014,0.014,66495160
2000-06-16,0.0128,0.014,0.0128,0.0128,73473556
2000-06-19,0.014,0.014,0.0128,0.014,57840084
2000-06-20,0.014,0.014,0.014,0.014,60880712
2000-06-21,0.0128,0.014,0.0128,0.0128,46707068
2000-06-22,0.014,0.014,0.014,0.014,42947110
2000-06-23,0.014,0.014,0.014,0.014,56528881
2000-06-26,0.014,0.014,0.014,0.014,41879323
2000-06-27,0.014,0.014,0.014,0.014,29227887
2000-06-28,0.014,0.014,0.014,0.014,43884640
2000-06-29,0.014,0.014,0.014,0.014,38322586
2000-06-30,0.014,0.014,0.014,0.014,20693462
2000-07-03,0.014,0.014,0.014,0.014,17367278
2000-07-04,0.0128,0.014,0.0128,0.0128,25100324
2000-07-06,0.0128,0.0128,0.0128,0.0128,57475802
2000-07-07,0.014,0.014,0.0128,0.014,35947245
2000-07-10,0.014,0.014,0.014,0.014,58915755
2000-07-12,0.0128,0.014,0.0128,0.0128,45544633
2000-07-13,0.0128,0.0128,0.0128,0.0128,33241571
2000-07-14,0.0128,0.0128,0.0128,0.0128,41992912
2000-07-17,0.0128,0.0128,0.0128,0.0128,27444895
2000-07-19,0.0128,0.0128,0.01,0.0128,70691015
2000-07-20,0.01,0.01,0.01,0.01,42787512
2000-07-21,0.0128,0.0128,0.0128,0.0128,86414726
2000-07-24,0.0128,0.0128,0.0128,0.0128,63715304
2000-07-25,0.0128,0.0128,0.0128,0.0128,35761180
2000-07-26,0.0128,0.0128,0.0128,0.0128,30694032
2000-07-27,0.0128,0.0128,0.0128,0.0128,45553350
2000-07-28,0.014,0.014,0.014,0.014,57177320
2000-07-31,0.014,0.014,0.014,0.014,34986531
2000-08-01,0.014,0.014,0.014,0.014,25157704
2000-08-02,0.014,0.014,0.014,0.014,33279665
2000-08-03,0.014,0.014,0.014,0.014,31342957
2000-08-04,0.014,0.014,0.014,0.014,55486039
2000-08-07,0.014,0.014,0.0128,0.014,38554156
2000-08-08,0.0128,0.014,0.0128,0.0128,14155714
2000-08-09,0.0128,0.0128,0.0128,0.0128,37431521
2000-08-10,0.0128,0.0128,0.0128,0.0128,20154640
2000-08-11,0.014,0.014,0.014,0.014,56839748
2000-08-14,0.014,0.014,0.014,0.014,63517818
2000-08-15,0.0128,0.0128,0.0128,0.0128,70726530
2000-08-16,0.0128,0.014,0.0128,0.0128,39253780
2000-08-17,0.0128,0.0128,0.0128,0.0128,4185045
2000-08-18,0.0128,0.014,0.0128,0.0128,39188813
2000-08-21,0.0128,0.0128,0.0128,0.0128,43398039
2000-08-23,0.014,0.014,0.0128,0.014,20729170
2000-08-24,0.0128,0.014,0.0128,0.0128,46249101
2000-08-25,0.0128,0.0128,0.0128,0.0128,43968659
2000-08-28,0.0128,0.014,0.0128,0.0128,15210842
2000-08-29,0.014,0.014,0.014,0.014,27495544
2000-08-31,0.014,0.014,0.014,0.014,71372049
2000-09-01,0.014,0.014,0.014,0.014,20037654
2000-09-04,0.014,0.014,0.0128,0.014,21111490
2000-09-05,0.014,0.014,0.014,0.014,9673091
2000-09-06,0.014,0.014,0.014,0.014,8691078
2000-09-07,0.0128,0.0128,0.0128,0.0128,49415536
2000-09-08,0.0128,0.0128,0.0128,0.0128,54864180
2000-09-11,0.0128,0.0128,0.0128,0.0128,47315338
2000-09-12,0.0128,0.0128,0.0128,0.0128,23388847
2000-09-14,0.0128,0.0128,0.0128,0.0128,50429841
2000-09-15,0.0128,0.0128,0.0128,0.0128,23351058
2000-09-18,0.01,0.01,0.01,0.01,53243317
2000-09-19,0.01,0.01,0.01,0.01,35640733
2000-09-20,0.01,0.01,0.01,0.01,39187112
2000-09-28,0.01,0.01,0.01,0.01,20143804
2000-10-17,0.014,0.014,0.014,0.014,57589861
2000-10-18,0.0128,0.014,0.0128,0.0128,55112332
2000-10-19,0.014,0.014,0.014,0.014,37125360
2000-10-23,0.0128,0.0128,0.0128,0.0128,42431570
2000-10-24,0.014,0.014,0.014,0.014,43272085
2000-10-25,0.0128,0.014,0.0128,0.0128,29030874
2000-10-26,0.014,0.014,0.0128,0.014,26248792
2000-10-27,0.0128,0.014,0.0128,0.0128,25923136
2000-10-30,0.0128,0.0128,0.0128,0.0128,58183634
2000-10-31,0.014,0.014,0.0128,0.014,41808601
2000-11-01,0.014,0.014,0.014,0.014,21624332
2000-11-03,0.014,0.014,0.014,0.014,72779610
2000-11-06,0.014,0.014,0.014,0.014,32121384
2000-11-07,0.014,0.014,0.014,0.014,34645529
2000-11-08,0.0128,0.0128,0.0128,0.0128,77662442
2000-11-09,0.0128,0.0128,0.0128,0.0128,43730698
2000-11-10,0.0128,0.0128,0.0128,0.0128,29826893
2000-11-13,0.0128,0.0128,0.0128,0.0128,48706859
2000-11-14,0.0128,0.0128,0.0128,0.0128,51474409
2000-11-15,0.0128,0.0128,0.0128,0.0128,37363703
2000-11-16,0.0128,0.0128,0.0128,0.0128,14591415
2000-11-17,0.0128,0.0128,0.0128,0.0128,21078023
2000-11-20,0.01,0.01,0.01,0.01,38246488
2000-11-21,0.01,0.01,0.01,0.01,87621022
2000-11-23,0.01,0.01,0.01,0.01,28837414
2000-11-24,0.009,0.01,0.009,0.009,50519075
2000-11-27,0.009,0.009,0.009,0.009,77314772
2000-11-29,0.009,0.009,0.009,0.009,10569023
2000-12-06,0.01,0.01,0.0073,0.01,36570571
2000-12-11,0.01,0.01,0.01,0.01,60420559
2000-12-12,0.01,0.01,0.01,0.01,33211692
2000-12-13,0.01,0.01,0.01,0.01,82406737
2000-12-14,0.01,0.01,0.01,0.01,44805455
2000-12-15,0.01,0.01,0.01,0.01,60562494
2000-12-18,0.01,0.01,0.01,0.01,22943626
2000-12-19,0.0128,0.0128,0.01,0.0128,40682349
2000-12-20,0.01,0.01,0.01,0.01,63827252
2000-12-21,0.01,0.01,0.01,0.01,54505319
2000-12-22,0.01,0.01,0.01,0.01,15117703
2001-01-02,0.01,0.01,0.01,0.01,9341632
2001-01-03,0.01,0.01,0.01,0.01,40707336
2001-01-04,0.0128,0.0128,0.0128,0.0128,57690869
2001-01-08,0.0128,0.0128,0.0128,0.0128,24802786
2001-01-09,0.0128,0.014,0.0128,0.0128,29143207
2001-01-10,0.014,0.014,0.014,0.014,68819062
2001-01-11,0.014,0.014,0.014,0.014,21648076
2001-01-15,0.0128,0.0128,0.0128,0.0128,27549529
2001-01-16,0.0128,0.0128,0.0128,0.0128,26948217
2001-01-17,0.0128,0.0128,0.0128,0.0128,45920012
2001-01-18,0.014,0.014,0.0128,0.014,36976781
2001-01-19,0.014,0.014,0.014,0.014,43054446
2001-01-22,0.014,0.014,0.014,0.014,22349022
2001-01-23,0.0128,0.014,0.0128,0.0128,35648504
2001-01-24,0.014,0.014,0.014,0.014,32413206
2001-01-25,0.014,0.014,0.014,0.014,19924407
2001-01-26,0.014,0.014,0.014,0.014,26031628
2001-01-29,0.014,0.014,0.014,0.014,25208406
2001-01-30,0.0128,0.014,0.0128,0.0128,22920247
2001-01-31,0.014,0.014,0.0128,0.014,41087718
2001-02-01,0.014,0.014,0.014,0.014,43483516
2001-02-02,0.014,0.014,0.014,0.014,18743926
2001-02-05,0.0128,0.0128,0.0128,0.0128,13272616
2001-02-06,0.014,0.014,0.014,0.014,33322734
2001-02-07,0.0128,0.0128,0.0128,0.0128,57638995
2001-02-08,0.0128,0.0128,0.0128,0.0128,43877507
2001-02-09,0.0128,0.0128,0.0128,0.0128,37197446
2001-02-13,0.0128,0.0128,0.0128,0.0128,47472199
2001-02-14,0.0128,0.0128,0.0128,0.0128,46825184
2001-02-15,0.0128,0.0128,0.0128,0.0128,35296229
2001-02-16,0.0128,0.0128,0.0128,0.0128,34091003
2001-02-23,0.0128,0.0128,0.0128,0.0128,56296083
2001-02-26,0.0128,0.0128,0.0128,0.0128,57164417
2001-02-28,0.0128,0.0128,0.0128,0.0128,17162007
2001-03-01,0.0128,0.014,0.0128,0.0128,42033801
2001-03-02,0.0128,0.0128,0.0128,0.0128,27494667
2001-03-12,0.01,0.0128,0.01,0.01,51504060
2001-03-15,0.01,0.01,0.01,0.01,77548105
2001-03-16,0.01,0.01,0.01,0.01,65416170
2001-03-19,0.009,0.01,0.009,0.009,34605292
2001-03-20,0.01,0.01,0.01,0.01,41299181
2001-03-21,0.01,0.01,0.01,0.01,36358737
2001-03-22,0.01,0.01,0.01,0.01,57484334
2001-03-23,0.01,0.01,0.01,0.01,23172187
2001-03-27,0.009,0.009,0.009,0.009,29888740
2001-03-28,0.009,0.009,0.009,0.009,45642473
2001-03-30,0.009,0.009,0.009,0.009,87291410
2001-04-02,0.009,0.009,0.009,0.009,43690107
2001-04-03,0.009,0.009,0.009,0.009,60473517
2001-04-04,0.009,0.009,0.009,0.009,82350673
2001-04-05,0.01,0.01,0.01,0.01,71595240
2001-04-06,0.009,0.01,0.009,0.009,27825918
2001-04-09,0.01,0.01,0.01,0.01,67047524
2001-04-10,0.01,0.01,0.01,0.01,32835284
2001-04-11,0.01,0.01,0.01,0.01,12419658
2001-04-12,0.01,0.01,0.01,0.01,52213781
2001-04-13,0.01,0.01,0.01,0.01,41165426
2001-04-16,0.01,0.0128,0.01,0.01,23463377
2001-04-17,0.01,0.01,0.01,0.01,34046219
2001-04-18,0.01,0.01,0.01,0.01,21837116
2001-04-19,0.01,0.01,0.01,0.01,14190246
2001-04-20,0.01,0.0128,0.01,0.01,36020611
2001-04-24,0.0128,0.0128,0.0128,0.0128,54004023
2001-04-25,0.0128,0.0128,0.0128,0.0128,72317656
2001-04-26,0.014,0.014,0.014,0.014,62605800
2001-04-30,0.0155,0.016,0.0155,0.0155,75677586
2001-05-02,0.0155,0.0155,0.0155,0.0155,67775069
2001-05-08,0.0155,0.0155,0.0155,0.0155,36108809
2001-05-09,0.0155,0.0155,0.0155,0.0155,38081920
2001-05-10,0.0155,0.0155,0.0155,0.0155,78488929
2001-05-11,0.0155,0.0155,0.0155,0.0155,41252042
2001-05-14,0.0155,0.0155,0.0155,0.0155,39486508
2001-05-15,0.01,0.01,0.01,0.01,21844123
2001-05-16,0.01,0.01,0.01,0.01,63092467
2001-05-17,0.01,0.01,0.01,0.01,43740589
2001-05-18,0.0128,0.0128,0.01,0.0128,45778687
2001-05-21,0.0128,0.0128,0.0128,0.0128,37537718
2001-05-22,0.0128,0.0128,0.0128,0.0128,58551749
2001-05-23,0.01,0.01,0.01,0.01,36371177
2001-05-24,0.009,0.01,0.009,0.009,53839922
2001-05-25,0.01,0.01,0.01,0.01,31766054
2001-05-28,0.01,0.01,0.01,0.01,39924477
2001-05-29,0.009,0.01,0.009,0.009,54776898
2001-05-30,0.009,0.009,0.009,0.009,51558900
2001-06-01,0.009,0.009,0.009,0.009,62772181
2001-06-05,0.01,0.01,0.01,0.01,28735273
2001-06-06,0.01,0.01,0.01,0.01,46635544
2001-06-07,0.01,0.01,0.01,0.01,41547895
2001-06-11,0.009,0.009,0.009,0.009,37612373
2001-06-12,0.009,0.009,0.009,0.009,53192500
2001-06-13,0.009,0.009,0.009,0.009,36083072
2001-06-14,0.009,0.009,0.009,0.009,42915550
2001-06-15,0.009,0.009,0.009,0.009,57364747
2001-06-20,0.009,0.009,0.009,0.009,48722832
2001-06-21,0.009,0.009,0.009,0.009,44642842
2001-06-22,0.009,0.009,0.009,0.009,37535106
2001-06-25,0.009,0.009,0.009,0.009,28903863
2001-06-26,0.009,0.009,0.009,0.009,52344540
2001-06-27,0.009,0.009,0.009,0.009,36135805
2001-06-28,0.009,0.009,0.009,0.009,35535866
2001-06-29,0.009,0.009,0.009,0.009,32012938
2001-07-02,0.009,0.009,0.009,0.009,34073545
2001-07-03,0.009,0.009,0.009,0.009,28384215
2001-07-04,0.009,0.009,0.009,0.009,20383824
2001-07-05,0.009,0.009,0.009,0.009,29356382
2001-07-09,0.0073,0.0073,0.0073,0.0073,64214584
2001-07-12,0.0073,0.0073,0.0073,0.0073,64722136
2001-07-17,0.0073,0.0073,0.0068,0.0073,56981135
2001-07-20,0.0073,0.0073,0.0073,0.0073,64882970
2001-07-23,0.0073,0.0073,0.0073,0.0073,31338261
2001-07-24,0.0073,0.0073,0.0073,0.0073,62350518
2001-07-25,0.0073,0.0073,0.0073,0.0073,45584866
2001-07-26,0.0073,0.0073,0.0073,0.0073,48899843
2001-07-27,0.0073,0.0073,0.0073,0.0073,43435237
2001-07-30,0.0073,0.0073,0.0073,0.0073,32408761
2001-07-31,0.0073,0.0073,0.0073,0.0073,27508281
2001-08-02,0.0073,0.0073,0.0073,0.0073,26216291
2001-08-03,0.0073,0.0073,0.0073,0.0073,24585232
2001-08-06,0.0073,0.0073,0.0073,0.0073,26430426
2001-08-07,0.0073,0.0073,0.0073,0.0073,18540404
2001-08-08,0.0073,0.0073,0.0073,0.0073,23923890
2001-08-09,0.0073,0.0073,0.0073,0.0073,48558627
2001-08-10,0.0073,0.0073,0.0073,0.0073,29699848
2001-08-13,0.0068,0.0073,0.0068,0.0068,24944605
2001-08-14,0.0068,0.0068,0.0068,0.0068,26816427
2001-08-15,0.0073,0.0073,0.0073,0.0073,39442366
2001-08-16,0.0073,0.0073,0.0073,0.0073,31243330
2001-08-17,0.0073,0.0073,0.0073,0.0073,42800039
2001-08-20,0.0073,0.0073,0.0073,0.0073,14579433
2001-08-21,0.0073,0.0073,0.0073,0.0073,39409984
2001-08-22,0.0073,0.0073,0.0073,0.0073,32645703
2001-08-23,0.0073,0.0073,0.0073,0.0073,36926906
2001-08-29,0.0073,0.0073,0.0073,0.0073,58304098
2001-08-31,0.0073,0.0073,0.0073,0.0073,17767514
2001-09-03,0.0068,0.0073,0.0068,0.0068,8657056
2001-09-04,0.0073,0.0073,0.0068,0.0073,39719502
2001-09-05,0.0073,0.0073,0.0073,0.0073,30869836
2001-09-06,0.0073,0.0073,0.0073,0.0073,22623845
2001-09-07,0.0068,0.0073,0.0068,0.0068,21899618
2001-09-11,0.0068,0.0068,0.0068,0.0068,28301776
2001-09-14,0.0068,0.0068,0.0068,0.0068,28609091
2001-09-17,0.0068,0.0068,0.0068,0.0068,47069196
2001-09-18,0.0068,0.0068,0.0068,0.0068,52626137
2001-09-19,0.0068,0.0068,0.0068,0.0068,25975172
2001-09-20,0.0068,0.0068,0.0068,0.0068,18023650
2001-09-25,0.0055,0.0055,0.0055,0.0055,1807028
2001-09-28,0.0055,0.0055,0.0055,0.0055,7506853
2001-10-01,0.0055,0.0055,0.0055,0.0055,7332324
2001-10-02,0.0055,0.0055,0.0055,0.0055,5618559
2001-10-03,0.0055,0.0055,0.0055,0.0055,13873629
2001-10-04,0.0055,0.0055,0.0055,0.0055,8409626
2001-10-05,0.0055,0.0055,0.0055,0.0055,16757550
2001-10-08,0.0055,0.0055,0.0055,0.0055,11344772
2001-10-09,0.0055,0.0055,0.0055,0.0055,4210780
2001-10-10,0.0055,0.0055,0.0055,0.0055,6527296
2001-10-11,0.0068,0.0068,0.0068,0.0068,25370456
2001-10-12,0.0068,0.0068,0.0068,0.0068,28059679
2001-10-15,0.0068,0.0068,0.0068,0.0068,4650389
2001-10-16,0.0068,0.0068,0.0068,0.0068,23735674
2001-10-17,0.0068,0.0068,0.0068,0.0068,14272396
2001-10-18,0.0068,0.0068,0.0068,0.0068,26268532
2001-10-19,0.0068,0.0068,0.0068,0.0068,15377270
2001-10-22,0.0068,0.0068,0.0068,0.0068,13432619
2001-10-24,0.0068,0.0068,0.0068,0.0068,20646541
2001-10-25,0.0068,0.0068,0.0068,0.0068,3906697
2001-10-30,0.0068,0.0068,0.0068,0.0068,3285173
2001-10-31,0.0068,0.0068,0.0068,0.0068,7169707
2001-11-01,0.0068,0.0068,0.0068,0.0068,11412391
2001-11-02,0.0068,0.0068,0.0068,0.0068,1865312
2001-11-05,0.0068,0.0068,0.0068,0.0068,7054436
2001-11-06,0.0068,0.0068,0.0068,0.0068,22963644
2001-11-07,0.0068,0.0068,0.0068,0.0068,5309422
2001-11-08,0.0068,0.0068,0.0068,0.0068,736991
2001-11-09,0.0068,0.0068,0.0068,0.0068,42671997
2001-11-12,0.0068,0.0068,0.0068,0.0068,2053083
2001-11-13,0.0068,0.0068,0.0068,0.0068,4056181
2001-11-14,0.0068,0.0068,0.0068,0.0068,12162611
2001-11-15,0.0068,0.0068,0.0068,0.0068,64169585
2001-11-16,0.0068,0.0068,0.0068,0.0068,29630943
2001-11-19,0.0073,0.0073,0.0068,0.0073,11263167
2001-11-20,0.0073,0.0073,0.0068,0.0073,21283083
2001-11-21,0.0068,0.0073,0.0068,0.0068,1883444
2001-11-22,0.0068,0.0073,0.0068,0.0068,1092704
2001-11-23,0.0068,0.0073,0.0068,0.0068,3710086
2001-11-26,0.0068,0.0068,0.0068,0.0068,1623051
2001-11-27,0.0068,0.0073,0.0068,0.0068,20313451
2001-11-28,0.0068,0.0068,0.0068,0.0068,6415787
2001-11-29,0.0068,0.0068,0.0068,0.0068,14145816
2001-11-30,0.0068,0.0068,0.0068,0.0068,8241225
2001-12-03,0.0068,0.0068,0.0068,0.0068,8583986
2001-12-04,0.0068,0.0068,0.0068,0.0068,6357165
2001-12-05,0.0068,0.0068,0.0068,0.0068,6263665
2001-12-06,0.0073,0.0073,0.0068,0.0073,36929996
2001-12-07,0.0073,0.0073,0.0073,0.0073,29022238
2001-12-10,0.0073,0.0073,0.0073,0.0073,35011338
2001-12-11,0.0073,0.0073,0.0073,0.0073,5906687
2001-12-12,0.0073,0.0073,0.0073,0.0073,1853748
2001-12-13,0.0073,0.0073,0.0073,0.0073,12936854
2001-12-14,0.0073,0.0073,0.0073,0.0073,47036206
2001-12-20,0.0073,0.0073,0.0073,0.0073,8490810
2001-12-21,0.0073,0.0073,0.0073,0.0073,1226416
2001-12-24,0.0073,0.0073,0.0073,0.0073,6104312
2001-12-25,0.0073,0.0073,0.0073,0.0073,7121743
2001-12-26,0.0073,0.0073,0.0073,0.0073,17631173
2001-12-27,0.0073,0.0073,0.0073,0.0073,9280488
2002-01-07,0.009,0.009,0.0073,0.009,13431538
2002-01-08,0.009,0.009,0.009,0.009,8524701
2002-01-09,0.009,0.009,0.009,0.009,19395674
2002-01-10,0.009,0.009,0.009,0.009,24511705
2002-01-11,0.009,0.009,0.009,0.009,23637022
2002-01-14,0.009,0.009,0.009,0.009,6497291
2002-01-15,0.009,0.009,0.0073,0.009,1509923
2002-01-16,0.0073,0.009,0.0073,0.0073,12241640
2002-01-17,0.0073,0.0073,0.0073,0.0073,20163364
2002-01-18,0.0073,0.0073,0.0073,0.0073,21011214
2002-01-21,0.0073,0.0073,0.0073,0.0073,11111879
2002-01-22,0.0073,0.0073,0.0073,0.0073,8456258
2002-01-23,0.0073,0.0073,0.0073,0.0073,9974185
2002-01-24,0.0073,0.0073,0.0073,0.0073,15874786
2002-01-25,0.0073,0.0073,0.0073,0.0073,1228518
2002-01-28,0.0073,0.0073,0.0073,0.0073,22134742
2002-01-29,0.0073,0.0073,0.0073,0.0073,8191278
2002-01-30,0.0073,0.0073,0.0073,0.0073,9596300
2002-01-31,0.0073,0.0073,0.0073,0.0073,4759463
2002-02-01,0.0073,0.009,0.0073,0.0073,46347329
2002-02-04,0.0073,0.009,0.0073,0.0073,9527313
2002-02-05,0.0073,0.0073,0.0073,0.0073,25595655
2002-02-06,0.0073,0.0073,0.0073,0.0073,5494841
2002-02-07,0.0073,0.0073,0.0073,0.0073,3660644
2002-02-08,0.0073,0.0073,0.0068,0.0073,30580352
2002-02-11,0.0073,0.0073,0.0073,0.0073,6278733
2002-02-12,0.0073,0.0073,0.0073,0.0073,8025432
2002-02-13,0.0073,0.0073,0.0073,0.0073,19981897
2002-02-14,0.0073,0.0073,0.0073,0.0073,5509651
2002-02-15,0.0073,0.0073,0.0073,0.0073,13923422
2002-02-18,0.0073,0.0073,0.0073,0.0073,5505642
2002-02-19,0.0073,0.0073,0.0073,0.0073,5496259
2002-02-20,0.0073,0.0073,0.0073,0.0073,2385852
2002-02-21,0.0073,0.0073,0.0073,0.0073,14901622
2002-02-27,0.0073,0.0073,0.0068,0.0073,4965839
2002-02-28,0.0073,0.0073,0.0068,0.0073,1386114
2002-03-01,0.0073,0.0073,0.0073,0.0073,18236924
2002-03-04,0.0073,0.0073,0.0073,0.0073,17131771
2002-03-05,0.0073,0.0073,0.0073,0.0073,4937824
2002-03-06,0.0073,0.0073,0.0073,0.0073,1620645
2002-03-07,0.0073,0.0073,0.0073,0.0073,5680445
2002-03-08,0.0073,0.0073,0.0073,0.0073,7525560
2002-03-11,0.0073,0.0073,0.0073,0.0073,2360393
2002-03-12,0.0073,0.0073,0.0068,0.0073,9618247
2002-03-13,0.0068,0.0073,0.0068,0.0068,2669621
2002-03-14,0.0068,0.0073,0.0068,0.0068,5948904
2002-03-15,0.0068,0.0068,0.0068,0.0068,2198828
2002-03-18,0.0068,0.0068,0.0068,0.0068,3543130
2002-03-19,0.0068,0.0068,0.0068,0.0068,4708256
2002-03-20,0.0073,0.0073,0.0068,0.0073,16703742
2002-03-21,0.0073,0.0073,0.0073,0.0073,798681
2002-03-22,0.0073,0.0073,0.0073,0.0073,15041681
2002-03-25,0.0073,0.0073,0.0073,0.0073,5408597
2002-03-26,0.0073,0.0073,0.0073,0.0073,15707402
2002-03-27,0.0073,0.0073,0.0073,0.0073,5824289
2002-03-28,0.0073,0.0073,0.0073,0.0073,1184446
2002-03-29,0.0073,0.0073,0.0073,0.0073,9809138
2002-04-01,0.0073,0.0073,0.0073,0.0073,4847450
2002-04-02,0.0073,0.0073,0.0073,0.0073,6362343
2002-04-03,0.0073,0.0073,0.0073,0.0073,40851974
2002-04-04,0.0073,0.0073,0.0073,0.0073,14386659
2002-04-05,0.0073,0.0073,0.0073,0.0073,7998779
2002-04-08,0.0073,0.0073,0.0073,0.0073,17640468
2002-04-09,0.0073,0.0073,0.0073,0.0073,10819836
2002-04-10,0.0073,0.0073,0.0073,0.0073,28173929
2002-04-11,0.0073,0.0073,0.0073,0.0073,24734176
2002-04-12,0.0073,0.0073,0.0073,0.0073,9195549
2002-04-15,0.009,0.009,0.0073,0.009,33349278
2002-04-16,0.009,0.009,0.0073,0.009,32459804
2002-04-17,0.0073,0.009,0.0073,0.0073,7249517
2002-04-18,0.0073,0.009,0.0073,0.0073,13447215
2002-04-19,0.009,0.009,0.0073,0.009,19517502
2002-04-22,0.0073,0.0073,0.0073,0.0073,17290333
2002-04-24,0.0073,0.0073,0.0073,0.0073,8387749
2002-04-25,0.0073,0.0073,0.0073,0.0073,5145071
2002-04-26,0.0073,0.0073,0.0073,0.0073,7622476
2002-04-29,0.0073,0.0073,0.0073,0.0073,16801775
2002-04-30,0.0073,0.0073,0.0073,0.0073,11750257
2002-05-01,0.0073,0.0073,0.0073,0.0073,6785361
2002-05-02,0.0073,0.0073,0.0073,0.0073,13721899
2002-05-03,0.0073,0.0073,0.0073,0.0073,5035668
2002-05-06,0.0073,0.0073,0.0073,0.0073,1006063
2002-05-07,0.0073,0.0073,0.0073,0.0073,12928999
2002-05-08,0.0073,0.0073,0.0073,0.0073,13092050
2002-05-09,0.0073,0.0073,0.0073,0.0073,32311290
2002-05-10,0.0073,0.0073,0.0073,0.0073,11758703
2002-05-14,0.0073,0.0073,0.0073,0.0073,4661197
2002-05-15,0.0073,0.0073,0.0073,0.0073,1247469
2002-05-16,0.0073,0.0073,0.0073,0.0073,10543057
2002-05-17,0.0068,0.0073,0.0068,0.0068,15540788
2002-05-20,0.0068,0.0073,0.0068,0.0068,9892042
2002-05-21,0.0073,0.0073,0.0068,0.0073,3378881
2002-05-22,0.0068,0.0073,0.0068,0.0068,8240752
2002-05-23,0.0068,0.0068,0.0068,0.0068,8020902
2002-05-24,0.0068,0.0068,0.0068,0.0068,4770465
2002-05-27,0.0073,0.0073,0.0068,0.0073,7723326
2002-05-28,0.0068,0.0073,0.0068,0.0068,11867293
2002-05-29,0.0068,0.0068,0.0068,0.0068,12753384
2002-05-30,0.0068,0.0068,0.0068,0.0068,712660
2002-05-31,0.0068,0.0068,0.0068,0.0068,9191270
2002-06-03,0.0068,0.0068,0.0068,0.0068,12795145
2002-06-04,0.0068,0.0068,0.0068,0.0068,9814079
2002-06-05,0.0068,0.0068,0.0068,0.0068,7331357
2002-06-06,0.0068,0.0068,0.0068,0.0068,13825380
2002-06-07,0.0068,0.0068,0.0068,0.0068,33798139
2002-06-10,0.0068,0.0068,0.0055,0.0068,18795566
2002-06-11,0.0055,0.0068,0.0055,0.0055,17710857
2002-06-12,0.0055,0.0068,0.0055,0.0055,31503443
2002-06-13,0.0068,0.0068,0.0055,0.0068,23860682
2002-06-14,0.0055,0.0068,0.0055,0.0055,8534035
2002-06-17,0.0055,0.0055,0.0055,0.0055,15018636
2002-06-18,0.0055,0.0055,0.0055,0.0055,21507275
2002-06-20,0.0055,0.0055,0.0055,0.0055,28237312
2002-06-21,0.0055,0.0055,0.0055,0.0055,26174987
2002-06-24,0.0055,0.0055,0.0055,0.0055,10943853
2002-06-25,0.0055,0.0055,0.0055,0.0055,31107635
2002-06-26,0.0055,0.0055,0.0055,0.0055,16776895
2002-06-27,0.0055,0.0055,0.0055,0.0055,43536668
2002-06-28,0.0055,0.0055,0.0055,0.0055,34355990
2002-07-01,0.0055,0.0055,0.0055,0.0055,43823169
2002-07-02,0.0055,0.0055,0.0055,0.0055,18911254
2002-07-03,0.0023,0.0055,0.0023,0.0023,52836336
2002-07-04,0.0023,0.0023,0.0023,0.0023,18000956
2002-07-05,0.0055,0.0055,0.0023,0.0055,39681343
2002-07-08,0.0023,0.0023,0.0023,0.0023,41845994
2002-07-09,0.0023,0.0023,0.0023,0.0023,44660416
2002-07-16,0.0023,0.0023,0.0023,0.0023,33590654
2002-07-22,0.0023,0.0055,0.0023,0.0023,22593578
2002-07-23,0.0023,0.0055,0.0023,0.0023,44985045
2002-07-24,0.0023,0.0023,0.0023,0.0023,38459479
2002-07-25,0.0023,0.0023,0.0023,0.0023,56381773
2002-07-26,0.0023,0.0023,0.0023,0.0023,26467119
2002-07-29,0.0023,0.0023,0.0023,0.0023,20256106
2002-07-30,0.0023,0.0055,0.0023,0.0023,51473837
2002-07-31,0.0023,0.0023,0.0023,0.0023,15168863
2002-08-01,0.0055,0.0055,0.0023,0.0055,25903885
2002-08-02,0.0055,0.0055,0.0055,0.0055,17466609
2002-08-08,0.0055,0.0055,0.0055,0.0055,58750258
2002-08-09,0.0055,0.0055,0.0055,0.0055,19480443
2002-08-12,0.0055,0.0055,0.0055,0.0055,47256363
2002-08-13,0.0055,0.0055,0.0055,0.0055,19738169
2002-08-14,0.0055,0.0055,0.0055,0.0055,8484908
2002-08-15,0.0055,0.0055,0.0023,0.0055,40648951
2002-08-16,0.0055,0.0055,0.0055,0.0055,32870371
2002-08-19,0.0055,0.0055,0.0055,0.0055,30044606
2002-08-20,0.0055,0.0055,0.0023,0.0055,24224920
2002-08-21,0.0023,0.0055,0.0023,0.0023,13629203
2002-08-22,0.0023,0.0055,0.0023,0.0023,50797963
2002-08-23,0.0023,0.0023,0.0023,0.0023,30725998
2002-08-26,0.0023,0.0023,0.0023,0.0023,19002015
2002-08-27,0.0023,0.0023,0.0023,0.0023,9550719
2002-08-28,0.0023,0.0023,0.0023,0.0023,24273942
2002-09-02,0.0023,0.0023,0.0023,0.0023,22142037
2002-09-03,0.0023,0.0023,0.0023,0.0023,20271035
2002-09-04,0.0023,0.0023,0.0023,0.0023,25899873
2002-09-05,0.0023,0.0023,0.0023,0.0023,15989731
2002-09-06,0.0023,0.0023,0.0023,0.0023,16723480
2002-09-09,0.0023,0.0055,0.0023,0.0023,50558354
2002-09-10,0.0023,0.0023,0.0023,0.0023,26554291
2002-09-11,0.0023,0.0023,0.0023,0.0023,64449469
2002-09-13,0.0023,0.0023,0.0023,0.0023,18284909
2002-09-16,0.0023,0.0023,0.0023,0.0023,26795057
2002-09-17,0.0023,0.0023,0.0023,0.0023,17202450
2002-09-18,0.0023,0.0023,0.0023,0.0023,45461386
2002-09-19,0.0023,0.0023,0.0023,0.0023,4198628
2002-09-20,0.0023,0.0023,0.0023,0.0023,9357075
2002-09-23,0.0023,0.0023,0.0023,0.0023,56783576
2002-09-25,0.0023,0.0023,0.0023,0.0023,18178164
2002-09-26,0.0023,0.0023,0.0023,0.0023,10046681
2002-09-27,0.0023,0.0023,0.0023,0.0023,13378241
2002-09-30,0.0023,0.0023,0.0023,0.0023,35147533
2002-10-01,0.0023,0.0023,0.0023,0.0023,20269864
2002-10-02,0.0023,0.0023,0.0023,0.0023,33929119
2002-10-03,0.0023,0.0023,0.0023,0.0023,26240336
2002-10-04,0.0023,0.0023,0.0023,0.0023,10461550
2002-10-07,0.0023,0.0023,0.0023,0.0023,5419081
2002-10-08,0.0023,0.0023,0.0023,0.0023,11862745
2002-10-10,0.0023,0.0023,0.0023,0.0023,26676856
2002-10-11,0.0023,0.0023,0.0023,0.0023,19705160
2002-10-14,0.0023,0.0023,0.0023,0.0023,22680074
2002-10-15,0.0023,0.0023,0.0023,0.0023,31956227
2002-10-16,0.0023,0.0023,0.0023,0.0023,43491473
2002-10-18,0.0055,0.0055,0.0023,0.0055,35610308
2002-10-21,0.0055,0.0055,0.0023,0.0055,2073384
2002-10-23,0.0055,0.0055,0.0055,0.0055,38245845
2002-10-30,0.0055,0.0055,0.0055,0.0055,59781749
2002-10-31,0.0055,0.0055,0.0055,0.0055,35091532
2002-11-01,0.0055,0.0055,0.0055,0.0055,13443923
2002-11-05,0.0055,0.0055,0.0055,0.0055,48041692
2002-11-06,0.0068,0.0068,0.0055,0.0068,58157329
2002-11-07,0.0068,0.0068,0.0055,0.0068,6785489
2002-11-13,0.0068,0.0068,0.0068,0.0068,53261885
2002-11-14,0.0068,0.0068,0.0068,0.0068,15706019
2002-11-18,0.0068,0.0073,0.0068,0.0068,9091192
2002-11-19,0.0068,0.0068,0.0068,0.0068,42263798
2002-11-20,0.0068,0.0068,0.0068,0.0068,22108360
2002-11-21,0.0068,0.0068,0.0068,0.0068,14902837
2002-11-22,0.0068,0.0068,0.0068,0.0068,62873840
2002-11-25,0.0068,0.0068,0.0068,0.0068,64346255
2002-11-26,0.0068,0.0068,0.0068,0.0068,37641811
2002-11-27,0.0068,0.0068,0.0068,0.0068,43824464
2002-11-29,0.0068,0.0068,0.0068,0.0068,42702095
2002-12-03,0.0068,0.0068,0.0068,0.0068,40426456
2002-12-04,0.0068,0.0068,0.0068,0.0068,36063706
2002-12-09,0.0068,0.0068,0.0068,0.0068,25943801
2002-12-10,0.0068,0.0068,0.0068,0.0068,43513620
2002-12-12,0.0068,0.0068,0.0068,0.0068,6857697
2002-12-13,0.0068,0.0068,0.0068,0.0068,51485262
2002-12-16,0.0068,0.0068,0.0068,0.0068,50152579
2002-12-17,0.0055,0.0068,0.0055,0.0055,42923201
2002-12-19,0.0055,0.0055,0.0055,0.0055,19587383
2002-12-23,0.0055,0.0055,0.0055,0.0055,53839891
2002-12-24,0.0055,0.0055,0.0055,0.0055,57065137
2002-12-25,0.0055,0.0055,0.0055,0.0055,48074737
2002-12-26,0.0055,0.0055,0.0055,0.0055,38719620
2002-12-27,0.0055,0.0055,0.0055,0.0055,44933358
2002-12-30,0.0055,0.0055,0.0055,0.0055,57542900
2002-12-31,0.0055,0.0055,0.0055,0.0055,16513117
2003-01-02,0.0055,0.0055,0.0055,0.0055,14679303
2003-01-03,0.0055,0.0055,0.0055,0.0055,32940616
2003-01-06,0.0055,0.0055,0.0055,0.0055,22200226
2003-01-07,0.0055,0.0055,0.0055,0.0055,55218106
2003-01-08,0.0055,0.0055,0.0055,0.0055,28027875
2003-01-09,0.0055,0.0055,0.0055,0.0055,23176582
2003-01-10,0.0055,0.0055,0.0055,0.0055,23291634
2003-01-13,0.0055,0.0055,0.0055,0.0055,6939612
2003-01-14,0.0055,0.0055,0.0055,0.0055,40453285
2003-01-15,0.0055,0.0055,0.0055,0.0055,31896939
2003-01-16,0.0055,0.0055,0.0055,0.0055,58073370
2003-01-17,0.0055,0.0055,0.0055,0.0055,14246053
2003-01-20,0.0055,0.0055,0.0055,0.0055,15784040
2003-01-21,0.0055,0.0055,0.0055,0.0055,43220076
2003-01-22,0.0055,0.0055,0.0055,0.0055,40972037
2003-01-23,0.0055,0.0055,0.0055,0.0055,903955
2003-01-24,0.0055,0.0055,0.0055,0.0055,5925128
2003-01-27,0.0055,0.0055,0.0055,0.0055,41158174
2003-01-28,0.0055,0.0055,0.0055,0.0055,61262209
2003-01-29,0.0055,0.0055,0.0055,0.0055,28485129
2003-01-30,0.0055,0.0055,0.0055,0.0055,10103485
2003-01-31,0.0055,0.0055,0.0055,0.0055,21723180
2003-02-03,0.0055,0.0055,0.0055,0.0055,20772640
2003-02-04,0.0055,0.0055,0.0055,0.0055,37107273
2003-02-05,0.0055,0.0055,0.0055,0.0055,14249862
2003-02-06,0.0055,0.0055,0.0055,0.0055,25183096
2003-02-07,0.0055,0.0055,0.0055,0.0055,115976824
2003-02-17,0.0055,0.0055,0.0055,0.0055,40586258
2003-02-18,0.0055,0.0055,0.0055,0.0055,37965570
2003-02-19,0.0055,0.0055,0.0055,0.0055,33311224
2003-02-20,0.0055,0.0068,0.0055,0.0055,30106954
2003-02-21,0.0068,0.0068,0.0055,0.0068,64971582
2003-02-24,0.0055,0.0068,0.0055,0.0055,27780403
2003-02-25,0.0055,0.0055,0.0055,0.0055,32448622
2003-02-26,0.0055,0.0068,0.0055,0.0055,24943657
2003-02-27,0.0055,0.0055,0.0055,0.0055,8143058
2003-02-28,0.0055,0.0068,0.0055,0.0055,29021682
2003-03-03,0.0055,0.0055,0.0055,0.0055,70837779
2003-03-04,0.0055,0.0055,0.0055,0.0055,68903236
2003-03-05,0.0055,0.0055,0.0055,0.0055,69007530
2003-03-06,0.0055,0.0055,0.0055,0.0055,36100665
2003-03-07,0.0055,0.0055,0.0055,0.0055,10138569
2003-03-10,0.0055,0.0055,0.0055,0.0055,35722083
2003-03-11,0.0055,0.0055,0.0055,0.0055,31172428
2003-03-12,0.0055,0.0055,0.0055,0.0055,6826823
2003-03-13,0.0055,0.0055,0.0055,0.0055,27537228
2003-03-14,0.0055,0.0055,0.0055,0.0055,7147708
2003-03-17,0.0055,0.0055,0.0055,0.0055,45150807
2003-03-18,0.0055,0.0055,0.0055,0.0055,40642539
2003-03-19,0.0055,0.0055,0.0055,0.0055,82996782
2003-03-20,0.0055,0.0055,0.0055,0.0055,70273325
2003-03-21,0.0055,0.0055,0.0055,0.0055,45713046
2003-03-24,0.0023,0.0055,0.0023,0.0023,33011559
2003-03-25,0.0055,0.0055,0.0023,0.0055,77289029
2003-03-26,0.0055,0.0055,0.0055,0.0055,76633512
2003-03-27,0.0055,0.0055,0.0055,0.0055,14210268
2003-03-28,0.0055,0.0055,0.0055,0.0055,9078469
2003-03-31,0.0055,0.0055,0.0055,0.0055,55262444
2003-04-01,0.0055,0.0055,0.0055,0.0055,43712135
2003-04-02,0.0055,0.0055,0.0055,0.0055,122543346
2003-04-03,0.0055,0.0055,0.0055,0.0055,56361460
2003-04-04,0.0055,0.0055,0.0055,0.0055,260402212
2003-04-07,0.0055,0.0055,0.0055,0.0055,126646890
2003-04-08,0.0055,0.0055,0.0055,0.0055,65666001
2003-04-09,0.0055,0.0055,0.0055,0.0055,47427309
2003-04-10,0.0055,0.0055,0.0055,0.0055,173964280
2003-04-11,0.0055,0.0055,0.0055,0.0055,99630769
2003-04-14,0.0055,0.0055,0.0055,0.0055,86106920
2003-04-15,0.0055,0.0055,0.0055,0.0055,265555595
2003-04-16,0.0055,0.0055,0.0055,0.0055,132401300
2003-04-17,0.0055,0.0055,0.0055,0.0055,83462092
2003-04-18,0.0055,0.0055,0.0055,0.0055,59271298
2003-04-21,0.0055,0.0055,0.0055,0.0055,141324871
2003-04-22,0.0055,0.0055,0.0055,0.0055,210900586
2003-04-24,0.0055,0.0055,0.0055,0.0055,86937472
2003-04-25,0.0055,0.0055,0.0055,0.0055,115658641
2003-04-28,0.0055,0.0055,0.0055,0.0055,103717075
2003-04-29,0.0055,0.0055,0.0055,0.0055,25336506
2003-04-30,0.0055,0.0055,0.0055,0.0055,85774828
2003-05-01,0.0055,0.0055,0.0055,0.0055,71563174
2003-05-02,0.0055,0.0055,0.0055,0.0055,16855298
2003-05-05,0.0055,0.0055,0.0055,0.0055,39193888
2003-05-06,0.0055,0.0055,0.0055,0.0055,59848725
2003-05-07,0.0055,0.0055,0.0055,0.0055,136692738
2003-05-08,0.0055,0.0055,0.0055,0.0055,113728076
2003-05-09,0.0055,0.0055,0.0055,0.0055,39950951
2003-05-12,0.0055,0.0055,0.0055,0.0055,89417472
2003-05-13,0.0055,0.0055,0.0055,0.0055,168259673
2003-05-14,0.0055,0.0055,0.0055,0.0055,58752053
2003-05-15,0.0055,0.0055,0.0055,0.0055,63903749
2003-05-16,0.0055,0.0055,0.0055,0.0055,78004217
2003-05-20,0.0055,0.0055,0.0055,0.0055,16626330
2003-05-21,0.0055,0.0055,0.0055,0.0055,87398711
2003-05-22,0.0055,0.0055,0.0055,0.0055,113366874
2003-05-23,0.0055,0.0055,0.0055,0.0055,106031815
2003-05-26,0.0055,0.0055,0.0055,0.0055,115279368
2003-05-27,0.0055,0.0055,0.0055,0.0055,89605613
2003-05-28,0.0055,0.0055,0.0055,0.0055,105368989
2003-05-29,0.0055,0.0055,0.0055,0.0055,189700427
2003-05-30,0.0055,0.0055,0.0055,0.0055,98553114
2003-06-02,0.0055,0.0055,0.0055,0.0055,81779864
2003-06-03,0.0055,0.0055,0.0055,0.0055,179071222
2003-06-04,0.0055,0.0055,0.0055,0.0055,135681847
2003-06-05,0.0055,0.0055,0.0055,0.0055,42042328
2003-06-06,0.0055,0.0055,0.0055,0.0055,64316607
2003-06-09,0.0055,0.0055,0.0055,0.0055,65102673
2003-06-10,0.0055,0.0055,0.0055,0.0055,49689918
2003-06-11,0.0055,0.0055,0.0055,0.0055,46516776
2003-06-12,0.0055,0.0055,0.0055,0.0055,30579573
2003-06-13,0.0055,0.0055,0.0055,0.0055,42797627
2003-06-16,0.0055,0.0055,0.0055,0.0055,44648812
2003-06-17,0.0055,0.0055,0.0055,0.0055,152629145
2003-06-18,0.0055,0.0055,0.0055,0.0055,82834144
2003-06-19,0.0055,0.0055,0.0055,0.0055,105769972
2003-06-20,0.0055,0.0055,0.0055,0.0055,58708189
2003-06-23,0.0055,0.0055,0.0055,0.0055,24591656
2003-06-24,0.0055,0.0055,0.0055,0.0055,44492403
2003-06-25,0.0055,0.0055,0.0055,0.0055,22307934
2003-06-26,0.0055,0.0055,0.0055,0.0055,50253743
2003-06-27,0.0055,0.0055,0.0055,0.0055,126373328
2003-06-30,0.0055,0.0055,0.0055,0.0055,76084693
2003-07-01,0.0055,0.0055,0.0055,0.0055,121520674
2003-07-02,0.0055,0.0055,0.0055,0.0055,18965843
2003-07-03,0.0055,0.0055,0.0055,0.0055,53892081
2003-07-04,0.0055,0.0055,0.0055,0.0055,33476709
2003-07-07,0.0055,0.0055,0.0055,0.0055,76367475
2003-07-08,0.0055,0.0055,0.0055,0.0055,63164695
2003-07-09,0.0055,0.0055,0.0055,0.0055,50080990
2003-07-10,0.0055,0.0055,0.0055,0.0055,28288749
2003-07-11,0.0055,0.0055,0.0055,0.0055,79270321
2003-07-14,0.0055,0.0055,0.0055,0.0055,130591064
2003-07-15,0.0055,0.0055,0.0055,0.0055,50883591
2003-07-16,0.0055,0.0055,0.0055,0.0055,170488037
2003-07-17,0.0055,0.0055,0.0055,0.0055,43945650
2003-07-18,0.0055,0.0055,0.0055,0.0055,69858651
2003-07-21,0.0055,0.0055,0.0055,0.0055,84251167
2003-07-22,0.0055,0.0055,0.0055,0.0055,26990745
2003-07-23,0.0055,0.0055,0.0055,0.0055,51344318
2003-07-24,0.0055,0.0055,0.0055,0.0055,46998991
2003-07-25,0.0055,0.0055,0.0055,0.0055,40717719
2003-07-28,0.0055,0.0055,0.0055,0.0055,45624776
2003-07-29,0.0055,0.0055,0.0055,0.0055,60061564
2003-07-30,0.0055,0.0055,0.0055,0.0055,37591021
2003-07-31,0.0055,0.0055,0.0055,0.0055,14189859
2003-08-01,0.0055,0.0055,0.0055,0.0055,15356882
2003-08-04,0.0055,0.0055,0.0055,0.0055,126046911
2003-08-05,0.0055,0.0055,0.0055,0.0055,387994277
2003-08-06,0.0055,0.0055,0.0055,0.0055,230595833
2003-08-07,0.0055,0.0055,0.0055,0.0055,251303821
2003-08-08,0.0055,0.0055,0.0055,0.0055,83757240
2003-08-11,0.0055,0.0068,0.0055,0.0055,42319445
2003-08-12,0.0055,0.0068,0.0055,0.0055,129758107
2003-08-13,0.0068,0.0068,0.0068,0.0068,160210536
2003-08-14,0.0068,0.0068,0.0055,0.0068,37980680
2003-08-15,0.0068,0.0068,0.0055,0.0068,55890899
2003-08-18,0.0068,0.0068,0.0055,0.0068,53963239
2003-08-19,0.0068,0.0068,0.0055,0.0068,70647263
2003-08-20,0.0055,0.0068,0.0055,0.0055,15940234
2003-08-21,0.0068,0.0068,0.0055,0.0068,32374559
2003-08-22,0.0068,0.0068,0.0068,0.0068,167110259
2003-08-25,0.0068,0.0068,0.0068,0.0068,120052121
2003-08-26,0.0068,0.0068,0.0068,0.0068,44952403
2003-08-27,0.0055,0.0068,0.0055,0.0055,47100506
2003-08-28,0.0055,0.0055,0.0055,0.0055,71095829
2003-08-29,0.0055,0.0068,0.0055,0.0055,83801276
2003-09-01,0.0055,0.0055,0.0055,0.0055,32869042
2003-09-02,0.0068,0.0068,0.0055,0.0068,131245934
2003-09-03,0.0055,0.0068,0.0055,0.0055,10123491
2003-09-04,0.0068,0.0068,0.0055,0.0068,71185998
2003-09-05,0.0068,0.0068,0.0055,0.0068,11145752
2003-09-08,0.0068,0.0068,0.0068,0.0068,19351272
2003-09-09,0.0068,0.0068,0.0055,0.0068,422995424
2003-09-10,0.0068,0.0068,0.0068,0.0068,249674048
2003-09-11,0.0068,0.0068,0.0068,0.0068,42822806
2003-09-12,0.0068,0.0068,0.0068,0.0068,140039864
2003-09-15,0.0068,0.0068,0.0068,0.0068,77303091
2003-09-16,0.0068,0.0068,0.0068,0.0068,69645870
2003-09-17,0.0068,0.0068,0.0068,0.0068,213387555
2003-09-18,0.0068,0.0068,0.0068,0.0068,193735357
2003-09-19,0.0068,0.0068,0.0068,0.0068,188943423
2003-09-22,0.0073,0.0073,0.0068,0.0073,213710179
2003-09-23,0.0073,0.0073,0.0068,0.0073,73053345
2003-09-24,0.0073,0.0073,0.0068,0.0073,115060266
2003-09-25,0.0073,0.0073,0.0068,0.0073,68350871
2003-09-26,0.0068,0.0073,0.0068,0.0068,252328281
2003-09-29,0.0068,0.0068,0.0068,0.0068,63140528
2003-09-30,0.0068,0.0068,0.0068,0.0068,69437469
2003-10-01,0.0068,0.0068,0.0068,0.0068,48274433
2003-10-02,0.0073,0.0073,0.0068,0.0073,134405936
2003-10-03,0.0073,0.0073,0.0073,0.0073,403181544
2003-10-06,0.0073,0.0073,0.0073,0.0073,586591016
2003-10-07,0.0073,0.009,0.0073,0.0073,560745618
2003-10-08,0.0073,0.0073,0.0073,0.0073,282626429
2003-10-09,0.0073,0.0073,0.0073,0.0073,196417159
2003-10-10,0.0073,0.0073,0.0073,0.0073,135215303
2003-10-13,0.0073,0.0073,0.0073,0.0073,159357534
2003-10-14,0.0073,0.0073,0.0073,0.0073,143490789
2003-10-15,0.0073,0.0073,0.0073,0.0073,142707110
2003-10-16,0.0073,0.0073,0.0073,0.0073,127255318
2003-10-17,0.0073,0.0073,0.0073,0.0073,96757903
2003-10-20,0.0073,0.0073,0.0073,0.0073,56376568
2003-10-21,0.0073,0.0073,0.0073,0.0073,111564502
2003-10-22,0.0073,0.0073,0.0073,0.0073,122231336
2003-10-23,0.0073,0.0073,0.0073,0.0073,83468660
2003-10-24,0.0073,0.0073,0.0073,0.0073,44044621
2003-10-27,0.0068,0.0073,0.0068,0.0068,56548510
2003-10-28,0.0068,0.0068,0.0068,0.0068,100952597
2003-10-30,0.0073,0.0073,0.0068,0.0073,55663958
2003-10-31,0.0073,0.0073,0.0073,0.0073,140285764
2003-11-03,0.0073,0.0073,0.0073,0.0073,193661470
2003-11-04,0.0073,0.0073,0.0073,0.0073,156693371
2003-11-05,0.0073,0.0073,0.0073,0.0073,33380816
2003-11-06,0.0073,0.0073,0.0073,0.0073,125143705
2003-11-07,0.0073,0.0073,0.0073,0.0073,70482929
2003-11-10,0.0073,0.0073,0.0073,0.0073,56060003
2003-11-11,0.0073,0.0073,0.0073,0.0073,19104277
2003-11-12,0.0073,0.0073,0.0068,0.0073,51437235
2003-11-13,0.0073,0.0073,0.0073,0.0073,157094200
2003-11-14,0.0073,0.0073,0.0073,0.0073,121502388
2003-11-17,0.0073,0.0073,0.0073,0.0073,154733110
2003-11-18,0.0073,0.0073,0.0073,0.0073,58022216
2003-11-19,0.0073,0.0073,0.0073,0.0073,31691152
2003-11-20,0.0073,0.0073,0.0073,0.0073,267748465
2003-12-01,0.0073,0.0073,0.0073,0.0073,107941317
2003-12-02,0.009,0.009,0.0073,0.009,58660579
2003-12-03,0.0073,0.009,0.0073,0.0073,40985649
2003-12-04,0.0073,0.009,0.0073,0.0073,112113321
2003-12-05,0.009,0.009,0.0073,0.009,31946338
2003-12-08,0.009,0.009,0.009,0.009,110435718
2003-12-09,0.009,0.009,0.009,0.009,79151750
2003-12-10,0.009,0.009,0.009,0.009,53347250
2003-12-11,0.009,0.009,0.009,0.009,17630028
2003-12-12,0.009,0.009,0.009,0.009,41564442
2003-12-15,0.009,0.009,0.009,0.009,238498414
2003-12-16,0.009,0.009,0.009,0.009,89399308
2003-12-17,0.009,0.009,0.009,0.009,17154002
2003-12-18,0.009,0.009,0.009,0.009,30843202
2003-12-19,0.009,0.009,0.009,0.009,88315825
2003-12-22,0.009,0.009,0.009,0.009,10343206
2003-12-23,0.009,0.009,0.009,0.009,34580686
2003-12-24,0.009,0.009,0.009,0.009,38622913
2003-12-25,0.009,0.009,0.009,0.009,36412527
2003-12-26,0.009,0.009,0.009,0.009,17776690
2003-12-29,0.0055,0.0068,0.0055,0.0055,12278157
2003-12-30,0.0068,0.0068,0.0055,0.0068,39553960
2003-12-31,0.0068,0.0068,0.0068,0.0068,132309112
2004-01-02,0.0068,0.0068,0.0068,0.0068,108233039
2004-01-05,0.0068,0.0068,0.0068,0.0068,286341327
2004-01-06,0.0068,0.0068,0.0068,0.0068,263892872
2004-01-07,0.0068,0.0068,0.0068,0.0068,227685890
2004-01-08,0.0068,0.0068,0.0068,0.0068,153151711
2004-01-09,0.0068,0.0068,0.0068,0.0068,312800437
2004-01-12,0.0068,0.0068,0.0068,0.0068,196473742
2004-01-13,0.0068,0.0068,0.0068,0.0068,73517972
2004-01-14,0.0068,0.0068,0.0068,0.0068,105701210
2004-01-15,0.0068,0.0068,0.0068,0.0068,172899693
2004-01-19,0.0055,0.0068,0.0055,0.0055,166474830
2004-01-20,0.0068,0.0068,0.0055,0.0068,168771995
2004-01-21,0.0068,0.0068,0.0068,0.0068,164029960
2004-01-22,0.0068,0.0068,0.0068,0.0068,84139182
2004-01-26,0.0068,0.0068,0.0055,0.0068,120157230
2004-01-27,0.0055,0.0068,0.0055,0.0055,157367699
2004-01-28,0.0055,0.0068,0.0055,0.0055,111882525
2004-01-29,0.0055,0.0068,0.0055,0.0055,201138822
2004-01-30,0.0055,0.0055,0.0055,0.0055,123002903
2004-02-05,0.0055,0.0055,0.0055,0.0055,64204316
2004-02-06,0.0055,0.0055,0.0055,0.0055,138101031
2004-02-09,0.0055,0.0068,0.0055,0.0055,312800437
2004-02-10,0.0068,0.0068,0.0055,0.0068,259961589
2004-02-11,0.0068,0.0068,0.0068,0.0068,221280056
2004-02-12,0.0068,0.0068,0.0068,0.0068,260451663
2004-02-13,0.0068,0.0068,0.0068,0.0068,137979923
2004-02-16,0.0068,0.0068,0.0068,0.0068,247094552
2004-02-17,0.0068,0.0068,0.0068,0.0068,247658041
2004-02-18,0.0068,0.0068,0.0068,0.0068,195608183
2004-02-19,0.0068,0.0068,0.0068,0.0068,336999844
2004-02-20,0.0068,0.0068,0.0068,0.0068,269937783
2004-02-23,0.0068,0.0068,0.0068,0.0068,120843010
2004-02-24,0.0068,0.0068,0.0068,0.0068,173032838
2004-02-25,0.0068,0.0068,0.0068,0.0068,143010754
2004-02-26,0.0068,0.0068,0.0068,0.0068,118457406
2004-02-27,0.0068,0.0068,0.0068,0.0068,147406802
2004-03-01,0.0068,0.0068,0.0068,0.0068,60647241
2004-03-02,0.0068,0.0068,0.0068,0.0068,136749305
2004-03-03,0.0068,0.0068,0.0068,0.0068,99139487
2004-03-04,0.0068,0.0068,0.0068,0.0068,110914448
2004-03-05,0.0068,0.0068,0.0068,0.0068,40420658
2004-03-08,0.0068,0.0068,0.0068,0.0068,132341106
2004-03-09,0.0068,0.0068,0.0068,0.0068,264404498
2004-03-10,0.0068,0.0068,0.0068,0.0068,121631956
2004-03-11,0.0068,0.0068,0.0068,0.0068,148196020
2004-03-12,0.0068,0.0068,0.0068,0.0068,110725217
2004-03-15,0.0068,0.0068,0.0068,0.0068,67797018
2004-03-16,0.0068,0.0068,0.0068,0.0068,52142109
2004-03-17,0.0068,0.0068,0.0068,0.0068,47448139
2004-03-18,0.0068,0.0068,0.0068,0.0068,91766654
2004-03-19,0.0068,0.0068,0.0068,0.0068,151687270
2004-03-22,0.0068,0.0068,0.0068,0.0068,185380417
2004-03-23,0.0068,0.0068,0.0068,0.0068,123159045
2004-03-24,0.0068,0.0068,0.0068,0.0068,136779337
2004-03-25,0.0068,0.0068,0.0068,0.0068,179048681
2004-03-26,0.0068,0.0068,0.0068,0.0068,159347393
2004-03-29,0.0068,0.0068,0.0068,0.0068,278945725
2004-03-30,0.0068,0.0068,0.0068,0.0068,187650844
2004-03-31,0.0068,0.0068,0.0068,0.0068,202978064
2004-04-01,0.0068,0.0068,0.0068,0.0068,66271848
2004-04-02,0.0068,0.0068,0.0068,0.0068,82757740
2004-04-05,0.0068,0.0068,0.0068,0.0068,39418187
2004-04-06,0.0068,0.0068,0.0068,0.0068,45242555
2004-04-07,0.0068,0.0068,0.0068,0.0068,51686446
2004-04-08,0.0068,0.0068,0.0068,0.0068,95112826
2004-04-09,0.0068,0.0068,0.0068,0.0068,25848173
2004-04-12,0.0068,0.0068,0.0068,0.0068,41352202
2004-04-13,0.0055,0.0068,0.0055,0.0055,73926861
2004-04-14,0.0055,0.0068,0.0055,0.0055,94279928
2004-04-15,0.0055,0.0055,0.0055,0.0055,134763637
2004-04-16,0.0055,0.0055,0.0055,0.0055,86857754
2004-04-19,0.0068,0.0068,0.0055,0.0068,103245503
2004-04-20,0.0068,0.0068,0.0068,0.0068,80441004
2004-04-21,0.0068,0.0068,0.0068,0.0068,47582808
2004-04-22,0.0068,0.0068,0.0068,0.0068,59264727
2004-04-26,0.0055,0.0068,0.0055,0.0055,97863735
2004-04-27,0.0055,0.0055,0.0055,0.0055,204720378
2004-04-28,0.0055,0.0055,0.0055,0.0055,133297513
2004-04-29,0.0055,0.0055,0.0055,0.0055,206981010
2004-04-30,0.0055,0.0055,0.0055,0.0055,212345704
2004-05-03,0.0055,0.0055,0.0055,0.0055,150445929
2004-05-04,0.0068,0.0068,0.0055,0.0068,161872792
2004-05-05,0.0068,0.0068,0.0068,0.0068,50197300
2004-05-06,0.0055,0.0068,0.0055,0.0055,152253860
2004-05-07,0.0055,0.0055,0.0055,0.0055,69798330
2004-05-10,0.0055,0.0055,0.0055,0.0055,90327304
2004-05-11,0.0055,0.0055,0.0055,0.0055,125802670
2004-05-12,0.0055,0.0055,0.0055,0.0055,92931522
2004-05-13,0.0055,0.0055,0.0055,0.0055,87291287
2004-05-14,0.0055,0.0055,0.0055,0.0055,133357516
2004-05-17,0.0055,0.0055,0.0055,0.0055,129665531
2004-05-18,0.0055,0.0055,0.0055,0.0055,140570054
2004-05-20,0.0055,0.0055,0.0055,0.0055,104913052
2004-05-21,0.0055,0.0055,0.0055,0.0055,60975826
2004-05-24,0.0055,0.0055,0.0055,0.0055,126577161
2004-05-25,0.0055,0.0055,0.0055,0.0055,106861479
2004-05-26,0.0055,0.0055,0.0055,0.0055,136620540
2004-05-27,0.0055,0.0055,0.0055,0.0055,88671564
2004-05-28,0.0055,0.0055,0.0055,0.0055,138861268
2004-05-31,0.0055,0.0055,0.0055,0.0055,61930248
2004-06-01,0.0055,0.0055,0.0055,0.0055,140573953
2004-06-02,0.0055,0.0055,0.0055,0.0055,72575568
2004-06-03,0.0055,0.0055,0.0055,0.0055,66884310
2004-06-04,0.0055,0.0055,0.0055,0.0055,246804222
2004-06-07,0.0055,0.0068,0.0055,0.0055,212587499
2004-06-08,0.0055,0.0055,0.0055,0.0055,141883329
2004-06-09,0.0055,0.0055,0.0055,0.0055,85053397
2004-06-10,0.0055,0.0055,0.0055,0.0055,72336449
2004-06-11,0.0055,0.0055,0.0055,0.0055,101015559
2004-06-14,0.0055,0.0055,0.0055,0.0055,99856552
2004-06-15,0.0055,0.0055,0.0055,0.0055,99555954
2004-06-16,0.0055,0.0055,0.0055,0.0055,51037067
2004-06-17,0.0055,0.0055,0.0055,0.0055,26358765
2004-06-18,0.0055,0.0055,0.0055,0.0055,36668831
2004-06-21,0.0055,0.0055,0.0055,0.0055,29084328
2004-06-22,0.0055,0.0055,0.0055,0.0055,82126162
2004-06-23,0.0055,0.0055,0.0055,0.0055,102256480
2004-06-24,0.0055,0.0055,0.0055,0.0055,134155617
2004-06-25,0.0055,0.0055,0.0055,0.0055,153706036
2004-06-28,0.0055,0.0068,0.0055,0.0055,119705633
2004-06-29,0.0055,0.0068,0.0055,0.0055,98944115
2004-06-30,0.0068,0.0068,0.0055,0.0068,90022291
2004-07-01,0.0068,0.0068,0.0068,0.0068,166912498
2004-07-02,0.0068,0.0068,0.0068,0.0068,203858148
2004-07-05,0.0068,0.0068,0.0068,0.0068,131838609
2004-07-06,0.0068,0.0068,0.0068,0.0068,101241489
2004-07-07,0.0068,0.0068,0.0068,0.0068,73408472
2004-07-08,0.0068,0.0068,0.0068,0.0068,50936809
2004-07-09,0.0068,0.0068,0.0068,0.0068,85807966
2004-07-12,0.0068,0.0068,0.0068,0.0068,82185402
2004-07-13,0.0068,0.0068,0.0068,0.0068,160709053
2004-07-14,0.0068,0.0068,0.0068,0.0068,124404179
2004-07-15,0.0068,0.0068,0.0068,0.0068,117841099
2004-07-16,0.0068,0.0068,0.0068,0.0068,212949317
2004-07-19,0.0068,0.0068,0.0068,0.0068,73654797
2004-07-20,0.0068,0.0068,0.0068,0.0068,120334424
2004-07-21,0.0068,0.0068,0.0068,0.0068,89849363
2004-07-22,0.0068,0.0068,0.0068,0.0068,136877466
2004-07-23,0.0068,0.0068,0.0068,0.0068,143034303
2004-07-26,0.0068,0.0068,0.0068,0.0068,46009678
2004-07-27,0.0068,0.0068,0.0068,0.0068,57784096
2004-07-28,0.0068,0.0068,0.0068,0.0068,73616039
2004-07-29,0.0068,0.0068,0.0068,0.0068,153000308
2004-07-30,0.0068,0.0068,0.0068,0.0068,111527278
2004-08-02,0.0068,0.0068,0.0068,0.0068,168902792
2004-08-03,0.0068,0.0068,0.0068,0.0068,146221661
2004-08-04,0.0068,0.0068,0.0068,0.0068,84051583
2004-08-05,0.0068,0.0068,0.0068,0.0068,87014729
2004-08-06,0.0068,0.0068,0.0068,0.0068,102879445
2004-08-09,0.0068,0.0068,0.0068,0.0068,126797160
2004-08-10,0.0068,0.0068,0.0068,0.0068,55408523
2004-08-11,0.0068,0.0068,0.0055,0.0068,114766307
2004-08-12,0.0068,0.0068,0.0055,0.0068,79124128
2004-08-13,0.0055,0.0055,0.0055,0.0055,55612755
2004-08-16,0.0055,0.0055,0.0055,0.0055,33745759
2004-08-17,0.0055,0.0055,0.0055,0.0055,150170028
2004-08-18,0.0055,0.0055,0.0055,0.0055,144871291
2004-08-19,0.0055,0.0055,0.0055,0.0055,81064962
2004-08-20,0.0055,0.0055,0.0055,0.0055,24628418
2004-08-23,0.0055,0.0055,0.0055,0.0055,74604478
2004-08-24,0.0055,0.0055,0.0055,0.0055,101291320
2004-08-25,0.0055,0.0055,0.0055,0.0055,57922505
2004-08-26,0.0055,0.0055,0.0055,0.0055,51510091
2004-08-27,0.0055,0.0055,0.0055,0.0055,65874725
2004-08-31,0.0055,0.0055,0.0055,0.0055,177753031
2004-09-01,0.0055,0.0055,0.0055,0.0055,159736893
2004-09-02,0.0055,0.0055,0.0055,0.0055,138364611
2004-09-03,0.0055,0.0055,0.0055,0.0055,83565086
2004-09-06,0.0055,0.0055,0.0055,0.0055,82859681
2004-09-07,0.0055,0.0055,0.0055,0.0055,153961680
2004-09-08,0.0068,0.0068,0.0055,0.0068,310635523
2004-09-09,0.0055,0.0068,0.0055,0.0055,242963062
2004-09-10,0.0055,0.0055,0.0055,0.0055,135678546
2004-09-13,0.0055,0.0055,0.0055,0.0055,83189831
2004-09-14,0.0068,0.0068,0.0055,0.0068,166349159
2004-09-15,0.0068,0.0068,0.0055,0.0068,156650380
2004-09-16,0.0068,0.0068,0.0055,0.0068,98438604
2004-09-17,0.0055,0.0055,0.0055,0.0055,253843698
2004-09-20,0.0055,0.0055,0.0055,0.0055,251274006
2004-09-21,0.0055,0.0055,0.0055,0.0055,173154342
2004-09-22,0.0055,0.0068,0.0055,0.0055,155561767
2004-09-23,0.0068,0.0068,0.0055,0.0068,255897651
2004-09-24,0.0068,0.0068,0.0068,0.0068,214721239
2004-09-27,0.0068,0.0068,0.0068,0.0068,74560529
2004-09-28,0.0068,0.0068,0.0068,0.0068,119644676
2004-09-29,0.0068,0.0068,0.0068,0.0068,76747051
2004-09-30,0.0068,0.0068,0.0068,0.0068,97250750
2004-10-01,0.0068,0.0068,0.0068,0.0068,89371724
2004-10-04,0.0068,0.0068,0.0068,0.0068,108998385
2004-10-05,0.0068,0.0068,0.0068,0.0068,93130077
2004-10-06,0.0068,0.0068,0.0068,0.0068,235907840
2004-10-07,0.0068,0.0068,0.0068,0.0068,218082015
2004-10-08,0.0068,0.0068,0.0068,0.0068,169615761
2004-10-11,0.0068,0.0068,0.0068,0.0068,285559288
2004-10-12,0.0068,0.0068,0.0068,0.0068,213075901
2004-10-13,0.0068,0.0068,0.0068,0.0068,133821062
2004-10-14,0.0068,0.0068,0.0068,0.0068,84880511
2004-10-15,0.0068,0.0068,0.0068,0.0068,42709735
2004-10-18,0.0068,0.0068,0.0068,0.0068,30158028
2004-10-19,0.0068,0.0068,0.0068,0.0068,204790126
2004-10-20,0.0068,0.0068,0.0068,0.0068,64317581
2004-10-21,0.0068,0.0068,0.0068,0.0068,14758126
2004-10-22,0.0068,0.0068,0.0068,0.0068,131195987
2004-10-25,0.0068,0.0068,0.0068,0.0068,131456188
2004-10-26,0.0068,0.0068,0.0068,0.0068,150691603
2004-10-27,0.0068,0.0068,0.0068,0.0068,252733891
2004-10-28,0.0068,0.0068,0.0068,0.0068,87355046
2004-11-01,0.0068,0.0068,0.0068,0.0068,233516866
2004-11-02,0.0068,0.0068,0.0068,0.0068,267729945
2004-11-03,0.0068,0.0073,0.0068,0.0068,313367464
2004-11-04,0.0068,0.0073,0.0068,0.0068,197344862
2004-11-05,0.0068,0.0068,0.0068,0.0068,128634614
2004-11-08,0.0068,0.0068,0.0068,0.0068,130224447
2004-11-09,0.0068,0.0068,0.0068,0.0068,184370629
2004-11-10,0.0068,0.0068,0.0068,0.0068,78641711
2004-11-11,0.0068,0.0068,0.0068,0.0068,138062420
2004-11-12,0.0068,0.0068,0.0068,0.0068,62197035
2004-11-17,0.0068,0.0068,0.0068,0.0068,117817961
2004-11-18,0.0073,0.0073,0.0068,0.0073,224881531
2004-11-19,0.0073,0.0073,0.0068,0.0073,146539513
2004-11-22,0.0068,0.0068,0.0068,0.0068,37091391
2004-11-23,0.0073,0.0073,0.0068,0.0073,225738116
2004-11-24,0.0073,0.0073,0.0073,0.0073,113521571
2004-11-25,0.0073,0.0073,0.0073,0.0073,112220460
2004-11-26,0.0073,0.0073,0.0073,0.0073,33584337
2004-11-29,0.0073,0.0073,0.0068,0.0073,136039427
2004-11-30,0.0068,0.0073,0.0068,0.0068,78960220
2004-12-01,0.0068,0.0073,0.0068,0.0068,144842190
2004-12-02,0.0068,0.0068,0.0068,0.0068,143126995
2004-12-03,0.0068,0.0073,0.0068,0.0068,139536779
2004-12-06,0.0068,0.0073,0.0068,0.0068,70417101
2004-12-07,0.0068,0.0068,0.0068,0.0068,47569373
2004-12-08,0.0068,0.0068,0.0068,0.0068,80110623
2004-12-09,0.0068,0.0068,0.0068,0.0068,108581550
2004-12-10,0.0068,0.0068,0.0068,0.0068,127731240
2004-12-13,0.0073,0.0073,0.0068,0.0073,157406544
2004-12-14,0.0073,0.0073,0.0068,0.0073,333715017
2004-12-15,0.0073,0.0073,0.0068,0.0073,228991006
2004-12-16,0.0073,0.0073,0.0073,0.0073,341409207
2004-12-17,0.0073,0.0073,0.0073,0.0073,525541240
2004-12-20,0.0073,0.0073,0.0073,0.0073,208078654
2004-12-21,0.0073,0.0073,0.0073,0.0073,74830832
2004-12-22,0.0073,0.0073,0.0073,0.0073,153787364
2004-12-23,0.0073,0.0073,0.0073,0.0073,87418108
2004-12-24,0.0073,0.0073,0.0073,0.0073,54900456
2004-12-27,0.0073,0.0073,0.0073,0.0073,34537073
2004-12-28,0.0073,0.0073,0.0073,0.0073,49104140
2004-12-29,0.0073,0.0073,0.0073,0.0073,148874144
2005-01-03,7.65,7.7005,7.3505,7.65,119645423
2005-01-04,7.4505,7.7005,7.3995,7.4505,118728930
2005-01-05,7.25,7.3995,7.1495,7.25,126797851
2005-01-06,7.3,7.3,7.1495,7.3,74452902
2005-01-07,7.6,7.65,7.1995,7.6,156393943
2005-01-10,7.6,7.7005,7.4505,7.6,117192256
2005-01-11,7.9,7.9,7.6,7.9,231784211
2005-01-12,7.7995,8,7.7005,7.7995,148842270
2005-01-13,7.7005,7.85,7.6,7.7005,165007932
2005-01-14,7.5495,7.7505,7.5,7.5495,169840036
2005-01-17,7.7505,7.7505,7.5495,7.7505,80675674
2005-01-18,7.65,7.7505,7.6,7.65,58494450
2005-01-19,7.65,7.7005,7.5495,7.65,24372986
2005-01-24,7.6,7.7505,7.5495,7.6,69038889
2005-01-25,7.7005,7.7005,7.5,7.7005,104172299
2005-01-26,7.7505,7.9,7.65,7.7505,193703758
2005-01-27,7.7505,7.9,7.65,7.7505,158571780
2005-01-28,7.65,7.7995,7.6,7.65,92979964
2005-01-31,7.85,7.85,7.5,7.85,102207858
2005-02-01,8.0495,8.1005,7.85,8.0495,178614917
2005-02-02,8.1005,8.25,7.949,8.1005,235861065
2005-02-03,7.85,8.15,7.85,7.85,95314747
2005-02-04,8.1005,8.15,7.85,8.1005,166649156
2005-02-07,8.4495,8.4495,8.3005,8.4495,137220736
2005-02-08,8.65,8.7,8.25,8.65,148792585
2005-02-09,8.3505,8.7,8.3005,8.3505,125237301
2005-02-10,8.3505,8.4495,8.25,8.3505,97225405
2005-02-11,8.4495,8.5505,8.3005,8.4495,92707468
2005-02-14,8.65,8.65,8.5,8.65,60344240
2005-02-15,8.751,8.85,8.5,8.751,96050617
2005-02-16,8.5505,8.7995,8.3005,8.5505,164916820
2005-02-17,8.1995,8.65,8.1005,8.1995,158412258
2005-02-18,8.4495,8.4495,8.1995,8.4495,102362092
2005-02-21,8.3505,8.5,8.3005,8.3505,46946126
2005-02-22,8.25,8.3995,8.1995,8.25,66441452
2005-02-23,8.4495,8.4495,8.15,8.4495,62905705
2005-02-24,8.599,8.65,8.3995,8.599,78800135
2005-02-25,9.1505,9.1505,8.599,9.1505,174072297
2005-02-28,9.1,9.2495,8.9,9.1,106134882
2005-03-01,8.7995,9.1,8.7,8.7995,113409304
2005-03-02,8.5,8.9,8.5,8.5,91401071
2005-03-03,8.5505,8.7,8.5,8.5505,145470219
2005-03-04,8.599,8.65,8.4495,8.599,134803237
2005-03-07,8.599,8.7,8.5,8.599,69154835
2005-03-08,8.65,8.7995,8.5505,8.65,81671912
2005-03-09,8.65,8.7,8.5505,8.65,74058792
2005-03-10,8.599,8.65,8.4495,8.599,96646314
2005-03-11,8.5505,8.599,8.5,8.5505,36768433
2005-03-14,8.15,8.5505,8.1005,8.15,81133486
2005-03-15,7.9,8.1995,7.7995,7.9,166858651
2005-03-16,7.65,7.949,7.6,7.65,181910164
2005-03-17,7.3995,7.7995,7.05,7.3995,303823773
2005-03-18,7.7005,7.85,7.5,7.7005,159178326
2005-03-21,7.3995,7.7005,7.3505,7.3995,98808230
2005-03-22,7.7505,7.7505,7.3505,7.7505,134787909
2005-03-23,7.3505,7.5495,7.25,7.3505,169227852
2005-03-24,7.65,7.7005,7.3995,7.65,118268559
2005-03-25,7.7005,7.7005,7.5495,7.7005,39984331
2005-03-28,7.4505,7.7505,7.4505,7.4505,44482217
2005-03-29,7.3505,7.5,7.25,7.3505,65360594
2005-03-30,7.3995,7.4505,7.25,7.3995,80458622
2005-03-31,7.7995,7.949,7.5,7.7995,196644614
2005-04-01,7.85,7.949,7.7505,7.85,86294414
2005-04-04,7.85,8.0495,7.7005,7.85,77681278
2005-04-05,7.949,8,7.7505,7.949,72758992
2005-04-06,8.15,8.3005,8,8.15,93581315
2005-04-07,8.0495,8.25,8,8.0495,49569997
2005-04-08,7.949,8.15,7.9,7.949,32135327
2005-04-11,7.7505,8.0495,7.7005,7.7505,46393911
2005-04-12,7.7005,7.949,7.65,7.7005,95546030
2005-04-13,7.85,7.85,7.6,7.85,96550236
2005-04-14,7.5,7.85,7.3995,7.5,68893964
2005-04-15,7.25,7.3995,7.1495,7.25,91762378
2005-04-18,7.1005,7.1995,6.9,7.1005,91863956
2005-04-19,7.3505,7.4505,7.05,7.3505,106778969
2005-04-20,7.3505,7.5495,7.3,7.3505,118833693
2005-04-21,7.4505,7.5,7.1995,7.4505,81883829
2005-04-22,7.5495,7.6,7.5,7.5495,36753030
2005-04-25,7.5495,7.65,7.4505,7.5495,35657834
2005-04-26,7.3995,7.6,7.3505,7.3995,49533522
2005-04-27,7.25,7.3995,7.1995,7.25,64479662
2005-04-28,7.05,7.3505,7.05,7.05,81265597
2005-04-29,7.05,7.1495,6.9,7.05,102966886
2005-05-02,7.3505,7.3505,7.05,7.3505,63892710
2005-05-03,7.3,7.3505,7.1995,7.3,60386566
2005-05-04,7.3505,7.5495,7.3505,7.3505,73686774
2005-05-05,7.65,7.7505,7.3995,7.65,111417210
2005-05-06,7.6,7.7005,7.5,7.6,62436710
2005-05-09,7.3995,7.65,7.3505,7.3995,57289235
2005-05-10,7.4505,7.6,7.3995,7.4505,118053716
2005-05-11,7.3995,7.4505,7.25,7.3995,82613879
2005-05-12,7.5,7.5495,7.3,7.5,175516063
2005-05-13,7.7005,7.7505,7.3995,7.7005,129798935
2005-05-16,7.4505,7.7005,7.3995,7.4505,81055203
2005-05-17,7.3505,7.6,7.3,7.3505,92234649
2005-05-18,7.3995,7.4505,7.3505,7.3995,103046982
2005-05-20,7.5,7.65,7.4505,7.5,94025643
2005-05-23,7.05,7.4505,6.999,7.05,157225677
2005-05-24,6.9505,7.1495,6.9505,6.9505,79262426
2005-05-25,6.8495,7.05,6.8,6.8495,144140571
2005-05-26,6.8495,6.9,6.749,6.8495,87705589
2005-05-27,7.1495,7.25,6.8495,7.1495,178724921
2005-05-30,7.4505,7.4505,7.1005,7.4505,96756608
2005-05-31,7.3995,7.6,7.3505,7.3995,107399593
2005-06-01,7.25,7.4505,7.1995,7.25,92984733
2005-06-02,7.5,7.5,7.3,7.5,90027787
2005-06-03,7.7005,7.7005,7.4505,7.7005,159936013
2005-06-06,7.4505,7.65,7.3995,7.4505,74362217
2005-06-07,7.3995,7.5,7.3,7.3995,53482805
2005-06-08,7.3505,7.4505,7.3,7.3505,65153262
2005-06-09,7.1995,7.3995,7.1995,7.1995,78393486
2005-06-10,7.3,7.3,7.1995,7.3,37186876
2005-06-13,7.1995,7.3,7.1495,7.1995,47179054
2005-06-14,7.25,7.3,7.1995,7.25,32641513
2005-06-15,7.3995,7.4505,7.25,7.3995,76869030
2005-06-16,7.5495,7.5495,7.3505,7.5495,87565479
2005-06-17,7.5,7.65,7.4505,7.5,89829886
2005-06-20,7.5,7.5495,7.3995,7.5,44237435
2005-06-21,7.5495,7.7005,7.5,7.5495,92984885
2005-06-22,7.5495,7.6,7.4505,7.5495,99665591
2005-06-23,7.6,7.7995,7.5,7.6,115987056
2005-06-24,7.7005,7.7005,7.4505,7.7005,62782171
2005-06-27,7.5495,7.7005,7.4505,7.5495,52070441
2005-06-28,7.65,7.65,7.5,7.65,69688751
2005-06-29,7.7995,7.949,7.65,7.7995,148545990
2005-06-30,7.7995,8,7.7005,7.7995,102052969
2005-07-01,8.1005,8.1005,7.7995,8.1005,110036126
2005-07-04,8.0495,8.1995,8,8.0495,65571856
2005-07-05,7.7995,8.1005,7.7995,7.7995,81066021
2005-07-06,8.1005,8.15,7.7995,8.1005,90677832
2005-07-07,8.1005,8.25,7.9,8.1005,183590697
2005-07-08,8.25,8.4495,8.0495,8.25,161789170
2005-07-11,8.3005,8.3995,8.1995,8.3005,95855184
2005-07-12,8.1005,8.3505,8.1005,8.1005,68700558
2005-07-13,8.25,8.3995,8.1005,8.25,124935796
2005-07-14,8.599,8.65,8.1995,8.599,178318576
2005-07-15,8.65,8.7995,8.5505,8.65,93019654
2005-07-18,8.7,8.7995,8.5505,8.7,101990059
2005-07-19,8.9,8.9505,8.7,8.9,93457613
2005-07-20,8.9505,9.2495,8.9,8.9505,179933138
2005-07-21,9.1505,9.3005,8.9995,9.1505,136659518
2005-07-22,7.8005,7.9495,7.65,7.8005,122219696
2005-07-25,7.6,7.8005,7.5,7.6,96659099
2005-07-26,7.2995,7.65,7.2995,7.2995,107745369
2005-07-27,7.4505,7.4505,7.2995,7.4505,84872760
2005-07-28,7.4505,7.6,7.4,7.4505,117442584
2005-07-29,7.5505,7.6995,7.5,7.5505,133316771
2005-08-01,7.4505,7.5505,7.2995,7.4505,575282168
2005-08-02,7.2995,7.5,7.2995,7.2995,73690009
2005-08-03,7.4,7.4505,7.2995,7.4,56258016
2005-08-04,7.5,7.6,7.35,7.5,119481112
2005-08-05,7.4505,7.5,7.35,7.4505,78379667
2005-08-08,7.4505,7.4505,7.35,7.4505,47670478
2005-08-09,7.5,7.6,7.2995,7.5,121586602
2005-08-10,7.5,7.5505,7.4,7.5,78943755
2005-08-11,7.4,7.5505,7.35,7.4,94874759
2005-08-12,6.9495,7.4,6.9495,6.9495,174204518
2005-08-15,6.8495,7.0005,6.8495,6.8495,88805468
2005-08-16,6.8495,7.1005,6.8,6.8495,164749429
2005-08-17,6.7005,6.8,6.65,6.7005,100002985
2005-08-18,6.75,6.9,6.65,6.75,110788674
2005-08-19,6.9,6.9495,6.65,6.9,121440717
2005-08-22,7.1005,7.15,6.9,7.1005,81529573
2005-08-23,7.15,7.25,7.0005,7.15,125968238
2005-08-24,7.1995,7.1995,7.05,7.1995,57978441
2005-08-25,7.35,7.4,7.1005,7.35,110642726
2005-08-26,7.4,7.5,7.35,7.4,68961144
2005-08-29,7.5,7.5,7.2995,7.5,82207804
2005-08-31,8,8.0495,7.5,8,174012163
2005-09-01,8.4495,8.5,8,8.4495,237378237
2005-09-02,8.2005,8.4495,8.15,8.2005,128775677
2005-09-05,8.3005,8.3995,8.1,8.3005,73178472
2005-09-06,8.3005,8.3995,8.25,8.3005,70557472
2005-09-07,8.15,8.3995,8.15,8.15,74120807
2005-09-08,8.1,8.25,8.0495,8.1,80481678
2005-09-09,8.3995,8.3995,8.1,8.3995,115302076
2005-09-12,8.6,8.65,8.3995,8.6,132409212
2005-09-13,8.5505,9.2,8.3995,8.5505,222345243
2005-09-14,8.3995,8.5505,8.25,8.3995,147171640
2005-09-15,8.7995,8.85,8.35,8.7995,123264823
2005-09-16,8.85,8.9505,8.7995,8.85,123332916
2005-09-19,8.7,8.9505,8.65,8.7,72881548
2005-09-20,8.7995,8.9,8.75,8.7995,101950173
2005-09-21,8.7995,8.9505,8.7,8.7995,78613577
2005-09-22,8.75,8.9,8.75,8.75,45601110
2005-09-23,8.75,8.7995,8.6,8.75,66270223
2005-09-26,8.9,8.9,8.75,8.9,40743361
2005-09-27,9,9.1,8.7995,9,77152063
2005-09-28,8.7995,9.0495,8.75,8.7995,114206353
2005-09-29,9.25,9.35,8.7995,9.25,108426012
2005-09-30,9.35,9.45,9.25,9.35,94134098
2005-10-03,9.85,9.85,9,9.85,172848767
2005-10-04,10.3,10.6,10,10.3,283160947
2005-10-05,9.7995,10.3,9.75,9.7995,114390239
2005-10-06,9.4005,9.7005,9.35,9.4005,103207195
2005-10-07,9.2,9.45,9.0495,9.2,188262661
2005-10-10,9.25,9.4005,8.85,9.25,186970012
2005-10-11,9.7005,9.75,9.1495,9.7005,120409391
2005-10-12,9.25,9.7005,9.2,9.25,145071990
2005-10-13,9.1495,9.4005,8.9505,9.1495,200498831
2005-10-14,8.7,9.25,8.6,8.7,204282948
2005-10-17,8.7,8.9505,8.3995,8.7,154302475
2005-10-18,8.6,8.85,8.6,8.6,150467317
2005-10-19,8.35,8.4495,8.2005,8.35,136453485
2005-10-20,8.5505,8.65,8.4495,8.5505,119720254
2005-10-21,8.7,8.85,8.3005,8.7,177744606
2005-10-24,8.9505,9.1,8.65,8.9505,151115609
2005-10-25,9.0495,9.3005,8.9505,9.0495,144985145
2005-10-26,9.1,9.4005,9,9.1,225602829
2005-10-27,9.0495,9.1495,8.75,9.0495,139131595
2005-10-28,8.9,9.0495,8.85,8.9,61632177
2005-10-31,9.35,9.5,8.9505,9.35,104753219
2005-11-01,9.85,9.95,9.45,9.85,145707840
2005-11-02,9.85,10.1,9.75,9.85,81222719
2005-11-07,10,10.0505,9.7995,10,74926805
2005-11-08,9.75,10,9.6505,9.75,64949171
2005-11-09,9.75,9.7995,9.6505,9.75,50608223
2005-11-10,10.1505,10.1505,9.7005,10.1505,168963583
2005-11-11,9.7995,10.25,9.75,9.7995,210439949
2005-11-14,9.85,10,9.75,9.85,75488468
2005-11-15,9.8995,10.0505,9.85,9.8995,99629233
2005-11-16,10.25,10.25,9.85,10.25,95897451
2005-11-17,10.3,10.5,10.1,10.3,103569825
2005-11-18,10.2,10.5,9.8995,10.2,105173670
2005-11-21,10.2,10.3,10,10.2,60116003
2005-11-22,10,10.3,9.8995,10,70249742
2005-11-23,10.3,10.4005,10,10.3,109307936
2005-11-24,10.8005,10.8005,10.3,10.8005,191320529
2005-11-25,10.6,10.9005,10.5,10.6,64215951
2005-11-28,10.6,10.7,10.4005,10.6,29808690
2005-11-29,11.0995,11.0995,10.4005,11.0995,132353093
2005-11-30,11.7,11.9005,10.9995,11.7,108968770
2005-12-01,11.3,11.7,11.3,11.3,50123552
2005-12-02,11.3995,11.9005,11.3995,11.3995,123578114
2005-12-05,11.6,11.6,11.3,11.6,38850426
2005-12-06,11.3,11.6,11.3,11.3,46940305
2005-12-07,10.9995,11.4995,10.9995,10.9995,69867331
2005-12-08,11.2,11.2,10.7,11.2,84047806
2005-12-09,10.7,11.2,10.6,10.7,129414447
2005-12-12,10.9005,11.0995,10.8005,10.9005,44184414
2005-12-13,10.9005,11.0995,10.8005,10.9005,53192377
2005-12-14,10.7,11.0995,10.7,10.7,64034058
2005-12-15,10.4005,10.9995,10.3,10.4005,90232676
2005-12-16,10.5,10.6,10.3,10.5,85597906
2005-12-19,10.5,10.6,10.4005,10.5,34480978
2005-12-20,10.5,10.7,10.3,10.5,61959180
2005-12-21,10.8005,10.9005,10.5,10.8005,112312021
2005-12-22,10.9005,10.9995,10.7,10.9005,83090490
2005-12-23,11.2,11.3,10.9005,11.2,80419832
2005-12-26,11.3,11.3995,11.0995,11.3,23782783
2005-12-27,11.3,11.3995,11.2,11.3,46320135
2005-12-28,11.6,11.6,11.2,11.6,65903085
2005-12-29,12.1,12.1,11.6,12.1,84841260
2005-12-30,11.7,12.1,11.7,11.7,78515711
2006-01-02,11.9005,11.9005,11.6,11.9005,17922072
2006-01-03,12.3,12.3,11.8,12.3,49240371
2006-01-04,12.7,12.9995,12.4,12.7,101623005
2006-01-05,12.4,12.7,12.4,12.4,39970197
2006-01-06,12.1,12.5995,12.1,12.1,66722008
2006-01-16,13.3,13.3,12.1,13.3,119402049
2006-01-17,12.9,13.4005,12.4995,12.9,108974598
2006-01-18,12.1995,12.8,12.1,12.1995,120218954
2006-01-19,12.5995,12.5995,12.3,12.5995,58036998
2006-01-20,12.8,12.9995,12.5995,12.8,70493049
2006-01-23,12.4,12.7,12.3,12.4,65237183
2006-01-24,12.8,12.9,12.4995,12.8,65257129
2006-01-25,12.9995,13.2,12.7,12.9995,80846999
2006-01-26,12.7,13.1005,12.5995,12.7,83013078
2006-01-27,12.3,12.9,12.3,12.3,100986749
2006-01-30,12.4,12.4995,12.1995,12.4,45101686
2006-01-31,12.0005,12.4995,11.9005,12.0005,62198969
2006-02-01,12.3,12.4,11.9005,12.3,49304299
2006-02-02,12.1995,12.4995,12.1,12.1995,54649143
2006-02-03,12.0005,12.3,11.8,12.0005,43190353
2006-02-06,12.3,12.3,11.8,12.3,27112423
2006-02-07,12.1995,12.4995,12.1995,12.1995,53777110
2006-02-08,11.9005,12.1995,11.6,11.9005,78799889
2006-02-09,12.0005,12.1,11.8,12.0005,51898929
2006-02-10,12.1995,12.3,11.9005,12.1995,54227652
2006-02-13,12.1,12.3,12.0005,12.1,52350448
2006-02-14,12.1,12.1,11.7,12.1,68143236
2006-02-15,12.1995,12.3,11.8,12.1995,50396848
2006-02-16,12.5995,12.5995,12.1995,12.5995,99663235
2006-02-17,12.5995,12.9,12.4,12.5995,155399976
2006-02-20,12.9,13.1005,12.5995,12.9,135669846
2006-02-21,12.8,12.9,12.5995,12.8,77942114
2006-02-22,12.5995,12.8,12.4995,12.5995,77763865
2006-02-23,12.7,12.9,12.5995,12.7,65516637
2006-02-24,12.5995,12.8,12.4995,12.5995,64750049
2006-02-27,12.9,12.9995,12.5995,12.9,81657898
2006-02-28,12.4995,12.9995,12.4995,12.4995,95177296
2006-03-01,12.5995,12.5995,12.3,12.5995,59484394
2006-03-02,12.3,12.8,12.1995,12.3,107387488
2006-03-03,12.3,12.4,12.1,12.3,66930145
2006-03-06,12.1,12.4,12.0005,12.1,36814831
2006-03-07,11.4995,12.0005,11.0995,11.4995,162604579
2006-03-08,11.0995,11.4995,10.7,11.0995,127748516
2006-03-09,11.3995,11.4995,11.3,11.3995,58403018
2006-03-10,11.0995,11.4995,11.0995,11.0995,78450273
2006-03-13,11.6,11.7,11.3,11.6,48993230
2006-03-14,11.2,11.6,10.9995,11.2,63582285
2006-03-15,11.3995,11.6,11.3995,11.3995,46539572
2006-03-16,11.9005,11.9005,11.3,11.9005,82766813
2006-03-17,12.0005,12.1995,11.7,12.0005,62311843
2006-03-20,11.9005,12.0005,11.7,11.9005,40481631
2006-03-21,12.0005,12.0005,11.6,12.0005,55158674
2006-03-22,11.7,11.9005,11.3995,11.7,58907203
2006-03-23,11.8,12.0005,11.6,11.8,52278915
2006-03-24,11.2,11.8,11.0995,11.2,78468493
2006-03-27,11.0995,11.4995,10.9005,11.0995,52992125
2006-03-28,10.9995,11.2,10.9005,10.9995,62485000
2006-03-29,10.9005,10.9995,10.6,10.9005,85848754
2006-03-30,11.0995,11.2,10.9005,11.0995,112414902
2006-03-31,11.2,11.3,10.9005,11.2,83532334
2006-04-03,11.8,11.9005,11.0995,11.8,87638452
2006-04-04,12.0005,12.0005,11.6,12.0005,47957766
2006-04-05,11.9005,12.3,11.8,11.9005,60109845
2006-04-06,11.7,12.0005,11.6,11.7,30652231
2006-04-07,11.8,11.9005,11.4995,11.8,55116610
2006-04-10,11.3,11.7,11.2,11.3,52460833
2006-04-11,11.0995,11.4995,10.8005,11.0995,78795787
2006-04-12,10.8005,11.0995,10.7,10.8005,77701537
2006-04-13,10.7,11.0995,10.6,10.7,104991967
2006-04-14,10.8005,10.9005,10.6,10.8005,28191374
2006-04-17,10.7,10.9995,10.7,10.7,18869536
2006-04-18,10.9995,10.9995,10.6,10.9995,118346829
2006-04-19,11.3995,11.6,11.0995,11.3995,161669469
2006-04-20,11.2,11.3995,11.2,11.2,41269727
2006-04-21,11.7,11.8,11.2,11.7,116130116
2006-04-24,11.8,11.9005,11.4995,11.8,87525922
2006-04-25,11.7,11.9005,11.6,11.7,91098869
2006-04-26,11.4995,11.8,11.3,11.4995,62931123
2006-04-27,11.2,11.7,11.0995,11.2,97805597
2006-04-28,11.0995,11.3995,10.9995,11.0995,70051649
2006-05-01,11.2,11.3,11.0995,11.2,21733577
2006-05-02,11.3,11.3,10.9995,11.3,39588598
2006-05-03,11.3995,11.6,11.2,11.3995,72712999
2006-05-04,11.0995,11.3,10.9995,11.0995,70249336
2006-05-05,10.9005,11.3,10.8005,10.9005,52710551
2006-05-08,11.0995,11.0995,10.9005,11.0995,56250817
2006-05-09,11.0995,11.3,10.9005,11.0995,94160799
2006-05-10,10.6,11.0995,10.6,10.6,88745095
2006-05-11,10.6,10.8005,10.5,10.6,73108615
2006-05-12,10.2,10.5,10.2,10.2,81985739
2006-05-15,10.3,10.4005,9.8995,10.3,133734618
2006-05-16,10.4005,10.5,9.8995,10.4005,104382451
2006-05-17,10.6,10.9005,10.3,10.6,133973824
2006-05-18,10.4005,10.6,10.1,10.4005,61397123
2006-05-22,9.3005,10.5,9.25,9.3005,131042161
2006-05-23,9.25,9.5,8.65,9.25,283186835
2006-05-24,8.65,9.2,8.5,8.65,296760346
2006-05-25,8.7995,8.9,8.6,8.7995,217537519
2006-05-26,9.45,9.5,8.9505,9.45,304814484
2006-05-29,9.5,9.6505,9.3005,9.5,101170902
2006-05-30,9.1495,9.4005,9.1495,9.1495,103936467
2006-05-31,9.2,9.35,8.7995,9.2,197549265
2006-06-01,9.4005,9.5,9.1495,9.4005,114290964
2006-06-02,9.6505,9.75,9.5,9.6505,94942267
2006-06-05,9.1495,9.25,9,9.1495,112547278
2006-06-06,8.9,9.1495,8.7995,8.9,100938286
2006-06-07,8.75,9.0495,8.7,8.75,90295969
2006-06-08,8.25,8.7,8.25,8.25,146040493
2006-06-09,7.9,8.5,7.7505,7.9,178822681
2006-06-12,7.8005,8.0495,7.7505,7.8005,131039368
2006-06-13,7.25,7.6,6.9495,7.25,252255315
2006-06-14,7.2995,7.4,7.0005,7.2995,206738105
2006-06-15,7.2995,7.6,7.2995,7.2995,254619437
2006-06-16,7.4,7.7505,7.35,7.4,224018030
2006-06-19,7.7505,7.8005,7.35,7.7505,146468752
2006-06-20,7.65,7.7505,7.5,7.65,104619726
2006-06-21,7.5505,7.9,7.35,7.5505,180778477
2006-06-22,7.5505,8.1,7.5,7.5505,244858738
2006-06-23,7.1995,7.6,7.05,7.1995,160528418
2006-06-26,6.7005,7.35,6.5,6.7005,205928819
2006-06-27,6.8495,6.8495,6.3,6.8495,344715306
2006-06-28,7.15,7.15,6.6005,7.15,382631929
2006-06-29,7.35,7.4,7.15,7.35,192876253
2006-06-30,7.8005,7.9,7.5505,7.8005,190307207
2006-07-03,7.9,8,7.7505,7.9,80177834
2006-07-04,8.3005,8.35,8.1,8.3005,132419877
2006-07-05,7.9495,8.3005,7.9,7.9495,140735186
2006-07-06,8.25,8.3005,7.6,8.25,163998928
2006-07-07,8.7,8.75,8.1,8.7,173083655
2006-07-10,8.4495,8.75,8.3995,8.4495,78101089
2006-07-11,8.6,8.7,8.4495,8.6,69400957
2006-07-12,8.4495,8.85,8.4495,8.4495,80126628
2006-07-13,8.15,8.35,7.9495,8.15,110577096
2006-07-14,7.5505,8.0495,7.5,7.5505,131581008
2006-07-17,7.25,7.4505,7.05,7.25,118161051
2006-07-18,7.65,7.65,7.15,7.65,119699533
2006-07-19,7.5,7.7505,7.4,7.5,93185745
2006-07-20,8.0495,8.15,7.6995,8.0495,166031412
2006-07-21,7.8005,7.9495,7.7505,7.8005,148075135
2006-07-24,7.6995,7.8005,7.5505,7.6995,126048176
2006-07-25,7.7505,7.9,7.65,7.7505,194523139
2006-07-26,8.1,8.15,7.6995,8.1,216777622
2006-07-27,8.3005,8.4495,8.0495,8.3005,293729789
2006-07-28,7.9495,8.3005,7.9,7.9495,196076197
2006-07-31,8,8.2005,7.9495,8,114398276
2006-08-01,8,8.25,7.9,8,181521995
2006-08-02,8,8.15,7.9,8,98294724
2006-08-03,7.8005,8.1,7.8005,7.8005,99508297
2006-08-04,8.15,8.2005,7.9,8.15,164416522
2006-08-07,8.1,8.2005,7.9495,8.1,85387281
2006-08-08,8.3995,8.5,8.15,8.3995,233590678
2006-08-09,8.75,8.75,8.3995,8.75,218353648
2006-08-10,8.85,8.85,8.5,8.85,201379218
2006-08-11,8.7,9.0495,8.7,8.7,98981398
2006-08-14,8.75,8.85,8.7,8.75,85918776
2006-08-15,8.75,8.75,8.5505,8.75,159994396
2006-08-16,8.9505,9,8.75,8.9505,184512189
2006-08-17,9,9.2,8.9,9,119512993
2006-08-18,8.7,9.0495,8.65,8.7,109226246
2006-08-21,8.65,8.7995,8.6,8.65,70052309
2006-08-22,8.7,8.9,8.65,8.7,94011715
2006-08-23,8.7,8.75,8.5505,8.7,55163651
2006-08-24,8.3995,8.6,8.25,8.3995,210285303
2006-08-25,8.35,8.5,8.3005,8.35,140220335
2006-08-28,8.3005,8.35,8.2005,8.3005,61610656
2006-08-29,8.3995,8.4495,8.3005,8.3995,50517619
2006-08-31,8.4495,8.5505,8.35,8.4495,185080619
2006-09-01,8.65,8.65,8.3995,8.65,135817762
2006-09-04,8.9505,8.9505,8.7,8.9505,153744583
2006-09-05,8.9505,9.0495,8.85,8.9505,139890095
2006-09-06,8.75,9,8.7,8.75,86230277
2006-09-07,8.6,8.7,8.5,8.6,166518203
2006-09-08,8.3995,8.7,8.3995,8.3995,91914592
2006-09-11,8.35,8.5,8.25,8.35,129484532
2006-09-12,8.4495,8.4495,8.25,8.4495,244457282
2006-09-13,8.4495,8.65,8.3995,8.4495,184824401
2006-09-14,8.3005,8.6,8.25,8.3005,283254255
2006-09-15,8.5505,8.5505,8.25,8.5505,158408708
2006-09-18,8.5,8.7,8.5,8.5,108681774
2006-09-19,8.5,8.6,8.3995,8.5,165493581
2006-09-20,8.4495,8.5505,8.35,8.4495,132276659
2006-09-21,8.3995,8.5505,8.35,8.3995,134961498
2006-09-22,7.9,8.25,7.85,7.9,232829779
2006-09-25,7.8005,8.0495,7.7505,7.8005,118494174
2006-09-26,7.85,7.9495,7.6995,7.85,135289327
2006-09-27,8.0495,8.2005,8,8.0495,130985407
2006-09-28,8.25,8.25,8,8.25,92534952
2006-09-29,8.0495,8.3005,8.0495,8.0495,78538502
2006-10-02,8,8.1,7.8005,8,88447066
2006-10-03,7.9495,8.1,7.85,7.9495,121840358
2006-10-04,7.8005,7.9495,7.7505,7.8005,104916397
2006-10-05,7.9495,8.0495,7.85,7.9495,119746967
2006-10-06,7.8005,8,7.6995,7.8005,76810522
2006-10-09,7.8005,7.9,7.65,7.8005,131752667
2006-10-10,7.85,7.9495,7.8005,7.85,187412364
2006-10-11,8.1,8.15,7.9,8.1,277982861
2006-10-12,8.35,8.3995,8,8.35,202447644
2006-10-13,8.5,8.6,8.35,8.5,239563843
2006-10-16,8.7995,8.9,8.5,8.7995,219179453
2006-10-17,8.75,9,8.75,8.75,284934901
2006-10-18,9.3005,9.3005,8.7,9.3005,208912932
2006-10-19,9.1,9.35,9.0495,9.1,271609243
2006-10-20,9.1495,9.2,9.0495,9.1495,55931787
2006-10-26,9.45,9.7005,9.2,9.45,130240366
2006-10-27,9.6505,9.6505,9.4005,9.6505,79112062
2006-10-30,9.25,9.5,9.2,9.25,105399226
2006-10-31,9.45,9.5,9.1495,9.45,99037073
2006-11-01,9.4005,9.45,9.3005,9.4005,59493764
2006-11-02,9.1,9.4005,9,9.1,132829091
2006-11-03,6.3,6.5,6.15,6.3,195273795
2006-11-06,6.25,6.3495,6.2005,6.25,78719357
2006-11-07,6.5,6.5995,6.4,6.5,166384267
2006-11-08,6.25,6.4505,6.2005,6.25,122990686
2006-11-09,6.3,6.4,6.25,6.3,84102752
2006-11-10,6.3,6.3495,6.2005,6.3,60093831
2006-11-13,6.15,6.3495,6.0995,6.15,50568394
2006-11-14,6.25,6.3,6.15,6.25,84944704
2006-11-15,6.3495,6.4505,6.3,6.3495,77274259
2006-11-16,6.25,6.4,6.2005,6.25,63114630
2006-11-17,6.2005,6.25,6.15,6.2005,82231245
2006-11-20,6.0995,6.2005,5.9505,6.0995,116127776
2006-11-21,6.05,6.0995,5.9505,6.05,154060603
2006-11-22,5.9,6.0995,5.8,5.9,109950214
2006-11-23,6,6.05,5.8495,6,105957657
2006-11-24,5.9,6,5.8,5.9,74009765
2006-11-27,6.15,6.15,5.9,6.15,101857269
2006-11-28,5.8495,6.0995,5.8495,5.8495,110296107
2006-11-29,6.15,6.15,5.9,6.15,140078583
2006-11-30,6.05,6.25,6.05,6.05,96546980
2006-12-01,6.15,6.15,6.05,6.15,54701258
2006-12-04,6.05,6.0995,5.9505,6.05,59312387
2006-12-05,6.3,6.3,6.05,6.3,134582559
2006-12-06,6.25,6.3495,6.25,6.25,68015815
2006-12-07,6.8495,6.8495,6.3,6.8495,433101722
2006-12-08,6.65,6.8,6.5995,6.65,144233747
2006-12-11,6.7005,6.7005,6.5,6.7005,60252766
2006-12-12,6.5995,6.8495,6.55,6.5995,117866675
2006-12-13,6.55,6.65,6.5,6.55,85226434
2006-12-14,6.7005,6.75,6.4,6.7005,93792620
2006-12-15,7,7.05,6.7005,7,307671327
2006-12-18,6.8495,7.1,6.8495,6.8495,130917486
2006-12-19,6.65,6.8495,6.5995,6.65,140128825
2006-12-20,6.65,6.8,6.5995,6.65,60294510
2006-12-21,6.7005,6.7005,6.55,6.7005,56516491
2006-12-22,6.7005,6.7005,6.5995,6.7005,26172052
2006-12-25,6.5995,6.7005,6.55,6.5995,36289661
2006-12-26,6.5995,6.65,6.55,6.5995,18151995
2006-12-27,6.4505,6.65,6.3495,6.4505,95465224
2006-12-28,6.55,6.65,6.5,6.55,60812806
2006-12-29,6.5,6.8,6.4505,6.5,134735101
2007-01-04,6.4505,6.5995,6.3,6.4505,151281748
2007-01-05,6.3,6.4,6.2005,6.3,128026546
2007-01-08,6.15,6.15,6,6.15,122108268
2007-01-09,5.9,6.25,5.8495,5.9,154567300
2007-01-10,5.8,5.9,5.7,5.8,194374781
2007-01-11,6.05,6.05,5.8495,6.05,192048298
2007-01-12,6.0995,6.15,6,6.0995,155791421
2007-01-15,6.3495,6.3495,6.0995,6.3495,122648420
2007-01-16,6.25,6.3,6.15,6.25,107513270
2007-01-17,6.25,6.3495,6.15,6.25,188260430
2007-01-18,6.5,6.5,6.3,6.5,239257490
2007-01-19,6.4,6.65,6.3495,6.4,291327591
2007-01-22,6.55,6.7005,6.4505,6.55,270016983
2007-01-23,6.5995,6.65,6.4505,6.5995,179601304
2007-01-24,6.9505,7,6.65,6.9505,416068993
2007-01-25,7.05,7.2005,6.8495,7.05,257638460
2007-01-26,7,7,6.8495,7,247237162
2007-01-29,6.9505,7,6.8495,6.9505,123298217
2007-01-30,6.8,7,6.65,6.8,161159399
2007-01-31,6.7005,6.9,6.65,6.7005,120824725
2007-02-01,7.1,7.15,6.8,7.1,348683250
2007-02-02,7.3,7.4,6.9505,7.3,382217327
2007-02-05,7.25,7.35,7.15,7.25,196900147
2007-02-06,7.1,7.3,7.1,7.1,127035752
2007-02-07,7.05,7.15,6.9505,7.05,106062676
2007-02-08,6.9505,6.9505,6.8,6.9505,97764862
2007-02-09,7,7.1,6.9505,7,110139303
2007-02-12,6.9505,7,6.8495,6.9505,57424819
2007-02-13,7.05,7.15,6.9,7.05,153455788
2007-02-14,7.2005,7.25,7.15,7.2005,117879009
2007-02-15,7.25,7.4,7.25,7.25,232146542
2007-02-16,7.4495,7.5,7.2005,7.4495,232166947
2007-02-19,7.75,7.75,7.4495,7.75,184994122
2007-02-20,7.8005,7.85,7.65,7.8005,169546172
2007-02-21,7.15,7.85,7.1,7.15,501834037
2007-02-22,7.35,7.4,7.15,7.35,292836245
2007-02-23,7.25,7.35,7.2005,7.25,82145706
2007-02-26,7.15,7.25,7.05,7.15,94908747
2007-02-27,6.7005,7.05,6.5995,6.7005,195783203
2007-02-28,6.7005,6.7005,6.4,6.7005,345573202
2007-03-01,6.25,6.7005,6.2005,6.25,262619172
2007-03-02,6.3,6.4505,6.15,6.3,378428805
2007-03-05,6.2005,6.25,5.9505,6.2005,192598780
2007-03-06,6.3,6.4,6.25,6.3,150603573
2007-03-07,6.3,6.4505,6.25,6.3,152634949
2007-03-08,6.4505,6.55,6.3,6.4505,235291052
2007-03-09,6.5995,6.5995,6.3495,6.5995,138827780
2007-03-12,6.4505,6.5995,6.4,6.4505,93477198
2007-03-13,6.3495,6.5,6.25,6.3495,181054347
2007-03-14,6.25,6.3,6,6.25,226319036
2007-03-15,6.3,6.4505,6.25,6.3,190615298
2007-03-16,6.4,6.4,6.2005,6.4,145876061
2007-03-19,6.5,6.5,6.3,6.5,87773983
2007-03-20,6.5,6.5995,6.4505,6.5,95743281
2007-03-21,6.55,6.5995,6.5,6.55,73695523
2007-03-22,6.9,6.9505,6.65,6.9,306420216
2007-03-23,6.9505,7,6.8,6.9505,197342354
2007-03-26,6.8495,6.9505,6.75,6.8495,41189984
2007-03-27,6.65,6.8495,6.65,6.65,87561595
2007-03-28,6.7005,6.7005,6.55,6.7005,119915735
2007-03-29,6.8,6.8,6.5995,6.8,158816148
2007-03-30,6.7005,6.8,6.7005,6.7005,82470097
2007-04-02,6.65,6.7005,6.5995,6.65,50195348
2007-04-03,6.8,6.8,6.65,6.8,108971029
2007-04-04,6.8495,6.9505,6.8,6.8495,144634055
2007-04-05,7.05,7.1,6.8,7.05,232678069
2007-04-06,7.05,7.1,6.9505,7.05,61836756
2007-04-09,7.05,7.05,6.9505,7.05,52661793
2007-04-10,6.8495,7,6.75,6.8495,77929262
2007-04-11,7,7.05,6.8,7,185905298
2007-04-12,6.8495,7,6.75,6.8495,199555845
2007-04-13,6.8495,6.9505,6.8,6.8495,166772322
2007-04-16,7.05,7.1,6.9505,7.05,323199584
2007-04-17,7.3,7.3,6.9505,7.3,300266124
2007-04-18,7,7.35,6.9505,7,227222331
2007-04-19,7.1,7.15,6.8495,7.1,135303911
2007-04-20,7.3,7.4,7.15,7.3,237806724
2007-04-24,7.3,7.35,7.15,7.3,294146169
2007-04-25,7.5,7.5,7.2005,7.5,135653886
2007-04-26,7.25,7.6,7.25,7.25,139243686
2007-04-27,7,7.25,6.9505,7,205252104
2007-04-30,6.55,6.5995,6.25,6.55,368399819
2007-05-01,6.25,6.4505,6.2005,6.25,284867174
2007-05-02,6.2005,6.55,6.15,6.2005,294818004
2007-05-03,6.25,6.3495,6.15,6.25,326377541
2007-05-04,6.2005,6.3,6.05,6.2005,268312818
2007-05-07,6.25,6.3495,6.15,6.25,238091846
2007-05-08,6.3,6.3495,6.2005,6.3,243710210
2007-05-09,6.3495,6.4505,6.3,6.3495,265254636
2007-05-10,6.2005,6.4505,6.15,6.2005,204308832
2007-05-11,6.2005,6.2005,6.05,6.2005,156532925
2007-05-14,6.2005,6.3,6.15,6.2005,103492599
2007-05-15,6.15,6.2005,6.0995,6.15,96592325
2007-05-16,6.3,6.3,6.15,6.3,96749491
2007-05-17,6.3,6.4,6.25,6.3,122197507
2007-05-18,6.3,6.3495,6.2005,6.3,129411933
2007-05-21,6.2005,6.3495,6.2005,6.2005,107541747
2007-05-22,6.2005,6.3,6.2005,6.2005,198298966
2007-05-23,6.15,6.25,6.0995,6.15,176034258
2007-05-24,6.0995,6.0995,6,6.0995,160839071
2007-05-25,6,6.05,6,6,65963771
2007-05-28,6,6.0995,6,6,33753629
2007-05-29,6.15,6.2005,6.05,6.15,231111500
2007-05-30,6.0995,6.15,6.05,6.0995,72441165
2007-05-31,6.15,6.2005,6.0995,6.15,179977842
2007-06-01,6.05,6.15,6.05,6.05,84467436
2007-06-04,6.15,6.2005,6.05,6.15,148285616
2007-06-05,6.25,6.3,6.0995,6.25,275334527
2007-06-06,6.15,6.3,6.0995,6.15,150663801
2007-06-07,6,6.2005,5.9505,6,190994466
2007-06-08,5.8495,5.9505,5.7,5.8495,297455010
2007-06-11,5.9,5.9505,5.8495,5.9,89684904
2007-06-12,5.7,5.9,5.7,5.7,76716005
2007-06-13,5.75,5.8,5.6005,5.75,177075747
2007-06-14,5.8,5.8495,5.75,5.8,160886684
2007-06-15,6,6.05,5.8,6,174857286
2007-06-18,6.2005,6.2005,6.0995,6.2005,183158810
2007-06-19,6.0995,6.2005,6.0995,6.0995,55496595
2007-06-20,6.0995,6.2005,6.0995,6.0995,65122562
2007-06-21,6,6.0995,5.9505,6,93062017
2007-06-22,5.8495,6.05,5.8495,5.8495,115942858
2007-06-25,5.8,5.8495,5.75,5.8,74268940
2007-06-26,5.8495,5.9,5.7,5.8495,151378070
2007-06-27,5.8,5.9,5.75,5.8,162817311
2007-06-28,6.05,6.0995,5.8495,6.05,202161654
2007-06-29,6.15,6.2005,6,6.15,163637888
2007-07-02,6.3,6.3495,6.0995,6.3,152897054
2007-07-03,6.5995,6.65,6.4,6.5995,452674175
2007-07-04,6.8495,7,6.5995,6.8495,366382382
2007-07-05,6.9,7.1,6.8,6.9,353962886
2007-07-06,6.9,6.9505,6.8,6.9,141130773
2007-07-09,7.1,7.2005,7.05,7.1,166218557
2007-07-10,6.9,7.15,6.9,6.9,145527084
2007-07-11,6.8495,6.9505,6.75,6.8495,223367614
2007-07-12,7.25,7.25,6.9,7.25,282001084
2007-07-13,7.25,7.5505,7.2005,7.25,401239823
2007-07-16,7.15,7.3,7.1,7.15,98861037
2007-07-17,7.15,7.2005,6.9505,7.15,145803055
2007-07-18,7.05,7.1,6.9505,7.05,143027746
2007-07-19,7.4495,7.5,7.1,7.4495,417531095
2007-07-20,7.3,7.5,7.25,7.3,343493026
2007-07-23,7.8005,7.9,7.4495,7.8005,594505804
2007-07-24,7.5505,7.8005,7.5505,7.5505,338742233
2007-07-25,7.35,7.4495,7.25,7.35,390975577
2007-07-26,6.9,7.35,6.8,6.9,412885930
2007-07-27,6.8495,6.9,6.55,6.8495,550619348
2007-07-30,6.8495,6.9505,6.65,6.8495,202299494
2007-07-31,7.1,7.2005,6.9,7.1,275276830
2007-08-01,6.8495,6.8495,6.5995,6.8495,432056977
2007-08-02,6.8495,6.9505,6.75,6.8495,172707015
2007-08-03,6.65,6.9,6.65,6.65,161358383
2007-08-06,6.65,6.75,6.5,6.65,168881510
2007-08-07,6.75,6.9,6.75,6.75,139171950
2007-08-08,6.9,7,6.8,6.9,199826728
2007-08-09,6.55,6.9505,6.55,6.55,394598488
2007-08-10,6.4,6.5,6.15,6.4,350347139
2007-08-13,6.5,6.5995,6.3495,6.5,182432298
2007-08-14,6.4505,6.5,6.3495,6.4505,201461506
2007-08-15,6.0995,6.3,6,6.0995,432966612
2007-08-16,5.8,5.9,5.55,5.8,528652413
2007-08-17,6.25,6.3,5.6005,6.25,765908156
2007-08-20,6.05,6.3,6.05,6.05,211229884
2007-08-21,5.9,6.0995,5.8,5.9,365136839
2007-08-22,6.15,6.2005,5.9505,6.15,364630424
2007-08-23,6.15,6.3495,6.0995,6.15,255140464
2007-08-24,6.15,6.2005,6.05,6.15,167385208
2007-08-27,6.25,6.25,6.15,6.25,61796054
2007-08-28,6.2005,6.25,6.0995,6.2005,118857196
2007-08-29,6.0995,6.15,5.9,6.0995,378570291
2007-08-31,6.3495,6.4505,6.25,6.3495,249429432
2007-09-03,6.3,6.4,6.25,6.3,105868871
2007-09-04,6.3,6.4,6.2005,6.3,177343565
2007-09-05,6.15,6.4,6.15,6.15,205320212
2007-09-06,6.2005,6.25,6,6.2005,328869896
2007-09-07,6.15,6.25,6.05,6.15,157247375
2007-09-10,6.05,6.2005,6.05,6.05,186180163
2007-09-11,6.15,6.2005,6.05,6.15,138147057
2007-09-12,6.15,6.2005,6.05,6.15,110779578
2007-09-13,6.2005,6.2005,6.05,6.2005,114915335
2007-09-14,6.5,6.5,6.25,6.5,489064648
2007-09-17,6.55,6.55,6.3495,6.55,160831100
2007-09-18,6.5,6.5995,6.4,6.5,181397347
2007-09-19,7.15,7.2005,6.8495,7.15,564204316
2007-09-20,7.1,7.2005,7.05,7.1,301879181
2007-09-21,7.15,7.2005,7,7.15,200918379
2007-09-24,7.05,7.25,7.05,7.05,135728252
2007-09-25,7,7.1,6.8,7,269031622
2007-09-26,7.3,7.4,7,7.3,256241456
2007-09-27,7.35,7.5,7.3,7.35,143336003
2007-09-28,7.3,7.4495,7.3,7.3,204111299
2007-10-01,7.3,7.3,7.05,7.3,146338764
2007-10-02,7.35,7.6,7.3,7.35,447612378
2007-10-03,7.15,7.35,7.1,7.15,221478895
2007-10-04,7.4495,7.5505,7.15,7.4495,327180432
2007-10-05,8.1,8.15,7.5,8.1,702411510
2007-10-08,8.0505,8.4,8,8.0505,378921789
2007-10-09,8.35,8.5505,7.9495,8.35,435458967
2007-10-10,8.3005,8.4495,8.25,8.3005,253464695
2007-10-11,8.65,8.65,8.3005,8.65,114297189
2007-10-15,8.4495,8.7,8.35,8.4495,502648555
2007-10-16,8.25,8.4495,8.15,8.25,316224889
2007-10-17,8.4,8.4495,8.1,8.4,315120415
2007-10-18,8.1,8.5,8.0505,8.1,289043923
2007-10-19,7.85,8.1,7.8005,7.85,470763240
2007-10-22,7.65,7.6995,7.3,7.65,347137050
2007-10-23,8.0505,8.1995,7.75,8.0505,304665256
2007-10-24,7.9495,8,7.8005,7.9495,232191705
2007-10-25,7.9,8.1,7.85,7.9,361862206
2007-10-26,7.9,8.1,7.9,7.9,293917085
2007-10-30,7.85,8.0505,7.8005,7.85,192870589
2007-10-31,7.9495,8.1,7.8005,7.9495,466410597
2007-11-01,7.85,8.25,7.75,7.85,559390213
2007-11-02,7.75,7.85,7.65,7.75,347562941
2007-11-05,7.65,7.8005,7.5505,7.65,145769772
2007-11-06,7.85,7.85,7.75,7.85,170004793
2007-11-07,7.75,7.9495,7.65,7.75,320143778
2007-11-08,7.6,7.75,7.35,7.6,427913448
2007-11-09,7.35,7.75,7.25,7.35,332059126
2007-11-12,7.4495,7.5,7.3,7.4495,340438852
2007-11-13,7.6,7.6,7.35,7.6,294869888
2007-11-14,7.85,7.9495,7.65,7.85,381294977
2007-11-15,7.6995,7.9495,7.65,7.6995,313261115
2007-11-16,7.6995,7.75,7.6,7.6995,207953492
2007-11-19,7.3,7.75,7.3,7.3,229147127
2007-11-20,7.5505,7.5505,7.25,7.5505,384070559
2007-11-21,7.25,7.4,7.25,7.25,294496406
2007-11-22,7.3,7.35,7.1,7.3,387562496
2007-11-23,7.35,7.4,7.2005,7.35,271892008
2007-11-26,7.4,7.4495,7.25,7.4,217753321
2007-11-27,7,7.3,6.9505,7,429662114
2007-11-28,7.4,7.4,7.15,7.4,288761604
2007-11-29,7.35,7.5,7.3,7.35,263756611
2007-11-30,7.65,7.6995,7.4,7.65,328114544
2007-12-03,7.75,7.8005,7.5,7.75,200156669
2007-12-04,7.6,7.8005,7.5,7.6,228619871
2007-12-05,7.85,7.85,7.6,7.85,322934668
2007-12-06,7.85,7.9,7.6995,7.85,261978171
2007-12-07,8.0505,8.0505,7.8005,8.0505,324926602
2007-12-10,8.1,8.1,7.9,8.1,174203408
2007-12-11,8,8.15,7.9495,8,164802072
2007-12-12,8.1,8.15,7.8005,8.1,402050233
2007-12-13,7.6995,7.9495,7.6995,7.6995,323682302
2007-12-14,7.5505,7.8005,7.5505,7.5505,160550775
2007-12-17,7.25,7.5,7.2005,7.25,260158114
2007-12-18,7.3,7.3,7.15,7.3,246619923
2007-12-19,7.25,7.25,7.15,7.25,58769233
2007-12-24,7.5,7.5,7.3,7.5,145608615
2007-12-25,7.5,7.5,7.4,7.5,36139151
2007-12-26,7.5,7.6,7.4495,7.5,74195145
2007-12-27,7.4495,7.5505,7.4,7.4495,155442372
2007-12-28,7.5,7.5505,7.35,7.5,145108185
2007-12-31,7.35,7.5,7.35,7.35,51254222
2008-01-02,7.25,7.35,7.2005,7.25,71213433
2008-01-03,7.15,7.2005,7,7.15,266856130
2008-01-04,7,7.2005,6.9505,7,246904782
2008-01-07,7.1,7.2005,6.9505,7.1,205645066
2008-01-08,7.25,7.3,7.1,7.25,238935357
2008-01-09,7.2005,7.25,7.1,7.2005,206657434
2008-01-10,7.05,7.2005,7,7.05,151729323
2008-01-11,7,7.1,6.9,7,351545985
2008-01-14,6.8495,6.9505,6.8,6.8495,333334596
2008-01-15,6.5,6.8495,6.4,6.5,496474838
2008-01-16,6.3,6.4,6.2005,6.3,572694286
2008-01-17,6.3,6.4505,6.0995,6.3,710668033
2008-01-18,6.25,6.4,6.0995,6.25,487505651
2008-01-21,5.9505,6.0995,5.75,5.9505,571026397
2008-01-22,6,6.15,5.6005,6,1086354758
2008-01-23,5.75,6.25,5.7,5.75,885671358
2008-01-24,6.0995,6.15,5.9505,6.0995,675469714
2008-01-25,6.3495,6.4,6.2005,6.3495,503968700
2008-01-28,6.05,6.15,6,6.05,427761578
2008-01-29,6.0995,6.2005,6,6.0995,288537145
2008-01-30,6,6.0995,5.9,6,358819895
2008-01-31,5.8,6.05,5.7,5.8,394986544
2008-02-01,6.0995,6.15,5.8495,6.0995,537752176
2008-02-04,6.25,6.3,6.15,6.25,278816579
2008-02-05,6,6.25,5.9505,6,328692877
2008-02-06,5.8495,5.9,5.7,5.8495,586252228
2008-02-07,5.55,5.8495,5.5,5.55,463303523
2008-02-08,5.45,5.7,5.3,5.45,574839115
2008-02-11,5.3,5.4,5.2,5.3,349466979
2008-02-12,5.5,5.6005,5.3,5.5,634959346
2008-02-13,5.7,5.75,5.4,5.7,510875985
2008-02-14,5.8495,5.9,5.75,5.8495,411558312
2008-02-15,5.6005,5.9,5.55,5.6005,267950691
2008-02-18,6,6,5.6005,6,231602571
2008-02-19,6.05,6.15,5.8495,6.05,382125711
2008-02-20,5.9505,6,5.8495,5.9505,301375459
2008-02-21,6.05,6.15,5.9505,6.05,285726466
2008-02-22,5.8,6,5.75,5.8,205726424
2008-02-25,5.7,5.9505,5.7,5.7,192481989
2008-02-26,5.8,5.9505,5.75,5.8,353659426
2008-02-27,5.8495,6,5.8,5.8495,292570159
2008-02-28,5.8,5.9,5.7,5.8,259083876
2008-02-29,5.65,5.8,5.5,5.65,440527748
2008-03-03,5.3505,5.45,5.2495,5.3505,347227668
2008-03-04,5.3,5.45,5.2495,5.3,288921038
2008-03-05,5.45,5.45,5.3,5.45,275478526
2008-03-06,5.3505,5.45,5.2495,5.3505,164918972
2008-03-07,5.3,5.4,5.15,5.3,412498482
2008-03-10,5.4,5.4,5.15,5.4,279210085
2008-03-11,5.75,5.8,5.3,5.75,389391396
2008-03-12,5.9505,6.05,5.8,5.9505,424026582
2008-03-13,5.55,5.7,5.45,5.55,550790807
2008-03-14,5.65,5.8495,5.45,5.65,571569089
2008-03-17,5.2495,5.3505,5.15,5.2495,454339905
2008-03-18,5.55,5.6005,5.2495,5.55,400013489
2008-03-19,5.4,5.7,5.3505,5.4,441403228
2008-03-20,5.2,5.3,5.1005,5.2,285189035
2008-03-21,5.2495,5.3,5.2,5.2495,80659208
2008-03-24,5.45,5.5,5.2,5.45,192576307
2008-03-25,5.4,5.55,5.3,5.4,340052030
2008-03-26,5.3,5.3505,5.2495,5.3,214946279
2008-03-27,5.2495,5.45,5.15,5.2495,312838271
2008-03-28,5.1005,5.3,5.1005,5.1005,206762454
2008-03-31,4.9395,5.1005,4.84,4.9395,387185813
2008-04-01,4.98,5.02,4.7,4.98,534628706
2008-04-02,5.05,5.2,4.9995,5.05,473858297
2008-04-03,4.8505,5.15,4.8505,4.8505,295121273
2008-04-04,5.12,5.12,4.8805,5.12,668097214
2008-04-07,5.2495,5.3505,5.2,5.2495,331035702
2008-04-08,5.2495,5.3505,5.15,5.2495,230280585
2008-04-09,5.45,5.55,5.2,5.45,374291225
2008-04-10,5.4,5.5,5.3,5.4,346911630
2008-04-11,5.3505,5.65,5.3,5.3505,404538517
2008-04-14,5.4,5.4,5.2,5.4,221568225
2008-04-15,5.4,5.5,5.3505,5.4,178000173
2008-04-16,5.3505,5.5,5.3,5.3505,213531771
2008-04-17,5.4,5.5,5.3,5.4,284822645
2008-04-18,5.5,5.6005,5.3,5.5,352986585
2008-04-21,5.55,5.55,5.4,5.55,184828521
2008-04-22,5.45,5.6005,5.45,5.45,113468097
2008-04-24,5.7,5.75,5.4,5.7,316154994
2008-04-25,5.8495,5.9505,5.75,5.8495,272640649
2008-04-28,5.9,6.05,5.9,5.9,124318485
2008-04-29,5.9,5.9505,5.8,5.9,152913650
2008-04-30,5.9,5.9505,5.8,5.9,156047005
2008-05-01,5.65,5.9,5.6005,5.65,234920854
2008-05-02,5.65,5.75,5.55,5.65,375096176
2008-05-05,5.6005,5.7,5.55,5.6005,208961081
2008-05-06,5.55,5.7,5.45,5.55,225807913
2008-05-07,5.55,5.6005,5.5,5.55,185532542
2008-05-08,5.5,5.55,5.4,5.5,173919366
2008-05-09,5.5,5.5,5.3,5.5,142789774
2008-05-12,5.5,5.65,5.45,5.5,131898938
2008-05-13,5.55,5.6005,5.45,5.55,103406715
2008-05-14,5.75,5.8,5.55,5.75,218965581
2008-05-15,5.8,5.8495,5.65,5.8,186695294
2008-05-16,5.65,5.8495,5.65,5.65,138013561
2008-05-20,5.4,5.7,5.4,5.4,226677000
2008-05-21,5.3,5.45,5.2,5.3,146452762
2008-05-22,5.15,5.2495,5.15,5.15,195902380
2008-05-23,4.9995,5.2,4.9995,4.9995,231189839
2008-05-26,4.98,4.9995,4.9,4.98,126928194
2008-05-27,5.1005,5.15,4.9995,5.1005,126312496
2008-05-28,4.92,5.15,4.9,4.92,350243479
2008-05-29,4.86,4.96,4.86,4.86,186277746
2008-05-30,5.0405,5.12,4.9,5.0405,344303789
2008-06-02,5.08,5.12,4.95,5.08,225995189
2008-06-03,5.15,5.2,4.9995,5.15,192358741
2008-06-04,4.9995,5.15,4.95,4.9995,224732769
2008-06-05,5.1005,5.2,4.9995,5.1005,239388547
2008-06-06,4.95,5.15,4.9,4.95,218514768
2008-06-09,4.8805,4.9,4.8205,4.8805,160699780
2008-06-10,4.74,4.84,4.64,4.74,317146630
2008-06-11,4.76,4.8205,4.74,4.76,189262278
2008-06-12,4.9395,4.9395,4.7195,4.9395,220853765
2008-06-13,4.9,4.96,4.8205,4.9,170044616
2008-06-16,4.8205,4.96,4.7795,4.8205,159265964
2008-06-17,4.8205,4.86,4.74,4.8205,223682764
2008-06-18,4.7795,4.84,4.7795,4.7795,84361020
2008-06-19,4.74,4.84,4.7195,4.74,182694575
2008-06-20,4.6605,4.8,4.6605,4.6605,144017995
2008-06-23,4.5595,4.7,4.54,4.5595,165493034
2008-06-24,4.48,4.6005,4.46,4.48,150377029
2008-06-25,4.48,4.52,4.4405,4.48,117388373
2008-06-26,4.3,4.46,4.26,4.3,165722861
2008-06-27,4.04,4.3,4.02,4.04,337597474
2008-06-30,4.0005,4.14,3.96,4.0005,289967696
2008-07-01,3.7205,4.02,3.7,3.7205,405749833
2008-07-02,3.8395,3.86,3.64,3.8395,448152376
2008-07-03,3.82,4.0005,3.64,3.82,1027771404
2008-07-04,3.86,3.9405,3.82,3.86,394305014
2008-07-07,4.0005,4.02,3.86,4.0005,387792695
2008-07-08,3.9405,3.98,3.82,3.9405,393225126
2008-07-09,4.08,4.14,3.98,4.08,466642138
2008-07-10,4.08,4.2205,4.0005,4.08,456481297
2008-07-11,4.02,4.14,3.96,4.02,321056387
2008-07-14,4.18,4.2205,4.0595,4.18,239215591
2008-07-15,4.18,4.2205,4.08,4.18,260344845
2008-07-16,4.46,4.46,4.24,4.46,315574076
2008-07-17,4.76,4.84,4.62,4.76,341499713
2008-07-18,4.8205,4.96,4.74,4.8205,286888202
2008-07-21,5.0405,5.1005,4.8205,5.0405,379151137
2008-07-22,4.86,5.06,4.8205,4.86,294287818
2008-07-23,5.0405,5.06,4.9395,5.0405,328911632
2008-07-24,5.1005,5.12,4.9,5.1005,359786773
2008-07-25,4.76,5.1005,4.7195,4.76,270021780
2008-07-28,4.86,4.92,4.6605,4.86,309416085
2008-07-29,4.96,5.02,4.74,4.96,373651966
2008-07-30,5.3505,5.4,5.12,5.3505,495871139
2008-07-31,5.4,5.75,5.2495,5.4,438895954
2008-08-01,5.45,5.5,5.2,5.45,297082907
2008-08-04,5.5,5.6005,5.3505,5.5,188961367
2008-08-05,5.45,5.65,5.4,5.45,204296399
2008-08-06,5.4,5.65,5.3,5.4,207517561
2008-08-07,5.3505,5.45,5.2,5.3505,252736442
2008-08-08,5.4,5.5,5.3,5.4,162425538
2008-08-11,5.65,5.65,5.3505,5.65,168553111
2008-08-12,5.6005,5.75,5.6005,5.6005,161118670
2008-08-13,5.6005,5.65,5.5,5.6005,123520227
2008-08-14,5.7,5.8,5.6005,5.7,128170018
2008-08-15,5.8,5.9,5.75,5.8,101942971
2008-08-18,5.65,5.8495,5.65,5.65,90910839
2008-08-19,5.4,5.65,5.3505,5.4,146767004
2008-08-20,5.3505,5.5,5.2,5.3505,153707083
2008-08-21,5.45,5.45,5.2495,5.45,129552957
2008-08-22,5.6005,5.65,5.4,5.6005,168244229
2008-08-25,5.7,5.75,5.55,5.7,67756504
2008-08-26,5.6005,5.7,5.55,5.6005,118041526
2008-08-27,5.65,5.8,5.6005,5.65,115498837
2008-08-28,5.75,5.8,5.55,5.75,94459104
2008-08-29,5.7,5.8,5.6005,5.7,74956501
2008-09-01,5.65,5.65,5.5,5.65,71136120
2008-09-02,5.9,5.9505,5.55,5.9,178696132
2008-09-03,5.9,5.9505,5.75,5.9,142585358
2008-09-04,5.65,5.9505,5.6005,5.65,162384092
2008-09-05,5.45,5.55,5.3505,5.45,153081146
2008-09-08,5.8495,5.9,5.7,5.8495,276566639
2008-09-09,5.7,5.9,5.65,5.7,248546188
2008-09-10,5.5,5.75,5.45,5.5,377841866
2008-09-11,5.2495,5.5,5.2,5.2495,210915460
2008-09-12,5.15,5.4,5.1005,5.15,225418298
2008-09-15,4.86,4.95,4.8,4.86,238489895
2008-09-16,4.8,4.86,4.62,4.8,237885797
2008-09-17,4.58,5.02,4.48,4.58,338048061
2008-09-18,4.6005,4.7195,4.32,4.6005,264549427
2008-09-19,5.4,5.55,4.9395,5.4,476764754
2008-09-22,5.2,5.4,5.15,5.2,212432612
2008-09-23,5.1005,5.2495,4.9995,5.1005,315201610
2008-09-24,5.15,5.2495,5.05,5.15,197943006
2008-09-25,5.3505,5.4,5.1005,5.3505,306958273
2008-09-26,5.4,5.45,5.2,5.4,164090061
2008-09-29,5.3505,5.45,5.2495,5.3505,55121799
2008-10-03,5.3,5.3,4.9995,5.3,165904950
2008-10-06,4.92,5.08,4.8505,4.92,163414417
2008-10-07,5.02,5.1005,4.9395,5.02,165897976
2008-10-08,4.98,5.18,4.54,4.98,313804977
2008-10-09,5.1005,5.15,4.9995,5.1005,179206438
2008-10-10,4.58,4.7,4.52,4.58,317233784
2008-10-13,4.48,4.8805,4.48,4.48,357726721
2008-10-14,4.6005,4.8,4.58,4.6005,399842945
2008-10-15,4.4,4.58,4.3805,4.4,195509418
2008-10-16,3.96,4.14,3.86,3.96,590030411
2008-10-17,3.54,4.02,3.54,3.54,411566918
2008-10-20,3.6,3.68,3.46,3.6,426212149
2008-10-21,3.7205,3.96,3.6,3.7205,497811743
2008-10-22,3.58,3.7205,3.52,3.58,378368505
2008-10-23,3.4405,3.7,3.24,3.4405,546588438
2008-10-24,3.3,3.42,3.24,3.3,336397495
2008-10-27,3.48,3.5005,3.24,3.48,289335947
2008-10-28,3.66,3.7,3.54,3.66,136403986
2008-10-30,4.14,4.32,3.98,4.14,423814030
2008-10-31,4.2795,4.32,4.12,4.2795,474355009
2008-11-03,4.3,4.3805,4.26,4.3,191712653
2008-11-04,4.52,4.54,4.26,4.52,245685548
2008-11-05,4.1605,4.52,4.12,4.1605,337286361
2008-11-06,3.98,4.1,3.88,3.98,560646557
2008-11-07,3.82,4.02,3.8,3.82,288817025
2008-11-10,3.82,3.98,3.7795,3.82,258954551
2008-11-11,3.68,3.76,3.6195,3.68,264508617
2008-11-12,3.54,3.7205,3.48,3.54,410031592
2008-11-13,3.6,3.6,3.36,3.6,463645209
2008-11-14,3.76,3.7795,3.6,3.76,397602147
2008-11-17,3.52,3.8,3.4405,3.52,320250094
2008-11-18,3.5595,3.6,3.38,3.5595,340586750
2008-11-19,3.26,3.5595,3.2,3.26,456790996
2008-11-20,3.0605,3.24,3.0005,3.0605,657208763
2008-11-21,3.16,3.1795,3.04,3.16,669814955
2008-11-24,3.58,3.58,3.2205,3.58,751769368
2008-11-25,3.64,3.74,3.46,3.64,690839625
2008-11-26,3.66,3.7,3.6,3.66,319377407
2008-11-27,4.0005,4.04,3.7205,4.0005,384210141
2008-11-28,4.02,4.12,3.88,4.02,380783846
2008-12-01,3.68,4.0005,3.68,3.68,244316122
2008-12-02,3.8,3.8395,3.4405,3.8,505157561
2008-12-03,3.7,3.88,3.66,3.7,299921256
2008-12-04,3.9,3.9405,3.74,3.9,511499092
2008-12-05,3.76,3.92,3.7205,3.76,244895000
2008-12-12,3.88,3.9405,3.76,3.88,330007354
2008-12-15,4.02,4.1,3.96,4.02,351065969
2008-12-16,4.12,4.12,3.9405,4.12,538929873
2008-12-17,4.14,4.2205,4.1,4.14,366223248
2008-12-18,4.1,4.18,4.0595,4.1,362545287
2008-12-19,4.0595,4.14,4.04,4.0595,375510767
2008-12-22,4.12,4.12,4.0595,4.12,129316345
2008-12-23,4.14,4.14,4.0595,4.14,128934720
2008-12-24,4.08,4.14,4.08,4.08,35052126
2008-12-25,4.08,4.1,4.0595,4.08,10490492
2008-12-26,4.12,4.14,4.08,4.12,73567785
2008-12-29,4.12,4.1605,4.1,4.12,82782707
2008-12-30,4.08,4.14,4.08,4.08,50773046
2008-12-31,4.1,4.14,4.04,4.1,103614215
2009-01-02,4.12,4.18,4.1,4.12,128290274
2009-01-05,4.26,4.2795,4.18,4.26,299714119
2009-01-06,4.32,4.36,4.24,4.32,259243401
2009-01-07,4.2,4.34,4.1605,4.2,212112293
2009-01-08,3.92,4.1,3.88,3.92,399165352
2009-01-09,4.02,4.1,3.96,4.02,282230521
2009-01-12,3.8395,3.98,3.82,3.8395,242016385
2009-01-13,3.9405,3.96,3.7795,3.9405,287529393
2009-01-14,3.74,4.0005,3.7205,3.74,319311620
2009-01-15,3.68,3.8,3.64,3.68,463997976
2009-01-16,3.74,3.86,3.7,3.74,365935478
2009-01-19,3.66,3.7795,3.64,3.66,269848389
2009-01-20,3.64,3.7205,3.6195,3.64,300879319
2009-01-21,3.6195,3.64,3.5005,3.6195,335766842
2009-01-22,3.5595,3.7,3.54,3.5595,198169442
2009-01-23,3.52,3.5595,3.46,3.52,255398207
2009-01-26,3.74,3.74,3.52,3.74,350020472
2009-01-27,3.68,3.76,3.6195,3.68,274111567
2009-01-28,3.7795,3.8395,3.76,3.7795,267878230
2009-01-29,3.68,3.7795,3.66,3.68,224872895
2009-01-30,3.68,3.7,3.6,3.68,215221253
2009-02-02,3.58,3.6195,3.54,3.58,190377508
2009-02-03,3.68,3.7,3.6,3.68,199752544
2009-02-04,3.7795,3.7795,3.7,3.7795,181133610
2009-02-05,3.7,3.7795,3.7,3.7,158431239
2009-02-06,3.8395,3.8395,3.76,3.8395,265126210
2009-02-09,3.86,3.88,3.82,3.86,235622979
2009-02-10,3.64,3.8395,3.64,3.64,263421519
2009-02-11,3.5595,3.6,3.48,3.5595,254432181
2009-02-12,3.52,3.58,3.5005,3.52,224423342
2009-02-13,3.5595,3.64,3.54,3.5595,328935229
2009-02-16,3.48,3.54,3.4405,3.48,226765251
2009-02-17,3.3,3.4405,3.26,3.3,432980034
2009-02-18,3.3,3.3395,3.1195,3.3,445089478
2009-02-19,3.38,3.38,3.3,3.38,276820944
2009-02-20,3.26,3.3,3.2,3.26,226787461
2009-02-23,3.2805,3.36,3.24,3.2805,300618366
2009-02-24,3.2805,3.3,3.1795,3.2805,376404422
2009-02-25,3.3,3.36,3.2805,3.3,190420314
2009-02-26,3.2805,3.3395,3.2805,3.2805,195523194
2009-02-27,3.2805,3.3,3.2,3.2805,198072240
2009-03-02,3.2205,3.24,3.1795,3.2205,120697124
2009-03-03,3.2205,3.26,3.2,3.2205,186913504
2009-03-04,3.24,3.2805,3.2,3.24,130880575
2009-03-05,3.1195,3.24,3.1,3.1195,175256415
2009-03-06,3.14,3.14,3.04,3.14,287065139
2009-03-09,3.14,3.16,3.04,3.14,262633328
2009-03-10,3.1795,3.2205,3.1,3.1795,361238954
2009-03-11,3.1795,3.26,3.1795,3.1795,384254207
2009-03-12,3.24,3.24,3.0605,3.24,455465210
2009-03-13,3.2805,3.3395,3.26,3.2805,461461654
2009-03-16,3.2805,3.3395,3.26,3.2805,206162817
2009-03-17,3.2205,3.2805,3.1795,3.2205,266214958
2009-03-18,3.24,3.3,3.2205,3.24,221106166
2009-03-19,3.3,3.3395,3.24,3.3,326667750
2009-03-20,3.36,3.36,3.26,3.36,204639481
2009-03-23,3.66,3.66,3.4405,3.66,736699950
2009-03-24,3.66,3.8395,3.64,3.66,413029692
2009-03-25,3.74,3.76,3.64,3.74,389690003
2009-03-26,3.7205,3.8395,3.7205,3.7205,342770123
2009-03-27,3.74,3.7795,3.66,3.74,285419942
2009-03-30,3.6,3.64,3.5595,3.6,203587671
2009-03-31,3.74,3.76,3.6,3.74,278998685
2009-04-01,3.7795,3.8,3.68,3.7795,266699335
2009-04-02,3.92,3.9405,3.86,3.92,313095750
2009-04-03,3.86,3.98,3.86,3.86,490813341
2009-04-06,3.86,4.0005,3.86,3.86,331089654
2009-04-07,3.9,3.9405,3.86,3.9,280034470
2009-04-08,4.14,4.14,3.86,4.14,523646907
2009-04-09,4.24,4.2795,4.12,4.24,587847211
2009-04-10,4.26,4.2795,4.2,4.26,151295442
2009-04-13,4.2,4.2795,4.2,4.2,145857016
2009-04-14,4.1605,4.26,4.14,4.1605,456695771
2009-04-15,4.2205,4.24,4.08,4.2205,387364536
2009-04-16,4.34,4.3805,4.24,4.34,417109203
2009-04-17,4.2795,4.4,4.2795,4.2795,388213880
2009-04-20,4.12,4.34,4.08,4.12,308510277
2009-04-21,4.12,4.1605,4.04,4.12,385054197
2009-04-22,4.14,4.2,4.1,4.14,294465943
2009-04-24,4.32,4.34,4.1605,4.32,316577620
2009-04-27,4.34,4.3805,4.24,4.34,221709611
2009-04-28,4.24,4.36,4.2205,4.24,212209604
2009-04-29,4.52,4.54,4.2795,4.52,407444112
2009-04-30,4.62,4.7,4.5595,4.62,349087004
2009-05-04,4.6605,4.7195,4.62,4.6605,170541409
2009-05-05,4.7195,4.8,4.64,4.7195,350057210
2009-05-06,4.84,4.9395,4.68,4.84,497276415
2009-05-07,4.8505,5.1005,4.8,4.8505,496902925
2009-05-08,4.84,4.9395,4.6605,4.84,342270518
2009-05-11,4.64,4.9,4.58,4.64,158867370
2009-05-12,4.8,4.86,4.6005,4.8,278880234
2009-05-13,4.84,4.96,4.76,4.84,222084807
2009-05-14,4.9,4.9,4.76,4.9,317044785
2009-05-15,4.8805,4.98,4.8205,4.8805,238830800
2009-05-18,4.9,4.92,4.8,4.9,140455855
2009-05-20,5.18,5.28,4.9395,5.18,266644286
2009-05-21,5.2495,5.45,5.05,5.2495,234886754
2009-05-22,5.3505,5.4,5.2495,5.3505,82786715
2009-05-25,5.3,5.5,5.2,5.3,78011273
2009-05-26,5.2495,5.4,5.1005,5.2495,125150388
2009-05-27,5.3,5.4,5.2495,5.3,87538234
2009-05-28,5.2495,5.3505,5.2,5.2495,79828048
2009-05-29,5.3,5.45,5.2,5.3,156210139
2009-06-01,5.4,5.45,5.2495,5.4,153053758
2009-06-02,5.2495,5.4,5.2,5.2495,139248493
2009-06-03,5.1005,5.2495,4.9995,5.1005,155128764
2009-06-04,4.86,5.1005,4.8205,4.86,207438742
2009-06-05,4.96,5.0405,4.86,4.96,241135064
2009-06-08,4.64,4.9,4.62,4.64,240383956
2009-06-09,4.68,4.7,4.58,4.68,314835547
2009-06-10,4.7795,4.8,4.68,4.7795,438894857
2009-06-11,4.46,4.5,4.24,4.46,384722171
2009-06-12,4.44,4.56,4.4,4.44,217729492
2009-06-15,4.36,4.44,4.32,4.36,177896707
2009-06-16,4.36,4.38,4.28,4.36,146412993
2009-06-17,4.3,4.38,4.26,4.3,193254508
2009-06-18,4.46,4.48,4.26,4.46,329583726
2009-06-19,4.4,4.46,4.34,4.4,341000996
2009-06-22,4.34,4.42,4.32,4.34,144129571
2009-06-23,4.3,4.32,4.26,4.3,129935833
2009-06-24,4.38,4.44,4.3,4.38,232354093
2009-06-25,4.46,4.48,4.38,4.46,346979209
2009-06-26,4.48,4.56,4.46,4.48,379901714
2009-06-29,4.46,4.62,4.46,4.46,315926219
2009-06-30,4.54,4.58,4.5,4.54,159318612
2009-07-01,4.58,4.6,4.52,4.58,96340216
2009-07-02,4.56,4.64,4.52,4.56,183111035
2009-07-03,4.52,4.58,4.5,4.52,71757575
2009-07-06,4.48,4.52,4.42,4.48,123613682
2009-07-07,4.54,4.56,4.48,4.54,122497660
2009-07-08,4.56,4.58,4.48,4.56,171278593
2009-07-09,4.48,4.6,4.48,4.48,156087108
2009-07-10,4.38,4.52,4.36,4.38,184193864
2009-07-13,4.38,4.44,4.28,4.38,176686763
2009-07-14,4.32,4.48,4.3,4.32,309471595
2009-07-15,4.52,4.52,4.36,4.52,237449902
2009-07-16,4.6,4.62,4.5,4.6,266318027
2009-07-17,4.52,4.66,4.5,4.52,243325823
2009-07-20,4.6,4.6,4.54,4.6,69891736
2009-07-21,4.6,4.64,4.54,4.6,129965706
2009-07-22,4.64,4.66,4.58,4.64,187709797
2009-07-23,4.74,4.76,4.66,4.74,189138928
2009-07-24,4.84,4.88,4.74,4.84,278198705
2009-07-27,4.9,4.98,4.84,4.9,238410316
2009-07-28,4.88,4.94,4.84,4.88,152432922
2009-07-29,4.92,4.92,4.78,4.92,362721504
2009-07-30,5.14,5.14,4.94,5.14,420148729
2009-07-31,5.1,5.25,5,5.1,391578719
2009-08-03,5.3,5.3,5.05,5.3,200226490
2009-08-04,5.2,5.35,5.2,5.2,209544716
2009-08-05,5.15,5.4,5.1,5.15,175599891
2009-08-06,5.25,5.3,5.05,5.25,189126256
2009-08-07,5.35,5.4,5.15,5.35,239090256
2009-08-10,5.35,5.45,5.25,5.35,136622624
2009-08-11,5.15,5.35,5.05,5.15,125641323
2009-08-12,5.15,5.2,4.95,5.15,204364491
2009-08-13,5.4,5.6,5.25,5.4,267266500
2009-08-14,5.65,5.8,5.6,5.65,339812889
2009-08-17,5.95,5.95,5.45,5.95,163192374
2009-08-18,5.9,6.1,5.8,5.9,180010964
2009-08-19,6,6.1,5.8,6,179414232
2009-08-20,6.15,6.2,5.95,6.15,169607149
2009-08-21,6.2,6.25,6.05,6.2,145778099
2009-08-24,6.2,6.4,6.1,6.2,153716818
2009-08-25,6.25,6.25,6.1,6.25,116081586
2009-08-26,6.05,6.25,5.95,6.05,130272718
2009-08-27,6.15,6.2,6,6.15,108910810
2009-08-28,6.1,6.2,6,6.1,122948598
2009-08-31,5.95,6.1,5.9,5.95,55561386
2009-09-01,6,6.1,5.9,6,69920960
2009-09-02,5.75,6,5.65,5.75,231440697
2009-09-03,5.7,5.75,5.45,5.7,163712971
2009-09-04,5.45,5.75,5.4,5.45,394393972
2009-09-07,5.35,5.55,5.3,5.35,148653244
2009-09-08,5.35,5.45,5.3,5.35,150056309
2009-09-09,5.3,5.4,5.3,5.3,134810922
2009-09-10,5.4,5.5,5.3,5.4,196507127
2009-09-11,5.65,5.65,5.4,5.65,185147930
2009-09-14,5.55,5.65,5.5,5.55,121616726
2009-09-15,5.35,5.6,5.35,5.35,191184590
2009-09-16,5.55,5.6,5.4,5.55,303597103
2009-09-17,5.6,5.7,5.5,5.6,184420097
2009-09-18,5.55,5.6,5.5,5.55,83407572
2009-09-23,5.6,5.65,5.5,5.6,160186793
2009-09-24,5.75,5.8,5.5,5.75,232363274
2009-09-25,5.7,5.8,5.65,5.7,159289137
2009-09-28,5.9,5.9,5.65,5.9,220399885
2009-09-29,5.9,5.95,5.85,5.9,97573296
2009-09-30,5.8,6,5.7,5.8,250770175
2009-10-01,5.8,5.85,5.7,5.8,97767715
2009-10-02,5.6,5.7,5.45,5.6,270393749
2009-10-05,5.75,5.8,5.5,5.75,132235417
2009-10-06,6.2,6.2,5.85,6.2,337822752
2009-10-07,6.15,6.25,6.05,6.15,217361987
2009-10-08,6.3,6.4,6.25,6.3,310575416
2009-10-09,6.4,6.4,6.25,6.4,256861946
2009-10-12,6.5,6.55,6.35,6.5,124376178
2009-10-13,6.25,6.6,6.25,6.25,248040831
2009-10-14,6.55,6.65,6.4,6.55,257757726
2009-10-15,6.45,6.6,6.35,6.45,179027179
2009-10-16,6.3,6.5,6.2,6.3,245013186
2009-10-19,6.35,6.45,6.3,6.35,45240087
2009-10-20,6.5,6.5,6.35,6.5,169730611
2009-10-21,6.55,6.55,6.4,6.55,122045503
2009-10-22,6.45,6.5,6.35,6.45,120573032
2009-10-23,6.4,6.55,6.4,6.4,124179567
2009-10-26,6.3,6.45,6.3,6.3,152700806
2009-10-27,6.15,6.3,6.1,6.15,153599509
2009-10-28,5.95,6.2,5.95,5.95,71376424
2009-10-30,5.75,6.2,5.7,5.75,220350683
2009-11-02,5.9,5.9,5.5,5.9,204542593
2009-11-03,5.65,5.85,5.6,5.65,219530324
2009-11-04,5.8,5.8,5.6,5.8,177894426
2009-11-05,5.75,5.8,5.6,5.75,179002177
2009-11-06,5.65,5.85,5.6,5.65,156126397
2009-11-09,5.8,5.9,5.7,5.8,127195458
2009-11-10,6,6,5.8,6,87180845
2009-11-11,6.2,6.3,6.05,6.2,163781241
2009-11-12,6.2,6.25,6.05,6.2,143112982
2009-11-13,5.9,6.1,5.8,5.9,180045067
2009-11-16,5.8,6,5.7,5.8,181501050
2009-11-17,5.5,5.8,5.45,5.5,280637881
2009-11-18,5.35,5.55,5.35,5.35,277959769
2009-11-19,5.25,5.45,5.15,5.25,333070500
2009-11-20,5.25,5.3,5.1,5.25,258013280
2009-11-23,5.35,5.4,5.2,5.35,198698494
2009-11-24,5.35,5.45,5.2,5.35,189551218
2009-11-25,5.3,5.5,5.25,5.3,113377253
2009-11-26,5.2,5.35,5.1,5.2,87822712
2009-12-01,5.25,5.3,5.1,5.25,200150752
2009-12-02,5.6,5.6,5.25,5.6,322010441
2009-12-03,5.9,6,5.6,5.9,491074247
2009-12-04,5.9,6,5.8,5.9,246304868
2009-12-07,5.85,5.9,5.75,5.85,169828754
2009-12-08,5.8,6.05,5.8,5.8,243049424
2009-12-09,5.8,5.9,5.7,5.8,170427768
2009-12-10,5.9,5.95,5.75,5.9,201696193
2009-12-11,5.8,5.95,5.75,5.8,130269796
2009-12-14,5.95,6,5.8,5.95,141942247
2009-12-15,6,6,5.85,6,206093157
2009-12-16,6.15,6.15,5.95,6.15,124030364
2009-12-17,6.05,6.15,6,6.05,127434037
2009-12-18,6.1,6.15,6,6.1,130232373
2009-12-21,6.25,6.25,6.05,6.25,159741050
2009-12-22,6.3,6.3,6.2,6.3,67092524
2009-12-23,6.15,6.35,6.15,6.15,99107542
2009-12-24,6.2,6.25,6.15,6.2,17077683
2009-12-25,6.25,6.25,6.2,6.25,6431911
2009-12-28,6.25,6.4,6.25,6.25,77409918
2009-12-29,6.3,6.35,6.2,6.3,47011322
2009-12-30,6.15,6.35,6.15,6.15,74627217
2009-12-31,6.3,6.4,6.25,6.3,149284063
2010-01-04,6.3,6.4,6.2,6.3,126244631
2010-01-05,6.45,6.45,6.3,6.45,196104472
2010-01-06,6.35,6.45,6.25,6.35,98875457
2010-01-07,6.45,6.5,6.25,6.45,152093277
2010-01-08,6.5,6.65,6.45,6.5,241163753
2010-01-11,6.3,6.6,6.3,6.3,161644571
2010-01-12,6.3,6.45,6.3,6.3,211800887
2010-01-13,6.55,6.55,6.25,6.55,168525212
2010-01-14,6.55,6.65,6.5,6.55,150661646
2010-01-15,6.4,6.55,6.3,6.4,313350146
2010-01-18,6.5,6.5,6.35,6.5,121214007
2010-01-19,6.5,6.55,6.35,6.5,133719578
2010-01-20,6.45,6.55,6.4,6.45,169217823
2010-01-21,6.55,6.65,6.45,6.55,197989079
2010-01-22,6.4,6.45,6.3,6.4,158527055
2010-01-25,6.5,6.5,6.35,6.5,116719963
2010-01-26,6.55,6.55,6.3,6.55,139224682
2010-01-27,6.45,6.6,6.4,6.45,134290731
2010-01-28,6.7,6.8,6.5,6.7,231697541
2010-01-29,6.65,6.75,6.55,6.65,122320450
2010-02-01,6.8,6.8,6.6,6.8,96432352
2010-02-02,6.7,6.8,6.65,6.7,82681119
2010-02-03,6.65,6.8,6.65,6.65,98980500
2010-02-04,6.45,6.65,6.35,6.45,153331471
2010-02-05,6.25,6.45,6.1,6.25,188040513
2010-02-08,5.95,6.3,5.85,5.95,258593120
2010-02-09,6,6.1,5.9,6,172194992
2010-02-10,5.95,6.15,5.9,5.95,137278307
2010-02-11,6.05,6.1,5.9,6.05,194365100
2010-02-12,6.1,6.2,6,6.1,182304703
2010-02-15,6,6.15,6,6,107859648
2010-02-16,6.1,6.3,6.1,6.1,145140623
2010-02-17,6.4,6.4,6.2,6.4,158789403
2010-02-18,6.25,6.4,6.2,6.25,151661326
2010-02-19,6.5,6.5,6.1,6.5,234476224
2010-02-22,6.4,6.65,6.35,6.4,147677244
2010-02-23,6.3,6.55,6.2,6.3,211483882
2010-02-24,4.26,4.34,4.18,4.26,186205036
2010-02-25,4.22,4.38,4.14,4.22,276599159
2010-02-26,4.28,4.34,4.18,4.28,191202413
2010-03-01,4.34,4.36,4.28,4.34,142468785
2010-03-02,4.36,4.4,4.3,4.36,233957336
2010-03-03,4.4,4.42,4.32,4.4,186450436
2010-03-04,4.36,4.42,4.3,4.36,151761946
2010-03-05,4.42,4.42,4.32,4.42,241684897
2010-03-08,4.46,4.5,4.4,4.46,219154280
2010-03-09,4.46,4.48,4.4,4.46,156747169
2010-03-10,4.4,4.46,4.38,4.4,138830002
2010-03-11,4.38,4.42,4.34,4.38,131558174
2010-03-12,4.34,4.4,4.28,4.34,115269001
2010-03-15,4.26,4.34,4.24,4.26,72380945
2010-03-16,4.38,4.38,4.26,4.38,139286718
2010-03-17,4.48,4.48,4.4,4.48,184117491
2010-03-18,4.42,4.46,4.36,4.42,130973168
2010-03-19,4.38,4.44,4.36,4.38,93156001
2010-03-22,4.38,4.4,4.32,4.38,133237840
2010-03-23,4.42,4.46,4.38,4.42,118025112
2010-03-24,4.56,4.6,4.42,4.56,321139737
2010-03-25,4.76,4.78,4.56,4.76,255936003
2010-03-26,4.72,4.86,4.7,4.72,214738503
2010-03-29,4.74,4.82,4.72,4.74,75918723
2010-03-30,4.9,4.96,4.78,4.9,161207946
2010-03-31,4.94,5.06,4.88,4.94,249934181
2010-04-01,4.86,4.9,4.82,4.86,145607446
2010-04-02,4.88,4.92,4.86,4.88,75742279
2010-04-05,4.96,4.98,4.92,4.96,74071723
2010-04-06,5,5.02,4.92,5,133905718
2010-04-07,5.06,5.08,4.96,5.06,142952496
2010-04-08,4.98,5.08,4.96,4.98,128736557
2010-04-09,5.05,5.15,5.02,5.05,141828279
2010-04-12,5.15,5.2,5.05,5.15,67858390
2010-04-13,5.1,5.15,5.05,5.1,90147890
2010-04-14,5.25,5.25,5.1,5.25,93286718
2010-04-15,5.25,5.3,5.15,5.25,94809612
2010-04-16,5.2,5.35,5.15,5.2,83259279
2010-04-19,5.25,5.3,5,5.25,114841885
2010-04-20,5.35,5.4,5.25,5.35,78923834
2010-04-21,5.25,5.45,5.2,5.25,54541723
2010-04-22,5.15,5.35,5.1,5.15,147579830
2010-04-26,5.25,5.3,5.15,5.25,81024445
2010-04-27,5.1,5.25,5.1,5.1,59532945
2010-04-28,5.1,5.1,4.95,5.1,196048547
2010-04-29,5.15,5.2,5.05,5.15,94014279
2010-04-30,5.2,5.2,5.05,5.2,73218612
2010-05-03,5.1,5.2,5.1,5.1,54996278
2010-05-04,4.95,5.2,4.9,4.95,128247113
2010-05-05,4.98,5.02,4.9,4.98,194755058
2010-05-06,4.86,5,4.78,4.86,198287786
2010-05-07,4.6,4.72,4.58,4.6,344895554
2010-05-10,5,5.04,4.8,5,213213958
2010-05-11,4.94,4.98,4.84,4.94,178447830
2010-05-12,5.12,5.14,4.92,5.12,301368404
2010-05-13,5.15,5.25,5.05,5.15,145149946
2010-05-14,4.85,5.2,4.85,4.85,207188936
2010-05-17,4.9,4.96,4.76,4.9,160609563
2010-05-18,5.02,5.04,4.94,5.02,132476229
2010-05-20,4.82,4.98,4.76,4.82,279159337
2010-05-21,4.78,4.86,4.7,4.78,258790042
2010-05-24,4.82,4.86,4.72,4.82,214672269
2010-05-25,4.56,4.74,4.52,4.56,259066170
2010-05-26,4.74,4.76,4.6,4.74,216340497
2010-05-27,4.82,4.82,4.72,4.82,177051608
2010-05-28,4.88,4.94,4.84,4.88,210252258
2010-05-31,4.8,4.84,4.76,4.8,119682285
2010-06-01,4.86,4.88,4.72,4.86,174343274
2010-06-02,4.9,4.92,4.8,4.9,235014631
2010-06-03,4.94,5.04,4.92,4.94,248749831
2010-06-04,4.84,4.98,4.8,4.84,165802780
2010-06-07,4.84,4.88,4.72,4.84,164976052
2010-06-08,4.78,4.9,4.74,4.78,190894230
2010-06-09,4.84,4.86,4.78,4.84,144273774
2010-06-10,4.9,4.94,4.78,4.9,229605819
2010-06-11,4.94,5,4.92,4.94,185318058
2010-06-14,5.02,5.08,4.96,5.02,127992774
2010-06-15,5.15,5.15,4.95,5.15,109037662
2010-06-16,5.1,5.2,5.05,5.1,80547557
2010-06-17,5.2,5.25,5.1,5.2,146569663
2010-06-18,5.2,5.3,5.15,5.2,90918557
2010-06-21,5.25,5.35,5.15,5.25,140504724
2010-06-22,5.2,5.3,5.15,5.2,113158224
2010-06-23,5.05,5.2,5.05,5.05,74314834
2010-06-24,5.1,5.15,5.05,5.1,65798334
2010-06-25,5.1,5.15,5.05,5.1,47666134
2010-06-28,5.2,5.25,5.1,5.2,52825901
2010-06-29,5,5.2,4.95,5,100699112
2010-06-30,4.95,5.1,4.9,4.95,147237002
2010-07-01,4.94,4.96,4.88,4.94,196934269
2010-07-02,5.08,5.08,4.94,5.08,167964552
2010-07-05,5.1,5.15,5.05,5.1,49281306
2010-07-06,5.3,5.3,5.15,5.3,123783335
2010-07-07,5.25,5.25,5.15,5.25,100908051
2010-07-08,5.25,5.35,5.25,5.25,144166452
2010-07-09,5.25,5.35,5.15,5.25,132486452
2010-07-12,5.3,5.3,5.2,5.3,40011000
2010-07-13,5.45,5.45,5.25,5.45,184508224
2010-07-14,5.55,5.6,5.5,5.55,134669890
2010-07-15,5.5,5.7,5.5,5.5,209600330
2010-07-16,5.55,5.7,5.5,5.55,140588891
2010-07-19,5.6,5.7,5.5,5.6,102448896
2010-07-20,5.6,5.7,5.5,5.6,65804223
2010-07-21,6,6,5.65,6,169473224
2010-07-22,5.95,6.1,5.85,5.95,163000835
2010-07-23,5.75,5.95,5.7,5.75,165154330
2010-07-26,5.75,5.8,5.7,5.75,115331001
2010-07-27,5.85,5.9,5.75,5.85,166684724
2010-07-28,5.75,5.9,5.7,5.75,132409440
2010-07-29,5.75,5.85,5.7,5.75,83697945
2010-07-30,5.65,5.75,5.5,5.65,110412612
2010-08-02,5.75,5.75,5.65,5.75,59911501
2010-08-03,5.6,5.75,5.6,5.6,132546052
2010-08-04,5.6,5.75,5.55,5.6,154974057
2010-08-05,5.55,5.65,5.45,5.55,144210007
2010-08-06,5.55,5.65,5.45,5.55,88940001
2010-08-09,5.6,5.65,5.55,5.6,74740056
2010-08-10,5.45,5.6,5.45,5.45,61720001
2010-08-11,5.4,5.45,5.35,5.4,50528956
2010-08-12,5.5,5.55,5.35,5.5,184960008
2010-08-13,5.4,5.6,5.35,5.4,120383118
2010-08-16,5.5,5.5,5.4,5.5,81753112
2010-08-17,5.65,5.7,5.5,5.65,153328168
2010-08-18,5.6,5.7,5.55,5.6,117535112
2010-08-19,5.55,5.7,5.5,5.55,129355613
2010-08-20,5.55,5.6,5.5,5.55,78220890
2010-08-23,5.5,5.6,5.5,5.5,101179557
2010-08-24,5.5,5.55,5.4,5.5,113592274
2010-08-25,5.45,5.55,5.4,5.45,75024223
2010-08-26,5.5,5.5,5.4,5.5,85391501
2010-08-27,5.5,5.5,5.45,5.5,49280217
2010-08-31,5.6,5.6,5.4,5.6,114613779
2010-09-01,5.6,5.7,5.55,5.6,133991007
2010-09-02,5.65,5.7,5.6,5.65,81521668
2010-09-03,5.65,5.7,5.6,5.65,81070557
2010-09-06,5.6,5.7,5.6,5.6,27662500
2010-09-07,5.6,5.65,5.55,5.6,48617306
2010-09-08,5.65,5.65,5.55,5.65,58978167
2010-09-13,5.8,5.8,5.65,5.8,155638002
2010-09-14,5.75,5.8,5.7,5.75,56312778
2010-09-15,5.85,5.85,5.7,5.85,166106002
2010-09-16,5.9,5.95,5.75,5.9,157196496
2010-09-17,5.9,6,5.85,5.9,193309963
2010-09-20,5.95,5.95,5.8,5.95,84299723
2010-09-21,5.9,6,5.85,5.9,104907835
2010-09-22,5.9,6,5.85,5.9,100249785
2010-09-23,5.8,6,5.65,5.8,278827953
2010-09-24,5.85,5.9,5.7,5.85,138277835
2010-09-27,5.95,6,5.85,5.95,156195946
2010-09-28,6.2,6.2,5.95,6.2,159001552
2010-09-29,6.2,6.25,6.1,6.2,89899223
2010-09-30,6.15,6.3,6.15,6.15,127093340
2010-10-01,6.1,6.25,6.05,6.1,68444834
2010-10-04,6.2,6.25,6.1,6.2,76445112
2010-10-05,6.3,6.35,6.15,6.3,108705001
2010-10-06,6.4,6.5,6.3,6.4,164147885
2010-10-07,6.3,6.4,6.25,6.3,74392890
2010-10-08,6.3,6.35,6.2,6.3,156439280
2010-10-11,6.55,6.55,6.3,6.55,157541113
2010-10-12,6.65,6.7,6.4,6.65,180575113
2010-10-13,6.75,6.8,6.65,6.75,139155057
2010-10-14,6.65,6.9,6.6,6.65,106045673
2010-10-15,6.85,6.9,6.6,6.85,99650557
2010-10-18,6.9,7,6.75,6.9,121652890
2010-10-19,6.75,6.9,6.65,6.75,177483941
2010-10-20,6.65,6.75,6.6,6.65,233415736
2010-10-21,6.7,6.7,6.55,6.7,101541951
2010-10-22,6.65,6.75,6.6,6.65,107680396
2010-10-25,6.65,6.8,6.65,6.65,78134390
2010-10-26,6.7,6.7,6.6,6.7,64915279
2010-10-27,6.5,6.7,6.4,6.5,98804057
2010-10-28,6.45,6.5,6.3,6.45,67093501
2010-11-01,6.5,6.64,6.48,6.5,215403347
2010-11-02,6.46,6.6,6.4,6.46,243307447
2010-11-03,6.44,6.56,6.42,6.44,138303385
2010-11-04,6.66,6.66,6.5,6.66,297899742
2010-11-05,6.66,6.74,6.62,6.66,178370619
2010-11-08,6.64,6.64,6.58,6.64,121837890
2010-11-09,6.68,6.72,6.6,6.68,234395508
2010-11-10,6.54,6.68,6.48,6.54,287006664
2010-11-11,6.46,6.62,6.38,6.46,220182947
2010-11-12,6.4,6.44,6.34,6.4,154284280
2010-11-15,6.4,6.4,6.36,6.4,57761334
2010-11-22,6.12,6.5,6.08,6.12,265596792
2010-11-23,6,6.14,5.96,6,349612004
2010-11-24,6.18,6.24,5.94,6.18,287132187
2010-11-25,6.18,6.18,6.06,6.18,140722829
2010-11-26,6.02,6.12,5.98,6.02,219299786
2010-11-29,5.66,6.06,5.62,5.66,407139633
2010-11-30,5.82,5.84,5.66,5.82,407247099
2010-12-01,5.84,5.94,5.8,5.84,297395120
2010-12-02,5.92,5.98,5.82,5.92,305957665
2010-12-03,6.04,6.08,5.88,6.04,259270664
2010-12-06,6.08,6.1,6.02,6.1,143430341
2010-12-07,6.1,6.18,6.08,6.12,171678280
2010-12-08,6.08,6.16,6.04,6.1,197876219
2010-12-09,6.1,6.14,5.68,5.74,444314066
2010-12-10,5.76,5.78,5.58,5.64,299109337
2010-12-13,5.66,5.82,5.58,5.82,262032186
2010-12-14,5.82,5.86,5.7,5.78,242132403
2010-12-15,5.74,5.74,5.62,5.64,232235114
2010-12-16,5.62,5.64,5.46,5.5,437389544
2010-12-17,5.54,5.58,5.24,5.34,557797795
2010-12-20,5.36,5.42,5.2,5.42,384082599
2010-12-21,5.46,5.52,5.4,5.52,192340847
2010-12-22,5.52,5.58,5.48,5.58,149968502
2010-12-23,5.6,5.62,5.52,5.62,149198168
2010-12-24,5.62,5.66,5.6,5.64,106160723
2010-12-27,5.62,5.62,5.46,5.58,115905557
2010-12-28,5.6,5.64,5.52,5.56,157022113
2010-12-29,5.6,5.62,5.5,5.54,173473330
2010-12-30,5.54,5.58,5.5,5.52,114604224
2010-12-31,5.54,5.58,5.46,5.5,113935112
2011-01-03,5.54,5.68,5.5,5.66,194420186
2011-01-04,5.7,5.8,5.7,5.74,210076502
2011-01-05,5.74,5.82,5.68,5.8,181557163
2011-01-06,5.82,5.9,5.8,5.82,227941736
2011-01-07,5.8,5.84,5.64,5.68,293160053
2011-01-10,5.64,5.68,5.56,5.6,140044229
2011-01-11,5.62,5.66,5.52,5.56,175470174
2011-01-12,5.58,5.64,5.52,5.54,195241302
2011-01-13,5.58,5.62,5.54,5.56,187353302
2011-01-14,5.56,5.58,5.36,5.42,367827215
2011-01-17,5.42,5.42,5.28,5.3,196858225
2011-01-18,5.34,5.4,5.22,5.22,267249675
2011-01-19,5.28,5.28,5.14,5.2,371560332
2011-01-20,5.18,5.28,5.02,5.06,440372877
2011-01-21,5.06,5.2,5,5.18,340498332
2011-01-24,5.22,5.24,5.06,5.1,264321292
2011-01-25,5.14,5.18,5.02,5.08,261173331
2011-01-26,5.1,5.18,5.06,5.18,254487070
2011-01-27,5.2,5.2,5.06,5.08,188703824
2011-01-28,5.04,5.06,4.88,4.94,292670492
2011-01-31,4.9,5.07,4.86,5.04,287692492
2011-02-01,5.08,5.26,5.08,5.26,272514414
2011-02-02,5.28,5.38,5.24,5.32,372632382
2011-02-03,5.32,5.4,5.14,5.16,326057665
2011-02-04,5.12,5.46,5.08,5.46,431931561
2011-02-07,5.5,5.56,5.28,5.34,283304842
2011-02-08,5.36,5.46,5.32,5.36,256310009
2011-02-09,5.36,5.48,5.3,5.38,273798181
2011-02-10,5.3,5.34,5.18,5.18,305998270
2011-02-11,5.16,5.26,5.14,5.22,282850570
2011-02-14,5.28,5.3,5.18,5.2,151093002
2011-02-15,5.18,5.32,5.18,5.24,215832119
2011-02-16,5.26,5.36,5.22,5.36,200591063
2011-02-17,5.36,5.4,5.28,5.38,233413742
2011-02-18,5.42,5.46,5.36,5.38,156944285
2011-02-21,5.36,5.4,5.28,5.28,140686841
2011-02-22,5.24,5.28,5.18,5.24,244579603
2011-02-23,5.24,5.28,5.04,5.14,339982187
2011-02-24,5.1,5.1,4.98,5,410207210
2011-02-25,5.06,5.16,5.02,5.06,292964259
2011-02-28,5.08,5.1,4.92,4.98,251939825
2011-03-01,5.01,5.05,4.66,4.69,620877263
2011-03-02,4.66,4.78,4.65,4.67,524701784
2011-03-03,4.74,4.85,4.74,4.83,409530949
2011-03-04,4.84,4.91,4.8,4.84,347370621
2011-03-07,4.79,4.82,4.69,4.74,277234614
2011-03-08,4.79,4.85,4.76,4.82,494502439
2011-03-09,4.84,4.97,4.84,4.97,429457994
2011-03-10,4.94,5.04,4.89,5.02,494759384
2011-03-11,4.97,5.06,4.94,5,455437116
2011-03-14,5,5.14,4.99,5.08,514691150
2011-03-15,5.02,5.04,4.9,5.04,581757773
2011-03-16,5.08,5.12,4.92,4.94,402368405
2011-03-17,4.98,5.03,4.94,5.01,398216499
2011-03-18,5.03,5.04,4.89,5.02,561072229
2011-03-21,5.02,5.06,4.98,5,199806708
2011-03-22,5.02,5.06,5,5.06,198100569
2011-03-23,5.04,5.12,4.88,4.92,403390155
2011-03-24,4.9,4.97,4.87,4.96,388816282
2011-03-25,5,5.01,4.95,4.95,218321508
2011-03-28,4.96,5.03,4.94,4.98,287558009
2011-03-29,4.97,4.99,4.87,4.94,269497509
2011-03-30,4.97,4.98,4.93,4.97,139848613
2011-03-31,5,5.01,4.91,4.94,187047374
2011-04-01,4.89,4.96,4.79,4.94,273877609
2011-04-04,4.96,5.17,4.94,5.16,463319622
2011-04-05,5.16,5.26,5.14,5.18,361995338
2011-04-06,5.2,5.36,5.18,5.3,412375483
2011-04-07,5.3,5.42,5.22,5.4,346262004
2011-04-08,5.4,5.42,5.14,5.18,346948332
2011-04-11,5.16,5.24,5.12,5.22,246338675
2011-04-12,5.16,5.24,5.12,5.18,223224480
2011-04-13,5.2,5.32,5.2,5.26,202242775
2011-04-14,5.26,5.3,5.22,5.3,101846118
2011-04-15,5.32,5.36,5.28,5.34,145611613
2011-04-18,5.34,5.36,5.16,5.18,238354775
2011-04-19,5.22,5.32,5.22,5.28,206245552
2011-04-20,5.34,5.36,5.28,5.32,83499779
2011-04-21,5.32,5.36,5.28,5.34,144837163
2011-04-22,5.36,5.36,5.3,5.34,36124062
2011-04-25,5.32,5.36,5.3,5.32,44786639
2011-04-26,5.32,5.34,5.3,5.3,63256890
2011-04-27,5.32,5.34,5.24,5.28,108719835
2011-04-28,5.3,5.32,5.2,5.32,133074946
2011-04-29,5.32,5.4,5.24,5.38,137386718
2011-05-02,5.42,5.42,5.36,5.4,146876446
2011-05-03,5.38,5.5,5.32,5.48,259550936
2011-05-04,5.46,5.56,5.4,5.42,250334120
2011-05-05,5.4,5.48,5.4,5.44,170222169
2011-05-06,5.42,5.44,5.34,5.34,243135592
2011-05-09,5.34,5.5,5.3,5.42,324739393
2011-05-10,5.42,5.44,5.26,5.3,196010113
2011-05-11,5.3,5.32,5.12,5.14,330434009
2011-05-12,5.12,5.34,5.1,5.3,189078780
2011-05-13,5.3,5.32,5.12,5.14,210106491
2011-05-16,5.1,5.2,5.02,5.2,247505886
2011-05-17,5.18,5.22,5.1,5.18,219162330
2011-05-18,5.18,5.22,5.02,5.06,214535375
2011-05-20,5.06,5.08,4.92,4.96,164782057
2011-05-23,4.94,4.97,4.9,4.93,180288502
2011-05-24,4.94,5.07,4.92,5.07,243276108
2011-05-25,5.03,5.14,4.98,4.98,262928842
2011-05-26,5.02,5.06,4.96,4.98,137953952
2011-05-27,5.02,5.04,4.82,4.9,244710114
2011-05-30,4.92,4.94,4.84,4.85,135857502
2011-05-31,4.9,5.02,4.9,4.99,298906126
2011-06-01,4.96,5.01,4.93,4.98,234152175
2011-06-02,4.93,5,4.9,4.99,246116997
2011-06-03,5,5.04,4.89,4.94,302360181
2011-06-06,4.96,5,4.95,5,158630341
2011-06-07,5,5.1,4.99,5.1,185982058
2011-06-08,5.06,5.08,5.02,5.04,278869448
2011-06-09,5.02,5.1,5,5.06,158066385
2011-06-10,5.06,5.14,5.04,5.1,128305218
2011-06-13,5.12,5.22,5.08,5.12,179670002
2011-06-14,5.12,5.14,4.88,4.92,312461287
2011-06-15,4.9,4.91,4.78,4.82,289939826
2011-06-16,4.8,4.84,4.67,4.76,417297055
2011-06-17,4.75,4.82,4.73,4.76,230753347
2011-06-20,4.71,4.73,4.65,4.71,196531819
2011-06-21,4.75,4.84,4.75,4.84,141608674
2011-06-22,4.83,4.84,4.73,4.74,168866113
2011-06-23,4.7,4.82,4.67,4.81,283441820
2011-06-24,4.86,4.89,4.83,4.84,240271292
2011-06-27,4.81,4.82,4.75,4.77,156134613
2011-06-28,4.8,4.87,4.79,4.85,197036225
2011-06-29,4.86,4.88,4.84,4.87,144154113
2011-06-30,4.88,4.99,4.87,4.98,172541830
2011-07-01,4.98,5,4.92,4.96,119589996
2011-07-04,4.96,5.06,4.95,5.06,129195174
2011-07-05,5.04,5.1,5,5.04,143766952
2011-07-06,5.02,5.06,4.94,4.94,141973557
2011-07-07,4.96,5.09,4.93,5.08,185876502
2011-07-08,5.08,5.14,4.98,4.98,195294880
2011-07-11,4.98,5.06,4.92,4.92,133791113
2011-07-12,4.86,4.94,4.84,4.93,231245725
2011-07-13,4.94,4.99,4.93,4.99,130213835
2011-07-14,4.97,5.02,4.95,4.95,111691062
2011-07-15,4.93,5.02,4.93,4.99,145594607
2011-07-18,4.97,5.01,4.88,4.9,111524001
2011-07-19,4.92,4.95,4.86,4.87,106303885
2011-07-20,4.91,4.92,4.85,4.86,119181663
2011-07-21,4.89,4.89,4.72,4.81,230944186
2011-07-22,4.81,4.83,4.68,4.69,185025569
2011-07-25,4.66,4.81,4.6,4.8,152256391
2011-07-26,4.81,4.85,4.76,4.82,171286224
2011-07-27,4.8,4.87,4.78,4.8,178709280
2011-07-28,4.78,4.9,4.78,4.9,285382187
2011-07-29,4.88,4.89,4.81,4.85,269018842
2011-08-01,4.89,4.91,4.84,4.84,234164781
2011-08-02,4.84,4.87,4.8,4.83,185154774
2011-08-03,4.79,4.99,4.77,4.97,281482903
2011-08-04,5,5,4.81,4.82,290989826
2011-08-05,4.7,4.78,4.47,4.49,417790238
2011-08-08,4.44,4.53,4.12,4.13,480017889
2011-08-09,4.15,4.29,3.92,4.24,595605563
2011-08-10,4.26,4.33,3.86,3.92,429777133
2011-08-11,4.06,4.14,3.83,4.13,414438027
2011-08-12,4.1,4.3,4.02,4.24,281257337
2011-08-15,4.3,4.36,4.29,4.35,142448452
2011-08-16,4.32,4.47,4.27,4.45,205808052
2011-08-17,4.4,4.52,4.4,4.44,160636002
2011-08-18,4.4,4.4,4.2,4.24,215949786
2011-08-19,4.2,4.4,4.08,4.38,229498725
2011-08-22,4.16,4.5,4.16,4.44,224726780
2011-08-23,4.47,4.47,4.28,4.33,217216558
2011-08-24,4.33,4.42,4.3,4.42,237165564
2011-08-25,4.43,4.45,4.32,4.32,167892330
2011-08-26,4.34,4.4,4.32,4.39,144695279
2011-08-29,4.42,4.44,4.39,4.41,25267523
2011-09-02,4.45,4.57,4.45,4.48,172061224
2011-09-05,4.4,4.44,4.32,4.34,174442558
2011-09-06,4.33,4.43,4.33,4.41,291207665
2011-09-07,4.48,4.5,4.39,4.4,224210853
2011-09-08,4.4,4.56,4.37,4.55,261875220
2011-09-09,4.52,4.58,4.44,4.46,248536331
2011-09-12,4.38,4.45,4.36,4.43,261616998
2011-09-13,4.46,4.5,4.41,4.48,313161004
2011-09-14,4.45,4.54,4.42,4.45,343410115
2011-09-15,4.45,4.54,4.44,4.51,259917297
2011-09-16,4.51,4.56,4.48,4.54,294607231
2011-09-19,4.49,4.56,4.48,4.52,387404738
2011-09-20,4.52,4.93,4.5,4.84,909914505
2011-09-21,4.84,4.87,4.79,4.83,294202348
2011-09-22,4.76,4.77,4.56,4.57,314638265
2011-09-23,4.59,4.6,4.38,4.41,311592104
2011-09-26,4.3,4.56,4.29,4.5,288182276
2011-09-27,4.62,4.66,4.6,4.64,133366885
2011-09-28,4.62,4.77,4.62,4.69,309686637
2011-09-29,4.7,4.79,4.7,4.77,258731775
2011-09-30,4.77,4.81,4.65,4.81,217832275
2011-10-03,4.75,4.86,4.7,4.75,355409337
2011-10-04,4.72,4.76,4.54,4.55,300903065
2011-10-05,4.6,4.66,4.52,4.53,214855230
2011-10-06,4.57,4.64,4.54,4.55,195093947
2011-10-07,4.58,4.64,4.53,4.63,164093841
2011-10-10,4.66,4.75,4.63,4.75,119326729
2011-10-11,4.74,4.8,4.7,4.74,134778563
2011-10-12,4.77,4.84,4.75,4.8,166339724
2011-10-13,4.79,4.84,4.69,4.71,181691063
2011-10-14,4.74,4.79,4.7,4.76,115698896
2011-10-17,4.8,4.82,4.68,4.7,132104224
2011-10-18,4.68,4.75,4.66,4.73,147077668
2011-10-19,4.75,4.79,4.59,4.6,213294402
2011-10-20,4.55,4.58,4.29,4.32,268742492
2011-10-21,4.32,4.41,4.31,4.38,308103781
2011-10-24,4.4,4.42,4.18,4.27,354525154
2011-10-25,4.25,4.32,4.2,4.22,277397592
2011-10-26,4.23,4.27,4.07,4.07,253520447
2011-10-27,4.14,4.24,4.12,4.21,208889325
2011-10-28,4.24,4.27,4.21,4.24,61534334
2011-10-31,4.22,4.23,4.11,4.13,112626551
2011-11-01,4.06,4.07,3.97,4.04,222010225
2011-11-02,4.07,4.15,4.03,4.13,163216113
2011-11-03,4.05,4.22,4.04,4.2,319827609
2011-11-04,4.21,4.23,4.12,4.14,126084563
2011-11-10,4.04,4.06,3.99,4.01,413786460
2011-11-11,4.02,4.07,4.02,4.06,173625835
2011-11-14,4.08,4.11,4.02,4.04,166549891
2011-11-15,4.04,4.06,4,4.04,159944002
2011-11-16,4.01,4.07,4.01,4.03,143343718
2011-11-17,4.04,4.04,3.9,3.92,202390169
2011-11-18,3.91,3.95,3.88,3.9,135600502
2011-11-21,3.9,3.91,3.68,3.72,168634885
2011-11-22,3.75,3.76,3.59,3.67,268427392
2011-11-23,3.63,3.68,3.57,3.62,330793171
2011-11-24,3.64,3.66,3.5,3.53,311080670
2011-11-25,3.53,3.59,3.43,3.57,403658249
2011-11-28,3.6,3.66,3.58,3.65,206517169
2011-11-29,3.63,3.63,3.56,3.59,233341064
2011-11-30,3.55,3.78,3.53,3.78,320409965
2011-12-01,3.78,3.82,3.7,3.71,273979953
2011-12-02,3.73,3.82,3.72,3.8,210176997
2011-12-05,3.8,3.85,3.78,3.83,182667102
2011-12-06,3.8,3.8,3.68,3.71,266582186
2011-12-07,3.75,3.77,3.69,3.71,202716408
2011-12-08,3.73,3.73,3.54,3.56,248194836
2011-12-09,3.49,3.58,3.46,3.55,258642670
2011-12-12,3.54,3.57,3.42,3.44,158775113
2011-12-13,3.45,3.49,3.41,3.43,197099219
2011-12-14,3.4,3.4,3.25,3.28,326576109
2011-12-15,3.28,3.36,3.27,3.32,320147554
2011-12-16,3.35,3.46,3.34,3.41,259308942
2011-12-19,3.38,3.45,3.27,3.31,187377563
2011-12-20,3.32,3.4,3.27,3.4,223785786
2011-12-21,3.42,3.46,3.34,3.35,305796054
2011-12-22,3.37,3.39,3.31,3.33,223310614
2011-12-23,3.36,3.39,3.33,3.36,151126674
2011-12-26,3.38,3.44,3.36,3.44,52805278
2011-12-27,3.43,3.44,3.39,3.4,82085001
2011-12-28,3.39,3.41,3.32,3.33,119972668
2011-12-29,3.33,3.35,3.29,3.34,127638229
2011-12-30,3.35,3.37,3.29,3.31,106911057
2012-01-02,3.31,3.39,3.3,3.35,115639940
2012-01-03,3.37,3.56,3.37,3.55,200868125
2012-01-04,3.54,3.57,3.39,3.41,266770770
2012-01-05,3.42,3.43,3.33,3.37,228285375
2012-01-06,3.37,3.43,3.26,3.3,269816409
2012-01-09,3.32,3.33,3.14,3.21,352033771
2012-01-10,3.25,3.31,3.22,3.27,215516558
2012-01-11,3.26,3.34,3.25,3.32,311229604
2012-01-12,3.34,3.43,3.33,3.38,326921509
2012-01-13,3.41,3.42,3.31,3.35,177230841
2012-01-16,3.36,3.46,3.34,3.46,211261830
2012-01-17,3.5,3.54,3.41,3.45,395065110
2012-01-18,3.44,3.49,3.38,3.48,327726998
2012-01-19,3.48,3.58,3.45,3.58,607790024
2012-01-20,3.61,3.63,3.55,3.58,385821966
2012-01-23,3.57,3.66,3.53,3.62,290723115
2012-01-24,3.6,3.64,3.54,3.62,243408186
2012-01-25,3.64,3.65,3.57,3.59,307483009
2012-01-26,3.64,3.81,3.64,3.78,576301135
2012-01-27,3.78,3.84,3.76,3.81,337635159
2012-01-30,3.77,3.82,3.76,3.81,336886787
2012-01-31,3.85,3.87,3.71,3.71,476306211
2012-02-01,3.71,3.86,3.71,3.86,363093082
2012-02-02,3.86,3.98,3.84,3.96,537087634
2012-02-03,3.94,3.99,3.92,3.94,382075960
2012-02-06,3.94,3.99,3.92,3.99,262588220
2012-02-07,4,4.03,3.95,3.96,453756383
2012-02-08,4,4.03,3.98,4.02,234057381
2012-02-09,4.02,4.08,3.94,3.96,316437376
2012-02-10,3.94,3.96,3.9,3.94,242486547
2012-02-13,3.98,4.1,3.97,4.07,338159510
2012-02-14,4.07,4.14,3.96,3.98,533553262
2012-02-15,4.08,4.11,4.03,4.07,453427566
2012-02-16,4.04,4.12,4.04,4.12,248095553
2012-02-17,4.15,4.3,4.12,4.29,339535010
2012-02-20,4.33,4.4,4.31,4.34,241640108
2012-02-21,4.32,4.36,4.29,4.34,255274720
2012-02-22,4.35,4.38,4.26,4.29,259656925
2012-02-23,4.3,4.3,4.08,4.09,363525960
2012-02-24,4.12,4.16,3.97,4.01,403040888
2012-02-27,3.99,4.01,3.92,3.97,271510787
2012-02-28,4,4.09,3.99,4.06,372382860
2012-02-29,4.07,4.18,4.06,4.16,477205733
2012-03-01,4.12,4.21,4.1,4.17,309656343
2012-03-02,4.15,4.19,4.12,4.16,142996174
2012-03-05,4.13,4.14,4.01,4.01,245810786
2012-03-06,4.02,4.05,3.95,3.95,330316887
2012-03-07,3.97,4.07,3.97,4.06,258428042
2012-03-08,4.1,4.15,4.05,4.07,272791148
2012-03-09,4.1,4.1,4.01,4.02,210790108
2012-03-12,4.01,4.06,3.99,4,164729830
2012-03-13,4.05,4.09,4.03,4.03,245972658
2012-03-14,4.08,4.16,4.07,4.14,300148398
2012-03-15,4.15,4.18,4.12,4.18,230806230
2012-03-16,4.18,4.33,4.18,4.32,412334599
2012-03-19,4.32,4.4,4.29,4.37,360627154
2012-03-20,4.35,4.36,4.25,4.31,296219165
2012-03-21,4.33,4.36,4.31,4.34,228902453
2012-03-22,4.36,4.38,4.29,4.3,269215886
2012-03-23,4.33,4.33,4.27,4.28,207888002
2012-03-26,4.28,4.4,4.27,4.4,302612676
2012-03-27,4.41,4.47,4.39,4.42,352912787
2012-03-28,4.41,4.44,4.35,4.35,271826048
2012-03-29,4.34,4.37,4.32,4.32,205091886
2012-03-30,4.36,4.41,4.36,4.39,184245508
2012-04-02,4.35,4.37,4.31,4.37,222935964
2012-04-03,4.4,4.47,4.39,4.39,318823504
2012-04-04,4.35,4.36,4.3,4.33,195382947
2012-04-05,4.35,4.35,4.21,4.23,428981516
2012-04-06,4.23,4.24,4.1,4.11,241362436
2012-04-09,4.08,4.13,4.06,4.11,252380342
2012-04-10,4.12,4.14,4.03,4.03,437289677
2012-04-11,4.01,4.11,3.99,4.1,482393150
2012-04-12,4.11,4.16,4.08,4.16,279455670
2012-04-13,4.16,4.19,4.13,4.13,231682664
2012-04-16,4.1,4.21,4.1,4.16,260514175
2012-04-17,4.15,4.19,4.12,4.14,355304282
2012-04-18,4.18,4.19,4.11,4.12,314345337
2012-04-19,4.13,4.16,4.08,4.09,200525825
2012-04-20,4.09,4.13,4.09,4.1,129900002
2012-04-24,4.04,4.07,4.02,4.05,152935168
2012-04-25,4.08,4.1,4.03,4.08,171060224
2012-04-26,4.1,4.14,4.07,4.14,200039675
2012-04-27,4.12,4.16,4.05,4.08,233440847
2012-04-30,4.1,4.11,4,4.02,166843719
2012-05-02,4.02,4.06,3.88,3.89,266395553
2012-05-03,3.9,3.95,3.9,3.93,193860269
2012-05-04,3.94,3.99,3.93,3.94,174016224
2012-05-07,3.88,3.91,3.85,3.88,186033836
2012-05-08,3.88,3.96,3.87,3.9,171583391
2012-05-09,3.92,3.95,3.87,3.89,166046780
2012-05-10,3.93,3.97,3.92,3.96,187123286
2012-05-11,3.93,4.06,3.93,4.05,158243057
2012-05-14,4.03,4.07,3.94,3.94,169928441
2012-05-15,3.96,3.98,3.89,3.94,170175113
2012-05-16,3.9,3.98,3.88,3.98,219449503
2012-05-17,3.97,4,3.84,3.85,297032231
2012-05-18,3.8,3.85,3.77,3.81,398795666
2012-05-21,3.83,3.86,3.8,3.81,186019558
2012-05-22,3.85,3.91,3.83,3.91,204261286
2012-05-23,3.87,3.88,3.79,3.82,222653953
2012-05-24,3.84,3.85,3.74,3.77,166245996
2012-05-25,3.73,3.84,3.71,3.75,275941237
2012-05-28,3.8,3.82,3.76,3.8,179966008
2012-05-29,3.83,3.92,3.83,3.9,228306058
2012-05-30,3.88,3.89,3.8,3.83,277221381
2012-05-31,3.84,3.87,3.76,3.76,374543449
2012-06-01,3.78,3.8,3.73,3.8,343813326
2012-06-04,3.77,3.84,3.76,3.81,297511003
2012-06-05,3.83,3.86,3.81,3.84,324415954
2012-06-06,3.86,3.9,3.85,3.88,283985681
2012-06-07,3.91,3.96,3.89,3.92,305015154
2012-06-08,3.9,4,3.9,4,224619164
2012-06-11,4.11,4.12,4.01,4.01,232053519
2012-06-12,4,4.1,4,4.09,233145447
2012-06-13,4.11,4.12,4.07,4.11,238079342
2012-06-14,4.11,4.19,4.1,4.18,219466841
2012-06-15,4.19,4.23,4.17,4.23,187204669
2012-06-18,4.27,4.29,4.17,4.18,112701051
2012-06-19,4.18,4.27,4.18,4.27,189561113
2012-06-20,4.33,4.36,4.3,4.34,173779830
2012-06-21,4.33,4.48,4.33,4.48,214046858
2012-06-22,4.45,4.53,4.43,4.5,211427280
2012-06-25,4.45,4.49,4.42,4.42,164792719
2012-06-26,4.45,4.47,4.39,4.46,164106391
2012-06-27,4.47,4.75,4.47,4.71,345195771
2012-06-28,4.71,4.73,4.6,4.64,187489108
2012-06-29,4.72,4.8,4.7,4.8,181872008
2012-07-02,4.8,4.82,4.72,4.74,108798829
2012-07-03,4.76,4.87,4.76,4.87,121396118
2012-07-04,4.91,4.99,4.88,4.97,182704235
2012-07-05,4.97,4.99,4.81,4.82,200363525
2012-07-06,4.83,4.94,4.8,4.89,191401108
2012-07-09,4.91,4.96,4.88,4.89,106456057
2012-07-10,4.89,5.01,4.89,4.96,236510547
2012-07-11,4.96,5,4.93,4.93,135651607
2012-07-12,4.93,4.93,4.81,4.83,124485451
2012-07-13,4.84,4.85,4.75,4.77,174163835
2012-07-16,4.77,4.81,4.68,4.69,176946885
2012-07-17,4.72,4.73,4.64,4.65,128475502
2012-07-18,4.66,4.75,4.64,4.7,191911224
2012-07-19,4.72,4.77,4.7,4.75,144455502
2012-07-20,4.75,4.82,4.67,4.73,191657013
2012-07-23,4.7,4.71,4.6,4.64,168245002
2012-07-24,4.64,4.76,4.6,4.74,234298269
2012-07-25,4.72,4.81,4.72,4.81,255238264
2012-07-26,4.83,5,4.83,4.99,183401997
2012-07-27,5,5.04,4.97,5.02,225922553
2012-07-30,5.02,5.14,4.98,5.12,203459336
2012-07-31,5.12,5.26,5.1,5.26,176692113
2012-08-01,5.18,5.2,5.06,5.1,139290118
2012-08-02,5.1,5.2,5,5.12,348896443
2012-08-03,5.12,5.36,5.12,5.32,199372397
2012-08-06,5.32,5.5,5.32,5.42,167567841
2012-08-07,5.42,5.48,5.26,5.3,219607597
2012-08-08,5.28,5.32,5.14,5.2,225674330
2012-08-09,5.24,5.3,5.14,5.2,213170230
2012-08-10,5.2,5.28,5.12,5.28,187779386
2012-08-13,5.28,5.38,5.26,5.3,200418880
2012-08-14,5.32,5.34,5.18,5.2,164648330
2012-08-15,5.2,5.28,5.12,5.28,198041952
2012-08-16,5.3,5.36,5.28,5.32,148142452
2012-08-17,5.34,5.4,5.32,5.38,133766952
2012-08-22,5.38,5.46,5.36,5.42,130606502
2012-08-23,5.44,5.48,5.38,5.4,188714674
2012-08-24,5.38,5.48,5.38,5.4,95563057
2012-08-27,5.4,5.44,5.38,5.42,55204140
2012-08-28,5.44,5.54,5.44,5.46,155945835
2012-08-29,5.48,5.5,5.4,5.42,164498774
2012-08-31,5.4,5.54,5.34,5.54,201005886
2012-09-03,5.52,5.64,5.48,5.58,178665497
2012-09-04,5.6,5.62,5.5,5.52,202775569
2012-09-05,5.52,5.64,5.48,5.6,201212675
2012-09-06,5.62,5.64,5.54,5.6,176861613
2012-09-07,5.6,5.72,5.56,5.66,222454341
2012-09-10,5.68,5.72,5.62,5.66,102069785
2012-09-11,5.66,5.68,5.62,5.64,71486445
2012-09-12,5.66,5.72,5.64,5.64,147478280
2012-09-13,5.66,5.66,5.52,5.56,192826563
2012-09-14,5.66,5.72,5.62,5.66,155918057
2012-09-17,5.64,5.66,5.6,5.66,116703779
2012-09-18,5.64,5.66,5.52,5.54,168249946
2012-09-19,5.58,5.62,5.4,5.4,261873681
2012-09-20,5.36,5.4,5.3,5.36,235679736
2012-09-21,5.44,5.68,5.44,5.62,335365065
2012-09-24,5.56,5.66,5.54,5.6,232156403
2012-09-25,5.62,5.76,5.62,5.76,298584442
2012-09-26,5.7,5.9,5.68,5.7,277541387
2012-09-27,5.76,5.8,5.68,5.72,160289230
2012-09-28,5.76,5.78,5.62,5.64,200400219
2012-10-01,5.6,5.64,5.5,5.62,259634053
2012-10-02,5.62,5.74,5.62,5.68,196079775
2012-10-03,5.68,5.74,5.58,5.58,220789219
2012-10-04,5.58,5.66,5.48,5.64,271724114
2012-10-05,5.68,5.8,5.6,5.7,493153956
2012-10-08,5.7,5.76,5.64,5.74,291931776
2012-10-09,5.76,5.82,5.72,5.78,266658486
2012-10-10,5.76,5.84,5.74,5.84,297507015
2012-10-11,5.84,5.94,5.82,5.92,336671659
2012-10-12,5.9,5.96,5.86,5.88,290928670
2012-10-15,5.88,5.9,5.8,5.84,176523452
2012-10-16,5.9,5.96,5.86,5.88,208289280
2012-10-17,5.92,5.96,5.9,5.92,182125219
2012-10-18,5.94,5.96,5.86,5.92,149894835
2012-10-19,5.92,5.98,5.9,5.98,181310280
2012-10-22,6,6.16,5.98,6.16,169289724
2012-10-23,6.16,6.18,5.98,6.04,155816885
2012-10-24,6.06,6.06,5.96,6,44761823
2012-10-30,6.02,6.14,6,6.14,86823445
2012-10-31,6.16,6.24,6.08,6.1,291513153
2012-11-01,6.12,6.14,6.06,6.12,211287675
2012-11-02,6.12,6.12,5.84,5.94,257506447
2012-11-05,5.96,6.16,5.8,5.98,513388850
2012-11-06,5.96,6.02,5.88,5.9,309640565
2012-11-07,5.94,6,5.84,5.84,283810681
2012-11-08,5.88,5.96,5.8,5.94,296435070
2012-11-09,5.94,6.02,5.84,5.86,361493732
2012-11-12,5.84,5.86,5.76,5.78,177878335
2012-11-13,5.74,5.8,5.64,5.78,339885593
2012-11-14,5.8,5.92,5.72,5.76,331370665
2012-11-15,5.76,5.76,5.66,5.74,275208120
2012-11-16,5.72,5.76,5.64,5.64,190464713
2012-11-19,5.66,5.68,5.48,5.6,281830887
2012-11-20,5.64,5.64,5.54,5.6,197089219
2012-11-21,5.6,5.72,5.54,5.56,236090408
2012-11-22,5.58,5.68,5.56,5.6,141254724
2012-11-23,5.62,5.7,5.56,5.68,162542274
2012-11-26,5.7,5.8,5.7,5.8,148585007
2012-11-27,5.8,5.84,5.66,5.74,292305170
2012-11-28,5.76,5.8,5.66,5.76,210906447
2012-11-29,5.8,5.82,5.72,5.72,192552669
2012-11-30,5.74,5.78,5.68,5.76,202750047
2012-12-03,5.78,5.88,5.76,5.86,316966715
2012-12-04,5.86,5.94,5.82,5.92,413574616
2012-12-05,5.98,6.12,5.92,6.1,409269883
2012-12-06,6.04,6.12,6,6.02,335865609
2012-12-07,6,6.1,5.98,6.08,195801958
2012-12-10,6.08,6.14,6.04,6.12,249187675
2012-12-11,6.12,6.16,6.08,6.12,309983293
2012-12-12,6.14,6.16,6.04,6.14,248643820
2012-12-13,6.16,6.2,6.06,6.06,224772269
2012-12-14,6.08,6.1,6,6,195974002
2012-12-17,6.02,6.16,6,6.16,164292452
2012-12-18,6.18,6.2,6.12,6.16,253514109
2012-12-19,6.18,6.2,6.08,6.08,193284791
2012-12-20,6.08,6.16,6.06,6.12,145459279
2012-12-21,6.08,6.12,6.04,6.08,104325890
2012-12-24,6.08,6.16,6.06,6.14,83745001
2012-12-25,6.16,6.18,6.14,6.14,46296839
2012-12-26,6.16,6.26,6.16,6.2,144452835
2012-12-27,6.22,6.3,6.2,6.2,152286841
2012-12-28,6.24,6.28,6.16,6.22,147392557
2012-12-31,6.22,6.24,6.16,6.18,84564112
2013-01-02,6.24,6.3,6.18,6.3,188683724
2013-01-03,6.3,6.42,6.24,6.38,229124436
2013-01-04,6.34,6.4,6.22,6.24,226394403
2013-01-07,6.26,6.34,6.26,6.3,124800835
2013-01-08,6.3,6.42,6.3,6.38,144869391
2013-01-09,6.42,6.46,6.28,6.46,267212392
2013-01-10,6.5,6.5,6.38,6.42,164603885
2013-01-11,6.44,6.48,6.4,6.44,96482607
2013-01-14,6.48,6.54,6.44,6.54,162939724
2013-01-15,6.56,6.6,6.46,6.54,128191613
2013-01-16,6.56,6.76,6.56,6.72,193323897
2013-01-17,6.76,6.82,6.68,6.76,226085008
2013-01-18,6.78,7.02,6.78,6.96,203184552
2013-01-21,7,7.2,6.92,7.14,109318274
2013-01-22,7.14,7.36,7.08,7.22,229482336
2013-01-23,7.24,7.44,7.22,7.4,145013285
2013-01-24,7.44,7.52,7.28,7.38,216285508
2013-01-25,7.4,7.4,7.16,7.16,173268946
2013-01-28,7.18,7.18,6.6,6.64,319389459
2013-01-29,6.62,6.66,6.48,6.66,258221725
2013-01-30,6.66,6.76,6.38,6.4,200297075
2013-01-31,6.38,6.6,6.38,6.5,187115780
2013-02-01,6.5,6.68,6.4,6.66,196536936
2013-02-04,6.66,6.74,6.56,6.62,167147669
2013-02-05,6.66,6.7,6.52,6.54,117028062
2013-02-06,6.54,6.62,6.5,6.52,150893057
2013-02-07,6.52,6.54,6.24,6.24,208265608
2013-02-08,6.26,6.44,6.2,6.4,206469164
2013-02-11,6.4,6.44,6.28,6.28,144881835
2013-02-12,6.3,6.46,6.28,6.36,152564446
2013-02-13,6.38,6.54,6.38,6.46,210604669
2013-02-14,6.44,6.46,6.3,6.38,154441280
2013-02-15,6.42,6.62,6.38,6.54,200433508
2013-02-18,6.58,6.66,6.52,6.6,166751780
2013-02-19,6.6,6.64,6.54,6.58,197026325
2013-02-20,6.6,6.64,6.52,6.56,202694708
2013-02-21,6.52,6.52,6.28,6.3,246065781
2013-02-22,6.34,6.34,6.04,6.04,248549892
2013-02-25,6.08,6.26,6.02,6.2,129796496
2013-02-26,6.12,6.38,6.1,6.34,153054613
2013-02-27,6.36,6.42,6.28,6.36,182973330
2013-02-28,6.4,6.44,6.36,6.42,195299830
2013-03-01,6.42,6.44,6.32,6.44,233020708
2013-03-04,6.44,6.56,6.44,6.52,181325163
2013-03-05,6.54,6.64,6.52,6.56,224574719
2013-03-06,6.6,6.74,6.54,6.72,367159293
2013-03-07,6.76,6.8,6.58,6.62,373981993
2013-03-08,6.66,6.84,6.6,6.78,376786160
2013-03-11,6.8,6.86,6.72,6.74,272557292
2013-03-12,6.74,6.82,6.68,6.74,258263003
2013-03-13,6.76,6.78,6.66,6.66,202595013
2013-03-14,6.68,6.72,6.6,6.64,154500502
2013-03-15,6.68,6.82,6.66,6.74,194441952
2013-03-18,6.66,6.82,6.66,6.78,258700114
2013-03-19,6.82,6.84,6.62,6.66,206265391
2013-03-20,6.7,6.76,6.62,6.62,112194607
2013-03-21,6.62,6.76,6.6,6.66,236705231
2013-03-22,6.66,6.66,6.54,6.64,201526563
2013-03-25,6.7,6.72,6.58,6.6,148071391
2013-03-26,6.64,6.74,6.58,6.72,209676047
2013-03-27,6.74,6.78,6.62,6.72,288707731
2013-03-28,6.82,6.9,6.74,6.88,246222725
2013-03-29,6.9,6.98,6.86,6.96,125485113
2013-04-01,6.84,6.92,6.78,6.88,110905218
2013-04-02,6.88,6.9,6.78,6.86,134751229
2013-04-03,6.86,6.9,6.76,6.76,144389052
2013-04-04,6.76,6.78,6.66,6.66,126405840
2013-04-05,6.7,6.7,6.46,6.46,236326175
2013-04-08,6.5,6.74,6.5,6.74,147143218
2013-04-09,6.76,6.78,6.52,6.58,249998331
2013-04-10,6.62,6.64,6.54,6.58,209789736
2013-04-11,6.66,6.72,6.62,6.72,304564220
2013-04-12,6.72,6.76,6.66,6.72,271967514
2013-04-15,6.68,6.84,6.66,6.8,222298786
2013-04-16,6.82,6.86,6.7,6.76,360751065
2013-04-17,6.8,6.84,6.68,6.68,149302496
2013-04-18,6.7,6.74,6.5,6.52,183075330
2013-04-19,6.56,6.56,6.38,6.5,225462480
2013-04-22,6.54,6.64,6.5,6.64,103721279
2013-04-24,6.74,6.82,6.72,6.78,185055385
2013-04-25,6.78,6.86,6.76,6.84,136111057
2013-04-26,6.84,6.86,6.74,6.8,82372612
2013-04-29,6.82,6.84,6.76,6.84,63337779
2013-04-30,6.86,7,6.84,6.92,212824891
2013-05-02,6.94,7.2,6.92,7.18,247470403
2013-05-03,7.2,7.32,7.16,7.26,280256492
2013-05-06,7.26,7.38,7.26,7.38,140240441
2013-05-07,7.38,7.5,7.3,7.34,258560897
2013-05-08,7.38,7.62,7.26,7.58,279018275
2013-05-09,7.58,7.62,7.4,7.44,216872897
2013-05-10,7.46,7.48,7.3,7.42,142333552
2013-05-13,7.36,7.5,7.34,7.42,150774113
2013-05-14,7.46,7.6,7.44,7.6,175349841
2013-05-15,7.62,7.72,7.58,7.7,191462630
2013-05-16,7.7,7.76,7.64,7.68,178375608
2013-05-17,7.8,7.8,7.64,7.72,204165669
2013-05-20,7.72,7.74,7.4,7.46,138926174
2013-05-21,7.54,7.56,7.42,7.54,178511113
2013-05-22,7.56,7.72,7.54,7.7,244496486
2013-05-23,7.46,7.58,7.44,7.58,260590670
2013-05-24,7.6,7.66,7.54,7.54,155218396
2013-05-27,7.56,7.56,7.46,7.46,87859557
2013-05-28,7.5,7.56,7.32,7.32,179097885
2013-05-29,7.22,7.22,7.02,7.08,215898397
2013-05-30,7.08,7.18,7.06,7.14,160602780
2013-05-31,7.16,7.18,6.88,6.96,244434270
2013-06-03,6.46,6.74,6.18,6.22,383308249
2013-06-04,6.34,6.6,6.34,6.48,420663633
2013-06-05,6.4,6.46,6.28,6.3,354004887
2013-06-06,6.26,6.32,5.64,5.88,544877873
2013-06-07,5.9,6.16,5.8,6.12,485204389
2013-06-10,5.98,6.06,5.88,5.9,332124482
2013-06-11,5.96,6.1,5.68,5.74,408424355
2013-06-12,5.8,5.92,5.74,5.9,334580559
2013-06-13,5.86,5.96,5.82,5.86,292022487
2013-06-14,6,6.16,5.98,6.1,347875571
2013-06-17,6,6.16,5.96,6.02,256125003
2013-06-18,6.06,6.12,5.9,5.96,236574786
2013-06-19,6.02,6.08,5.96,6.04,131349613
2013-06-20,5.92,5.92,5.5,5.56,420306255
2013-06-21,5.62,5.64,5.44,5.46,285974264
2013-06-24,5.42,5.5,5.08,5.16,234475525
2013-06-25,5.24,5.4,5.16,5.18,249744836
2013-06-26,5.28,5.5,5.22,5.46,227761680
2013-06-27,5.52,5.76,5.52,5.72,244115347
2013-06-28,5.78,5.88,5.54,5.7,250070708
2013-07-01,5.74,5.78,5.62,5.7,170974785
2013-07-02,5.72,5.74,5.64,5.68,138676607
2013-07-03,5.6,5.6,5.36,5.4,190045663
2013-07-04,5.46,5.58,5.3,5.58,199398113
2013-07-05,5.62,5.62,5.28,5.28,223214258
2013-07-08,5.3,5.34,5.1,5.18,236922181
2013-07-09,5.28,5.34,5.06,5.12,264566781
2013-07-10,5.2,5.24,4.94,5,256192931
2013-07-11,5.2,5.26,4.86,4.98,579167801
2013-07-12,5.02,5.16,4.88,5.14,638177785
2013-07-15,5.14,5.42,5.14,5.4,497249356
2013-07-16,5.38,5.44,5.32,5.36,264464175
2013-07-17,5.36,5.54,5.28,5.52,544465673
2013-07-18,5.52,5.56,5.4,5.5,452655344
2013-07-19,5.46,5.48,5.34,5.34,192580624
2013-07-22,5.38,5.38,5.28,5.32,140034563
2013-07-23,5.36,5.46,5.18,5.2,342939737
2013-07-24,5.22,5.24,5.04,5.08,235235508
2013-07-25,5.02,5.16,4.96,5.12,310484943
2013-07-26,5.14,5.18,5.02,5.06,267134853
2013-07-29,5.04,5.09,4.94,5.08,285451459
2013-07-30,5.16,5.28,5.14,5.26,250157120
2013-07-31,5.26,5.28,5.08,5.14,324375743
2013-08-01,5.22,5.24,5.12,5.12,219475891
2013-08-02,5.14,5.28,5.04,5.22,387399138
2013-08-05,5.22,5.32,5.14,5.2,279097442
2013-08-06,5.22,5.22,5.12,5.14,147761774
2013-08-07,5.1,5.14,5.08,5.12,40717984
2013-08-12,5.16,5.26,5.12,5.26,203275675
2013-08-13,5.28,5.38,5.26,5.3,258887742
2013-08-14,5.3,5.36,5.26,5.28,214466341
2013-08-15,5.28,5.32,5.1,5.12,225967386
2013-08-16,5.16,5.16,5.06,5.12,182212069
2013-08-19,5.06,5.08,5,5,181664997
2013-08-20,5,5.04,4.96,5.03,199541341
2013-08-21,5.02,5.04,4.88,4.89,251935681
2013-08-22,4.84,4.85,4.73,4.83,339971793
2013-08-23,4.89,4.9,4.76,4.82,229608053
2013-08-26,4.83,4.88,4.73,4.87,166728885
2013-08-27,4.8,4.8,4.67,4.69,263346336
2013-08-28,4.65,4.79,4.59,4.77,470346228
2013-08-29,4.8,4.86,4.76,4.78,370630949
2013-09-02,4.86,4.89,4.83,4.87,200689519
2013-09-03,4.88,4.88,4.75,4.77,237224047
2013-09-04,4.79,4.82,4.74,4.77,235851369
2013-09-05,4.77,4.78,4.71,4.76,192646119
2013-09-06,4.76,4.9,4.73,4.82,359444015
2013-09-09,4.87,4.99,4.86,4.98,342540887
2013-09-10,5.03,5.12,5.01,5.08,313440931
2013-09-11,5.06,5.12,5,5.04,279007514
2013-09-12,5.08,5.14,4.98,5.14,273784270
2013-09-13,5.1,5.16,5.04,5.06,289180448
2013-09-16,5.2,5.34,5.18,5.3,392623743
2013-09-17,5.28,5.36,5.26,5.36,286962848
2013-09-18,5.36,5.42,5.34,5.34,271230192
2013-09-19,5.64,5.92,5.64,5.74,791513898
2013-09-20,5.76,5.76,5.52,5.58,339869560
2013-09-23,5.58,5.64,5.48,5.52,290621837
2013-09-24,5.52,5.58,5.42,5.48,244941736
2013-09-25,5.46,5.56,5.42,5.5,238191342
2013-09-26,5.5,5.54,5.44,5.46,121172724
2013-09-27,5.46,5.46,5.38,5.4,124190940
2013-09-30,5.34,5.38,5.24,5.34,203195119
2013-10-01,5.38,5.5,5.38,5.5,152929724
2013-10-02,5.5,5.52,5.36,5.36,202819163
2013-10-03,5.42,5.48,5.38,5.46,125357163
2013-10-04,5.44,5.48,5.4,5.4,83849501
2013-10-07,5.38,5.38,5.26,5.32,127405946
2013-10-08,5.3,5.36,5.26,5.26,125388390
2013-10-09,5.24,5.28,5.12,5.18,225925958
2013-10-10,5.22,5.34,5.2,5.3,139889391
2013-10-11,5.36,5.4,5.32,5.38,112418946
2013-10-14,5.36,5.4,5.34,5.34,26320117
2013-10-21,5.52,5.6,5.48,5.58,152417113
2013-10-22,5.56,5.68,5.54,5.64,192160441
2013-10-23,5.6,5.64,5.54,5.56,161065835
2013-10-24,5.58,5.64,5.56,5.58,128153118
2013-10-25,5.56,5.64,5.52,5.6,127882996
2013-10-28,5.64,5.66,5.6,5.64,62091723
2013-10-30,5.64,5.7,5.54,5.58,190785330
2013-10-31,5.52,5.56,5.42,5.48,141431285
2013-11-01,5.48,5.48,5.32,5.32,190094663
2013-11-04,5.3,5.38,5.28,5.28,138886502
2013-11-05,5.28,5.36,5.1,5.1,178209835
2013-11-06,5.16,5.24,5.1,5.22,160382835
2013-11-07,5.2,5.3,5.18,5.2,164243891
2013-11-08,5.2,5.26,5.02,5.02,278976998
2013-11-11,5.02,5.08,4.9,4.94,264071336
2013-11-12,4.96,4.99,4.89,4.96,239655386
2013-11-13,4.93,5.06,4.91,5.06,342700437
2013-11-14,5.2,5.22,5.15,5.18,241591064
2013-11-15,5.2,5.34,5.18,5.22,189975741
2013-11-18,5.26,5.38,5.24,5.34,150092396
2013-11-19,5.32,5.34,5.2,5.26,150537502
2013-11-20,5.26,5.28,5.12,5.24,215426325
2013-11-21,5.14,5.2,5.12,5.16,251812436
2013-11-22,5.2,5.28,5.18,5.24,182272224
2013-11-25,5.32,5.38,5.3,5.3,130486396
2013-11-26,5.28,5.3,5.16,5.2,164983891
2013-11-27,5.2,5.22,5.14,5.14,136082674
2013-11-28,5.16,5.2,5.1,5.12,84503223
2013-11-29,5.12,5.2,5.08,5.2,149941613
2013-12-02,5.22,5.24,5.1,5.14,192708769
2013-12-03,5.12,5.16,4.94,4.96,348154454
2013-12-04,4.94,5.04,4.92,5.03,225679886
2013-12-05,5.01,5.03,4.92,4.93,232000264
2013-12-06,4.98,5.04,4.89,5.02,305877998
2013-12-09,5.05,5.1,5.02,5.06,148332285
2013-12-10,5.04,5.06,4.96,5,205758769
2013-12-11,4.98,5.1,4.96,4.98,262745336
2013-12-12,4.96,4.98,4.91,4.92,261065886
2013-12-13,4.95,4.99,4.94,4.97,266147225
2013-12-16,4.96,5.07,4.95,5.06,274042931
2013-12-17,4.96,5.02,4.7,4.8,370025788
2013-12-18,4.7,4.91,4.67,4.89,360051999
2013-12-19,4.84,4.97,4.77,4.81,289188176
2013-12-20,4.83,4.9,4.79,4.84,207966886
2013-12-23,4.9,4.92,4.75,4.81,113070724
2013-12-24,4.8,4.87,4.79,4.84,111582835
2013-12-25,4.86,4.9,4.68,4.68,134449340
2013-12-26,4.69,4.72,4.47,4.54,122109724
2013-12-27,4.54,4.55,4.33,4.51,137386113
2013-12-30,4.57,4.74,4.57,4.74,165338446
2013-12-31,4.72,4.78,4.6,4.65,188898113
2014-01-02,4.65,4.66,4.52,4.59,159799663
2014-01-03,4.59,4.63,4.5,4.54,181623224
2014-01-06,4.55,4.73,4.51,4.69,352932949
2014-01-07,4.66,4.76,4.63,4.71,416980038
2014-01-08,4.7,4.73,4.6,4.6,232446336
2014-01-09,4.57,4.61,4.54,4.61,121788390
2014-01-10,4.64,4.75,4.61,4.74,239257769
2014-01-13,4.77,4.79,4.7,4.7,162141280
2014-01-14,4.65,4.75,4.63,4.75,205638108
2014-01-15,4.75,4.81,4.72,4.77,245099436
2014-01-16,4.68,4.75,4.65,4.68,201571163
2014-01-17,4.69,4.76,4.63,4.64,236132769
2014-01-20,4.6,4.67,4.6,4.64,169789446
2014-01-21,4.67,4.75,4.63,4.65,289679387
2014-01-22,4.72,4.75,4.67,4.7,233380708
2014-01-23,4.67,4.71,4.47,4.47,419224960
2014-01-24,4.5,4.52,4.25,4.37,491922661
2014-01-27,4.38,4.47,4.28,4.43,277282014
2014-01-28,4.47,4.5,4.32,4.35,232992669
2014-01-29,4.4,4.46,4,4.13,480181083
2014-01-30,4.12,4.17,3.99,4.17,332682059
2014-01-31,4.2,4.2,4.05,4.05,255934397
2014-02-03,4.08,4.11,4.02,4.05,173436558
2014-02-04,4.01,4.15,3.97,4.15,274039892
2014-02-05,4.15,4.22,4.12,4.12,263494709
2014-02-06,4.14,4.28,4.11,4.27,408148183
2014-02-07,4.27,4.31,4.22,4.24,295544665
2014-02-10,4.23,4.25,4.17,4.24,225843297
2014-02-11,4.28,4.34,4.24,4.29,261369881
2014-02-12,4.33,4.35,4.29,4.3,170223830
2014-02-13,4.27,4.28,4.18,4.19,190608619
2014-02-14,4.21,4.31,4.21,4.31,232902453
2014-02-17,4.35,4.38,4.32,4.34,184590885
2014-02-18,4.35,4.35,4.26,4.27,193742841
2014-02-19,4.26,4.27,4.2,4.24,177120674
2014-02-20,4.22,4.26,4.17,4.25,181144163
2014-02-21,4.26,4.27,4.2,4.22,101382335
2014-02-24,4.22,4.26,4.21,4.25,128451107
2014-02-25,4.15,4.15,4.08,4.09,145470674
2014-02-26,4.09,4.13,4.02,4.02,150931285
2014-02-27,4.02,4.09,4,4.07,197215213
2014-02-28,4.08,4.14,4.07,4.09,167414174
2014-03-03,4.04,4.04,3.99,4.02,121705668
2014-03-04,4.09,4.18,4.07,4.14,131788163
2014-03-05,4.15,4.21,4.12,4.18,202912847
2014-03-06,4.2,4.23,4.16,4.21,272302214
2014-03-07,4.22,4.22,4.13,4.13,141761452
2014-03-10,4.11,4.13,4.08,4.12,132257946
2014-03-11,4.14,4.16,4.09,4.09,106079723
2014-03-12,4.02,4.14,4.02,4.14,174202669
2014-03-13,4.15,4.21,4.14,4.14,147263946
2014-03-14,4.11,4.17,4.11,4.16,136025218
2014-03-17,4.2,4.24,4.18,4.22,130985113
2014-03-18,4.22,4.37,4.22,4.35,265186636
2014-03-19,4.33,4.38,4.31,4.33,196301002
2014-03-20,4.31,4.38,4.3,4.33,132343168
2014-03-21,4.3,4.31,4.26,4.3,109454007
2014-03-24,4.3,4.33,4.19,4.2,81006057
2014-03-25,4.2,4.34,4.19,4.3,193500847
2014-03-26,4.35,4.57,4.35,4.56,316495904
2014-03-27,4.55,4.61,4.44,4.44,206681447
2014-03-28,4.48,4.61,4.48,4.61,233592492
2014-03-31,4.66,4.75,4.6,4.75,304880776
2014-04-01,4.72,4.74,4.58,4.72,197324047
2014-04-02,4.71,4.79,4.68,4.78,204873441
2014-04-03,4.78,4.97,4.78,4.87,265149286
2014-04-04,4.95,5.02,4.88,4.96,224417386
2014-04-07,4.94,5.01,4.92,4.98,143113729
2014-04-08,5.03,5.14,5.03,5.14,215528108
2014-04-09,5.13,5.15,5.03,5.06,197459225
2014-04-10,5.1,5.21,5.1,5.17,193850891
2014-04-11,5.1,5.14,5.01,5.07,163723113
2014-04-14,5.03,5.16,5.03,5.14,160134224
2014-04-15,5.16,5.19,5.03,5.03,187903886
2014-04-16,5.12,5.12,4.98,5.01,176993502
2014-04-17,5.03,5.08,5.02,5.05,150246174
2014-04-18,5.05,5.09,5.05,5.05,48211273
2014-04-21,5.07,5.07,5.03,5.06,40893539
2014-04-22,5.06,5.08,5.02,5.03,123279007
2014-04-24,5.04,5.06,4.94,4.98,148469502
2014-04-25,5.01,5.01,4.86,4.86,90872946
2014-04-28,4.86,4.98,4.82,4.96,174745230
2014-04-29,4.98,5.03,4.92,4.92,130682335
2014-04-30,4.94,5.1,4.93,4.97,324030037
2014-05-02,5.08,5.18,5.08,5.13,280070770
2014-05-05,5.15,5.16,5.05,5.1,157766507
2014-05-06,5.13,5.2,5.13,5.17,160738335
2014-05-07,5.16,5.18,5.09,5.1,142403613
2014-05-08,5.14,5.3,5.14,5.26,275766842
2014-05-09,5.28,5.3,5.22,5.25,120772007
2014-05-12,5.32,5.38,5.27,5.28,158962057
2014-05-13,5.32,5.35,5.22,5.25,120266829
2014-05-14,5.28,5.34,5.26,5.32,162872563
2014-05-15,5.33,5.38,5.23,5.26,165515835
2014-05-16,5.27,5.29,5.2,5.27,101745335
2014-05-20,5.31,5.32,5.25,5.32,106374718
2014-05-21,5.33,5.44,5.31,5.43,224010614
2014-05-22,5.47,6.01,5.39,5.61,318480126
2014-05-23,5.63,5.74,5.6,5.7,210698941
2014-05-26,5.7,5.82,5.7,5.82,127048774
2014-05-27,5.84,5.88,5.63,5.67,182544163
2014-05-28,5.68,5.83,5.6,5.7,296734853
2014-05-29,5.76,5.92,5.76,5.88,265364892
2014-05-30,5.9,6.03,5.89,5.97,271597748
2014-06-02,6.01,6.02,5.85,5.86,169632108
2014-06-03,5.88,5.99,5.84,5.88,217845664
2014-06-04,5.82,5.93,5.82,5.82,155460330
2014-06-05,5.86,6.06,5.86,5.98,386098010
2014-06-06,6.01,6.05,6,6.02,167683619
2014-06-09,6.05,6.13,6.05,6.08,151061946
2014-06-10,6.1,6.15,6.08,6.15,135601174
2014-06-11,6.16,6.26,5.95,6.01,383186204
2014-06-12,5.96,6.08,5.91,5.99,337705604
2014-06-13,5.96,6.01,5.91,5.93,178761841
2014-06-16,5.89,5.9,5.71,5.71,170262341
2014-06-17,5.75,5.82,5.68,5.69,283283770
2014-06-18,5.71,5.73,5.62,5.67,170615063
2014-06-19,5.78,5.83,5.74,5.74,203897963
2014-06-20,5.7,5.73,5.68,5.69,78690168
2014-06-23,5.72,5.89,5.72,5.87,140257285
2014-06-24,5.91,5.99,5.83,5.83,174957780
2014-06-25,5.75,5.83,5.7,5.81,230054453
2014-06-26,5.84,5.85,5.7,5.75,138426996
2014-06-27,5.77,5.8,5.73,5.75,70737945
2014-06-30,5.78,5.81,5.72,5.73,69012001
2014-07-01,5.74,5.79,5.59,5.62,154460668
2014-07-02,5.62,5.65,5.5,5.56,192526997
2014-07-03,5.56,5.64,5.53,5.63,178839997
2014-07-04,5.64,5.66,5.6,5.6,69706779
2014-07-07,5.56,5.74,5.55,5.73,210191519
2014-07-08,5.72,5.8,5.71,5.75,210870769
2014-07-09,5.78,5.83,5.75,5.76,129537057
2014-07-10,5.77,5.79,5.56,5.62,173293891
2014-07-11,5.63,5.69,5.61,5.64,143956946
2014-07-14,5.68,5.84,5.66,5.82,259151064
2014-07-15,5.82,5.91,5.81,5.85,204431080
2014-07-16,5.85,5.94,5.84,5.94,170857230
2014-07-17,5.93,5.95,5.82,5.88,204493514
2014-07-18,5.8,5.96,5.79,5.95,137764229
2014-07-21,5.98,6.05,5.98,5.98,115712057
2014-07-22,6.02,6.08,6,6.02,210334397
2014-07-23,6.04,6.09,6.03,6.06,151289107
2014-07-24,6.07,6.18,6.07,6.17,207555125
2014-07-25,6.19,6.22,6.13,6.18,123550663
2014-07-31,6.14,6.2,5.96,6,161331163
2014-08-01,6,6.04,5.81,6,199170491
2014-08-04,6.02,6.07,5.91,5.91,113445618
2014-08-05,5.95,6,5.66,5.73,237311786
2014-08-06,5.67,5.69,5.5,5.59,264991670
2014-08-07,5.59,5.67,5.54,5.57,195229513
2014-08-08,5.48,5.63,5.45,5.6,302134226
2014-08-11,5.71,5.71,5.39,5.39,311709443
2014-08-12,5.42,5.46,5.35,5.43,215201369
2014-08-13,5.44,5.48,5.35,5.38,233292775
2014-08-14,5.38,5.45,5.35,5.4,206241102
2014-08-15,5.42,5.44,5.28,5.29,187568924
2014-08-18,5.32,5.38,5.26,5.38,162111396
2014-08-19,5.4,5.59,5.4,5.57,277617603
2014-08-20,5.54,5.58,5.44,5.52,168401891
2014-08-21,5.5,5.55,5.48,5.52,133772952
2014-08-22,5.52,5.56,5.48,5.51,104222279
2014-08-25,5.54,5.61,5.52,5.56,106066385
2014-08-26,5.57,5.69,5.57,5.66,210200936
2014-08-27,5.69,5.72,5.6,5.64,230997964
2014-08-28,5.67,5.67,5.61,5.66,138885896
2014-08-29,5.68,5.74,5.57,5.58,204947830
2014-09-01,5.6,5.67,5.58,5.67,70933001
2014-09-02,5.67,5.7,5.62,5.65,130501279
2014-09-03,5.67,5.72,5.66,5.69,194749286
2014-09-04,5.68,5.8,5.67,5.79,283386003
2014-09-05,5.76,5.8,5.73,5.78,149863552
2014-09-08,5.79,5.87,5.77,5.82,197271791
2014-09-09,5.8,5.82,5.54,5.55,285695664
2014-09-10,5.55,5.56,5.39,5.48,289071964
2014-09-11,5.51,5.53,5.4,5.44,191247074
2014-09-12,5.42,5.47,5.34,5.35,150153063
2014-09-15,5.35,5.43,5.33,5.42,155980896
2014-09-16,5.4,5.49,5.36,5.47,258654625
2014-09-17,5.51,5.54,5.47,5.48,191496180
2014-09-18,5.43,5.44,5.31,5.34,245676564
2014-09-19,5.36,5.4,5.28,5.28,146818785
2014-09-22,5.27,5.36,5.24,5.3,162445674
2014-09-23,5.35,5.39,5.31,5.33,175618558
2014-09-24,5.36,5.37,5.17,5.19,162724113
2014-09-25,5.18,5.22,5.08,5.09,216431514
2014-09-26,5.11,5.16,5.04,5.05,197958008
2014-09-29,5.05,5.08,4.97,5.02,149081341
2014-09-30,5.06,5.08,5.02,5.06,141560557
2014-10-01,5.06,5.07,4.95,4.95,130725002
2014-10-02,4.97,5.01,4.91,4.93,130247829
2014-10-03,4.94,4.95,4.9,4.95,36616745
2014-10-08,4.84,4.91,4.83,4.91,140785279
2014-10-09,5.04,5.11,5.01,5.08,182632619
2014-10-10,5.03,5.04,4.89,4.91,149558496
2014-10-13,4.93,5.09,4.91,5.05,189988719
2014-10-14,5.06,5.12,4.95,5.02,207941602
2014-10-15,5.05,5.15,5.03,5.07,332902565
2014-10-16,5.1,5.14,4.95,5.02,296555670
2014-10-17,5.05,5.16,5.05,5.14,220571380
2014-10-20,5.2,5.23,5.17,5.19,180404113
2014-10-21,5.2,5.35,5.18,5.35,229492625
2014-10-22,5.4,5.41,5.35,5.4,212118664
2014-10-23,5.38,5.52,5.35,5.51,279792670
2014-10-24,5.49,5.53,5.43,5.44,197070336
2014-10-27,5.47,5.5,5.35,5.42,194807769
2014-10-28,5.46,5.46,5.4,5.43,48932378
2014-10-30,5.4,5.48,5.38,5.47,231580447
2014-10-31,5.56,5.63,5.54,5.56,232978997
2014-11-03,5.58,5.63,5.48,5.49,212064414
2014-11-04,5.52,5.56,5.48,5.51,196758447
2014-11-05,5.53,5.62,5.43,5.44,228699958
2014-11-06,5.46,5.48,5.21,5.22,311736637
2014-11-07,5.2,5.25,5.17,5.24,251644186
2014-11-10,5.27,5.3,5.19,5.21,141765391
2014-11-11,5.22,5.28,5.19,5.27,160795724
2014-11-12,5.31,5.48,5.31,5.45,283477281
2014-11-13,5.46,5.56,5.39,5.47,324307815
2014-11-14,5.47,5.54,5.46,5.53,271725220
2014-11-17,5.53,5.6,5.49,5.51,331774482
2014-11-18,5.53,5.6,5.52,5.6,193323958
2014-11-19,5.61,5.67,5.56,5.59,332158554
2014-11-20,5.58,5.69,5.56,5.69,300251565
2014-11-21,5.73,5.84,5.72,5.82,255127520
2014-11-24,5.81,5.83,5.75,5.83,186134897
2014-11-25,5.83,5.83,5.72,5.77,230438630
2014-11-26,5.78,5.94,5.77,5.93,223576564
2014-11-27,5.95,6.11,5.92,6.09,195403669
2014-11-28,6.11,6.33,6.11,6.16,350413960
2014-12-01,6.16,6.24,6.01,6.07,414632949
2014-12-02,6,6,5.81,5.81,322656276
2014-12-03,5.83,5.94,5.78,5.89,197291386
2014-12-04,5.88,6.07,5.87,6.05,214192558
2014-12-05,6.06,6.13,5.92,5.94,255652997
2014-12-08,6,6,5.9,5.98,119805274
2014-12-09,5.99,6.05,5.83,5.84,195277825
2014-12-10,5.89,5.95,5.85,5.93,170138946
2014-12-11,5.94,6.17,5.94,6.13,282128998
2014-12-12,6.11,6.14,5.98,6.08,357359660
2014-12-15,6.04,6.18,6.03,6.15,267511070
2014-12-16,6.13,6.25,5.7,5.79,431916977
2014-12-17,5.81,6.14,5.81,6.1,280740564
2014-12-18,6.18,6.36,6.18,6.34,327793126
2014-12-19,6.22,6.32,6.07,6.22,270655948
2014-12-22,6.24,6.31,6.19,6.3,153936274
2014-12-23,6.3,6.39,6.24,6.28,166484385
2014-12-24,6.31,6.38,6.28,6.35,72953279
2014-12-25,6.37,6.39,6.35,6.35,28817745
2014-12-26,6.36,6.41,6.35,6.36,38739367
2014-12-29,6.33,6.36,6.21,6.24,114548329
2014-12-30,6.2,6.33,6.19,6.27,119523224
2014-12-31,6.25,6.95,6.25,6.74,116038551
2015-01-02,6.54,6.55,6.42,6.42,162904169
2015-01-05,6.42,6.52,6.4,6.41,245116714
2015-01-06,6.43,6.46,6.31,6.44,310081970
2015-01-07,6.44,6.53,6.39,6.43,304632770
2015-01-08,6.51,6.52,6.45,6.48,152026607
2015-01-09,6.5,6.59,6.47,6.54,265478453
2015-01-12,6.55,6.72,6.53,6.7,202676630
2015-01-13,6.71,6.76,6.63,6.73,192537786
2015-01-14,6.69,6.75,6.61,6.68,141497168
2015-01-15,6.73,6.83,6.72,6.75,191063674
2015-01-16,6.74,6.78,6.6,6.6,178307058
2015-01-19,6.65,6.76,6.64,6.73,146024341
2015-01-20,6.74,6.89,6.74,6.87,222859836
2015-01-21,6.92,7.01,6.91,7,198368663
2015-01-22,7.03,7.07,6.97,7.06,194500891
2015-01-23,7.07,7.26,7.06,7.16,204003452
2015-01-26,7.14,7.25,7.13,7.25,79068834
2015-01-27,7.29,7.29,7.14,7.16,140727724
2015-01-28,7.21,7.24,7.07,7.1,110747440
2015-01-29,7.03,7.1,6.94,6.95,156881057
2015-01-30,6.99,7.15,6.99,7.13,248155775
2015-02-02,7.13,7.23,7.12,7.18,111149340
2015-02-03,7.2,7.21,6.75,6.77,301816887
2015-02-04,6.8,6.83,6.56,6.56,311357598
2015-02-05,6.57,6.69,6.52,6.62,241213369
2015-02-06,6.62,6.7,6.44,6.49,189568558
2015-02-09,6.5,6.51,6.24,6.47,297261226
2015-02-10,6.52,6.56,6.25,6.32,294181559
2015-02-11,6.35,6.48,6.3,6.39,274588631
2015-02-12,6.42,6.67,6.4,6.67,359545121
2015-02-13,6.69,6.69,6.55,6.58,228867947
2015-02-16,6.62,6.72,6.61,6.69,144100891
2015-02-17,6.66,6.69,6.45,6.45,238912481
2015-02-18,6.46,6.62,6.44,6.57,158651674
2015-02-19,6.68,6.71,6.59,6.65,169070891
2015-02-20,6.63,6.66,6.51,6.53,111604724
2015-02-23,6.52,6.52,6.3,6.39,523087162
2015-02-24,6.42,6.48,6.38,6.47,321400220
2015-02-25,6.53,6.67,6.52,6.54,220575003
2015-02-26,6.52,6.63,6.48,6.48,196666169
2015-02-27,6.55,6.57,6.17,6.29,328307554
2015-03-02,6.34,6.38,6.29,6.34,159336274
2015-03-03,6.35,6.44,6.26,6.39,141889391
2015-03-04,6.39,6.42,6.11,6.12,247493170
2015-03-05,6.05,6.07,5.86,5.91,279845014
2015-03-06,5.9,6.08,5.86,5.86,301653781
2015-03-09,5.94,6.14,5.92,6.01,221879886
2015-03-10,6,6.04,5.69,5.75,218429103
2015-03-11,5.8,5.89,5.65,5.85,213291669
2015-03-12,5.97,5.99,5.79,5.88,197952258
2015-03-13,5.9,5.95,5.64,5.67,223873958
2015-03-16,5.75,5.88,5.72,5.86,176677174
2015-03-17,5.9,6.04,5.9,6.04,155354952
2015-03-18,6.01,6.05,5.85,6.03,166987558
2015-03-19,6.2,6.28,6.16,6.23,229406492
2015-03-20,6.26,6.3,6.19,6.24,146789229
2015-03-23,6.25,6.39,6.23,6.36,127305057
2015-03-24,6.35,6.35,6.13,6.16,195154191
2015-03-25,6.2,6.27,6.11,6.18,180741113
2015-03-26,6.02,6.05,5.93,6.02,172750446
2015-03-27,5.98,5.98,5.82,5.88,206605819
2015-03-30,5.86,6.02,5.85,6.01,237782447
2015-03-31,6.01,6.04,5.81,5.87,177627941
2015-04-01,5.82,5.82,5.73,5.8,159866280
2015-04-02,5.81,5.86,5.73,5.73,206113891
2015-04-03,5.77,5.85,5.68,5.84,167074446
2015-04-06,5.86,5.94,5.84,5.93,115994390
2015-04-07,5.93,5.94,5.79,5.83,141708335
2015-04-08,5.81,5.93,5.79,5.91,134311502
2015-04-09,5.88,5.97,5.86,5.93,179379169
2015-04-10,5.93,5.97,5.8,5.83,158508835
2015-04-13,5.83,5.88,5.75,5.79,95521723
2015-04-14,5.76,5.87,5.7,5.85,193459119
2015-04-15,5.82,5.84,5.74,5.74,137047668
2015-04-16,5.81,5.9,5.77,5.88,145499341
2015-04-17,5.92,5.96,5.85,5.91,109957390
2015-04-20,5.93,5.95,5.86,5.9,108086501
2015-04-21,5.88,6.08,5.82,6.07,249612003
2015-04-22,6.1,6.16,5.95,5.96,202438002
2015-04-24,6,6.12,5.97,6.09,163047385
2015-04-27,6.11,6.28,6.07,6.24,182131663
2015-04-28,6.24,6.32,6.18,6.21,149354168
2015-04-29,6.22,6.26,6.14,6.14,185789219
2015-04-30,6.15,6.19,5.96,6.02,200338502
2015-05-04,5.98,6.04,5.92,6.01,109023168
2015-05-05,6.01,6.06,5.95,5.95,120661946
2015-05-06,5.97,5.98,5.77,5.77,251114175
2015-05-07,5.74,5.82,5.7,5.8,251602931
2015-05-08,5.81,5.92,5.75,5.9,236659553
2015-05-11,5.9,5.99,5.87,5.93,177307891
2015-05-12,5.96,5.96,5.88,5.92,173389108
2015-05-13,5.94,6.13,5.94,6.13,267195164
2015-05-14,6.11,6.28,6.1,6.22,259288631
2015-05-15,6.24,6.29,6.18,6.23,143218891
2015-05-18,6.22,6.37,6.22,6.36,149657335
2015-05-20,6.33,6.37,6.16,6.17,241292842
2015-05-21,6.19,6.26,6.02,6.04,253186936
2015-05-22,6.06,6.06,5.89,5.93,294048115
2015-05-25,5.92,5.92,5.74,5.74,231238503
2015-05-26,5.74,5.85,5.72,5.72,201712263
2015-05-27,5.76,5.79,5.66,5.76,318284181
2015-05-28,5.78,5.82,5.7,5.7,288760487
2015-05-29,5.71,5.81,5.66,5.66,245908336
2015-06-01,5.64,5.64,5.43,5.43,208685964
2015-06-02,5.45,5.57,5.45,5.54,204211741
2015-06-03,5.55,5.74,5.53,5.73,263985592
2015-06-04,5.68,5.68,5.55,5.57,313532120
2015-06-05,5.54,5.72,5.53,5.69,307926937
2015-06-08,5.1,5.38,5.09,5.26,333686682
2015-06-09,5.31,5.43,5.29,5.32,312142670
2015-06-10,5.36,5.52,5.36,5.52,247828108
2015-06-11,5.52,5.62,5.45,5.58,282076564
2015-06-12,5.58,5.67,5.53,5.57,210726780
2015-06-15,5.6,5.62,5.4,5.4,173322008
2015-06-16,5.42,5.57,5.41,5.49,132160507
2015-06-17,5.53,5.66,5.53,5.64,189146858
2015-06-18,5.74,5.75,5.67,5.67,166319891
2015-06-19,5.7,5.72,5.62,5.69,198736636
2015-06-22,5.72,5.8,5.72,5.76,203567602
2015-06-23,5.77,5.78,5.64,5.7,200603563
2015-06-24,5.7,5.82,5.68,5.78,176772885
2015-06-25,5.79,5.86,5.71,5.72,159822613
2015-06-26,5.71,5.85,5.71,5.8,154927496
2015-06-29,5.68,5.82,5.68,5.71,146749113
2015-06-30,5.73,5.78,5.61,5.64,222854669
2015-07-01,5.66,5.72,5.56,5.61,236094664
2015-07-02,5.59,5.65,5.52,5.65,187371724
2015-07-03,5.65,5.69,5.55,5.55,122320335
2015-07-06,5.53,5.71,5.52,5.7,183923897
2015-07-07,5.74,5.75,5.58,5.58,181659441
2015-07-08,5.55,5.57,5.46,5.49,204362002
2015-07-09,5.54,5.68,5.54,5.65,155729830
2015-07-10,5.71,5.79,5.71,5.72,158603613
2015-07-13,5.74,5.8,5.7,5.77,158910669
2015-07-14,5.8,5.85,5.72,5.74,164792719
2015-07-15,5.76,5.79,5.68,5.71,111815496
2015-07-16,5.72,5.74,5.67,5.68,70897779
2015-07-20,5.67,5.67,5.48,5.5,217489519
2015-07-21,5.54,5.55,5.41,5.45,312594559
2015-07-22,5.46,5.47,5.38,5.42,193334269
2015-07-23,5.41,5.43,5.18,5.2,188534897
2015-07-24,5.15,5.3,5.14,5.25,153958724
2015-07-27,5.25,5.28,5.13,5.16,160558174
2015-07-28,5.2,5.27,5.17,5.19,214365825
2015-07-29,5.2,5.33,5.18,5.33,191323158
2015-07-30,5.28,5.39,5.27,5.28,212181380
2015-07-31,5.31,5.4,5.27,5.4,206712391
2015-08-03,5.4,5.44,5.26,5.27,177167719
2015-08-04,5.3,5.33,5.18,5.24,168010508
2015-08-05,5.21,5.27,5.18,5.22,114581785
2015-08-06,5.25,5.35,5.23,5.33,167817330
2015-08-07,5.33,5.36,5.25,5.28,157999613
2015-08-10,5.31,5.31,5.12,5.2,188044663
2015-08-11,5.3,5.34,5.28,5.33,256266886
2015-08-12,5.25,5.26,5.16,5.18,174774613
2015-08-13,5.18,5.19,5.01,5.11,193963002
2015-08-14,5.07,5.19,5.06,5.13,195171008
2015-08-17,5.1,5.14,5.01,5.1,182940885
2015-08-18,5.05,5.08,4.96,4.96,158747113
2015-08-19,4.99,5.02,4.91,4.94,157203780
2015-08-20,4.91,4.92,4.79,4.86,277605387
2015-08-21,4.82,4.89,4.81,4.82,147047279
2015-08-24,4.73,4.76,4.52,4.64,263363742
2015-08-25,4.71,4.85,4.68,4.84,183811441
2015-08-26,4.82,4.89,4.76,4.85,153174113
2015-08-27,4.93,4.95,4.88,4.88,156388335
2015-08-28,4.89,4.91,4.8,4.86,108062501
2015-08-31,4.84,4.9,4.84,4.87,103228562
2015-09-01,4.85,4.86,4.76,4.82,200457380
2015-09-02,4.83,4.86,4.79,4.82,108486557
2015-09-03,4.84,4.86,4.75,4.81,158847613
2015-09-04,4.76,4.81,4.73,4.74,129533390
2015-09-07,4.7,4.7,4.61,4.64,199772397
2015-09-08,4.67,4.7,4.61,4.63,204420052
2015-09-09,4.69,4.7,4.61,4.63,174461774
2015-09-10,4.6,4.6,4.54,4.56,182849002
2015-09-11,4.57,4.58,4.5,4.52,154272335
2015-09-14,4.53,4.53,4.42,4.45,189667730
2015-09-15,4.45,4.6,4.43,4.57,295707903
2015-09-16,4.57,4.69,4.57,4.66,166473008
2015-09-17,4.65,4.71,4.62,4.69,135319729
2015-09-18,4.69,4.69,4.57,4.67,153847063
2015-09-21,4.63,4.8,4.62,4.79,148414107
2015-09-22,4.79,4.81,4.73,4.77,135059613
2015-09-23,4.76,4.82,4.73,4.77,46281189
2015-09-28,4.77,4.82,4.65,4.65,150109063
2015-09-29,4.6,4.75,4.59,4.73,185734613
2015-09-30,4.76,4.78,4.65,4.71,258142036
2015-10-01,4.74,4.76,4.68,4.73,195428669
2015-10-02,4.73,4.75,4.67,4.69,203553147
2015-10-05,4.75,4.91,4.75,4.91,289802042
2015-10-06,4.91,4.97,4.88,4.91,253912675
2015-10-07,4.97,5.08,4.95,5.05,401578216
2015-10-08,5.01,5.07,4.96,5.04,341353887
2015-10-09,5.07,5.12,5.04,5.07,362929821
2015-10-12,5.01,5.06,4.99,5.01,210734397
2015-10-13,5.02,5.03,4.9,4.93,238454992
2015-10-14,4.93,5.05,4.93,5.02,244626003
2015-10-15,5.09,5.12,5.02,5.03,230204042
2015-10-16,5.06,5.06,4.96,4.98,164928830
2015-10-19,5,5.07,5,5.02,189796008
2015-10-20,5.02,5.09,5,5.08,257937675
2015-10-21,5.08,5.1,5.01,5.02,250504408
2015-10-22,5.04,5.08,5.01,5.07,204997114
2015-10-23,5.11,5.17,5.09,5.11,360018038
2015-10-26,5.11,5.13,4.98,4.99,228263675
2015-10-27,5,5,4.86,4.9,261447747
2015-10-28,4.91,4.91,4.84,4.84,84040112
2015-10-30,4.82,4.98,4.8,4.98,229840886
2015-11-02,5.39,5.4,5.29,5.37,560983907
2015-11-03,5.38,5.39,5.24,5.25,316395815
2015-11-04,5.27,5.32,5.26,5.29,198605058
2015-11-05,5.24,5.28,5.19,5.19,192804558
2015-11-06,5.19,5.21,5.12,5.13,151468341
2015-11-09,5.13,5.21,5.09,5.17,202685291
2015-11-10,5.2,5.22,5.11,5.12,151868502
2015-11-11,5.15,5.22,5.14,5.19,200863891
2015-11-12,5.24,5.25,5.14,5.21,171852335
2015-11-13,5.2,5.26,5.17,5.22,278625437
2015-11-16,5.19,5.22,5.17,5.19,163422507
2015-11-17,5.22,5.23,5.17,5.17,147819335
2015-11-18,5.17,5.19,5.11,5.12,151740724
2015-11-19,5.15,5.18,5.07,5.09,153267274
2015-11-20,5.1,5.16,5.09,5.16,153308174
2015-11-23,5.14,5.15,5.07,5.09,125909885
2015-11-24,5.1,5.11,4.74,4.81,409197833
2015-11-25,4.86,4.89,4.79,4.85,271070270
2015-11-26,4.83,4.87,4.7,4.7,202693386
2015-11-27,4.69,4.83,4.68,4.74,274798114
2015-11-30,4.75,4.81,4.72,4.73,174325785
2015-12-01,4.74,4.88,4.74,4.87,299107970
2015-12-02,4.91,4.96,4.84,4.86,287879992
2015-12-03,4.88,4.93,4.77,4.77,198658552
2015-12-04,4.8,4.81,4.64,4.73,229337525
2015-12-07,4.74,4.74,4.66,4.7,211758336
2015-12-08,4.7,4.74,4.64,4.65,237973547
2015-12-09,4.67,4.79,4.64,4.78,204874047
2015-12-10,4.76,4.87,4.54,4.57,400690282
2015-12-11,4.58,4.6,4.4,4.4,347216499
2015-12-14,4.46,4.52,4.33,4.33,281280448
2015-12-15,4.38,4.63,4.36,4.59,395642149
2015-12-16,4.59,4.68,4.54,4.67,237494403
2015-12-17,4.73,4.75,4.64,4.72,259578214
2015-12-18,4.69,4.7,4.6,4.62,203008902
2015-12-21,4.66,4.72,4.64,4.69,161666669
2015-12-22,4.68,4.71,4.58,4.65,181700558
2015-12-23,4.68,4.73,4.67,4.69,179848774
2015-12-24,4.7,4.72,4.68,4.68,73110390
2015-12-25,4.69,4.7,4.66,4.69,28703511
2015-12-28,4.72,4.78,4.7,4.73,180989724
2015-12-29,4.74,4.77,4.72,4.73,143550218
2015-12-30,4.72,4.74,4.66,4.69,68223723
2015-12-31,4.69,4.71,4.6,4.6,99464001
2016-01-04,4.5,4.55,4.46,4.53,159440169
2016-01-05,4.57,4.59,4.45,4.51,183951563
2016-01-06,4.48,4.54,4.44,4.53,279533903
2016-01-07,4.47,4.66,4.45,4.64,279266042
2016-01-08,4.65,4.66,4.53,4.56,225264497
2016-01-11,4.54,4.63,4.52,4.58,231487286
2016-01-12,4.57,4.65,4.54,4.62,377002043
2016-01-13,4.65,4.69,4.63,4.63,364534771
2016-01-14,4.61,4.63,4.57,4.61,333779104
2016-01-15,4.6,4.63,4.52,4.57,304060615
2016-01-18,4.6,4.6,4.54,4.54,144554057
2016-01-19,4.58,4.59,4.51,4.53,232498442
2016-01-20,4.49,4.5,4.35,4.35,387760071
2016-01-21,4.36,4.38,4.26,4.29,346330126
2016-01-22,4.35,4.41,4.32,4.4,185930558
2016-01-25,4.46,4.46,4.36,4.42,183065452
2016-01-26,4.4,4.52,4.36,4.52,295300937
2016-01-27,4.5,4.59,4.49,4.52,293966042
2016-01-28,4.54,4.59,4.51,4.53,187131819
2016-01-29,4.6,4.63,4.58,4.62,226681730
2016-02-01,4.62,4.63,4.53,4.58,256262631
2016-02-02,4.61,4.62,4.45,4.45,354602632
2016-02-03,4.43,4.54,4.4,4.5,356865393
2016-02-04,4.56,4.6,4.53,4.56,349782276
2016-02-05,4.56,4.57,4.51,4.53,253774675
2016-02-08,4.54,4.56,4.41,4.41,259595164
2016-02-09,4.38,4.41,4.3,4.36,349123960
2016-02-10,4.38,4.42,4.33,4.38,224941453
2016-02-11,4.33,4.36,4.22,4.32,321686115
2016-02-12,4.34,4.36,4.3,4.3,179529113
2016-02-15,4.32,4.34,4.18,4.3,270166842
2016-02-16,4.35,4.37,4.3,4.31,191274891
2016-02-17,4.29,4.44,4.28,4.44,280445664
2016-02-18,4.42,4.46,4.38,4.41,256219881
2016-02-19,4.39,4.4,4.33,4.37,201810052
2016-02-22,4.41,4.55,4.4,4.52,361235071
2016-02-23,4.51,4.6,4.49,4.54,377146577
2016-02-24,4.55,4.56,4.38,4.39,277300392
2016-02-25,4.42,4.48,4.38,4.45,302357448
2016-02-26,4.48,4.52,4.44,4.45,224247375
2016-02-29,4.44,4.53,4.42,4.52,259564675
2016-03-01,4.53,4.57,4.52,4.55,220752669
2016-03-02,4.6,4.65,4.59,4.64,280172853
2016-03-03,4.66,4.7,4.62,4.66,263584898
2016-03-04,4.67,4.7,4.63,4.7,210841147
2016-03-07,4.71,4.77,4.68,4.72,203235786
2016-03-08,4.68,4.76,4.67,4.74,286312481
2016-03-09,4.74,4.85,4.71,4.85,289601153
2016-03-10,4.84,4.94,4.8,4.84,439553738
2016-03-11,4.9,4.9,4.83,4.87,192081969
2016-03-14,4.85,4.9,4.82,4.87,250080125
2016-03-15,4.86,4.86,4.73,4.74,235546792
2016-03-16,4.75,4.78,4.66,4.74,161476674
2016-03-17,4.83,4.85,4.78,4.84,344498332
2016-03-18,4.85,4.89,4.81,4.88,238749375
2016-03-21,4.87,4.99,4.84,4.96,297120620
2016-03-22,4.93,4.93,4.75,4.8,379413849
2016-03-23,4.76,4.76,4.6,4.64,413613505
2016-03-24,4.6,4.68,4.56,4.67,342766998
2016-03-25,4.67,4.72,4.67,4.67,96005340
2016-03-28,4.67,4.68,4.61,4.64,73872612
2016-03-29,4.67,4.73,4.67,4.71,180555341
2016-03-30,4.62,4.65,4.58,4.62,221884614
2016-03-31,4.62,4.67,4.61,4.66,185411047
2016-04-01,4.64,4.65,4.51,4.53,283699220
2016-04-04,4.56,4.62,4.53,4.59,341065110
2016-04-05,4.58,4.64,4.54,4.58,289687892
2016-04-06,4.6,4.62,4.53,4.55,220244664
2016-04-07,4.58,4.6,4.51,4.52,160462163
2016-04-08,4.53,4.57,4.5,4.55,180330341
2016-04-11,4.56,4.76,4.55,4.71,323991148
2016-04-12,4.71,4.77,4.62,4.67,256130492
2016-04-13,4.72,4.86,4.71,4.86,337816237
2016-04-14,4.85,4.9,4.8,4.88,231662786
2016-04-15,4.9,4.96,4.85,4.95,271996120
2016-04-18,4.91,5.03,4.9,5,296341670
2016-04-19,5.02,5.03,4.95,4.97,252491147
2016-04-20,4.97,5.07,4.89,4.94,355791237
2016-04-21,4.98,5.01,4.92,4.95,213875525
2016-04-22,4.96,4.98,4.89,4.94,228234853
2016-04-25,4.93,4.96,4.88,4.89,131208496
2016-04-26,4.92,4.99,4.86,4.97,188801891
2016-04-27,4.97,5.01,4.94,4.95,122614001
2016-04-28,4.95,4.98,4.89,4.91,180047830
2016-04-29,4.92,4.94,4.89,4.91,153867168
2016-05-02,4.89,4.92,4.8,4.8,124697563
2016-05-03,4.82,4.84,4.55,4.58,320019776
2016-05-04,4.58,4.6,4.48,4.52,291379342
2016-05-05,4.42,4.53,4.34,4.42,317734226
2016-05-06,4.43,4.45,4.27,4.33,306107292
2016-05-09,4.37,4.43,4.36,4.4,169798502
2016-05-10,4.41,4.43,4.36,4.39,197523069
2016-05-11,4.4,4.42,4.34,4.4,185483224
2016-05-12,4.4,4.44,4.37,4.38,170578508
2016-05-13,4.37,4.41,4.35,4.37,144519891
2016-05-16,4.38,4.4,4.3,4.31,139861113
2016-05-17,4.34,4.36,4.3,4.33,112551835
2016-05-18,4.32,4.39,4.28,4.38,171103885
2016-05-20,4.38,4.42,4.27,4.27,144655774
2016-05-23,4.29,4.33,4.26,4.31,119026996
2016-05-24,4.3,4.5,4.29,4.5,320912937
2016-05-25,4.52,4.55,4.46,4.47,179418719
2016-05-26,4.43,4.52,4.39,4.5,143774274
2016-05-27,4.5,4.53,4.45,4.48,143189496
2016-05-30,4.48,4.52,4.45,4.49,97774273
2016-05-31,4.51,4.57,4.5,4.51,208443125
2016-06-01,4.52,4.54,4.41,4.44,214829736
2016-06-02,4.46,4.48,4.35,4.37,141472113
2016-06-03,4.38,4.51,4.36,4.46,191939324
2016-06-06,4.49,4.54,4.48,4.49,137663607
2016-06-07,4.51,4.56,4.47,4.49,176610558
2016-06-08,4.5,4.54,4.44,4.53,206178997
2016-06-09,4.53,4.55,4.45,4.46,240351675
2016-06-10,4.46,4.48,4.38,4.41,186662002
2016-06-13,4.38,4.4,4.32,4.38,163860507
2016-06-14,4.37,4.42,4.34,4.37,176071669
2016-06-15,4.41,4.46,4.4,4.46,136878829
2016-06-16,4.44,4.45,4.33,4.33,146099341
2016-06-17,4.38,4.41,4.34,4.38,196206447
2016-06-20,4.44,4.51,4.44,4.49,188563824
2016-06-21,4.5,4.56,4.48,4.52,212793664
2016-06-22,4.53,4.56,4.51,4.53,128524113
2016-06-23,4.55,4.66,4.53,4.6,250565064
2016-06-24,4.38,4.46,4.34,4.42,216903736
2016-06-27,4.42,4.48,4.39,4.41,234014325
2016-06-28,4.45,4.49,4.44,4.48,226255297
2016-06-29,4.47,4.49,4.4,4.42,172013002
2016-06-30,4.43,4.56,4.42,4.56,322162482
2016-07-01,4.58,4.62,4.56,4.59,123517168
2016-07-04,4.61,4.62,4.57,4.62,50571173
2016-07-08,4.6,4.62,4.57,4.61,79003723
2016-07-11,4.64,4.77,4.64,4.76,210323897
2016-07-12,4.78,4.89,4.76,4.88,398418494
2016-07-13,4.89,4.95,4.85,4.9,223296703
2016-07-14,4.93,4.97,4.87,4.93,188323547
2016-07-15,4.92,5.02,4.92,5.02,291003670
2016-07-18,4.86,4.89,4.53,4.67,413127088
2016-07-19,4.63,4.77,4.47,4.59,397922921
2016-07-20,4.63,4.65,4.47,4.47,262171075
2016-07-21,4.44,4.46,4.2,4.21,336856621
2016-07-22,4.27,4.32,4.16,4.27,203480991
2016-07-25,4.32,4.44,4.32,4.42,169677563
2016-07-26,4.44,4.47,4.37,4.46,185033724
2016-07-27,4.47,4.58,4.44,4.58,164319446
2016-07-28,4.64,4.65,4.52,4.57,122735951
2016-07-29,4.59,4.61,4.52,4.6,166072385
2016-08-01,4.64,4.72,4.63,4.68,120226229
2016-08-02,4.66,4.69,4.59,4.59,173088285
2016-08-03,4.58,4.6,4.48,4.56,185062391
2016-08-04,4.6,4.74,4.56,4.72,236361958
2016-08-05,4.75,4.78,4.57,4.68,187336547
2016-08-08,4.78,4.89,4.73,4.86,267905231
2016-08-09,4.87,4.91,4.82,4.87,261198442
2016-08-10,4.88,4.89,4.73,4.77,149950946
2016-08-11,4.77,4.87,4.76,4.86,161027780
2016-08-12,4.88,4.9,4.8,4.8,133691952
2016-08-15,4.83,4.89,4.82,4.83,86350057
2016-08-16,4.86,4.88,4.79,4.79,126588501
2016-08-17,4.8,4.91,4.8,4.9,144148952
2016-08-18,4.94,4.96,4.84,4.88,145812057
2016-08-19,4.88,4.89,4.82,4.89,104573501
2016-08-22,4.85,4.87,4.82,4.86,77496334
2016-08-23,4.88,4.91,4.83,4.83,115341224
2016-08-24,4.78,4.78,4.69,4.72,155282163
2016-08-25,4.75,4.85,4.74,4.85,104039107
2016-08-26,4.84,4.88,4.77,4.88,102853562
2016-08-29,4.82,4.86,4.75,4.75,98585829
2016-08-31,4.75,4.81,4.73,4.81,144704668
2016-09-01,4.81,4.82,4.76,4.76,115450501
2016-09-02,4.77,4.84,4.76,4.83,145586329
2016-09-05,4.86,4.89,4.82,4.87,207613891
2016-09-06,4.88,4.9,4.83,4.83,139974446
2016-09-07,4.85,4.85,4.76,4.78,146792946
2016-09-08,4.79,4.87,4.78,4.86,200096658
2016-09-09,4.84,4.87,4.81,4.83,122122829
2016-09-16,4.85,4.86,4.77,4.8,101304057
2016-09-19,4.85,4.88,4.82,4.86,133073502
2016-09-20,4.86,4.88,4.8,4.84,94905612
2016-09-21,4.84,4.89,4.82,4.88,120585829
2016-09-22,4.95,5,4.93,4.97,324185787
2016-09-23,4.98,5.01,4.94,4.94,159080002
2016-09-26,4.69,4.74,4.64,4.7,189590997
2016-09-27,4.73,4.76,4.69,4.75,142467841
2016-09-28,4.76,4.88,4.75,4.88,212351825
2016-09-29,4.87,4.88,4.77,4.81,135378335
2016-09-30,4.78,4.79,4.73,4.75,93385612
2016-10-03,4.77,4.84,4.77,4.83,102024662
2016-10-04,4.83,4.86,4.77,4.79,120716224
2016-10-05,4.77,4.9,4.75,4.87,161698274
2016-10-06,4.9,4.94,4.8,4.83,134560452
2016-10-07,4.84,4.89,4.81,4.84,97905896
2016-10-10,4.86,4.88,4.81,4.82,72406945
2016-10-11,4.81,4.82,4.75,4.77,90287723
2016-10-12,4.79,4.82,4.76,4.77,89994112
2016-10-13,4.77,4.79,4.69,4.71,125364446
2016-10-14,4.73,4.8,4.71,4.77,131849396
2016-10-17,4.75,4.78,4.73,4.76,55842612
2016-10-18,4.8,4.88,4.8,4.85,157797441
2016-10-19,4.88,4.9,4.86,4.89,100324218
2016-10-20,4.9,4.92,4.86,4.89,117434885
2016-10-21,4.89,4.89,4.85,4.88,49583178
2016-10-24,4.9,5,4.89,4.99,139137002
2016-10-25,4.99,5.05,4.95,4.96,136621052
2016-10-26,4.97,5.02,4.96,4.99,103855273
2016-10-27,4.97,5.02,4.94,4.95,108454223
2016-10-28,4.95,5,4.93,5,66026001
2016-10-31,5.01,5.02,4.95,5.02,95252440
2016-11-01,5.05,5.09,4.89,4.9,160505396
2016-11-02,4.91,4.95,4.88,4.88,130390779
2016-11-03,4.9,4.94,4.84,4.86,127069229
2016-11-04,4.81,4.82,4.69,4.72,171771724
2016-11-07,4.8,4.84,4.78,4.82,117134385
2016-11-08,4.82,4.86,4.77,4.86,130904774
2016-11-09,4.73,4.9,4.72,4.9,121064446
2016-11-10,4.94,5.03,4.9,4.91,153566613
2016-11-11,4.9,4.95,4.83,4.83,175022952
2016-11-14,4.85,4.88,4.79,4.81,97767668
2016-11-15,4.85,4.91,4.8,4.85,166936058
2016-11-16,4.86,4.88,4.76,4.78,163717057
2016-11-17,4.8,4.88,4.79,4.81,159732552
2016-11-18,4.8,4.89,4.75,4.88,161807835
2016-11-21,4.9,4.91,4.82,4.83,137711896
2016-11-22,4.84,4.89,4.82,4.86,129186774
2016-11-23,4.88,4.89,4.82,4.85,129553335
2016-11-24,4.83,4.92,4.74,4.79,172432502
2016-11-25,4.77,4.81,4.74,4.77,115561451
2016-11-28,4.84,4.94,4.81,4.94,269025786
2016-11-29,4.91,4.96,4.88,4.92,166904558
2016-11-30,4.93,4.95,4.81,4.82,138089229
2016-12-01,4.83,4.84,4.72,4.76,159520446
2016-12-02,4.77,4.82,4.71,4.79,159290835
2016-12-05,4.76,4.84,4.76,4.79,134917840
2016-12-06,4.83,4.95,4.82,4.94,154906218
2016-12-07,4.94,5.04,4.91,5.01,167069608
2016-12-08,5.04,5.06,4.97,5.05,143814052
2016-12-09,5.07,5.1,5.01,5.02,107960723
2016-12-12,4.99,5.08,4.93,5.07,131731446
2016-12-13,5.08,5.14,5.06,5.13,172107002
2016-12-14,5.11,5.15,5.06,5.09,122447385
2016-12-15,5.05,5.18,5.02,5.18,187475002
2016-12-16,5.19,5.2,5.13,5.14,93516951
2016-12-19,5.16,5.19,5.11,5.14,72066723
2016-12-20,5.13,5.2,5.11,5.2,109689174
2016-12-21,5.21,5.24,5.14,5.15,117092396
2016-12-22,5.16,5.17,5.12,5.12,63478167
2016-12-23,5.13,5.14,5.07,5.11,50068495
2016-12-26,5.12,5.13,5.11,5.12,8590995
2016-12-27,5.12,5.15,5.09,5.1,38955578
2016-12-28,5.1,5.19,5.07,5.18,87590057
2016-12-29,5.18,5.23,5.17,5.21,55123101
2016-12-30,5.22,5.23,5.16,5.18,60502778
2017-01-02,5.16,5.18,5.13,5.14,46768612
2017-01-03,5.15,5.17,5.03,5.03,176369947
2017-01-04,5.05,5.07,4.98,5,121568218
2017-01-05,5.02,5.05,4.95,5,176715941
2017-01-06,5,5.08,4.98,5.08,126856285
2017-01-09,5.05,5.17,5.03,5.15,136667668
2017-01-10,5.13,5.18,5.08,5.16,187535224
2017-01-11,5.11,5.13,5.05,5.12,215898269
2017-01-12,5.13,5.46,5.12,5.4,333956926
2017-01-13,5.39,5.46,5.29,5.43,231006403
2017-01-16,5.43,5.47,5.37,5.38,84473057
2017-01-17,5.41,5.51,5.38,5.48,188294491
2017-01-18,5.49,5.62,5.47,5.6,256105514
2017-01-19,5.6,5.71,5.53,5.57,283100176
2017-01-20,5.58,5.63,5.55,5.61,131460613
2017-01-23,5.65,5.65,5.57,5.57,87354112
2017-01-24,5.6,5.71,5.57,5.7,149392557
2017-01-25,5.7,5.7,5.56,5.59,118537285
2017-01-26,5.62,5.69,5.6,5.67,121256501
2017-01-27,5.66,5.74,5.64,5.72,139400285
2017-01-30,5.7,5.99,5.7,5.97,236074719
2017-01-31,5.98,5.99,5.89,5.96,150649446
2017-02-01,5.96,6.02,5.87,6.01,159781057
2017-02-02,6.04,6.08,5.95,5.96,202135508
2017-02-03,6,6.12,5.94,6.12,217345769
2017-02-06,6.16,6.27,5.99,6,229619558
2017-02-07,5.99,6.09,5.96,6.05,127854007
2017-02-08,6.06,6.21,6.03,6.2,184692558
2017-02-09,6.21,6.37,6.19,6.35,285593820
2017-02-10,6.36,6.42,6.15,6.15,260616714
2017-02-13,6.17,6.33,6.17,6.26,155578885
2017-02-14,6.3,6.4,6.2,6.32,188024719
2017-02-15,6.33,6.39,6.25,6.29,146866329
2017-02-16,6.31,6.34,6.25,6.31,138768341
2017-02-17,6.31,6.36,6.27,6.33,124301607
2017-02-20,6.38,6.4,6.2,6.25,203694402
2017-02-21,6.25,6.33,6.25,6.26,146815391
2017-02-22,6.26,6.3,6.25,6.25,97267557
2017-02-23,6.27,6.45,6.27,6.4,192027824
2017-02-24,6.39,6.44,6.28,6.35,179396724
2017-02-27,6.36,6.44,6.31,6.35,130115779
2017-02-28,6.35,6.4,6.31,6.33,199716280
2017-03-01,6.35,6.63,6.35,6.6,290744120
2017-03-02,6.6,6.75,6.6,6.75,188893230
2017-03-03,6.75,6.75,6.65,6.69,133810329
2017-03-06,6.71,6.77,6.63,6.67,145186502
2017-03-07,6.71,6.72,6.51,6.52,221353303
2017-03-08,6.53,6.53,6.33,6.48,270480559
2017-03-09,6.42,6.52,6.34,6.49,113326674
2017-03-10,6.53,6.63,6.53,6.61,99560829
2017-03-13,6.6,6.6,6.51,6.54,64911223
2017-03-14,6.54,6.57,6.45,6.48,79240723
2017-03-15,6.5,6.6,6.49,6.59,69895223
2017-03-16,6.7,6.7,6.61,6.61,74651723
2017-03-17,6.65,6.68,6.56,6.62,89743890
2017-03-20,6.61,6.64,6.57,6.64,42777462
2017-03-21,6.67,6.72,6.57,6.59,79517001
2017-03-22,6.56,6.61,6.49,6.59,77451445
2017-03-23,6.62,6.64,6.53,6.55,59220112
2017-03-24,6.57,6.7,6.54,6.7,80648557
2017-03-27,6.69,6.69,6.59,6.67,72345945
2017-03-28,6.69,6.74,6.62,6.69,80380445
2017-03-29,6.64,6.73,6.61,6.69,89267445
2017-03-30,6.72,6.75,6.65,6.69,102478062
2017-03-31,6.69,6.7,6.61,6.63,91216779
2017-04-03,6.66,6.69,6.61,6.69,71503668
2017-04-04,6.43,6.47,6.37,6.39,122340668
2017-04-05,6.4,6.54,6.39,6.52,128523557
2017-04-06,6.49,6.56,6.48,6.51,91046618
2017-04-07,6.47,6.56,6.47,6.56,66674112
2017-04-10,6.59,7.06,6.59,7.02,268163525
2017-04-11,7.02,7.04,6.88,6.89,166836613
2017-04-12,6.92,6.99,6.81,6.83,121141224
2017-04-13,6.85,6.88,6.65,6.67,131701229
2017-04-14,6.66,6.81,6.61,6.67,111322112
2017-04-17,6.76,6.84,6.63,6.77,139180396
2017-04-18,6.73,6.91,6.73,6.89,165835452
2017-04-19,6.9,6.94,6.73,6.77,179165669
2017-04-20,6.8,6.9,6.79,6.85,113201607
2017-04-21,6.95,6.95,6.84,6.86,78945779
2017-04-24,6.94,7.08,6.91,7.08,143907229
2017-04-25,7.09,7.11,6.93,7.05,163478441
2017-04-26,7.04,7.07,6.98,6.98,129276996
2017-04-27,7.01,7.03,6.93,6.94,75733501
2017-04-28,6.97,7.03,6.93,7.01,104244946
2017-05-02,7.03,7.07,6.94,6.96,145508391
2017-05-03,6.96,6.99,6.86,6.89,105765723
2017-05-04,6.89,6.97,6.85,6.86,88535334
2017-05-05,6.87,7,6.85,6.97,149592613
2017-05-08,6.99,7.03,6.93,6.94,86346057
2017-05-09,6.92,7.04,6.91,7.02,100519057
2017-05-10,6.98,7.03,6.95,7.02,116445551
2017-05-11,7.03,7.08,6.91,6.91,134557285
2017-05-12,6.94,7.02,6.89,6.94,99730057
2017-05-15,6.99,7.03,6.94,7.02,65153779
2017-05-16,7.05,7.09,6.99,7.07,89140057
2017-05-17,7.02,7.09,6.97,7.05,138641224
2017-05-18,7.02,7.04,6.91,6.98,80482612
2017-05-22,7.05,7.07,7.01,7.07,80773390
2017-05-23,7.04,7.22,7.03,7.16,142798224
2017-05-24,7.18,7.27,7.1,7.12,145351002
2017-05-25,7.15,7.15,7.02,7.06,145174057
2017-05-26,7.06,7.09,7.01,7.01,88082612
2017-05-29,7.03,7.08,7.02,7.03,63716334
2017-05-30,7.04,7.05,6.92,6.93,140939779
2017-05-31,6.96,7.05,6.95,7.01,185427608
2017-06-01,7.06,7.06,6.94,6.97,91919446
2017-06-02,7.03,7.09,7.02,7.09,77289112
2017-06-05,7.11,7.16,7.03,7.07,116040668
2017-06-06,7.05,7.09,7.02,7.05,55343378
2017-06-07,7.06,7.13,7.03,7.05,84129779
2017-06-08,7.06,7.07,6.98,7.03,67286334
2017-06-09,7.05,7.16,7.03,7.1,113892112
2017-06-12,7.11,7.23,7.1,7.19,100034835
2017-06-13,7.21,7.23,7.06,7.11,91119834
2017-06-14,7.12,7.23,7.1,7.23,95141951
2017-06-15,7.2,7.23,7.11,7.15,73529168
2017-06-16,7.14,7.18,7.08,7.14,65405723
2017-06-19,7.17,7.24,7.16,7.24,46761339
2017-06-20,7.27,7.3,7.21,7.25,50050156
2017-06-21,7.25,7.25,7.17,7.22,37229500
2017-06-22,7.24,7.27,7.2,7.25,36034978
2017-06-23,7.26,7.26,7.19,7.26,44105806
2017-06-28,7.26,7.39,7.23,7.37,71446834
2017-06-29,7.4,7.42,7.33,7.41,49499451
2017-06-30,7.41,7.45,7.38,7.45,74421668
2017-07-03,7.46,7.47,7.4,7.43,55868890
2017-07-04,7.41,7.49,7.4,7.47,51573356
2017-07-05,7.47,7.48,7.41,7.47,46013012
2017-07-06,7.47,7.54,7.42,7.48,65395501
2017-07-07,7.47,7.51,7.42,7.42,72297112
2017-07-10,7.46,7.54,7.46,7.53,45769984
2017-07-11,7.53,7.82,7.5,7.77,131162946
2017-07-12,7.76,7.82,7.67,7.75,142961718
2017-07-13,7.72,7.76,7.63,7.65,106826390
2017-07-14,7.67,7.71,7.64,7.68,75542112
2017-07-17,7.68,7.89,7.66,7.87,75240445
2017-07-18,7.87,7.89,7.78,7.81,51713039
2017-07-19,7.84,7.99,7.83,7.96,78721612
2017-07-20,7.98,7.99,7.86,7.86,45826578
2017-07-21,7.87,7.97,7.83,7.85,49469678
2017-07-24,7.88,7.9,7.79,7.79,72055945
2017-07-25,7.81,7.87,7.77,7.82,71927001
2017-07-26,7.8,7.85,7.7,7.74,68627334
2017-07-27,7.8,7.86,7.75,7.75,96871118
2017-07-28,7.74,7.8,7.7,7.7,62396667
2017-07-31,7.69,7.69,7.5,7.57,103675729
2017-08-01,7.58,7.61,7.38,7.44,132639002
2017-08-02,7.44,7.48,7.38,7.39,94211501
2017-08-03,7.4,7.41,7.32,7.35,68968223
2017-08-04,7.36,7.55,7.36,7.53,90898779
2017-08-07,7.58,7.69,7.58,7.69,89171390
2017-08-08,7.75,7.77,7.69,7.69,77153168
2017-08-09,7.67,7.71,7.61,7.7,75103501
2017-08-10,7.71,7.75,7.52,7.54,74129556
2017-08-11,7.48,7.56,7.39,7.47,80744223
2017-08-14,7.56,7.75,7.56,7.75,65612112
2017-08-15,7.76,7.76,7.57,7.57,72107834
2017-08-16,7.6,7.69,7.42,7.63,78761501
2017-08-17,7.66,7.66,7.43,7.47,80710723
2017-08-18,7.43,7.44,7.33,7.38,69157167
2017-08-21,7.39,7.61,7.39,7.56,88245501
2017-08-22,7.6,7.63,7.52,7.52,60579445
2017-08-23,7.53,7.59,7.49,7.51,82231501
2017-08-24,7.53,7.74,7.53,7.66,118989724
2017-08-25,7.65,7.74,7.63,7.64,47594773
2017-08-28,7.66,7.68,7.57,7.59,89995668
2017-08-29,7.57,7.58,7.49,7.55,72266779
2017-08-31,7.57,7.58,7.48,7.49,39105334
2017-09-05,7.52,7.53,7.36,7.4,91665940
2017-09-06,7.4,7.41,7.35,7.39,88648057
2017-09-07,7.39,7.4,7.28,7.33,87553057
2017-09-08,7.35,7.35,7.17,7.24,66102056
2017-09-11,7.29,7.43,7.29,7.36,55868001
2017-09-12,7.38,7.4,7.29,7.32,42540089
2017-09-13,7.32,7.39,7.29,7.31,47243117
2017-09-14,7.31,7.37,7.27,7.28,63799834
2017-09-15,7.33,7.38,7.29,7.32,59225890
2017-09-18,7.33,7.35,7.19,7.19,55853167
2017-09-19,7.19,7.27,7.11,7.11,53703251
2017-09-20,7.14,7.25,7.12,7.25,48981889
2017-09-21,7.19,7.22,7.04,7.06,75299056
2017-09-22,7.09,7.12,7.02,7.07,71634556
2017-09-25,7.08,7.08,6.84,6.93,49292139
2017-09-26,6.99,7.02,6.87,7.02,75529445
2017-09-27,7.01,7.02,6.77,6.81,99634223
2017-09-28,6.81,6.9,6.79,6.86,58311945
2017-09-29,6.89,6.91,6.78,6.78,70866945
2017-10-02,6.78,6.88,6.77,6.86,53539606
2017-10-03,6.85,6.89,6.78,6.78,110761774
2017-10-04,6.81,6.88,6.81,6.88,64144445
2017-10-05,6.9,6.94,6.82,6.82,55844223
2017-10-06,6.81,6.9,6.75,6.89,72555556
2017-10-09,6.56,6.77,6.55,6.75,82072945
2017-10-10,6.83,6.95,6.76,6.85,69046279
2017-10-11,6.83,6.91,6.78,6.81,131870724
2017-10-12,6.92,6.94,6.83,6.88,88255890
2017-10-13,6.88,6.96,6.83,6.96,87632279
2017-10-16,6.98,6.99,6.88,6.91,67353501
2017-10-17,6.91,6.97,6.86,6.89,101137890
2017-10-18,6.93,6.93,6.82,6.82,53745106
2017-10-19,6.85,7.04,6.83,7.04,108031340
2017-10-20,7.08,7.17,6.96,7.01,82942057
2017-10-23,6.98,6.98,6.85,6.85,47511706
2017-10-24,6.86,6.95,6.82,6.94,79383112
2017-10-25,6.94,7.14,6.92,7.13,97402279
2017-10-26,7.1,7.1,6.9,6.91,107603829
2017-10-27,6.9,6.9,6.81,6.88,85240223
2017-10-30,6.95,7.03,6.92,7,68082945
2017-10-31,7.04,7.17,6.98,7.14,129732552
2017-11-01,7.17,7.57,7.17,7.41,149105057
2017-11-02,7.5,7.56,7.4,7.46,130686274
2017-11-03,7.47,7.48,7.08,7.16,127874785
2017-11-06,7.2,7.36,7.06,7.35,157363835
2017-11-07,7.32,7.32,7.06,7.07,114501890
2017-11-08,7.1,7.12,6.88,6.95,154009224
2017-11-09,7.01,7.01,6.79,6.82,112392057
2017-11-10,6.82,6.85,6.65,6.69,109274612
2017-11-13,6.72,6.79,6.59,6.74,127247113
2017-11-14,6.78,6.94,6.72,6.9,167530113
2017-11-15,6.88,6.91,6.67,6.67,110766668
2017-11-16,6.69,6.71,6.52,6.55,115607446
2017-11-17,6.58,6.6,6.31,6.35,171128385
2017-11-20,6.35,6.41,6.11,6.12,158867224
2017-11-21,6.08,6.25,6,6.18,144268502
2017-11-22,6.19,6.38,6.1,6.34,167757391
2017-11-23,6.37,6.4,6.13,6.13,156574946
2017-11-24,6.08,6.25,6.06,6.17,74648834
2017-11-27,6.18,6.28,6.1,6.18,115865496
2017-11-28,6.17,6.35,6.03,6.03,167640224
2017-11-29,6.07,6.13,5.97,6.08,88635279
2017-11-30,6.15,6.24,6,6.17,256380409
2017-12-01,6.16,6.56,6.09,6.25,225938219
2017-12-04,6.24,6.65,6.22,6.51,218131775
2017-12-05,6.58,6.66,6.45,6.51,140032335
2017-12-06,6.51,6.52,6.41,6.47,101357779
2017-12-07,6.48,6.73,6.42,6.63,126478951
2017-12-08,6.64,6.89,6.6,6.71,214698680
2017-12-11,6.76,6.99,6.68,6.68,227715825
2017-12-12,6.68,6.68,6.45,6.59,233578781
2017-12-13,6.6,6.64,6.36,6.4,161754613
2017-12-14,6.47,6.55,6.4,6.52,199730230
2017-12-15,6.53,6.58,6.43,6.52,174995552
2017-12-18,6.6,6.65,6.52,6.55,129916113
2017-12-19,6.58,6.62,6.54,6.56,94393784
2017-12-20,6.55,6.59,6.5,6.53,68900223
2017-12-21,6.55,6.72,6.54,6.67,132784507
2017-12-22,6.72,6.77,6.69,6.71,87355834
2017-12-25,6.76,6.77,6.7,6.72,33085412
2017-12-26,6.74,6.95,6.71,6.76,157039280
2017-12-27,6.77,6.86,6.75,6.86,69859890
2017-12-28,6.89,6.98,6.86,6.98,127714001
2017-12-29,7,7.08,6.95,6.97,202895508
2018-01-02,7.02,7.16,6.99,7.1,166331391
2018-01-03,7.1,7.16,7,7,105252779
2018-01-04,7,7.09,6.92,6.93,113032057
2018-01-05,6.98,7.06,6.84,6.92,194473830
2018-01-08,6.98,7.02,6.9,6.91,96443057
2018-01-09,6.93,6.95,6.81,6.83,99196940
2018-01-10,6.81,6.83,6.68,6.79,137812841
2018-01-11,6.85,7,6.75,7,110271335
2018-01-12,7,7.05,6.94,7.05,123657107
2018-01-15,7.03,7.07,6.87,6.87,84657668
2018-01-16,6.86,6.96,6.73,6.96,170056058
2018-01-17,6.93,7.11,6.87,7.06,135818890
2018-01-18,7.14,7.26,7.06,7.17,219287069
2018-01-19,7.15,7.22,7.1,7.18,120600785
2018-01-22,7.24,7.32,7.14,7.32,102835112
2018-01-23,7.39,7.47,7.32,7.36,182256663
2018-01-24,7.37,7.68,7.37,7.68,255513525
2018-01-25,7.68,8.03,7.62,7.91,291320120
2018-01-26,7.95,8.23,7.94,8.22,230809553
2018-01-29,8.27,8.28,8.04,8.18,160128441
2018-01-30,8.12,8.27,7.95,7.99,115468446
2018-01-31,8.05,8.32,8.02,8.05,202406836
2018-02-01,8.13,8.2,7.95,7.95,161535774
2018-02-02,7.99,8.04,7.81,7.87,100759118
2018-02-05,7.84,7.84,7.46,7.49,206562002
2018-02-06,7.21,7.57,7.16,7.45,262621336
2018-02-07,7.51,7.87,7.44,7.52,208651675
2018-02-08,7.53,7.63,7.38,7.38,103713285
2018-02-09,7.33,7.46,7.24,7.29,128713835
2018-02-12,7.39,7.66,7.39,7.58,105730112
2018-02-13,7.65,7.73,7.47,7.47,105252668
2018-02-14,7.57,7.59,7.22,7.28,139346174
2018-02-15,7.43,7.48,7.38,7.47,81548001
2018-02-16,7.51,7.65,7.51,7.6,100856501
2018-02-19,7.66,7.68,7.34,7.39,132929829
2018-02-20,7.45,7.49,6.94,7,124500285
2018-02-21,7.21,7.42,7.19,7.42,139831891
2018-02-22,7.42,7.42,7.29,7.42,99430168
2018-02-23,7.46,7.6,7.45,7.51,110251996
2018-02-26,7.57,7.64,7.53,7.56,79344279
2018-02-27,7.61,7.65,7.5,7.53,118059224
2018-02-28,7.49,7.64,7.47,7.6,167931785
2018-03-01,7.57,7.63,7.53,7.53,101043840
2018-03-02,7.5,7.55,7.45,7.55,82954334
2018-03-05,7.55,7.62,7.49,7.54,64519056
2018-03-06,7.61,7.7,7.56,7.65,76884834
2018-03-07,7.6,7.77,7.59,7.73,69367667
2018-03-08,7.74,7.76,7.63,7.67,65100501
2018-03-09,7.7,7.71,7.57,7.61,52404867
2018-03-12,7.67,7.77,7.67,7.74,63935112
2018-03-13,7.7,7.74,7.59,7.65,56869778
2018-03-14,7.64,7.7,7.41,7.49,76413168
2018-03-15,7.54,7.54,7.36,7.38,74599945
2018-03-16,7.4,7.47,7.36,7.41,64017279
2018-03-19,7.44,7.48,7.03,7.13,137271618
2018-03-20,7.18,7.28,7.06,7.21,139059835
2018-03-21,7.22,7.3,7.2,7.3,85247223
2018-03-22,7.37,7.4,7.21,7.26,75742445
2018-03-23,7.13,7.29,7.11,7.22,75417834
2018-03-26,7.27,7.28,7.11,7.12,73109223
2018-03-27,7.21,7.25,7.12,7.12,57091612
2018-03-28,7.09,7.11,6.94,6.95,123639001
2018-03-29,6.98,7.14,6.94,7.13,80258168
2018-03-30,7.19,7.24,7.14,7.14,42579973
2018-04-02,7.16,7.19,7.08,7.08,29428650
2018-04-03,6.89,6.92,6.76,6.8,69815779
2018-04-04,6.82,6.84,6.71,6.71,89882723
2018-04-05,6.74,6.85,6.7,6.76,137014446
2018-04-06,6.74,6.82,6.72,6.74,64847667
2018-04-09,6.79,6.79,6.58,6.63,73628890
2018-04-10,6.67,6.67,6.42,6.51,109877224
2018-04-11,6.46,6.59,6.28,6.39,115210007
2018-04-12,6.4,6.53,6.34,6.45,89939834
2018-04-13,6.53,6.57,6.45,6.51,112954668
2018-04-16,6.54,6.66,6.51,6.51,101954557
2018-04-17,6.58,6.61,6.33,6.41,152353118
2018-04-18,6.41,6.64,6.36,6.62,210179602
2018-04-19,6.6,6.67,6.56,6.58,123295279
2018-04-20,6.55,6.58,6.38,6.42,122271224
2018-04-24,6.4,6.45,6.35,6.38,106529385
2018-04-25,6.41,6.45,6.15,6.16,148661274
2018-04-26,6.2,6.28,6.12,6.26,89555112
2018-04-27,6.27,6.43,6.24,6.4,80777945
2018-04-30,6.4,6.42,6.11,6.16,108702940
2018-05-02,6.19,6.23,6.02,6.14,132711057
2018-05-03,6.13,6.16,5.88,5.91,209125786
2018-05-04,5.91,6.06,5.86,5.99,152647007
2018-05-07,5.99,6.04,5.9,5.9,77387723
2018-05-08,5.94,5.96,5.75,5.75,120332890
2018-05-09,5.73,6.02,5.72,5.98,131829279
2018-05-10,6.01,6.07,5.86,6.04,189277563
2018-05-11,6.01,6.03,5.85,5.9,138239174
2018-05-14,5.94,6.14,5.93,6.11,124553724
2018-05-15,6.01,6.11,5.95,5.96,121749274
2018-05-16,5.98,6.22,5.92,6.18,278433664
2018-05-17,6.18,6.2,6.04,6.1,75522279
2018-05-18,6.1,6.26,6.1,6.21,155209335
2018-05-21,6.19,6.35,6.15,6.22,134812446
2018-05-22,6.25,6.36,6.24,6.33,133065668
2018-05-23,6.31,6.4,6.2,6.3,170474558
2018-05-24,6.41,6.45,6.14,6.2,135604724
2018-05-25,6.26,6.34,6.21,6.3,113505168
2018-05-28,6.4,6.56,6.4,6.52,166170174
2018-05-29,6.52,6.55,6.44,6.48,117312662
2018-05-30,6.47,6.57,6.28,6.28,223843514
2018-05-31,6.34,6.35,5.96,5.96,207781297
2018-06-01,5.99,6,5.78,5.83,190653302
2018-06-04,5.82,5.94,5.79,5.82,147517168
2018-06-05,5.83,5.87,5.67,5.7,128114724
2018-06-06,5.72,5.83,5.56,5.8,177889997
2018-06-07,5.79,5.97,5.78,5.92,117569285
2018-06-08,5.88,5.89,5.73,5.77,99863673
2018-06-11,5.75,5.83,5.58,5.8,168586224
2018-06-12,5.76,5.85,5.69,5.77,102800835
2018-06-13,5.73,5.83,5.71,5.73,125601229
2018-06-14,5.71,5.88,5.69,5.83,58164723
2018-06-18,5.78,5.79,5.63,5.66,106259062
2018-06-19,5.62,5.85,5.6,5.81,107508779
2018-06-20,5.77,5.98,5.77,5.87,115106501
2018-06-21,5.83,5.98,5.8,5.94,165030446
2018-06-22,5.97,6.09,5.94,6,137811946
2018-06-25,6.24,6.24,5.59,5.66,260287742
2018-06-26,5.67,5.73,5.57,5.57,226299958
2018-06-27,5.57,5.77,5.57,5.72,259819814
2018-06-28,5.69,5.8,5.67,5.72,212645964
2018-06-29,5.76,5.79,5.7,5.7,145626002
2018-07-02,5.65,5.76,5.63,5.73,159411557
2018-07-03,5.74,5.75,5.62,5.62,152722830
2018-07-04,5.63,5.77,5.61,5.74,193897224
2018-07-05,5.75,5.83,5.74,5.8,167446941
2018-07-06,5.77,5.81,5.67,5.71,139462946
2018-07-09,5.75,5.88,5.75,5.82,223409597
2018-07-10,5.67,5.75,5.49,5.49,241823592
2018-07-11,5.45,5.45,5.08,5.09,256089675
2018-07-12,5.12,5.19,4.88,5,344109793
2018-07-13,5.02,5.06,4.91,4.99,121558118
2018-07-16,5.02,5.04,4.76,4.77,185823113
2018-07-17,4.74,4.84,4.69,4.77,221571441
2018-07-18,4.76,4.87,4.71,4.87,235295231
2018-07-19,4.89,4.92,4.77,4.77,152833996
2018-07-20,4.77,4.95,4.75,4.93,144400502
2018-07-23,4.97,5.1,4.97,5.03,183614713
2018-07-24,5.02,5.04,4.77,4.78,185275435
2018-07-25,4.76,5,4.75,5,289240887
2018-07-26,5.03,5.07,4.84,4.92,259524047
2018-07-27,4.9,4.99,4.8,4.93,153791224
2018-07-30,4.86,4.98,4.85,4.95,158060952
2018-07-31,4.94,5.08,4.92,5.08,221104775
2018-08-01,5.09,5.11,4.99,5.02,133196052
2018-08-02,4.9,4.94,4.84,4.9,161072669
2018-08-03,4.91,5.04,4.9,4.97,124799340
2018-08-06,4.96,5.01,4.84,4.87,120934335
2018-08-07,4.9,5,4.87,5,204178213
2018-08-08,5.01,5.05,4.98,5.01,162962446
2018-08-09,4.91,5.09,4.88,4.92,279347075
2018-08-10,4.87,4.88,4.19,4.54,484436072
2018-08-13,4.44,4.44,3.85,3.94,994358345
2018-08-14,4.13,4.16,3.96,4.01,578940023
2018-08-15,4.11,4.13,3.88,3.95,462423661
2018-08-16,4.04,4.05,3.82,3.82,396494277
2018-08-17,3.84,3.87,3.73,3.86,312730776
2018-08-20,3.96,4.04,3.95,3.95,236504453
2018-08-27,4.01,4.02,3.94,3.98,319106709
2018-08-28,3.98,4.12,3.96,4.1,427028955
2018-08-29,4.06,4.15,4.03,4.1,379738154
2018-08-31,4.11,4.14,3.97,3.99,647473880
2018-09-03,3.99,4.07,3.95,4,421848788
2018-09-04,4.01,4.09,3.99,4,314782948
2018-09-05,4.01,4.04,3.97,4.02,245564108
2018-09-06,4.03,4.06,3.98,3.98,182154102
2018-09-07,4,4.01,3.97,3.99,263909381
2018-09-10,3.99,4,3.89,3.89,250522614
2018-09-11,3.89,4,3.87,3.97,285250331
2018-09-12,3.98,4.02,3.96,3.96,266652931
2018-09-13,3.96,4.14,3.96,4.05,393202043
2018-09-14,4.1,4.29,4.07,4.14,454166583
2018-09-17,4.02,4.03,3.86,3.9,723964981
2018-09-18,3.92,4,3.91,3.94,437822227
2018-09-19,3.98,4.18,3.96,4.14,494923572
2018-09-20,4.16,4.26,3.99,4,665278308
2018-09-21,4.03,4.13,4.03,4.1,386040066
2018-09-24,4.11,4.33,4.09,4.28,575284990
2018-09-25,4.33,4.35,4.13,4.15,400395188
2018-09-26,4.18,4.26,4.14,4.2,262156664
2018-09-27,4.2,4.43,4.19,4.41,632820535
2018-09-28,4.44,4.48,4.34,4.42,526204434
2018-10-01,4.42,4.46,4.3,4.3,289833448
2018-10-02,4.28,4.34,4.22,4.3,231242558
2018-10-03,4.31,4.34,4.15,4.15,268021336
2018-10-04,4.15,4.16,3.94,3.94,241275525
2018-10-05,3.95,4.09,3.92,4.06,255957447
2018-10-08,4.03,4.26,4,4.2,346000393
2018-10-09,4.22,4.28,4.13,4.17,283324114
2018-10-10,4.21,4.28,4.13,4.13,330148332
2018-10-11,4.03,4.1,3.95,4.02,350227521
2018-10-12,4.09,4.19,3.99,4.11,393339849
2018-10-15,4.1,4.26,4.1,4.2,507836639
2018-10-16,4.2,4.34,4.19,4.25,377268366
2018-10-17,4.31,4.37,4.28,4.35,376318449
2018-10-18,4.35,4.43,4.25,4.28,341405887
2018-10-19,4.31,4.34,4.16,4.16,235824853
2018-10-22,4.2,4.22,4.04,4.04,192156663
2018-10-23,4.01,4.06,3.98,4.04,291187892
2018-10-24,4.05,4.1,4,4.01,241804192
2018-10-25,4,4.06,3.98,4.03,222232336
2018-10-26,4.03,4.04,3.93,3.93,140808391
2018-10-30,3.95,4.02,3.91,4.02,197808008
2018-10-31,4.04,4.12,3.95,3.99,255801564
2018-11-01,4.01,4.22,3.98,4.21,187747658
2018-11-02,4.22,4.27,4.15,4.24,316027609
2018-11-05,4.27,4.39,4.24,4.39,389360988
2018-11-06,4.41,4.41,4.18,4.23,249551675
2018-11-07,4.23,4.31,4.2,4.25,242577997
2018-11-08,4.23,4.25,4.03,4.06,298771292
2018-11-09,4.06,4.07,3.96,4.03,279582553
2018-11-12,4.03,4.08,3.96,3.96,265937220
2018-11-13,3.97,4.12,3.97,4.11,335176565
2018-11-14,4.1,4.11,4.03,4.05,215481514
2018-11-15,4.05,4.1,4.02,4.05,174129113
2018-11-16,4.08,4.13,4.03,4.07,206758941
2018-11-19,4.07,4.1,4.04,4.09,240078281
2018-11-20,4.08,4.13,3.99,4,336905171
2018-11-21,4.02,4.05,4,4.05,152646335
2018-11-22,4.05,4.07,4.01,4.05,124359168
2018-11-23,4.04,4.08,4.04,4.08,125248724
2018-11-26,4.1,4.19,4.09,4.15,305510487
2018-11-27,4.15,4.16,4.09,4.11,167449058
2018-11-28,4.13,4.2,4.13,4.15,148135557
2018-11-29,4.21,4.24,4.18,4.22,208960114
2018-11-30,4.22,4.27,4.17,4.26,251032553
2018-12-03,4.32,4.35,4.21,4.24,206622852
2018-12-04,4.22,4.28,4.15,4.18,177133119
2018-12-05,4.14,4.15,4.03,4.12,232875892
2018-12-06,4.09,4.11,4.04,4.08,162642224
2018-12-07,4.1,4.12,4.06,4.11,162841330
2018-12-10,4.08,4.13,4.06,4.07,116746118
2018-12-11,4.08,4.1,4.06,4.1,191636002
2018-12-12,4.11,4.13,4.01,4.01,149007674
2018-12-13,4.02,4.1,4.02,4.1,117623501
2018-12-14,4.07,4.13,4.04,4.11,142943002
2018-12-17,4.1,4.15,4.09,4.13,78632279
2018-12-18,4.11,4.23,4.11,4.23,142455841
2018-12-19,4.23,4.35,4.22,4.32,175621941
2018-12-20,4.27,4.31,4.21,4.3,122785063
2018-12-21,4.29,4.35,4.24,4.35,174288946
2018-12-24,4.34,4.39,4.3,4.38,96938229
2018-12-25,4.35,4.42,4.34,4.42,71243223
2018-12-26,4.44,4.51,4.41,4.51,78573779
2018-12-27,4.55,4.59,4.37,4.41,196854841
2018-12-28,4.42,4.43,4.31,4.4,144954774
2018-12-31,4.41,4.58,4.4,4.53,165927835
2019-01-02,4.51,4.51,4.28,4.28,195918925
2019-01-03,4.27,4.35,4.08,4.1,199360547
2019-01-04,4.16,4.25,4.14,4.22,142586396
2019-01-07,4.26,4.3,4.23,4.24,135389835
2019-01-08,4.25,4.27,4.19,4.21,132397952
2019-01-09,4.23,4.24,4.13,4.18,141373557
2019-01-10,4.19,4.25,4.14,4.23,127259940
2019-01-11,4.24,4.27,4.22,4.26,112967224
2019-01-14,4.21,4.32,4.17,4.32,142122168
2019-01-15,4.36,4.46,4.33,4.45,189113369
2019-01-16,4.47,4.81,4.46,4.81,377528216
2019-01-17,4.81,5.19,4.8,5.04,455792716
2019-01-18,5.09,5.17,5.03,5.1,232721964
2019-01-21,5.1,5.25,5.04,5.1,256593559
2019-01-22,5.1,5.33,5.08,5.33,237131125
2019-01-23,5.34,5.58,5.31,5.49,375426565
2019-01-24,5.5,5.57,5.4,5.45,325359382
2019-01-25,5.5,5.5,5.33,5.44,226124397
2019-01-28,5.47,5.51,5.36,5.36,171327941
2019-01-29,5.36,5.85,5.34,5.85,376738632
2019-01-30,5.84,5.98,5.63,5.76,355421443
2019-01-31,5.9,5.97,5.57,5.68,296326781
2019-02-01,5.7,5.85,5.6,5.84,212907075
2019-02-04,5.84,5.93,5.71,5.75,197004625
2019-02-05,5.83,5.96,5.29,5.38,831403393
2019-02-06,5.42,5.49,5.27,5.31,443105516
2019-02-07,5.34,5.4,5.27,5.29,335269298
2019-02-08,5.3,5.46,5.28,5.42,232721008
2019-02-11,5.49,5.59,5.45,5.47,371184682
2019-02-12,5.5,5.73,5.5,5.63,432008511
2019-02-13,5.68,5.75,5.33,5.37,403339938
2019-02-14,5.37,5.64,5.32,5.58,353559010
2019-02-15,5.59,5.8,5.48,5.79,288737220
2019-02-18,5.8,5.82,5.63,5.64,223709553
2019-02-19,5.64,5.68,5.5,5.57,236203453
2019-02-20,5.6,5.71,5.51,5.51,308615954
2019-02-21,5.52,5.61,5.5,5.58,244691603
2019-02-22,5.59,5.64,5.53,5.55,160411946
2019-02-25,5.59,5.7,5.59,5.62,223797792
2019-02-26,5.62,5.76,5.59,5.74,184387830
2019-02-27,5.77,5.82,5.69,5.69,167652669
2019-02-28,5.71,5.84,5.69,5.81,215691997
2019-03-01,5.74,5.83,5.7,5.77,239475219
2019-03-04,5.79,5.97,5.75,5.92,211729736
2019-03-05,5.91,6.09,5.84,5.89,430059899
2019-03-06,5.93,6.08,5.92,6.02,228510486
2019-03-07,6.04,6.16,5.92,6.02,264094709
2019-03-08,6.01,6.07,5.88,5.96,199222791
2019-03-11,5.99,6.08,5.98,6.03,180377780
2019-03-12,6.09,6.1,5.91,5.96,213062219
2019-03-13,5.97,6.12,5.96,6.06,220923069
2019-03-14,6.07,6.2,6.06,6.09,206063002
2019-03-15,6.12,6.31,6.11,6.27,243201892
2019-03-18,6.3,6.59,6.29,6.58,187940452
2019-03-19,6.62,6.69,6.4,6.41,271149220
2019-03-20,6.41,6.53,6.36,6.45,190924636
2019-03-21,6.5,6.57,6.33,6.39,266690670
2019-03-22,6.42,6.45,5.9,5.93,351642237
2019-03-25,5.97,5.99,5.61,5.77,379131993
2019-03-26,5.87,5.92,5.61,5.66,316353887
2019-03-27,5.71,5.8,5.19,5.37,484185117
2019-03-28,5.37,5.64,5.32,5.42,464411072
2019-03-29,5.44,5.61,5.38,5.5,341006493
2019-04-01,5.53,5.68,5.28,5.68,341177393
2019-04-02,5.64,5.74,5.55,5.56,204896702
2019-04-03,5.61,5.75,5.6,5.66,180300891
2019-04-04,5.67,5.94,5.64,5.93,270072442
2019-04-05,5.96,6.08,5.74,5.87,337482015
2019-04-08,5.9,5.95,5.68,5.74,207581380
2019-04-09,5.87,5.94,5.76,5.88,169334885
2019-04-10,5.9,5.91,5.73,5.78,155704280
2019-04-11,5.79,5.87,5.6,5.65,174363946
2019-04-12,5.61,5.65,5.5,5.61,168949502
2019-04-15,5.58,5.68,5.57,5.62,146340941
2019-04-16,5.66,5.86,5.66,5.84,185637391
2019-04-17,5.89,6.16,5.89,6.09,302518842
2019-04-18,6.08,6.08,5.93,5.98,148537841
2019-04-19,6.01,6.03,5.88,5.91,60271501
2019-04-22,5.87,5.88,5.79,5.79,70897556
2019-04-24,5.78,5.9,5.71,5.79,216193230
2019-04-25,5.84,5.85,5.47,5.54,226060269
2019-04-26,5.56,5.6,5.4,5.49,208928669
2019-04-29,5.5,5.52,5.27,5.28,267554842
2019-04-30,5.29,5.37,5.27,5.36,284060442
2019-05-02,5.37,5.4,5.18,5.18,152031891
2019-05-03,5.18,5.25,5.14,5.19,137511168
2019-05-06,5.08,5.29,5.04,5.25,150968502
2019-05-07,5.03,5.17,5.02,5.07,250521725
2019-05-08,5.09,5.25,5.07,5.22,242680558
2019-05-09,5.25,5.27,5.07,5.07,200215452
2019-05-10,5.14,5.2,5.06,5.08,145965063
2019-05-13,5.1,5.13,4.93,4.95,279900675
2019-05-14,4.97,5.15,4.97,5.14,234509119
2019-05-15,5.14,5.15,4.98,5.04,198848547
2019-05-16,5.05,5.13,4.98,5,257664003
2019-05-17,4.96,5.04,4.94,4.99,196638719
2019-05-20,4.98,5.05,4.97,5.04,173831341
2019-05-21,5.04,5.07,4.92,4.98,184400391
2019-05-22,4.94,5.02,4.85,4.85,154833618
2019-05-23,4.82,4.89,4.79,4.86,148923774
2019-05-24,4.92,5.07,4.9,5.04,258894947
2019-05-27,5.08,5.15,4.92,4.95,140371941
2019-05-28,4.99,5.1,4.96,4.96,242459792
2019-05-29,4.98,5.02,4.91,4.91,232984897
2019-05-30,4.98,5.19,4.98,5.17,279366042
2019-05-31,5.17,5.19,5.07,5.12,271275525
2019-06-03,4.94,5,4.88,4.93,187821008
2019-06-07,4.94,5.21,4.94,5.21,265003998
2019-06-10,5.2,5.33,5.15,5.28,272347898
2019-06-11,5.3,5.33,5.1,5.15,279206342
2019-06-12,5.14,5.2,5.08,5.1,214108486
2019-06-13,5.06,5.07,4.96,4.97,182261785
2019-06-14,5,5.1,4.98,5.09,227881447
2019-06-17,5.06,5.27,5.05,5.25,193546224
2019-06-18,5.24,5.5,5.24,5.49,267575786
2019-06-19,5.45,5.58,5.37,5.52,270137614
2019-06-20,5.63,5.7,5.53,5.54,304279776
2019-06-21,5.53,5.67,5.46,5.62,216801153
2019-06-24,6,6.01,5.76,5.83,404552260
2019-06-25,5.8,6.02,5.77,5.93,428287333
2019-06-26,5.95,5.98,5.84,5.9,105662340
2019-06-27,5.92,6.02,5.89,5.94,138641885
2019-06-28,5.97,6.09,5.93,6.05,141720174
2019-07-01,6.22,6.4,6.22,6.31,174489996
2019-07-02,6.31,6.43,6.26,6.34,155401946
2019-07-03,6.35,6.37,6.26,6.29,106760723
2019-07-04,6.33,6.36,6.23,6.3,114828279
2019-07-05,6.29,6.62,6.25,6.6,301592670
2019-07-08,6.48,6.58,6.43,6.49,145132552
2019-07-09,6.47,6.54,6.27,6.27,198037113
2019-07-10,6.27,6.52,6.23,6.48,231401219
2019-07-11,6.55,6.58,6.29,6.37,185118230
2019-07-12,6.35,6.49,6.08,6.09,216463458
2019-07-16,6.18,6.26,6.1,6.18,140483779
2019-07-17,6.2,6.35,6.11,6.31,133113229
2019-07-18,6.31,6.46,6.27,6.43,142043218
2019-07-19,6.5,6.56,6.35,6.41,164504169
2019-07-22,6.39,6.44,6.21,6.21,155750891
2019-07-23,6.22,6.38,6.19,6.31,184938563
2019-07-24,6.3,6.46,6.24,6.44,170526391
2019-07-25,6.44,6.5,6.26,6.34,250833964
2019-07-26,6.37,6.47,6.3,6.42,160023724
2019-07-29,6.43,6.48,6.39,6.42,119419163
2019-07-30,6.43,6.45,6.27,6.32,114671224
2019-07-31,6.34,6.34,6.15,6.24,136428118
2019-08-01,6.14,6.29,6.13,6.22,153950391
2019-08-02,6.2,6.22,6.01,6.03,127600663
2019-08-05,5.99,6.07,5.93,5.98,127892451
2019-08-06,6,6.08,5.94,5.97,191417774
2019-08-07,6.02,6.08,5.85,5.9,232380886
2019-08-08,5.98,5.99,5.75,5.89,186119880
2019-08-09,5.87,5.87,5.69,5.76,207123286
2019-08-15,5.65,5.66,5.4,5.4,246138675
2019-08-16,5.45,5.47,5.32,5.35,202599502
2019-08-19,5.42,5.53,5.36,5.39,159596724
2019-08-20,5.38,5.49,5.33,5.33,232813369
2019-08-21,5.34,5.37,5.24,5.35,188428408
2019-08-22,5.34,5.43,5.29,5.35,159854830
2019-08-23,5.37,5.51,5.34,5.49,191752497
2019-08-26,5.38,5.57,5.38,5.52,205664219
2019-08-27,5.53,5.54,5.43,5.46,238469447
2019-08-28,5.47,5.51,5.43,5.5,141753724
2019-08-29,5.47,5.58,5.46,5.51,159229330
2019-09-02,5.51,5.69,5.51,5.66,172437219
2019-09-03,5.63,5.87,5.62,5.78,217381603
2019-09-04,5.84,6.06,5.84,6.03,231968342
2019-09-05,6.05,6.09,5.94,6,204403564
2019-09-06,5.94,5.96,5.83,5.83,198280447
2019-09-09,5.91,6.03,5.9,5.95,204923680
2019-09-10,5.94,6.06,5.93,5.98,165299169
2019-09-11,6.01,6.14,5.99,6.03,174715669
2019-09-12,6.06,6.29,6.06,6.22,244548225
2019-09-13,6.22,6.27,6.15,6.25,151350113
2019-09-16,6.17,6.32,6.17,6.28,179991830
2019-09-17,6.25,6.27,6.03,6.11,203529952
2019-09-18,6.05,6.06,5.92,6,273125003
2019-09-19,6,6.01,5.81,5.82,213385441
2019-09-20,5.84,5.93,5.81,5.85,213219080
2019-09-23,5.87,5.9,5.76,5.79,159502391
2019-09-24,5.89,5.98,5.87,5.93,204367558
2019-09-25,5.9,6.04,5.9,6.04,219117730
2019-09-26,6.04,6.13,6.01,6.02,161730446
2019-09-27,6.05,6.49,6.05,6.35,394780388
2019-09-30,6.4,6.43,6.25,6.27,214208664
2019-10-01,6.28,6.33,6.1,6.15,197237069
2019-10-02,6.13,6.19,6.06,6.11,175751335
2019-10-03,6.14,6.22,6.01,6.07,196811113
2019-10-04,6.11,6.18,6.09,6.15,144263674
2019-10-07,6.1,6.25,6.02,6.05,269256275
2019-10-08,5.99,6.07,5.82,5.97,297631381
2019-10-09,5.99,6.03,5.8,5.81,219324397
2019-10-10,5.81,5.94,5.73,5.94,262048331
2019-10-11,5.97,6.03,5.92,5.97,125664174
2019-10-14,5.86,5.9,5.6,5.6,264344186
2019-10-15,5.76,5.8,5.65,5.7,212630125
2019-10-16,5.47,5.77,5.47,5.7,74035445
2019-10-17,5.7,5.87,5.6,5.84,25016517
2019-10-18,6.05,6.1,6.03,6.1,36545256
2019-10-21,6.06,6.06,5.91,6.01,57062556
2019-10-22,5.96,6.09,5.91,5.99,94743501
2019-10-23,6.07,6.11,6.02,6.07,114655612
2019-10-24,6.14,6.16,6.02,6.05,128676674
2019-10-25,6.03,6.08,6.02,6.02,45322101
2019-10-28,6.01,6.03,5.98,5.98,21886100
2019-10-30,5.88,5.96,5.86,5.86,77972445
2019-10-31,5.89,5.92,5.76,5.8,86916168
2019-11-01,5.81,5.86,5.75,5.86,64809390
2019-11-04,5.91,5.99,5.89,5.96,71241223
2019-11-05,5.96,5.99,5.94,5.97,63902779
2019-11-06,5.97,6.09,5.95,6.07,85294668
2019-11-07,6.17,6.23,6.15,6.21,154254724
2019-11-08,6.19,6.22,6.15,6.15,99834335
2019-11-11,6.1,6.19,6.09,6.15,80399223
2019-11-12,6.16,6.28,6.16,6.24,115452118
2019-11-13,6.24,6.28,6.22,6.28,76285612
2019-11-14,6.21,6.27,6.14,6.17,98621779
2019-11-15,6.21,6.29,6.19,6.27,107218001
2019-11-18,6.3,6.38,6.3,6.38,102119229
2019-11-19,6.36,6.41,6.33,6.41,79220945
2019-11-20,6.37,6.42,6.28,6.28,125320674
2019-11-21,6.28,6.32,6.24,6.28,62864445
2019-11-22,6.29,6.35,6.22,6.23,68800834
2019-11-25,6.28,6.3,6.02,6.07,121701051
2019-11-26,6.04,6.2,6.04,6.16,136114390
2019-11-27,6.16,6.17,6.09,6.13,58715223
2019-11-28,6.13,6.19,6.13,6.19,53384734
2019-11-29,6.21,6.25,6.14,6.15,69498390
2019-12-02,6.19,6.21,6.16,6.16,65843945
2019-12-03,6.15,6.24,6.06,6.06,88589890
2019-12-04,6.09,6.18,6.09,6.17,59627556
2019-12-05,6.21,6.27,6.18,6.25,85913668
2019-12-06,6.25,6.27,6.18,6.2,98340168
2019-12-09,6.18,6.19,6.12,6.13,65125279
2019-12-10,6.12,6.17,6.06,6.09,75082279
2019-12-11,6.08,6.12,6.05,6.05,68059445
2019-12-12,6.11,6.2,6.1,6.2,114221724
2019-12-13,6.28,6.37,6.22,6.25,255789825
2019-12-16,6.23,6.28,6.21,6.22,104387285
2019-12-17,6.24,6.28,6.14,6.15,122320279
2019-12-18,6.11,6.2,6.1,6.17,55679667
2019-12-19,6.18,6.21,6.13,6.13,52228112
2019-12-20,6.16,6.17,6.13,6.16,85392112
2019-12-23,6.16,6.19,6.14,6.19,50829506
2019-12-24,6.22,6.28,6.2,6.26,256685225
2019-12-25,6.27,6.34,6.26,6.32,125932607
2019-12-26,6.34,6.38,6.26,6.3,143875163
2019-12-27,6.34,6.34,6.25,6.27,76331334
2019-12-30,6.29,6.49,6.29,6.42,213540041
2019-12-31,6.44,6.57,6.39,6.41,185073224
2020-01-02,6.44,6.52,6.43,6.52,112857996
2020-01-03,6.44,6.5,6.26,6.31,166644730
2020-01-06,6.2,6.26,6.11,6.16,102649168
2020-01-07,6.23,6.27,6.14,6.17,109942329
2020-01-08,6.07,6.24,6.06,6.2,131548224
2020-01-09,6.36,6.68,6.35,6.67,348384054
2020-01-10,6.67,6.83,6.63,6.65,297099742
2020-01-13,6.73,6.84,6.73,6.74,194219880
2020-01-14,6.74,6.95,6.7,6.89,247933447
2020-01-15,6.89,6.96,6.74,6.85,192810613
2020-01-16,6.92,7.17,6.91,7.06,239719297
2020-01-17,7.11,7.17,6.94,7.1,99476107
2020-01-20,7.11,7.29,7.11,7.16,90457001
2020-01-21,7.07,7.27,7.07,7.27,139775002
2020-01-22,7.31,7.4,7.18,7.21,149110724
2020-01-23,7.18,7.34,7.16,7.26,120030501
2020-01-24,7.36,7.44,7.2,7.33,170487002
2020-01-27,7.25,7.37,7.23,7.27,87813168
2020-01-28,7.33,7.34,7.19,7.23,88615390
2020-01-29,7.28,7.31,7.18,7.2,70725167
2020-01-30,7.14,7.27,7.08,7.24,103798829
2020-01-31,7.25,7.48,7.2,7.25,277643559
2020-02-03,7.27,7.35,7.19,7.35,102131729
2020-02-04,7.42,7.6,7.4,7.57,137186946
2020-02-05,7.58,7.66,7.51,7.51,166817330
2020-02-06,7.59,7.64,7.48,7.53,106582501
2020-02-07,7.55,7.62,7.44,7.44,86469501
2020-02-10,7.39,7.48,7.18,7.35,130040496
2020-02-11,7.41,7.43,7.22,7.35,121627496
2020-02-12,7.36,7.38,7.18,7.18,187688780
2020-02-13,7.1,7.13,6.9,7.1,150455502
2020-02-14,7.11,7.17,6.98,6.99,103999501
2020-02-17,6.97,7.03,6.9,6.9,63792667
2020-02-18,6.89,6.98,6.76,6.91,89650168
2020-02-19,6.9,6.95,6.8,6.84,67937390
2020-02-20,6.82,6.88,6.44,6.5,188812569
2020-02-21,6.47,6.58,6.34,6.47,185270552
2020-02-24,6.37,6.37,6.2,6.29,111558446
2020-02-25,6.32,6.35,6.2,6.22,99812662
2020-02-26,6.2,6.34,6.16,6.32,132644557
2020-02-27,6.23,6.32,6.08,6.11,113358335
2020-02-28,5.6,5.93,5.55,5.71,136157390
2020-03-02,5.82,5.93,5.75,5.81,106516951
2020-03-03,5.88,6.14,5.88,6.14,148897280
2020-03-04,6.08,6.37,6.06,6.13,166305613
2020-03-05,6.28,6.29,6.12,6.12,111951051
2020-03-06,6.16,6.19,5.86,5.99,119950785
2020-03-09,5.85,5.85,5.62,5.67,115713057
2020-03-10,5.77,5.89,5.6,5.6,108581218
2020-03-11,5.58,5.67,5.43,5.61,110720946
2020-03-12,5.44,5.48,5.16,5.21,124583890
2020-03-13,5.18,5.59,5.11,5.49,165577941
2020-03-16,5.15,5.19,4.96,5.01,167562891
2020-03-17,5.04,5.19,4.6,5.19,222879058
2020-03-18,5,5.24,4.94,5,411746883
2020-03-19,4.95,5.07,4.78,4.88,232397225
2020-03-20,4.99,5.02,4.81,4.94,157859780
2020-03-23,4.72,4.87,4.5,4.5,223254714
2020-03-24,4.71,4.86,4.63,4.82,296226265
2020-03-25,4.9,4.96,4.71,4.73,291372615
2020-03-26,4.72,4.87,4.68,4.85,285222898
2020-03-27,4.85,4.87,4.67,4.69,192722486
2020-03-30,4.67,4.74,4.6,4.68,180690780
2020-03-31,4.75,4.78,4.67,4.72,177922113
2020-04-01,4.62,4.69,4.6,4.62,184671224
2020-04-02,4.67,4.67,4.56,4.62,123923501
2020-04-03,4.62,4.62,4.56,4.57,102834507
2020-04-06,4.64,4.78,4.61,4.78,180310508
2020-04-07,4.82,4.89,4.71,4.71,306544448
2020-04-08,4.71,4.75,4.67,4.75,139397779
2020-04-09,4.82,5.03,4.78,5.03,435849877
2020-04-10,5.03,5.2,4.95,5.09,359535443
2020-04-13,5,5.09,4.94,5,254154236
2020-04-14,5.07,5.09,5.02,5.05,229582553
2020-04-15,5.05,5.05,4.79,4.79,256502670
2020-04-16,4.83,4.87,4.78,4.83,158624341
2020-04-17,4.98,5.02,4.9,4.95,235120447
2020-04-20,4.96,5.02,4.93,4.96,172695619
2020-04-21,4.92,4.94,4.84,4.85,170490885
2020-04-22,4.88,4.93,4.79,4.79,184272441
2020-04-24,4.8,4.89,4.76,4.84,201800936
2020-04-27,4.91,4.99,4.91,4.98,298187287
2020-04-28,5.01,5.09,4.96,4.96,323275332
2020-04-29,4.98,5.01,4.94,5.01,206194447
2020-04-30,5.04,5.05,4.9,4.95,325825609
2020-05-04,4.89,4.91,4.85,4.87,131989052
2020-05-05,4.9,4.97,4.88,4.9,201841780
2020-05-06,4.9,4.95,4.87,4.88,167453508
2020-05-07,4.88,4.93,4.86,4.89,156856341
2020-05-08,4.93,4.97,4.86,4.87,240629103
2020-05-11,4.89,4.91,4.84,4.87,146714941
2020-05-12,4.87,4.95,4.85,4.93,219815108
2020-05-13,4.92,5,4.9,4.92,235842492
2020-05-14,4.85,4.87,4.82,4.83,234697658
2020-05-15,4.85,4.87,4.75,4.78,155006785
2020-05-18,4.82,4.85,4.78,4.83,123183174
2020-05-20,4.84,4.86,4.82,4.82,126364174
2020-05-21,4.82,4.87,4.82,4.83,122145174
2020-05-22,4.81,4.84,4.79,4.8,84829612
2020-05-27,4.87,4.93,4.86,4.87,238097831
2020-05-28,4.91,5.01,4.89,4.94,303821554
2020-05-29,4.93,5,4.93,4.95,282472659
2020-06-01,5,5.08,4.99,5.08,221709225
2020-06-02,5.09,5.14,5.04,5.08,212408447
2020-06-03,5.1,5.15,5.09,5.13,250587286
2020-06-04,5.14,5.15,5.09,5.09,238675436
2020-06-05,5.11,5.14,5.09,5.14,192985747
2020-06-08,5.15,5.2,5.12,5.14,209700436
2020-06-09,5.16,5.17,5.08,5.1,140806785
2020-06-10,5.11,5.17,5.1,5.13,317628931
2020-06-11,5.08,5.16,5.05,5.12,211658225
2020-06-12,5.07,5.15,5.05,5.15,175166385
2020-06-15,5.1,5.11,5.07,5.09,113513946
2020-06-16,5.14,5.22,5.13,5.16,280649959
2020-06-17,5.17,5.17,5.1,5.11,165492557
2020-06-18,5.11,5.16,5.1,5.14,167346619
2020-06-19,5.19,5.33,5.16,5.3,476235161
2020-06-22,5.44,5.59,5.38,5.53,477729128
2020-06-23,5.56,5.59,5.43,5.45,204987069
2020-06-24,5.45,5.47,5.34,5.34,210843514
2020-06-25,5.31,5.39,5.29,5.32,163609119
2020-06-26,5.36,5.4,5.33,5.39,116925557
2020-06-29,5.37,5.62,5.35,5.58,332617993
2020-06-30,5.62,5.65,5.53,5.58,283834614
2020-07-01,5.6,5.61,5.43,5.45,305421898
2020-07-02,5.46,5.55,5.45,5.49,441540627
2020-07-03,5.49,5.5,5.34,5.38,276450848
2020-07-06,5.45,5.51,5.4,5.47,235972942
2020-07-07,5.49,5.5,5.38,5.39,306814892
2020-07-08,5.38,5.41,5.35,5.37,193236852
2020-07-09,5.38,5.5,5.33,5.33,319525070
2020-07-10,5.3,5.32,5.15,5.27,262124786
2020-07-13,5.31,5.38,5.26,5.37,242462481
2020-07-14,5.34,5.37,5.28,5.29,184202452
2020-07-16,5.32,5.42,5.32,5.36,212373330
2020-07-17,5.36,5.38,5.31,5.32,120833174
2020-07-20,5.3,5.36,5.29,5.32,144043718
2020-07-21,5.35,5.43,5.27,5.29,302556342
2020-07-22,5.31,5.35,5.29,5.33,189386263
2020-07-23,5.33,5.36,5.3,5.32,114045946
2020-07-24,5.29,5.31,5.26,5.29,91302496
2020-07-27,5.31,5.32,5.23,5.24,125498274
2020-07-28,5.24,5.26,5.03,5.03,162289724
2020-07-29,5.03,5.05,4.81,4.87,332771165
2020-07-30,4.87,4.88,4.78,4.8,119563779
2020-08-04,4.84,4.9,4.6,4.63,374640671
2020-08-05,4.65,4.82,4.62,4.75,326296270
2020-08-06,4.74,4.83,4.6,4.61,324684898
2020-08-07,4.61,4.73,4.44,4.73,387236421
2020-08-10,4.73,4.83,4.66,4.79,241270269
2020-08-11,4.82,5.1,4.82,5.08,300490887
2020-08-12,5.1,5.14,4.96,5.04,284348048
2020-08-13,5.04,5.1,4.94,4.95,183872897
2020-08-14,4.91,4.93,4.81,4.83,158016385
2020-08-17,4.82,4.93,4.78,4.86,182562569
2020-08-18,4.85,4.98,4.83,4.96,191404558
2020-08-19,4.97,5.1,4.97,5.1,239874786
2020-08-20,5.09,5.11,4.98,5.04,233584792
2020-08-21,5.1,5.22,5.01,5.02,459350828
2020-08-24,5.03,5.06,4.96,4.97,158324002
2020-08-25,5,5.02,4.84,4.87,172604613
2020-08-26,4.92,5,4.88,4.97,276610898
2020-08-27,5.02,5.12,5.01,5.1,214104041
2020-08-28,5.12,5.14,4.99,5.04,161154952
2020-08-31,5.03,5.08,4.91,4.91,187902930
2020-09-01,4.91,5.04,4.9,5.04,399235510
2020-09-02,5.03,5.09,4.99,5.02,209663069
2020-09-03,5.03,5.06,4.99,5,198804408
2020-09-04,4.98,5.05,4.97,5,174983119
2020-09-07,5.01,5.06,4.99,5.05,150396335
2020-09-08,5.07,5.08,4.99,5,221029819
2020-09-09,4.99,5.05,4.98,5.02,117631390
2020-09-10,5.03,5.15,5.02,5.1,317285509
2020-09-11,5.1,5.14,5.05,5.06,160365280
2020-09-14,5.07,5.09,5.02,5.03,118663229
2020-09-15,5.04,5.07,5,5.03,111223557
2020-09-16,5.03,5.06,5,5.01,100314173
2020-09-17,4.99,5.02,4.96,5,186916341
2020-09-18,5,5.03,4.97,4.97,110427051
2020-09-21,4.97,5,4.82,4.84,192073741
2020-09-22,4.86,4.94,4.86,4.92,167469335
2020-09-23,4.93,5.04,4.92,5.02,151302052
2020-09-24,4.97,5.25,4.97,5.23,586202218
2020-09-25,5.34,5.38,5.22,5.23,354912849
2020-09-28,5.24,5.28,5.13,5.2,200287158
2020-09-29,5.2,5.29,5.12,5.19,232210008
2020-09-30,5.27,5.38,5.23,5.35,317462848
2020-10-01,5.36,5.46,5.28,5.39,300020337
2020-10-02,5.37,5.47,5.32,5.35,416576783
2020-10-05,5.37,5.4,5.35,5.36,257148547
2020-10-06,5.37,5.4,5.26,5.26,250738631
2020-10-07,5.23,5.25,5.19,5.24,153632502
2020-10-08,5.25,5.27,5.16,5.24,158736224
2020-10-09,5.22,5.33,5.22,5.32,142476996
2020-10-12,5.33,5.41,5.31,5.41,165575557
2020-10-13,5.39,5.42,5.33,5.37,204278041
2020-10-14,5.36,5.41,5.32,5.41,168316508
2020-10-15,5.38,5.39,5.27,5.31,140390118
2020-10-16,5.33,5.47,5.31,5.47,258333120
2020-10-19,5.5,5.75,5.5,5.74,387729516
2020-10-20,5.75,5.85,5.7,5.77,288536898
2020-10-21,5.83,5.85,5.74,5.77,242305558
2020-10-22,5.77,5.8,5.49,5.5,319247593
2020-10-23,5.48,5.54,5.37,5.39,183708508
2020-10-26,5.3,5.31,5.1,5.1,328642343
2020-10-27,5.08,5.26,5.07,5.26,267249503
2020-10-28,5.23,5.29,5.18,5.21,98999662
2020-10-30,5.1,5.19,5.08,5.11,270112720
2020-11-02,5.14,5.24,5.12,5.16,166715724
2020-11-03,5.18,5.47,5.14,5.4,220825069
2020-11-04,5.4,5.52,5.34,5.48,315736854
2020-11-05,5.45,5.54,5.38,5.43,170046391
2020-11-06,5.4,5.47,5.38,5.44,179193891
2020-11-09,5.75,5.98,5.68,5.87,757571103
2020-11-10,5.77,6.18,5.74,6.18,654407213
2020-11-11,6.23,6.79,6.23,6.79,1002957823
2020-11-12,6.79,7.15,6.68,6.84,856325532
2020-11-13,6.85,6.95,6.79,6.93,416856255
2020-11-16,7.02,7.05,6.82,6.85,321000332
2020-11-17,6.8,6.89,6.5,6.55,486305606
2020-11-18,6.61,6.89,6.56,6.84,541267801
2020-11-19,6.83,7.19,6.63,6.91,1761042209
2020-11-20,6.89,6.92,6.76,6.82,446515805
2020-11-23,6.82,6.83,6.48,6.49,360512176
2020-11-24,6.52,6.69,6.43,6.52,601782774
2020-11-25,6.55,6.79,6.55,6.69,535506862
2020-11-26,6.77,6.83,6.69,6.8,258481125
2020-11-27,6.84,6.92,6.72,6.8,315878931
2020-11-30,6.7,6.73,6.51,6.51,262333075
2020-12-01,6.61,6.79,6.49,6.79,346708226
2020-12-02,6.76,6.83,6.68,6.73,221627280
2020-12-03,6.71,6.74,6.57,6.71,301837892
2020-12-04,6.73,6.74,6.6,6.61,145684941
2020-12-07,6.53,6.57,6.38,6.42,204742275
2020-12-08,6.43,6.53,6.4,6.4,180556608
2020-12-09,6.43,6.63,6.41,6.55,348118126
2020-12-10,6.53,6.69,6.48,6.52,379312199
2020-12-11,6.47,6.6,6.38,6.58,239547375
2020-12-14,6.65,6.74,6.62,6.68,244054453
2020-12-15,6.69,6.77,6.66,6.73,216620119
2020-12-16,6.77,6.82,6.67,6.71,254417820
2020-12-17,6.76,6.78,6.65,6.7,143857891
2020-12-18,6.67,6.79,6.67,6.79,154345835
2020-12-21,6.68,6.7,6.54,6.57,204996552
2020-12-22,6.62,6.75,6.6,6.71,162949719
2020-12-23,6.72,6.75,6.66,6.72,163705613
2020-12-24,6.73,6.83,6.68,6.68,273111898
2020-12-25,6.68,6.81,6.67,6.75,126728829
2020-12-28,6.81,6.87,6.77,6.82,171174558
2020-12-29,6.85,6.91,6.75,6.9,254377736
2020-12-30,6.94,7.07,6.91,7,269603148
2020-12-31,7,7.04,6.9,7,187405602
2021-01-04,7.03,7.12,7.02,7.03,173578385
2021-01-05,6.98,7.11,6.8,6.91,375380388
2021-01-06,6.99,7.02,6.88,7.01,328357382
2021-01-07,7.06,7.14,7.02,7.14,302592842
2021-01-08,7.2,7.38,7.19,7.38,376774221
2021-01-11,7.31,7.36,7.12,7.2,220801825
2021-01-12,7.24,7.26,7.1,7.12,164238057
2021-01-13,7.15,7.18,7.03,7.09,191229669
2021-01-14,7.1,7.17,7.02,7.07,155980613
2021-01-15,7,7.04,6.8,6.85,210697075
2021-01-18,6.81,6.97,6.69,6.9,260388220
2021-01-19,6.96,7.06,6.92,6.97,182856558
2021-01-20,6.98,6.99,6.81,6.86,164542224
2021-01-21,6.87,7.03,6.85,6.9,309495015
2021-01-22,6.82,6.88,6.62,6.66,318407231
2021-01-25,6.7,6.72,6.49,6.51,224481664
2021-01-26,6.49,6.57,6.41,6.48,361654343
2021-01-27,6.44,6.5,6.19,6.25,308186720
2021-01-28,6.18,6.3,6.1,6.3,407864283
2021-01-29,6.2,6.26,6.13,6.14,310947443
2021-02-01,6.18,6.32,6.13,6.2,337003215
2021-02-02,6.26,6.36,6.25,6.3,254104625
2021-02-03,6.32,6.5,6.32,6.48,291910053
2021-02-04,6.48,6.51,6.37,6.42,286048637
2021-02-05,6.47,6.56,6.38,6.38,239506342
2021-02-08,6.43,6.46,6.3,6.34,236181342
2021-02-09,6.35,6.51,6.33,6.43,421304433
2021-02-10,6.53,6.57,6.39,6.46,283479237
2021-02-11,6.45,6.47,6.37,6.38,112965668
2021-02-12,6.36,6.53,6.35,6.5,358043343
2021-02-15,6.55,6.58,6.46,6.53,272520709
2021-02-16,6.56,6.59,6.33,6.4,386132688
2021-02-17,6.42,6.46,6.23,6.25,470972183
2021-02-18,6.28,6.29,5.99,6.04,678072230
2021-02-19,6.02,6.11,5.96,6.06,492020795
2021-02-22,6.09,6.09,5.98,6.04,389127955
2021-02-23,6.07,6.09,5.92,5.92,315839393
2021-02-24,5.85,5.91,5.7,5.7,468604217
2021-02-25,5.77,5.79,5.64,5.76,286290409
2021-02-26,5.6,5.73,5.6,5.73,405539066
2021-03-01,5.76,5.88,5.72,5.88,296019165
2021-03-02,5.85,5.91,5.78,5.79,304015670
2021-03-03,5.83,5.98,5.77,5.78,345192410
2021-03-04,5.75,5.91,5.72,5.91,375662415
2021-03-05,5.87,5.96,5.82,5.94,284498331
2021-03-08,5.95,5.95,5.73,5.74,661516674
2021-03-09,5.78,5.86,5.76,5.81,267981775
2021-03-10,5.79,5.89,5.79,5.87,224446619
2021-03-11,5.91,5.93,5.76,5.77,268709792
2021-03-12,5.82,5.9,5.78,5.85,375625393
2021-03-15,5.83,5.87,5.76,5.78,216708053
2021-03-16,5.79,5.87,5.78,5.82,223127153
2021-03-17,5.81,5.86,5.73,5.74,285259964
2021-03-18,5.76,6.03,5.75,5.9,550405256
2021-03-19,5.86,5.87,5.7,5.73,305118187
2021-03-22,5.31,5.39,5.16,5.16,384040849
2021-03-23,4.9,5.01,4.66,4.81,589723357
2021-03-24,4.9,5.05,4.85,4.95,396716844
2021-03-25,4.96,5.01,4.84,4.88,236903953
2021-03-26,4.91,4.99,4.81,4.84,331739393
2021-03-29,4.85,4.88,4.82,4.84,176600663
2021-03-30,4.84,4.88,4.79,4.82,264915453
2021-03-31,4.83,4.88,4.81,4.82,243604886
2021-04-01,4.85,5.11,4.84,5.11,338135332
2021-04-02,5,5.08,4.97,4.99,229054192
2021-04-05,4.97,5.02,4.97,5,94059223
2021-04-06,4.99,5.02,4.91,4.91,162107002
2021-04-07,4.89,4.98,4.85,4.98,206411002
2021-04-08,4.98,5,4.87,4.93,151588391
2021-04-09,4.89,4.91,4.8,4.84,238117297
2021-04-12,4.83,4.87,4.76,4.79,142203118
2021-04-13,4.8,4.87,4.73,4.84,215555386
2021-04-14,4.88,5.03,4.88,5.02,223770708
2021-04-15,5.04,5.2,4.98,5.03,598706129
2021-04-16,5.01,5.01,4.89,4.91,350700221
2021-04-19,4.91,4.93,4.79,4.79,221528453
2021-04-20,4.79,4.91,4.78,4.83,236085442
2021-04-21,4.83,4.85,4.73,4.77,240757119
2021-04-22,4.72,4.86,4.72,4.86,221632336
2021-04-26,4.84,4.91,4.81,4.85,189796402
2021-04-27,4.86,4.88,4.81,4.83,241973286
2021-04-28,4.83,4.9,4.82,4.86,200257663
2021-04-29,4.87,4.92,4.86,4.89,186413502
2021-04-30,4.88,4.92,4.87,4.87,184301674
2021-05-03,4.87,4.99,4.86,4.99,237640497
2021-05-04,5.02,5.03,4.91,4.94,211146336
2021-05-05,4.94,4.96,4.9,4.95,143236841
2021-05-06,4.95,5,4.93,4.96,330081082
2021-05-07,4.98,5.15,4.95,5.08,619516107
2021-05-10,5.1,5.12,5.03,5.1,349112176
2021-05-11,5.05,5.07,5.01,5.04,202494558
2021-05-12,5.02,5.04,5,5.02,66970945
2021-05-17,5.05,5.09,5.03,5.09,226644403
2021-05-18,5.13,5.16,5.12,5.14,262848398
2021-05-20,5.11,5.18,5.05,5.18,402774482
2021-05-21,5.2,5.22,5.13,5.15,201938847
2021-05-24,5.15,5.15,5.07,5.14,227235897
2021-05-25,5.16,5.21,5.02,5.02,472624400
2021-05-26,5.05,5.16,5.02,5.16,271385070
2021-05-27,5.14,5.19,5.1,5.12,248887158
2021-05-28,5.09,5.11,5.03,5.1,307117387
2021-05-31,5.09,5.14,5.08,5.09,149665668
2021-06-01,5.11,5.21,5.1,5.2,277799959
2021-06-02,5.13,5.18,5.11,5.14,231659119
2021-06-03,5.15,5.19,5.09,5.14,296724481
2021-06-04,5.14,5.18,5.12,5.18,201306925
2021-06-07,5.18,5.29,5.17,5.28,278524787
2021-06-08,5.27,5.29,5.22,5.26,196568125
2021-06-09,5.26,5.28,5.23,5.27,206884702
2021-06-10,5.28,5.38,5.26,5.34,345501782
2021-06-11,5.35,5.39,5.32,5.34,227044880
2021-06-14,5.36,5.37,5.3,5.31,154517113
2021-06-15,5.28,5.34,5.23,5.33,239194836
2021-06-16,5.33,5.34,5.25,5.25,129116385
2021-06-17,5.22,5.29,5.14,5.15,211917386
2021-06-18,5.17,5.2,5.1,5.1,194121008
2021-06-21,5.1,5.18,5.07,5.18,161025730
2021-06-22,5.18,5.25,5.15,5.24,149160613
2021-06-23,5.26,5.29,5.18,5.19,200631163
2021-06-24,5.2,5.31,5.2,5.3,197024219
2021-06-25,5.31,5.33,5.21,5.22,124379385
2021-06-28,5.24,5.24,5.16,5.16,176663447
2021-06-29,5.17,5.21,5.1,5.15,236291103
2021-06-30,5.16,5.19,5.07,5.1,203438936
2021-07-01,5.12,5.17,5.11,5.16,143385329
2021-07-02,5.17,5.18,5.13,5.15,122174396
2021-07-05,5.14,5.25,5.13,5.25,178132502
2021-07-06,5.25,5.32,5.22,5.22,233011442
2021-07-07,5.22,5.29,5.22,5.27,193321897
2021-07-08,5.25,5.33,5.23,5.3,204915736
2021-07-09,5.29,5.31,5.23,5.27,145135829
2021-07-12,5.27,5.35,5.24,5.27,217943603
2021-07-13,5.26,5.27,5.17,5.2,155770996
2021-07-14,5.2,5.29,5.2,5.26,150161502
2021-07-16,5.27,5.28,5.18,5.2,142308674
2021-07-19,5.16,5.17,5.09,5.11,117525285
2021-07-26,5.12,5.13,5.04,5.07,162864107
2021-07-27,5.05,5.15,5.03,5.13,150725663
2021-07-28,5.12,5.16,5.08,5.1,137369229
2021-07-29,5.14,5.2,5.13,5.2,176142008
2021-07-30,5.18,5.27,5.17,5.27,180343663
2021-08-02,5.29,5.36,5.25,5.32,187604191
2021-08-03,5.31,5.43,5.26,5.38,361064676
2021-08-04,5.4,5.44,5.35,5.36,307114998
2021-08-05,5.32,5.45,5.28,5.45,365374049
2021-08-06,5.43,5.49,5.37,5.44,316441887
2021-08-09,5.42,5.47,5.38,5.39,230739608
2021-08-10,5.39,5.48,5.38,5.48,241766714
2021-08-11,5.49,5.49,5.31,5.31,327613893
2021-08-12,5.35,5.45,5.34,5.44,341681732
2021-08-13,5.44,5.46,5.4,5.41,176531163
2021-08-16,5.42,5.59,5.42,5.54,446912416
2021-08-17,5.53,5.61,5.47,5.61,322418882
2021-08-18,5.62,5.7,5.6,5.65,407733683
2021-08-19,5.6,5.61,5.52,5.54,219976675
2021-08-20,5.52,5.59,5.45,5.57,302150720
2021-08-23,5.61,5.66,5.6,5.63,193998941
2021-08-24,5.65,5.7,5.63,5.65,246530886
2021-08-25,5.64,5.68,5.59,5.59,227212264
2021-08-26,5.61,5.67,5.58,5.6,303207337
2021-08-27,5.61,5.64,5.56,5.64,235466997
2021-08-31,5.69,5.76,5.67,5.75,341549221
2021-09-01,5.76,5.78,5.71,5.72,281372442
2021-09-02,5.72,5.8,5.71,5.75,179587947
2021-09-03,5.75,5.76,5.66,5.69,190427213
2021-09-06,5.71,5.78,5.7,5.75,164161774
2021-09-07,5.75,5.77,5.58,5.61,253345447
2021-09-08,5.6,5.61,5.46,5.46,287544664
2021-09-09,5.43,5.54,5.42,5.54,215921964
2021-09-10,5.56,5.57,5.42,5.42,232429886
2021-09-13,5.42,5.47,5.38,5.41,219537958
2021-09-14,5.43,5.47,5.39,5.41,277504342
2021-09-15,5.4,5.42,5.34,5.37,245984120
2021-09-16,5.38,5.42,5.31,5.34,197127736
2021-09-17,5.36,5.37,5.27,5.27,245975331
2021-09-20,5.2,5.23,5.14,5.15,253588564
2021-09-21,5.18,5.21,5.14,5.15,207740108
2021-09-22,5.19,5.26,5.16,5.26,249548486
2021-09-23,5.25,5.32,5.13,5.17,462022572
2021-09-24,5.15,5.16,5,5.05,350117732
2021-09-27,5.09,5.13,5.03,5.13,302774481
2021-09-28,5.13,5.13,5.05,5.08,296404103
2021-09-29,5.11,5.16,5.08,5.14,326016282
2021-09-30,5.15,5.22,5.1,5.19,399071532
2021-10-01,5.17,5.2,5.14,5.16,197455819
2021-10-04,5.16,5.19,5.13,5.15,283102714
2021-10-05,5.15,5.18,5.12,5.15,165437502
2021-10-06,5.14,5.17,5.1,5.13,276326220
2021-10-07,5.17,5.21,5.16,5.21,200326630
2021-10-08,5.21,5.23,5.17,5.19,177645997
2021-10-11,5.2,5.25,5.19,5.23,182325958
2021-10-12,5.21,5.28,5.2,5.23,241141342
2021-10-13,5.25,5.27,5.17,5.19,302440259
2021-10-14,5.18,5.23,5.16,5.2,279602214
2021-10-15,5.22,5.23,5.09,5.14,401474744
2021-10-18,5.13,5.14,5.07,5.11,269480231
2021-10-19,5.14,5.23,5.14,5.23,251104103
2021-10-20,5.21,5.34,5.18,5.34,283400503
2021-10-21,5.32,5.38,5.19,5.34,449661939
2021-10-22,5.33,5.46,5.3,5.43,334113526
2021-10-25,5.41,5.46,5.36,5.43,442031950
2021-10-26,5.46,5.52,5.45,5.47,359554238
2021-10-27,5.49,5.65,5.47,5.61,526649356
2021-10-28,5.6,5.66,5.53,5.63,340142454
2021-11-01,5.67,5.77,5.63,5.75,474364978
2021-11-02,5.76,5.85,5.75,5.82,518384639
2021-11-03,5.81,5.96,5.67,5.96,830921710
2021-11-04,6.05,6.2,6,6.18,861351660
2021-11-05,6.18,6.27,6.09,6.27,470571272
2021-11-08,6.33,6.35,6.17,6.24,819783948
2021-11-09,6.23,6.34,6.19,6.22,677077786
2021-11-10,6.22,6.31,6.18,6.27,470239111
2021-11-11,6.26,6.3,6.18,6.19,414567194
2021-11-12,6.27,6.37,6.27,6.36,504950311
2021-11-15,6.81,6.99,6.72,6.99,742808864
2021-11-16,7.11,7.28,6.82,6.83,1221483953
2021-11-17,6.81,6.96,6.8,6.92,500531473
2021-11-18,6.92,7.44,6.9,7.21,1197587253
2021-11-19,7.24,7.27,7.1,7.14,398073832
2021-11-22,7.18,7.25,7.04,7.11,322605670
2021-11-23,7.09,7.15,6.79,6.93,861280043
2021-11-24,6.97,7.2,6.93,7.09,839147754
2021-11-25,7.12,7.14,6.93,6.93,420966194
2021-11-26,6.8,6.83,6.59,6.7,456738289
2021-11-29,6.73,6.73,6.53,6.63,425343277
2021-11-30,6.61,6.64,6.52,6.57,587676657
2021-12-01,6.62,6.82,6.62,6.8,470459900
2021-12-02,6.82,6.92,6.82,6.89,368666104
2021-12-03,6.99,7.04,6.9,7.01,321290848
2021-12-06,7.02,7.3,7.01,7.3,414450049
2021-12-07,7.35,7.45,7.2,7.39,791868326
2021-12-08,7.44,7.69,7.43,7.66,794316070
2021-12-09,7.7,8.1,7.7,7.79,920873361
2021-12-10,7.8,7.84,7.52,7.62,646895580
2021-12-13,7.65,8.05,7.6,7.92,760307737
2021-12-14,7.97,8.51,7.97,8.42,968917806
2021-12-15,8.7,8.74,8.29,8.38,756804437
2021-12-16,8.45,8.9,8.45,8.9,1058462773
2021-12-17,9.04,9.46,8.01,8.01,1322416077
2021-12-20,7.45,8.13,7.21,7.6,1032615029
2021-12-21,8.3,8.32,7.28,7.51,1009100012
2021-12-22,7.45,7.87,7.35,7.69,692287203
2021-12-23,7.83,7.89,7.44,7.74,525449267
2021-12-24,7.76,7.83,7.69,7.77,339339110
2021-12-27,7.76,7.98,7.76,7.97,478067539
2021-12-28,7.92,7.92,7.39,7.46,537020534
2021-12-29,7.38,7.58,7.24,7.46,480788506
2021-12-30,7.49,7.62,7.38,7.38,504403478
2021-12-31,7.42,7.46,7.14,7.19,351146054
2022-01-03,7.2,7.41,7.17,7.37,227049742
2022-01-04,7.4,7.52,7.2,7.32,315242276
2022-01-05,7.31,7.47,7.27,7.46,214381775
2022-01-06,7.38,7.52,7.37,7.39,328307076
2022-01-07,7.43,7.75,7.41,7.75,505836378
2022-01-10,7.89,7.96,7.79,7.79,259397553
2022-01-11,7.85,7.94,7.63,7.79,380262632
2022-01-12,7.88,7.93,7.76,7.84,313204237
2022-01-13,7.85,7.98,7.84,7.9,375171099
2022-01-14,7.91,8.05,7.76,7.96,326007015
2022-01-17,8.11,8.25,8.08,8.24,396806382
2022-01-18,8.22,8.44,7.81,7.81,554810118
2022-01-19,7.91,8.35,7.88,8.35,604621102
2022-01-20,8.44,8.54,8.03,8.19,795868932
2022-01-21,8.16,8.29,8.08,8.23,423960899
2022-01-24,8.2,8.36,7.85,7.87,492756645
2022-01-25,7.97,8.14,7.78,8.09,281946053
2022-01-26,8.12,8.19,8.03,8.08,181117841
2022-01-27,7.91,8.16,7.87,8.15,241797553
2022-01-28,8.17,8.27,8.09,8.11,205072725
2022-01-31,8.17,8.35,8.16,8.35,295835787
2022-02-01,8.38,8.5,8.35,8.37,274975370
2022-02-02,8.5,8.68,8.46,8.66,404235810
2022-02-03,8.56,8.74,8.3,8.34,329274437
2022-02-04,8.34,8.39,8.16,8.21,241493947
2022-02-07,8.18,8.31,7.8,8.3,556221101
2022-02-08,8.3,8.53,8.28,8.5,397686205
2022-02-09,8.65,8.68,8.52,8.62,376908077
2022-02-10,8.63,8.83,8.6,8.68,548822184
2022-02-11,8.6,8.83,8.49,8.83,425268061
2022-02-14,8.7,8.75,8.43,8.58,627918324
2022-02-15,8.62,8.8,8.58,8.75,319430843
2022-02-16,8.76,8.77,8.65,8.65,177920391
2022-02-17,8.67,8.77,8.52,8.52,300385681
2022-02-18,8.64,8.64,8.48,8.59,209523225
2022-02-21,8.65,8.7,8.46,8.55,271760053
2022-02-22,8.39,8.64,8.3,8.53,329558771
2022-02-23,8.54,8.58,8.39,8.45,254877825
2022-02-24,7.8,7.98,7.61,7.61,312604193
2022-02-25,7.7,7.99,7.57,7.92,374144060
2022-02-28,8.37,8.37,7.87,7.96,537727217
2022-03-01,8.02,8.36,8,8.05,430328522
2022-03-02,8.07,8.23,8.02,8.11,252216342
2022-03-03,8.19,8.24,8.1,8.14,268730842
2022-03-04,8.07,8.13,7.98,7.99,249634897
2022-03-07,7.87,7.94,7.8,7.85,359742410
2022-03-08,7.75,7.94,7.74,7.86,206567058
2022-03-09,7.91,8.18,7.91,8.16,285965609
2022-03-10,8.18,8.22,8.02,8.09,195331969
2022-03-11,8.12,8.21,8.07,8.11,161585724
2022-03-14,8.11,8.3,8.11,8.28,155863335
2022-03-15,8.24,8.54,8.24,8.49,285166842
2022-03-16,8.53,8.54,8.41,8.49,165787891
2022-03-17,8.51,8.73,8.5,8.7,244506342
2022-03-18,8.68,8.71,8.61,8.67,121100340
2022-03-21,8.69,8.83,8.69,8.77,166326002
2022-03-22,8.77,9.05,8.74,9.04,186890847
2022-03-23,9.05,9.14,8.97,9.02,222404775
2022-03-24,9.03,9.07,8.71,8.72,258566453
2022-03-25,8.75,8.84,8.57,8.57,229051608
2022-03-28,8.61,8.65,8.51,8.54,190699286
2022-03-29,8.28,8.52,8.28,8.47,241757075
2022-03-30,8.5,8.97,8.5,8.95,341135510
2022-03-31,8.98,9.13,8.76,8.83,267995381
2022-04-01,8.87,8.97,8.8,8.87,243412936
2022-04-04,8.91,9.24,8.91,9.22,366579954
2022-04-05,9.25,9.5,9.11,9.21,377130732
2022-04-06,9.21,9.29,9.06,9.14,264675570
2022-04-07,9.2,9.68,9.2,9.61,401592971
2022-04-08,9.7,10.15,9.7,10.12,476209250
2022-04-11,10.18,10.7,10.18,10.7,667597797
2022-04-12,10.6,10.88,10.38,10.69,656509991
2022-04-13,10.8,10.85,10.37,10.47,479357733
2022-04-14,10.52,10.75,10.52,10.68,336983165
2022-04-15,10.68,10.89,10.57,10.78,248141781
2022-04-18,10.8,11.08,10.7,11.02,372136288
2022-04-19,11.1,11.15,10.62,10.77,513675528
2022-04-20,10.82,10.96,10.72,10.87,331513609
2022-04-21,10.9,11.05,10.9,10.98,246437675
2022-04-22,10.95,11.05,10.46,10.48,322798726
2022-04-25,10.65,10.79,10.49,10.71,411197616
2022-04-26,10.75,10.92,10.46,10.5,391025871
2022-04-27,10.52,10.78,10.44,10.67,363452782
2022-04-28,10.73,10.9,10.58,10.63,231840347
2022-04-29,10.65,10.68,10.37,10.53,263244881
2022-05-05,10.68,10.83,10.37,10.4,314563459
2022-05-06,10.35,10.61,10.31,10.58,391075049
2022-05-09,10.56,10.85,10.54,10.82,314307970
2022-05-10,10.9,10.9,10.55,10.64,460942150
2022-05-11,10.64,10.69,10.25,10.43,319493665
2022-05-12,10.25,10.38,10.02,10.2,491634900
2022-05-13,10.31,10.31,10.04,10.12,197137958
2022-05-16,10.11,10.11,9.69,9.71,320825743
2022-05-17,9.73,9.76,9.55,9.55,369495665
2022-05-18,9.55,10.11,9.52,9.94,467292889
2022-05-20,9.92,10.23,9.85,9.97,385006904
2022-05-23,10.03,10.17,9.89,10.17,266636331
2022-05-24,10.18,10.2,10.01,10.05,249512047
2022-05-25,10.1,10.27,9.93,10.17,321574182
2022-05-26,10.14,10.22,10.05,10.12,260414175
2022-05-27,10.12,10.32,10.05,10.16,337291521
2022-05-30,10.22,10.68,10.22,10.55,299900176
2022-05-31,10.56,10.88,10.52,10.83,347261743
2022-06-01,10.83,10.94,10.68,10.68,368151132
2022-06-02,10.72,10.82,10.65,10.73,359064043
2022-06-03,10.76,10.78,10.56,10.68,199256125
2022-06-06,10.72,11.14,10.72,11.1,401168277
2022-06-07,11.03,11.2,10.91,11.16,270414848
2022-06-08,11.18,11.23,10.34,10.43,389390760
2022-06-09,10.43,10.6,10.2,10.42,313704043
2022-06-10,10.33,11.22,10.32,10.87,627970580
2022-06-13,10.85,11.45,10.83,11.19,577226657
2022-06-14,5.07,5.09,4.79,4.8,284613491
2022-06-15,4.81,4.83,4.62,4.77,391207222
2022-06-16,4.8,4.82,4.54,4.71,423519524
2022-06-17,4.7,4.9,4.7,4.88,289765503
2022-06-20,4.89,4.94,4.78,4.84,198281402
2022-06-21,4.89,4.98,4.88,4.9,231978357
2022-06-22,4.86,4.95,4.8,4.86,264729489
2022-06-23,4.86,4.89,4.69,4.75,271309233
2022-06-24,4.76,4.78,4.65,4.7,245588081
2022-06-27,4.56,4.67,4.54,4.58,260341501
2022-06-28,4.6,4.65,4.46,4.55,257725759
2022-06-29,4.49,4.58,4.34,4.34,207031109
2022-06-30,4.33,4.46,4.31,4.38,272065991
2022-07-01,4.32,4.58,4.32,4.5,282818238
2022-07-04,4.53,4.61,4.39,4.4,171096502
2022-07-05,4.4,4.52,4.36,4.4,259517241
2022-07-06,4.44,4.48,4.39,4.44,143591795
2022-07-07,4.45,4.56,4.44,4.52,204919762
2022-07-08,4.5,4.54,4.48,4.49,40577774
2022-07-13,4.49,4.52,4.39,4.46,204932867
2022-07-14,4.46,4.51,4.42,4.48,127448201
2022-07-18,4.54,4.72,4.54,4.69,194981892
2022-07-19,4.67,4.93,4.66,4.9,247807066
2022-07-20,4.95,4.98,4.85,4.89,282742751
2022-07-21,4.9,4.98,4.85,4.89,303087495
2022-07-22,4.94,4.98,4.89,4.93,196763982
2022-07-25,4.94,5.21,4.93,5.2,351988237
2022-07-26,5.23,5.29,5.11,5.14,299334996
2022-07-27,5.2,5.23,5.1,5.13,229295699
2022-07-28,5.2,5.27,5.1,5.13,401118236
2022-07-29,5.14,5.23,5.11,5.22,226432634
2022-08-01,5.25,5.44,5.25,5.44,238194841
2022-08-02,5.45,5.48,5.39,5.45,184134217
2022-08-03,5.51,5.66,5.44,5.66,289881501
2022-08-04,5.74,6.07,5.71,6.04,377454252
2022-08-05,6.12,6.64,6.06,6.42,649219755
2022-08-08,6.43,6.49,6.25,6.36,431313509
2022-08-09,6.19,6.27,5.91,5.96,1159029513
2022-08-10,5.93,6.07,5.91,6.04,638480225
2022-08-11,6.1,6.24,6.09,6.15,819542723
2022-08-12,6.17,6.23,5.96,5.96,606196983
2022-08-15,6,6.1,5.96,6.01,407674251
2022-08-16,6.05,6.18,5.78,6.18,752560224
2022-08-17,6.26,6.79,6.2,6.79,1149585763
2022-08-18,6.83,7.18,6.53,7,1269728808
2022-08-19,7,7.12,6.82,6.99,566380462
2022-08-22,6.98,7.55,6.9,7.46,678493505
2022-08-23,7.51,8.2,7.47,8.2,678924677
2022-08-24,8.45,8.59,7.53,7.53,1643114195
2022-08-25,7.57,8.05,7.35,7.84,2726060209
2022-08-26,7.92,8.21,7.53,7.73,2322618245
2022-08-29,7.76,8.02,7.55,7.96,1041987797
2022-08-31,7.96,8.13,7.8,7.92,1032265220
2022-09-01,7.93,8.32,7.83,8.04,1422451541
2022-09-02,8.16,8.84,8.05,8.84,1272362793
2022-09-05,9,9.72,8.81,9.64,1217962012
2022-09-06,9.9,10.6,9.46,10.53,1542757789
2022-09-07,10.6,10.96,10.06,10.29,1101031156
2022-09-08,10.53,11.31,10.12,11.31,1139569748
2022-09-09,11.42,12.44,11.13,12.44,827023738
2022-09-12,13.32,13.49,12.48,12.55,2330664028
2022-09-13,12.59,12.64,11.3,11.3,2256117779
2022-09-14,10.62,10.72,10.17,10.17,326758490
2022-09-15,9.8,10.46,9.16,9.16,898740457
2022-09-16,8.59,9.2,8.25,8.76,1840906222
2022-09-19,8.65,8.77,7.89,7.89,818063738
2022-09-20,8.04,8.37,7.64,8.29,1457573103
2022-09-21,8.24,8.38,7.89,7.93,760091786
2022-09-22,7.94,8.36,7.91,8.15,704512489
2022-09-23,8.14,8.2,7.82,7.83,377777767
2022-09-26,7.83,7.83,7.3,7.67,802573738
2022-09-27,7.69,8.2,7.66,7.84,917699516
2022-09-28,7.8,8.05,7.6,7.6,548963234
2022-09-29,7.67,7.84,7.29,7.52,501233977
2022-09-30,7.52,7.65,7.41,7.52,430370464
2022-10-03,7.56,8.27,7.54,8.27,501776750
2022-10-04,8.55,8.73,8.21,8.26,793851473
2022-10-05,8.34,8.38,7.98,8.13,516936985
2022-10-06,8.25,8.4,8.21,8.35,539132999
2022-10-07,8.35,8.41,8.22,8.35,432084994
2022-10-10,8.4,8.44,8.22,8.24,351183745
2022-10-11,8.26,8.36,8.19,8.29,636328468
2022-10-12,8.3,8.45,8.2,8.25,683763740
2022-10-13,8.27,8.39,8.11,8.22,546690227
2022-10-14,8.42,8.58,8.42,8.54,764971239
2022-10-17,8.62,9.39,8.62,9.39,796201786
2022-10-18,9.95,10.03,9.3,9.47,885147174
2022-10-19,9.52,10.22,9.37,10.1,1156578498
2022-10-20,10.07,10.32,9.86,9.89,1080759514
2022-10-21,9.88,10.02,9.81,9.83,484660735
2022-10-24,9.91,10.02,9.65,9.66,481343508
2022-10-25,9.7,10.09,9.7,9.88,749215066
2022-10-26,9.93,10,9.67,9.73,404583979
2022-10-27,9.8,9.85,9.34,9.38,509688000
2022-10-28,9.34,9.39,8.91,9.05,334242495
2022-10-31,9.1,9.32,8.78,9.32,644361005
2022-11-01,9.36,9.63,9.05,9.38,723096239
2022-11-02,9.35,9.35,8.97,8.97,760126239
2022-11-03,8.98,9.1,8.61,8.7,748967724
2022-11-04,8.85,9.01,8.68,8.95,829895768
2022-11-07,9.05,9.37,9.05,9.25,815648190
2022-11-08,9.25,9.38,9.03,9.06,913320766
2022-11-09,9.11,9.31,8.96,9.06,726468192
2022-11-10,9.11,9.48,9.08,9.4,729207019
2022-11-11,9.68,9.7,9.1,9.18,677146475
2022-11-14,9.2,9.31,9.13,9.26,623566241
2022-11-15,9.35,9.73,9.09,9.73,1329563575
2022-11-16,9.79,10.46,9.61,9.92,1759341069
2022-11-17,9.95,10,9.3,9.3,829143738
2022-11-18,9.46,9.77,9.38,9.55,729772959
2022-11-21,9.64,9.75,9.38,9.75,708269989
2022-11-22,9.9,10.2,9.72,10.12,937661471
2022-11-23,10.13,10.76,10.02,10.66,1085804906
2022-11-24,10.75,10.98,10.46,10.55,964545221
2022-11-25,10.47,10.5,10.2,10.25,874298814
2022-11-28,10.28,10.62,10.24,10.33,1068864124
2022-11-29,10.4,10.49,10.18,10.29,793240691
2022-11-30,10.33,10.57,10.28,10.36,885870457
2022-12-01,10.52,10.9,10.49,10.86,1004086470
2022-12-02,10.84,10.85,10.37,10.44,642005225
2022-12-05,10.52,10.55,10.15,10.15,799702018
2022-12-06,10.16,10.43,10.13,10.21,635858233
2022-12-07,10.25,10.42,9.75,9.89,704786474
2022-12-08,9.93,10.11,9.62,10.05,708989287
2022-12-09,10.07,10.6,10,10.57,602039248
2022-12-12,10.61,11.4,10.41,11.13,1006544750
2022-12-13,11.18,11.48,11.02,11.21,734607489
2022-12-14,11.31,11.82,10.86,11.17,1091606469
2022-12-15,11.45,12.25,11.34,12.15,1201633732
2022-12-16,12.3,12.79,12.22,12.43,935931861
2022-12-19,12.56,13.67,12.56,13.67,1377398259
2022-12-20,13.64,13.64,12.54,12.96,1235991856
2022-12-21,13.1,13.5,12.73,12.76,980823188
2022-12-22,12.89,13.24,12.72,12.87,697283505
2022-12-23,12.88,13.23,12.64,13.01,659001475
2022-12-26,13.19,13.34,12.94,12.98,487037533
2022-12-27,13,13.27,12.86,12.99,722436004
2022-12-28,12.96,12.99,12.32,12.56,606620733
2022-12-29,12.58,13.06,12.58,12.92,436067221
2022-12-30,13.01,13.21,12.77,12.77,636704248
2023-01-02,12.86,13.22,12.83,13.06,566205227
2023-01-03,13.1,13.14,12.61,12.67,552312219
2023-01-04,12.79,13.03,12.32,12.53,682222255
2023-01-05,12.61,12.7,11.35,11.35,532713977
2023-01-06,11.35,12.33,10.99,12.07,643931005
2023-01-09,12.29,12.31,11.42,11.59,485028470
2023-01-10,11.68,11.78,11.1,11.18,422890464
2023-01-11,11.23,11.43,10.45,10.48,472518743
2023-01-12,10.75,10.94,10.06,10.86,451790463
2023-01-13,10.72,11.07,10.56,10.8,388466752
2023-01-16,11.01,11.36,10.96,11.34,460087766
2023-01-17,11.4,11.68,11.27,11.41,505256242
2023-01-18,11.47,11.72,11.14,11.38,563408469
2023-01-19,11.38,11.9,11.34,11.62,538746007
2023-01-20,11.7,12.43,11.62,12.29,619923233
2023-01-23,12.48,12.9,12.02,12.23,540602764
2023-01-24,12.25,12.34,11.82,12.03,549968234
2023-01-25,12.1,12.19,11.31,11.61,496719993
2023-01-26,11.6,11.64,11.18,11.23,522788742
2023-01-27,11.17,11.18,10.45,10.89,476311985
2023-01-30,10.83,11.12,10.69,10.75,404966986
2023-01-31,10.7,11.18,10.56,10.88,516669250
2023-02-01,10.93,11.01,9.97,9.97,469943235
2023-02-02,9.97,10.29,9.33,9.77,656411475
2023-02-03,9.8,10.63,9.74,10.57,554757219
2023-02-06,10.39,10.57,9.88,10.31,85674881
2023-02-07,10.38,10.4,9.33,9.52,193023102
2023-02-15,10.38,10.47,10.06,10.47,69180921
2023-02-16,11.42,11.42,10.76,11.05,308058003
2023-02-17,10.85,11.25,10.83,10.92,215661912
2023-02-20,10.97,11.28,10.88,11.02,180465095
2023-02-21,10.99,11.17,10.63,10.7,240178786
2023-02-22,10.7,11.07,10.64,10.92,214892477
2023-02-23,10.95,11.37,10.85,11.02,327930738
2023-02-24,11.03,11.12,10.75,10.81,165565895
2023-02-27,10.9,11.66,10.66,11.62,446189523
2023-02-28,11.65,11.85,11.26,11.36,403246244
2023-03-01,11.48,11.84,11.38,11.64,339155737
2023-03-02,11.74,12.1,11.67,11.98,428678979
2023-03-03,11.89,11.92,11.37,11.79,500043743
2023-03-06,11.91,12.96,11.86,12.96,679737725
2023-03-07,13.36,13.78,12.96,12.98,967036000
2023-03-08,12.99,14.27,12.94,14.27,1036217954
2023-03-09,14.27,15.07,13.76,14.2,1383266854
2023-03-10,14,15.14,14,14.56,1187379202
2023-03-13,14.7,14.82,13.97,14.17,802439285
2023-03-14,14.25,14.82,14.09,14.37,990832173
2023-03-15,14.44,14.73,14.03,14.62,1137338810
2023-03-16,14.75,15.08,14.5,14.7,824162253
2023-03-17,14.9,15.12,14.72,14.72,1098672014
2023-03-20,14.51,14.75,13.95,14,881198189
2023-03-21,14.06,14.27,13.63,13.64,759482254
2023-03-22,13.75,13.9,13.48,13.7,514458742
2023-03-23,13.7,14.17,13.59,14.17,461016478
2023-03-24,14.18,14.28,13.85,13.85,514037220
2023-03-27,13.96,14.02,13.62,13.62,348481987
2023-03-28,13.62,13.77,12.97,13,512668742
2023-03-29,13,13.56,12.88,13.51,558887532
2023-03-30,13.38,13.93,13.3,13.52,659319990
2023-03-31,13.38,13.44,12.82,12.97,533449250
2023-04-03,12.17,12.22,11.72,12.19,539350227
2023-04-04,12.22,12.43,12.1,12.42,353902222
2023-04-05,12.44,12.61,12.1,12.1,387638237
2023-04-06,12.15,12.27,11.96,11.97,243666616
2023-04-07,11.98,12.04,11.45,11.81,236244216
2023-04-10,11.89,12.15,11.88,12.06,225428122
2023-04-11,12.11,12.23,12.01,12.15,333400738
2023-04-12,12.17,12.48,12.11,12.28,584788234
2023-04-13,12.32,12.49,12.12,12.12,504281242
2023-04-14,12.18,12.35,12.09,12.12,286709761
2023-04-17,12.15,12.29,11.98,12.01,271314233
2023-04-18,12.05,12.2,11.98,12.01,282920758
2023-04-19,12.03,12.65,11.8,12.29,516336985
2023-04-20,12,12.09,11.83,11.86,182213082
2023-04-24,11.94,12.09,11.71,11.74,276700503
2023-04-25,11.77,11.84,11.34,11.43,294846753
2023-04-26,11.39,11.56,11.14,11.21,303237750
2023-04-27,11.22,11.43,11.11,11.3,285746226
2023-04-28,11.34,11.36,10.64,10.83,248016324
2023-05-02,10.85,11.04,10.67,10.71,217066949
2023-05-03,10.78,10.91,10.42,10.6,244640171
2023-05-04,10.54,10.83,10.5,10.65,291463003
2023-05-05,10.67,11.03,10.57,10.65,253440759
2023-05-08,10.75,11.71,10.63,11.71,467003743
2023-05-09,11.7,12.76,11.58,12.12,1163623810
2023-05-10,12.15,13.13,12.1,12.82,1114550218
2023-05-11,12.88,14.1,12.88,14.1,1073644124
2023-05-12,14.73,14.91,13.97,13.97,1484549665
2023-05-15,12.58,12.58,12.58,12.58,27934875
2023-05-16,11.33,11.58,11.33,11.33,1327054980
2023-05-17,11.46,11.57,11.01,11.18,971622798
2023-05-18,11.19,11.35,10.76,10.78,642681240
2023-05-22,10.88,10.91,10.22,10.28,525456477
2023-05-23,10.33,10.66,10.26,10.37,506723742
2023-05-24,10.43,10.76,10.2,10.21,493318470
2023-05-25,10.25,10.47,10.17,10.42,424859759
2023-05-26,10.46,10.72,10.3,10.54,478996243
2023-05-29,10.64,10.98,10.21,10.65,757880459
2023-05-30,11.04,11.69,11.01,11.6,1263402246
2023-05-31,11.54,11.73,11.15,11.15,791728973
2023-06-01,11.27,11.61,11.27,11.4,472825500
2023-06-02,12.19,12.4,11.97,12.26,920949986
2023-06-05,12.85,12.85,12.3,12.63,633401983
2023-06-06,12.57,12.84,12.33,12.75,624193233
2023-06-07,13,13.62,12.7,13.28,846149207
2023-06-08,13.26,13.85,13.24,13.59,648658468
2023-06-09,13.7,13.8,13.32,13.45,453523743
2023-06-12,13.51,13.64,13.1,13.1,327868238
2023-06-13,13.13,13.45,12.82,12.98,505787765
2023-06-14,13.08,13.71,12.96,13.24,798713268
2023-06-15,13.45,13.8,13.32,13.8,624905733
2023-06-16,13.81,13.92,13.42,13.42,526183507
2023-06-19,13.42,13.46,12.88,12.88,492284485
2023-06-20,12.88,13.39,12.83,13.26,513901750
2023-06-21,13.41,13.5,12.95,13.1,414534251
2023-06-22,13.13,13.38,12.79,13.24,729288504
2023-06-23,13.44,13.96,13.42,13.65,628851748
2023-06-26,14.19,14.25,14.02,14.05,372389524
2023-06-27,13.99,14.21,13.89,14.06,241478921
2023-07-03,14.25,14.42,14.18,14.25,493189523
2023-07-04,14.34,14.65,14.33,14.39,807089753
2023-07-05,14.44,14.46,13.84,14.25,490444993
2023-07-06,14.31,14.41,13.92,13.92,488031008
2023-07-07,13.93,14.15,13.83,13.91,253881754
2023-07-10,14.16,14.18,13.95,13.99,279426501
2023-07-11,14.3,14.7,14,14.52,980379830
2023-07-12,14.5,15.05,14.39,14.62,1279766231
2023-07-13,14.7,14.99,14.63,14.76,1033698187
2023-07-14,14.93,15.06,14.41,14.49,548527532
2023-07-17,14.61,14.82,14.34,14.54,502291007
2023-07-18,14.58,14.78,13.8,13.8,491969250
2023-07-19,13.8,14.27,13.7,14.27,368322767
2023-07-20,14.35,14.63,14.06,14.45,522854757
2023-07-21,14.38,14.55,14.03,14.07,275358491
2023-07-24,14.12,14.21,13.75,13.9,251964489
2023-07-25,14,14.42,13.97,14.37,480968470
2023-07-26,14.3,14.37,13.87,14.01,455105501
2023-07-27,14.16,14.4,14.04,14.37,625181241
2023-07-28,14.85,15.31,14.78,15.05,870839517
2023-07-31,15.13,15.32,14.98,15.11,731486709
2023-08-01,15.06,15.65,14.86,15.3,940767486
2023-08-02,15.3,15.92,15.13,15.75,771960691
2023-08-03,15.82,15.91,15.33,15.36,534520227
2023-08-04,15.42,16.08,15.34,16.06,696972020
2023-08-07,16.18,16.21,15.88,16.17,444255228
2023-08-08,16.45,16.7,15.96,16.23,751179754
2023-08-09,16.29,17.84,16.23,17.63,1128832483
2023-08-10,17.73,18.82,17.08,17.27,1728232787
2023-08-11,17.26,17.56,16.72,17.3,955551861
2023-08-14,17.38,17.79,16.94,17.01,722683504
2023-08-15,17.06,17.61,16.59,17.39,703388974
2023-08-16,17.25,17.38,16.98,17.05,496560735
2023-08-17,17.07,17.41,17.03,17.21,523103977
2023-08-18,17.25,17.34,16.39,16.61,462424758
2023-08-21,15.97,17.1,15.81,16.78,583688234
2023-08-22,16.86,16.92,16.12,16.31,393608979
2023-08-23,16.34,17.22,16.14,16.79,650187530
2023-08-24,17.08,18.44,16.98,18,2111845593
2023-08-25,18.1,19,17.51,18.68,969140765
2023-08-28,19.7,20.54,19.6,20.42,1348277792
2023-08-29,20.24,22.42,20.08,22.16,1735011224
2023-08-31,22.48,23.36,21.06,21.06,906512174
2023-09-01,21.22,22.02,21.02,21.36,782515768
2023-09-04,21.66,22.92,21.16,22.36,954443971
2023-09-05,22.34,23.88,22.2,23.58,953692486
2023-09-06,24.02,25.08,23.46,24.56,830368738
2023-09-07,24.72,25.3,23.88,24.56,792970691
2023-09-08,24.6,25,24.26,24.7,551119992
2023-09-11,24.8,24.82,22.76,22.8,624187763
2023-09-12,22.88,23.18,22.12,22.22,615568468
2023-09-13,22.26,22.64,21.42,21.54,529256477
2023-09-14,21.44,22.08,20.72,21.62,715244912
2023-09-15,21.7,22.44,21.34,21.58,576453234
2023-09-18,21.52,22.32,21.28,21.82,543863234
2023-09-19,21.96,22.32,21.64,22.02,398669252
2023-09-20,22.2,23.04,22,22.5,614430733
2023-09-21,22.54,23.26,22.1,23.14,756403974
2023-09-22,23.18,25.28,22.98,24.9,920042486
2023-09-25,25.04,25.54,24.84,25.16,579824756
2023-09-26,25.24,26.46,24.7,24.74,656598505
2023-09-27,24.8,26,24.74,25.5,601625733
2023-09-28,25.7,26.18,25.24,25.42,467349250
2023-09-29,25.72,26.52,25.6,25.74,518156750
2023-10-02,25.9,26.38,25.66,25.94,380101517
2023-10-03,26.06,26.22,24.94,25.12,317425503
2023-10-04,25.16,25.62,24.64,24.76,385043979
2023-10-05,25.02,25.82,24.12,25.6,412625229
2023-10-06,25.4,25.82,24.78,24.9,315867240
2023-10-09,24.2,25.06,24.12,24.14,330207223
2023-10-10,24.66,25,24.4,24.82,248326871
2023-10-11,26.28,26.3,25.14,25.34,444615228
2023-10-12,25.66,25.8,24.16,24.62,348798237
2023-10-13,24.42,24.54,23.66,24,204692359
2023-10-16,24.4,24.4,23.36,23.36,219067184
2023-10-17,23.4,23.88,23.26,23.82,197668492
2023-10-18,23.4,23.56,22.5,22.82,232339704
2023-10-19,22.84,23.62,22.6,22.98,241684976
2023-10-20,22.64,22.84,21.52,21.6,215111092
2023-10-23,22,22.26,21.5,22.1,285373238
2023-10-24,22.18,24.18,22.16,24,431169994
2023-10-25,24.08,24.1,22.1,22.1,288933238
2023-10-26,22.38,22.76,21.46,22.3,697168505
2023-10-27,22.52,22.74,21.72,22.3,385601244
2023-10-30,22.08,22.18,21.6,21.7,296194488
2023-10-31,21.9,22.02,20.9,20.98,282526501
2023-11-01,21.18,21.24,19.87,20.66,327061500
2023-11-02,20.7,21.04,20.48,20.72,291749233
2023-11-03,20.76,21.04,20.54,20.96,263040504
2023-11-06,21.32,22.12,21.32,22,256546754
2023-11-07,21.82,22.16,21.34,21.6,333501010
2023-11-08,21.7,21.82,20.66,20.74,432672766
2023-11-09,20.56,20.86,20,20.06,503722765
2023-11-10,20.1,20.34,19.92,20.08,315780503
2023-11-13,20.1,20.52,19.8,19.8,500811007
2023-11-14,19.88,20.12,19.49,20.08,439711516
2023-11-15,20.18,20.42,19.9,20.12,309994000
2023-11-16,20.14,20.78,20.14,20.6,312724000
2023-11-17,20.52,20.66,20.44,20.54,222252242
2023-11-20,20.76,21.06,20.68,20.82,296031226
2023-11-21,20.98,21.3,20.66,21.3,294161226
2023-11-22,21.3,21.46,21.12,21.2,280835503
2023-11-23,21.18,21.86,21.06,21.14,723380459
2023-11-24,21.18,21.52,20.82,21.26,425303509
2023-11-27,21.98,22.68,21.66,22.48,817746473
2023-11-28,22.38,22.58,22.02,22.16,456072221
2023-11-29,22.2,22.28,21.78,21.94,336486752
2023-11-30,21.94,22.48,21.44,21.44,428759251
2023-12-01,22.1,22.4,21.84,22.06,421436751
2023-12-04,22.14,22.74,21.84,22.68,445754486
2023-12-05,22.68,22.82,22.4,22.4,331764488
2023-12-06,22.4,23.22,22.4,22.66,682257725
2023-12-07,22.64,22.7,21.88,22.44,341270465
2023-12-08,22.56,22.74,22.14,22.26,333259760
2023-12-11,22.26,22.44,21.9,21.94,336625230
2023-12-12,21.96,22.7,21.9,22.42,616856983
2023-12-13,22.36,23.06,22.28,22.32,553053977
2023-12-14,22.76,24.04,22.62,24.02,601544991
2023-12-15,24.02,25.22,23.86,24.38,649904248
2023-12-18,24.84,25.64,24.36,24.66,721619754
2023-12-19,24.66,24.8,23.66,23.82,474981515
2023-12-20,23.84,24.12,23.64,24.08,402124759
2023-12-21,24.16,24.62,23.96,24.02,472069523
2023-12-22,24.08,24.52,23.64,23.78,402620229
2023-12-25,23.66,23.66,22.26,22.62,225354177
2023-12-26,22.82,22.82,21.9,22.3,331725738
2023-12-27,22.26,22.7,21.58,22.34,356752767
2023-12-28,22.4,23.06,22.4,22.6,266284489
2023-12-29,22.7,23.54,22.66,23.36,308932750
2024-01-02,23.82,23.92,23.14,23.44,272335231
2024-01-03,23.34,23.48,22.44,22.44,306412240
2024-01-04,22.48,22.96,22.2,22.96,436700463
2024-01-05,22.96,23.24,22.76,23.18,379446244
2024-01-08,23.5,25.38,23.5,25.3,754291474
2024-01-09,25.58,25.96,24.72,25.14,783092723
2024-01-10,25.12,25.82,24.9,25.7,504477765
2024-01-11,25.86,25.98,25.34,25.72,603619248
2024-01-12,25.5,26.86,24.84,25.96,969731000
2024-01-15,25.74,25.96,25.18,25.2,463123001
2024-01-16,25.46,25.78,25.1,25.2,443465228
2024-01-17,25.04,26.14,24.96,25.68,538803234
2024-01-18,26.14,26.82,25.82,25.86,557769757
2024-01-19,26.02,26.14,25.26,25.44,401103979
2024-01-22,25.3,25.42,24.96,25.02,256909996
2024-01-23,25.38,25.46,23.74,23.88,411233236
2024-01-24,23.94,25.32,23.92,24.88,482164993
2024-01-25,25.02,25.36,24.64,24.78,309068003
2024-01-26,24.86,25.42,24.78,25.3,378290229
2024-01-29,25.42,25.48,24.92,25.1,240750349
2024-01-30,25.4,25.88,24.98,25.62,441803508
2024-01-31,25.62,25.84,25.12,25.64,396496009
2024-02-01,25.62,26.08,25.58,25.86,326239760
2024-02-02,25.96,26.28,25.46,25.56,310597240
2024-02-05,26.06,26.3,25.62,25.86,349213002
2024-02-06,25.9,26.12,25.64,26.12,290812241
2024-02-07,26.2,26.58,25.62,25.74,351994760
2024-02-08,25.74,26.04,25.64,25.66,289236501
2024-02-09,25.74,25.98,25.4,25.82,347111010
2024-02-12,25.98,27.34,25.9,27.34,557042452
2024-02-13,27.36,27.8,26.92,27.16,695920927
2024-02-14,27.02,27.92,26.3,27.82,772230458
2024-02-15,27.7,28.36,27.62,27.7,750794209
2024-02-16,27.72,28.02,27.42,27.84,576357531
2024-02-19,27.92,28.84,27.24,27.38,664155538
2024-02-20,27.5,28.58,27.2,28.42,609227763
2024-02-21,28.46,29.02,28.18,28.64,574467764
2024-02-22,28.72,29.04,28.14,28.9,690729755
2024-02-23,28.5,28.9,28.14,28.74,560479757
2024-02-26,28.76,29,28.04,28.66,557389757
2024-02-27,11.43,11.53,11.17,11.17,219423703
2024-02-28,11.18,11.25,10.89,10.96,249553109
2024-02-29,10.96,11.18,10.9,11.1,271880188
2024-03-01,11.12,11.17,10.68,10.71,183737406
2024-03-04,10.77,10.87,10.32,10.32,215421297
2024-03-05,10.34,10.41,10.1,10.1,267111281
2024-03-06,9.98,10.16,9.8,9.82,239883500
2024-03-07,9.88,10.39,9.88,10.37,285088812
2024-03-08,10.38,10.93,10.32,10.86,384571125
2024-03-11,11.28,11.3,10.76,10.76,405220406
2024-03-12,10.76,11.27,10.69,11.07,400808188
2024-03-13,11.07,11.18,10.51,10.6,404178219
2024-03-14,10.64,10.7,10.36,10.39,232842203
2024-03-15,10.4,10.5,10.21,10.24,175028703
2024-03-18,10.27,10.52,10.22,10.33,197664188
2024-03-19,10.33,10.81,10.29,10.77,288751406
2024-03-20,10.76,11.02,10.64,10.73,349626219
2024-03-21,10.9,11.39,10.83,11.15,607049562
2024-03-22,11.15,11.39,10.94,11.02,415249219
2024-03-25,11.04,11.89,10.97,11.41,778743938
2024-03-26,11.44,11.58,11.07,11.12,400829688
2024-03-27,11.19,11.3,10.74,10.84,351575688
2024-03-28,10.92,11.35,10.92,11.23,439909281
2024-03-29,11.24,11.55,11.24,11.39,370147456
2024-04-01,11.78,11.82,11.08,11.51,619625651
2024-04-02,11.51,11.88,11.36,11.43,636129235
2024-04-03,11.47,11.77,11.24,11.64,511914011
2024-04-04,11.69,12.56,11.62,12.5,779304289
2024-04-05,12.58,13.2,12.41,12.76,801959479
2024-04-08,12.82,13.06,12.78,12.82,409378459
2024-04-09,12.87,13.13,12.78,12.84,248349109
2024-04-15,12.71,13.12,12.68,12.71,418491314
2024-04-16,12.76,12.9,12.16,12.16,357774015
2024-04-17,12.31,12.51,12.22,12.26,398043896
2024-04-18,12.35,12.46,12.16,12.27,294173782
2024-04-19,12.14,12.93,12.1,12.86,509899877
2024-04-22,13.03,13.06,12.38,12.52,333826829
2024-04-24,12.66,13.07,12.64,12.98,491299573
2024-04-25,13.01,13.06,12.64,12.7,358834175
2024-04-26,12.77,13.53,12.77,13.29,547311613
2024-04-29,13.35,13.62,13.34,13.53,318678888
2024-04-30,13.52,13.97,13.48,13.71,449501940
2024-05-02,13.76,13.88,13.41,13.64,282121012
2024-05-03,13.72,13.9,13.68,13.73,330070680
2024-05-06,13.73,13.86,13.53,13.58,393421770
2024-05-07,13.62,14.08,13.37,13.87,581950785
2024-05-08,13.92,13.94,13.55,13.55,313394787
2024-05-09,13.64,13.77,13.59,13.69,290870950
2024-05-10,13.72,13.94,13.51,13.51,360654903
2024-05-13,13.53,13.65,13.32,13.39,355402639
2024-05-14,13.6,13.72,13.39,13.57,483829256
2024-05-15,13.56,13.94,13.41,13.8,351883301
2024-05-16,13.8,14.31,13.74,14.31,550362976
2024-05-17,14.31,14.91,14.22,14.8,507481907
2024-05-20,14.8,15.25,14.76,15.09,437252438
2024-05-21,15.13,16.51,15.13,16.1,82371662
2024-05-22,16.1,16.21,15.46,15.76,501849406
2024-05-23,15.77,15.96,15.33,15.37,376349225
2024-05-24,15.41,15.63,15.37,15.44,261181931
2024-05-27,15.5,15.86,15.37,15.67,283888634
2024-05-28,15.75,15.96,15.59,15.84,290498363
2024-05-29,15.89,15.96,15.52,15.52,274152555
2024-05-30,15.71,16.06,15.71,15.88,411146543
2024-05-31,15.91,16.55,15.86,16.11,575636193
2024-06-03,16.24,16.51,15.69,16.5,506052277
2024-06-04,16.5,16.66,15.91,16.01,395952719
2024-06-05,16.11,16.41,15.84,16.04,409161993
2024-06-06,16.14,16.37,16.02,16.08,224376486
2024-06-07,16.13,16.15,15.36,15.51,229837673
2024-06-10,15.51,15.57,15.04,15.29,234604187
2024-06-11,15.24,15.98,15.21,15.79,343114669
2024-06-12,15.78,16.16,15.69,16.04,248045803
2024-06-13,16.25,16.6,16.25,16.31,222790874
2024-06-14,16.6,16.77,16.1,16.18,289035991
2024-06-20,16.48,16.71,16.25,16.71,315373205
2024-06-21,16.7,16.95,16.63,16.73,360604114
2024-06-24,16.78,16.98,16.51,16.75,315462175
2024-06-25,16.77,16.84,16.26,16.26,328794176
2024-06-26,16.27,16.34,15.84,15.86,290946916
2024-06-27,15.97,16.41,15.88,16.4,293086115
2024-06-28,16.47,16.63,15.75,15.85,377521599
2024-07-01,15.99,16.06,15.12,15.28,277270388
2024-07-02,15.3,15.73,15.13,15.73,283744946
2024-07-03,15.85,16.47,15.77,16.42,342174379
2024-07-04,16.4,16.59,16.15,16.42,314493353
2024-07-05,16.3,16.48,15.97,16.2,282175990
2024-07-08,16.25,16.48,16.23,16.34,311758828
2024-07-09,16.37,16.4,15.89,16.12,282430235
2024-07-10,16.15,16.15,15.72,15.81,212709220
2024-07-11,15.97,16.49,15.97,16.49,348354732
2024-07-12,16.39,17.15,16.35,17.1,454524471
2024-07-16,17.2,17.74,17.1,17.62,341786644
2024-07-17,17.61,17.66,17.24,17.43,230729389
2024-07-18,17.6,17.77,17.23,17.32,280820304
2024-07-19,17.28,17.7,17.2,17.57,297066889
2024-07-22,17,17.11,16.79,16.83,343098791
2024-07-23,16.87,16.9,16.15,16.2,329160057
2024-07-24,16.21,16.28,15.9,16.07,286905602
2024-07-25,16.03,16.11,15.6,15.63,207259054
2024-07-26,15.67,15.83,15.46,15.5,272273718
2024-07-29,15.29,15.62,15.22,15.23,230935346
2024-07-30,15.32,15.46,14.75,14.91,261630927
2024-07-31,14.81,15.09,14.79,15,308008197
2024-08-01,15.2,15.61,15.19,15.54,310595238
2024-08-02,15.2,15.35,14.82,14.86,198954105
2024-08-05,13.39,14.42,13.39,13.9,458205833
2024-08-06,14.3,14.34,13.59,13.59,365200809
2024-08-07,13.73,13.95,13.55,13.66,273000230
2024-08-08,13.79,13.95,13.56,13.62,318553653
2024-08-09,13.71,13.82,12.97,13.01,398023410
2024-08-12,13.13,13.27,13,13.08,319176530
2024-08-13,13.08,13.3,12.87,13.3,351755771
2024-08-14,13.36,13.4,13.02,13.04,319849204
2024-08-15,13.11,13.36,13.03,13.3,307102998
2024-08-16,13.34,13.38,13.02,13.02,284654259
2024-08-19,13.05,13.52,13.04,13.51,394593710
2024-08-20,13.44,13.65,13.33,13.56,316109080
2024-08-21,13.53,13.69,13.31,13.34,327642181
2024-08-22,13.48,13.61,13.35,13.49,347465144
2024-08-23,13.48,13.58,13.05,13.12,254857951
2024-08-26,13.26,13.46,12.93,13.11,379901395
2024-08-27,13.15,13.3,13.05,13.26,375915025
2024-08-28,13.25,13.33,13.09,13.14,248378394
2024-08-29,13.15,13.34,13.04,13.22,294500656
2024-09-02,13.28,13.82,13.24,13.73,375981740
2024-09-03,13.75,13.81,13.54,13.67,401215976
2024-09-04,13.57,13.77,13.56,13.7,364251209
2024-09-05,13.81,13.83,13.56,13.59,361772306
2024-09-06,13.59,13.72,13.28,13.32,314044892
2024-09-09,13.27,13.33,12.92,12.95,328142906
2024-09-10,13.01,13.05,12.66,12.72,304282957
2024-09-11,12.72,12.93,12.48,12.48,381836279
2024-09-12,12.67,12.84,12.33,12.84,403461305
2024-09-13,12.84,12.9,12.58,12.86,361362428
2024-09-16,12.86,12.88,12.65,12.7,235629539
2024-09-17,12.74,13.02,12.74,12.94,259344975
2024-09-18,12.95,13.16,12.93,13.08,293803735
2024-09-19,13.27,13.52,13.25,13.37,375394034
2024-09-20,13.37,13.57,13.3,13.41,353486633
2024-09-23,13.53,13.65,13.43,13.55,290469004
2024-09-24,13.6,14.28,13.53,14.1,551690888
2024-09-25,14.12,14.32,14.03,14.15,367002134
2024-09-26,14.25,14.55,14.07,14.23,490865537
2024-09-27,14.28,14.3,13.95,14.14,228425363
2024-09-30,14.09,14.21,13.88,14.06,334498278
2024-10-01,14.13,14.19,13.3,13.47,493007485
2024-10-02,13.44,13.49,12.66,12.66,394937215
2024-10-03,12.7,12.82,12.07,12.15,505474325
2024-10-04,12.27,12.72,11.96,12.66,470185706
2024-10-07,12.68,12.79,12.34,12.42,313106068
2024-10-08,12.42,12.66,12.27,12.51,441884373
2024-10-09,12.5,12.63,12.23,12.63,333903799
2024-10-10,12.64,12.85,12.54,12.56,341234540
2024-10-11,12.57,12.87,12.42,12.46,450631819
2024-10-14,12.49,12.61,12.22,12.36,427191420
2024-10-15,12.39,12.56,12.23,12.49,543710536
2024-10-16,12.42,12.56,12.31,12.51,350393385
2024-10-17,12.47,12.56,12.31,12.35,397491036
2024-10-18,12.4,12.49,11.75,11.76,553331797
2024-10-21,11.77,11.83,11.28,11.28,351611125
2024-10-22,11.32,11.81,11.26,11.61,486937266
2024-10-23,11.6,11.71,11.35,11.58,499969846
2024-10-24,11.71,11.91,11.62,11.7,250541824
2024-10-25,11.67,11.88,11.58,11.83,314393754
2024-10-28,11.83,11.89,11.79,11.79,78170171
2024-10-30,11.83,12.12,11.79,12.05,249974211
2024-10-31,12.04,12.13,11.75,11.76,183321387
2024-11-01,11.83,12.11,11.77,11.95,390497401
2024-11-04,11.91,11.95,11.29,11.37,308262538
2024-11-05,11.5,11.51,10.97,10.99,395586986
2024-11-06,11.02,11.24,10.89,11.06,552137108
2024-11-07,11.11,11.35,11.05,11.3,408022563
2024-11-08,11.32,11.96,11.28,11.8,582552115
2024-11-11,11.91,12.15,11.84,12.06,564660718
2024-11-12,12.01,12.26,11.95,12.14,469097460
2024-11-13,12.12,12.8,11.96,12.59,673414029
2024-11-14,12.71,12.76,12.48,12.65,418630183
2024-11-15,12.67,12.94,12.62,12.72,465181695
2024-11-18,12.79,13.09,12.63,12.98,424527088
2024-11-19,13.06,13.11,12.57,12.68,405896206
2024-11-20,12.76,12.94,12.45,12.47,371173370
2024-11-21,12.58,13.26,12.56,13.2,650967989
2024-11-22,13.18,13.71,13.09,13.6,788398184
2024-11-25,13.78,13.87,13.48,13.5,470807450
2024-11-26,13.53,13.64,13.43,13.62,293699854
2024-11-27,13.76,13.85,13.45,13.45,483411668
2024-11-28,13.46,13.65,13.44,13.52,344359574
2024-11-29,13.55,13.71,13.46,13.63,485044764
2024-12-02,13.51,13.72,13.39,13.66,335424127
2024-12-03,13.73,14.22,13.58,13.87,681747910
2024-12-04,13.91,13.98,13.75,13.89,309773815
2024-12-05,13.94,14.04,13.86,13.95,288518344
2024-12-06,14.43,14.47,14.17,14.17,669124511
2024-12-09,14.24,14.41,14.1,14.28,501442040
2024-12-10,14.25,14.31,13.82,13.83,386338471
2024-12-11,13.85,13.92,13.46,13.7,401097689
2024-12-12,13.8,14.06,13.64,13.86,408195482
2024-12-13,13.57,13.64,13.39,13.53,983975529
2024-12-16,13.55,13.62,13.33,13.33,415449954
2024-12-17,13.35,13.52,13.25,13.4,443124400
2024-12-18,13.42,13.51,13.26,13.26,383607829
2024-12-19,13.12,13.38,13.1,13.14,345489603
2024-12-20,13.23,13.25,13.02,13.15,473628664
2024-12-23,13.23,13.3,12.83,12.85,372259088
2024-12-24,12.87,13.05,12.84,13.04,319606271
2024-12-25,13.52,13.73,13.4,13.7,492200272
2024-12-26,13.77,13.97,13.55,13.62,666161520
2024-12-27,13.63,13.75,13.58,13.66,315929593
2024-12-30,13.66,13.74,13.46,13.46,250399584
2024-12-31,13.46,13.71,13.4,13.54,353222316
2025-01-02,13.6,14.07,13.55,14.05,683285505
2025-01-03,14.11,14.21,13.92,14.08,585770162
2025-01-06,14.12,14.27,14.07,14.14,533162357
2025-01-07,14.11,14.15,13.96,14,479306504
2025-01-08,13.97,14.18,13.92,14,456565996
2025-01-09,14.06,14.57,13.96,14.48,773764969
2025-01-10,14.48,14.56,14.07,14.36,710474498
2025-01-13,14.3,14.49,14.02,14.14,612106218
2025-01-14,14.2,14.37,14.02,14.16,651075669
2025-01-15,14.2,14.33,14.09,14.19,493726716
2025-01-16,14.34,14.39,13.82,14.03,700723255
2025-01-17,14.04,14.3,14.01,14.28,565125744
2025-01-20,14.39,14.47,14.14,14.43,487299835
2025-01-21,14.43,14.73,14.43,14.62,666535450
2025-01-22,14.68,14.84,14.61,14.83,429797730
2025-01-23,14.88,14.9,14.51,14.51,495536670
2025-01-24,14.54,14.61,14.36,14.5,345539728
2025-01-27,14.38,14.43,14.24,14.39,360359578
2025-01-28,14.5,14.8,14.44,14.79,474813996
2025-01-29,14.79,14.95,14.65,14.66,340459196
2025-01-30,14.71,14.77,14.48,14.52,294235499
2025-01-31,14.53,14.61,14.15,14.16,295074523
2025-02-03,13.97,14.01,13.36,13.65,595773161
2025-02-04,13.7,14.06,13.64,13.89,475904340
2025-02-05,13.89,14.13,13.48,13.74,492717706
2025-02-06,13.84,13.93,13.64,13.93,411773222
2025-02-07,13.9,13.95,13.61,13.83,400747366
2025-02-10,13.81,13.85,13.68,13.73,241915707
2025-02-11,13.73,13.9,13.67,13.77,361589930
2025-02-12,13.78,13.9,13.56,13.6,421868024
2025-02-13,13.83,14.26,13.75,14.11,655470947
2025-02-14,14.13,14.53,13.98,14.43,433422041
2025-02-17,14.45,14.57,14.24,14.41,290103910
2025-02-18,14.41,14.47,14.01,14.23,499354665
2025-02-19,14.22,14.6,14.17,14.34,631488556
2025-02-20,14.37,14.83,14.36,14.82,497356555
2025-02-21,14.78,14.81,14.09,14.46,389010927
2025-02-24,14.62,14.63,14.27,14.31,250635053
2025-02-25,14.34,14.67,14.3,14.5,398524423
2025-02-26,14.5,15.19,14.34,15.18,422463163
2025-02-27,15.09,15.42,15.08,15.28,476822863
2025-02-28,15.2,15.47,15.15,15.17,382535832
2025-03-03,15.38,16.44,15.37,15.87,814536438
2025-03-04,15.87,16.06,15.72,15.86,391056594
2025-03-05,16.1,16.21,15.69,15.99,540324072
2025-03-06,16.12,16.18,15.75,16.06,442846214
2025-03-07,16.05,16.3,16.01,16.24,472710217
2025-03-10,16.25,16.3,16.1,16.12,316712850
2025-03-11,16.15,16.17,15.74,15.75,349058057
2025-03-12,15.83,16.22,15.81,15.96,775561272
2025-03-13,16.02,16.12,15.93,16.09,378377753
2025-03-14,16.13,16.37,16.08,16.31,539052758
2025-03-17,16.35,16.6,16.19,16.31,396125142
2025-03-18,16.27,16.33,16.15,16.21,251443021
2025-03-19,15.04,15.35,14.59,14.59,469255873
2025-03-20,14.5,14.7,13.2,13.41,961197551
2025-03-21,13.32,13.39,12.07,12.07,623563500
2025-03-24,12.1,12.59,11.59,12.31,177489553
