Date,Open,High,Low,Close,Volume
2007-02-23,11,11.1,10.7,11,40409295
2007-02-26,10.7,10.9,10.4,10.7,6318290
2007-02-27,10.2,10.6,10.2,10.2,3428643
2007-02-28,10.3,10.3,10.1,10.3,2214689
2007-03-01,9.9,10.6,9.9,9.9,4094802
2007-03-02,10,10.3,9.7,10,1950095
2007-03-05,9.6,9.8,9.55,9.6,1391093
2007-03-06,9.6,9.8,9.55,9.6,2010777
2007-03-07,9.75,9.95,9.65,9.75,2184572
2007-03-08,10.3,10.3,9.85,10.3,2124093
2007-03-09,10.6,10.6,10,10.6,2348574
2007-03-12,10.4,10.8,10.3,10.4,1346459
2007-03-13,10.3,10.4,10,10.3,340090
2007-03-14,10.2,10.25,9.8,10.2,1148492
2007-03-15,10.2,10.4,10.1,10.2,1429693
2007-03-16,10.8,10.8,10.2,10.8,3078607
2007-03-19,10.5,10.9,10.4,10.5,1114792
2007-03-20,10.5,10.6,10.4,10.5,727113
2007-03-21,10.4,10.5,10.3,10.4,140124
2007-03-22,10.8,10.8,10.4,10.8,2344054
2007-03-23,10.6,10.8,10.5,10.6,520842
2007-03-26,10.5,10.6,10.4,10.5,265517
2007-03-27,10.4,10.6,10.3,10.4,274559
2007-03-28,10.7,10.8,10.3,10.7,2021841
2007-03-29,11.6,11.8,10.6,11.6,3090710
2007-03-30,11.5,11.8,11.3,11.5,2428922
2007-04-02,11.6,11.8,11.4,11.6,1139889
2007-04-03,11.4,11.7,11.4,11.4,1232648
2007-04-04,11.6,11.7,11.5,11.6,1792930
2007-04-05,12,12,11.6,12,2878105
2007-04-06,11.8,12,11.6,11.8,542970
2007-04-09,11.7,12,11.5,11.7,708072
2007-04-10,11.6,11.6,11.2,11.6,873684
2007-04-11,11.7,11.9,11.5,11.7,1347513
2007-04-12,11.5,12.2,11.4,11.5,4406268
2007-04-13,11.5,11.5,11,11.5,1267157
2007-04-16,11.5,11.6,11.3,11.5,502372
2007-04-17,11.5,11.6,11.3,11.5,1172766
2007-04-18,11.1,11.5,11,11.1,493416
2007-04-19,11.3,11.4,10.9,11.3,603886
2007-04-20,12,12,11.3,12,1644860
2007-04-24,12,12.1,11.6,12,910927
2007-04-25,11.9,11.9,11.7,11.9,232543
2007-04-26,11.7,11.9,11.6,11.7,1033455
2007-04-27,12,12,11.5,12,799717
2007-04-30,11.6,11.6,10.8,11.6,761160
2007-05-01,11.5,11.6,11.3,11.5,249641
2007-05-02,11.6,11.9,11.5,11.6,839032
2007-05-03,11.6,11.6,11.4,11.6,521185
2007-05-04,11.5,11.7,11.4,11.5,913959
2007-05-07,11.5,11.7,11.5,11.5,157248
2007-05-08,11.4,11.6,11.3,11.4,274870
2007-05-09,11.5,11.5,11.3,11.5,284219
2007-05-10,11.5,11.6,11.3,11.5,150710
2007-05-11,11.5,11.5,11.3,11.5,100465
2007-05-14,11.5,11.6,11.3,11.5,1719404
2007-05-15,11.5,11.6,11.3,11.5,492559
2007-05-16,11.5,11.8,11.4,11.5,684291
2007-05-17,11.8,11.8,11.5,11.8,518255
2007-05-18,12.1,12.2,11.7,12.1,1469230
2007-05-21,12.7,12.9,12.2,12.7,2416742
2007-05-22,12.8,13,12.6,12.8,527717
2007-05-23,12.6,12.8,12.4,12.6,974039
2007-05-24,12.3,12.5,12.2,12.3,443100
2007-05-25,12.3,12.5,12,12.3,521418
2007-05-28,12.7,12.7,12.4,12.7,182808
2007-05-29,12.5,12.8,12.4,12.5,404532
2007-05-30,12.4,12.5,12.3,12.4,242998
2007-05-31,12.4,12.6,12.3,12.4,50031
2007-06-01,12.4,12.5,12.4,12.4,83951
2007-06-04,12.4,12.6,12.2,12.4,95884
2007-06-05,12.4,12.6,12.3,12.4,38910
2007-06-06,12.3,12.5,12.2,12.3,63979
2007-06-07,12.1,12.3,11.9,12.1,187263
2007-06-08,12,12.1,11.8,12,124449
2007-06-11,12,12.1,11.9,12,85994
2007-06-12,11.8,12.1,11.7,11.8,155532
2007-06-13,11.8,11.8,11.5,11.8,417464
2007-06-14,11.7,11.9,11.7,11.7,73390
2007-06-15,12,12,11.8,12,275308
2007-06-18,12.4,12.4,11.9,12.4,475976
2007-06-19,12.1,12.2,11.9,12.1,708088
2007-06-20,11.9,12.1,11.8,11.9,161873
2007-06-21,11.7,11.9,11.6,11.7,143929
2007-06-22,11.8,11.9,11.6,11.8,338882
2007-06-25,11.7,11.8,11.6,11.7,164938
2007-06-26,11.7,11.9,11.4,11.7,737342
2007-06-27,11.4,11.8,11.3,11.4,1467050
2007-06-28,11.5,11.6,11.4,11.5,239864
2007-06-29,11.5,11.7,11.4,11.5,650854
2007-07-02,12.1,12.1,11.5,12.1,2780149
2007-07-03,12,12.4,11.9,12,1238484
2007-07-04,12.1,12.1,11.9,12.1,338565
2007-07-05,12,12.2,11.9,12,630785
2007-07-06,12.4,12.7,11.8,12.4,2063204
2007-07-09,12.5,12.6,12.3,12.5,659972
2007-07-10,12.1,12.4,11.9,12.1,1368793
2007-07-11,12.2,12.2,11.8,12.2,1121295
2007-07-12,12.3,12.3,12.1,12.3,278199
2007-07-13,12.3,12.4,12.3,12.3,533862
2007-07-16,12.5,12.6,12.2,12.5,431102
2007-07-17,12.5,12.5,12.4,12.5,102763
2007-07-18,12.6,12.6,12.3,12.6,496541
2007-07-19,12.6,12.8,12.5,12.6,934375
2007-07-20,12.7,12.8,12.5,12.7,1042091
2007-07-23,13.6,13.6,12.7,13.6,1390015
2007-07-24,13.1,13.7,13,13.1,439285
2007-07-25,13.1,13.2,12.9,13.1,391027
2007-07-26,12.8,13.2,12.7,12.8,503854
2007-07-27,12.5,12.6,12,12.5,518036
2007-07-30,12.5,12.6,12.2,12.5,298344
2007-07-31,12.6,12.6,12.4,12.6,232889
2007-08-01,12.4,12.4,12.1,12.4,445422
2007-08-02,12.2,12.5,12.2,12.2,330520
2007-08-03,12.4,12.5,12.2,12.4,208954
2007-08-06,12.1,12.3,12.1,12.1,80700
2007-08-07,12.1,12.3,11.9,12.1,231343
2007-08-08,12.2,12.3,12.1,12.2,198050
2007-08-09,11.8,12.2,11.8,11.8,159237
2007-08-10,11.1,11.7,11.1,11.1,409271
2007-08-13,11.5,11.5,11.2,11.5,227767
2007-08-14,11.4,11.6,11.3,11.4,224130
2007-08-15,11.2,11.3,11.1,11.2,470750
2007-08-16,10.7,11,10.1,10.7,186996
2007-08-17,10.8,10.8,10.2,10.8,1642264
2007-08-20,10.8,10.9,10.6,10.8,322197
2007-08-21,10.4,10.8,10.3,10.4,683083
2007-08-22,10.9,10.9,10.5,10.9,371888
2007-08-23,11.5,11.5,11.1,11.5,867578
2007-08-24,11.5,11.5,11,11.5,147669
2007-08-27,11.5,11.7,11.5,11.5,54629
2007-08-28,11.2,11.6,11.1,11.2,155333
2007-08-29,11.1,11.2,11,11.1,53638
2007-08-31,11.4,11.4,11,11.4,564144
2007-09-03,11.4,11.6,11.3,11.4,266962
2007-09-04,11.4,11.4,11.2,11.4,57099
2007-09-05,11.3,11.5,11.2,11.3,164872
2007-09-06,11.5,11.5,11.2,11.5,180985
2007-09-07,11.2,11.6,11.1,11.2,110556
2007-09-10,10.9,11.2,10.7,10.9,279015
2007-09-11,10.8,11,10.7,10.8,346481
2007-09-12,10.8,10.9,10.7,10.8,328818
2007-09-13,10.7,10.8,10.6,10.7,255615
2007-09-14,10.7,10.8,10.5,10.7,631482
2007-09-17,10.5,10.8,10.3,10.5,575370
2007-09-18,10.5,10.5,10.3,10.5,1039843
2007-09-19,10.9,11,10.6,10.9,973084
2007-09-20,10.8,10.9,10.6,10.8,400843
2007-09-21,11,11,10.6,11,628849
2007-09-24,10.8,11,10.8,10.8,560770
2007-09-25,10.7,11,10.5,10.7,816291
2007-09-26,11.1,11.3,10.7,11.1,1108853
2007-09-27,11,11.3,10.9,11,568248
2007-09-28,11.1,11.1,10.9,11.1,196559
2007-10-01,11,11.2,10.8,11,325787
2007-10-02,11.1,11.3,11,11.1,603873
2007-10-03,10.8,11.1,10.7,10.8,634188
2007-10-04,10.7,10.9,10.6,10.7,992517
2007-10-05,11,11,10.6,11,666994
2007-10-08,11.1,11.1,10.8,11.1,833805
2007-10-09,11,11.2,10.9,11,1702013
2007-10-10,11.5,11.6,11.1,11.5,1758271
2007-10-11,11.4,11.5,11.3,11.4,98299
2007-10-15,11.2,11.4,11.2,11.2,317419
2007-10-16,11,11.2,10.9,11,293087
2007-10-17,11.1,11.2,11,11.1,164104
2007-10-18,10.9,11.3,10.7,10.9,295821
2007-10-19,10.7,11.1,10.5,10.7,518695
2007-10-22,10.5,10.5,10,10.5,188305
2007-10-23,10.8,10.9,10.5,10.8,320008
2007-10-24,10.8,10.8,10.6,10.8,181324
2007-10-25,10.6,10.8,10.5,10.6,417219
2007-10-26,10.5,10.7,10.5,10.5,204722
2007-10-30,10.6,10.6,10.4,10.6,287813
2007-10-31,10.7,10.8,10.5,10.7,2355199
2007-11-01,10.8,10.8,10.6,10.8,1061700
2007-11-02,11,11.1,10.6,11,699703
2007-11-05,11,11.1,10.8,11,326653
2007-11-06,11.2,11.3,11,11.2,541808
2007-11-07,11.1,11.4,11,11.1,377691
2007-11-08,10.9,11,10.7,10.9,221094
2007-11-09,10.7,10.9,10.6,10.7,197470
2007-11-12,11.5,11.9,10.6,11.5,2135579
2007-11-13,11.4,11.6,11.2,11.4,95831
2007-11-14,11.4,11.5,10.9,11.4,1672459
2007-11-15,11.4,11.5,11.2,11.4,1431359
2007-11-16,11,11.3,10.9,11,238818
2007-11-19,11.1,11.4,10.9,11.1,253114
2007-11-20,10.9,11.2,10.8,10.9,112781
2007-11-21,10.7,11.1,10.5,10.7,208561
2007-11-22,10.7,10.8,10.5,10.7,126462
2007-11-23,10.8,10.8,10.6,10.8,82058
2007-11-26,10.8,10.9,10.7,10.8,330527
2007-11-27,10.6,10.8,10.4,10.6,359357
2007-11-28,10.9,11.1,10.7,10.9,359373
2007-11-29,10.8,11,10.7,10.8,150132
2007-11-30,11.1,11.1,10.8,11.1,1123221
2007-12-03,10.9,11.1,10.9,10.9,119013
2007-12-04,10.6,11,10.5,10.6,182203
2007-12-05,10.9,11,10.6,10.9,651276
2007-12-06,10.8,11,10.7,10.8,243399
2007-12-07,10.7,10.9,10.6,10.7,340780
2007-12-10,10.8,10.8,10.6,10.8,73525
2007-12-11,10.6,10.8,10.5,10.6,150772
2007-12-12,10.6,10.6,10.4,10.6,373725
2007-12-13,10.4,10.7,10.4,10.4,437279
2007-12-14,10.4,10.6,10.4,10.4,181003
2007-12-17,10.4,10.5,10.3,10.4,147911
2007-12-18,10.6,10.6,10.4,10.6,157042
2007-12-19,10.6,10.7,10.5,10.6,44534
2007-12-24,10.7,10.7,10.6,10.7,23314
2007-12-25,10.8,10.9,10.6,10.8,96606
2007-12-26,10.7,10.8,10.6,10.7,161436
2007-12-27,10.6,10.8,10.5,10.6,540941
2007-12-28,10.7,10.7,10.4,10.7,280898
2007-12-31,10.7,10.7,10.6,10.7,173985
2008-01-02,10.6,10.8,10.5,10.6,296513
2008-01-03,10.6,10.6,10.4,10.6,176802
2008-01-04,10.5,10.6,10.4,10.5,121505
2008-01-07,10.4,10.5,10.2,10.4,1130200
2008-01-08,10.5,10.6,10.4,10.5,118119
2008-01-09,10.4,10.6,10.4,10.4,440101
2008-01-10,10.4,10.5,10.3,10.4,198883
2008-01-11,10.4,10.4,10.3,10.4,305742
2008-01-14,10.2,10.4,10.1,10.2,189665
2008-01-15,10.1,10.2,9.9,10.1,329759
2008-01-16,9.75,10,9.55,9.75,224968
2008-01-17,9.65,9.85,9.4,9.65,331805
2008-01-18,9.65,9.7,9.45,9.65,173297
2008-01-21,9.15,9.6,8.7,9.15,348659
2008-01-22,8.85,9,8.65,8.85,279528
2008-01-23,8.45,9.1,8.25,8.45,358878
2008-01-24,8.7,8.8,8.3,8.7,207490
2008-01-25,8.7,8.9,8.65,8.7,454164
2008-01-28,8.45,8.5,8.35,8.45,320144
2008-01-29,8.35,8.55,8.35,8.35,260965
2008-01-30,8.3,8.4,8.2,8.3,223225
2008-01-31,8.1,8.35,8,8.1,226715
2008-02-01,8.2,8.35,8,8.2,297608
2008-02-04,8.25,8.35,8.15,8.25,467831
2008-02-05,8.15,8.3,8.1,8.15,555559
2008-02-06,8.05,8.1,7.8,8.05,195759
2008-02-07,8,8.15,7.9,8,96357
2008-02-08,7.9,8.05,7.8,7.9,164371
2008-02-11,7.8,7.9,7.7,7.8,97311
2008-02-12,8,8.05,7.75,8,206370
2008-02-13,8,8.1,7.9,8,1456284
2008-02-14,8,8.1,7.9,8,353397
2008-02-15,7.8,8,7.75,7.8,272541
2008-02-18,7.95,8,7.85,7.95,152443
2008-02-19,7.8,7.95,7.8,7.8,526746
2008-02-20,7.75,7.85,7.65,7.75,143303
2008-02-21,7.85,8,7.8,7.85,1050954
2008-02-22,7.7,7.9,7.65,7.7,362291
2008-02-25,7.7,7.85,7.65,7.7,283681
2008-02-26,7.7,7.8,7.65,7.7,392030
2008-02-27,8,8.05,7.65,8,3006498
2008-02-28,7.8,8.15,7.75,7.8,1319991
2008-02-29,7.65,7.8,7.6,7.65,479894
2008-03-03,7.25,7.55,7.2,7.25,473173
2008-03-04,6.9,7.3,6.8,6.9,1085385
2008-03-05,7.45,7.55,6.8,7.45,2269834
2008-03-06,7,7.55,6.95,7,2467862
2008-03-07,6.85,6.85,6.65,6.85,588766
2008-03-10,7.05,7.2,6.65,7.05,1477618
2008-03-11,7.2,7.2,6.65,7.2,1737955
2008-03-12,7.45,7.45,7.2,7.45,1296695
2008-03-13,7.25,7.35,7.15,7.25,377415
2008-03-14,7.25,7.45,7.15,7.25,791553
2008-03-17,7.1,7.1,6.6,7.1,2288635
2008-03-18,7.15,7.3,7.05,7.15,573488
2008-03-19,6.95,7.3,6.9,6.95,603822
2008-03-20,6.75,6.95,6.7,6.75,629495
2008-03-21,6.9,7.05,6.7,6.9,604711
2008-03-24,7.15,7.2,6.95,7.15,393405
2008-03-25,7.15,7.35,7.05,7.15,540405
2008-03-26,7,7.2,6.95,7,172432
2008-03-27,7.05,7.15,6.95,7.05,407975
2008-03-28,7.05,7.1,6.95,7.05,2084963
2008-03-31,7.3,7.3,6.85,7.3,344223
2008-04-01,7.4,7.45,7.15,7.4,374585
2008-04-02,7.8,7.85,7.45,7.8,895398
2008-04-03,7.3,7.9,7.3,7.3,518497
2008-04-04,7.1,7.4,7,7.1,751375
2008-04-07,7.1,7.25,6.95,7.1,1377962
2008-04-08,7.1,7.15,6.95,7.1,1096657
2008-04-09,7.35,7.45,7.1,7.35,2222239
2008-04-10,7.6,7.7,7.3,7.6,1495327
2008-04-11,7.8,7.85,7.7,7.8,1170477
2008-04-14,8,8.05,7.6,8,1143646
2008-04-15,8.05,8.15,7.95,8.05,507950
2008-04-16,8.3,8.35,7.9,8.3,655383
2008-04-17,8.4,8.55,8.3,8.4,674602
2008-04-18,8.45,8.55,8.4,8.45,154085
2008-04-21,8.5,8.5,8.3,8.5,236160
2008-04-22,8.55,8.6,8.4,8.55,328276
2008-04-24,8.55,8.7,8.45,8.55,617084
2008-04-25,8.55,8.65,8.5,8.55,454737
2008-04-28,8.7,8.75,8.4,8.7,516593
2008-04-29,8.75,8.85,8.6,8.75,506550
2008-04-30,8.95,8.95,8.65,8.95,857697
2008-05-01,8.9,9,8.8,8.9,439288
2008-05-02,8.95,9.05,8.85,8.95,340014
2008-05-05,8.75,9,8.65,8.75,165470
2008-05-06,8.8,8.85,8.7,8.8,241788
2008-05-07,8.7,8.85,8.65,8.7,195275
2008-05-08,8.55,8.7,8.5,8.55,181091
2008-05-09,8.7,8.7,8.45,8.7,220507
2008-05-12,8.75,8.85,8.7,8.75,56726
2008-05-13,8.8,8.95,8.75,8.8,177649
2008-05-14,8.85,9,8.75,8.85,226123
2008-05-15,8.85,8.85,8.75,8.85,328425
2008-05-16,8.9,9,8.85,8.9,299410
2008-05-20,8.95,8.95,8.85,8.95,757699
2008-05-21,8.95,9,8.9,8.95,152502
2008-05-22,8.8,8.9,8.75,8.8,236536
2008-05-23,8.75,8.8,8.65,8.75,195315
2008-05-26,8.9,8.9,8.65,8.9,129473
2008-05-27,9.4,9.5,8.95,9.4,717693
2008-05-28,9.35,9.5,9.25,9.35,313026
2008-05-29,9.7,9.75,9.45,9.7,1172749
2008-05-30,10.6,10.6,9.7,10.6,3406446
2008-06-03,10,10.4,10,10,942296
2008-06-04,9.9,10,9.4,9.9,721915
2008-06-05,9.9,10,9.8,9.9,445377
2008-06-06,9.9,10.2,9.8,9.9,381621
2008-06-09,9.15,10,8.9,9.15,75002
2008-06-10,9.15,9.2,9,9.15,181973
2008-06-11,9.1,9.45,9.1,9.1,57538
2008-06-12,8.55,9.1,8.5,8.55,137649
2008-06-13,9,9,8.45,9,221348
2008-06-16,8.85,9.25,8.55,8.85,653700
2008-06-17,8.85,8.9,8.75,8.85,57369
2008-06-18,8.55,8.85,8.5,8.55,53758
2008-06-19,8.6,8.6,8.4,8.6,648829
2008-06-20,8.3,8.65,8.15,8.3,154833
2008-06-23,8.25,8.4,7.95,8.25,189938
2008-06-24,8.3,8.3,7.9,8.3,147931
2008-06-25,8.05,8.45,7.95,8.05,271043
2008-06-26,7.8,8.05,7.65,7.8,259084
2008-06-27,8.3,8.45,7.1,8.3,310412
2008-06-30,8.15,8.25,7.55,8.15,378140
2008-07-01,8.1,8.15,7.65,8.1,271360
2008-07-02,7.8,8.05,7.75,7.8,562595
2008-07-03,7.65,7.85,7.3,7.65,196622
2008-07-04,7.35,7.75,7.3,7.35,481484
2008-07-07,7.6,7.8,7.4,7.6,278347
2008-07-08,7.55,7.6,7.4,7.55,179117
2008-07-09,7.7,7.9,7.55,7.7,409962
2008-07-10,7.45,7.75,7.4,7.45,308567
2008-07-11,7.4,7.6,7.25,7.4,86333
2008-07-14,7.45,7.6,7.3,7.45,374586
2008-07-15,7.3,7.45,7.25,7.3,140169
2008-07-16,7.35,7.55,7.3,7.35,381717
2008-07-17,7.45,7.55,7.35,7.45,395455
2008-07-18,7.4,7.65,7.3,7.4,768379
2008-07-21,7.4,7.45,7.25,7.4,460580
2008-07-22,7.6,7.65,7.35,7.6,819318
2008-07-23,7.75,7.8,7.6,7.75,971268
2008-07-24,7.7,7.8,7.65,7.7,276661
2008-07-25,7.45,7.65,7.35,7.45,331760
2008-07-28,7.5,7.55,7.35,7.5,105310
2008-07-29,7.6,7.6,7.4,7.6,333479
2008-07-30,7.65,7.8,7.6,7.65,347260
2008-07-31,7.75,7.95,7.6,7.75,636432
2008-08-01,8.05,8.05,7.7,8.05,1154689
2008-08-04,8.35,8.4,8.05,8.35,919860
2008-08-05,8.2,8.5,8.15,8.2,374840
2008-08-06,7.95,8.35,7.95,7.95,204267
2008-08-07,7.8,8.15,7.8,7.8,436455
2008-08-08,7.45,7.9,7.35,7.45,404861
2008-08-11,7.35,7.55,7.3,7.35,410422
2008-08-12,7.5,7.7,7.3,7.5,852964
2008-08-13,7.55,7.8,7.4,7.55,397053
2008-08-14,7.8,7.9,7.65,7.8,376081
2008-08-15,8.05,8.05,7.8,8.05,323659
2008-08-18,7.85,8.05,7.85,7.85,153934
2008-08-19,7.5,7.85,7.45,7.5,290521
2008-08-20,7.5,7.6,7.4,7.5,333980
2008-08-21,7.45,7.5,7.3,7.45,138127
2008-08-22,7.6,7.65,7.4,7.6,586810
2008-08-25,7.6,7.75,7.55,7.6,364386
2008-08-26,7.55,7.65,7.5,7.55,181331
2008-08-27,7.4,7.55,7.4,7.4,128823
2008-08-28,7.35,7.45,7.25,7.35,252682
2008-08-29,7.3,7.45,7.25,7.3,174198
2008-09-01,7.35,7.35,7.2,7.35,154160
2008-09-02,7.5,7.6,7.3,7.5,391766
2008-09-03,7.8,7.8,7.45,7.8,700039
2008-09-04,7.55,7.8,7.45,7.55,203102
2008-09-05,7.35,7.55,7.25,7.35,279999
2008-09-08,7.45,7.55,7.4,7.45,347371
2008-09-09,7.5,7.6,7.35,7.5,657004
2008-09-10,7.4,7.45,7.35,7.4,229849
2008-09-11,6.9,7.4,6.8,6.9,406931
2008-09-12,6.75,7,6.75,6.75,140394
2008-09-15,6.3,6.55,6.05,6.3,530591
2008-09-16,6,6.3,5.9,6,535321
2008-09-17,5.95,6.3,5.9,5.95,447434
2008-09-18,6.15,6.4,5.55,6.15,309570
2008-09-19,6.8,6.8,6.4,6.8,428543
2008-09-22,6.75,6.95,6.7,6.75,224486
2008-09-23,6.6,6.75,6.35,6.6,230906
2008-09-24,6.6,6.7,6.55,6.6,309428
2008-09-25,6.7,6.7,6.55,6.7,101846
2008-09-26,6.5,6.65,6.5,6.5,124308
2008-09-29,6.4,6.55,6.4,6.4,185719
2008-10-03,6.15,6.2,5.95,6.15,288423
2008-10-06,5.15,5.95,5.1,5.15,435665
2008-10-07,4.62,5.4,4.56,4.62,1149361
2008-10-08,3.92,4.46,3.8,3.92,1466912
2008-10-09,3.92,4.1,3.76,3.92,2271161
2008-10-10,3.34,3.64,3.2,3.34,857173
2008-10-13,3.2,3.52,3.18,3.2,1302209
2008-10-14,3.24,3.5,3.22,3.24,1965694
2008-10-15,2.94,3.28,2.92,2.94,1130864
2008-10-16,2.46,2.8,2.46,2.46,3478276
2008-10-17,2.76,2.84,2.52,2.76,6230063
2008-10-20,3.3,3.3,2.9,3.3,4824663
2008-10-21,3.54,3.76,3.34,3.54,7159902
2008-10-22,3.14,3.58,3.14,3.14,2236049
2008-10-23,2.84,3.14,2.72,2.84,2950531
2008-10-24,2.96,2.98,2.58,2.96,2532541
2008-10-27,2.84,2.9,2.78,2.84,2467703
2008-10-28,2.9,2.94,2.8,2.9,1514336
2008-10-30,3.38,3.44,3.04,3.38,4463919
2008-10-31,3.7,3.7,3.28,3.7,4065227
2008-11-03,4.16,4.26,3.76,4.16,3232110
2008-11-04,4.5,4.54,4.2,4.5,3582691
2008-11-05,3.88,4.54,3.88,3.88,5787241
2008-11-06,3.54,3.82,3.42,3.54,7340281
2008-11-07,3.52,3.72,3.46,3.52,4318504
2008-11-10,3.56,3.8,3.52,3.56,3221583
2008-11-11,3.46,3.56,3.42,3.46,2064012
2008-11-12,3.16,3.62,3.16,3.16,4959886
2008-11-13,3.12,3.2,2.94,3.12,8144426
2008-11-14,3.2,3.28,3.12,3.2,2458444
2008-11-17,2.98,3.22,2.94,2.98,1412558
2008-11-18,3.2,3.26,2.92,3.2,4265425
2008-11-19,3.04,3.32,2.98,3.04,4650301
2008-11-20,2.9,2.98,2.86,2.9,1748826
2008-11-21,2.82,3.04,2.62,2.82,8330270
2008-11-24,3.12,3.16,2.9,3.12,7058448
2008-11-25,2.84,3.18,2.82,2.84,13191815
2008-11-26,2.92,2.96,2.84,2.92,4639021
2008-11-27,3.06,3.08,2.96,3.06,6335007
2008-11-28,3.08,3.2,2.98,3.08,9848621
2008-12-01,2.9,3.1,2.86,2.9,3656140
2008-12-02,2.94,2.96,2.74,2.94,5495600
2008-12-03,3,3.04,2.94,3,4786523
2008-12-04,3.22,3.22,3,3.22,7567431
2008-12-05,3.48,3.48,3.16,3.48,10816316
2008-12-12,3.84,4.04,3.44,3.84,10303484
2008-12-15,3.66,3.96,3.64,3.66,5602600
2008-12-16,3.38,3.62,3.22,3.38,10646375
2008-12-17,3.46,3.52,3.38,3.46,5325116
2008-12-18,3.4,3.5,3.32,3.4,5157667
2008-12-19,3.4,3.48,3.38,3.4,4796406
2008-12-22,3.42,3.52,3.4,3.42,3623606
2008-12-23,3.72,3.72,3.4,3.72,9624683
2008-12-24,3.76,3.8,3.66,3.76,5977144
2008-12-25,3.64,3.78,3.62,3.64,1644341
2008-12-26,3.64,3.68,3.6,3.64,2521932
2008-12-29,3.56,3.62,3.52,3.56,1941425
2008-12-30,3.38,3.48,3.3,3.38,5154120
2008-12-31,3.34,3.48,3.26,3.34,5431633
2009-01-02,3.32,3.38,3.32,3.32,1328531
2009-01-05,3.46,3.54,3.32,3.46,6455868
2009-01-06,3.48,3.54,3.44,3.48,3183514
2009-01-07,3.44,3.56,3.4,3.44,3080069
2009-01-08,3.34,3.44,3.34,3.34,2478936
2009-01-09,3.42,3.46,3.38,3.42,2409311
2009-01-12,3.4,3.56,3.36,3.4,6899302
2009-01-13,3.44,3.46,3.38,3.44,2277010
2009-01-14,3.3,3.5,3.28,3.3,1912278
2009-01-15,3.32,3.38,3.24,3.32,2270820
2009-01-16,3.42,3.48,3.38,3.42,4860998
2009-01-19,3.38,3.5,3.36,3.38,2691817
2009-01-20,3.42,3.44,3.38,3.42,1881749
2009-01-21,3.44,3.44,3.38,3.44,1263271
2009-01-22,3.42,3.48,3.4,3.42,832899
2009-01-23,3.44,3.44,3.4,3.44,501158
2009-01-26,3.58,3.62,3.42,3.58,4269411
2009-01-27,3.5,3.62,3.44,3.5,1773986
2009-01-28,3.52,3.58,3.46,3.52,1632014
2009-01-29,3.44,3.5,3.42,3.44,1166776
2009-01-30,2.84,2.92,2.6,2.84,2630367
2009-02-02,2.76,2.9,2.74,2.76,1686089
2009-02-03,2.74,2.8,2.72,2.74,862655
2009-02-04,2.86,2.88,2.72,2.86,1829055
2009-02-05,2.86,2.92,2.78,2.86,2423612
2009-02-06,2.98,2.98,2.88,2.98,1665843
2009-02-09,3.08,3.1,2.94,3.08,2020364
2009-02-10,3.22,3.38,3.06,3.22,6547462
2009-02-11,3.02,3.26,2.96,3.02,4228834
2009-02-12,3.06,3.16,3.02,3.06,2213464
2009-02-13,3.02,3.16,3,3.02,1306747
2009-02-16,3,3.06,2.94,3,716736
2009-02-17,2.78,2.96,2.78,2.78,947384
2009-02-18,2.8,2.88,2.72,2.8,1334918
2009-02-19,2.94,2.96,2.84,2.94,2218675
2009-02-20,2.78,2.9,2.72,2.78,1723847
2009-02-23,2.74,2.88,2.74,2.74,803148
2009-02-24,2.74,2.78,2.64,2.74,1376325
2009-02-25,2.76,2.82,2.74,2.76,1034636
2009-02-26,2.76,2.78,2.74,2.76,423077
2009-02-27,2.76,2.78,2.7,2.76,1396673
2009-03-02,2.8,2.82,2.7,2.8,2043023
2009-03-03,2.78,2.84,2.74,2.78,1132545
2009-03-04,2.8,2.82,2.76,2.8,434070
2009-03-05,2.74,2.8,2.68,2.74,1050901
2009-03-06,2.88,2.88,2.7,2.88,943935
2009-03-09,2.9,2.92,2.78,2.9,1033982
2009-03-10,2.9,3.02,2.88,2.9,1790921
2009-03-11,2.84,2.94,2.8,2.84,730462
2009-03-12,2.8,2.84,2.72,2.8,981095
2009-03-13,2.76,2.86,2.76,2.76,694331
2009-03-16,2.78,2.82,2.76,2.78,254003
2009-03-17,2.76,2.78,2.74,2.76,402485
2009-03-18,2.76,2.82,2.74,2.76,523235
2009-03-19,2.8,2.84,2.76,2.8,970960
2009-03-20,2.92,2.94,2.78,2.92,1858023
2009-03-23,2.96,3,2.9,2.96,1130724
2009-03-24,2.88,3,2.86,2.88,778073
2009-03-25,2.92,2.92,2.86,2.92,484043
2009-03-26,2.88,2.96,2.84,2.88,656870
2009-03-27,2.88,2.9,2.84,2.88,342072
2009-03-30,2.8,2.82,2.76,2.8,515361
2009-03-31,2.9,2.92,2.84,2.9,1242350
2009-04-01,2.9,2.94,2.88,2.9,738259
2009-04-02,2.92,2.96,2.9,2.92,909186
2009-04-03,2.98,3.12,2.9,2.98,4497562
2009-04-06,3.14,3.14,2.98,3.14,3994505
2009-04-07,3.06,3.16,3.02,3.06,2212928
2009-04-08,3.12,3.12,2.98,3.12,2214394
2009-04-09,3.1,3.14,3.04,3.1,1863379
2009-04-10,3.22,3.24,3.08,3.22,4816107
2009-04-13,3.18,3.26,3.16,3.18,3065047
2009-04-14,3.14,3.22,3.1,3.14,2095806
2009-04-15,3.16,3.22,3.08,3.16,4169462
2009-04-16,3.2,3.26,3.16,3.2,4542198
2009-04-17,3.34,3.36,3.22,3.34,6704766
2009-04-20,3.18,3.38,3.16,3.18,2185609
2009-04-21,3.18,3.2,3.1,3.18,1220090
2009-04-22,3.22,3.26,3.16,3.22,2166756
2009-04-24,3.3,3.34,3.18,3.3,3254648
2009-04-27,3.24,3.28,3.2,3.24,2169527
2009-04-28,3.24,3.32,3.22,3.24,3123325
2009-04-29,3.34,3.38,3.28,3.34,5351022
2009-04-30,3.38,3.42,3.34,3.38,4345733
2009-05-04,3.34,3.42,3.3,3.34,2000173
2009-05-05,3.44,3.54,3.32,3.44,11561430
2009-05-06,3.66,3.66,3.4,3.66,21561010
2009-05-07,3.5,3.86,3.44,3.5,8847788
2009-05-08,3.78,3.8,3.42,3.78,6066724
2009-05-11,3.84,3.98,3.74,3.84,6328749
2009-05-12,3.94,4.08,3.84,3.94,11292120
2009-05-13,3.84,4.08,3.84,3.84,4981677
2009-05-14,3.74,3.88,3.74,3.74,3048881
2009-05-15,3.76,3.82,3.62,3.76,11770080
2009-05-18,3.84,3.86,3.66,3.84,12684560
2009-05-20,3.96,4.04,3.86,3.96,5225450
2009-05-21,3.74,3.94,3.72,3.74,3037168
2009-05-22,3.76,3.86,3.72,3.76,2337587
2009-05-25,3.76,3.8,3.7,3.76,608053
2009-05-26,3.66,3.8,3.64,3.66,1909251
2009-05-27,3.68,3.76,3.66,3.68,2174450
2009-05-28,3.72,3.76,3.62,3.72,2582122
2009-05-29,3.76,3.92,3.74,3.76,11824870
2009-06-01,3.84,3.88,3.8,3.84,3149131
2009-06-02,3.9,3.94,3.8,3.9,8111809
2009-06-03,3.92,4.1,3.86,3.92,19472500
2009-06-04,3.84,3.98,3.82,3.84,4086495
2009-06-05,3.84,3.92,3.82,3.84,3893603
2009-06-08,3.8,3.84,3.78,3.8,2057714
2009-06-09,3.82,3.86,3.78,3.82,1739638
2009-06-10,3.88,3.92,3.84,3.88,3383773
2009-06-11,3.86,3.9,3.82,3.86,2502050
2009-06-12,3.88,3.94,3.84,3.88,2621221
2009-06-15,3.84,3.88,3.82,3.84,1078990
2009-06-16,3.94,3.94,3.8,3.94,4962789
2009-06-17,3.88,3.96,3.86,3.88,1768203
2009-06-18,4.04,4.06,3.96,4.04,8030746
2009-06-19,4,4.08,3.98,4,5301541
2009-06-22,4.12,4.18,4,4.12,7780854
2009-06-23,4.14,4.14,3.98,4.14,5683374
2009-06-24,4.1,4.2,4.08,4.1,5823184
2009-06-25,4.12,4.18,4.06,4.12,5171516
2009-06-26,4.14,4.24,4.1,4.14,8601875
2009-06-29,4.1,4.18,4.08,4.1,2344562
2009-06-30,4.08,4.2,4.08,4.08,3492100
2009-07-01,4.08,4.12,4.06,4.08,1634696
2009-07-02,4.06,4.14,4.06,4.06,2004127
2009-07-03,4.1,4.12,4.06,4.1,1456947
2009-07-06,4.16,4.2,4.04,4.16,4163272
2009-07-07,4.16,4.18,4.12,4.16,1872738
2009-07-08,4.12,4.14,4.1,4.12,780899
2009-07-09,4.12,4.16,4.08,4.12,760924
2009-07-10,4.06,4.14,4.02,4.06,935708
2009-07-13,4,4.06,3.96,4,735136
2009-07-14,4.02,4.08,3.94,4.02,1145364
2009-07-15,4,4.06,3.98,4,953429
2009-07-16,4.02,4.08,4,4.02,1384702
2009-07-17,4,4.08,3.96,4,1113380
2009-07-20,4.04,4.06,4,4.04,832637
2009-07-21,4.08,4.12,4.02,4.08,3481163
2009-07-22,4.08,4.1,4.04,4.08,906349
2009-07-23,4.08,4.1,4.04,4.08,1057678
2009-07-24,4.08,4.14,4.06,4.08,2311424
2009-07-27,4.08,4.12,4.04,4.08,1517078
2009-07-28,4.02,4.08,3.98,4.02,2683649
2009-07-29,4.06,4.1,3.98,4.06,2375678
2009-07-30,4.14,4.16,4.04,4.14,4209533
2009-07-31,4.1,4.14,4.06,4.1,2326223
2009-08-03,4.18,4.2,4.08,4.18,3313806
2009-08-04,4.34,4.44,4.12,4.34,15084970
2009-08-05,4.22,4.5,4.2,4.22,6922421
2009-08-06,4.34,4.36,4.22,4.34,4476789
2009-08-07,4.38,4.4,4.3,4.38,1906404
2009-08-10,4.42,4.44,4.38,4.42,1605192
2009-08-11,4.5,4.6,4.42,4.5,10790850
2009-08-12,4.56,4.56,4.38,4.56,2816286
2009-08-13,4.54,4.64,4.48,4.54,4647799
2009-08-14,4.4,4.58,4.4,4.4,2313689
2009-08-17,4.4,4.4,4.26,4.4,1549501
2009-08-18,4.44,4.52,4.4,4.44,2602040
2009-08-19,4.46,4.54,4.42,4.46,3569036
2009-08-20,4.42,4.54,4.4,4.42,5813467
2009-08-21,4.22,4.4,4.2,4.22,10272650
2009-08-24,4.2,4.26,4.18,4.2,4012601
2009-08-25,4.14,4.22,4.14,4.14,2224926
2009-08-26,4.18,4.3,4.14,4.18,15648750
2009-08-27,4.22,4.26,4.18,4.22,4821218
2009-08-28,4.24,4.32,4.22,4.24,7427789
2009-08-31,4.18,4.24,4.16,4.18,2959605
2009-09-01,4.18,4.24,4.16,4.18,5266440
2009-09-02,4.12,4.18,4.08,4.12,2009265
2009-09-03,4.1,4.14,4.04,4.1,1649984
2009-09-04,4.06,4.12,4.06,4.06,1418413
2009-09-07,4.1,4.12,4.06,4.1,737766
2009-09-08,4.04,4.1,4,4.04,927525
2009-09-09,3.94,4.04,3.9,3.94,1625749
2009-09-10,3.94,3.96,3.82,3.94,2237177
2009-09-11,4.04,4.06,3.92,4.04,3388863
2009-09-14,4.08,4.08,3.98,4.08,2087666
2009-09-15,4.12,4.14,4.04,4.12,3577254
2009-09-16,4.16,4.18,4.12,4.16,3238110
2009-09-17,4.14,4.22,4.14,4.14,3223827
2009-09-18,4.12,4.16,4.1,4.12,1856809
2009-09-23,4.16,4.2,4.1,4.16,2493142
2009-09-24,4.2,4.24,4.12,4.2,5006519
2009-09-25,4.16,4.22,4.14,4.16,3767936
2009-09-28,4.16,4.22,4.12,4.16,7486223
2009-09-29,4.16,4.18,4.12,4.16,2408885
2009-09-30,4.08,4.18,4.08,4.08,4081685
2009-10-01,4.06,4.12,4.04,4.06,1788390
2009-10-02,3.96,4.02,3.9,3.96,3104773
2009-10-05,4.1,4.1,3.94,4.1,5327186
2009-10-06,4.14,4.16,4.06,4.14,6134567
2009-10-07,4.28,4.3,4.14,4.28,17367020
2009-10-08,4.2,4.32,4.2,4.2,10928880
2009-10-09,4.24,4.3,4.22,4.24,8411619
2009-10-12,4.42,4.44,4.26,4.42,12312930
2009-10-13,4.38,4.44,4.34,4.38,13519640
2009-10-14,4.38,4.42,4.36,4.38,5363853
2009-10-15,4.4,4.5,4.38,4.4,7784536
2009-10-16,4.42,4.56,4.4,4.42,20120980
2009-10-19,4.52,4.6,4.5,4.52,13301190
2009-10-20,4.58,4.58,4.5,4.58,7242819
2009-10-21,4.54,4.62,4.48,4.54,7214856
2009-10-22,4.6,4.66,4.52,4.6,19275820
2009-10-23,4.56,4.66,4.54,4.56,10778550
2009-10-26,4.44,4.58,4.42,4.44,6633910
2009-10-27,4.4,4.48,4.38,4.4,7220207
2009-10-28,4.4,4.46,4.38,4.4,5307393
2009-10-30,4.14,4.46,4.1,4.14,7160885
2009-11-02,4.02,4.1,3.86,4.02,8763872
2009-11-03,3.96,4.04,3.86,3.96,5955645
2009-11-04,3.96,4.06,3.86,3.96,7845982
2009-11-05,3.94,3.94,3.86,3.94,6431589
2009-11-06,3.96,4.04,3.94,3.96,8331652
2009-11-09,4.06,4.1,4,4.06,8826306
2009-11-10,4.16,4.24,4.12,4.16,10942610
2009-11-11,4.16,4.2,4.12,4.16,4490382
2009-11-12,4.22,4.3,4.12,4.22,22124240
2009-11-13,4.24,4.28,4.18,4.24,25539561
2009-11-16,4.2,4.32,4.2,4.2,6348978
2009-11-17,4.04,4.22,4.02,4.04,6530704
2009-11-18,4.02,4.04,3.96,4.02,6164616
2009-11-19,4.08,4.1,3.98,4.08,6043771
2009-11-20,3.98,4.08,3.92,3.98,3290166
2009-11-23,4.04,4.04,3.92,4.04,3715363
2009-11-24,4,4.04,3.96,4,2983146
2009-11-25,3.94,4.04,3.92,3.94,2375526
2009-11-26,3.94,3.96,3.88,3.94,1498791
2009-12-01,4.02,4.04,3.9,4.02,4174325
2009-12-02,4.14,4.14,4.04,4.14,6538862
2009-12-03,4.22,4.24,4.14,4.22,7684771
2009-12-04,4.22,4.26,4.18,4.22,5855243
2009-12-07,4.2,4.24,4.16,4.2,4994600
2009-12-08,4.18,4.3,4.16,4.18,6841592
2009-12-09,4.3,4.4,4.14,4.3,21622539
2009-12-10,4.36,4.44,4.28,4.36,12694950
2009-12-11,4.3,4.4,4.28,4.3,4675543
2009-12-14,4.38,4.42,4.28,4.38,5755568
2009-12-15,4.48,4.48,4.38,4.48,11741950
2009-12-16,4.56,4.58,4.48,4.56,12271620
2009-12-17,4.48,4.58,4.46,4.48,4787131
2009-12-18,4.44,4.5,4.44,4.44,2336706
2009-12-21,4.56,4.56,4.46,4.56,6327464
2009-12-22,4.62,4.62,4.52,4.62,8843974
2009-12-23,4.68,4.74,4.64,4.68,17546090
2009-12-24,4.7,4.78,4.7,4.7,8090029
2009-12-25,4.74,4.76,4.66,4.74,4979313
2009-12-28,4.8,4.82,4.72,4.8,6460194
2009-12-29,4.78,4.82,4.76,4.78,4845714
2009-12-30,4.68,4.78,4.66,4.68,4275206
2009-12-31,4.74,4.8,4.72,4.74,5616790
2010-01-04,4.8,4.84,4.68,4.8,8718735
2010-01-05,4.9,4.96,4.82,4.9,10345680
2010-01-06,4.94,4.98,4.88,4.94,11871820
2010-01-07,4.88,4.96,4.86,4.88,8653228
2010-01-08,5.28,5.34,4.9,5.28,37943301
2010-01-11,5.35,5.5,5.25,5.35,7888122
2010-01-12,5.35,5.4,5.3,5.35,4703890
2010-01-13,5.65,5.65,5.3,5.65,5362188
2010-01-14,5.65,5.75,5.55,5.65,6076262
2010-01-15,5.6,5.75,5.5,5.6,3280554
2010-01-18,5.6,5.6,5.5,5.6,2497579
2010-01-19,5.8,5.8,5.55,5.8,6356750
2010-01-20,5.8,5.95,5.65,5.8,10081930
2010-01-21,5.75,5.85,5.7,5.75,3133458
2010-01-22,5.6,5.65,5.45,5.6,6063355
2010-01-25,5.65,5.75,5.5,5.65,5330942
2010-01-26,5.7,5.7,5.5,5.7,3575320
2010-01-27,5.8,5.85,5.65,5.8,5263345
2010-01-28,6.05,6.05,5.8,6.05,7016150
2010-01-29,6.2,6.2,6,6.2,6596126
2010-02-01,6.3,6.3,6.1,6.3,4576779
2010-02-02,6.35,6.45,6.25,6.35,5491471
2010-02-03,6.2,6.4,6.15,6.2,2575838
2010-02-04,6.1,6.15,6,6.1,3809887
2010-02-05,6.05,6.1,5.85,6.05,8644857
2010-02-08,5.85,6.15,5.7,5.85,5306751
2010-02-09,6.2,6.3,5.9,6.2,4101858
2010-02-10,6.2,6.35,6.15,6.2,5597192
2010-02-11,6.2,6.3,6.05,6.2,2466936
2010-02-12,6.1,6.3,6.05,6.1,2146984
2010-02-15,5.95,6.15,5.9,5.95,4125930
2010-02-16,5.95,6.05,5.85,5.95,2483241
2010-02-17,6.1,6.1,5.95,6.1,3843955
2010-02-18,5.85,6,5.8,5.85,2263403
2010-02-19,6,6.05,5.7,6,3324122
2010-02-22,5.85,6.1,5.75,5.85,2683190
2010-02-23,5.6,5.9,5.55,5.6,2931870
2010-02-24,5.5,5.7,5.2,5.5,5651513
2010-02-25,5.5,5.7,5.35,5.5,5283174
2010-02-26,5.55,5.7,5.3,5.55,5698164
2010-03-01,5.8,5.85,5.65,5.8,4628426
2010-03-02,5.95,6.05,5.9,5.95,3510236
2010-03-03,5.9,6,5.7,5.9,3407509
2010-03-04,5.7,5.85,5.7,5.7,4029325
2010-03-05,5.8,5.9,5.7,5.8,4496795
2010-03-08,5.95,6,5.75,5.95,3326388
2010-03-09,5.8,6.05,5.75,5.8,3252164
2010-03-10,5.8,5.85,5.7,5.8,5326938
2010-03-11,5.85,6,5.8,5.85,4041131
2010-03-12,6,6.05,5.85,6,5837863
2010-03-15,6.1,6.15,5.95,6.1,4793191
2010-03-16,6.3,6.35,6.1,6.3,3508281
2010-03-17,6.3,6.35,6.2,6.3,3177505
2010-03-18,6.1,6.25,6,6.1,3615555
2010-03-19,6.05,6.15,6,6.05,2246162
2010-03-22,6.3,6.3,6,6.3,2749062
2010-03-23,6.25,6.45,6.15,6.25,4320157
2010-03-24,6.25,6.4,6.2,6.25,4112358
2010-03-25,6.3,6.4,6.2,6.3,4961493
2010-03-26,6.2,6.3,6.1,6.2,3328407
2010-03-29,6,6.25,6,6,2971102
2010-03-30,6.2,6.25,6.05,6.2,4203161
2010-03-31,6.1,6.25,6,6.1,2688668
2010-04-01,6.1,6.15,6.05,6.1,2300783
2010-04-02,6.15,6.2,6.05,6.15,2170106
2010-04-05,6.2,6.25,6.15,6.2,1196940
2010-04-06,6.3,6.3,6.1,6.3,4312287
2010-04-07,6.25,6.3,6.15,6.25,3043925
2010-04-08,6.15,6.25,6.1,6.15,1813956
2010-04-09,6.2,6.25,6.15,6.2,4978186
2010-04-12,6.1,6.3,6.1,6.1,2158990
2010-04-13,6.3,6.3,6.1,6.3,4488353
2010-04-14,6.6,6.6,6.25,6.6,11211000
2010-04-15,6.7,6.75,6.5,6.7,6120186
2010-04-16,6.85,6.9,6.6,6.85,7785832
2010-04-19,6.9,6.95,6.55,6.9,6105635
2010-04-20,7,7.15,6.9,7,4412362
2010-04-21,7.05,7.15,7,7.05,3470332
2010-04-22,7,7.15,6.9,7,1885331
2010-04-26,7.05,7.2,6.95,7.05,2934621
2010-04-27,7,7.05,6.9,7,1570426
2010-04-28,7,7,6.8,7,2945756
2010-04-29,7.1,7.1,6.95,7.1,1356261
2010-04-30,7.3,7.35,7.05,7.3,4386193
2010-05-03,7.55,7.6,7.25,7.55,5642075
2010-05-04,7.1,7.55,6.95,7.1,4284739
2010-05-05,6.7,7.1,6.6,6.7,5936236
2010-05-06,6.65,6.85,6.6,6.65,3708459
2010-05-07,6.1,6.45,6.05,6.1,6578159
2010-05-10,6.5,6.6,6.4,6.5,3997550
2010-05-11,6.5,6.65,6.4,6.5,4200763
2010-05-12,6.45,6.55,6.3,6.45,4039253
2010-05-13,6.25,6.55,6.2,6.25,4824187
2010-05-14,5.7,6.35,5.65,5.7,6816265
2010-05-17,5.75,5.85,5.4,5.75,3533127
2010-05-18,5.95,5.95,5.75,5.95,3117693
2010-05-20,5.6,5.9,5.55,5.6,3225910
2010-05-21,5.65,5.7,5.45,5.65,2421869
2010-05-24,5.7,5.8,5.55,5.7,1983330
2010-05-25,5.4,5.55,5.3,5.4,1326728
2010-05-26,5.5,5.5,5.25,5.5,3810651
2010-05-27,5.7,5.75,5.45,5.7,3554511
2010-05-28,5.55,5.8,5.5,5.55,1729104
2010-05-31,5.45,5.6,5.35,5.45,1671943
2010-06-01,5.4,5.5,5.2,5.4,4656326
2010-06-02,5.55,5.6,5.3,5.55,3448045
2010-06-03,5.6,5.7,5.55,5.6,2468592
2010-06-04,5.55,5.75,5.45,5.55,3716855
2010-06-07,5.5,5.6,5.4,5.5,2323311
2010-06-08,5.55,5.65,5.35,5.55,3628844
2010-06-09,5.7,5.75,5.45,5.7,2998806
2010-06-10,5.85,5.95,5.6,5.85,3749077
2010-06-11,5.8,5.95,5.7,5.8,1608898
2010-06-14,5.85,5.9,5.8,5.85,1142378
2010-06-15,5.9,5.9,5.75,5.9,1222521
2010-06-16,5.75,5.95,5.75,5.75,1024114
2010-06-17,5.7,5.85,5.7,5.7,1297980
2010-06-18,5.75,5.8,5.7,5.75,435873
2010-06-21,5.7,5.85,5.6,5.7,1265252
2010-06-22,5.6,5.7,5.55,5.6,1203776
2010-06-23,5.45,5.7,5.4,5.45,3267531
2010-06-24,5.55,5.65,5.4,5.55,1621704
2010-06-25,5.55,5.65,5.55,5.55,1549317
2010-06-28,5.65,5.65,5.55,5.65,1157127
2010-06-29,5.5,5.65,5.45,5.5,1212857
2010-06-30,5.65,5.7,5.5,5.65,1832943
2010-07-01,5.6,5.7,5.5,5.6,1903323
2010-07-02,5.65,5.7,5.55,5.65,858340
2010-07-05,5.7,5.7,5.6,5.7,927107
2010-07-06,5.85,5.85,5.7,5.85,1525290
2010-07-07,5.8,5.8,5.7,5.8,806340
2010-07-08,5.75,5.85,5.7,5.75,1016880
2010-07-09,5.8,5.8,5.7,5.8,476561
2010-07-12,5.85,5.95,5.7,5.85,2454287
2010-07-13,6.05,6.15,5.85,6.05,4712554
2010-07-14,6.1,6.15,5.95,6.1,1255830
2010-07-15,6.1,6.3,6,6.1,2851803
2010-07-16,6.05,6.25,6.05,6.05,2128156
2010-07-19,6.2,6.2,6.05,6.2,1006627
2010-07-20,6.3,6.4,6.15,6.3,2845623
2010-07-21,6.55,6.6,6.25,6.55,5211529
2010-07-22,6.7,6.9,6.5,6.7,3553837
2010-07-23,6.65,6.75,6.6,6.65,984392
2010-07-26,6.7,6.8,6.65,6.7,587003
2010-07-27,6.6,6.8,6.55,6.6,1054469
2010-07-28,6.5,6.65,6.45,6.5,1151763
2010-07-29,6.45,6.55,6.4,6.45,1267327
2010-07-30,6.4,6.45,6.3,6.4,1231570
2010-08-02,6.5,6.5,6.4,6.5,611610
2010-08-03,6.5,6.5,6.4,6.5,209722
2010-08-04,6.4,6.55,6.35,6.4,935323
2010-08-05,6.4,6.4,6.25,6.4,1402364
2010-08-06,6.65,6.65,6.4,6.65,3117890
2010-08-09,6.55,6.7,6.5,6.55,3775041
2010-08-10,6.7,6.75,6.5,6.7,2990041
2010-08-11,6.7,6.7,6.55,6.7,3269326
2010-08-12,6.85,6.85,6.6,6.85,2393804
2010-08-13,6.85,6.9,6.65,6.85,1601979
2010-08-16,6.85,6.85,6.7,6.85,1445043
2010-08-17,6.7,6.85,6.65,6.7,833624
2010-08-18,6.6,6.7,6.45,6.6,1705402
2010-08-19,6.5,6.65,6.45,6.5,1691428
2010-08-20,6.55,6.55,6.45,6.55,762885
2010-08-23,6.6,6.6,6.45,6.6,474829
2010-08-24,6.65,6.65,6.45,6.65,1202836
2010-08-25,6.7,6.8,6.6,6.7,1604408
2010-08-26,6.75,6.8,6.65,6.75,679921
2010-08-27,6.85,6.9,6.65,6.85,1547959
2010-08-31,6.75,6.8,6.55,6.75,3470074
2010-09-01,6.75,6.75,6.65,6.75,1111339
2010-09-02,6.95,7,6.75,6.95,6266157
2010-09-03,6.95,7,6.9,6.95,2252790
2010-09-06,6.9,7,6.85,6.9,436142
2010-09-07,7,7.1,6.95,7,3690480
2010-09-08,7,7.05,6.95,7,1917048
2010-09-13,7.2,7.25,7,7.2,4483234
2010-09-14,7.1,7.25,7.1,7.1,1498241
2010-09-15,7.2,7.25,7,7.2,1803146
2010-09-16,7.35,7.35,7.1,7.35,2780374
2010-09-17,7.4,7.45,7.3,7.4,3575520
2010-09-20,7.55,7.55,7.35,7.55,2308107
2010-09-21,7.7,7.75,7.5,7.7,4200646
2010-09-22,7.85,7.9,7.75,7.85,2126889
2010-09-23,7.7,7.85,7.65,7.7,1444962
2010-09-24,7.85,7.85,7.65,7.85,719454
2010-09-27,7.75,7.95,7.75,7.75,1387803
2010-09-28,7.7,7.8,7.7,7.7,1578873
2010-09-29,7.8,7.8,7.7,7.8,1094265
2010-09-30,7.75,7.8,7.65,7.75,1813196
2010-10-01,7.6,7.85,7.6,7.6,514311
2010-10-04,7.85,7.85,7.6,7.85,1518115
2010-10-05,7.95,7.95,7.8,7.95,3461698
2010-10-06,7.9,7.95,7.85,7.9,868486
2010-10-07,7.8,7.9,7.75,7.8,878611
2010-10-08,7.75,7.85,7.65,7.75,1100400
2010-10-11,7.85,7.9,7.75,7.85,1591894
2010-10-12,7.75,7.85,7.75,7.75,1162033
2010-10-13,7.85,7.85,7.7,7.85,1729169
2010-10-14,7.85,8.15,7.8,7.85,7301401
2010-10-15,8,8,7.65,8,3305093
2010-10-18,8,8.05,7.9,8,1306520
2010-10-19,7.95,8.15,7.9,7.95,2129096
2010-10-20,7.9,8.05,7.9,7.9,796976
2010-10-21,8,8.1,7.95,8,1093652
2010-10-22,7.95,8.15,7.95,7.95,2764220
2010-10-25,8,8.15,8,8,1541429
2010-10-26,7.75,8,7.65,7.75,2800000
2010-10-27,7.45,7.8,7.4,7.45,1685425
2010-10-28,7.5,7.5,7.15,7.5,913240
2010-11-01,7.44,7.54,7.4,7.44,1909900
2010-11-02,7.38,7.48,7.3,7.38,723354
2010-11-03,7.52,7.54,7.3,7.52,983239
2010-11-04,7.68,7.86,7.54,7.68,2244825
2010-11-05,7.62,7.88,7.62,7.62,881012
2010-11-08,7.78,7.8,7.64,7.78,992487
2010-11-09,7.84,7.84,7.72,7.84,2015532
2010-11-10,7.9,7.94,7.82,7.9,2873404
2010-11-11,7.88,7.94,7.82,7.88,1183237
2010-11-12,7.84,7.88,7.74,7.84,355388
2010-11-15,7.9,7.9,7.8,7.9,382885
2010-11-22,7.7,8,7.52,7.7,1458264
2010-11-23,7.22,7.6,7.14,7.22,1534393
2010-11-24,7.26,7.32,7,7.26,2127647
2010-11-25,7.4,7.4,7.22,7.4,1277851
2010-11-26,7.34,7.4,7.26,7.34,915051
2010-11-29,7.16,7.38,7.12,7.16,523629
2010-11-30,7.22,7.24,7.02,7.22,468062
2010-12-01,7.38,7.4,7.22,7.38,1293566
2010-12-02,7.32,7.44,7.26,7.32,1222806
2010-12-03,7.34,7.42,7.26,7.34,1064261
2010-12-06,7.38,7.4,7.3,7.36,819995
2010-12-07,7.36,7.4,7.32,7.32,709860
2010-12-08,7.3,7.4,7.22,7.4,1805844
2010-12-09,7.4,7.5,7.38,7.42,961946
2010-12-10,7.42,7.42,7.26,7.32,776634
2010-12-13,6.58,7.52,6.58,7.48,1470013
2010-12-14,7.46,7.74,7.46,7.7,1164106
2010-12-15,7.58,7.7,7.54,7.6,695351
2010-12-16,7.6,7.66,7.5,7.58,409815
2010-12-17,7.62,7.64,7.26,7.44,431656
2010-12-20,7.42,7.44,7.28,7.4,502934
2010-12-21,7.4,7.42,7.26,7.4,769025
2010-12-22,7.4,7.58,7.32,7.54,688400
2010-12-23,7.6,7.64,7.5,7.64,583707
2010-12-24,7.64,7.68,7.6,7.66,200636
2010-12-27,7.64,7.64,7.44,7.58,424346
2010-12-28,7.58,7.58,7.42,7.5,392313
2010-12-29,7.52,7.52,7.4,7.48,433416
2010-12-30,7.48,7.62,7.44,7.56,593436
2010-12-31,7.58,7.6,7.4,7.48,722875
2011-01-03,7.5,7.66,7.48,7.64,356056
2011-01-04,7.68,7.72,7.6,7.68,600322
2011-01-05,7.66,7.72,7.54,7.68,1348610
2011-01-06,7.72,7.8,7.72,7.76,1095758
2011-01-07,7.76,7.76,7.62,7.68,932766
2011-01-10,7.6,7.66,7.58,7.66,552448
2011-01-11,7.66,7.68,7.44,7.54,1250127
2011-01-12,7.54,7.56,7.46,7.56,870725
2011-01-13,7.58,7.76,7.58,7.68,1617781
2011-01-14,7.72,7.78,7.48,7.6,1323753
2011-01-17,7.46,7.48,7.3,7.46,543553
2011-01-18,7.46,7.6,7.42,7.44,929425
2011-01-19,7.5,7.68,7.48,7.64,1145612
2011-01-20,7.66,7.74,7.62,7.68,707656
2011-01-21,7.68,7.72,7.54,7.6,579074
2011-01-24,7.62,7.62,7.44,7.46,942820
2011-01-25,7.5,7.66,7.48,7.54,972939
2011-01-26,7.58,7.64,7.54,7.6,251949
2011-01-27,7.6,7.6,7.44,7.46,759433
2011-01-28,7.42,7.42,7.2,7.24,835551
2011-01-31,7.2,7.56,7.04,7.56,1700905
2011-02-01,7.56,7.56,7.32,7.4,1270176
2011-02-02,7.46,7.46,7.2,7.24,1735478
2011-02-03,7.26,7.34,6.92,7.04,504140
2011-02-04,7.04,7.14,6.98,7.08,460568
2011-02-07,7.08,7.12,7,7.08,676333
2011-02-08,7.22,7.3,7.16,7.3,1529615
2011-02-09,7.3,7.38,7.2,7.38,914082
2011-02-10,7.3,7.34,7.14,7.2,691031
2011-02-11,7.2,7.26,7.14,7.18,503493
2011-02-14,7.24,7.3,7.2,7.22,841346
2011-02-15,7.22,7.34,7.22,7.28,886751
2011-02-16,7.28,7.4,7.26,7.4,1134108
2011-02-17,7.4,7.42,7.2,7.34,1061966
2011-02-18,7.34,7.36,7.26,7.28,434780
2011-02-21,7.3,7.3,7.08,7.08,187524
2011-02-22,7.08,7.08,6.7,6.76,596823
2011-02-23,6.8,6.92,6.36,6.48,1958963
2011-02-24,6.44,6.48,6.34,6.36,1380265
2011-02-25,6.4,6.46,6.3,6.38,997153
2011-02-28,6.38,6.46,6.12,6.46,638839
2011-03-01,6.4,6.48,6.24,6.24,1779683
2011-03-02,6.24,6.46,6.08,6.38,1688364
2011-03-03,6.44,6.66,6.44,6.6,818713
2011-03-04,6.7,6.72,6.46,6.62,1182359
2011-03-07,6.58,6.58,6.3,6.4,1018241
2011-03-08,6.5,6.58,6.42,6.58,1948338
2011-03-09,6.58,6.76,6.58,6.74,1119783
2011-03-10,6.7,7.02,6.64,6.96,2237890
2011-03-11,6.9,7.14,6.86,7.12,2721559
2011-03-14,7.12,7.14,6.96,7.06,948818
2011-03-15,6.98,7.04,6.66,6.92,1358101
2011-03-16,7.04,7.26,6.96,7,1296163
2011-03-17,7,7.1,6.88,7.08,768202
2011-03-18,7.1,7.26,6.86,7.24,649100
2011-03-21,7.18,7.3,7.02,7.2,452291
2011-03-22,7.22,7.26,7.12,7.26,671739
2011-03-23,7.24,7.26,7.06,7.1,472279
2011-03-24,7.1,7.24,7.06,7.22,953407
2011-03-25,7.24,7.26,7.12,7.12,337290
2011-03-28,7.2,7.3,7.12,7.28,601464
2011-03-29,7.3,7.34,7.26,7.3,1202650
2011-03-30,7.32,7.34,7.26,7.3,543254
2011-03-31,7.3,7.44,7.16,7.36,1787670
2011-04-01,7.36,7.42,7.28,7.42,1700044
2011-04-04,7.42,7.54,7.4,7.54,1474918
2011-04-05,7.52,7.54,7.48,7.5,348514
2011-04-06,7.5,7.58,7.48,7.56,1252539
2011-04-07,7.54,7.82,7.5,7.82,1519358
2011-04-08,7.8,7.9,7.6,7.6,1084205
2011-04-11,7.6,7.66,7.48,7.48,535384
2011-04-12,7.42,7.5,7.38,7.48,961111
2011-04-13,7.54,7.58,7.48,7.52,1252352
2011-04-14,7.54,7.54,7.48,7.52,263022
2011-04-15,7.54,7.68,7.54,7.62,1815295
2011-04-18,7.66,7.68,7.24,7.26,1323757
2011-04-19,7.36,7.6,7.36,7.6,1903069
2011-04-20,7.68,7.68,7.56,7.6,659551
2011-04-21,7.64,7.64,7.56,7.58,602359
2011-04-22,7.58,7.66,7.54,7.6,710594
2011-04-25,7.62,7.74,7.62,7.72,740530
2011-04-26,7.72,7.72,7.6,7.64,1375363
2011-04-27,7.66,7.66,7.54,7.6,620883
2011-04-28,7.64,7.72,7.58,7.7,2442926
2011-04-29,7.7,7.72,7.6,7.68,2156434
2011-05-02,7.74,7.84,7.7,7.82,3895030
2011-05-03,7.8,7.84,7.72,7.82,2141567
2011-05-04,7.82,7.84,7.76,7.8,1947572
2011-05-05,7.8,7.96,7.78,7.84,6023218
2011-05-06,7.84,7.86,7.66,7.84,2468623
2011-05-09,7.84,7.84,7.78,7.82,1000110
2011-05-10,7.82,7.84,7.62,7.74,1215319
2011-05-11,7.74,7.74,7.46,7.5,1006204
2011-05-12,7.32,7.48,7.32,7.42,1703070
2011-05-13,7.42,7.44,7.26,7.3,3727522
2011-05-16,7.26,7.42,7.22,7.42,1369114
2011-05-17,7.62,7.72,7.58,7.6,3146346
2011-05-18,7.62,7.66,7.42,7.54,1859042
2011-05-20,7.62,7.64,7.52,7.62,859754
2011-05-23,7.5,7.6,7.46,7.48,1358676
2011-05-24,7.52,7.62,7.5,7.6,2410259
2011-05-25,7.56,7.88,7.56,7.74,5038339
2011-05-26,7.76,8.02,7.76,7.94,9516015
2011-05-27,7.96,7.96,7.68,7.9,1549934
2011-05-30,7.92,8.14,7.88,8.04,5984336
2011-05-31,8.08,8.54,8.08,8.48,15820860
2011-06-01,8.4,8.5,8.18,8.26,2437083
2011-06-02,8.16,8.3,8.14,8.18,1014438
2011-06-03,8.28,8.4,8.12,8.22,1292369
2011-06-06,8.24,8.62,8.24,8.6,1478539
2011-06-07,8.6,8.68,8.56,8.64,1578203
2011-06-08,8.64,8.78,8.54,8.66,1583714
2011-06-09,8.7,8.7,8.54,8.56,898757
2011-06-10,8.56,8.58,8.38,8.48,477948
2011-06-13,8.5,8.52,8.26,8.28,774921
2011-06-14,8.38,8.38,8.1,8.2,1038066
2011-06-15,8.18,8.18,8.08,8.14,767951
2011-06-16,8.02,8.16,8.02,8.14,1034077
2011-06-17,8.14,8.24,8.08,8.16,1001052
2011-06-20,8.1,8.32,8.08,8.28,719734
2011-06-21,8.3,8.52,8.3,8.5,633864
2011-06-22,8.52,8.52,8.22,8.22,500429
2011-06-23,7.8,8.3,7.8,8.18,883120
2011-06-24,8.28,8.28,8.2,8.22,355595
2011-06-27,8.2,8.34,8.08,8.34,335133
2011-06-28,8.36,8.36,8.14,8.16,1156247
2011-06-29,8.14,8.2,8.1,8.1,674810
2011-06-30,8.14,8.2,8.12,8.14,577715
2011-07-01,8.16,8.18,8.12,8.16,410852
2011-07-04,8.14,8.28,8.12,8.12,1101856
2011-07-05,8.18,8.22,8.1,8.18,593672
2011-07-06,8.18,8.26,8.14,8.18,962978
2011-07-07,8.2,8.22,8.16,8.18,618646
2011-07-08,8.2,8.26,8.1,8.1,874025
2011-07-11,8.12,8.14,8.06,8.06,115749
2011-07-12,8.06,8.1,8,8.08,523375
2011-07-13,8.1,8.1,8.02,8.04,473839
2011-07-14,8.04,8.04,7.96,7.98,120063
2011-07-15,7.8,7.98,7.8,7.88,301432
2011-07-18,7.88,7.88,7.64,7.74,308695
2011-07-19,7.74,7.82,7.74,7.82,406160
2011-07-20,7.84,7.98,7.84,7.96,711867
2011-07-21,7.96,8,7.52,7.92,800839
2011-07-22,7.96,7.96,7.78,7.88,484989
2011-07-25,7.82,8,7.76,8,361087
2011-07-26,8,8.2,8,8.16,909382
2011-07-27,8.18,8.2,8.12,8.14,519626
2011-07-28,8.14,8.2,8.1,8.16,409005
2011-07-29,8.1,8.26,8.1,8.26,464050
2011-08-01,8.32,8.32,7.96,8.1,622097
2011-08-02,8.1,8.1,7.88,7.94,666786
2011-08-03,7.9,8.04,7.84,7.96,497470
2011-08-04,7.98,8.06,7.6,7.98,473375
2011-08-05,7.52,7.78,7.4,7.58,1017342
2011-08-08,7.48,7.54,6.86,7.08,1673292
2011-08-09,7,7.18,6.48,7.14,916902
2011-08-10,7.22,7.26,6.48,6.9,535727
2011-08-11,6.88,6.9,6.46,6.84,477886
2011-08-12,6.78,6.92,6.62,6.66,330808
2011-08-15,6.7,7.06,6.7,7.02,436738
2011-08-16,6.98,7.04,6.92,7.02,478459
2011-08-17,7.02,7.02,6.82,7.02,2160492
2011-08-18,7.02,7.02,6.68,6.88,384261
2011-08-19,6.8,6.8,6.58,6.66,989377
2011-08-22,6.64,6.74,6.54,6.62,1134388
2011-08-23,6.68,6.7,6.52,6.62,331723
2011-08-24,6.62,6.72,6.56,6.72,387024
2011-08-25,6.7,6.82,6.68,6.74,412790
2011-08-26,6.74,6.86,6.68,6.8,358451
2011-08-29,6.86,7.06,6.86,7.06,131992
2011-09-02,7.2,7.28,7,7.28,611470
2011-09-05,7.28,7.28,7.08,7.24,733912
2011-09-06,7.2,7.28,7.12,7.18,351398
2011-09-07,7.24,7.34,7.14,7.32,466959
2011-09-08,7.36,7.52,7.32,7.48,654484
2011-09-09,7.46,7.48,7.2,7.32,312497
2011-09-12,7.2,7.3,7.06,7.28,533258
2011-09-13,7.32,7.32,7.02,7.14,798275
2011-09-14,7.12,7.2,7.02,7.08,852008
2011-09-15,7.12,7.16,7.06,7.1,765906
2011-09-16,7.12,7.22,7.08,7.16,837631
2011-09-19,7.1,7.12,7.04,7.1,472772
2011-09-20,7.06,7.22,7.04,7.2,1818194
2011-09-21,7.2,7.26,7.1,7.12,1929105
2011-09-22,7.06,7.06,6.88,6.92,1122072
2011-09-23,6.92,7.04,6.8,7,1522147
2011-09-26,6.84,7.04,6.82,6.96,840526
2011-09-27,7.06,7.12,7,7.1,873786
2011-09-28,7.08,7.16,7.06,7.1,1158255
2011-09-29,7.18,7.32,7.18,7.32,4241939
2011-09-30,7.32,7.36,7.22,7.36,1680897
2011-10-03,7.26,7.4,7.26,7.36,764937
2011-10-04,7.32,7.36,7.24,7.24,1388720
2011-10-05,7.28,7.42,7.24,7.38,2405182
2011-10-06,7.38,7.48,7.34,7.34,2068760
2011-10-07,7.4,7.44,7.34,7.38,921615
2011-10-10,7.38,7.4,7.32,7.36,538273
2011-10-11,7.36,7.44,7.36,7.4,1286949
2011-10-12,7.4,7.66,7.4,7.64,1933641
2011-10-13,7.6,7.7,7.4,7.5,1849576
2011-10-14,7.5,7.82,7.4,7.82,1858140
2011-10-17,7.86,7.86,7.66,7.7,929903
2011-10-18,7.68,7.84,7.64,7.84,1249297
2011-10-19,7.9,7.94,7.78,7.8,1462857
2011-10-20,7.7,7.78,7.68,7.74,785165
2011-10-21,7.66,8,7.66,8,896521
2011-10-24,8.02,8.18,7.94,8.14,1137910
2011-10-25,8.14,8.32,8.12,8.16,1589915
2011-10-26,8.2,8.22,8.12,8.22,1055239
2011-10-27,8.24,8.64,8.2,8.38,1171007
2011-10-28,8.42,8.48,8.36,8.4,335596
2011-10-31,8.44,8.62,8.38,8.56,1136697
2011-11-01,8.48,8.5,8.18,8.24,453904
2011-11-02,8.28,8.3,7.92,8.04,594118
2011-11-03,7.96,8,7.86,7.9,551594
2011-11-04,7.98,8,7.74,7.76,446788
2011-11-10,7.46,7.76,7.46,7.68,1112901
2011-11-11,7.72,7.76,7.6,7.72,701302
2011-11-14,7.76,7.78,7.62,7.7,719631
2011-11-15,7.74,8.08,7.72,8.04,1216851
2011-11-16,8,8.24,7.98,8.02,1032084
2011-11-17,8.06,8.2,8.02,8.08,1100981
2011-11-18,8.2,8.28,7.78,7.84,894452
2011-11-21,7.82,7.9,7.66,7.78,450488
2011-11-22,7.82,8,7.58,7.64,195754
2011-11-23,7.62,7.72,7.48,7.54,359144
2011-11-24,7.56,7.66,7.42,7.46,250814
2011-11-25,7.46,7.76,7.3,7.76,327250
2011-11-28,7.8,7.96,7.66,7.84,201321
2011-11-29,7.9,7.9,7.7,7.72,333920
2011-11-30,7.6,8.48,7.6,8.48,1244200
2011-12-01,8.1,8.2,7.96,8.1,797918
2011-12-02,8.08,8.1,7.92,7.94,545702
2011-12-05,7.86,8.04,7.86,7.88,245660
2011-12-06,7.88,7.96,7.82,7.94,672081
2011-12-07,8.06,8.08,7.9,7.9,345102
2011-12-08,7.96,7.96,7.62,7.64,330965
2011-12-09,7.64,7.82,7.6,7.68,253890
2011-12-12,7.72,7.86,7.58,7.64,347706
2011-12-13,7.64,7.76,7.62,7.7,407093
2011-12-14,7.68,7.74,7.62,7.66,267647
2011-12-15,7.62,7.92,7.6,7.66,405904
2011-12-16,7.84,8.04,7.76,8.02,490013
2011-12-19,8,8.14,7.94,7.98,719558
2011-12-20,8.08,8.08,7.92,8,333878
2011-12-21,8.04,8.06,7.88,7.88,467585
2011-12-22,7.92,8.04,7.92,8.04,121726
2011-12-23,8.04,8.06,7.94,7.98,57035
2011-12-26,8,8.04,7.92,8,269606
2011-12-27,8,8,7.94,7.98,78025
2011-12-28,7.96,8,7.94,7.94,167772
2011-12-29,7.94,8.06,7.9,8.04,306356
2011-12-30,8.06,8.08,8.02,8.06,305635
2012-01-02,8.04,8.06,7.9,7.96,81873
2012-01-03,8.04,8.06,7.94,8,277520
2012-01-04,8.06,8.22,7.98,8,627885
2012-01-05,8.02,8.04,7.9,7.98,286028
2012-01-06,7.98,8.12,7.88,7.96,561285
2012-01-09,8,8,7.54,7.82,232064
2012-01-10,7.76,7.88,7.74,7.8,324281
2012-01-11,7.82,7.84,7.62,7.64,572565
2012-01-12,7.68,7.72,7.64,7.72,525214
2012-01-13,7.76,7.8,7.54,7.64,755005
2012-01-16,7.66,7.72,7.52,7.54,633520
2012-01-17,7.62,7.7,7.58,7.7,1331380
2012-01-18,7.62,7.82,7.62,7.74,791391
2012-01-19,7.76,7.76,7.62,7.66,1298919
2012-01-20,7.7,7.82,7.64,7.8,426696
2012-01-23,7.78,8.1,7.74,8.08,477594
2012-01-24,8.04,8.06,7.82,7.94,199431
2012-01-25,7.92,7.98,7.88,7.9,118161
2012-01-26,7.98,8.06,7.94,8.06,351923
2012-01-27,8,8.06,7.9,8,139698
2012-01-30,7.94,7.98,7.86,7.98,318488
2012-01-31,8,8.06,7.88,8,657232
2012-02-01,7.94,8.38,7.94,8.3,704963
2012-02-02,8.3,8.38,8.2,8.32,163304
2012-02-03,8.32,8.82,8.26,8.8,2262497
2012-02-06,8.76,8.82,8.42,8.48,830857
2012-02-07,8.52,8.64,8.36,8.36,856435
2012-02-08,8.42,8.64,8.42,8.64,1050408
2012-02-09,8.64,8.66,8.5,8.6,841409
2012-02-10,8.52,8.56,8.26,8.38,712984
2012-02-13,8.4,8.44,8.36,8.38,554241
2012-02-14,8.38,8.4,8.26,8.28,645489
2012-02-15,8.38,8.38,8.26,8.32,1109353
2012-02-16,8.3,8.42,8.26,8.4,285841
2012-02-17,8.4,8.66,8.4,8.66,980525
2012-02-20,8.74,8.76,8.64,8.64,617691
2012-02-21,8.68,8.68,8.5,8.5,700666
2012-02-22,8.48,8.74,8.48,8.66,1332984
2012-02-23,8.68,8.98,8.66,8.8,1636524
2012-02-24,8.84,9.1,8.68,8.76,1277457
2012-02-27,8.76,8.86,8.5,8.62,510028
2012-02-28,8.68,9.02,8.68,8.92,756169
2012-02-29,8.92,9.02,8.9,8.98,414456
2012-03-01,9,9.3,8.96,8.98,2268838
2012-03-02,9.08,9.08,8.86,8.94,327917
2012-03-05,8.94,8.94,8.48,8.5,813699
2012-03-06,8.54,8.56,8.24,8.28,1234903
2012-03-07,8.32,8.48,8.3,8.48,851846
2012-03-08,8.52,8.66,8.52,8.6,655274
2012-03-09,8.6,8.62,8.5,8.54,371714
2012-03-12,8.76,8.9,8.34,8.38,2265676
2012-03-13,8.48,8.6,8.34,8.36,1442930
2012-03-14,8.4,8.44,8.34,8.36,833005
2012-03-15,8.38,8.42,8.28,8.3,1632459
2012-03-16,8.34,8.46,8.34,8.44,820414
2012-03-19,8.46,8.72,8.44,8.64,6374542
2012-03-20,8.62,8.76,8.56,8.74,1639745
2012-03-21,8.8,8.8,8.68,8.72,918244
2012-03-22,8.74,8.76,8.52,8.58,798672
2012-03-23,8.62,8.64,8.5,8.64,606703
2012-03-26,8.64,8.74,8.56,8.7,571434
2012-03-27,8.72,8.78,8.66,8.72,798006
2012-03-28,8.72,8.8,8.7,8.74,366155
2012-03-29,8.7,8.98,8.68,8.88,1754205
2012-03-30,8.9,9.08,8.88,8.88,760256
2012-04-02,8.9,9,8.86,9,370824
2012-04-03,9,9.06,8.94,9,407932
2012-04-04,8.94,9.02,8.78,8.84,467631
2012-04-05,8.84,8.88,8.68,8.74,410012
2012-04-06,8.76,8.8,8.72,8.72,430356
2012-04-09,8.72,8.84,8.7,8.76,101382
2012-04-10,8.74,8.8,8.62,8.62,461627
2012-04-11,8.66,8.84,8.58,8.84,359245
2012-04-12,8.84,8.88,8.72,8.88,385735
2012-04-13,8.9,9,8.88,9,660233
2012-04-16,9.02,9.12,8.94,9.04,1410783
2012-04-17,9.04,9.12,9,9.06,449133
2012-04-18,9.08,9.16,8.88,8.96,537495
2012-04-19,9,9.1,8.88,9,578338
2012-04-20,9,9.12,8.94,9.1,235017
2012-04-24,9.1,9.2,8.98,9.06,986218
2012-04-25,9.04,9.2,9.04,9.08,588917
2012-04-26,9.08,9.1,8.96,9.02,445875
2012-04-27,9,9.12,8.98,9.12,208060
2012-04-30,9.24,9.24,9.06,9.24,272458
2012-05-02,9.14,9.5,9.14,9.4,820059
2012-05-03,9.44,9.5,9.36,9.5,463231
2012-05-04,9.52,9.66,9.48,9.54,674242
2012-05-07,9.54,9.54,9.3,9.34,398101
2012-05-08,9.34,9.38,9.24,9.28,1274158
2012-05-09,9.28,9.3,9.22,9.26,195607
2012-05-10,9.14,9.46,9.14,9.42,482488
2012-05-11,9.38,9.46,9.36,9.44,681604
2012-05-14,9.44,9.7,9.4,9.6,278130
2012-05-15,9.56,9.58,9.38,9.42,373188
2012-05-16,9.3,9.78,9.3,9.74,620177
2012-05-17,9.76,9.8,9.7,9.72,342880
2012-05-18,9.72,9.72,9.56,9.64,304898
2012-05-21,9.66,9.88,9.22,9.22,312426
2012-05-22,9.24,9.3,9,9.08,366756
2012-05-23,9.08,9.12,8.72,9.12,653544
2012-05-24,9.12,9.16,8.94,9.1,278877
2012-05-25,9.14,9.26,8.92,8.92,162887
2012-05-28,9.02,9.08,8.96,9.02,120353
2012-05-29,9.02,9.04,8.84,8.84,288021
2012-05-30,8.86,9.02,8.86,9,448099
2012-05-31,8.94,9.06,8.88,9.02,441860
2012-06-01,9.06,9.06,8.86,8.88,305066
2012-06-04,8.9,8.9,8.78,8.9,104510
2012-06-05,8.9,8.94,8.8,8.84,117094
2012-06-06,8.84,8.98,8.8,8.9,189540
2012-06-07,8.9,9.04,8.82,8.94,726962
2012-06-08,8.94,9.06,8.9,9,852495
2012-06-11,9.2,9.2,8.96,8.96,240894
2012-06-12,9.02,9.08,8.9,9.06,180004
2012-06-13,9.02,9.2,9.02,9.06,315364
2012-06-14,9.1,9.1,8.98,9,237635
2012-06-15,9.06,9.06,8.98,9.04,560991
2012-06-18,9.1,9.12,8.98,9.04,408283
2012-06-19,9.02,9.22,9.02,9.22,435199
2012-06-20,9.26,9.4,9.2,9.34,338891
2012-06-21,9.34,9.66,9.24,9.66,640427
2012-06-22,9.5,9.64,9.5,9.58,283364
2012-06-25,9.5,9.58,9.22,9.5,191620
2012-06-26,9.5,9.5,9.28,9.44,141212
2012-06-27,9.6,9.98,9.5,9.72,1018947
2012-06-28,9.72,9.86,9.7,9.72,472985
2012-06-29,9.8,9.88,9.6,9.72,224343
2012-07-02,9.7,9.7,9.22,9.22,293938
2012-07-03,9.36,9.7,9.36,9.7,582294
2012-07-04,9.72,9.76,9.64,9.7,213082
2012-07-05,9.76,9.76,9.54,9.54,174292
2012-07-06,9.56,9.6,9.44,9.5,910270
2012-07-09,9.4,9.58,9.4,9.52,299167
2012-07-10,9.52,9.7,9.52,9.6,395805
2012-07-11,9.6,9.72,9.54,9.7,455102
2012-07-12,9.7,9.7,9.48,9.48,638055
2012-07-13,9.6,9.68,9.56,9.64,407945
2012-07-16,9.68,9.76,9.64,9.66,296513
2012-07-17,9.7,9.7,9.62,9.7,202976
2012-07-18,9.62,9.72,9.58,9.58,201687
2012-07-19,9.66,9.72,9.6,9.62,131602
2012-07-20,9.62,9.68,9.58,9.66,210182
2012-07-23,9.68,9.68,9.48,9.52,88718
2012-07-24,9.52,9.56,9.42,9.46,128363
2012-07-25,9.46,9.54,9.46,9.48,38084
2012-07-26,9.56,9.66,9.5,9.66,403225
2012-07-27,9.66,9.84,9.66,9.84,1789445
2012-07-30,9.86,9.96,9.8,9.94,448533
2012-07-31,9.98,10.1,9.84,9.84,514770
2012-08-01,9.9,10,9.78,9.88,282003
2012-08-02,9.78,9.88,9.56,9.66,327228
2012-08-03,9.66,9.74,9.62,9.72,589132
2012-08-06,9.72,9.82,9.68,9.7,334400
2012-08-07,9.68,9.74,9.58,9.66,277783
2012-08-08,9.64,9.66,9.58,9.6,321881
2012-08-09,9.62,9.7,9.6,9.68,330592
2012-08-10,9.66,9.66,9.54,9.62,436814
2012-08-13,9.62,9.64,9.48,9.5,300575
2012-08-14,9.5,9.56,9.08,9.24,582131
2012-08-15,9.16,9.32,9.14,9.22,711894
2012-08-16,9.3,9.36,9.28,9.36,618276
2012-08-17,9.38,9.6,9.36,9.58,663801
2012-08-22,9.58,9.66,9.5,9.6,562676
2012-08-23,9.62,9.64,9.32,9.4,627736
2012-08-24,9.4,9.5,9.24,9.26,477368
2012-08-27,9.3,9.36,9.26,9.34,232355
2012-08-28,9.4,9.54,9.38,9.52,517752
2012-08-29,9.52,9.52,9.46,9.46,114590
2012-08-31,9.5,9.52,9.4,9.46,572176
2012-09-03,9.46,9.46,9.36,9.36,261026
2012-09-04,9.4,9.4,9.28,9.34,436781
2012-09-05,9.3,9.44,9.3,9.38,625385
2012-09-06,9.44,9.44,9.32,9.34,424680
2012-09-07,9.4,9.56,9.4,9.42,759302
2012-09-10,9.48,9.52,9.4,9.4,633044
2012-09-11,9.4,9.56,9.4,9.48,933310
2012-09-12,9.5,9.58,9.44,9.52,858214
2012-09-13,9.56,9.56,9.18,9.18,926886
2012-09-14,9.28,9.42,9.1,9.1,1076378
2012-09-17,9.1,9.12,8.92,9,999524
2012-09-18,9,9.02,8.9,8.92,891131
2012-09-19,8.96,8.96,8.78,8.86,593436
2012-09-20,8.82,8.82,8.68,8.7,719163
2012-09-21,8.78,8.84,8.74,8.8,1222016
2012-09-24,8.8,8.92,8.76,8.92,871896
2012-09-25,8.96,9.16,8.96,9.16,1609768
2012-09-26,9.14,9.14,8.94,8.96,572689
2012-09-27,9,9.12,9,9.1,607960
2012-09-28,9.12,9.12,8.9,8.9,327709
2012-10-01,8.92,8.92,8.8,8.88,504898
2012-10-02,8.84,9.06,8.84,9,710393
2012-10-03,9,9,8.88,8.96,284991
2012-10-04,8.88,8.94,8.48,8.52,2331294
2012-10-05,8.56,8.6,8.28,8.34,2087524
2012-10-08,8.34,8.44,8.3,8.4,938730
2012-10-09,8.42,8.46,8.38,8.4,899609
2012-10-10,8.4,8.48,8.34,8.42,1225177
2012-10-11,8.42,8.56,8.42,8.52,3153599
2012-10-12,8.56,8.68,8.56,8.64,3746706
2012-10-15,8.64,8.7,8.6,8.7,1199763
2012-10-16,8.72,8.84,8.7,8.82,2327143
2012-10-17,8.82,8.92,8.7,8.7,1907784
2012-10-18,8.76,8.76,8.56,8.58,700224
2012-10-19,8.6,8.68,8.6,8.64,734321
2012-10-22,8.7,8.7,8.6,8.62,342329
2012-10-23,8.6,8.64,8.52,8.56,322188
2012-10-24,8.58,8.62,8.54,8.58,353488
2012-10-30,8.6,8.68,8.6,8.66,800933
2012-10-31,8.68,8.9,8.66,8.9,1694415
2012-11-01,8.9,9.16,8.84,9.12,934472
2012-11-02,9.04,9.26,9,9.16,4482311
2012-11-05,9.18,9.24,9.08,9.08,715903
2012-11-06,9.1,9.12,8.88,8.96,403036
2012-11-07,8.94,9,8.9,9,742377
2012-11-08,8.98,9,8.92,9,668202
2012-11-09,9,9,8.92,8.94,475937
2012-11-12,8.98,9,8.9,9,757066
2012-11-13,9,9.08,8.96,9.06,1302187
2012-11-14,9.08,9.1,8.8,8.82,612632
2012-11-15,8.86,8.96,8.86,8.96,300187
2012-11-16,8.96,8.96,8.76,8.84,387082
2012-11-19,8.84,8.86,8.56,8.58,570242
2012-11-20,8.62,8.72,8.6,8.7,416069
2012-11-21,8.7,8.96,8.7,8.94,682698
2012-11-22,8.96,8.96,8.58,8.58,565839
2012-11-23,8.6,8.68,8.58,8.62,438982
2012-11-26,8.64,8.76,8.64,8.74,458511
2012-11-27,8.78,8.8,8.68,8.8,422223
2012-11-28,8.8,8.82,8.72,8.8,242697
2012-11-29,8.8,8.82,8.76,8.76,292807
2012-11-30,8.74,8.88,8.74,8.88,407323
2012-12-03,8.92,8.94,8.84,8.94,662858
2012-12-04,8.94,8.94,8.78,8.86,632409
2012-12-05,8.84,8.86,8.76,8.84,582218
2012-12-06,8.84,8.84,8.76,8.76,1316027
2012-12-07,8.82,8.84,8.74,8.76,461757
2012-12-10,8.76,8.94,8.76,8.86,2517807
2012-12-11,8.88,8.96,8.88,8.96,7160017
2012-12-12,8.98,9.04,8.98,9,5926222
2012-12-13,9.04,9.28,9.04,9.26,10416300
2012-12-14,9.26,9.3,9.08,9.1,3709728
2012-12-17,9.12,9.16,9.02,9.12,1453108
2012-12-18,9.14,9.18,9.06,9.12,1336415
2012-12-19,9.14,9.36,9.14,9.3,2359137
2012-12-20,9.34,9.46,9.18,9.3,3955973
2012-12-21,9.22,9.24,9.14,9.24,709564
2012-12-24,9.2,9.26,9.14,9.24,785989
2012-12-25,9.24,9.28,9.22,9.24,325857
2012-12-26,9.24,9.3,9.22,9.22,425116
2012-12-27,9.22,9.34,9.22,9.28,1258569
2012-12-28,9.32,9.34,9.06,9.06,1309416
2012-12-31,9.12,9.16,9.08,9.12,571226
2013-01-02,9.16,9.3,9.16,9.26,1127224
2013-01-03,9.26,9.36,9.26,9.32,2002970
2013-01-04,9.32,9.34,9.2,9.22,1261973
2013-01-07,9.24,9.28,9.2,9.26,1151272
2013-01-08,9.32,9.48,9.3,9.4,3351089
2013-01-09,9.42,9.52,9.4,9.5,2381260
2013-01-10,9.54,9.58,9.46,9.46,1567688
2013-01-11,9.48,9.52,9.36,9.44,726457
2013-01-14,9.46,9.72,9.46,9.64,1090186
2013-01-15,9.64,9.84,9.64,9.8,1332548
2013-01-16,9.8,10.18,9.76,10.05,5046081
2013-01-17,10.06,10.62,10.06,10.2,3353217
2013-01-18,10.2,10.25,9.95,10,1721395
2013-01-21,10.2,10.5,10.12,10.5,3378685
2013-01-22,10.5,10.95,10.25,10.95,3748670
2013-01-23,11.25,11.5,11.1,11.1,4346409
2013-01-24,11.1,11.2,10.55,10.6,4300531
2013-01-25,10.65,10.85,10.25,10.3,2281203
2013-01-28,10.35,10.5,9.65,9.85,2497182
2013-01-29,9.85,10.48,9.5,10.42,2535474
2013-01-30,10.45,10.85,10.25,10.55,4637176
2013-01-31,10.6,11.05,10.5,10.95,2391802
2013-02-01,11,11.35,10.8,10.9,1377685
2013-02-04,11.05,11.05,10.8,10.85,696287
2013-02-05,10.9,10.95,10.55,10.7,1207330
2013-02-06,10.65,10.8,10.55,10.55,963439
2013-02-07,10.55,10.75,10.4,10.45,1000918
2013-02-08,10.55,10.55,10.2,10.4,1345835
2013-02-11,10.4,10.4,10.15,10.15,443334
2013-02-12,10.2,10.55,10.15,10.3,1256491
2013-02-13,10.4,10.55,10.3,10.5,1182541
2013-02-14,10.55,10.55,10.2,10.4,838260
2013-02-15,10.3,10.6,10.25,10.6,1044919
2013-02-18,10.6,10.7,10.5,10.6,780379
2013-02-19,10.7,10.75,10.4,10.5,879212
2013-02-20,10.55,10.85,10.55,10.75,1149430
2013-02-21,10.65,10.8,10.25,10.25,1543238
2013-02-22,10.35,10.4,10.05,10.4,1884901
2013-02-25,10.5,10.5,10.3,10.4,830423
2013-02-26,10.2,10.5,10.15,10.4,1176689
2013-02-27,10.45,10.65,10.4,10.55,1089028
2013-02-28,10.6,11,10.6,10.95,2040193
2013-03-01,10.9,11.05,10.8,11,1140276
2013-03-04,11,11.1,10.9,11.1,1180244
2013-03-05,11.1,11.15,10.9,11.05,951998
2013-03-06,11.1,11.45,11.1,11.35,1567026
2013-03-07,11.45,11.55,11.2,11.25,2099980
2013-03-08,11.3,11.45,11.2,11.2,1356714
2013-03-11,11.2,11.2,10.9,10.95,1419312
2013-03-12,10.95,11.1,10.95,11.05,778283
2013-03-13,11.15,11.15,10.65,10.65,1492990
2013-03-14,10.7,10.8,10.6,10.75,922867
2013-03-15,10.8,11.05,10.75,11,1438285
2013-03-18,10.9,11.4,10.85,11.35,1124478
2013-03-19,11.35,11.35,11.05,11.25,694954
2013-03-20,11.25,11.4,11.15,11.4,865541
2013-03-21,11.4,11.55,11.2,11.5,1723806
2013-03-22,11.55,11.6,11.35,11.4,719071
2013-03-25,11.45,11.5,11.3,11.35,1460247
2013-03-26,11.4,11.4,11.35,11.4,755127
2013-03-27,11.45,11.45,11.2,11.35,464836
2013-03-28,11.45,11.75,11.35,11.65,2139865
2013-03-29,11.65,12.5,11.65,12.5,1478404
2013-04-01,12.5,12.8,12.25,12.4,1951625
2013-04-02,12.4,12.4,12.05,12.2,1358887
2013-04-03,12.3,12.3,11.95,12.15,1361169
2013-04-04,12.15,12.35,12,12,582107
2013-04-05,12.05,12.15,11.5,11.5,1583363
2013-04-08,11.6,11.95,11.55,11.75,1054341
2013-04-09,11.8,12.1,11.8,12,982861
2013-04-10,12.05,12.55,12,12.55,1032108
2013-04-11,12.5,12.55,12.2,12.25,1440337
2013-04-12,12.3,12.35,11.85,12,1625898
2013-04-15,11.95,12.15,11.85,12.1,736022
2013-04-16,12.1,12.45,12.1,12.25,1393229
2013-04-17,12.35,12.5,12.2,12.45,814062
2013-04-18,12.45,12.5,12.25,12.4,1102745
2013-04-19,12.4,12.4,12.05,12.2,1083008
2013-04-22,12.2,12.45,12.1,12.45,641482
2013-04-24,12.4,12.65,12.4,12.5,1715192
2013-04-25,12.5,12.6,12.3,12.4,1436726
2013-04-26,12.35,12.6,12.3,12.55,485760
2013-04-29,12.6,12.95,12.6,12.95,1269385
2013-04-30,13,13,12.5,12.65,2458057
2013-05-02,12.75,12.95,12.7,12.8,2281454
2013-05-03,12.95,13.4,11.8,11.8,7982148
2013-05-06,10.95,11.65,9.85,11,30329590
2013-05-07,11.1,11.15,10.25,10.6,14666250
2013-05-08,10.6,10.85,10.55,10.6,4062705
2013-05-09,10.65,10.75,10.4,10.6,5803990
2013-05-10,10.65,11,10.5,10.9,2847039
2013-05-13,10.85,11.2,10.8,11.2,2656979
2013-05-14,11.25,11.65,11.25,11.65,2733230
2013-05-15,11.8,11.95,11.45,11.5,3618431
2013-05-16,11.5,11.65,11.4,11.5,937058
2013-05-17,11.6,11.65,11.3,11.5,1871060
2013-05-20,11.55,11.55,11.4,11.5,1159160
2013-05-21,11.6,11.75,11.45,11.65,1425660
2013-05-22,11.7,11.95,11.65,11.95,1893009
2013-05-23,11.7,11.9,11.6,11.9,1391259
2013-05-24,11.95,12.25,11.95,12.2,3153272
2013-05-27,12.2,12.2,11.95,12.05,739612
2013-05-28,12.1,12.15,11.95,11.95,1310746
2013-05-29,11.95,11.95,11.65,11.7,1248739
2013-05-30,11.7,12.2,11.7,12,1239809
2013-05-31,11.95,11.95,11.35,11.85,1408603
2013-06-03,11.3,11.6,10.8,10.95,2963785
2013-06-04,10.85,11.65,10.85,11.45,1385828
2013-06-05,11.35,11.6,11.3,11.55,1774756
2013-06-06,11.45,11.45,10.8,10.85,1429821
2013-06-07,10.85,11.35,10.7,11.25,1211668
2013-06-10,11.05,11.05,10.6,10.6,1298624
2013-06-11,10.05,11.5,10.05,11.15,2449776
2013-06-12,11.15,11.35,10.85,11.1,1330214
2013-06-13,11.1,11.15,10.75,10.75,1082663
2013-06-14,10.95,11.25,10.9,11.15,2908505
2013-06-17,11,11.5,10.85,11.5,1601834
2013-06-18,11.6,11.65,11.3,11.4,561699
2013-06-19,11.4,11.65,11.35,11.5,583298
2013-06-20,11.45,11.45,10.8,11.15,753063
2013-06-21,11,11.25,10.6,11.05,1199616
2013-06-24,10.85,11.1,10.55,10.6,655215
2013-06-25,10.7,10.95,10.3,10.3,677201
2013-06-26,10.45,10.95,10.15,10.85,1347148
2013-06-27,11,11.05,10.6,10.6,1140261
2013-06-28,10.75,11.3,10.75,11.3,2279745
2013-07-01,11.4,11.75,11.15,11.7,628399
2013-07-02,11.7,11.75,11.3,11.65,840282
2013-07-03,11.55,11.55,10.9,11.2,1008397
2013-07-04,11.25,11.7,11.25,11.7,500871
2013-07-05,11.75,11.8,11.35,11.35,438100
2013-07-08,11.2,11.4,11.05,11.25,689707
2013-07-09,11.3,11.65,11.15,11.5,1216080
2013-07-10,11.55,12,11.55,11.85,1623698
2013-07-11,11.95,12.55,11.95,12.4,1536142
2013-07-12,12.4,12.75,12.2,12.6,1143991
2013-07-15,12.9,13.1,12.75,13.1,1032519
2013-07-16,13,13.05,12.75,12.85,831884
2013-07-17,12.8,12.8,12.2,12.75,1259982
2013-07-18,12.6,12.75,12.2,12.35,592059
2013-07-19,12.35,12.35,12,12.05,380222
2013-07-22,12.1,12.35,12.1,12.25,712355
2013-07-23,12.3,12.65,12.2,12.2,985059
2013-07-24,12.25,12.3,11.85,11.85,1184667
2013-07-25,11.8,11.8,11.45,11.65,869224
2013-07-26,11.75,11.95,11.6,11.7,755043
2013-07-29,11.65,11.85,11.5,11.6,668578
2013-07-30,11.6,12.25,11.6,11.9,1117318
2013-07-31,11.9,12.25,11.8,12.15,936044
2013-08-01,12.3,12.55,12.15,12.45,1364406
2013-08-02,12.4,12.9,12.3,12.9,753939
2013-08-05,13.1,13.6,13.1,13.3,1288014
2013-08-06,13.3,13.5,12.9,13.25,946247
2013-08-07,13.2,13.25,12.85,12.85,322893
2013-08-12,12.9,13.45,12.85,13.45,1567151
2013-08-13,13.5,13.7,13.1,13.35,681663
2013-08-14,13.4,13.8,13.3,13.8,758316
2013-08-15,13.9,14,13.35,13.5,426532
2013-08-16,13.45,13.55,13.15,13.35,352823
2013-08-19,13.2,13.2,12.8,12.8,515355
2013-08-20,12.6,12.95,12.3,12.5,816757
2013-08-21,12.45,12.6,11.9,11.9,1105690
2013-08-22,11.5,12,11.3,11.8,1740443
2013-08-23,12,12.25,10.85,11.3,2510576
2013-08-26,11.3,11.65,11.2,11.55,763985
2013-08-27,11.1,11.6,10.85,10.85,1154120
2013-08-28,10.75,10.8,10.4,10.7,1655812
2013-08-29,11,11.45,10.65,11.05,1701054
2013-09-02,11.25,11.95,11.25,11.95,706486
2013-09-03,12,12,11.5,11.5,668565
2013-09-04,11.55,12,11.55,11.9,731777
2013-09-05,11.85,11.95,11.35,11.8,520259
2013-09-06,11.8,12.1,11.55,11.95,746303
2013-09-09,12.1,13.1,12.1,13.1,2069749
2013-09-10,13.2,13.4,13,13.3,1571735
2013-09-11,13.3,13.85,13.05,13.7,1227056
2013-09-12,13.7,14.05,13.45,13.95,738257
2013-09-13,13.85,14,13.6,13.85,822339
2013-09-16,14,14.3,13.95,14,1100018
2013-09-17,14,14.2,13.9,14.2,733153
2013-09-18,14.25,14.25,14,14.15,710494
2013-09-19,14.6,15.6,14.2,14.3,2213312
2013-09-20,14.3,14.3,14.05,14.1,844374
2013-09-23,14,14.1,13.4,13.4,777423
2013-09-24,13.5,13.5,12.75,12.8,1445694
2013-09-25,12.8,13.4,12.7,13.2,1243567
2013-09-26,13.2,13.35,12.9,12.95,560586
2013-09-27,12.95,13.3,12.85,13.15,456422
2013-09-30,13.15,14.25,13.05,14.25,1229543
2013-10-01,14.25,14.45,13.85,14.25,1246728
2013-10-02,14.25,14.35,13.9,14,980478
2013-10-03,14.1,14.7,14.1,14.4,756632
2013-10-04,14.45,14.75,14.3,14.7,830766
2013-10-07,14.6,14.6,14.35,14.35,644625
2013-10-08,14.35,14.4,13.95,13.95,698523
2013-10-09,13.85,14.1,13.7,13.95,435289
2013-10-10,14,14.5,14,14.5,829612
2013-10-11,14.7,14.7,14.15,14.25,783355
2013-10-14,14.25,14.45,14.1,14.45,117931
2013-10-21,14.7,14.9,14.5,14.55,715292
2013-10-22,14.6,14.85,14.5,14.85,1233962
2013-10-23,14.55,14.75,14.55,14.6,317751
2013-10-24,14.65,14.75,14.3,14.75,740005
2013-10-25,14.75,14.95,14.45,14.85,2449364
2013-10-28,15,15.2,14.9,14.9,332662
2013-10-30,15,15.15,14.7,14.7,1341138
2013-10-31,14.6,14.7,14.25,14.5,530114
2013-11-01,14.45,14.55,14.25,14.45,690542
2013-11-04,14.55,14.55,14.1,14.1,434002
2013-11-05,14.15,14.25,13.15,13.15,474651
2013-11-06,13.4,13.9,13.4,13.75,1042788
2013-11-07,13.7,13.8,13.5,13.65,1324491
2013-11-08,13.4,14,13.4,13.8,750616
2013-11-11,13.8,14.05,13.3,13.3,1023794
2013-11-12,13.35,13.5,12.95,13.05,921527
2013-11-13,13.05,13.75,12.9,13.55,1712865
2013-11-14,13.75,14,13.65,13.7,1538208
2013-11-15,13.85,13.95,13.15,13.15,711800
2013-11-18,13.4,13.65,13.4,13.65,713830
2013-11-19,13.65,13.9,13.5,13.55,2909577
2013-11-20,13.65,14.5,13.6,14.5,3357821
2013-11-21,14.4,14.9,14.15,14.65,876514
2013-11-22,14.75,15.1,14.5,15,1123536
2013-11-25,15.2,16.1,15.2,15.85,1917745
2013-11-26,16,16,15.6,15.8,1213777
2013-11-27,15.85,16.05,15.65,15.75,1084755
2013-11-28,15.9,15.9,15,15.1,582759
2013-11-29,15.1,15.2,14.85,15.05,1123058
2013-12-02,15.05,15.45,14.9,14.95,573798
2013-12-03,14.9,15.8,14.5,15.55,3514439
2013-12-04,15.55,16,15.4,15.8,1784102
2013-12-05,15.8,16.05,15.5,15.5,933303
2013-12-06,15.6,16.05,15.4,15.8,991025
2013-12-09,16,16.45,15.95,16.2,1144284
2013-12-10,16.3,16.3,15.5,15.5,1533956
2013-12-11,15.45,16,15.35,15.95,953685
2013-12-12,15.9,16,15.6,15.65,695856
2013-12-13,15.9,16.1,15.75,16,1034405
2013-12-16,16,16,15.55,15.6,1026423
2013-12-17,15.5,15.5,14.4,15,1459388
2013-12-18,14,15.4,14,15.4,1561893
2013-12-19,15.25,15.55,14.1,14.15,1938743
2013-12-20,14.1,14.3,13.85,14.15,1496437
2013-12-23,14.3,14.45,13.6,13.95,1408018
2013-12-24,14,14.45,14,14.4,556609
2013-12-25,14.4,14.75,13.35,13.4,645551
2013-12-26,13.6,13.8,13.1,13.35,534136
2013-12-27,13.35,14.55,13.35,14.5,1133067
2013-12-30,15.5,15.5,14.7,15.45,917595
2013-12-31,15.45,15.65,14.9,15.45,526305
2014-01-02,15.25,15.75,14.9,15.75,787479
2014-01-03,15.75,15.8,14.8,14.85,1277294
2014-01-06,14.6,15.25,14.3,15,2149533
2014-01-07,14.9,15.6,14.8,15.35,1497134
2014-01-08,15.35,15.85,15.35,15.45,983458
2014-01-09,15.35,15.75,15.2,15.75,648144
2014-01-10,15.85,16.45,15.7,16.2,1047035
2014-01-13,16.4,17.6,16.4,16.75,1315620
2014-01-14,15.75,16.5,15.75,16.3,1504275
2014-01-15,16.3,16.7,16.2,16.65,1251144
2014-01-16,16.4,16.5,15.95,16.05,1194557
2014-01-17,16.15,16.2,15.3,15.3,999133
2014-01-20,15.15,15.8,15.1,15.4,827556
2014-01-21,15.6,15.9,15.4,15.45,1286981
2014-01-22,15.6,15.8,15.35,15.8,1515667
2014-01-23,15.6,16.85,15.5,15.65,2083013
2014-01-24,15.95,16.5,15.4,16.45,2301841
2014-01-27,16.45,16.45,15.8,15.8,1461143
2014-01-28,16,16.15,15.75,15.95,932881
2014-01-29,16.15,16.25,15.45,16.25,1705062
2014-01-30,16.4,17.25,16,17.2,1622597
2014-01-31,17.2,17.55,16.85,16.95,1577002
2014-02-03,16.8,17.2,16.65,16.95,587516
2014-02-04,17.1,17.1,16.6,16.6,1401944
2014-02-05,16.9,16.9,16,16.2,1467328
2014-02-06,16.2,16.3,15.85,15.95,1728943
2014-02-07,15.95,16.15,15.6,15.9,2528014
2014-02-10,15.8,15.9,15.6,15.75,1136002
2014-02-11,16.2,16.35,15.7,15.7,3617682
2014-02-12,15.8,16,15.65,15.8,1066614
2014-02-13,15.7,15.85,15.55,15.75,1216846
2014-02-14,15.8,15.9,15.7,15.75,830014
2014-02-17,15.85,16.15,15.75,16.15,1098871
2014-02-18,16.2,16.55,16.05,16.15,1919444
2014-02-19,16.3,16.45,15.7,16.25,2087787
2014-02-20,16.25,16.4,15.8,15.85,1830762
2014-02-21,16,16.1,15.8,15.9,780306
2014-02-24,15.95,15.95,15.75,15.75,801220
2014-02-25,15.45,15.5,15.3,15.45,699689
2014-02-26,15.55,15.7,15.35,15.4,944862
2014-02-27,15.3,15.65,15.25,15.5,744309
2014-02-28,15.5,15.75,15.4,15.6,1921494
2014-03-03,15.35,15.5,14.95,15.1,531995
2014-03-04,15.25,15.45,15.2,15.35,1526094
2014-03-05,15.45,15.9,15.35,15.75,943513
2014-03-06,16,16.65,16,16.45,2395525
2014-03-07,16.6,16.75,15.9,15.9,1287360
2014-03-10,15.8,16.15,15.8,15.9,617110
2014-03-11,16,16.6,15.95,16.35,1235041
2014-03-12,16.25,16.45,15.95,16.05,1448939
2014-03-13,16.2,16.25,15.7,15.8,1202554
2014-03-14,15.8,15.85,15.45,15.6,1640901
2014-03-17,15.75,15.85,15.5,15.7,1503277
2014-03-18,15.7,15.75,15.45,15.5,1673421
2014-03-19,15.6,16.6,15.5,16.6,3244293
2014-03-20,16.5,16.7,16.15,16.3,1859860
2014-03-21,16.25,16.9,16.15,16.45,7378183
2014-03-24,16.45,16.6,16.3,16.3,1026025
2014-03-25,16.3,16.8,16.2,16.65,1009577
2014-03-26,16.25,17.75,16.2,17.6,2179833
2014-03-27,17.55,18.1,16.9,16.9,1064021
2014-03-28,16.9,17.45,16.9,17.15,982697
2014-03-31,17.45,17.6,17,17.2,910138
2014-04-01,17.25,17.25,16.6,16.65,1586760
2014-04-02,16.75,16.8,16.4,16.65,983823
2014-04-03,16.5,16.75,16.5,16.55,899803
2014-04-04,16.55,16.7,16.55,16.65,1567377
2014-04-07,16.65,16.65,16.45,16.45,1126581
2014-04-08,16.6,16.8,16.5,16.7,1436239
2014-04-09,16.7,16.7,16.3,16.45,1030670
2014-04-10,16.5,16.65,16.25,16.25,1513693
2014-04-11,15.95,16.4,15.95,16.3,1190755
2014-04-14,16.35,16.65,16.35,16.65,1561249
2014-04-15,16.7,16.8,16.2,16.3,2230291
2014-04-16,16.4,16.7,16.25,16.65,1001658
2014-04-17,16.65,17.1,16.6,16.95,1426133
2014-04-18,16.95,17.1,16.85,16.85,360888
2014-04-21,16.9,16.95,16.35,16.45,1080909
2014-04-22,16.5,16.5,16.35,16.35,631519
2014-04-24,16.45,16.65,16.35,16.45,1363216
2014-04-25,16.45,16.55,16.3,16.3,940752
2014-04-28,16.4,16.9,16.35,16.85,1414186
2014-04-29,16.95,17,16.6,16.65,881216
2014-04-30,16.7,17,16.6,16.9,1337108
2014-05-02,17.05,17.05,16.8,16.85,952352
2014-05-05,16.95,16.95,16.45,16.45,870250
2014-05-06,16.6,16.65,16.5,16.5,845091
2014-05-07,16.5,16.65,16.2,16.2,2187568
2014-05-08,16.35,16.45,16.15,16.25,1201373
2014-05-09,16.25,16.45,16.1,16.2,1100194
2014-05-12,16.45,16.5,16.3,16.3,1548379
2014-05-13,16.4,16.75,16.3,16.4,2600247
2014-05-14,16.45,16.6,16.3,16.5,783870
2014-05-15,16.55,16.65,16.25,16.35,962194
2014-05-16,16.3,16.4,16.2,16.3,2836025
2014-05-20,16.3,16.45,16.25,16.35,911311
2014-05-21,16.35,16.45,16.2,16.35,958537
2014-05-22,16.4,16.85,16.35,16.8,1612552
2014-05-23,16.9,16.95,16.75,16.95,1216982
2014-05-26,16.9,16.9,16.6,16.85,811149
2014-05-27,16.85,16.9,16.45,16.5,781298
2014-05-28,16.6,16.75,16.4,16.55,936371
2014-05-29,16.5,16.75,16.5,16.7,1342788
2014-05-30,16.7,16.8,16.6,16.7,1407721
2014-06-02,16.8,17.4,16.8,17.4,2860851
2014-06-03,17.45,17.6,17.15,17.15,971570
2014-06-04,17.2,17.5,17.2,17.25,541796
2014-06-05,17.4,17.65,17.2,17.65,610239
2014-06-06,17.8,18,17.55,17.75,472167
2014-06-09,17.8,18.3,17.8,18.05,934730
2014-06-10,18.15,18.25,17.65,17.8,968956
2014-06-11,17.9,18.1,16.95,17.15,1184635
2014-06-12,17.15,17.55,16.9,17.45,648914
2014-06-13,17.35,17.65,17.15,17.35,346428
2014-06-16,16.9,17.4,16.9,17.3,270558
2014-06-17,17.4,17.5,17.1,17.3,459677
2014-06-18,17.2,17.35,16.7,16.95,1536779
2014-06-19,17.1,17.2,17,17.2,712570
2014-06-20,17.1,17.2,17,17.15,472832
2014-06-23,17.2,17.3,16.55,16.65,1482280
2014-06-24,16.75,16.8,16.4,16.4,1555870
2014-06-25,16.4,16.45,16.15,16.25,1526739
2014-06-26,16.3,16.35,15.95,16.05,956502
2014-06-27,16.15,16.6,16,16.4,1102553
2014-06-30,16.45,16.9,16.45,16.85,1710625
2014-07-01,16.9,16.95,16.45,16.5,1081996
2014-07-02,16.4,16.9,16.4,16.9,792575
2014-07-03,16.9,16.95,16.6,16.9,900238
2014-07-04,16.9,17.1,16.7,17,779020
2014-07-07,17.05,17.2,16.85,17.15,834856
2014-07-08,17.2,17.25,16.8,16.85,1162531
2014-07-09,16.9,17,16.65,16.95,1079580
2014-07-10,17,17.2,16.9,17.15,1235220
2014-07-11,17.25,17.5,17.1,17.4,776998
2014-07-14,17.5,17.95,17.35,17.8,870904
2014-07-15,17.9,18,17.75,17.85,318906
2014-07-16,18.05,18.05,17.65,17.65,622445
2014-07-17,17.8,18.05,17.65,18.05,588660
2014-07-18,17.75,18.05,17.45,18.05,1163551
2014-07-21,18,18.05,17.75,17.9,653278
2014-07-22,17.9,18.1,17.8,18.05,310560
2014-07-23,18.05,18.25,17.85,17.85,487175
2014-07-24,17.9,18.1,17.85,18.1,247487
2014-07-25,18.2,18.2,17.95,18.15,246480
2014-07-31,18.2,18.3,17.55,17.65,1157578
2014-08-01,17.9,17.9,17,17.35,1064678
2014-08-04,17.45,17.5,17.05,17.2,578358
2014-08-05,17.2,17.35,17,17.15,691468
2014-08-06,17.15,17.5,17.1,17.45,1075635
2014-08-07,17.55,17.7,17.25,17.4,643738
2014-08-08,17.4,17.6,17.1,17.5,713451
2014-08-11,17.9,17.9,17.25,17.35,1411103
2014-08-12,17.35,17.6,17.2,17.45,682012
2014-08-13,17.5,17.65,17.3,17.4,1294829
2014-08-14,17.45,17.5,17.1,17.1,1384085
2014-08-15,17.2,17.8,17.15,17.65,1364906
2014-08-18,17.65,17.95,17.5,17.9,1107166
2014-08-19,17.9,18.1,17.7,17.9,856356
2014-08-20,18.1,18.15,17.3,17.5,2164449
2014-08-21,17.5,17.8,17.4,17.45,1018496
2014-08-22,17.3,17.6,17.3,17.5,666517
2014-08-25,17.5,17.55,17.45,17.45,430074
2014-08-26,17.55,18.05,17.55,17.8,1230350
2014-08-27,17.8,17.85,17.55,17.7,880091
2014-08-28,17.75,17.9,17.5,17.8,1447450
2014-08-29,17.8,18,17.75,17.95,1246043
2014-09-01,17.95,18.15,17.85,17.95,647171
2014-09-02,18.05,18.45,18,18.3,1271628
2014-09-03,18.3,18.55,18.15,18.15,825486
2014-09-04,18.15,18.25,18.05,18.1,442921
2014-09-05,18.15,18.3,17.8,17.8,972752
2014-09-08,17.9,18.05,17.7,18,1098625
2014-09-09,17.95,18.15,17.7,17.8,1039416
2014-09-10,17.85,17.85,17.45,17.7,780350
2014-09-11,17.85,17.85,17.3,17.3,1244823
2014-09-12,17.3,17.85,17.2,17.75,3110399
2014-09-15,17.95,18.95,17.85,18.7,3832692
2014-09-16,18.65,18.85,18.4,18.7,1870876
2014-09-17,18.75,18.8,18.25,18.5,1350884
2014-09-18,18.5,18.55,18.2,18.4,1060565
2014-09-19,18.4,19.05,18.35,18.8,2509606
2014-09-22,18.85,18.85,18.45,18.55,1095656
2014-09-23,18.65,18.7,18.35,18.35,999662
2014-09-24,18.4,18.5,18.2,18.25,1298885
2014-09-25,18.3,18.35,17.75,17.75,1136566
2014-09-26,18,18.2,17.75,18.15,1101889
2014-09-29,18,18.5,17.95,18.4,914200
2014-09-30,18.55,18.55,18.2,18.3,991684
2014-10-01,18.4,18.85,18.3,18.55,1054880
2014-10-02,18.55,18.65,18.25,18.3,825754
2014-10-03,18.35,18.45,18.1,18.3,272094
2014-10-08,18.25,18.25,17.55,17.55,1646130
2014-10-09,17.75,18,17.6,17.65,1307217
2014-10-10,17.6,17.9,17.25,17.25,1266286
2014-10-13,17.3,17.55,17.2,17.4,1686219
2014-10-14,17.4,17.6,17.05,17.05,1234347
2014-10-15,17.15,17.55,17.1,17.1,1743517
2014-10-16,17.2,17.35,16.6,16.85,1923603
2014-10-17,16.95,17.25,16.9,17.1,1521210
2014-10-20,16.85,17.65,16.75,17.65,1849557
2014-10-21,17.5,17.85,17.15,17.45,3775758
2014-10-22,17.6,17.7,17.35,17.55,1488378
2014-10-23,17.45,17.6,17,17.5,2444818
2014-10-24,17.5,17.8,17.4,17.6,1433922
2014-10-27,17.65,18,17.5,17.95,1755040
2014-10-28,18,18.3,18,18.05,1165527
2014-10-30,18.15,18.65,18,18.65,1423470
2014-10-31,18.6,18.85,18.4,18.65,1222441
2014-11-03,18.65,18.7,18.3,18.5,673656
2014-11-04,18.55,18.7,18.4,18.45,974680
2014-11-05,18.45,18.5,18.1,18.15,628658
2014-11-06,18.35,18.45,18.05,18.25,408657
2014-11-07,18.15,18.75,18.15,18.65,961323
2014-11-10,18.85,18.85,18.1,18.25,894926
2014-11-11,18.25,18.5,18.15,18.4,660964
2014-11-12,18.4,18.5,18.15,18.35,1128316
2014-11-13,18.4,18.5,18.15,18.5,1309134
2014-11-14,18.6,18.7,18.4,18.6,610518
2014-11-17,18.65,18.7,18.2,18.3,596680
2014-11-18,18.35,18.55,18.35,18.45,1076526
2014-11-19,18.45,19.1,18.45,19.05,1712052
2014-11-20,19.05,19.45,18.9,19.4,1370287
2014-11-21,19.4,19.45,19.1,19.25,1112058
2014-11-24,19.25,19.7,19.2,19.5,774079
2014-11-25,19.5,19.95,19.45,19.95,708743
2014-11-26,20,20,19.25,19.3,2158471
2014-11-27,19.4,19.4,18.85,19.05,824039
2014-11-28,19.1,19.2,18.95,19,1516698
2014-12-01,19,19.1,18.6,19,1485618
2014-12-02,19.05,19.05,18.75,18.75,630878
2014-12-03,18.75,19,18.6,19,717489
2014-12-04,19,19,18.7,18.85,752896
2014-12-05,18.85,18.95,18.55,18.55,1284460
2014-12-08,18.55,18.65,18.2,18.25,914788
2014-12-09,18.35,18.4,18.15,18.15,785040
2014-12-10,18.2,18.3,17.95,18.25,765641
2014-12-11,18.25,18.55,18.15,18.45,1559400
2014-12-12,18.45,18.5,18.05,18.1,1115623
2014-12-15,18.1,18.3,17.95,18,881455
2014-12-16,17.9,18.6,17.9,18.5,2527397
2014-12-17,18.4,18.7,18.25,18.45,1458638
2014-12-18,18.6,18.75,18.3,18.45,1036579
2014-12-19,18.55,18.7,18.3,18.3,1051090
2014-12-22,18.35,18.9,18.3,18.85,907119
2014-12-23,18.85,19,18.65,18.8,1075549
2014-12-24,18.85,19,18.75,18.8,358742
2014-12-25,18.8,19.1,18.8,19.05,305342
2014-12-26,19.05,19.2,19,19.1,363456
2014-12-29,19.05,19.05,18.6,18.75,691307
2014-12-30,18.65,19.05,18.6,18.85,1212782
2014-12-31,19,19.15,18.75,19.1,546091
2015-01-02,19.55,19.55,18.8,18.85,313818
2015-01-05,18.85,19.2,18.8,19.2,486827
2015-01-06,19.2,19.3,19,19.2,1070344
2015-01-07,19.2,19.3,18.8,18.8,888310
2015-01-08,18.9,19,18.75,18.9,892551
2015-01-09,18.9,19.1,18.8,18.8,640081
2015-01-12,18.85,19.3,18.85,19.25,1116112
2015-01-13,19.3,19.55,19.15,19.2,973227
2015-01-14,19,19.1,18.6,18.8,1503488
2015-01-15,18.9,19,18.5,18.5,1036429
2015-01-16,18.5,18.8,18.4,18.5,855204
2015-01-19,18.6,18.65,18.35,18.35,572657
2015-01-20,18.4,18.7,18.4,18.55,818896
2015-01-21,18.6,18.7,18.45,18.65,1066232
2015-01-22,18.7,18.7,18.25,18.25,1360731
2015-01-23,18.35,18.55,18.3,18.5,1176649
2015-01-26,18.55,18.55,18.3,18.4,943983
2015-01-27,18.45,18.55,18.05,18.15,1734654
2015-01-28,18.25,18.3,18.05,18.2,1463307
2015-01-29,18.05,18.25,18,18,1182364
2015-01-30,18.1,18.3,18,18.3,1038124
2015-02-02,18.35,18.6,18.3,18.5,2110910
2015-02-03,18.6,18.6,18.3,18.5,808117
2015-02-04,18.35,18.45,18.1,18.25,953691
2015-02-05,18.25,18.4,18.05,18.25,1080010
2015-02-06,18.3,18.4,18.15,18.3,756198
2015-02-09,18.25,18.35,17.85,18.25,1576815
2015-02-10,18.3,18.35,18,18.15,1162226
2015-02-11,18.2,19,18.15,19,1842767
2015-02-12,18.85,18.95,18.6,18.7,1440697
2015-02-13,18.7,18.95,18.5,18.9,1245783
2015-02-16,18.95,18.95,18.6,18.6,481998
2015-02-17,18.5,18.75,18.5,18.6,425407
2015-02-18,18.55,18.8,18.45,18.8,490942
2015-02-19,18.9,19.15,18.8,19.15,963591
2015-02-20,19.4,19.55,19.25,19.55,1440487
2015-02-23,19.55,19.9,19.35,19.9,1042540
2015-02-24,19.85,20.25,19.65,20.25,928441
2015-02-25,20.25,20.6,20,20.15,1112011
2015-02-26,20.15,20.7,19.95,20.7,1570395
2015-02-27,20.8,20.8,20.05,20.05,1445092
2015-03-02,20.05,20.25,19.7,20.1,1429237
2015-03-03,20.25,20.35,19.8,20.2,1870205
2015-03-04,20.3,20.45,19.85,20,1370586
2015-03-05,19.75,20.05,19.1,19.65,1474634
2015-03-06,19.35,20.15,19.35,19.75,1213096
2015-03-09,20.1,20.15,19.6,19.6,1016622
2015-03-10,19.65,20,19.3,19.35,767628
2015-03-11,19.75,19.75,18.85,19.45,1466872
2015-03-12,19.35,19.8,19.05,19.55,1013752
2015-03-13,19.65,19.65,18.9,18.95,1062180
2015-03-16,19.1,19.45,19.1,19.4,906524
2015-03-17,19.45,20.15,19.45,20,831683
2015-03-18,19.85,20.3,19.6,20.15,674715
2015-03-19,20.4,20.65,20.3,20.65,700810
2015-03-20,20.8,20.85,20.25,20.85,980904
2015-03-23,20.85,20.9,20.4,20.7,784783
2015-03-24,20.6,21.5,20.55,21.4,1281544
2015-03-25,21.5,21.75,21.1,21.25,842314
2015-03-26,21,21.75,20.95,21.6,864539
2015-03-27,21.8,21.9,21.05,21.2,610628
2015-03-30,21.45,21.7,21.1,21.6,650854
2015-03-31,21.8,21.85,21.3,21.75,652718
2015-04-01,21.85,22.1,21.6,21.7,613901
2015-04-02,21.75,22.25,21.6,22.1,598032
2015-04-03,22.2,22.7,22.15,22.4,151216
2015-04-06,22.4,22.4,22.2,22.35,111115
2015-04-07,22.3,23.05,22.25,22.95,832140
2015-04-08,23,23.05,22.05,22.25,1187801
2015-04-09,22.15,22.2,21.7,21.95,1103812
2015-04-10,21.6,22.4,21.6,22.3,1220989
2015-04-13,22.05,22.8,21.8,21.8,1023019
2015-04-14,21.8,22.2,21.55,21.65,2277305
2015-04-15,21.65,22.45,21.65,22.45,1389314
2015-04-16,22.45,22.75,22.2,22.75,640872
2015-04-17,22.85,23.15,22.5,22.85,593098
2015-04-20,23,23.7,23,23.5,619847
2015-04-21,23.65,24.35,23.25,24.05,1165805
2015-04-22,24.2,24.25,23.05,23.3,912497
2015-04-24,23.75,23.95,23.1,23.95,1025224
2015-04-27,24,24.05,23.7,23.8,422780
2015-04-28,23.9,24,23.7,24,590573
2015-04-29,24.05,24.05,23.65,23.8,922655
2015-04-30,23.8,24.1,23.5,23.5,991209
2015-05-04,23.55,23.8,23.05,23.8,702826
2015-05-05,23,23.05,22.6,22.9,645402
2015-05-06,22.8,22.9,21.55,21.7,1454108
2015-05-07,21.85,21.95,21,21.5,1309916
2015-05-08,21.5,21.75,21.2,21.45,1247764
2015-05-11,21.5,21.8,21.4,21.45,1779081
2015-05-12,21.6,22.3,21.45,22.15,2726761
2015-05-13,22.15,22.25,21.9,22.1,957856
2015-05-14,22.1,22.25,21.75,22.05,1600051
2015-05-15,22.1,22.55,22.1,22.55,884170
2015-05-18,22.55,22.8,22.4,22.8,468899
2015-05-20,22.85,23.6,22.65,23.6,1309004
2015-05-21,23.7,23.7,22.25,22.3,834706
2015-05-22,22.3,23.05,22.1,22.15,1529705
2015-05-25,22.15,22.6,22,22,254210
2015-05-26,21.8,22.15,21.75,22.15,866023
2015-05-27,21.95,22.15,21.65,22.1,959314
2015-05-28,22.1,22.8,21.75,22.55,1168801
2015-05-29,22.1,22.75,21.75,22.1,1751064
2015-06-01,22.1,22.15,21.25,21.25,981074
2015-06-02,21.4,21.65,21.3,21.35,926985
2015-06-03,21.55,22,21.45,22,1397120
2015-06-04,21.95,22,21.6,21.95,523837
2015-06-05,22,22.1,21.7,22,1014616
2015-06-08,21.05,22.2,20,22,1199664
2015-06-09,22,22.1,21.45,21.7,928629
2015-06-10,21.9,21.95,21.6,21.8,674967
2015-06-11,21.85,22.35,21.75,22.05,659828
2015-06-12,22.05,22.05,21.85,21.95,600965
2015-06-15,21.95,22.15,21.35,21.45,603703
2015-06-16,21.45,21.65,21.4,21.5,652437
2015-06-17,21.65,21.95,21.2,21.5,922300
2015-06-18,21.55,21.75,21.55,21.7,403753
2015-06-19,21.65,22.35,21.65,22.2,782986
2015-06-22,21.9,22.35,21.9,22.1,538766
2015-06-23,22.2,22.3,21.85,21.9,637921
2015-06-24,22,22.5,21.9,22.5,1028395
2015-06-25,22.5,22.7,22.25,22.45,906583
2015-06-26,22.45,22.9,22.3,22.9,795976
2015-06-29,22.5,22.65,22.15,22.25,574495
2015-06-30,22.25,22.75,22,22.75,762758
2015-07-01,22.65,22.7,22.15,22.15,404974
2015-07-02,22.05,22.2,21.85,21.95,493373
2015-07-03,22.05,22.1,21.9,21.9,262205
2015-07-06,21.9,22.15,21.85,22.05,205373
2015-07-07,22.1,22.35,21.45,21.45,644850
2015-07-08,21.5,22.2,21.5,22.1,820384
2015-07-09,22.2,22.7,22.15,22.6,527308
2015-07-10,22.75,22.75,22.35,22.6,459575
2015-07-13,22.5,22.95,22.35,22.6,597861
2015-07-14,22.65,22.9,22.4,22.4,555708
2015-07-15,22.5,22.6,22.25,22.25,727266
2015-07-16,22.3,22.3,21.9,22,410027
2015-07-20,22,22,21.5,21.7,992734
2015-07-21,21.7,22.35,21.7,22.35,677771
2015-07-22,22.25,22.3,21.9,22,732762
2015-07-23,22,22,20.6,21,1791687
2015-07-24,21.05,21.35,20.7,21.1,662492
2015-07-27,21.15,21.25,20.75,21,479776
2015-07-28,21.1,21.15,20.8,20.85,805848
2015-07-29,21,21,20.9,20.9,801692
2015-07-30,20.9,21.15,20.75,20.75,1413016
2015-07-31,20.85,21.15,20.75,21.1,1121184
2015-08-03,21.15,21.4,20.9,21.25,986379
2015-08-04,21.2,21.9,21.2,21.85,1281433
2015-08-05,21.7,22.45,21.65,22.45,2395180
2015-08-06,22.5,23.2,22.45,22.95,1572620
2015-08-07,23.05,23.5,22.95,23.05,1409713
2015-08-10,23.1,23.5,23,23.15,729599
2015-08-11,23.3,23.95,23.3,23.45,722156
2015-08-12,23.45,24.5,23.15,23.4,936653
2015-08-13,23.45,23.55,22.5,22.9,929864
2015-08-14,22.75,23.05,22.35,22.65,795973
2015-08-17,22.7,22.75,22.05,22.15,1023436
2015-08-18,22,22.75,21.75,22.4,607023
2015-08-19,22.5,22.75,21.95,22.1,759655
2015-08-20,21.9,22.65,21.75,22.3,672900
2015-08-21,22.65,22.65,21.95,22.55,580201
2015-08-24,22,22.1,21.3,21.7,893856
2015-08-25,21.7,22.65,21.55,22.1,688520
2015-08-26,22.05,22.7,21.65,22.2,735701
2015-08-27,22.4,23.25,22.4,22.9,1420824
2015-08-28,22.9,23.35,22.45,22.9,811116
2015-08-31,22.8,23.5,22.8,23.5,1055656
2015-09-01,23.3,23.4,22.95,23.2,697724
2015-09-02,23.25,23.4,22.65,22.65,655670
2015-09-03,22.7,23.15,22.7,23.05,602083
2015-09-04,22.9,23.15,22.8,23,434115
2015-09-07,22.9,22.9,22.35,22.4,657237
2015-09-08,22.5,22.85,22.1,22.55,574362
2015-09-09,22.7,22.85,22.15,22.4,1003705
2015-09-10,22.35,22.95,22.25,22.95,1086522
2015-09-11,22.9,23.05,22.55,22.95,768897
2015-09-14,23.05,23.95,22.95,23.95,849835
2015-09-15,24,24.25,23.6,23.85,654655
2015-09-16,24.05,24.05,23.2,23.4,676183
2015-09-17,23.4,23.65,23.25,23.4,503972
2015-09-18,23.5,23.55,23.25,23.55,378279
2015-09-21,23.35,24.1,23.3,24.1,462614
2015-09-22,24.1,24.15,23.3,23.45,557031
2015-09-23,23.45,23.45,22.85,22.9,250701
2015-09-28,23,23.55,23,23.45,730312
2015-09-29,23.3,24.4,23.1,24.15,1029703
2015-09-30,24.2,24.25,23.55,23.75,1187008
2015-10-01,23.85,24.2,23.75,23.95,695363
2015-10-02,23.95,24.05,23.15,23.2,1183104
2015-10-05,23.35,23.55,23.3,23.45,878136
2015-10-06,23.5,23.8,23.4,23.55,969588
2015-10-07,23.55,23.65,23,23.35,1711689
2015-10-08,23.35,23.35,22.7,22.95,1271931
2015-10-09,23.05,23.15,22.7,22.75,1531284
2015-10-12,22.6,23.2,22.6,22.9,2320795
2015-10-13,22.95,23.3,22.9,23.1,1866690
2015-10-14,23.15,23.2,22.95,23.05,1347065
2015-10-15,23.15,23.25,22.9,22.95,1346434
2015-10-16,23.05,23.05,22.75,22.75,1274340
2015-10-19,22.8,23.05,22.8,23,1056686
2015-10-20,23.05,23.6,22.95,23.55,2084470
2015-10-21,23.6,24,23.55,23.9,1668315
2015-10-22,23.9,24.05,23.7,23.8,1670401
2015-10-23,23.85,24,23.6,23.6,1050791
2015-10-26,23.6,23.7,23,23.15,878741
2015-10-27,23.1,23.3,22.75,22.9,638810
2015-10-28,22.85,23,22.6,23,648582
2015-10-30,23,23,22.15,22.9,1859810
2015-11-02,23.3,23.8,23.15,23.8,2093939
2015-11-03,23.8,23.95,23.6,23.95,1063324
2015-11-04,23.95,24.05,23.2,23.6,1577052
2015-11-05,23.55,23.6,22.9,23.05,1077255
2015-11-06,23.2,23.4,23.05,23.25,660742
2015-11-09,23.25,23.45,22.85,23.35,889409
2015-11-10,23.3,23.4,22.95,23,699090
2015-11-11,23.1,23.2,22.9,22.9,742216
2015-11-12,23.05,23.1,22.55,22.65,1109923
2015-11-13,22.7,23,22.7,23,499396
2015-11-16,22.9,22.9,22.7,22.8,528626
2015-11-17,22.9,23.15,22.85,23,721727
2015-11-18,23.1,23.5,23.05,23.45,1399277
2015-11-19,23.45,23.5,22.75,23.1,935308
2015-11-20,23,23.15,22.85,22.95,515960
2015-11-23,22.9,22.95,22.55,22.55,945328
2015-11-24,22.6,22.65,21.45,21.6,1520686
2015-11-25,21.5,21.75,20.85,21.55,995782
2015-11-26,21.6,22.4,21.45,21.9,805885
2015-11-27,21.7,22.15,21.3,21.8,745090
2015-11-30,21.5,21.88,21.04,21.04,1795359
2015-12-01,21.18,21.28,20.66,20.96,2497987
2015-12-02,21.18,21.18,20.72,20.72,1713735
2015-12-03,20.82,20.82,20.48,20.66,887389
2015-12-04,20.68,20.72,19.9,20.56,1322605
2015-12-07,20.62,20.88,20.26,20.6,1055978
2015-12-08,20.64,20.84,20.46,20.84,650518
2015-12-09,20.78,20.88,20.44,20.8,642055
2015-12-10,20.62,20.88,19.16,19.3,1854765
2015-12-11,19.4,20.16,19.1,19.52,1842720
2015-12-14,19.65,19.96,18.5,18.52,1026557
2015-12-15,18.65,19.08,18.5,18.91,1465096
2015-12-16,18.89,19.26,18.55,19.13,977309
2015-12-17,19.14,19.49,19,19.44,920877
2015-12-18,19.28,19.35,18.71,18.8,950590
2015-12-21,18.9,19.07,18.73,18.74,635591
2015-12-22,18.72,18.9,18.52,18.74,590849
2015-12-23,18.8,19.22,18.8,19.11,561525
2015-12-24,19.15,19.32,18.91,19.3,406222
2015-12-25,19.3,19.58,19.3,19.58,134684
2015-12-28,19.54,19.83,19.26,19.31,419354
2015-12-29,19.31,19.32,18.77,18.79,775868
2015-12-30,18.79,19,18.45,18.62,722755
2015-12-31,18.59,18.59,17.62,18.19,787044
2016-01-04,17.6,17.85,17.41,17.69,861117
2016-01-05,17.75,17.87,15.99,17.8,1253217
2016-01-06,17.6,17.75,17.13,17.51,1167221
2016-01-07,17.34,17.42,16.83,17.39,1430616
2016-01-08,17.45,17.95,17.38,17.79,1343194
2016-01-11,17.75,18.25,17.6,17.86,1602285
2016-01-12,17.93,18.18,17.55,17.99,2856336
2016-01-13,18.04,18.23,17.91,17.95,2165311
2016-01-14,17.79,17.88,17.3,17.46,1794671
2016-01-15,17.51,17.51,16.8,17.12,2713669
2016-01-18,17.16,17.37,16.89,17.28,656543
2016-01-19,17.52,17.52,16.9,17.08,733016
2016-01-20,16.82,16.89,16.4,16.4,1878767
2016-01-21,16.4,16.52,15.97,16.08,1918359
2016-01-22,16.35,16.57,16.2,16.36,2084511
2016-01-25,17,17.5,16.82,16.9,2979136
2016-01-26,16.87,17.42,16.65,17.35,1736788
2016-01-27,17.43,17.58,17.31,17.41,2005890
2016-01-28,17.52,17.53,17.31,17.47,2190681
2016-01-29,17.59,17.68,17.39,17.5,2123226
2016-02-01,17.5,17.5,16.82,16.95,2951529
2016-02-02,16.97,17.07,16.12,16.14,3100852
2016-02-03,16.01,16.64,15.9,16.48,2601500
2016-02-04,16.65,16.75,16.6,16.64,1478975
2016-02-05,16.75,16.92,16.4,16.48,1124633
2016-02-08,16.52,16.63,16.23,16.38,1593190
2016-02-09,16.27,16.37,15.82,16.02,1092287
2016-02-10,16.05,16.18,15.64,15.75,1399942
2016-02-11,15.67,15.79,15.11,15.41,1807461
2016-02-12,15.41,15.67,15.25,15.45,2505510
2016-02-15,15.38,15.38,14.5,14.8,2972888
2016-02-16,14.87,15.04,14.65,14.74,1994071
2016-02-17,14.75,15.4,14.6,15.4,2486505
2016-02-18,15.4,16.27,15.3,16.27,2794407
2016-02-19,16.25,16.25,15.7,15.89,2051362
2016-02-22,16.06,16.86,16.03,16.81,2844498
2016-02-23,16.86,16.97,16.62,16.77,1704516
2016-02-24,16.78,17.01,16.66,16.86,2575784
2016-02-25,17.09,17.36,16.9,17.31,1372745
2016-02-26,17.49,17.99,17.43,17.98,2787040
2016-02-29,17.92,17.94,17.36,17.45,2376115
2016-03-01,17.55,17.55,17.22,17.31,1131138
2016-03-02,17.5,17.6,17.31,17.51,1026587
2016-03-03,17.51,17.51,17,17.21,1432194
2016-03-04,17.22,17.22,16.89,17.05,1363629
2016-03-07,17.07,17.34,17.07,17.24,1344044
2016-03-08,17.25,17.32,17.12,17.12,1817548
2016-03-09,17.25,17.25,17.01,17.12,1145199
2016-03-10,17.2,17.2,16.91,16.95,1586974
2016-03-11,17.01,17.05,16.78,16.98,946840
2016-03-14,16.98,17.38,16.96,17.3,2997698
2016-03-15,17.32,17.49,17.27,17.44,2447452
2016-03-16,17.46,17.57,17.4,17.51,1871817
2016-03-17,17.8,17.9,17.69,17.77,2225170
2016-03-18,17.77,17.99,17.69,17.99,3497039
2016-03-21,17.95,17.98,17.74,17.86,2747885
2016-03-22,17.85,17.85,17.15,17.52,2601601
2016-03-23,16.8,16.8,16.29,16.4,2126945
2016-03-24,16.35,16.48,16.28,16.42,1629840
2016-03-25,16.42,16.7,16.42,16.6,428763
2016-03-28,16.61,16.68,16.51,16.53,446780
2016-03-29,16.58,16.7,16.48,16.58,3696177
2016-03-30,16.7,16.9,16.62,16.62,3258567
2016-03-31,16.64,16.82,16.63,16.81,1567888
2016-04-01,16.8,16.97,16.75,16.83,2235408
2016-04-04,17.11,17.93,17.11,17.87,4336062
2016-04-05,17.81,18.49,17.74,18.3,3576499
2016-04-06,18.46,18.55,17.57,17.71,2786674
2016-04-07,17.8,17.88,17.55,17.62,2370152
2016-04-08,17.7,17.8,17.39,17.73,1926102
2016-04-11,17.74,17.8,17.6,17.74,1534986
2016-04-12,17.75,17.84,17.5,17.57,1903490
2016-04-13,17.61,17.8,17.61,17.73,1272969
2016-04-14,17.73,17.85,17.58,17.61,1528061
2016-04-15,17.66,17.74,17.3,17.44,1364453
2016-04-18,17.4,17.44,17.24,17.24,1365907
2016-04-19,17.24,17.31,17.05,17.09,1322500
2016-04-20,17.05,17.24,16.5,16.73,1962274
2016-04-21,16.8,17.03,16.7,16.79,1159280
2016-04-22,16.82,17.05,16.72,16.84,1539332
2016-04-25,16.78,16.9,16.38,16.39,1046431
2016-04-26,16.3,16.66,16.29,16.39,1114531
2016-04-27,16.39,16.49,16.32,16.38,529127
2016-04-28,16.38,16.6,16.33,16.45,1399635
2016-04-29,16.45,16.48,16.18,16.31,1179934
2016-05-02,16.2,16.29,15.79,15.85,980974
2016-05-03,15.88,15.99,15.11,15.11,1339976
2016-05-04,15.13,15.18,14.21,14.7,3019838
2016-05-05,14.22,15.42,14,15.19,2032251
2016-05-06,15.51,16,15.47,15.92,3320665
2016-05-09,16.06,16.27,15.89,16.04,2228538
2016-05-10,16.08,16.08,15.23,15.69,3259130
2016-05-11,15.7,15.84,15.39,15.84,2308308
2016-05-12,15.85,16.64,15.72,16.17,3507165
2016-05-13,16.02,16.56,16.02,16.34,3176251
2016-05-16,16.28,16.38,15.52,15.7,2074309
2016-05-17,15.75,15.85,15.1,15.23,1616122
2016-05-18,15.2,15.2,14.85,14.85,1616576
2016-05-20,14.85,15.5,14.73,15.45,2650994
2016-05-23,15.58,15.77,15.18,15.34,1338487
2016-05-24,15.38,15.78,15.14,15.77,2000691
2016-05-25,15.83,15.9,15.44,15.49,2190301
2016-05-26,15.49,15.55,15.21,15.29,1782533
2016-05-27,15.25,15.46,14.99,15.01,1947564
2016-05-30,15.05,15.5,15.04,15.46,1579282
2016-05-31,15.51,15.75,15.1,15.14,1912300
2016-06-01,15.14,15.2,15,15.07,1385730
2016-06-02,15.17,15.27,14.71,14.71,1506152
2016-06-03,14.85,14.89,14.61,14.76,2105415
2016-06-06,14.84,15.09,14.7,14.95,1785706
2016-06-07,15.08,15.15,14.12,14.19,4035661
2016-06-08,14.28,14.32,14.05,14.13,2881467
2016-06-09,14.15,14.43,14.08,14.34,2856988
2016-06-10,14.43,14.43,13.95,13.97,1425584
2016-06-13,13.98,13.98,13.24,13.4,2399460
2016-06-14,13.4,13.6,13.1,13.26,3181430
2016-06-15,13.36,13.86,13.36,13.86,2122963
2016-06-16,13.86,13.9,13.33,13.39,1461963
2016-06-17,13.51,13.64,13.45,13.54,1326170
2016-06-20,13.7,13.92,13.7,13.91,1160606
2016-06-21,13.93,13.93,13.69,13.8,1475669
2016-06-22,13.8,13.81,13.58,13.63,926185
2016-06-23,13.7,13.75,13.57,13.67,733797
2016-06-24,12.71,13.35,12.71,13.18,1031152
2016-06-27,13.18,13.79,13.05,13.44,2065115
2016-06-28,13.7,14.12,13.61,14.06,2924792
2016-06-29,13.5,13.77,13.13,13.15,10627640
2016-06-30,13.18,13.29,12.3,12.33,7697259
2016-07-01,12.4,12.6,11.88,12.32,7635899
2016-07-04,12.33,12.44,12.27,12.35,1303398
2016-07-08,12.3,12.35,12.17,12.24,1610594
2016-07-11,12.35,12.91,12.35,12.81,4240982
2016-07-12,12.86,13.27,12.86,13.2,4093326
2016-07-13,13.25,13.28,13,13,2910105
2016-07-14,13.08,13.16,13.03,13.07,2023439
2016-07-15,13.06,13.32,12.97,13.32,4011911
2016-07-18,12.69,12.69,10.66,11.01,11866480
2016-07-19,11.02,12.12,11.02,11.58,9378965
2016-07-20,11.65,11.82,11,11.06,5307581
2016-07-21,10.71,10.8,10.3,10.55,5232303
2016-07-22,10.9,10.96,10.46,10.88,3951450
2016-07-25,11.14,11.38,11,11.35,2721128
2016-07-26,11.5,11.62,11.11,11.2,3181356
2016-07-27,11.3,11.34,11.16,11.27,2544557
2016-07-28,11.14,11.16,10.94,11,4511905
2016-07-29,10.99,11.05,10.85,10.94,2480154
2016-08-01,11.05,11.2,11.01,11.06,2643393
2016-08-02,11.1,11.1,10.98,11.07,2648566
2016-08-03,11.03,11.08,10.67,10.79,3348273
2016-08-04,10.8,10.91,10.71,10.89,3188519
2016-08-05,10.93,10.95,10.72,10.8,3120592
2016-08-08,11.03,11.51,11,11.49,6235732
2016-08-09,11.52,12.35,11.5,12.09,8818664
2016-08-10,12.31,12.47,11.8,11.95,5164207
2016-08-11,11.95,12.03,11.86,12,2241866
2016-08-12,12.01,12.19,11.65,11.66,3567472
2016-08-15,11.82,11.89,11.67,11.75,1974455
2016-08-16,11.77,12.01,11.55,12.01,3140994
2016-08-17,12.05,12.26,12.04,12.16,3289455
2016-08-18,12.22,12.36,11.91,11.93,2393233
2016-08-19,11.96,12.18,11.91,12.08,2080678
2016-08-22,12.02,12.18,11.95,12.08,1064214
2016-08-23,12.12,12.14,11.97,11.97,1467794
2016-08-24,11.65,11.86,11.47,11.8,1343770
2016-08-25,11.82,11.93,11.75,11.8,2209712
2016-08-26,11.79,11.84,11.67,11.75,1971172
2016-08-29,11.91,12.11,11.8,11.8,1922184
2016-08-31,11.83,11.85,11.54,11.54,3214336
2016-09-01,11.64,11.7,11.34,11.38,2045364
2016-09-02,11.38,11.45,11.26,11.32,2053703
2016-09-05,11.4,11.48,11.32,11.34,2804607
2016-09-06,11.37,11.4,11.23,11.23,3110586
2016-09-07,11.33,11.38,11,11.03,3373533
2016-09-08,11.05,11.57,11.05,11.54,5142158
2016-09-09,11.56,11.67,11.52,11.55,2361188
2016-09-16,11.57,11.58,11.07,11.08,2896240
2016-09-19,11.2,11.26,11.16,11.19,1331786
2016-09-20,11.19,11.35,11.17,11.2,1848549
2016-09-21,11.22,11.29,11.18,11.18,1386353
2016-09-22,11.31,11.77,11.25,11.73,5647096
2016-09-23,11.76,12.07,11.74,12.07,4178849
2016-09-26,11.39,12.12,11.35,12.1,5682649
2016-09-27,12.16,12.6,12.16,12.26,6038012
2016-09-28,12.3,12.44,12.1,12.15,2687394
2016-09-29,12.15,12.49,12.14,12.41,3460921
2016-09-30,12.35,12.52,12.28,12.37,4007602
2016-10-03,12.46,12.71,12.42,12.58,2295400
2016-10-04,12.6,12.66,12.4,12.43,2688272
2016-10-05,12.4,12.94,12.31,12.83,4277186
2016-10-06,12.89,13.17,12.88,12.91,3462381
2016-10-07,13.05,13.14,12.78,12.97,2581746
2016-10-10,13.05,13.11,12.88,12.97,2012509
2016-10-11,12.95,13.21,12.88,13.15,3349332
2016-10-12,13.2,13.26,12.97,13.06,2756856
2016-10-13,13.06,13.18,12.85,13.08,3264930
2016-10-14,13.09,13.28,12.94,13.17,2366118
2016-10-17,13.16,13.4,13.08,13.35,3100277
2016-10-18,13.4,13.75,13.4,13.61,6059171
2016-10-19,13.7,13.71,13.6,13.64,2070478
2016-10-20,13.65,13.65,13.4,13.42,2789620
2016-10-21,13.43,13.51,13.3,13.36,4805370
2016-10-24,13.42,13.52,13.39,13.41,2286266
2016-10-25,13.44,13.47,13.18,13.18,2021363
2016-10-26,13.2,13.22,12.95,13,2589043
2016-10-27,13.08,13.24,12.97,13.17,1581053
2016-10-28,13.15,13.2,12.95,13.06,657090
2016-10-31,13.08,13.15,12.72,12.72,1787228
2016-11-01,12.83,13.15,12.81,13.05,2307665
2016-11-02,13,13.1,12.91,12.93,1168577
2016-11-03,13.01,13.03,12.7,12.7,1508771
2016-11-04,12.6,12.6,12.1,12.1,1985987
2016-11-07,12.36,12.6,12.35,12.45,1491546
2016-11-08,12.45,12.94,12.35,12.85,2328249
2016-11-09,12.35,13,12.28,13,2135759
2016-11-10,13.1,13.27,12.89,12.89,1391338
2016-11-11,12.87,13.11,12.68,12.98,1870928
2016-11-14,13.06,13.08,12.59,12.59,1768382
2016-11-15,12.65,12.81,12.65,12.68,1330033
2016-11-16,12.71,12.94,12.26,12.35,4383634
2016-11-17,12.42,12.54,12.33,12.5,1948891
2016-11-18,12.44,12.6,12.35,12.53,1830898
2016-11-21,12.56,13,12.53,12.83,2717333
2016-11-22,12.84,12.94,12.62,12.69,1905066
2016-11-23,12.7,12.76,12.6,12.69,1218901
2016-11-24,12.67,12.73,12.36,12.55,1127988
2016-11-25,12.56,12.67,12.45,12.64,773375
2016-11-28,12.71,12.87,12.71,12.78,1301789
2016-11-29,12.78,13.05,12.78,12.87,1842245
2016-11-30,12.93,13,12.73,12.93,2080675
2016-12-01,12.94,13,12.64,12.75,1506987
2016-12-02,12.75,13.23,12.59,13.23,2883034
2016-12-05,13.23,13.43,13.05,13.22,2520091
2016-12-06,13.25,13.55,13.2,13.5,2746671
2016-12-07,13.51,13.66,13.06,13.42,2648252
2016-12-08,13.43,13.5,13.05,13.27,1433060
2016-12-09,13.3,13.37,13.21,13.26,925595
2016-12-12,13.1,13.33,13.03,13.32,1133831
2016-12-13,13.37,13.56,13.33,13.55,1805330
2016-12-14,13.56,13.72,13.49,13.72,2023961
2016-12-15,13.6,13.86,13.6,13.84,2741542
2016-12-16,13.86,13.98,13.79,13.93,1812818
2016-12-19,13.95,14.1,13.91,14.07,2134070
2016-12-20,14.03,14.06,13.77,14.03,2636086
2016-12-21,14.1,14.11,13.81,13.9,2052114
2016-12-22,13.82,13.97,13.82,13.9,975341
2016-12-23,13.94,13.95,13.79,13.79,635490
2016-12-26,13.79,13.85,13.77,13.79,139089
2016-12-27,13.82,13.83,13.54,13.54,561133
2016-12-28,13.55,13.87,13.45,13.87,1741646
2016-12-29,13.89,14.03,13.83,13.98,1133583
2016-12-30,13.98,14.04,13.86,14.03,820439
2017-01-02,13.96,13.99,13.87,13.9,683013
2017-01-03,13.93,13.94,13.61,13.68,2087180
2017-01-04,13.7,13.98,13.69,13.96,1644654
2017-01-05,14.01,14.34,13.97,14.34,3412774
2017-01-06,14.36,14.61,14.27,14.45,1966895
2017-01-09,14.4,14.58,14.23,14.31,1407519
2017-01-10,14.24,14.34,14.16,14.18,1543695
2017-01-11,14.13,14.13,13.85,14,3057997
2017-01-12,14.02,14.25,13.9,14.16,4550286
2017-01-13,14.17,14.92,14.05,14.88,4838523
2017-01-16,14.86,15.18,14.78,15,3850542
2017-01-17,15.05,15.42,15.05,15.37,3253611
2017-01-18,15.37,15.85,15.25,15.85,4433064
2017-01-19,15.87,16.09,15.27,15.33,3234373
2017-01-20,15.33,15.59,15.3,15.43,2447324
2017-01-23,15.52,15.65,15.35,15.35,1674132
2017-01-24,15.36,15.67,15.06,15.62,3386358
2017-01-25,15.62,15.81,15.49,15.8,2824833
2017-01-26,15.82,15.96,15.72,15.8,2540817
2017-01-27,15.8,15.85,15.36,15.48,2246863
2017-01-30,15.37,15.8,15.37,15.7,2614976
2017-01-31,15.87,15.91,15.53,15.53,2417369
2017-02-01,15.58,15.95,15.58,15.86,3774440
2017-02-02,15.95,16.18,15.84,15.96,6996154
2017-02-03,15.98,15.98,15.6,15.85,2292951
2017-02-06,15.92,16,15.66,15.75,1921929
2017-02-07,15.69,15.94,15.66,15.8,1628229
2017-02-08,15.79,15.99,15.79,15.95,1536754
2017-02-09,16.01,16.15,15.89,16.1,2578230
2017-02-10,16.11,16.16,15.81,15.91,2300430
2017-02-13,15.91,15.98,15.8,15.9,1666841
2017-02-14,16,16.03,15.78,15.8,1507005
2017-02-15,15.86,15.91,15.53,15.56,1397830
2017-02-16,15.6,15.65,15.44,15.6,1475175
2017-02-17,15.6,15.82,15.52,15.81,1290143
2017-02-20,15.83,15.84,15.47,15.49,1495985
2017-02-21,15.5,15.68,15.5,15.59,994301
2017-02-22,15.62,15.77,15.58,15.61,1750782
2017-02-23,15.64,15.7,15.57,15.64,967321
2017-02-24,15.66,15.66,15.46,15.54,1174239
2017-02-27,15.54,15.59,15.3,15.3,718847
2017-02-28,15.25,15.31,15.12,15.17,1165270
2017-03-01,15.21,15.52,15.21,15.4,1227166
2017-03-02,15.45,15.6,15.32,15.32,1024974
2017-03-03,15.33,15.44,15.12,15.13,1848265
2017-03-06,15.18,15.54,15.13,15.46,2045199
2017-03-07,15.54,15.56,15.26,15.34,1037240
2017-03-08,15.39,15.44,15.09,15.12,943238
2017-03-09,15.05,15.16,14.74,14.74,1941776
2017-03-10,14.85,14.9,14.58,14.62,2051519
2017-03-13,14.5,14.87,14.33,14.7,1673256
2017-03-14,14.8,15.27,14.8,15.23,1472627
2017-03-15,15.3,15.36,15.15,15.2,1221756
2017-03-16,15.35,15.42,15.25,15.35,1489163
2017-03-17,15.44,15.88,15.4,15.78,4142773
2017-03-20,15.75,15.91,15.75,15.8,1927653
2017-03-21,15.85,16,15.18,15.41,5897781
2017-03-22,14.7,14.7,14.18,14.26,2224730
2017-03-23,14.35,14.75,14.33,14.72,2930556
2017-03-24,14.73,14.76,14.56,14.58,1073707
2017-03-27,14.62,14.79,14.47,14.65,1474129
2017-03-28,14.71,14.81,14.61,14.72,617838
2017-03-29,14.72,14.73,14.48,14.61,888170
2017-03-30,14.61,14.7,14.49,14.52,830971
2017-03-31,14.52,14.58,14.31,14.49,941255
2017-04-03,14.55,14.55,14.29,14.33,464117
2017-04-04,14.3,14.32,14.06,14.27,1505269
2017-04-05,14.21,14.52,14.2,14.34,1616307
2017-04-06,14.32,14.71,14.32,14.69,3018928
2017-04-07,14.58,15.08,14.57,14.85,4167827
2017-04-10,14.94,15.07,14.87,14.98,2256403
2017-04-11,14.98,14.99,14.73,14.84,1419212
2017-04-12,14.84,14.98,14.77,14.82,2180138
2017-04-13,14.84,14.9,14.59,14.65,1238705
2017-04-14,14.65,14.65,14.45,14.45,394322
2017-04-17,14.64,14.9,14.5,14.81,798157
2017-04-18,14.97,15.1,14.93,15,1930132
2017-04-19,15.02,15.09,14.77,14.78,2288441
2017-04-20,14.83,14.88,14.75,14.77,1836862
2017-04-21,14.85,14.89,14.67,14.71,1459345
2017-04-24,14.78,15.01,14.76,14.98,3874849
2017-04-25,15.05,15.24,14.96,15.24,4194373
2017-04-26,15.15,15.15,14.84,14.92,3075451
2017-04-27,14.95,15.05,14.84,14.85,2059569
2017-04-28,14.87,14.95,14.75,14.8,1234121
2017-05-02,14.9,14.9,14.74,14.77,1325047
2017-05-03,14.77,14.9,14.7,14.8,1576686
2017-05-04,14.81,14.83,14.64,14.64,976370
2017-05-05,14.64,14.83,14.6,14.72,1434981
2017-05-08,14.77,14.99,14.71,14.78,3601855
2017-05-09,14.78,14.91,14.73,14.9,2871185
2017-05-10,14.88,16.14,14.86,15.96,10605390
2017-05-11,16.04,16.43,15.98,16.21,4653193
2017-05-12,16.24,16.24,15.9,16.05,1571149
2017-05-15,16.27,16.27,15.97,16.17,1645447
2017-05-16,16.25,16.56,16.2,16.5,4156442
2017-05-17,16.56,16.7,16.17,16.17,2888047
2017-05-18,16.17,16.35,15.82,16.15,2215951
2017-05-22,16.32,16.55,16.25,16.47,1869811
2017-05-23,16.39,17.09,16.27,17.09,3989775
2017-05-24,17.16,17.87,17.16,17.32,6164193
2017-05-25,17.41,17.46,17.11,17.11,1836816
2017-05-26,17.11,17.39,17.1,17.24,1544865
2017-05-29,17.28,17.39,17.15,17.19,663264
2017-05-30,17.25,17.28,17.01,17.15,897204
2017-05-31,17.3,17.68,17.2,17.29,2239868
2017-06-01,17.36,17.47,17.14,17.28,1335620
2017-06-02,17.38,17.67,17.36,17.67,1639521
2017-06-05,17.81,17.93,17.32,17.4,1778794
2017-06-06,17.41,17.8,17.4,17.61,2582126
2017-06-07,17.63,17.74,17.25,17.25,1784496
2017-06-08,17.32,17.75,17.32,17.73,2167566
2017-06-09,18.3,18.6,18.11,18.3,5489464
2017-06-12,18.31,18.49,18.22,18.25,1310868
2017-06-13,18.29,18.37,18,18.14,1183984
2017-06-14,18.19,18.45,18.07,18.4,1103030
2017-06-15,18.37,18.38,18.02,18.21,1387266
2017-06-16,18.06,18.34,18.06,18.24,1253660
2017-06-19,18.29,18.44,18.1,18.24,1312342
2017-06-20,18.36,18.46,18.24,18.46,1169264
2017-06-21,18.47,18.95,18.35,18.95,2908023
2017-06-22,19.03,19.1,18.75,18.89,637957
2017-06-23,18.91,18.97,18.73,18.73,1032835
2017-06-28,18.79,18.87,18.6,18.78,1430121
2017-06-29,18.79,19,18.7,18.7,826608
2017-06-30,18.64,18.99,18.62,18.87,1612246
2017-07-03,18.88,19.02,18.83,19,735206
2017-07-04,19.1,19.19,19.01,19.09,675523
2017-07-05,19.15,19.2,19.05,19.2,738215
2017-07-06,19.23,19.82,19.05,19.56,1816225
2017-07-07,19.6,19.65,18.96,19.04,1304839
2017-07-10,19.3,19.47,19.2,19.31,681944
2017-07-11,19.36,19.8,19.22,19.8,1307409
2017-07-12,19.8,20.46,19.75,20.4,1640499
2017-07-13,20.48,20.58,20.24,20.56,923081
2017-07-14,20.56,21.16,20.56,21.1,1165305
2017-07-17,21.18,21.34,21.06,21.16,1689881
2017-07-18,21.16,21.46,21.02,21.46,983207
2017-07-19,21.56,21.7,21.38,21.46,1068787
2017-07-20,21.5,21.6,20.8,21.22,935295
2017-07-21,21.22,21.48,21.08,21.34,773275
2017-07-24,21.62,21.7,21.34,21.34,1235624
2017-07-25,21.4,21.5,20.88,20.9,1749342
2017-07-26,20.92,21.22,20.92,21.22,2063269
2017-07-27,21.36,21.76,21.36,21.6,1421131
2017-07-28,21.5,21.5,21.2,21.34,1058518
2017-07-31,21.4,21.54,21.18,21.32,846088
2017-08-01,21.42,21.46,20.7,20.72,910862
2017-08-02,20.72,20.82,20.32,20.58,897146
2017-08-03,20.54,20.76,20.2,20.76,1244897
2017-08-04,20.82,21.1,20.56,20.9,742347
2017-08-07,20.98,21.82,20.98,21.76,1278134
2017-08-08,21.76,21.82,21.48,21.58,731611
2017-08-09,21.48,21.5,21.12,21.4,527070
2017-08-10,21.38,21.48,21.12,21.16,488737
2017-08-11,21,21.04,20.48,20.74,530163
2017-08-14,20.86,21.58,20.86,21.52,842000
2017-08-15,21.6,21.78,21.02,21.1,1003528
2017-08-16,21.12,21.44,20.36,20.9,877316
2017-08-17,21,21.48,20.28,20.38,1274854
2017-08-18,20.38,20.56,20.12,20.48,580086
2017-08-21,20.4,21.14,20.26,20.94,1065496
2017-08-22,21,21.12,20.62,20.74,1162054
2017-08-23,20.72,20.8,20.5,20.76,648270
2017-08-24,20.76,21.32,20.72,21.06,909823
2017-08-25,21.06,21.46,20.9,21.2,811844
2017-08-28,21.12,21.38,21.08,21.38,450438
2017-08-29,21.36,21.36,21.08,21.18,748236
2017-08-31,21.36,21.74,21.22,21.22,969715
2017-09-05,21.26,21.54,20.86,21.08,707232
2017-09-06,20.9,21.14,20.8,20.86,555860
2017-09-07,20.94,21.18,20.9,20.98,837894
2017-09-08,20.92,21,20.52,20.72,632978
2017-09-11,20.78,21.18,20.76,20.92,606430
2017-09-12,20.4,20.4,19.94,19.95,3810135
2017-09-13,19.97,20.22,19.73,19.74,1884093
2017-09-14,19.8,19.8,19.3,19.35,1519969
2017-09-15,19.34,19.55,18.93,19.04,2127882
2017-09-18,19.08,19.12,18.25,18.28,3183546
2017-09-19,18.34,18.7,18.06,18.16,2281204
2017-09-20,18.25,18.54,18.01,18.49,1813731
2017-09-21,18.36,18.67,18.22,18.31,1188602
2017-09-22,18.42,18.47,18.07,18.28,640672
2017-09-25,18.28,18.28,17.8,18.12,546319
2017-09-26,18.18,18.8,18.14,18.78,1278060
2017-09-27,18.78,18.78,18.03,18.16,872386
2017-09-28,18.18,18.3,17.76,17.76,1908500
2017-09-29,17.79,17.88,17.25,17.65,2466117
2017-10-02,17.63,17.94,17.57,17.7,666917
2017-10-03,17.72,17.84,17.36,17.42,1682894
2017-10-04,17.46,17.91,17.37,17.9,5862458
2017-10-05,17.96,18.26,17.57,17.57,2329294
2017-10-06,17.57,17.72,17.23,17.29,2005915
2017-10-09,16,16.7,15.99,16.5,2553048
2017-10-10,16.88,17,16.38,16.77,3012581
2017-10-11,16.75,17.57,16.75,17.41,3544985
2017-10-12,17.58,17.95,17.36,17.6,4448187
2017-10-13,17.62,17.77,17.43,17.6,2608009
2017-10-16,17.79,17.79,17.44,17.57,1451014
2017-10-17,17.58,18.1,17.56,17.78,3106129
2017-10-18,17.9,18.1,17.68,17.86,4265084
2017-10-19,18,18.41,17.95,18.37,3883001
2017-10-20,18.43,18.69,18.24,18.42,4895403
2017-10-23,18.44,18.74,18.14,18.25,3867754
2017-10-24,18.32,18.41,17.67,17.74,4222098
2017-10-25,18.03,18.64,18.03,18.33,5972415
2017-10-26,18.32,18.77,17.93,18.45,4895792
2017-10-27,18.4,18.98,18.35,18.73,3256593
2017-10-30,19.05,19.25,18.6,18.7,3347894
2017-10-31,18.75,18.9,18.7,18.87,2381537
2017-11-01,18.9,19.44,18.85,19.42,3475538
2017-11-02,19.85,19.94,19.6,19.94,3018958
2017-11-03,20,20.14,19.33,19.7,2845127
2017-11-06,19.75,20.38,19.54,19.88,3764622
2017-11-07,19.95,20.18,19.79,19.85,1799625
2017-11-08,19.9,20.04,19.37,19.92,2341201
2017-11-09,20.02,20.14,19.69,19.88,1507157
2017-11-10,20.06,20.06,19.52,19.67,1608619
2017-11-13,19.8,19.8,18.39,18.41,1993128
2017-11-14,18.47,19,18.1,18.74,1667171
2017-11-15,18.75,18.95,17.76,17.82,2588145
2017-11-16,17.91,18.3,17.4,18.12,3745626
2017-11-17,18.29,18.33,17.4,17.82,2409360
2017-11-20,17.9,18.08,17.5,17.92,2294273
2017-11-21,17.86,18.4,17.77,18.4,1316826
2017-11-22,18.08,19.05,18.06,18.98,1938556
2017-11-23,18.98,19.36,18.48,18.61,1564234
2017-11-24,18.7,18.77,18.49,18.7,753116
2017-11-27,18.83,19.09,18.65,18.95,1709823
2017-11-28,18.95,19.39,18.85,19.01,3217897
2017-11-29,19.03,19.29,18.5,19.03,2527581
2017-11-30,19.15,19.69,19.07,19.52,2924048
2017-12-01,19.6,20.1,19.55,19.95,2087105
2017-12-04,19.96,20.2,19.93,20.14,2215005
2017-12-05,20.22,20.68,20.22,20.5,2687997
2017-12-06,20.54,20.84,20.3,20.6,1870541
2017-12-07,20.5,21.2,20.5,21.2,995602
2017-12-08,21.22,21.34,20.96,21.1,725121
2017-12-11,21.14,21.14,20.48,20.56,1167616
2017-12-12,20.54,21.04,20.24,20.88,1104809
2017-12-13,20.96,21.1,20.6,20.84,1258241
2017-12-14,20.96,21.14,20.68,21.1,1377563
2017-12-15,21.18,21.8,20.8,21.76,2354692
2017-12-18,21.76,22.12,21.4,21.56,1230426
2017-12-19,21.64,22.36,21.44,22.08,1683996
2017-12-20,22.16,22.18,21.7,21.96,1535632
2017-12-21,22,22.1,21.68,21.74,1079684
2017-12-22,21.82,22,21.48,21.48,699772
2017-12-25,21.66,21.76,21.36,21.4,130729
2017-12-26,21.4,21.88,21.32,21.72,241209
2017-12-27,21.68,22.2,21.44,22,962919
2017-12-28,22.12,22.16,21.7,22,2289137
2017-12-29,21.84,22.46,21.82,22.46,920446
2018-01-02,22.6,23.06,22.54,23.04,1077330
2018-01-03,23,23.12,22.38,22.46,834136
2018-01-04,22.42,22.72,22.14,22.26,1152703
2018-01-05,22.26,22.38,21.8,22.2,1925434
2018-01-08,22.38,22.56,22.02,22.02,1462635
2018-01-09,22.04,22.38,21.86,22.12,1621810
2018-01-10,22.06,22.16,21.24,21.5,1242145
2018-01-11,21.56,21.78,21.22,21.74,681248
2018-01-12,21.78,22.2,21.5,21.96,808097
2018-01-15,21.84,22.18,21.08,21.1,1362055
2018-01-16,20.98,21.4,20.82,21.26,1366600
2018-01-17,21.36,22.02,21.1,21.98,1103680
2018-01-18,22,22.76,21.96,22.62,1862398
2018-01-19,22.46,22.5,21.7,22,2141529
2018-01-22,22,22.34,21.58,21.84,1138775
2018-01-23,22.06,22.24,21.62,22.24,1613019
2018-01-24,22.26,22.74,22.14,22.34,840153
2018-01-25,22.34,22.48,22.04,22.3,837297
2018-01-26,22.26,22.46,22.14,22.46,631886
2018-01-29,22.52,22.72,22.14,22.38,1098208
2018-01-30,22.2,22.5,21.84,21.96,1286046
2018-01-31,21.76,22.3,21.76,22.14,892524
2018-02-01,22.12,22.42,21.62,21.62,1103759
2018-02-02,21.7,22.02,21.44,21.58,968581
2018-02-05,21.52,21.58,20.98,21.16,744338
2018-02-06,20.92,21.4,20.7,21.2,756692
2018-02-07,21.3,21.54,21.08,21.36,1418960
2018-02-08,21.36,21.8,21.1,21.58,1173844
2018-02-09,21.3,21.44,21.04,21.1,1014287
2018-02-12,21.38,21.46,21.14,21.4,634276
2018-02-13,21.46,21.86,21.46,21.64,1319457
2018-02-14,21.82,21.9,21.36,21.46,1907743
2018-02-15,21.7,22.58,21.66,22.5,1194821
2018-02-16,22.58,22.88,22.28,22.64,581042
2018-02-19,22.7,23,22.48,22.68,817275
2018-02-20,22.72,22.92,22.5,22.62,934031
2018-02-21,22.62,22.8,21.86,22.34,1579058
2018-02-22,22.4,22.42,21.42,22.04,2792121
2018-02-23,22.1,22.32,21.7,22.08,1603644
2018-02-26,22.3,23.2,22.12,23.12,2495495
2018-02-27,23.22,24.08,22.92,24.08,3228950
2018-02-28,24.14,24.9,22.84,23.2,4502758
2018-03-01,23.2,23.3,22.72,23.04,1310783
2018-03-02,22.94,23.36,22.6,23.3,1149997
2018-03-05,23.3,24.04,23.3,23.94,1468048
2018-03-06,23.94,24.24,23.58,23.76,1604477
2018-03-07,23.68,24.66,23.48,24.44,1174837
2018-03-08,24.3,24.76,24.3,24.66,1107665
2018-03-09,24.72,25.16,24.56,24.84,911908
2018-03-12,25.04,25.16,24.34,24.4,863268
2018-03-13,24.42,25,24.42,24.86,659044
2018-03-14,24.8,24.8,24.3,24.64,821604
2018-03-15,24.62,24.8,24.22,24.46,790071
2018-03-16,24.8,24.86,24.22,24.54,1560614
2018-03-19,24.52,24.52,24.02,24.14,2003849
2018-03-20,24.2,24.7,23.7,24.52,1139807
2018-03-21,24.62,24.9,24.48,24.8,1517374
2018-03-22,24.86,25.4,24.84,25.3,1273756
2018-03-23,25.34,25.56,24.8,25.32,1541013
2018-03-26,25.5,25.62,24.94,25.06,2212256
2018-03-27,25.36,25.42,25.12,25.12,1087747
2018-03-28,23.98,24.44,23.7,24.08,1168092
2018-03-29,24.28,24.34,23.58,23.66,1085358
2018-03-30,23.84,23.96,23.58,23.88,275054
2018-04-02,23.9,23.98,23.54,23.6,346372
2018-04-03,23.82,24.2,23.68,24,967163
2018-04-04,23.96,24.1,23.74,24.06,2042976
2018-04-05,24.18,24.18,23.82,23.96,694481
2018-04-06,23.86,24.34,23.6,24.32,959569
2018-04-09,24.74,24.74,23.8,24.06,808953
2018-04-10,24.08,24.2,23.66,24.12,912585
2018-04-11,24,24.46,23.12,24.4,1541439
2018-04-12,24.26,24.4,24.04,24.32,764026
2018-04-13,24.32,25.1,24.24,25.08,875845
2018-04-16,25.08,25.08,24.36,24.6,832923
2018-04-17,24.6,25.36,23.94,25.1,2864514
2018-04-18,25,25.8,24.78,24.94,1996531
2018-04-19,24.94,25.8,24.94,25.56,937805
2018-04-20,25.58,26,25.24,26,980144
2018-04-24,25.9,25.9,24.5,24.52,1442902
2018-04-25,24.88,24.88,23.94,24.22,1100015
2018-04-26,24.18,24.68,23.88,24.16,1039210
2018-04-27,24.24,24.24,23.62,23.62,635600
2018-04-30,23.22,23.46,21.22,21.78,2069227
2018-05-02,21.96,22.96,20.46,22.6,2541377
2018-05-03,22.6,23.26,21.3,23.1,3024194
2018-05-04,23.1,23.24,21.96,22.06,1391038
2018-05-07,22.06,22.06,20.56,20.88,1608143
2018-05-08,20.9,21.46,20.52,21.14,1283974
2018-05-09,21.14,21.56,20.76,21.16,881298
2018-05-10,21.26,22.2,21,22.12,1053481
2018-05-11,22.02,22.72,21.84,22.58,1532959
2018-05-14,22.48,22.86,21.92,22.34,813131
2018-05-15,22.1,22.16,21.16,22,1076359
2018-05-16,22,22.12,20.92,20.94,1585109
2018-05-17,20.88,21.92,20.88,21.84,1158530
2018-05-18,21.84,22.18,21.32,21.44,622852
2018-05-21,21.44,21.44,20.92,21.08,853752
2018-05-22,21.18,21.52,20.98,21.36,643904
2018-05-23,21.22,21.5,20.5,20.84,1370039
2018-05-24,21.32,21.46,20.66,20.88,794610
2018-05-25,20.84,21.76,20.26,21.58,1585534
2018-05-28,21.9,22.46,21.84,22.42,463478
2018-05-29,22.54,22.58,22.02,22.06,792233
2018-05-30,22,22.26,21.7,21.8,1635715
2018-05-31,22.02,22.72,21.58,21.94,2857360
2018-06-01,21.94,22.42,21.64,22.28,1051747
2018-06-04,22.3,22.6,22.02,22.5,783918
2018-06-05,22.5,22.62,21.76,22.14,668984
2018-06-06,22.3,22.48,21.5,22.42,861211
2018-06-07,22.48,23,22.16,22.52,901353
2018-06-08,22.4,22.4,21.32,22.28,1550949
2018-06-11,22.16,22.8,21.58,22.64,1842824
2018-06-12,22.56,22.56,21.88,22.08,1263829
2018-06-13,21.96,22.6,21.82,22.5,994850
2018-06-14,22.4,23,21.9,22.62,1205420
2018-06-18,22.52,23.34,22.36,23.22,814802
2018-06-19,23.08,23.08,22.16,22.56,1166971
2018-06-20,22.48,23.22,22.2,22.86,634297
2018-06-21,22.86,23.08,22.7,22.78,919103
2018-06-22,22.92,23.12,22.74,23,398865
2018-06-25,23.04,23.48,21.8,22.64,1878913
2018-06-26,22.72,22.74,22.14,22.2,615483
2018-06-27,22.28,22.36,22,22,832496
2018-06-28,22,22.32,21.94,22,890291
2018-06-29,22.1,22.48,21.92,22.44,1063921
2018-07-02,22.42,22.42,22,22.2,436243
2018-07-03,22.2,22.48,22.08,22.18,428143
2018-07-04,22.18,22.3,21.92,22,987285
2018-07-05,22.06,22.48,22,22.46,1070690
2018-07-06,22.5,22.88,22.22,22.48,864741
2018-07-09,22.7,22.82,22.22,22.48,1594117
2018-07-10,22.24,23.3,22.24,23.3,1582458
2018-07-11,18.64,24.58,18.64,24,1886966
2018-07-12,23.9,23.9,22.1,23.28,2250214
2018-07-13,23.48,24.9,23.3,24.2,1577595
2018-07-16,24.22,24.78,24.2,24.78,1323089
2018-07-17,24.82,26.14,24.82,25.88,1897426
2018-07-18,25.98,26,24.82,25.5,1469975
2018-07-19,25.7,27.48,25.7,27.2,2305666
2018-07-20,27.58,28.96,26.14,26.44,2239260
2018-07-23,26.8,27,26.5,26.74,1074185
2018-07-24,26.84,28.46,26.84,27.8,2596931
2018-07-25,28.04,28.24,27.26,27.76,1375375
2018-07-26,27.94,28.58,27.34,27.9,1442235
2018-07-27,28.54,32.28,28.54,30.6,5836522
2018-07-30,30.6,30.76,29.28,30.1,3252758
2018-07-31,29.76,29.92,28.38,29.02,2596241
2018-08-01,29.1,29.36,26.78,26.96,3110283
2018-08-02,26.78,26.78,25.6,25.74,4236396
2018-08-03,25.72,27.3,25.68,26.52,2771201
2018-08-06,26.52,26.7,25.2,25.52,2197605
2018-08-07,25.8,27.78,25.74,27.58,3675510
2018-08-08,27.8,28.82,27.1,27.4,3181239
2018-08-09,27.06,28,26.68,27.5,2948751
2018-08-10,27.14,29.3,26,29.16,4078986
2018-08-13,28.9,28.9,26.32,26.9,5737415
2018-08-14,27.22,27.9,26.52,27.12,5664326
2018-08-15,27.8,27.8,26.46,26.9,2321982
2018-08-16,27.44,27.44,24.6,24.82,2016702
2018-08-17,24.78,26.5,24.42,25.44,3022304
2018-08-20,26.26,27.16,26.26,27.16,709961
2018-08-27,27.3,28.1,27.06,27.34,1903639
2018-08-28,27.3,29.44,27.3,29.18,2000335
2018-08-29,29.16,31.2,28.86,31.1,1934262
2018-08-31,31.1,33.4,29.6,32.96,3045928
2018-09-03,32.96,33.38,31.9,31.9,1672937
2018-09-04,32.06,32.96,31.3,31.74,1499509
2018-09-05,31.7,32.22,30.5,30.58,1590591
2018-09-06,30.6,31.2,29.8,30.5,1612311
2018-09-07,30.78,31.56,30.52,30.9,1275408
2018-09-10,30.94,31.4,30.14,30.2,1189731
2018-09-11,30.2,31.2,30,30.86,1071433
2018-09-12,31,31.96,30.86,31.14,1011202
2018-09-13,31.28,31.6,30.08,30.08,1725284
2018-09-14,30.38,31.34,30.32,30.96,1267280
2018-09-17,31.48,31.8,30.5,30.5,1019296
2018-09-18,30.8,31.12,30.24,30.4,1613587
2018-09-19,30.72,31.02,30,30.48,2075454
2018-09-20,30.68,30.68,29.96,30.34,862913
2018-09-21,30.34,30.78,30.18,30.52,1827423
2018-09-24,30.56,31.44,30.42,31.44,1217005
2018-09-25,31.44,32.24,31.44,31.9,1486940
2018-09-26,31.98,32.12,31.08,31.34,644931
2018-09-27,31.32,31.68,30.6,30.66,1369639
2018-09-28,30.72,31.28,30.18,31.28,1246033
2018-10-01,31.38,31.38,30.3,30.3,804098
2018-10-02,30.76,32.12,30.46,32.02,1815560
2018-10-03,32.04,32.08,30.64,30.94,921910
2018-10-04,30.96,31.42,30.3,30.62,914671
2018-10-05,30.72,30.76,29.34,30,1155333
2018-10-08,29.74,29.74,29.06,29.48,839537
2018-10-09,29.64,30.2,29.22,29.76,869684
2018-10-10,29.8,29.88,28.2,28.6,1308567
2018-10-11,28.32,28.32,27.2,27.34,1518183
2018-10-12,27.52,28.12,27.06,27.76,1163575
2018-10-15,28.04,28.32,27.86,28.06,800418
2018-10-16,28.18,29.38,27.74,28.76,1484363
2018-10-17,28.8,29,27.68,28.4,1412154
2018-10-18,28.4,28.98,28.02,28.5,950782
2018-10-19,28.68,28.7,27,27,2008627
2018-10-22,27.36,28.38,27.32,27.84,1464411
2018-10-23,27.84,28.1,27.04,27.3,1061968
2018-10-24,27.48,28.18,26.8,26.8,1215032
2018-10-25,26.78,27.82,26.72,27.6,1197353
2018-10-26,27.62,28.2,26.76,27.2,2024372
2018-10-30,27,27.22,24.5,24.54,3269285
2018-10-31,24.74,24.74,22.94,23.26,2599339
2018-11-01,23.3,24.42,22.78,23.52,2209971
2018-11-02,23.7,23.8,23.1,23.5,1877937
2018-11-05,23.5,23.82,22.3,23.64,4120791
2018-11-06,23.68,24,23.46,23.84,2163263
2018-11-07,23.9,24.24,23.74,24.02,1831338
2018-11-08,24.2,24.2,22.98,23.22,2170728
2018-11-09,23.1,23.16,22.34,22.58,2235838
2018-11-12,22.78,22.9,22.46,22.5,1080502
2018-11-13,22.5,23.82,22.46,23.62,2273612
2018-11-14,23.64,24.06,23.26,23.84,1540814
2018-11-15,23.98,24.02,23.12,23.52,1085817
2018-11-16,23.7,24.8,23.48,24.8,2785717
2018-11-19,24.8,26.24,24.76,26.06,2603502
2018-11-20,26,26,24.38,24.52,1781914
2018-11-21,24.62,25,23.64,23.92,1376804
2018-11-22,24,24.62,23.92,24.2,1163546
2018-11-23,24.3,24.44,23.62,23.7,1073520
2018-11-26,23.9,24.38,23.88,23.88,985424
2018-11-27,23.98,24.04,22.84,23.56,2005101
2018-11-28,23.6,23.8,23.26,23.3,991692
2018-11-29,23.44,23.6,23.06,23.2,1332202
2018-11-30,23.32,23.54,23.06,23.44,1714560
2018-12-03,23.6,23.72,22.38,22.38,2675125
2018-12-04,22.4,22.86,22.1,22.86,1845073
2018-12-05,22.86,23.6,22.66,23.6,1548135
2018-12-06,23.6,23.6,22.8,23.42,1106282
2018-12-07,23.4,23.42,22.56,22.64,1966433
2018-12-10,22.64,22.88,22.26,22.26,1181796
2018-12-11,22.36,22.38,21.08,21.2,3791702
2018-12-12,21.3,21.72,20.7,20.86,2050845
2018-12-13,20.9,21.8,20.9,21.8,1811312
2018-12-14,22,22.02,21.14,21.92,1649225
2018-12-17,22,22.34,21.5,22,1151388
2018-12-18,21.88,22.36,21.66,22.26,1508141
2018-12-19,22.4,22.84,22.24,22.66,1798784
2018-12-20,22.8,23.1,22.2,23.08,1703448
2018-12-21,22.92,23.14,22.66,23.04,2128703
2018-12-24,23.12,23.28,22.72,22.72,704103
2018-12-25,22.72,22.8,22.14,22.14,231512
2018-12-26,22.26,22.52,22.16,22.28,186978
2018-12-27,22.4,23.78,22.36,23.78,2555895
2018-12-28,23.78,24.24,23.3,23.5,1615785
2018-12-31,23.66,23.92,23.34,23.92,533298
2019-01-02,23.82,24.62,23.54,24.1,2166694
2019-01-03,23.82,23.94,22.7,22.9,1526792
2019-01-04,23.1,23.28,22.36,22.44,1742420
2019-01-07,22.68,23.22,22.58,22.66,1693921
2019-01-08,22.86,23.96,22.7,23.9,3196485
2019-01-09,23.92,24.88,23.88,24.36,2278003
2019-01-10,24.36,24.74,23.7,23.88,2670711
2019-01-11,24,24.14,23.7,24.06,1303920
2019-01-14,23.9,24.74,23.64,24.74,1380863
2019-01-15,24.8,25.68,24.8,25.68,1871635
2019-01-16,25.72,25.72,24.92,25.7,2098191
2019-01-17,25.74,25.8,25.12,25.36,1486300
2019-01-18,25.54,25.54,24.44,24.84,1928286
2019-01-21,24.88,25.8,24.6,25.26,1050935
2019-01-22,25.32,25.9,25.24,25.5,857494
2019-01-23,25.5,25.9,25.34,25.6,1633106
2019-01-24,25.66,27.16,25.62,27.04,3023999
2019-01-25,27.02,27.56,26.6,26.84,1307960
2019-01-28,26.94,27.58,26.88,27,870143
2019-01-29,26.98,27.6,26.68,27.6,1112335
2019-01-30,27.72,27.88,27,27.36,1544997
2019-01-31,27.52,28.74,27.52,27.88,1535151
2019-02-01,27.88,28.42,27.58,27.86,731260
2019-02-04,27.86,28.36,27.56,28,1217836
2019-02-05,28.1,28.68,28,28.36,659098
2019-02-06,28.36,28.74,28.04,28.62,457544
2019-02-07,28.8,28.94,27.74,28,836459
2019-02-08,27.96,28.46,27.72,28.44,372080
2019-02-11,28.7,29.18,27.96,28.46,1562535
2019-02-12,28.46,28.54,28.02,28.14,1095689
2019-02-13,28.28,28.54,27.92,28.06,1129273
2019-02-14,28.38,28.7,26.86,26.92,3214079
2019-02-15,27.04,27.42,26,27.3,1629597
2019-02-18,27.24,27.42,26.9,27.12,1158038
2019-02-19,27.1,27.42,26.78,27.18,783219
2019-02-20,27.1,28.1,27.02,27.48,968474
2019-02-21,27.5,28,27.32,27.78,594988
2019-02-22,27.78,28.7,27.4,28.14,871513
2019-02-25,28.3,29.18,28.24,28.52,1253641
2019-02-26,28.8,28.8,27.5,27.8,1057239
2019-02-27,27.8,28.14,27.02,27.14,965325
2019-02-28,27.14,28.08,27.14,27.82,1640053
2019-03-01,27.82,27.82,27.36,27.36,1400603
2019-03-04,27.38,27.5,26.62,26.7,1481990
2019-03-05,26.62,26.84,26.32,26.4,1587497
2019-03-06,26.44,26.76,26.08,26.6,1576626
2019-03-07,26.6,26.62,24.98,24.98,2255295
2019-03-08,24.72,24.84,23.7,24.44,1663766
2019-03-11,24.58,25.06,24.54,24.88,1261698
2019-03-12,25,25.56,24.66,25.38,2093333
2019-03-13,25.42,25.68,25.08,25.68,765253
2019-03-14,25.66,25.96,25.22,25.46,894204
2019-03-15,25.6,25.8,25.34,25.62,1163571
2019-03-18,25.7,26.36,25.7,25.96,1132115
2019-03-19,26.16,26.28,25.56,25.86,1111863
2019-03-20,23.86,23.96,23.26,23.36,1021440
2019-03-21,23.42,23.64,22.8,23.34,1320073
2019-03-22,23.34,24.1,23.24,23.74,1865617
2019-03-25,23.74,25.22,23.6,24.86,1636921
2019-03-26,24.9,25.34,24.04,24.58,1857896
2019-03-27,24.44,24.8,22.52,23.5,3018798
2019-03-28,23.52,24.38,22.8,22.8,2569848
2019-03-29,22.8,23.6,22.32,23.34,2312946
2019-04-01,23.46,24.78,23.4,24.7,1372121
2019-04-02,24.84,25.6,24.64,24.96,1356995
2019-04-03,25.44,25.44,24.56,24.74,694622
2019-04-04,24.74,25.42,24.54,25.42,1293765
2019-04-05,25.58,26.54,25.58,26.36,1816504
2019-04-08,27,27,25.14,25.18,1605578
2019-04-09,25.4,26.18,25.06,25.44,1447176
2019-04-10,25.44,25.72,24.38,24.38,1113107
2019-04-11,24.58,24.86,24,24.04,1226948
2019-04-12,24,24.66,23.9,24.14,1059517
2019-04-15,24.14,24.66,23.74,23.74,1247159
2019-04-16,23.98,24.2,23.78,24,1658756
2019-04-17,24.22,24.26,23.86,24.24,1022125
2019-04-18,24.26,24.5,24.04,24.1,701725
2019-04-19,24.12,24.3,24.04,24.22,116795
2019-04-22,24.22,24.44,23.92,24.06,281142
2019-04-24,24,24.02,23.36,23.54,2588907
2019-04-25,23.54,23.86,23.44,23.86,1325038
2019-04-26,23.88,24.68,23.52,24.36,1541667
2019-04-29,24.36,25.76,24.24,24.72,1777898
2019-04-30,24.58,25.4,24.38,25.3,1918926
2019-05-02,25.28,25.8,24.82,25,1626473
2019-05-03,25,25.18,24.46,24.66,1138191
2019-05-06,24.52,25,24.24,24.78,1455475
2019-05-07,24.22,25.04,24.22,24.6,1544022
2019-05-08,24.7,24.72,24.16,24.22,1065190
2019-05-09,24.36,24.72,24.04,24.44,1191904
2019-05-10,24.34,24.44,23.3,23.48,1294582
2019-05-13,23.5,23.64,22.9,23.6,1239347
2019-05-14,23.8,24.32,23.74,23.9,1536882
2019-05-15,23.9,23.96,22.82,22.86,1366927
2019-05-16,22.98,23.4,22.98,23.16,1249282
2019-05-17,23.1,23.2,22.82,22.86,967886
2019-05-20,22.9,24,22.9,23.58,1205407
2019-05-21,23.58,23.92,22.54,22.94,1204777
2019-05-22,22.78,22.86,22.26,22.54,802919
2019-05-23,22.6,23.38,22.1,22.74,1438882
2019-05-24,22.74,23.24,22.64,23.06,1578902
2019-05-27,23.18,23.64,23.06,23.3,854647
2019-05-28,23.44,23.94,23.14,23.62,2647826
2019-05-29,23.68,24.82,23.58,24.44,1793301
2019-05-30,24.5,24.9,24.34,24.78,1037349
2019-05-31,24.78,25.44,24.44,25.44,907245
2019-06-03,25.46,25.9,25.12,25.58,307119
2019-06-07,25.54,26.36,25.1,26.34,1213324
2019-06-10,26.36,26.7,26.12,26.3,894510
2019-06-11,26.3,26.7,25.72,25.82,868596
2019-06-12,25.88,26.44,25.52,26.08,772264
2019-06-13,26,26.44,25.42,25.62,850216
2019-06-14,25.74,26.46,25.22,26.46,1046163
2019-06-17,26.46,26.54,25.82,26.4,1109562
2019-06-18,26.6,27,26.08,27,951937
2019-06-19,27.04,27.06,26.14,26.3,867921
2019-06-20,26.5,27.04,25.7,25.7,1177543
2019-06-21,25.74,26.7,25.68,26.7,1518311
2019-06-24,26.76,27.2,25.3,25.3,2057488
2019-06-25,25.4,25.98,25.3,25.52,1394323
2019-06-26,25.7,26.42,25.52,26,1265326
2019-06-27,26.22,26.96,26.08,26.96,1209599
2019-06-28,26.98,27.68,26.62,27,1262323
2019-07-01,27.4,27.42,26.22,26.3,1167509
2019-07-02,26.48,26.62,26.02,26.1,843159
2019-07-03,26.16,26.3,25.74,25.94,571481
2019-07-04,26.08,26.22,25.56,25.6,725068
2019-07-05,25.7,25.94,24.82,24.88,1125055
2019-07-08,24.6,24.84,24.44,24.52,674119
2019-07-09,24.62,24.68,24.14,24.22,809358
2019-07-10,24.22,25.02,24.02,25.02,959234
2019-07-11,25.2,25.34,24.94,25.32,884740
2019-07-12,25.32,25.36,24.12,24.3,921578
2019-07-16,24.5,25.28,24.5,25.12,830374
2019-07-17,25.22,25.54,24.88,24.96,877588
2019-07-18,24.96,25.86,24.86,25.78,973625
2019-07-19,25.9,26.16,25.62,25.76,760412
2019-07-22,25.72,25.88,25.4,25.6,457438
2019-07-23,25.62,26,25.4,25.92,568102
2019-07-24,26.22,26.56,25.84,25.92,1314337
2019-07-25,25.94,26.1,24.82,25,1622389
2019-07-26,25.1,25.1,24.56,24.76,942696
2019-07-29,24.8,24.82,24.2,24.42,1089075
2019-07-30,24.5,24.94,24.36,24.66,1567476
2019-07-31,24.98,25.4,24.7,25.1,1954149
2019-08-01,24.98,26.04,24.84,25.64,1182855
2019-08-02,25.6,25.78,25.1,25.1,620664
2019-08-05,25,25.46,24.86,24.86,462120
2019-08-06,25.04,25.7,24.82,25.06,950248
2019-08-07,25.28,25.3,24.4,24.5,1269935
2019-08-08,24.62,25.12,24.4,24.56,1499255
2019-08-09,24.62,24.92,24.48,24.74,791104
2019-08-15,24.7,25.3,23.78,23.84,2083084
2019-08-16,24,24.02,23.12,23.36,1409971
2019-08-19,23.32,23.52,22.36,22.46,1132154
2019-08-20,22.58,23.42,22.46,22.98,1204793
2019-08-21,23,23.26,22.38,23,2409085
2019-08-22,23.1,23.2,22.64,23,1198261
2019-08-23,23,23.28,22.78,23.06,1124791
2019-08-26,22.76,23.04,22.62,22.84,839361
2019-08-27,22.9,23.3,22.84,23.06,1837440
2019-08-28,23.06,23.2,22.62,22.84,1396281
2019-08-29,22.9,23.94,22.78,23.6,1899303
2019-09-02,23.7,23.98,23.36,23.92,1077780
2019-09-03,23.7,24.14,23.58,23.78,916276
2019-09-04,23.94,23.96,23.52,23.66,1343584
2019-09-05,23.68,23.82,23.34,23.34,868768
2019-09-06,23.36,23.64,23,23.42,1020145
2019-09-09,23.4,24.12,23.4,24.12,1566096
2019-09-10,24.2,24.36,23.96,24,1327692
2019-09-11,24.04,24.08,23.54,23.66,1526776
2019-09-12,23.8,23.84,23.36,23.44,1403272
2019-09-13,23.44,23.68,23.4,23.52,865235
2019-09-16,23.5,23.62,23.04,23.28,1151512
2019-09-17,23.18,23.64,23.18,23.58,1062548
2019-09-18,23.64,23.88,23.26,23.88,1464862
2019-09-19,23.9,23.9,23.26,23.44,1063327
2019-09-20,23.54,23.6,23.34,23.38,1595024
2019-09-23,23.38,23.56,22.9,23.04,848524
2019-09-24,23.28,23.42,22.94,22.94,1132641
2019-09-25,22.94,22.96,22.56,22.7,1546272
2019-09-26,22.72,22.94,22.56,22.68,1378821
2019-09-27,22.72,23.04,22.68,22.86,2101113
2019-09-30,23,23.92,22.94,23.6,2557191
2019-10-01,23.72,24.42,23.68,23.88,3138252
2019-10-02,24.02,24.7,23.88,24.36,3410625
2019-10-03,24.46,24.98,24,24.5,3736689
2019-10-04,24.52,24.88,23.72,23.8,2868879
2019-10-07,23.7,23.98,23.24,23.76,2150327
2019-10-08,23.6,24.22,23.48,23.88,3111860
2019-10-09,24,24.08,23.84,23.94,1476530
2019-10-10,24.04,24.56,23.92,24.32,2957074
2019-10-11,24.32,24.94,24.12,24.84,2536906
2019-10-14,24.4,25.3,24,24.14,3348481
2019-10-15,24.3,24.82,23.56,23.72,3415792
2019-10-16,23.6,23.74,23.02,23.48,2187692
2019-10-17,23.54,23.6,23.14,23.54,3623138
2019-10-18,24.18,24.58,23.82,24.34,3414868
2019-10-21,24.5,24.7,24.18,24.26,803650
2019-10-22,24.4,24.56,24.26,24.34,1238487
2019-10-23,24.6,24.8,24.32,24.5,1744266
2019-10-24,24.66,25.02,24.58,24.94,1931243
2019-10-25,25.1,25.12,24.26,24.34,1782242
2019-10-28,24.38,25.62,24.38,25.16,1508708
2019-10-30,25.12,25.84,24.7,25.4,3380432
2019-10-31,25.52,26.52,25.52,26.08,2423845
2019-11-01,26.16,26.2,25.4,25.5,1576242
2019-11-04,25.64,26.06,25.52,26,886431
2019-11-05,26.16,26.74,25.74,26.74,2271701
2019-11-06,26.86,27.62,26.54,27.38,3643043
2019-11-07,27.4,27.88,27.32,27.56,2208188
2019-11-08,27.7,27.72,27.16,27.44,1405214
2019-11-11,27.44,28.14,26.88,27.8,1596547
2019-11-12,27.84,27.98,27.26,27.56,1756426
2019-11-13,27.54,27.84,26.94,27.6,1803979
2019-11-14,27.5,27.7,26.86,27.22,1218693
2019-11-15,27.48,27.62,27.16,27.5,1514022
2019-11-18,27.58,27.78,27.5,27.7,1150191
2019-11-19,27.72,28.52,27.62,28.48,2614302
2019-11-20,28.48,28.48,27.98,28,1824427
2019-11-21,28,28.5,27.88,28.22,1539599
2019-11-22,28.32,28.32,27.52,27.66,1326697
2019-11-25,27.72,28.12,27.48,27.88,1489180
2019-11-26,28,28.04,27.5,27.82,2322173
2019-11-27,27.82,28.16,27.32,27.32,1652485
2019-11-28,27.3,27.46,26.76,27.06,2117183
2019-11-29,27.28,27.28,26.84,26.9,933367
2019-12-02,27.1,27.24,26.88,27.1,1450337
2019-12-03,27.1,27.94,26.88,27.54,1716047
2019-12-04,27.56,27.9,27.32,27.7,1728702
2019-12-05,27.76,27.8,27.2,27.2,1810501
2019-12-06,27.32,27.48,27.08,27.46,936279
2019-12-09,27.42,27.42,26.88,27.36,1403111
2019-12-10,27.36,27.54,27.06,27.2,1751006
2019-12-11,27.2,27.4,27.1,27.24,624486
2019-12-12,27.42,28,27.2,27.72,1903139
2019-12-13,28,28.28,27.12,27.26,2052244
2019-12-16,27.26,27.58,27.02,27.42,1044474
2019-12-17,27.52,27.96,27.42,27.82,1145455
2019-12-18,27.74,28.8,27.54,28.74,2951468
2019-12-19,28.84,29.08,28.56,28.56,1611174
2019-12-20,28.68,29.34,28.66,29.16,2443578
2019-12-23,29.24,29.66,29.2,29.22,1618920
2019-12-24,29.4,29.48,29.28,29.46,988318
2019-12-25,29.5,29.5,29.26,29.26,498988
2019-12-26,29.28,30.5,29.24,29.74,4446973
2019-12-27,30,30.06,29.3,29.36,1482687
2019-12-30,29.38,29.76,29,29.64,1438902
2019-12-31,29.64,29.76,29.18,29.18,724333
2020-01-02,29.28,29.4,29.08,29.26,1013695
2020-01-03,29.2,29.4,28.7,28.96,1418602
2020-01-06,28.5,28.74,27.9,28.1,1065679
2020-01-07,28.5,29.2,28.32,29.04,2141997
2020-01-08,28.74,28.92,28.02,28.58,1228513
2020-01-09,28.96,29.4,28.9,29.24,3159559
2020-01-10,29.24,29.44,29.14,29.4,2435556
2020-01-13,29.6,29.68,29.4,29.52,3011835
2020-01-14,29.5,29.56,29.18,29.2,2074141
2020-01-15,29.38,29.72,29.16,29.7,2076781
2020-01-16,29.92,29.94,28.8,28.88,3939921
2020-01-17,29.1,29.22,28.8,28.88,1663676
2020-01-20,28.92,29.24,28.76,28.82,1131628
2020-01-21,28.76,29.04,28.62,29,1186388
2020-01-22,29.1,29.16,28.74,28.82,1335194
2020-01-23,28.8,29.16,28.4,29,1827461
2020-01-24,29.14,29.26,28.58,28.6,1619283
2020-01-27,28.26,28.38,27.22,27.26,3104896
2020-01-28,27.3,27.56,26.7,26.8,2512658
2020-01-29,27.04,27.38,26.84,26.88,1897433
2020-01-30,26.8,27.06,26.58,26.96,1751560
2020-01-31,27.02,27.32,26.58,27.24,2149061
2020-02-03,27.32,27.38,26.74,26.8,1919554
2020-02-04,27,27.66,26.9,27.66,3040469
2020-02-05,27.66,28,27.44,27.56,2503011
2020-02-06,27.72,28.26,27.58,27.68,2602387
2020-02-07,27.72,27.86,27.26,27.26,2206706
2020-02-10,27.2,27.96,26.18,26.8,4198631
2020-02-11,27.36,27.4,26.6,26.96,3391866
2020-02-12,26.94,27.4,26.64,26.96,3058594
2020-02-13,26.96,27.14,26.62,26.64,2539432
2020-02-14,26.8,26.8,26.26,26.3,2538644
2020-02-17,26.36,26.88,26.36,26.82,2317032
2020-02-18,26.78,26.82,26,26.04,2440510
2020-02-19,26.1,26.36,25.96,26.1,2002786
2020-02-20,26.12,26.12,24.98,25,2732833
2020-02-21,25,25.22,24.64,24.88,2234998
2020-02-24,24.56,24.56,23.84,24.08,2605762
2020-02-25,24.2,24.4,23.6,23.6,2888374
2020-02-26,23.5,23.74,23.06,23.16,3699982
2020-02-27,22.9,22.9,22.1,22.12,3637777
2020-02-28,19.5,21.28,18.94,20.36,3740447
2020-03-02,20.96,21.1,19.97,20.34,2878844
2020-03-03,20.76,21,20.62,20.8,2396314
2020-03-04,20.8,20.9,20.04,20.12,2991932
2020-03-05,20.4,20.5,19.67,19.75,3397670
2020-03-06,19.72,19.72,18.85,19.24,3052817
2020-03-09,18.89,18.89,18,18.32,2255037
2020-03-10,18.61,18.95,17.9,17.9,2253190
2020-03-11,17.7,18.02,17.18,17.81,2055632
2020-03-12,17.48,17.48,16.39,16.64,2334370
2020-03-13,16.65,18.15,16.65,17.09,4214714
2020-03-16,16.5,17.3,15.95,16.11,3361595
2020-03-17,16.27,16.39,14.69,16.26,2847897
2020-03-18,16.14,16.4,15.6,15.77,2242463
2020-03-19,15.55,15.73,14.84,14.85,2712403
2020-03-20,15.11,15.39,14.92,15.18,1697803
2020-03-23,14.1,14.67,14.05,14.22,1886298
2020-03-24,14.85,15.64,14.59,15.64,2357990
2020-03-25,15.22,16.01,14.99,16.01,2511143
2020-03-26,16.3,17.61,16.3,17.61,3947802
2020-03-27,18.28,19.15,16.47,16.47,5472658
2020-03-30,16.4,16.4,14.94,15.6,3258892
2020-03-31,15.92,17.09,15.91,16.56,4443561
2020-04-01,16.1,18.02,16,16.6,4685865
2020-04-02,17,17.11,16.11,16.27,2097694
2020-04-03,16.29,16.32,16,16.12,1687517
2020-04-06,16.58,17.13,16.46,17.03,3004611
2020-04-07,17.31,18.73,16.98,16.98,9602824
2020-04-08,16.98,17.31,16.86,17.13,5366743
2020-04-09,17.28,18.47,17.28,17.81,9878445
2020-04-10,17.96,18.55,17.82,18.36,4960829
2020-04-13,18.1,19.63,18.04,19.55,7166865
2020-04-14,20.2,21.5,20.2,21.5,9981726
2020-04-15,22.38,23,19.35,20.12,17988381
2020-04-16,20.28,20.88,18.7,19.09,7752979
2020-04-17,20,20.24,19.39,20.1,4978107
2020-04-20,20.1,20.26,19.64,19.86,3449848
2020-04-21,19.73,19.73,19.12,19.15,4615823
2020-04-22,19.19,19.55,18.85,18.96,4170265
2020-04-24,18.64,18.64,18.05,18.07,5240606
2020-04-27,18.26,19.15,18.21,18.71,10352950
2020-04-28,18.96,18.96,18.04,18.06,7889148
2020-04-29,18.07,18.19,17.57,17.91,4930164
2020-04-30,18.06,18.53,17.78,18.2,7187658
2020-05-04,18.08,18.08,17.74,17.86,3608412
2020-05-05,18.01,18.09,17.75,17.8,2831975
2020-05-06,17.85,17.88,17.58,17.58,3006025
2020-05-07,17.6,17.8,17.17,17.59,3088345
2020-05-08,18.06,18.26,17.25,17.3,9600108
2020-05-11,17.4,17.48,17.07,17.08,3644048
2020-05-12,17.08,17.1,16.81,17.04,4117788
2020-05-13,17.08,17.48,17.08,17.2,4994385
2020-05-14,17.2,17.29,16.94,17,3616383
2020-05-15,17.2,17.3,17.05,17.05,2918757
2020-05-18,17.3,18.47,17.3,18.23,12999960
2020-05-20,18.5,18.87,18.28,18.48,10525590
2020-05-21,18.52,18.79,18.27,18.4,4840649
2020-05-22,18.39,18.72,18.18,18.71,6264652
2020-05-27,19.5,20.58,19.43,20.58,17551770
2020-05-28,21,22.2,20,20.4,19864000
2020-05-29,20.5,20.62,19.65,20.3,7594689
2020-06-01,20.8,21.1,20.5,20.68,5113700
2020-06-02,20.7,20.9,20.4,20.56,4652058
2020-06-03,20.7,20.76,20.34,20.4,3193464
2020-06-04,20.48,20.68,20.1,20.18,5300557
2020-06-05,20.3,20.4,20.2,20.2,3348797
2020-06-08,20.32,20.56,19.95,20.02,4547495
2020-06-09,20.06,20.22,19.89,19.99,4120827
2020-06-10,20,20.18,19.96,20.04,3507607
2020-06-11,19.98,20.04,19.48,19.5,4647569
2020-06-12,19.19,19.63,18.94,19.54,6549761
2020-06-15,19.37,19.37,19.09,19.09,4063422
2020-06-16,19.3,19.52,19.19,19.31,4398494
2020-06-17,19.33,19.39,19.04,19.05,3878968
2020-06-18,19.05,19.64,19.05,19.27,7883701
2020-06-19,19.47,19.88,19.23,19.27,8697355
2020-06-22,19.5,19.66,19.45,19.56,5463635
2020-06-23,19.75,19.83,19.48,19.53,3354845
2020-06-24,19.54,19.56,19.06,19.1,4691536
2020-06-25,19.09,19.09,18.76,18.95,3383686
2020-06-26,19.25,19.32,19.02,19.09,2223685
2020-06-29,19.12,19.18,18.95,19.08,2800600
2020-06-30,19.11,19.44,19.07,19.37,8539901
2020-07-01,19.5,19.6,18.98,18.99,6719402
2020-07-02,19.06,19.27,18.95,19.1,5229280
2020-07-03,19.13,19.18,18.63,18.65,6966823
2020-07-06,18.8,18.88,18.47,18.53,5553224
2020-07-07,18.53,18.55,18.07,18.12,6224866
2020-07-08,18.11,18.11,17.68,17.68,5379898
2020-07-09,17.69,18.29,17.37,17.37,14019760
2020-07-10,17.39,17.42,16.76,17.05,10516230
2020-07-13,17.24,17.51,17.16,17.5,7746202
2020-07-14,17.5,17.93,17.32,17.61,9259383
2020-07-16,18.16,18.29,17.67,17.76,7975067
2020-07-17,17.8,17.8,17.55,17.64,3094709
2020-07-20,17.57,17.57,17.31,17.33,3640497
2020-07-21,17.42,17.5,16.95,17.13,5742058
2020-07-22,17.25,17.26,16.97,17.01,4011292
2020-07-23,17.2,17.85,17.04,17.71,10674630
2020-07-24,17.61,18.07,17.48,17.92,12518910
2020-07-27,17.93,18.57,17.67,18.04,15459590
2020-07-28,18.08,18.1,17,17,8823637
2020-07-29,17.03,17.11,16.32,16.46,8622801
2020-07-30,16.52,16.68,16.26,16.6,4838636
2020-08-04,16.98,18,16.75,17.48,25824900
2020-08-05,17.7,18.1,17.02,17.7,18740221
2020-08-06,17.69,17.85,16.95,17.02,10366480
2020-08-07,16.87,17.23,16.03,17.08,9727537
2020-08-10,16.9,17.28,16.45,16.79,7547346
2020-08-11,16.85,18.37,16.85,18.13,32339510
2020-08-12,18.2,18.55,17.62,17.65,17665750
2020-08-13,17.65,17.65,16.81,16.93,8612763
2020-08-14,16.93,17.09,16.74,16.86,5955983
2020-08-17,16.87,16.99,16.51,16.51,4396500
2020-08-18,16.51,16.9,16.45,16.67,4221494
2020-08-19,16.7,17.08,16.63,16.86,4655284
2020-08-20,16.9,16.9,16.68,16.72,3401778
2020-08-21,16.74,16.93,16.5,16.56,5698674
2020-08-24,16.52,16.8,16.5,16.56,3635784
2020-08-25,16.73,16.94,16,16.07,12360440
2020-08-26,16.07,16.14,15.81,15.91,5918063
2020-08-27,16.04,16.3,15.87,15.91,6273414
2020-08-28,16.05,16.05,15.71,15.78,5304328
2020-08-31,15.81,15.81,15,15,21186100
2020-09-01,15.08,15.17,14.87,15.02,9066017
2020-09-02,15.05,15.27,15.03,15.08,8520437
2020-09-03,15.1,15.17,14.7,14.7,7096556
2020-09-04,14.7,15.1,14.64,15.1,7124379
2020-09-07,15.11,15.46,15.08,15.38,10838470
2020-09-08,15.5,15.55,15.03,15.1,6668412
2020-09-09,15.11,15.27,15.01,15.25,9234639
2020-09-10,15.31,15.41,15.18,15.25,6824117
2020-09-11,15.34,16.55,15.3,16.22,41530262
2020-09-14,16.24,16.4,15.95,16,8189238
2020-09-15,16.13,16.14,15.43,15.82,9108195
2020-09-16,15.85,15.92,15.62,15.63,4240056
2020-09-17,14.9,15.8,14.9,15.63,4359452
2020-09-18,15.7,15.76,15.48,15.53,3378523
2020-09-21,15.5,15.56,14.95,15.02,6788912
2020-09-22,15.01,15.22,14.85,15.03,7440635
2020-09-23,15.11,15.31,14.99,15.07,6869549
2020-09-24,14.99,15.14,14.92,15.08,5838528
2020-09-25,15.16,15.26,15.05,15.07,5675560
2020-09-28,15.07,15.45,14.97,15.1,11194460
2020-09-29,15.14,15.46,15.09,15.17,10270780
2020-09-30,15.24,15.41,15.23,15.41,6706969
2020-10-01,15.52,15.8,15.32,15.37,17267439
2020-10-02,15.22,15.56,15.17,15.27,11378430
2020-10-05,15.39,15.5,15.36,15.41,5162707
2020-10-06,15.45,15.52,15.35,15.35,6838290
2020-10-07,15.31,15.38,15.25,15.28,4113093
2020-10-08,15.37,15.46,15.2,15.46,7097512
2020-10-09,15.51,15.57,15.43,15.48,6430057
2020-10-12,15.5,15.6,15.44,15.54,8461790
2020-10-13,15.54,15.55,15.33,15.36,5863123
2020-10-14,15.36,15.47,15.3,15.4,6796783
2020-10-15,15.35,15.41,15.13,15.16,4968994
2020-10-16,15.18,15.38,15.17,15.31,7369081
2020-10-19,15.31,15.5,15.28,15.37,8036542
2020-10-20,15.38,15.44,15.31,15.38,7043814
2020-10-21,15.43,15.54,15.35,15.37,8355275
2020-10-22,15.37,15.4,15.25,15.35,4951904
2020-10-23,15.27,15.34,14.94,15.13,6389106
2020-10-26,15.03,15.05,14.34,14.53,7692534
2020-10-27,14.32,14.57,14.17,14.32,6244873
2020-10-28,14.31,14.31,13.96,14,2186833
2020-10-30,13.9,13.9,13.37,13.79,6749515
2020-11-02,13.78,15.03,13.68,14.4,27439520
2020-11-03,14.44,14.48,13.72,14.15,8206041
2020-11-04,14.16,14.82,14.11,14.63,14832060
2020-11-05,14.63,14.83,14.4,14.59,6572226
2020-11-06,14.53,14.7,14.43,14.5,5545549
2020-11-09,14.64,15.95,14.59,15.95,21713660
2020-11-10,16.4,17.4,16.02,17.11,52329660
2020-11-11,17.32,17.77,16.7,17.1,34380871
2020-11-12,17.13,17.5,16.86,17.2,29437180
2020-11-13,17.2,17.48,17.1,17.24,11217210
2020-11-16,17.25,18.38,17.25,17.94,30674051
2020-11-17,17.94,17.94,17.22,17.27,11398930
2020-11-18,17.25,18.04,17.15,17.78,14935120
2020-11-19,17.88,18.11,17.65,17.85,13214350
2020-11-20,18.2,18.66,18.17,18.44,20082840
2020-11-23,18.5,19.06,18.34,18.75,18223580
2020-11-24,19.06,19.4,18.7,19.39,14766190
2020-11-25,19.48,20.5,19.28,19.93,25677240
2020-11-26,20.5,20.58,20.06,20.32,11291790
2020-11-27,20.32,20.38,19.52,19.95,10900030
2020-11-30,19.5,19.5,18.85,18.99,11730770
2020-12-01,19.02,20.78,19.02,20.4,27777939
2020-12-02,20.26,20.66,19.89,20,17668189
2020-12-03,20.24,20.38,19.81,19.95,9551937
2020-12-04,20.14,20.24,19.8,20.08,7762752
2020-12-07,20.08,21.28,19.93,20.54,22132199
2020-12-08,20.56,20.94,20.36,20.38,7079600
2020-12-09,20.8,20.92,20.46,20.58,5984742
2020-12-10,20.62,21.02,20.16,20.34,9420554
2020-12-11,20.24,20.42,19.48,19.83,23363420
2020-12-14,20,20.18,19.81,19.85,9329655
2020-12-15,19.87,19.91,19.52,19.71,6876783
2020-12-16,19.81,20.46,19.79,19.94,16473240
2020-12-17,20.14,20.52,20,20.26,15578140
2020-12-18,20.28,21.86,20.2,21.28,28493051
2020-12-21,20,20.6,19.66,20.06,19109891
2020-12-22,20.38,21.24,20.32,20.7,15129320
2020-12-23,20.8,21.44,20.32,20.64,13527140
2020-12-24,20.8,21.3,20.6,20.86,14183390
2020-12-25,21.06,21.14,20.68,20.86,4481435
2020-12-28,20.98,21,20.66,20.68,4105297
2020-12-29,20.7,21.26,20.68,20.96,10194270
2020-12-30,21.1,21.56,20.96,21.16,13641600
2020-12-31,21.2,21.38,21.08,21.3,5448387
2021-01-04,21.48,21.52,21.08,21.12,6012893
2021-01-05,20.98,21.26,20.62,21,8721841
2021-01-06,21.14,21.18,20.78,20.88,5467224
2021-01-07,20.96,21.1,20.72,20.88,7393623
2021-01-08,20.96,21.6,20.92,21.3,13124660
2021-01-11,21.3,21.76,20.88,21.28,8756561
2021-01-12,21.36,22.1,21.36,21.94,14536570
2021-01-13,22.3,22.46,21.72,22.18,11017100
2021-01-14,22.6,22.9,22.34,22.74,15558310
2021-01-15,22.58,22.78,22.2,22.4,10489780
2021-01-18,22.4,23.6,21.74,23.4,12525520
2021-01-19,23.78,25.26,23.78,24.5,18504029
2021-01-20,24.68,24.72,23.82,24.38,8199841
2021-01-21,24.74,24.88,23.96,24,7272368
2021-01-22,24.36,24.46,23.74,23.94,6919687
2021-01-25,24.02,24.14,22.98,22.98,6442955
2021-01-26,22.6,22.9,21.68,22.5,15128710
2021-01-27,22.34,22.54,20.86,20.88,11490380
2021-01-28,20.5,21.94,20.12,21.94,15041330
2021-01-29,21.2,21.76,21.16,21.52,5828845
2021-02-01,21.66,21.88,21.18,21.36,9061523
2021-02-02,21.42,21.88,21.4,21.6,5684632
2021-02-03,21.66,21.88,21.44,21.72,5654390
2021-02-04,21.68,22.14,21.5,22.1,7091710
2021-02-05,22.4,22.68,21.8,21.8,7275980
2021-02-08,21.98,22.06,21.54,21.62,4209671
2021-02-09,21.72,22.14,21.52,21.6,6296609
2021-02-10,21.78,21.92,21.46,21.9,4620633
2021-02-11,21.96,22.56,21.86,22.5,11764960
2021-02-12,22.4,22.6,21.86,22.12,7465166
2021-02-15,22.26,23.12,22.26,22.7,15179640
2021-02-16,23.5,23.64,22.24,23.12,17156830
2021-02-17,22.94,23.6,22.6,23.36,13419300
2021-02-18,23.54,23.82,22.82,22.94,10394040
2021-02-19,22.88,23.54,22.54,23.06,10871210
2021-02-22,23.1,24.28,23.08,23.56,20766580
2021-02-23,23.8,24.64,23.14,24.04,22764750
2021-02-24,23.68,24.36,23.52,23.9,12849480
2021-02-25,24.38,24.76,23.94,24.76,17915990
2021-02-26,24,25,23.9,24.94,12949780
2021-03-01,25.8,26.66,25.64,26.4,14939340
2021-03-02,26.4,28.06,26.18,26.74,23480500
2021-03-03,27.02,27.18,26,26,11278530
2021-03-04,25.9,26.74,25.86,26.24,10049360
2021-03-05,25.8,26.1,25.56,25.86,5311423
2021-03-08,25.9,26.06,25.26,25.4,6251333
2021-03-09,25.64,26.3,25.34,25.9,8190049
2021-03-10,25.8,26.18,25.54,26.06,4733487
2021-03-11,26.1,26.3,25.66,25.76,4969442
2021-03-12,25.72,25.8,25.22,25.5,4152529
2021-03-15,25.24,25.74,25.22,25.42,4499711
2021-03-16,25.8,25.92,25.46,25.84,4995285
2021-03-17,25.84,26.46,25.64,26.1,7793933
2021-03-18,26.1,26.22,25.12,25.12,4120135
2021-03-19,25.02,25.44,23.84,24,6913111
2021-03-22,22,22.6,21.6,21.6,7634331
2021-03-23,20.14,21.7,19.45,21.16,11477090
2021-03-24,21.22,22.24,21.1,22,8662020
2021-03-25,22.06,22.46,21.72,21.86,7748781
2021-03-26,22.08,22.56,21.64,22.24,8929752
2021-03-29,22.26,22.36,21.62,21.74,3529919
2021-03-30,21.46,21.74,20.9,21.04,9399589
2021-03-31,21.1,21.2,20.32,20.4,6435959
2021-04-01,20.44,21.16,20.18,20.84,10787180
2021-04-02,21.18,21.52,21,21.06,5006371
2021-04-05,20.98,22.08,20.88,21.86,6330834
2021-04-06,21.84,22.2,21.4,21.4,10017070
2021-04-07,21.56,22.02,21.34,21.46,5295908
2021-04-08,21.5,21.7,21,21.02,3523814
2021-04-09,20.88,20.88,19.96,20.06,6957678
2021-04-12,19.9,20.14,19.42,19.7,6032085
2021-04-13,19.38,19.74,19.07,19.63,6291175
2021-04-14,19.74,20.14,19.7,19.78,4505091
2021-04-15,19.87,20.58,19.65,20.06,8510201
2021-04-16,19.88,20.2,19.8,20,2986529
2021-04-19,19.99,20.08,19.31,19.31,4025456
2021-04-20,19.22,19.41,18.62,18.62,5726671
2021-04-21,18.55,18.67,17.79,18.15,9121220
2021-04-22,17.8,18.2,17.63,18.02,7142422
2021-04-26,18.2,19.05,18.08,18.7,11950680
2021-04-27,18.7,20.4,18.64,19.8,13739630
2021-04-28,19.9,20.96,19.52,20.7,13528680
2021-04-29,21.02,21.42,20.64,20.68,5843297
2021-04-30,20.8,21.84,20.74,21.52,10241150
2021-05-03,21.72,23.22,21.72,23.2,13581500
2021-05-04,23.28,23.46,22.6,22.88,8999017
2021-05-05,23.06,23.22,22.3,22.82,8568347
2021-05-06,22.88,23.3,22.8,23.18,7099787
2021-05-07,23.22,23.48,22.78,23.08,4590870
2021-05-10,23.36,24.28,23.3,24.28,7976287
2021-05-11,23.84,24.24,23.72,23.94,8003399
2021-05-12,23.84,24.2,23.56,24.2,3813094
2021-05-17,24.6,24.7,23.7,23.7,6491239
2021-05-18,23.78,23.86,23.12,23.3,8227590
2021-05-20,23.02,24.08,22.34,23.6,10799290
2021-05-21,24.3,24.3,23.48,23.62,3095336
2021-05-24,23.8,23.94,23.48,23.62,3230987
2021-05-25,23.66,23.78,22.38,22.38,5268484
2021-05-26,22.54,23.22,22.54,23.2,7524232
2021-05-27,23.08,23.86,23,23.04,8576681
2021-05-28,23,23.44,22.52,23.42,6365449
2021-05-31,23.8,24.02,23.62,23.98,6094103
2021-06-01,23.8,24.18,23.34,24.06,5224699
2021-06-02,23.8,24.38,23.74,23.94,6496157
2021-06-03,24.3,25.32,24.26,25.22,16480279
2021-06-04,25.18,26.5,24.9,25.96,19201689
2021-06-07,26,26.86,25.84,25.84,14085220
2021-06-08,25.7,26.92,25.56,26.74,17066199
2021-06-09,26.84,27.16,26.42,26.8,12478050
2021-06-10,26.94,27.04,26.22,26.34,7425921
2021-06-11,26.5,26.96,26.12,26.66,17615141
2021-06-14,26.88,27.68,26.84,27.5,12126180
2021-06-15,27.52,27.88,27.18,27.22,10856090
2021-06-16,27.28,27.66,27.1,27.26,5857766
2021-06-17,27.18,28.04,27.14,27.86,11416220
2021-06-18,28,28.4,27.12,27.48,13874180
2021-06-21,27.68,27.96,27.38,27.88,9113809
2021-06-22,27.96,28.36,27.84,27.86,9364589
2021-06-23,27.96,28.06,27.1,27.26,7826080
2021-06-24,27.28,27.36,26.7,26.94,8539869
2021-06-25,26.94,27.02,25.96,26.2,6928533
2021-06-28,26.2,26.2,24.68,24.94,9300016
2021-06-29,24.74,24.78,23.72,24.02,10417850
2021-06-30,24.28,24.44,23.6,23.72,8615293
2021-07-01,23.84,25.44,23.72,25.42,12568130
2021-07-02,25.48,26.1,24.92,25.52,14051380
2021-07-05,25.56,26.2,25.44,25.62,6095883
2021-07-06,25.8,25.88,25,25.04,4769487
2021-07-07,25.2,26,24.98,25.7,6583301
2021-07-08,25.6,25.94,25.2,25.32,6098755
2021-07-09,25.34,25.72,25.04,25.18,5796838
2021-07-12,25.32,25.34,24.84,24.86,5701547
2021-07-13,24.76,25.1,24.28,24.46,4290101
2021-07-14,24.5,24.98,24.48,24.52,3150205
2021-07-16,24.54,24.64,24.06,24.24,3547500
2021-07-19,24.06,24.1,23.44,23.56,1566287
2021-07-26,23.58,23.62,22.14,22.2,9841040
2021-07-27,22.32,23.02,22.08,22.82,10624230
2021-07-28,22.8,23.2,22.22,22.58,12451130
2021-07-29,22.74,23.02,22.66,22.94,6882380
2021-07-30,22.68,23.08,22.44,22.56,5189337
2021-08-02,22.66,22.72,22.24,22.28,4214450
2021-08-03,22.3,22.44,21.78,21.84,5423549
2021-08-04,21.98,22.2,21.64,21.64,5378987
2021-08-05,21.64,21.9,21.52,21.74,4872543
2021-08-06,21.88,22.52,21.88,22.5,7401977
2021-08-09,22.62,23.18,22.38,22.8,7321871
2021-08-10,22.84,23.08,22.54,22.68,4766714
2021-08-11,22.54,22.86,22.16,22.3,5285897
2021-08-12,22.36,23.1,22.36,23.04,5383986
2021-08-13,23.1,23.64,22.8,23.48,6403778
2021-08-16,23.66,24,23.54,23.74,4823485
2021-08-17,23.7,23.7,23.12,23.34,6210283
2021-08-18,23.54,23.56,22.66,22.86,6636660
2021-08-19,22.7,23.2,22.58,22.94,5602945
2021-08-20,22.88,23.02,22.66,22.8,4524269
2021-08-23,23.1,23.74,23.1,23.68,5428274
2021-08-24,23.78,24.58,23.78,24.38,7389071
2021-08-25,24.34,24.66,23.98,24.04,8818761
2021-08-26,24.48,24.56,24.02,24.02,6421201
2021-08-27,24.04,24.08,23.44,23.64,5558388
2021-08-31,23.7,23.76,23.4,23.52,3530746
2021-09-01,23.66,24.3,23.64,23.84,5889497
2021-09-02,24,24,23.64,23.86,3355837
2021-09-03,23.96,24.18,23.64,23.74,4070008
2021-09-06,23.9,24.2,23.6,24.16,3566133
2021-09-07,24.18,24.28,23.44,23.58,3357538
2021-09-08,23.68,23.68,23.1,23.3,3741231
2021-09-09,23.2,23.52,23.02,23.46,4041228
2021-09-10,23.54,23.64,22.98,23.06,3375623
2021-09-13,23.18,23.26,22.84,22.86,2774050
2021-09-14,23,23.18,22.76,22.8,3727482
2021-09-15,22.8,22.84,22.22,22.38,4202447
2021-09-16,22.48,22.8,22.32,22.72,3303776
2021-09-17,22.92,23.46,22.8,23.26,7904502
2021-09-20,23.1,23.58,22.72,23.38,6324943
2021-09-21,23.58,24.16,23.52,24.02,8773887
2021-09-22,24.1,24.32,23.82,24.22,5746535
2021-09-23,24.26,24.5,23.82,24.5,6741626
2021-09-24,24.36,25.74,24.36,25.74,11124590
2021-09-27,25.9,26.38,25.5,25.86,9095038
2021-09-28,25.7,26.54,25.7,26.54,6046421
2021-09-29,26.64,26.68,26.04,26.1,5082347
2021-09-30,26.16,26.78,26.14,26.28,5544515
2021-10-01,26.1,26.42,25.88,26.26,4207104
2021-10-04,26.26,26.46,25.24,25.28,7793135
2021-10-05,25.32,25.94,25.24,25.58,6234466
2021-10-06,25.5,25.5,24.72,25.08,5747652
2021-10-07,25.24,25.74,25.2,25.34,3734170
2021-10-08,25.34,25.74,25.14,25.18,3322469
2021-10-11,25.12,25.42,25.02,25.2,3584738
2021-10-12,25,25.34,24.44,24.7,7361469
2021-10-13,24.86,25.4,24.86,25.28,6831363
2021-10-14,25.28,25.92,25.04,25.4,6380778
2021-10-15,25.54,26.24,25.38,26.14,7882049
2021-10-18,26.3,26.46,25.76,26.42,5885711
2021-10-19,26.5,26.66,26.08,26.08,5145670
2021-10-20,26.2,26.58,25,25,11018850
2021-10-21,25,25.38,24.64,25.16,11514580
2021-10-22,25.6,25.76,25,25.7,12164780
2021-10-25,25.7,26.16,25.56,25.76,8414821
2021-10-26,25.76,26.3,25.76,26.28,8306721
2021-10-27,26.26,26.54,26.08,26.52,7378352
2021-10-28,26.44,26.64,26.32,26.58,1630152
2021-11-01,26.72,27.06,26.58,26.6,5818635
2021-11-02,26.66,26.9,26.48,26.6,5482962
2021-11-03,26.64,27.2,25.68,27.2,11480040
2021-11-04,27.52,28.52,27.52,28.02,20171859
2021-11-05,27.98,29.3,27.88,28.8,11142790
2021-11-08,29.24,29.78,28.72,29.76,10646990
2021-11-09,29.78,30.36,29.5,29.84,10348310
2021-11-10,29.76,30.22,29.16,29.32,11301320
2021-11-11,29.24,29.46,28.64,28.9,8239327
2021-11-12,28.94,29.24,28.62,28.66,5397408
2021-11-15,29.06,29.7,28.48,29.08,8953421
2021-11-16,29.14,29.58,28.48,28.74,6406666
2021-11-17,28.62,29.56,28.5,29.44,5998533
2021-11-18,29.52,30.02,28.8,29.7,11356750
2021-11-19,30,30.16,27.7,27.74,13134790
2021-11-22,27.8,28.4,27.64,28.12,10490130
2021-11-23,28.18,29.62,28.06,29.06,15033990
2021-11-24,29.58,31.16,29.58,30.5,13215900
2021-11-25,30.56,30.84,29.5,29.5,5620638
2021-11-26,28.4,28.4,26.56,27.04,16368800
2021-11-29,27.06,27.8,26.3,27.68,14785610
2021-11-30,27.3,27.38,26.54,26.86,13292480
2021-12-01,27.3,29.54,27.2,29.54,23903150
2021-12-02,30.1,30.58,28.94,29.18,14213730
2021-12-03,31,32.08,30.68,31.96,22059381
2021-12-06,32.98,34.38,32.2,34.1,24116770
2021-12-07,34.5,36,33.9,35.46,23066240
2021-12-08,35.82,38.88,35.76,38.5,33782289
2021-12-09,38.64,41.24,38.06,39.54,37650848
2021-12-10,39.7,40.58,38.7,38.96,23281961
2021-12-13,38.96,40,37.86,39.16,19058840
2021-12-14,39.2,39.96,37.88,38.06,12986650
2021-12-15,38.5,39.92,38.2,38.66,19514980
2021-12-16,39.16,41.2,38.42,41.2,16309010
2021-12-17,42.52,43.5,37.08,39.02,12514800
2021-12-20,36.58,39.64,35.14,38.36,7729946
2021-12-21,38.38,38.8,34.54,34.54,3620219
2021-12-22,32.14,35.4,31.7,32.08,9809508
2021-12-23,32.9,33.32,29.48,30.9,6836344
2021-12-24,31.2,33.56,30.94,33.2,7889742
2021-12-27,33.24,33.94,32.22,32.5,6845646
2021-12-28,32.6,33.14,30.96,31.56,5334468
2021-12-29,31.12,32.78,30.72,32.5,6690685
2021-12-30,32.98,33.18,31.02,31.08,4448292
2021-12-31,31.58,33,31.36,32.7,8329104
2022-01-03,32.64,34,32.1,34,8200852
2022-01-04,34.62,35.9,34.3,35.72,10590040
2022-01-05,35.86,36.92,35.3,36.6,9159622
2022-01-06,35.9,36.88,35.42,36.28,12279940
2022-01-07,36.52,37.44,35.44,37.32,14412820
2022-01-10,37.6,39.78,37.6,38.5,14773050
2022-01-11,39.2,39.36,37.7,38.06,11348760
2022-01-12,38.66,39.1,37.88,37.9,6714288
2022-01-13,37.76,39.62,37.66,38.78,13355240
2022-01-14,38.86,39.04,37.92,38.24,6103506
2022-01-17,38.4,39.08,38.1,38.82,6752800
2022-01-18,38.72,39.9,36.8,36.82,8132251
2022-01-19,36.7,37.8,35.8,37.8,7335424
2022-01-20,38.4,38.84,36.64,37.98,9991997
2022-01-21,37.98,37.98,36.7,37.02,4900164
2022-01-24,36.96,37.72,34.78,34.86,9373777
2022-01-25,35.08,35.54,34.02,34.94,5125772
2022-01-26,35.08,36.74,35.08,36.24,6998317
2022-01-27,35.2,38.12,35.2,37.8,12287040
2022-01-28,37.92,38.46,37.02,37.06,5372160
2022-01-31,37.56,37.6,36.7,36.72,4323582
2022-02-01,37.08,37.34,36.18,36.42,4518611
2022-02-02,36.54,36.76,35.46,35.86,4758149
2022-02-03,35.78,36.5,34.82,35.22,6020175
2022-02-04,35.52,35.76,34.64,34.64,4366776
2022-02-07,34.62,35.9,34.06,35.88,4644581
2022-02-08,36,37.4,36,36.94,7084185
2022-02-09,37.5,38.24,37.38,37.8,9255613
2022-02-10,38.1,38.3,37.32,38,7832384
2022-02-11,37.8,39.16,36.8,39.08,13362070
2022-02-14,38.68,39.58,37.24,38.88,14075280
2022-02-15,39.06,39.42,38.16,39.04,14394620
2022-02-16,39.1,39.88,38.52,39.18,15005910
2022-02-17,39.24,40.94,39.24,39.64,22402650
2022-02-18,40.4,40.54,39.22,39.94,8224736
2022-02-21,40.5,42.44,40.24,41,19966840
2022-02-22,39.6,40.2,39.14,39.3,9568428
2022-02-23,39.8,40.06,37.42,37.46,10680530
2022-02-24,34,35.2,33.72,33.72,5402312
2022-02-25,33.74,36.84,32.7,36.18,11616320
2022-02-28,35.2,35.5,33.68,33.68,8212478
2022-03-01,34.5,34.86,32.1,32.4,8767326
2022-03-02,32.5,33.2,31.98,32.58,9337474
2022-03-03,33.2,33.4,32.4,32.6,6825316
2022-03-04,32.3,32.4,31.2,31.2,7600668
2022-03-07,30.7,30.9,29.2,30.3,20750051
2022-03-08,30,31.54,29.74,30.92,12544210
2022-03-09,31.58,32.9,31.38,32.9,11248520
2022-03-10,33.5,33.76,32.1,32.5,11145280
2022-03-11,32.56,34.46,32.3,33.8,16243000
2022-03-14,34.24,34.88,34,34.24,8396666
2022-03-15,34.08,35.4,33.54,34.74,13541830
2022-03-16,35.1,35.36,34.74,35.1,7392235
2022-03-17,35.44,35.74,34.92,35.1,6758015
2022-03-18,35.1,35.56,34.4,34.4,10296830
2022-03-21,34.74,35.36,34.74,35.02,6154374
2022-03-22,35.1,35.66,35,35.64,8942804
2022-03-23,36,36.5,35.1,35.42,10332750
2022-03-24,35.6,35.82,35.04,35.18,6102345
2022-03-25,35.34,35.72,35.2,35.54,5851141
2022-03-28,35.9,37.24,35.86,37.2,13426040
2022-03-29,37.6,40.16,37.06,39.32,27152619
2022-03-30,39.58,39.58,38.64,39.12,14049060
2022-03-31,39.36,41.02,39.18,40.72,21735980
2022-04-01,40.96,41.4,40.14,40.38,9345707
2022-04-04,40.58,41.4,40.22,41.18,10118550
2022-04-05,41.8,42.46,41,41.84,14147940
2022-04-06,41.88,43.24,41.34,42.46,16215920
2022-04-07,42.7,43.28,42.32,42.8,10503540
2022-04-08,43.4,43.4,42.56,42.8,7406993
2022-04-11,42.9,44.04,42.64,43.32,14805690
2022-04-12,43.38,44.42,42.98,43.86,14501460
2022-04-13,44.1,44.24,42.16,42.76,11698290
2022-04-14,43.38,43.88,42.68,42.68,7922385
2022-04-15,42.7,43.02,42.4,42.7,4478452
2022-04-18,42.9,43.72,42.68,43.2,8961053
2022-04-19,43.88,44.2,43.08,43.8,10210410
2022-04-20,44.02,44.26,43.32,43.64,8405350
2022-04-21,43.64,44.2,43.36,43.98,13529920
2022-04-22,43.98,44.96,42.86,43.06,20373490
2022-04-25,43.06,43.2,41.62,42.04,12808460
2022-04-26,42.4,43.42,40.84,41.66,15487530
2022-04-27,42.18,42.88,41.52,42.84,11394630
2022-04-28,43.1,44.38,42.24,42.98,12137400
2022-04-29,43.14,43.54,41.96,42.86,8164403
2022-05-05,43.72,44.82,43.36,44.54,12890780
2022-05-06,44.38,44.46,43.2,43.96,8653855
2022-05-09,43.88,44.26,43.3,43.42,7963200
2022-05-10,43.78,44.06,42.68,43.06,9934158
2022-05-11,43.08,43.08,41.76,41.9,6781988
2022-05-12,41.72,41.72,40.28,41.1,8197996
2022-05-13,41.56,41.78,40.92,41.3,5667341
2022-05-16,41.42,41.48,40.56,40.7,6142157
2022-05-17,40.9,42.38,40.48,41.96,9062239
2022-05-18,41.92,42.66,41.14,41.36,8141390
2022-05-20,41.34,41.92,40.98,41.6,5806039
2022-05-23,41.92,42.34,41.42,42,6947174
2022-05-24,42.2,42.54,41.8,41.96,5000683
2022-05-25,41.96,42.52,41.56,42.46,4719755
2022-05-26,42.58,43.2,42.52,42.92,9215351
2022-05-27,43.1,43.34,42.7,42.94,8286078
2022-05-30,43.4,47.04,43.3,46.16,25445119
2022-05-31,46.5,46.68,45.3,45.78,9669710
2022-06-01,45.9,47.16,45.72,46.06,8099659
2022-06-02,46.22,46.54,45.84,46.04,6087279
2022-06-03,46.3,46.9,45.54,45.64,8934130
2022-06-06,45.9,46.38,45.8,46.04,5987671
2022-06-07,46.1,47.72,45.98,47.32,13531390
2022-06-08,48.5,50.95,47.7,48.3,25679270
2022-06-09,48.92,51.6,47.34,51.6,18649779
2022-06-10,50.9,52.5,50.4,50.75,17672480
2022-06-13,50.6,51.4,49.18,49.18,11263550
2022-06-14,49.48,49.64,48.16,48.86,6806999
2022-06-15,48.98,51.6,48.44,51.6,9443828
2022-06-16,51.6,52.55,50,51.15,10999380
2022-06-17,51.25,54.05,50.95,53.85,11750700
2022-06-20,55,55.7,54.1,55.4,10545020
2022-06-21,55.55,58.4,54.75,57.2,10202620
2022-06-22,56.9,58.5,56.75,57.3,7699987
2022-06-23,57.35,57.55,54.85,55.3,8863903
2022-06-24,56.1,56.5,53.25,54.5,8121669
2022-06-27,52.7,55.55,52.7,53.95,8473899
2022-06-28,54.4,55.25,52.3,52.75,6684996
2022-06-29,52.95,53.15,50.55,50.55,6584263
2022-06-30,50.3,51.25,49.28,49.76,9223654
2022-07-01,50,52.2,49.94,52.15,8050605
2022-07-04,52.6,52.75,50.6,50.65,4401986
2022-07-05,50.85,51.2,48.66,49.52,7405664
2022-07-06,50,51,49.22,50.25,7344924
2022-07-07,50.45,51.3,49.9,50.7,3895980
2022-07-08,50.7,51,50.3,50.6,1487314
2022-07-13,51,51.75,50,50.4,5597954
2022-07-14,50.4,50.55,48.22,48.38,6623555
2022-07-18,49.2,50.35,48.64,50.35,5584139
2022-07-19,50.2,52.4,50.15,52.2,5932842
2022-07-20,52.7,54.5,52.2,54.45,6775196
2022-07-21,54.65,55.4,54,54.5,6253064
2022-07-22,54.85,55.2,52.55,53.2,5082387
2022-07-25,53.25,54.4,52.05,53.3,6878404
2022-07-26,53.8,53.85,51.95,52.35,5001907
2022-07-27,52.8,53.95,52.55,53.45,8652721
2022-07-28,54.3,54.95,53.1,54.6,9346081
2022-07-29,54.65,56.8,54.6,56.5,8069668
2022-08-01,57,57.45,56.2,56.6,6140996
2022-08-02,57,58.5,56.25,56.8,9828720
2022-08-03,57.3,58.25,56.95,57.65,6373251
2022-08-04,58,59.6,58,58.85,7053857
2022-08-05,59,60.35,58.65,60.25,4911012
2022-08-08,60.9,61.5,59,60.7,5521247
2022-08-09,60.6,61.9,60,60.75,4547568
2022-08-10,61.2,61.7,60.55,61.7,4117291
2022-08-11,63.1,63.25,61.3,62,4961070
2022-08-12,62.05,62.55,59.65,60.55,5512869
2022-08-15,60.85,61,59.6,60.25,3902284
2022-08-16,60.45,61.75,57.65,61.55,9620960
2022-08-17,62.45,62.85,61.35,62.3,8035054
2022-08-18,62.45,62.45,59.95,61.7,10189730
2022-08-19,61.8,62.95,60.55,60.8,6874217
2022-08-22,60.8,61.7,60.05,60.95,4961918
2022-08-23,61.05,62.95,60.9,62.65,6834125
2022-08-24,63.1,65.15,62.25,62.4,9573843
2022-08-25,63,64,62.1,63.45,4655530
2022-08-26,63.9,63.95,61.7,62.75,5622577
2022-08-29,62.4,62.6,60.8,61.45,5516589
2022-08-31,61.85,62.65,61.35,62.35,7793685
2022-09-01,62.35,62.35,60.65,61,5951985
2022-09-02,61.5,62.2,60.8,61.4,5915661
2022-09-05,62.25,63.7,61.8,63.05,10753070
2022-09-06,63.45,63.6,61.5,62.8,8862108
2022-09-07,63,66.95,62.4,65.95,15781800
2022-09-08,67.2,68.1,64.15,65.15,10372330
2022-09-09,66,67,65.25,65.25,8976268
2022-09-12,65.75,67.55,65.6,66.3,7478523
2022-09-13,67,68.55,62.65,62.65,12339770
2022-09-14,62.65,66.5,61.4,66.5,7316150
2022-09-15,66.65,71.2,66.5,70.55,10501020
2022-09-16,70.45,75.75,69.85,75.5,12255360
2022-09-19,75.95,76,71.2,71.45,5688833
2022-09-20,71.9,74.25,70,71.7,8256253
2022-09-21,71.7,71.7,67.25,68.95,10720500
2022-09-22,69.45,69.95,68.1,69.1,7154004
2022-09-23,69.4,70.75,68.8,69.05,6888182
2022-09-26,68.95,68.95,65.85,66.05,5046550
2022-09-27,66.7,67.4,65.5,65.7,6694701
2022-09-28,65.45,65.45,63,63.15,6012082
2022-09-29,63.85,65,60.7,62.4,6211014
2022-09-30,63,63.6,62,62.95,4280888
2022-10-03,64.05,69.2,64.05,69.2,8245510
2022-10-04,70,71.6,69.1,70.55,8062335
2022-10-05,71.05,72.7,69.6,71.65,10334320
2022-10-06,72.8,73.05,70,70.1,9243169
2022-10-07,70.2,70.95,69,69.8,8471144
2022-10-10,70.3,71.6,70.15,71.1,6784942
2022-10-11,71.1,71.1,69.55,69.55,5384152
2022-10-12,69.7,71.5,69.35,70.55,7856519
2022-10-13,71.15,72.3,69.9,70.9,10048580
2022-10-14,72.55,73.6,71.9,73.4,8614304
2022-10-17,74.35,79.5,74,79,12883910
2022-10-18,81.25,82.25,77.4,80.65,11690170
2022-10-19,80.9,81.6,79.3,79.85,6589991
2022-10-20,80.05,82.25,79.65,81.2,7746192
2022-10-21,81.2,82.9,80.35,81.45,6406745
2022-10-24,82.6,83.55,81,82.9,7308685
2022-10-25,83.4,84.05,81.3,82.2,8985658
2022-10-26,82.4,83.75,81.55,82.35,6988856
2022-10-27,81.65,82.05,79.25,80.9,9871355
2022-10-28,80.8,81.15,78.4,78.5,2557944
2022-10-31,79.3,79.6,77.9,78.4,6752646
2022-11-01,78.75,80.7,78.75,79.35,10420090
2022-11-02,79.35,79.6,77.6,77.75,7354645
2022-11-03,77.85,78.7,76.2,77.8,9833816
2022-11-04,78,79.1,77.35,78.8,8098127
2022-11-07,79.85,80.55,79.25,80.25,8361960
2022-11-08,80.6,83.1,79.6,81.4,18671221
2022-11-09,81.45,82.75,79.05,79.05,10161660
2022-11-10,79.1,82,79.1,81.95,7469967
2022-11-11,82.7,83.2,79.75,80.55,7704967
2022-11-14,79.75,79.75,78.5,79.25,7848387
2022-11-15,80.75,82.15,79.6,80.3,11053440
2022-11-16,80.45,80.8,77.8,78.9,7681860
2022-11-17,78.9,79.7,75,78.4,8835936
2022-11-18,77.4,79.65,76.5,77.8,7600098
2022-11-21,78.45,79,76.5,79,4750435
2022-11-22,79.65,81.35,79.2,81.3,8093012
2022-11-23,81.75,83.5,81.05,82.7,8591728
2022-11-24,82.95,85.95,82.75,84.1,13097480
2022-11-25,84.1,86.35,83.2,86.35,9356843
2022-11-28,88.4,89.3,86.2,86.25,9013821
2022-11-29,86.75,87.6,83.65,87.6,7954857
2022-11-30,88,88.4,86.75,87.75,6679045
2022-12-01,89,89.9,86.55,87,11350830
2022-12-02,87.05,88.25,85.4,87,9248977
2022-12-05,87.5,90.65,85.8,87.9,15676020
2022-12-06,88,88.4,85.85,86,6893247
2022-12-07,86.6,89.5,84.8,86.25,11051812
2022-12-08,86.45,87,82.95,85.9,7143569
2022-12-09,86.4,88.9,85.5,88.15,7388625
2022-12-12,89.05,95.75,89.05,94.05,9443945
2022-12-13,94.95,95.4,92.9,92.95,6730040
2022-12-14,93.65,94,89.25,89.5,6162296
2022-12-15,90.9,92.95,88.25,90.45,6040282
2022-12-16,90.8,92.4,90.65,90.8,1497851
2022-12-19,90.7,94.7,89.65,94.25,11855288
2022-12-20,94.8,98.75,93.15,96.25,27023947
2022-12-21,96.65,97.5,94.1,94.35,9444936
2022-12-22,95.3,96.15,93.3,94.05,6765681
2022-12-23,94.35,94.65,92.65,93.35,4651461
2022-12-26,94.2,95.3,93.7,94.6,4408382
2022-12-27,95.3,95.3,93.5,93.5,4945512
2022-12-28,93.5,93.6,90,91.05,6031753
2022-12-29,90.3,92.8,90.2,91.9,4525823
2022-12-30,92.45,94.8,92.4,93.5,5573302
2023-01-02,94.5,96.2,94.2,95.95,6390814
2023-01-03,96.15,98.55,94.95,95.85,11615735
2023-01-04,96.05,96.4,93.7,95.15,5450735
2023-01-05,95.85,97,90.7,91.2,7040667
2023-01-06,87.1,92.85,84.2,91.45,8591628
2023-01-09,93,93.95,86.5,88.1,5870210
2023-01-10,88.1,89.1,82.05,83.6,6473977
2023-01-11,83.8,85.1,76.15,76.3,8114637
2023-01-12,78.15,80.9,74.25,80.65,8267485
2023-01-13,80.35,84.3,79.35,81.2,7030585
2023-01-16,81.4,85.3,80.8,85.15,6013678
2023-01-17,85.2,89.95,84.7,89.8,7739083
2023-01-18,90.1,91.3,88.2,88.7,6689556
2023-01-19,88.4,90.6,87.7,89.5,6780884
2023-01-20,89.9,90.4,88.25,89.9,4001161
2023-01-23,91,92.1,87.1,89.1,6718766
2023-01-24,88.9,89.55,85.7,87.35,5102032
2023-01-25,87.6,89.1,83.25,88.8,6625068
2023-01-26,88.95,89.15,85.95,86.5,6073535
2023-01-27,85.9,86.75,82,85.7,6377675
2023-01-30,85.7,86.45,83.45,83.5,4127231
2023-01-31,82,83.4,80.15,82.65,5510950
2023-02-01,82.65,83.05,77,77,5245799
2023-02-02,77.2,79.75,71.05,77.5,9341064
2023-02-03,77.5,80.75,75.7,80.05,11939695
2023-02-06,77,79.1,74.75,77.95,1696821
2023-02-07,77.6,77.6,70.2,70.2,3970822
2023-02-08,64.65,64.65,64.65,64.65,250
2023-02-09,64.65,64.65,64.65,64.65,0
2023-02-10,70.2,70.2,70.2,70.2,0
2023-02-13,70.2,70.2,70.2,70.2,0
2023-02-14,70.2,70.2,70.2,70.2,0
2023-02-15,75.05,77.2,73,77.2,8540640
2023-02-16,82,82.7,72.25,72.25,8198419
2023-02-17,70.9,74.2,70,71.35,4775599
2023-02-20,71.5,74.1,70.2,73.7,5670189
2023-02-21,73.2,75.9,73,73.8,5473533
2023-02-22,73.9,75,73.15,73.3,4600596
2023-02-23,73.25,74.35,72.4,72.6,3867422
2023-02-24,72.8,72.95,71.55,71.75,3280746
2023-02-27,71.65,75.7,70.4,75.45,7986626
2023-02-28,75.4,75.95,74.2,74.95,4491349
2023-03-01,75.55,77.75,75.5,77.6,5908952
2023-03-02,77.3,78.6,75.7,75.7,4258624
2023-03-03,75.7,77.5,72.35,75,4900095
2023-03-06,75.2,78.95,74.9,78.3,5649986
2023-03-07,79,82.3,78.95,81.8,7422152
2023-03-08,81.8,83.15,80.75,83,5165487
2023-03-09,83,84.7,82.8,83.5,4275311
2023-03-10,83.5,83.5,81,81.8,3426004
2023-03-13,81.7,83.4,79.8,83.4,4317329
2023-03-14,83.55,84,79.9,79.9,3495522
2023-03-15,80,80.55,76.15,78.5,6331004
2023-03-16,78.6,80,77.3,80,2720492
2023-03-17,81.1,81.75,78.1,78.25,4056808
2023-03-20,78.25,79.3,76.15,76.8,3147042
2023-03-21,77,78.5,74.75,75.7,3279840
2023-03-22,75.85,77.2,75.55,77.1,2374609
2023-03-23,77.1,77.95,76,77.6,2054466
2023-03-24,77.7,78.3,76.1,76.5,2111600
2023-03-27,77,77.45,75.55,75.75,2768794
2023-03-28,76.2,76.2,72.4,72.4,3779823
2023-03-29,72.35,74.4,70.5,73.75,4187812
2023-03-30,73.75,76.55,73.7,75.8,3374491
2023-03-31,75.7,75.75,72.7,73.9,2935428
2023-04-03,73.9,77.55,72.2,77.4,4410668
2023-04-04,77.2,81.1,76.55,80.5,4533090
2023-04-05,80.9,81.2,78.65,79.4,3289360
2023-04-06,79.15,80.25,77.75,79.3,2395433
2023-04-07,79.45,80.65,79.15,80.25,2692761
2023-04-10,80.65,82.5,80.65,82.05,3949521
2023-04-11,82.1,82.45,80.7,81.15,2850121
2023-04-12,81.5,83.65,81.2,83.35,5640561
2023-04-13,83.2,85.25,83.2,84.5,5737216
2023-04-14,84.8,84.95,82.3,83.2,2935248
2023-04-17,83.25,84.5,82.35,82.95,3161045
2023-04-18,83.35,84.2,82.35,82.7,2090725
2023-04-19,82.8,83.2,80.7,81.1,2896888
2023-04-20,81.1,81.1,79.7,79.7,1156531
2023-04-24,80,81.45,79.7,80.45,2350817
2023-04-25,80.75,80.85,77.7,79,2731313
2023-04-26,78,78,73.8,74.6,6029492
2023-04-27,75,75.65,72.5,72.75,3980058
2023-04-28,72.85,73.25,69.5,70.45,5244431
2023-05-02,70.5,71.75,67.8,67.8,3274544
2023-05-03,68,68.4,63.7,67.5,4739161
2023-05-04,67.5,69.05,66,66.45,4073368
2023-05-05,66.6,66.7,64.85,66.55,3136138
2023-05-08,67,68.65,65.65,68.1,4148453
2023-05-09,68.15,69.2,66.65,68.55,5941554
2023-05-10,68.6,69.55,67.2,67.2,2949385
2023-05-11,67.15,72.75,67,72.5,7040516
2023-05-12,72.75,73.45,70.25,70.35,4173959
2023-05-15,64.25,70.65,64.25,66,3744729
2023-05-16,66.65,69.8,66.2,69,7609603
2023-05-17,69,71.25,68.6,70.25,4758897
2023-05-18,70.25,70.8,66.9,67,3157784
2023-05-22,67.6,68.25,65.85,67.1,3089462
2023-05-23,67.1,67.7,66.5,67.2,1687555
2023-05-24,67.35,67.65,66.3,66.95,2214449
2023-05-25,67.1,67.45,66.1,66.45,2468813
2023-05-26,66.8,69.65,66.6,69.05,3808420
2023-05-29,71,74.85,70.15,74.45,4970425
2023-05-30,75.3,78.25,74.75,77.45,6286925
2023-05-31,77.65,78.7,75.65,77.65,4794422
2023-06-01,78.5,79.5,77.05,77.5,3525822
2023-06-02,79.75,80.75,78.05,79.95,4702719
2023-06-05,82.2,87.9,82.2,87.9,9602773
2023-06-06,87.5,93.25,86.55,88.4,12203838
2023-06-07,91,94.25,91,92.6,8492256
2023-06-08,92.5,92.75,88.65,91.05,6837428
2023-06-09,92.5,92.7,89.45,90.6,8101255
2023-06-12,92,94.75,91.6,92,12331310
2023-06-13,92,92,87.45,88.4,6132402
2023-06-14,88.4,89.6,85.55,86.2,6454373
2023-06-15,86.5,87.55,84.9,85.8,5566085
2023-06-16,86.2,88.5,85.5,86.3,5860845
2023-06-19,86.3,87.65,83.5,83.5,4184353
2023-06-20,83.5,86.6,82.55,86.6,4687361
2023-06-21,86.65,87.5,84.1,84.15,4180953
2023-06-22,84.15,90.6,83.05,90.45,10394045
2023-06-23,92,93.25,90.2,91.85,6523901
2023-06-26,92,93.35,91.75,92.75,5662334
2023-06-27,92.75,93.45,92,93.35,1884548
2023-07-03,97,101.5,96.8,100.3,11054124
2023-07-04,100.5,107.4,98.3,104.8,11164221
2023-07-05,104.5,108.1,102.6,106.9,7930666
2023-07-06,107.5,109.1,105.7,106,6170801
2023-07-07,105.8,107,104.5,105.8,3672053
2023-07-10,108.3,110.1,107,107,4999934
2023-07-11,108.5,109.1,106.4,107.4,5369622
2023-07-12,107.4,107.5,104.6,105,4400064
2023-07-13,105,107,103.9,105.3,4432249
2023-07-14,106.6,109.5,106,109.4,6078974
2023-07-17,110.4,110.8,108.3,109.5,6412150
2023-07-18,110.9,110.9,105.3,105.3,5402952
2023-07-19,105.3,107.7,103,106.8,8093767
2023-07-20,107.8,108.4,105.6,107.7,6492787
2023-07-21,108,109.4,106.7,108.4,5180467
2023-07-24,108.9,114.3,108.9,113.5,9130613
2023-07-25,115,117.6,111.8,114.3,8433358
2023-07-26,114.5,115.6,112.1,115.5,4959137
2023-07-27,112,114,110.4,113.9,11785691
2023-07-28,115,115.7,111.5,112.6,11611324
2023-07-31,113.3,114,112,112.3,8609617
2023-08-01,112.3,112.5,109.7,110.1,6460405
2023-08-02,109.9,113,109.4,110.5,6135079
2023-08-03,110.8,112.4,109.1,110,5507247
2023-08-04,110,114,109.7,113.6,8107648
2023-08-07,114,118.9,113.5,115.5,16243719
2023-08-08,115.6,116.4,112.5,112.6,8079769
2023-08-09,113,116.8,111.3,116,6850995
2023-08-10,117,121,113.7,114.5,11210121
2023-08-11,114.5,122.4,113.7,121.1,11837259
2023-08-14,122,128.6,121.6,127.9,10584517
2023-08-15,128.3,133.5,126.2,129.6,10384840
2023-08-16,129.2,131.8,127,128.2,7315629
2023-08-17,128.4,131.3,126,128.7,7682676
2023-08-18,129.3,130.5,123.2,126,7643701
2023-08-21,124.7,129.4,123,129,6593087
2023-08-22,129.4,130,124.5,127.7,5747179
2023-08-23,128,129.8,122.3,122.3,6341922
2023-08-24,123.5,126.4,115.6,117.9,8480800
2023-08-25,117.9,121.3,115.3,121,6242829
2023-08-28,122.3,129.7,121.9,128.7,6324615
2023-08-29,128.7,129,123.7,125.3,4012746
2023-08-31,125.6,125.8,121.2,122.7,5604145
2023-09-01,122.7,125.4,121.5,124.7,3954070
2023-09-04,126,127.4,123.6,124.4,5619689
2023-09-05,124.4,124.6,121.8,124,3842894
2023-09-06,125.5,125.9,122,122,4228334
2023-09-07,122.7,124.5,121.7,124.1,4024184
2023-09-08,124.3,126.3,122.3,124,5807726
2023-09-11,125,127.5,122.3,122.3,6136592
2023-09-12,122.6,124.7,120.7,121.6,5116331
2023-09-13,121.8,123.6,119.3,119.5,4138173
2023-09-14,120.5,123.9,115.8,120.8,10139326
2023-09-15,120.2,120.3,112.5,112.5,7849678
2023-09-18,112.5,113.6,107.1,107.4,6155408
2023-09-19,107.4,110.7,106.1,110.7,5477556
2023-09-20,115.1,121.7,114.1,120,16469595
2023-09-21,119.2,123,116,122.9,10585642
2023-09-22,119.5,121,118,119.2,6656523
2023-09-25,119.3,124.3,117.1,123.1,9170520
2023-09-26,123.9,124.9,121,122,6673968
2023-09-27,123.5,125.2,121.1,121.5,5743534
2023-09-28,121.4,126.4,120.8,123.2,8846393
2023-09-29,123.8,126.1,122.3,125.3,10273007
2023-10-02,125.3,128.6,124.4,127,6977956
2023-10-03,127.2,134.2,125.8,133.1,10814150
2023-10-04,133.1,133.8,128.5,129.8,4079949
2023-10-05,130.1,136.7,130.1,135.6,8666040
2023-10-06,134.5,139.2,134,137.5,5020989
2023-10-09,133.4,135.8,127.2,128,5657827
2023-10-10,129.9,133,129.7,133,4090187
2023-10-11,133,133.4,126.4,130.5,4370594
2023-10-12,131,132.3,121,126,6281672
2023-10-13,126,126,121,123.6,3462881
2023-10-16,126.9,127.1,120.7,124,3204178
2023-10-17,124,130.4,123.4,130.4,5368586
2023-10-18,127.1,127.9,123.4,124.9,4695600
2023-10-19,125.6,127.2,122.1,123.1,5098586
2023-10-20,121.5,122,115.7,119,3935470
2023-10-23,124.9,125.4,120.4,124.2,3952068
2023-10-24,127,130.9,125.5,130.9,6394221
2023-10-25,132,132.7,118.2,118.2,9886721
2023-10-26,120,123.7,115.7,121.3,7649459
2023-10-27,121.3,121.6,117.2,121,3782445
2023-10-30,120.4,121.3,117.8,118,3742121
2023-10-31,119.4,119.6,114.2,114.6,4074665
2023-11-01,115.4,116.2,110.4,112,4930853
2023-11-02,114.4,115.8,112.9,113.7,4060042
2023-11-03,113.9,116.1,113.1,115.5,2913998
2023-11-06,117.3,118.4,115.4,117,3753430
2023-11-07,117,119.1,116.4,118.5,3580024
2023-11-08,119.6,121.8,118.7,120.3,4162814
2023-11-09,119.1,120.2,116.9,118.9,2272082
2023-11-10,118.9,119.5,117.2,118.1,1656368
2023-11-13,118.4,118.8,114.6,115.3,2654328
2023-11-14,115.3,117.6,114,117.2,2642967
2023-11-15,118,118.9,116.2,117,2210483
2023-11-16,117,118.9,116.6,118.4,3281323
2023-11-17,118.6,121.3,118.2,119.5,4377909
2023-11-20,121,123.4,121,121.6,3877383
2023-11-21,122.9,124.4,121.8,123.7,4073823
2023-11-22,124,124.4,121.6,121.7,2127280
2023-11-23,121.9,123.2,119.6,119.6,3304139
2023-11-24,119.5,120.1,116.9,119.5,2893564
2023-11-27,120.5,122.3,120.1,121.8,3216364
2023-11-28,122,123.2,120.5,121.3,2541259
2023-11-29,121.8,122.1,117.1,117.1,2571553
2023-11-30,117.5,117.9,114.9,116,2733998
2023-12-01,117,118.5,116.4,116.8,2187588
2023-12-04,117.3,119,115.2,117.7,3162908
2023-12-05,118,118.5,116.1,116.7,2096939
2023-12-06,116.7,117.2,112.4,112.4,2198498
2023-12-07,112.3,114.9,111.1,114.9,2323948
2023-12-08,115,116.6,114.2,116.6,1936773
2023-12-11,116.6,117.4,114.2,114.4,2111166
2023-12-12,114.4,114.8,112.3,113.5,2113799
2023-12-13,113,113,109.6,109.8,1959176
2023-12-14,111.1,114,109.4,113.8,2636630
2023-12-15,114,116.2,113.2,115.5,3274633
2023-12-18,114.5,114.9,111,111,2443753
2023-12-19,111,112.4,109.5,111.8,2164321
2023-12-20,112.1,112.3,109.7,110,2207238
2023-12-21,109.8,113.5,109.8,113.5,2374381
2023-12-22,114,114.2,108.7,108.7,3446303
2023-12-25,108.3,108.4,104.6,104.6,1795708
2023-12-26,105.2,106.1,99.95,102.5,4082369
2023-12-27,102.5,105.5,101.9,103.1,3128299
2023-12-28,103.5,106.1,103,106.1,4644685
2023-12-29,106.2,108.5,105.5,107.5,2630295
2024-01-02,108,109,107,108.1,3318320
2024-01-03,107.7,113.1,107,109.8,7322654
2024-01-04,109.3,113.5,109.2,112,4359035
2024-01-05,112,114.3,111.7,114,2788273
2024-01-08,114.3,115.3,113.5,114.6,3096789
2024-01-09,114.6,117.5,113.7,114.5,3701812
2024-01-10,117.1,118.2,115.6,117,3957025
2024-01-11,117.5,119,116.2,117.8,2310215
2024-01-12,117.4,124,116,123,4570783
2024-01-15,123,127.4,122.8,125.6,4358748
2024-01-16,125.6,127.9,124.5,125.6,3971062
2024-01-17,124.5,128.2,123.7,127.9,2984308
2024-01-18,128,129.7,126.6,127.4,3188340
2024-01-19,127.8,129.1,126,128,2732323
2024-01-22,128,129.3,126.4,126.4,2666353
2024-01-23,127.2,128,125,125.1,2172889
2024-01-24,126,127.9,125.4,126,2404484
2024-01-25,126.6,129.5,126.6,129.2,2256838
2024-01-26,130,133,128.6,132.7,3079620
2024-01-29,133.2,139.7,133.2,137.1,4480933
2024-01-30,136.7,139.1,135.1,136.4,2839955
2024-01-31,136.2,139.7,135.9,138.3,2386231
2024-02-01,138.4,141.4,138.3,139.7,2330374
2024-02-02,140.6,143.4,139.5,141.5,2785367
2024-02-05,142,146.5,142,143.7,3541969
2024-02-06,143.8,148.5,142.6,147.4,3238864
2024-02-07,147.6,153.6,147.6,152.8,3870675
2024-02-08,153.1,155,151,153.5,3360769
2024-02-09,155,157.9,152.3,156.4,3860833
2024-02-12,157.9,158.2,153.3,154.8,3018373
2024-02-13,155.5,156,150,150,2939147
2024-02-14,154.6,156.6,150.9,153.5,8313645
2024-02-15,154,161.8,154,161.4,6362633
2024-02-16,162.5,168,160.7,166.5,6486507
2024-02-19,167,169.7,163.3,165,5479600
2024-02-20,166,173.2,162.5,171.8,7258687
2024-02-21,171.8,178.3,171.4,175.4,6046159
2024-02-22,176,177,167.5,169.3,7255237
2024-02-23,168,168,164.7,166,5239372
2024-02-26,166,169.4,162.4,166.5,4701169
2024-02-27,166.5,169.2,164.4,167.9,3431926
2024-02-28,168.5,172.6,167.1,170.6,5252235
2024-02-29,170,175,168.2,174.5,3678643
2024-03-01,174.5,175,168.1,170.8,3121377
2024-03-04,170.8,171.3,165.7,166.1,2146127
2024-03-05,166.1,166.1,160.6,164.1,2864623
2024-03-06,163.5,165.6,160.3,164.5,3095602
2024-03-07,168.2,171.6,166.2,171.4,2596657
2024-03-08,172.7,176.1,170.3,174.5,4808277
2024-03-11,176,179.7,170.8,170.8,3090135
2024-03-12,171,171.2,163.3,166,2548920
2024-03-13,166.4,167.2,162.2,163.5,2302953
2024-03-14,164.1,165.6,162.4,163,1512406
2024-03-15,163.5,167.4,162.8,166.1,1675234
2024-03-18,165.9,166,160.2,161.6,1582777
2024-03-19,161.5,165.2,159.5,164.5,2454604
2024-03-20,164.5,168.2,163.7,166.8,2235655
2024-03-21,168,169.1,166,167.9,2899887
2024-03-22,167.9,172.3,167.8,169.3,3431348
2024-03-25,169.3,172.2,167.5,167.5,3392606
2024-03-26,167.7,169.3,165.4,168.7,2034450
2024-03-27,168.5,174.2,166.9,172.9,3425792
2024-03-28,172.9,178.5,172.4,178,4441883
2024-03-29,178.2,184.5,176.5,183.1,4071273
2024-04-01,183.8,188.2,178,188.2,4118417
2024-04-02,188,189,179.9,182,3335591
2024-04-03,182,184.2,177.6,179.3,2798646
2024-04-04,179.8,182.6,176.5,179.5,2790342
2024-04-05,180.2,187.6,179.7,187.4,3159648
2024-04-08,187.5,199,187.5,197.5,4691331
2024-04-09,197.8,206.3,197.5,206,2364961
2024-04-15,206,210.9,196.3,198.1,4745718
2024-04-16,197.7,197.8,190.5,195.1,3063447
2024-04-17,196.1,200.5,195.8,198.4,3023687
2024-04-18,199.5,200.8,192.8,193.3,2149931
2024-04-19,191,195.8,188.7,195.7,2494539
2024-04-22,198.5,201.9,193.4,194.3,2080941
2024-04-24,196,199.4,196,199.1,1610210
2024-04-25,200.6,203,198.5,203,2266781
2024-04-26,205.6,220.1,205.6,217.1,8108290
2024-04-29,218,225.9,216.4,225,6571166
2024-04-30,225.5,229.9,219.4,219.9,4948038
2024-05-02,220.2,223.9,212.6,219.5,4707702
2024-05-03,220,222,215.1,220.8,3674770
2024-05-06,220.8,220.9,214.5,217,3703052
2024-05-07,217.2,219.9,215,219,4388693
2024-05-08,219.4,225.8,218.8,219.8,7054623
2024-05-09,220.5,221,216.6,219.9,2844839
2024-05-10,221.1,223.8,219.8,221.3,3010689
2024-05-13,221.8,224.9,218.8,218.8,2987277
2024-05-14,220,223.6,217.7,223.6,2630383
2024-05-15,223,225.4,220.6,221.5,2515896
2024-05-16,221.9,230,221.2,230,4228023
2024-05-17,230,237.5,228.4,237.1,4197520
2024-05-20,237.1,239,234,237.1,2945652
2024-05-21,238.3,239.9,234.7,235.5,3191066
2024-05-22,235.7,239.9,235.2,237,2094886
2024-05-23,237.2,245.9,237.1,244,2864413
2024-05-24,244,245.7,239,241.5,1856071
2024-05-27,241.9,244.9,236,236,1784371
2024-05-28,236.5,243.8,234.6,240.3,2648744
2024-05-29,240.3,248.1,228.5,241.7,3325121
2024-05-30,243,247.6,240.6,242,2193234
2024-05-31,242.7,247.1,239,240.7,2572052
2024-06-03,243.1,251.5,242.9,251,3518267
2024-06-04,252.25,256.5,248.1,252.25,2996282
2024-06-05,252.5,253.5,238.3,246.7,4003285
2024-06-06,247.5,252.5,241.3,242,2150488
2024-06-07,243.5,251.25,240.8,247,3669419
2024-06-10,247,247.1,234,234,2755885
2024-06-11,233.9,239.2,232.5,233.3,2917800
2024-06-12,237.9,242.6,235.3,239.4,2944394
2024-06-13,245,246,238,244.5,3047051
2024-06-14,247,248,242.4,244.1,2923615
2024-06-20,246.4,250.5,246.4,250.25,2117474
2024-06-21,250.5,254,247,252.25,2024991
2024-06-24,255,257,251,255.25,2738402
2024-06-25,257,258.75,254,255,1774852
2024-06-26,254.5,254.5,245.4,248,2441277
2024-06-27,248.1,254,246.7,254,1717319
2024-06-28,254.5,261.5,254.25,259.5,3064039
2024-07-01,260,262.25,254,256.5,2049108
2024-07-02,256.5,261.75,253,258.5,1888617
2024-07-03,259.5,261,253,257,2010913
2024-07-04,258,261,253.25,261,2646685
2024-07-05,261,262.75,256.25,257,1751322
2024-07-08,258.75,260,253.25,259,2565716
2024-07-09,259,273.5,258.75,269,4163098
2024-07-10,269,280,268.75,275.75,3274243
2024-07-11,276,279.25,270.75,273,2733382
2024-07-12,273.75,280.25,273,280,3017805
2024-07-16,282,290,282,287.25,2694698
2024-07-17,288.5,291.5,286,290.75,1955295
2024-07-18,292.5,294.75,282.25,283.75,2654504
2024-07-19,283.75,286.25,279.75,284.75,1577873
2024-07-22,286,287,275,279.25,3913475
2024-07-23,282,284.5,268,270,3923882
2024-07-24,270.5,272,265,265,2704134
2024-07-25,265.5,275,260.25,274.75,7921563
2024-07-26,276,278.5,273.25,275,2849839
2024-07-29,273.75,274.75,266.25,269.25,3205913
2024-07-30,268.5,271,266.25,267.75,1891556
2024-07-31,266,266.25,258.75,258.75,2540144
2024-08-01,261,271,261,269.25,2078371
2024-08-02,266.75,267.5,262.5,263.5,1532377
2024-08-05,237.5,252.5,237.5,247.8,2729908
2024-08-06,257,260,247.1,247.7,2045469
2024-08-07,249.7,254.5,247.7,249.3,2585683
2024-08-08,248.5,249.9,243.1,243.2,2533625
2024-08-09,246.4,247.6,241.8,243.7,2039340
2024-08-12,245,247.5,240.1,240.4,1877135
2024-08-13,240,240.7,231.5,239.4,2751059
2024-08-14,240,244.3,239.3,240.9,1563731
2024-08-15,241,243.4,235.1,243.2,2086533
2024-08-16,245.5,247.4,236.7,236.7,2105365
2024-08-19,236.7,242,234.1,241.9,1769296
2024-08-20,241.8,243.8,239.3,241.8,1530748
2024-08-21,241.6,245.5,240.1,241.5,1586142
2024-08-22,242.4,244.2,240.2,241,1093324
2024-08-23,240.9,241.9,234.4,235.5,1199355
2024-08-26,235.5,238,233,234.6,1226998
2024-08-27,233.9,238.4,231.9,238.4,1631257
2024-08-28,238.5,244.7,238.3,242.5,1883814
2024-08-29,242.2,249.9,241.7,249.9,2746828
2024-09-02,251,257.75,250.75,257.25,2091649
2024-09-03,258,259.5,255.25,257.25,1522012
2024-09-04,255.25,260,252.75,258,2883650
2024-09-05,258.25,263.5,257.75,261.75,2046458
2024-09-06,262.25,264.25,260.5,261,1306320
2024-09-09,260.75,265.75,259.75,265,1901855
2024-09-10,265.5,270,265.5,266.5,2387129
2024-09-11,266.25,268,261.25,262.25,2499651
2024-09-12,263.5,266.5,261.5,263.25,2921345
2024-09-13,263.5,264,251.25,256.25,2420745
2024-09-16,256.25,257.75,253.5,253.5,1172330
2024-09-17,253.5,257.75,251.5,255.75,1655354
2024-09-18,255.25,259,253.25,255.75,1355543
2024-09-19,257.5,260,256,259.25,1695883
2024-09-20,259.75,260.5,255.5,256.75,1511093
2024-09-23,257,258.25,252.75,253.75,1129882
2024-09-24,253.75,256.5,250.75,253,3101869
2024-09-25,253,254.5,240.4,243.7,2601423
2024-09-26,244,248.1,241,244.1,1800888
2024-09-27,244.9,251,244.4,250,1833304
2024-09-30,249,251,244.6,249.7,2074573
2024-10-01,249.7,250.5,237.3,238.7,1723844
2024-10-02,237,237.5,229.9,229.9,1599432
2024-10-03,229.8,233.8,227,233.1,1393944
2024-10-04,234.4,236,229.6,236,1082356
2024-10-07,237.5,240.5,228.7,228.7,1121502
2024-10-08,228,229.4,225.2,225.9,1363181
2024-10-09,225.8,231.1,218.9,222.5,3200789
2024-10-10,223.1,225.9,219,219.4,1653625
2024-10-11,218.5,223.6,217.4,219.7,1665638
2024-10-14,220.1,220.5,209.1,210,2278409
2024-10-15,210,215.5,207.5,215.4,3080148
2024-10-16,215.5,226.9,215.2,226.9,2715945
2024-10-17,226.9,233.8,225.7,230.4,1997342
2024-10-18,230.6,231.7,224.2,224.2,1398620
2024-10-21,224.3,231.2,221.2,227.2,1923879
2024-10-22,227.9,230.3,225.5,229.7,2374683
2024-10-23,232,233.4,224,226.6,2403575
2024-10-24,228.7,229.5,217.5,224.2,3907043
2024-10-25,225.3,225.5,220.5,221,2041676
2024-10-28,222,224.3,221.3,223.6,676723
2024-10-30,224.5,229.4,222.6,228.7,1960458
2024-10-31,228.9,230.3,225,230.3,1691743
2024-11-01,230.5,236.3,229.5,233.4,2483136
2024-11-04,233,236,230.4,233,1608267
2024-11-05,233.2,234.1,222.6,222.7,2180347
2024-11-06,225.5,239.3,225,238.3,3109917
2024-11-07,238.3,241.3,236.5,241,1536829
2024-11-08,239,244.8,238.2,243,1870918
2024-11-11,244.5,245.5,240.7,242.8,1737272
2024-11-12,243,245.3,241.6,244.2,1514113
2024-11-13,244.2,245.7,241,245.2,1692580
2024-11-14,246.5,255.5,246.5,254.5,2385788
2024-11-15,254.5,262.5,254.25,260.75,2122891
2024-11-18,261.5,261.75,257.5,259.25,1303469
2024-11-19,259,264.75,255,258.75,2603131
2024-11-20,258,266.5,256,257.5,2701481
2024-11-21,259,268.5,256.75,267.75,2278614
2024-11-22,268.5,271,266,270,1444644
2024-11-25,271,280.5,270.5,276.75,3476506
2024-11-26,276.75,277,270.25,274.5,1082578
2024-11-27,275.5,279.25,273,278,1930237
2024-11-28,278.5,283,276.25,280.5,2698350
2024-11-29,280,281.75,270,274.25,1951194
2024-12-02,271.5,272.25,265.5,272.25,1042172
2024-12-03,273.25,278.5,271,277,1975160
2024-12-04,277.75,279,275.25,278.75,1510616
2024-12-05,279.5,283.75,278.5,279.25,1982021
2024-12-06,279.5,285.5,279.5,281.75,2283640
2024-12-09,283,284.25,278.5,279.5,1380139
2024-12-10,279,283.25,278.5,281.75,2656419
2024-12-11,282.25,284.5,280.5,283.75,1617867
2024-12-12,284.25,285,279.75,281.25,938278
2024-12-13,281,287.5,278.5,287.5,1595712
2024-12-16,287.5,289.75,285.25,288,1043108
2024-12-17,287.75,291.5,286.5,291.5,1746018
2024-12-18,291.5,293.25,287.25,288.5,1168862
2024-12-19,287,287.75,282.25,285,1113826
2024-12-20,284.25,287.25,281.5,285.75,698798
2024-12-23,284.5,287.75,280,281.5,1119809
2024-12-24,281.25,282.5,276.25,280.75,892705
2024-12-25,282,284.25,281.25,281.75,445324
2024-12-26,282,288,281.25,287.25,1631060
2024-12-27,288.25,289.25,283.75,284.25,758127
2024-12-30,283.5,285,272.5,273.75,1875121
2024-12-31,273.5,277,268,274,1369814
2025-01-02,274.5,278.75,272.25,276.5,1148837
2025-01-03,279,282.25,272.5,272.5,1831390
2025-01-06,273.25,275,267.75,272,1743988
2025-01-07,272.5,278.25,270.75,276,2211743
2025-01-08,276.75,281.5,276,277,1994459
2025-01-09,277.75,281,275,277,2138715
2025-01-10,277,285,275.75,284.5,2739313
2025-01-13,284.5,284.5,271,273.5,3422384
2025-01-14,275.25,275.75,268,268.25,1413287
2025-01-15,268.75,274,266,273.5,1276768
2025-01-16,274.75,277.5,273.75,276.75,1260165
2025-01-17,278,285.5,276,285,1990564
2025-01-20,285.25,287.25,282.75,282.75,1473909
2025-01-21,282.75,284.5,276.75,279.75,1442780
2025-01-22,279.25,286.25,278,285.25,2194636
2025-01-23,285.5,287.75,283.5,285,2518595
2025-01-24,285.75,290.25,281.75,285.25,3149574
2025-01-27,283.25,283.5,275.5,278,3654253
2025-01-28,279.25,280.25,276,279,1927950
2025-01-29,279.5,284,276.5,281.25,2456665
2025-01-30,282,283,277,277,1551398
2025-01-31,277.75,279,273.5,277.75,1178800
2025-02-03,275.5,275.5,266.75,267.25,1595670
2025-02-04,268,269.5,265.5,265.75,1389808
2025-02-05,266.25,270.75,263.5,268.75,2501378
2025-02-06,270.75,274,269.25,270,1418355
2025-02-07,270.75,276.25,270.5,274.75,2441209
2025-02-10,275,278,271.5,272,1616881
2025-02-11,272.25,272.75,268.75,271.75,1492783
2025-02-12,272.75,273,267.25,267.5,1254290
2025-02-13,269.25,273,269,273,1668303
2025-02-14,273,274.75,266.75,272.25,2487353
2025-02-17,271.25,272.25,262,262,2782621
2025-02-18,261,266.25,258.5,265.75,2740244
2025-02-19,257,261.75,253,253,4716043
2025-02-20,253.5,255,243.2,248.3,6645328
2025-02-21,249.1,251.75,242.5,244,5241642
2025-02-24,246.4,249.8,244,246,2932170
2025-02-25,246.5,248,239.5,240,2054500
2025-02-26,240.6,243.8,238,240.5,2304414
2025-02-27,240.5,246.5,240.2,246,2298393
2025-02-28,244.6,252,243,249.4,3189165
2025-03-03,250.75,256,250,251.25,1725298
2025-03-04,250.5,254.75,248.7,250.5,1324465
2025-03-05,252.25,259.25,251.25,257.75,2578939
2025-03-06,258.25,260,254,260,2497208
2025-03-07,260.5,260.75,255.75,256.75,2125576
2025-03-10,256.75,261.25,244,246.9,5195878
2025-03-11,246.9,252,244.6,246,5004797
2025-03-12,247.5,254.75,246.4,252.75,3566967
