Date,Open,High,Low,Close,Volume
2000-02-16,0.006,0.006,0.006,0.006,549576
2000-02-17,0.006,0.006,0.006,0.006,1386335
2000-02-18,0.006,0.006,0.006,0.006,930769
2000-02-21,0.006,0.006,0.006,0.006,744494
2000-02-22,0.006,0.006,0.0052,0.006,263757
2000-02-23,0.006,0.006,0.006,0.006,906660
2000-02-24,0.006,0.006,0.006,0.006,4852476
2000-02-25,0.006,0.006,0.006,0.006,7163363
2000-02-28,0.006,0.006,0.006,0.006,4582199
2000-02-29,0.006,0.006,0.006,0.006,1799067
2000-03-01,0.006,0.0069,0.006,0.006,3836341
2000-03-02,0.006,0.006,0.006,0.006,2939537
2000-03-03,0.006,0.006,0.006,0.006,1006583
2000-03-06,0.006,0.006,0.006,0.006,1062761
2000-03-07,0.006,0.006,0.006,0.006,987478
2000-03-08,0.006,0.006,0.006,0.006,1927571
2000-03-09,0.006,0.006,0.006,0.006,2298681
2000-03-10,0.006,0.006,0.006,0.006,4534361
2000-03-20,0.006,0.006,0.006,0.006,4533072
2000-03-21,0.006,0.006,0.006,0.006,2924223
2000-03-22,0.006,0.006,0.006,0.006,8735291
2000-03-23,0.0069,0.0069,0.0069,0.0069,8592154
2000-03-24,0.006,0.0069,0.006,0.006,1725982
2000-03-27,0.0069,0.0069,0.0069,0.0069,4567719
2000-03-28,0.0069,0.0069,0.0069,0.0069,7275492
2000-03-29,0.006,0.006,0.006,0.006,5781122
2000-03-30,0.006,0.006,0.006,0.006,2693141
2000-03-31,0.006,0.006,0.006,0.006,1963204
2000-04-03,0.006,0.006,0.0052,0.006,1163669
2000-04-04,0.0052,0.0052,0.0052,0.0052,1549487
2000-04-05,0.0052,0.0052,0.0052,0.0052,1211811
2000-04-06,0.006,0.006,0.006,0.006,6039724
2000-04-07,0.006,0.006,0.006,0.006,4051956
2000-04-10,0.006,0.006,0.006,0.006,1932120
2000-04-11,0.006,0.006,0.006,0.006,943505
2000-04-12,0.006,0.006,0.006,0.006,3568490
2000-04-13,0.006,0.006,0.006,0.006,5332000
2000-04-14,0.006,0.006,0.006,0.006,1829468
2000-04-17,0.006,0.006,0.006,0.006,4134442
2000-04-18,0.006,0.006,0.006,0.006,4939359
2000-04-19,0.0069,0.0069,0.006,0.0069,17082415
2000-04-21,0.0069,0.0069,0.0069,0.0069,10825787
2000-04-24,0.0069,0.0069,0.0069,0.0069,5061495
2000-04-25,0.0069,0.0069,0.0069,0.0069,10043690
2000-04-26,0.0069,0.0069,0.0069,0.0069,10427005
2000-04-27,0.006,0.006,0.006,0.006,6040027
2000-04-28,0.0069,0.0069,0.0069,0.0069,5494318
2000-05-01,0.0069,0.0069,0.0069,0.0069,10520408
2000-05-02,0.0069,0.0069,0.0069,0.0069,10965665
2000-05-03,0.0069,0.0069,0.0069,0.0069,4041266
2000-05-04,0.0069,0.0069,0.0069,0.0069,3313603
2000-05-05,0.0069,0.0069,0.0069,0.0069,1757217
2000-05-09,0.0069,0.0069,0.0069,0.0069,797639
2000-05-10,0.0069,0.0069,0.0069,0.0069,4990003
2000-05-11,0.0069,0.0069,0.0069,0.0069,1512338
2000-05-12,0.0069,0.0069,0.0069,0.0069,913483
2000-05-15,0.0069,0.0069,0.006,0.0069,1360103
2000-05-16,0.006,0.0069,0.006,0.006,677474
2000-05-17,0.006,0.006,0.006,0.006,1076180
2000-05-18,0.006,0.006,0.006,0.006,497567
2000-05-22,0.006,0.006,0.006,0.006,950329
2000-05-23,0.006,0.006,0.006,0.006,1570033
2000-05-24,0.006,0.006,0.006,0.006,296281
2000-05-25,0.006,0.006,0.006,0.006,1967450
2000-05-26,0.006,0.006,0.006,0.006,692182
2000-05-29,0.0043,0.0043,0.0043,0.0043,1613247
2000-05-30,0.0043,0.0043,0.0043,0.0043,461606
2000-05-31,0.0043,0.0052,0.0043,0.0043,1758380
2000-06-01,0.0052,0.0052,0.0052,0.0052,3205543
2000-06-02,0.0043,0.0043,0.0043,0.0043,6452810
2000-06-05,0.0043,0.0043,0.0043,0.0043,1480117
2000-06-06,0.0043,0.0043,0.0043,0.0043,2300703
2000-06-07,0.0043,0.0043,0.0043,0.0043,1352093
2000-06-08,0.0043,0.0043,0.0043,0.0043,1043671
2000-06-09,0.0043,0.0043,0.0043,0.0043,2042706
2000-06-12,0.0043,0.0043,0.0043,0.0043,1758885
2000-06-14,0.0043,0.0043,0.0043,0.0043,2762966
2000-06-15,0.0043,0.0043,0.0043,0.0043,1717339
2000-06-16,0.0043,0.0043,0.0043,0.0043,737898
2000-06-19,0.0043,0.0043,0.0043,0.0043,468177
2000-06-20,0.0043,0.0043,0.0043,0.0043,1288687
2000-06-21,0.0043,0.0043,0.0043,0.0043,1808923
2000-06-22,0.0043,0.0043,0.0043,0.0043,1007113
2000-06-23,0.0043,0.0043,0.0043,0.0043,2705449
2000-06-26,0.003,0.0043,0.003,0.003,612021
2000-06-27,0.003,0.003,0.003,0.003,637722
2000-06-28,0.003,0.003,0.003,0.003,611415
2000-06-29,0.003,0.003,0.003,0.003,792105
2000-06-30,0.003,0.003,0.003,0.003,1080173
2000-07-03,0.003,0.003,0.003,0.003,501636
2000-07-04,0.003,0.003,0.003,0.003,349351
2000-07-05,0.003,0.003,0.003,0.003,710933
2000-07-06,0.003,0.003,0.003,0.003,434566
2000-07-07,0.003,0.003,0.003,0.003,580457
2000-07-10,0.003,0.003,0.003,0.003,678637
2000-07-11,0.003,0.003,0.003,0.003,1017829
2000-07-12,0.003,0.003,0.003,0.003,569515
2000-07-13,0.003,0.003,0.003,0.003,914418
2000-07-14,0.003,0.003,0.003,0.003,128075
2000-07-17,0.003,0.003,0.003,0.003,83345
2000-07-19,0.003,0.003,0.003,0.003,1768286
2000-07-20,0.003,0.003,0.003,0.003,1133420
2000-07-21,0.003,0.003,0.003,0.003,1014392
2000-07-24,0.003,0.003,0.003,0.003,1165312
2000-07-25,0.003,0.003,0.003,0.003,2224434
2000-07-26,0.003,0.003,0.003,0.003,603985
2000-07-27,0.003,0.003,0.003,0.003,404493
2000-07-28,0.003,0.003,0.003,0.003,1242693
2000-07-31,0.003,0.003,0.003,0.003,396002
2000-08-01,0.003,0.003,0.003,0.003,405302
2000-08-02,0.0043,0.0043,0.003,0.0043,5611779
2000-08-03,0.0043,0.0043,0.0043,0.0043,15895573
2000-08-04,0.003,0.003,0.003,0.003,6211493
2000-08-07,0.003,0.003,0.003,0.003,4288496
2000-08-08,0.003,0.003,0.003,0.003,867666
2000-08-09,0.003,0.003,0.003,0.003,4141695
2000-08-10,0.003,0.003,0.003,0.003,5427602
2000-08-11,0.0043,0.0043,0.0043,0.0043,7419185
2000-08-14,0.0043,0.0043,0.0043,0.0043,21071901
2000-08-15,0.0043,0.0043,0.0043,0.0043,5348629
2000-08-16,0.0043,0.0043,0.0043,0.0043,1971468
2000-08-17,0.0043,0.0043,0.0043,0.0043,555969
2000-08-18,0.0043,0.0043,0.0043,0.0043,3387977
2000-08-21,0.0043,0.0043,0.0043,0.0043,15776443
2000-08-22,0.0043,0.0043,0.0043,0.0043,2162014
2000-08-23,0.0043,0.0043,0.0043,0.0043,1898939
2000-08-24,0.0043,0.0043,0.0043,0.0043,3031651
2000-08-25,0.0043,0.0043,0.0043,0.0043,9212567
2000-08-28,0.0043,0.0043,0.0043,0.0043,9954482
2000-08-29,0.0043,0.0043,0.0043,0.0043,883941
2000-08-31,0.0043,0.0043,0.0043,0.0043,2136009
2000-09-01,0.0043,0.0043,0.0043,0.0043,968170
2000-09-04,0.0043,0.0043,0.0043,0.0043,4011724
2000-09-05,0.0043,0.0043,0.0043,0.0043,10683712
2000-09-06,0.0043,0.0043,0.0043,0.0043,18974329
2000-09-07,0.0043,0.0043,0.0043,0.0043,13915815
2000-09-08,0.0043,0.0052,0.0043,0.0043,9702730
2000-09-11,0.0043,0.0043,0.0043,0.0043,11766639
2000-09-12,0.0043,0.0043,0.0043,0.0043,6781362
2000-09-14,0.0043,0.0043,0.0043,0.0043,5318000
2000-09-15,0.0043,0.0043,0.0043,0.0043,1885242
2000-09-18,0.0043,0.0043,0.0043,0.0043,6185716
2000-09-19,0.003,0.003,0.003,0.003,967690
2000-09-20,0.0043,0.0043,0.0043,0.0043,2981209
2000-09-28,0.0043,0.0043,0.0043,0.0043,4804158
2000-10-17,0.006,0.006,0.006,0.006,15334954
2000-10-18,0.0069,0.0069,0.006,0.0069,38361291
2000-10-19,0.0069,0.0069,0.0069,0.0069,17789583
2000-10-20,0.0069,0.0069,0.0069,0.0069,7633663
2000-10-23,0.0069,0.0069,0.0069,0.0069,1494042
2000-10-24,0.0069,0.0069,0.0069,0.0069,7010472
2000-10-25,0.0069,0.0069,0.006,0.0069,12439868
2000-10-26,0.006,0.006,0.006,0.006,17114663
2000-10-27,0.006,0.006,0.006,0.006,4992037
2000-10-30,0.006,0.006,0.006,0.006,1663259
2000-10-31,0.006,0.006,0.006,0.006,6349475
2000-11-01,0.006,0.006,0.006,0.006,2817148
2000-11-03,0.0069,0.0069,0.0069,0.0069,1497933
2000-11-06,0.0069,0.0069,0.0069,0.0069,3171755
2000-11-07,0.0069,0.0069,0.0069,0.0069,13783191
2000-11-08,0.0069,0.0069,0.0069,0.0069,5559695
2000-11-09,0.0069,0.0069,0.0069,0.0069,15125910
2000-11-10,0.0069,0.0069,0.0069,0.0069,14589246
2000-11-13,0.0069,0.0069,0.0069,0.0069,2707268
2000-11-14,0.0069,0.0069,0.0069,0.0069,9035616
2000-11-15,0.0069,0.0069,0.0069,0.0069,2193653
2000-11-16,0.0069,0.0069,0.0069,0.0069,743281
2000-11-17,0.006,0.0069,0.006,0.006,10853232
2000-11-20,0.006,0.006,0.006,0.006,3592119
2000-11-21,0.006,0.006,0.006,0.006,4474207
2000-11-22,0.006,0.006,0.006,0.006,7713067
2000-11-23,0.0069,0.0069,0.0069,0.0069,5211304
2000-11-24,0.0069,0.0069,0.006,0.0069,636029
2000-11-27,0.006,0.006,0.006,0.006,1864317
2000-11-28,0.0052,0.0052,0.0052,0.0052,5315877
2000-11-29,0.0052,0.0052,0.0052,0.0052,6146849
2000-11-30,0.0052,0.006,0.0052,0.0052,1672002
2000-12-01,0.0043,0.0052,0.0043,0.0043,380384
2000-12-04,0.003,0.0043,0.003,0.003,149809
2000-12-06,0.0043,0.0043,0.0043,0.0043,47783454
2000-12-07,0.003,0.0043,0.003,0.003,6246115
2000-12-08,0.003,0.003,0.003,0.003,17563228
2000-12-11,0.003,0.003,0.003,0.003,11748091
2000-12-12,0.003,0.003,0.003,0.003,12195949
2000-12-13,0.003,0.003,0.003,0.003,9796688
2000-12-14,0.003,0.003,0.003,0.003,5353835
2000-12-15,0.003,0.003,0.003,0.003,6759426
2000-12-18,0.003,0.003,0.003,0.003,3706497
2000-12-19,0.003,0.003,0.003,0.003,3052980
2000-12-20,0.003,0.003,0.003,0.003,6156402
2000-12-21,0.003,0.003,0.003,0.003,2372878
2000-12-22,0.003,0.003,0.003,0.003,3051818
2001-01-02,0.003,0.003,0.003,0.003,2362769
2001-01-03,0.003,0.003,0.003,0.003,4655234
2001-01-04,0.003,0.003,0.003,0.003,12575272
2001-01-08,0.003,0.003,0.003,0.003,6086097
2001-01-09,0.0043,0.0043,0.003,0.0043,9983291
2001-01-10,0.0043,0.0043,0.0043,0.0043,11141478
2001-01-11,0.0043,0.0043,0.0043,0.0043,17024999
2001-01-15,0.003,0.003,0.003,0.003,4406361
2001-01-16,0.003,0.003,0.003,0.003,5806090
2001-01-17,0.003,0.003,0.003,0.003,4465143
2001-01-18,0.003,0.0043,0.003,0.003,4660945
2001-01-19,0.0043,0.0043,0.003,0.0043,4363451
2001-01-22,0.003,0.003,0.003,0.003,3407588
2001-01-23,0.003,0.003,0.003,0.003,2172729
2001-01-24,0.003,0.003,0.003,0.003,4598221
2001-01-25,0.003,0.003,0.003,0.003,1364046
2001-01-26,0.003,0.003,0.003,0.003,2563626
2001-01-29,0.003,0.003,0.003,0.003,2658949
2001-01-30,0.003,0.003,0.003,0.003,2086857
2001-01-31,0.003,0.003,0.003,0.003,2138663
2001-02-01,0.003,0.003,0.003,0.003,1396899
2001-02-02,0.003,0.003,0.003,0.003,2004624
2001-02-05,0.003,0.003,0.003,0.003,1358486
2001-02-06,0.003,0.003,0.003,0.003,1008377
2001-02-07,0.003,0.003,0.003,0.003,1533718
2001-02-08,0.003,0.003,0.003,0.003,2806205
2001-02-09,0.003,0.003,0.003,0.003,1465182
2001-02-13,0.0017,0.003,0.0017,0.0017,1242743
2001-02-14,0.003,0.003,0.003,0.003,815658
2001-02-15,0.003,0.003,0.003,0.003,1381989
2001-02-16,0.003,0.003,0.003,0.003,3055305
2001-02-19,0.0017,0.003,0.0017,0.0017,4425416
2001-02-21,0.0017,0.0017,0.0017,0.0017,1879430
2001-02-22,0.0017,0.0017,0.0017,0.0017,5855723
2001-02-23,0.0017,0.0017,0.0017,0.0017,4501382
2001-02-26,0.0017,0.0017,0.0017,0.0017,6935518
2001-02-27,0.0017,0.0017,0.0017,0.0017,3279512
2001-02-28,0.0017,0.0017,0.0017,0.0017,1526288
2001-03-01,0.0017,0.0017,0.0017,0.0017,6830389
2001-03-02,0.0017,0.0017,0.0017,0.0017,5246684
2001-03-12,0.0017,0.0017,0.0017,0.0017,2444952
2001-03-13,0.0017,0.0017,0.0017,0.0017,1131499
2001-03-14,0.0017,0.0017,0.0017,0.0017,2413362
2001-03-15,0.0017,0.0017,0.0017,0.0017,1795023
2001-03-16,0.0017,0.0017,0.0017,0.0017,2801631
2001-03-19,0.0017,0.0017,0.0017,0.0017,4921695
2001-03-20,0.0017,0.0017,0.0017,0.0017,2863344
2001-03-21,0.0017,0.0017,0.0017,0.0017,12005252
2001-03-22,0.0017,0.0017,0.0017,0.0017,18389449
2001-03-23,0.003,0.003,0.003,0.003,13310920
2001-03-27,0.0017,0.0017,0.0017,0.0017,3986807
2001-03-28,0.0017,0.0017,0.0017,0.0017,6269769
2001-03-29,0.0017,0.0017,0.0017,0.0017,2597692
2001-03-30,0.0017,0.0017,0.0017,0.0017,5271399
2001-04-02,0.0017,0.0017,0.0017,0.0017,2434590
2001-04-03,0.0017,0.0017,0.0017,0.0017,2475783
2001-04-04,0.0017,0.0017,0.0017,0.0017,6933041
2001-04-05,0.0017,0.0017,0.0017,0.0017,4571288
2001-04-06,0.0017,0.0017,0.0017,0.0017,2979996
2001-04-09,0.0017,0.0017,0.0017,0.0017,2527690
2001-04-10,0.0017,0.0017,0.0017,0.0017,1723606
2001-04-11,0.0017,0.0017,0.0017,0.0017,2491754
2001-04-12,0.0017,0.0017,0.0017,0.0017,7600527
2001-04-13,0.003,0.003,0.003,0.003,5547110
2001-04-16,0.003,0.003,0.003,0.003,5590576
2001-04-17,0.003,0.003,0.003,0.003,2221679
2001-04-18,0.003,0.003,0.0017,0.003,2516520
2001-04-19,0.003,0.003,0.003,0.003,4333580
2001-04-20,0.003,0.003,0.003,0.003,7825170
2001-04-24,0.003,0.003,0.003,0.003,7118431
2001-04-25,0.003,0.003,0.003,0.003,5359394
2001-04-26,0.003,0.003,0.003,0.003,9838386
2001-04-27,0.003,0.003,0.003,0.003,16954643
2001-04-30,0.003,0.003,0.003,0.003,12743681
2001-05-01,0.003,0.003,0.003,0.003,4408434
2001-05-02,0.003,0.003,0.003,0.003,3258815
2001-05-03,0.003,0.003,0.003,0.003,9183454
2001-05-08,0.003,0.003,0.003,0.003,6343966
2001-05-09,0.003,0.003,0.003,0.003,3576905
2001-05-10,0.003,0.003,0.003,0.003,3789892
2001-05-11,0.003,0.003,0.003,0.003,2203155
2001-05-14,0.003,0.003,0.003,0.003,2913912
2001-05-15,0.003,0.003,0.003,0.003,2701911
2001-05-16,0.003,0.003,0.003,0.003,5272056
2001-05-17,0.003,0.003,0.003,0.003,3757242
2001-05-18,0.003,0.003,0.003,0.003,1399072
2001-05-21,0.003,0.003,0.003,0.003,3157351
2001-05-22,0.003,0.003,0.003,0.003,4579268
2001-05-23,0.003,0.003,0.003,0.003,1710162
2001-05-24,0.003,0.003,0.003,0.003,2479573
2001-05-25,0.003,0.003,0.003,0.003,3407284
2001-05-28,0.003,0.003,0.003,0.003,2242781
2001-05-29,0.003,0.003,0.003,0.003,5044614
2001-05-30,0.003,0.003,0.003,0.003,4579874
2001-05-31,0.003,0.003,0.003,0.003,3192099
2001-06-01,0.003,0.003,0.003,0.003,2579041
2001-06-04,0.003,0.003,0.003,0.003,4854220
2001-06-05,0.003,0.003,0.003,0.003,2211596
2001-06-06,0.003,0.003,0.003,0.003,2051982
2001-06-07,0.003,0.003,0.003,0.003,2465624
2001-06-08,0.003,0.003,0.003,0.003,5737858
2001-06-11,0.003,0.003,0.003,0.003,1914405
2001-06-12,0.003,0.003,0.003,0.003,1682161
2001-06-13,0.003,0.003,0.003,0.003,6499435
2001-06-14,0.003,0.003,0.003,0.003,1236678
2001-06-15,0.003,0.003,0.003,0.003,3217244
2001-06-19,0.003,0.003,0.003,0.003,1485904
2001-06-20,0.003,0.003,0.003,0.003,1496215
2001-06-21,0.003,0.003,0.003,0.003,1201703
2001-06-22,0.003,0.003,0.003,0.003,1409635
2001-06-25,0.003,0.003,0.003,0.003,932967
2001-06-26,0.003,0.003,0.003,0.003,1041634
2001-06-27,0.003,0.003,0.003,0.003,3494521
2001-06-28,0.003,0.003,0.003,0.003,3262783
2001-06-29,0.003,0.003,0.003,0.003,9446681
2001-07-02,0.003,0.003,0.003,0.003,8561020
2001-07-03,0.003,0.003,0.003,0.003,2059109
2001-07-04,0.003,0.003,0.003,0.003,5679582
2001-07-05,0.003,0.003,0.003,0.003,2298176
2001-07-06,0.0017,0.0017,0.0017,0.0017,5582287
2001-07-09,0.0017,0.0017,0.0017,0.0017,6430495
2001-07-10,0.0017,0.0017,0.0017,0.0017,5660528
2001-07-11,0.0017,0.0017,0.0017,0.0017,5003321
2001-07-12,0.0017,0.0017,0.0017,0.0017,4487988
2001-07-13,0.0017,0.0017,0.0017,0.0017,4586950
2001-07-16,0.0017,0.0017,0.0017,0.0017,4362490
2001-07-17,0.0017,0.0017,0.0017,0.0017,6698674
2001-07-18,0.0017,0.0017,0.0017,0.0017,19936661
2001-07-20,0.0017,0.0017,0.0017,0.0017,12747875
2001-07-23,0.0017,0.0017,0.0017,0.0017,14384049
2001-07-24,0.0017,0.0017,0.0017,0.0017,10440451
2001-07-25,0.0017,0.0017,0.0017,0.0017,6171362
2001-07-26,0.0017,0.0017,0.0017,0.0017,6003308
2001-07-27,0.0017,0.0017,0.0017,0.0017,5767981
2001-07-30,0.0017,0.0017,0.0017,0.0017,2617605
2001-07-31,0.0017,0.0017,0.0017,0.0017,2796577
2001-08-01,0.0017,0.0017,0.0017,0.0017,9296720
2001-08-02,0.0017,0.0017,0.0017,0.0017,7934949
2001-08-03,0.0017,0.0017,0.0017,0.0017,3258487
2001-08-06,0.0017,0.0017,0.0017,0.0017,2955888
2001-08-07,0.0017,0.0017,0.0017,0.0017,3628560
2001-08-08,0.0017,0.0017,0.0017,0.0017,2244398
2001-08-09,0.0017,0.0017,0.0017,0.0017,3398743
2001-08-10,0.0017,0.0017,0.0017,0.0017,3508572
2001-08-13,0.0017,0.0017,0.0017,0.0017,1999772
2001-08-14,0.0017,0.0017,0.0017,0.0017,1837479
2001-08-15,0.0009,0.0009,0.0009,0.0009,2177242
2001-08-16,0.0009,0.0009,0.0009,0.0009,6084238
2001-08-17,0.0009,0.0009,0.0009,0.0009,4985093
2001-08-20,0.0009,0.0009,0.0009,0.0009,3567737
2001-08-21,0.0009,0.0009,0.0009,0.0009,8532012
2001-08-22,0.0009,0.0009,0.0009,0.0009,4051885
2001-08-23,0.0009,0.0009,0.0009,0.0009,2730987
2001-08-24,0.0009,0.0009,0.0009,0.0009,5955972
2001-08-27,0.0009,0.0009,0.0009,0.0009,4897238
2001-08-28,0.0009,0.0009,0.0009,0.0009,5484046
2001-08-29,0.0009,0.0009,0.0009,0.0009,3158454
2001-08-31,0.0009,0.0009,0.0009,0.0009,25863858
2001-09-03,0.0009,0.0009,0.0009,0.0009,8535892
2001-09-04,0.0009,0.0009,0.0009,0.0009,10192092
2001-09-05,0.0009,0.0009,0.0009,0.0009,7790169
2001-09-06,0.0009,0.0009,0.0009,0.0009,21820839
2001-09-07,0.0009,0.0009,0.0009,0.0009,7988914
2001-09-11,0.0009,0.0009,0.0009,0.0009,11709607
2001-09-14,0.0009,0.0009,0.0009,0.0009,6502590
2001-09-17,0.0009,0.0009,0.0009,0.0009,4668258
2001-09-18,0.0009,0.0009,0.0009,0.0009,5698401
2001-09-19,0.0009,0.0009,0.0009,0.0009,4537690
2001-09-20,0.0009,0.0009,0.0009,0.0009,7102172
2001-09-24,0.0009,0.0009,0.0009,0.0009,1449338
2001-09-25,0.0009,0.0009,0.0009,0.0009,4485378
2001-09-28,0.0009,0.0009,0.0009,0.0009,3146531
2001-10-01,0.0009,0.0009,0.0009,0.0009,1409774
2001-10-02,0.0009,0.0009,0.0009,0.0009,1427015
2001-10-03,0.0009,0.0009,0.0009,0.0009,959190
2001-10-04,0.0009,0.0009,0.0009,0.0009,1507041
2001-10-05,0.0009,0.0009,0.0009,0.0009,1473402
2001-10-08,0.0009,0.0009,0.0009,0.0009,679686
2001-10-09,0.0009,0.0009,0.0009,0.0009,2250467
2001-10-10,0.0009,0.0009,0.0009,0.0009,1014250
2001-10-11,0.0009,0.0009,0.0009,0.0009,2875932
2001-10-12,0.0009,0.0009,0.0009,0.0009,1349769
2001-10-15,0.0009,0.0009,0.0009,0.0009,1263481
2001-10-16,0.0009,0.0009,0.0009,0.0009,1692869
2001-10-17,0.0009,0.0009,0.0009,0.0009,1049798
2001-10-18,0.0009,0.0009,0.0009,0.0009,1018967
2001-10-19,0.0009,0.0009,0.0009,0.0009,3314951
2001-10-22,0.0009,0.0009,0.0009,0.0009,1015486
2001-10-23,0.0009,0.0009,0.0009,0.0009,8244458
2001-10-24,0.0009,0.0009,0.0009,0.0009,1625479
2001-10-25,0.0009,0.0009,0.0009,0.0009,565656
2001-10-26,0.0009,0.0009,0.0009,0.0009,5265110
2001-10-30,0.0009,0.0009,0.0009,0.0009,174512
2001-10-31,0.0009,0.0009,0.0009,0.0009,7525
2001-11-01,0.0009,0.0009,0.0009,0.0009,411782
2001-11-02,0.0009,0.0009,0.0009,0.0009,627318
2001-11-05,0.0009,0.0009,0.0009,0.0009,252741
2001-11-06,0.0009,0.0009,0.0009,0.0009,1696688
2001-11-07,0.0009,0.0009,0.0009,0.0009,441349
2001-11-08,0.0009,0.0009,0.0009,0.0009,7273
2001-11-09,0.0009,0.0009,0.0009,0.0009,3860895
2001-11-12,0.0009,0.0009,0.0009,0.0009,410968
2001-11-13,0.0009,0.0009,0.0009,0.0009,1027001
2001-11-14,0.0009,0.0009,0.0009,0.0009,1319163
2001-11-15,0.0009,0.0017,0.0009,0.0009,1504654
2001-11-16,0.0009,0.0017,0.0009,0.0009,1799683
2001-11-19,0.0017,0.0017,0.0009,0.0017,1082792
2001-11-20,0.0017,0.0017,0.0017,0.0017,607663
2001-11-21,0.0017,0.0017,0.0017,0.0017,284892
2001-11-22,0.0017,0.0017,0.0017,0.0017,468446
2001-11-23,0.0017,0.0017,0.0017,0.0017,177264
2001-11-26,0.0017,0.0017,0.0017,0.0017,207927
2001-11-27,0.0017,0.0017,0.0017,0.0017,104174
2001-11-28,0.0017,0.0017,0.0009,0.0017,11512
2001-11-29,0.0009,0.0017,0.0009,0.0009,462240
2001-11-30,0.0017,0.0017,0.0009,0.0017,239039
2001-12-03,0.0017,0.0017,0.0009,0.0017,279950
2001-12-04,0.0017,0.0017,0.0017,0.0017,296011
2001-12-05,0.0017,0.0017,0.0017,0.0017,853300
2001-12-06,0.0017,0.0017,0.0017,0.0017,2677187
2001-12-07,0.0017,0.0017,0.0017,0.0017,525756
2001-12-10,0.0017,0.0017,0.0017,0.0017,1050472
2001-12-12,0.0017,0.0017,0.0017,0.0017,69637
2001-12-13,0.0017,0.0017,0.0017,0.0017,211998
2001-12-14,0.0017,0.0017,0.0017,0.0017,2989933
2001-12-20,0.0017,0.0017,0.0017,0.0017,1100229
2001-12-21,0.0017,0.0017,0.0017,0.0017,85922
2001-12-24,0.0017,0.0017,0.0017,0.0017,79408
2001-12-25,0.0017,0.0017,0.0017,0.0017,74747
2001-12-26,0.0017,0.0017,0.0017,0.0017,708860
2001-12-27,0.0017,0.0017,0.0017,0.0017,689345
2001-12-28,0.0017,0.0017,0.0017,0.0017,32460526
2002-01-02,0.0017,0.0017,0.0017,0.0017,15128084
2002-01-03,0.0017,0.0017,0.0017,0.0017,31357938
2002-01-07,0.0017,0.0017,0.0017,0.0017,972749
2002-01-08,0.0017,0.0017,0.0017,0.0017,1629635
2002-01-09,0.0017,0.0017,0.0017,0.0017,123745
2002-01-10,0.0017,0.0017,0.0017,0.0017,1082792
2002-01-11,0.0017,0.0017,0.0017,0.0017,545299
2002-01-14,0.0017,0.0017,0.0017,0.0017,1897960
2002-01-15,0.0017,0.0017,0.0017,0.0017,60230
2002-01-16,0.0017,0.0017,0.0017,0.0017,611510
2002-01-17,0.0017,0.0017,0.0017,0.0017,3645387
2002-01-18,0.0017,0.0017,0.0017,0.0017,47735
2002-01-21,0.0017,0.0017,0.0017,0.0017,3204655
2002-01-22,0.0017,0.0017,0.0017,0.0017,309349
2002-01-23,0.0017,0.0017,0.0017,0.0017,403218
2002-01-24,0.0017,0.0017,0.0017,0.0017,116332
2002-01-25,0.0017,0.0017,0.0017,0.0017,199924
2002-01-28,0.0017,0.0017,0.0017,0.0017,593651
2002-01-29,0.0017,0.0017,0.0017,0.0017,224690
2002-01-30,0.0017,0.0017,0.0017,0.0017,279894
2002-01-31,0.0017,0.0017,0.0017,0.0017,558187
2002-02-01,0.003,0.003,0.0017,0.003,1807404
2002-02-04,0.003,0.003,0.003,0.003,2033021
2002-02-05,0.003,0.003,0.0017,0.003,872955
2002-02-06,0.003,0.003,0.0017,0.003,570149
2002-02-07,0.0017,0.003,0.0017,0.0017,709787
2002-02-08,0.0017,0.0017,0.0017,0.0017,715375
2002-02-11,0.0017,0.0017,0.0017,0.0017,378368
2002-02-12,0.0017,0.003,0.0017,0.0017,2609095
2002-02-13,0.003,0.003,0.0017,0.003,2919735
2002-02-14,0.003,0.003,0.003,0.003,1791287
2002-02-15,0.003,0.003,0.003,0.003,1737796
2002-02-18,0.003,0.003,0.003,0.003,2222781
2002-02-19,0.0017,0.003,0.0017,0.0017,3738863
2002-02-20,0.0017,0.0017,0.0017,0.0017,727589
2002-02-21,0.0017,0.0017,0.0017,0.0017,7996462
2002-02-27,0.0017,0.0017,0.0017,0.0017,5682283
2002-03-01,0.0017,0.0017,0.0017,0.0017,129642
2002-03-04,0.0017,0.0017,0.0017,0.0017,2680500
2002-03-05,0.0017,0.0017,0.0017,0.0017,242099
2002-03-06,0.0017,0.0017,0.0017,0.0017,142502
2002-03-07,0.0017,0.0017,0.0017,0.0017,355399
2002-03-08,0.0017,0.0017,0.0017,0.0017,320356
2002-03-11,0.0017,0.0017,0.0017,0.0017,83199
2002-03-12,0.0017,0.0017,0.0017,0.0017,107403
2002-03-13,0.0017,0.0017,0.0017,0.0017,217614
2002-03-14,0.0017,0.0017,0.0017,0.0017,452076
2002-03-15,0.0017,0.0017,0.0017,0.0017,312831
2002-03-18,0.0017,0.0017,0.0017,0.0017,781979
2002-03-19,0.0017,0.0017,0.0017,0.0017,85305
2002-03-20,0.0017,0.0017,0.0017,0.0017,762492
2002-03-21,0.0017,0.0017,0.0017,0.0017,595420
2002-03-22,0.0017,0.0017,0.0017,0.0017,659048
2002-03-25,0.0017,0.0017,0.0017,0.0017,1127044
2002-03-26,0.0017,0.0017,0.0017,0.0017,842574
2002-03-27,0.0017,0.0017,0.0017,0.0017,756539
2002-03-28,0.0017,0.0017,0.0017,0.0017,589692
2002-03-29,0.0017,0.0017,0.0017,0.0017,255240
2002-04-01,0.0017,0.0017,0.0017,0.0017,315498
2002-04-02,0.0017,0.0017,0.0017,0.0017,1095708
2002-04-03,0.0017,0.0017,0.0017,0.0017,1508136
2002-04-04,0.0017,0.0017,0.0017,0.0017,1991660
2002-04-05,0.0017,0.0017,0.0017,0.0017,1360411
2002-04-08,0.0017,0.0017,0.0017,0.0017,5063951
2002-04-09,0.0017,0.0017,0.0017,0.0017,245076
2002-04-10,0.0017,0.0017,0.0017,0.0017,2212504
2002-04-11,0.0017,0.0017,0.0017,0.0017,3965154
2002-04-12,0.0017,0.0017,0.0017,0.0017,783018
2002-04-15,0.003,0.003,0.0017,0.003,7010909
2002-04-16,0.0017,0.003,0.0017,0.0017,1039353
2002-04-17,0.0017,0.0017,0.0017,0.0017,18205344
2002-04-18,0.0017,0.0017,0.0017,0.0017,3048310
2002-04-19,0.0017,0.0017,0.0017,0.0017,2496581
2002-04-22,0.0017,0.0017,0.0017,0.0017,1834136
2002-04-24,0.0017,0.0017,0.0017,0.0017,741517
2002-04-25,0.0017,0.0017,0.0017,0.0017,9761888
2002-04-26,0.0017,0.0017,0.0017,0.0017,606652
2002-04-29,0.0017,0.0017,0.0017,0.0017,1800946
2002-04-30,0.0017,0.003,0.0017,0.0017,9458576
2002-05-01,0.0017,0.0017,0.0017,0.0017,1461019
2002-05-02,0.0017,0.0017,0.0017,0.0017,1310177
2002-05-03,0.0017,0.0017,0.0017,0.0017,4320469
2002-05-06,0.0017,0.0017,0.0017,0.0017,355792
2002-05-07,0.0017,0.0017,0.0017,0.0017,1740772
2002-05-08,0.0017,0.0017,0.0017,0.0017,1099224
2002-05-09,0.0017,0.0017,0.0017,0.0017,2218400
2002-05-10,0.0017,0.0017,0.0017,0.0017,2458983
2002-05-14,0.0017,0.003,0.0017,0.0017,6914625
2002-05-15,0.0017,0.003,0.0017,0.0017,5695509
2002-05-16,0.0017,0.003,0.0017,0.0017,1711171
2002-05-17,0.0017,0.0017,0.0017,0.0017,3233465
2002-05-20,0.0017,0.0017,0.0017,0.0017,1093406
2002-05-21,0.0017,0.0017,0.0017,0.0017,3564126
2002-05-22,0.0017,0.0017,0.0017,0.0017,1139764
2002-05-23,0.0017,0.0017,0.0017,0.0017,2278181
2002-05-24,0.0017,0.0017,0.0017,0.0017,671936
2002-05-27,0.0017,0.0017,0.0017,0.0017,8229632
2002-05-28,0.0017,0.0017,0.0017,0.0017,3360355
2002-05-29,0.0017,0.0017,0.0017,0.0017,1945217
2002-05-30,0.0017,0.003,0.0017,0.0017,9293442
2002-06-03,0.0009,0.0009,0.0009,0.0009,113686
2002-06-04,0.0009,0.0009,0.0009,0.0009,213753
2002-06-05,0.0009,0.0009,0.0009,0.0009,1358193
2002-06-06,0.0009,0.0009,0.0009,0.0009,1833557
2002-06-07,0.0009,0.0009,0.0009,0.0009,539182
2002-06-10,0.0009,0.0009,0.0009,0.0009,417415
2002-06-11,0.0009,0.0009,0.0009,0.0009,616515
2002-06-12,0.0009,0.0009,0.0009,0.0009,783572
2002-06-13,0.0017,0.0017,0.0009,0.0017,3517827
2002-06-14,0.0017,0.0017,0.0017,0.0017,4145935
2002-06-17,0.0017,0.0017,0.0009,0.0017,869474
2002-06-18,0.0017,0.0017,0.0009,0.0017,682978
2002-06-19,0.0009,0.0009,0.0009,0.0009,641189
2002-06-20,0.0009,0.0017,0.0009,0.0009,1632650
2002-06-21,0.0009,0.0009,0.0009,0.0009,186288
2002-06-24,0.0009,0.0009,0.0009,0.0009,401445
2002-06-25,0.0009,0.0017,0.0009,0.0009,412010
2002-06-26,0.0009,0.0017,0.0009,0.0009,2708839
2002-06-27,0.0009,0.0009,0.0009,0.0009,1893773
2002-06-28,0.0017,0.0017,0.0009,0.0017,3381793
2002-07-01,0.0009,0.0009,0.0009,0.0009,2900568
2002-07-02,0.0009,0.0009,0.0009,0.0009,1468369
2002-07-03,0.0009,0.0009,0.0009,0.0009,1627455
2002-07-04,0.0009,0.0009,0.0009,0.0009,4703360
2002-07-05,0.0009,0.0009,0.0009,0.0009,832339
2002-07-08,0.0009,0.0009,0.0009,0.0009,482682
2002-07-09,0.0009,0.0009,0.0009,0.0009,1045952
2002-07-10,0.0009,0.0009,0.0009,0.0009,1905089
2002-07-11,0.0009,0.0009,0.0009,0.0009,3153983
2002-07-12,0.0009,0.0009,0.0009,0.0009,504619
2002-07-15,0.0009,0.0009,0.0009,0.0009,767686
2002-07-16,0.0009,0.0009,0.0009,0.0009,2067422
2002-07-17,0.0009,0.0009,0.0009,0.0009,7434206
2002-07-18,0.0009,0.0009,0.0009,0.0009,3624854
2002-07-19,0.0009,0.0009,0.0009,0.0009,1703269
2002-07-22,0.0009,0.0009,0.0009,0.0009,906082
2002-07-23,0.0009,0.0009,0.0009,0.0009,2375381
2002-07-24,0.0009,0.0009,0.0009,0.0009,1150266
2002-07-25,0.0009,0.0009,0.0009,0.0009,2002436
2002-07-26,0.0017,0.0017,0.0009,0.0017,5127497
2002-07-29,0.0017,0.0017,0.0009,0.0017,3411645
2002-07-30,0.0017,0.0017,0.0017,0.0017,12139392
2002-07-31,0.0017,0.0017,0.0017,0.0017,3996027
2002-08-01,0.0017,0.0017,0.0017,0.0017,11449432
2002-08-02,0.0017,0.0017,0.0017,0.0017,15270684
2002-08-05,0.0017,0.0017,0.0017,0.0017,20688151
2002-08-06,0.0017,0.0017,0.0017,0.0017,1432813
2002-08-07,0.0017,0.0017,0.0017,0.0017,6305877
2002-08-08,0.0017,0.0017,0.0017,0.0017,2671792
2002-08-09,0.0017,0.0017,0.0017,0.0017,3627697
2002-08-12,0.0017,0.0017,0.0017,0.0017,1032971
2002-08-13,0.0017,0.0017,0.0017,0.0017,2748747
2002-08-14,0.0017,0.0017,0.0017,0.0017,56876
2002-08-15,0.0017,0.0017,0.0017,0.0017,2797061
2002-08-16,0.0017,0.0017,0.0017,0.0017,2017827
2002-08-19,0.0017,0.0017,0.0017,0.0017,1372145
2002-08-20,0.0017,0.0017,0.0017,0.0017,2796043
2002-08-21,0.0017,0.0017,0.0017,0.0017,3024766
2002-08-22,0.0017,0.0017,0.0017,0.0017,3784099
2002-08-23,0.0017,0.0017,0.0017,0.0017,1480759
2002-08-26,0.0017,0.0017,0.0017,0.0017,1842367
2002-08-27,0.0017,0.0017,0.0017,0.0017,2666914
2002-08-28,0.0017,0.0017,0.0017,0.0017,398111
2002-08-29,0.0017,0.0017,0.0017,0.0017,952781
2002-09-02,0.0017,0.0017,0.0017,0.0017,654229
2002-09-03,0.0017,0.0017,0.0017,0.0017,2517181
2002-09-04,0.0017,0.0017,0.0017,0.0017,5983019
2002-09-05,0.0017,0.0017,0.0017,0.0017,3834571
2002-09-06,0.0017,0.0017,0.0017,0.0017,11254651
2002-09-09,0.0017,0.0017,0.0017,0.0017,7714578
2002-09-10,0.0017,0.0017,0.0017,0.0017,2316485
2002-09-11,0.0017,0.0017,0.0017,0.0017,6781312
2002-09-12,0.0017,0.0017,0.0017,0.0017,1108779
2002-09-13,0.0017,0.0017,0.0017,0.0017,7044326
2002-09-16,0.0017,0.0017,0.0017,0.0017,4193792
2002-09-17,0.0017,0.0017,0.0017,0.0017,4330415
2002-09-18,0.0017,0.0017,0.0017,0.0017,1628719
2002-09-19,0.0017,0.0017,0.0017,0.0017,5538261
2002-09-20,0.0017,0.0017,0.0017,0.0017,10181075
2002-09-23,0.0017,0.0017,0.0017,0.0017,15392196
2002-09-24,0.0017,0.0017,0.0017,0.0017,6194456
2002-09-25,0.0017,0.0017,0.0017,0.0017,820089
2002-09-26,0.0017,0.0017,0.0017,0.0017,2773264
2002-09-27,0.0017,0.0017,0.0017,0.0017,12422430
2002-09-30,0.0017,0.0017,0.0017,0.0017,2560739
2002-10-01,0.0017,0.0017,0.0017,0.0017,4797671
2002-10-02,0.0017,0.0017,0.0017,0.0017,13520487
2002-10-03,0.0017,0.0017,0.0017,0.0017,855522
2002-10-04,0.0017,0.0017,0.0017,0.0017,4058819
2002-10-07,0.0017,0.0017,0.0017,0.0017,302361
2002-10-08,0.0017,0.0017,0.0017,0.0017,575800
2002-10-09,0.0017,0.0017,0.0017,0.0017,1778521
2002-10-10,0.0017,0.0017,0.0017,0.0017,567201
2002-10-11,0.0017,0.0017,0.0017,0.0017,3798875
2002-10-14,0.0017,0.0017,0.0017,0.0017,647806
2002-10-15,0.0017,0.0017,0.0017,0.0017,1127574
2002-10-16,0.0017,0.0017,0.0017,0.0017,4728824
2002-10-17,0.0017,0.0017,0.0017,0.0017,1730190
2002-10-18,0.0017,0.0017,0.0017,0.0017,3185168
2002-10-21,0.0017,0.0017,0.0017,0.0017,385984
2002-10-22,0.003,0.003,0.0017,0.003,5166686
2002-10-23,0.003,0.003,0.0017,0.003,1934151
2002-10-24,0.003,0.003,0.0017,0.003,7980190
2002-10-25,0.003,0.003,0.0017,0.003,2725792
2002-10-28,0.003,0.003,0.0017,0.003,2131723
2002-10-30,0.003,0.003,0.003,0.003,1321040
2002-10-31,0.0017,0.003,0.0017,0.0017,1022453
2002-11-01,0.0017,0.0017,0.0017,0.0017,21551
2002-11-04,0.0017,0.0017,0.0017,0.0017,686309
2002-11-05,0.0017,0.0017,0.0017,0.0017,2886809
2002-11-06,0.0017,0.0017,0.0017,0.0017,2043554
2002-11-07,0.0017,0.0017,0.0017,0.0017,2936860
2002-11-08,0.0017,0.0017,0.0017,0.0017,3884780
2002-11-11,0.0017,0.0017,0.0017,0.0017,1722065
2002-11-12,0.0017,0.0017,0.0017,0.0017,911961
2002-11-13,0.0017,0.0017,0.0017,0.0017,655211
2002-11-14,0.0017,0.0017,0.0017,0.0017,5713493
2002-11-15,0.0017,0.0017,0.0017,0.0017,1934836
2002-11-18,0.0017,0.0017,0.0017,0.0017,1732436
2002-11-19,0.0017,0.0017,0.0017,0.0017,1542533
2002-11-20,0.0017,0.0017,0.0017,0.0017,967365
2002-11-21,0.0017,0.0017,0.0017,0.0017,1118185
2002-11-22,0.0017,0.0017,0.0017,0.0017,2099485
2002-11-25,0.0017,0.0017,0.0017,0.0017,391267
2002-11-26,0.0017,0.0017,0.0017,0.0017,557461
2002-11-27,0.0017,0.0017,0.0017,0.0017,1147476
2002-11-28,0.0017,0.0017,0.0017,0.0017,740520
2002-11-29,0.0017,0.0017,0.0017,0.0017,22814
2002-12-02,0.0017,0.0017,0.0017,0.0017,635644
2002-12-03,0.0017,0.0017,0.0017,0.0017,776900
2002-12-04,0.0017,0.0017,0.0017,0.0017,4507267
2002-12-09,0.0017,0.0017,0.0017,0.0017,903555
2002-12-10,0.0017,0.0017,0.0017,0.0017,7994299
2002-12-12,0.0017,0.0017,0.0017,0.0017,569745
2002-12-13,0.0017,0.0017,0.0017,0.0017,2151923
2002-12-16,0.0017,0.0017,0.0017,0.0017,1888908
2002-12-17,0.0017,0.0017,0.0017,0.0017,1439728
2002-12-18,0.0017,0.0017,0.0017,0.0017,430736
2002-12-19,0.0017,0.0017,0.0017,0.0017,492738
2002-12-20,0.0017,0.0017,0.0017,0.0017,718758
2002-12-23,0.0017,0.0017,0.0017,0.0017,628712
2002-12-24,0.0017,0.0017,0.0009,0.0017,1485339
2002-12-25,0.0017,0.0017,0.0009,0.0017,416240
2002-12-26,0.0009,0.0017,0.0009,0.0009,3185537
2002-12-27,0.0009,0.0009,0.0009,0.0009,52736
2002-12-30,0.0009,0.0017,0.0009,0.0009,168633
2002-12-31,0.0009,0.0009,0.0009,0.0009,5855908
2003-01-02,0.0017,0.0017,0.0009,0.0017,44014
2003-01-03,0.0017,0.0017,0.0017,0.0017,603511
2003-01-06,0.0017,0.0017,0.0009,0.0017,422522
2003-01-07,0.0009,0.0017,0.0009,0.0009,588593
2003-01-08,0.0017,0.0017,0.0009,0.0017,463834
2003-01-09,0.0017,0.0017,0.0009,0.0017,565498
2003-01-10,0.0017,0.0017,0.0009,0.0017,298956
2003-01-13,0.0017,0.0017,0.0009,0.0017,366785
2003-01-14,0.0009,0.0017,0.0009,0.0009,398392
2003-01-15,0.0017,0.0017,0.0009,0.0017,269385
2003-01-16,0.0017,0.0017,0.0009,0.0017,1444431
2003-01-17,0.0009,0.0009,0.0009,0.0009,120214
2003-01-21,0.0009,0.0017,0.0009,0.0009,131674
2003-01-22,0.0009,0.0009,0.0009,0.0009,794906
2003-01-23,0.0017,0.0017,0.0009,0.0017,200574
2003-01-24,0.0009,0.0017,0.0009,0.0009,704982
2003-01-27,0.0009,0.0009,0.0009,0.0009,488280
2003-01-28,0.0009,0.0009,0.0009,0.0009,764282
2003-01-29,0.0009,0.0009,0.0009,0.0009,1170869
2003-01-30,0.0009,0.0009,0.0009,0.0009,940602
2003-01-31,0.0009,0.0009,0.0009,0.0009,655352
2003-02-03,0.0009,0.0009,0.0009,0.0009,96575
2003-02-04,0.0009,0.0009,0.0009,0.0009,360924
2003-02-05,0.0009,0.0009,0.0009,0.0009,73515
2003-02-06,0.0009,0.0009,0.0009,0.0009,149171
2003-02-07,0.0009,0.0009,0.0009,0.0009,5617339
2003-02-17,0.0009,0.0009,0.0009,0.0009,230127
2003-02-18,0.0017,0.0017,0.0009,0.0017,1479986
2003-02-19,0.0017,0.0017,0.0009,0.0017,1074470
2003-02-20,0.0017,0.0017,0.0017,0.0017,481682
2003-02-21,0.0017,0.0017,0.0017,0.0017,289234
2003-02-24,0.0017,0.0017,0.0017,0.0017,1736982
2003-02-25,0.0017,0.0017,0.0009,0.0017,338021
2003-02-26,0.0017,0.0017,0.0009,0.0017,168247
2003-02-27,0.0017,0.0017,0.0009,0.0017,526644
2003-02-28,0.0017,0.0017,0.0017,0.0017,397497
2003-03-03,0.0009,0.0009,0.0009,0.0009,365328
2003-03-04,0.0009,0.0017,0.0009,0.0009,875019
2003-03-05,0.0017,0.0017,0.0009,0.0017,159227
2003-03-06,0.0017,0.0017,0.0009,0.0017,168493
2003-03-07,0.0017,0.0017,0.0009,0.0017,119161
2003-03-10,0.0009,0.0017,0.0009,0.0009,243061
2003-03-11,0.0009,0.0009,0.0009,0.0009,124619
2003-03-12,0.0009,0.0009,0.0009,0.0009,20428
2003-03-13,0.0009,0.0009,0.0009,0.0009,60985
2003-03-14,0.0009,0.0009,0.0009,0.0009,313663
2003-03-17,0.0009,0.0009,0.0009,0.0009,407412
2003-03-18,0.0009,0.0009,0.0009,0.0009,1049830
2003-03-19,0.0009,0.0009,0.0009,0.0009,193922
2003-03-20,0.0009,0.0009,0.0009,0.0009,235164
2003-03-21,0.0009,0.0009,0.0009,0.0009,89818
2003-03-24,0.0009,0.0009,0.0009,0.0009,126041
2003-03-25,0.0009,0.0009,0.0009,0.0009,212349
2003-03-26,0.0009,0.0009,0.0009,0.0009,225564
2003-03-27,0.0009,0.0009,0.0009,0.0009,37486
2003-03-28,0.0009,0.0009,0.0009,0.0009,399532
2003-03-31,0.0009,0.0009,0.0009,0.0009,197450
2003-04-01,0.0009,0.0009,0.0009,0.0009,456112
2003-04-02,0.0009,0.0009,0.0009,0.0009,1182926
2003-04-03,0.0009,0.0009,0.0009,0.0009,4747971
2003-04-04,0.0009,0.0009,0.0009,0.0009,3667658
2003-04-07,0.0009,0.0009,0.0009,0.0009,2297970
2003-04-08,0.0009,0.0009,0.0009,0.0009,1696091
2003-04-09,0.0009,0.0009,0.0009,0.0009,775549
2003-04-10,0.0009,0.0009,0.0009,0.0009,2328997
2003-04-11,0.0009,0.0009,0.0009,0.0009,2008090
2003-04-14,0.0009,0.0009,0.0009,0.0009,5868333
2003-04-15,0.0017,0.0017,0.0009,0.0017,6190876
2003-04-16,0.0017,0.0017,0.0017,0.0017,5571237
2003-04-17,0.0017,0.0017,0.0017,0.0017,497669
2003-04-18,0.0017,0.0017,0.0017,0.0017,2071177
2003-04-21,0.0017,0.0017,0.0017,0.0017,1368073
2003-04-22,0.0017,0.0017,0.0017,0.0017,7521463
2003-04-24,0.0017,0.0017,0.0017,0.0017,2271979
2003-04-25,0.0017,0.0017,0.0017,0.0017,738554
2003-04-28,0.0017,0.0017,0.0017,0.0017,5596210
2003-04-29,0.0017,0.0017,0.0017,0.0017,248080
2003-04-30,0.0017,0.0017,0.0017,0.0017,576204
2003-05-01,0.0017,0.0017,0.0017,0.0017,1516462
2003-05-02,0.0017,0.0017,0.0017,0.0017,2729952
2003-05-05,0.0017,0.0017,0.0017,0.0017,878055
2003-05-06,0.0017,0.0017,0.0017,0.0017,12768647
2003-05-08,0.0009,0.0009,0.0009,0.0009,2089271
2003-05-09,0.0009,0.0009,0.0009,0.0009,405675
2003-05-12,0.0009,0.0009,0.0009,0.0009,318950
2003-05-13,0.0009,0.0009,0.0009,0.0009,662938
2003-05-14,0.0009,0.0009,0.0009,0.0009,435407
2003-05-15,0.0009,0.0009,0.0009,0.0009,457218
2003-05-16,0.0009,0.0009,0.0009,0.0009,3472665
2003-05-20,0.0009,0.0009,0.0009,0.0009,549318
2003-05-21,0.0009,0.0009,0.0009,0.0009,715845
2003-05-22,0.0009,0.0009,0.0009,0.0009,579889
2003-05-23,0.0009,0.0009,0.0009,0.0009,2207783
2003-05-26,0.0009,0.0009,0.0009,0.0009,1133278
2003-05-27,0.0009,0.0009,0.0009,0.0009,671568
2003-05-28,0.0009,0.0009,0.0009,0.0009,1245753
2003-05-29,0.0017,0.0017,0.0009,0.0017,10963381
2003-05-30,0.0017,0.0017,0.0017,0.0017,14901443
2003-06-02,0.0017,0.0017,0.0017,0.0017,4345350
2003-06-03,0.0017,0.0017,0.0017,0.0017,2661631
2003-06-04,0.0017,0.0017,0.0017,0.0017,2172350
2003-06-05,0.0017,0.0017,0.0017,0.0017,5515605
2003-06-06,0.0017,0.0017,0.0017,0.0017,2278999
2003-06-09,0.0017,0.0017,0.0017,0.0017,2006577
2003-06-10,0.0017,0.0017,0.0017,0.0017,2029848
2003-06-11,0.0017,0.0017,0.0017,0.0017,713213
2003-06-12,0.0017,0.0017,0.0017,0.0017,1056323
2003-06-13,0.0017,0.0017,0.0017,0.0017,900133
2003-06-16,0.0017,0.0017,0.0017,0.0017,256416
2003-06-17,0.0017,0.0017,0.0017,0.0017,8556762
2003-06-18,0.0017,0.0017,0.0017,0.0017,147662
2003-06-19,0.0017,0.0017,0.0017,0.0017,345076
2003-06-20,0.0017,0.0017,0.0017,0.0017,1313406
2003-06-23,0.0017,0.0017,0.0017,0.0017,1490165
2003-06-24,0.0017,0.0017,0.0017,0.0017,777216
2003-06-25,0.0017,0.0017,0.0017,0.0017,263752
2003-06-26,0.0017,0.0017,0.0017,0.0017,252731
2003-06-27,0.0017,0.0017,0.0017,0.0017,533663
2003-06-30,0.0017,0.0017,0.0017,0.0017,372120
2003-07-01,0.0017,0.0017,0.0017,0.0017,614093
2003-07-02,0.0017,0.0017,0.0017,0.0017,376139
2003-07-03,0.0017,0.0017,0.0017,0.0017,648472
2003-07-04,0.0017,0.0017,0.0017,0.0017,213578
2003-07-07,0.0017,0.0017,0.0017,0.0017,94627
2003-07-08,0.0017,0.0017,0.0017,0.0017,300325
2003-07-09,0.0017,0.0017,0.0017,0.0017,600966
2003-07-10,0.0017,0.0017,0.0017,0.0017,257838
2003-07-11,0.0017,0.0017,0.0017,0.0017,144257
2003-07-14,0.0017,0.0017,0.0017,0.0017,400592
2003-07-15,0.0017,0.0017,0.0017,0.0017,362469
2003-07-16,0.0017,0.0017,0.0017,0.0017,141274
2003-07-17,0.0017,0.0017,0.0017,0.0017,31975
2003-07-18,0.0017,0.0017,0.0017,0.0017,1659132
2003-07-21,0.0017,0.0017,0.0017,0.0017,1518227
2003-07-22,0.0017,0.0017,0.0017,0.0017,69075
2003-07-23,0.0017,0.0017,0.0017,0.0017,119091
2003-07-24,0.0017,0.0017,0.0017,0.0017,107842
2003-07-25,0.0017,0.0017,0.0017,0.0017,87783
2003-07-28,0.0017,0.0017,0.0017,0.0017,369014
2003-07-29,0.0017,0.0017,0.0017,0.0017,149153
2003-07-30,0.0017,0.0017,0.0017,0.0017,193080
2003-07-31,0.0017,0.0017,0.0017,0.0017,60932
2003-08-01,0.0017,0.0017,0.0017,0.0017,267806
2003-08-04,0.0017,0.0017,0.0017,0.0017,638364
2003-08-05,0.0017,0.0017,0.0017,0.0017,1916478
2003-08-06,0.0017,0.0017,0.0017,0.0017,1143018
2003-08-07,0.0017,0.0017,0.0009,0.0017,209418
2003-08-08,0.0017,0.0017,0.0017,0.0017,365767
2003-08-11,0.0017,0.0017,0.0017,0.0017,2709962
2003-08-12,0.0017,0.0017,0.0017,0.0017,721110
2003-08-13,0.0017,0.0017,0.0017,0.0017,1934010
2003-08-14,0.0017,0.0017,0.0017,0.0017,3775096
2003-08-15,0.0017,0.0017,0.0017,0.0017,353553
2003-08-18,0.0017,0.0017,0.0017,0.0017,534137
2003-08-19,0.0017,0.0017,0.0017,0.0017,49104
2003-08-20,0.0017,0.0017,0.0017,0.0017,14894298
2003-08-21,0.0017,0.0017,0.0017,0.0017,523397
2003-08-22,0.0017,0.0017,0.0017,0.0017,2026830
2003-08-25,0.0017,0.0017,0.0017,0.0017,12926489
2003-08-26,0.0017,0.0017,0.0017,0.0017,4639708
2003-08-27,0.0017,0.0017,0.0017,0.0017,16281922
2003-08-28,0.0017,0.0017,0.0017,0.0017,4731106
2003-08-29,0.0017,0.0017,0.0017,0.0017,2057699
2003-09-01,0.0017,0.0017,0.0017,0.0017,215666
2003-09-02,0.0017,0.0017,0.0017,0.0017,3488810
2003-09-03,0.0017,0.0017,0.0017,0.0017,849116
2003-09-04,0.0017,0.0017,0.0017,0.0017,706842
2003-09-05,0.0017,0.0017,0.0017,0.0017,47226
2003-09-08,0.0017,0.0017,0.0017,0.0017,84255
2003-09-09,0.0017,0.0017,0.0017,0.0017,13685505
2003-09-10,0.0017,0.0017,0.0017,0.0017,2004349
2003-09-11,0.0017,0.0017,0.0017,0.0017,841342
2003-09-12,0.0017,0.0017,0.0017,0.0017,2696204
2003-09-15,0.0017,0.0017,0.0017,0.0017,883127
2003-09-16,0.0017,0.0017,0.0017,0.0017,2592644
2003-09-17,0.0017,0.0017,0.0017,0.0017,1721012
2003-09-18,0.0017,0.0017,0.0017,0.0017,1193947
2003-09-19,0.0017,0.0017,0.0017,0.0017,9663277
2003-09-22,0.0017,0.0017,0.0017,0.0017,2913677
2003-09-23,0.0017,0.0017,0.0017,0.0017,1806706
2003-09-24,0.0017,0.0017,0.0017,0.0017,1010045
2003-09-25,0.0017,0.0017,0.0017,0.0017,20384948
2003-09-26,0.0017,0.0017,0.0017,0.0017,4677246
2003-09-29,0.0017,0.0017,0.0017,0.0017,14989224
2003-09-30,0.0017,0.0017,0.0017,0.0017,38289481
2003-10-01,0.0017,0.0017,0.0017,0.0017,20441563
2003-10-02,0.0017,0.0017,0.0017,0.0017,18327196
2003-10-03,0.0017,0.0017,0.0017,0.0017,8113724
2003-10-06,0.0017,0.0017,0.0017,0.0017,21307667
2003-10-07,0.0017,0.0017,0.0017,0.0017,3791820
2003-10-08,0.0017,0.0017,0.0017,0.0017,1430444
2003-10-09,0.0017,0.0017,0.0017,0.0017,5067796
2003-10-10,0.0017,0.0017,0.0017,0.0017,679535
2003-10-13,0.0017,0.0017,0.0017,0.0017,1874344
2003-10-14,0.0017,0.0017,0.0017,0.0017,351201
2003-10-15,0.0017,0.0017,0.0017,0.0017,1907651
2003-10-16,0.0017,0.0017,0.0017,0.0017,3819988
2003-10-17,0.0017,0.0017,0.0017,0.0017,511762
2003-10-20,0.0017,0.0017,0.0017,0.0017,464220
2003-10-21,0.0017,0.0017,0.0017,0.0017,1715185
2003-10-22,0.0017,0.0017,0.0017,0.0017,604616
2003-10-23,0.0017,0.0017,0.0017,0.0017,259154
2003-10-24,0.0017,0.0017,0.0017,0.0017,155552
2003-10-27,0.0017,0.0017,0.0017,0.0017,216000
2003-10-28,0.0017,0.0017,0.0017,0.0017,8017167
2003-10-30,0.0017,0.0017,0.0017,0.0017,5563743
2003-10-31,0.0017,0.0017,0.0017,0.0017,501302
2003-11-03,0.0017,0.0017,0.0017,0.0017,488140
2003-11-04,0.0017,0.0017,0.0017,0.0017,305397
2003-11-05,0.0017,0.0017,0.0017,0.0017,254889
2003-11-06,0.0017,0.0017,0.0017,0.0017,491176
2003-11-07,0.0017,0.0017,0.0017,0.0017,456340
2003-11-10,0.0017,0.0017,0.0017,0.0017,110966
2003-11-11,0.0017,0.0017,0.0017,0.0017,133236
2003-11-12,0.0017,0.0017,0.0009,0.0017,277318
2003-11-13,0.0017,0.0017,0.0017,0.0017,189447
2003-11-14,0.0017,0.0017,0.0017,0.0017,382790
2003-11-17,0.0017,0.0017,0.0017,0.0017,335407
2003-11-18,0.0017,0.0017,0.0017,0.0017,493370
2003-11-19,0.0017,0.0017,0.0017,0.0017,2133618
2003-11-20,0.0017,0.0017,0.0017,0.0017,3835782
2003-12-01,0.0017,0.0017,0.0017,0.0017,953044
2003-12-02,0.0017,0.0017,0.0017,0.0017,1181785
2003-12-03,0.0017,0.0017,0.0017,0.0017,48402
2003-12-04,0.0017,0.0017,0.0017,0.0017,913751
2003-12-05,0.0017,0.0017,0.0017,0.0017,271333
2003-12-08,0.0017,0.0017,0.0017,0.0017,3045018
2003-12-09,0.0017,0.0017,0.0017,0.0017,735430
2003-12-10,0.0017,0.0017,0.0017,0.0017,87765
2003-12-11,0.0017,0.0017,0.0017,0.0017,1527721
2003-12-12,0.0017,0.0017,0.0017,0.0017,423295
2003-12-15,0.0017,0.0017,0.0017,0.0017,1892997
2003-12-16,0.0017,0.0017,0.0017,0.0017,340285
2003-12-17,0.0017,0.0017,0.0017,0.0017,680974
2003-12-18,0.0017,0.0017,0.0017,0.0017,222195
2003-12-19,0.0017,0.0017,0.0017,0.0017,1758433
2003-12-22,0.0017,0.0017,0.0017,0.0017,1058956
2003-12-23,0.0017,0.0017,0.0017,0.0017,58931
2003-12-24,0.0017,0.0017,0.0017,0.0017,725989
2003-12-25,0.0017,0.0017,0.0017,0.0017,160773
2003-12-26,0.0017,0.0017,0.0017,0.0017,249115
2003-12-29,0.0017,0.0017,0.0017,0.0017,210454
2003-12-30,0.0017,0.0017,0.0017,0.0017,73909
2003-12-31,0.0017,0.0017,0.0017,0.0017,6263372
2004-01-02,0.0017,0.0017,0.0017,0.0017,3183221
2004-01-05,0.0017,0.0017,0.0017,0.0017,3030943
2004-01-06,0.0017,0.0017,0.0017,0.0017,3527384
2004-01-07,0.0017,0.0017,0.0017,0.0017,2554052
2004-01-08,0.0017,0.0017,0.0017,0.0017,1170315
2004-01-09,0.0017,0.0017,0.0017,0.0017,6137116
2004-01-12,0.0017,0.0017,0.0017,0.0017,11028337
2004-01-13,0.0017,0.0017,0.0017,0.0017,2383489
2004-01-14,0.0017,0.0017,0.0017,0.0017,1352728
2004-01-15,0.0017,0.0017,0.0017,0.0017,579653
2004-01-19,0.0017,0.0017,0.0017,0.0017,626540
2004-01-20,0.0017,0.0017,0.0017,0.0017,1893646
2004-01-21,0.0017,0.0017,0.0017,0.0017,2752889
2004-01-22,0.0017,0.0017,0.0017,0.0017,420908
2004-01-26,0.0017,0.0017,0.0017,0.0017,596350
2004-01-27,0.0017,0.0017,0.0017,0.0017,737133
2004-01-28,0.0017,0.0017,0.0017,0.0017,634661
2004-01-29,0.0017,0.0017,0.0017,0.0017,1378392
2004-01-30,0.0017,0.0017,0.0017,0.0017,515430
2004-02-05,0.0017,0.0017,0.0017,0.0017,243114
2004-02-06,0.0017,0.0017,0.0017,0.0017,506093
2004-02-09,0.0017,0.0017,0.0017,0.0017,6137116
2004-02-10,0.0017,0.0017,0.0017,0.0017,2169472
2004-02-11,0.0017,0.0017,0.0017,0.0017,542965
2004-02-12,0.0017,0.0017,0.0017,0.0017,2077548
2004-02-13,0.0017,0.0017,0.0017,0.0017,426857
2004-02-16,0.0017,0.0017,0.0017,0.0017,2328804
2004-02-17,0.0017,0.0017,0.0017,0.0017,769283
2004-02-18,0.0017,0.0017,0.0017,0.0017,896769
2004-02-19,0.0017,0.0017,0.0017,0.0017,2193713
2004-02-20,0.0017,0.0017,0.0017,0.0017,1202669
2004-02-23,0.0017,0.0017,0.0017,0.0017,313522
2004-02-24,0.0017,0.0017,0.0017,0.0017,719144
2004-02-25,0.0017,0.0017,0.0017,0.0017,1020838
2004-02-26,0.0017,0.0017,0.0017,0.0017,2154766
2004-02-27,0.0017,0.0017,0.0017,0.0017,5525994
2004-03-01,0.0017,0.0017,0.0017,0.0017,8234879
2004-03-02,0.0017,0.0017,0.0017,0.0017,4607785
2004-03-03,0.0017,0.0017,0.0017,0.0017,6574771
2004-03-04,0.0017,0.0017,0.0017,0.0017,2108382
2004-03-05,0.0017,0.0017,0.0017,0.0017,991653
2004-03-08,0.0017,0.0017,0.0017,0.0017,1791561
2004-03-09,0.0017,0.0017,0.0017,0.0017,1432271
2004-03-10,0.0017,0.0017,0.0017,0.0017,2727705
2004-03-11,0.0017,0.0017,0.0017,0.0017,4079410
2004-03-12,0.0017,0.0017,0.0017,0.0017,4516124
2004-03-15,0.0017,0.0017,0.0017,0.0017,5293932
2004-03-16,0.0017,0.0017,0.0017,0.0017,5765633
2004-03-17,0.0017,0.0017,0.0017,0.0017,1432462
2004-03-18,0.0017,0.0017,0.0017,0.0017,3996342
2004-03-19,0.0017,0.0017,0.0017,0.0017,6647970
2004-03-22,0.0017,0.0017,0.0017,0.0017,15826372
2004-03-23,0.0017,0.0017,0.0017,0.0017,7496659
2004-03-24,0.0017,0.0017,0.0017,0.0017,9735932
2004-03-25,0.0017,0.0017,0.0017,0.0017,8214248
2004-03-26,0.0017,0.0017,0.0017,0.0017,3279638
2004-03-29,0.0017,0.0017,0.0017,0.0017,2736234
2004-03-30,0.0017,0.0017,0.0017,0.0017,3612826
2004-03-31,0.0017,0.0017,0.0017,0.0017,2838162
2004-04-01,0.0017,0.0017,0.0017,0.0017,4668717
2004-04-02,0.0017,0.0017,0.0017,0.0017,7041167
2004-04-05,0.0017,0.0017,0.0017,0.0017,14882137
2004-04-06,0.0017,0.0017,0.0017,0.0017,5617866
2004-04-07,0.0017,0.0017,0.0017,0.0017,5190307
2004-04-08,0.0017,0.0017,0.0017,0.0017,5174951
2004-04-09,0.0017,0.0017,0.0017,0.0017,1117753
2004-04-12,0.0017,0.0017,0.0017,0.0017,1286205
2004-04-13,0.0017,0.0017,0.0017,0.0017,1559135
2004-04-14,0.0017,0.0017,0.0017,0.0017,2192708
2004-04-15,0.0017,0.0017,0.0017,0.0017,2190970
2004-04-16,0.0017,0.0017,0.0017,0.0017,3996150
2004-04-19,0.0017,0.0017,0.0017,0.0017,1754092
2004-04-20,0.0017,0.0017,0.0017,0.0017,1836979
2004-04-21,0.0017,0.0017,0.0017,0.0017,604686
2004-04-22,0.0017,0.0017,0.0017,0.0017,530487
2004-04-26,0.0017,0.0017,0.0017,0.0017,1262232
2004-04-27,0.0017,0.0017,0.0017,0.0017,1352314
2004-04-28,0.0017,0.0017,0.0017,0.0017,1030929
2004-04-29,0.0017,0.0017,0.0017,0.0017,1348927
2004-04-30,0.0017,0.0017,0.0017,0.0017,1612275
2004-05-03,0.0017,0.0017,0.0017,0.0017,928232
2004-05-04,0.0017,0.0017,0.0017,0.0017,779014
2004-05-05,0.0017,0.0017,0.0017,0.0017,607424
2004-05-06,0.0017,0.0017,0.0017,0.0017,767985
2004-05-07,0.0017,0.0017,0.0017,0.0017,415836
2004-05-10,0.0017,0.0017,0.0017,0.0017,958888
2004-05-11,0.0017,0.0017,0.0017,0.0017,3495672
2004-05-12,0.0017,0.0017,0.0017,0.0017,2038956
2004-05-13,0.0017,0.0017,0.0017,0.0017,1267163
2004-05-14,0.0017,0.0017,0.0017,0.0017,1673874
2004-05-17,0.0017,0.0017,0.0017,0.0017,763650
2004-05-18,0.0017,0.0017,0.0017,0.0017,2643257
2004-05-20,0.0017,0.0017,0.0009,0.0017,1188331
2004-05-21,0.0017,0.0017,0.0017,0.0017,2989491
2004-05-24,0.0017,0.0017,0.0017,0.0017,7198921
2004-05-25,0.0017,0.0017,0.0017,0.0017,10707106
2004-05-26,0.0017,0.0017,0.0017,0.0017,9782176
2004-05-27,0.0009,0.0009,0.0009,0.0009,5735175
2004-05-28,0.0009,0.0009,0.0009,0.0009,4028683
2004-05-31,0.0009,0.0009,0.0009,0.0009,977645
2004-06-01,0.0009,0.0009,0.0009,0.0009,1932139
2004-06-02,0.0009,0.0009,0.0009,0.0009,2634885
2004-06-03,0.0009,0.0009,0.0009,0.0009,1397178
2004-06-04,0.0009,0.0009,0.0009,0.0009,2930788
2004-06-07,0.0009,0.0009,0.0009,0.0009,3614998
2004-06-08,0.0009,0.0009,0.0009,0.0009,1781173
2004-06-09,0.0009,0.0009,0.0009,0.0009,770921
2004-06-10,0.0009,0.0009,0.0009,0.0009,1721740
2004-06-11,0.0009,0.0009,0.0009,0.0009,769328
2004-06-14,0.0009,0.0009,0.0009,0.0009,1184705
2004-06-15,0.0009,0.0009,0.0009,0.0009,602229
2004-06-16,0.0009,0.0009,0.0009,0.0009,949610
2004-06-17,0.0009,0.0009,0.0009,0.0009,573927
2004-06-18,0.0009,0.0009,0.0009,0.0009,990474
2004-06-21,0.0009,0.0009,0.0009,0.0009,700727
2004-06-22,0.0009,0.0009,0.0009,0.0009,465489
2004-06-23,0.0009,0.0009,0.0009,0.0009,1270560
2004-06-24,0.0009,0.0009,0.0009,0.0009,1429849
2004-06-25,0.0009,0.0009,0.0009,0.0009,2472747
2004-06-28,0.0009,0.0009,0.0009,0.0009,8159483
2004-06-29,0.0009,0.0009,0.0009,0.0009,1818157
2004-06-30,0.0009,0.0009,0.0009,0.0009,1402021
2004-07-01,0.0009,0.0009,0.0009,0.0009,1120649
2004-07-02,0.0009,0.0009,0.0009,0.0009,978032
2004-07-05,0.0009,0.0009,0.0009,0.0009,1760764
2004-07-06,0.0009,0.0009,0.0009,0.0009,2331963
2004-07-07,0.0009,0.0009,0.0009,0.0009,669363
2004-07-08,0.0009,0.0009,0.0009,0.0009,1320626
2004-07-09,0.0009,0.0009,0.0009,0.0009,279233
2004-07-12,0.0009,0.0009,0.0009,0.0009,1657888
2004-07-13,0.0009,0.0009,0.0009,0.0009,1110013
2004-07-14,0.0009,0.0009,0.0009,0.0009,815173
2004-07-15,0.0009,0.0009,0.0009,0.0009,8066086
2004-07-16,0.0009,0.0009,0.0009,0.0009,6074954
2004-07-19,0.0009,0.0009,0.0009,0.0009,3996953
2004-07-20,0.0009,0.0009,0.0009,0.0009,5680173
2004-07-21,0.0009,0.0009,0.0009,0.0009,3889015
2004-07-22,0.0009,0.0009,0.0009,0.0009,5036440
2004-07-23,0.0009,0.0009,0.0009,0.0009,2620921
2004-07-26,0.0009,0.0009,0.0009,0.0009,2570910
2004-07-27,0.0009,0.0009,0.0009,0.0009,735096
2004-07-28,0.0009,0.0009,0.0009,0.0009,6523898
2004-07-29,0.0009,0.0009,0.0009,0.0009,5574195
2004-07-30,0.0009,0.0009,0.0009,0.0009,6201199
2004-08-02,0.0009,0.0009,0.0009,0.0009,2341877
2004-08-03,0.0009,0.0009,0.0009,0.0009,1272794
2004-08-04,0.0009,0.0009,0.0009,0.0009,2766776
2004-08-05,0.0009,0.0009,0.0009,0.0009,946389
2004-08-06,0.0009,0.0009,0.0009,0.0009,977247
2004-08-09,0.0009,0.0009,0.0009,0.0009,2061574
2004-08-10,0.0009,0.0009,0.0009,0.0009,1099153
2004-08-11,0.0009,0.0009,0.0009,0.0009,750117
2004-08-12,0.0009,0.0009,0.0009,0.0009,2912828
2004-08-13,0.0009,0.0009,0.0009,0.0009,1840056
2004-08-16,0.0009,0.0009,0.0009,0.0009,902080
2004-08-17,0.0009,0.0009,0.0009,0.0009,2998846
2004-08-18,0.0009,0.0009,0.0009,0.0009,2345359
2004-08-19,0.0009,0.0009,0.0009,0.0009,5405634
2004-08-20,0.0009,0.0009,0.0009,0.0009,15463487
2004-08-23,0.0009,0.0009,0.0009,0.0009,9396571
2004-08-24,0.0009,0.0009,0.0009,0.0009,6460615
2004-08-25,0.0009,0.0009,0.0009,0.0009,5232754
2004-08-26,0.0009,0.0009,0.0009,0.0009,3167002
2004-08-27,0.0009,0.0009,0.0009,0.0009,2205591
2004-08-31,0.0009,0.0009,0.0009,0.0009,2508548
2004-09-01,0.0009,0.0009,0.0009,0.0009,5557889
2004-09-02,0.0009,0.0009,0.0009,0.0009,1302086
2004-09-03,0.0009,0.0009,0.0009,0.0009,2274501
2004-09-06,0.0009,0.0009,0.0009,0.0009,8666507
2004-09-07,0.0009,0.0009,0.0009,0.0009,8984630
2004-09-08,0.0009,0.0009,0.0009,0.0009,3756668
2004-09-09,0.0009,0.0009,0.0009,0.0009,5256362
2004-09-10,0.0009,0.0009,0.0009,0.0009,25401564
2004-09-13,0.0009,0.0009,0.0009,0.0009,32352728
2004-09-14,0.0009,0.0009,0.0009,0.0009,35231732
2004-09-15,0.0009,0.0009,0.0009,0.0009,12714550
2004-09-16,0.0009,0.0009,0.0009,0.0009,5430582
2004-09-17,0.0009,0.0009,0.0009,0.0009,6647785
2004-09-20,0.0009,0.0009,0.0009,0.0009,3841320
2004-09-21,0.0009,0.0009,0.0009,0.0009,3501734
2004-09-22,0.0009,0.0009,0.0009,0.0009,5152715
2004-09-23,0.0009,0.0009,0.0009,0.0009,7023754
2004-09-24,0.0009,0.0009,0.0009,0.0009,5401984
2004-09-27,0.0009,0.0009,0.0009,0.0009,2222711
2004-09-28,0.0009,0.0009,0.0009,0.0009,3092763
2004-09-29,0.0009,0.0009,0.0009,0.0009,8326933
2004-09-30,0.0009,0.0009,0.0009,0.0009,7249781
2004-10-01,0.0009,0.0009,0.0009,0.0009,2531104
2004-10-04,0.0009,0.0009,0.0009,0.0009,941106
2004-10-05,0.0009,0.0009,0.0009,0.0009,1734583
2004-10-06,0.0009,0.0009,0.0009,0.0009,2837168
2004-10-07,0.0009,0.0009,0.0009,0.0009,2127227
2004-10-08,0.0009,0.0009,0.0009,0.0009,19698880
2004-10-11,0.0009,0.0009,0.0009,0.0009,10331403
2004-10-12,0.0009,0.0009,0.0009,0.0009,3104382
2004-10-13,0.0009,0.0009,0.0009,0.0009,13002190
2004-10-14,0.0009,0.0009,0.0009,0.0009,5800517
2004-10-15,0.0009,0.0009,0.0009,0.0009,3545407
2004-10-18,0.0009,0.0009,0.0009,0.0009,1829908
2004-10-19,0.0009,0.0009,0.0009,0.0009,2811119
2004-10-20,0.0009,0.0009,0.0009,0.0009,4356195
2004-10-21,0.0009,0.0009,0.0009,0.0009,1550595
2004-10-22,0.0009,0.0009,0.0009,0.0009,1097534
2004-10-25,0.0009,0.0009,0.0009,0.0009,1231801
2004-10-26,0.0009,0.0009,0.0009,0.0009,2920235
2004-10-27,0.0009,0.0009,0.0009,0.0009,3909999
2004-10-28,0.0009,0.0009,0.0009,0.0009,1441144
2004-11-01,0.0009,0.0009,0.0009,0.0009,9317822
2004-11-02,0.0009,0.0009,0.0009,0.0009,6500525
2004-11-03,0.0009,0.0009,0.0009,0.0009,9464887
2004-11-04,0.0009,0.0009,0.0009,0.0009,12990696
2004-11-05,0.0009,0.0009,0.0009,0.0009,4480078
2004-11-08,0.0009,0.0009,0.0009,0.0009,5151464
2004-11-09,0.0009,0.0009,0.0009,0.0009,2359755
2004-11-10,0.0009,0.0009,0.0009,0.0009,17982322
2004-11-11,0.0017,0.0017,0.0009,0.0017,22762912
2004-11-12,0.0017,0.0017,0.0017,0.0017,5258895
2004-11-17,0.0017,0.0017,0.0009,0.0017,3591315
2004-11-18,0.0017,0.0017,0.0009,0.0017,1987187
2004-11-19,0.0017,0.0017,0.0009,0.0017,7463835
2004-11-22,0.0017,0.0017,0.0017,0.0017,3627543
2004-11-23,0.0017,0.0017,0.0017,0.0017,2006329
2004-11-24,0.0017,0.0017,0.0017,0.0017,7656335
2004-11-25,0.0017,0.0017,0.0017,0.0017,2210434
2004-11-26,0.0017,0.0017,0.0017,0.0017,9176928
2004-11-29,0.0017,0.0017,0.0009,0.0017,4693918
2004-11-30,0.0017,0.0017,0.0017,0.0017,2224612
2004-12-01,0.0017,0.0017,0.0017,0.0017,3578530
2004-12-02,0.0017,0.0017,0.0017,0.0017,3206464
2004-12-03,0.0009,0.0017,0.0009,0.0009,2060645
2004-12-06,0.0009,0.0017,0.0009,0.0009,2106626
2004-12-07,0.0009,0.0009,0.0009,0.0009,1088431
2004-12-08,0.0009,0.0009,0.0009,0.0009,3089641
2004-12-09,0.0009,0.0017,0.0009,0.0009,1792203
2004-12-10,0.0017,0.0017,0.0009,0.0017,2882129
2004-12-13,0.0017,0.0017,0.0017,0.0017,8682071
2004-12-14,0.0017,0.0017,0.0017,0.0017,4949572
2004-12-15,0.0017,0.0017,0.0017,0.0017,5850838
2004-12-16,0.0017,0.0017,0.0017,0.0017,1991439
2004-12-17,0.0017,0.0017,0.0017,0.0017,4208878
2004-12-20,0.0017,0.0017,0.0017,0.0017,2340359
2004-12-21,0.0017,0.0017,0.0017,0.0017,3087986
2004-12-22,0.0017,0.0017,0.0017,0.0017,7559280
2004-12-23,0.0017,0.0017,0.0017,0.0017,2035295
2004-12-24,0.0017,0.0017,0.0017,0.0017,1478376
2004-12-27,0.0017,0.0017,0.0017,0.0017,1262403
2004-12-28,0.0017,0.0017,0.0017,0.0017,2633447
2004-12-29,0.0017,0.0017,0.0017,0.0017,1320293
2005-01-03,1.7098,1.7202,1.6595,1.7098,5217260
2005-01-04,1.69,1.7202,1.6698,1.69,1219994
2005-01-05,1.6504,1.6801,1.6302,1.6504,772043
2005-01-06,1.6801,1.6999,1.6302,1.6801,1676114
2005-01-07,1.6595,1.69,1.6504,1.6595,1499143
2005-01-10,1.6801,1.6999,1.6595,1.6801,2172586
2005-01-11,1.7098,1.7301,1.6698,1.7098,8372430
2005-01-12,1.7098,1.7404,1.6999,1.7098,3650329
2005-01-13,1.7499,1.7701,1.6801,1.7499,8666944
2005-01-14,1.7202,1.7602,1.7098,1.7202,2959044
2005-01-17,1.7301,1.7499,1.7202,1.7301,918668
2005-01-18,1.7301,1.7301,1.7098,1.7301,948154
2005-01-19,1.7202,1.7301,1.69,1.7202,537706
2005-01-24,1.6999,1.7301,1.6199,1.6999,1667683
2005-01-25,1.7301,1.7602,1.6801,1.7301,7274901
2005-01-26,1.7301,1.7404,1.7098,1.7301,2480807
2005-01-27,1.7202,1.7499,1.6999,1.7202,3089283
2005-01-28,1.7202,1.7404,1.7098,1.7202,1598085
2005-01-31,1.7404,1.7701,1.7098,1.7404,5342313
2005-02-01,1.8299,1.8898,1.7301,1.8299,6416016
2005-02-02,1.7804,1.8299,1.6199,1.7804,2477865
2005-02-03,1.7499,1.8097,1.7499,1.7499,1112550
2005-02-04,1.7602,1.7903,1.7404,1.7602,1103705
2005-02-07,1.7602,1.7998,1.6999,1.7602,1045925
2005-02-08,1.7903,1.7903,1.7602,1.7903,597164
2005-02-09,1.7701,1.82,1.7499,1.7701,819391
2005-02-10,1.7602,1.7903,1.7404,1.7602,359158
2005-02-11,1.7701,1.7998,1.7499,1.7701,890677
2005-02-14,1.7098,1.8299,1.69,1.7098,1341803
2005-02-15,1.7098,1.7499,1.6999,1.7098,2555186
2005-02-16,1.6801,1.7202,1.6199,1.6801,1841005
2005-02-17,1.6302,1.7202,1.6302,1.6302,1776279
2005-02-18,1.6595,1.6801,1.6302,1.6595,1189456
2005-02-21,1.6698,1.7301,1.6504,1.6698,1736219
2005-02-22,1.6302,1.69,1.6302,1.6302,1318421
2005-02-23,1.6698,1.6698,1.6199,1.6698,896742
2005-02-24,1.7404,1.7804,1.6595,1.7404,6071253
2005-02-25,1.8097,1.8398,1.7098,1.8097,9896925
2005-02-28,1.82,1.8299,1.7998,1.82,2040214
2005-03-01,1.8398,1.91,1.7499,1.8398,10188032
2005-03-02,1.7602,1.8601,1.7602,1.7602,5257118
2005-03-03,1.7701,1.82,1.7499,1.7701,1841358
2005-03-04,1.7499,1.7903,1.7499,1.7499,1120273
2005-03-07,1.8497,1.8601,1.7701,1.8497,6869830
2005-03-08,1.8497,1.87,1.8299,1.8497,1698706
2005-03-09,1.91,1.9302,1.8601,1.91,6066947
2005-03-10,1.8601,1.9397,1.8299,1.8601,2574079
2005-03-11,1.8497,1.8803,1.82,1.8497,1452401
2005-03-14,1.8097,1.8601,1.7903,1.8097,2617819
2005-03-15,1.7903,1.8299,1.6999,1.7903,1206004
2005-03-16,1.6698,1.7903,1.6595,1.6698,1806110
2005-03-17,1.61,1.7202,1.5196,1.61,2919772
2005-03-18,1.6504,1.6801,1.6001,1.6504,1201688
2005-03-21,1.5699,1.6698,1.5398,1.5699,1248581
2005-03-22,1.6302,1.6504,1.5798,1.6302,1645181
2005-03-23,1.6001,1.6595,1.5699,1.6001,1664711
2005-03-24,1.6302,1.6504,1.6001,1.6302,859138
2005-03-25,1.6302,1.6504,1.61,1.6302,636527
2005-03-28,1.5902,1.6405,1.5699,1.5902,422670
2005-03-29,1.5398,1.5902,1.5398,1.5398,712008
2005-03-30,1.6001,1.7202,1.5501,1.6001,682774
2005-03-31,1.61,1.6199,1.6001,1.61,673848
2005-04-01,1.5902,1.6302,1.5902,1.5902,647000
2005-04-04,1.5699,1.7804,1.5596,1.5699,189152
2005-04-05,1.5699,1.6001,1.5596,1.5699,303783
2005-04-06,1.5798,1.7301,1.5596,1.5798,614925
2005-04-07,1.5596,1.5902,1.5501,1.5596,593889
2005-04-08,1.6001,1.7202,1.5596,1.6001,3862488
2005-04-11,1.6302,1.69,1.5902,1.6302,2303432
2005-04-12,1.7202,1.7602,1.6504,1.7202,10592183
2005-04-13,1.6595,1.7404,1.6199,1.6595,2450977
2005-04-14,1.6199,1.6801,1.61,1.6199,2208128
2005-04-15,1.5596,1.6199,1.5398,1.5596,1331987
2005-04-18,1.5002,1.5596,1.4197,1.5002,786993
2005-04-19,1.5596,1.5596,1.48,1.5596,514911
2005-04-20,1.5596,1.6001,1.5501,1.5596,1361454
2005-04-21,1.5299,1.5501,1.4102,1.5299,578888
2005-04-22,1.5398,1.61,1.5299,1.5398,2616616
2005-04-25,1.5105,1.5596,1.4903,1.5105,1399674
2005-04-26,1.48,1.5196,1.4701,1.48,1777038
2005-04-27,1.4701,1.5105,1.4602,1.4701,1739029
2005-04-28,1.48,1.48,1.4503,1.48,437065
2005-04-29,1.4701,1.5105,1.4503,1.4701,827104
2005-05-02,1.4602,1.48,1.4197,1.4602,2412190
2005-05-03,1.4701,1.5196,1.4503,1.4701,6510481
2005-05-04,1.48,1.5002,1.4701,1.48,2601200
2005-05-05,1.5299,1.5699,1.4903,1.5299,9525091
2005-05-06,1.5002,1.5398,1.4903,1.5002,2757085
2005-05-09,1.48,1.5105,1.4602,1.48,877627
2005-05-10,1.4903,1.5196,1.48,1.4903,1409015
2005-05-11,1.48,1.5002,1.4701,1.48,1502660
2005-05-12,1.48,1.5105,1.4701,1.48,4181949
2005-05-13,1.5105,1.5105,1.48,1.5105,2817635
2005-05-16,1.5002,1.5105,1.48,1.5002,1762138
2005-05-17,1.5501,1.5596,1.5002,1.5501,6468560
2005-05-18,1.5501,1.5902,1.5398,1.5501,6274294
2005-05-20,1.5596,1.5798,1.5501,1.5596,3262615
2005-05-23,1.48,1.5798,1.4503,1.48,2662094
2005-05-24,1.4602,1.5105,1.4503,1.4602,1072207
2005-05-25,1.4903,1.5002,1.4602,1.4903,1682391
2005-05-26,1.48,1.4903,1.3999,1.48,280968
2005-05-27,1.5002,1.5196,1.4701,1.5002,1584934
2005-05-30,1.5398,1.5501,1.4602,1.5398,3230914
2005-05-31,1.5299,1.5501,1.5105,1.5299,1737260
2005-06-01,1.5299,1.5596,1.5002,1.5299,3581500
2005-06-02,1.5596,1.5902,1.5299,1.5596,5791821
2005-06-03,1.5596,1.5798,1.5398,1.5596,2405700
2005-06-06,1.5501,1.5902,1.5501,1.5501,5226327
2005-06-07,1.5902,1.61,1.5501,1.5902,4820761
2005-06-08,1.61,1.6302,1.5902,1.61,2772864
2005-06-09,1.61,1.6302,1.5798,1.61,1533461
2005-06-10,1.6405,1.6595,1.5902,1.6405,5044615
2005-06-13,1.6302,1.6595,1.6001,1.6302,2420792
2005-06-14,1.6698,1.6801,1.6302,1.6698,3674580
2005-06-15,1.6698,1.69,1.6595,1.6698,2250028
2005-06-16,1.6698,1.6801,1.6405,1.6698,1699363
2005-06-17,1.6504,1.69,1.6302,1.6504,2102311
2005-06-20,1.6405,1.6595,1.6302,1.6405,1072136
2005-06-21,1.6199,1.6405,1.61,1.6199,793847
2005-06-22,1.6001,1.6302,1.5798,1.6001,1227040
2005-06-23,1.61,1.6302,1.5699,1.61,2270124
2005-06-24,1.61,1.6199,1.6001,1.61,649001
2005-06-27,1.7404,1.7499,1.6199,1.7404,8013020
2005-06-28,1.9001,1.9496,1.7404,1.9001,26292474
2005-06-29,1.8898,1.9698,1.8299,1.8898,9602948
2005-06-30,1.8398,1.9302,1.7701,1.8398,5500967
2005-07-01,1.9302,1.9599,1.8097,1.9302,3398737
2005-07-04,1.9203,1.9599,1.7202,1.9203,3242670
2005-07-05,1.8803,1.9302,1.8803,1.8803,1225645
2005-07-06,2.0503,2.13,1.8898,2.0503,19346212
2005-07-07,2.0103,2.0706,1.8898,2.0103,7346086
2005-07-08,2.1102,2.17,2,2.1102,7426045
2005-07-11,2.1399,2.17,2.1102,2.1399,3059857
2005-07-12,2.1196,2.1902,2.0899,2.1196,3996538
2005-07-13,2.0998,2.1502,2.0706,2.0998,3021980
2005-07-14,2.1399,2.2501,1.8898,2.1399,6316669
2005-07-15,2.1102,2.1799,2.0899,2.1102,3089606
2005-07-18,2.0899,2.1399,2.0706,2.0899,1467341
2005-07-19,2.0998,2.13,2.0899,2.0998,1340842
2005-07-20,2.13,2.2105,2.1196,2.13,5965315
2005-07-21,2.13,2.1799,2.1196,2.13,1520492
2005-07-22,2.1196,2.1502,2.1102,2.1196,1126480
2005-07-25,2.13,2.1502,2.1196,2.13,1136972
2005-07-26,2.13,2.1601,2.1196,2.13,2085187
2005-07-27,2.1196,2.17,2.0998,2.1196,1784447
2005-07-28,2.1102,2.1399,2.0998,2.1102,600187
2005-07-29,2.0998,2.13,2.0998,2.0998,602411
2005-08-01,2.2001,2.2001,2.0998,2.2001,4122481
2005-08-02,2.2105,2.2798,2.1799,2.2105,6716776
2005-08-03,2.2298,2.3,2.2105,2.2298,2962268
2005-08-04,2.2397,2.2798,2.2195,2.2397,1830158
2005-08-05,2.2195,2.2595,2.2195,2.2195,1100157
2005-08-08,2.2298,2.2595,2.2105,2.2298,893245
2005-08-09,2.2105,2.2397,2.1902,2.2105,398197
2005-08-10,2.1902,2.2195,2.1799,2.1902,363595
2005-08-11,2.0899,2.2001,2.0899,2.0899,909004
2005-08-12,1.9698,2.0899,1.9397,1.9698,1760540
2005-08-15,1.9797,2,1.9001,1.9797,530660
2005-08-16,2.0602,2.1196,2.0103,2.0602,574784
2005-08-17,2.0301,2.0503,1.9896,2.0301,329580
2005-08-18,2.04,2.0706,1.9797,2.04,734843
2005-08-19,2.0602,2.0706,2.0202,2.0602,554708
2005-08-22,2.17,2.1799,2.0706,2.17,2428141
2005-08-23,2.1502,2.2195,2.0202,2.1502,499465
2005-08-24,2.1196,2.17,2.0796,2.1196,507400
2005-08-25,2.13,2.1502,2.0899,2.13,1143553
2005-08-26,2.2195,2.3,2.1502,2.2195,7036309
2005-08-29,2.17,2.2195,2.1502,2.17,840892
2005-08-31,2.1799,2.2001,2.1601,2.1799,1815066
2005-09-01,2.2195,2.2298,2.17,2.2195,1539557
2005-09-02,2.17,2.2105,2.1601,2.17,1150376
2005-09-05,2.0998,2.1799,2.0796,2.0998,3279779
2005-09-06,2.0998,2.13,2.0796,2.0998,1395843
2005-09-07,2.1502,2.1799,2.1102,2.1502,3173912
2005-09-08,2.2195,2.2195,2.1399,2.2195,4508901
2005-09-09,2.5699,2.6,2.2195,2.5699,25173444
2005-09-12,2.47,2.6203,2.2595,2.47,12153514
2005-09-13,2.4498,2.5299,2.3,2.4498,8341549
2005-09-14,2.6797,2.7399,2.4201,2.6797,12045777
2005-09-15,2.6797,2.9001,2.6797,2.6797,32149768
2005-09-16,2.7201,2.8196,2.6999,2.7201,7907587
2005-09-19,2.8196,2.9001,2.7399,2.8196,7619149
2005-09-20,2.7998,2.9595,2.78,2.7998,13105499
2005-09-21,2.78,2.8398,2.7602,2.78,2832616
2005-09-22,2.9199,2.9797,2.7602,2.9199,13381595
2005-09-23,3.12,3.2001,2.9199,3.12,24890879
2005-09-26,3.0602,3.2599,3.0004,3.0602,21749517
2005-09-27,3.0804,3.1403,3.0202,3.0804,7373935
2005-09-28,3.0202,3.1403,2.8196,3.0202,7059852
2005-09-29,2.9595,3.1803,2.7602,2.9595,17306099
2005-09-30,2.86,2.9797,2.7602,2.86,3584644
2005-10-03,2.8798,2.9797,2.6,2.8798,6086193
2005-10-04,2.9199,3.0404,2.8798,2.9199,7350170
2005-10-05,2.8398,3.0004,2.8398,2.8398,7098497
2005-10-06,2.78,2.86,2.7602,2.78,3522203
2005-10-07,2.7998,2.8196,2.7399,2.7998,2505320
2005-10-10,2.8196,2.9001,2.78,2.8196,4908150
2005-10-11,2.86,2.9001,2.8196,2.86,5329142
2005-10-12,2.9595,3.0602,2.8398,2.9595,25037858
2005-10-13,2.9199,3.0404,2.8196,2.9199,11398160
2005-10-14,2.8196,2.9401,2.78,2.8196,1777806
2005-10-17,2.9401,2.9401,2.7998,2.9401,2805545
2005-10-18,2.78,3.12,2.78,2.78,3175347
2005-10-19,2.8196,2.8798,2.6401,2.8196,2923219
2005-10-20,2.8196,2.86,2.78,2.8196,1613026
2005-10-21,2.7602,2.8196,2.7201,2.7602,1757326
2005-10-24,2.8398,2.9595,2.7998,2.8398,8620707
2005-10-25,2.7201,2.9199,2.7201,2.7201,4202217
2005-10-26,2.7602,2.8398,2.7201,2.7602,2533361
2005-10-27,2.7399,2.7998,2.6999,2.7399,1161961
2005-10-28,2.7399,2.7399,2.6999,2.7399,1075735
2005-10-31,2.7602,2.86,2.7201,2.7602,7157288
2005-11-01,2.78,2.8196,2.78,2.78,1263825
2005-11-02,2.7602,2.8196,2.7602,2.7602,1134900
2005-11-07,2.8798,2.9199,2.78,2.8798,8918314
2005-11-08,2.7998,2.9199,2.7399,2.7998,3158041
2005-11-09,2.7399,2.7998,2.7201,2.7399,3068136
2005-11-10,2.7998,2.8196,2.7399,2.7998,2992190
2005-11-11,2.7399,2.8196,2.7399,2.7399,1880135
2005-11-14,2.7399,2.8196,2.7201,2.7399,2912504
2005-11-15,2.7201,2.78,2.6797,2.7201,2356229
2005-11-16,2.7399,2.7602,2.6797,2.7399,1021795
2005-11-17,2.78,2.7998,2.7201,2.78,2881703
2005-11-18,2.7602,2.8196,2.7602,2.7602,2751666
2005-11-21,2.7998,2.8798,2.78,2.7998,6403299
2005-11-22,2.78,2.8398,2.7602,2.78,1959952
2005-11-23,2.86,2.9401,2.78,2.86,7324878
2005-11-24,2.9001,3.0004,2.8196,2.9001,6678708
2005-11-25,2.8196,2.9401,2.7998,2.8196,3572119
2005-11-28,2.8398,2.86,2.7998,2.8398,1208228
2005-11-29,2.9001,2.9001,2.8196,2.9001,2439807
2005-11-30,2.8798,2.9595,2.8798,2.8798,2786147
2005-12-01,2.9199,2.9401,2.86,2.9199,2459266
2005-12-02,2.9001,2.9401,2.9001,2.9001,4042865
2005-12-05,3.0004,3.0404,2.9001,3.0004,7005498
2005-12-06,3.0404,3.0804,2.9595,3.0404,4324399
2005-12-07,3.0004,3.0404,2.9595,3.0004,2525558
2005-12-08,3.0004,3.0202,2.9401,3.0004,2111844
2005-12-09,3.0004,3.0404,2.9595,3.0004,2554670
2005-12-12,3.0004,3.0202,2.9797,3.0004,1765150
2005-12-13,2.9595,3.0004,2.9199,2.9595,1416788
2005-12-14,3.0202,3.0602,2.9199,3.0202,4046838
2005-12-15,3.0404,3.1403,3.0202,3.0404,6889279
2005-12-16,3.1403,3.1803,3.0404,3.1403,7658047
2005-12-19,3.2802,3.2802,3.1601,3.2802,11292576
2005-12-20,3.1803,3.3,3.1601,3.1803,9945558
2005-12-21,3.1403,3.2001,3.12,3.1403,3502713
2005-12-22,3.1803,3.1803,3.12,3.1803,3608318
2005-12-23,3.2001,3.2397,3.1601,3.2001,4277698
2005-12-26,3.2001,3.2599,3.1803,3.2001,1981180
2005-12-27,3.2802,3.3,3.1803,3.2802,10797842
2005-12-28,3.3202,3.3602,3.2599,3.3202,8771679
2005-12-29,3.34,3.3796,3.3,3.34,7507530
2005-12-30,3.3202,3.3796,3.2802,3.3202,5626091
2006-01-02,3.3602,3.3602,3.2802,3.3602,2413726
2006-01-03,3.5397,3.56,3.3602,3.5397,8611902
2006-01-04,3.5798,3.6,3.4601,3.5798,18150287
2006-01-05,3.5195,3.6405,3.4799,3.5195,11494323
2006-01-06,3.5001,3.5397,3.4601,3.5001,4148662
2006-01-16,3.5195,3.5195,3.4399,3.5195,2660608
2006-01-17,3.5798,3.5798,3.4601,3.5798,4933280
2006-01-18,3.5195,3.6,3.4601,3.5195,8040606
2006-01-19,3.7403,3.7403,3.5195,3.7403,20859082
2006-01-20,3.7998,3.82,3.6801,3.7998,11418600
2006-01-23,3.7601,3.82,3.7003,3.7601,3684547
2006-01-24,3.7601,3.82,3.7201,3.7601,9823082
2006-01-25,3.8402,4.08,3.7601,3.8402,36108075
2006-01-26,3.7804,3.9797,3.7601,3.7804,11066336
2006-01-27,3.6594,3.86,3.6,3.6594,9782486
2006-01-30,3.6405,3.6801,3.5397,3.6405,8314073
2006-01-31,3.3602,3.6594,3.3602,3.3602,17327792
2006-02-01,3.5195,3.5195,3.3796,3.5195,6122493
2006-02-02,3.4601,3.6405,3.4601,3.4601,26081356
2006-02-03,3.9001,4.0202,3.3796,3.9001,63197823
2006-02-06,4.2595,4.3404,3.9397,4.2595,32766594
2006-02-07,4.3,4.4601,4.2797,4.3,22161168
2006-02-08,4.3,4.4403,4.2797,4.3,22004202
2006-02-09,4.64,4.7399,4.3,4.64,30540139
2006-02-10,4.8002,4.8398,4.6,4.8002,12318011
2006-02-13,4.8798,5.0003,4.8195,4.8798,12269823
2006-02-14,4.7799,4.9401,4.7601,4.7799,9815592
2006-02-15,4.64,4.86,4.6,4.64,4779700
2006-02-16,4.7799,4.8002,4.3,4.7799,9507694
2006-02-17,4.6603,4.8195,4.64,4.6603,6853849
2006-02-20,4.6,4.6999,4.56,4.6,3703834
2006-02-21,4.3998,4.64,4.3998,4.3998,8456240
2006-02-22,4.4201,4.56,4.4201,4.4201,7410185
2006-02-23,4.3998,4.4803,4.3998,4.3998,2147234
2006-02-24,4.5001,4.6,4.3998,4.5001,6215533
2006-02-27,4.4601,4.5802,4.3998,4.4601,3818758
2006-02-28,4.5199,4.6,4.4403,4.5199,9827166
2006-03-01,4.64,4.6796,4.5199,4.64,13826312
2006-03-02,4.6,4.7601,4.5802,4.6,8749015
2006-03-03,4.5199,4.6603,4.5001,4.5199,2445376
2006-03-06,4.4803,4.5802,4.3998,4.4803,7769373
2006-03-07,4.1398,4.4201,3.8802,4.1398,5824270
2006-03-08,3.8802,4.1398,3.7403,3.8802,2297458
2006-03-09,3.9203,4.08,3.8802,3.9203,3917539
2006-03-10,3.9203,3.9203,3.7804,3.9203,1320827
2006-03-13,4.0202,4.04,3.6,4.0202,2819636
2006-03-14,3.9599,4.0602,3.86,3.9599,2273520
2006-03-15,4.04,4.1196,3.9797,4.04,2047584
2006-03-16,3.9797,4.0998,3.9397,3.9797,1240868
2006-03-17,4.0602,4.1799,3.9797,4.0602,1699080
2006-03-20,4.08,4.1398,4.0202,4.08,717557
2006-03-21,3.9797,4.08,3.9797,3.9797,1123114
2006-03-22,3.9599,3.9797,3.9001,3.9599,655693
2006-03-23,4.04,4.0602,3.9599,4.04,2030045
2006-03-24,3.9001,4.0202,3.8802,3.9001,1407175
2006-03-27,3.8402,3.9203,3.82,3.8402,1019309
2006-03-28,3.7003,3.86,3.7003,3.7003,1841480
2006-03-29,3.6405,3.7003,3.5798,3.6405,2547048
2006-03-30,3.7201,3.7998,3.6594,3.7201,2601625
2006-03-31,3.7201,3.7998,3.7201,3.7201,1831169
2006-04-03,3.8402,3.9999,3.7804,3.8402,3205855
2006-04-04,3.82,3.9203,3.82,3.82,1693349
2006-04-05,3.8402,3.9397,3.82,3.8402,3614312
2006-04-06,3.86,3.9203,3.8402,3.86,3059008
2006-04-07,3.82,3.9001,3.82,3.82,1125519
2006-04-10,3.7201,3.9001,3.7003,3.7201,1078878
2006-04-11,3.6594,3.7403,3.6,3.6594,931455
2006-04-12,3.5798,3.7003,3.5798,3.5798,1498010
2006-04-13,3.5397,3.7201,3.4601,3.5397,1504733
2006-04-14,3.5195,3.6,3.5001,3.5195,749723
2006-04-17,3.5397,3.5798,3.5195,3.5397,676042
2006-04-18,3.5798,3.6,3.5397,3.5798,1439219
2006-04-19,3.6801,3.7804,3.6198,3.6801,5816436
2006-04-20,3.6801,3.7201,3.6594,3.6801,1402131
2006-04-21,3.7003,3.7403,3.6801,3.7003,1749603
2006-04-24,3.7601,3.82,3.7003,3.7601,3094125
2006-04-25,3.7804,3.86,3.7601,3.7804,2926605
2006-04-26,3.7003,3.82,3.7003,3.7003,2360828
2006-04-27,3.6,3.7804,3.3796,3.6,1625924
2006-04-28,3.6801,3.6801,3.6,3.6801,1686030
2006-05-01,3.6594,3.6801,3.6,3.6594,961346
2006-05-02,3.6405,3.6594,3.6198,3.6405,432667
2006-05-03,3.5798,3.7003,3.5798,3.5798,145149
2006-05-04,3.5798,3.6405,3.56,3.5798,832411
2006-05-05,3.6,3.6405,3.56,3.6,1080263
2006-05-08,3.5798,3.6405,3.56,3.5798,519803
2006-05-09,3.5397,3.6,3.5195,3.5397,1250320
2006-05-10,3.4399,3.5397,3.4201,3.4399,925814
2006-05-11,3.3998,3.4601,3.3602,3.3998,1880398
2006-05-12,3.3602,3.3998,3.3,3.3602,2270660
2006-05-15,3.12,3.3602,3.0004,3.12,1768516
2006-05-16,3.2802,3.5001,3.0202,3.2802,1853125
2006-05-17,3.0998,3.2802,3.0998,3.0998,901604
2006-05-18,2.9797,3.0804,2.8798,2.9797,2280222
2006-05-22,2.6401,3.0404,2.6401,2.6401,1064828
2006-05-23,2.6401,2.7201,2.4201,2.6401,1534078
2006-05-24,2.52,2.6401,2.52,2.52,1210371
2006-05-25,2.5802,2.6401,2.5398,2.5802,1184887
2006-05-26,2.6797,2.7399,2.6,2.6797,1784902
2006-05-29,2.6599,2.7201,2.6203,2.6599,1297931
2006-05-30,2.5398,2.6599,2.52,2.5398,1414130
2006-05-31,2.5802,2.6401,2.3198,2.5802,656350
2006-06-01,2.6401,2.7201,2.56,2.6401,3376993
2006-06-02,2.7201,2.78,2.6599,2.7201,4996610
2006-06-05,2.6203,2.6599,2.4403,2.6203,896530
2006-06-06,2.5002,2.6401,2.5002,2.5002,752361
2006-06-07,2.4804,2.5802,2.4403,2.4804,1669492
2006-06-08,2.4098,2.5002,2.3697,2.4098,3470619
2006-06-09,2.4201,2.4403,2.3603,2.4201,2479210
2006-06-12,2.4201,2.4403,2.3603,2.4201,747358
2006-06-13,2.1399,2.3999,2.0998,2.1399,2826025
2006-06-14,2.1102,2.17,2.0503,2.1102,1861444
2006-06-15,2.2195,2.2397,2.13,2.2195,5633561
2006-06-16,2.2397,2.3198,2.2195,2.2397,3346718
2006-06-19,2.2901,2.3198,2.2298,2.2901,3868270
2006-06-20,2.3504,2.3603,2.2001,2.3504,4099726
2006-06-21,2.2501,2.4201,2.2298,2.2501,2454322
2006-06-22,2.2501,2.3603,2.2105,2.2501,1217103
2006-06-23,2.1102,2.2501,2.0998,2.1102,930950
2006-06-26,1.9896,2.3697,1.9698,1.9896,447608
2006-06-27,2.04,2.04,1.9797,2.04,560046
2006-06-28,2.0706,2.1196,2,2.0706,500617
2006-06-29,2.1799,2.2195,2.0998,2.1799,1467078
2006-06-30,2.3504,2.3999,2.1799,2.3504,2595812
2006-07-03,2.2595,2.3301,2.2595,2.2595,491944
2006-07-04,2.3697,2.39,2.3,2.3697,2324528
2006-07-05,2.2699,2.3697,2.2699,2.2699,271173
2006-07-06,2.2901,2.3,2.0998,2.2901,374563
2006-07-07,2.2298,2.3301,2.2298,2.2298,684320
2006-07-10,2.2298,2.2501,2.2298,2.2298,444808
2006-07-11,2.2195,2.2699,2.2105,2.2195,382701
2006-07-12,2.2397,2.2699,2.2298,2.2397,718538
2006-07-13,2.1902,2.2298,2.1601,2.1902,521178
2006-07-14,2.2001,2.3301,2.0503,2.2001,507471
2006-07-17,2.04,2.1902,1.9698,2.04,351293
2006-07-18,2.0796,2.0998,2.04,2.0796,869297
2006-07-19,2.0796,2.1102,2.0796,2.0796,376615
2006-07-20,2.2105,2.2501,2.1399,2.2105,662587
2006-07-21,2.17,2.1902,2.1502,2.17,405243
2006-07-24,2.2397,2.2397,2.2001,2.2397,270091
2006-07-25,2.2501,2.3099,2.2105,2.2501,617250
2006-07-26,2.3099,2.3405,2.2397,2.3099,2016651
2006-07-27,2.3301,2.3801,2.3,2.3301,5831508
2006-07-28,2.3301,2.3603,2.3099,2.3301,1455928
2006-07-31,2.3198,2.3697,2.3099,2.3198,782727
2006-08-01,2.3697,2.4403,2.3,2.3697,4411657
2006-08-02,2.4403,2.4403,2.3603,2.4403,2147477
2006-08-03,2.3801,2.4903,2.3697,2.3801,2336942
2006-08-04,2.4403,2.4403,2.3801,2.4403,1272306
2006-08-07,2.4098,2.4498,2.3999,2.4098,382408
2006-08-08,2.4601,2.5002,2.4201,2.4601,846907
2006-08-09,2.5096,2.5299,2.4498,2.5096,1812084
2006-08-10,2.4804,2.5398,2.4601,2.4804,1849001
2006-08-11,2.4601,2.5299,2.4403,2.4601,2029712
2006-08-14,2.4804,2.5002,2.4601,2.4804,928008
2006-08-15,2.47,2.5002,2.43,2.47,643047
2006-08-16,2.4804,2.5699,2.4601,2.4804,6369739
2006-08-17,2.4498,2.52,2.4498,2.4498,1913918
2006-08-18,2.4201,2.4903,2.4201,2.4201,637942
2006-08-21,2.3801,2.4903,2.3801,2.3801,446830
2006-08-22,2.3999,2.4601,2.3801,2.3999,1886766
2006-08-23,2.4601,2.4804,2.39,2.4601,2401667
2006-08-24,2.4201,2.4498,2.3801,2.4201,1943091
2006-08-25,2.4201,2.43,2.3999,2.4201,727666
2006-08-28,2.4201,2.4903,2.4098,2.4201,1188779
2006-08-29,2.39,2.43,2.39,2.39,1293666
2006-08-31,2.3801,2.43,2.3697,2.3801,1228000
2006-09-01,2.39,2.4098,2.3801,2.39,1315702
2006-09-04,2.3999,2.4201,2.39,2.3999,1227748
2006-09-05,2.4804,2.4804,2.39,2.4804,4431227
2006-09-06,2.6203,2.78,2.5002,2.6203,36712397
2006-09-07,2.6599,2.6599,2.56,2.6599,5069159
2006-09-08,2.6401,2.7201,2.56,2.6401,5332023
2006-09-11,2.6401,2.6999,2.5802,2.6401,4295014
2006-09-12,2.7399,2.78,2.6,2.7399,8229990
2006-09-13,2.6797,2.7998,2.6599,2.6797,4586606
2006-09-14,2.5802,2.7201,2.5002,2.5802,1718570
2006-09-15,2.6599,2.6599,2.5802,2.6599,2275027
2006-09-18,2.7201,2.78,2.6797,2.7201,3566478
2006-09-19,2.7399,2.7998,2.6999,2.7399,3424948
2006-09-20,2.8196,2.86,2.7201,2.8196,5979346
2006-09-21,2.8798,2.9001,2.78,2.8798,8503286
2006-09-22,2.6401,2.8196,2.6203,2.6401,7684865
2006-09-25,2.5802,2.7201,2.56,2.5802,5488281
2006-09-26,2.5802,2.6599,2.5398,2.5802,3069581
2006-09-27,2.6599,2.6797,2.6203,2.6599,3998711
2006-09-28,2.6797,2.6999,2.6401,2.6797,1494311
2006-09-29,2.6,2.6999,2.6,2.6,3170263
2006-10-02,2.6,2.6401,2.5802,2.6,1758428
2006-10-03,2.6401,2.6999,2.6,2.6401,5136179
2006-10-04,2.56,2.6401,2.56,2.56,1172332
2006-10-05,2.7602,2.7602,2.6,2.7602,10175912
2006-10-06,2.6999,2.86,2.6401,2.6999,13929076
2006-10-09,2.7602,2.7998,2.6797,2.7602,13936000
2006-10-10,2.7602,2.7998,2.6999,2.7602,6799101
2006-10-11,2.6999,2.78,2.6599,2.6999,2673001
2006-10-12,2.7201,2.7602,2.6797,2.7201,4261757
2006-10-13,2.7602,2.8398,2.6797,2.7602,5957582
2006-10-16,2.78,2.8196,2.7602,2.78,5301737
2006-10-17,2.6999,2.7998,2.6999,2.6999,1228132
2006-10-18,2.8196,2.86,2.7201,2.8196,6323250
2006-10-19,2.86,2.9199,2.78,2.86,7650334
2006-10-20,2.8398,2.8798,2.7998,2.8398,2451452
2006-10-26,2.8798,2.9001,2.8398,2.8798,3245218
2006-10-27,2.86,2.9001,2.8398,2.86,2620376
2006-10-30,2.7602,2.86,2.7602,2.7602,1949470
2006-10-31,2.7998,2.8196,2.7399,2.7998,2228790
2006-11-01,2.78,2.8196,2.78,2.78,1806322
2006-11-02,2.7998,2.8398,2.78,2.7998,3420460
2006-11-03,2.7602,2.8196,2.7399,2.7602,808140
2006-11-06,2.7399,2.7998,2.7399,2.7399,625013
2006-11-07,2.78,2.8196,2.78,2.78,1047865
2006-11-08,2.7399,2.7998,2.7399,2.7399,649739
2006-11-09,2.86,2.9401,2.78,2.86,11790181
2006-11-10,2.8798,2.9797,2.86,2.8798,2439392
2006-11-13,2.8196,2.9401,2.7602,2.8196,3015328
2006-11-14,2.7998,2.8398,2.78,2.7998,2060765
2006-11-15,2.7602,2.86,2.7602,2.7602,1304866
2006-11-16,2.78,2.8196,2.7602,2.78,665033
2006-11-17,2.6999,2.78,2.6999,2.6999,695804
2006-11-20,2.6797,2.78,2.6,2.6797,1182097
2006-11-21,2.6599,2.6797,2.6203,2.6599,812699
2006-11-22,2.6,2.6999,2.6,2.6,451843
2006-11-23,2.6,2.6401,2.5802,2.6,547976
2006-11-24,2.5802,2.6401,2.52,2.5802,274802
2006-11-27,2.5802,2.6401,2.56,2.5802,204709
2006-11-28,2.4804,2.56,2.3198,2.4804,728364
2006-11-29,2.56,2.7399,2.5398,2.56,800812
2006-11-30,2.5802,2.6599,2.5802,2.5802,448437
2006-12-01,2.6999,2.6999,2.5802,2.6999,1341550
2006-12-04,2.6797,2.7399,2.6203,2.6797,1297982
2006-12-05,2.6797,2.6999,2.6,2.6797,376898
2006-12-06,2.6401,2.6999,2.6203,2.6401,367740
2006-12-07,2.7602,2.7998,2.6401,2.7602,5394271
2006-12-08,2.7201,2.78,2.6999,2.7201,1125004
2006-12-11,2.7399,2.7602,2.6999,2.7399,527668
2006-12-12,2.6999,2.7602,2.6797,2.6999,831390
2006-12-13,2.5802,2.6999,2.5802,2.5802,986405
2006-12-14,2.6,2.6401,2.56,2.6,1393447
2006-12-15,2.6203,2.7399,2.6203,2.6203,2725748
2006-12-18,2.6203,2.7201,2.6203,2.6203,1519724
2006-12-19,2.56,2.6599,2.5398,2.56,538454
2006-12-20,2.5802,2.6203,2.5398,2.5802,252654
2006-12-21,2.56,2.6203,2.56,2.56,323212
2006-12-22,2.56,2.6,2.56,2.56,94546
2006-12-25,2.5002,2.6,2.4804,2.5002,291471
2006-12-26,2.4601,2.52,2.4403,2.4601,300478
2006-12-27,2.4804,2.4903,2.3198,2.4804,802611
2006-12-28,2.4903,2.56,2.4804,2.4903,1210047
2006-12-29,2.47,2.52,2.47,2.47,267392
2007-01-04,2.4403,2.5002,2.4098,2.4403,386845
2007-01-05,2.3405,2.4498,2.3405,2.3405,830541
2007-01-08,2.2595,2.3198,2.2397,2.2595,895822
2007-01-09,2.1902,2.3198,2.1799,2.1902,395609
2007-01-10,2.13,2.1902,2.13,2.13,410580
2007-01-11,2.2001,2.2195,2.1502,2.2001,1268394
2007-01-12,2.2397,2.2501,2.2001,2.2397,1466613
2007-01-15,2.3198,2.3405,2.2397,2.3198,3456275
2007-01-16,2.2901,2.3301,2.2595,2.2901,1317219
2007-01-17,2.3099,2.3301,2.2901,2.3099,1103554
2007-01-18,2.4098,2.43,2.3198,2.4098,4523367
2007-01-19,2.3603,2.4098,2.3504,2.3603,1610984
2007-01-22,2.3999,2.4201,2.3801,2.3999,1004388
2007-01-23,2.4498,2.4804,2.3697,2.4498,9031307
2007-01-24,2.47,2.47,2.4403,2.47,5434958
2007-01-25,2.4804,2.5398,2.4498,2.4804,4810511
2007-01-26,2.47,2.4804,2.4201,2.47,2201881
2007-01-29,2.4903,2.52,2.4498,2.4903,1832150
2007-01-30,2.47,2.5096,2.4601,2.47,740342
2007-01-31,2.4903,2.52,2.4601,2.4903,3434996
2007-02-01,2.52,2.5398,2.4804,2.52,5311452
2007-02-02,2.52,2.5398,2.5002,2.52,1001245
2007-02-05,2.6203,2.6797,2.5002,2.6203,7195862
2007-02-06,2.5802,2.6797,2.5802,2.5802,3728893
2007-02-07,2.6797,2.6797,2.56,2.6797,5169133
2007-02-08,2.6401,2.7602,2.6,2.6401,8155379
2007-02-09,2.6797,2.6999,2.6401,2.6797,2152258
2007-02-12,2.6999,2.7201,2.6203,2.6999,2114502
2007-02-13,2.6999,2.7602,2.6599,2.6999,6540736
2007-02-14,2.6999,2.7998,2.6797,2.6999,7159886
2007-02-15,2.6797,2.78,2.6797,2.6797,3031007
2007-02-16,2.7399,2.7998,2.6797,2.7399,8553384
2007-02-19,2.86,2.8798,2.78,2.86,7309068
2007-02-20,2.8398,2.9401,2.7998,2.8398,7040231
2007-02-21,2.7399,2.9001,2.6599,2.7399,4012115
2007-02-22,2.78,2.8398,2.7201,2.78,7870014
2007-02-23,2.7602,2.7998,2.7399,2.7602,1404132
2007-02-26,2.7602,2.7602,2.6599,2.7602,2024819
2007-02-27,2.52,2.6999,2.52,2.52,2426413
2007-02-28,2.5398,2.5398,2.4601,2.5398,1703427
2007-03-01,2.4804,2.5897,2.4804,2.4804,2094305
2007-03-02,2.5002,2.56,2.4601,2.5002,2013780
2007-03-05,2.43,2.4804,2.3999,2.43,2600270
2007-03-06,2.52,2.5699,2.4403,2.52,4453355
2007-03-07,2.4903,2.5398,2.47,2.4903,1022311
2007-03-08,2.56,2.6,2.5002,2.56,2054973
2007-03-09,2.56,2.5802,2.5002,2.56,1628725
2007-03-12,2.6797,2.7399,2.6203,2.6797,6255199
2007-03-13,2.8398,2.8798,2.6797,2.8398,15990993
2007-03-14,2.7998,2.86,2.7201,2.7998,8530993
2007-03-15,2.7998,2.8798,2.78,2.7998,6605319
2007-03-16,2.9797,2.9797,2.78,2.9797,12801393
2007-03-19,2.9001,3.0004,2.9001,2.9001,2239394
2007-03-20,3.0602,3.2397,3.0202,3.0602,36552398
2007-03-21,3.4601,3.4601,3.1803,3.4601,44029471
2007-03-22,3.8802,3.8802,3.3796,3.8802,34495110
2007-03-23,3.82,4.1398,3.82,3.82,15835179
2007-03-26,3.7804,3.9001,3.7003,3.7804,4647995
2007-03-27,3.6,3.82,3.6,3.6,7611325
2007-03-28,3.5397,3.6198,3.4201,3.5397,4897455
2007-03-29,3.9397,3.9599,3.5001,3.9397,13148471
2007-03-30,3.7804,4.04,3.7601,3.7804,24826447
2007-04-02,3.7998,3.9203,3.7003,3.7998,16571367
2007-04-03,3.7804,3.86,3.7601,3.7804,5445340
2007-04-04,3.9999,4.04,3.7403,3.9999,22876512
2007-04-05,4.1196,4.1398,3.9203,4.1196,27951221
2007-04-06,4.1196,4.1196,3.9999,4.1196,15014221
2007-04-09,4.08,4.1601,4.0202,4.08,6213480
2007-04-10,3.8402,4.0602,3.8402,3.8402,4196961
2007-04-11,3.8802,3.9797,3.8802,3.8802,9630948
2007-04-12,3.7804,3.9203,3.7403,3.7804,7178294
2007-04-13,3.9397,3.9797,3.7804,3.9397,11472145
2007-04-16,3.9999,4.04,3.9397,3.9999,5723154
2007-04-17,4.3998,4.4403,3.9797,4.3998,28827463
2007-04-18,4.1799,4.5802,4.1799,4.1799,41426279
2007-04-19,4.1196,4.3602,4.1196,4.1196,12063932
2007-04-20,4.1601,4.3404,4.1398,4.1601,9633253
2007-04-24,4.1601,4.2397,4.1398,4.1601,3600261
2007-04-25,4.1799,4.2595,4.1398,4.1799,3369594
2007-04-26,4.1799,4.2397,4.1398,4.1799,2692400
2007-04-27,4.0998,4.1601,4.0602,4.0998,1323284
2007-04-30,3.9001,3.9797,3.7201,3.9001,2632911
2007-05-01,3.82,3.8802,3.7998,3.82,924460
2007-05-02,3.86,3.9599,3.5798,3.86,3528500
2007-05-03,3.9999,4.08,3.8402,3.9999,3298823
2007-05-04,4.08,4.1799,3.9397,4.08,1746176
2007-05-07,4.0998,4.2397,4.0602,4.0998,4072716
2007-05-08,4.08,4.1601,4.0202,4.08,1975752
2007-05-09,4.04,4.1196,4.0202,4.04,2034918
2007-05-10,3.9797,4.0998,3.9001,3.9797,1447609
2007-05-11,3.9797,3.9999,3.7804,3.9797,1394792
2007-05-14,3.9999,4.0602,3.9397,3.9999,1375616
2007-05-15,3.9599,3.9999,3.9203,3.9599,551221
2007-05-16,4.04,4.08,3.9599,4.04,1813358
2007-05-17,4.04,4.1601,3.9999,4.04,3977746
2007-05-18,4.08,4.1398,4.0602,4.08,1893428
2007-05-21,4.04,4.1196,4.04,4.04,912370
2007-05-22,4.08,4.1799,4.0602,4.08,2907621
2007-05-23,4.04,4.1196,4.04,4.04,644452
2007-05-24,4.0202,4.04,3.9797,4.0202,1068770
2007-05-25,4.08,4.1601,3.9999,4.08,4159549
2007-05-28,4.0998,4.1398,4.0602,4.0998,1360049
2007-05-29,4.1196,4.2595,4.08,4.1196,9161364
2007-05-30,4.04,4.1601,4.0202,4.04,1228708
2007-05-31,4.1799,4.2199,4.08,4.1799,4024074
2007-06-01,4.2001,4.2199,4.1398,4.2001,1266827
2007-06-04,4.1398,4.2595,4.0998,4.1398,3971408
2007-06-05,4.1601,4.2199,4.1196,4.1601,1452451
2007-06-06,4.1196,4.2001,4.0998,4.1196,1756376
2007-06-07,4.0998,4.1601,4.0202,4.0998,990327
2007-06-08,4.0998,4.0998,3.9797,4.0998,2611016
2007-06-11,4.08,4.1799,4.08,4.08,422043
2007-06-12,4.08,4.1196,4.04,4.08,403009
2007-06-13,4.08,4.08,4.0202,4.08,365728
2007-06-14,4.0602,4.0998,4.04,4.0602,193155
2007-06-15,4.1601,4.1601,4.08,4.1601,1458830
2007-06-18,4.1601,4.2001,4.1398,4.1601,1136457
2007-06-19,4.1196,4.1799,4.1196,4.1196,330298
2007-06-20,4.2001,4.3404,4.1398,4.2001,18318817
2007-06-21,4.1196,4.1799,4.08,4.1196,5623160
2007-06-22,4.1196,4.1799,4.1196,4.1196,2814319
2007-06-25,2.08,2.0904,2.0503,2.08,545110
2007-06-26,2.0598,2.1102,2.0301,2.0598,2315355
2007-06-27,2.0301,2.0701,2,2.0301,310662
2007-06-28,2.0301,2.0503,2.0301,2.0301,496801
2007-06-29,2.0202,2.0503,1.9896,2.0202,3156601
2007-07-02,2.0301,2.0598,2.0301,2.0301,1137594
2007-07-03,2.0301,2.0598,2.0103,2.0301,1320913
2007-07-04,2.0904,2.0998,2.0301,2.0904,5944436
2007-07-05,2.08,2.1102,2.0598,2.08,2336456
2007-07-06,2.1102,2.1201,2.0598,2.1102,2712521
2007-07-09,2.2798,2.3198,2.1201,2.2798,12216718
2007-07-10,2.1997,2.3,2.1799,2.1997,4642870
2007-07-11,2.21,2.2199,2.0998,2.21,1065692
2007-07-12,2.2199,2.2501,2.1997,2.2199,1726945
2007-07-13,2.2199,2.3198,2.2199,2.2199,6377553
2007-07-16,2.1997,2.2397,2.1902,2.1997,1038828
2007-07-17,2.21,2.2199,2.17,2.21,411369
2007-07-18,2.1601,2.2199,2.1502,2.1601,1022786
2007-07-19,2.1799,2.2199,2.17,2.1799,3421188
2007-07-20,2.1102,2.1997,2.0998,2.1102,1778872
2007-07-23,2.2501,2.26,2.1502,2.2501,3962335
2007-07-24,2.2798,2.3,2.2501,2.2798,3719932
2007-07-25,2.3702,2.3801,2.2303,2.3702,4918728
2007-07-26,2.43,2.5002,2.3801,2.43,5075709
2007-07-27,2.3603,2.4201,2.3301,2.3603,1527502
2007-07-30,2.52,2.6,2.3801,2.52,9166484
2007-07-31,2.5002,2.6401,2.4799,2.5002,4847594
2007-08-01,2.4201,2.4799,2.4003,2.4201,2554675
2007-08-02,2.43,2.47,2.4201,2.43,1315824
2007-08-03,2.3702,2.4601,2.3603,2.3702,433567
2007-08-06,2.3702,2.3801,2.2901,2.3702,1665520
2007-08-07,2.3603,2.4201,2.3301,2.3603,1801940
2007-08-08,2.4098,2.43,2.3801,2.4098,1242410
2007-08-09,2.3,2.43,2.2798,2.3,703562
2007-08-10,2.2699,2.2901,2.2199,2.2699,292482
2007-08-13,2.3099,2.3301,2.2798,2.3099,360346
2007-08-14,2.3198,2.3702,2.2699,2.3198,1192241
2007-08-15,2.2199,2.3,2.1799,2.2199,697325
2007-08-16,2,2.2199,1.87,2,1254429
2007-08-17,2.08,2.0998,1.9199,2.08,973173
2007-08-20,2.1102,2.1399,2.0904,2.1102,724947
2007-08-21,2.0301,2.1399,2.0103,2.0301,1016271
2007-08-22,2.0998,2.17,2.0503,2.0998,1841732
2007-08-23,2.0998,2.1502,2.0998,2.0998,1822193
2007-08-24,2.3396,2.4403,2.0904,2.3396,21548396
2007-08-27,2.3801,2.6,2.3396,2.3801,13823471
2007-08-28,2.43,2.5402,2.3396,2.43,7846269
2007-08-29,2.3702,2.47,2.3,2.3702,6446620
2007-08-31,2.43,2.5101,2.4201,2.43,3481875
2007-09-03,2.4098,2.47,2.4003,2.4098,3144359
2007-09-04,2.4003,2.4403,2.3801,2.4003,1344466
2007-09-05,2.3702,2.4201,2.3702,2.3702,2023288
2007-09-06,2.4098,2.4098,2.3301,2.4098,1340686
2007-09-07,2.3396,2.43,2.2901,2.3396,2139471
2007-09-10,2.3198,2.3702,2.3099,2.3198,1190523
2007-09-11,2.3499,2.3702,2.2901,2.3499,1883496
2007-09-12,2.3499,2.39,2.3198,2.3499,1932482
2007-09-13,2.4498,2.4498,2.3301,2.4498,6098303
2007-09-14,2.39,2.5002,2.3801,2.39,11806087
2007-09-17,2.3499,2.4201,2.3396,2.3499,1273878
2007-09-18,2.3198,2.3801,2.3198,2.3198,4039004
2007-09-19,2.3801,2.4201,2.3603,2.3801,1480037
2007-09-20,2.39,2.4403,2.3499,2.39,5516666
2007-09-21,2.39,2.4201,2.3801,2.39,1351618
2007-09-24,2.3801,2.4601,2.3702,2.3801,4767792
2007-09-25,2.3396,2.4003,2.3301,2.3396,1604014
2007-09-26,2.3801,2.39,2.3396,2.3801,2039517
2007-09-27,2.39,2.4201,2.3702,2.39,3160053
2007-09-28,2.3801,2.4201,2.3702,2.3801,1602078
2007-10-01,2.3499,2.39,2.3396,2.3499,1161162
2007-10-02,2.3301,2.4003,2.3301,2.3301,2397416
2007-10-03,2.3,2.3603,2.3,2.3,828474
2007-10-04,2.3099,2.3396,2.2798,2.3099,1440543
2007-10-05,2.3499,2.3499,2.3198,2.3499,964834
2007-10-08,2.3499,2.3801,2.3396,2.3499,1973660
2007-10-09,2.3801,2.39,2.3603,2.3801,1519810
2007-10-10,2.3801,2.4098,2.3603,2.3801,3884252
2007-10-11,2.3702,2.39,2.3499,2.3702,523362
2007-10-15,2.3198,2.3499,2.3,2.3198,976590
2007-10-16,2.3,2.3301,2.2397,2.3,670927
2007-10-17,2.3301,2.3499,2.2901,2.3301,1143589
2007-10-18,2.2901,2.39,2.2798,2.2901,4865774
2007-10-19,2.3,2.3301,2.2901,2.3,1016933
2007-10-22,2.2199,2.2501,2.0998,2.2199,427967
2007-10-23,2.2901,2.2901,2.2199,2.2901,459202
2007-10-24,2.3099,2.3099,2.26,2.3099,689921
2007-10-25,2.2901,2.3301,2.2901,2.2901,343186
2007-10-26,2.26,2.3099,2.2397,2.26,1088310
2007-10-30,2.2199,2.2798,2.1799,2.2199,1042407
2007-10-31,2.2303,2.2397,2.21,2.2303,942852
2007-11-01,2.1997,2.2699,2.1799,2.1997,1147147
2007-11-02,2.1902,2.2199,2.1799,2.1902,504074
2007-11-05,2.1399,2.1997,2.13,2.1399,1206287
2007-11-06,2.1502,2.1902,2.1502,2.1502,1297446
2007-11-07,2.1601,2.17,2.0998,2.1601,471863
2007-11-08,2.13,2.1502,2.0998,2.13,430818
2007-11-09,2.0904,2.1502,2.0598,2.0904,480698
2007-11-12,2.1102,2.1201,2.0701,2.1102,291233
2007-11-13,2.0998,2.0998,2.08,2.0998,386527
2007-11-14,2.13,2.13,2.08,2.13,1786706
2007-11-15,2.1201,2.13,2.0998,2.1201,459344
2007-11-16,2.1399,2.1399,2.1102,2.1399,460638
2007-11-19,2.1102,2.17,2.0904,2.1102,622168
2007-11-20,2.13,2.13,2.0904,2.13,430034
2007-11-21,2.0701,2.1102,2.0503,2.0701,591928
2007-11-22,2.0503,2.0998,2.04,2.0503,296070
2007-11-23,2.08,2.08,2.0503,2.08,286573
2007-11-26,2.0598,2.0904,2.04,2.0598,390914
2007-11-27,1.9401,2.04,1.9298,1.9401,1239504
2007-11-28,1.9599,1.9698,1.95,1.9599,358996
2007-11-29,1.9599,1.9896,1.95,1.9599,2671333
2007-11-30,1.9802,1.9896,1.9599,1.9802,1358032
2007-12-03,1.9698,1.9802,1.9599,1.9698,372481
2007-12-04,1.95,1.9698,1.9401,1.95,247660
2007-12-05,1.9896,2.0103,1.95,1.9896,1127334
2007-12-06,1.95,2,1.9298,1.95,2015246
2007-12-07,1.9802,2.0103,1.9401,1.9802,6303467
2007-12-10,1.9802,1.9802,1.95,1.9802,2105809
2007-12-11,1.9599,1.9896,1.95,1.9599,1424506
2007-12-12,1.9698,1.9802,1.9401,1.9698,1061760
2007-12-13,1.9401,1.9698,1.9199,1.9401,728151
2007-12-14,1.91,1.95,1.8898,1.91,557958
2007-12-17,1.8497,1.9001,1.8497,1.8497,401599
2007-12-18,1.87,1.8898,1.8403,1.87,324617
2007-12-19,1.8002,1.8601,1.7899,1.8002,597766
2007-12-24,1.8299,1.8403,1.7899,1.8299,1737225
2007-12-25,1.8601,1.87,1.8299,1.8601,1652212
2007-12-26,1.8601,1.91,1.8497,1.8601,2962329
2007-12-27,1.8299,1.87,1.8097,1.8299,882787
2007-12-28,1.8299,1.8403,1.8097,1.8299,468669
2007-12-31,1.8497,1.8497,1.8002,1.8497,592686
2008-01-02,1.8097,1.8403,1.8002,1.8097,475093
2008-01-03,1.7499,1.8097,1.7301,1.7499,683977
2008-01-04,1.78,1.78,1.7202,1.78,544023
2008-01-07,1.7499,1.7701,1.74,1.7499,208171
2008-01-08,1.7701,1.7899,1.7499,1.7701,535072
2008-01-09,1.7499,1.7602,1.74,1.7499,469837
2008-01-10,1.74,1.7899,1.7301,1.74,1062968
2008-01-11,1.7202,1.7499,1.7202,1.7202,318794
2008-01-14,1.69,1.7202,1.69,1.69,413496
2008-01-15,1.6698,1.7301,1.6698,1.6698,491676
2008-01-16,1.6302,1.65,1.5902,1.6302,217132
2008-01-17,1.61,1.65,1.5996,1.61,293715
2008-01-18,1.5902,1.6397,1.5699,1.5902,583235
2008-01-21,1.4597,1.56,1.4399,1.4597,404677
2008-01-22,1.5101,1.5101,1.3504,1.5101,1208349
2008-01-23,1.39,1.5299,1.3599,1.39,1030873
2008-01-24,1.48,1.48,1.4201,1.48,550973
2008-01-25,1.52,1.56,1.4998,1.52,1146894
2008-01-28,1.48,1.4998,1.4399,1.48,567875
2008-01-29,1.61,1.65,1.4903,1.61,4123699
2008-01-30,1.5902,1.61,1.5398,1.5902,2083509
2008-01-31,1.65,1.65,1.4503,1.65,1026819
2008-02-01,1.6397,1.6698,1.5996,1.6397,2601124
2008-02-04,1.6199,1.6801,1.61,1.6199,1293064
2008-02-05,1.6199,1.7701,1.5996,1.6199,13710948
2008-02-06,1.74,1.8403,1.5798,1.74,18055054
2008-02-07,1.7301,1.87,1.7301,1.7301,19617339
2008-02-08,1.6199,1.8097,1.61,1.6199,19911812
2008-02-11,1.5398,1.5996,1.52,1.5398,3672426
2008-02-12,1.5398,1.5699,1.5101,1.5398,5486760
2008-02-13,1.56,1.56,1.52,1.56,4030189
2008-02-14,1.61,1.65,1.56,1.61,10998978
2008-02-15,1.5699,1.61,1.5501,1.5699,2068114
2008-02-18,1.61,1.6302,1.5902,1.61,3732658
2008-02-19,1.65,1.6698,1.5798,1.65,6722675
2008-02-20,1.6199,1.65,1.5996,1.6199,2236993
2008-02-21,1.6397,1.6603,1.6199,1.6397,4193306
2008-02-22,1.6801,1.7004,1.6199,1.6801,12381103
2008-02-25,1.6302,1.7301,1.6199,1.6302,4464868
2008-02-26,1.6302,1.6698,1.61,1.6302,3016718
2008-02-27,1.6698,1.6801,1.6397,1.6698,2864377
2008-02-28,1.6801,1.7602,1.6603,1.6801,8933234
2008-02-29,1.6397,1.7098,1.61,1.6397,2230225
2008-03-03,1.56,1.5996,1.5501,1.56,1446356
2008-03-04,1.5996,1.6397,1.5699,1.5996,4439668
2008-03-05,1.5996,1.6302,1.5996,1.5996,976024
2008-03-06,1.5996,1.6397,1.5699,1.5996,2491128
2008-03-07,1.56,1.5798,1.4998,1.56,1998805
2008-03-10,1.5699,1.5699,1.5299,1.5699,957293
2008-03-11,1.5902,1.5902,1.5501,1.5902,2117980
2008-03-12,1.65,1.65,1.5798,1.65,5120647
2008-03-13,1.5398,1.6302,1.5398,1.5398,5684933
2008-03-14,1.5501,1.5902,1.5299,1.5501,2652678
2008-03-17,1.39,1.4503,1.3198,1.39,1381363
2008-03-18,1.4102,1.4201,1.3801,1.4102,1586127
2008-03-19,1.3702,1.4399,1.3504,1.3702,2230589
2008-03-20,1.3504,1.3702,1.3401,1.3504,790941
2008-03-21,1.3504,1.4102,1.3401,1.3504,2685258
2008-03-24,1.3999,1.3999,1.3504,1.3999,1066157
2008-03-25,1.3801,1.43,1.3801,1.3801,2938230
2008-03-26,1.3702,1.4102,1.3599,1.3702,483069
2008-03-27,1.3599,1.4102,1.3599,1.3599,1038111
2008-03-28,1.3297,1.3801,1.3198,1.3297,838951
2008-03-31,1.3401,1.3801,1.26,1.3401,1068350
2008-04-01,1.4399,1.4597,1.3297,1.4399,1737114
2008-04-02,1.4399,1.4998,1.4201,1.4399,1791685
2008-04-03,1.4102,1.4701,1.39,1.4102,1037742
2008-04-04,1.4102,1.4102,1.3702,1.4102,468032
2008-04-07,1.4102,1.43,1.3999,1.4102,711750
2008-04-08,1.4201,1.4701,1.3999,1.4201,876990
2008-04-09,1.48,1.48,1.4201,1.48,4520556
2008-04-10,1.4701,1.52,1.4503,1.4701,4312052
2008-04-11,1.4597,1.5101,1.4399,1.4597,1402813
2008-04-14,1.4701,1.4903,1.4201,1.4701,556214
2008-04-15,1.4998,1.5101,1.4597,1.4998,447694
2008-04-16,1.48,1.5101,1.4701,1.48,686782
2008-04-17,1.4597,1.4998,1.4597,1.4597,553369
2008-04-18,1.4998,1.4998,1.4701,1.4998,763102
2008-04-21,1.5501,1.5798,1.52,1.5501,1524571
2008-04-22,1.48,1.56,1.4597,1.48,1807429
2008-04-24,1.48,1.4998,1.4597,1.48,792037
2008-04-25,1.48,1.4998,1.4701,1.48,756415
2008-04-28,1.48,1.4998,1.4701,1.48,2447575
2008-04-29,1.4597,1.4998,1.4597,1.4597,1833848
2008-04-30,1.5101,1.52,1.4597,1.5101,1065095
2008-05-01,1.5101,1.5501,1.4998,1.5101,2129387
2008-05-02,1.56,1.5902,1.52,1.56,5395666
2008-05-05,1.5996,1.6199,1.5501,1.5996,4048607
2008-05-06,1.5996,1.6397,1.5902,1.5996,1126475
2008-05-07,1.65,1.6698,1.6199,1.65,2752379
2008-05-08,1.7004,1.7202,1.6397,1.7004,7641833
2008-05-09,1.6801,1.7202,1.6801,1.6801,2527473
2008-05-12,1.74,1.7701,1.6603,1.74,4419051
2008-05-13,1.9401,1.9401,1.74,1.9401,6612259
2008-05-14,1.9802,2.0701,1.95,1.9802,9755077
2008-05-15,2.3,2.3,1.9802,2.3,21847737
2008-05-16,2.7102,2.7102,2.4601,2.7102,1387640
2008-05-20,2.86,3.0602,2.7597,2.86,26522388
2008-05-21,2.8398,3.04,2.82,2.8398,19514348
2008-05-22,2.6999,2.8798,2.6801,2.6999,5669472
2008-05-23,2.6999,2.82,2.6198,2.6999,15500833
2008-05-26,2.7399,2.78,2.6599,2.7399,4595102
2008-05-27,3.12,3.12,2.7399,3.12,17554896
2008-05-28,2.9797,3.1803,2.9397,2.9797,7441956
2008-05-29,2.9199,3.08,2.9199,2.9199,4951526
2008-05-30,2.8398,3.0004,2.7998,2.8398,3554262
2008-06-02,2.8996,2.9397,2.78,2.8996,2254041
2008-06-03,2.8996,3.04,2.86,2.8996,3388188
2008-06-04,2.9599,3.2001,2.9397,2.9599,9979725
2008-06-05,3.1002,3.1403,2.9599,3.1002,7144354
2008-06-06,3.08,3.1803,3.0004,3.08,5858038
2008-06-09,3.04,3.08,2.9599,3.04,2869406
2008-06-10,2.9199,3.08,2.9199,2.9199,2712940
2008-06-11,3.04,3.08,2.9199,3.04,5813641
2008-06-12,3.0004,3.08,2.9797,3.0004,4017109
2008-06-13,3.0004,3.0602,2.9599,3.0004,3243191
2008-06-16,3.04,3.12,3.0004,3.04,2452407
2008-06-17,3.0202,3.1002,3.0004,3.0202,3156722
2008-06-18,3.0202,3.1002,2.9797,3.0202,3039832
2008-06-19,3.12,3.1601,2.9797,3.12,11994066
2008-06-20,3.12,3.1803,3.0602,3.12,5743472
2008-06-23,3.1403,3.1803,3.0602,3.1403,6069201
2008-06-24,3.1601,3.1803,3.1002,3.1601,4453375
2008-06-25,3.2401,3.2802,3.1803,3.2401,6196680
2008-06-26,3.2199,3.2802,3.2001,3.2199,2131631
2008-06-27,3.3,3.34,3.2001,3.3,3758425
2008-06-30,3.2401,3.3,3.2001,3.2401,2487135
2008-07-01,3.2001,3.2401,3.1002,3.2001,4069173
2008-07-02,3.2401,3.2599,3.1601,3.2401,1231508
2008-07-03,3.2401,3.2599,3.2001,3.2401,1059329
2008-07-04,3.2401,3.3202,3.2199,3.2401,3546888
2008-07-07,3.2599,3.3,3.2199,3.2599,1191382
2008-07-08,3.2599,3.2802,3.2199,3.2599,770056
2008-07-09,3.2199,3.2802,3.1601,3.2199,1890420
2008-07-10,3.1803,3.2599,3.1601,3.1803,1948489
2008-07-11,3.1002,3.2001,3.0602,3.1002,817248
2008-07-14,3.1002,3.1403,3.0202,3.1002,636562
2008-07-15,3.08,3.1403,3.0602,3.08,151497
2008-07-16,3.12,3.2599,3.0602,3.12,1600198
2008-07-17,3.08,3.2001,3.0602,3.08,1880691
2008-07-18,3.04,3.12,2.9599,3.04,1740439
2008-07-21,3.0202,3.1002,3.0004,3.0202,1128446
2008-07-22,3.0004,3.08,2.9599,3.0004,1209941
2008-07-23,3.0004,3.12,2.9797,3.0004,3246506
2008-07-24,3.0202,3.0602,3.0004,3.0202,1261409
2008-07-25,3.0004,3.04,2.9599,3.0004,498484
2008-07-28,3.0004,3.0602,2.9599,3.0004,240220
2008-07-29,3.0004,3.0202,2.9599,3.0004,418480
2008-07-30,2.9797,3.04,2.9397,2.9797,1321247
2008-07-31,3.0202,3.08,2.9599,3.0202,1741531
2008-08-01,3.04,3.08,3.0202,3.04,1209724
2008-08-04,3.0004,3.08,3.0004,3.0004,911314
2008-08-05,3.08,3.2199,3.0004,3.08,3184693
2008-08-06,3.0004,3.1601,3.0004,3.0004,3394380
2008-08-07,3.0004,3.0602,3.0004,3.0004,710886
2008-08-08,2.9797,3.04,2.9599,2.9797,411965
2008-08-11,3.0004,3.0202,2.9797,3.0004,298602
2008-08-12,2.8996,3.0202,2.8398,2.8996,1389025
2008-08-13,2.8996,2.9397,2.86,2.8996,437757
2008-08-14,2.86,2.9199,2.8398,2.86,887756
2008-08-15,2.8798,2.9199,2.8398,2.8798,415680
2008-08-18,2.9199,2.9797,2.8798,2.9199,798921
2008-08-19,2.9797,3.0202,2.9397,2.9797,1466189
2008-08-20,2.9199,3.1002,2.9199,2.9199,1610696
2008-08-21,2.9199,2.9797,2.8798,2.9199,595400
2008-08-22,2.9797,3.0202,2.9397,2.9797,1006951
2008-08-25,3.0202,3.0602,2.9599,3.0202,2646497
2008-08-26,2.9797,3.08,2.9797,2.9797,1381691
2008-08-27,2.9797,3.0202,2.9599,2.9797,951212
2008-08-28,2.9599,3.0202,2.9397,2.9599,1543494
2008-08-29,2.9797,3.0202,2.9397,2.9797,656375
2008-09-01,3.0202,3.0602,2.9797,3.0202,1282758
2008-09-02,3.0004,3.0202,2.9797,3.0004,1558010
2008-09-03,2.9599,3.0004,2.9397,2.9599,644028
2008-09-04,2.9599,2.9797,2.9397,2.9599,621036
2008-09-05,2.9397,2.9397,2.8798,2.9397,396807
2008-09-08,2.9397,2.9797,2.9397,2.9397,561380
2008-09-09,2.9397,2.9797,2.9199,2.9397,500324
2008-09-10,2.9397,2.9797,2.9199,2.9397,354659
2008-09-11,2.8798,2.9599,2.86,2.8798,405329
2008-09-12,2.7998,2.9199,2.7998,2.7998,451565
2008-09-15,2.5002,2.7998,2.4601,2.5002,922403
2008-09-16,2.13,2.4601,2.0998,2.13,3328745
2008-09-17,2.3,2.3801,2.2199,2.3,3249943
2008-09-18,2.3702,2.39,2.0598,2.3702,1961742
2008-09-19,2.6198,2.6801,2.4201,2.6198,2564673
2008-09-22,2.56,2.82,2.5002,2.56,2911852
2008-09-23,2.4003,2.56,2.3396,2.4003,2281355
2008-09-24,2.3499,2.5002,2.26,2.3499,924980
2008-09-25,2.4201,2.4201,2.3396,2.4201,682905
2008-09-26,2.6198,2.6198,2.3499,2.6198,520915
2008-09-29,2.73,2.73,2.4403,2.73,800529
2008-10-03,2.6,2.6599,2.4799,2.6,774519
2008-10-06,2.2303,2.4601,2.2199,2.2303,570331
2008-10-07,2.3,2.4003,2.1102,2.3,230122
2008-10-08,2.0503,2.1799,1.9802,2.0503,1350794
2008-10-09,2.1102,2.1601,2.0301,2.1102,725265
2008-10-10,1.9298,1.9599,1.7602,1.9298,1220363
2008-10-13,2,2.0598,1.9599,2,976226
2008-10-14,2.0598,2.2199,2.0103,2.0598,2997502
2008-10-15,2,2.26,1.9896,2,7680938
2008-10-16,1.8097,1.91,1.7202,1.8097,1385583
2008-10-17,1.6801,1.8497,1.6603,1.6801,944778
2008-10-20,1.74,1.8299,1.7004,1.74,712483
2008-10-21,1.7004,1.7899,1.6698,1.7004,1299655
2008-10-22,1.5902,1.6698,1.5699,1.5902,349651
2008-10-23,1.4597,1.5699,1.4399,1.4597,295307
2008-10-24,1.3702,1.61,1.3099,1.3702,853826
2008-10-27,1.2497,1.3504,1.21,1.2497,3281705
2008-10-28,1.2897,1.3,1.2199,1.2897,1361110
2008-10-30,1.3401,1.39,1.3198,1.3401,2120042
2008-10-31,1.2497,1.3198,1.2001,1.2497,5505162
2008-11-03,1.3099,1.3702,1.2497,1.3099,3162378
2008-11-04,1.3999,1.4399,1.3198,1.3999,4310970
2008-11-05,1.3401,1.43,1.3297,1.3401,1715881
2008-11-06,1.3401,1.3599,1.21,1.3401,1799297
2008-11-07,1.2802,1.3401,1.26,1.2802,833174
2008-11-10,1.26,1.3198,1.2199,1.26,677194
2008-11-11,1.21,1.2402,1.1898,1.21,811421
2008-11-12,1.17,1.2497,1.1201,1.17,418687
2008-11-13,1.1799,1.2299,1.13,1.1799,1505375
2008-11-14,1.1898,1.2299,1.1601,1.1898,1005470
2008-11-17,1.1097,1.21,1.1003,1.1097,681763
2008-11-18,1.1201,1.1498,1.0099,1.1201,4192311
2008-11-19,1.0602,1.1201,1.0301,1.0602,1066243
2008-11-20,0.9698,1.04,0.9302,0.9698,1623731
2008-11-21,1.0099,1.04,0.95,1.0099,3989169
2008-11-24,1.13,1.1403,1.0301,1.13,3012316
2008-11-25,1.2497,1.2497,1.1003,1.2497,4318430
2008-11-26,1.2497,1.2897,1.1799,1.2497,1700015
2008-11-27,1.2699,1.3,1.2497,1.2699,478621
2008-11-28,1.2897,1.2897,1.2299,1.2897,652524
2008-12-01,1.1799,1.2699,1.1498,1.1799,649532
2008-12-02,1.1898,1.2001,1.0602,1.1898,645150
2008-12-03,1.2299,1.3099,1.1799,1.2299,3760245
2008-12-04,1.2699,1.3297,1.2199,1.2699,2551132
2008-12-05,1.2402,1.26,1.2001,1.2402,384773
2008-12-12,1.3099,1.3599,1.1498,1.3099,3264343
2008-12-15,1.2897,1.3504,1.2699,1.2897,986228
2008-12-16,1.26,1.3099,1.26,1.26,2425938
2008-12-17,1.26,1.3297,1.2497,1.26,1471112
2008-12-18,1.2802,1.2897,1.2497,1.2802,623234
2008-12-19,1.26,1.3099,1.2497,1.26,855181
2008-12-22,1.3099,1.3504,1.26,1.3099,10355764
2008-12-23,1.3099,1.3297,1.2897,1.3099,1910486
2008-12-24,1.2897,1.3198,1.2802,1.2897,333078
2008-12-25,1.2802,1.3,1.2802,1.2802,491509
2008-12-26,1.3,1.3198,1.2802,1.3,976170
2008-12-29,1.2897,1.3297,1.2802,1.2897,1035270
2008-12-30,1.3198,1.3599,1.2897,1.3198,4015668
2008-12-31,1.3,1.3401,1.2802,1.3,1536079
2009-01-02,1.3099,1.3198,1.3,1.3099,543927
2009-01-05,1.3401,1.3599,1.3,1.3401,2580937
2009-01-06,1.39,1.3999,1.3297,1.39,2967176
2009-01-07,1.3504,1.4102,1.3198,1.3504,8431333
2009-01-08,1.3198,1.43,1.3099,1.3198,17271972
2009-01-09,1.3599,1.39,1.3297,1.3599,12420997
2009-01-12,1.3599,1.39,1.3297,1.3599,6298327
2009-01-13,1.3702,1.3801,1.3401,1.3702,2992190
2009-01-14,1.26,1.3801,1.2497,1.26,2568570
2009-01-15,1.2299,1.2897,1.21,1.2299,3552882
2009-01-16,1.2299,1.2699,1.21,1.2299,1585500
2009-01-19,1.2299,1.2699,1.2299,1.2299,2497956
2009-01-20,1.2199,1.2497,1.21,1.2199,1144771
2009-01-21,1.2001,1.2199,1.17,1.2001,1465264
2009-01-22,1.1799,1.2802,1.1799,1.1799,6796058
2009-01-23,1.1601,1.1898,1.1403,1.1601,2201851
2009-01-26,1.2001,1.2001,1.1498,1.2001,4297647
2009-01-27,1.17,1.21,1.1601,1.17,3506110
2009-01-28,1.2001,1.2497,1.1799,1.2001,5063438
2009-01-29,1.2001,1.2199,1.1799,1.2001,1354565
2009-01-30,1.1898,1.2001,1.17,1.1898,1240828
2009-02-02,1.1601,1.17,1.1498,1.1601,457823
2009-02-03,1.1799,1.2001,1.1601,1.1799,1164271
2009-02-04,1.2001,1.21,1.1799,1.2001,2585577
2009-02-05,1.1601,1.2299,1.1403,1.1601,4632019
2009-02-06,1.17,1.1799,1.1498,1.17,3599230
2009-02-09,1.17,1.21,1.1601,1.17,4167570
2009-02-10,1.1498,1.1799,1.1403,1.1498,1226489
2009-02-11,1.13,1.1403,1.1097,1.13,1113147
2009-02-12,1.1003,1.1498,1.1003,1.1003,1140460
2009-02-13,1.1097,1.1403,1.1003,1.1097,1129295
2009-02-16,1.1498,1.1799,1.1003,1.1498,4640272
2009-02-17,1.0899,1.1601,1.0899,1.0899,2192096
2009-02-18,1.1003,1.1201,1.0701,1.1003,2726198
2009-02-19,1.1097,1.13,1.0899,1.1097,1178130
2009-02-20,1.0301,1.1003,0.9797,1.0301,2231509
2009-02-23,1.0301,1.0602,1.0202,1.0301,1174551
2009-02-24,1.0202,1.0202,0.9901,1.0202,1059152
2009-02-25,1.0099,1.04,1.0004,1.0099,647086
2009-02-26,1.0301,1.0499,1.0099,1.0301,2637808
2009-02-27,1.0099,1.0301,1.0004,1.0099,786867
2009-03-02,1.0099,1.0202,0.9901,1.0099,1226888
2009-03-03,1.0301,1.04,1.0099,1.0301,1825796
2009-03-04,1.0301,1.04,1.0202,1.0301,1380726
2009-03-05,1.0099,1.0602,0.9901,1.0099,3098214
2009-03-06,1.0099,1.0099,0.9901,1.0099,1316071
2009-03-09,1.04,1.0602,1.0099,1.04,3167988
2009-03-10,1.0499,1.0602,1.04,1.0499,1978047
2009-03-11,1.0499,1.0602,1.0301,1.0499,902413
2009-03-12,1.0499,1.0499,1.0202,1.0499,772776
2009-03-13,1.0899,1.1601,1.04,1.0899,16104487
2009-03-16,1.0602,1.0899,1.0499,1.0602,3878980
2009-03-17,1.0499,1.0701,1.04,1.0499,1898785
2009-03-18,1.0499,1.0701,1.04,1.0499,1588897
2009-03-19,1.0701,1.1003,1.0499,1.0701,4379410
2009-03-20,1.0899,1.1097,1.0701,1.0899,5795081
2009-03-23,1.1097,1.1201,1.0899,1.1097,3919637
2009-03-24,1.1201,1.1403,1.0899,1.1201,8068784
2009-03-25,1.1498,1.1601,1.1201,1.1498,6275077
2009-03-26,1.1201,1.1498,1.1097,1.1201,2173481
2009-03-27,1.13,1.1403,1.1003,1.13,3144754
2009-03-30,1.1097,1.1097,1.0899,1.1097,1197558
2009-03-31,1.1403,1.1498,1.1003,1.1403,6513907
2009-04-01,1.1799,1.2001,1.13,1.1799,9401746
2009-04-02,1.1799,1.21,1.1601,1.1799,5867595
2009-04-03,1.1601,1.1898,1.1498,1.1601,3071572
2009-04-06,1.1799,1.2199,1.1601,1.1799,7898414
2009-04-07,1.17,1.1898,1.1498,1.17,2260056
2009-04-08,1.1898,1.1898,1.1498,1.1898,4637245
2009-04-09,1.21,1.2199,1.1799,1.21,7082525
2009-04-10,1.2497,1.2497,1.21,1.2497,5450546
2009-04-13,1.2497,1.2699,1.2299,1.2497,4952365
2009-04-14,1.2402,1.2897,1.2299,1.2402,4736804
2009-04-15,1.2699,1.2897,1.2299,1.2699,6661644
2009-04-16,1.3,1.3297,1.2699,1.3,14662731
2009-04-17,1.3,1.3198,1.2802,1.3,4527597
2009-04-20,1.2699,1.3198,1.26,1.2699,3977539
2009-04-21,1.2897,1.2897,1.2402,1.2897,5626986
2009-04-22,1.2897,1.3099,1.2699,1.2897,4873806
2009-04-24,1.2897,1.3198,1.2802,1.2897,4598200
2009-04-27,1.3099,1.3297,1.2699,1.3099,3749914
2009-04-28,1.3401,1.3599,1.3,1.3401,6590551
2009-04-29,1.3599,1.3801,1.3504,1.3599,6149620
2009-04-30,1.39,1.4201,1.3702,1.39,7947814
2009-05-04,1.4903,1.4903,1.3801,1.4903,13787960
2009-05-05,1.5101,1.56,1.4998,1.5101,14258271
2009-05-06,1.5501,1.5902,1.4903,1.5501,13364486
2009-05-07,1.43,1.61,1.4201,1.43,15035849
2009-05-08,1.4102,1.4701,1.39,1.4102,9825938
2009-05-11,1.4201,1.4597,1.3999,1.4201,3543168
2009-05-12,1.4503,1.48,1.4201,1.4503,6254820
2009-05-13,1.43,1.4998,1.4102,1.43,5124241
2009-05-14,1.43,1.4503,1.4102,1.43,3969775
2009-05-15,1.4201,1.4701,1.4102,1.4201,4301589
2009-05-18,1.48,1.4903,1.4102,1.48,10847844
2009-05-20,1.4998,1.5101,1.48,1.4998,8057892
2009-05-21,1.4503,1.5101,1.43,1.4503,6422410
2009-05-22,1.4597,1.4903,1.4399,1.4597,6173157
2009-05-25,1.48,1.4998,1.4399,1.48,9062462
2009-05-26,1.4701,1.5398,1.4503,1.4701,14092213
2009-05-27,1.52,1.5699,1.4903,1.52,19820502
2009-05-28,1.6199,1.6397,1.52,1.6199,28287877
2009-05-29,1.5996,1.6801,1.5902,1.5996,12024766
2009-06-01,1.6302,1.6603,1.6199,1.6302,7226400
2009-06-02,1.6698,1.69,1.6199,1.6698,13816734
2009-06-03,1.74,1.8403,1.6698,1.74,39252106
2009-06-04,1.6698,1.78,1.65,1.6698,10938882
2009-06-05,1.6801,1.7098,1.6698,1.6801,5037994
2009-06-08,1.61,1.6801,1.5996,1.61,2606805
2009-06-09,1.65,1.6603,1.5902,1.65,5673126
2009-06-10,1.65,1.7004,1.6302,1.65,6181846
2009-06-11,1.6603,1.6698,1.6199,1.6603,5642280
2009-06-12,1.7098,1.7202,1.65,1.7098,11583168
2009-06-15,1.6801,1.7098,1.6698,1.6801,7297868
2009-06-16,1.65,1.6698,1.6397,1.65,4959900
2009-06-17,1.65,1.6698,1.6302,1.65,3941097
2009-06-18,1.69,1.7004,1.65,1.69,12040540
2009-06-19,1.7098,1.7301,1.6698,1.7098,7708089
2009-06-22,1.6698,1.7301,1.6698,1.6698,3293395
2009-06-23,1.65,1.6698,1.6302,1.65,4578064
2009-06-24,1.6698,1.69,1.6603,1.6698,3848584
2009-06-25,1.6698,1.69,1.6397,1.6698,3791915
2009-06-26,1.69,1.7202,1.6698,1.69,12733170
2009-06-29,1.6801,1.7301,1.6698,1.6801,5660698
2009-06-30,1.7202,1.7602,1.69,1.7202,21258882
2009-07-01,1.7004,1.7899,1.69,1.7004,9489944
2009-07-02,1.6698,1.7202,1.6603,1.6698,4413365
2009-07-03,1.6603,1.6801,1.65,1.6603,3392818
2009-07-06,1.65,1.6698,1.6302,1.65,2356856
2009-07-07,1.65,1.7202,1.6397,1.65,9705529
2009-07-08,1.6603,1.6801,1.6302,1.6603,5048886
2009-07-09,1.6698,1.78,1.6698,1.6698,31152931
2009-07-10,1.6397,1.69,1.6302,1.6397,5989429
2009-07-13,1.65,1.6698,1.6302,1.65,2336072
2009-07-14,1.6199,1.6801,1.5996,1.6199,4427370
2009-07-15,1.6397,1.65,1.6199,1.6397,3149985
2009-07-16,1.6397,1.6603,1.6199,1.6397,5335454
2009-07-17,1.6302,1.65,1.6199,1.6302,3124087
2009-07-20,1.6603,1.6698,1.6397,1.6603,3762524
2009-07-21,1.6698,1.7004,1.65,1.6698,7724223
2009-07-22,1.69,1.7004,1.6603,1.69,5431193
2009-07-23,1.7004,1.7202,1.6801,1.7004,13233100
2009-07-24,1.7098,1.7301,1.69,1.7098,6644065
2009-07-27,1.7301,1.74,1.69,1.7301,6199611
2009-07-28,1.7301,1.74,1.7004,1.7301,2841744
2009-07-29,1.74,1.7602,1.7098,1.74,3646154
2009-07-30,1.78,1.7899,1.74,1.78,7270797
2009-07-31,1.7899,1.8097,1.7499,1.7899,8646044
2009-08-03,1.8002,1.82,1.7602,1.8002,7546575
2009-08-04,1.8403,1.8403,1.7899,1.8403,6148553
2009-08-05,1.8403,1.91,1.82,1.8403,6600482
2009-08-06,2.0202,2.04,1.8299,2.0202,20045478
2009-08-07,1.9802,2.0598,1.95,1.9802,7457877
2009-08-10,1.9802,2.0301,1.9599,1.9802,8636289
2009-08-11,2.04,2.1102,1.9896,2.04,21513921
2009-08-12,2.0301,2.04,1.9802,2.0301,2989840
2009-08-13,2.0202,2.0701,2.0103,2.0202,2371366
2009-08-14,2,2.0598,1.9599,2,6653456
2009-08-17,1.9199,1.9802,1.8898,1.9199,6653820
2009-08-18,1.8898,1.9401,1.87,1.8898,4032919
2009-08-19,1.91,1.9298,1.8601,1.91,5428807
2009-08-20,1.9298,1.95,1.9001,1.9298,4070482
2009-08-21,1.9802,2,1.9199,1.9802,7292253
2009-08-24,1.9802,2.0103,1.9599,1.9802,4345006
2009-08-25,1.9896,2.0103,1.9599,1.9896,6511901
2009-08-26,1.9401,2.0202,1.9199,1.9401,6739243
2009-08-27,1.9401,1.9698,1.9298,1.9401,2741962
2009-08-28,1.9599,1.9802,1.9401,1.9599,4044953
2009-08-31,1.9001,1.95,1.8898,1.9001,5546986
2009-09-01,1.91,1.9298,1.8601,1.91,7822271
2009-09-02,1.87,1.9896,1.8403,1.87,17511652
2009-09-03,1.8299,1.8898,1.8002,1.8299,5217376
2009-09-04,1.82,1.87,1.8097,1.82,4202156
2009-09-07,1.8497,1.8898,1.82,1.8497,8220923
2009-09-08,1.87,1.87,1.8403,1.87,6930942
2009-09-09,1.8299,1.8803,1.8097,1.8299,5578273
2009-09-10,1.7602,1.8299,1.7499,1.7602,5340989
2009-09-11,1.82,1.82,1.7602,1.82,6171014
2009-09-14,1.8601,1.8601,1.78,1.8601,5109219
2009-09-15,1.8299,1.8601,1.8097,1.8299,4440486
2009-09-16,1.8299,1.8497,1.8097,1.8299,2650565
2009-09-17,1.8097,1.8497,1.78,1.8097,4206938
2009-09-18,1.8002,1.8097,1.7899,1.8002,1370238
2009-09-23,1.82,1.8403,1.8002,1.82,4242793
2009-09-24,1.8601,1.8803,1.8097,1.8601,14870846
2009-09-25,1.8601,1.9199,1.8601,1.8601,9372052
2009-09-28,1.9199,1.9199,1.8601,1.9199,4217188
2009-09-29,1.9698,1.9802,1.9199,1.9698,6432938
2009-09-30,1.91,2,1.9001,1.91,9195643
2009-10-01,1.8898,1.95,1.8898,1.8898,2873242
2009-10-02,1.8497,1.8803,1.8299,1.8497,1604373
2009-10-05,1.91,1.91,1.8403,1.91,2834673
2009-10-06,1.9896,2.0301,1.9698,1.9896,20833639
2009-10-07,1.95,2,1.9401,1.95,3132492
2009-10-08,1.9802,2.0103,1.9599,1.9802,10469768
2009-10-09,1.95,1.9896,1.9401,1.95,3949588
2009-10-12,1.9896,2.0103,1.95,1.9896,12157921
2009-10-13,1.9802,2.0301,1.9698,1.9802,5691832
2009-10-14,2.08,2.08,1.9896,2.08,13474230
2009-10-15,2.17,2.2199,2.0701,2.17,23432833
2009-10-16,2.3301,2.3801,2.1997,2.3301,50629726
2009-10-19,2.2199,2.3702,2.1902,2.2199,24645225
2009-10-20,2.2397,2.2699,2.2199,2.2397,10364821
2009-10-21,2.2397,2.2699,2.1997,2.2397,6425927
2009-10-22,2.2501,2.2798,2.21,2.2501,9653971
2009-10-23,2.2199,2.2699,2.1997,2.2199,3892637
2009-10-26,2.2199,2.2303,2.21,2.2199,1808455
2009-10-27,2.1502,2.21,2.1399,2.1502,1800682
2009-10-28,2.08,2.1601,2.0598,2.08,1097564
2009-10-30,1.9599,2.13,1.9199,1.9599,5418567
2009-11-02,1.9401,2.0103,1.8497,1.9401,3204207
2009-11-03,1.8601,1.9199,1.8299,1.8601,2540736
2009-11-04,1.9001,1.9298,1.8601,1.9001,3197485
2009-11-05,1.9001,1.9199,1.8601,1.9001,3509365
2009-11-06,1.9599,1.9896,1.9199,1.9599,6842911
2009-11-09,1.9802,2.0103,1.9698,1.9802,3650410
2009-11-10,1.9896,2.0202,1.9698,1.9896,2983133
2009-11-11,1.9896,2.0202,1.9802,1.9896,2516152
2009-11-12,2,2.0103,1.9599,2,5125585
2009-11-13,1.95,2.0103,1.9199,1.95,3324307
2009-11-16,1.9401,1.9896,1.9298,1.9401,7123677
2009-11-17,1.9001,1.95,1.8898,1.9001,1929182
2009-11-18,1.8601,1.9199,1.8497,1.8601,1967943
2009-11-19,1.8097,1.8601,1.7899,1.8097,4046712
2009-11-20,1.74,1.82,1.7301,1.74,4145796
2009-11-23,1.7602,1.7701,1.7202,1.7602,1494493
2009-11-24,1.7499,1.7602,1.7202,1.7499,966941
2009-11-25,1.7701,1.7899,1.74,1.7701,2962915
2009-11-26,1.7602,1.7701,1.74,1.7602,516922
2009-12-01,1.7602,1.7701,1.7301,1.7602,1075199
2009-12-02,1.82,1.8299,1.7602,1.82,3916114
2009-12-03,1.8601,1.8898,1.8097,1.8601,6898382
2009-12-04,1.8898,1.9199,1.8497,1.8898,3784960
2009-12-07,1.9199,1.9401,1.87,1.9199,4628319
2009-12-08,1.9199,1.9896,1.91,1.9199,11141387
2009-12-09,2,2.0904,1.91,2,37839068
2009-12-10,1.95,2.0503,1.9401,1.95,7672199
2009-12-11,1.9599,2.0103,1.9401,1.9599,8249181
2009-12-14,2,2.04,1.9599,2,14726936
2009-12-15,2,2.0103,1.9698,2,5828955
2009-12-16,2,2.0301,1.9896,2,6262431
2009-12-17,1.9698,2.0202,1.9698,1.9698,1542594
2009-12-18,1.9698,1.9896,1.9599,1.9698,1274186
2009-12-21,2.0103,2.0202,1.9802,2.0103,3461076
2009-12-22,2.0301,2.0598,1.9896,2.0301,6595145
2009-12-23,2.0301,2.1102,2.0103,2.0301,13606026
2009-12-24,2.08,2.0998,2.0503,2.08,5193201
2009-12-25,2.0701,2.0998,2.0598,2.0701,2462682
2009-12-28,2.0701,2.0904,2.04,2.0701,2446261
2009-12-29,2.1201,2.1201,2.0503,2.1201,6834061
2009-12-30,2.0998,2.1399,2.0701,2.0998,4525717
2009-12-31,2.0998,2.1201,2.0998,2.0998,3632588
2010-01-04,2.1502,2.1502,2.0904,2.1502,6774704
2010-01-05,2.2199,2.2303,2.1502,2.2199,11179355
2010-01-06,2.2798,2.2901,2.1997,2.2798,10980499
2010-01-07,2.2699,2.3099,2.2501,2.2699,10519497
2010-01-08,2.2501,2.2901,2.1997,2.2501,4554779
2010-01-11,2.2303,2.2901,2.21,2.2303,5092758
2010-01-12,2.3099,2.3499,2.2397,2.3099,8586505
2010-01-13,2.3499,2.4098,2.3099,2.3499,9429110
2010-01-14,2.3702,2.4098,2.3396,2.3702,7565427
2010-01-15,2.3499,2.5002,2.3301,2.3499,20204658
2010-01-18,2.3198,2.3603,2.3,2.3198,2518113
2010-01-19,2.3198,2.3396,2.2901,2.3198,4899891
2010-01-20,2.3301,2.3801,2.3198,2.3301,4351157
2010-01-21,2.3,2.3702,2.3,2.3,4118478
2010-01-22,2.26,2.3198,2.2397,2.26,4157375
2010-01-25,2.3099,2.3301,2.26,2.3099,3747250
2010-01-26,2.3099,2.3301,2.2798,2.3099,2139081
2010-01-27,2.2901,2.3499,2.2699,2.2901,4167115
2010-01-28,2.3499,2.39,2.3099,2.3499,7340415
2010-01-29,2.43,2.47,2.3499,2.43,9218897
2010-02-01,2.4098,2.4898,2.4098,2.4098,1884391
2010-02-02,2.39,2.4799,2.39,2.39,7238349
2010-02-03,2.4098,2.4498,2.4098,2.4098,4421978
2010-02-04,2.3396,2.43,2.3,2.3396,2553654
2010-02-05,2.17,2.3301,2.13,2.17,3117890
2010-02-08,2.13,2.2199,2.0904,2.13,1742446
2010-02-09,2.17,2.1902,2.13,2.17,1395666
2010-02-10,2.1502,2.21,2.13,2.1502,2694042
2010-02-11,2.17,2.1799,2.1399,2.17,2118743
2010-02-12,2.1799,2.2501,2.1601,2.1799,3753674
2010-02-15,2.17,2.2397,2.1502,2.17,2358872
2010-02-16,2.1399,2.1902,2.1201,2.1399,1546436
2010-02-17,2.1997,2.21,2.1601,2.1997,3261204
2010-02-18,2.1601,2.1997,2.1502,2.1601,1248748
2010-02-19,2.17,2.1799,2.0904,2.17,996873
2010-02-22,2.1102,2.1997,2.1102,2.1102,446587
2010-02-23,2.0598,2.1502,2.0598,2.0598,752937
2010-02-24,2,2.0701,1.9599,2,2564562
2010-02-25,1.9599,2.0701,1.9599,1.9599,381235
2010-02-26,1.9802,2.0503,1.95,1.9802,5093551
2010-03-01,2.0598,2.0904,2.0103,2.0598,3362614
2010-03-02,2.0904,2.0998,2.0503,2.0904,1953660
2010-03-03,2.1201,2.1201,2.0503,2.1201,2114285
2010-03-04,2.0904,2.13,2.08,2.0904,1674734
2010-03-05,2.1502,2.1502,2.08,2.1502,3255817
2010-03-08,2.1902,2.2199,2.13,2.1902,7609056
2010-03-09,2.17,2.1997,2.1502,2.17,2167138
2010-03-10,2.1601,2.1799,2.1399,2.1601,646949
2010-03-11,2.1399,2.1997,2.1201,2.1399,482028
2010-03-12,2.1601,2.17,2.1201,2.1601,602871
2010-03-15,2.1399,2.1601,2.13,2.1399,694773
2010-03-16,2.1399,2.1601,2.13,2.1399,2465123
2010-03-17,2.1601,2.1799,2.13,2.1601,5882430
2010-03-18,2.1102,2.17,2.1102,2.1102,2574392
2010-03-19,2.08,2.1399,2.08,2.08,1351800
2010-03-22,2.2397,2.2798,2.0998,2.2397,27103535
2010-03-23,2.1997,2.26,2.1799,2.1997,6381576
2010-03-24,2.1601,2.2199,2.13,2.1601,4962832
2010-03-25,2.1601,2.1902,2.13,2.1601,3607600
2010-03-26,2.1601,2.1799,2.1399,2.1601,2732228
2010-03-29,2.1601,2.1902,2.1502,2.1601,1358047
2010-03-30,2.1902,2.2199,2.1601,2.1902,3673154
2010-03-31,2.1601,2.21,2.1502,2.1601,2560700
2010-04-01,2.17,2.1902,2.13,2.17,1082912
2010-04-02,2.21,2.2397,2.1799,2.21,5261045
2010-04-05,2.2303,2.26,2.21,2.2303,5337233
2010-04-06,2.2303,2.2501,2.1997,2.2303,6955005
2010-04-07,2.2397,2.2699,2.2199,2.2397,7586867
2010-04-08,2.2501,2.2699,2.2303,2.2501,3852192
2010-04-09,2.26,2.2901,2.2501,2.26,2057177
2010-04-12,2.21,2.2798,2.1997,2.21,4317005
2010-04-13,2.1902,2.2199,2.1799,2.1902,1162936
2010-04-14,2.21,2.2397,2.1997,2.21,4426370
2010-04-15,2.1799,2.2199,2.17,2.1799,2879777
2010-04-16,2.1997,2.2901,2.1799,2.1997,14993125
2010-04-19,2.1799,2.1997,2.1502,2.1799,1739757
2010-04-20,2.26,2.3396,2.1997,2.26,41031691
2010-04-21,2.2699,2.3396,2.2501,2.2699,17797654
2010-04-22,2.2199,2.3,2.21,2.2199,10781724
2010-04-26,2.2501,2.2901,2.2303,2.2501,5240151
2010-04-27,2.2199,2.2699,2.21,2.2199,1398406
2010-04-28,2.1601,2.1997,2.13,2.1601,3683884
2010-04-29,2.1799,2.1997,2.1601,2.1799,2260526
2010-04-30,2.21,2.2199,2.1799,2.21,3628065
2010-05-03,2.1601,2.1997,2.1502,2.1601,1516398
2010-05-04,2.0503,2.1799,2.04,2.0503,3315796
2010-05-05,2,2.0701,1.9599,2,2519088
2010-05-06,1.9896,2.0598,1.9802,1.9896,3718522
2010-05-07,1.8803,1.95,1.87,1.8803,2547483
2010-05-10,1.9698,2,1.9199,1.9698,4629992
2010-05-11,1.9698,1.9896,1.95,1.9698,2388035
2010-05-12,2.0103,2.04,1.9698,2.0103,8137330
2010-05-13,2.0103,2.0701,2,2.0103,3787568
2010-05-14,1.9298,2.0103,1.91,1.9298,2986605
2010-05-17,1.9001,1.9599,1.8601,1.9001,3125087
2010-05-18,1.9401,1.9401,1.91,1.9401,2051298
2010-05-20,1.87,1.91,1.8497,1.87,2008317
2010-05-21,1.8803,1.9001,1.8299,1.8803,1093263
2010-05-24,1.87,1.9199,1.8497,1.87,1543762
2010-05-25,1.8002,1.8299,1.7701,1.8002,2201224
2010-05-26,1.8403,1.8601,1.8002,1.8403,1266944
2010-05-27,1.87,1.87,1.8299,1.87,2307768
2010-05-28,1.8497,1.91,1.8497,1.8497,6193804
2010-05-31,1.8403,1.87,1.8299,1.8403,1031393
2010-06-01,1.8497,1.8497,1.8097,1.8497,600723
2010-06-02,1.8803,1.9001,1.8403,1.8803,2603555
2010-06-03,1.9199,1.9401,1.8898,1.9199,5840610
2010-06-04,1.8601,1.95,1.8403,1.8601,2390704
2010-06-07,1.8403,1.8403,1.8002,1.8403,617002
2010-06-08,1.8097,1.8497,1.8097,1.8097,861812
2010-06-09,1.8601,1.9001,1.82,1.8601,1003468
2010-06-10,1.8803,1.8898,1.8403,1.8803,920993
2010-06-11,1.8601,1.91,1.8299,1.8601,694303
2010-06-14,1.9001,1.9199,1.8601,1.9001,2385170
2010-06-15,1.91,1.9802,1.87,1.91,14678121
2010-06-16,1.9698,2,1.9199,1.9698,23712623
2010-06-17,1.9401,1.9896,1.9298,1.9401,3146265
2010-06-18,1.9401,1.9698,1.9298,1.9401,2243028
2010-06-21,1.9401,1.9896,1.9199,1.9401,7465979
2010-06-22,1.9001,1.95,1.9001,1.9001,1508377
2010-06-23,1.8803,1.95,1.8497,1.8803,4315468
2010-06-24,1.8898,1.9401,1.8601,1.8898,1523019
2010-06-25,1.8803,1.91,1.87,1.8803,1585288
2010-06-28,1.9298,1.95,1.9001,1.9298,2795816
2010-06-29,1.8803,1.9298,1.8601,1.8803,2077874
2010-06-30,1.87,1.91,1.82,1.87,3793775
2010-07-01,1.8497,1.87,1.82,1.8497,531464
2010-07-02,1.87,1.9199,1.8497,1.87,2649474
2010-07-05,1.8898,1.9199,1.8601,1.8898,2243417
2010-07-06,1.8898,1.9199,1.8803,1.8898,4457459
2010-07-07,1.91,1.9199,1.8803,1.91,1676811
2010-07-08,1.9001,1.9298,1.8898,1.9001,841008
2010-07-09,1.9298,1.9599,1.8898,1.9298,4096031
2010-07-12,1.9298,1.9599,1.9001,1.9298,6551476
2010-07-13,1.9199,1.9401,1.91,1.9199,799695
2010-07-14,1.9298,1.9698,1.9199,1.9298,6208335
2010-07-15,1.91,1.9599,1.9001,1.91,2701866
2010-07-16,1.9001,1.9298,1.8898,1.9001,981553
2010-07-19,1.9001,1.9298,1.8803,1.9001,1293504
2010-07-20,1.8803,1.9199,1.8601,1.8803,1094082
2010-07-21,1.9001,1.91,1.8803,1.9001,1388504
2010-07-22,1.8898,1.91,1.8803,1.8898,932097
2010-07-23,1.87,1.91,1.8601,1.87,1472658
2010-07-26,1.8803,1.8898,1.8601,1.8803,352936
2010-07-27,1.9001,1.91,1.8803,1.9001,1549832
2010-07-28,1.91,1.9298,1.8898,1.91,1209001
2010-07-29,1.8898,1.9199,1.8898,1.8898,797410
2010-07-30,1.87,1.8898,1.8601,1.87,1079712
2010-08-02,1.9199,1.9599,1.8898,1.9199,7570673
2010-08-03,1.9001,1.9401,1.9001,1.9001,1181673
2010-08-04,1.91,1.9401,1.9001,1.91,1390678
2010-08-05,1.9199,1.95,1.8898,1.9199,4095890
2010-08-06,1.91,1.9298,1.9001,1.91,1889334
2010-08-09,1.9298,1.9401,1.9199,1.9298,1432027
2010-08-10,1.9298,1.95,1.9199,1.9298,2191697
2010-08-11,1.8898,1.9298,1.8803,1.8898,856616
2010-08-12,1.8803,1.8898,1.8601,1.8803,2577703
2010-08-13,1.8898,1.9001,1.87,1.8898,3968102
2010-08-16,1.8803,1.91,1.8803,1.8803,1618181
2010-08-17,1.9001,1.9001,1.8803,1.9001,1248263
2010-08-18,1.9001,1.91,1.8898,1.9001,3917509
2010-08-19,1.87,1.91,1.87,1.87,1394185
2010-08-20,1.8803,1.8803,1.87,1.8803,922125
2010-08-23,1.8803,1.8898,1.8601,1.8803,1569610
2010-08-24,1.9199,1.9698,1.8497,1.9199,8631958
2010-08-25,1.8601,1.9298,1.8601,1.8601,3719876
2010-08-26,1.87,1.8803,1.8601,1.87,1186712
2010-08-27,1.87,1.8803,1.8601,1.87,1379922
2010-08-31,1.8803,1.8803,1.8497,1.8803,688819
2010-09-01,1.9001,1.9001,1.87,1.9001,2160891
2010-09-02,1.9401,1.9698,1.9199,1.9401,8684917
2010-09-03,1.9401,1.95,1.9298,1.9401,2906141
2010-09-06,1.9298,1.9401,1.91,1.9298,847306
2010-09-07,1.95,1.9802,1.91,1.95,6970244
2010-09-08,1.9401,1.9599,1.9298,1.9401,7448875
2010-09-13,1.95,1.9698,1.9401,1.95,2115685
2010-09-14,1.9599,1.9802,1.9401,1.9599,6572734
2010-09-15,1.9698,1.9802,1.95,1.9698,2105410
2010-09-16,1.9802,1.9896,1.95,1.9802,4250566
2010-09-17,1.9802,2.0103,1.9802,1.9802,7693220
2010-09-20,2.0103,2.0202,1.9896,2.0103,2194759
2010-09-21,2.0202,2.0598,2.0103,2.0202,7344580
2010-09-22,2.0301,2.0503,2.0103,2.0301,8449635
2010-09-23,2.0103,2.04,1.9896,2.0103,1281085
2010-09-24,2.0301,2.0301,2,2.0301,541380
2010-09-27,2.04,2.0503,2.0202,2.04,3856049
2010-09-28,2.0904,2.0904,2.0301,2.0904,8291395
2010-09-29,2.0998,2.1399,2.08,2.0998,7420440
2010-09-30,2.0598,2.1201,2.04,2.0598,2666744
2010-10-01,2.0503,2.0598,2.0301,2.0503,1261076
2010-10-04,2.0598,2.08,2.04,2.0598,1612985
2010-10-05,2.08,2.0904,2.0503,2.08,2211161
2010-10-06,2.0701,2.0904,2.0598,2.0701,1613673
2010-10-07,2.0503,2.08,2.0503,2.0503,936231
2010-10-08,2.0598,2.0701,2.04,2.0598,2219500
2010-10-11,2.08,2.1102,2.0503,2.08,6303245
2010-10-12,2.0701,2.0998,2.0701,2.0701,1904709
2010-10-13,2.0904,2.13,2.0701,2.0904,7300688
2010-10-14,2.0598,2.13,2.0598,2.0598,6695457
2010-10-15,2.0701,2.0904,2.0598,2.0701,1286251
2010-10-18,2.1102,2.1102,2.0701,2.1102,2250180
2010-10-19,2.1102,2.1502,2.0904,2.1102,6289942
2010-10-20,2.1102,2.1399,2.08,2.1102,5109053
2010-10-21,2.1201,2.1201,2.1102,2.1201,1727612
2010-10-22,2.17,2.1997,2.1102,2.17,7274118
2010-10-25,2.1902,2.2397,2.1799,2.1902,8202065
2010-10-26,2.1799,2.2303,2.1799,2.1799,2603606
2010-10-27,2.1997,2.21,2.13,2.1997,5346594
2010-10-28,2.1601,2.1997,2.13,2.1601,4565428
2010-11-01,2.1201,2.1902,2.1102,2.1201,2133365
2010-11-02,2.08,2.1399,2.04,2.08,3492347
2010-11-03,2.0701,2.0998,2.04,2.0701,5683457
2010-11-04,2.1201,2.1201,2.08,2.1201,4130138
2010-11-05,2.0904,2.1201,2.08,2.0904,2136155
2010-11-08,2.08,2.0998,2.0598,2.08,639838
2010-11-09,2.0904,2.1102,2.0598,2.0904,2099355
2010-11-10,2.0598,2.0904,2.04,2.0598,797683
2010-11-11,2.0998,2.13,2.0503,2.0998,4805906
2010-11-12,2.08,2.0998,2.0598,2.08,837354
2010-11-15,2.0701,2.0904,2.0701,2.0701,255479
2010-11-22,2.0503,2.0998,2.0301,2.0503,469377
2010-11-23,1.9896,2.04,1.95,1.9896,1049958
2010-11-24,2,2.0202,1.95,2,534708
2010-11-25,1.9896,2.0103,1.9802,1.9896,335216
2010-11-26,1.9802,1.9896,1.95,1.9802,237481
2010-11-29,1.9199,2,1.8898,1.9199,452930
2010-11-30,1.9896,1.9896,1.8898,1.9896,719367
2010-12-01,2,2,1.9401,2,632944
2010-12-02,2,2.0202,1.9698,2,436327
2010-12-03,1.9896,2.0103,1.9698,1.9896,403176
2010-12-06,2.0103,2.08,1.9802,2.0701,2547311
2010-12-07,2.0701,2.0998,2.0598,2.0904,3020585
2010-12-08,2.0904,2.0904,2.0301,2.0701,256182
2010-12-09,2.0598,2.0598,2.0103,2.0301,424960
2010-12-10,2.0202,2.0598,2,2.0301,729364
2010-12-13,2.04,2.0503,1.8097,2.0202,314791
2010-12-14,2.0301,2.04,1.9896,2.0202,871152
2010-12-15,2,2.0503,1.9896,2.04,2669923
2010-12-16,2.04,2.0904,2.0202,2.0701,2200112
2010-12-17,2.08,2.1102,2.0103,2.0301,2063904
2010-12-20,2.04,2.08,1.9802,2,489558
2010-12-21,2,2.0202,1.9698,2.0202,1242516
2010-12-22,2.0202,2.04,2,2.0103,848651
2010-12-23,2.0301,2.0998,2.0103,2.0701,6455803
2010-12-24,2.08,2.0904,2.0598,2.08,926638
2010-12-27,2.08,2.08,2.0503,2.0701,594026
2010-12-28,2.0701,2.2397,2.0701,2.1102,3610041
2010-12-29,2.13,2.1502,2.0998,2.1502,2075746
2010-12-30,2.17,2.1997,2.1201,2.1799,2576338
2010-12-31,2.1799,2.1799,2.1201,2.13,1229385
2011-01-03,2.1399,2.1399,2.1102,2.13,423054
2011-01-04,2.1399,2.1799,2.1201,2.1799,4984323
2011-01-05,2.1601,2.1799,2.1399,2.1601,1476601
2011-01-06,2.17,2.1902,2.1502,2.1601,3334497
2011-01-07,2.17,2.17,2.1399,2.1502,687429
2011-01-10,2.1399,2.1399,2.0598,2.08,2356325
2011-01-11,2.08,2.0998,2.0598,2.0701,909848
2011-01-12,2.08,2.0904,2.0701,2.0904,1032728
2011-01-13,2.0904,2.13,2.0701,2.08,1860676
2011-01-14,2.0904,2.0904,2.0503,2.08,835146
2011-01-17,2.08,2.08,2.0503,2.0503,286937
2011-01-18,2.0598,2.08,2.0503,2.0701,925263
2011-01-19,2.0701,2.08,2.0503,2.0598,731361
2011-01-20,2.0503,2.08,1.9698,1.9896,1005687
2011-01-21,2.0202,2.0202,1.9896,2.0202,396615
2011-01-24,2.0301,2.04,2,2,273599
2011-01-25,2.0103,2.1102,2.0103,2.0202,6746501
2011-01-26,2.0301,2.04,2.0202,2.0202,729172
2011-01-27,2.0301,2.04,1.9698,1.9802,510630
2011-01-28,2,2,1.9001,1.95,598109
2011-01-31,1.9401,1.9401,1.8601,1.91,600333
2011-02-01,1.9298,1.95,1.91,1.95,543523
2011-02-02,1.9599,2.1601,1.9401,2.1601,11848366
2011-02-03,2.2397,2.52,2.1399,2.17,32816520
2011-02-04,2.17,2.3,2.1102,2.2303,19326440
2011-02-07,2.3,2.3,2.0998,2.0998,11817757
2011-02-08,2.1102,2.17,2.0701,2.08,9961403
2011-02-09,2.08,2.1201,2.0301,2.04,2989754
2011-02-10,2.0503,2.0701,2.0202,2.0301,2822735
2011-02-11,2.0202,2.0701,2.0202,2.0598,2034063
2011-02-14,2.08,2.1102,2.04,2.0598,3829529
2011-02-15,2.0598,2.0904,2.04,2.0598,1385098
2011-02-16,2.08,2.0904,2.0503,2.0701,1672980
2011-02-17,2.0904,2.1201,2.0598,2.08,3759355
2011-02-18,2.1201,2.1502,2.0701,2.1102,7402270
2011-02-21,2.0998,2.13,2.08,2.0904,2476784
2011-02-22,2.0701,2.0998,2.0598,2.0598,787079
2011-02-23,2.0701,2.0904,1.91,1.9698,1803219
2011-02-24,1.9599,1.9698,1.7701,1.82,2069812
2011-02-25,1.8497,1.9298,1.8403,1.9001,1805084
2011-02-28,1.9199,1.95,1.8898,1.9401,2056949
2011-03-01,1.9401,1.9599,1.8002,1.8002,446855
2011-03-02,1.7701,1.8097,1.7499,1.7701,984469
2011-03-03,1.8002,1.8601,1.7899,1.8497,666191
2011-03-04,1.87,1.8803,1.8403,1.8601,403166
2011-03-07,1.8497,1.8497,1.8097,1.82,581799
2011-03-08,1.82,1.87,1.8097,1.8497,1744695
2011-03-09,1.8497,1.8803,1.8403,1.87,1051813
2011-03-10,1.8497,1.9199,1.8497,1.8803,3184758
2011-03-11,1.8497,1.8803,1.8403,1.8803,1283941
2011-03-14,1.8601,1.9001,1.8601,1.8898,797218
2011-03-15,1.8497,1.8601,1.8097,1.8601,417924
2011-03-16,1.8601,1.8803,1.8299,1.8299,619590
2011-03-17,1.8403,1.8497,1.8299,1.8403,759523
2011-03-18,1.8497,1.9401,1.8299,1.9199,1792130
2011-03-21,1.9298,1.9896,1.9199,1.9802,2182993
2011-03-22,1.9896,2.0103,1.95,1.9802,1924714
2011-03-23,1.9698,1.9802,1.9001,1.9401,1141774
2011-03-24,1.9199,1.9802,1.9199,1.9599,1211362
2011-03-25,1.9698,1.9802,1.9199,1.9599,539328
2011-03-28,1.9698,2.1399,1.9599,2.0904,5394620
2011-03-29,2.08,2.17,2,2.1601,6301577
2011-03-30,2.1799,2.1902,2.0904,2.0904,1439214
2011-03-31,2.1102,2.1201,2.0503,2.0701,1861722
2011-04-01,2.0701,2.1201,2.0503,2.08,834761
2011-04-04,2.1399,2.1502,2.0998,2.1399,891951
2011-04-05,2.1399,2.1799,2.1102,2.1799,2847041
2011-04-06,2.1902,2.2303,2.1399,2.1502,1709239
2011-04-07,2.1502,2.3702,2.1399,2.3702,12552772
2011-04-08,2.4403,2.6999,2.4003,2.6999,16902317
2011-04-11,2.5101,2.7998,2.5101,2.5802,8042183
2011-04-12,2.5897,2.5897,2.4898,2.5299,4308312
2011-04-13,2.5402,2.9302,2.5002,2.7201,13748531
2011-04-14,2.7597,2.8798,2.6801,2.7701,5773651
2011-04-15,2.7701,3.08,2.6,2.7701,16093641
2011-04-18,2.7903,2.8299,2.5299,2.6099,2401308
2011-04-19,2.6297,2.7399,2.6297,2.6999,1409778
2011-04-20,2.7399,2.82,2.6504,2.7201,2764807
2011-04-21,2.7399,2.7597,2.69,2.7102,1345366
2011-04-22,2.7102,2.7399,2.6401,2.6401,9809799
2011-04-25,2.5699,2.6999,2.5699,2.6504,2403198
2011-04-26,2.6801,2.69,2.6,2.6297,10339090
2011-04-27,2.6401,2.6599,2.6,2.6297,884900
2011-04-28,2.6297,2.6702,2.6198,2.6599,2858580
2011-04-29,2.6599,2.6599,2.6,2.6,2686870
2011-05-02,2.6198,2.6599,2.6099,2.6401,2588428
2011-05-03,2.6599,2.7201,2.6099,2.6198,2366201
2011-05-04,2.6198,2.6401,2.5802,2.6401,1637676
2011-05-05,2.6297,2.6401,2.5897,2.6099,387133
2011-05-06,2.6099,2.6297,2.5897,2.6,427866
2011-05-09,2.6099,2.6099,2.5497,2.5497,278532
2011-05-10,2.56,2.5802,2.3702,2.47,392243
2011-05-11,2.47,2.5897,2.4201,2.4601,543735
2011-05-12,2.4601,2.5299,2.4403,2.47,362337
2011-05-13,2.3,2.4799,2.3,2.3396,503908
2011-05-16,2.3198,2.3301,2.2501,2.3,640035
2011-05-17,2.4003,2.4003,2.3,2.3198,188171
2011-05-18,2.3,2.3603,2.2501,2.2798,652317
2011-05-20,2.2798,2.3301,2.2501,2.3099,363767
2011-05-23,2.2798,2.3801,2.2501,2.2798,281018
2011-05-24,2.2798,2.4098,2.2699,2.4098,1056518
2011-05-25,2.3,2.4799,2.3,2.4003,145058
2011-05-26,2.4498,2.47,2.3603,2.4098,195945
2011-05-27,2.4098,2.4201,2.3099,2.3499,152897
2011-05-30,2.3499,2.3801,2.2699,2.2699,73444
2011-05-31,2.3198,2.3702,2.2901,2.2901,249045
2011-06-01,2.3,2.4403,2.3,2.3396,2152602
2011-06-02,2.3,2.39,2.2303,2.2901,899997
2011-06-03,2.3,2.6702,2.3,2.4799,10413024
2011-06-06,2.4799,2.4898,2.2901,2.3,4886568
2011-06-07,2.3198,2.3702,2.3099,2.3198,2813111
2011-06-08,2.3301,2.3396,2.2699,2.3,453754
2011-06-09,2.2901,2.3603,2.2199,2.2199,2228664
2011-06-10,2.2501,2.2501,2.21,2.21,599722
2011-06-13,2.21,2.4601,2.21,2.3702,13690336
2011-06-14,2.3702,2.3702,2.26,2.2798,2171166
2011-06-15,2.2699,2.3198,2.2303,2.2501,362817
2011-06-16,2.2501,2.2798,2.1997,2.2303,353280
2011-06-17,2.2501,2.3,2.1997,2.2501,431045
2011-06-20,2.2397,2.2798,2.21,2.2501,265057
2011-06-21,2.2699,2.4098,2.26,2.3499,2846353
2011-06-22,2.3499,2.4601,2.3099,2.3396,2410092
2011-06-23,2.3301,2.3396,2.2397,2.2397,458540
2011-06-24,2.3,2.3603,2.2501,2.26,2008671
2011-06-27,2.26,2.3198,2.2397,2.26,466941
2011-06-28,2.26,2.3099,2.2501,2.2699,1041922
2011-06-29,2.3,2.3099,2.26,2.2699,2342709
2011-06-30,2.2798,2.3801,2.2699,2.3801,9482691
2011-07-01,2.4003,2.47,2.3198,2.3702,7246001
2011-07-04,2.3801,2.39,2.3702,2.3801,441376
2011-07-05,2.3801,2.39,2.3702,2.3801,2309274
2011-07-06,2.3801,2.39,2.3499,2.3499,2447150
2011-07-07,2.3499,2.5699,2.3499,2.43,3621995
2011-07-08,2.43,2.43,2.3603,2.3603,840569
2011-07-11,2.3801,2.3801,2.3396,2.3396,227716
2011-07-12,2.3,2.43,2.3,2.3301,1827722
2011-07-13,2.3499,2.3702,2.3198,2.3396,482841
2011-07-14,2.3301,2.4003,2.3301,2.3499,1199701
2011-07-15,2.3499,2.3702,2.3198,2.3301,541330
2011-07-18,2.3099,2.3603,2.3,2.3,10878074
2011-07-19,2.3499,2.3603,2.2901,2.3,147974
2011-07-20,2.3198,2.3301,2.2699,2.2798,183304
2011-07-21,2.2798,2.2798,1.9599,2.1201,3552306
2011-07-22,2.1502,2.21,2.0301,2.0701,447936
2011-07-25,2.0701,2.17,2.04,2.1102,663805
2011-07-26,2.1502,2.1799,2.13,2.1502,566783
2011-07-27,2.17,2.3499,2.1399,2.2699,3075060
2011-07-28,2.2303,2.3,2.2303,2.2798,491100
2011-07-29,2.2798,2.3,2.2303,2.2501,253397
2011-08-01,2.2798,2.3301,2.26,2.26,792715
2011-08-02,2.2798,2.2901,2.26,2.2798,599216
2011-08-03,2.2798,2.2798,2.2303,2.2397,283637
2011-08-04,2.2798,2.2798,2.1502,2.1799,263040
2011-08-05,2.0301,2.1102,1.9802,2.0103,443645
2011-08-08,1.9896,2.0301,1.8097,1.8097,326472
2011-08-09,1.8403,1.8898,1.6603,1.7202,2354980
2011-08-10,1.7301,1.82,1.6698,1.6698,1000461
2011-08-11,1.7301,1.8002,1.6698,1.7899,547238
2011-08-12,1.7499,1.9298,1.7301,1.8497,1058282
2011-08-15,1.9001,1.9298,1.6698,1.91,490716
2011-08-16,1.9001,1.9401,1.87,1.9199,323833
2011-08-17,1.91,1.9401,1.8803,1.9199,710118
2011-08-18,1.9001,1.9001,1.7701,1.8002,258860
2011-08-19,1.7499,1.8002,1.7004,1.8002,269212
2011-08-22,1.74,1.9001,1.74,1.82,617225
2011-08-23,1.87,1.8803,1.82,1.8497,390555
2011-08-24,1.8803,1.8803,1.8299,1.8403,273942
2011-08-25,1.9001,1.95,1.8002,1.8002,984313
2011-08-26,1.8403,1.8601,1.7499,1.7602,954108
2011-08-29,1.82,1.8403,1.8002,1.8097,149465
2011-09-02,1.7899,1.8898,1.7899,1.8403,1219691
2011-09-05,1.82,1.9401,1.78,1.78,776278
2011-09-06,1.78,1.8497,1.78,1.82,296606
2011-09-07,1.8601,1.87,1.8299,1.8299,277339
2011-09-08,1.8497,1.87,1.8403,1.8601,1163765
2011-09-09,1.8601,1.91,1.8002,1.82,2522965
2011-09-12,1.8002,1.8299,1.7701,1.8097,698250
2011-09-13,1.82,1.8898,1.8097,1.8497,3427774
2011-09-14,1.8403,1.8601,1.8002,1.8299,1009524
2011-09-15,1.8403,1.87,1.8403,1.8497,587071
2011-09-16,1.87,2,1.8497,1.87,3214654
2011-09-19,1.8601,1.8803,1.8403,1.8497,1238771
2011-09-20,1.8601,1.9001,1.8299,1.8803,4548218
2011-09-21,1.8803,1.9298,1.8803,1.8898,3481177
2011-09-22,1.87,1.8803,1.8002,1.8299,661268
2011-09-23,1.8299,1.8299,1.7202,1.7602,1026582
2011-09-26,1.7701,1.8002,1.7004,1.7602,1082275
2011-09-27,1.78,1.82,1.78,1.78,549932
2011-09-28,1.78,1.8299,1.78,1.8002,1104438
2011-09-29,1.7899,1.8497,1.7899,1.8403,1919255
2011-09-30,1.8299,1.8403,1.78,1.8299,817754
2011-10-03,1.7899,1.82,1.7899,1.82,527082
2011-10-04,1.8002,1.8097,1.7301,1.7499,827155
2011-10-05,1.7701,1.78,1.7499,1.7701,1416813
2011-10-06,1.78,1.7899,1.74,1.7602,830278
2011-10-07,1.7602,1.7899,1.7499,1.7602,560703
2011-10-10,1.7701,1.8002,1.7602,1.8002,1049569
2011-10-11,1.8002,1.82,1.78,1.7899,1543014
2011-10-12,1.8097,1.8601,1.7899,1.8497,1882940
2011-10-13,1.8601,1.9199,1.8299,1.8601,3939758
2011-10-14,1.8601,1.8803,1.8601,1.87,1315445
2011-10-17,1.8803,1.9298,1.8497,1.8601,2616762
2011-10-18,1.82,1.9001,1.82,1.8898,2192323
2011-10-19,1.9001,1.91,1.8601,1.87,1173459
2011-10-20,1.8497,1.8803,1.8299,1.8497,1640218
2011-10-21,1.8403,1.8803,1.8403,1.8601,1124281
2011-10-24,1.8601,1.8803,1.8097,1.87,1549867
2011-10-25,1.87,1.9401,1.8601,1.87,4314266
2011-10-26,1.8803,2.0701,1.8601,1.9698,11147063
2011-10-27,2,2.0103,1.9199,1.9401,1378492
2011-10-28,2,2.0998,1.9896,2.0103,2250993
2011-10-31,2,2,1.91,1.91,888216
2011-11-01,1.8803,2.1502,1.8601,2.0701,10055215
2011-11-02,2.0904,2.1102,1.9802,1.9896,2622216
2011-11-03,1.9896,2.08,1.9698,2,2966560
2011-11-04,2.0301,2.0904,1.9896,1.9896,2637449
2011-11-10,2.0202,2.1201,1.9896,2.04,5006011
2011-11-11,2.0598,2.1201,2.04,2.0701,2391851
2011-11-14,2.08,2.1102,1.9698,1.9896,1977304
2011-11-15,1.9896,2.0301,1.9298,1.9401,2347313
2011-11-16,1.9401,1.9698,1.9199,1.9298,1891057
2011-11-17,1.9401,1.9599,1.8803,1.8898,1480983
2011-11-18,1.8898,1.91,1.87,1.8803,702036
2011-11-21,1.8803,1.8898,1.8002,1.8097,1087420
2011-11-22,1.8403,1.8898,1.78,1.8097,2362602
2011-11-23,1.8002,1.8299,1.7602,1.78,1398941
2011-11-24,1.7899,1.8097,1.74,1.7602,751927
2011-11-25,1.8002,1.8097,1.74,1.8002,731876
2011-11-28,1.8097,1.8497,1.8002,1.82,996974
2011-11-29,1.8299,1.8403,1.7899,1.7899,419400
2011-11-30,1.7899,1.82,1.74,1.7602,4126140
2011-12-01,1.7602,1.8002,1.7499,1.78,2632355
2011-12-02,1.78,1.8002,1.7701,1.7899,1257704
2011-12-05,1.7899,1.8403,1.7899,1.82,1710260
2011-12-06,1.82,1.8299,1.7701,1.7899,1222203
2011-12-07,1.8002,1.8601,1.8002,1.82,1991218
2011-12-08,1.82,1.8299,1.7701,1.78,1059960
2011-12-09,1.7499,1.7899,1.7499,1.7899,1020082
2011-12-12,1.78,1.8002,1.7701,1.78,897793
2011-12-13,1.78,1.8299,1.78,1.8002,1219277
2011-12-14,1.78,1.8097,1.78,1.8002,986314
2011-12-15,1.8002,1.8497,1.8002,1.8497,821949
2011-12-16,1.8497,1.91,1.8299,1.8898,2654417
2011-12-19,1.87,1.9599,1.8497,1.8601,2178550
2011-12-20,1.87,1.9001,1.8497,1.8497,830258
2011-12-21,1.8803,1.8898,1.8299,1.8803,674434
2011-12-22,1.8898,1.8898,1.8299,1.8403,275944
2011-12-23,1.8497,1.87,1.8097,1.8299,280872
2011-12-26,1.8299,1.91,1.8299,1.8497,1187192
2011-12-27,1.8403,1.8601,1.8097,1.8299,372526
2011-12-28,1.8299,1.8497,1.7899,1.8097,692443
2011-12-29,1.8097,1.8299,1.7899,1.8299,506480
2011-12-30,1.8299,1.8497,1.8002,1.8497,618640
2012-01-02,1.8299,1.8403,1.82,1.82,94637
2012-01-03,1.8299,1.8803,1.8299,1.8403,1225999
2012-01-04,1.8403,1.8403,1.8097,1.8299,311789
2012-01-05,1.8299,1.8299,1.8097,1.8299,48733
2012-01-06,1.8097,1.8403,1.7899,1.8097,355458
2012-01-09,1.8097,1.8097,1.78,1.7899,771689
2012-01-10,1.8299,1.8299,1.8097,1.82,280483
2012-01-11,1.82,1.8299,1.78,1.82,219664
2012-01-12,1.8299,1.9298,1.8299,1.8601,4494320
2012-01-13,1.8601,1.8898,1.8097,1.8601,1135522
2012-01-16,1.87,1.8803,1.8403,1.8803,759882
2012-01-17,1.8898,1.8898,1.8403,1.8601,743238
2012-01-18,1.8497,1.8803,1.8497,1.87,259664
2012-01-19,1.8898,2.0301,1.8898,1.9401,7001894
2012-01-20,1.9298,1.9401,1.9001,1.9298,682521
2012-01-23,1.9199,1.9298,1.9001,1.9199,362377
2012-01-24,1.91,1.9199,1.8803,1.91,376014
2012-01-25,1.91,1.9802,1.9001,1.9401,3165663
2012-01-26,1.9599,2.0301,1.95,2,3032604
2012-01-27,1.9896,2.0103,1.9698,1.9802,524585
2012-01-30,1.9599,2.0103,1.9599,1.9802,610017
2012-01-31,1.9802,2.0202,1.9599,1.9599,661187
2012-02-01,1.9698,2.0202,1.9599,2.0103,951970
2012-02-02,2.0103,2.0598,1.9896,2.0103,2226364
2012-02-03,2,2.0202,1.9802,1.9896,1137210
2012-02-06,2,2.04,1.9802,2.0301,2069004
2012-02-07,2.0301,2.0598,1.9896,2.0103,2917902
2012-02-08,2.0202,2.0598,1.9896,2.0301,2616247
2012-02-09,2.0202,2.0598,1.9896,2.0103,2246379
2012-02-10,1.9896,2.0103,1.9698,1.9896,453638
2012-02-13,2,2.04,2,2.0202,1861181
2012-02-14,2.0103,2.0301,1.9896,2.0103,656163
2012-02-15,2.0202,2.13,2.0202,2.0904,5614886
2012-02-16,2.0701,2.1601,2.0598,2.1601,2459124
2012-02-17,2.1799,2.3603,2.17,2.1902,10501049
2012-02-20,2.2199,2.2303,2.13,2.1502,2450815
2012-02-21,2.13,2.1601,2.1102,2.1201,1570590
2012-02-22,2.1201,2.1902,2.1201,2.1399,2081457
2012-02-23,2.1502,2.1601,2.0998,2.1102,526455
2012-02-24,2.1201,2.13,2.0503,2.0598,703603
2012-02-27,2.0598,2.0701,2.0202,2.0301,445697
2012-02-28,2.0503,2.21,2.04,2.13,3493975
2012-02-29,2.17,2.17,2.1102,2.1399,923863
2012-03-01,2.1102,2.1601,2.1102,2.13,751325
2012-03-02,2.1102,2.1399,2.1102,2.1399,355377
2012-03-05,2.13,2.1502,2.1102,2.1201,482786
2012-03-06,2.0998,2.1399,2.0998,2.1102,874948
2012-03-07,2.13,2.1502,2.1201,2.13,807544
2012-03-08,2.1502,2.1601,2.1201,2.13,877940
2012-03-09,2.1502,2.1799,2.1399,2.1502,1128673
2012-03-12,2.1502,2.1799,2.1399,2.1502,1206520
2012-03-13,2.17,2.1799,2.1399,2.1399,508087
2012-03-14,2.17,2.2798,2.1601,2.1997,7321851
2012-03-15,2.21,2.2303,2.1997,2.21,908332
2012-03-16,2.1997,2.3,2.1997,2.2501,1707031
2012-03-19,2.26,2.3099,2.2397,2.2501,1791159
2012-03-20,2.2303,2.3396,2.2303,2.2798,3061479
2012-03-21,2.3,2.3099,2.2798,2.2798,584711
2012-03-22,2.2798,2.3499,2.2699,2.2699,1334666
2012-03-23,2.3,2.3301,2.2798,2.2901,1339847
2012-03-26,2.3,2.3603,2.2798,2.3198,1596291
2012-03-27,2.3301,2.3801,2.3198,2.3499,1097013
2012-03-28,2.3499,2.3702,2.3099,2.3099,737861
2012-03-29,2.3198,2.3499,2.2798,2.3,2279939
2012-03-30,2.3198,2.3396,2.2901,2.3,879896
2012-04-02,2.3099,2.3301,2.2699,2.3,1029614
2012-04-03,2.3099,2.3198,2.2798,2.3,582027
2012-04-04,2.2798,2.3,2.2699,2.2901,562462
2012-04-05,2.3,2.3396,2.2901,2.2901,1238215
2012-04-06,2.3,2.3801,2.2397,2.2501,4997039
2012-04-09,2.2397,2.2397,2.17,2.1799,1241207
2012-04-10,2.1902,2.1902,2.13,2.1399,716526
2012-04-11,2.13,2.1399,2.0998,2.13,391227
2012-04-12,2.1502,2.1502,2.1102,2.1502,580581
2012-04-13,2.1502,2.1799,2.1399,2.1399,610973
2012-04-16,2.1399,2.1799,2.13,2.13,640909
2012-04-17,2.13,2.1902,2.13,2.1502,944394
2012-04-18,2.1601,2.3099,2.1601,2.2901,1974433
2012-04-19,2.3,2.3396,2.2798,2.3099,1213661
2012-04-20,2.3301,2.3396,2.3099,2.3301,297157
2012-04-24,2.3,2.3,2.26,2.2699,617275
2012-04-25,2.2798,2.2798,2.1997,2.2501,700995
2012-04-26,2.3499,2.3702,2.2501,2.2798,703198
2012-04-27,2.2901,2.3396,2.26,2.2699,1520770
2012-04-30,2.2901,2.2901,2.2303,2.2397,276222
2012-05-02,2.21,2.2397,2.1502,2.1502,383095
2012-05-03,2.1502,2.1902,2.1399,2.1601,82405
2012-05-04,2.1601,2.17,2.1201,2.1201,211436
2012-05-07,2.0598,2.13,2.0598,2.1201,271527
2012-05-08,2.13,2.1601,2.0998,2.0998,219629
2012-05-09,2.1201,2.1399,2.0998,2.13,87955
2012-05-10,2.1399,2.1601,2.1399,2.1601,135662
2012-05-11,2.1502,2.17,2.1201,2.1399,210456
2012-05-14,2.1399,2.1601,2.1102,2.1399,157295
2012-05-15,2.13,2.1601,2.0598,2.1102,272350
2012-05-16,2.0301,2.1601,2.0301,2.1601,135329
2012-05-17,2.13,2.1601,2.0998,2.0998,35345
2012-05-18,2.0503,2.1502,2.0103,2.0103,371243
2012-05-21,2.0202,2.0701,2.0202,2.04,281140
2012-05-22,2.0503,2.08,2.0103,2.0301,453658
2012-05-23,2.0202,2.0202,1.9599,1.9698,359704
2012-05-24,1.9802,1.9802,1.9001,1.9001,245719
2012-05-25,1.9001,1.9199,1.8601,1.8803,202495
2012-05-28,1.9001,1.9199,1.8898,1.8898,121364
2012-05-29,1.9199,1.9199,1.9001,1.9001,272295
2012-05-30,1.91,1.91,1.87,1.8898,123168
2012-05-31,1.8898,1.9199,1.87,1.87,71842
2012-06-01,1.8898,1.9199,1.87,1.8898,64771
2012-06-04,1.87,1.9001,1.8497,1.8803,603573
2012-06-05,1.9001,1.9298,1.8803,1.9001,224471
2012-06-06,1.9001,1.95,1.82,1.8803,1503833
2012-06-07,1.9001,1.9298,1.9001,1.9298,440143
2012-06-08,1.91,1.9599,1.91,1.9298,978915
2012-06-11,1.95,1.9802,1.9199,1.9298,1439305
2012-06-12,1.9401,1.95,1.9199,1.9298,405905
2012-06-13,1.9401,2.0503,1.9401,1.9802,3016112
2012-06-14,2,2.0202,1.9698,1.9802,2545375
2012-06-15,1.9802,2.0103,1.9698,1.9698,600758
2012-06-18,1.9802,1.9896,1.9401,1.95,286770
2012-06-19,1.9802,1.9802,1.9401,1.9599,161166
2012-06-20,2,2,1.95,1.9802,344748
2012-06-21,1.9802,2.0103,1.9698,2,805143
2012-06-22,1.9698,2,1.95,1.9698,629770
2012-06-25,1.9599,1.9698,1.9298,1.9298,428311
2012-06-26,1.95,2.0103,1.9298,1.9599,1276623
2012-06-27,1.9698,2.1502,1.95,2.1502,7131734
2012-06-28,2.1601,2.1601,2.0904,2.1201,1611681
2012-06-29,2.1502,2.1502,2.1102,2.1102,496543
2012-07-02,2.1102,2.1399,2.0904,2.1201,355165
2012-07-03,2.13,2.1902,2.1201,2.1399,942948
2012-07-04,2.1399,2.1502,2.1102,2.13,199088
2012-07-05,2.13,2.1399,2.0904,2.0904,355913
2012-07-06,2.0998,2.1102,2.0598,2.0998,166215
2012-07-09,2.0998,2.1102,2.08,2.0998,65610
2012-07-10,2.1102,2.1902,2.1102,2.1399,478697
2012-07-11,2.1399,2.17,2.1201,2.1201,220594
2012-07-12,2.13,2.2199,2.1102,2.1399,852583
2012-07-13,2.1502,2.1601,2.13,2.1601,193458
2012-07-16,2.1601,2.2397,2.1601,2.21,875443
2012-07-17,2.2199,2.2501,2.1502,2.1502,500198
2012-07-18,2.1799,2.2199,2.1799,2.1997,314766
2012-07-19,2.1997,2.3,2.1799,2.2501,2630282
2012-07-20,2.2501,2.3396,2.2501,2.2501,804592
2012-07-23,2.2501,2.2501,2.1601,2.1997,210410
2012-07-24,2.1997,2.21,2.1601,2.1799,336141
2012-07-25,2.1799,2.21,2.17,2.1902,326502
2012-07-26,2.1902,2.3099,2.1902,2.26,554233
2012-07-27,2.3,2.3099,2.2397,2.2397,301529
2012-07-30,2.26,2.26,2.2397,2.2501,88405
2012-07-31,2.2397,2.2501,2.1799,2.2199,96107
2012-08-01,2.21,2.2397,2.21,2.21,57589
2012-08-02,2.1799,2.26,2.1799,2.1799,99251
2012-08-03,2.1799,2.2303,2.17,2.1799,158351
2012-08-06,2.1799,2.1997,2.1799,2.1902,131664
2012-08-07,2.1799,2.1902,2.1502,2.1502,35744
2012-08-08,2.1502,2.1799,2.1201,2.13,86929
2012-08-09,2.1399,2.1799,2.1201,2.1399,86363
2012-08-10,2.1399,2.1502,2.1201,2.1502,10478
2012-08-13,2.1201,2.1601,2.1201,2.1399,15673
2012-08-14,2.1399,2.1902,2.1201,2.1799,528375
2012-08-15,2.1799,2.1799,2.13,2.1799,109339
2012-08-16,2.1799,2.1799,2.1399,2.1601,558196
2012-08-17,2.1799,2.2303,2.1502,2.1601,840326
2012-08-22,2.17,2.1997,2.1601,2.17,127752
2012-08-23,2.1799,2.1799,2.13,2.1601,497433
2012-08-24,2.1502,2.1601,2.1201,2.13,111245
2012-08-27,2.13,2.1399,2.1201,2.1201,329813
2012-08-28,2.13,2.1502,2.1102,2.1201,758775
2012-08-29,2.1201,2.1201,2.08,2.1201,257248
2012-08-31,2.13,2.13,2.0904,2.0998,120671
2012-09-03,2.1102,2.13,2.08,2.0904,718255
2012-09-04,2.0998,2.1102,2.0598,2.0904,217319
2012-09-05,2.0904,2.1601,2.08,2.1201,1859443
2012-09-06,2.1102,2.1502,2.0998,2.1201,563154
2012-09-07,2.0998,2.13,2.0904,2.0904,179746
2012-09-10,2.1102,2.1201,2.0904,2.1201,76198
2012-09-11,2.1201,2.1201,2.08,2.0998,79772
2012-09-12,2.0904,2.1102,2.08,2.08,209394
2012-09-13,2.08,2.0904,2.0598,2.0701,169996
2012-09-14,2.0904,2.1102,2.0701,2.0904,112918
2012-09-17,2.08,2.1102,2.08,2.1102,116855
2012-09-18,2.0904,2.0998,2.08,2.08,8117
2012-09-19,2.08,2.0904,2.0701,2.08,106196
2012-09-20,2.0701,2.0904,2.0503,2.0701,85028
2012-09-21,2.08,2.0998,2.0503,2.0904,319542
2012-09-24,2.0904,2.0904,2.0598,2.0598,144067
2012-09-25,2.0701,2.08,2.0598,2.0701,113969
2012-09-26,2.08,2.08,2.04,2.04,85640
2012-09-27,2.0503,2.0503,2.0301,2.04,48546
2012-09-28,2.0301,2.0701,2.0202,2.0301,99135
2012-10-01,2.04,2.0598,2.04,2.0598,19085
2012-10-02,2.0598,2.08,2.04,2.0598,205654
2012-10-03,2.08,2.1399,2.0503,2.0998,896727
2012-10-04,2.0998,2.1102,1.9298,2.1102,366446
2012-10-05,2.1102,2.17,2.1102,2.1502,446931
2012-10-08,2.17,2.17,2.1102,2.1601,46646
2012-10-09,2.1601,2.1601,2.1201,2.1502,111149
2012-10-10,2.1502,2.2199,2.1502,2.1601,450191
2012-10-11,2.1601,2.17,2.13,2.1601,143936
2012-10-12,2.1399,2.1601,2.0701,2.1201,25352
2012-10-15,2.1201,2.1201,2.0904,2.1102,31428
2012-10-16,2.1399,2.1502,2.1102,2.1201,18878
2012-10-17,2.1201,2.1201,2.08,2.08,113267
2012-10-18,2.0998,2.1102,2.08,2.08,52236
2012-10-19,2.0998,2.1201,2.0904,2.0998,127772
2012-10-22,2.0998,2.1102,2.08,2.0904,80181
2012-10-23,2.0904,2.13,2.0701,2.08,176465
2012-10-24,2.08,2.0904,2.0701,2.0701,9765
2012-10-30,2.0598,2.2798,2.0598,2.08,266679
2012-10-31,2.0904,2.0998,2.08,2.0904,68829
2012-11-01,2.08,2.2303,2.08,2.1201,193615
2012-11-02,2.08,2.1399,2.08,2.13,33732
2012-11-05,2.1502,2.1502,2.0904,2.1201,36259
2012-11-06,2.13,2.1502,2.1102,2.1102,63366
2012-11-07,2.13,2.1502,2.1102,2.1399,115440
2012-11-08,2.13,2.1502,2.1102,2.13,124416
2012-11-09,2.1201,2.1502,2.0904,2.0904,66464
2012-11-12,2.0998,2.13,2.0103,2.0998,28855
2012-11-13,2.13,2.1502,2.1102,2.13,50543
2012-11-14,2.1399,2.1601,2.1102,2.1102,42557
2012-11-15,2.0998,2.1502,2.08,2.0998,72509
2012-11-16,2.1102,2.13,2.0904,2.13,56007
2012-11-19,2.1201,2.1601,2.1102,2.1601,202480
2012-11-20,2.1601,2.1601,2.13,2.13,26677
2012-11-21,2.1399,2.1601,2.0598,2.1502,37048
2012-11-22,2.1502,2.1601,2.1201,2.13,38797
2012-11-23,2.13,2.1502,2.13,2.1502,541
2012-11-26,2.1502,2.1601,2.1102,2.1102,132271
2012-11-27,2.1102,2.1502,2.1102,2.1201,57194
2012-11-28,2.1201,2.1201,2.0998,2.0998,77401
2012-11-29,2.1102,2.13,2.0998,2.1201,69749
2012-11-30,2.13,2.1502,2.0904,2.0998,199842
2012-12-03,2.13,2.1502,2.0998,2.1102,84235
2012-12-04,2.1399,2.1601,2.1102,2.13,283364
2012-12-05,2.1502,2.2199,2.1399,2.17,1286792
2012-12-06,2.1799,2.3301,2.17,2.2303,1187697
2012-12-07,2.2303,2.2397,2.1997,2.2199,711568
2012-12-10,2.2199,2.2303,2.1399,2.2303,319714
2012-12-11,2.2303,2.2303,2.1997,2.21,48132
2012-12-12,2.2199,2.2199,2.1399,2.2199,191952
2012-12-13,2.2199,2.2199,2.1799,2.1902,35800
2012-12-14,2.21,2.21,2.17,2.1997,16315
2012-12-17,2.1997,2.1997,2.17,2.1997,35203
2012-12-18,2.1902,2.2397,2.17,2.17,1618899
2012-12-19,2.1799,2.21,2.1502,2.1799,374942
2012-12-20,2.1799,2.21,2.17,2.1799,578003
2012-12-21,2.1902,2.2798,2.1502,2.1902,3625780
2012-12-24,2.1997,2.2699,2.1997,2.21,1685418
2012-12-25,2.2303,2.2397,2.1997,2.2303,619449
2012-12-26,2.21,2.2303,2.1997,2.21,203627
2012-12-27,2.2199,2.2901,2.21,2.21,1665216
2012-12-28,2.2199,2.2397,2.1799,2.1902,465606
2012-12-31,2.1902,2.3301,2.1902,2.2397,660899
2013-01-02,2.26,2.2798,2.2199,2.2303,693191
2013-01-03,2.2397,2.3099,2.2199,2.26,3000105
2013-01-04,2.26,2.2699,2.2303,2.2397,587000
2013-01-07,2.2303,2.2699,2.2303,2.2501,401543
2013-01-08,2.26,2.2699,2.2303,2.2397,1684827
2013-01-09,2.2397,2.3,2.2397,2.2798,2612997
2013-01-10,2.3099,2.43,2.3,2.3198,21643478
2013-01-11,2.3301,2.3702,2.2798,2.2901,10993312
2013-01-14,2.3099,2.3702,2.3,2.3198,3885328
2013-01-15,2.3198,2.3499,2.3099,2.3198,1281308
2013-01-16,2.3301,2.4098,2.3301,2.4003,4291147
2013-01-17,2.4003,2.5699,2.39,2.4498,10523268
2013-01-18,2.47,2.4799,2.3702,2.3702,2124232
2013-01-21,2.4003,2.43,2.3702,2.39,1096781
2013-01-22,2.4098,2.5101,2.39,2.4403,4567122
2013-01-23,2.4601,2.4601,2.4201,2.4201,742935
2013-01-24,2.4403,2.4498,2.4003,2.4003,610396
2013-01-25,2.4201,2.4201,2.3801,2.4003,429003
2013-01-28,2.4003,2.4098,2.3,2.3301,608895
2013-01-29,2.2798,2.3702,2.2303,2.3702,409190
2013-01-30,2.3603,2.3603,2.2397,2.2397,547592
2013-01-31,2.26,2.3,2.26,2.2798,819978
2013-02-01,2.3301,2.3499,2.2798,2.2901,371975
2013-02-04,2.3099,2.3099,2.2798,2.2901,225689
2013-02-05,2.2798,2.3,2.26,2.2798,73176
2013-02-06,2.2798,2.3099,2.2798,2.2798,263000
2013-02-07,2.2901,2.3,2.2501,2.2798,114303
2013-02-08,2.2699,2.3,2.1902,2.2901,170673
2013-02-11,2.2901,2.2901,2.2501,2.2699,146089
2013-02-12,2.2798,2.3396,2.26,2.2901,699049
2013-02-13,2.3,2.3099,2.26,2.2699,334538
2013-02-14,2.26,2.3396,2.2501,2.2798,841079
2013-02-15,2.3,2.3,2.2699,2.3,94086
2013-02-18,2.3099,2.3702,2.3,2.3198,1358244
2013-02-19,2.3,2.3,2.2798,2.2798,156734
2013-02-20,2.2798,2.2901,2.2699,2.2901,101632
2013-02-21,2.2699,2.2699,2.2303,2.2501,116122
2013-02-22,2.26,2.26,2.1902,2.21,97917
2013-02-25,2.2199,2.2501,2.21,2.2303,163193
2013-02-26,2.21,2.2699,2.1902,2.2397,261650
2013-02-27,2.2501,2.4601,2.2397,2.2501,157775
2013-02-28,2.26,2.2901,2.2501,2.2699,129481
2013-03-01,2.2798,2.2798,2.26,2.2699,97674
2013-03-04,2.2798,2.3396,2.2699,2.3301,271425
2013-03-05,2.3396,2.3603,2.3301,2.3396,359941
2013-03-06,2.3099,2.3702,2.3099,2.3603,770147
2013-03-07,2.3603,2.3603,2.2501,2.3301,494224
2013-03-08,2.3301,2.3301,2.2798,2.3,392041
2013-03-11,2.3,2.3,2.2699,2.2798,30786
2013-03-12,2.2901,2.39,2.2397,2.3198,891289
2013-03-13,2.3396,2.3396,2.3099,2.3198,139089
2013-03-14,2.3301,2.3301,2.2901,2.3198,81258
2013-03-15,2.3301,2.3301,2.2901,2.3099,58918
2013-03-18,2.3,2.3801,2.2901,2.3396,771664
2013-03-19,2.3603,2.3603,2.3099,2.3198,212118
2013-03-20,2.3499,2.4498,2.3499,2.4201,1224098
2013-03-21,2.43,2.5002,2.43,2.47,2236826
2013-03-22,2.4898,2.4898,2.4201,2.4601,287190
2013-03-25,2.47,2.4799,2.43,2.43,220119
2013-03-26,2.4799,2.5299,2.39,2.4003,1678221
2013-03-27,2.43,2.43,2.3301,2.3702,637255
2013-03-28,2.3801,2.4601,2.3396,2.3801,1143493
2013-03-29,2.3801,2.4403,2.3702,2.3702,2069747
2013-04-01,2.4098,2.4201,2.3702,2.4003,239695
2013-04-02,2.4003,2.4201,2.3603,2.4003,450539
2013-04-03,2.4098,2.43,2.3603,2.3702,597235
2013-04-04,2.39,2.4003,2.3702,2.4003,68850
2013-04-05,2.4003,2.4003,2.3603,2.3801,104194
2013-04-08,2.39,2.39,2.3702,2.39,162652
2013-04-09,2.39,2.4003,2.3603,2.3801,279730
2013-04-10,2.3801,2.39,2.3603,2.3801,233407
2013-04-11,2.3801,2.4201,2.3801,2.4003,772624
2013-04-12,2.4098,2.4201,2.39,2.4098,175844
2013-04-15,2.4003,2.43,2.39,2.39,323601
2013-04-16,2.39,2.39,2.3702,2.3702,218416
2013-04-17,2.39,2.4003,2.3396,2.3801,79155
2013-04-18,2.3801,2.39,2.2501,2.3301,278335
2013-04-19,2.3301,2.3301,2.3,2.3301,107035
2013-04-22,2.3301,2.3702,2.3099,2.3301,215378
2013-04-24,2.3499,2.3603,2.3396,2.3603,51923
2013-04-25,2.3603,2.39,2.3499,2.3603,450883
2013-04-26,2.3603,2.3702,2.3396,2.3603,172892
2013-04-29,2.3603,2.39,2.3603,2.39,212619
2013-04-30,2.39,2.43,2.3603,2.4201,825254
2013-05-02,2.39,2.4201,2.3499,2.4201,962443
2013-05-03,2.4201,2.4201,2.3499,2.3499,155217
2013-05-06,2.3603,2.4498,2.3301,2.3603,3152017
2013-05-07,2.3603,2.3603,2.3301,2.3499,273119
2013-05-08,2.3603,2.3702,2.3396,2.3499,166069
2013-05-09,2.3396,2.3603,2.3,2.3396,275995
2013-05-10,2.3396,2.3499,2.3198,2.3301,138184
2013-05-13,2.3198,2.3396,2.2699,2.2901,316636
2013-05-14,2.3,2.3499,2.2798,2.3099,1278467
2013-05-15,2.3,2.3499,2.3,2.3099,458783
2013-05-16,2.3396,2.3396,2.2798,2.2798,160246
2013-05-17,2.3099,2.3099,2.2199,2.2901,161874
2013-05-20,2.3099,2.3099,2.2303,2.2397,114545
2013-05-21,2.2397,2.3,2.2397,2.2901,135970
2013-05-22,2.2901,2.3198,2.2699,2.2901,542603
2013-05-23,2.26,2.2901,2.1997,2.26,421058
2013-05-24,2.2699,2.2798,2.2303,2.2501,438217
2013-05-27,2.2501,2.2901,2.2397,2.26,237552
2013-05-28,2.26,2.3099,2.2199,2.2199,1746035
2013-05-29,2.2303,2.2303,2.17,2.17,681798
2013-05-30,2.1799,2.1902,2.1601,2.1601,228242
2013-05-31,2.1502,2.1601,2.0998,2.1102,301984
2013-06-03,1.9896,1.9896,1.7602,1.8803,809940
2013-06-04,1.8497,1.9698,1.8497,1.95,499349
2013-06-05,1.9298,1.9698,1.9001,1.95,215626
2013-06-06,1.9401,1.95,1.82,1.8299,85271
2013-06-07,1.8097,1.91,1.8097,1.91,321731
2013-06-10,1.9001,1.9199,1.8601,1.8803,206442
2013-06-11,1.9001,1.9298,1.87,1.8803,57538
2013-06-12,1.8898,1.9001,1.87,1.9001,156496
2013-06-13,1.9001,1.95,1.8898,1.9298,302014
2013-06-14,1.9298,2.1502,1.9199,2.13,1252903
2013-06-17,2.0998,2.1601,2.0701,2.0998,192897
2013-06-18,2.1902,2.2501,2.1201,2.1502,330823
2013-06-19,2.1502,2.1799,2.1201,2.1201,60646
2013-06-20,2.1601,2.1799,2.0598,2.0701,53944
2013-06-21,2.21,2.21,2.0598,2.1399,99554
2013-06-24,2.1102,2.13,2.0103,2.0103,74768
2013-06-25,2.0998,2.1201,2.04,2.0904,56194
2013-06-26,2.1601,2.1601,2.0598,2.0904,165043
2013-06-27,2.1601,2.1601,2.08,2.0998,85771
2013-06-28,2.13,2.13,2.0701,2.1102,59641
2013-07-01,2.0998,2.1399,2.0701,2.0904,8259
2013-07-02,2.0998,2.13,2.08,2.0904,66646
2013-07-03,2.08,2.1102,1.9802,2.0202,121854
2013-07-04,2.08,2.1201,1.9896,2.1201,117578
2013-07-05,2.1201,2.1799,2.0503,2.08,22845
2013-07-08,2.13,2.13,2.0598,2.0598,3482
2013-07-09,2,2.1201,2,2.0998,4498
2013-07-10,2.1201,2.1201,2.0103,2.0202,32231
2013-07-11,2.0701,2.0701,2.0202,2.0202,30321
2013-07-12,2.0301,2.0904,2.0301,2.08,17023
2013-07-15,2.08,2.13,2.08,2.1201,9644
2013-07-16,2.1601,2.1601,2.0904,2.1201,77957
2013-07-17,2.1399,2.1601,2.0904,2.13,92964
2013-07-18,2.13,2.1502,2.08,2.0904,354771
2013-07-19,2.0701,2.0998,2.0301,2.0503,17346
2013-07-22,2.0598,2.1399,2.0598,2.0998,104740
2013-07-23,2.1201,2.1201,2.0503,2.0598,48648
2013-07-24,2.08,2.0998,2.0503,2.0503,31594
2013-07-25,2.0301,2.0701,2.0301,2.0701,18337
2013-07-26,2.0701,2.0904,2,2,275358
2013-07-29,2.0202,2.04,2,2.0301,57533
2013-07-30,2.0598,2.0598,2.0301,2.0598,12135
2013-07-31,2.0701,2.0701,2,2.0301,2391
2013-08-01,2.0503,2.0503,2.0202,2.0202,65023
2013-08-02,2.0301,2.04,1.9698,2,57776
2013-08-05,1.9599,2.0202,1.9599,1.9802,89906
2013-08-06,1.9802,1.9802,1.9698,1.9698,17609
2013-08-07,1.9802,2.0103,1.9698,2,32853
2013-08-12,2.0202,2.0503,1.9896,2.04,51660
2013-08-13,2.04,2.0598,1.9896,2.0202,92271
2013-08-14,2.0202,2.0202,1.9599,1.9896,154388
2013-08-15,1.9896,2,1.9698,2,30103
2013-08-16,1.9298,2.0202,1.9298,2,6171
2013-08-19,1.9896,1.9896,1.9599,1.9599,152685
2013-08-20,1.9802,1.9802,1.95,1.9698,581
2013-08-21,1.9698,1.9698,1.8803,1.9401,16967
2013-08-22,1.9199,1.9199,1.7701,1.8898,760104
2013-08-23,1.8299,1.8497,1.7602,1.8002,92504
2013-08-26,1.8097,1.8601,1.7004,1.8299,332734
2013-08-27,1.82,1.82,1.7602,1.8002,33454
2013-08-28,1.78,1.8002,1.7202,1.7899,109228
2013-08-29,1.7899,1.8497,1.78,1.8497,430509
2013-09-02,1.9401,1.9401,1.78,1.8497,115885
2013-09-03,1.8403,1.8403,1.8002,1.8403,46196
2013-09-04,1.8002,1.8497,1.7499,1.8002,397980
2013-09-05,2,2,1.74,1.7602,40035
2013-09-06,1.8601,1.8601,1.7499,1.7499,46287
2013-09-09,1.8002,1.8803,1.78,1.7899,181489
2013-09-10,1.82,1.8898,1.7899,1.8403,672670
2013-09-11,1.8299,1.8403,1.8002,1.8299,35971
2013-09-12,1.8497,1.8497,1.78,1.8299,574198
2013-09-13,1.8002,1.8299,1.7899,1.8002,62011
2013-09-16,1.8002,1.9298,1.8002,1.8803,365248
2013-09-17,1.8299,1.87,1.8097,1.8497,210612
2013-09-18,1.8601,1.9698,1.8497,1.8601,2062944
2013-09-19,1.8898,1.9401,1.8898,1.91,995417
2013-09-20,1.9001,1.9199,1.8497,1.87,286523
2013-09-23,1.8803,1.8898,1.8497,1.87,68900
2013-09-24,1.87,1.87,1.8601,1.87,35739
2013-09-25,1.8803,1.8803,1.8497,1.87,145457
2013-09-26,1.9001,1.9001,1.8497,1.8601,154752
2013-09-27,1.8803,2.0503,1.8497,1.87,234029
2013-09-30,1.87,1.87,1.8299,1.8403,223384
2013-10-01,1.8601,1.9001,1.8601,1.8898,137027
2013-10-02,1.8803,1.8898,1.8601,1.8601,132609
2013-10-03,1.87,1.9001,1.8601,1.87,73045
2013-10-04,1.9001,1.9199,1.8803,1.9001,47985
2013-10-07,1.87,1.87,1.8403,1.8497,137522
2013-10-08,1.8497,1.8601,1.8497,1.8497,41319
2013-10-09,1.8299,1.87,1.8299,1.8497,67727
2013-10-10,1.8803,1.91,1.8497,1.87,310136
2013-10-11,1.8803,1.9298,1.87,1.8898,335175
2013-10-14,1.87,1.8803,1.8601,1.8803,54076
2013-10-21,1.91,1.91,1.8601,1.8898,125786
2013-10-22,1.9001,1.9001,1.8803,1.8898,58766
2013-10-23,1.8898,1.9001,1.8803,1.9001,212775
2013-10-24,1.9001,1.9298,1.8898,1.91,702021
2013-10-25,1.91,1.9802,1.91,1.95,949655
2013-10-28,1.9698,1.9698,1.9401,1.95,201676
2013-10-30,1.9401,1.9802,1.9199,1.9298,176061
2013-10-31,1.9298,1.9298,1.8803,1.8898,207453
2013-11-01,1.8898,1.8898,1.82,1.8403,759796
2013-11-04,1.8497,1.8497,1.82,1.8299,89865
2013-11-05,1.8403,1.8497,1.82,1.82,267822
2013-11-06,1.8299,1.8403,1.82,1.82,302024
2013-11-07,1.8299,1.9199,1.8299,1.8803,902347
2013-11-08,1.8803,1.9401,1.8497,1.9199,754343
2013-11-11,1.9199,1.9199,1.87,1.8898,74576
2013-11-12,1.8601,1.9199,1.8403,1.8898,230329
2013-11-13,1.87,1.8898,1.8403,1.8803,93904
2013-11-14,1.8898,1.9298,1.87,1.8803,42648
2013-11-15,1.8803,1.8898,1.8601,1.8803,12995
2013-11-18,1.9001,1.9199,1.8601,1.8601,173640
2013-11-19,1.87,2.0202,1.87,1.95,1146389
2013-11-20,1.95,2.0103,1.91,1.9599,1121582
2013-11-21,1.95,2.0598,1.9199,2.0202,3331585
2013-11-22,2.04,2.0701,2.0301,2.0301,1810497
2013-11-25,2.0503,2.0701,1.9896,2.0202,645256
2013-11-26,2.0301,2.04,1.9802,1.9802,469498
2013-11-27,2,2,1.95,1.9896,342979
2013-11-28,2.0103,2.0301,1.9698,1.9896,367154
2013-11-29,2,2.0598,1.9698,2.0598,647323
2013-12-02,2.0598,2.0598,1.9698,1.9802,696127
2013-12-03,1.9802,1.9896,1.95,1.95,176152
2013-12-04,1.9599,1.9896,1.9199,1.9896,197158
2013-12-05,1.9802,1.9802,1.9401,1.9401,124320
2013-12-06,1.9401,1.9802,1.9401,1.9698,29376
2013-12-09,1.9896,2.04,1.9896,2.0202,533041
2013-12-10,2.0202,2.0301,1.91,2,236212
2013-12-11,1.9802,2,1.9599,1.9599,102835
2013-12-12,1.9599,1.9599,1.9298,1.9401,270910
2013-12-13,1.9401,1.95,1.9199,1.9401,261236
2013-12-16,1.9298,1.9401,1.9298,1.9298,45473
2013-12-17,1.9199,1.9298,1.8299,1.8898,401022
2013-12-18,1.8497,2,1.7899,1.8898,296035
2013-12-19,1.8898,1.8898,1.82,1.8497,50295
2013-12-20,1.8497,1.87,1.8097,1.8403,65721
2013-12-23,1.8403,1.8403,1.8002,1.82,54005
2013-12-24,1.8497,1.8497,1.82,1.8299,22168
2013-12-25,1.8497,1.8497,1.7602,1.82,117219
2013-12-26,1.8002,1.82,1.7301,1.8002,251350
2013-12-27,1.7701,1.8002,1.5299,1.7602,394664
2013-12-30,1.8299,1.8497,1.7602,1.8403,98427
2013-12-31,1.8002,1.95,1.78,1.95,468103
2014-01-02,1.8601,1.9298,1.8497,1.87,299350
2014-01-03,1.8601,1.87,1.8403,1.8403,117467
2014-01-06,1.8403,1.8601,1.8403,1.8497,147262
2014-01-07,1.8601,1.8803,1.8601,1.8601,72271
2014-01-08,1.8601,1.8601,1.8097,1.82,161444
2014-01-09,1.8097,1.82,1.8002,1.8002,29835
2014-01-10,1.82,1.8299,1.78,1.82,68248
2014-01-13,1.82,1.8299,1.8002,1.8002,138119
2014-01-14,1.7899,1.7899,1.7499,1.7701,260473
2014-01-15,1.78,1.8002,1.7602,1.7602,178320
2014-01-16,1.7701,1.8299,1.7202,1.8002,1820702
2014-01-17,1.7701,1.7899,1.7499,1.7499,179281
2014-01-20,1.7602,1.7701,1.74,1.7499,41445
2014-01-21,1.7701,1.7701,1.7499,1.7602,209718
2014-01-22,1.78,1.8002,1.7499,1.7602,314271
2014-01-23,1.7701,1.7701,1.7301,1.7301,90492
2014-01-24,1.74,1.74,1.69,1.7098,120095
2014-01-27,1.7301,1.74,1.7004,1.7098,144800
2014-01-28,1.7301,1.78,1.7098,1.7202,153580
2014-01-29,1.7301,1.74,1.6397,1.7098,174848
2014-01-30,1.6698,1.7301,1.65,1.7301,102178
2014-01-31,1.7098,1.7899,1.69,1.7499,81399
2014-02-03,1.8299,1.8299,1.7098,1.7499,58574
2014-02-04,1.7098,1.7701,1.7098,1.7499,194585
2014-02-05,1.78,1.78,1.74,1.7701,111356
2014-02-06,1.7701,1.8299,1.7701,1.7899,188419
2014-02-07,1.7899,1.8097,1.7602,1.7701,304465
2014-02-10,1.7701,1.7701,1.7602,1.7701,9103
2014-02-11,1.7701,1.7899,1.7701,1.78,15825
2014-02-12,1.78,1.82,1.7701,1.7701,41753
2014-02-13,1.78,1.8497,1.7701,1.7701,1285437
2014-02-14,1.78,1.8002,1.7602,1.78,86024
2014-02-17,1.8002,1.8002,1.78,1.7899,74889
2014-02-18,1.7899,1.8002,1.7602,1.78,24245
2014-02-19,1.78,1.82,1.7701,1.78,607081
2014-02-20,1.7499,1.8497,1.7499,1.82,808626
2014-02-21,1.8403,1.9001,1.7701,1.9001,556381
2014-02-24,1.87,1.8803,1.82,1.8497,536316
2014-02-25,1.82,1.82,1.7701,1.8097,174899
2014-02-26,1.82,1.8403,1.78,1.8002,349625
2014-02-27,1.8002,1.8497,1.7602,1.8002,143026
2014-02-28,1.8002,1.82,1.7899,1.8002,162789
2014-03-03,1.78,1.7899,1.7499,1.7499,74642
2014-03-04,1.7602,1.8299,1.7602,1.8299,294761
2014-03-05,1.8403,1.8403,1.7899,1.7899,29896
2014-03-06,1.8002,1.8002,1.78,1.7899,27551
2014-03-07,1.8002,1.8002,1.7602,1.7701,81344
2014-03-10,1.7701,1.7899,1.7499,1.78,49118
2014-03-11,1.7899,1.7899,1.7499,1.7602,670831
2014-03-12,1.7499,1.7602,1.74,1.7499,92761
2014-03-13,1.7499,1.7602,1.7004,1.7301,1108436
2014-03-14,1.7098,1.74,1.6801,1.7301,185887
2014-03-17,1.7301,1.7602,1.7301,1.7301,146938
2014-03-18,1.7499,1.7602,1.7202,1.74,141909
2014-03-19,1.7499,1.8097,1.7202,1.7602,919350
2014-03-20,1.74,1.78,1.7098,1.7301,851931
2014-03-21,1.7301,1.7301,1.69,1.69,154257
2014-03-24,1.7004,1.7098,1.6698,1.6801,154767
2014-03-25,1.7098,1.7301,1.6801,1.69,295908
2014-03-26,1.7098,1.74,1.69,1.7202,1015275
2014-03-27,1.74,1.7499,1.6801,1.7098,324900
2014-03-28,1.7202,1.7301,1.69,1.7202,649840
2014-03-31,1.74,1.74,1.69,1.7098,864243
2014-04-01,1.7499,1.7899,1.7202,1.7499,589760
2014-04-02,1.7701,1.7899,1.7301,1.7301,1810644
2014-04-03,1.7499,1.7602,1.7301,1.7499,138007
2014-04-04,1.7602,1.7602,1.7301,1.74,268216
2014-04-07,1.7499,1.78,1.7301,1.7499,793812
2014-04-08,1.7602,1.8097,1.7602,1.7701,1339139
2014-04-09,1.7701,1.7701,1.7499,1.7499,237905
2014-04-10,1.7602,1.78,1.7499,1.7602,479334
2014-04-11,1.7499,1.7899,1.7499,1.78,1478203
2014-04-14,1.7701,1.7899,1.7602,1.78,476210
2014-04-15,1.78,1.8002,1.7499,1.7499,421149
2014-04-16,1.7701,1.7701,1.7499,1.7701,963671
2014-04-17,1.7701,1.7899,1.7602,1.78,796819
2014-04-18,1.78,1.82,1.7701,1.78,792007
2014-04-21,1.7899,1.8002,1.78,1.7899,170183
2014-04-22,1.8002,1.82,1.7899,1.8002,1009306
2014-04-24,1.8097,1.82,1.7701,1.78,501279
2014-04-25,1.7899,1.8002,1.7602,1.78,176006
2014-04-28,1.8299,2,1.8097,1.9802,4148439
2014-04-29,1.9802,2.0202,1.9199,1.9199,791052
2014-04-30,1.9401,1.9401,1.8803,1.9001,806316
2014-05-02,1.91,1.9599,1.8898,1.9001,415478
2014-05-05,1.9199,1.9401,1.8898,1.91,256071
2014-05-06,1.9199,2.04,1.9001,1.9199,1323051
2014-05-07,1.9298,1.9698,1.9199,1.9298,376095
2014-05-08,1.9401,2,1.9298,1.95,2421849
2014-05-09,1.9599,1.9896,1.9401,1.9401,468780
2014-05-12,1.9599,1.9896,1.9401,1.9401,747661
2014-05-13,2.0202,2.0301,1.91,1.9199,552752
2014-05-14,1.9199,1.9401,1.9001,1.9199,227711
2014-05-15,1.9401,1.9599,1.8898,1.8898,693929
2014-05-16,1.8898,1.9199,1.8803,1.9001,267539
2014-05-20,1.9199,1.9298,1.9001,1.9199,27758
2014-05-21,1.91,1.9401,1.9001,1.9199,276080
2014-05-22,1.9298,1.9401,1.91,1.9401,156334
2014-05-23,1.9401,1.95,1.9199,1.9298,157926
2014-05-26,1.9401,1.9802,1.9401,1.9599,431414
2014-05-27,1.9698,1.9698,1.95,1.9698,98286
2014-05-28,1.9599,2.0503,1.9599,2.04,1592667
2014-05-29,2.0503,2.08,2.0301,2.0598,1611616
2014-05-30,2.0701,2.0904,2.0701,2.0904,539722
2014-06-02,2.0998,2.13,2.0701,2.08,981856
2014-06-03,2.0701,2.0904,2.0503,2.08,452420
2014-06-04,2.08,2.0998,2.0503,2.0701,207853
2014-06-05,2.0904,2.1601,2.08,2.13,1632763
2014-06-06,2.1399,2.1502,2.1201,2.1399,403615
2014-06-09,2.1502,2.1799,2.1502,2.1799,720085
2014-06-10,2.1902,2.1997,2.1799,2.1799,806387
2014-06-11,2.1997,2.1997,2.0503,2.0598,363879
2014-06-12,2.0701,2.1502,2.0202,2.1399,454871
2014-06-13,2.0998,2.13,2.0598,2.0904,210056
2014-06-16,2.0503,2.2501,2.0301,2.1502,420699
2014-06-17,2.1502,2.1601,2.1201,2.13,894564
2014-06-18,2.1399,2.1399,2.1201,2.13,92539
2014-06-19,2.1502,2.17,2.1201,2.13,432384
2014-06-20,2.13,2.1399,2.0998,2.1399,153317
2014-06-23,2.1399,2.1902,2.13,2.1601,363019
2014-06-24,2.17,2.17,2.1502,2.1502,23032
2014-06-25,2.1502,2.1502,2.1201,2.1399,22325
2014-06-26,2.13,2.1399,2.1102,2.13,129900
2014-06-27,2.1601,2.1601,2.1102,2.1102,10134
2014-06-30,2.1201,2.1799,2.1201,2.1201,164123
2014-07-01,2.1399,2.1399,2.1201,2.1201,112524
2014-07-02,2.1102,2.1399,2.0998,2.1399,390868
2014-07-03,2.1399,2.1502,2.1102,2.1502,3929210
2014-07-04,2.1601,2.3,2.1601,2.1997,2843877
2014-07-07,2.1799,2.21,2.17,2.21,749597
2014-07-08,2.21,2.2501,2.1997,2.2199,735055
2014-07-09,2.2303,2.2303,2.1799,2.1799,352274
2014-07-10,2.1799,2.1997,2.17,2.1902,320558
2014-07-11,2.1997,2.2303,2.1902,2.2199,167944
2014-07-14,2.2199,2.2397,2.21,2.2199,138856
2014-07-15,2.2199,2.2397,2.2199,2.2199,89522
2014-07-16,2.2199,2.2397,2.1902,2.2199,306613
2014-07-17,2.2199,2.2303,2.1902,2.2199,130653
2014-07-18,2.21,2.2501,2.1997,2.2501,161702
2014-07-21,2.2501,2.3,2.2303,2.26,211684
2014-07-22,2.2699,2.2798,2.2501,2.2699,97487
2014-07-23,2.2798,2.2798,2.2397,2.26,127343
2014-07-24,2.26,2.2699,2.2397,2.2397,75309
2014-07-25,2.2501,2.2501,2.2303,2.2303,72792
2014-07-31,2.2303,2.2303,2.1399,2.1601,577266
2014-08-01,2.1601,2.1997,2.1502,2.1601,126458
2014-08-04,2.1799,2.1799,2.1601,2.1601,28633
2014-08-05,2.1601,2.1799,2.0904,2.13,127328
2014-08-06,2.1102,2.1102,2.0701,2.0904,57007
2014-08-07,2.0998,2.1201,2.08,2.0904,35249
2014-08-08,2.0701,2.0904,2.0598,2.0904,83659
2014-08-11,2.1102,2.1102,2,2.0503,243298
2014-08-12,2.0301,2.0301,2.0103,2.0202,91624
2014-08-13,2.0301,2.0301,2,2,38473
2014-08-14,2,2.0202,2,2.0202,64680
2014-08-15,2.0202,2.0301,2,2,33657
2014-08-18,2,2,1.9599,2,74783
2014-08-19,2.0103,2.0701,1.9802,2.0103,665170
2014-08-20,2.0103,2.0103,1.9599,1.9802,68941
2014-08-21,1.9896,1.9896,1.95,1.95,165664
2014-08-22,1.9802,1.9802,1.95,1.9698,330530
2014-08-25,1.9599,1.9896,1.9599,1.9599,25079
2014-08-26,1.9698,1.9802,1.95,1.9698,374255
2014-08-27,1.9698,1.9802,1.95,1.95,106342
2014-08-28,1.9599,1.9802,1.9401,1.9698,117608
2014-08-29,1.9698,1.9802,1.9698,1.9698,160332
2014-09-01,1.9698,1.9698,1.95,1.9599,26757
2014-09-02,1.9698,1.9698,1.9199,1.9401,59959
2014-09-03,1.95,1.9802,1.9199,1.95,114788
2014-09-04,1.9599,1.9896,1.9401,1.9802,390095
2014-09-05,1.9802,2.0301,1.95,1.9802,386143
2014-09-08,1.9802,2,1.9599,1.9698,65519
2014-09-09,1.9698,2.0301,1.9199,1.9298,1523393
2014-09-10,1.95,1.95,1.9001,1.9298,140297
2014-09-11,1.9298,1.9401,1.8803,1.9199,224405
2014-09-12,1.91,1.9298,1.8803,1.8898,84336
2014-09-15,1.8898,1.95,1.8803,1.8898,355013
2014-09-16,1.9001,1.95,1.9001,1.9199,88930
2014-09-17,1.95,2.1201,1.9199,1.95,611195
2014-09-18,1.9298,1.9599,1.9199,1.9599,376484
2014-09-19,1.9599,1.9802,1.9298,1.9298,202874
2014-09-22,1.95,1.95,1.9001,1.9401,42830
2014-09-23,1.95,1.95,1.91,1.91,111215
2014-09-24,1.9298,1.9298,1.8803,1.8803,100843
2014-09-25,1.8803,1.9001,1.87,1.8803,64776
2014-09-26,1.8898,1.8898,1.8601,1.87,85448
2014-09-29,1.8898,1.8898,1.8403,1.8497,44169
2014-09-30,1.87,1.87,1.8403,1.8601,66570
2014-10-01,1.87,1.87,1.8002,1.8097,107121
2014-10-02,1.8002,1.8299,1.8002,1.82,69876
2014-10-03,1.82,1.82,1.8002,1.82,4246
2014-10-08,1.8097,1.8097,1.7701,1.7701,50189
2014-10-09,1.7899,1.82,1.78,1.82,251112
2014-10-10,1.7899,1.82,1.78,1.8097,92862
2014-10-13,1.82,1.8299,1.8002,1.82,72302
2014-10-14,1.82,1.8497,1.8097,1.8097,101000
2014-10-15,1.82,1.8497,1.82,1.8403,134479
2014-10-16,1.8497,1.87,1.82,1.8299,93525
2014-10-17,1.8403,1.8403,1.82,1.82,134196
2014-10-20,1.8299,1.8403,1.82,1.8403,41213
2014-10-21,1.8403,1.8601,1.8403,1.8601,64670
2014-10-22,1.87,1.87,1.82,1.8497,115278
2014-10-23,1.8403,1.8803,1.82,1.87,135773
2014-10-24,1.8898,1.8898,1.8497,1.87,127479
2014-10-27,1.8898,1.8898,1.8497,1.8601,220054
2014-10-28,1.87,1.8803,1.8601,1.87,43993
2014-10-30,1.8497,1.8898,1.8497,1.87,303379
2014-10-31,1.95,2.0598,1.9401,1.9698,8163147
2014-11-03,1.9802,1.9802,1.9199,1.9199,1150109
2014-11-04,1.9401,1.9896,1.9298,1.9401,957641
2014-11-05,1.9401,1.9896,1.9298,1.9298,990479
2014-11-06,1.95,1.95,1.8898,1.9001,403413
2014-11-07,1.9199,1.9199,1.8803,1.8898,483589
2014-11-10,1.9199,1.95,1.9001,1.9199,483539
2014-11-11,1.91,1.9401,1.91,1.9298,116820
2014-11-12,1.9298,2.04,1.91,1.9698,784229
2014-11-13,1.9698,1.9802,1.9298,1.9401,590978
2014-11-14,1.9401,1.95,1.9199,1.9401,234246
2014-11-17,1.95,1.9698,1.9298,1.9298,303894
2014-11-18,1.95,1.95,1.9199,1.9298,196253
2014-11-19,1.9401,1.95,1.91,1.91,359370
2014-11-20,1.9199,2.0103,1.9001,2,983706
2014-11-21,2,2.04,1.9599,2,754332
2014-11-24,2.0202,2.0202,1.9698,1.9896,140818
2014-11-25,2,2,1.95,2,267983
2014-11-26,2,2,1.9599,1.9896,186134
2014-11-27,1.9896,2.0598,1.9698,2.0301,1481534
2014-11-28,2.04,2.0998,1.9802,1.9896,1255612
2014-12-01,1.9896,2.0503,1.9599,2.0301,911460
2014-12-02,2.0301,2.0301,1.9802,1.9896,310930
2014-12-03,1.9896,2.0103,1.9698,2.0103,326901
2014-12-04,2,2.0598,2,2.0202,1032460
2014-12-05,2.04,2.0701,1.9599,1.9599,1250022
2014-12-08,1.9802,1.9802,1.95,1.9698,203708
2014-12-09,1.9698,1.9896,1.9698,1.9698,274443
2014-12-10,1.9698,2.0301,1.9698,2.0103,528214
2014-12-11,1.9802,2.0503,1.9802,2.0103,292537
2014-12-12,2.0202,2.0202,1.9896,2,161126
2014-12-15,2.0202,2.0598,1.9802,2,125200
2014-12-16,2,2,1.9001,1.9001,290733
2014-12-17,1.91,1.9199,1.8898,1.8898,632211
2014-12-18,1.91,1.9401,1.9001,1.9298,452511
2014-12-19,1.9401,1.9401,1.8898,1.91,457004
2014-12-22,1.9199,1.95,1.91,1.9401,207666
2014-12-23,1.9401,1.9599,1.9199,1.9401,416413
2014-12-24,1.95,1.95,1.9298,1.95,213554
2014-12-25,1.9401,1.9802,1.9401,1.9599,617846
2014-12-26,1.9698,1.9802,1.9599,1.9599,198760
2014-12-29,1.9599,1.9599,1.91,1.9298,393123
2014-12-30,1.9298,1.9401,1.9199,1.9199,533703
2014-12-31,1.9298,1.95,1.9199,1.9298,353644
2015-01-02,1.9298,2.0301,1.9199,1.9802,1671272
2015-01-05,1.9802,2.0103,1.9698,1.9896,928523
2015-01-06,2,2,1.9401,1.9896,997853
2015-01-07,1.9698,2.1102,1.9599,2.0202,2730802
2015-01-08,2.0202,2.0598,2.0202,2.0202,1468660
2015-01-09,2.0202,2.0503,1.9896,1.9896,1199307
2015-01-12,2,2.0301,1.9698,1.9802,983878
2015-01-13,1.9896,2.0103,1.9698,1.9802,709698
2015-01-14,1.9698,1.9802,1.9401,1.9599,683729
2015-01-15,1.9802,2.0301,1.9599,1.9802,1075811
2015-01-16,2.0202,2.0701,1.9802,1.9802,2286869
2015-01-19,2.0301,2.1502,2,2.08,4900978
2015-01-20,2.0904,2.1601,2.0598,2.1102,2095316
2015-01-21,2.1201,2.1399,2.04,2.08,1665580
2015-01-22,2.1102,2.43,2.0904,2.2901,16231309
2015-01-23,2.3,2.5897,2.26,2.5897,17395636
2015-01-26,2.6504,2.6999,2.4403,2.5002,7397968
2015-01-27,2.5002,2.7597,2.4498,2.6198,19118739
2015-01-28,2.6504,2.6599,2.4898,2.5101,6713936
2015-01-29,2.5101,2.5699,2.4498,2.47,6937421
2015-01-30,2.5002,2.5101,2.4403,2.4498,2699162
2015-02-02,2.4403,2.5002,2.4201,2.4201,2913975
2015-02-03,2.4403,2.4799,2.3198,2.3301,4740625
2015-02-04,2.3396,2.4098,2.3,2.3499,5074921
2015-02-05,2.3603,2.4098,2.2699,2.3,5787424
2015-02-06,2.3198,2.3603,2.2798,2.3,3652947
2015-02-09,2.3099,2.3801,2.2199,2.3,3518109
2015-02-10,2.3099,2.3396,2.1997,2.2303,2658157
2015-02-11,2.2501,2.26,2.1997,2.1997,2111677
2015-02-12,2.21,2.5101,2.1902,2.4201,17622826
2015-02-13,2.4201,2.5402,2.3801,2.4898,7239991
2015-02-16,2.4898,2.56,2.4201,2.43,5104812
2015-02-17,2.4403,2.4799,2.3499,2.3702,3511695
2015-02-18,2.4003,2.4201,2.3499,2.4003,3401658
2015-02-19,2.4201,2.5699,2.39,2.5002,10588873
2015-02-20,2.56,2.7399,2.56,2.69,25846054
2015-02-23,2.69,2.69,2.4799,2.52,11715868
2015-02-24,2.5002,2.7399,2.5002,2.69,14500604
2015-02-25,2.7201,2.7903,2.69,2.6999,10002241
2015-02-26,2.6702,2.91,2.6702,2.7399,13479547
2015-02-27,2.7503,2.8798,2.7503,2.82,13030089
2015-03-02,2.8398,2.8996,2.78,2.7998,7858419
2015-03-03,2.7998,2.8299,2.6999,2.6999,5257083
2015-03-04,2.6999,2.7701,2.5802,2.6,4467486
2015-03-05,2.5497,2.6198,2.47,2.5897,5299589
2015-03-06,2.6,2.6401,2.52,2.56,4514567
2015-03-09,2.5897,2.6,2.5002,2.5002,2495348
2015-03-10,2.5002,2.5002,2.3499,2.4003,4809126
2015-03-11,2.4498,2.4601,2.3198,2.3499,5761526
2015-03-12,2.3801,2.4898,2.3603,2.4403,9894070
2015-03-13,2.4403,2.4898,2.3702,2.4003,4272052
2015-03-16,2.4201,2.4601,2.4003,2.4201,1924416
2015-03-17,2.4403,2.47,2.4098,2.4403,2398387
2015-03-18,2.4601,2.5299,2.43,2.4898,3901300
2015-03-19,2.5299,2.7102,2.5002,2.5897,10294718
2015-03-20,2.6,2.6297,2.5497,2.5802,3921699
2015-03-23,2.5699,2.5802,2.5299,2.5402,2602221
2015-03-24,2.5402,2.5699,2.4201,2.4403,3453677
2015-03-25,2.4601,2.5699,2.43,2.4498,5703083
2015-03-26,2.4098,2.43,2.3396,2.3801,2885221
2015-03-27,2.3801,2.39,2.1997,2.26,5089043
2015-03-30,2.2397,2.2699,2.17,2.2501,11092598
2015-03-31,2.2501,2.26,2.1902,2.2303,2867642
2015-04-01,2.2397,2.26,2.1902,2.1997,2944523
2015-04-02,2.21,2.2397,2.1997,2.21,2782123
2015-04-03,2.2199,2.2798,2.1997,2.2397,6155210
2015-04-06,2.26,2.2901,2.2397,2.2699,4545383
2015-04-07,2.2798,2.3,2.2397,2.2798,2387146
2015-04-08,2.2901,2.3198,2.2699,2.2901,2871180
2015-04-09,2.2901,2.3396,2.26,2.3099,3762418
2015-04-10,2.3198,2.3603,2.2699,2.3,2529874
2015-04-13,2.3,2.3396,2.3,2.3198,1532941
2015-04-14,2.3,2.3396,2.2901,2.3396,1871255
2015-04-15,2.3396,2.47,2.3301,2.3801,7946081
2015-04-16,2.4098,2.4601,2.3801,2.4403,6746940
2015-04-17,2.4403,2.47,2.3702,2.39,3069116
2015-04-20,2.4003,2.4498,2.39,2.4201,6586452
2015-04-21,2.4098,2.47,2.4098,2.4601,4637199
2015-04-22,2.47,2.52,2.4201,2.4498,3203869
2015-04-24,2.4498,2.47,2.4201,2.43,1638863
2015-04-27,2.4403,2.47,2.4201,2.4601,2234613
2015-04-28,2.4601,2.5299,2.4498,2.5101,4037750
2015-04-29,2.5299,2.6099,2.5101,2.6,4865062
2015-04-30,2.6198,2.7998,2.6099,2.73,6571440
2015-05-04,2.6504,2.6999,2.4799,2.6999,3302589
2015-05-05,2.73,2.8398,2.69,2.7503,3674842
2015-05-06,2.7597,2.82,2.6999,2.7102,1148031
2015-05-07,2.73,2.73,2.6504,2.6702,1701405
2015-05-08,2.6801,2.7998,2.6504,2.7998,2389683
2015-05-11,2.73,2.8398,2.73,2.7903,2728629
2015-05-12,2.7903,2.8101,2.7597,2.8101,728475
2015-05-13,2.82,2.8398,2.7701,2.7903,1190118
2015-05-14,2.7903,2.8299,2.7597,2.7903,2091000
2015-05-15,2.7903,2.9397,2.7903,2.8699,2459811
2015-05-18,2.8996,3.0004,2.86,2.9698,1908995
2015-05-20,2.9397,3.0004,2.8501,2.8501,1373508
2015-05-21,2.8798,2.8996,2.8101,2.8798,695551
2015-05-22,2.8996,2.9397,2.86,2.8798,995867
2015-05-25,2.8996,2.8996,2.78,2.7998,419188
2015-05-26,2.7998,2.7998,2.6297,2.7201,1087633
2015-05-27,2.69,2.7102,2.6401,2.69,440345
2015-05-28,2.6999,2.7399,2.6801,2.6801,561011
2015-05-29,2.6702,2.69,2.5497,2.5497,778866
2015-06-01,2.5002,2.5497,2.4498,2.52,968907
2015-06-02,2.4799,2.5497,2.4498,2.4799,733949
2015-06-03,2.5002,2.6,2.47,2.5699,2044283
2015-06-04,2.5497,2.6401,2.52,2.5699,2214411
2015-06-05,2.5699,2.6099,2.5497,2.5699,696592
2015-06-08,2.3099,2.39,2.1601,2.2901,1067324
2015-06-09,2.3,2.3801,2.2501,2.3198,770526
2015-06-10,2.3396,2.56,2.3396,2.4601,1819549
2015-06-11,2.4799,2.6297,2.4498,2.5299,956297
2015-06-12,2.5402,2.5402,2.47,2.47,932087
2015-06-15,2.4799,2.4898,2.3702,2.4403,1383036
2015-06-16,2.4498,2.4898,2.43,2.4403,288438
2015-06-17,2.4403,2.5299,2.4201,2.43,1632025
2015-06-18,2.4498,2.5101,2.43,2.5002,1253196
2015-06-19,2.4898,2.5497,2.4799,2.5299,605514
2015-06-22,2.52,2.5497,2.4898,2.5002,488957
2015-06-23,2.5002,2.52,2.47,2.5101,554754
2015-06-24,2.5101,2.52,2.4799,2.5002,414957
2015-06-25,2.5002,2.5002,2.4403,2.4403,1009973
2015-06-26,2.4498,2.4601,2.43,2.43,484565
2015-06-29,2.3702,2.4201,2.3301,2.4003,1157265
2015-06-30,2.4098,2.4098,2.3702,2.3702,397313
2015-07-01,2.39,2.4799,2.3801,2.4098,1027390
2015-07-02,2.4003,2.5299,2.4003,2.5299,952076
2015-07-03,2.5299,2.56,2.4799,2.4898,285820
2015-07-06,2.47,2.52,2.4498,2.4898,294893
2015-07-07,2.5002,2.5299,2.4898,2.5002,363828
2015-07-08,2.5299,2.5299,2.4601,2.4601,300589
2015-07-09,2.5002,2.52,2.4799,2.5101,239336
2015-07-10,2.5299,2.6801,2.52,2.6099,2310872
2015-07-13,2.6099,2.6504,2.5497,2.5699,1086915
2015-07-14,2.5897,2.6,2.5101,2.5299,404348
2015-07-15,2.5497,2.5497,2.4799,2.4898,2308082
2015-07-16,2.5002,2.5497,2.5002,2.5101,405900
2015-07-20,2.5002,2.5299,2.43,2.47,208596
2015-07-21,2.47,2.5897,2.47,2.5699,3471109
2015-07-22,2.56,2.69,2.5402,2.6702,2218707
2015-07-23,2.6702,2.73,2.4098,2.4799,2701679
2015-07-24,2.43,2.4898,2.43,2.47,169101
2015-07-27,2.47,2.7102,2.4498,2.6801,1331987
2015-07-28,2.6401,2.6702,2.5402,2.5802,5309612
2015-07-29,2.56,2.5897,2.5002,2.5002,1244336
2015-07-30,2.5002,2.5299,2.4799,2.5299,389635
2015-07-31,2.52,2.5402,2.5101,2.52,301878
2015-08-03,2.52,2.52,2.4003,2.4498,622704
2015-08-04,2.4601,2.4799,2.4201,2.4201,178452
2015-08-05,2.4098,2.4403,2.39,2.4098,247362
2015-08-06,2.6,2.6,2.47,2.5002,4291082
2015-08-07,2.5101,2.5101,2.4601,2.4601,491201
2015-08-10,2.4403,2.47,2.4003,2.4098,233266
2015-08-11,2.4403,2.5002,2.4098,2.4601,632479
2015-08-12,2.4403,2.47,2.3801,2.3801,512055
2015-08-13,2.3801,2.4003,2.3,2.3603,328539
2015-08-14,2.3396,2.4003,2.3099,2.4003,300270
2015-08-17,2.43,2.43,2.3603,2.3702,237385
2015-08-18,2.3396,2.4201,2.3301,2.3801,629795
2015-08-19,2.3702,2.47,2.3396,2.4003,758517
2015-08-20,2.4898,2.4898,2.3,2.3396,398612
2015-08-21,2.3396,2.3801,2.2901,2.2901,446066
2015-08-24,2.2699,2.2699,2.1201,2.1902,874149
2015-08-25,2.2199,2.2397,2.17,2.21,589881
2015-08-26,2.1902,2.2199,2.17,2.1902,259705
2015-08-27,2.21,2.2699,2.1799,2.26,729162
2015-08-28,2.2303,2.2798,2.2303,2.2397,410883
2015-08-31,2.2303,2.3099,2.2303,2.26,415468
2015-09-01,2.2699,2.2699,2.2199,2.2501,198285
2015-09-02,2.2501,2.4098,2.2303,2.3603,562401
2015-09-03,2.3396,2.4098,2.3099,2.3301,591099
2015-09-04,2.3301,2.3702,2.2699,2.3,423443
2015-09-07,2.26,2.43,2.26,2.3396,1345512
2015-09-08,2.39,2.39,2.2901,2.3099,156976
2015-09-09,2.3603,2.3702,2.3099,2.3603,318723
2015-09-10,2.3603,2.4003,2.3396,2.4003,218962
2015-09-11,2.43,2.43,2.3702,2.4003,110269
2015-09-14,2.4098,2.4898,2.3603,2.4898,6475576
2015-09-15,2.43,2.5002,2.43,2.4498,293482
2015-09-16,2.4403,2.4498,2.4098,2.4201,33515
2015-09-17,2.4201,2.4498,2.4098,2.4201,76957
2015-09-18,2.4403,2.4498,2.3801,2.3801,151517
2015-09-21,2.39,2.43,2.3499,2.4201,273755
2015-09-22,2.4003,2.4003,2.3198,2.3198,429797
2015-09-23,2.3198,2.3499,2.3,2.3099,177502
2015-09-28,2.3301,2.3396,2.26,2.26,174889
2015-09-29,2.2798,2.3499,2.2501,2.2901,273665
2015-09-30,2.3198,2.3198,2.2397,2.2501,193953
2015-10-01,2.2798,2.2798,2.2501,2.2501,164992
2015-10-02,2.2699,2.2798,2.2397,2.26,147818
2015-10-05,2.2699,2.3099,2.2699,2.2901,112842
2015-10-06,2.3,2.3099,2.2699,2.2699,1915869
2015-10-07,2.2901,2.3,2.2699,2.2798,793493
2015-10-08,2.2901,2.3198,2.2798,2.3099,2301375
2015-10-09,2.3198,2.3603,2.3,2.3396,3867522
2015-10-12,2.3198,2.3499,2.3099,2.3499,1255829
2015-10-13,2.3603,2.43,2.3396,2.3801,3239375
2015-10-14,2.4003,2.4098,2.3396,2.3396,553657
2015-10-15,2.3603,2.3801,2.3301,2.3301,1485294
2015-10-16,2.3396,2.3396,2.2901,2.2901,497059
2015-10-19,2.3,2.3301,2.3,2.3099,266396
2015-10-20,2.3,2.3499,2.3,2.3198,1119813
2015-10-21,2.3198,2.3301,2.2699,2.2798,965389
2015-10-22,2.2901,2.3,2.2699,2.2901,527329
2015-10-23,2.3,2.3198,2.2699,2.2699,863672
2015-10-26,2.2798,2.2798,2.2501,2.2798,403782
2015-10-27,2.2798,2.2798,2.1997,2.2199,173357
2015-10-28,2.2199,2.2397,2.1799,2.2397,185022
2015-10-30,2.1902,2.2199,2.1502,2.1997,215378
2015-11-02,2.2501,2.3499,2.2501,2.26,1748572
2015-11-03,2.26,2.26,2.2303,2.2303,608385
2015-11-04,2.2501,2.3198,2.2501,2.2699,1171529
2015-11-05,2.2699,2.2901,2.2397,2.2501,1185418
2015-11-06,2.2397,2.2501,2.1997,2.1997,761034
2015-11-09,2.21,2.2303,2.1997,2.21,520541
2015-11-10,2.2199,2.2199,2.1799,2.1997,444489
2015-11-11,2.1997,2.21,2.1502,2.1902,407452
2015-11-12,2.1997,2.21,2.1799,2.1902,226154
2015-11-13,2.1902,2.2199,2.1902,2.1997,285097
2015-11-16,2.1902,2.26,2.1799,2.1997,629421
2015-11-17,2.21,2.2303,2.1799,2.1902,569901
2015-11-18,2.1997,2.1997,2.1502,2.1601,801479
2015-11-19,2.17,2.1902,2.1601,2.17,302434
2015-11-20,2.17,2.1902,2.1601,2.17,308387
2015-11-23,2.1799,2.1799,2.13,2.1399,601991
2015-11-24,2.1502,2.1502,2.0202,2.0904,641298
2015-11-25,2.0701,2.0904,2.04,2.08,229040
2015-11-26,2.0701,2.17,2.0202,2.0598,1033663
2015-11-27,2.0598,2.0998,2.0503,2.0598,192958
2015-11-30,2.0701,2.0904,2.0103,2.0598,324804
2015-12-01,2.0701,2.1601,2.0598,2.13,842964
2015-12-02,2.1399,2.1502,2.1201,2.13,202945
2015-12-03,2.13,2.1902,2.13,2.13,486647
2015-12-04,2.1399,2.1997,2.0998,2.17,529487
2015-12-07,2.1799,2.1902,2.1399,2.17,251694
2015-12-08,2.1601,2.1799,2.0998,2.1601,245588
2015-12-09,2.1399,2.1399,2.1102,2.1399,118543
2015-12-10,2.1201,2.1502,2.0904,2.13,266447
2015-12-11,2.1102,2.1399,2.0301,2.0998,108485
2015-12-14,2.0998,2.1102,2.08,2.0904,72150
2015-12-15,2.0904,2.0998,2.0503,2.0904,78028
2015-12-16,2.0904,2.0998,1.9802,2.0998,205755
2015-12-17,2.08,2.1201,2.04,2.0503,1653945
2015-12-18,2.04,2.0503,1.9802,2.0103,657507
2015-12-21,2.0202,2.04,2.0103,2.0202,448305
2015-12-22,2.0202,2.0202,1.91,1.9401,3422846
2015-12-23,1.95,2.0202,1.9401,1.9599,7487111
2015-12-24,1.9698,1.9698,1.95,1.95,580910
2015-12-25,1.95,1.9599,1.9401,1.95,365546
2015-12-28,1.95,1.9599,1.9401,1.95,805750
2015-12-29,1.95,1.9599,1.9199,1.9298,1050468
2015-12-30,1.9298,1.9401,1.91,1.9199,631933
2015-12-31,1.9199,1.9199,1.74,1.8497,3212056
2016-01-04,1.8002,1.8097,1.7602,1.78,745144
2016-01-05,1.8002,1.8002,1.7301,1.7499,2217640
2016-01-06,1.7499,1.7602,1.69,1.7301,3148499
2016-01-07,1.7004,1.7202,1.6698,1.7004,1441756
2016-01-08,1.7098,1.7301,1.6801,1.6801,1130053
2016-01-11,1.6698,1.69,1.65,1.6698,1086657
2016-01-12,1.6698,1.7098,1.6302,1.6698,2031824
2016-01-13,1.69,1.7202,1.6397,1.65,1894929
2016-01-14,1.65,1.65,1.61,1.61,1011530
2016-01-15,1.6199,1.6397,1.5798,1.5798,1716897
2016-01-18,1.5996,1.5996,1.56,1.56,1174228
2016-01-19,1.5798,1.5902,1.56,1.56,925102
2016-01-20,1.56,1.5699,1.5101,1.56,1938032
2016-01-21,1.5501,1.5798,1.4903,1.4998,2055610
2016-01-22,1.52,1.52,1.48,1.4998,2481403
2016-01-25,1.5101,1.52,1.48,1.4998,1942712
2016-01-26,1.4998,1.5299,1.4903,1.5299,1841793
2016-01-27,1.5299,1.6397,1.5299,1.5996,6573427
2016-01-28,1.61,1.6199,1.56,1.5699,1599966
2016-01-29,1.5798,1.5902,1.5699,1.5699,1049463
2016-02-01,1.5699,1.5798,1.5501,1.56,657401
2016-02-02,1.5699,1.6397,1.5699,1.5996,2565775
2016-02-03,1.5996,1.7899,1.5996,1.65,13354383
2016-02-04,1.6698,1.6698,1.61,1.61,3800447
2016-02-05,1.6199,1.65,1.61,1.6302,2630934
2016-02-08,1.6397,1.6397,1.5699,1.5699,1281080
2016-02-09,1.56,1.5798,1.5101,1.5398,1481771
2016-02-10,1.5398,1.6199,1.5299,1.5299,5128208
2016-02-11,1.5299,1.5299,1.48,1.4998,2401242
2016-02-12,1.52,1.52,1.4903,1.4903,654642
2016-02-15,1.4998,1.4998,1.4201,1.4503,2400393
2016-02-16,1.4597,1.4597,1.4201,1.4201,1887075
2016-02-17,1.4201,1.4597,1.4102,1.43,1774505
2016-02-18,1.43,1.4399,1.4102,1.43,2056479
2016-02-19,1.43,1.5299,1.43,1.4701,9161440
2016-02-22,1.48,1.5501,1.4701,1.5299,5753661
2016-02-23,1.4998,1.5101,1.4701,1.4701,3932374
2016-02-24,1.48,1.4903,1.4503,1.4503,1227257
2016-02-25,1.4597,1.4701,1.4503,1.4597,853983
2016-02-26,1.4597,1.4701,1.4399,1.4399,1247939
2016-02-29,1.4399,1.4503,1.4201,1.4399,1137776
2016-03-01,1.4399,1.4597,1.43,1.4399,1768774
2016-03-02,1.4503,1.4701,1.43,1.4503,3425848
2016-03-03,1.4503,1.4597,1.4399,1.4503,2587816
2016-03-04,1.4503,1.4701,1.4399,1.4701,3690612
2016-03-07,1.4597,1.52,1.4597,1.4998,5299443
2016-03-08,1.4998,1.5501,1.4998,1.5101,4806781
2016-03-09,1.4998,1.5398,1.4903,1.5101,4845775
2016-03-10,1.5101,1.5501,1.5101,1.5398,5442676
2016-03-11,1.5501,1.5699,1.5101,1.5101,3119088
2016-03-14,1.5101,1.5299,1.4903,1.5299,3171541
2016-03-15,1.5299,1.5398,1.4903,1.4998,3159305
2016-03-16,1.5101,1.52,1.48,1.4998,4267099
2016-03-17,1.52,1.5299,1.4998,1.52,4617417
2016-03-18,1.52,1.5699,1.52,1.5398,10574716
2016-03-21,1.5398,1.5902,1.5299,1.5798,11557087
2016-03-22,1.5699,1.5699,1.4998,1.52,10526487
2016-03-23,1.5101,1.5299,1.4597,1.4701,6447797
2016-03-24,1.4701,1.4903,1.4597,1.48,6641048
2016-03-25,1.4903,1.4903,1.4701,1.4701,1330749
2016-03-28,1.48,1.4998,1.4597,1.4998,4302115
2016-03-29,1.4998,1.5101,1.4701,1.4701,3987182
2016-03-30,1.48,1.4998,1.4701,1.48,4120393
2016-03-31,1.4903,1.4998,1.4701,1.48,2007963
2016-04-01,1.4903,1.5699,1.4903,1.56,20985854
2016-04-04,1.5798,1.6199,1.5699,1.5798,9502660
2016-04-05,1.5798,1.5902,1.5501,1.5501,2737292
2016-04-06,1.5699,1.5996,1.5501,1.5699,7898843
2016-04-07,1.5798,1.61,1.5699,1.5798,5183891
2016-04-08,1.5798,1.6801,1.5699,1.6199,23135504
2016-04-11,1.6302,1.6698,1.6199,1.6302,15156383
2016-04-12,1.6397,1.6397,1.61,1.6199,5090771
2016-04-13,1.6302,1.6397,1.61,1.6199,11626690
2016-04-14,1.6302,1.69,1.6302,1.65,14452215
2016-04-15,1.6603,1.7098,1.6603,1.69,11301861
2016-04-18,1.7004,1.7301,1.6801,1.69,10499053
2016-04-19,1.7004,1.7098,1.6199,1.6397,11027383
2016-04-20,1.6397,1.6801,1.61,1.61,5979654
2016-04-21,1.6199,1.6397,1.5996,1.61,5805291
2016-04-22,1.5996,1.61,1.5699,1.5798,4472935
2016-04-25,1.5699,1.5798,1.5501,1.56,2164469
2016-04-26,1.56,1.5996,1.56,1.5902,2539745
2016-04-27,1.5996,1.6199,1.5902,1.61,3142949
2016-04-28,1.6199,1.6302,1.5902,1.5996,3232976
2016-04-29,1.61,1.61,1.5699,1.5699,2748624
2016-05-02,1.5699,1.5798,1.5398,1.5398,2367070
2016-05-03,1.5398,1.5501,1.4399,1.4597,7306597
2016-05-04,1.4597,1.4701,1.4399,1.4597,5369798
2016-05-05,1.3999,1.48,1.3801,1.4399,6432589
2016-05-06,1.4503,1.4597,1.43,1.4503,2019558
2016-05-09,1.4597,1.4903,1.4597,1.4701,2387672
2016-05-10,1.4701,1.48,1.4399,1.4503,2189513
2016-05-11,1.4597,1.4597,1.4399,1.4399,1963571
2016-05-12,1.4503,1.4701,1.4399,1.4503,1079399
2016-05-13,1.4503,1.48,1.43,1.4503,4020055
2016-05-16,1.4597,1.4701,1.43,1.43,1619652
2016-05-17,1.4503,1.4597,1.43,1.4399,1119055
2016-05-18,1.4399,1.4597,1.43,1.4503,1143912
2016-05-20,1.4503,1.48,1.4503,1.4503,2400363
2016-05-23,1.4597,1.4903,1.4399,1.4597,5310158
2016-05-24,1.4597,1.4903,1.4503,1.48,3647438
2016-05-25,1.4903,1.4998,1.4597,1.4701,2800496
2016-05-26,1.4597,1.4701,1.4399,1.4597,2096352
2016-05-27,1.4597,1.4701,1.4503,1.4597,949079
2016-05-30,1.4701,1.52,1.4597,1.48,9953018
2016-05-31,1.4998,1.5101,1.4597,1.4701,5633238
2016-06-01,1.48,1.48,1.4503,1.4597,1149699
2016-06-02,1.4597,1.4701,1.4399,1.4399,1255678
2016-06-03,1.4503,1.4701,1.4399,1.4597,1709952
2016-06-06,1.4701,1.48,1.4597,1.48,3197556
2016-06-07,1.4701,1.48,1.4597,1.4597,1204402
2016-06-08,1.4701,1.48,1.4503,1.4701,1563994
2016-06-09,1.4701,1.48,1.4597,1.4597,2066537
2016-06-10,1.4701,1.4701,1.4399,1.4399,1292978
2016-06-13,1.4399,1.4399,1.3801,1.3999,1854707
2016-06-14,1.4102,1.4399,1.39,1.4399,5464551
2016-06-15,1.4503,1.4597,1.4102,1.4201,4920366
2016-06-16,1.4102,1.4201,1.3801,1.39,1042134
2016-06-17,1.3999,1.4102,1.39,1.3999,953805
2016-06-20,1.4102,1.43,1.4102,1.4201,1615649
2016-06-21,1.43,1.4503,1.4201,1.43,1077069
2016-06-22,1.43,1.4399,1.4102,1.4102,578837
2016-06-23,1.4201,1.43,1.4102,1.4102,357995
2016-06-24,1.39,1.39,1.3504,1.3702,1404723
2016-06-27,1.3801,1.3801,1.3599,1.3702,1009185
2016-06-28,1.3801,1.4503,1.3801,1.4201,5640663
2016-06-29,1.4102,1.43,1.3702,1.3801,5260717
2016-06-30,1.39,1.39,1.3702,1.3702,1257083
2016-07-01,1.3801,1.3801,1.3599,1.3702,2350487
2016-07-04,1.3801,1.3801,1.3504,1.3702,492126
2016-07-08,1.3702,1.3702,1.3504,1.3599,722824
2016-07-11,1.3599,1.3801,1.3504,1.3702,1008498
2016-07-12,1.3702,1.39,1.3599,1.3801,3930771
2016-07-13,1.39,1.39,1.3702,1.3702,3216065
2016-07-14,1.3801,1.3999,1.3599,1.3999,2840445
2016-07-15,1.3999,1.4201,1.3801,1.39,2770200
2016-07-18,1.3504,1.3599,1.17,1.2299,3575879
2016-07-19,1.2001,1.2497,1.1898,1.21,3942831
2016-07-20,1.21,1.21,1.1799,1.1799,1722244
2016-07-21,1.1601,1.1601,1.0099,1.0499,9178822
2016-07-22,1.0701,1.08,1.0202,1.04,9907605
2016-07-25,1.04,1.08,1.04,1.0602,3242726
2016-07-26,1.1003,1.1003,1.0602,1.0701,1203123
2016-07-27,1.08,1.1097,1.0701,1.1003,2576166
2016-07-28,1.1097,1.1201,1.08,1.1003,2444371
2016-07-29,1.1003,1.1097,1.08,1.1097,1382065
2016-08-01,1.1097,1.13,1.1003,1.1201,1823663
2016-08-02,1.1201,1.13,1.1003,1.1097,1530757
2016-08-03,1.1003,1.1097,1.08,1.0899,1517950
2016-08-04,1.0899,1.1097,1.08,1.1003,1167910
2016-08-05,1.1097,1.1201,1.08,1.08,1618186
2016-08-08,1.08,1.1097,1.08,1.1003,2751065
2016-08-09,1.1003,1.1498,1.0899,1.1403,5946488
2016-08-10,1.1498,1.1498,1.0899,1.1003,2422865
2016-08-11,1.1097,1.1201,1.1003,1.1097,1585182
2016-08-12,1.1097,1.1201,1.08,1.08,2080886
2016-08-15,1.0899,1.1201,1.0899,1.1097,1569301
2016-08-16,1.1097,1.1097,1.08,1.0899,1061552
2016-08-17,1.0899,1.1003,1.08,1.0899,1466441
2016-08-18,1.0899,1.1003,1.0701,1.08,673540
2016-08-19,1.08,1.08,1.0499,1.08,2421667
2016-08-22,1.08,1.08,1.0499,1.0499,1645641
2016-08-23,1.0701,1.0701,1.0499,1.0499,1171625
2016-08-24,1.0499,1.0499,1.0202,1.0202,1783123
2016-08-25,1.04,1.0602,1.0301,1.0499,1536100
2016-08-26,1.0602,1.0701,1.0301,1.0701,1956576
2016-08-29,1.0602,1.0701,1.04,1.0499,1646263
2016-08-31,1.0602,1.17,1.04,1.13,11694928
2016-09-01,1.1403,1.1498,1.08,1.1003,6022838
2016-09-02,1.1003,1.1097,1.08,1.0899,2711945
2016-09-05,1.0899,1.1097,1.08,1.0899,2327136
2016-09-06,1.0899,1.17,1.08,1.0899,7434759
2016-09-07,1.1003,1.1003,1.0701,1.0701,1359816
2016-09-08,1.08,1.13,1.08,1.1003,3020772
2016-09-09,1.1201,1.1201,1.0899,1.0899,631048
2016-09-16,1.1003,1.1403,1.08,1.13,4308888
2016-09-19,1.13,1.1403,1.1097,1.1403,2304432
2016-09-20,1.1601,1.2497,1.1498,1.2299,15291899
2016-09-21,1.2299,1.2402,1.17,1.2001,5201556
2016-09-22,1.21,1.2299,1.2001,1.21,1740621
2016-09-23,1.21,1.2699,1.21,1.2402,5503873
2016-09-26,1.1898,1.2001,1.1601,1.1898,3551690
2016-09-27,1.2001,1.2897,1.1799,1.2497,5618838
2016-09-28,1.2699,1.3198,1.2699,1.2897,5367023
2016-09-29,1.3,1.3,1.2299,1.2402,2854743
2016-09-30,1.2402,1.2802,1.2199,1.2699,1367534
2016-10-03,1.2699,1.2802,1.2402,1.2497,1831311
2016-10-04,1.2699,1.2802,1.2299,1.2402,1327999
2016-10-05,1.2497,1.3,1.2299,1.2497,4365071
2016-10-06,1.2699,1.2699,1.2497,1.2497,556558
2016-10-07,1.26,1.2699,1.2402,1.2497,1010641
2016-10-10,1.26,1.26,1.21,1.2199,1320206
2016-10-11,1.2199,1.2199,1.1898,1.1898,1458744
2016-10-12,1.1898,1.2001,1.17,1.1898,1872200
2016-10-13,1.1898,1.1898,1.1601,1.17,1170503
2016-10-14,1.17,1.26,1.17,1.2199,2040543
2016-10-17,1.2001,1.2699,1.2001,1.2299,2919509
2016-10-18,1.2402,1.2497,1.21,1.21,1259059
2016-10-19,1.2199,1.26,1.21,1.2402,1690306
2016-10-20,1.2402,1.26,1.2299,1.2402,1087370
2016-10-21,1.2497,1.26,1.2299,1.2497,1080258
2016-10-24,1.2497,1.26,1.2402,1.26,898637
2016-10-25,1.26,1.2802,1.2497,1.2699,1206641
2016-10-26,1.26,1.26,1.2402,1.2497,1120657
2016-10-27,1.2497,1.2497,1.2299,1.2402,554481
2016-10-28,1.2402,1.2402,1.21,1.2199,484742
2016-10-31,1.2199,1.2497,1.2199,1.2497,1346988
2016-11-01,1.1799,1.3401,1.1502,1.1601,25607724
2016-11-02,1.1502,1.1799,1.13,1.17,5067907
2016-11-03,1.17,1.1799,1.1502,1.1601,4577748
2016-11-04,1.1502,1.1601,1.13,1.13,2627988
2016-11-07,1.1502,1.1601,1.13,1.1399,3476762
2016-11-08,1.1399,1.1399,1.1201,1.1399,4514098
2016-11-09,1.1201,1.1399,1.0899,1.13,6663297
2016-11-10,1.1399,1.1898,1.13,1.1799,7946398
2016-11-11,1.1799,1.2001,1.1601,1.17,9706952
2016-11-14,1.1799,1.2001,1.1601,1.1799,6993228
2016-11-15,1.1799,1.1898,1.1502,1.1601,4489281
2016-11-16,1.1601,1.1601,1.1102,1.1201,4258634
2016-11-17,1.1201,1.1399,1.0998,1.0998,1853156
2016-11-18,1.0998,1.0998,1.04,1.08,8455377
2016-11-21,1.08,1.1201,1,1.0099,51000587
2016-11-22,1.0099,1.0202,1,1.0099,11304502
2016-11-23,1.0202,1.0202,0.9901,0.9901,11737572
2016-11-24,0.9901,1,0.9298,0.9599,22232627
2016-11-25,0.9401,0.9599,0.9298,0.9599,8985221
2016-11-28,0.9698,1,0.95,0.9802,16908995
2016-11-29,0.9901,1,0.9698,0.9802,9718327
2016-11-30,0.9901,1.0099,0.9802,0.9901,7117458
2016-12-01,0.9901,0.9901,0.9298,0.95,11016030
2016-12-02,0.95,0.9599,0.91,0.95,10630834
2016-12-05,0.95,0.9599,0.9298,0.9401,7310468
2016-12-06,0.95,0.9698,0.9401,0.9599,7647643
2016-12-07,0.9599,0.9901,0.9599,0.9802,7476484
2016-12-08,0.9802,0.9901,0.9698,0.9802,5309269
2016-12-09,0.9698,1,0.9698,0.9901,3624265
2016-12-12,0.9802,0.9901,0.9698,0.9901,4090040
2016-12-13,0.9901,1.0099,0.9802,1,10618391
2016-12-14,0.9901,1,0.9698,0.9802,5520561
2016-12-15,0.9698,0.9901,0.9599,0.9802,13719688
2016-12-16,0.9901,1.0598,0.9802,1.04,41331728
2016-12-19,1.04,1.0499,1.0202,1.0301,12735010
2016-12-20,1.0202,1.04,1.0099,1.0301,6528835
2016-12-21,1.0202,1.0598,1.0202,1.0202,15697741
2016-12-22,1.0301,1.0301,1,1.0099,12627722
2016-12-23,1.0202,1.0499,1.0099,1.0301,23326900
2016-12-26,1.0301,1.08,1.0202,1.0301,37944819
2016-12-27,1.04,1.04,1.0099,1.0202,11070526
2016-12-28,1.0301,1.0598,1.0202,1.04,19394338
2016-12-29,1.0499,1.0598,1.0301,1.04,14231227
2016-12-30,1.0499,1.0598,1.04,1.0499,7553700
2017-01-02,1.04,1.0499,1.0301,1.04,5439914
2017-01-03,1.0499,1.13,1.0499,1.0899,69728832
2017-01-04,1.0998,1.1502,1.0899,1.0998,35487272
2017-01-05,1.0998,1.13,1.0899,1.0998,28425052
2017-01-06,1.1102,1.13,1.0998,1.1201,15274236
2017-01-09,1.1201,1.1502,1.1102,1.1201,17893336
2017-01-10,1.1201,1.1399,1.1102,1.1201,11954225
2017-01-11,1.1102,1.13,1.0998,1.1102,13930851
2017-01-12,1.1201,1.17,1.1201,1.1399,33873370
2017-01-13,1.1399,1.1502,1.13,1.1399,8385035
2017-01-16,1.1502,1.1601,1.13,1.1399,8775942
2017-01-17,1.1502,1.1601,1.13,1.1399,19692826
2017-01-18,1.1502,1.1601,1.13,1.1399,15242779
2017-01-19,1.1502,1.1502,1.1201,1.13,9397315
2017-01-20,1.13,1.1399,1.1201,1.13,8414922
2017-01-23,1.1399,1.1399,1.1201,1.13,7308608
2017-01-24,1.13,1.1601,1.13,1.13,17989360
2017-01-25,1.1399,1.1502,1.1201,1.13,7903581
2017-01-26,1.13,1.13,1.1102,1.13,4013633
2017-01-27,1.13,1.13,1.0998,1.1102,7377397
2017-01-30,1.0998,1.13,1.0998,1.1201,8838261
2017-01-31,1.13,1.1601,1.1201,1.1399,15344790
2017-02-01,1.1399,1.2001,1.1399,1.1898,21075451
2017-02-02,1.1898,1.26,1.1799,1.26,34940367
2017-02-03,1.26,1.3,1.2299,1.2798,48922342
2017-02-06,1.2901,1.3,1.21,1.21,25476974
2017-02-07,1.21,1.21,1.1799,1.1898,14427456
2017-02-08,1.2001,1.2501,1.1898,1.2402,26528742
2017-02-09,1.2501,1.26,1.2199,1.2299,12126747
2017-02-10,1.2402,1.2501,1.21,1.2199,9480252
2017-02-13,1.2501,1.26,1.2199,1.2501,8766068
2017-02-14,1.2699,1.2699,1.2299,1.2402,9953486
2017-02-15,1.2501,1.2501,1.2199,1.2199,5320192
2017-02-16,1.2299,1.2402,1.21,1.21,3612458
2017-02-17,1.2199,1.2402,1.2001,1.2402,6208169
2017-02-20,1.2501,1.2699,1.2402,1.2402,6822451
2017-02-21,1.2402,1.2798,1.2402,1.26,9018474
2017-02-22,1.26,1.2798,1.2501,1.2798,10147676
2017-02-23,1.2901,1.3,1.2699,1.2798,16602158
2017-02-24,1.2798,1.2798,1.2501,1.26,7710736
2017-02-27,1.26,1.26,1.2199,1.2199,5805451
2017-02-28,1.2299,1.2402,1.21,1.2199,7012054
2017-03-01,1.2299,1.2402,1.21,1.2299,7652966
2017-03-02,1.2402,1.2699,1.2299,1.26,10915539
2017-03-03,1.2501,1.26,1.2299,1.2402,4319950
2017-03-06,1.2501,1.2798,1.2402,1.2501,12938220
2017-03-07,1.26,1.26,1.2299,1.2501,3433000
2017-03-08,1.2501,1.2501,1.2299,1.2299,2908042
2017-03-09,1.2299,1.2501,1.2001,1.2299,9956153
2017-03-10,1.2299,1.2501,1.2299,1.2402,4705017
2017-03-13,1.2402,1.2501,1.1799,1.21,12448251
2017-03-14,1.21,1.21,1.1799,1.1799,7338563
2017-03-15,1.1898,1.2001,1.1799,1.1799,6223955
2017-03-16,1.1898,1.2001,1.1601,1.17,11037794
2017-03-17,1.1799,1.21,1.17,1.2001,7601874
2017-03-20,1.1799,1.1898,1.17,1.1799,5274050
2017-03-21,1.1799,1.21,1.17,1.1898,10094345
2017-03-22,1.1898,1.21,1.17,1.1898,9171996
2017-03-23,1.2001,1.2199,1.1799,1.2199,10354736
2017-03-24,1.2299,1.2299,1.2001,1.21,6453409
2017-03-27,1.21,1.2299,1.1799,1.1898,8900553
2017-03-28,1.2001,1.21,1.1898,1.1898,2737463
2017-03-29,1.1898,1.2001,1.1799,1.1898,2408075
2017-03-30,1.1898,1.21,1.1799,1.1799,4155892
2017-03-31,1.1898,1.2001,1.1799,1.1799,2646320
2017-04-03,1.1799,1.1898,1.17,1.1799,4722295
2017-04-04,1.1799,1.1799,1.1601,1.17,2823075
2017-04-05,1.1799,1.1898,1.17,1.17,3938793
2017-04-06,1.17,1.1799,1.17,1.1799,3244393
2017-04-07,1.17,1.1898,1.1601,1.1799,8729026
2017-04-10,1.1898,1.1898,1.1799,1.1799,4634215
2017-04-11,1.1799,1.1898,1.17,1.1799,4248001
2017-04-12,1.1898,1.2199,1.1898,1.2001,12307268
2017-04-13,1.21,1.2299,1.2001,1.2199,13276620
2017-04-14,1.2199,1.2199,1.1898,1.1898,5164128
2017-04-17,1.2001,1.21,1.1898,1.2001,4352392
2017-04-18,1.2001,1.2299,1.2001,1.21,4416434
2017-04-19,1.2199,1.2699,1.2199,1.2402,17155350
2017-04-20,1.2402,1.2798,1.2402,1.2501,8185371
2017-04-21,1.26,1.2699,1.2402,1.2402,4481959
2017-04-24,1.2501,1.2699,1.2402,1.2699,6740196
2017-04-25,1.2699,1.3099,1.2402,1.26,26604135
2017-04-26,1.26,1.2798,1.2501,1.2699,6383556
2017-04-27,1.2699,1.3401,1.26,1.3301,26931709
2017-04-28,1.3301,1.3401,1.3,1.3099,13093313
2017-05-02,1.2699,1.3,1.2299,1.2699,34658705
2017-05-03,1.2699,1.2901,1.26,1.2901,8954137
2017-05-04,1.2798,1.3198,1.2798,1.2901,11361830
2017-05-05,1.2798,1.2901,1.2699,1.2798,4333475
2017-05-08,1.2798,1.3,1.2699,1.2699,5031251
2017-05-09,1.2699,1.2901,1.26,1.2699,8903754
2017-05-10,1.2798,1.3301,1.26,1.3099,30101873
2017-05-11,1.3198,1.3198,1.2798,1.2901,6064787
2017-05-12,1.2901,1.2901,1.2699,1.2699,3595548
2017-05-15,1.2798,1.2798,1.2501,1.2699,5534008
2017-05-16,1.2699,1.2901,1.2699,1.2798,5218749
2017-05-17,1.2798,1.3,1.2699,1.2699,5546059
2017-05-18,1.2699,1.2798,1.2402,1.26,7135164
2017-05-22,1.2699,1.2798,1.2501,1.2699,7703649
2017-05-23,1.2699,1.2901,1.26,1.2798,7306429
2017-05-24,1.2798,1.3,1.26,1.2901,17398246
2017-05-25,1.2901,1.3702,1.2798,1.3599,51265975
2017-05-26,1.3599,1.3801,1.3301,1.3401,17443481
2017-05-29,1.3401,1.3999,1.3301,1.39,21244736
2017-05-30,1.39,1.39,1.3599,1.39,10710142
2017-05-31,1.3999,1.4602,1.39,1.4498,35881831
2017-06-01,1.4498,1.4701,1.4201,1.4602,12959993
2017-06-02,1.4602,1.4701,1.43,1.43,9329589
2017-06-05,1.4399,1.4399,1.35,1.39,12466713
2017-06-06,1.39,1.4098,1.3599,1.3999,10265527
2017-06-07,1.4098,1.4498,1.3801,1.43,14862792
2017-06-08,1.43,1.4899,1.3999,1.48,22775297
2017-06-09,1.48,1.5101,1.4602,1.5002,13478827
2017-06-12,1.5002,1.5501,1.48,1.5398,20565150
2017-06-13,1.5398,1.5501,1.5002,1.52,8960667
2017-06-14,1.5299,1.5699,1.52,1.5501,11186342
2017-06-15,1.5501,1.5501,1.52,1.5299,4441329
2017-06-16,1.5299,1.5398,1.5101,1.52,2480392
2017-06-19,1.5299,1.56,1.52,1.5398,5374338
2017-06-20,1.5398,1.5501,1.5299,1.5299,4015724
2017-06-21,1.5299,1.5798,1.52,1.56,6713105
2017-06-22,1.5699,1.6401,1.5699,1.61,23373263
2017-06-23,1.61,1.6302,1.6001,1.61,3568282
2017-06-28,1.61,1.6199,1.5902,1.6199,3019493
2017-06-29,1.6199,1.6302,1.5902,1.6001,4342206
2017-06-30,1.6001,1.61,1.56,1.5902,4173101
2017-07-03,1.6001,1.61,1.56,1.5798,2833648
2017-07-04,1.5798,1.61,1.56,1.5902,7403310
2017-07-05,1.6001,1.61,1.5501,1.56,4789639
2017-07-06,1.56,1.56,1.52,1.5398,3402446
2017-07-07,1.5398,1.5501,1.5101,1.5299,2872924
2017-07-10,1.5299,1.5798,1.5299,1.56,3904863
2017-07-11,1.56,1.5798,1.5398,1.5501,11614208
2017-07-12,1.5501,1.5501,1.4399,1.4602,18181703
2017-07-13,1.4602,1.4602,1.3999,1.4098,17819541
2017-07-14,1.4098,1.43,1.3999,1.4098,8357410
2017-07-17,1.4201,1.4399,1.3999,1.4098,8870395
2017-07-18,1.4098,1.4201,1.3999,1.4098,4749488
2017-07-19,1.4098,1.4602,1.3999,1.4498,23317717
2017-07-20,1.4602,1.4701,1.4201,1.4201,8335780
2017-07-21,1.43,1.4498,1.4098,1.4399,6371601
2017-07-24,1.4399,1.4602,1.43,1.4399,5006586
2017-07-25,1.4399,1.4701,1.4399,1.4498,7662922
2017-07-26,1.4602,1.4701,1.3999,1.4098,14003150
2017-07-27,1.4201,1.4602,1.4098,1.4498,15617011
2017-07-28,1.4602,1.4701,1.4201,1.4399,10496391
2017-07-31,1.4399,1.4701,1.43,1.4602,8706268
2017-08-01,1.43,1.4399,1.3999,1.4201,13417387
2017-08-02,1.4399,1.4399,1.3999,1.3999,13005085
2017-08-03,1.4098,1.4201,1.35,1.3599,14007980
2017-08-04,1.3599,1.3702,1.3401,1.35,6131869
2017-08-07,1.3599,1.39,1.35,1.3702,6503369
2017-08-08,1.3801,1.3999,1.3702,1.39,11728873
2017-08-09,1.3801,1.3801,1.3599,1.3599,4137536
2017-08-10,1.3599,1.3801,1.35,1.35,4091969
2017-08-11,1.35,1.35,1.2901,1.3198,8398570
2017-08-14,1.3198,1.35,1.3198,1.35,7628412
2017-08-15,1.3401,1.35,1.2798,1.2901,12580328
2017-08-16,1.2901,1.3099,1.2402,1.2699,7770473
2017-08-17,1.2798,1.2798,1.2501,1.26,4727384
2017-08-18,1.2501,1.3,1.2402,1.2901,11206807
2017-08-21,1.3,1.3198,1.2798,1.3,7747033
2017-08-22,1.3099,1.3198,1.2798,1.2798,4483203
2017-08-23,1.2901,1.3301,1.2699,1.2901,9213483
2017-08-24,1.3,1.3198,1.2901,1.2901,4626755
2017-08-25,1.2901,1.3099,1.2901,1.3,2484141
2017-08-28,1.3,1.35,1.3,1.3401,12245635
2017-08-29,1.3401,1.43,1.3301,1.43,40954862
2017-08-31,1.4201,1.4399,1.4098,1.4201,7573101
2017-09-05,1.4201,1.52,1.4201,1.4399,95850757
2017-09-06,1.4498,1.4701,1.4098,1.43,23800913
2017-09-07,1.4399,1.5101,1.4201,1.4602,35359898
2017-09-08,1.4701,1.5002,1.4399,1.4701,40555216
2017-09-11,1.48,1.5299,1.4701,1.5299,37223070
2017-09-12,1.5299,1.5902,1.5101,1.5798,77199044
2017-09-13,1.5699,1.6199,1.56,1.56,52025434
2017-09-14,1.5699,1.5798,1.52,1.5501,15730736
2017-09-15,1.5501,1.5798,1.5501,1.56,12549304
2017-09-18,1.56,1.5699,1.4899,1.5002,26425332
2017-09-19,1.5101,1.5501,1.4701,1.5101,21418815
2017-09-20,1.5299,1.5902,1.5299,1.5699,24237381
2017-09-21,1.56,1.5902,1.5101,1.52,24295575
2017-09-22,1.5299,1.5501,1.5002,1.5101,11764148
2017-09-25,1.5002,1.5101,1.4498,1.48,17103281
2017-09-26,1.5002,1.61,1.4899,1.5501,59878097
2017-09-27,1.56,1.65,1.5101,1.52,99779714
2017-09-28,1.5101,1.5699,1.5101,1.5501,33895690
2017-09-29,1.56,1.61,1.5299,1.5398,43517353
2017-10-02,1.5501,1.5902,1.5398,1.5798,19677772
2017-10-03,1.5798,1.6698,1.56,1.5902,93447674
2017-10-04,1.6001,1.6401,1.5902,1.6001,30715699
2017-10-05,1.61,1.6199,1.56,1.56,18361229
2017-10-06,1.5501,1.61,1.5299,1.5902,35009179
2017-10-09,1.5101,1.56,1.5002,1.5002,17394838
2017-10-10,1.5299,1.56,1.5101,1.5398,18878304
2017-10-11,1.5501,1.6199,1.5398,1.5501,48249549
2017-10-12,1.5699,1.5902,1.5398,1.56,11883611
2017-10-13,1.5699,1.5798,1.5398,1.5398,12488563
2017-10-16,1.5501,1.5699,1.52,1.5398,12112384
2017-10-17,1.5501,1.5902,1.5398,1.5699,31880004
2017-10-18,1.5798,1.6001,1.5699,1.5902,40154878
2017-10-19,1.6001,1.65,1.5902,1.65,58022321
2017-10-20,1.65,1.6698,1.61,1.6401,25817598
2017-10-23,1.65,1.7301,1.6199,1.6999,66515081
2017-10-24,1.7098,1.7301,1.6698,1.6698,37642606
2017-10-25,1.6801,1.7098,1.6801,1.69,16185431
2017-10-26,1.6999,1.7301,1.6401,1.65,26939864
2017-10-27,1.6302,1.6801,1.6199,1.65,13758766
2017-10-30,1.6698,1.7098,1.6698,1.6999,15887850
2017-10-31,1.6999,1.7098,1.6599,1.6599,20132743
2017-11-01,1.6698,1.6801,1.6001,1.6001,29184516
2017-11-02,1.61,1.65,1.6001,1.6302,17002749
2017-11-03,1.6401,1.65,1.5798,1.5902,12136579
2017-11-06,1.6001,1.6599,1.5902,1.65,17292179
2017-11-07,1.6698,1.6801,1.6401,1.6599,12201049
2017-11-08,1.6599,1.6801,1.6001,1.6302,17088420
2017-11-09,1.6302,1.69,1.5902,1.6698,45226722
2017-11-10,1.7202,1.7499,1.65,1.65,102158160
2017-11-13,1.6698,1.7098,1.6302,1.6698,50960201
2017-11-14,1.6698,1.6999,1.6401,1.69,27893909
2017-11-15,1.69,1.6999,1.61,1.6302,29494674
2017-11-16,1.6401,1.65,1.6001,1.6302,19355494
2017-11-17,1.6302,1.6401,1.4602,1.5002,26067245
2017-11-20,1.5002,1.5101,1.43,1.43,23258704
2017-11-21,1.4098,1.48,1.39,1.4701,24636659
2017-11-22,1.4701,1.5002,1.4201,1.48,24070518
2017-11-23,1.4899,1.5002,1.4399,1.4701,34688804
2017-11-24,1.4602,1.4701,1.4498,1.4602,7223719
2017-11-27,1.4701,1.4899,1.4498,1.48,12571725
2017-11-28,1.4701,1.5002,1.3801,1.3801,16376498
2017-11-29,1.3801,1.3999,1.3301,1.3401,15787419
2017-11-30,1.35,1.3801,1.3401,1.3702,8424335
2017-12-01,1.3801,1.39,1.35,1.3702,7099185
2017-12-04,1.3702,1.3999,1.3599,1.39,10422001
2017-12-05,1.3999,1.4399,1.3801,1.4201,30123922
2017-12-06,1.43,1.43,1.39,1.3999,15922241
2017-12-07,1.3999,1.4098,1.3801,1.3999,9382625
2017-12-08,1.4098,1.4201,1.3702,1.4098,27589803
2017-12-11,1.4201,1.4701,1.4098,1.4498,57542247
2017-12-12,1.4602,1.4701,1.43,1.4399,11846232
2017-12-13,1.4498,1.4602,1.3999,1.4098,14425043
2017-12-14,1.4201,1.4602,1.4098,1.4602,11047367
2017-12-15,1.4602,1.4701,1.4399,1.4498,8834826
2017-12-18,1.4498,1.4701,1.4399,1.4498,12048070
2017-12-19,1.4498,1.6801,1.4498,1.5798,167446879
2017-12-20,1.5798,1.5902,1.5101,1.5101,70347056
2017-12-21,1.52,1.5299,1.48,1.4899,28618896
2017-12-22,1.5002,1.52,1.4701,1.4701,18489037
2017-12-25,1.5002,1.5699,1.4899,1.56,45402809
2017-12-26,1.5699,1.5699,1.52,1.5501,20188312
2017-12-27,1.5501,1.65,1.5501,1.6302,88332046
2017-12-28,1.6401,1.6401,1.5902,1.6401,30400960
2017-12-29,1.65,1.6999,1.6302,1.65,31476747
2018-01-02,1.6401,1.7301,1.6401,1.69,49147205
2018-01-03,1.6999,1.6999,1.6302,1.6599,27679771
2018-01-04,1.65,1.7602,1.65,1.7301,79498882
2018-01-05,1.7499,1.7701,1.7098,1.7301,30976348
2018-01-08,1.74,1.78,1.7301,1.7602,39936771
2018-01-09,1.7602,1.78,1.7202,1.7499,33002091
2018-01-10,1.7499,1.7998,1.74,1.7899,49172395
2018-01-11,1.7998,1.8398,1.7701,1.8398,43653173
2018-01-12,1.8502,1.8502,1.7899,1.82,28645628
2018-01-15,1.8101,1.82,1.7301,1.7499,25414318
2018-01-16,1.7301,1.8101,1.6999,1.7998,28772045
2018-01-17,1.7998,1.8502,1.7899,1.8299,13541740
2018-01-18,1.8398,1.8601,1.8299,1.8398,11111796
2018-01-19,1.8398,1.8601,1.78,1.7998,10699693
2018-01-22,1.7998,1.8299,1.78,1.8299,8406661
2018-01-23,1.8398,1.9599,1.82,1.8902,52178045
2018-01-24,1.9001,1.9401,1.9001,1.91,13020480
2018-01-25,1.9199,1.9298,1.8902,1.91,8300478
2018-01-26,1.91,1.9901,1.91,1.9802,14547067
2018-01-29,1.9901,2.0301,1.9802,2.0099,11721289
2018-01-30,2,2.2501,1.9901,2.2001,41352589
2018-01-31,2.2199,2.2501,2.0899,2.1399,24040862
2018-02-01,2.1502,2.2001,2.0499,2.0598,25107656
2018-02-02,2.0701,2.17,1.9901,2.0499,34033763
2018-02-05,2.0301,2.1102,1.9901,2.0899,14422211
2018-02-06,2,2.08,2,2.0301,17888446
2018-02-07,2.0499,2.08,2.0499,2.0598,8708386
2018-02-08,2.0598,2.0899,2,2.04,12314075
2018-02-09,2.0099,2.0499,1.9901,2.0202,12491515
2018-02-12,2.04,2.13,2.0301,2.08,13319815
2018-02-13,2.0998,2.13,2.0598,2.0701,9074282
2018-02-14,2.04,2.04,1.9001,1.9001,21920559
2018-02-15,1.9298,1.9599,1.8299,1.87,22351814
2018-02-16,1.8799,1.8902,1.7998,1.82,11396644
2018-02-19,1.8299,1.87,1.82,1.82,7008020
2018-02-20,1.82,1.87,1.7602,1.7899,11120555
2018-02-21,1.8101,1.8502,1.7998,1.82,12751588
2018-02-22,1.82,1.87,1.8101,1.8601,10451902
2018-02-23,1.87,1.8799,1.82,1.82,16548376
2018-02-26,1.8299,1.8398,1.7998,1.8101,8278521
2018-02-27,1.82,1.82,1.7701,1.7701,7551347
2018-02-28,1.7701,1.82,1.7701,1.82,7450617
2018-03-01,1.82,1.8601,1.82,1.8299,12687275
2018-03-02,1.8299,1.8398,1.78,1.7899,5902115
2018-03-05,1.7998,1.8101,1.7499,1.7602,14182524
2018-03-06,1.7701,1.8101,1.7202,1.7301,17351675
2018-03-07,1.7202,1.7499,1.7098,1.74,6425485
2018-03-08,1.74,1.7701,1.7301,1.74,3621723
2018-03-09,1.74,1.78,1.7301,1.7602,10506715
2018-03-12,1.7701,1.7899,1.7499,1.7602,8461566
2018-03-13,1.7701,1.78,1.74,1.7701,9441786
2018-03-14,1.7701,1.8502,1.7701,1.8101,29853441
2018-03-15,1.82,1.82,1.7602,1.7701,11101785
2018-03-16,1.78,1.8502,1.7701,1.8299,29587852
2018-03-19,1.8398,1.87,1.7998,1.8299,35609844
2018-03-20,1.8398,1.95,1.8299,1.9298,37008407
2018-03-21,1.9401,1.9698,1.8799,1.8799,29533153
2018-03-22,1.9001,1.9001,1.7998,1.7998,17993039
2018-03-23,1.7602,1.82,1.7499,1.7998,18620869
2018-03-26,1.7998,1.87,1.7899,1.8299,16615798
2018-03-27,1.8601,1.9001,1.8299,1.8398,21022055
2018-03-28,1.8398,1.8799,1.7998,1.8101,13202489
2018-03-29,1.82,1.8398,1.8101,1.82,7028107
2018-03-30,1.82,1.8398,1.8101,1.82,4247730
2018-04-02,1.8299,1.87,1.82,1.8601,6513288
2018-04-03,1.87,1.8902,1.8502,1.8502,8666973
2018-04-04,1.8502,1.8799,1.7899,1.8799,17195045
2018-04-05,1.8799,1.8799,1.8398,1.8502,7856678
2018-04-06,1.8502,1.8502,1.8299,1.8299,7198727
2018-04-09,1.8398,1.8799,1.7602,1.7998,13752752
2018-04-10,1.8101,1.8101,1.7098,1.7602,10698961
2018-04-11,1.7499,1.7701,1.5798,1.7098,10084361
2018-04-12,1.7098,1.7301,1.65,1.7202,5062956
2018-04-13,1.7301,1.74,1.7098,1.7301,2788155
2018-04-16,1.7202,1.7701,1.7202,1.7602,2934793
2018-04-17,1.78,1.7899,1.69,1.6999,6822824
2018-04-18,1.6999,1.7602,1.6599,1.7602,5172721
2018-04-19,1.7602,1.78,1.74,1.7602,7453491
2018-04-20,1.7499,1.7701,1.7301,1.7499,3049780
2018-04-24,1.7499,1.7499,1.7202,1.7301,2676069
2018-04-25,1.7301,1.74,1.65,1.6801,6109299
2018-04-26,1.69,1.74,1.65,1.7301,9576409
2018-04-27,1.7499,1.7499,1.6999,1.6999,3805473
2018-04-30,1.6999,1.6999,1.5902,1.5902,5231560
2018-05-02,1.6001,1.61,1.5101,1.5501,5853030
2018-05-03,1.5699,1.5798,1.4899,1.4899,3552031
2018-05-04,1.5002,1.5501,1.48,1.5299,6662206
2018-05-07,1.5299,1.6001,1.5101,1.5398,5106114
2018-05-08,1.5501,1.5501,1.4498,1.4602,3049619
2018-05-09,1.43,1.5002,1.4201,1.4899,6405678
2018-05-10,1.4899,1.5101,1.4098,1.4701,8968072
2018-05-11,1.4701,1.5002,1.4602,1.48,3585813
2018-05-14,1.4701,1.5398,1.4701,1.5101,10508585
2018-05-15,1.48,1.5002,1.4701,1.5002,3357248
2018-05-16,1.5002,1.5299,1.4701,1.48,4452883
2018-05-17,1.4899,1.52,1.48,1.5002,4041637
2018-05-18,1.5101,1.52,1.4899,1.4899,2295224
2018-05-21,1.48,1.52,1.4602,1.4602,5953139
2018-05-22,1.4701,1.5002,1.4498,1.4602,5476211
2018-05-23,1.4498,1.4602,1.4098,1.43,4939712
2018-05-24,1.4498,1.4602,1.39,1.39,4623011
2018-05-25,1.4098,1.4201,1.39,1.4201,2154642
2018-05-28,1.43,1.4899,1.4201,1.4701,5314694
2018-05-29,1.4701,1.4899,1.4498,1.4701,2283330
2018-05-30,1.4701,1.5398,1.4701,1.52,4920325
2018-05-31,1.52,1.56,1.48,1.5101,4437931
2018-06-01,1.5101,1.52,1.4701,1.5101,3819642
2018-06-04,1.5101,1.5398,1.5101,1.5101,1958961
2018-06-05,1.52,1.5299,1.48,1.48,1479155
2018-06-06,1.5002,1.5002,1.4399,1.4602,2029192
2018-06-07,1.4602,1.4899,1.4399,1.4602,2770357
2018-06-08,1.4602,1.4701,1.4201,1.4399,1646506
2018-06-11,1.4498,1.4498,1.4201,1.4498,2683943
2018-06-12,1.4498,1.48,1.4399,1.4602,6101913
2018-06-13,1.4498,1.5101,1.4399,1.4399,4756653
2018-06-14,1.4399,1.4498,1.4201,1.4399,654557
2018-06-18,1.4399,1.4498,1.4201,1.43,1040679
2018-06-19,1.4399,1.4602,1.43,1.4602,3001621
2018-06-20,1.4602,1.4899,1.4399,1.4602,4971648
2018-06-21,1.4498,1.5002,1.4498,1.48,7753830
2018-06-22,1.48,1.4899,1.4602,1.4602,1996948
2018-06-25,1.5002,1.5101,1.4399,1.4602,7399566
2018-06-26,1.4602,1.48,1.4399,1.4701,5806469
2018-06-27,1.4701,1.5798,1.4602,1.5699,20078924
2018-06-28,1.5699,1.6001,1.5299,1.56,13755630
2018-06-29,1.61,1.7602,1.61,1.6401,35474199
2018-07-02,1.65,1.6698,1.6199,1.6401,3599895
2018-07-03,1.6401,1.65,1.6001,1.6401,2819377
2018-07-04,1.65,1.7499,1.6302,1.7202,14092892
2018-07-05,1.7301,1.7899,1.7202,1.7602,6439631
2018-07-06,1.7701,1.8299,1.7499,1.82,8504176
2018-07-09,1.8299,1.8502,1.7602,1.7701,4302912
2018-07-10,1.7602,1.7998,1.7301,1.78,2305613
2018-07-11,1.78,1.78,1.6698,1.6698,3682399
2018-07-12,1.6801,1.7202,1.6001,1.65,3172844
2018-07-13,1.65,1.8101,1.65,1.7499,8385920
2018-07-16,1.7499,1.78,1.7301,1.7301,2176654
2018-07-17,1.7499,1.7998,1.74,1.78,2306207
2018-07-18,1.78,1.8398,1.7202,1.74,4268567
2018-07-19,1.7499,1.78,1.7301,1.7499,2939282
2018-07-20,1.74,1.8101,1.74,1.7602,6181299
2018-07-23,1.7701,1.7998,1.7602,1.7602,2693351
2018-07-24,1.7602,1.7602,1.6698,1.6698,3498341
2018-07-25,1.6801,1.7301,1.6698,1.6999,1785955
2018-07-26,1.7098,1.7602,1.69,1.7098,4715443
2018-07-27,1.7098,1.74,1.69,1.7202,2969201
2018-07-30,1.7202,1.7301,1.69,1.6999,2684514
2018-07-31,1.6999,1.7602,1.6999,1.6999,5057987
2018-08-01,1.7098,1.7301,1.6801,1.6801,4099899
2018-08-02,1.6199,1.6401,1.5902,1.6199,2826459
2018-08-03,1.7098,1.8101,1.61,1.61,37539914
2018-08-06,1.6001,1.6599,1.5501,1.6401,17987371
2018-08-07,1.6199,1.6401,1.5902,1.6199,6869376
2018-08-08,1.6302,1.65,1.6001,1.6302,6341931
2018-08-09,1.6199,1.65,1.5798,1.5798,5559432
2018-08-10,1.5501,1.6001,1.3198,1.52,9252022
2018-08-13,1.5002,1.5101,1.3999,1.4602,17097722
2018-08-14,1.5299,1.61,1.5299,1.5902,56946726
2018-08-15,1.61,1.6302,1.43,1.43,38541726
2018-08-16,1.4602,1.4899,1.3999,1.3999,19997521
2018-08-17,1.3999,1.4098,1.3,1.3801,15123390
2018-08-20,1.3801,1.3999,1.3702,1.3801,1865549
2018-08-27,1.39,1.3999,1.3599,1.3801,7280397
2018-08-28,1.39,1.4701,1.3702,1.4399,20962936
2018-08-29,1.43,1.4701,1.4201,1.4399,7264832
2018-08-31,1.4399,1.4498,1.4098,1.4201,8535403
2018-09-03,1.4201,1.4602,1.4098,1.4498,6946146
2018-09-04,1.4602,1.48,1.4399,1.4498,5774828
2018-09-05,1.4602,1.4899,1.4498,1.48,6441570
2018-09-06,1.48,1.5101,1.4701,1.48,8792709
2018-09-07,1.4899,1.4899,1.4701,1.48,3398559
2018-09-10,1.48,1.48,1.4098,1.4098,2502262
2018-09-11,1.4201,1.4498,1.4201,1.4399,3799942
2018-09-12,1.4602,1.4602,1.3999,1.4098,5620615
2018-09-13,1.4201,1.4498,1.39,1.4498,4278127
2018-09-14,1.4602,1.4899,1.43,1.4498,10107957
2018-09-17,1.4498,1.4701,1.43,1.4399,6697498
2018-09-18,1.4399,1.4602,1.43,1.4498,4160667
2018-09-19,1.4498,1.48,1.4399,1.4701,12685875
2018-09-20,1.4602,1.48,1.4399,1.4602,8715363
2018-09-21,1.4701,1.5398,1.4602,1.5101,48211005
2018-09-24,1.52,1.5299,1.4899,1.4899,15836477
2018-09-25,1.5002,1.5101,1.48,1.48,7509778
2018-09-26,1.4899,1.4899,1.4498,1.4701,6217287
2018-09-27,1.4602,1.5798,1.4498,1.5699,73707891
2018-09-28,1.5699,1.6401,1.52,1.52,75493354
2018-10-01,1.5299,1.5501,1.4899,1.4899,21935139
2018-10-02,1.5002,1.5501,1.48,1.5002,24580533
2018-10-03,1.5002,1.52,1.4701,1.48,7179575
2018-10-04,1.48,1.48,1.3999,1.4098,13022096
2018-10-05,1.3999,1.4201,1.3702,1.4201,11582521
2018-10-08,1.4098,1.4399,1.3999,1.43,7710303
2018-10-09,1.43,1.52,1.4201,1.4899,49746871
2018-10-10,1.5002,1.5101,1.4201,1.43,21891119
2018-10-11,1.4098,1.4399,1.3999,1.4201,10917414
2018-10-12,1.43,1.4498,1.39,1.4498,9576952
2018-10-15,1.4498,1.5101,1.4498,1.4899,17003660
2018-10-16,1.48,1.52,1.4602,1.4701,13865455
2018-10-17,1.4899,1.5002,1.4602,1.48,10144618
2018-10-18,1.4899,1.5002,1.4399,1.4399,16398846
2018-10-19,1.4498,1.4498,1.43,1.4498,6900474
2018-10-22,1.4498,1.4701,1.4098,1.4201,13444464
2018-10-23,1.4201,1.43,1.3599,1.39,12428675
2018-10-24,1.3999,1.4399,1.39,1.43,12616191
2018-10-25,1.43,1.4701,1.4098,1.4399,9536870
2018-10-26,1.4399,1.4602,1.4098,1.4201,7629011
2018-10-30,1.4498,1.4602,1.3702,1.39,11642934
2018-10-31,1.3999,1.4098,1.3702,1.3801,9094305
2018-11-01,1.39,1.4098,1.3702,1.3999,6213792
2018-11-02,1.4098,1.4399,1.39,1.43,13190815
2018-11-05,1.43,1.4399,1.3999,1.4399,7976635
2018-11-06,1.4399,1.4602,1.3999,1.4098,10958688
2018-11-07,1.4098,1.4399,1.3999,1.4399,3627194
2018-11-08,1.4399,1.4399,1.3999,1.4098,5742639
2018-11-09,1.4098,1.4201,1.3801,1.39,5400117
2018-11-12,1.3999,1.4098,1.3599,1.3702,4140446
2018-11-13,1.3702,1.4602,1.35,1.4498,100213824
2018-11-14,1.4701,1.74,1.4602,1.74,287679559
2018-11-15,1.82,2.0099,1.5501,1.5798,291288006
2018-11-16,1.6001,1.6199,1.5101,1.5299,106611214
2018-11-19,1.5299,1.6801,1.5299,1.6001,102716707
2018-11-20,1.61,1.7098,1.4899,1.5002,80154416
2018-11-21,1.5101,1.7301,1.48,1.7202,266057590
2018-11-22,1.6801,1.6801,1.5699,1.5798,48368911
2018-11-23,1.5798,1.5798,1.52,1.5299,29963363
2018-11-26,1.5501,1.5798,1.52,1.5798,21376365
2018-11-27,1.5798,1.5798,1.5299,1.5501,15255310
2018-11-28,1.5501,1.5902,1.5398,1.56,21250105
2018-11-29,1.5699,1.6401,1.5501,1.6302,40031888
2018-11-30,1.65,1.6599,1.5798,1.5798,26742507
2018-12-03,1.6001,1.6302,1.5699,1.5699,20167368
2018-12-04,1.5699,1.6302,1.5699,1.5902,35369458
2018-12-05,1.5798,1.6599,1.5699,1.6401,52602305
2018-12-06,1.6401,1.6599,1.5798,1.61,24869425
2018-12-07,1.6302,1.6599,1.6001,1.6401,50562466
2018-12-10,1.6401,1.6801,1.6302,1.6302,43391788
2018-12-11,1.6401,1.6599,1.6199,1.6302,31781300
2018-12-12,1.6401,1.7098,1.5299,1.5501,99471546
2018-12-13,1.5501,1.5699,1.52,1.5299,23216545
2018-12-14,1.5299,1.5299,1.4701,1.48,16570724
2018-12-17,1.4899,1.52,1.48,1.5002,12911369
2018-12-18,1.4899,1.5398,1.4899,1.5299,14126652
2018-12-19,1.5398,1.56,1.52,1.5398,17611707
2018-12-20,1.5299,1.5398,1.5101,1.5299,10795192
2018-12-21,1.5299,1.5398,1.48,1.5101,15743460
2018-12-24,1.5101,1.5299,1.5002,1.5002,7798024
2018-12-25,1.48,1.4899,1.4602,1.4701,7316924
2018-12-26,1.48,1.5101,1.4701,1.48,13701065
2018-12-27,1.5002,1.52,1.48,1.4899,11092160
2018-12-28,1.5002,1.5002,1.4602,1.48,5824396
2018-12-31,1.48,1.5101,1.4701,1.5002,7297528
2019-01-02,1.5101,1.6302,1.5002,1.5798,49130259
2019-01-03,1.5699,1.61,1.5101,1.5101,35157562
2019-01-04,1.52,1.5299,1.5101,1.5101,12123818
2019-01-07,1.5299,1.5398,1.52,1.5299,9970120
2019-01-08,1.5299,1.5398,1.4899,1.5002,9099039
2019-01-09,1.5101,1.5501,1.5002,1.5299,18101267
2019-01-10,1.5299,1.5398,1.5101,1.52,7355045
2019-01-11,1.5299,1.5902,1.52,1.5501,19447433
2019-01-14,1.5501,1.6199,1.5398,1.5902,29465349
2019-01-15,1.6001,1.6001,1.5501,1.5501,15973766
2019-01-16,1.56,1.5699,1.5501,1.56,11396727
2019-01-17,1.5699,1.6001,1.5699,1.5798,10517689
2019-01-18,1.5798,1.6199,1.5699,1.61,16410934
2019-01-21,1.6199,1.6698,1.5902,1.6001,24273503
2019-01-22,1.61,1.6302,1.5902,1.6199,14000511
2019-01-23,1.6302,1.6999,1.6199,1.6698,50214004
2019-01-24,1.6801,1.6801,1.6302,1.6599,16762210
2019-01-25,1.6698,1.6801,1.6401,1.65,17152052
2019-01-28,1.6599,1.7202,1.6599,1.6599,38069307
2019-01-29,1.6801,1.69,1.6599,1.6801,18603688
2019-01-30,1.69,1.6999,1.6698,1.6698,12103966
2019-01-31,1.69,1.7301,1.6401,1.6599,36174655
2019-02-01,1.6599,1.6698,1.6199,1.6199,17699976
2019-02-04,1.6302,1.6401,1.61,1.6302,12841510
2019-02-05,1.6401,1.6698,1.6199,1.6401,23018257
2019-02-06,1.6401,1.65,1.5902,1.61,14948786
2019-02-07,1.61,1.6302,1.6001,1.6199,5150907
2019-02-08,1.6199,1.7301,1.6199,1.6801,49029133
2019-02-11,1.69,1.78,1.69,1.7098,49479365
2019-02-12,1.7202,1.7301,1.69,1.69,15898870
2019-02-13,1.6999,1.7701,1.69,1.7301,25030356
2019-02-14,1.7301,1.74,1.5699,1.5902,38015055
2019-02-15,1.5902,1.6001,1.5398,1.56,10577223
2019-02-18,1.5798,1.5902,1.52,1.52,16396272
2019-02-19,1.52,1.52,1.4899,1.5101,15735194
2019-02-20,1.52,1.56,1.52,1.5398,15462558
2019-02-21,1.5398,1.56,1.5299,1.56,16382416
2019-02-22,1.56,1.61,1.5501,1.6001,19513953
2019-02-25,1.61,1.6199,1.5699,1.5699,13468226
2019-02-26,1.5699,1.6001,1.56,1.5798,8783061
2019-02-27,1.5902,1.6199,1.5699,1.5798,14561826
2019-02-28,1.5798,1.6302,1.5699,1.6199,16959894
2019-03-01,1.6199,1.6401,1.5902,1.5902,19265167
2019-03-04,1.6001,1.61,1.5699,1.5798,12287734
2019-03-05,1.5798,1.6001,1.56,1.5699,12612604
2019-03-06,1.5798,1.5902,1.5699,1.5902,10530813
2019-03-07,1.5902,1.6001,1.5501,1.5501,9246763
2019-03-08,1.5501,1.5699,1.52,1.5299,16050394
2019-03-11,1.5398,1.5501,1.52,1.52,9094425
2019-03-12,1.5299,1.5398,1.5002,1.52,13808293
2019-03-13,1.5299,1.5699,1.5101,1.5699,32245694
2019-03-14,1.5699,1.6401,1.5699,1.6401,18840381
2019-03-15,1.6401,1.65,1.6001,1.6199,8672932
2019-03-18,1.6302,1.6302,1.5398,1.6001,62424120
2019-03-19,1.65,1.7301,1.61,1.61,143716156
2019-03-20,1.61,1.6199,1.5798,1.5798,23438756
2019-03-21,1.5902,1.61,1.5798,1.5902,18356375
2019-03-22,1.6001,1.6001,1.5101,1.5101,15199345
2019-03-25,1.52,1.5299,1.4201,1.4701,19120901
2019-03-26,1.48,1.4899,1.4399,1.4602,7396177
2019-03-27,1.4602,1.4701,1.3599,1.3702,15357955
2019-03-28,1.3599,1.3999,1.3301,1.3702,10330292
2019-03-29,1.3702,1.4899,1.3702,1.4498,8850953
2019-04-01,1.5101,1.5101,1.43,1.4602,24627131
2019-04-02,1.4602,1.48,1.43,1.43,16001866
2019-04-03,1.4399,1.5699,1.43,1.5398,58277577
2019-04-04,1.5501,1.6302,1.5299,1.6001,44567592
2019-04-05,1.61,1.7202,1.5299,1.56,147587043
2019-04-08,1.5699,1.5902,1.5002,1.52,41811746
2019-04-09,1.5398,1.5501,1.5101,1.52,22084456
2019-04-10,1.5299,1.5398,1.5002,1.5101,23892129
2019-04-11,1.52,1.5501,1.5101,1.5299,16987557
2019-04-12,1.5299,1.5398,1.5002,1.5101,14739428
2019-04-15,1.5101,1.52,1.4899,1.5002,8124354
2019-04-16,1.5101,1.5299,1.5002,1.5101,8841080
2019-04-17,1.5299,1.5299,1.5101,1.52,8882143
2019-04-18,1.5101,1.5398,1.5002,1.5398,19053073
2019-04-19,1.5398,1.5501,1.52,1.5299,6656477
2019-04-22,1.5299,1.5299,1.5002,1.5101,7131775
2019-04-24,1.52,1.52,1.5002,1.5002,5456239
2019-04-25,1.5002,1.5101,1.4602,1.4701,11506640
2019-04-26,1.4701,1.4701,1.4602,1.4701,5960014
2019-04-29,1.48,1.48,1.4602,1.4701,10762353
2019-04-30,1.43,1.4399,1.4098,1.4201,7712463
2019-05-02,1.4201,1.43,1.3999,1.4098,6545832
2019-05-03,1.4098,1.4098,1.39,1.3999,7431718
2019-05-06,1.3801,1.39,1.35,1.35,5410727
2019-05-07,1.3198,1.3702,1.3099,1.35,5870575
2019-05-08,1.3599,1.3702,1.3301,1.3401,5903165
2019-05-09,1.2699,1.2699,1.13,1.1502,73871691
2019-05-10,1.1601,1.17,1.1201,1.1399,13692311
2019-05-13,1.1399,1.1399,1.0301,1.04,25787900
2019-05-14,1.04,1.0499,1.0202,1.0301,10535658
2019-05-15,1.0301,1.04,1,1.0202,14255970
2019-05-16,1.0301,1.0598,1.0202,1.0301,8800182
2019-05-17,1.0301,1.0499,1.0202,1.0301,8034810
2019-05-20,1.0301,1.04,1,1.0099,12925244
2019-05-21,1.0202,1.0202,1,1,7385060
2019-05-22,1,1.0202,0.95,0.95,26057805
2019-05-23,0.95,0.9802,0.9401,0.95,15697055
2019-05-24,0.9599,0.9802,0.95,0.95,18490073
2019-05-27,0.9599,0.9698,0.95,0.95,7388855
2019-05-28,0.9599,0.9698,0.95,0.9599,6376694
2019-05-29,0.9698,0.9901,0.95,0.9599,28775549
2019-05-30,0.9698,1.0099,0.9599,0.9901,31628289
2019-05-31,0.9901,1.0099,0.9802,0.9901,14889754
2019-06-03,0.9901,0.9901,0.9698,0.9698,4092352
2019-06-07,0.9802,0.9901,0.9599,0.9802,7597886
2019-06-10,0.9802,1,0.9802,1,13114791
2019-06-11,1,1.0099,0.9802,1,22420899
2019-06-12,1,1.0499,0.9901,1.0301,43851369
2019-06-13,1.0202,1.0202,0.9802,1,18259762
2019-06-14,1.0099,1.0202,0.9901,1,12281747
2019-06-17,1,1.0202,0.9901,1,8451629
2019-06-18,1,1.0301,0.9901,1.0099,19637340
2019-06-19,1.0202,1.0899,1,1.0701,83981500
2019-06-20,1.0701,1.0998,1.0301,1.04,29080862
2019-06-21,1.04,1.0499,1.0099,1.0202,10755050
2019-06-24,1.04,1.0499,1.0202,1.04,10318140
2019-06-25,1.04,1.0499,1.0202,1.0301,13660292
2019-06-26,1.0301,1.0598,1.0202,1.04,23304390
2019-06-27,1.04,1.04,1.0301,1.0301,3050517
2019-06-28,1.04,1.04,1.0301,1.0301,5397815
2019-07-01,1.04,1.0598,1.0301,1.0499,19731107
2019-07-02,1.0499,1.08,1.04,1.08,19309007
2019-07-03,1.08,1.0899,1.0598,1.0598,10154979
2019-07-04,1.0701,1.1201,1.0598,1.0998,43912860
2019-07-05,1.1102,1.3198,1.1102,1.2299,194033814
2019-07-08,1.2001,1.2901,1.1898,1.2299,61690909
2019-07-09,1.2402,1.2501,1.17,1.1799,30650193
2019-07-10,1.17,1.21,1.1502,1.1898,16379694
2019-07-11,1.1898,1.2001,1.1601,1.17,6298985
2019-07-12,1.1601,1.1799,1.1201,1.13,9896771
2019-07-16,1.1399,1.17,1.1201,1.1502,11965433
2019-07-17,1.09,1.11,1.07,1.08,38673610
2019-07-18,1.09,1.1,1.06,1.08,30644727
2019-07-19,1.08,1.09,1.07,1.09,10639941
2019-07-22,1.09,1.09,1.07,1.08,15510089
2019-07-23,1.08,1.12,1.08,1.08,55295059
2019-07-24,1.08,1.09,1.06,1.07,31880660
2019-07-25,1.08,1.09,1.06,1.07,43566194
2019-07-26,1.07,1.09,1.06,1.08,59395924
2019-07-29,1.09,1.15,1.08,1.14,114698391
2019-07-30,1.15,1.16,1.09,1.11,98665523
2019-07-31,1.12,1.13,1.09,1.11,51889187
2019-08-01,1.11,1.12,1.09,1.1,38396659
2019-08-02,1.12,1.24,1.11,1.19,497489814
2019-08-05,1.19,1.25,1.18,1.21,318507956
2019-08-06,1.22,1.24,1.21,1.21,92947515
2019-08-07,1.22,1.22,1.18,1.2,59992985
2019-08-08,1.21,1.24,1.2,1.22,106862294
2019-08-09,1.22,1.23,1.21,1.21,34645469
2019-08-15,1.2,1.25,1.17,1.2,96195706
2019-08-16,1.21,1.23,1.18,1.2,52823908
2019-08-19,1.2,1.21,1.18,1.19,25830467
2019-08-20,1.19,1.22,1.18,1.22,68093597
2019-08-21,1.23,1.29,1.22,1.23,155350395
2019-08-22,1.24,1.26,1.23,1.25,56214713
2019-08-23,1.26,1.29,1.25,1.28,56359308
2019-08-26,1.27,1.34,1.26,1.33,77052345
2019-08-27,1.33,1.34,1.29,1.3,34343004
2019-08-28,1.31,1.37,1.27,1.35,64562114
2019-08-29,1.36,1.39,1.35,1.39,36879811
2019-09-02,1.4,1.45,1.39,1.44,46582750
2019-09-03,1.44,1.46,1.42,1.42,25923914
2019-09-04,1.42,1.43,1.38,1.4,41319166
2019-09-05,1.4,1.5,1.4,1.49,78526358
2019-09-06,1.49,1.52,1.43,1.44,56147775
2019-09-09,1.46,1.54,1.45,1.49,53801116
2019-09-10,1.49,1.52,1.48,1.5,57443875
2019-09-11,1.5,1.52,1.49,1.49,17485034
2019-09-12,1.5,1.5,1.45,1.48,23757509
2019-09-13,1.49,1.55,1.48,1.54,42883810
2019-09-16,1.54,1.58,1.53,1.55,47870456
2019-09-17,1.56,1.57,1.5,1.52,31008164
2019-09-18,1.54,1.61,1.53,1.6,63649734
2019-09-19,1.6,1.62,1.55,1.55,54819261
2019-09-20,1.56,1.56,1.48,1.52,35523377
2019-09-23,1.52,1.56,1.52,1.53,15594706
2019-09-24,1.54,1.56,1.51,1.52,21065875
2019-09-25,1.52,1.54,1.51,1.53,12500468
2019-09-26,1.54,1.58,1.49,1.51,37668349
2019-09-27,1.53,1.65,1.52,1.64,141707750
2019-09-30,1.66,1.73,1.64,1.71,156928956
2019-10-01,1.72,1.78,1.7,1.77,136229078
2019-10-02,1.78,1.8,1.71,1.75,107393368
2019-10-03,1.75,1.81,1.75,1.8,116559520
2019-10-04,1.81,1.84,1.79,1.79,83503791
2019-10-07,1.79,1.87,1.75,1.77,129372302
2019-10-08,1.75,1.79,1.73,1.74,79331124
2019-10-09,1.75,1.77,1.68,1.7,59303933
2019-10-10,1.71,1.75,1.68,1.74,50800530
2019-10-11,1.76,1.78,1.72,1.74,52460462
2019-10-14,1.72,1.73,1.59,1.59,84830149
2019-10-15,1.63,1.68,1.63,1.67,78582715
2019-10-16,1.64,1.66,1.62,1.63,48769103
2019-10-17,1.64,1.64,1.6,1.63,32292546
2019-10-18,1.7,1.71,1.67,1.68,38658342
2019-10-21,1.69,1.74,1.67,1.74,45021869
2019-10-22,1.75,1.76,1.71,1.73,31050070
2019-10-23,1.75,1.77,1.73,1.76,29888488
2019-10-24,1.77,1.78,1.74,1.75,22826378
2019-10-25,1.76,1.8,1.75,1.77,29793948
2019-10-28,1.76,1.77,1.76,1.76,4770175
2019-10-30,1.75,1.85,1.74,1.85,73470760
2019-10-31,1.82,1.82,1.7,1.73,68044050
2019-11-01,1.73,1.74,1.64,1.66,49726510
2019-11-04,1.68,1.75,1.67,1.74,70562635
2019-11-05,1.75,1.76,1.73,1.73,32559316
2019-11-06,1.73,1.77,1.73,1.74,31790464
2019-11-07,1.75,1.78,1.73,1.76,35706498
2019-11-08,1.77,1.89,1.77,1.87,292511013
2019-11-11,1.87,1.9,1.83,1.84,104028825
2019-11-12,1.85,1.88,1.84,1.85,73972682
2019-11-13,1.86,1.88,1.85,1.86,37070819
2019-11-14,1.86,1.89,1.85,1.88,65022156
2019-11-15,1.89,1.91,1.88,1.89,85277755
2019-11-18,1.91,1.98,1.9,1.96,131145543
2019-11-19,1.98,2,1.96,1.96,91672805
2019-11-20,1.97,1.99,1.9,1.92,82524904
2019-11-21,1.93,1.97,1.85,1.91,207251631
2019-11-22,1.93,1.93,1.87,1.91,63413364
2019-11-25,1.92,1.95,1.86,1.86,73900966
2019-11-26,1.87,1.92,1.85,1.9,78959156
2019-11-27,1.91,1.92,1.89,1.9,38349751
2019-11-28,1.91,1.93,1.9,1.92,47605975
2019-11-29,1.93,1.95,1.91,1.92,43839929
2019-12-02,1.94,1.95,1.91,1.92,48451890
2019-12-03,1.91,1.94,1.9,1.91,59337466
2019-12-04,1.93,1.93,1.91,1.91,22534881
2019-12-05,1.92,1.94,1.91,1.93,68336984
2019-12-06,1.93,1.94,1.92,1.92,27522969
2019-12-09,1.93,1.93,1.88,1.89,59228170
2019-12-10,1.9,1.92,1.87,1.88,55489115
2019-12-11,1.89,1.92,1.86,1.89,39332809
2019-12-12,1.9,1.95,1.9,1.93,65270838
2019-12-13,1.95,2.05,1.94,2.03,231362761
2019-12-16,2.05,2.43,2.05,2.43,549557215
2019-12-17,2.54,2.86,2.5,2.58,977945961
2019-12-18,2.63,2.77,2.46,2.52,454986599
2019-12-19,2.5,2.5,2.29,2.29,253363353
2019-12-20,2.25,2.39,2.16,2.16,329240022
2019-12-23,2.18,2.26,2.09,2.12,198979825
2019-12-24,2.15,2.38,2.13,2.22,552433588
2019-12-25,2.23,2.33,2.21,2.26,220909204
2019-12-26,2.28,2.33,2.25,2.27,168996436
2019-12-27,2.29,2.29,2.22,2.24,127808757
2019-12-30,2.26,2.29,2.24,2.25,68813212
2019-12-31,2.27,2.27,2.18,2.18,72494154
2020-01-02,2.18,2.19,2.11,2.13,97743673
2020-01-03,2.12,2.12,1.99,2.06,120772522
2020-01-06,2.03,2.04,1.97,1.97,57011770
2020-01-07,2,2.09,1.99,2.05,127022849
2020-01-08,2.02,2.16,2,2.09,357195634
2020-01-09,2.14,2.17,2.12,2.16,213199992
2020-01-10,2.18,2.18,2.12,2.13,103559863
2020-01-13,2.15,2.2,2.13,2.16,244836279
2020-01-14,2.16,2.25,2.15,2.21,308387862
2020-01-15,2.22,2.65,2.22,2.65,2609905384
2020-01-16,2.67,2.69,2.5,2.51,1408654063
2020-01-17,2.54,2.55,2.38,2.43,517723179
2020-01-20,2.44,2.56,2.4,2.48,518366256
2020-01-21,2.48,2.61,2.47,2.51,498706294
2020-01-22,2.54,2.57,2.48,2.49,253235525
2020-01-23,2.51,2.66,2.5,2.58,604788969
2020-01-24,2.63,2.77,2.57,2.75,738809095
2020-01-27,2.75,3.01,2.52,2.64,1630404081
2020-01-28,2.7,2.74,2.63,2.65,408407779
2020-01-29,2.68,2.7,2.62,2.62,182650867
2020-01-30,2.6,2.62,2.55,2.57,196275742
2020-01-31,2.58,2.62,2.56,2.56,129467225
2020-02-03,2.61,2.76,2.6,2.7,486088402
2020-02-04,2.73,2.81,2.71,2.73,328213120
2020-02-05,2.74,2.77,2.68,2.68,158384734
2020-02-06,2.71,2.73,2.62,2.65,143548647
2020-02-07,2.67,2.92,2.66,2.83,1120182870
2020-02-10,2.9,2.93,2.55,2.68,628303348
2020-02-11,2.73,2.77,2.65,2.75,326307352
2020-02-12,2.75,2.88,2.72,2.81,444497308
2020-02-13,2.8,2.85,2.75,2.77,266523454
2020-02-14,2.78,2.85,2.77,2.77,221090608
2020-02-17,2.79,2.88,2.79,2.87,387973238
2020-02-18,2.88,3.08,2.81,2.89,1048814104
2020-02-19,2.93,2.96,2.8,2.81,314704321
2020-02-20,2.82,2.82,2.57,2.6,318274189
2020-02-21,2.57,2.81,2.52,2.79,398963117
2020-02-24,2.7,2.81,2.67,2.75,211136830
2020-02-25,2.8,2.87,2.76,2.78,385339809
2020-02-26,2.78,2.81,2.68,2.72,319789174
2020-02-27,2.69,2.73,2.58,2.58,249322676
2020-02-28,2.14,2.53,2.13,2.45,176298455
2020-03-02,2.55,2.59,2.49,2.53,135908508
2020-03-03,2.6,2.65,2.58,2.65,133342137
2020-03-04,2.64,2.74,2.62,2.63,238379628
2020-03-05,2.68,2.71,2.61,2.62,168907536
2020-03-06,2.61,2.65,2.51,2.52,123103647
2020-03-09,2.43,2.46,2.16,2.26,165533445
2020-03-10,2.33,2.41,2.06,2.14,307217420
2020-03-11,2.11,2.23,1.97,2.07,167016398
2020-03-12,1.98,1.99,1.7,1.7,161176408
2020-03-13,1.72,1.87,1.64,1.87,149252110
2020-03-16,1.73,1.78,1.69,1.72,165109132
2020-03-17,1.75,1.78,1.56,1.68,187862993
2020-03-18,1.62,1.74,1.61,1.69,140688007
2020-03-19,1.68,1.73,1.64,1.7,142316257
2020-03-20,1.77,1.78,1.7,1.72,115955654
2020-03-23,1.63,1.71,1.59,1.64,162690536
2020-03-24,1.72,1.8,1.7,1.8,120867828
2020-03-25,1.85,1.95,1.78,1.86,253963255
2020-03-26,1.85,1.94,1.82,1.92,297151906
2020-03-27,1.94,2.04,1.89,1.92,258431189
2020-03-30,1.95,2.02,1.92,1.98,238970465
2020-03-31,2.02,2.17,2.01,2.17,362247896
2020-04-01,2.1,2.33,2.08,2.14,402287652
2020-04-02,2.19,2.22,2.03,2.08,196165297
2020-04-03,2.09,2.18,2.06,2.1,242759485
2020-04-06,2.16,2.22,2.14,2.19,150060617
2020-04-07,2.24,2.25,2.14,2.18,222546167
2020-04-08,2.17,2.19,2.12,2.17,133507781
2020-04-09,2.21,2.26,2.16,2.24,299402622
2020-04-10,2.25,2.39,2.22,2.34,410885064
2020-04-13,2.31,2.43,2.29,2.42,232769874
2020-04-14,2.48,2.54,2.47,2.49,296774203
2020-04-15,2.5,2.51,2.35,2.4,204820603
2020-04-16,2.44,2.53,2.36,2.53,243371005
2020-04-17,2.58,2.78,2.56,2.78,445740525
2020-04-20,2.81,2.88,2.72,2.75,428971766
2020-04-21,2.74,2.88,2.66,2.77,495671921
2020-04-22,2.79,2.87,2.78,2.82,346582115
2020-04-24,2.78,3.1,2.73,3.1,612480579
2020-04-27,3.16,3.37,3.08,3.2,502746682
2020-04-28,3.21,3.36,3.12,3.15,410483850
2020-04-29,3.21,3.25,3.13,3.16,203753780
2020-04-30,3.18,3.2,2.92,2.99,275933847
2020-05-04,2.92,2.96,2.85,2.89,318189241
2020-05-05,2.93,3.02,2.89,2.97,400905308
2020-05-06,3.01,3.25,2.99,3.19,749052578
2020-05-07,3.2,3.32,3.1,3.11,505574430
2020-05-08,3.14,3.17,3.04,3.05,213596945
2020-05-11,3.07,3.08,2.97,3.01,288052730
2020-05-12,3.02,3.1,3,3.04,250533405
2020-05-13,3.04,3.14,3.02,3.04,329712595
2020-05-14,3.03,3.1,2.94,2.96,243981767
2020-05-15,3.01,3.03,2.95,2.96,90619615
2020-05-18,3,3.1,3,3.08,269108805
2020-05-20,3.14,3.32,3.11,3.31,702031150
2020-05-21,3.3,3.41,3.26,3.26,774963328
2020-05-22,3.27,3.36,3.23,3.28,450336623
2020-05-27,3.33,3.39,3.32,3.34,290848089
2020-05-28,3.36,3.37,3.25,3.29,210847056
2020-05-29,3.28,3.36,3.26,3.36,287889926
2020-06-01,3.39,3.56,3.36,3.51,585775145
2020-06-02,3.53,3.57,3.46,3.55,378212014
2020-06-03,3.59,3.74,3.56,3.66,456703697
2020-06-04,3.67,3.67,3.55,3.55,238639072
2020-06-05,3.58,3.59,3.5,3.52,116286728
2020-06-08,3.51,3.69,3.5,3.61,221232779
2020-06-09,3.62,3.68,3.56,3.67,235995436
2020-06-10,3.71,4.03,3.71,3.84,829651477
2020-06-11,3.78,3.99,3.76,3.85,463716918
2020-06-12,3.84,4.22,3.8,4.17,848069506
2020-06-15,4.15,4.49,4.12,4.35,686071909
2020-06-16,4.42,4.47,4.21,4.24,292260532
2020-06-17,4.26,4.47,4.2,4.45,452282779
2020-06-18,4.47,4.54,4.35,4.37,365231956
2020-06-19,4.42,4.51,4.33,4.39,387176401
2020-06-22,4.51,4.54,4.4,4.41,202385981
2020-06-23,4.42,4.62,4.4,4.57,559988357
2020-06-24,4.59,4.81,4.56,4.7,815245826
2020-06-25,4.55,4.6,4.23,4.33,1086447000
2020-06-26,4.39,4.43,4.27,4.3,276732449
2020-06-29,4.3,4.34,4.28,4.3,177923846
2020-06-30,4.31,4.36,4.23,4.24,262809715
2020-07-01,4.26,4.45,4.14,4.33,568325202
2020-07-02,4.38,4.43,4.33,4.35,261234869
2020-07-03,4.37,4.52,4.36,4.4,333128067
2020-07-06,4.48,4.54,4.44,4.52,301331460
2020-07-07,4.54,4.64,4.42,4.57,598959607
2020-07-08,4.59,4.68,4.47,4.51,542615025
2020-07-09,4.55,4.63,4.3,4.3,438554716
2020-07-10,4.29,4.29,3.99,4.15,282968789
2020-07-13,4.23,4.54,4.22,4.54,313137078
2020-07-14,4.7,4.75,4.45,4.49,395840028
2020-07-16,4.53,4.62,4.51,4.52,202109422
2020-07-17,4.56,4.97,4.53,4.97,865469540
2020-07-20,5.06,5.46,5.05,5.42,748539851
2020-07-21,5.45,5.65,5.18,5.27,679728072
2020-07-22,5.34,5.39,5.14,5.16,341440530
2020-07-23,5.17,5.38,5.14,5.15,389512669
2020-07-24,5.1,5.22,5.08,5.15,185590942
2020-07-27,5.23,5.66,5.19,5.66,595880004
2020-07-28,5.66,6.22,5.54,5.96,1543901969
2020-07-29,6,6.52,5.75,6.27,1489377798
2020-07-30,6.29,6.39,6.12,6.25,366703153
2020-08-04,6.32,6.35,5.63,5.75,507602374
2020-08-05,5.76,5.83,5.48,5.68,671732107
2020-08-06,5.67,5.83,5.12,5.12,719411748
2020-08-07,5.04,5.52,4.62,5.48,848493049
2020-08-10,5.36,5.75,5.22,5.56,636888587
2020-08-11,5.67,5.98,5.6,5.85,613830570
2020-08-12,5.87,6.31,5.72,6.09,789687122
2020-08-13,6.13,6.35,5.9,5.95,715300298
2020-08-14,5.89,6.02,5.79,5.79,333663566
2020-08-17,5.82,5.85,5.54,5.58,355708565
2020-08-18,5.59,6.13,5.56,6.13,783494418
2020-08-19,6.15,6.32,6.01,6.06,590258077
2020-08-20,6.06,6.23,6,6.1,311746292
2020-08-21,6.18,6.24,5.99,6.03,262425637
2020-08-24,6.09,6.62,6.08,6.44,1100478143
2020-08-25,6.53,6.65,6.21,6.23,494604357
2020-08-26,6.28,6.58,6.24,6.58,644814464
2020-08-27,6.66,6.81,6.52,6.59,737151384
2020-08-28,6.61,6.68,6.38,6.45,335227379
2020-08-31,6.47,6.51,6.14,6.14,442561945
2020-09-02,6,6.37,5.96,6.18,345448737
2020-09-03,6.23,6.25,5.96,5.96,228987565
2020-09-04,5.93,6.16,5.91,5.95,223704684
2020-09-07,6.09,6.3,6.03,6.08,557421452
2020-09-08,6.13,6.17,6.01,6.02,161786766
2020-09-09,6.01,6.15,5.96,5.97,224368463
2020-09-10,6.02,6.04,5.87,5.87,95137307
2020-09-11,5.89,5.92,5.7,5.74,129877936
2020-09-14,5.77,5.98,5.65,5.78,226556925
2020-09-15,5.82,5.87,5.7,5.74,78923685
2020-09-16,5.76,5.85,5.71,5.73,117624975
2020-09-17,5.71,5.83,5.69,5.77,140174716
2020-09-18,5.8,5.89,5.74,5.78,140291550
2020-09-21,5.79,5.81,5.53,5.54,96663277
2020-09-22,5.6,5.67,5.54,5.59,97282809
2020-09-23,5.61,5.73,5.51,5.61,198754031
2020-09-24,5.56,5.74,5.56,5.66,155189438
2020-09-25,5.73,5.88,5.71,5.71,218640296
2020-09-28,5.71,5.75,5.55,5.56,101672906
2020-09-29,5.6,5.8,5.57,5.6,265297861
2020-09-30,5.67,5.71,5.63,5.68,139634645
2020-10-01,5.69,6.24,5.68,6.04,1048711196
2020-10-02,6.04,6.2,5.94,5.94,355596510
2020-10-05,5.97,6.16,5.97,6.08,306827712
2020-10-06,6.11,6.32,6.11,6.14,591069447
2020-10-07,6.14,6.23,6.09,6.1,223826459
2020-10-08,6.12,6.18,6.05,6.12,206246266
2020-10-09,6.15,6.19,6.1,6.11,199997885
2020-10-12,6.14,6.24,6.12,6.15,369170447
2020-10-13,6.15,6.27,6.15,6.18,423975632
2020-10-14,6.21,6.27,6.19,6.19,316063158
2020-10-15,6.2,6.22,6.07,6.08,181004577
2020-10-16,6.11,6.16,6.09,6.11,142640017
2020-10-19,6.21,6.27,6.13,6.16,366319497
2020-10-20,6.17,6.2,6.11,6.14,156397679
2020-10-21,6.17,6.4,6.13,6.25,895195995
2020-10-22,6.3,6.31,6.07,6.07,250061589
2020-10-23,6.09,6.13,5.88,5.96,129298486
2020-10-26,5.86,5.88,5.46,5.48,158682446
2020-10-27,5.5,5.75,5.39,5.73,130815890
2020-10-28,5.71,5.8,5.55,5.58,52243377
2020-10-30,5.45,5.82,5.4,5.62,162411114
2020-11-02,5.7,5.8,5.65,5.65,133170380
2020-11-03,5.67,5.68,5.47,5.49,123281039
2020-11-04,5.49,5.59,5.48,5.51,116026858
2020-11-05,5.52,5.66,5.51,5.6,127459474
2020-11-06,5.6,5.74,5.58,5.66,163108948
2020-11-09,5.75,5.79,5.69,5.73,147802488
2020-11-10,5.71,5.77,5.68,5.69,104178925
2020-11-11,5.72,5.88,5.71,5.81,278038755
2020-11-12,5.85,5.93,5.58,5.63,168309670
2020-11-13,5.64,5.74,5.6,5.72,99387239
2020-11-16,5.78,5.83,5.68,5.68,135224531
2020-11-17,5.67,5.67,5.5,5.51,85160882
2020-11-18,5.5,5.65,5.49,5.63,93446553
2020-11-19,5.59,5.92,5.49,5.85,233813560
2020-11-20,5.88,6.03,5.86,6.02,217469506
2020-11-23,6.06,6.1,5.86,5.9,202376683
2020-11-24,5.93,6.02,5.82,5.85,125380609
2020-11-25,5.88,5.93,5.75,5.76,102487306
2020-11-26,5.81,5.91,5.75,5.86,88132622
2020-11-27,5.89,5.92,5.77,5.78,73317556
2020-11-30,5.71,5.73,5.54,5.55,55432465
2020-12-01,5.63,5.79,5.61,5.78,91607374
2020-12-02,5.75,6.04,5.75,6.01,294402051
2020-12-03,6.05,6.2,6.01,6.09,302169261
2020-12-04,6.1,6.16,5.93,6,84154699
2020-12-07,6,6.01,5.92,5.92,61417235
2020-12-08,5.91,5.98,5.85,5.85,99616641
2020-12-09,5.89,6.02,5.86,6,100884979
2020-12-10,6.01,6.15,5.97,5.98,254146286
2020-12-11,5.95,6.09,5.88,6.02,164814428
2020-12-14,6.06,6.24,6.04,6.23,306488214
2020-12-15,6.26,6.35,6.2,6.22,207142214
2020-12-16,6.24,6.31,6.09,6.11,120843119
2020-12-17,6.15,6.46,6.15,6.44,436882308
2020-12-18,6.42,6.52,6.31,6.31,247002968
2020-12-21,6.21,6.23,6.05,6.14,157519908
2020-12-22,6.16,6.39,6.16,6.33,190224034
2020-12-23,6.34,6.39,6.24,6.24,87630445
2020-12-24,6.25,6.37,6.17,6.27,131396291
2020-12-25,6.29,6.43,6.28,6.4,145913047
2020-12-28,6.46,6.66,6.44,6.66,335970240
2020-12-29,6.67,6.67,6.5,6.53,209929532
2020-12-30,6.56,6.64,6.54,6.55,123068344
2020-12-31,6.57,6.73,6.55,6.6,234048691
2021-01-04,6.65,7.17,6.62,7.09,438548224
2021-01-05,7.01,7.34,6.98,7.12,362942867
2021-01-06,7.18,7.2,7.04,7.05,156731766
2021-01-07,7.08,7.18,7.05,7.08,129382896
2021-01-08,7.1,7.28,7.1,7.16,180245337
2021-01-11,7.11,7.32,7.11,7.18,280580155
2021-01-12,7.23,7.25,7.13,7.13,125596188
2021-01-13,7.17,7.21,6.97,6.99,149324601
2021-01-14,7.04,7.06,6.8,6.91,105687982
2021-01-15,6.83,6.99,6.78,6.81,61402556
2021-01-18,6.78,6.97,6.78,6.93,67747155
2021-01-19,6.97,7.14,6.97,7.08,127122933
2021-01-20,7.13,7.15,7.05,7.1,77934940
2021-01-21,7.12,7.19,7.01,7.01,94025233
2021-01-22,7,7.3,6.99,7.23,266555740
2021-01-25,7.32,7.5,7.29,7.43,291430096
2021-01-26,7.44,7.63,7.38,7.38,217615426
2021-01-27,7.42,7.45,6.98,6.98,126175638
2021-01-28,6.91,7.33,6.85,7.28,108499247
2021-01-29,7.1,7.5,7.08,7.47,131003393
2021-02-01,7.57,7.65,7.51,7.51,108999491
2021-02-02,7.57,7.59,7.36,7.42,85477148
2021-02-03,7.46,7.65,7.42,7.64,132376340
2021-02-04,7.66,7.72,7.51,7.51,82034346
2021-02-05,7.54,7.59,7.45,7.49,47384886
2021-02-08,7.57,7.58,7.3,7.44,65018067
2021-02-09,7.45,7.62,7.39,7.54,63975987
2021-02-10,7.6,7.62,7.46,7.48,48531140
2021-02-11,7.49,7.56,7.42,7.43,34269592
2021-02-12,7.4,7.43,7.31,7.38,28375535
2021-02-15,7.45,7.68,7.38,7.46,83818976
2021-02-16,7.48,7.51,7.27,7.32,49032292
2021-02-17,7.34,7.5,7.32,7.5,57611973
2021-02-18,7.48,7.49,7.33,7.33,40366706
2021-02-19,7.33,7.44,7.32,7.34,39389584
2021-02-22,7.36,7.39,7.18,7.2,45820475
2021-02-23,7.23,7.27,7.01,7.01,44590840
2021-02-24,6.93,7.11,6.82,6.83,48206695
2021-02-25,7,7.02,6.77,7,40060965
2021-02-26,6.72,7.31,6.71,7.04,40817429
2021-03-01,7.07,7.32,7.07,7.3,49966927
2021-03-02,7.3,7.3,7.11,7.15,44240825
2021-03-03,7.18,7.34,7.11,7.13,85759148
2021-03-04,7.09,7.15,7.01,7.04,37346848
2021-03-05,7.01,7.04,6.81,6.89,60706746
2021-03-08,6.91,6.96,6.73,6.76,51667581
2021-03-09,6.78,6.9,6.74,6.77,55522218
2021-03-10,6.77,6.87,6.73,6.85,38191829
2021-03-11,6.89,6.98,6.79,6.81,73030218
2021-03-12,6.82,7.04,6.79,6.92,87348613
2021-03-15,6.94,7.04,6.88,6.91,52049106
2021-03-16,6.92,7.04,6.91,6.95,77659651
2021-03-17,6.96,7.19,6.96,6.98,128161483
2021-03-18,7,7.1,6.88,6.91,78181552
2021-03-19,6.92,6.94,6.56,6.56,77428450
2021-03-22,5.95,6.14,5.91,5.91,50711811
2021-03-23,5.39,5.99,5.32,5.8,75511222
2021-03-24,5.85,6.35,5.85,6.34,62841055
2021-03-25,6.34,6.4,6.08,6.17,33347097
2021-03-26,6.23,6.26,5.99,6.07,40985109
2021-03-29,6.05,6.19,6.05,6.1,41152876
2021-03-30,6.05,6.23,5.96,6.18,48532474
2021-03-31,6.21,6.3,6.12,6.13,33931213
2021-04-01,6.17,6.63,6.16,6.5,88756165
2021-04-02,6.55,6.87,6.55,6.63,65545262
2021-04-05,6.62,6.84,6.6,6.8,38086205
2021-04-06,6.8,6.87,6.63,6.68,41438286
2021-04-07,6.68,6.74,6.58,6.62,25613619
2021-04-08,6.65,6.73,6.58,6.64,42926345
2021-04-09,6.17,6.22,5.9,5.94,45674159
2021-04-12,5.95,6.05,5.81,5.89,30278407
2021-04-13,5.9,5.95,5.64,5.69,42969646
2021-04-14,5.77,5.84,5.72,5.79,31145806
2021-04-15,5.81,5.85,5.7,5.74,31277939
2021-04-16,5.69,5.85,5.66,5.73,40418138
2021-04-19,5.73,5.76,5.53,5.55,31689403
2021-04-20,5.55,5.76,5.55,5.6,59527389
2021-04-21,5.6,5.62,5.06,5.38,43038581
2021-04-22,5.28,5.49,5.21,5.47,24505793
2021-04-26,5.42,5.57,5.39,5.47,31979724
2021-04-27,5.52,5.64,5.5,5.62,38428665
2021-04-28,5.59,5.66,5.48,5.62,28707513
2021-04-29,5.61,5.67,5.54,5.6,25550215
2021-04-30,5.6,5.67,5.59,5.64,26803095
2021-05-03,5.64,5.66,5.44,5.5,69703724
2021-05-04,5.52,5.59,5.43,5.43,71708591
2021-05-05,5.44,5.47,5.39,5.43,59203332
2021-05-06,5.44,5.53,5.41,5.43,56136454
2021-05-07,5.45,5.52,5.44,5.5,71582033
2021-05-10,5.51,5.6,5.51,5.55,71117553
2021-05-11,5.5,5.76,5.48,5.71,150037028
2021-05-12,5.7,5.7,5.61,5.63,25564601
2021-05-17,5.65,5.81,5.65,5.75,48338978
2021-05-18,5.77,5.79,5.67,5.69,65281342
2021-05-20,5.66,5.76,5.65,5.68,50424817
2021-05-21,5.71,5.79,5.63,5.65,82250949
2021-05-24,5.67,5.68,5.59,5.61,29603500
2021-05-25,5.62,5.67,5.32,5.34,54079845
2021-05-26,5.35,5.41,5.19,5.33,54136064
2021-05-27,5.32,5.36,5.22,5.25,31866855
2021-05-28,5.25,5.26,5.13,5.23,27136485
2021-05-31,5.21,5.36,5.21,5.28,47515835
2021-06-01,5.3,5.37,5.29,5.32,32755184
2021-06-02,5.25,5.3,5.24,5.25,27404624
2021-06-03,5.26,5.3,5.13,5.16,38303144
2021-06-04,5.16,5.23,5.12,5.14,40355621
2021-06-07,5.14,5.21,5.1,5.17,37056605
2021-06-08,5.16,5.24,5.15,5.2,41291707
2021-06-09,5.21,5.3,5.19,5.26,45268312
2021-06-10,5.28,5.36,5.24,5.29,86560854
2021-06-11,5.3,5.33,5.21,5.21,30748298
2021-06-14,5.23,5.25,5.13,5.17,35322946
2021-06-15,5.13,5.2,5.11,5.17,33916930
2021-06-16,5.17,5.19,5.14,5.18,21662574
2021-06-17,5.16,5.19,5.12,5.16,12097777
2021-06-18,5.16,5.2,4.94,4.94,36206053
2021-06-21,4.93,4.95,4.82,4.93,34760641
2021-06-22,4.96,5.03,4.92,4.99,23728116
2021-06-23,5.01,5.02,4.89,4.91,20454699
2021-06-24,4.93,4.97,4.91,4.92,16746892
2021-06-25,4.93,4.94,4.86,4.88,14336256
2021-06-28,4.88,4.89,4.73,4.77,29871101
2021-06-29,4.74,4.79,4.69,4.79,31444470
2021-06-30,4.8,4.8,4.7,4.72,30095397
2021-07-01,4.73,4.76,4.69,4.72,22212141
2021-07-02,4.71,4.76,4.68,4.72,24103666
2021-07-05,4.72,4.75,4.68,4.74,44825403
2021-07-06,4.74,5.07,4.72,4.85,249603290
2021-07-07,4.88,5.02,4.8,4.8,111269954
2021-07-08,4.78,4.83,4.74,4.74,36867538
2021-07-09,4.77,4.81,4.76,4.79,28677199
2021-07-12,4.78,4.82,4.67,4.67,28156585
2021-07-13,4.67,4.69,4.58,4.59,24753954
2021-07-14,4.59,4.66,4.59,4.64,17251242
2021-07-16,4.65,4.66,4.6,4.65,9947381
2021-07-19,4.6,4.65,4.6,4.63,6762499
2021-07-26,4.64,4.66,4.54,4.56,22248154
2021-07-27,4.58,4.6,4.54,4.57,14177989
2021-07-28,4.56,4.69,4.56,4.68,27773136
2021-07-29,4.69,4.78,4.69,4.72,18998568
2021-07-30,4.69,4.71,4.65,4.67,23712047
2021-08-02,4.67,4.86,4.66,4.82,49040040
2021-08-03,4.79,4.87,4.78,4.8,28717611
2021-08-04,4.81,4.94,4.8,4.82,40197463
2021-08-05,4.79,4.85,4.77,4.81,32742679
2021-08-06,4.81,4.87,4.78,4.79,24308148
2021-08-09,4.81,4.97,4.8,4.9,86603088
2021-08-10,4.91,4.92,4.8,4.82,29067325
2021-08-11,4.8,4.82,4.71,4.75,31971829
2021-08-12,4.78,4.84,4.74,4.84,38441743
2021-08-13,4.84,4.87,4.81,4.83,15744777
2021-08-16,4.82,4.94,4.82,4.88,57786270
2021-08-17,4.86,4.87,4.79,4.85,37694771
2021-08-18,4.85,4.87,4.81,4.82,14557474
2021-08-19,4.78,4.91,4.75,4.89,32443878
2021-08-20,4.85,4.91,4.82,4.86,20206469
2021-08-23,4.91,4.96,4.86,4.93,37951455
2021-08-24,4.97,5.02,4.92,4.93,68139399
2021-08-25,4.91,5,4.88,4.88,40110112
2021-08-26,4.9,4.91,4.77,4.77,23878587
2021-08-27,4.78,4.81,4.75,4.78,18969748
2021-08-31,4.83,4.89,4.8,4.89,22452851
2021-09-01,4.92,4.96,4.86,4.89,21874834
2021-09-02,4.88,4.95,4.87,4.92,23825454
2021-09-03,4.91,5.02,4.89,4.98,39690465
2021-09-06,5.02,5.09,5.02,5.04,64761593
2021-09-07,5.04,5.06,4.89,4.9,27055548
2021-09-08,5.05,5.17,5,5.03,264106417
2021-09-09,5.03,5.21,5.02,5.14,134394677
2021-09-10,5.15,5.2,5.08,5.13,82667471
2021-09-13,5.15,5.26,5.11,5.26,98395696
2021-09-14,5.29,5.3,5.08,5.13,56817586
2021-09-15,5.13,5.15,5.02,5.09,30918712
2021-09-16,5.12,5.17,5.02,5.02,22402021
2021-09-17,5.04,5.11,5.03,5.03,31702149
2021-09-20,4.94,4.95,4.83,4.85,36038653
2021-09-21,4.89,4.9,4.77,4.8,32407357
2021-09-22,4.83,4.85,4.76,4.84,31676631
2021-09-23,4.89,5,4.84,4.86,87850066
2021-09-24,4.83,4.85,4.76,4.77,28347046
2021-09-27,4.79,4.87,4.77,4.84,48043978
2021-09-28,4.85,4.87,4.79,4.85,19818896
2021-09-29,4.85,4.93,4.85,4.88,24227783
2021-09-30,4.9,4.91,4.83,4.9,16882218
2021-10-01,4.87,4.94,4.86,4.88,24012196
2021-10-04,4.87,4.93,4.87,4.88,17783474
2021-10-05,4.87,4.89,4.84,4.85,9844706
2021-10-06,4.83,4.85,4.68,4.71,30157742
2021-10-07,4.76,4.83,4.74,4.83,19742845
2021-10-08,4.81,4.85,4.77,4.81,17517264
2021-10-11,4.8,4.89,4.8,4.88,16448030
2021-10-12,4.87,4.92,4.83,4.88,14855599
2021-10-13,4.89,4.93,4.78,4.81,22632279
2021-10-14,4.8,4.96,4.79,4.91,71536571
2021-10-15,4.92,5.01,4.82,4.96,94390912
2021-10-18,4.96,5.01,4.93,4.95,54017470
2021-10-19,4.97,5.1,4.97,5.09,80509107
2021-10-20,5.09,5.14,5.05,5.05,45541015
2021-10-21,5.03,5.11,4.9,5.11,61104542
2021-10-22,5.1,5.15,5.08,5.1,35765339
2021-10-25,5.06,5.17,5.04,5.15,55582053
2021-10-26,5.17,5.25,5.12,5.12,75024624
2021-10-27,5.12,5.16,5.1,5.11,41073420
2021-10-28,4.96,4.99,4.89,4.89,66534351
2021-11-01,4.9,4.93,4.83,4.83,55807231
2021-11-02,4.84,4.86,4.78,4.81,34200609
2021-11-03,4.8,4.86,4.73,4.82,41227916
2021-11-04,4.85,4.92,4.82,4.91,57650156
2021-11-05,4.92,4.96,4.9,4.91,59118228
2021-11-08,4.92,4.94,4.89,4.91,28555746
2021-11-09,4.92,4.95,4.9,4.92,44792945
2021-11-10,4.92,4.92,4.83,4.89,25413278
2021-11-11,4.88,4.91,4.84,4.85,23439409
2021-11-12,4.86,4.91,4.86,4.88,17066274
2021-11-15,4.95,5.05,4.91,4.96,106311732
2021-11-16,4.96,5,4.88,4.9,79886210
2021-11-17,4.91,4.98,4.89,4.93,34682916
2021-11-18,4.93,4.99,4.88,4.93,65664674
2021-11-19,4.97,5.12,4.96,5.11,127026034
2021-11-22,5.14,5.24,5.12,5.19,89667723
2021-11-23,5.18,5.24,4.93,5.1,86483757
2021-11-24,5.12,5.16,5.05,5.08,81433884
2021-11-25,5.09,5.3,5.09,5.21,163824482
2021-11-26,5.18,5.22,5.07,5.1,83454111
2021-11-29,5.2,5.21,5.03,5.13,77671364
2021-11-30,5.09,5.29,5.08,5.26,113354596
2021-12-01,5.32,5.6,5.32,5.6,207885075
2021-12-02,5.68,5.76,5.56,5.63,106038677
2021-12-03,5.65,5.7,5.61,5.66,62573604
2021-12-06,5.68,5.75,5.56,5.61,111885830
2021-12-07,5.64,5.89,5.62,5.87,183204761
2021-12-08,5.89,6.01,5.76,5.9,229311795
2021-12-09,5.95,6.05,5.82,5.82,149928029
2021-12-10,5.81,5.91,5.66,5.83,105323117
2021-12-13,5.88,5.97,5.87,5.9,103645707
2021-12-14,5.95,6.08,5.9,5.93,147144610
2021-12-15,5.97,5.97,5.81,5.82,82341567
2021-12-16,5.86,5.92,5.77,5.9,101664516
2021-12-17,5.97,6.09,5.31,5.31,244328799
2021-12-20,5,5.36,4.83,4.96,110654645
2021-12-21,5.4,5.42,4.96,5.16,102211461
2021-12-22,5.14,5.31,5.1,5.24,57447663
2021-12-23,5.3,5.34,5.05,5.19,42433277
2021-12-24,5.2,5.24,5.09,5.2,30675105
2021-12-27,5.22,5.28,5.12,5.12,40700031
2021-12-28,5.15,5.17,5.01,5.03,31487229
2021-12-29,5.02,5.09,5,5.02,40241909
2021-12-30,5.06,5.06,4.96,4.96,41202303
2021-12-31,4.99,5.07,4.95,5.04,41972386
2022-01-03,5.08,5.16,5.05,5.15,36465984
2022-01-04,5.2,5.21,5.06,5.16,47234394
2022-01-05,5.16,5.17,5.1,5.16,37122880
2022-01-06,5.12,5.2,5.1,5.14,39853320
2022-01-07,5.17,5.17,5.1,5.15,38002332
2022-01-10,5.16,5.32,5.16,5.25,79476451
2022-01-11,5.33,5.35,5.21,5.26,57926775
2022-01-12,5.32,5.56,5.3,5.53,192962606
2022-01-13,5.51,5.7,5.46,5.56,121868755
2022-01-14,5.55,5.7,5.48,5.69,60905881
2022-01-17,5.71,5.76,5.62,5.66,44080045
2022-01-18,5.67,5.68,5.41,5.41,41447059
2022-01-19,5.4,5.49,5.34,5.42,83780579
2022-01-20,5.46,5.48,5.25,5.29,69847027
2022-01-21,5.28,5.4,5.26,5.4,49307534
2022-01-24,5.39,5.42,5.12,5.14,43729557
2022-01-25,5.18,5.19,5.06,5.12,42174922
2022-01-26,5.15,5.25,5.12,5.18,49637187
2022-01-27,5.09,5.24,5.08,5.23,44378576
2022-01-28,5.24,5.27,5.18,5.2,38585480
2022-01-31,5.23,5.25,5.18,5.19,42177367
2022-02-01,5.21,5.27,5.19,5.2,55081288
2022-02-02,5.21,5.24,5.14,5.14,55252615
2022-02-03,5.14,5.2,5.11,5.14,26679835
2022-02-04,5.14,5.16,5.05,5.08,19046432
2022-02-07,5.08,5.14,5,5.14,22977972
2022-02-08,5.14,5.16,5.09,5.1,27431783
2022-02-09,5.1,5.14,5.08,5.08,28259364
2022-02-10,5.09,5.12,5.03,5.03,44712232
2022-02-11,5.01,5.05,4.96,5.04,25926208
2022-02-14,4.97,5.02,4.9,4.95,19937624
2022-02-15,4.92,5.03,4.92,4.98,22270121
2022-02-16,5.03,5.04,4.94,4.96,23431265
2022-02-17,4.97,5.01,4.85,4.85,37194200
2022-02-18,4.88,4.9,4.82,4.85,29055289
2022-02-21,4.89,4.96,4.83,4.85,46151850
2022-02-22,4.76,4.81,4.65,4.76,23740062
2022-02-23,4.8,4.83,4.73,4.74,20417365
2022-02-24,4.42,4.45,4.27,4.27,31765118
2022-02-25,4.29,4.47,4.15,4.4,57921911
2022-02-28,4.3,4.39,4.27,4.35,35344465
2022-03-01,4.4,4.63,4.38,4.48,70727677
2022-03-02,4.46,4.52,4.44,4.47,24586674
2022-03-03,4.5,4.6,4.48,4.55,32344857
2022-03-04,4.5,4.67,4.5,4.64,38431631
2022-03-07,4.58,4.74,4.57,4.7,41392273
2022-03-08,4.68,4.77,4.68,4.73,29765068
2022-03-09,4.75,4.79,4.72,4.76,32628699
2022-03-10,4.77,4.8,4.69,4.69,29985873
2022-03-11,4.72,4.78,4.65,4.67,51458545
2022-03-14,4.69,4.75,4.66,4.69,49022262
2022-03-15,4.69,4.72,4.68,4.71,50681290
2022-03-16,4.71,4.73,4.68,4.7,26565649
2022-03-17,4.72,4.76,4.71,4.73,28875860
2022-03-18,4.73,4.86,4.73,4.84,50426452
2022-03-21,4.85,4.92,4.84,4.91,37316535
2022-03-22,4.89,5.07,4.88,5.06,41477106
2022-03-23,5.07,5.18,5.04,5.16,59468974
2022-03-24,5.16,5.2,5.07,5.17,41733373
2022-03-25,5.18,5.46,5.18,5.33,67837382
2022-03-28,5.33,5.37,5.25,5.26,36961316
2022-03-29,5.3,5.32,5.15,5.21,35126002
2022-03-30,5.21,5.29,5.2,5.25,27154827
2022-03-31,5.27,5.48,5.26,5.38,76641299
2022-04-01,5.35,5.44,5.28,5.38,45350446
2022-04-04,5.39,5.48,5.38,5.48,44697166
2022-04-05,5.5,5.58,5.44,5.5,70147193
2022-04-06,5.5,5.55,5.39,5.42,62018859
2022-04-07,5.42,5.45,5.39,5.42,45146016
2022-04-08,5.44,5.53,5.41,5.45,61930612
2022-04-11,5.48,5.57,5.47,5.55,114093832
2022-04-12,5.59,5.68,5.57,5.64,117104753
2022-04-13,5.66,5.85,5.65,5.77,170751373
2022-04-14,5.82,5.88,5.79,5.85,81594445
2022-04-15,5.9,6.2,5.87,6.09,247569289
2022-04-18,6.15,6.34,6.14,6.19,119124471
2022-04-19,6.22,6.22,5.98,6.11,79040037
2022-04-20,6.12,6.21,5.99,6.14,80023366
2022-04-21,6.15,6.2,6.09,6.13,47684321
2022-04-22,6.11,6.14,5.82,5.83,78969143
2022-04-25,5.82,5.95,5.7,5.92,70015125
2022-04-26,5.95,6.09,5.73,5.78,83789666
2022-04-27,5.79,5.89,5.74,5.87,51391737
2022-04-28,5.91,6.04,5.85,5.89,80101927
2022-04-29,5.51,5.53,5.11,5.13,105928950
2022-05-05,5.15,5.18,5.07,5.07,87159163
2022-05-06,5,5.03,4.92,4.98,86698772
2022-05-09,4.98,5.02,4.91,4.92,40272748
2022-05-10,4.95,4.99,4.89,4.9,52900574
2022-05-11,4.92,4.93,4.69,4.76,47839806
2022-05-12,4.7,4.73,4.54,4.55,44250511
2022-05-13,4.58,4.69,4.58,4.67,33374573
2022-05-16,4.71,4.71,4.6,4.6,35812523
2022-05-17,4.68,4.76,4.65,4.72,36585038
2022-05-18,4.73,4.74,4.64,4.65,28544425
2022-05-20,4.68,4.7,4.58,4.6,20496179
2022-05-23,4.66,4.81,4.64,4.7,69033957
2022-05-24,4.7,4.74,4.66,4.67,21746258
2022-05-25,4.7,4.83,4.69,4.78,78151419
2022-05-26,4.8,4.81,4.74,4.78,31554563
2022-05-27,4.79,4.86,4.73,4.74,25267500
2022-05-30,4.77,4.92,4.77,4.9,91911892
2022-05-31,4.91,4.94,4.81,4.84,60466415
2022-06-01,4.86,4.93,4.84,4.87,37667742
2022-06-02,4.89,4.93,4.86,4.87,29016422
2022-06-03,4.89,4.9,4.8,4.81,31475343
2022-06-06,4.82,5.05,4.82,4.95,137876523
2022-06-07,4.95,5,4.9,4.9,69374243
2022-06-08,4.92,4.99,4.66,4.66,69646902
2022-06-09,4.66,4.71,4.55,4.66,44509223
2022-06-10,4.62,4.74,4.59,4.62,38553152
2022-06-13,4.64,4.71,4.63,4.66,28205009
2022-06-14,4.71,4.71,4.62,4.64,28586783
2022-06-15,4.65,4.72,4.62,4.65,29083575
2022-06-16,4.67,4.69,4.56,4.59,25547003
2022-06-17,4.61,4.7,4.59,4.63,31851259
2022-06-20,4.66,4.73,4.65,4.67,34138338
2022-06-21,4.69,4.74,4.68,4.71,29477480
2022-06-22,4.68,4.77,4.67,4.71,39796494
2022-06-23,4.71,4.76,4.66,4.66,30767036
2022-06-24,4.68,4.69,4.64,4.66,16901060
2022-06-27,4.6,4.65,4.59,4.61,24244666
2022-06-28,4.63,4.94,4.63,4.87,149212761
2022-06-29,5.01,5.35,5.01,5.35,391871877
2022-06-30,5.36,5.37,4.96,4.97,258546589
2022-07-01,4.98,5.11,4.95,5.01,83984664
2022-07-04,5.04,5.44,5.03,5.28,218071000
2022-07-05,5.3,5.33,5.06,5.07,98922634
2022-07-06,5.1,5.12,5.02,5.02,53371938
2022-07-07,5.05,5.11,5.03,5.06,38289907
2022-07-08,5.07,5.07,5.01,5.02,16784962
2022-07-13,5.03,5.04,4.88,4.89,46209490
2022-07-14,4.9,5.08,4.88,4.93,89970726
2022-07-18,4.96,5.05,4.94,5,52662309
2022-07-19,5.01,5.06,4.99,5.01,41808145
2022-07-20,5.02,5.17,5.01,5.16,79110896
2022-07-21,5.16,5.18,5.06,5.07,52772079
2022-07-22,5.12,5.17,5.05,5.06,41234454
2022-07-25,5.09,5.2,5.08,5.13,72686574
2022-07-26,5.14,5.25,5.06,5.22,94808041
2022-07-27,5.23,5.42,5.23,5.31,164384445
2022-07-28,5.35,5.42,5.24,5.25,85117663
2022-07-29,5.27,5.28,5.19,5.2,49521520
2022-08-01,5.24,5.29,5.21,5.25,66652644
2022-08-02,5.27,5.27,5.08,5.12,62069955
2022-08-03,5.14,5.21,5.14,5.19,32121318
2022-08-04,5.22,5.4,5.22,5.32,103605411
2022-08-05,5.44,5.62,5.4,5.49,146034960
2022-08-08,5.54,5.63,5.34,5.37,74072767
2022-08-09,5.38,5.57,5.37,5.47,73538516
2022-08-10,5.22,5.35,5.2,5.3,81168457
2022-08-11,5.33,5.46,5.27,5.43,70000920
2022-08-12,5.48,5.5,5.3,5.34,67517113
2022-08-15,5.39,5.46,5.37,5.42,62410629
2022-08-16,5.45,5.61,5.28,5.51,125958600
2022-08-17,5.59,5.79,5.56,5.67,204249409
2022-08-18,5.76,6.13,5.63,6,139790910
2022-08-19,6.02,6.18,5.9,6.1,110767299
2022-08-22,6.14,6.36,6.08,6.27,114916936
2022-08-23,6.28,6.34,6.15,6.16,93272519
2022-08-24,6.15,6.2,5.99,6.04,68472797
2022-08-25,6.07,6.23,6.07,6.16,86069431
2022-08-26,6.2,6.39,6.11,6.2,172066809
2022-08-29,6.2,6.47,6.13,6.44,131055050
2022-08-31,6.48,7,6.36,6.7,194876162
2022-09-01,6.87,7.14,6.77,6.86,131231155
2022-09-02,6.95,7.19,6.94,7.04,95086770
2022-09-05,7.07,7.36,7.05,7.29,96343529
2022-09-06,7.45,7.47,7.05,7.17,96968734
2022-09-07,7.17,7.44,7.09,7.26,93342552
2022-09-08,7.32,7.4,7.02,7.04,107162507
2022-09-09,7.1,7.24,6.85,6.87,105473992
2022-09-12,7,7.55,6.9,7.55,120188849
2022-09-13,8.05,8.3,7.78,7.82,414540957
2022-09-14,7.67,8.36,7.43,8.1,195266340
2022-09-15,8.3,8.35,7.65,7.86,146563529
2022-09-16,7.92,8,7.72,7.81,55023993
2022-09-19,7.93,7.94,7.3,7.3,59015088
2022-09-20,7.35,7.43,6.57,6.69,179057711
2022-09-21,6.72,6.95,6.56,6.65,73889774
2022-09-22,6.67,6.7,6.58,6.6,53504006
2022-09-23,6.59,6.65,6.45,6.46,72248572
2022-09-26,6.5,6.5,6.28,6.4,40000760
2022-09-27,6.46,6.48,6.25,6.31,51848378
2022-09-28,6.31,6.39,6.2,6.22,33986111
2022-09-29,6.24,6.28,5.94,6.1,31730095
2022-09-30,6.1,6.28,6.09,6.2,28855030
2022-10-03,6.24,6.57,6.21,6.53,55024810
2022-10-04,6.65,6.7,6.55,6.57,55382444
2022-10-05,6.62,6.98,6.59,6.96,80454692
2022-10-06,7.02,7.13,6.96,6.96,54231111
2022-10-07,7.02,7.36,6.9,7.33,59687739
2022-10-10,7.4,7.43,7.09,7.12,50856491
2022-10-11,7.14,7.31,7.1,7.15,39563300
2022-10-12,7.16,7.19,6.92,6.93,35271393
2022-10-13,6.96,7.07,6.88,6.9,33011907
2022-10-14,6.99,7.15,6.99,7.07,38697428
2022-10-17,7.1,7.39,7.09,7.36,87193080
2022-10-18,7.37,7.39,7.25,7.29,60862748
2022-10-19,7.32,7.64,7.31,7.49,75517856
2022-10-20,7.51,7.61,7.4,7.4,71411266
2022-10-21,7.43,7.47,7.27,7.31,41601326
2022-10-24,7.33,7.73,7.32,7.57,90003962
2022-10-25,7.72,7.86,7.51,7.56,91603969
2022-10-26,7.57,7.86,7.57,7.81,63760322
2022-10-27,7.87,7.91,7.69,7.83,44358214
2022-10-28,7.81,8.03,7.76,7.98,28997903
2022-10-31,8.01,8.22,7.94,7.95,52520814
2022-11-01,7.94,8.22,7.81,8.04,70375858
2022-11-02,8.09,8.31,8.02,8.02,57980842
2022-11-03,8.05,8.54,8.05,8.53,116900409
2022-11-04,8.81,9.13,8.69,8.89,123822397
2022-11-07,8.92,9.09,8.78,9.04,85345812
2022-11-08,9.02,9.1,8.77,8.78,64385234
2022-11-09,8.8,9.03,8.72,8.74,53541844
2022-11-10,8.77,9.12,8.77,9.03,81342797
2022-11-11,9.1,9.42,8.97,9.41,101095388
2022-11-14,9.42,9.6,9.25,9.26,88178992
2022-11-15,9.3,9.45,9.05,9.18,91606259
2022-11-16,9.24,9.32,8.93,8.93,64111843
2022-11-17,9,9.03,8.57,8.79,55925180
2022-11-18,8.81,9.38,8.7,9.33,58904156
2022-11-21,9.57,9.73,9.33,9.73,62571237
2022-11-22,9.79,10.16,9.68,10.03,65818481
2022-11-23,10.01,10.22,9.86,10.1,47822458
2022-11-24,10.16,10.92,10.13,10.71,68827547
2022-11-25,10.9,11.54,10.88,11.32,66001818
2022-11-28,11.6,11.98,11.6,11.98,58190137
2022-11-29,11.99,12.09,11.56,12.04,57690534
2022-11-30,12.06,12.48,11.84,12.34,40791893
2022-12-01,12.4,12.67,12.17,12.24,71359911
2022-12-02,12.23,12.65,11.93,12.4,61704143
2022-12-05,12.47,12.93,12.36,12.84,47455053
2022-12-06,13.13,13.19,12.5,12.7,42763705
2022-12-07,12.8,12.94,12.18,12.3,49779328
2022-12-08,12.55,13.38,12.45,13.34,89214396
2022-12-09,13.42,13.49,12.93,13.18,52492016
2022-12-12,13.16,13.95,13.05,13.68,66593326
2022-12-13,13.69,13.83,13.41,13.5,36316408
2022-12-14,13.55,13.95,13,13.25,49973599
2022-12-15,13.49,13.73,12.99,13.31,35254101
2022-12-16,13.5,13.82,13.35,13.65,35139067
2022-12-19,13.75,13.8,13.51,13.58,34269454
2022-12-20,13.58,13.77,13.32,13.77,35412716
2022-12-21,13.85,13.9,13.4,13.4,46559419
2022-12-22,13.44,13.53,13.17,13.25,19391854
2022-12-23,13.25,13.36,12.93,13.02,22062222
2022-12-26,13.04,13.6,13.04,13.04,32297462
2022-12-27,13.1,13.51,12.66,13.3,49125532
2022-12-28,13.35,13.47,12.65,12.76,36615081
2022-12-29,12.85,13.18,12.72,12.79,30785749
2022-12-30,12.83,12.97,12.35,12.52,35798571
2023-01-02,12.5,13.47,12.49,13.47,42837741
2023-01-03,13.55,13.92,13.2,13.38,46135536
2023-01-04,13.38,13.52,12.9,13.14,35733549
2023-01-05,13.24,13.45,11.83,11.83,40485425
2023-01-06,11.81,12.46,11.21,12.26,30880452
2023-01-09,12.41,12.53,11.37,11.4,24585817
2023-01-10,11.33,11.65,10.59,10.76,52093315
2023-01-11,11.05,11.05,10.11,10.15,42312061
2023-01-12,10.44,10.66,9.76,10.57,33874951
2023-01-13,10.53,10.72,10.35,10.52,19814617
2023-01-16,10.72,10.95,10.51,10.94,19401578
2023-01-17,10.99,11.39,10.94,11.17,30996808
2023-01-18,11.19,11.35,11.02,11.22,30755737
2023-01-19,11.16,11.7,11.09,11.35,31334718
2023-01-20,11.38,12.48,11.33,12.27,77537062
2023-01-23,12.37,12.5,11.83,12.01,32337268
2023-01-24,12.01,12.07,11.5,11.64,25132668
2023-01-25,11.64,11.76,10.82,11.12,19259454
2023-01-26,11.12,11.21,10.89,10.98,15427176
2023-01-27,10.88,11.13,10.54,10.59,24346675
2023-01-30,10.6,10.81,10.08,10.41,15260662
2023-01-31,10.41,10.75,10.27,10.41,17416478
2023-02-01,10.35,10.52,9.79,9.79,12895716
2023-02-02,9.79,10,8.82,9.64,26375175
2023-02-03,9.62,10.29,9.45,10.25,20600077
2023-02-06,9.37,9.82,9.23,9.56,24710912
2023-02-07,9,9.4,8.61,9.11,56753144
2023-02-15,9.11,9.86,8.71,9.65,56734634
2023-02-16,9.65,10,9.25,9.65,64111886
2023-02-17,9.43,9.8,9.43,9.74,20886753
2023-02-20,9.79,9.92,9.63,9.78,18791668
2023-02-21,9.59,10.13,9.59,9.75,25356319
2023-02-22,9.82,9.83,9.52,9.73,13198366
2023-02-23,9.62,9.85,9.6,9.78,10324541
2023-02-24,9.78,9.9,9.66,9.66,8767594
2023-02-27,9.66,9.81,9.34,9.64,19843747
2023-02-28,9.61,9.97,9.6,9.91,12378060
2023-03-01,9.76,10.17,9.76,9.93,24444314
2023-03-02,9.85,10.01,9.71,9.95,20802015
2023-03-03,9.85,10.31,9.61,10.31,25525863
2023-03-06,10.5,11.1,10.42,10.47,20779041
2023-03-07,10.47,10.65,10.38,10.57,13317068
2023-03-08,10.57,10.79,10.55,10.57,11393809
2023-03-09,10.51,10.73,10.44,10.6,11420744
2023-03-10,10.46,10.65,10.4,10.4,9004542
2023-03-13,10.4,10.53,10.05,10.05,7483466
2023-03-14,10.45,10.56,10.31,10.31,14439663
2023-03-15,10.31,10.35,9.95,10,11174373
2023-03-16,10.02,10.18,9.85,9.97,7902373
2023-03-17,10,10.08,9.74,9.75,7086943
2023-03-20,9.63,9.91,9.5,9.5,8267862
2023-03-21,9.5,9.62,9.28,9.53,7302609
2023-03-22,9.45,9.84,9.45,9.7,8735287
2023-03-23,9.63,9.95,9.63,9.73,7296905
2023-03-24,9.75,10.01,9.7,9.92,14472357
2023-03-27,9.92,10.19,9.87,10.05,7891736
2023-03-28,10.05,10.19,9.78,9.78,12504338
2023-03-29,9.6,10.01,9.6,9.84,23258789
2023-03-30,9.82,10.02,9.81,9.99,11212754
2023-03-31,9.99,10.07,9.73,9.96,8780551
2023-04-03,9.97,10.17,9.68,10.1,12915393
2023-04-04,10.1,10.46,10.1,10.29,10178823
2023-04-05,10.24,10.31,10.1,10.1,5597055
2023-04-06,10.1,10.15,9.87,9.87,5025500
2023-04-07,9.85,10.36,9.8,10.36,11424446
2023-04-10,10.7,10.7,10.29,10.33,8315657
2023-04-11,10.37,10.54,10.33,10.42,53218949
2023-04-12,10.41,10.63,10.35,10.47,8147422
2023-04-13,10.52,10.55,10.32,10.32,4150102
2023-04-14,10.32,10.4,10.12,10.22,5592682
2023-04-17,10.22,10.3,10.1,10.18,3807044
2023-04-18,10.15,10.24,10.12,10.17,1958893
2023-04-19,10.17,10.24,10.05,10.15,3192889
2023-04-20,10.15,10.21,10,10,1492639
2023-04-24,10.08,10.11,9.88,9.89,2839000
2023-04-25,9.89,9.95,9.68,9.71,5414967
2023-04-26,9.71,9.72,9.47,9.48,5631574
2023-04-27,9.45,9.78,9.37,9.59,8272572
2023-04-28,9.56,9.71,9.26,9.45,8252180
2023-05-02,9.37,9.43,9.11,9.32,7685132
2023-05-03,9.6,9.73,8.98,9.13,9713098
2023-05-04,9.16,9.49,9.11,9.33,9272664
2023-05-05,9.33,9.45,9.13,9.28,7342018
2023-05-08,9.24,9.57,9.15,9.5,6867594
2023-05-09,9.5,9.7,9.45,9.54,4847789
2023-05-10,9.35,9.63,9.35,9.5,4782943
2023-05-11,9.5,10.3,9.42,10.13,20787542
2023-05-12,10.14,10.27,9.99,10.08,4902967
2023-05-15,9.5,10.13,9.4,9.81,9591374
2023-05-16,9.82,10.11,9.82,9.91,6596992
2023-05-17,9.92,10.16,9.9,9.99,9778194
2023-05-18,10,10.1,9.85,9.85,6139571
2023-05-22,9.85,10.13,9.77,10,10444595
2023-05-23,10.01,10.53,10.01,10.13,14341946
2023-05-24,10.1,10.23,9.92,9.97,9566054
2023-05-25,9.97,10.13,9.9,9.95,2005831
2023-05-26,9.95,10.25,9.94,10.15,5155209
2023-05-29,10.5,10.6,10.16,10.39,10634466
2023-05-30,10.47,11.03,10.41,11.03,14147986
2023-05-31,11.03,11.34,10.7,11.17,13441099
2023-06-01,11.07,11.48,10.99,11.03,14849728
2023-06-02,11.13,11.33,11.03,11.17,9227456
2023-06-05,11.17,11.44,11.1,11.28,19532204
2023-06-06,11.32,11.65,11.24,11.3,15036870
2023-06-07,11.5,11.65,11.12,11.2,28038628
2023-06-08,11.18,11.25,10.91,10.98,14422810
2023-06-09,11,11.07,10.75,10.94,9447309
2023-06-12,10.98,11.13,10.84,10.9,10978828
2023-06-13,10.9,11.09,10.78,10.98,11758838
2023-06-14,11,11.39,11,11.14,22923169
2023-06-15,11.2,11.28,10.91,11.09,9826307
2023-06-16,11.1,11.28,11.06,11.17,9759253
2023-06-19,11.17,11.47,10.8,10.8,22981773
2023-06-20,10.8,10.81,10.35,10.52,11012138
2023-06-21,10.55,10.69,10.11,10.11,11725783
2023-06-22,10.11,10.36,10.02,10.24,9563691
2023-06-23,10.31,10.61,10.31,10.48,8700351
2023-06-26,10.49,10.89,10.49,10.79,7758023
2023-06-27,10.78,10.94,10.74,10.91,1824686
2023-07-03,10.93,11.43,10.93,11.39,28180003
2023-07-04,11.39,11.6,11.28,11.48,18260352
2023-07-05,11.47,11.75,11.38,11.53,26860761
2023-07-06,11.53,11.75,11.47,11.54,28330361
2023-07-07,11.57,11.69,11.51,11.59,13015438
2023-07-10,11.62,12,11.58,11.97,39525673
2023-07-11,12.15,12.15,11.77,11.78,23954392
2023-07-12,11.79,11.87,11.5,11.82,17033464
2023-07-13,11.82,11.99,11.64,11.73,19112888
2023-07-14,11.75,12.9,11.71,12.6,84925157
2023-07-17,13.38,13.86,12.8,13.86,75074946
2023-07-18,14,14.85,13.95,14.2,71016823
2023-07-19,14.18,15.62,13.78,15.62,85332170
2023-07-20,16.08,16.26,15.35,15.64,65561104
2023-07-21,15.64,15.91,14.86,15.68,42758363
2023-07-24,15.75,15.95,15.19,15.42,33800445
2023-07-25,15.42,15.99,15.08,15.41,36667732
2023-07-26,15.41,16.2,15.3,15.75,33769637
2023-07-27,15.77,15.9,15.49,15.72,14482688
2023-07-28,15.8,16.91,15.73,16.26,61119565
2023-07-31,16.4,17.02,15.79,16.56,48504752
2023-08-01,18.21,18.21,17.56,18.21,102071822
2023-08-02,18.44,18.44,17.68,17.89,74087622
2023-08-03,18.04,19.66,18.04,19.58,105661035
2023-08-04,19.86,20.24,18.93,19.06,87202766
2023-08-07,19.07,19.97,18.26,19.76,83116236
2023-08-08,19.78,20.8,19.55,20.54,69906819
2023-08-09,20.64,22.1,20.04,21.2,84652623
2023-08-10,21.4,22.22,20.3,20.5,122518114
2023-08-11,20.5,22.54,20.08,22.54,77502237
2023-08-14,22.6,23.88,22.42,22.56,60572697
2023-08-15,22.56,22.92,21,21.64,51769344
2023-08-16,21.74,22.26,21.08,21.96,34860631
2023-08-17,21.96,22.32,21.44,21.88,35132610
2023-08-18,22.14,22.96,21.58,22.2,57484856
2023-08-21,22,24.42,21.46,24.42,86075888
2023-08-22,24.66,25.64,23.8,25.42,60663010
2023-08-23,25.42,26.16,24.68,24.68,39590282
2023-08-24,24.72,27.14,24.1,27.14,76159466
2023-08-25,27.6,28.78,26.26,28,80743231
2023-08-28,28.3,28.48,27.4,28,39190729
2023-08-29,28,28.1,27.1,27.76,27295901
2023-08-31,27.82,28.2,27,27,22563981
2023-09-01,27.04,27.58,26.22,26.76,24160630
2023-09-04,26.78,27.82,26.58,26.6,25183765
2023-09-05,26.58,28.22,25.6,27.56,35855040
2023-09-06,27.54,28.2,26.9,27.04,28690866
2023-09-07,27.14,29.34,27.12,28.92,34804407
2023-09-08,29.5,29.98,28.4,29.5,24983580
2023-09-11,29.5,29.8,28.6,29,25707383
2023-09-12,29.12,30.48,28.8,30.1,24551548
2023-09-13,30.1,32.4,29.8,31.6,42430814
2023-09-14,31.6,32.04,30.06,31.16,26257579
2023-09-15,31.22,31.68,30.44,31.12,16871908
2023-09-18,30.92,32.18,30.08,30.9,23376031
2023-09-19,30.86,31.14,30.1,30.7,12666418
2023-09-20,30.7,32.64,30.6,32.22,27907821
2023-09-21,32.22,34.34,31.8,33.7,47137453
2023-09-22,33.7,35.12,33.62,34.52,25903066
2023-09-25,34.52,36.1,34.1,34.84,28194432
2023-09-26,34.88,36.3,33.88,35.06,31103788
2023-09-27,36.6,38.2,35.44,37.74,142633074
2023-09-28,37.74,40.1,37.74,38.94,36271183
2023-09-29,39.5,39.72,37.76,38.4,22047418
2023-10-02,38.42,39.3,37.72,39,17106717
2023-10-03,39.34,39.9,38.12,39.9,18621094
2023-10-04,40.2,42.54,39.18,41.02,35650537
2023-10-05,41.2,42.04,40.1,40.56,24227529
2023-10-06,40.3,44.4,39.8,43.26,32540367
2023-10-09,43,44.34,41.3,41.3,22128101
2023-10-10,41.3,44.12,41,44,21073977
2023-10-11,44,44.62,42.36,42.64,13640557
2023-10-12,43.72,43.72,40.94,42.78,20281775
2023-10-13,42.18,42.74,39.94,40.34,15323618
2023-10-16,40.84,41.24,39,40.2,21752891
2023-10-17,40.6,41.32,40,40.5,12776072
2023-10-18,39.74,40.52,39.1,40.38,13452575
2023-10-19,40.56,42.98,40.42,40.78,32309235
2023-10-20,40.78,41.1,37.74,38.46,25397941
2023-10-23,38.9,39.7,36.88,38.66,19098898
2023-10-24,41.42,41.46,40,41.12,22597200
2023-10-25,41.2,43.4,39.5,39.76,44760187
2023-10-26,39.24,41.34,38.2,40.4,51918674
2023-10-27,40.56,41.1,38.58,40.78,28231185
2023-10-30,40.2,42.3,39.34,39.84,21622532
2023-10-31,40.44,40.5,37.44,37.44,23828553
2023-11-01,38,38.2,34.9,36.32,36607875
2023-11-02,36.48,38.1,36.28,37.5,28701000
2023-11-03,37.5,37.9,36,36.98,26296067
2023-11-06,37.1,37.62,36.4,36.6,20054948
2023-11-07,36.6,36.6,35.16,35.42,24288811
2023-11-08,35.56,37.54,35.34,36.18,37082859
2023-11-09,35.7,37.14,35.6,37.02,29114289
2023-11-10,36.88,36.88,34.5,34.64,29256051
2023-11-13,34.58,34.94,32.7,33,30587832
2023-11-14,33.12,33.62,32.04,32.48,16505248
2023-11-15,33,34.1,32.3,33.92,23010124
2023-11-16,33.6,34.52,33.58,33.8,15011950
2023-11-17,34.12,36.86,33.9,36.32,33472815
2023-11-20,36.68,36.94,35.7,36.14,22539427
2023-11-21,36.64,37.4,35.12,37.36,25502674
2023-11-22,37.36,39.34,36.76,38.9,23358438
2023-11-23,38.9,41.76,38.4,41,56012264
2023-11-24,41.5,42.8,40.9,41.44,27675049
2023-11-27,41.8,42,40.68,41.96,16009011
2023-11-28,42.1,42.4,39.9,40.6,22778751
2023-11-29,40.6,40.6,38,38.34,22496199
2023-11-30,38.3,38.78,36.5,38.12,41737359
2023-12-01,38.32,39.4,36.78,37.4,19419085
2023-12-04,37.4,37.8,35.68,36.68,15818667
2023-12-05,36.68,39.22,36.28,39.18,20639405
2023-12-06,39.16,39.46,37.82,38.46,19290254
2023-12-07,38.5,38.74,36.56,37.8,16899540
2023-12-08,37.9,39.2,37,39,14441170
2023-12-11,39,39.26,37.04,37.04,12347639
2023-12-12,37.06,37.84,35.48,35.58,17078762
2023-12-13,35.8,35.8,33.86,34.5,14958370
2023-12-14,35.3,36.7,35.04,36.44,21869342
2023-12-15,36.42,37.22,35.9,37.12,13831281
2023-12-18,37,37.26,35.2,35.98,12655923
2023-12-19,35.98,37.42,35.4,37.14,16400377
2023-12-20,37.5,37.52,35.58,36.82,13831707
2023-12-21,36.78,37.22,35.62,36.7,16923969
2023-12-22,36.72,37.24,35.82,36.48,13344825
2023-12-25,36.26,36.3,35.16,36.02,8287010
2023-12-26,36.02,37.88,35.84,37.66,16102880
2023-12-27,37.68,38.82,36.84,38.82,14217007
2023-12-28,38.82,39.6,38.4,39.3,17095821
2023-12-29,39.6,40.56,38.9,40.56,13061356
2024-01-02,41,42.7,40.28,42.2,18051256
2024-01-03,42.04,42.74,41.04,41.76,12969537
2024-01-04,42.9,44,42.56,43.4,32405669
2024-01-05,43.42,45.44,42.4,45.16,33605813
2024-01-08,45.16,46.3,44.2,46.3,28338631
2024-01-09,46.3,47.12,45.44,46.14,15980859
2024-01-10,46.14,46.98,45.68,46.14,15675471
2024-01-11,46.7,47.3,44.74,45,15705759
2024-01-12,44.9,45.4,43.78,44.68,16754610
2024-01-15,44.6,45.76,44.4,44.82,15730046
2024-01-16,44.94,46.08,44.94,45.28,21050314
2024-01-17,45.28,46.4,44.3,45.28,27757842
2024-01-18,45.92,47.18,45.24,46.7,34771455
2024-01-19,46.44,47.86,46.2,46.38,24996907
2024-01-22,46.3,48.2,45.7,47.66,22511563
2024-01-23,47.82,48.9,47.54,48.9,27380914
2024-01-24,49.22,49.8,48.24,49.44,30613755
2024-01-25,49.5,49.9,48.66,48.96,17389328
2024-01-26,48.96,49.38,48.04,48.1,24816080
2024-01-29,48.1,48.26,46.6,47.04,15675501
2024-01-30,47.4,47.86,46.96,47.58,23631394
2024-01-31,47.68,48.48,47.44,47.96,15941023
2024-02-01,47.96,49.42,47.68,48.48,16170338
2024-02-02,48.98,48.98,47.34,47.88,17723161
2024-02-05,47.86,51.2,47.56,51.1,29686146
2024-02-06,51,52.75,50.6,52.75,20588614
2024-02-07,52.75,53.6,52.25,52.75,10277676
2024-02-08,50.75,51.65,48.42,51.35,25882317
2024-02-09,51.55,52.35,50.7,52,12335095
2024-02-12,52.3,52.35,51.15,51.25,9332551
2024-02-13,51.85,55.95,50.5,52.35,20655879
2024-02-14,52.65,54.3,51.6,53.4,16184755
2024-02-15,54.4,55,53.3,53.3,11281160
2024-02-16,53.6,55.4,53.55,55.4,16723328
2024-02-19,56,58,54.85,55,16947869
2024-02-20,52.8,54.65,51.2,52.6,39480336
2024-02-21,54,54,50.5,51,25836498
2024-02-22,51.55,52.2,50.25,50.55,18859415
2024-02-23,50.65,51.25,49,50.35,21960364
2024-02-26,50.35,50.8,49.58,49.58,9362718
2024-02-27,49.64,49.68,47.84,47.92,12056947
2024-02-28,48,48.54,47.02,47.9,7103073
2024-02-29,47.92,50.2,47.56,50.2,12736636
2024-03-01,50.2,51.2,49.5,50.85,11702206
2024-03-04,50.85,51.4,49.46,49.46,9457189
2024-03-05,49.46,49.6,46.66,48.02,11884251
2024-03-06,48.1,48.8,46.64,48,11098477
2024-03-07,48.1,50.55,48.1,49.88,24712733
2024-03-08,50.1,53.4,49.8,53.2,21346322
2024-03-11,54.5,55,52.2,52.65,20234777
2024-03-12,52.65,53.1,51.5,52.25,9037795
2024-03-13,52.25,54.35,51.05,53.25,15153816
2024-03-14,53.1,56.15,52.85,54.85,19398969
2024-03-15,54.85,55.6,53.9,54.2,45907043
2024-03-18,54.1,54.15,50.75,51.8,15279969
2024-03-19,51.75,51.75,49.4,49.88,13679256
2024-03-20,50.2,53.15,49.76,52.35,21377871
2024-03-21,52.35,55,51.4,53.6,23759407
2024-03-22,53.6,54.4,52.05,52.1,12931893
2024-03-25,51.7,52.85,50.35,51.1,13949496
2024-03-26,51.1,51.5,49.8,50.2,8576307
2024-03-27,50.25,50.9,49.84,50.8,5394020
2024-03-28,51,52.05,49.56,49.56,11408157
2024-03-29,49.74,51.1,49.6,51,5397085
2024-04-01,50.9,51.95,49.62,51.05,8341270
2024-04-02,51.1,54.5,50.65,53.15,23972201
2024-04-03,52.6,53.85,51.55,51.55,10172607
2024-04-04,52.05,54,51.65,54,8846353
2024-04-05,53.75,59.35,53.75,57.8,30403234
2024-04-08,57.8,60.5,57,59.8,15772030
2024-04-09,59.85,61.95,59.5,61.15,8649663
2024-04-15,60.75,61,59.65,61,9761552
2024-04-16,61,63.3,60.1,62.05,16338269
2024-04-17,62.3,64.3,60.05,60.6,27754045
2024-04-18,60.6,61.05,59.05,60.8,6915363
2024-04-19,60.05,61.3,59.4,61.05,9221438
2024-04-22,62,63.45,61.6,62.9,22290267
2024-04-24,62.9,65.5,61.65,64.85,15294450
2024-04-25,65.95,66,64.05,64.5,16883092
2024-04-26,66.2,66.25,63.25,64.5,26303557
2024-04-29,66.5,66.75,64,65,13295278
2024-04-30,65.25,66.85,64.7,66.25,14189556
2024-05-02,66.85,66.85,64.25,65,23894988
2024-05-03,65,66.1,64,64.9,12560820
2024-05-06,64.95,66.45,64.35,65.4,13851849
2024-05-07,65.4,66.45,64.7,65.7,13120705
2024-05-08,66,67.85,65.75,66.85,22307671
2024-05-09,66.75,70.7,66.1,69.25,23437997
2024-05-10,68.45,70.3,66.95,69.7,20278926
2024-05-13,71,71.05,68.9,69.65,13353309
2024-05-14,69.65,70.05,67.4,68.55,12743528
2024-05-15,68.55,69,67.4,68.45,8018931
2024-05-16,68.55,72.4,68.35,72.1,22669825
2024-05-17,72.35,76.5,72.3,75.75,23943570
2024-05-20,76.15,77.7,74.75,75.3,19146658
2024-05-21,75.65,76.35,74.1,75.05,16695507
2024-05-22,75.05,75.85,73.1,75.15,13849145
2024-05-23,75,76.95,74.15,75.05,12486280
2024-05-24,75.05,76.35,74.35,75.95,8568253
2024-05-27,76.65,76.95,71.5,74,24428076
2024-05-28,74,74.5,71.8,72.35,9497076
2024-05-29,72.4,73.6,71.45,71.9,9670051
2024-05-30,71.9,73.5,70.15,73.5,10731631
2024-05-31,73.45,76.3,72.85,75.9,14383177
2024-06-03,77,81.2,75.5,80.5,22769930
2024-06-04,80.5,83.4,79.9,81.1,15648287
2024-06-05,81.1,82.2,79.55,81,9227981
2024-06-06,81.9,82.85,79.7,81,11799991
2024-06-07,80.35,81.25,78,80.15,11407442
2024-06-10,80.25,80.4,77.55,79,5873847
2024-06-11,79.45,81,77.2,79.9,13118880
2024-06-12,79.1,79.9,77.3,78.85,11173736
2024-06-13,79.95,82.75,78.65,78.65,16525450
2024-06-14,79.05,82.2,76.4,78.35,15075358
2024-06-20,78.8,79.75,77,77.9,13816813
2024-06-21,77.95,79.05,77.2,78.85,11488521
2024-06-24,78.35,79.65,76,76.15,19716625
2024-06-25,76.15,77.65,74.6,77.3,20844515
2024-06-26,76.95,78.65,75.4,76.95,20971676
2024-06-27,76.95,79.65,76.95,77.8,16299070
2024-06-28,77.6,78.85,76.45,78.25,14173091
2024-07-01,78.4,78.9,73.25,74.6,11313850
2024-07-02,74.6,77.4,72.85,77.4,8708026
2024-07-03,77.4,77.85,75.5,76.9,7002421
2024-07-04,76.9,77.25,74.45,75,15986300
2024-07-05,75.1,75.25,71.05,71.05,13872253
2024-07-08,71,72.3,69.45,69.45,15159132
2024-07-09,69.65,72.5,69.6,71.25,28021891
2024-07-10,71.25,71.75,66.65,68.6,32875281
2024-07-11,69.4,69.4,66.2,67.75,23575282
2024-07-12,68,69.85,67.55,69.1,16733900
2024-07-16,69.55,70.8,69.1,69.1,17488190
2024-07-17,69.3,69.45,67.5,68.15,12699297
2024-07-18,68.55,69.35,67.65,68.05,12716499
2024-07-19,68.2,68.95,67.65,68.1,10130580
2024-07-22,68.4,69.3,67.7,68,12363290
2024-07-23,68.4,68.4,67.25,67.85,7660677
2024-07-24,67.95,69.25,67.2,68.45,10604471
2024-07-25,68.45,68.45,67,67.5,9249866
2024-07-26,68.5,68.65,61.05,63.5,64955950
2024-07-29,63.5,64,59.65,59.8,15920374
2024-07-30,60.05,60.95,57.3,59.6,19714882
2024-07-31,59.5,65.55,58.3,60.2,41913558
2024-08-01,60.7,61.55,59.05,59.3,18264971
2024-08-02,59.5,65.2,58.15,58.7,41920403
2024-08-05,53.75,55.65,52.85,54,40290143
2024-08-06,12.88,13.15,12.35,12.35,10152270
2024-08-07,12.39,13.22,12.22,12.8,39038602
2024-08-08,12.79,12.96,12.51,12.87,18904410
2024-08-09,12.93,13.22,12.77,12.93,20524170
2024-08-12,13,13.13,12.47,12.56,13180790
2024-08-13,12.38,12.8,12.38,12.65,6010863
2024-08-14,12.65,12.79,12.39,12.46,11114600
2024-08-15,12.51,12.86,12.34,12.76,12586310
2024-08-16,12.86,12.88,12.63,12.85,11783020
2024-08-19,12.88,12.92,12.58,12.81,11311430
2024-08-20,12.87,12.97,12.63,12.65,12179690
2024-08-21,12.68,13.47,12.68,13.03,29493141
2024-08-22,13.06,13.44,12.91,12.92,14777280
2024-08-23,12.93,13,12.61,12.61,5992143
2024-08-26,12.83,12.87,12.53,12.55,6939291
2024-08-27,12.55,12.73,12.48,12.6,9741728
2024-08-28,12.64,12.75,12.49,12.49,6838895
2024-08-29,12.4,12.72,12.3,12.58,11287200
2024-09-02,12.64,12.96,12.62,12.94,8674467
2024-09-03,12.94,13.38,12.78,13.01,24649075
2024-09-04,12.99,13.24,12.85,13.1,10857667
2024-09-05,13.13,13.36,13.08,13.31,10571802
2024-09-06,13.24,13.27,12.84,12.85,8048731
2024-09-09,12.87,12.88,12.44,12.55,14158575
2024-09-10,12.55,12.69,12.46,12.47,8727437
2024-09-11,12.47,12.53,11.76,11.91,14575256
2024-09-12,11.97,12.02,11.3,11.8,16299252
2024-09-13,11.84,12.25,11.53,12.21,11789098
2024-09-16,12.22,12.47,12.02,12.02,6752145
2024-09-17,12.12,12.25,11.96,12,7730752
2024-09-18,12.2,12.73,12.07,12.38,22738014
2024-09-19,12.48,12.7,12.1,12.54,15062083
2024-09-20,12.57,12.62,12.31,12.43,5345565
2024-09-23,12.48,12.62,12.35,12.44,7003585
2024-09-24,12.54,12.66,12.32,12.48,13722000
2024-09-25,12.52,12.53,11.98,11.99,10206972
2024-09-26,12.38,12.53,12.08,12.29,13277070
2024-09-27,12.29,12.41,12.18,12.3,5142424
2024-09-30,12.3,12.41,12,12.41,5653231
2024-10-01,12.5,12.5,11.76,11.76,11669395
2024-10-02,11.75,11.75,11.2,11.48,11052250
2024-10-03,11.48,12.36,11.43,11.9,12778316
2024-10-04,11.9,12.41,11.85,12.4,15172739
2024-10-07,12.4,12.57,12.23,12.23,8250778
2024-10-08,12.25,12.58,12.1,12.27,7629863
2024-10-09,12.48,12.55,12.01,12.49,8451452
2024-10-10,12.6,12.8,12.43,12.63,6849769
2024-10-11,12.63,12.68,12.36,12.36,14774633
2024-10-14,12.41,12.44,11.73,11.74,7345499
2024-10-15,11.77,11.9,11.62,11.75,9937068
2024-10-16,11.75,12.16,11.7,12.16,9143071
2024-10-17,12,12.26,12,12.17,7981020
2024-10-18,12.18,12.42,11.94,12.19,10711915
2024-10-21,12.19,12.3,11.92,11.92,5015319
2024-10-22,11.98,12.3,11.97,12.26,10107354
2024-10-23,12.29,12.45,12.04,12.1,8096798
2024-10-24,12.5,13.1,12.14,12.9,39646441
2024-10-25,12.9,13.09,12.66,12.93,32013314
2024-10-28,12.95,13.05,12.75,12.86,4314667
2024-10-30,12.86,13.02,12.52,12.88,19330915
2024-10-31,12.89,13.13,12.76,12.92,14297059
2024-11-01,12.92,13.21,12.74,13.18,13594138
2024-11-04,13.16,13.56,13.01,13.2,15285528
2024-11-05,13.26,13.35,12.86,12.91,9905107
2024-11-06,12.91,13.24,12.91,12.99,11645766
2024-11-07,13,13.28,12.9,13.22,11211146
2024-11-08,13.25,13.31,13.15,13.19,14644041
2024-11-11,13.25,13.3,12.95,12.96,13678019
2024-11-12,12.99,13.08,12.87,12.92,11680907
2024-11-13,12.9,13.02,12.76,12.92,8833123
2024-11-14,12.92,13.19,12.92,13.16,11126659
2024-11-15,13.18,13.25,12.98,13.04,11544470
2024-11-18,13.05,13.1,12.74,12.76,10003612
2024-11-19,12.8,12.86,12.6,12.6,9332452
2024-11-20,12.63,12.69,12.21,12.21,12941557
2024-11-21,12.49,12.53,12.28,12.41,15213521
2024-11-22,12.43,12.65,12.36,12.47,15571214
2024-11-25,12.59,12.9,12.59,12.7,20056611
2024-11-26,12.77,13.39,12.67,13.15,43003679
2024-11-27,13.25,13.33,12.87,13.11,19867396
2024-11-28,13.12,13.16,12.71,12.75,17219245
2024-11-29,12.81,13.25,12.76,13.14,30432005
2024-12-02,13.16,13.53,12.87,13,27558452
2024-12-03,13.03,13.49,13.03,13.26,29112056
2024-12-04,13.39,13.5,13.18,13.34,35306759
2024-12-05,13.41,13.76,13.35,13.64,37584334
2024-12-06,14.05,14.19,13.8,13.91,52736082
2024-12-09,14.05,14.15,13.81,13.89,30218785
2024-12-10,13.9,13.96,13.59,13.64,15988523
2024-12-11,13.71,13.91,13.57,13.9,22591153
2024-12-12,13.91,14.62,13.86,14.3,38147147
2024-12-13,14.3,14.77,14.27,14.7,26986355
2024-12-16,14.73,15,14.45,14.61,23766152
2024-12-17,14.65,14.81,14.53,14.66,19061822
2024-12-18,14.63,15.02,14.61,14.75,17800686
2024-12-19,14.66,14.97,14.61,14.81,45425161
2024-12-20,14.9,15.34,14.8,15.12,39415293
2024-12-23,15.2,15.67,15.13,15.6,46464451
2024-12-24,15.62,15.83,15.44,15.6,28029428
2024-12-25,15.72,15.74,15.46,15.5,23712545
2024-12-26,15.55,15.61,15.11,15.4,20630427
2024-12-27,15.5,16.78,15.41,16.59,41190993
2024-12-30,16.48,18.07,16.43,17.98,63886512
2024-12-31,17.88,18.42,17.13,18.33,149748292
2025-01-02,17.85,18.48,16.5,16.98,35861038
2025-01-03,16.98,17.2,15.92,16.05,34823817
2025-01-06,16.05,16.45,15.98,15.98,16847622
2025-01-07,16.01,16.15,15.82,15.99,10351810
2025-01-08,15.99,16.06,15.62,15.62,8781660
2025-01-09,15.68,16.42,15.68,16.2,19136410
2025-01-10,16.21,16.6,16.2,16.22,15488842
2025-01-13,16.22,16.38,15.8,16.25,16957257
2025-01-14,16.23,16.55,16.05,16.08,18709011
2025-01-15,16.17,16.25,15.73,15.87,7697915
2025-01-16,16.01,16.75,15.77,16.55,24915133
2025-01-17,16.55,17.4,16.46,17.34,17366243
2025-01-20,17.4,17.78,17.19,17.51,16313617
2025-01-21,17.48,17.59,16.96,17.07,12682402
2025-01-22,17.1,17.19,16.8,17,8913957
2025-01-23,17.02,17.22,16.63,16.82,14364483
2025-01-24,16.9,17.09,16.66,16.86,15011610
2025-01-27,16.86,17.07,16.75,16.85,9159810
2025-01-28,17,17.39,16.87,17.3,20448545
2025-01-29,17.45,17.7,17.22,17.47,21815202
2025-01-30,17.27,17.95,17.15,17.9,17324349
2025-01-31,17.95,18.08,17.51,17.94,11416982
2025-02-03,17.94,18,17.16,17.68,11250536
2025-02-04,17.68,18.25,17.63,17.98,13713702
2025-02-05,18.05,18.12,17.27,17.7,11851424
2025-02-06,17.73,17.93,17.62,17.66,10365989
2025-02-07,17.77,18.11,17.7,17.73,13684323
2025-02-10,17.87,18.44,17.72,18.02,21030474
2025-02-11,18.02,18.22,17.88,18.04,12807421
2025-02-12,18.04,18.21,17.51,17.67,15189610
2025-02-13,17.72,18,17.51,17.96,8532958
2025-02-14,17.96,18,17.6,17.6,7796029
2025-02-17,17.65,17.7,17.09,17.35,8802576
2025-02-18,17.26,17.48,17.15,17.35,9226183
2025-02-19,17.35,17.56,17.2,17.23,11366349
2025-02-20,17.22,17.63,17.2,17.53,12338884
2025-02-21,17.7,17.7,17.09,17.22,10925286
2025-02-24,17.39,17.42,17.15,17.18,6920076
2025-02-25,17.19,17.34,16.52,16.6,13975623
2025-02-26,16.73,16.95,16.53,16.75,9825542
2025-02-27,16.75,16.82,16.52,16.66,8335367
2025-02-28,16.62,16.68,16,16.27,18240926
2025-03-03,16.36,16.49,16.12,16.15,9215933
2025-03-04,16.17,16.63,16.17,16.53,12451266
2025-03-05,16.75,16.83,16.49,16.59,8312203
2025-03-06,16.61,16.7,16.4,16.54,12200644
2025-03-07,16.63,17.2,15.85,17,27241944
2025-03-10,17,17.14,16.66,16.84,7469130
2025-03-11,16.84,16.87,16.55,16.71,7489644
2025-03-12,16.78,16.86,16.54,16.73,9272402
