Date,Open,High,Low,Close,Volume
2000-01-03,449,449,449,449,0
2000-01-04,448,449,442,442,661000
2000-01-05,430,436,430,432,856850
2000-01-06,429,429,421,428.5,694960
2000-01-07,424,431,424,430,1062890
2000-01-10,436,439,435,438,646240
2000-01-11,440,440,436,437.5,746140
2000-01-12,435,436,433,435,744000
2000-01-13,436,436,434,434.5,644100
2000-01-14,436,440,436,439,101950
2000-01-17,442,445,442,444,1160620
2000-01-18,444,446,440,440.5,343870
2000-01-19,435,439,435,437.5,274190
2000-01-20,437.5,442,437.5,440,472460
2000-01-21,437,440,436.5,438,273540
2000-01-24,439,443,439,441,268450
2000-01-25,436,437.5,435,436.5,492180
2000-01-26,439,442,439,440,575800
2000-01-27,442,442,439,440,1517070
2000-01-28,442,442,439,440.5,401540
2000-01-31,437,440,436,436.5,496760
2000-02-01,438,443,438,441,539080
2000-02-02,444,447,443,445.5,318750
2000-02-03,445,456,445,455.5,2235770
2000-02-04,459,465,459,463.5,255350
2000-02-07,468,477,468,474,308120
2000-02-08,476,493,476,493,383640
2000-02-09,504,518,504,508.5,712410
2000-02-10,503.5,503.5,492,495.5,369500
2000-02-11,500,507,500,502.5,2182210
2000-02-14,503,503,500,501.25,350830
2000-02-15,503,508,500,501.5,3005480
2000-02-16,504,509.5,503,505,560960
2000-02-17,506.5,507,502,503,216030
2000-02-18,504,504,502,502.5,206370
2000-02-21,495,497,491,494.5,1098780
2000-02-22,498,499,496,499,1364090
2000-02-23,494,497,494,495.5,466100
2000-02-24,499,503,497.5,500.5,256720
2000-02-25,499,504,499,502.5,377420
2000-02-28,501,502,495,496,711880
2000-02-29,495.5,505,495.5,504.5,455270
2000-03-01,508,512,507,510.5,361480
2000-03-02,511,513,509,513,730150
2000-03-03,516,525,516,525,396060
2000-03-06,529,532,527,530.5,1264350
2000-03-07,532,533,528,528.5,512740
2000-03-08,520,525,520,520.5,1365000
2000-03-09,523,526,523,523,486630
2000-03-10,528,529,526,529,582790
2000-03-13,530,530,515,515,604740
2000-03-14,517,518,515,516.5,652000
2000-03-15,515,516,512,513,447760
2000-03-16,515,515,510,512,658430
2000-03-17,517,518,513,515,511180
2000-03-20,516,516,515,515,564340
2000-03-21,512.5,513,508,509.5,766450
2000-03-22,509,512,505,506.5,1536400
2000-03-23,507,507.25,500,501.5,556170
2000-03-24,501.5,504,499,503.5,1511590
2000-03-27,502,505,501,502.5,1268120
2000-03-28,504,506,502,503,1019320
2000-03-29,503,505,500,502,1170340
2000-03-30,499,501,494,496,2400190
2000-03-31,488,491,468,489.5,1306010
2000-04-03,491,491,478.26,479.75,1028060
2000-04-04,472,482,471,481,888390
2000-04-05,472,478,460,460.5,959090
2000-04-06,465,473,465,471.5,755050
2000-04-07,473,475,473,475,326620
2000-04-10,477.5,483,477.5,481.5,165910
2000-04-11,476.5,477,472,473.5,510220
2000-04-12,476.5,483,472,477.5,250050
2000-04-13,473,474,470,471.5,223380
2000-04-14,469,469,462,462.5,175360
2000-04-17,440,449,438,448.5,1365040
2000-04-18,450,452,448,449,966770
2000-04-19,458,458,453,453.5,304960
2000-04-20,454,459,454,459,477860
2000-04-21,459,459,459,459,0
2000-04-24,459,459,459,459,0
2000-04-25,456.5,462,456.5,460.5,136330
2000-04-26,464.5,469,464,467,253560
2000-04-27,466.5,468,460,462,392990
2000-04-28,463.5,464,463,464,233050
2000-05-01,464,464,464,464,0
2000-05-02,467.5,470,467.5,469,341350
2000-05-03,467,467,465,467,287740
2000-05-04,463.75,466.5,463,465.5,225950
2000-05-05,468.5,472.25,463,472.25,1172710
2000-05-08,473,475,471,473,659060
2000-05-09,471.5,473,469,473,370340
2000-05-10,470.25,473,467,469.5,253330
2000-05-11,465,476,464.5,472,826710
2000-05-12,472,476,472,475,348980
2000-05-15,477,477,475,475,289760
2000-05-16,477,485,477,485,412990
2000-05-17,485,485,480.5,482,798360
2000-05-18,480,488,480,488,672590
2000-05-19,485,485.5,482,483,1186570
2000-05-22,480,490,480,486,1030720
2000-05-23,490,494,487,491,1854700
2000-05-24,483,489,483,489,531510
2000-05-25,489.75,495,489.75,493.5,367210
2000-05-26,493.5,495,490,495,316990
2000-05-29,495,495,495,495,0
2000-05-30,502,508,501,505,234700
2000-05-31,510,515,510,515,214060
2000-06-01,514,519.5,513,519,472320
2000-06-02,521,535,521,535,860810
2000-06-05,540,540,535,538,452740
2000-06-06,535.5,541,535.5,541,943690
2000-06-07,540.5,540.5,535,535,568110
2000-06-08,535,541,535,538,469730
2000-06-09,537,539,535,537,16729690
2000-06-12,537,537,535,535,269760
2000-06-13,534,535,533,535,198610
2000-06-14,534,534,531,531,1827730
2000-06-15,534,534,532,532.5,114010
2000-06-16,534,535,531,533,8859310
2000-06-19,535,535,531,533,223580
2000-06-20,534,535,532,535,762730
2000-06-21,535,535,531,532,157100
2000-06-22,531,535,531,535,1627820
2000-06-23,529,529,525,525.5,992420
2000-06-26,528,529,525,529,410480
2000-06-27,525,529,525,527,928140
2000-06-28,525,529,525,526.5,169570
2000-06-29,527,527,513,513,411800
2000-06-30,509,513,509,511.5,180300
2000-07-03,513,513,511,512,276720
2000-07-04,515,517,512.75,515,115750
2000-07-05,517,518,514,516.5,310440
2000-07-06,517.5,520,515,517.5,213130
2000-07-07,518,520,516,518,126130
2000-07-10,519,522,517,519.5,294750
2000-07-11,521,530,521,525.5,1531520
2000-07-12,528,535,528,534.5,611620
2000-07-13,538,538,531,535.5,2151040
2000-07-14,538,542,538,538.5,169100
2000-07-17,540,545,540,542.5,321310
2000-07-18,544,544,540,541.5,214750
2000-07-19,547,550,543,549,253250
2000-07-20,548,553,545,553,710180
2000-07-21,554,554,550,550.5,1336480
2000-07-24,549,550.5,549,550.5,1243320
2000-07-25,549,549,548,549,1006310
2000-07-26,546,546,545,545.5,192590
2000-07-27,542,542,542,542,547110
2000-07-28,542,543,534,539,729240
2000-07-31,530,534,530,531,319670
2000-08-01,533,533,530,531.5,119580
2000-08-02,530,533,530,531.5,136400
2000-08-03,531.5,531.5,524,525,252510
2000-08-04,527,527,525,526,354770
2000-08-07,526,526,521.5,523,183720
2000-08-08,523.5,524,520,523,418690
2000-08-09,524,530,524,527,465000
2000-08-10,526,531,525,529,2087760
2000-08-11,528,538,528,535,364220
2000-08-14,537,541,535,539.5,264160
2000-08-15,545,547,542,544.5,175060
2000-08-16,543,548,542,547,1332110
2000-08-17,547,548,543,546,246390
2000-08-18,547,550,545,549,477620
2000-08-21,550,552,549,550.5,1703090
2000-08-22,552,552,549,551,411630
2000-08-23,553,553,541,543,649360
2000-08-24,544,545,541,543,173990
2000-08-25,542,545,542,543.5,107520
2000-08-28,543.5,543.5,543.5,543.5,0
2000-08-29,545,546,542,544,393640
2000-08-30,546,548,543,545.5,522340
2000-08-31,547.5,549,543,548,377060
2000-09-01,547,561,547,560,1168960
2000-09-04,566.5,570,562,568,319470
2000-09-05,566.5,570,566,567,1320320
2000-09-06,569,569,564,566.5,481360
2000-09-07,566.5,566.5,562,564.5,238800
2000-09-08,564,565,558.5,559,120860
2000-09-11,559,559,553,555,4292910
2000-09-12,554,554,549,550.5,576910
2000-09-13,552,552,545.5,545.5,221690
2000-09-14,547.5,556,547.5,554.5,512670
2000-09-15,556,556,552,552,260400
2000-09-18,551,551,547,549,425980
2000-09-19,550,550,547,549,405010
2000-09-20,548,552,547,547.5,430150
2000-09-21,543,543,531,535,355020
2000-09-22,522,537,522,536.5,630030
2000-09-25,539,546,536,544,1093720
2000-09-26,542.5,543,538,539.5,424680
2000-09-27,538,541,538,539.5,292360
2000-09-28,537,539,534,538,253140
2000-09-29,545,549,545,547,212470
2000-10-02,543,548,543,546.5,162830
2000-10-03,545,548,544,546,550880
2000-10-04,544,548,544,546,110270
2000-10-05,545,548,544,546,284270
2000-10-06,544.5,548,544,545.5,177930
2000-10-09,541,545,536,538,189140
2000-10-10,541,541,536,538,386190
2000-10-11,531,532,523,523.5,302490
2000-10-12,525,526,521.5,521.5,224310
2000-10-13,515,517,510,515,415770
2000-10-16,517,518,513,515.5,665220
2000-10-17,518,518,513,515,58210
2000-10-18,512,512,499,502,491650
2000-10-19,501.5,510,501.5,510,439240
2000-10-20,518,518,516,517,883370
2000-10-23,518,518,515,516.5,281460
2000-10-24,517,519,515.5,519,279430
2000-10-25,520,520.5,513,514.5,198930
2000-10-26,515,518,515,517,184590
2000-10-27,520,525,520,522.5,269280
2000-10-30,524,525,520,522.5,205620
2000-10-31,525,527,522,525.5,601830
2000-11-01,532,537,529,535,177390
2000-11-02,542,545,540,543.5,65240
2000-11-03,544,552,544,549.5,764570
2000-11-06,549,557,549,556,1339900
2000-11-07,557,557,552,552.5,189560
2000-11-08,552,556,552,554,172550
2000-11-09,556,556,550,552,675480
2000-11-10,550.5,554,549,549,108750
2000-11-13,545.5,546,534,536,445070
2000-11-14,539,552,539,550,573940
2000-11-15,548,552,546,551,635120
2000-11-16,549,549,540,542,365890
2000-11-17,542.5,545,540,542,240930
2000-11-20,544,545,541,541,678460
2000-11-21,540,543,538,540.5,1116950
2000-11-22,541,541,525,526.5,205440
2000-11-23,528,528,523,526.5,203140
2000-11-24,531,531.5,530,530,39480
2000-11-27,533,544,533,542.5,184490
2000-11-28,542.5,542.5,535,536.5,875820
2000-11-29,532,534,530,533.5,205680
2000-11-30,532,532,526,529,338390
2000-12-01,533,544,533,544,201820
2000-12-04,539.5,540,535,536,248290
2000-12-05,541,549,541,547.5,289450
2000-12-06,554,557,550,553.5,803630
2000-12-07,552,555,551,553,249230
2000-12-08,554,571,553,570,467000
2000-12-11,575,578,573,576,397880
2000-12-12,578,578,572,574,485200
2000-12-13,573,576,573,573.5,202740
2000-12-14,564,568,557.5,557.5,186790
2000-12-15,552,554,544,545.5,382980
2000-12-18,549.5,553,548,550.5,585090
2000-12-19,549,552,546,550.5,303290
2000-12-20,550,550,536,538,671540
2000-12-21,531,540,531,538.5,310840
2000-12-22,539.75,540,538,539.5,131530
2000-12-25,539.5,539.5,539.5,539.5,0
2000-12-26,539.5,539.5,539.5,539.5,0
2000-12-27,540,542,540,542,318140
2000-12-28,542,548,542,546.5,373710
2000-12-29,547,549,547,548.5,644700
2001-01-01,548.5,548.5,548.5,548.5,0
2001-01-02,548.75,561,548,559.5,413310
2001-01-03,559.5,560,556.5,558,221840
2001-01-04,579,592,573,590.5,1937510
2001-01-05,589.75,592,589,590.5,555630
2001-01-08,587,590,586,587.5,157490
2001-01-09,585.5,587,582,583,227740
2001-01-10,584,584,576,577.5,548270
2001-01-11,575.5,579,574,576.5,127790
2001-01-12,580,589,579,587,254970
2001-01-15,594,598,592,596.5,552970
2001-01-16,599,599,590,592,2485750
2001-01-17,593,598,591,596,2560000
2001-01-18,598,598,594,596,299930
2001-01-19,598,601,597,597.5,626320
2001-01-22,597,600,593,596,416820
2001-01-23,596,597,588,590,777530
2001-01-24,592.5,594,589,592.5,481310
2001-01-25,591,594,591,593,580560
2001-01-26,592,592,590.941,592,466010
2001-01-29,589.5,594,588.941,591.5,3264340
2001-01-30,592,596,591,594,3548010
2001-01-31,598,598,593,595,754120
2001-02-01,596,597,591.941,594,340770
2001-02-02,595,598,592,595.5,915760
2001-02-05,594,595,591,593,279970
2001-02-06,594.5,598,592.407,596.5,873160
2001-02-07,597,597,594,595,738900
2001-02-08,593,598,593,596,554090
2001-02-09,596.75,598,593,594.5,831650
2001-02-12,595,599,593,597.5,670240
2001-02-13,598.75,600,595,598.5,331170
2001-02-14,597.5,597.5,591.5,593,464940
2001-02-15,594,596,591,593.5,436700
2001-02-16,596,596,587,589.5,244220
2001-02-19,590.5,590.5,586,588,348190
2001-02-20,591,596,586,593.5,815630
2001-02-21,590,594,590,592,1271800
2001-02-22,591,599.5,591,596,2039620
2001-02-23,597,599,584,587.5,716620
2001-02-26,590,593,587,590.5,995380
2001-02-27,595.75,602,593,598,1162210
2001-02-28,597,597,591,592.5,503330
2001-03-01,590,593,586,589,489090
2001-03-02,590.5,591,585,587.5,289260
2001-03-05,588.75,590,585,588,634320
2001-03-06,593,599.5,592,599.5,639120
2001-03-07,597.75,600,597,599,545010
2001-03-08,602.25,604,600,602,480250
2001-03-09,604,604,591,599.5,2712990
2001-03-12,598,598,588,591.5,1350810
2001-03-13,579.25,584,579,581.5,1152250
2001-03-14,579,581,567,572.5,2768670
2001-03-15,570,575,566,567.5,852740
2001-03-16,567,567,546.5,546.5,554280
2001-03-19,548,548,538,540,507500
2001-03-20,542,542,538,541,759230
2001-03-21,536,536,517,519,800340
2001-03-22,510.75,510.75,493,495.5,1022120
2001-03-23,495,505,495,503.5,935490
2001-03-26,507,514,506,512,4966780
2001-03-27,512,521,510,519,895580
2001-03-28,520.5,521,513,516,1075660
2001-03-29,509,517,508,514.5,1006900
2001-03-30,517,517,512,513,1360390
2001-04-02,513.5,516,512,513,937710
2001-04-03,514,515,511,511.5,1025180
2001-04-04,508,512,505,510.5,982490
2001-04-05,515,520,512,519,1318120
2001-04-06,524,529,524,524.5,388520
2001-04-09,524,525,521,522.5,1014730
2001-04-10,528,530,524,528.5,243060
2001-04-11,531,534,527,532,449650
2001-04-12,534,534,530,532,373620
2001-04-13,532,532,532,532,0
2001-04-16,532,532,532,532,0
2001-04-17,534,534,529,531.5,285610
2001-04-18,536,548.5,534,548.5,1195730
2001-04-19,551,557,548,555,870860
2001-04-20,556,562,555,559.5,871430
2001-04-23,562,562,555,559.5,1708650
2001-04-24,558,562.5,557,560.5,1518400
2001-04-25,555,559,555,557,470520
2001-04-26,559,559,554,556.5,2075380
2001-04-27,557,559,554,556.5,1273310
2001-04-30,558,569,554,567,372610
2001-05-01,570,577.5,565,577.5,721260
2001-05-02,586,591,584,587.5,1847360
2001-05-03,589,590,582.5,582.5,1331770
2001-05-04,581,583,579,580.5,1003250
2001-05-07,580.5,580.5,580.5,580.5,0
2001-05-08,582,583,577,580,1268190
2001-05-09,576.5,580,573,574.5,1021020
2001-05-10,572,579,572,578.5,290760
2001-05-11,579,579,578,578.5,364320
2001-05-14,579,579,540,576,8833010
2001-05-15,578,578,574,576,159470
2001-05-16,576,578,574,576,809720
2001-05-17,580,580,577,578,835560
2001-05-18,577,579,575,577,995350
2001-05-21,579,579,575,577,644140
2001-05-22,580,580,576,578,1390630
2001-05-23,578.5,579,573,574,925980
2001-05-24,570,574,568,571.5,905330
2001-05-25,569,573,567,568.5,594270
2001-05-28,568.5,568.5,568.5,568.5,0
2001-05-29,569,573,567,570,811550
2001-05-30,563.5,564,557,557,620060
2001-05-31,557.25,558,555,556.5,549220
2001-06-01,560,560,551,554,1016310
2001-06-04,557,557,550,552.5,439080
2001-06-05,550,556,550,554.5,219640
2001-06-06,564,571,563,568.5,527380
2001-06-07,570,574,569,572,458900
2001-06-08,578,590,578,586.5,419090
2001-06-11,589,589,583,586,620060
2001-06-12,587,587,578,579.5,289770
2001-06-13,579,581,578,579.5,479210
2001-06-14,577,577,574,574.5,998750
2001-06-15,574,577,570,572,1056590
2001-06-18,576,576,570,572.5,437450
2001-06-19,570,575,570,574,270200
2001-06-20,573,573,566,568.5,3627610
2001-06-21,569,569,568,568.5,279610
2001-06-22,569,570,566,566,655060
2001-06-25,565,568,565,566,172300
2001-06-26,565,567,557,558.5,1251210
2001-06-27,557,559,557,558,1349050
2001-06-28,557,557,554,556,743940
2001-06-29,560,561,558,560.5,412540
2001-07-02,560.5,566,560,564,746480
2001-07-03,564,566,564,565,785060
2001-07-04,566,566,564,565,393120
2001-07-05,561,564,561,562.5,273370
2001-07-06,560,560,555.5,555.5,464010
2001-07-09,550,550,548,549,313450
2001-07-10,550,553,550,552,952910
2001-07-11,549,550,548,549,326750
2001-07-12,551,553,551,552.5,700820
2001-07-13,554,554.054,549,549.5,973690
2001-07-16,550,550,549,549.5,273540
2001-07-17,546,547,541,543,387580
2001-07-18,542,545,541,542,281310
2001-07-19,542.5,543,538,539.5,842760
2001-07-20,538,541,538,539.5,1515960
2001-07-23,537,539,536,537.5,1150320
2001-07-24,537,538,536,536,416540
2001-07-25,537,538.5,535,536,299960
2001-07-26,536.5,536.5,532.5,534.5,406720
2001-07-27,535,536.5,533,534.5,1066660
2001-07-30,535.5,536,533,534.5,388560
2001-07-31,533.5,536,531,533.5,718380
2001-08-01,533,536,532,534,707640
2001-08-02,533.77,542,533.77,540.5,1902840
2001-08-03,543,545,539,541.5,3252530
2001-08-06,540,543,540,542,472120
2001-08-07,543,543,541,542.5,974380
2001-08-08,542,542,541,541.5,305240
2001-08-09,540.799,540.799,538,538.5,262750
2001-08-10,539,539,538,538.5,166180
2001-08-13,539,539,538,538.5,562500
2001-08-14,541.5,547,541.5,545.5,1164600
2001-08-15,546.5,547,544,545.5,595900
2001-08-16,546,547,543,544.5,151790
2001-08-17,543,546,543,544.5,364120
2001-08-20,543,546,543,544,822050
2001-08-21,543,545,543,544,493590
2001-08-22,545,545,543,544.5,877190
2001-08-23,544,545,544,544.5,523050
2001-08-24,545,545,542,543.5,199270
2001-08-27,543.5,543.5,543.5,543.5,0
2001-08-28,544,545,540,542,1471870
2001-08-29,540,543,539,541,267960
2001-08-30,540,543,539,541,353600
2001-08-31,542,543,537,540,165530
2001-09-03,542,542,535,537.5,147750
2001-09-04,537,542,535,537,396330
2001-09-05,531,535,530,532,302730
2001-09-06,533,533,520,522.5,1028040
2001-09-07,520,524,517,519,517430
2001-09-10,514,514,507,511.5,1227110
2001-09-11,513,513,502.5,502.5,304060
2001-09-12,498,504,495,497,705820
2001-09-13,490,490,486,487,231110
2001-09-14,485,485,475,477.5,125170
2001-09-17,475,480.5,471,480.5,1890570
2001-09-18,477,481,475,477.5,772840
2001-09-19,475,478.5,473,473.5,261970
2001-09-20,471,475,459,459.5,977310
2001-09-21,441,449,432.2,446.5,1045030
2001-09-24,444.25,452.5,443,452.5,596090
2001-09-25,456,460,450,454.5,4096670
2001-09-26,455.75,457,452,455,806810
2001-09-27,456.8,457,452,454.5,911560
2001-09-28,453.29,457,453.29,456.5,3255870
2001-10-01,458.85,459,450.2,452,635140
2001-10-02,451,452,448,450,187830
2001-10-03,448.8,449,445,447,213360
2001-10-04,450.85,454,450,452.5,519380
2001-10-05,451.5,454,451,453,273870
2001-10-08,445,448,443,446,521090
2001-10-09,445,450,444,447.5,432620
2001-10-10,446,450,446,449.5,2714560
2001-10-11,459,468.75,459,466,643980
2001-10-12,467,467,459,461.5,1731120
2001-10-15,463,463,457,460.5,662810
2001-10-16,461,462,456,457.5,1436800
2001-10-17,457,463.9,457,463,3337890
2001-10-18,458.2,462,457,460,827620
2001-10-19,453,456.75,451.5,453.5,3457160
2001-10-22,457,457,452,456,2335020
2001-10-23,462.5,469,462,466.5,639470
2001-10-24,464.25,477.7,464.25,473,510080
2001-10-25,475.75,478,466,466,773580
2001-10-26,474.7,480,470.3,477.5,828590
2001-10-29,475.25,479.75,475.15,476.5,304300
2001-10-30,470,470,458.2,460,1094940
2001-10-31,460.85,463,456,461,1882530
2001-11-01,458.5,465.7,458.5,462.5,208490
2001-11-02,468.65,469,463.25,466,446370
2001-11-05,469,478.75,467.25,476.5,214010
2001-11-06,482.7,484,477,481,517690
2001-11-07,484.75,485,481,483.5,222210
2001-11-08,482,500,482,500,1269690
2001-11-09,499,503,498,500.5,616720
2001-11-12,502.75,503,491,492,351860
2001-11-13,491.3,502.7,491.3,500,603810
2001-11-14,504.7,507.5,502,504,1035250
2001-11-15,506,507,502.25,505,741300
2001-11-16,509,511,506,508,293200
2001-11-19,509.8,518,509.8,515,552380
2001-11-20,514.5,516,509.297,512.5,910190
2001-11-21,514.75,515,511,512.5,185130
2001-11-22,513.8,517,513,515.5,272380
2001-11-23,517,518,513.25,517.5,981830
2001-11-26,523,529,519,526,905690
2001-11-27,528,533.5,528,528,695330
2001-11-28,528,531,524.5,524.5,1017260
2001-11-29,520,525,519,522.5,465500
2001-11-30,530,532,527,529.5,394780
2001-12-03,532,532,525,528,124140
2001-12-04,530.75,531,526.25,528.5,195980
2001-12-05,533,537,530.25,536.5,413240
2001-12-06,541,544,540.1,542,2015120
2001-12-07,544,547,540,542.5,439860
2001-12-10,544.75,544.75,537,542,416390
2001-12-11,542.7,543,537.3,540,882600
2001-12-12,542.7,544,537.35,540.5,252450
2001-12-13,540,540.8,533.35,535,270960
2001-12-14,535,535,530.25,531.5,949600
2001-12-17,530,534,529.5,532.5,395550
2001-12-18,534,536,532.1,535.5,135510
2001-12-19,537,537,535,536,736660
2001-12-20,536.5,536.5,532,534,330050
2001-12-21,530,534,528,531.5,555460
2001-12-24,533.75,534,529,531.5,448760
2001-12-25,531.5,531.5,531.5,531.5,0
2001-12-26,531.5,531.5,531.5,531.5,0
2001-12-27,532,532,529.15,530.5,383610
2001-12-28,533.8,534.8,530,533,61930
2001-12-31,531.2,535,531,533,21430
2002-01-01,533,533,533,533,0
2002-01-02,535,540,532,538,320050
2002-01-03,540,552,540,552,549390
2002-01-04,556,561.65,553,558.5,514090
2002-01-07,561.65,562,555,557.5,553700
2002-01-08,556,560,555.15,556.5,404190
2002-01-09,555.15,558.5,554,556.5,470260
2002-01-10,557.5,557.65,551,553.5,648150
2002-01-11,556,557,553,555.5,353930
2002-01-14,556.8,556.8,546.5,546.5,678350
2002-01-15,546.5,550.75,543.2,548.5,285710
2002-01-16,549.65,550,542.3,545,1187540
2002-01-17,544,547,541,544.5,1604020
2002-01-18,546.75,547,538,543,1402300
2002-01-21,543.75,544,538,541,256890
2002-01-22,539,543,538,541,2378900
2002-01-23,539,543,539,541,1087100
2002-01-24,543,545,541.2,543.25,3913070
2002-01-25,544,545,541.5,543.25,541720
2002-01-28,545,545,541.5,543,947030
2002-01-29,542,544,540,540.5,259120
2002-01-30,538.65,539,532,535.5,546080
2002-01-31,538.7,540,534,537.5,236300
2002-02-01,536.3,542.65,536,539.5,399510
2002-02-04,542,542.65,536,539.5,224020
2002-02-05,536.1,540,536,539,970870
2002-02-06,541,541.7,535,537.5,605780
2002-02-07,535,539,531.3,534,293150
2002-02-08,536,537.7,531,535,816870
2002-02-11,538,542,535,539,310920
2002-02-12,544,545,540,542,455750
2002-02-13,540.2,546.65,540,544.5,668680
2002-02-14,551,551,547.5,547.5,1664500
2002-02-15,547.5,550,545,546,252980
2002-02-18,544.85,545,542,543.5,466200
2002-02-19,545,545,537,539.5,467160
2002-02-20,542,544,538,541.5,996570
2002-02-21,544,547,540,544,722050
2002-02-22,540.35,546,540,543,433160
2002-02-25,544,548,540,546,684750
2002-02-26,551.7,557,548.3,552.5,771800
2002-02-27,552.3,562,552.3,559.5,456400
2002-02-28,561,561,554,557.5,191750
2002-03-01,554,562.7,554,559.5,276390
2002-03-04,563.8,568.7,560.2,565,1537100
2002-03-05,569,569.65,560,561.5,569020
2002-03-06,564,564.7,558,561,409690
2002-03-07,563.7,565,558,562.5,1454340
2002-03-08,565,565,560,562.5,660530
2002-03-11,565,565,558,560,478180
2002-03-12,561,561,551,554,1611020
2002-03-13,556,559.75,554,557.5,1592900
2002-03-14,555,562.7,555,560,525280
2002-03-15,562,565,558,561.5,774340
2002-03-18,564.75,573,561.2,571.5,1129790
2002-03-19,570,576,570,574,1919300
2002-03-20,575,576,568,571.5,1267140
2002-03-21,570.8,570.8,567,567.5,1379680
2002-03-22,568,568,565.15,566.5,671210
2002-03-25,567.85,570,565,567.5,1024120
2002-03-26,567,568,560,565.5,946170
2002-03-27,567,568,563,566.5,1496880
2002-03-28,567.5,570,565.5,568,1244840
2002-03-29,568,568,568,568,0
2002-04-01,568,568,568,568,0
2002-04-02,569.5,570,566,568,1329580
2002-04-03,570,570,566,567.5,1054460
2002-04-04,566,569,562,566,1537340
2002-04-05,566,571,565,568,1012720
2002-04-08,570,570.7,558,561.5,477270
2002-04-09,569.7,570,564.3,567.5,472180
2002-04-10,567.5,572.5,565.15,572.5,724780
2002-04-11,570.3,578,570,570.5,570290
2002-04-12,567.9,571,566,568.5,1131270
2002-04-15,569.85,570,567,568.5,485070
2002-04-16,568.5,589.7,568,587,2149930
2002-04-17,591.9,597.7,591.9,593,1337630
2002-04-18,588.3,593.7,584,586.5,1372950
2002-04-19,588.7,589,583,586,737610
2002-04-22,588.7,588.7,575,577,836380
2002-04-23,580,582.75,576,578.5,1966550
2002-04-24,583,584,578.5,581.25,739880
2002-04-25,584,584,577,578.5,716160
2002-04-26,580,582,577,579.5,983150
2002-04-29,576,581.65,575,578.5,412680
2002-04-30,580,586,577,586,1127210
2002-05-01,588.75,591,584.25,585.5,534250
2002-05-02,592,594,588,591.5,448470
2002-05-03,589.2,600,589.2,596,577380
2002-05-06,596,596,596,596,0
2002-05-07,592.1,593,585.3,589.5,565200
2002-05-08,592.7,608,587.3,607,841770
2002-05-09,609,612.8,608,608,1671950
2002-05-10,606.2,610,606.2,608,385000
2002-05-13,609.8,616.7,606,614,375300
2002-05-14,616.25,628,616.25,625,1229890
2002-05-15,626,631,626,629.5,3137530
2002-05-16,630.5,630.75,623,628.5,1814500
2002-05-17,630.65,630.65,624,627.5,907120
2002-05-20,629.75,634,626,628,1566550
2002-05-21,629.65,632,624,629,850490
2002-05-22,632,632,625,627.5,757960
2002-05-23,629.75,630,625,628.5,1070580
2002-05-24,629.85,634,629.85,632.5,595570
2002-05-27,633.85,639,631,636.5,426700
2002-05-28,638,649,633,635.5,1980420
2002-05-29,633,635,631,632,724270
2002-05-30,631,632.85,610.4,616.5,1773170
2002-05-31,614.3,627,613,625,1341770
2002-06-03,625,625,625,625,0
2002-06-04,625,625,625,625,0
2002-06-05,621.8,621.8,610,616,809720
2002-06-06,618,618,611,612,1792240
2002-06-07,608.1,609.7,604,605.5,791980
2002-06-10,604.15,611,604,607.5,401880
2002-06-11,606,610,604,607.5,548170
2002-06-12,605,610,604,606,266590
2002-06-13,608,613,606,608,1448750
2002-06-14,606.9,606.9,597,600,1126730
2002-06-17,603,608,598,605,432010
2002-06-18,608,608,593.35,596,964150
2002-06-19,592,592,579,584,653720
2002-06-20,581.3,586,571.35,574.5,1080910
2002-06-21,571,576.7,571,573.5,98300
2002-06-24,569.5,576,562.3,565,396710
2002-06-25,569,570,562,566,317300
2002-06-26,545,549.7,542,549,566470
2002-06-27,554.75,558,550,553,680140
2002-06-28,564.43,567.7,558,561.5,787870
2002-07-01,568,568,560,562,668950
2002-07-02,555.15,565,555.15,559.5,1455560
2002-07-03,556.35,559.75,548,559.75,513500
2002-07-04,549,555.7,548,550,893450
2002-07-05,553,567,551,563.5,1131260
2002-07-08,567,567,557,561,509380
2002-07-09,564,567,554,557.5,808460
2002-07-10,552.65,553,540,542,646990
2002-07-11,534,534,519.3,524,2025660
2002-07-12,532,533,522,526,714020
2002-07-15,521,528,509,509,286120
2002-07-16,519,520,495.25,507.5,571480
2002-07-17,502,517,502,514,442540
2002-07-18,516,525,515.35,521,697790
2002-07-19,515,521,500,503,737040
2002-07-22,499,505.7,497,500,548600
2002-07-23,498,512,491.35,492.5,424520
2002-07-24,486,486,467,477.5,1066120
2002-07-25,488.6,490,479,483,594730
2002-07-26,480.1,485,467,481.5,402230
2002-07-29,486,499,479.35,496.5,2154800
2002-07-30,504.6,504.6,484,487.5,939240
2002-07-31,493,504,488,491,560750
2002-08-01,490,494,477,479,362390
2002-08-02,482,482,474,477,541010
2002-08-05,472,475,468,470,1744760
2002-08-06,467,474,457.5,474,926010
2002-08-07,481,484,471,471.5,672680
2002-08-08,476.5,486.5,476.5,483.5,418640
2002-08-09,484,491,482,485,433030
2002-08-12,483,485,477,480,310400
2002-08-13,483.65,492,477,489.5,187550
2002-08-14,483,483,476,479.5,131530
2002-08-15,487.65,494,482,493,1706440
2002-08-16,491,500,490,492.5,436890
2002-08-19,495,501.8,493,500,249050
2002-08-20,508,508,491.35,494.5,1624940
2002-08-21,492,500,492,497.5,3020950
2002-08-22,501.2,506,500.3,503,834420
2002-08-23,508.2,509,503,505.5,2134820
2002-08-26,505.5,505.5,505.5,505.5,0
2002-08-27,507.7,508,501,504.5,336050
2002-08-28,500,505,497,499,663950
2002-08-29,500,500,492,495.5,666600
2002-08-30,497,497,488,493,149170
2002-09-02,490.6,496,487,489.5,796310
2002-09-03,485.75,488.25,478.75,481,1573780
2002-09-04,476.75,482,471,475.5,1263320
2002-09-05,481,481,469,471.5,378580
2002-09-06,469,474,469,471.5,390290
2002-09-09,469,471.85,464,465.5,898900
2002-09-10,464.4,472,464.4,469.5,213980
2002-09-11,470.15,478,470,475,459520
2002-09-12,473.8,473.8,456,458,223840
2002-09-13,452.5,453,442,447,519060
2002-09-16,444.75,450,444,447,769260
2002-09-17,452,462,450,453.5,709160
2002-09-18,447.75,452,444,446,1721670
2002-09-19,447.2,447.2,430.6,432.5,1534920
2002-09-20,426.5,442,425.15,439,918300
2002-09-23,439.04,442,435.1,436,1208730
2002-09-24,435,435,416,422,653800
2002-09-25,414.1,416,410,412.5,2274480
2002-09-26,419,422,415,420,796490
2002-09-27,421,427.6,420,422.5,1110580
2002-09-30,420,420,392.5,393,288410
2002-10-01,391,399,390,396.5,1074590
2002-10-02,404.5,415,404.5,409.5,1090450
2002-10-03,406,415,405.35,409.5,155640
2002-10-04,411.75,411.75,402,403,236240
2002-10-07,393,399.6,390.75,392,187060
2002-10-08,390,394.75,388,390,325230
2002-10-09,390,390,373,376,480800
2002-10-10,373,380,372.5,378.5,188590
2002-10-11,386.95,394.75,386.95,392.5,661580
2002-10-14,390.25,391,385,388,96980
2002-10-15,389.6,404.75,389.6,402.5,816550
2002-10-16,398,403,394,397,973110
2002-10-17,400,413,398,408.5,2028090
2002-10-18,408.25,409.75,398,402,557810
2002-10-21,399,410,398.5,406.5,893960
2002-10-22,408,413.8,407.85,410.5,564900
2002-10-23,410.5,415.7,402,403,685410
2002-10-24,400.75,410,400.75,407,1762280
2002-10-25,398.75,404.25,398,400.5,373660
2002-10-28,407,414,407,409.5,334280
2002-10-29,404.62,409,398.75,401.5,602460
2002-10-30,403,406.5,401,406.5,1640200
2002-10-31,405.46,411.9,404.5,408.5,657430
2002-11-01,410,411,401,406.5,1044290
2002-11-04,412,423,412,421.5,1104160
2002-11-05,421.75,422.5,415,422.5,487690
2002-11-06,430,430,421,424,3490250
2002-11-07,425,425,413,413,1819730
2002-11-08,412,419,412,417,644300
2002-11-11,414,414,404,407,250010
2002-11-12,409.15,412,409,411,419000
2002-11-13,410.5,413,406.2,408,209030
2002-11-14,408.5,421,406.3,419.5,997410
2002-11-15,421,424,417,419.5,589870
2002-11-18,422.37,427,422.2,425,274690
2002-11-19,421.5,425,418,420,440580
2002-11-20,417.25,420.65,414,419,1335400
2002-11-21,424.1,427,424.1,426,352240
2002-11-22,431.75,431.75,423,426,209130
2002-11-25,425,428,420.25,422.5,353670
2002-11-26,418.35,424.65,418,418,382930
2002-11-27,417.6,425.7,414,425,1795510
2002-11-28,429.15,433,428,432,1442630
2002-11-29,430.2,434,430.2,432,227030
2002-12-02,434.95,440,434,436,512590
2002-12-03,430,432,426,426.5,573820
2002-12-04,421,426.5,417,424,51950
2002-12-05,430.25,438,428,428,704910
2002-12-06,426.15,428.85,414,420.5,1504380
2002-12-09,418.25,422.7,415,416.5,145880
2002-12-10,411.2,422,411.2,417.5,716960
2002-12-11,418,423,418,420,791880
2002-12-12,418.15,419.7,413,414,367310
2002-12-13,413,415.55,410,413,113790
2002-12-16,412.2,422,412,420.5,303880
2002-12-17,418.62,422.25,416,419,598990
2002-12-18,417,421.65,411,412,274690
2002-12-19,414,414,407,414,847930
2002-12-20,413,418,413,416.5,923730
2002-12-23,418,418,415,416,692840
2002-12-24,415.1,419,415.1,418.5,156210
2002-12-25,418.5,418.5,418.5,418.5,0
2002-12-26,418.5,418.5,418.5,418.5,0
2002-12-27,417.15,419,413.5,413.5,177590
2002-12-30,410,415,410,412.5,281620
2002-12-31,411,414,410,412,21760
2003-01-01,412,412,412,412,0
2003-01-02,412.96,420.5,412.96,420.5,216060
2003-01-03,423.48,423.72,422,423,560200
2003-01-06,422.5,428,422,425,9351210
2003-01-07,426.5,427,423,423,623920
2003-01-08,418,424,417,420.5,388240
2003-01-09,418.25,426,418,424,212930
2003-01-10,423,427.5,420,424,451600
2003-01-13,429,433,426,428,463530
2003-01-14,425.77,432.6,424.5,429.5,335470
2003-01-15,432.96,433,428,430,641660
2003-01-16,430.6,433,426,430.5,375700
2003-01-17,428,431.85,427,427,2161820
2003-01-20,433.55,435,428,430,582870
2003-01-21,433.7,433.7,428,430,572900
2003-01-22,426,431.23,422,424.5,253620
2003-01-23,424,430,422,426.5,1723920
2003-01-24,422,425.1,418,419.5,334940
2003-01-27,414.85,414.85,400.4,404.5,417410
2003-01-28,407.65,407.7,401,405,557610
2003-01-29,403.5,409,399,406.5,536560
2003-01-30,405,411,405,408,512630
2003-01-31,404,407,400,403.5,314260
2003-02-03,404,411,403.35,407.5,695110
2003-02-04,404.7,409,402,402,434180
2003-02-05,400.15,408,400,404,151360
2003-02-06,400.4,406,400,403,405840
2003-02-07,401.5,406,400,402.5,875330
2003-02-10,405.6,406,400,402.5,843910
2003-02-11,401.3,406.55,400.3,404.5,416320
2003-02-12,406.54,406.54,400,401.5,518690
2003-02-13,397,403,397,400.5,1408420
2003-02-14,402,404,399,404,469580
2003-02-17,402.3,409,402,406.5,321000
2003-02-18,402.5,411,402.5,408.5,361610
2003-02-19,406.5,410.5,405.5,406,1124840
2003-02-20,405.2,407,402.25,404,1360860
2003-02-21,399,404.6,397,400,4660110
2003-02-24,398,401.7,395,397,393400
2003-02-25,398.4,398.4,390,391,450160
2003-02-26,392.75,392.75,390,391,1433210
2003-02-27,390.25,396,390,395.5,1030380
2003-02-28,397.7,398,392.5,395.5,744060
2003-03-03,399.75,400,395,397.5,333180
2003-03-04,398.7,398.7,393,395,227660
2003-03-05,388.5,394,388.5,392.25,1512040
2003-03-06,392.142,393,389,389,662550
2003-03-07,383.46,387,380,381,670610
2003-03-10,379.2,382.9,370.6,373,1661370
2003-03-11,370.46,374.5,370.46,374,1934590
2003-03-12,373.5,378,371,374.5,1626610
2003-03-13,379.75,389.5,375,389.5,1044570
2003-03-14,391.7,393.5,387,390.75,489720
2003-03-17,383.3,394.5,383.05,394.5,927040
2003-03-18,394.5,396.85,388,388,732780
2003-03-19,386.7,396,386,392,1576250
2003-03-20,390.8,398,390.8,394.5,1154100
2003-03-21,392,405,392,402,1784970
2003-03-24,397,398.65,396,396.5,962750
2003-03-25,396.1,399.25,396,399.25,950900
2003-03-26,397.25,397.85,395,396,3611490
2003-03-27,395,395,390.25,392.5,873890
2003-03-28,392,396,391,393.5,7232380
2003-03-31,388.15,390,384,384,810710
2003-04-01,384,388,383.62,387,1946290
2003-04-02,389,403,389,403,4095950
2003-04-03,400.7,408,400.7,406.5,1154640
2003-04-04,408,414,408,412,7860340
2003-04-07,417.582,424,417.582,421.5,520230
2003-04-08,417.5,418,412,415,717990
2003-04-09,413,419.5,411.3,419.5,607880
2003-04-10,415.5,419.5,415,416,877710
2003-04-11,415.2,424,415.2,420.5,839980
2003-04-14,419,421,419,420,514790
2003-04-15,422.5,429.4,422,426,793530
2003-04-16,429.4,431,425,426.5,671720
2003-04-17,423,428,422,425,553910
2003-04-18,425,425,425,425,0
2003-04-21,425,425,425,425,0
2003-04-22,425,428,422.5,427.5,442470
2003-04-23,435.4,441,430,437.5,420190
2003-04-24,433.7,440,433.25,437,1175370
2003-04-25,437.95,438,434,436,499200
2003-04-28,434.8,439,434,439,1225700
2003-04-29,442.15,443,438,441,1703330
2003-04-30,440.05,444,440,442.5,1093190
2003-05-01,440.05,445,440,442.5,894230
2003-05-02,444,445,441.05,444.5,288550
2003-05-05,444.5,444.5,444.5,444.5,0
2003-05-06,447,451,446,450,732370
2003-05-07,450.05,459,450.05,456.5,550770
2003-05-08,458,460.5,455,456.5,1120250
2003-05-09,455.5,464.7,455.5,463.5,902500
2003-05-12,467.5,470,465,467.5,11935000
2003-05-13,468.5,475,466,472.5,6509930
2003-05-14,474,480,470.5,477,2647180
2003-05-15,475.5,479.5,475,478.5,1986410
2003-05-16,479.6,481,476,478.5,801000
2003-05-19,480,480,469.3,470.5,4610240
2003-05-20,470.7,473,467,472,2669940
2003-05-21,472.75,472.75,466,468,718620
2003-05-22,467.2,471,467.2,471,2297870
2003-05-23,471.3,474,471,472.5,874500
2003-05-26,472.5,472.5,472.5,472.5,0
2003-05-27,473.15,474,467,471.5,4265510
2003-05-28,479.75,482,478,479.5,403520
2003-05-29,478.4,488.5,478.4,486.5,1441260
2003-05-30,486.7,489,483,487,398650
2003-06-02,491.5,492.5,488,491.5,485630
2003-06-03,488.5,490.5,487,488.5,531150
2003-06-04,487,490,487,489.5,308750
2003-06-05,490,492,488,489.5,1546690
2003-06-06,487.5,500,487.5,498,557500
2003-06-09,500,500,490.5,492,1538160
2003-06-10,489.5,494,489,491.5,437820
2003-06-11,494.6,495,492.3,494,1894510
2003-06-12,496.45,499,495,497,875810
2003-06-13,499,499,494,494,140040
2003-06-16,494.45,495,490,494,1406280
2003-06-17,498.15,500,496,496.5,755630
2003-06-18,497,497.5,492.5,492.5,474330
2003-06-19,494,496,490,490.5,2290740
2003-06-20,493,494,488.25,491.5,969650
2003-06-23,489.5,492.6,484.5,486.5,328160
2003-06-24,484.25,489,483,485,328570
2003-06-25,487,489.5,483,487.5,498360
2003-06-26,483.7,485,480,482.5,1961350
2003-06-27,485,485,480,482.5,415410
2003-06-30,483.5,487,482,484,438920
2003-07-01,484.75,486,477,477.5,800290
2003-07-02,479,479,476,478,2830930
2003-07-03,478.48,478.5,473.55,474.5,967960
2003-07-04,475,476,471,473.5,881480
2003-07-07,475,481,474,479.5,849890
2003-07-08,482,484,478,482,737420
2003-07-09,490,490,487,488.5,973340
2003-07-10,489.09,489.6,485,486,193510
2003-07-11,486,486,482,483.5,662200
2003-07-14,485,486,482,484,1282700
2003-07-15,486,489,482,486.5,1725860
2003-07-16,487.7,493,484.3,490.5,690790
2003-07-17,491.7,493,488,490,1028180
2003-07-18,492,494,489.5,492.5,330890
2003-07-21,493.7,494,490,491.5,842970
2003-07-22,493,493,488,490.5,661620
2003-07-23,495.5,496.6,492,493.5,1443380
2003-07-24,494.7,501,494,499.5,1164480
2003-07-25,497.7,499,494,495.5,1042650
2003-07-28,500.6,503,498,501.5,656830
2003-07-29,502.9,508,499.4,504,1199400
2003-07-30,505,511,504,509,1127450
2003-07-31,510.5,514,507,512,1156690
2003-08-01,512,513,507,509.5,3319990
2003-08-04,508,513,506,509,2187850
2003-08-05,508,515,508,512.5,2204790
2003-08-06,509.5,511.38,504.5,506.5,1446820
2003-08-07,506.5,509,504.5,507,1663680
2003-08-08,507.5,513.63,506,512.5,539150
2003-08-11,513,515,512.5,514.5,416380
2003-08-12,517,520,515,519,87870
2003-08-13,523.5,524,522.5,522.5,1340710
2003-08-14,522,522,521,521.5,827770
2003-08-15,522.5,523.5,521,522.25,620670
2003-08-18,522.7,524.5,522.7,523.75,538130
2003-08-19,524,525,524,524.5,774060
2003-08-20,524.5,524.95,519,521,964290
2003-08-21,521,523.5,519,522.5,1224650
2003-08-22,522.5,525.74,522,524,846530
2003-08-25,524,524,524,524,0
2003-08-26,524,527,518.11,521,266830
2003-08-27,521,524,518,521,652500
2003-08-28,521,524,518,520.5,317600
2003-08-29,521.5,524.36,517,519.5,365400
2003-09-01,519.5,522,517.5,521,972340
2003-09-02,521.5,523,520,521,894170
2003-09-03,523,527,523,525,1081450
2003-09-04,525,528,523.2,526,3018080
2003-09-05,526,527,525,526,525310
2003-09-08,526,527.5,525,526.25,2274370
2003-09-09,527.5,529,526,526,416050
2003-09-10,526,526.75,525,525.75,376160
2003-09-11,525.75,526.5,525,525.75,656990
2003-09-12,526.25,527.5,525,526.25,722040
2003-09-15,526.25,527.5,525,526.25,203490
2003-09-16,526.25,528,525,528,398630
2003-09-17,528.9,535,528.9,532,1109140
2003-09-18,531,533,527,531.5,611380
2003-09-19,532.5,534.38,529,531.5,321340
2003-09-22,528.25,528.25,517,519,1559340
2003-09-23,519,522,513,515.5,474000
2003-09-24,515.5,521,513.25,518,558410
2003-09-25,512.5,514,508,509.5,894840
2003-09-26,506,506,497.75,502,433750
2003-09-29,502,506,502,504,454630
2003-09-30,504,505,494,497,457410
2003-10-01,497,505,495,503.5,1248760
2003-10-02,508,510.5,506,508.5,298350
2003-10-03,510.15,525,510.15,522.5,328010
2003-10-06,523,530,522.75,527.5,2307710
2003-10-07,527.5,530,522,525.5,526700
2003-10-08,530,534,530,531.5,432110
2003-10-09,532,545,531.5,542.5,396750
2003-10-10,543.5,547,542,544,1665780
2003-10-13,544,548,542.25,547.5,1096910
2003-10-14,546.5,547,543,545,1479160
2003-10-15,545,547,543,545,555230
2003-10-16,545,546.5,542,543.5,502830
2003-10-17,543.5,545,542,543.5,1385930
2003-10-20,543,544,542,543,1374130
2003-10-21,543,545,542,543.5,424510
2003-10-22,543.5,545,533.5,535.5,926570
2003-10-23,528,528,522,526,365990
2003-10-24,526,530.4,525,528,506150
2003-10-27,528,532,525,528.5,317350
2003-10-28,530,534.3,528,531.5,662440
2003-10-29,533,537,530,533.5,511860
2003-10-30,534,540,531,536,642900
2003-10-31,536,541,534,537,627010
2003-11-03,543,543,543,543,0
2003-11-04,542,545,541,543,272130
2003-11-05,543.56,544,540.93,543.09,586230
2003-11-06,545,545,540.62,543,684310
2003-11-07,547,553,545,548.5,245910
2003-11-10,554,555,546.77,555,419650
2003-11-11,545,555,544,545.5,1013330
2003-11-12,549,550,543,548.5,947550
2003-11-13,551,555,550,552.5,351790
2003-11-14,554,558,552,556,434920
2003-11-17,546,554,542.5,544.5,596050
2003-11-18,548,550,544.5,545.5,472300
2003-11-19,540,545.5,540,543,460320
2003-11-20,547,547,540,545,1599620
2003-11-21,545,554,542,550,923460
2003-11-24,557.5,560,553,557.5,1887590
2003-11-25,560,564,557,562,1858710
2003-11-26,565,570,561,562,380300
2003-11-27,570,570,563,567.5,1771240
2003-11-28,570,570.5,565,567,984750
2003-12-01,565,570.5,564,564,1308030
2003-12-02,566,573,566,569.5,780610
2003-12-03,570.5,573,568,571,445300
2003-12-04,573,574,565,574,901400
2003-12-05,570,573.5,566.87,569.5,442480
2003-12-08,573,573,565,573,781550
2003-12-09,574,577,570,577,543180
2003-12-10,572,577,572,577,938180
2003-12-11,573,578,573,574,1105450
2003-12-12,578,578,573,575.5,278170
2003-12-15,577,585,576,585,507140
2003-12-16,579,580,574.5,578,697750
2003-12-17,581,581,573.87,581,343890
2003-12-18,580,580,573,576.5,286200
2003-12-19,575,581,575,578.5,784130
2003-12-22,577,581,575,580,753170
2003-12-23,581.54,582,578.5,581,300710
2003-12-24,585,585,579,582,65680
2003-12-25,582,582,582,582,0
2003-12-26,582,582,582,582,0
2003-12-29,585,585,580,583,324060
2003-12-30,584.38,588,580.5,584,113400
2003-12-31,590,592,581,589,235190
2004-01-01,589,589,589,589,0
2004-01-02,594,594,586.87,594,215090
2004-01-05,594,604,592.62,600,789290
2004-01-06,600,605,596,602.5,919630
2004-01-07,604,605,599,604,1021590
2004-01-08,608,611,601,608.5,1036550
2004-01-09,607,611,604.62,607,583470
2004-01-12,606.5,607,603.5,604.5,2690160
2004-01-13,605,605,601,601.5,1930010
2004-01-14,602,604,598.8,601.5,3864100
2004-01-15,603,603,597.25,600.5,583120
2004-01-16,604,608,598.87,606,539340
2004-01-19,611.5,612,604,610,1540670
2004-01-20,616,616,609.65,615,2696590
2004-01-21,615.5,616,610,612,3849590
2004-01-22,612.5,616,608.5,609,2211090
2004-01-23,609,612,608.22,609.5,1490880
2004-01-26,615.5,615.5,606.5,608,1302340
2004-01-27,609,615.15,608,611.5,1195310
2004-01-28,611.5,611.5,608,609.5,712750
2004-01-29,608,608,600,600,1477450
2004-01-30,606,609,600,602,1270850
2004-02-02,610,610,601.5,607,450800
2004-02-03,608,608,601,602,519600
2004-02-04,600.5,605,598,602,1232850
2004-02-05,599,602,599,600.5,786860
2004-02-06,600,602,598.5,600.5,1278780
2004-02-09,604,606,599,604.5,898850
2004-02-10,603.5,606,601,605,739740
2004-02-11,605,605,600.297,602,4117590
2004-02-12,604,609,602.25,606,566190
2004-02-13,609,611.45,604,609,940520
2004-02-16,612,614,606.15,612.5,724110
2004-02-17,614,622,611.5,618,1191010
2004-02-18,622,624,618.5,622.5,1445620
2004-02-19,625,629,621.5,627,1256350
2004-02-20,625,625,620.5,622,657290
2004-02-23,624,628,620.5,627.5,735950
2004-02-24,631,634,624,625.5,1428400
2004-02-25,625,629,624.8,627,524270
2004-02-26,624.5,632,624.5,629.5,2108350
2004-02-27,633,636.5,630,631.5,809370
2004-03-01,634,638,630,634.5,647680
2004-03-02,638,642,636.01,637.5,749950
2004-03-03,642,642,633,638,866980
2004-03-04,640,641,635.1,640,861320
2004-03-05,642,650,635.5,645,1110520
2004-03-08,647.5,648,642,645,826510
2004-03-09,645,647,641,644,728810
2004-03-10,645,645,636.8,643,576700
2004-03-11,637.6,638,623,625.5,649130
2004-03-12,619,631,602,631,1383760
2004-03-15,631,631,622,625,618810
2004-03-16,626,631,621,630.5,967510
2004-03-17,630.1,633,630,633,1094270
2004-03-18,630.4,634,630,632,1333790
2004-03-19,633,633.4,620,625,3268100
2004-03-22,620,620,602,607,1453630
2004-03-23,605,611,603,608,757910
2004-03-24,615,615,607.5,608,904150
2004-03-25,607,616,607,616,1252250
2004-03-26,621.5,624,615.5,620,1314830
2004-03-29,623,623.5,617,623.5,1601620
2004-03-30,625,625,621.5,622,1483450
2004-03-31,622,625,618.5,618.5,1590710
2004-04-01,619,622,615,618,1423890
2004-04-02,620,631,615,631,2053410
2004-04-05,632,632,622,628,1311980
2004-04-06,632,632,621,621.5,893750
2004-04-07,627,628,621.7,628,1846240
2004-04-08,631,637,624.2,635,577780
2004-04-09,635,635,635,635,0
2004-04-12,635,635,635,635,0
2004-04-13,638,644.8,633.2,642.5,631540
2004-04-14,645,645,632,633,675170
2004-04-15,636,645,635.5,640,1282680
2004-04-16,638,644.4,638,644,646580
2004-04-19,638,645,638,641,679940
2004-04-20,640,654,640,650,1100050
2004-04-21,650,650,638,641,372310
2004-04-22,647.5,648,640,643.5,625170
2004-04-23,650,651.5,639,641.5,1543710
2004-04-26,641.5,649.5,640.5,649,1305350
2004-04-27,645,652,642,650,868690
2004-04-28,643,649.166,642,649.166,2092160
2004-04-29,642,642.3,636,636,671160
2004-04-30,635.5,640.5,632,632.5,513420
2004-05-03,632.5,632.5,632.5,632.5,0
2004-05-04,641,641,633.5,637.5,239370
2004-05-05,635,643.9,635,640.5,1214440
2004-05-06,639,645,639,641.5,621770
2004-05-07,641.5,642,636,639,340790
2004-05-10,626.5,630,617,619.5,968530
2004-05-11,615,635,615,628,6220330
2004-05-12,631,635,617,617,947280
2004-05-13,617,622,616,619,513070
2004-05-14,616.5,621.8,609.5,613,847100
2004-05-17,605,611.8,596,601.5,1059090
2004-05-18,612,616,601,611.5,1187310
2004-05-19,617,623,615,616.5,788840
2004-05-20,618,618,609,610,592310
2004-05-21,618,619,612,618.5,3071250
2004-05-24,617,625.2,617,618,831410
2004-05-25,616,625,615.09,619.5,5953300
2004-05-26,626,629.09,621,624.5,946830
2004-05-27,623,630,620,623,230880
2004-05-28,628,633,615,619.5,725050
2004-05-31,619.5,619.5,619.5,619.5,0
2004-06-01,624,624,610,610,957980
2004-06-02,616,616,608,611.5,580770
2004-06-03,610,616,607,610,226890
2004-06-04,607,615,607,611.5,888170
2004-06-07,621,622.75,616,616,749760
2004-06-08,620,623.5,613.5,613.5,1170110
2004-06-09,618,621,612,616,955030
2004-06-10,619,619.25,612.88,616.5,692580
2004-06-11,613,614.49,608.5,610.5,378850
2004-06-14,608,612,605,608.5,316330
2004-06-15,612,613.5,605,611.5,493040
2004-06-16,609,615,607,607,1165930
2004-06-17,608.5,613,605.5,606,641470
2004-06-18,613,613,599,602,583290
2004-06-21,605,609,604,606,1213810
2004-06-22,608,608,603.5,605.5,437980
2004-06-23,606,611,604,610,477370
2004-06-24,612,617,611,617,929540
2004-06-25,617,623,617,623,684850
2004-06-28,623,627.5,621.7,627.5,660290
2004-06-29,626.5,630,626.5,628,2383010
2004-06-30,626,630,625.1,628.5,1528510
2004-07-01,629,629.256,626.1,627,5588870
2004-07-02,625,626,617.8,625,230380
2004-07-05,625,625,618,622.5,211080
2004-07-06,621,626,619,620,863300
2004-07-07,620,623.5,616.7,622.5,647850
2004-07-08,617.5,623,615,622,1078690
2004-07-09,622,623,617,619.5,426950
2004-07-12,622,622,614,615,1562050
2004-07-13,615,616,612,613,877330
2004-07-14,616,616,602.55,605,803260
2004-07-15,606,606,602.5,603,1604240
2004-07-16,602,606,602,605,379070
2004-07-19,601.5,606,600.5,606,630130
2004-07-20,595,602,594,602,2411590
2004-07-21,598,602.5,595.8,600,582580
2004-07-22,600,600,592,594,441440
2004-07-23,592,599.5,592,593,298250
2004-07-26,596,598,587,589,621030
2004-07-27,589.5,593.5,585.2,587.2,731160
2004-07-28,596.5,597,593.5,595,479960
2004-07-29,596,607,596,605,1292330
2004-07-30,611,611,603,604,551980
2004-08-02,603,607,601.2,605,1161960
2004-08-03,607,613,605.5,609.5,1100420
2004-08-04,608.5,612,606,610,797870
2004-08-05,609,613,609,610.5,1085570
2004-08-06,607,610.55,602,603.5,872030
2004-08-09,600,605,598,601,1905880
2004-08-10,602.5,608,599,605.5,533660
2004-08-11,605.5,609.5,603,603,751100
2004-08-12,608,611,603.5,607.5,1075110
2004-08-13,605.5,608,602.5,602.5,358990
2004-08-16,606.5,607,601.6,603,584040
2004-08-17,612,612,607,610,612440
2004-08-18,608,611.5,607,608,715830
2004-08-19,614,620,614,618.5,1233620
2004-08-20,620,621,617,618.5,1882680
2004-08-23,621.5,626,620,626,1382670
2004-08-24,626,626,621,626,467810
2004-08-25,620,628,620,625,308520
2004-08-26,626.5,632,626.5,630,856460
2004-08-27,631.5,635,625.7,634,348880
2004-08-30,634,634,634,634,0
2004-08-31,633,635,632,634,0
2004-09-01,635,640,633.5,637.5,512370
2004-09-02,643.5,644,636.22,642,419010
2004-09-03,650.5,651,642,650,617720
2004-09-06,650,652,644.5,652,329020
2004-09-07,650,660,650,657.5,813730
2004-09-08,660,664,656,660,520500
2004-09-09,663,663,656,660,308310
2004-09-10,663,670,657,668,1726620
2004-09-13,671,678.5,670,673.5,552840
2004-09-14,672,676,667.4,669.5,1411880
2004-09-15,670.5,671,670.5,671,0
2004-09-16,669,674,667.1,674,744020
2004-09-17,674,681.5,669.2,681.5,851370
2004-09-20,680,680,674,677.5,978150
2004-09-21,677.5,682.5,675,681.5,675410
2004-09-22,680,684,678.5,682.5,3396050
2004-09-23,681,682,675.6,680,842790
2004-09-24,683,685,680,685,1554660
2004-09-27,681,684.9,678.75,681,418480
2004-09-28,680.5,682,674.5,681.5,766350
2004-09-29,679.5,683,679,682,593150
2004-09-30,683,689,680.66,684.5,821480
2004-10-01,688,701.5,684,699,1452040
2004-10-04,707,719.5,705.25,715.5,2036920
2004-10-05,714,716.5,713.8,715.5,603880
2004-10-06,714,718,714,716,610410
2004-10-07,720,723,714.5,714.5,1444210
2004-10-08,713.5,718,712.5,714.5,720700
2004-10-11,712,714,711,713,524960
2004-10-12,713.5,715,708,711,1254810
2004-10-13,714,717,707.5,707.5,1576270
2004-10-14,708,710,701.5,702.5,708100
2004-10-15,701,704,701,702,373180
2004-10-18,706.4,706.4,701,703,525320
2004-10-19,712,715.5,706,715,992170
2004-10-20,711.5,714.5,707,714.5,658360
2004-10-21,712,717,712,716,1170620
2004-10-22,717,720,714,717.5,839250
2004-10-25,712,712,705,708,617890
2004-10-26,713.5,716,709.6,713.5,494160
2004-10-27,720.5,720.5,714,718.5,373140
2004-10-28,723,725,716,716.5,912880
2004-10-29,715,718,712.4,715.5,381910
2004-11-01,718,729,712.61,729,778370
2004-11-02,726,733.5,726,730,904150
2004-11-03,734,741,732.81,739.5,822410
2004-11-04,740.5,740.5,733,740.5,475060
2004-11-05,740,754,740,754,982580
2004-11-08,747,754,744,744,1133560
2004-11-09,749,749.5,742.7,748.5,1914370
2004-11-10,745,750,745,745.5,699010
2004-11-11,750,750,746,747.5,541570
2004-11-12,751,758,751,756,445830
2004-11-15,762,770,758.5,770,870700
2004-11-16,767,770,756,756,551990
2004-11-17,764,789,761,786.5,2020480
2004-11-18,786,790,780.5,785,798580
2004-11-19,782,788,780.5,784,582840
2004-11-22,776.5,785,775,775,841750
2004-11-23,779,783,775,776.5,2590460
2004-11-24,782,785,777.5,780.5,1115670
2004-11-25,781,781.3,778,779,871370
2004-11-26,776,780.8,774,778.5,655410
2004-11-29,776,778.9,773,775,637280
2004-11-30,773.5,778,770,772,589240
2004-12-01,770,770.9,765,770,585440
2004-12-02,765.5,769,765,769,582230
2004-12-03,765.5,770,763,766,306860
2004-12-06,765,768,760,762,738140
2004-12-07,760.5,763,760,763,795100
2004-12-08,758.5,761,754,761,487580
2004-12-09,755.5,761,749,749,689180
2004-12-10,751,756,748.25,749,541950
2004-12-13,749,753,745,750,1762400
2004-12-14,751.5,754,748.7,754,1397210
2004-12-15,750,757,745,745,1593360
2004-12-16,745,749.5,744,749,2060840
2004-12-17,750,750,744,744.5,542750
2004-12-20,743,747.5,742,742,1792570
2004-12-21,744,747,742.5,744.5,1855170
2004-12-22,749,750,746.55,749,1335510
2004-12-23,753,753.5,750,752.5,832030
2004-12-24,755,756,751.5,754,355530
2004-12-27,754,754,754,754,0
2004-12-28,754,754,754,754,0
2004-12-29,759.5,760,753,753,433570
2004-12-30,759,770,757,770,891040
2004-12-31,770,771.5,765,766.5,493150
2005-01-03,766.5,766.5,766.5,766.5,0
2005-01-04,772,774,769,770,377640
2005-01-05,763.5,771,763.5,765,655680
2005-01-06,773.5,774,765,774,922430
2005-01-07,773.5,784,771.5,782.5,964020
2005-01-10,785,792.5,783.5,789.5,1135760
2005-01-11,793,800,791,795,1982630
2005-01-12,796.5,799,792,794.5,777330
2005-01-13,800,804,794.5,803,800040
2005-01-14,803.5,805,800,800.5,702140
2005-01-17,805,815,804,814,712920
2005-01-18,805.5,814.5,805.5,805.5,1068800
2005-01-19,814,819.5,812,815.5,1552010
2005-01-20,816,817,809,814.5,425150
2005-01-21,817,817,810,812,607200
2005-01-24,810,815,810,811.5,638540
2005-01-25,815,822.5,814,819,1814830
2005-01-26,816,822,813,814,983580
2005-01-27,813.5,820,813,814,586430
2005-01-28,813.5,818,809,809.5,1164540
2005-01-31,815,816,809,812,613530
2005-02-01,814,814,810,812,707130
2005-02-02,812,815,810.5,813,572970
2005-02-03,814,816.5,811,811,611950
2005-02-04,819,822,811,817,487560
2005-02-07,820.5,822,817.936,820,1439490
2005-02-08,819.5,823,819,822.5,827590
2005-02-09,829,832,822,827,922080
2005-02-10,832.5,833.5,825,832.5,589950
2005-02-11,826,831,824,827,1176940
2005-02-14,828.5,835.5,828,828.5,845520
2005-02-15,830,838,830,835,496250
2005-02-16,832,838,824.5,826.5,892370
2005-02-17,828.5,831,824.5,831,1078600
2005-02-18,826.5,831,826,826,814410
2005-02-21,830.4,831,826.3,826.5,297520
2005-02-22,830,836,825.3,826,1544020
2005-02-23,823,830,821.85,828,1078900
2005-02-24,833,835,827,832.5,736370
2005-02-25,838,841.5,832,838,680750
2005-02-28,836,841.5,836,836,735240
2005-03-01,834.5,841,834,841,1188960
2005-03-02,840,847,836,840,394880
2005-03-03,845.5,847,838,843,3026200
2005-03-04,847,852,844,849,1077280
2005-03-07,849.5,867,849.5,864.5,1761940
2005-03-08,861,868,860,861.5,833500
2005-03-09,871.5,878,865.5,868,1163830
2005-03-10,867.5,873.5,867.5,873.5,827270
2005-03-11,872,879.5,869,873.5,1416430
2005-03-14,871,880,871,874.5,822300
2005-03-15,877.5,879.5,864,868.5,1410400
2005-03-16,864.5,869,849.5,849.5,1668780
2005-03-17,849,857.5,849,849,927390
2005-03-18,850,856.5,848,850.5,1017350
2005-03-21,852,855,843,843,1560380
2005-03-22,849,850,844,845,1153870
2005-03-23,836.5,845,833,836.5,2161710
2005-03-24,838,846,836.5,840,1815520
2005-03-25,840,840,840,840,0
2005-03-28,840,840,840,840,0
2005-03-29,838,846,836.5,837.5,547400
2005-03-30,832,840,829,829,1421050
2005-03-31,834.5,838,830,834,1255300
2005-04-01,830,839.3,829,838,1063470
2005-04-04,840,840,826,826,1074430
2005-04-05,827,833,826,827,1256010
2005-04-06,833,840,829,840,1323140
2005-04-07,843,844.8,837,844,770760
2005-04-08,840,846,840,843,1497120
2005-04-11,840,841,834,837,498440
2005-04-12,837,844,836,841,1360580
2005-04-13,842,849.5,842,843,656920
2005-04-14,839.5,842.5,838,838,1551190
2005-04-15,830,834.5,828,828,1192050
2005-04-18,817,819,803,803,1366250
2005-04-19,809,814.5,806.5,808,801310
2005-04-20,807,814.55,805,805,498320
2005-04-21,800,809.05,800,806,1037090
2005-04-22,818,818,812,816,1383870
2005-04-25,814,817,813.5,815,484910
2005-04-26,815.5,815.5,798,798,1230590
2005-04-27,796,802,786,789,1224090
2005-04-28,795.5,809.5,780,780,1496170
2005-04-29,774,781.2,774,775,578860
2005-05-02,775,775,775,775,0
2005-05-03,776,782,776,780,760690
2005-05-04,789,789,777.5,787,999560
2005-05-05,791,794,787,792,698780
2005-05-06,792.5,795.5,792.5,792.5,465980
2005-05-09,796.5,799.5,791,791.5,349750
2005-05-10,798,804,791,791,789740
2005-05-11,792,800,792,792.5,686920
2005-05-12,796.5,801.5,795,795,749470
2005-05-13,793.5,798.5,792.5,795.5,472690
2005-05-16,790,799,790,796,288000
2005-05-17,800,807,793.5,806.5,1587890
2005-05-18,812,832,808.5,825,1073150
2005-05-19,832,838,827.5,828,2037820
2005-05-20,833.5,835,826,826.5,618720
2005-05-23,835,836,828,834,560460
2005-05-24,835,838,830,837.5,1037240
2005-05-25,833.5,837,832,836.5,735270
2005-05-26,838,850,835,850,564200
2005-05-27,855,855,848,854.5,505850
2005-05-30,854.5,854.5,854.5,854.5,0
2005-05-31,850.5,859,849,852,464890
2005-06-01,846,856,845,856,410800
2005-06-02,855.5,856,849,854.5,516040
2005-06-03,852,859,851,855,515780
2005-06-06,847.5,856,841,841,946010
2005-06-07,849.5,851,842,851,734990
2005-06-08,846.5,850.5,842.5,850,623760
2005-06-09,841.5,849,841,845,387230
2005-06-10,849.5,851.5,843.5,847.5,346760
2005-06-13,848,855,848,852,1094210
2005-06-14,854,855,850,854,738630
2005-06-15,854,859,848,848,885520
2005-06-16,857,859,851,855.5,447800
2005-06-17,853,868,851.5,864.5,585970
2005-06-20,860,870,859,859,680700
2005-06-21,870,873,862,866.5,824210
2005-06-22,873,878.5,871,871,375430
2005-06-23,873,884,872,883,1196960
2005-06-24,875,877,868,872.5,496670
2005-06-27,863,873,859,862,762990
2005-06-28,871,875,862.9,873,1049970
2005-06-29,872,880.5,871,879.5,959810
2005-06-30,878.5,888.5,878.5,888.5,695040
2005-07-01,887,895,882.5,895,729570
2005-07-04,895,908.5,893.5,904.5,637080
2005-07-05,905,913,903.5,906.5,506400
2005-07-06,909.5,913,905.8,911.5,670070
2005-07-07,906,910.5,871,895,1349330
2005-07-08,902,911.5,899.28,908,431080
2005-07-11,915,932,910,932,1080810
2005-07-12,932.5,933,925.51,933,609560
2005-07-13,933.5,938,926.6,938,863830
2005-07-14,937,945,931,945,1083710
2005-07-15,940,945,936.51,942.5,1049110
2005-07-18,945,948,937,937,730800
2005-07-19,937,946.5,936,936.5,698660
2005-07-20,942,952,938,941,844180
2005-07-21,947,952.5,945,945,459720
2005-07-22,951.5,953,945,951.5,189430
2005-07-25,955,972,955,968.5,1192040
2005-07-26,971.5,978,963.5,975,1137290
2005-07-27,979.5,986.6,971,986.5,1040510
2005-07-28,987,1002,984,997.5,1475330
2005-07-29,1005,1007.5,1001,1003,1980330
2005-08-01,1003.5,1008,1000.5,1005,567030
2005-08-02,1009,1009,1002.5,1006,671380
2005-08-03,1010,1013,1007,1010,954350
2005-08-04,1010,1014,997.9,999.5,1383720
2005-08-05,997.5,1002,995,996.5,996010
2005-08-08,994,997.28,990,990,1061240
2005-08-09,990.5,1002,990.5,1002,1131410
2005-08-10,995.5,1008,994,1007,775620
2005-08-11,1008,1010,999,1005,589370
2005-08-12,1007,1013,1004,1011.5,699550
2005-08-15,1004.5,1008,997,1004.5,440470
2005-08-16,996,1004.5,990,990,732940
2005-08-17,989.5,994.6,982,983,824630
2005-08-18,983,988,978.5,981,610170
2005-08-19,979,984.33,978.5,981,540990
2005-08-22,979.5,984.5,978,981,718890
2005-08-23,978,983.31,977,982.5,596140
2005-08-24,977,980,969.5,972.5,417740
2005-08-25,967,967,947,947,1475090
2005-08-26,952,956.5,945,945,601530
2005-08-29,945,945,945,945,0
2005-08-30,954,957,946,953.5,590310
2005-08-31,953,958.75,951,955,485120
2005-09-01,960,971,958,969.5,878670
2005-09-02,975,985,967.75,973.5,1676930
2005-09-05,973,979.4,973,976,545960
2005-09-06,978,981,974.5,975.5,1135580
2005-09-07,978.5,983,973.67,983,791140
2005-09-08,981.5,983,975.5,976,461120
2005-09-09,982.5,983,979,983,521210
2005-09-12,985.5,998.5,980,996,2564820
2005-09-13,991.5,998,987.5,990,392140
2005-09-14,993,993.5,985,993.5,786800
2005-09-15,992.5,994.5,986,991.5,567990
2005-09-16,989.5,1005,988,997,971810
2005-09-19,1003,1012.03,995.2,1006,1160160
2005-09-20,1010,1012,1003,1003,1289700
2005-09-21,1003.5,1008.1,992,992,932680
2005-09-22,991,996.45,991,991,746820
2005-09-23,995,1002,991,1002,1598730
2005-09-26,1001,1022.5,1000.5,1019.5,1337070
2005-09-27,1023.5,1023.5,1015,1019.5,948570
2005-09-28,1023,1035,1016.35,1033.5,958160
2005-09-29,1035,1035,1025,1028,1038280
2005-09-30,1033,1034.5,1029.35,1030,545550
2005-10-03,1030.5,1034.5,1030,1033,832270
2005-10-04,1038,1040,1030,1036.5,637160
2005-10-05,1028,1034,1020,1020,2360410
2005-10-06,1008,1013.83,996,996.5,838030
2005-10-07,1006.5,1006.5,996.5,998,485390
2005-10-10,1005.5,1012.5,1000,1006,1314600
2005-10-11,1006,1017.5,1006,1015.5,672850
2005-10-12,1010.5,1017.25,1008,1008,629930
2005-10-13,1011.5,1011.5,990,999,1566300
2005-10-14,990.5,1002,990,995.5,565410
2005-10-17,996,1001.53,986,986,516300
2005-10-18,986.5,991.5,980,982.5,757430
2005-10-19,979.5,979.5,960,960,1991000
2005-10-20,974,974,957,964,1561930
2005-10-21,956,965.45,954,956.5,452300
2005-10-24,961,969,954,968,544000
2005-10-25,971,977,965,965,1025850
2005-10-26,965.5,980,965.5,979,498410
2005-10-27,968,973.28,957,961.5,727260
2005-10-28,959.5,959.5,942,951,1376500
2005-10-31,964,974,960.6,974,628010
2005-11-01,973.5,973.5,962,971,535370
2005-11-02,971,976,962.5,975.5,656290
2005-11-03,977,991,969,990.5,675810
2005-11-04,991,991,983.5,985.5,481340
2005-11-07,991.5,1014,983,1006,1133980
2005-11-08,1009.5,1019,1009.5,1013,907030
2005-11-09,1013.5,1016,1009,1009,572190
2005-11-10,1012,1016,1008.34,1016,352160
2005-11-11,1010,1021,1010,1014,364430
2005-11-14,1015,1026,1011.5,1026,833560
2005-11-15,1019,1029,1019,1021,1365630
2005-11-16,1019,1025.8,1009,1018,1156840
2005-11-17,1018.5,1022,1009.5,1015.5,611570
2005-11-18,1028.5,1036,1026,1036,859880
2005-11-21,1034,1037.25,1025.5,1035,628760
2005-11-22,1036.5,1039,1029,1039,524920
2005-11-23,1038.5,1045,1034.15,1045,450990
2005-11-24,1040.5,1047.5,1040.5,1043.5,285680
2005-11-25,1045,1050.5,1037,1050.5,783080
2005-11-28,1048.5,1051.5,1039,1047,316210
2005-11-29,1039,1050.5,1039,1043,378700
2005-11-30,1043,1044.5,1036,1040.5,439260
2005-12-01,1040,1046.5,1036.06,1046,627830
2005-12-02,1047,1053,1039.5,1053,762720
2005-12-05,1053.5,1059,1050,1059,663580
2005-12-06,1058,1072,1052.25,1070.5,610310
2005-12-07,1065.5,1080,1065.5,1079,970530
2005-12-08,1068,1077,1067.6,1073.5,1345420
2005-12-09,1076.5,1076.5,1060.9,1064,618710
2005-12-12,1062,1069,1059.5,1059.5,495150
2005-12-13,1066,1069,1060.15,1068.5,445510
2005-12-14,1066.5,1072,1061,1064.5,608920
2005-12-15,1068.5,1069,1061,1064.5,300030
2005-12-16,1061,1077,1061,1077,1114990
2005-12-19,1077,1081,1070,1070,1183030
2005-12-20,1078,1079,1070,1071,660060
2005-12-21,1071,1086,1071,1086,526270
2005-12-22,1086,1103,1082.5,1103,1045410
2005-12-23,1105,1105,1096,1105,257500
2005-12-26,1105,1105,1105,1105,0
2005-12-27,1105,1105,1105,1105,0
2005-12-28,1105,1108,1096.8,1099,283010
2005-12-29,1108,1118,1103.6,1118,524630
2005-12-30,1114,1121.44,1112,1118,195170
2006-01-03,1119,1130,1117,1130,782380
2006-01-04,1140,1174,1138.16,1174,1614660
2006-01-05,1164,1173,1162.5,1171,1864690
2006-01-06,1170,1171,1162,1169,720960
2006-01-09,1163,1178,1162,1174,852530
2006-01-10,1172,1181,1158,1158,1212130
2006-01-11,1165,1170,1158,1162,891830
2006-01-12,1169,1169,1160,1160,562540
2006-01-13,1161,1166,1154,1157,562460
2006-01-16,1154,1159.5,1146,1146,1045940
2006-01-17,1146,1146.8,1133,1133,2409420
2006-01-18,1117,1125,1111,1120,2050340
2006-01-19,1135,1135.5,1127.34,1134,784140
2006-01-20,1137,1137,1125,1129,1064070
2006-01-23,1116,1120,1106,1108,1289440
2006-01-24,1110,1118,1109.6,1113,1093460
2006-01-25,1118,1120,1112,1120,1783130
2006-01-26,1121,1124,1115,1124,1609090
2006-01-27,1128,1145,1128,1142,1983580
2006-01-30,1145,1147,1135,1138,1771870
2006-01-31,1144,1150,1140,1148,1244380
2006-02-01,1139,1157,1135,1157,627450
2006-02-02,1158,1159.5,1137,1142,857680
2006-02-03,1135,1146,1135,1142,618770
2006-02-06,1143,1148,1135.5,1147,662510
2006-02-07,1149,1150,1141.5,1146,751000
2006-02-08,1136,1136,1113.5,1129,608170
2006-02-09,1130,1140,1130,1140,769460
2006-02-10,1134,1139,1124,1127,644830
2006-02-13,1127,1137,1125.3,1137,497580
2006-02-14,1139,1141.7,1132,1134,493460
2006-02-15,1137,1153,1135.8,1153,1322610
2006-02-16,1146,1154.35,1145.5,1153,881070
2006-02-17,1155,1168,1148.6,1168,821950
2006-02-20,1160,1164,1155,1161,817720
2006-02-21,1156,1162,1153.25,1162,357770
2006-02-22,1162,1164,1156,1161,586340
2006-02-23,1157,1169.3,1157,1158,1246170
2006-02-24,1168,1169.35,1159.6,1169,774380
2006-02-27,1169,1169,1163.6,1167,346740
2006-02-28,1166,1169,1153,1156,510680
2006-03-01,1154,1160,1150,1159,972190
2006-03-02,1157,1158,1143,1152,823000
2006-03-03,1147,1152.3,1141,1143,767920
2006-03-06,1151,1159.5,1149,1151,1798680
2006-03-07,1145,1145,1133.5,1138,950500
2006-03-08,1130,1133.23,1115,1117,1908880
2006-03-09,1128,1129,1118,1118,1065230
2006-03-10,1120,1161.08,1109,1121,2062050
2006-03-13,1126,1136,1126,1136,839830
2006-03-14,1129,1140,1128,1140,641110
2006-03-15,1139,1144,1134,1144,697110
2006-03-16,1144,1154,1141,1154,771130
2006-03-17,1145,1174,1145,1163,3247780
2006-03-20,1168,1175,1160.8,1161,1485470
2006-03-21,1162,1166,1152,1156,1359790
2006-03-22,1148,1159,1146.5,1157,834590
2006-03-23,1160,1164,1154,1154,795090
2006-03-24,1162,1166,1157,1166,785940
2006-03-27,1163,1171,1160,1164,820770
2006-03-28,1160,1173,1160,1162,1312660
2006-03-29,1160,1175.59,1160,1175,2454070
2006-03-30,1175,1186,1170.6,1183,873450
2006-03-31,1182,1182,1164.642,1175,1041460
2006-04-03,1180,1190,1176.5,1182,1469880
2006-04-04,1183,1192,1183,1188,1150260
2006-04-05,1190,1200,1183,1190,1144780
2006-04-06,1202,1204,1195,1201,1154990
2006-04-07,1204,1210,1191,1191,2991170
2006-04-10,1183,1195,1183,1190,1813720
2006-04-11,1192,1199,1177,1177,719840
2006-04-12,1188,1188,1176,1176,679850
2006-04-13,1186,1190,1180,1190,819390
2006-04-18,1186,1190,1176,1181,654180
2006-04-19,1191,1204,1184,1202,983400
2006-04-20,1202,1218,1200,1212,1236070
2006-04-21,1210,1219,1210,1214,949540
2006-04-24,1206,1214,1206,1210,497370
2006-04-25,1215,1221,1211,1211,731410
2006-04-26,1212,1232,1212,1227,1081390
2006-04-27,1226,1232.04,1205,1208,678560
2006-04-28,1208,1217,1208,1208,1057980
2006-05-02,1211,1217,1206,1206,757690
2006-05-03,1210,1216.4,1188,1188,831360
2006-05-04,1197,1204,1192.2,1201,485150
2006-05-05,1204,1223,1200,1223,1210430
2006-05-08,1223,1240,1220.6,1232,922430
2006-05-09,1230,1242,1224,1232,1201070
2006-05-10,1232,1242,1228,1228,529580
2006-05-11,1227,1239,1220,1220,683150
2006-05-12,1217,1217,1164,1164,1587780
2006-05-15,1164,1170,1132,1141,2358760
2006-05-16,1138,1148,1128,1144,1133090
2006-05-17,1145,1151,1057,1057,2089980
2006-05-18,1089,1127,1089,1102,4100790
2006-05-19,1100,1108,1090,1102,911180
2006-05-22,1095,1097,1050,1050,2044200
2006-05-23,1060,1121,1060,1106,1685090
2006-05-24,1101,1112.32,1065,1067,1792320
2006-05-25,1068,1088,1057,1080,765680
2006-05-26,1096,1147,1091,1147,1365260
2006-05-30,1127,1134.44,1067,1076,1134510
2006-05-31,1055,1114,1051,1098,754820
2006-06-01,1095,1113,1077,1105,881740
2006-06-02,1110,1130,1103,1117,670980
2006-06-05,1120,1124,1112,1112,644180
2006-06-06,1090,1105,1058,1058,1752410
2006-06-07,1078,1090,1059,1090,670940
2006-06-08,1055,1072,1030,1030,990290
2006-06-09,1040,1060,1040,1058,640900
2006-06-12,1046,1059,1012,1019,605300
2006-06-13,999,1003,952,952,6134550
2006-06-14,971,978,947,970,2196000
2006-06-15,975,1020,970,1020,1842520
2006-06-16,1038,1042.4,1002,1019,1758400
2006-06-19,1025,1035,1018,1033,740230
2006-06-20,1001,1030,1001,1030,921340
2006-06-21,1021,1034.93,1010,1031,525720
2006-06-22,1033,1054,1033,1051,848030
2006-06-23,1052,1054,1046.7,1050,480530
2006-06-26,1047,1054,1041,1046,1179040
2006-06-27,1056,1059.2,1037,1037,458550
2006-06-28,1031,1050,1031,1040,724640
2006-06-29,1053,1062,1047,1058,838580
2006-06-30,1079,1097.5,1072,1080,930800
2006-07-03,1097,1098,1082,1083,659820
2006-07-04,1095,1103.1,1085,1085,636480
2006-07-05,1085,1101,1077,1084,669250
2006-07-06,1078,1110,1078,1100,376120
2006-07-07,1095,1118,1095,1117,1331560
2006-07-10,1112,1117,1100,1102,562260
2006-07-11,1108,1120.32,1099,1099,533190
2006-07-12,1119,1119,1101.31,1112,719900
2006-07-13,1096,1109,1068,1068,749580
2006-07-14,1052,1061,1040,1043,2834670
2006-07-17,1043,1057,1037,1040,507490
2006-07-18,1052,1052,1026,1034,806560
2006-07-19,1044,1072,1030,1072,856600
2006-07-20,1072,1079,1051,1061,781590
2006-07-21,1051,1071,1048,1062,622300
2006-07-24,1067,1085,1056.2,1077,576240
2006-07-25,1073,1084,1062,1062,642140
2006-07-26,1074,1085,1069,1078,499150
2006-07-27,1090,1103,1076,1095,510810
2006-07-28,1085,1110,1077,1110,666820
2006-07-31,1112,1112.5,1095,1095,495950
2006-08-01,1095,1111,1079,1087,874680
2006-08-02,1095,1095,1081.62,1085,912950
2006-08-03,1089,1107,1055,1061,1499150
2006-08-04,1062,1089,1062,1086,2690420
2006-08-07,1071,1082,1060,1060,244660
2006-08-08,1067,1075,1059,1059,465780
2006-08-09,1076,1091,1061,1088,750430
2006-08-10,1063,1084,1063,1082,1096770
2006-08-11,1075,1087,1072,1073,344140
2006-08-14,1088,1088,1082,1086,363110
2006-08-15,1079,1094,1075,1094,1565140
2006-08-16,1086,1114,1086,1114,754630
2006-08-17,1109,1117.01,1109,1110,884480
2006-08-18,1114,1128.23,1113.51,1128,598800
2006-08-21,1123,1129,1117.78,1123,778060
2006-08-22,1130,1130.06,1115,1119,634330
2006-08-23,1116,1127.6,1115,1117,688320
2006-08-24,1110,1132,1108,1131,622850
2006-08-25,1130,1130,1122,1125,339550
2006-08-29,1137,1137,1126,1133,614390
2006-08-30,1130,1138,1127,1132,575600
2006-08-31,1138,1141,1130,1131,507940
2006-09-01,1141,1141,1129.76,1141,260670
2006-09-04,1143,1150,1128,1148,506140
2006-09-05,1149,1149,1140,1140,978070
2006-09-06,1146,1148,1123,1123,928070
2006-09-07,1114,1124,1108,1111,650990
2006-09-08,1111,1122,1108,1112,607410
2006-09-11,1105,1121,1101,1101,387800
2006-09-12,1101,1117.9,1101,1106,1100830
2006-09-13,1120,1120,1103.3,1105,415500
2006-09-14,1110,1117.52,1100,1104,463290
2006-09-15,1108,1113.09,1102,1108,2003220
2006-09-18,1108,1118,1107.46,1113,841760
2006-09-19,1115,1117,1102,1106,883380
2006-09-20,1107,1120,1106,1115,658840
2006-09-21,1120,1133,1120,1127,842460
2006-09-22,1120,1124.45,1114,1116,411440
2006-09-25,1128,1128,1103,1104,876000
2006-09-26,1120,1130,1110,1130,689880
2006-09-27,1136,1137,1122,1122,478610
2006-09-28,1138,1144,1123,1132,502380
2006-09-29,1144,1144,1127,1127,687120
2006-10-02,1126,1147,1124,1124,454810
2006-10-03,1122,1125.59,1106,1110,908160
2006-10-04,1113,1127,1107,1124,807190
2006-10-05,1125,1140,1125,1134,1101290
2006-10-06,1137,1140.2,1126,1136,1325360
2006-10-09,1129,1136,1128,1129,822810
2006-10-10,1133,1140,1130,1140,1511440
2006-10-11,1146,1157.5,1141.71,1153,955920
2006-10-12,1157,1175,1153,1175,572120
2006-10-13,1175,1185,1164,1185,913230
2006-10-16,1174,1182.56,1172,1178,380890
2006-10-17,1175,1181.8,1150,1150,793790
2006-10-18,1166,1171,1159,1171,911920
2006-10-19,1163,1168.1,1155.41,1163,573100
2006-10-20,1167,1172,1160,1163,1282250
2006-10-23,1170,1171.1,1161,1169,1076480
2006-10-24,1164,1178,1161.125,1178,603940
2006-10-25,1168,1178,1168,1177,503770
2006-10-26,1184,1185,1176,1179,778020
2006-10-27,1175,1183,1146,1151,949090
2006-10-30,1144,1153.92,1140,1141,1116820
2006-10-31,1152,1157,1148,1154,947380
2006-11-01,1154,1165,1154,1163,505180
2006-11-02,1150,1162.84,1145,1147,594470
2006-11-03,1152,1154,1147,1154,678110
2006-11-06,1150,1171,1150,1171,885810
2006-11-07,1167,1181,1167,1181,1814650
2006-11-08,1170,1179,1170,1179,763860
2006-11-09,1180,1183,1172,1181,388460
2006-11-10,1173,1189,1173,1187,719210
2006-11-13,1188,1195,1173.92,1195,643550
2006-11-14,1195,1198,1188.56,1191,1180660
2006-11-15,1198,1210,1189,1208,2723180
2006-11-16,1208,1223,1203,1218,1047980
2006-11-17,1211,1219.5,1195,1205,1454040
2006-11-20,1200,1202,1191.8,1195,1055260
2006-11-21,1201,1202,1194,1200,498570
2006-11-22,1204,1204,1191,1191,1337140
2006-11-23,1194,1196.4,1188,1189,423840
2006-11-24,1188,1191,1178,1182,623340
2006-11-27,1180,1189.68,1157,1157,769140
2006-11-28,1152,1161.3,1142,1155,1774790
2006-11-29,1158,1182,1158,1182,2042850
2006-11-30,1182,1182,1170,1170,557770
2006-12-01,1175,1178,1155,1155,558370
2006-12-04,1165,1165,1156.125,1163,258630
2006-12-05,1167,1175,1156.5,1175,481620
2006-12-06,1174,1178,1167,1177,767410
2006-12-07,1164,1183,1164,1176,892350
2006-12-08,1174,1178.2,1166,1178,747590
2006-12-11,1179,1193,1179,1193,536320
2006-12-12,1186,1192,1182,1186,926040
2006-12-13,1187,1196,1183.9,1192,600990
2006-12-14,1197,1202,1192.84,1202,1017570
2006-12-15,1205,1210,1200.5,1208,824750
2006-12-18,1204,1209,1195.1,1203,1802180
2006-12-19,1191,1202,1190,1201,831200
2006-12-20,1206,1209,1198.68,1202,694790
2006-12-21,1210,1210,1200,1205,2125580
2006-12-22,1201,1208,1200,1200,96990
2006-12-27,1206,1209,1204,1209,313920
2006-12-28,1205,1222,1198,1216,826750
2006-12-29,1217,1221,1211,1211,160580
2007-01-02,1228,1237.3,1222.71,1235,596130
2007-01-03,1240,1242,1229.46,1239,523530
2007-01-04,1230,1239,1222,1226,1457370
2007-01-05,1230,1235.36,1225,1226,340200
2007-01-08,1223,1232.9,1219,1219,365910
2007-01-09,1226,1235.58,1220,1221,824610
2007-01-10,1220,1221,1204,1204,534720
2007-01-11,1211,1217,1198,1215,865490
2007-01-12,1215,1219,1205,1210,1273120
2007-01-15,1214,1221.49,1209.5,1219,1430420
2007-01-16,1215,1219,1205,1210,1715630
2007-01-17,1210,1217,1200,1203,842560
2007-01-18,1200,1209,1200,1200,523400
2007-01-19,1197,1209,1192,1209,506530
2007-01-22,1213,1213,1197,1197,1138490
2007-01-23,1206,1206,1194,1206,544670
2007-01-24,1206,1219,1205.59,1218,1270220
2007-01-25,1220,1226,1215,1217,1439800
2007-01-26,1205,1217,1205,1212,433850
2007-01-29,1212,1224,1207.21,1222,666080
2007-01-30,1217,1229,1214.7,1229,1250650
2007-01-31,1232,1235,1219,1235,1225680
2007-02-01,1235,1243,1232,1236,1126520
2007-02-02,1234,1244.6,1232,1239,1231530
2007-02-05,1239,1247,1235.74,1246,750260
2007-02-06,1246,1256,1237,1247,983660
2007-02-07,1256,1257,1248.2,1253,1005160
2007-02-08,1252,1256,1239.2,1247,1361640
2007-02-09,1258,1273,1258,1272,2635280
2007-02-12,1259,1270,1259,1263,400950
2007-02-13,1259,1277,1255,1275,1285600
2007-02-14,1274,1280,1269.6,1280,494400
2007-02-15,1265,1282,1264,1279,749020
2007-02-16,1271,1282,1271,1277,516780
2007-02-19,1272,1290,1272,1288,456220
2007-02-20,1290,1295,1277,1278,1418870
2007-02-21,1283,1283,1263,1265,1417220
2007-02-22,1276,1282.5,1269,1274,496580
2007-02-23,1271,1279.79,1270,1277,431480
2007-02-26,1289,1289,1273,1284,368070
2007-02-27,1266,1280,1220,1220,1525200
2007-02-28,1205,1237,1200,1223,1576270
2007-03-01,1235,1254,1205,1211,2987600
2007-03-02,1216,1253.5,1198,1209,890020
2007-03-05,1197,1202,1182,1200,1321980
2007-03-06,1208,1212,1200.594,1207,2072800
2007-03-07,1206,1226,1206,1226,898770
2007-03-08,1235,1247,1234,1247,1043170
2007-03-09,1234,1243.8,1225,1240,596590
2007-03-12,1240,1245,1233.85,1245,725540
2007-03-13,1234,1239.4,1231,1231,585640
2007-03-14,1220,1220,1195,1195,1306570
2007-03-15,1215,1219,1201.9,1210,753900
2007-03-16,1213,1216.17,1195,1208,1961620
2007-03-19,1214,1235,1200,1228,1436680
2007-03-20,1228,1241.74,1219,1230,1107740
2007-03-21,1227,1240,1219,1235,1326120
2007-03-22,1241,1259,1225.375,1254,1534030
2007-03-23,1249,1261,1249,1254,801450
2007-03-26,1255,1261.3,1246,1251,1080200
2007-03-27,1259,1259.2,1251.99,1254,693700
2007-03-28,1252,1257,1241,1250,875950
2007-03-29,1252,1258.4,1248,1252,778030
2007-03-30,1250,1265,1250,1264,976280
2007-04-02,1261,1265,1250.2,1265,1133100
2007-04-03,1264,1282,1257,1282,1186260
2007-04-04,1282,1290,1257,1288,1235240
2007-04-05,1286,1298,1273.6,1298,1283820
2007-04-10,1298,1306,1284.7,1302,1230580
2007-04-11,1299,1323,1299,1302,814210
2007-04-12,1301,1305,1294,1300,2027210
2007-04-13,1307,1315,1303.5,1315,1405540
2007-04-16,1320,1336,1320,1336,1430040
2007-04-17,1326,1334,1304,1320,1186040
2007-04-18,1314,1329,1314,1324,1142570
2007-04-19,1304,1322,1304,1311,1025900
2007-04-20,1325,1348,1320.21,1348,1441950
2007-04-23,1348,1348,1337,1337,586200
2007-04-24,1337,1342.49,1325,1332,754930
2007-04-25,1336,1349,1328,1343,831900
2007-04-26,1350,1359,1350,1358,1083980
2007-04-27,1360,1360,1340.44,1349,1119680
2007-04-30,1345,1358,1343,1358,1076670
2007-05-01,1348,1356.36,1344,1344,536150
2007-05-02,1346,1368,1346,1361,1332760
2007-05-03,1371,1371,1358,1362,721150
2007-05-04,1366,1375,1361,1375,445910
2007-05-08,1367,1378,1351,1352,799780
2007-05-09,1361,1372.95,1350,1352,632750
2007-05-10,1351,1366.02,1344,1344,645540
2007-05-11,1342,1357.25,1324,1340,2710670
2007-05-14,1355,1356.5,1344.25,1346,1804060
2007-05-15,1343,1363.5,1343,1358,1154340
2007-05-16,1359,1363.69,1354,1358,662750
2007-05-17,1359,1364.38,1357,1364,718650
2007-05-18,1365,1378,1363,1370,579910
2007-05-21,1378,1378,1367,1374,1036940
2007-05-22,1369.99,1375,1364,1364,768350
2007-05-23,1374,1379,1368.5,1377,1244300
2007-05-24,1370,1376,1364.36,1372,2049640
2007-05-25,1362,1372,1356,1360,1162520
2007-05-29,1368,1373,1359,1373,725620
2007-05-30,1357,1368,1353,1367,831340
2007-05-31,1381,1387,1378,1382,1096980
2007-06-01,1387,1399,1382,1398,697660
2007-06-04,1394,1396.6,1391,1392,472660
2007-06-05,1393,1404,1386,1388,1609250
2007-06-06,1380,1384,1350,1350,1360680
2007-06-07,1349,1366,1335,1336,1531000
2007-06-08,1330,1340,1315,1330,1602810
2007-06-11,1347,1349,1330,1340,1647730
2007-06-12,1333,1346,1330,1330,3403460
2007-06-13,1330,1340,1316,1331,997760
2007-06-14,1353,1360,1346,1354,1259510
2007-06-15,1358,1369,1353,1365,1835120
2007-06-18,1362,1367,1352,1357,1319740
2007-06-19,1362,1369,1350,1356,6957530
2007-06-20,1359,1369,1350,1362,1156540
2007-06-21,1350,1358,1335,1337,1723380
2007-06-22,1351,1355,1345,1355,1206900
2007-06-25,1337,1349,1331,1337,793570
2007-06-26,1330,1338,1320,1338,2681380
2007-06-27,1312,1325.71,1310,1310,906390
2007-06-28,1325,1343.589,1230,1336,1688140
2007-06-29,1333,1348,1324,1335,1707930
2007-07-02,1345,1345.9,1330,1330,1099130
2007-07-03,1347,1355,1341,1355,1095390
2007-07-04,1350,1362,1349,1362,708040
2007-07-05,1362,1365,1348,1354,850930
2007-07-06,1352,1389,1350.65,1389,3875520
2007-07-09,1384,1393,1379,1388,972420
2007-07-10,1387,1392,1361,1375,1218700
2007-07-11,1360,1367,1351,1364,1232700
2007-07-12,1370,1399,1361.9,1388,830800
2007-07-13,1408,1420,1405,1411,615860
2007-07-16,1407,1416,1402,1414,971360
2007-07-17,1402,1413.2,1400,1407,1784040
2007-07-18,1393,1400,1381,1385,1783650
2007-07-19,1395,1399,1383.5,1397,396000
2007-07-20,1389,1393.5,1374,1379,521060
2007-07-23,1373,1387,1370,1375,617800
2007-07-24,1375,1380,1355,1355,632320
2007-07-25,1346,1361.3,1332,1334,856260
2007-07-26,1350,1350,1280,1280,1461600
2007-07-27,1270,1305,1270,1285,3443540
2007-07-30,1294,1300,1280,1300,719650
2007-07-31,1303,1319,1289,1317,803310
2007-08-01,1280,1303,1280,1295,733160
2007-08-02,1308,1308,1293,1301,401020
2007-08-03,1294,1305,1273,1290,740480
2007-08-06,1257,1276,1257,1270,846360
2007-08-07,1286,1297,1282,1294,845970
2007-08-08,1299,1330,1292,1321,1027550
2007-08-09,1320,1321,1276,1300,1394310
2007-08-10,1277,1280,1250,1264,2031790
2007-08-13,1289,1292,1275,1292,1101870
2007-08-14,1276,1284,1262,1262,847360
2007-08-15,1243,1265,1241,1257,1286350
2007-08-16,1230,1238,1220,1225,1136480
2007-08-17,1211,1266,1211,1259,2104880
2007-08-20,1263,1268.99,1252,1261,735650
2007-08-21,1267,1267,1235,1241,872050
2007-08-22,1258,1277,1250,1261,1484970
2007-08-23,1285,1291,1254,1258,1363880
2007-08-24,1250,1267,1248,1256,682540
2007-08-28,1251,1259,1239,1239,630840
2007-08-29,1220,1255,1220,1246,852560
2007-08-30,1264,1270,1246,1270,1062610
2007-08-31,1270,1288,1262,1275,1601000
2007-09-03,1274,1283.5,1273,1273,482050
2007-09-04,1264,1300,1261,1297,664520
2007-09-05,1285,1297,1262,1262,636960
2007-09-06,1275,1284,1258,1274,810970
2007-09-07,1275,1278.7,1244,1244,672510
2007-09-10,1251,1255,1232,1239,0
2007-09-11,1243,1261,1242,1261,938880
2007-09-12,1258,1263,1249,1255,704330
2007-09-13,1247,1285,1247,1279,900880
2007-09-14,1275,1277,1261,1277,903690
2007-09-17,1265,1281,1261,1265,1237690
2007-09-18,1263,1289,1263,1277,576910
2007-09-19,1305,1345,1264.08,1344,878510
2007-09-20,1334,1350,1330,1349,1550820
2007-09-21,1350,1383,1349.69,1377,1912040
2007-09-24,1365,1383,1365,1376,779580
2007-09-25,1374,1374,1350,1368,1503290
2007-09-26,1360,1378,1360,1364,1386090
2007-09-27,1379,1394,1374,1375,1789250
2007-09-28,1376,1387,1356,1357,845770
2007-10-01,1350,1369,1350,1356,581630
2007-10-02,1376,1378.7,1360,1367,1675760
2007-10-03,1363,1375,1360,1374,1934620
2007-10-04,1366,1391,1366,1376,656450
2007-10-05,1379,1391,1376,1385,485180
2007-10-08,1385,1391,1377,1391,482720
2007-10-09,1378,1402,1378,1400,707520
2007-10-10,1396,1406.75,1396,1401,764000
2007-10-11,1404,1433,1397.2,1418,1859630
2007-10-12,1409,1422,1405,1422,718000
2007-10-15,1422,1426,1399,1403,501820
2007-10-16,1396,1404,1388,1392,574800
2007-10-17,1399,1420,1387,1410,724290
2007-10-18,1415,1426,1403,1405,1338970
2007-10-19,1400,1415.71,1390,1391,679910
2007-10-22,1370,1384,1361,1366,1044070
2007-10-23,1386,1389,1364,1364,728900
2007-10-24,1364,1371.12,1342,1347,828660
2007-10-25,1358,1376.95,1357,1369,254190
2007-10-26,1371,1384.6,1361,1378,447320
2007-10-29,1386,1399,1385,1387,353470
2007-10-30,1375,1393,1375,1377,950570
2007-10-31,1390,1395,1378,1388,745200
2007-11-01,1399,1399,1362,1362,1329110
2007-11-02,1358,1391.33,1351,1355,664640
2007-11-05,1338,1387.66,1335,1339,881440
2007-11-06,1350,1359.8,1341,1348,618640
2007-11-07,1366,1367,1337,1340,464540
2007-11-08,1312,1343,1312,1331,1039490
2007-11-09,1341,1344,1310,1314,1292200
2007-11-12,1309,1330,1297.01,1327,1008430
2007-11-13,1317,1335,1313,1322,874280
2007-11-14,1350,1350,1333,1333,630090
2007-11-15,1347,1347,1322,1324,407400
2007-11-16,1315,1325,1310,1325,690900
2007-11-19,1308,1325,1279,1292,809420
2007-11-20,1300,1300,1277,1296,1261690
2007-11-21,1271,1285.7,1262,1284,1789320
2007-11-22,1280,1288,1261.1,1288,620570
2007-11-23,1282,1302,1276.25,1302,627840
2007-11-26,1295,1295,1295,1295,0
2007-11-27,1276,1289,1270,1286,1674580
2007-11-28,1289,1310,1270,1310,1412250
2007-11-29,1315,1324,1304,1323,496390
2007-11-30,1313,1345,1313,1337,1428510
2007-12-03,1322,1337,1319,1319,725390
2007-12-04,1313,1313,1290,1301,894450
2007-12-05,1310,1339,1301.12,1339,1502670
2007-12-06,1342,1349,1320,1344,1577640
2007-12-07,1324,1357,1324,1355,904660
2007-12-10,1341,1353,1335,1352,944000
2007-12-11,1353,1353,1336,1348,659920
2007-12-12,1325,1349,1319,1346,1335290
2007-12-13,1325,1328.77,1300,1302,1886190
2007-12-14,1315,1320,1295,1297,1666590
2007-12-17,1278,1298,1268,1294,1690450
2007-12-18,1283,1304,1276,1303,0
2007-12-19,1310,1310,1292,1294,1107480
2007-12-20,1299,1325.02,1294,1323,1007600
2007-12-21,1328,1344.71,1322,1337,1885830
2007-12-24,1333,1353,1331.1,1340,366260
2007-12-27,1356,1356,1341,1345,352390
2007-12-28,1331,1374,1331,1358,702860
2007-12-31,1354,1366,1350,1350,229270
2008-01-02,1367,1377,1346.55,1370,1408000
2008-01-03,1359,1380,1352,1380,911910
2008-01-04,1365,1381,1342,1360,1618710
2008-01-07,1356,1357,1342,1350,584760
2008-01-08,1357,1365,1348,1363,725340
2008-01-09,1346,1362,1336.02,1353,750100
2008-01-10,1366,1367,1345,1353,1368090
2008-01-11,1349,1358,1337,1346,848130
2008-01-14,1346,1368,1338.7,1368,917860
2008-01-15,1368,1368,1311,1324,951240
2008-01-16,1308,1335,1304,1312,2669730
2008-01-17,1329,1329.75,1281,1288,1856670
2008-01-18,1274,1300,1260,1276,1834880
2008-01-21,1260,1269,1180,1210,2017030
2008-01-22,1180,1230,1155,1223,1984630
2008-01-23,1235,1235,1171,1177,1401860
2008-01-24,1219,1225,1201,1224,1215820
2008-01-25,1221,1261,1218,1230,1283790
2008-01-28,1210,1222,1201,1215,525090
2008-01-29,1238,1249,1229,1240,654980
2008-01-30,1236,1243,1223,1241,506150
2008-01-31,1220,1239,1201.01,1213,1026890
2008-02-01,1233,1235,1218,1231,2229780
2008-02-04,1240,1249,1233,1236,648810
2008-02-05,1231,1244,1213.77,1222,3398580
2008-02-06,1204,1228,1203.5,1227,666160
2008-02-07,1215,1222,1190,1220,891900
2008-02-08,1228,1234,1210,1225,594830
2008-02-11,1209,1220,1199,1207,1468460
2008-02-12,1212,1259,1199,1259,1185070
2008-02-13,1250,1259,1231,1253,941510
2008-02-14,1269,1269,1252,1256,576350
2008-02-15,1250,1259,1227,1238,889020
2008-02-18,1250,1267,1243.28,1266,711780
2008-02-19,1268,1284,1248,1280,470100
2008-02-20,1245,1272,1245,1267,429910
2008-02-21,1284,1286.1,1267,1275,638220
2008-02-22,1260,1270,1254,1258,879550
2008-02-25,1270,1287,1270,1283,583700
2008-02-26,1286,1299,1277,1299,753140
2008-02-27,1291,1308,1282,1308,657170
2008-02-28,1285,1305,1276,1281,308400
2008-02-29,1281,1288,1251,1266,626180
2008-03-03,1246,1270,1240,1260,822290
2008-03-04,1255,1269.74,1233,1238,1278030
2008-03-05,1245,1255.02,1228.1,1250,763730
2008-03-06,1246,1255.9,1223,1228,1714200
2008-03-07,1210,1220,1189,1213,1020260
2008-03-10,1187,1200,1168,1190,1175330
2008-03-11,1195,1225,1190,1219,1005630
2008-03-12,1230,1245,1225,1230,1423970
2008-03-13,1215,1220,1191.1,1215,1947390
2008-03-14,1206,1218,1190,1201,1946180
2008-03-17,1185,1205,1170,1195,1163060
2008-03-18,1218,1225,1201,1220,521210
2008-03-19,1240,1240,1201,1227,1397630
2008-03-20,1208,1216,1187,1198,2421620
2008-03-25,1219,1243,1203,1216,1512490
2008-03-26,1216,1237,1207.03,1217,1557640
2008-03-27,1217,1235,1216.01,1235,1048520
2008-03-28,1239,1251,1222,1250,774820
2008-03-31,1231,1260,1226,1260,1045860
2008-04-01,1241,1289,1241,1289,1354110
2008-04-02,1269,1292,1266,1292,917300
2008-04-03,1270,1290,1251,1267,979570
2008-04-04,1261,1285,1254,1281,1022260
2008-04-07,1288,1303,1286.1,1300,1066150
2008-04-08,1287,1300,1285.1,1297,333490
2008-04-09,1305,1305,1286,1293,532990
2008-04-10,1295,1295,1274,1283,1700290
2008-04-11,1304,1304,1276.2,1284,1083420
2008-04-14,1269,1280,1260,1264,1142260
2008-04-15,1280,1293.4,1266.98,1290,1168050
2008-04-16,1305,1324,1293,1310,1251650
2008-04-17,1324,1324,1290,1311,1220150
2008-04-18,1313,1324,1300,1316,535670
2008-04-21,1314,1314,1290,1295,660420
2008-04-22,1302,1319,1302,1308,526740
2008-04-23,1306,1324,1306,1320,628400
2008-04-24,1320,1325,1300,1322,1501660
2008-04-25,1325,1338.9,1322,1322,534160
2008-04-28,1337,1342,1327,1328,680880
2008-04-29,1325,1345,1313.5,1321,1261750
2008-04-30,1329,1337,1312,1330,740790
2008-05-01,1314,1323,1310,1323,668530
2008-05-02,1335,1351,1324,1339,393620
2008-05-06,1350,1354,1326,1337,974970
2008-05-07,1342,1361,1335,1360,907850
2008-05-08,1340,1364,1335,1364,463890
2008-05-09,1357,1361,1337,1355,587360
2008-05-12,1352,1367,1347,1364,707470
2008-05-13,1371,1376,1337,1364,1659340
2008-05-14,1368,1391,1351,1374,1369200
2008-05-15,1374,1384.11,1372,1377,280290
2008-05-16,1394,1395,1380,1387,876150
2008-05-19,1395,1410,1379.11,1406,694610
2008-05-20,1405,1405,1382,1389,856960
2008-05-21,1388,1399,1371,1372,478860
2008-05-22,1359,1398,1359,1393,713840
2008-05-23,1384,1393,1375,1375,551150
2008-05-27,1382,1400,1373,1391,860960
2008-05-28,1372,1397.2,1372,1385,187520
2008-05-29,1392,1398,1383,1397,859060
2008-05-30,1393,1395,1381.01,1382,699530
2008-06-02,1384,1384.01,1371,1373,734600
2008-06-03,1384,1393,1379.5,1381,220810
2008-06-04,1377,1383.75,1365,1375,462050
2008-06-05,1374,1385,1368,1376,469500
2008-06-06,1375,1395,1357,1357,408270
2008-06-09,1351,1371,1346.1,1365,727530
2008-06-10,1346,1365,1345,1353,553880
2008-06-11,1369,1370,1325,1330,1170960
2008-06-12,1330,1343,1321,1342,642770
2008-06-13,1326,1344,1325,1329,1143350
2008-06-16,1321,1335,1310,1310,351630
2008-06-17,1315,1337,1310,1320,1406010
2008-06-18,1328,1328,1303,1325,845150
2008-06-19,1328,1328,1303,1318,433590
2008-06-20,1318,1318,1290,1297,2330470
2008-06-23,1297,1307.5,1290,1290,471220
2008-06-24,1290,1290,1257,1260,1439650
2008-06-25,1264,1264,1250,1257,942220
2008-06-26,1250,1254,1232,1232,899440
2008-06-27,1236,1241,1220,1220,497590
2008-06-30,1231,1255,1225,1252,493110
2008-07-01,1245,1245,1220,1223,599900
2008-07-02,1249,1249,1220,1225,1065680
2008-07-03,1220,1235,1199.1,1235,841110
2008-07-04,1227,1227.1,1195,1202,472560
2008-07-07,1202,1211,1198,1200,663500
2008-07-08,1205,1208,1190,1202,681710
2008-07-09,1210,1232,1199,1226,843000
2008-07-10,1208,1215,1197,1203,400730
2008-07-11,1200,1220,1177,1177,510430
2008-07-14,1185,1205,1184.07,1198,732750
2008-07-15,1170,1177.5,1145,1160,863120
2008-07-16,1167,1174,1149,1164,977470
2008-07-17,1184,1199,1175,1185,614050
2008-07-18,1172,1200,1172,1190,640170
2008-07-21,1186,1212,1186,1205,309120
2008-07-22,1184,1203,1173,1202,454540
2008-07-23,1205,1232,1203.1,1217,593100
2008-07-24,1217,1219,1196,1205,619920
2008-07-25,1196,1196,1183,1184,883500
2008-07-28,1186,1195,1178,1184,602310
2008-07-29,1171,1203,1170,1195,261320
2008-07-30,1205,1220,1191,1215,838660
2008-07-31,1215,1215,1196,1207,524380
2008-08-01,1186,1203,1185,1198,594440
2008-08-04,1207,1207,1175,1191,917830
2008-08-05,1194,1210,1175,1202,532600
2008-08-06,1217,1224,1204,1220,673170
2008-08-07,1195,1232,1195,1221,614250
2008-08-08,1217,1227,1210,1225,344670
2008-08-11,1216,1231,1210,1231,802840
2008-08-12,1224,1229,1211,1220,518090
2008-08-13,1200,1221,1200,1213,605860
2008-08-14,1222,1226,1205,1219,407650
2008-08-15,1210,1220,1205,1215,609580
2008-08-18,1212,1218,1201,1203,553460
2008-08-19,1192,1203,1161,1167,248920
2008-08-20,1168,1189.98,1168,1182,530480
2008-08-21,1175,1190,1172,1177,669290
2008-08-22,1176,1200,1170.3,1200,352560
2008-08-26,1182,1194,1171,1189,515780
2008-08-27,1190,1192.5,1172,1192,909720
2008-08-28,1197,1211,1185,1211,668660
2008-08-29,1207,1226,1191,1218,474350
2008-09-01,1218,1226,1208,1222,290250
2008-09-02,1222,1250,1217,1250,464630
2008-09-03,1236,1240,1218,1225,615480
2008-09-04,1225,1227,1196,1196,489430
2008-09-05,1195,1199,1164.9,1166,703900
2008-09-08,1212,1224,1180,1209,398550
2008-09-09,1193,1200,1170,1172,653220
2008-09-10,1177,1177,1142,1155,595870
2008-09-11,1154,1170,1135.26,1165,1070370
2008-09-12,1171,1171,1151,1169,301520
2008-09-15,1140,1146,1127,1141,832860
2008-09-16,1113,1149.11,1107,1133,1497920
2008-09-17,1148,1148,1095,1101,1134980
2008-09-18,1095,1126,1085,1085,1117800
2008-09-19,1115,1208,1115,1208,3153650
2008-09-22,1182,1193,1170,1170,957890
2008-09-23,1150,1170,1131.99,1142,470680
2008-09-24,1150,1150,1123.99,1130,809910
2008-09-25,1124,1150,1124,1132,865370
2008-09-26,1137,1142,1114,1130,568460
2008-09-29,1115,1121,1040,1040,775220
2008-09-30,1002,1056,995,1048,935820
2008-10-01,1056,1079,1050,1070,1142000
2008-10-02,1059,1094,1051,1051,931150
2008-10-03,1052,1095,1050,1095,1098520
2008-10-06,1030,1033,995,1015,514130
2008-10-07,1030,1030,998,1014,1437170
2008-10-08,979,999,930,974,1508990
2008-10-09,983.5,998,951,951,845100
2008-10-10,904.5,904.5,849,862.5,4186710
2008-10-13,883,910,880.5,910,673620
2008-10-14,950,1004,942,960,1294740
2008-10-15,960,960,905.5,918.5,655770
2008-10-16,897,913,880,900,1125280
2008-10-17,930,941.26,867.5,907,889200
2008-10-20,910,956,909.9,956,673900
2008-10-21,979.5,979.5,930,935,822640
2008-10-22,926.5,932,886.5,906.5,994190
2008-10-23,900,914,884.01,908,482260
2008-10-24,881.5,881.5,833,848,677710
2008-10-27,825,860,805,848,1267800
2008-10-28,865.5,881.575,844,857,1111480
2008-10-29,890,913.5,890,910,485930
2008-10-30,914,933.5,900,930,1389920
2008-10-31,917,923,907,907,469540
2008-11-03,919,933.5,906,912,320740
2008-11-04,933,998.48,927,975,989430
2008-11-05,988,995,965,990,891300
2008-11-06,966,979,940,946,901060
2008-11-07,955,966,944,955,546180
2008-11-10,990,1016,980,992.5,660990
2008-11-11,979,989.49,942,942,484170
2008-11-12,957,961.5,928,945,614080
2008-11-13,922,944.5,920,926,850340
2008-11-14,955,965,932,932,766850
2008-11-17,930,936,909,914,1302510
2008-11-18,901.5,915,891,911,1803530
2008-11-19,902,911,877.5,882,394610
2008-11-20,850.5,871,840,860.5,1228480
2008-11-21,864.5,864.5,820,820,1594500
2008-11-24,855,893.5,835.5,890,475440
2008-11-25,881,922,870,898,938500
2008-11-26,888,907.48,879.5,886,2295870
2008-11-27,903,908,895,900.5,382180
2008-11-28,896,911.5,888,895,315810
2008-12-01,890.5,894.5,862,862,519770
2008-12-02,843.5,866,840.5,859,1927740
2008-12-03,851,864.5,843,864.5,807630
2008-12-04,867.5,867.5,849.5,859.5,982230
2008-12-05,847.5,856.5,820,820,708750
2008-12-08,855.5,880,853,876,569820
2008-12-09,886,936,880.1,930,701750
2008-12-10,919,952,919,952,301600
2008-12-11,952,975,939,975,384040
2008-12-12,950,958.5,935,941,574300
2008-12-15,960,965.5,945,955,476350
2008-12-16,947,963,947,960,625370
2008-12-17,984,1003,970.12,1001,409920
2008-12-18,994,1025,989,1024,506460
2008-12-19,1018,1018,975,975,1061190
2008-12-22,974,983,922,977,1817690
2008-12-23,966,996.5,959,982.5,298470
2008-12-24,997.5,998,989,993,104120
2008-12-29,1000,1030,1000,1026,246610
2008-12-30,1026,1050,1013,1050,257890
2008-12-31,1048,1058,990,990,336690
2009-01-02,1020,1035,1015,1034,472830
2009-01-05,1035,1071,1035,1069,768180
2009-01-06,1060,1077,1041,1070,2796860
2009-01-07,1060,1068,1036,1057,1663170
2009-01-08,1046,1046,982.5,1029,2588020
2009-01-09,1020,1030,995,1016,606960
2009-01-12,993,1015,991.36,1003,287350
2009-01-13,992.5,1003,970,1003,594360
2009-01-14,986,990.99,961.5,980,806620
2009-01-15,961,974.5,942.5,950,861130
2009-01-16,960,966,950,950,417130
2009-01-19,959.5,959.5,924.5,944,693690
2009-01-20,940,960,939,948.5,606420
2009-01-21,920,950,920,950,416100
2009-01-22,950,970,940.51,970,2449110
2009-01-23,951,964,943,964,678200
2009-01-26,959,984,945.5,983.5,509770
2009-01-27,972,988,967,986,590200
2009-01-28,971.5,1000,971.5,998,454750
2009-01-29,990,991,969,985,818910
2009-01-30,975.5,983,944.5,965,838230
2009-02-02,940.5,946,933,943,429560
2009-02-03,929,947,929,946.5,565340
2009-02-04,939.5,944,932,941,518660
2009-02-05,925,941,908.5,941,671090
2009-02-06,922,971,922,971,601730
2009-02-09,970,974,952,958.5,670150
2009-02-10,947.5,961.5,945.51,956,511550
2009-02-11,947,960,947,959.5,230700
2009-02-12,944.5,946,845,946,547750
2009-02-13,944,950,932.5,950,443670
2009-02-16,934,949,933,943,254190
2009-02-17,930,930.5,916,921,766880
2009-02-18,907.5,912,892.5,907,743260
2009-02-19,895,903.5,880,902,677710
2009-02-20,885,885,862,875,828970
2009-02-23,872.5,882,850,873,1016820
2009-02-24,859.5,864.5,836.5,848,1734750
2009-02-25,850,864,836,845,823550
2009-02-26,844.5,855,837.5,853,584200
2009-02-27,835,846.5,815,835,873780
2009-03-02,812,816.5,795,800.5,1510460
2009-03-03,794,806,783,783,1458390
2009-03-04,790,819,786,819,990150
2009-03-05,818.5,818.5,796,796,723910
2009-03-06,803,803,766.6,780,632490
2009-03-09,778,778,750,755.5,1331070
2009-03-10,767,820,760.66,820,1021340
2009-03-11,820,824,809.5,819.5,503110
2009-03-12,818.5,845,804,845,934280
2009-03-13,832,864.5,832,846,1008260
2009-03-16,864,870,845,868.5,527900
2009-03-17,864.5,864.5,849.5,857,350220
2009-03-18,848,852,836,836,660070
2009-03-19,845,870.5,844.55,860,1252230
2009-03-20,855,863,829,833.5,1405510
2009-03-23,858,858,833,841,630660
2009-03-24,860,862.97,835,845,1006770
2009-03-25,849,880,830,877,1323930
2009-03-26,885,885,858.2,865.5,666800
2009-03-27,862.5,881.5,856.5,861,1169660
2009-03-30,838,858.05,817.5,850,1380200
2009-03-31,852,852,835,852,2318970
2009-04-01,850,859,832,838.5,1274640
2009-04-02,851.5,865,842,860,1675160
2009-04-03,869,890,855.5,890,2004200
2009-04-06,898,913,877.5,884,569220
2009-04-07,877,895,865,877.5,460780
2009-04-08,865,880.28,865,878,187390
2009-04-09,870,901,870,896,407000
2009-04-14,881,911,881,903,710560
2009-04-15,896,911,885,895,515160
2009-04-16,905.5,905.5,892.51,900,439740
2009-04-17,912,914.5,897,902,656070
2009-04-20,898.5,903.5,877,877,746670
2009-04-21,893,893,859,862.5,546010
2009-04-22,861,895,860,890,755230
2009-04-23,894,895.5,885,885,212780
2009-04-24,882,913.5,882,913.5,630750
2009-04-27,897,926.5,892,925,1220550
2009-04-28,915,916,895.5,900,502290
2009-04-29,912.5,934.5,905,932,475070
2009-04-30,945,954,937.5,954,799810
2009-05-01,955,955,932,945,225420
2009-05-05,977.5,977.5,959,970,715870
2009-05-06,958.5,965,948,959,1556960
2009-05-07,958,976.5,952,952,908460
2009-05-08,979,979,958,961,675290
2009-05-11,962,975.5,938,945,647410
2009-05-12,943,971,935,971,764460
2009-05-13,955.5,977.5,940,948,656400
2009-05-14,944,948,930.5,948,644420
2009-05-15,940.5,950.5,920,928,507160
2009-05-18,930,932.5,918,931,335710
2009-05-19,938.5,949.5,933.5,935,652100
2009-05-20,945,963.5,936,960,777260
2009-05-21,955,963.5,945,950,395620
2009-05-22,960,960,938,944,346180
2009-05-26,955,955.2,930,951,529310
2009-05-27,964.5,965,946.52,951,236620
2009-05-28,936,954.5,935.5,950.5,419460
2009-05-29,955,962,953,961,1457040
2009-06-01,968.5,1008,968,1005,1596030
2009-06-02,1005,1008,994.5,1007,1860510
2009-06-03,996.5,1005,990,1000,1747210
2009-06-04,994,1000,971.5,976,448680
2009-06-05,981,997.5,981,986,300380
2009-06-08,975.5,982.88,955,955,664080
2009-06-09,951,968,945,945,477740
2009-06-10,952,968,939.5,947,549480
2009-06-11,936,948,934,945,487490
2009-06-12,938,944.3,930,938,880560
2009-06-15,944,954.5,901,912.5,1162590
2009-06-16,913,913,897.5,909,936450
2009-06-17,896.5,902.5,879,888,1055930
2009-06-18,884,895,875,889,806200
2009-06-19,887.5,910,884.5,910,2280770
2009-06-22,906,906,870,888,757130
2009-06-23,876.5,895,873,890,993320
2009-06-24,895,907,882.01,907,492200
2009-06-25,906,907,895,898.5,358260
2009-06-26,904,907.5,888.5,888.5,626170
2009-06-29,888,908.5,888,903.5,466320
2009-06-30,905,905,890.5,890.5,994180
2009-07-01,900,903,890,903,585380
2009-07-02,892.5,900,881,900,1413440
2009-07-03,880.5,904.5,880.5,895,188140
2009-07-06,883.5,904.5,880,890,409300
2009-07-07,885,899.5,880,897,330090
2009-07-08,874.5,884,871.5,882,508810
2009-07-09,885,890,881,890,474660
2009-07-10,879,890,871,871,219380
2009-07-13,866,887.5,860,887.5,426660
2009-07-14,890,898.5,877.51,891,292250
2009-07-15,889.5,942.07,888.01,912,359920
2009-07-16,910,914,900.5,914,334300
2009-07-17,913,932,912,932,318350
2009-07-20,929,945,929,942,419120
2009-07-21,928,963.5,925.5,954,528200
2009-07-22,962,962,943.5,952.5,475860
2009-07-23,950,960,948,951.5,248600
2009-07-24,957.5,967.99,945.2,960,677340
2009-07-27,962,965,951.5,953,740180
2009-07-28,945.5,954,937.5,950,545290
2009-07-29,947.5,952.73,930.5,946,694190
2009-07-30,949.5,954.5,937,953.5,652610
2009-07-31,939,951,939,945,379520
2009-08-03,949.5,964.5,936,955,445050
2009-08-04,950,965,940.5,965,568820
2009-08-05,943,963,943,948,719110
2009-08-06,954.5,973,951.5,973,758370
2009-08-07,968,986,956.51,986,445400
2009-08-10,979,988,967.51,981.5,420350
2009-08-11,973,982,965.5,974,309130
2009-08-12,970,981,958.5,981,2814670
2009-08-13,976,989,967,989,2153660
2009-08-14,985,989,964,978,1042290
2009-08-17,978,978,950,968,969430
2009-08-18,964.5,970,952,965,729110
2009-08-19,962,974,947,970,946420
2009-08-20,979.5,990,973.1,990,756300
2009-08-21,991,1004.5,990.5,1000,638420
2009-08-24,1010,1019,1003,1019,1061330
2009-08-25,1010,1040,1002,1033,955480
2009-08-26,1021,1038,1021,1029,803180
2009-08-27,1033,1036,1025,1030,715860
2009-08-28,1034,1050,1026,1044,413000
2009-09-01,1045,1045,1016,1016,563660
2009-09-02,1019,1019,989.6,999,518770
2009-09-03,998.5,1006,996,1001,1014320
2009-09-04,1001,1015,997.75,1015,678250
2009-09-07,1019,1034,1012.25,1034,573740
2009-09-08,1039,1044,1026,1042,416540
2009-09-09,1035,1048,1030,1044,301270
2009-09-10,1049,1053,1027,1046,2169590
2009-09-11,1050,1065,1050,1065,594850
2009-09-14,1055,1059.3,1045,1050,293620
2009-09-15,1060,1065,1052,1064,1002210
2009-09-16,1069,1092,1069,1089,740840
2009-09-17,1100,1108,1091,1099,438100
2009-09-18,1090,1103,1088,1100,1637060
2009-09-21,1102,1105,1094,1098,577970
2009-09-22,1101,1123,1101,1112,1592100
2009-09-23,1115,1122.5,1104,1104,411570
2009-09-24,1106,1115,1100,1114,2032900
2009-09-25,1122,1122,1108,1112,402930
2009-09-28,1120,1129,1088.79,1129,459610
2009-09-29,1138,1149,1125.21,1147,317460
2009-09-30,1135,1149,1118,1118,418340
2009-10-01,1120,1132,1105,1105,481900
2009-10-02,1104,1107,1082.1,1084,1175290
2009-10-05,1085,1101,1084,1101,1238380
2009-10-06,1110,1143,1095.05,1136,927830
2009-10-07,1132,1147,1127,1136,523270
2009-10-08,1140,1153,1140,1147,466510
2009-10-09,1140,1145,1135,1142,778260
2009-10-12,1152,1176.91,1150,1173,564190
2009-10-13,1179,1183,1155,1166,2233150
2009-10-14,1180,1180,1162.1,1175,359450
2009-10-15,1182,1182,1155,1157,379520
2009-10-16,1173,1174,1140,1140,444700
2009-10-19,1150,1160,1146,1160,543570
2009-10-20,1151,1162,1145,1146,686070
2009-10-21,1156,1159,1131,1147,1098200
2009-10-22,1132,1140,1122,1140,483950
2009-10-23,1141,1155,1141,1144,458510
2009-10-26,1141,1145,1131,1140,858860
2009-10-27,1139,1139,1119,1125,771990
2009-10-28,1115,1117,1075,1085,918890
2009-10-29,1087,1092,1067,1089,740280
2009-10-30,1096,1100,1075,1075,746130
2009-11-02,1083,1083,1064.53,1082,451440
2009-11-03,1080,1080,1052.84,1062,359270
2009-11-04,1061,1085,1061,1085,420140
2009-11-05,1070,1079,1065,1075,938440
2009-11-06,1076,1083,1065,1079,599610
2009-11-09,1071,1100,1071,1093,576450
2009-11-10,1093,1108.2,1090,1100,659470
2009-11-11,1091,1120,1091,1119,464270
2009-11-12,1118,1118.01,1096,1116,408080
2009-11-13,1106,1114,1097,1103,197630
2009-11-16,1103,1117,1093,1114,608220
2009-11-17,1110,1116,1093,1093,282850
2009-11-18,1096,1108,1095,1105,422110
2009-11-19,1100,1109,1075,1075,881430
2009-11-20,1085,1089,1071,1079,1082110
2009-11-23,1094,1100,1086,1093,731580
2009-11-24,1090,1100,1087,1092,703720
2009-11-25,1092,1106,1092,1105,403030
2009-11-26,1100,1100,1065,1065,648300
2009-11-27,1065,1075,1055,1073,315300
2009-11-30,1067,1081,1063,1080,1415250
2009-12-01,1081,1102,1081,1100,770830
2009-12-02,1096,1100,1090,1100,1289660
2009-12-03,1100,1111,1093,1111,974810
2009-12-04,1097,1101,1081,1090,1173270
2009-12-07,1088,1109,1075,1106,3693450
2009-12-08,1104,1104,1071,1099,925640
2009-12-09,1078,1084,1070,1080,362440
2009-12-10,1076,1097,1071,1097,553050
2009-12-11,1095,1098,1090,1096,490010
2009-12-14,1104,1113.1,1094,1094,586320
2009-12-15,1091,1093,1070,1070,562960
2009-12-16,1070,1093,1067,1092,1374010
2009-12-17,1085,1095,1066,1066,475710
2009-12-18,1074,1082,1050,1050,2077860
2009-12-21,1052,1079,1052,1065,1080400
2009-12-22,1066,1099,1065,1093,742880
2009-12-23,1101,1113,1091,1112,563550
2009-12-24,1107,1115,1095,1115,61880
2009-12-29,1120,1140,1109,1140,532070
2009-12-30,1139,1140,1135,1140,329810
2009-12-31,1140,1151,1136,1151,514870
2010-01-04,1148,1148.5,1137,1147,704780
2010-01-05,1145,1160,1137,1160,443820
2010-01-06,1158,1160,1146,1160,881620
2010-01-07,1161,1162,1150,1156,534530
2010-01-08,1164,1164,1147,1147,488150
2010-01-11,1158,1165,1150,1163,1300330
2010-01-12,1163,1165,1128.7,1160,612110
2010-01-13,1152,1158,1135,1153,601780
2010-01-14,1158,1158,1140,1150,676220
2010-01-15,1150,1150,1122,1134,1202780
2010-01-18,1134,1134,1117,1127,175780
2010-01-19,1112,1125,1110,1116,735690
2010-01-20,1110,1112,1085,1085,496400
2010-01-21,1088,1090,1069,1069,321300
2010-01-22,1072,1072,1052,1055,670360
2010-01-25,1043,1058,1042,1042,441440
2010-01-26,1046,1046,1028,1032,639170
2010-01-27,1031,1043,1022,1025,600990
2010-01-28,1044,1047,1020,1020,866300
2010-01-29,1024,1043,1020,1027,663940
2010-02-01,1032,1039,1030.25,1036,626950
2010-02-02,1035,1049,1033.5,1045,1218900
2010-02-03,1045,1056.17,1042,1047,861910
2010-02-04,1054,1054,1020,1022,1107930
2010-02-05,1026,1026,994,1000,1700740
2010-02-08,1005,1011,985,1009,1365640
2010-02-09,997.5,1015,989.83,1012,2743870
2010-02-10,1010,1019.9,1000.1,1017,2714640
2010-02-11,1020,1025,1008,1021,889130
2010-02-12,1017,1024,994.5,1021,1136520
2010-02-15,1018,1018.49,1010,1010,253870
2010-02-16,1015,1019.9,1003,1015,606850
2010-02-17,1023,1025,1017,1019,623200
2010-02-18,1024,1030.8,1018,1024,1631320
2010-02-19,1017,1035,1017,1032,1650620
2010-02-22,1031,1047,1028.5,1045,1518100
2010-02-23,1046,1052,1024.01,1025,1182350
2010-02-24,1029,1033,1021,1027,921740
2010-02-25,1024,1034,1014.01,1017,1186940
2010-02-26,1026,1042,1026,1042,906100
2010-03-01,1055,1075,1050.03,1074,416020
2010-03-02,1070,1091,1070,1087,1052970
2010-03-03,1081,1081,1058.01,1067,1476370
2010-03-04,1076,1082.99,1072,1077,2745050
2010-03-05,1078,1084,1076,1076,1526000
2010-03-08,1090,1090,1078,1080,739720
2010-03-09,1084,1085,1075,1078,1070330
2010-03-10,1083,1091,1076,1089,962600
2010-03-11,1085,1092,1078,1090,1728920
2010-03-12,1093,1099,1088,1092,1661690
2010-03-15,1095,1099,1091,1092,567770
2010-03-16,1101,1107,1090,1105,1269530
2010-03-17,1105,1115,1104,1115,1133250
2010-03-18,1110,1112,1100,1104,1768130
2010-03-19,1113,1115,1101,1105,2395270
2010-03-22,1101,1107,1082,1097,2123350
2010-03-23,1103,1114,1100,1103,1074940
2010-03-24,1105,1110,1092,1100,1556200
2010-03-25,1106,1113,1097,1111,1429110
2010-03-26,1114,1120,1110,1115,634930
2010-03-29,1116,1121,1112,1117,723750
2010-03-30,1128,1128,1110,1114,1323380
2010-03-31,1119,1119,1105,1116,2020250
2010-04-01,1117,1128,1113.1,1128,345230
2010-04-06,1120,1128,1111.25,1122,724030
2010-04-07,1124,1124,1111.38,1120,641980
2010-04-08,1117,1117,1099.01,1106,459300
2010-04-09,1115,1117,1106,1113,419330
2010-04-12,1128,1131,1121.01,1125,438210
2010-04-13,1125,1131,1121.51,1130,749500
2010-04-14,1128,1136,1125,1135,104710
2010-04-15,1135,1135,1126.3,1130,683460
2010-04-16,1125,1132,1107.01,1110,342660
2010-04-19,1110,1120.68,1100,1104,713780
2010-04-20,1112,1117,1105,1116,986120
2010-04-21,1112,1121,1104,1105,1067070
2010-04-22,1105,1111.05,1078,1084,829570
2010-04-23,1084,1091.09,1077,1089,985640
2010-04-26,1094,1100,1085,1088,450150
2010-04-27,1090,1091,1064,1064,1058230
2010-04-28,1070,1078,1048,1057,1976650
2010-04-29,1055,1065,1054,1061,1513490
2010-04-30,1063,1065,1055,1057,1580790
2010-05-04,1057,1058.33,1031,1034,1388930
2010-05-05,1027,1032,1000,1010,1179740
2010-05-06,1006,1018,987,995,1496020
2010-05-07,961.5,1012,960,965,2033810
2010-05-10,993,1051,993,1045,1843680
2010-05-11,1040,1042.7,1016,1031,1021420
2010-05-12,1025,1048,1018,1042,540940
2010-05-13,1043,1049,1032,1042,945190
2010-05-14,1044,1044,997,1000,1016110
2010-05-17,995,1008,993.5,997,1462080
2010-05-18,1008,1020,1004,1014,1284480
2010-05-19,998,1000,985,990.5,1408790
2010-05-20,1005,1005,960,964,960650
2010-05-21,963.5,982,954.5,973,1185210
2010-05-24,984,984,963,966.5,795470
2010-05-25,953,953,928,933.5,1423390
2010-05-26,937.5,960,937.5,949,1223080
2010-05-27,949,977.5,949,977.5,1133790
2010-05-28,981.5,984.5,973,973,4002490
2010-06-01,965,965,937,951,764180
2010-06-02,943,955.5,936.5,955.5,382160
2010-06-03,961.5,973,961.5,971,537170
2010-06-04,963,973.29,935.53,940,827410
2010-06-07,925,938.5,918,929,520600
2010-06-08,929.5,933.4,918.5,928.5,445270
2010-06-09,936.5,941.5,922.6,938,881900
2010-06-10,922.5,955,922.5,952.5,635300
2010-06-11,955,966,930.02,960.5,618580
2010-06-14,966.5,978.5,966,978.5,868430
2010-06-15,968,985,958,985,804040
2010-06-16,992,992,972,980.5,462760
2010-06-17,976,990,975.5,979,1387500
2010-06-18,980,991.5,976,987,1595650
2010-06-21,1001,1001,988,998,369440
2010-06-22,996.5,996.5,978,983.5,506250
2010-06-23,973,978,964.5,968.5,6314550
2010-06-24,976.5,976.5,949.3,952,963500
2010-06-25,949.5,954,942,945,458170
2010-06-28,942.5,959.5,941,958.5,689840
2010-06-29,943,943,924,929.5,1554160
2010-06-30,930.5,939.5,926,933,1120030
2010-07-01,916,920.4,910.5,916,883080
2010-07-02,918,925.5,915.5,920.5,671980
2010-07-05,919,923.5,915.2,921,633400
2010-07-06,926.5,949,926.5,949,449270
2010-07-07,939.5,957.5,929,957.5,477140
2010-07-08,965,976.5,963.5,972,420640
2010-07-09,978,978,968,974,437630
2010-07-12,977.5,980.99,973,974,293750
2010-07-13,983,994.5,979,994,651060
2010-07-14,997,998,987,990.5,345090
2010-07-15,993,995.5,981,990,291160
2010-07-16,989.5,994,974,979,332540
2010-07-19,972,984,961.5,976,842880
2010-07-20,974.5,977,960,974.5,709820
2010-07-21,975,984.5,973.5,979.5,892940
2010-07-22,977.5,1003,973.5,1003,952010
2010-07-23,996.5,1004.5,995.5,997,384230
2010-07-26,1009,1009,997,1005,210510
2010-07-27,1010,1015,1005,1006,404720
2010-07-28,1004,1010.5,989.5,989.5,482490
2010-07-29,1000,1007,996.5,1002,380910
2010-07-30,990.5,1005,976.02,980.5,246050
2010-08-02,992.5,1003,986.51,1003,363620
2010-08-03,998,1002,993,998,1098730
2010-08-04,999,1003,993,996.5,152080
2010-08-05,1004,1010,998,1001,168390
2010-08-06,1001,1006,985,986,213100
2010-08-09,1003,1008.65,999,1006,374570
2010-08-10,1000,1001,991,999,326060
2010-08-11,987,988,965,965,320790
2010-08-12,960.5,968.5,954.5,961,316140
2010-08-13,960,968.23,951.51,956.5,638850
2010-08-16,967.5,967.5,949.5,955.5,400350
2010-08-17,956,970,952.5,967.5,560750
2010-08-18,968,973.88,965,969,589190
2010-08-19,974,978,961.1,962,1286960
2010-08-20,964,968.9,949,951,824350
2010-08-23,950,960.15,946,954,980290
2010-08-24,950.5,955,938,947.5,921240
2010-08-25,948,952,930,937.5,818600
2010-08-26,948,948.8,940,940,319660
2010-08-27,947.5,951,937.5,951,222470
2010-08-31,937,948,935.5,945,670680
2010-09-01,947,985,947,985,606070
2010-09-02,987,994,978,993,704650
2010-09-03,990,1008,988,1003,396910
2010-09-06,1010,1016,1006,1010,298700
2010-09-07,1005,1008.75,986,986.5,402310
2010-09-08,986.5,1000,975,994,429390
2010-09-09,995,1006,991.5,996,466930
2010-09-10,997,1004,993,1004,294240
2010-09-13,1011,1030,1011,1026,607690
2010-09-14,1026,1026,1015.33,1021,1019800
2010-09-15,1025,1028,1015,1023,383280
2010-09-16,1016,1028.58,1016,1020,714480
2010-09-17,1030,1034,1013,1015,1611580
2010-09-20,1023,1037,1022,1037,299130
2010-09-21,1043,1050.8,1034,1050,577060
2010-09-22,1043,1049,1027,1039,254640
2010-09-23,1039,1048,1021,1030,343820
2010-09-24,1026,1055,1020,1051,253270
2010-09-27,1057,1057.75,1048,1049,418550
2010-09-28,1040,1055,1031,1054,438400
2010-09-29,1059,1060,1045.83,1049,142540
2010-09-30,1040,1068,1040,1050,414700
2010-10-01,1061,1063,1048.25,1053,119180
2010-10-04,1043,1045.49,1039,1039,321510
2010-10-05,1037,1062.4,1037,1062,471680
2010-10-06,1068,1072,1062,1072,508580
2010-10-07,1068,1080,1068,1073,428950
2010-10-08,1072,1074,1064.3,1070,639030
2010-10-11,1071,1078,1069.83,1072,240330
2010-10-12,1061,1072,1050,1069,2862590
2010-10-13,1070,1102,1070,1100,696240
2010-10-14,1097,1105,1091,1093,678890
2010-10-15,1091,1100,1080,1088,496110
2010-10-18,1089,1100,1081,1097,137150
2010-10-19,1088,1104,1088,1091,408160
2010-10-20,1090,1093.49,1084,1093,397040
2010-10-21,1091,1114.75,1091,1110,258070
2010-10-22,1105,1107,1096,1100,563370
2010-10-25,1110,1115,1102,1104,298000
2010-10-26,1100,1102,1080,1083,358680
2010-10-27,1084,1090,1075,1075,326150
2010-10-28,1085,1090,1078.1,1079,215610
2010-10-29,1081,1085,1070.2,1077,713940
2010-11-01,1085,1090.83,1072,1076,398030
2010-11-02,1077,1097,1074,1093,361240
2010-11-03,1091,1095.17,1076.01,1077,569670
2010-11-04,1095,1113,1093.67,1106,370390
2010-11-05,1109,1110,1095,1095,340890
2010-11-08,1091,1095,1086,1091,453410
2010-11-09,1093,1098,1086,1096,408040
2010-11-10,1090,1095,1069,1069,423150
2010-11-11,1069,1077,1056,1058,643500
2010-11-12,1050,1067,1040,1061,1081280
2010-11-15,1059,1078,1053,1070,779480
2010-11-16,1057,1068,1051,1053,1437160
2010-11-17,1050,1061,1046,1058,601640
2010-11-18,1064,1077.22,1058.83,1072,2739790
2010-11-19,1077,1077,1065.42,1071,615460
2010-11-22,1080,1089.99,1060,1061,475060
2010-11-23,1057,1059,1035,1037,1039490
2010-11-24,1042,1057,1033,1051,1275860
2010-11-25,1055,1055,1043.5,1049,1184600
2010-11-26,1045,1045,1026,1034,1198990
2010-11-29,1038,1057,1012.01,1015,1181070
2010-11-30,1023,1023,1004,1010,1435250
2010-12-01,1020,1036,1016.25,1032,1010920
2010-12-02,1040,1064,1032.65,1064,574600
2010-12-03,1061,1070,1056,1066,208280
2010-12-06,1070,1070,1055,1056,540080
2010-12-07,1065,1079,1060,1067,1069210
2010-12-08,1065,1072,1060,1062,856650
2010-12-09,1075,1080,1070,1077,930440
2010-12-10,1076,1082,1074,1079,840650
2010-12-13,1082,1098,1078,1098,1100420
2010-12-14,1097,1109,1090,1108,294920
2010-12-15,1101,1110.01,1094.1,1107,945600
2010-12-16,1097,1110,1091.28,1097,726890
2010-12-17,1110,1110,1092,1097,872200
2010-12-20,1096,1105,1093.8,1102,868380
2010-12-21,1105,1114.95,1105,1110,992670
2010-12-22,1114,1120,1111,1115,522840
2010-12-23,1120,1130,1110,1130,890350
2010-12-24,1119,1125,1116,1122,257930
2010-12-29,1122,1125,1108,1125,382220
2010-12-30,1116,1122,1110,1110,323360
2010-12-31,1114,1114,1110,1113,136300
2011-01-04,1129,1138,1120,1122,532490
2011-01-05,1118,1121,1101,1107,998770
2011-01-06,1105,1120,1102.97,1111,1661230
2011-01-07,1117,1117,1099,1100,712020
2011-01-10,1093,1093,1071,1071,441920
2011-01-11,1078,1089,1076,1089,1024100
2011-01-12,1089,1119,1089,1119,995570
2011-01-13,1120,1125,1115,1124,1035320
2011-01-14,1124,1125,1112,1115,479510
2011-01-17,1110,1117.5,1105,1105,274620
2011-01-18,1124,1125,1110,1118,745420
2011-01-19,1130,1130,1114,1118,471970
2011-01-20,1110,1122,1103,1116,612280
2011-01-21,1129,1129,1129,1129,886520
2011-01-24,1123,1146,1116.6,1145,489640
2011-01-25,1145,1150,1130,1145,712400
2011-01-26,1149,1158.28,1144,1144,663030
2011-01-27,1147,1153.89,1140.04,1145,993030
2011-01-28,1143,1154,1135,1135,525770
2011-01-31,1131,1137.98,1126.28,1130,248050
2011-02-01,1138,1158,1131.5,1158,1000060
2011-02-02,1158,1160,1146,1155,956670
2011-02-03,1146,1150,1133,1135,800720
2011-02-04,1133,1138,1130,1131,258500
2011-02-07,1135,1146,1131,1145,1222370
2011-02-08,1140,1155,1140,1152,621710
2011-02-09,1153,1156.4,1146,1152,755760
2011-02-10,1158,1158,1135,1140,601390
2011-02-11,1140,1146,1130,1146,1047540
2011-02-14,1145,1155,1142,1155,169580
2011-02-15,1145.68,1158,1145.68,1151,444330
2011-02-16,1155,1164,1150,1162,2360030
2011-02-17,1165,1165,1154,1160,529890
2011-02-18,1160,1170.65,1154.05,1170,1133920
2011-02-21,1160,1165,1150,1153,461930
2011-02-22,1145,1157,1131.5,1155,409870
2011-02-23,1143.05,1149,1136,1140,210200
2011-02-24,1128,1149,1127,1149,588510
2011-02-25,1158,1160,1150,1160,246750
2011-02-28,1160,1170,1152,1160,525330
2011-03-01,1160,1166.75,1148,1148,815640
2011-03-02,1145,1152,1140,1152,412600
2011-03-03,1160,1170,1150,1162,415430
2011-03-04,1169,1169,1155,1157,350180
2011-03-07,1162,1165,1155,1160,481370
2011-03-08,1165,1169,1151,1162,439230
2011-03-09,1170,1170,1156,1165,717630
2011-03-10,1155,1162,1143,1161,591270
2011-03-11,1150,1156,1145.21,1148,402920
2011-03-14,1142,1153,1138,1153,460930
2011-03-15,1135,1135,1109,1129,1595890
2011-03-16,1125,1127,1085,1086,741360
2011-03-17,1095,1107,1085,1099,1966970
2011-03-18,1110,1118.22,1108,1118,842780
2011-03-21,1125,1145,1112,1138,976960
2011-03-22,1136,1146.7,1129.01,1140,1216310
2011-03-23,1128,1144,1128,1141,747860
2011-03-24,1140,1160,1135,1157,1728680
2011-03-25,1164,1174,1157.02,1174,920490
2011-03-28,1172,1175,1157,1169,279770
2011-03-29,1170,1179,1161,1176,1585610
2011-03-30,1184,1194,1175,1193,1420480
2011-03-31,1195,1208,1193,1200,2052670
2011-04-01,1200,1234,1196,1234,1553200
2011-04-04,1220,1227,1210,1225,1188520
2011-04-05,1215,1226,1212,1217,946870
2011-04-06,1215,1223,1210,1219,918540
2011-04-07,1210,1234,1210,1230,2826890
2011-04-08,1220,1238,1220,1238,386370
2011-04-11,1237,1240,1225.02,1230,268150
2011-04-12,1234,1238,1225,1226,1287980
2011-04-13,1229,1242,1220,1242,947770
2011-04-14,1223,1229,1217.02,1220,546020
2011-04-15,1229,1238,1128,1238,370500
2011-04-18,1225,1232,1206,1206,415490
2011-04-19,1211,1215.18,1203,1204,600340
2011-04-20,1218,1234,1212.07,1234,2316510
2011-04-21,1243,1253,1232.96,1253,524680
2011-04-26,1234,1264,1233,1264,425330
2011-04-27,1265,1269,1256.51,1264,509630
2011-04-28,1265,1272,1260,1272,388950
2011-04-29,1456,1456,1456,1456,0
2011-05-03,1275,1290,1268.81,1287,385330
2011-05-04,1280,1290,1262,1268,503360
2011-05-05,1263,1273.79,1243,1255,521580
2011-05-06,1254,1260,1241,1258,545430
2011-05-09,1260,1267.98,1240,1243,503390
2011-05-10,1250,1269.55,1236.5,1269,634610
2011-05-11,1265,1270,1245,1260,1068790
2011-05-12,1247,1257,1234,1257,825490
2011-05-13,1250,1267,1247,1258,959930
2011-05-16,1253,1254,1236,1254,583960
2011-05-17,1248,1249,1234,1234,260750
2011-05-18,1250,1251.4,1234,1245,443410
2011-05-19,1247,1255.8,1245,1252,725600
2011-05-20,1248,1258,1240,1243,333580
2011-05-23,1239,1239,1220,1229,351210
2011-05-24,1234,1237,1224,1231,675800
2011-05-25,1214,1234,1209,1233,689860
2011-05-26,1229,1233,1216,1228,1268620
2011-05-27,1231,1243,1226.01,1242,617850
2011-05-31,1229,1260,1229,1255,366130
2011-06-01,1265,1265,1250,1250,635370
2011-06-02,1237,1256,1237,1246,933050
2011-06-03,1255,1258.54,1238.51,1257,371730
2011-06-06,1248,1261,1244,1261,256900
2011-06-07,1252,1270,1243.09,1270,255070
2011-06-08,1269,1270,1252,1259,792620
2011-06-09,1253,1253,1241,1248,542450
2011-06-10,1259,1259,1233,1239,183390
2011-06-13,1238,1251,1232,1250,584950
2011-06-14,1256.57,1264.8,1254,1259,445120
2011-06-15,1260,1262.8,1240,1240,433130
2011-06-16,1235,1240,1221,1234,442930
2011-06-17,1241,1256,1223,1255,1624910
2011-06-20,1232,1242,1227,1229,334980
2011-06-21,1233,1241.8,1230.5,1236,288270
2011-06-22,1222,1243.82,1222,1230,263610
2011-06-23,1229,1235,1195,1195,516300
2011-06-24,1214,1235.6,1198,1198,550330
2011-06-27,1197,1216,1197,1216,173060
2011-06-28,1214,1223,1200,1217,553400
2011-06-29,1223,1239,1213.36,1233,645020
2011-06-30,1232,1260,1224.5,1260,549530
2011-07-01,1268,1277,1263.12,1268,485650
2011-07-04,1268,1279,1263,1272,285040
2011-07-05,1276,1279,1265,1269,376380
2011-07-06,1276,1276,1260,1262,235980
2011-07-07,1270,1280,1261,1280,288750
2011-07-08,1278,1280,1264,1264,474930
2011-07-11,1253,1266,1229,1229,486340
2011-07-12,1205.01,1230,1192,1225,399790
2011-07-13,1230,1230,1210,1220,761320
2011-07-14,1210,1221,1195,1214,996290
2011-07-15,1205,1217.19,1200.76,1205,1765580
2011-07-18,1201,1201,1180,1185,166980
2011-07-19,1185,1198,1179.68,1198,964850
2011-07-20,1202,1217,1194,1207,639460
2011-07-21,1205,1224,1194,1209,1506360
2011-07-22,1219,1228,1215,1215,917340
2011-07-25,1208,1220,1205.01,1208,795440
2011-07-26,1205,1217.35,1202,1208,421240
2011-07-27,1201,1213,1186,1186,864570
2011-07-28,1190,1195,1175.05,1195,586470
2011-07-29,1166,1182.75,1162,1173,512790
2011-08-01,1182,1197.75,1157,1170,2890010
2011-08-02,1159,1170,1152,1165,762450
2011-08-03,1150,1159,1141,1157,535060
2011-08-04,1158,1168,1110,1117,784460
2011-08-05,1098,1100,1070,1077,906060
2011-08-08,1059,1075,1021,1023,637110
2011-08-09,1010,1050,950,1050,2536890
2011-08-10,1071,1075,990.5,990.5,1629450
2011-08-11,1014,1059,975,1057,730490
2011-08-12,1045,1089,1044,1089,470700
2011-08-15,1104,1104,1090,1100,280070
2011-08-16,1090,1095,1070,1090,1412320
2011-08-17,1077,1089.44,1071.94,1085,917210
2011-08-18,1078,1081,1016,1020,912130
2011-08-19,1001,1014,981,986,845490
2011-08-22,977,1010,967.5,985,420270
2011-08-23,1000,1010,1000,1009,1271970
2011-08-24,1008,1045,1001.01,1042,1421490
2011-08-25,1041,1052,1028,1028,283760
2011-08-26,1027,1042,1012,1037,477780
2011-08-30,1048,1055,1031,1050,1442640
2011-08-31,1055,1072,1044.01,1069,950980
2011-09-01,1061,1075,1052,1075,603640
2011-09-02,1065,1066,1026,1033,381640
2011-09-05,1016,1018,989,994.5,330780
2011-09-06,1004,1020,994,1003,268710
2011-09-07,1025,1050,1015,1050,441410
2011-09-08,1041,1049,1017,1017,656870
2011-09-09,1017,1017.25,980,996,960950
2011-09-12,976,976,945,961.5,463730
2011-09-13,969,980,938,975,891170
2011-09-14,976,990,963,986.5,472340
2011-09-15,986.5,1018,982.5,1018,1551770
2011-09-16,1029,1029,1002,1012,728070
2011-09-19,1000,1000,973.5,980,548180
2011-09-20,972.5,1000,972.5,999,604520
2011-09-21,1000,1000,974.5,992,1159300
2011-09-22,954.5,962.5,940,946,1134910
2011-09-23,946.5,957.9,919,937.5,650380
2011-09-26,922,954,921,942.5,1201440
2011-09-27,967,977.5,957.02,977.5,1305110
2011-09-28,966.5,974.5,962.47,974.5,1609830
2011-09-29,974.5,988.2,961,983,1425220
2011-09-30,966,967,950,950,196820
2011-10-03,933,947,933,943.5,204830
2011-10-04,925,931,909,912,467600
2011-10-05,940.5,965,921.51,965,1451770
2011-10-06,961.5,999,961,999,608420
2011-10-07,994,1002,977,994,364050
2011-10-10,997,1014,985,1007,719150
2011-10-11,1015,1015,991.5,991.5,422720
2011-10-12,987,1030,985,1030,1101970
2011-10-13,1030,1032,1002,1014,130570
2011-10-14,1025,1025,1005,1011,290380
2011-10-17,1034,1043,1003,1013,1123390
2011-10-18,999.5,1019,984.01,1018,861940
2011-10-19,1015,1030,1009,1026,686780
2011-10-20,1022,1029,1005,1005,423710
2011-10-21,1002,1019,1002,1014,969100
2011-10-24,1021,1029.69,1015,1027,264350
2011-10-25,1028,1035,1008,1016,408860
2011-10-26,1020,1033,1006,1012,309040
2011-10-27,1042,1075,1042,1075,1365660
2011-10-28,1085,1090,1064,1075,390330
2011-10-31,1067,1067,1027,1027,428460
2011-11-01,1008,1008,965.51,975,1100280
2011-11-02,978,995.5,969,992.5,2016280
2011-11-03,976.5,1011,968,1001,785960
2011-11-04,1013,1013,980.5,993,1320490
2011-11-07,970,999,967,994,1459350
2011-11-08,990,1016,990,1005,1089340
2011-11-09,1017,1017,975,986.5,1229230
2011-11-10,964,994,964,971.5,516820
2011-11-11,990,1010,990,1010,755840
2011-11-14,1013,1022,996,996.5,337670
2011-11-15,991.5,991.5,974.01,990,2803940
2011-11-16,995,1008,981.5,1000,1189180
2011-11-17,990,990,973.01,982,569620
2011-11-18,970,980,967,972,425880
2011-11-21,964,964,946.5,948,636240
2011-11-22,945.5,965,940,940,323680
2011-11-23,934,941.99,930,933.5,751520
2011-11-24,943,943,919.03,929.5,1325790
2011-11-25,929,936.5,911.34,935,559870
2011-11-28,946,970,946,970,2566630
2011-11-29,969,969,957.51,958.5,749070
2011-11-30,955,997,950,992,1843520
2011-12-01,1000,1004,990,998,752740
2011-12-02,1009,1014.99,1002,1008,752280
2011-12-05,1013,1025,1012,1015,479880
2011-12-06,1013,1032,1004,1027,1119060
2011-12-07,1026,1040,1000.01,1007,311260
2011-12-08,1019,1019,986,986,448250
2011-12-09,988,1005,981.18,996.5,636790
2011-12-12,999,999,967,967,324880
2011-12-13,967,979,960.5,969,793690
2011-12-14,960,968.5,937,942.5,543360
2011-12-15,948.5,954,938.79,954,1034670
2011-12-16,953.5,954,941,947,1014790
2011-12-19,936,957,933.42,942,954830
2011-12-20,949,960.5,940.42,952,1135510
2011-12-21,957.5,968,948.5,957,1309360
2011-12-22,970,981.76,970,978,612020
2011-12-23,980,990.5,980,987,757610
2011-12-28,990,992,979.5,983.5,90070
2011-12-29,980,997.5,976.6,997.5,1168770
2011-12-30,999,1005,998.51,1003,1200160
2012-01-03,1014,1031,1014,1031,247320
2012-01-04,1021,1026,1003,1003,185080
2012-01-05,998,998,980,991,1639960
2012-01-06,992,997,980,987,1359630
2012-01-09,980,989.96,979.1,988,730900
2012-01-10,994,1013,983.61,1002,372140
2012-01-11,1011,1014,993.5,1008,779260
2012-01-12,1010,1031.11,1010,1019,511140
2012-01-13,1027,1027,1002,1013,1071190
2012-01-16,1008,1017,1002.02,1015,507440
2012-01-17,1031,1045,1023,1027,623920
2012-01-18,1030,1045,1023.5,1032,431600
2012-01-19,1044,1058,1036,1055,800960
2012-01-20,1064,1064,1051,1058,432040
2012-01-23,1060,1066.38,1045.44,1065,331140
2012-01-24,1056,1063,1044,1055,467030
2012-01-25,1058,1063,1041,1049,345520
2012-01-26,1066,1077,1066,1068,264980
2012-01-27,1075,1075,1054,1059,960400
2012-01-30,1064,1064,1042,1046,575090
2012-01-31,1047,1062,1040,1045,550350
2012-02-01,1056,1074,1056,1071,480280
2012-02-02,1070,1079,1061,1079,754640
2012-02-03,1080,1090,1073,1085,532170
2012-02-06,1082,1088,1075,1087,386520
2012-02-07,1081,1095,1078,1095,1008420
2012-02-08,1099,1106.99,1094,1094,425280
2012-02-09,1107,1110.93,1100,1100,473110
2012-02-10,1090,1098.14,1082,1091,557270
2012-02-13,1091,1102,1090.01,1091,402060
2012-02-14,1099,1103,1090.01,1098,754100
2012-02-15,1108,1110,1091,1092,738830
2012-02-16,1086,1095,1081,1095,1161770
2012-02-17,1107,1115,1104,1107,240310
2012-02-20,1108,1128,1108,1121,406690
2012-02-21,1114,1123,1110,1122,937330
2012-02-22,1125,1129,1114,1125,830970
2012-02-23,1130,1131,1117,1130,322930
2012-02-24,1132,1136,1125,1135,439780
2012-02-27,1130,1130,1114,1126,443290
2012-02-28,1132,1134,1123,1132,189510
2012-02-29,1131,1138,1122,1122,575600
2012-03-01,1122,1131,1119,1123,909080
2012-03-02,1123,1130.6,1121,1122,121740
2012-03-05,1119,1125.76,1106,1114,873750
2012-03-06,1109,1112,1090,1090,579150
2012-03-07,1090,1104,1086,1100,367430
2012-03-08,1114,1124,1111.84,1121,904410
2012-03-09,1115,1129,1115,1122,296820
2012-03-12,1120,1138,1120,1138,655130
2012-03-13,1141,1152,1141,1152,425920
2012-03-14,1132,1140,1125,1133,864110
2012-03-15,1144,1144,1129.01,1135,581150
2012-03-16,1130,1144.92,1130,1144,1086890
2012-03-19,1144,1148,1135,1148,311120
2012-03-20,1144,1144.01,1131,1138,724160
2012-03-21,1141,1148.9,1138,1144,366700
2012-03-22,1136,1136,1125.01,1126,473930
2012-03-23,1133,1138.9,1124.16,1132,676040
2012-03-26,1138,1142,1125,1136,466230
2012-03-27,1144,1148,1134.01,1136,445160
2012-03-28,1135,1142,1131.43,1141,802270
2012-03-29,1133,1135,1124,1127,623940
2012-03-30,1138,1138,1127,1128,440440
2012-04-02,1139,1142,1124,1142,753050
2012-04-03,1148,1155.4,1138.01,1153,1114440
2012-04-04,1143,1144,1114,1117,663030
2012-04-05,1115,1120.74,1103,1108,344330
2012-04-10,1102,1103.74,1082,1082,1564030
2012-04-11,1080,1098,1075,1097,221630
2012-04-12,1092,1107,1086,1103,121420
2012-04-13,1106,1106,1081,1083,259040
2012-04-16,1083,1103,1076.02,1101,903610
2012-04-17,1095,1114,1093.51,1114,670970
2012-04-18,1114,1117,1095,1102,1040140
2012-04-19,1100,1101.98,1087,1088,321670
2012-04-20,1085,1100,1084,1100,287450
2012-04-23,1087,1087,1058,1063,494920
2012-04-24,1061,1078.04,1061,1075,178880
2012-04-25,1087,1091,1075.08,1087,305690
2012-04-26,1092,1094,1078.02,1081,233820
2012-04-27,1072,1093,1072,1093,425740
2012-04-30,1086,1092.34,1082,1082,371580
2012-05-01,1076,1090,1076,1088,1244680
2012-05-02,1093,1093,1076,1078,315750
2012-05-03,1087,1087,1072,1075,452960
2012-05-04,1074,1074,1055,1055,322600
2012-05-08,1054,1055,1037,1037,552220
2012-05-09,1037,1043,1020,1033,354820
2012-05-10,1034,1039,1024,1039,376140
2012-05-11,1027,1044,1027,1044,267130
2012-05-14,1029,1037,1011,1021,553100
2012-05-15,1023,1028,1011.31,1018,771600
2012-05-16,999.5,1024,993.5,1011,677880
2012-05-17,1014,1014,1001,1013,1321460
2012-05-18,1006,1020,994.5,1012,784230
2012-05-21,1012,1015,1005,1009,510890
2012-05-22,1013,1030,1011,1025,978940
2012-05-23,1018,1018,998,1000,1046090
2012-05-24,995,1007,992,1004,529150
2012-05-25,1004,1019,1002,1018,3047470
2012-05-29,1015,1032,1012,1031,1267650
2012-05-30,1022,1024,1005,1007,311940
2012-05-31,1010,1015,1002,1004,307520
2012-06-01,1005,1013,985.01,992,336530
2012-06-06,999.5,1025,999.5,1025,440300
2012-06-07,1025,1041,1020,1020,540350
2012-06-08,1028,1030,1017,1030,1134570
2012-06-11,1042,1050,1033,1045,1227040
2012-06-12,1040,1040,1023,1023,606200
2012-06-13,1032,1041,1023,1031,283780
2012-06-14,1041,1041,1028.31,1039,187440
2012-06-15,1038,1055,1036.56,1046,1943970
2012-06-18,1055,1060,1038,1043,1238120
2012-06-19,1042,1065,1038.11,1064,639420
2012-06-20,1065,1065,1056.67,1060,444290
2012-06-21,1060,1069,1055,1063,336290
2012-06-22,1053,1060,1050.19,1060,412820
2012-06-25,1047,1050.56,1039,1045,594190
2012-06-26,1045,1045,1030,1036,637970
2012-06-27,1038,1048,1033,1048,257540
2012-06-28,1048,1048,1034,1044,217350
2012-06-29,1070,1085,1059,1082,427820
2012-07-02,1080,1103,1074.43,1095,707570
2012-07-03,1095,1103,1089,1099,1237750
2012-07-04,1103,1103,1095,1098,573900
2012-07-05,1103,1110,1083,1083,347880
2012-07-06,1082,1082,1065,1070,407650
2012-07-09,1064,1077.4,1061,1074,535750
2012-07-10,1073,1090,1066.68,1083,520580
2012-07-11,1079,1090,1071,1090,667360
2012-07-12,1073,1080,1070,1080,114270
2012-07-13,1087,1090,1072,1090,1046920
2012-07-16,1086,1089,1079,1089,313670
2012-07-17,1088,1094.4,1075,1087,652800
2012-07-18,1080,1096,1079,1096,304150
2012-07-19,1093,1118,1091.2,1114,718540
2012-07-20,1116,1120,1088,1090,568770
2012-07-23,1083,1083.99,1064,1069,290310
2012-07-24,1069,1076.79,1057,1057,295320
2012-07-25,1063,1069.69,1054.02,1063,223150
2012-07-26,1059,1096,1056,1096,503290
2012-07-27,1097,1110,1087,1110,555160
2012-07-30,1115,1125,1114,1115,322510
2012-07-31,1111,1121,1111,1115,161720
2012-08-01,1117,1127,1111.62,1122,95580
2012-08-02,1115,1132.3,1102,1108,690240
2012-08-03,1114,1147,1114,1145,397540
2012-08-06,1155,1169,1139.24,1165,429370
2012-08-07,1160,1170,1155.01,1170,604600
2012-08-08,1165,1168,1155,1160,445280
2012-08-09,1170,1170,1158,1165,95650
2012-08-10,1155,1160.95,1154.76,1160,500280
2012-08-13,1152,1160,1151,1157,372430
2012-08-14,1165,1165,1155,1161,206590
2012-08-15,1157,1160,1153.01,1155,337100
2012-08-16,1155,1163,1150,1160,244020
2012-08-17,1160,1168,1153,1154,319520
2012-08-20,1158,1161,1145,1150,461050
2012-08-21,1151,1165,1151,1164,518710
2012-08-22,1154,1166,1146,1146,176230
2012-08-23,1159,1160,1140,1144,93460
2012-08-24,1143,1149,1131.25,1137,404470
2012-08-28,1150,1150,1135,1138,270890
2012-08-29,1143,1143,1126.01,1134,608990
2012-08-30,1125,1139,1125,1131,329380
2012-08-31,1125,1144,1125,1132,350140
2012-09-03,1144,1144,1135,1137,139300
2012-09-04,1136,1142,1130.01,1132,164590
2012-09-05,1125,1131,1125,1125,436320
2012-09-06,1141,1161,1136,1161,315090
2012-09-07,1148,1179,1148,1179,317040
2012-09-10,1163,1173,1160,1171,501920
2012-09-11,1168,1168,1158.01,1166,260710
2012-09-12,1160,1179.74,1160,1178,309650
2012-09-13,1172,1173,1163,1173,447680
2012-09-14,1180,1200,1180,1200,435680
2012-09-17,1204,1204,1185,1195,326510
2012-09-18,1192,1192,1168,1168,358220
2012-09-19,1184,1184,1170,1170,644400
2012-09-20,1175,1183,1167,1176,526600
2012-09-21,1184,1186.99,1174.77,1175,632890
2012-09-24,1170,1180,1169.8,1173,227650
2012-09-25,1176,1185,1175.5,1184,171070
2012-09-26,1172,1172,1156.26,1163,326360
2012-09-27,1167,1172.99,1157,1163,168400
2012-09-28,1174,1174,1160,1162,618120
2012-10-01,1169,1177,1161.33,1172,261880
2012-10-02,1173,1180,1168,1170,194550
2012-10-03,1177,1185,1170,1184,355700
2012-10-04,1180,1191,1180,1188,787310
2012-10-05,1183,1207,1183,1207,378400
2012-10-08,1205,1205,1193,1199,92850
2012-10-09,1194,1202,1187.08,1192,786870
2012-10-10,1185,1194,1185,1194,587650
2012-10-11,1184,1200,1183,1199,565800
2012-10-12,1197,1200,1191,1197,282340
2012-10-15,1199,1204,1195,1202,206900
2012-10-16,1209,1218,1207.01,1212,606240
2012-10-17,1221,1225,1214,1225,249210
2012-10-18,1230,1237.18,1224.21,1228,768200
2012-10-19,1235,1239,1226,1229,759150
2012-10-22,1231,1234.64,1224.12,1225,217540
2012-10-23,1229,1229,1198,1198,557530
2012-10-24,1199,1200.2,1190,1198,1014030
2012-10-25,1204,1205,1193,1199,321400
2012-10-26,1198,1198,1190,1191,656540
2012-10-29,1191,1194.98,1186,1189,389520
2012-10-30,1196,1205,1196,1205,247740
2012-10-31,1205,1207,1194,1198,357480
2012-11-01,1188,1205,1188,1205,416750
2012-11-02,1198,1212,1195.02,1210,141830
2012-11-05,1200,1202,1195,1196,231340
2012-11-06,1207,1209.7,1199.49,1208,211260
2012-11-07,1214,1215.1,1191,1195,577190
2012-11-08,1199,1200,1191,1191,372930
2012-11-09,1193,1198.4,1184.5,1186,185520
2012-11-12,1194,1197.2,1183,1183,462200
2012-11-13,1182,1199,1172,1199,894060
2012-11-14,1194,1197.2,1185,1185,215640
2012-11-15,1181,1188.75,1181,1188,167110
2012-11-16,1189,1190.3,1172,1174,241620
2012-11-19,1180,1196,1178.01,1196,651530
2012-11-20,1193,1196,1186.4,1195,179880
2012-11-21,1196,1205,1189,1205,488850
2012-11-22,1203,1210,1200.6,1210,243840
2012-11-23,1208,1213,1199,1213,294110
2012-11-26,1212,1213.99,1200.01,1212,442370
2012-11-27,1215,1222.51,1211,1215,273950
2012-11-28,1208,1215,1208,1213,287810
2012-11-29,1219,1228.3,1219,1221,155770
2012-11-30,1225,1231,1221,1230,307920
2012-12-03,1230,1236,1218.09,1227,358080
2012-12-04,1236,1239,1232,1232,507210
2012-12-05,1232,1240,1232,1237,307610
2012-12-06,1241,1241,1232,1232,239640
2012-12-07,1232,1245,1232,1245,258740
2012-12-10,1239,1248.99,1232,1232,867420
2012-12-11,1240,1249,1237,1246,471420
2012-12-12,1250,1255.2,1247.5,1250,425430
2012-12-13,1256,1256,1250,1252,167440
2012-12-14,1254,1259,1251,1258,170650
2012-12-17,1251,1257,1250,1255,199060
2012-12-18,1261,1267,1258,1258,506590
2012-12-19,1268,1277,1266.5,1277,387580
2012-12-20,1269,1285,1269,1285,646350
2012-12-21,1275,1283.55,1272,1276,535300
2012-12-24,1283,1284,1281.33,1284,104320
2012-12-27,1278,1289,1272.13,1289,142600
2012-12-28,1288,1289,1283,1289,495240
2012-12-31,1287,1288.5,1281.4,1287,45360
2013-01-02,1289,1308,1289,1301,327220
2013-01-03,1307,1308.14,1297,1300,188050
2013-01-04,1309,1309.43,1301,1308,329740
2013-01-07,1306,1315,1301,1315,300380
2013-01-08,1305,1312.75,1305,1306,183740
2013-01-09,1314,1314,1302,1310,225690
2013-01-10,1316,1319.16,1310,1311,705110
2013-01-11,1316,1335,1313.58,1332,275720
2013-01-14,1334,1342.82,1323,1327,867280
2013-01-15,1337,1337,1323,1323,162180
2013-01-16,1324,1332,1320,1325,220920
2013-01-17,1330,1330,1323.8,1330,272400
2013-01-18,1336,1345,1332.97,1345,471640
2013-01-21,1347,1366,1346,1366,417710
2013-01-22,1371,1374,1362,1371,488710
2013-01-23,1372,1374.7,1363,1365,244280
2013-01-24,1365,1393,1364.96,1393,319200
2013-01-25,1395,1410,1393.99,1410,458860
2013-01-28,1410,1434.99,1410,1433,499070
2013-01-29,1431,1438.99,1429,1431,332820
2013-01-30,1434,1440.37,1419,1420,519590
2013-01-31,1419,1424.48,1405,1405,269260
2013-02-01,1418,1430,1414.25,1430,241340
2013-02-04,1427,1435,1406,1413,308540
2013-02-05,1407,1416,1401,1406,301050
2013-02-06,1406,1408,1385,1392,981910
2013-02-07,1390,1396.8,1375,1375,230980
2013-02-08,1376,1400,1370,1370,463010
2013-02-11,1378,1378.68,1370,1377,893660
2013-02-12,1376,1387,1372.01,1387,777280
2013-02-13,1379,1395,1378.43,1395,623070
2013-02-14,1390,1396.4,1375,1376,595880
2013-02-15,1375,1389,1371,1389,730770
2013-02-18,1388,1390,1380,1390,169700
2013-02-19,1392,1406,1384.6,1406,420430
2013-02-20,1404,1437,1403.01,1425,766790
2013-02-21,1420,1420,1407.51,1415,992000
2013-02-22,1410,1424,1405.51,1416,143630
2013-02-25,1415,1447.92,1414.01,1438,517660
2013-02-26,1419,1419,1396,1396,436280
2013-02-27,1405,1418,1400,1418,346250
2013-02-28,1424,1424,1412,1414,362160
2013-03-01,1417,1417,1395.43,1412,619580
2013-03-04,1410,1411,1397,1408,364880
2013-03-05,1409,1434,1405,1426,545420
2013-03-06,1438,1442,1430.6,1436,242540
2013-03-07,1445,1454,1431.01,1454,1148810
2013-03-08,1453,1469,1445.99,1466,465350
2013-03-11,1460,1467,1459,1460,432910
2013-03-12,1467,1468,1457,1460,540510
2013-03-13,1434,1434,1422,1422,230180
2013-03-14,1421,1441,1421,1437,620930
2013-03-15,1435,1437.4,1425,1434,905790
2013-03-18,1409,1414,1393.6,1408,721850
2013-03-19,1412,1413.4,1386.68,1389,647840
2013-03-20,1398,1408.7,1395.9,1405,373430
2013-03-21,1400,1403.84,1383,1397,1283360
2013-03-22,1380,1400,1380,1398,664110
2013-03-25,1398,1408,1380,1380,458310
2013-03-26,1395,1395,1372,1372,594950
2013-03-27,1374,1380,1348.94,1357,800180
2013-03-28,1356,1380,1355,1375,1031240
2013-04-02,1375,1395,1369.66,1395,653000
2013-04-03,1390,1395,1376,1376,723360
2013-04-04,1388,1392,1369.82,1370,796780
2013-04-05,1377,1377,1342,1350,604220
2013-04-08,1350,1354,1340,1343,609670
2013-04-09,1343,1364,1343,1364,1281140
2013-04-10,1370,1394,1364.66,1394,703350
2013-04-11,1386,1410,1385.6,1409,709610
2013-04-12,1407,1407,1387,1387,293740
2013-04-15,1402,1402,1382,1385,314650
2013-04-16,1380,1396,1375,1389,282060
2013-04-17,1386,1390,1361,1361,448850
2013-04-18,1368,1369.49,1356,1368,768600
2013-04-19,1370,1391,1360.9,1390,720070
2013-04-22,1391,1397.8,1376,1377,297860
2013-04-23,1376,1414,1370,1413,330670
2013-04-24,1417,1449,1417,1449,248360
2013-04-25,1449,1449,1429,1438,361030
2013-04-26,1438,1438,1428.01,1432,106200
2013-04-29,1430,1441,1420,1435,510550
2013-04-30,1443,1448,1440,1448,719540
2013-05-01,1449,1451,1439,1451,346810
2013-05-02,1450,1453,1442,1443,243450
2013-05-03,1453,1476,1443,1476,1013620
2013-05-07,1481,1490,1467.26,1477,280550
2013-05-08,1477,1500,1477,1500,458730
2013-05-09,1500,1503,1493.51,1499,664380
2013-05-10,1493,1501.63,1493,1500,427970
2013-05-13,1496,1503,1493,1495,460470
2013-05-14,1503,1505.54,1494,1498,737560
2013-05-15,1498,1508.5,1495,1496,623950
2013-05-16,1501,1506.67,1498,1498,239550
2013-05-17,1496,1504.99,1496,1503,226780
2013-05-20,1505,1508,1500,1500,333740
2013-05-21,1499,1504,1499,1501,390060
2013-05-22,1498,1510,1498,1504,1360150
2013-05-23,1480,1484,1466,1474,349910
2013-05-24,1473,1493,1471.4,1487,2116960
2013-05-28,1494,1523,1494,1515,593130
2013-05-29,1505,1516.56,1491,1499,339630
2013-05-30,1501,1505,1493,1496,287720
2013-05-31,1487,1490,1471.45,1482,283370
2013-06-03,1470,1483.76,1460,1472,225070
2013-06-04,1479,1484,1473,1475,282540
2013-06-05,1464,1474,1445,1445,589020
2013-06-06,1444,1453,1430,1430,241520
2013-06-07,1434,1445,1431.06,1438,478830
2013-06-10,1449,1454.89,1439.8,1449,411560
2013-06-11,1439,1450,1429,1442,531870
2013-06-12,1440,1440,1429,1437,222630
2013-06-13,1417,1419,1398.82,1408,543030
2013-06-14,1412,1419.89,1408,1413,272930
2013-06-17,1429.06,1429.06,1429.06,1429.06,943050
2013-06-18,1435,1440,1427,1437,342490
2013-06-19,1430,1438,1426,1436,529360
2013-06-20,1417,1418,1393.89,1404,421860
2013-06-21,1393,1414,1393,1413,838080
2013-06-24,1404,1406.89,1371,1371,270150
2013-06-25,1375,1380,1367,1367,216290
2013-06-26,1373,1396.99,1373,1393,364960
2013-06-27,1395,1402.89,1395,1397,431720
2013-06-28,1404,1405,1385,1385,400410
2013-07-01,1389,1398.89,1382,1398,599610
2013-07-02,1395,1398,1385,1398,338010
2013-07-03,1381,1394,1361,1394,424230
2013-07-04,1396,1444,1389,1444,505880
2013-07-05,1430,1455.79,1430,1435,383230
2013-07-08,1435,1457,1435,1454,507560
2013-07-09,1461,1478,1459.89,1474,381240
2013-07-10,1461,1475.5,1450,1467,303670
2013-07-11,1488,1489,1475,1475,456350
2013-07-12,1480,1483.6,1466,1467,111150
2013-07-15,1480,1480,1465,1466,374580
2013-07-16,1472,1480,1462,1478,846570
2013-07-17,1469,1480,1466,1480,321520
2013-07-18,1476,1504,1471.88,1502,598580
2013-07-19,1495,1502.4,1488,1495,375590
2013-07-22,1491,1500.03,1489,1491,285210
2013-07-23,1502,1505,1490,1494,356570
2013-07-24,1491,1502,1484,1495,278870
2013-07-25,1483,1495.89,1483,1483,304510
2013-07-26,1496,1500,1481,1482,204390
2013-07-29,1480,1490.5,1476,1480,125700
2013-07-30,1485,1492.1,1479.51,1484,283120
2013-07-31,1489,1490,1480,1485,434010
2013-08-01,1486,1505,1486,1500,1306810
2013-08-02,1514,1514,1496,1500,699430
2013-08-05,1513,1513,1496,1503,200090
2013-08-06,1508,1508,1490,1495,627970
2013-08-07,1500,1501,1479,1480,412590
2013-08-08,1490,1499,1481.8,1499,293550
2013-08-09,1491,1505,1491,1492,202310
2013-08-12,1501,1504,1490,1490,693270
2013-08-13,1501,1505,1496,1505,507740
2013-08-14,1496,1509,1496,1502,653780
2013-08-15,1497,1505.79,1480,1480,197660
2013-08-16,1479,1488,1468.27,1474,435530
2013-08-19,1477,1488,1468,1468,268190
2013-08-20,1452,1477,1448,1466,200580
2013-08-21,1462,1476.89,1453,1453,554200
2013-08-22,1458,1479,1458,1475,227190
2013-08-23,1478,1485,1471,1485,602910
2013-08-27,1472,1482.5,1457,1470,530570
2013-08-28,1451,1463,1450,1458,199890
2013-08-29,1455,1464,1455,1456,250110
2013-08-30,1460,1465,1445,1445,595000
2013-09-02,1461,1465,1450,1453,347090
2013-09-03,1465,1465,1448,1465,231300
2013-09-04,1453,1459,1446.51,1453,178600
2013-09-05,1463,1463,1447.51,1451,199120
2013-09-06,1453,1461,1446.21,1453,292220
2013-09-09,1453,1457.79,1442,1455,1982140
2013-09-10,1458,1470,1451,1470,329830
2013-09-11,1463,1474,1458,1474,346990
2013-09-12,1465,1478,1465,1478,223200
2013-09-13,1474,1476,1466,1476,201900
2013-09-16,1484,1493,1476.9,1493,225440
2013-09-17,1475,1487.99,1475,1480,237110
2013-09-18,1484,1488,1472,1472,161410
2013-09-19,1504,1510,1493,1493,433890
2013-09-20,1496,1505.2,1485,1487,498160
2013-09-23,1500,1500,1477,1489,236930
2013-09-24,1493,1500.89,1481.95,1500,799480
2013-09-25,1488,1514,1488,1507,530470
2013-09-26,1507,1510,1500,1507,184280
2013-09-27,1504,1513,1500,1503,186500
2013-09-30,1493,1497,1485,1495,117550
2013-10-01,1497,1499.3,1485,1494,139590
2013-10-02,1497,1497,1488.31,1490,258290
2013-10-03,1490,1502,1488,1488,217550
2013-10-04,1488,1505,1487,1499,193490
2013-10-07,1510,1510,1492,1501,199720
2013-10-08,1507,1507,1492,1492,143920
2013-10-09,1496,1500,1486,1490,525690
2013-10-10,1486,1514,1486,1503,250840
2013-10-11,1500,1519,1500,1519,203350
2013-10-14,1517,1520.99,1504,1515,148110
2013-10-15,1522,1526.9,1509,1515,235220
2013-10-16,1506,1533,1505,1533,313830
2013-10-17,1530,1532,1519,1532,427540
2013-10-18,1534,1540,1530,1532,247510
2013-10-21,1530,1550,1530,1542,271580
2013-10-22,1550,1550,1541.75,1547,444940
2013-10-23,1535,1545.4,1532,1534,262630
2013-10-24,1544,1550,1534,1534,218440
2013-10-25,1547,1549.5,1537,1540,189530
2013-10-28,1532,1546.2,1532,1538,341770
2013-10-29,1534,1567,1534,1567,446780
2013-10-30,1560,1572,1557,1569,422150
2013-10-31,1554,1562,1544.8,1545,232850
2013-11-01,1545,1549.4,1536,1542,357660
2013-11-04,1556,1558,1545.91,1546,240130
2013-11-05,1559,1559,1534,1540,303330
2013-11-06,1551,1551,1542,1547,426880
2013-11-07,1546,1549,1536,1540,381960
2013-11-08,1536,1548.99,1536,1536,170710
2013-11-11,1550,1550,1537.11,1538,130520
2013-11-12,1538,1545,1537,1537,253800
2013-11-13,1536,1540,1514,1518,454410
2013-11-14,1535,1538.89,1526,1527,301220
2013-11-15,1541,1541,1525,1530,301790
2013-11-18,1541,1542,1531,1535,499320
2013-11-19,1535,1537,1532.01,1535,141340
2013-11-20,1534,1534,1520,1520,383920
2013-11-21,1520,1529,1517.79,1521,470600
2013-11-22,1521,1527.19,1515,1516,249750
2013-11-25,1535,1535,1519,1520,265830
2013-11-26,1526,1535,1518,1522,286970
2013-11-27,1532,1532,1517,1517,302310
2013-11-28,1530,1530,1520,1520,166390
2013-11-29,1535,1535,1521,1528,369230
2013-12-02,1535,1535,1515,1516,483360
2013-12-03,1516,1520.49,1489,1489,446660
2013-12-04,1499,1505,1485,1486,281290
2013-12-05,1499,1499,1480,1480,469890
2013-12-06,1498,1503,1490,1502,398030
2013-12-09,1507,1515,1500.8,1501,264160
2013-12-10,1515,1516,1502,1516,268830
2013-12-11,1500,1510,1496,1510,309900
2013-12-12,1495,1508,1492,1492,238460
2013-12-13,1496,1505,1493,1493,137080
2013-12-16,1505,1514,1493,1505,297890
2013-12-17,1510,1518,1501,1501,230930
2013-12-18,1501,1513,1501,1501,469690
2013-12-19,1527,1527,1515,1520,866960
2013-12-20,1528,1528,1514,1520,796580
2013-12-23,1531,1532,1518,1521,480700
2013-12-24,1520,1527.5,1520,1521,100280
2013-12-27,1518,1534,1518,1534,129340
2013-12-30,1533,1537.96,1526.34,1533,176770
2013-12-31,1530,1537.87,1525,1525,75580
2014-01-02,1532,1536,1522,1526,167550
2014-01-03,1522,1532.5,1520,1525,176780
2014-01-06,1536,1536,1522,1522,449300
2014-01-07,1534,1539,1522.51,1532,323430
2014-01-08,1534,1543.25,1530,1530,34930
2014-01-09,1534,1540,1508,1508,262830
2014-01-10,1524,1535,1513,1535,259860
2014-01-13,1535,1550,1522.51,1550,314910
2014-01-14,1544,1549,1535.32,1549,346540
2014-01-15,1550,1560,1545,1552,427750
2014-01-16,1561,1562.32,1549,1554,273790
2014-01-17,1556,1563,1545,1547,335540
2014-01-20,1560,1560,1545,1555,281820
2014-01-21,1560,1561,1542,1544,170350
2014-01-22,1547,1557,1537,1537,233310
2014-01-23,1537,1550.12,1518,1518,246790
2014-01-24,1525,1533,1496,1496,306490
2014-01-27,1493,1495,1477,1480,479350
2014-01-28,1495,1497,1477,1482,238500
2014-01-29,1495,1502,1457.3,1462,469480
2014-01-30,1461,1468,1459,1467,464870
2014-01-31,1469,1473,1451.19,1467,462670
2014-02-03,1455,1470,1455,1465,265700
2014-02-04,1443,1462.5,1443,1455,155420
2014-02-05,1468,1469,1456.04,1468,231690
2014-02-06,1473,1494,1469.26,1494,256320
2014-02-07,1499,1512,1496.24,1510,198560
2014-02-10,1501,1513,1500,1513,559000
2014-02-11,1506,1524,1506,1524,224170
2014-02-12,1527,1532,1514,1523,250850
2014-02-13,1510,1523.51,1505,1520,423020
2014-02-14,1518,1523,1512,1517,161090
2014-02-17,1510,1525,1510,1520,388010
2014-02-18,1516,1530,1516,1530,411550
2014-02-19,1516,1525,1511,1525,325630
2014-02-20,1515,1522.5,1505,1514,463610
2014-02-21,1524,1530,1515,1523,270830
2014-02-24,1520,1529,1516,1521,420540
2014-02-25,1530,1530,1515,1515,508190
2014-02-26,1520,1529,1518,1519,95660
2014-02-27,1512,1523.48,1502,1514,296720
2014-02-28,1517,1530,1506,1516,298260
2014-03-03,1499,1502.5,1479,1479,345530
2014-03-04,1493,1517.5,1492.8,1516,326480
2014-03-05,1505,1517,1505,1505,299550
2014-03-06,1518,1525,1510,1520,252460
2014-03-07,1523,1523,1495,1495,337000
2014-03-10,1505,1517,1498.11,1503,543930
2014-03-11,1507,1529,1505.36,1529,422480
2014-03-12,1518,1525,1513,1513,155470
2014-03-13,1516,1525,1512,1515,607210
2014-03-14,1498,1510,1493,1498,226950
2014-03-17,1508,1518.89,1498.11,1511,277310
2014-03-18,1517,1528,1509,1527,891970
2014-03-19,1500,1511.1,1495.01,1509,634590
2014-03-20,1504,1511,1490,1511,830320
2014-03-21,1500,1523,1500,1520,621020
2014-03-24,1523,1523,1506,1507,252770
2014-03-25,1520,1532,1519,1530,648030
2014-03-26,1530,1542,1530,1540,508050
2014-03-27,1533,1544,1530.09,1544,357500
2014-03-28,1545,1546.31,1535,1535,416290
2014-03-31,1534,1556,1534,1550,764750
2014-04-01,1558,1558,1548,1553,386620
2014-04-02,1547,1559.89,1545,1546,432670
2014-04-03,1546,1554,1546,1546,300080
2014-04-04,1547,1551.98,1542.11,1548,350510
2014-04-07,1549,1549,1535,1537,461560
2014-04-08,1537,1538.4,1521,1532,419340
2014-04-09,1536,1538,1525.3,1536,310860
2014-04-10,1545,1566,1537.4,1560,483390
2014-04-11,1539,1543,1535,1540,738800
2014-04-14,1533,1533,1513,1518,385340
2014-04-15,1522,1522,1511,1511,150940
2014-04-16,1526,1530,1520,1520,385940
2014-04-17,1529,1529,1522.11,1523,203410
2014-04-22,1523,1530,1523,1524,142370
2014-04-23,1525,1531,1522,1523,149830
2014-04-24,1524,1533.89,1524,1529,316090
2014-04-25,1532,1532,1510,1512,229720
2014-04-28,1524,1534,1518,1519,143100
2014-04-29,1530,1534,1521,1522,209450
2014-04-30,1523,1531.89,1511,1512,455640
2014-05-01,1521,1525.12,1515,1518,258430
2014-05-02,1518,1540.04,1518,1523,258370
2014-05-06,1529,1535,1518.11,1527,318280
2014-05-07,1530,1530,1517.51,1524,181510
2014-05-08,1525,1532.89,1521,1528,228360
2014-05-09,1519,1531,1519,1528,307190
2014-05-12,1534,1536.5,1522,1533,241690
2014-05-13,1540,1550,1538,1543,281980
2014-05-14,1540,1548,1539,1543,114940
2014-05-15,1549,1550,1524,1526,516330
2014-05-16,1536,1536,1520,1523,234020
2014-05-19,1523,1536,1519,1523,365790
2014-05-20,1534,1538,1526,1538,299220
2014-05-21,1530,1541,1525,1541,621670
2014-05-22,1535,1555,1534,1553,266790
2014-05-23,1560,1572,1558,1564.11,2204940
2014-05-27,1568,1576.75,1562,1566,423410
2014-05-28,1576,1578,1562,1576,162130
2014-05-29,1567,1580,1562,1562,358920
2014-05-30,1571,1577,1562,1570,247200
2014-06-02,158,161,157.1,160.9,217190
2014-06-03,159.1,160.9,158,158.2,340228
2014-06-04,158,159.9,157.5,157.7,312487
2014-06-05,157.6,159,157,158.5,360350
2014-06-06,158.1,160.888,157.6,159.9,271234
2014-06-09,159.5,160.588,159,159,240006
2014-06-10,160.9,161,158.5,158.5,267283
2014-06-11,158.6,160.139,157.3,157.9,266034
2014-06-12,159,159,157,158.8,182307
2014-06-13,157,157.496,154.371,155.8,603878
2014-06-16,157,157,153.7,157,523105
2014-06-17,156,158.8,155.376,157.7,529879
2014-06-18,157.8,159,156.6,159,337639
2014-06-19,159,161.182,158.78,159.9,347350
2014-06-20,160.7,161,159,161,820604
2014-06-23,159,161,158.7,159,195447
2014-06-24,159.6,159.6,157.5,158,208624
2014-06-25,158.5,158.5,156.1,156.7,358119
2014-06-26,157,157.6,156.1,157.1,230297
2014-06-27,156.4,157.4,156.352,157.3,175938
2014-06-30,156.1,158,156.1,158,197578
2014-07-01,158,158.5,157.8,158.1,253933
2014-07-02,158.5,158.5,157.2,157.5,141699
2014-07-03,157.5,158.8,157.2,158.1,197303
2014-07-04,158.9,158.9,157.193,157.5,227171
2014-07-07,158.2,158.2,155.4,155.4,169721
2014-07-08,155.5,155.6,154,155,235999
2014-07-09,154.1,154.62,153.3,154,229045
2014-07-10,154.3,154.3,150,152.3,744347
2014-07-11,152.2,152.5,151,152.3,384061
2014-07-14,153.2,153.5,152.109,152.5,309279
2014-07-15,152.1,153.7,149.4,149.5,470971
2014-07-16,149.9,152.4,149.517,152.2,1034158
2014-07-17,151.6,151.8,150.3,150.3,145020
2014-07-18,150,150.5,149,150.5,251997
2014-07-21,150.5,150.5,148.6,149.4,353256
2014-07-22,150.5,151.86,149.9,151.3,509303
2014-07-23,151.4,152.4,150.4,150.4,216245
2014-07-24,150.5,151.5,150.272,151,441809
2014-07-25,150.5,152.2,149,149,383964
2014-07-28,149.1,150.387,148.2,149,235768
2014-07-29,150,150.9,148.8,149.5,256491
2014-07-30,150.4,150.9,149,149,92756
2014-07-31,149.1,149.648,147.5,147.5,165875
2014-08-01,147.5,147.8,144.677,145.7,529834
2014-08-04,146.1,147.679,145.5,145.5,304386
2014-08-05,147.4,147.648,146,146.1,160264
2014-08-06,146,146.5,144.38,145,229401
2014-08-07,145,146.5,144,144,242577
2014-08-08,143.4,145.7,141.5,145.5,592480
2014-08-11,146.9,148.3,146.4,147.5,234260
2014-08-12,146.4,148.3,145.4,146.3,472406
2014-08-13,148,149.8,147.2,149.8,176557
2014-08-14,149.9,150,148.3,148.7,265077
2014-08-15,149.7,151.4,149,149.5,186418
2014-08-18,151,151,148.2,149.9,231942
2014-08-19,150,152,149.604,150,245421
2014-08-20,150.5,150.5,148.5,148.8,204804
2014-08-21,149,150.5,149,149.5,108160
2014-08-22,149.7,151.064,149,149,1239617
2014-08-26,151,153,151,153,351668
2014-08-27,152.8,153.501,152.4,152.4,232623
2014-08-28,152,153.9,151.5,152.3,116664
2014-08-29,152.1,152.8,150.5,151.5,247772
2014-09-01,152.7,153.41,151.4,151.5,296054
2014-09-02,152.3,153.404,151.5,151.6,327397
2014-09-03,152.6,154.6,152.6,153.8,238818
2014-09-04,153.8,154.9,153.8,154.9,315693
2014-09-05,154.9,155,153.5,154.5,135548
2014-09-08,155,155.9,154,154.6,310227
2014-09-09,154.9,155.6,154,154,144034
2014-09-10,155.1,155.1,153,153,467109
2014-09-11,154.4,154.9,153,153.9,298185
2014-09-12,154,155.52,153.1,155,262026
2014-09-15,153.5,155.4,153.5,154.6,406538
2014-09-16,154.5,155.602,154.165,155.5,248013
2014-09-17,155.5,156.6,154.7,155.7,236477
2014-09-18,155,156.9,154.5,156.7,368906
2014-09-19,157,159.641,156.5,159.3,518200
2014-09-22,159.8,160,157.9,157.9,245470
2014-09-23,158.4,158.97,156,156,228554
2014-09-24,158,158,156.086,156.6,194363
2014-09-25,158,158,153.5,153.8,196527
2014-09-26,153,154.8,153,153,134313
2014-09-29,152.5,153.669,152.216,153.5,47430
2014-09-30,154,154,151,151.6,143955
2014-10-01,152.5,152.5,150.4,150.5,178532
2014-10-02,150.8,151.41,148,148,140812
2014-10-03,151,151,149.319,150.5,181634
2014-10-06,150.5,152.16,149.6,149.7,229333
2014-10-07,149.4,149.684,147,147.5,521590
2014-10-08,146.5,147.2,146,146.7,165519
2014-10-09,147.5,150,146,146,461107
2014-10-10,146.8,146.8,142.001,142.9,741902
2014-10-13,142.3,143.5,141.043,143,565930
2014-10-14,142.5,144.5,141.695,144,389236
2014-10-15,144.5,144.5,141,141.2,707984
2014-10-16,142.7,142.892,137.4,140,1097794
2014-10-17,141,144.997,140.782,144.4,489923
2014-10-20,145,145,143,144.4,223906
2014-10-21,144.5,147.3,144.5,147.3,193241
2014-10-22,147,149,146.5,149,306429
2014-10-23,149,149.4,147.5,148.5,236568
2014-10-24,147.5,149.5,147.5,148.5,145533
2014-10-27,149.2,150.8,149.2,150.8,147243
2014-10-28,150.8,152.5,149.491,152,165598
2014-10-29,152,154,151.682,153.5,213131
2014-10-30,152,154.5,151.2,153,326163
2014-10-31,154.9,155.7,152.7,154.2,594662
2014-11-03,155.3,155.501,153.753,155.3,326369
2014-11-04,155.2,155.8,153.5,154.4,412959
2014-11-05,155,157.9,155,157.9,836651
2014-11-06,157.7,159.8,157,159,144046
2014-11-07,158,159.4,156.5,157.2,245139
2014-11-10,158.5,158.5,156.5,157.7,302533
2014-11-11,156.5,158.1,156,156.6,429549
2014-11-12,156.5,157.3,154.7,155.1,255476
2014-11-13,157,157,155.286,155.5,190114
2014-11-14,156.2,156.4,155.1,156.4,575343
2014-11-17,156.3,157.9,154.688,157.5,176464
2014-11-18,157.7,159.5,156.1,159.2,341720
2014-11-19,159,159.5,157.716,159.3,177482
2014-11-20,158.5,158.5,157.574,158.5,349605
2014-11-21,157.1,163,157.1,161.5,218727
2014-11-24,162.9,163.352,160.4,160.4,359954
2014-11-25,162,162,160.1,161.8,232816
2014-11-26,162.9,162.9,160.3,161,562108
2014-11-27,161.6,162.792,160.8,161.5,356559
2014-11-28,162,162.78,161.4,162.5,343949
2014-12-01,162.9,162.9,160,160.1,199680
2014-12-02,160.4,161.6,160.1,161.3,200658
2014-12-03,161.9,161.9,160.1,160.9,187592
2014-12-04,160.9,161.88,160.1,160.1,215506
2014-12-05,162.1,162.5,160.653,161.4,193586
2014-12-08,162.2,162.48,160.8,161.8,188318
2014-12-09,159.6,161.5,159,159.7,273938
2014-12-10,161.6,162,160.3,160.4,194636
2014-12-11,160.4,161,159.125,160.5,300953
2014-12-12,158,160,157.5,157.5,227757
2014-12-15,157,158.921,156.5,156.7,461142
2014-12-16,157.8,157.8,153,155.8,287990
2014-12-17,155.6,157,154.1,157,681118
2014-12-18,157.9,162.4,157.9,162,417206
2014-12-19,163,163.1,161.2,161.5,415218
2014-12-22,162.3,164.6,162.14,164,246640
2014-12-23,162.5,164.8,162.5,164.8,322649
2014-12-24,165,165,163.2,164.7,32004
2014-12-29,163.5,164.744,163.3,163.4,52567
2014-12-30,164.3,164.3,160.9,162.2,123919
2014-12-31,161.5,163.3,161.5,162.5,21021
2015-01-02,161,162,160.5,161.7,371170
2015-01-05,160.8,162.2,158,158.7,238687
2015-01-06,158,160.4,157.5,158.2,215826
2015-01-07,158.5,160.25,157.988,158.5,207797
2015-01-08,162.4,162.5,159.7,162.5,182051
2015-01-09,161.6,162.984,159.5,159.5,149084
2015-01-12,161.7,162,159,160,629457
2015-01-13,162,162.1,160,160.3,2402786
2015-01-14,158.6,160,158.01,158.7,230701
2015-01-15,160.6,162,155.912,158,586728
2015-01-16,158.3,160.396,156.9,160,266241
2015-01-19,160.6,165,160.6,164,573221
2015-01-20,165.5,169.2,165.225,166,408999
2015-01-21,167.1,168.284,165.514,167.7,228997
2015-01-22,168.3,173,167.168,170,562286
2015-01-23,171.4,172,169.6,172,318464
2015-01-26,170.2,173,170.2,172.7,335021
2015-01-27,170,172.9,169.1,169.2,242399
2015-01-28,169.1,170.6,167.934,168.6,205646
2015-01-29,168.6,170.5,166.961,170.5,333664
2015-01-30,170,171,168.5,168.6,305768
2015-02-02,170,170.072,167.2,168.7,404142
2015-02-03,168,173.4,168,173.3,283545
2015-02-04,173.5,174.079,170.7,173.9,249542
2015-02-05,172.9,173.461,170.1,171.8,264027
2015-02-06,170.5,172.48,169.9,172.2,257414
2015-02-09,169.3,172.9,168.5,169.7,176582
2015-02-10,171.8,171.8,168.2,169,635962
2015-02-11,169.2,170.4,167.2,168.5,256014
2015-02-12,168.3,171,168.18,170.5,261705
2015-02-13,170.9,172.5,168.7,170.2,471578
2015-02-16,169.1,171.768,168.5,169.5,276052
2015-02-17,169.6,170.7,166.5,168.3,359464
2015-02-18,166.5,171.5,166.3,170.5,259863
2015-02-19,171.4,171.5,168,171,199949
2015-02-20,170,171.169,169.5,171,327817
2015-02-23,172.9,173,170.6,172.5,197971
2015-02-24,171,174,170.4,172.1,157767
2015-02-25,172.9,174.155,171.5,173.7,370503
2015-02-26,172.6,173.491,170.6,172.3,249718
2015-02-27,173.3,175,172.3,174.2,266589
2015-03-02,171.8,174.88,171.8,172.9,217138
2015-03-03,173.6,176.196,173.5,174.6,548209
2015-03-04,172.5,174.17,171.6,173.1,341211
2015-03-05,175.1,176.5,172.691,174.4,237019
2015-03-06,175.4,177.906,173.85,175.5,543072
2015-03-09,175.2,176.4,174.2,174.3,370602
2015-03-10,174.2,174.51,170,170.2,397215
2015-03-11,172.6,174.1,169.1,173.1,465874
2015-03-12,172.7,173.765,172,173.5,265332
2015-03-13,173.6,175.4,172.1,173.6,244212
2015-03-16,176,179.2,174.225,177.9,474634
2015-03-17,179.4,181,179,179.5,400939
2015-03-18,180.1,182.5,179.641,180.9,476813
2015-03-19,181.6,182.311,180.7,181.7,354166
2015-03-20,184,184,181.4,184,704562
2015-03-23,184.2,186,183.222,185,489433
2015-03-24,183.8,187,183.8,186,477344
2015-03-25,187.5,187.5,184.1,184.9,384111
2015-03-26,181.6,181.848,179,179.5,270128
2015-03-27,179.7,182.03,177.396,178,364771
2015-03-30,179.9,181.7,178.39,179.4,728517
2015-03-31,180.9,181.4,176,176.1,410469
2015-04-01,175.5,179.2,175,176.5,456206
2015-04-02,179.7,180.439,177.5,178.9,332701
2015-04-07,179.9,183.6,178.924,183.6,418399
2015-04-08,184,184.9,181.397,182,660886
2015-04-09,182.5,184.412,181.6,183.2,393093
2015-04-10,184.7,186,182.7,185.3,326950
2015-04-13,185.9,185.9,183.1,185,218429
2015-04-14,183.5,185.769,183.1,184.3,266280
2015-04-15,183.3,186.7,183.3,185,188648
2015-04-16,184.3,185.874,181,181.3,325320
2015-04-17,182.5,183.864,177.4,177.6,376920
2015-04-20,180.9,181.075,177.1,180.3,222801
2015-04-21,181,183.978,180.06,181,450971
2015-04-22,181.4,182.48,180,180.6,442501
2015-04-23,180.2,181.92,179,180,175581
2015-04-24,181.3,182.718,179.3,180.5,246738
2015-04-27,180,183.9,179.75,183,561318
2015-04-28,182.9,182.94,179.1,181.8,323441
2015-04-29,180.9,181.833,176.496,176.5,533898
2015-04-30,177.1,178.5,176,176.8,276186
2015-05-01,176.5,179,176.5,178.8,259552
2015-05-05,180,182.7,179.6,179.9,574241
2015-05-06,180.5,182.5,179.5,180,537835
2015-05-07,180,181.4,178,179,432999
2015-05-08,182.5,184,180,183.5,727169
2015-05-11,184,185.092,181.6,183,508972
2015-05-12,182.4,182.45,180.2,181.5,645816
2015-05-13,182.9,183.462,181,182,408872
2015-05-14,182.7,183,181,182.3,327168
2015-05-15,184,185.4,182.5,184,369791
2015-05-18,185,185.5,182.5,183.5,275072
2015-05-19,183.5,186,183.5,185.8,313469
2015-05-20,185.9,185.9,183.6,185,362588
2015-05-21,185.1,185.9,184.5,184.5,475685
2015-05-22,186,186.5,185.08,185.5,2957652
2015-05-26,186.5,186.7,184.008,184.5,406854
2015-05-27,184.6,186.5,184.222,186.3,829720
2015-05-28,186.4,186.5,185,186.1,184202
2015-05-29,186.5,187.038,184.6,185.3,397976
2015-06-01,185.6,186.6,185.2,186,209782
2015-06-02,185.5,186.7,184.9,185.9,808481
2015-06-03,185.9,187,185.428,186.7,296933
2015-06-04,186.8,187.5,184.5,184.6,258601
2015-06-05,186,187,183.2,184,355881
2015-06-08,183,183.96,181,182,435577
2015-06-09,182.1,182.5,180.9,181.4,337706
2015-06-10,181.2,183.5,181,183,219487
2015-06-11,183.5,184.3,182.6,183.9,1059978
2015-06-12,183.5,183.72,181,181.5,442604
2015-06-15,180.5,181.2,178.3,178.6,546801
2015-06-16,178,178.1,175.9,176.7,456973
2015-06-17,176.1,177.14,175.4,175.6,363702
2015-06-18,175.2,176.219,173.1,175,1005590
2015-06-19,175.2,177,174.4,175.5,817971
2015-06-22,179.3,181.8,178.5,179.7,829749
2015-06-23,180.4,182.682,180,181.8,951340
2015-06-24,182.5,182.6,180.6,181.7,632143
2015-06-25,181,182.7,179.8,180.6,297877
2015-06-26,180.1,180.787,178.4,180,502101
2015-06-29,173.8,177.215,171.2,176,473749
2015-06-30,176,177,173.592,174.8,503137
2015-07-01,175,179.829,175,179,485412
2015-07-02,176.2,178.311,176.2,177.9,266534
2015-07-03,177,177.979,176.2,177,188463
2015-07-06,174.5,176.5,173.9,174.1,349744
2015-07-07,175,175,170.5,171,368927
2015-07-08,171.9,173.3,170.1,173.3,416506
2015-07-09,173.3,176,173.2,176,196243
2015-07-10,180,183.179,179.8,181.5,551411
2015-07-13,183,184.265,180.5,181.6,476619
2015-07-14,182,183.7,180,181.4,426378
2015-07-15,181.5,182.684,180.076,180.7,387228
2015-07-16,183.9,183.9,181,182.9,241121
2015-07-17,182.4,182.8,180.1,181.7,351847
2015-07-20,182,184.5,182,183,214693
2015-07-21,183.6,184.375,182.1,182.4,332629
2015-07-22,182,182.706,181,182.3,343055
2015-07-23,182,183.5,182,182.5,279521
2015-07-24,183.7,184,181,181,284902
2015-07-27,181,182.4,177.6,178.6,269137
2015-07-28,180,180.4,178.4,178.8,264618
2015-07-29,180.1,180.978,178,179,210590
2015-07-30,179.3,180.615,177.5,178,436670
2015-07-31,178.5,179.8,178.15,179.8,425062
2015-08-03,179.5,180.2,178.648,180,164047
2015-08-04,180.6,181.8,179.5,180.5,265337
2015-08-05,179.5,181.4,179.5,181,284583
2015-08-06,181.4,182,181,181.8,501528
2015-08-07,182.7,182.7,181,181,408233
2015-08-10,183.7,183.835,181.1,181.5,315364
2015-08-11,181.4,182.06,180,180.9,315981
2015-08-12,180,180.34,175,176.8,361293
2015-08-13,178,178.78,177.1,177.5,411500
2015-08-14,178.8,178.9,176.9,176.9,261444
2015-08-17,179,179.5,175,175.7,280020
2015-08-18,177,177,175,176.1,356539
2015-08-19,177,177,174.1,174.1,345151
2015-08-20,175,175,172.2,172.2,421013
2015-08-21,170.9,172.306,168.654,169,568223
2015-08-24,164,165.152,160,162.6,710358
2015-08-25,162.6,172,162.6,169.8,1065716
2015-08-26,168,169,166.9,167.3,352073
2015-08-27,171.6,172.9,171.1,171.2,205087
2015-08-28,171.4,172.998,171.4,171.4,801944
2015-09-01,169.5,169.5,166.7,167.9,649690
2015-09-02,167.9,170,167.88,168.1,327451
2015-09-03,169.9,172.3,169.8,171.5,540526
2015-09-04,168,170.8,167.5,168,188840
2015-09-07,170.1,170.5,168,168,200373
2015-09-08,170,171.5,169.3,169.5,195084
2015-09-09,172,173.5,169,170.8,189695
2015-09-10,170,172.9,169.4,169.7,217937
2015-09-11,169.5,171.1,168.2,168.6,297150
2015-09-14,169.7,170.731,168,168.8,153492
2015-09-15,168.2,169.812,168,169.5,170152
2015-09-16,170.3,171,168.1,169.2,306811
2015-09-17,168.8,170.5,168.6,168.6,293302
2015-09-18,170.4,170.4,165,166.2,445277
2015-09-21,166,166.43,164.176,165.2,190459
2015-09-22,165.5,166,160,161.4,213728
2015-09-23,161.4,163.5,160.1,163.5,442695
2015-09-24,163.7,163.7,160,160.6,334740
2015-09-25,163.5,164.9,163.4,164.2,219492
2015-09-28,163.5,163.5,160.135,160.7,152404
2015-09-29,160,161.4,158.697,160.2,236646
2015-09-30,162.5,163.787,161.7,163.1,217504
2015-10-01,164.8,165.9,161.8,162.4,266762
2015-10-02,161.5,164.8,161.46,164.8,177331
2015-10-05,165.1,169.9,165.1,168.2,192977
2015-10-06,169.2,170.5,168.696,170.4,100680
2015-10-07,170.6,171.98,167,169.6,1696008
2015-10-08,168.6,170.778,166.3,167.2,419975
2015-10-09,167.5,169.592,166.5,169.1,235391
2015-10-12,167.5,170.6,167,167.4,201436
2015-10-13,169.4,169.4,166,166.5,240656
2015-10-14,165,166.2,165,165,133340
2015-10-15,166.2,167.8,165.5,166.9,242015
2015-10-16,168.5,168.9,166,166,450589
2015-10-19,166.3,167.75,164.1,164.1,249354
2015-10-20,165.4,166.4,164.5,165.5,161797
2015-10-21,165.7,167.3,164.8,165.1,155553
2015-10-22,164.1,168,164.1,167.5,220571
2015-10-23,167.5,171.79,167.5,170.9,348703
2015-10-26,169.4,170.9,168,168.6,250060
2015-10-27,168,170.92,168,168.2,190682
2015-10-28,169.4,171.6,169.4,171,166361
2015-10-29,171.2,171.2,166.5,167.3,290884
2015-10-30,169.5,169.5,166.8,167.3,196324
2015-11-02,166.8,168,166.5,166.6,407888
2015-11-03,166.4,167.925,165.7,166.5,131517
2015-11-04,169,169,166,166.7,253095
2015-11-05,167.8,169,166.5,167.7,536725
2015-11-06,169,169,166.6,168.4,201766
2015-11-09,168.9,170.1,165.5,166.4,389476
2015-11-10,167.6,167.9,165,165.9,73970
2015-11-11,166.9,167.9,165.5,166.1,202149
2015-11-12,167.4,167.7,162.5,163.5,202135
2015-11-13,163.4,165,161,162,240560
2015-11-16,162.5,164,161.62,163.9,157492
2015-11-17,165.9,165.998,163.104,163.4,688590
2015-11-18,162.5,164.4,162.5,162.7,176020
2015-11-19,163.1,167.848,163,166,602954
2015-11-20,167,168,165,168,229132
2015-11-23,167.2,167.3,165.25,166.5,154392
2015-11-24,164.8,166.7,162.2,163.4,242670
2015-11-25,164.2,167.5,164.2,167.3,203486
2015-11-26,166.1,167.773,166,166.9,200062
2015-11-27,167.1,167.6,166.1,167.4,226157
2015-11-30,167.7,168.9,165.5,168,263403
2015-12-01,168,169.7,167.1,168.4,127678
2015-12-02,167.3,169.377,167.2,168.8,168457
2015-12-03,169.4,170.5,167.5,168.5,387775
2015-12-04,167.4,167.9,165.9,167.9,251433
2015-12-07,168.5,171.1,167.1,170,379700
2015-12-08,170.9,171.003,168.5,169,174577
2015-12-09,169.9,170.625,168,169,253537
2015-12-10,168,169.8,167.6,168.3,983711
2015-12-11,168.9,169,165,166.9,359434
2015-12-14,166.9,167,163.9,164.6,396400
2015-12-15,167.9,168.7,167.104,167.7,659645
2015-12-16,169,170,167.83,168.7,416158
2015-12-17,171,172.5,170.1,170.6,314305
2015-12-18,170.9,171,169.6,169.7,259634
2015-12-21,170.5,171.323,170,170,714464
2015-12-22,172,172.085,170,170.5,495896
2015-12-23,172.3,173.5,170.7,173.4,273269
2015-12-24,172,174,172,173.4,60066
2015-12-29,172.1,176.025,172.1,175.9,366689
2015-12-30,176.9,176.9,173.8,174.1,132646
2015-12-31,174,175.25,173,174,86173
2016-01-04,171.5,171.6,167,168.3,368174
2016-01-05,168,170.253,167,168,123328
2016-01-06,167,168.486,166,166.9,209904
2016-01-07,165.1,166,162.2,166,488776
2016-01-08,166.7,167.44,164.7,164.8,329545
2016-01-11,165.7,167,164.1,166,218081
2016-01-12,165.1,169,165.1,166.8,306897
2016-01-13,166.1,169,166.1,166.7,244391
2016-01-14,165,166.425,162.1,164.2,383412
2016-01-15,164,165,161.4,161.4,231290
2016-01-18,162.9,163.5,160,160.5,334961
2016-01-19,161.3,165,161.3,163.1,212014
2016-01-20,162,162,156,156.1,433093
2016-01-21,157.2,161.7,157,160.5,393326
2016-01-22,162,164.25,161.6,164,346657
2016-01-25,164.9,165.874,162.4,163,225650
2016-01-26,163.5,164.2,162.8,163.6,288539
2016-01-27,163.2,166.4,163.2,165.3,169654
2016-01-28,167.4,167.4,163.1,163.8,239611
2016-01-29,166,167.4,164.77,165.2,229934
2016-02-01,165.2,167.67,162,163.5,367467
2016-02-02,164.9,164.9,160,161.7,333262
2016-02-03,160.4,161.54,158.2,158.5,540782
2016-02-04,160.1,162,158,160.6,390642
2016-02-05,158.8,163.4,158.8,160.5,475392
2016-02-08,161.4,162.75,157.8,158.7,265418
2016-02-09,156.9,158,153.2,153.4,248839
2016-02-10,155.6,158.5,154.1,156.2,246373
2016-02-11,156.1,156.484,152,152,285352
2016-02-12,152.5,154.9,152.1,152.1,369809
2016-02-15,154.4,157.5,153.6,153.6,315649
2016-02-16,154.6,157.1,153.1,154,407364
2016-02-17,154.3,160.56,153.9,160.1,359959
2016-02-18,159.4,161.2,157,157,225778
2016-02-19,159.5,159.7,155.5,155.8,259213
2016-02-22,157.5,161.9,157.5,160,140021
2016-02-23,158.5,161.898,157.6,161,210865
2016-02-24,158.9,162,157.5,157.5,494164
2016-02-25,161.4,162.5,159.4,160,400298
2016-02-26,162.5,163.6,161.1,162.8,340481
2016-02-29,160,162.896,160,162.1,353641
2016-03-01,160.4,164.6,160.4,163.4,131884
2016-03-02,165.9,166.5,162.3,164,314850
2016-03-03,166.1,166.323,164.8,165.9,414389
2016-03-04,165.3,167.904,165,165.5,219599
2016-03-07,167.3,168.7,163,164.5,333159
2016-03-08,163.2,164.5,162.1,162.6,346814
2016-03-09,165,165,161.5,161.6,299306
2016-03-10,164.7,165.7,159.7,159.7,465841
2016-03-11,164.5,165,162.2,164.2,497249
2016-03-14,164.8,166.358,162.6,164.8,343461
2016-03-15,165.5,166,163.4,164.9,939605
2016-03-16,163.5,167,163.45,166.3,758225
2016-03-17,167.2,167.2,164.1,164.7,361052
2016-03-18,165.5,166.2,163.845,164.1,590774
2016-03-21,164.3,166.339,163.6,164.6,354407
2016-03-22,166.2,166.2,163,165.4,808429
2016-03-23,165.8,166.3,162.8,165.5,359012
2016-03-24,161.6,162.9,161,161.1,479106
2016-03-29,163,163,158.5,159.8,611774
2016-03-30,159.4,164.1,159.4,164.1,466556
2016-03-31,162.2,164.068,161.245,163.9,571147
2016-04-01,163,163,160.1,161.5,288681
2016-04-04,160.5,163.5,160.5,161.6,283331
2016-04-05,162.9,162.9,159,162,389542
2016-04-06,161.2,163.6,159.695,163.6,295694
2016-04-07,162.6,164.4,161.1,162,435110
2016-04-08,162.9,165,161.9,163.2,308069
2016-04-11,163.1,164.5,161.725,164,482799
2016-04-12,162.2,164.2,161.8,163,414603
2016-04-13,166.2,167.044,163.732,165.1,245117
2016-04-14,165.1,166.5,164.8,165.7,503051
2016-04-15,166.5,167,164.9,165.6,256746
2016-04-18,166.9,166.9,164,165.6,167545
2016-04-19,165.9,169,165.42,167.7,382282
2016-04-20,169,169,166.2,168.4,473042
2016-04-21,167,168.6,165.4,167.7,439911
2016-04-22,165.3,167.9,165,166.8,248707
2016-04-25,166.4,168.55,165.2,167.5,304738
2016-04-26,169,169.6,165.1,166.5,309228
2016-04-27,167.2,169.5,167,169,262557
2016-04-28,167,169.8,165.29,168,183427
2016-04-29,166.4,167.9,163.5,165.8,318278
2016-05-03,165.2,166.5,163.6,166.2,215019
2016-05-04,165.7,166.92,163.1,164,258611
2016-05-05,165,168.5,163.5,163.7,309035
2016-05-06,163,165.2,163,163.7,174876
2016-05-09,164.6,165.6,163.7,164.1,213625
2016-05-10,166.5,167.6,164,164.5,235234
2016-05-11,165.9,166,162.5,163.1,209949
2016-05-12,163,165.004,162.03,163.6,364877
2016-05-13,164.5,164.682,162.079,163.8,181097
2016-05-16,165.3,165.3,162,163,159553
2016-05-17,165,165,162,163.6,277022
2016-05-18,160.7,162.9,159.795,162.2,404468
2016-05-19,163,163.4,161.137,161.9,345984
2016-05-20,163.4,166,162.708,164.8,2217130
2016-05-23,165.3,167,163.655,166.5,307085
2016-05-24,165,167.3,163.2,167.3,266600
2016-05-25,168,169.9,166.876,168.4,334384
2016-05-26,168,169.2,167.148,169,213299
2016-05-27,169.1,169.2,167.7,168.9,217304
2016-05-31,169,169.701,167.268,169.2,198877
2016-06-01,167.8,168.6,166.2,168.2,314218
2016-06-02,165.2,168,165.2,167,481589
2016-06-03,166.7,167.2,165.1,165.7,221326
2016-06-06,169.7,169.7,165.2,167.8,401226
2016-06-07,166.5,168.9,166.5,167,334447
2016-06-08,167.3,167.78,165.933,166.8,253214
2016-06-09,167.6,167.6,165.5,166.7,575140
2016-06-10,167.9,167.9,163,164,399102
2016-06-13,163,164.798,161.154,161.3,504656
2016-06-14,163.9,163.9,156.1,157,837932
2016-06-15,160.9,160.9,157.6,158.5,637152
2016-06-16,156.1,157.9,155.7,156.5,687677
2016-06-17,157.6,160.2,155.5,159.4,1087286
2016-06-20,160.6,163.5,160.5,161.8,349889
2016-06-21,163.4,163.4,159.9,163,258406
2016-06-22,162.7,162.72,160.7,162.4,737584
2016-06-23,163.3,166,161.617,166,481090
2016-06-24,158,161.4,153,158,1088576
2016-06-27,157.4,157.4,151.2,151.2,1125879
2016-06-28,155,157,153,155.1,691572
2016-06-29,156.8,161.4,156.7,161,738111
2016-06-30,159.3,164,156.492,164,432043
2016-07-01,163.9,166.3,161.9,165,611253
2016-07-04,164,166.65,160.6,161.2,668119
2016-07-05,160.1,162.82,159.1,161,1166267
2016-07-06,159.6,162.4,158.2,162.4,667345
2016-07-07,162,165,160.75,163.9,687132
2016-07-08,161,165,161,164.5,545830
2016-07-11,167.9,169.3,165.2,169.2,635599
2016-07-12,167,170.8,165.5,170.5,495565
2016-07-13,167.5,171.7,167.5,169.1,693042
2016-07-14,169.7,171,168,169.3,437830
2016-07-15,170.4,170.9,167,168.5,353147
2016-07-18,170.7,170.9,167.2,169.2,406707
2016-07-19,168,170.9,167.4,169.9,311612
2016-07-20,168,173.1,168,172.7,467280
2016-07-21,170.2,173.3,169.87,172.5,464306
2016-07-22,173.4,173.5,171,173.3,816350
2016-07-25,173.6,175.144,172.7,174.1,355037
2016-07-26,174.1,175.3,173.1,174.7,288240
2016-07-27,173.5,177.8,173.5,174.5,291895
2016-07-28,177.5,177.5,174.323,176,543087
2016-07-29,174.5,176.9,173.7,175,540077
2016-08-01,174.1,177.084,174,174.2,434087
2016-08-02,174,175.621,171.2,172.5,465005
2016-08-03,174,174,170.1,172.9,378205
2016-08-04,172,177.4,172,176.9,328873
2016-08-05,174,179.9,174,177.7,319844
2016-08-08,179,180.5,174.9,175.7,251072
2016-08-09,175,178.1,174.2,178,556019
2016-08-10,178.8,179.9,176,177,241998
2016-08-11,177.6,179.8,176,179,275641
2016-08-12,178.9,179.9,177.5,178.8,123813
2016-08-15,177.1,180.5,177.1,179.5,759651
2016-08-16,177.1,179,177.1,179,505942
2016-08-17,177.5,179.9,175,179.9,442673
2016-08-18,176,177.8,176,177.8,226858
2016-08-19,176,179,175.88,177.6,621963
2016-08-22,179.8,179.8,176.293,177,225489
2016-08-23,176,178,175.5,177,487074
2016-08-24,175,178.362,175,177.6,335303
2016-08-25,179.8,179.8,175.1,177,452212
2016-08-26,179.9,179.9,175,177.4,394948
2016-08-30,179.8,179.8,175.785,177.9,213720
2016-08-31,178,179.9,176,176.7,349456
2016-09-01,176.2,178.8,174.7,176.4,446427
2016-09-02,176.2,180.3,175.25,175.7,442527
2016-09-05,177.8,179.1,175.2,176.5,189515
2016-09-06,177.2,177.985,175.2,177.6,694513
2016-09-07,175.6,179.5,175.5,179.2,309695
2016-09-08,178.1,181,178.1,180.9,231538
2016-09-09,176.4,182,176.4,177.8,329066
2016-09-12,178,178,173.2,176.8,456407
2016-09-13,176.5,177.5,173.813,175.8,309441
2016-09-14,177.1,177.1,175,175.8,289346
2016-09-15,178,178,173,177.4,793083
2016-09-16,174.1,177.9,174.1,175.7,1439843
2016-09-19,176.1,177.1,174.934,176,517723
2016-09-20,176.9,178,173.5,176.7,317513
2016-09-21,176,178.1,175.859,177.7,306215
2016-09-22,177.2,180.5,174.761,180,557471
2016-09-23,179,180.45,178.1,180.1,339259
2016-09-26,180.9,180.9,177,177.3,187537
2016-09-27,177.1,178.4,176,177.2,490317
2016-09-28,177.9,179,177,178.8,399281
2016-09-29,180,180.7,178.5,179,289161
2016-09-30,176.7,179,175.2,179,294941
2016-10-03,177.1,181.9,177.1,180.5,411842
2016-10-04,182,184.2,179.5,179.5,1073052
2016-10-05,181.5,182.3,180,180.1,286967
2016-10-06,180,180.8,178.6,180.5,600553
2016-10-07,181,184.4,181,182.5,700918
2016-10-10,182,184.8,182,183.4,711752
2016-10-11,182.9,186.1,182.7,185.4,485256
2016-10-12,186,186,183.6,184,215829
2016-10-13,182,182.611,180.7,181,399850
2016-10-14,180.9,183.9,180.384,183,430235
2016-10-17,183.2,184.4,181.9,183,584170
2016-10-18,182,183.9,182,183.8,376455
2016-10-19,184.5,185,183.7,184.7,436746
2016-10-20,185,185.9,183.7,184.7,317150
2016-10-21,185,185.2,184.4,185.2,167863
2016-10-24,186.4,186.4,184.464,185.4,211966
2016-10-25,186.4,186.4,184.3,185,248221
2016-10-26,184.2,184.971,183,183.1,592752
2016-10-27,183,184.3,182.6,183.5,257733
2016-10-28,183.5,184.3,181.1,183,421896
2016-10-31,182.5,183,181.2,182.7,318920
2016-11-01,182.7,183.5,182.504,182.8,492211
2016-11-02,181.2,182,180.7,181.3,410078
2016-11-03,181.4,181.9,180.5,180.7,519622
2016-11-04,181.9,181.9,176.3,179.3,354166
2016-11-07,181,182.8,181,182.4,154008
2016-11-08,182.9,182.9,178.5,180,312497
2016-11-09,175.3,179.8,175,179.7,222450
2016-11-10,181,184,179.17,179.5,463254
2016-11-11,180,180.1,175.642,176.1,394967
2016-11-14,177.2,178.1,173.2,174.7,246487
2016-11-15,175.5,177,173.1,174.5,200484
2016-11-16,173.6,174.5,171.7,172.9,337999
2016-11-17,172.1,173.1,171.6,172.9,568500
2016-11-18,173,173,169.8,172,342461
2016-11-21,173,173,170.639,172.4,277090
2016-11-22,173,173.5,171.6,173,435133
2016-11-23,173.5,174.5,170.815,172.3,423874
2016-11-24,172.4,172.4,170.4,170.8,199379
2016-11-25,170.2,172.5,170.2,171.8,238808
2016-11-28,171.1,172.4,170,171,387967
2016-11-29,170.6,172,170.1,171.5,551217
2016-11-30,172.5,173.134,171.1,172.1,406502
2016-12-01,173,173,168.1,169.6,296956
2016-12-02,170.5,170.5,167,169,337604
2016-12-05,169.4,170.4,167,170,338490
2016-12-06,168.3,171.3,168.3,170.9,180192
2016-12-07,171.5,174.8,171.5,174.1,328569
2016-12-08,175,175.7,174,175.3,314074
2016-12-09,175.9,175.9,174.1,175.5,257665
2016-12-12,175.9,176.4,174.7,175,349844
2016-12-13,175.7,177.5,174.453,177.2,205576
2016-12-14,176.9,177.9,175.559,176.5,364174
2016-12-15,177.8,177.8,173,177.5,510805
2016-12-16,177.5,178.1,175.7,178.1,648069
2016-12-19,178,178.4,176.4,178,129614
2016-12-20,177,180.7,177,179.1,276469
2016-12-21,179.9,180.55,178.742,179.5,155860
2016-12-22,180.9,181,179.806,180.3,120026
2016-12-23,180.2,181.4,180.2,181,176108
2016-12-28,180.7,182.4,180.5,182,191014
2016-12-29,181.9,183.1,180.7,183,136108
2016-12-30,182.3,183.5,181.7,183.5,83520
2017-01-03,183.7,184.6,182.328,184.2,433978
2017-01-04,184,184.8,182.6,183.7,377286
2017-01-05,185,185.5,183,185,666971
2017-01-06,185.5,185.8,184.144,185.8,399430
2017-01-09,185.6,188.5,185.6,187.7,460413
2017-01-10,188.5,191.3,180.05,190.6,574779
2017-01-11,192,192,189.6,190.8,465783
2017-01-12,190.1,190.8,189,189.1,148797
2017-01-13,191,191.001,188,189.5,378951
2017-01-16,189.6,191.472,189.5,191.1,573103
2017-01-17,189.1,190.02,187,188.8,272228
2017-01-18,187.5,189.5,187.5,189.5,163727
2017-01-19,190,190,187.7,188.1,254384
2017-01-20,189.5,190,187.5,188.6,237128
2017-01-23,190,190,186.725,187.3,282212
2017-01-24,189.5,189.5,187.6,187.9,385370
2017-01-25,190,190,187.5,187.8,327755
2017-01-26,188,189.3,187.5,187.8,524488
2017-01-27,187.5,189.2,186.6,186.6,331681
2017-01-30,187,187.5,185.3,185.8,205608
2017-01-31,185,187.6,185,186.8,354915
2017-02-01,186.5,186.622,184.5,185,348995
2017-02-02,185.6,186.9,184.5,186.9,653783
2017-02-03,187.5,187.644,185.64,187.2,266871
2017-02-06,189,189,186.3,187,192306
2017-02-07,188.4,188.4,186.4,186.6,496667
2017-02-08,188,188,186,186.7,272635
2017-02-09,186.5,187.012,186.1,187,204601
2017-02-10,188,189.9,186.608,188,321728
2017-02-13,187.5,189.9,187.5,189.7,307351
2017-02-14,190,190,187.9,189.7,487263
2017-02-15,190.2,191.1,189,190.1,494958
2017-02-16,190.2,190.2,188.7,188.9,514140
2017-02-17,189.9,189.9,188.6,189.9,394029
2017-02-20,191,192,189,189.4,229513
2017-02-21,189.6,189.63,187.839,189,424619
2017-02-22,189,189,187.7,188.2,292270
2017-02-23,187.8,188.8,187.322,187.7,357315
2017-02-24,187.6,188.354,185,186.8,380014
2017-02-27,187.1,190,187.1,188,450877
2017-02-28,188.8,189.27,187.6,188.2,360352
2017-03-01,188,191.6,187.86,191.3,424140
2017-03-02,192,192,189.1,190.8,323852
2017-03-03,190,191.8,189.1,191.5,420963
2017-03-06,191.9,191.9,189.5,190.8,355245
2017-03-07,191,192,189.754,191.2,548373
2017-03-08,190,191.8,189.9,191.5,348665
2017-03-09,192.2,192.2,190.5,191,465958
2017-03-10,192.4,194.2,190.1,193.1,691210
2017-03-13,194,194.294,192.1,193.2,757658
2017-03-14,194.1,195.32,193.304,194.4,341440
2017-03-15,195.9,195.9,193.8,194.3,193275
2017-03-16,194.2,195.4,194,195.4,299051
2017-03-17,195.5,195.9,194,195.7,309162
2017-03-20,196,196,193.5,195.2,214978
2017-03-21,195.3,195.8,193.9,194,306563
2017-03-22,195,195,192.5,193.1,313070
2017-03-23,190.5,192.5,190.15,191,413745
2017-03-24,190.4,191.4,190.2,191,431417
2017-03-27,190.1,191.9,188.29,189.5,339178
2017-03-28,188.5,191.7,188.5,191.2,380942
2017-03-29,190.6,194.5,190.6,192,608291
2017-03-30,193,194.4,191.1,191.4,423076
2017-03-31,192,192.3,190.1,191.3,507282
2017-04-03,191.5,192.54,190.7,191.8,307078
2017-04-04,191.3,196,191,193.5,350263
2017-04-05,194.5,195.3,193.415,193.5,316344
2017-04-06,193,194,192.094,194,363591
2017-04-07,193.6,194.6,192.9,194.3,744993
2017-04-10,192.5,194.97,190.5,194.2,624062
2017-04-11,194.7,196,194,194.7,1041946
2017-04-12,196,196,194.7,196,308051
2017-04-13,196.1,198.3,196,197.8,411103
2017-04-18,197.9,197.9,195,195,873230
2017-04-19,194.5,198,193.82,197.9,373608
2017-04-20,195.5,197.1,195.4,195.8,299885
2017-04-21,196,196.44,194.8,195,185236
2017-04-24,202,203.5,201,202.1,465009
2017-04-25,204,204,200.1,201.8,447839
2017-04-26,200,204.3,200,204,135614
2017-04-27,204.5,204.5,202,203.7,223869
2017-04-28,204.1,205,202.6,204.2,260657
2017-05-02,205,207,202.1,207,381372
2017-05-03,205.2,209.7,205.2,208.1,380382
2017-05-04,208.6,210,207.6,210,293032
2017-05-05,211.1,214,210.5,213,368489
2017-05-08,212.5,213.989,208.5,213,598340
2017-05-09,213.6,213.62,212.1,212.9,562483
2017-05-10,214,214,211.6,212.1,390162
2017-05-11,212.9,213.629,212.6,212.8,315870
2017-05-12,214,214,212,212.6,333288
2017-05-15,215.3,215.7,213.5,215,453441
2017-05-16,215.4,218,214.855,218,395195
2017-05-17,216.8,218,215.8,216.4,470639
2017-05-18,216.1,217,214,214,549394
2017-05-19,218,218,214.5,215,559478
2017-05-22,218,218.9,216,216,643490
2017-05-23,216.5,218.751,216.5,217.9,649466
2017-05-24,217.2,218.4,215.911,216.6,524301
2017-05-25,218.4,219,217.7,219,359451
2017-05-26,218.4,221,218.4,220,470026
2017-05-30,221,221,217.8,217.8,305951
2017-05-31,219.4,221,219.3,220.3,522067
2017-06-01,220.2,221.15,219.9,220.4,234785
2017-06-02,221.9,224.8,221.9,222.9,349581
2017-06-05,223.8,224.7,220.8,221,228394
2017-06-06,220.5,222.192,219.5,220.3,493303
2017-06-07,221.5,221.68,220,220.3,380618
2017-06-08,221.3,221.4,220,220.2,332115
2017-06-09,222,224.7,222,224.7,451473
2017-06-12,224.8,224.8,221.2,223.5,427660
2017-06-13,223,224.5,222,222.8,461426
2017-06-14,222.3,225,222.3,223.3,507654
2017-06-15,223,224.389,217.2,219.9,1107203
2017-06-16,219,221.5,219,219.7,725251
2017-06-19,223.5,224,220.3,223.1,181328
2017-06-20,225,226.8,225,225.9,446456
2017-06-21,225.6,226.4,223.913,225,247669
2017-06-22,224.3,226.184,224,224,247965
2017-06-23,225.2,225.4,222.9,222.9,41309
2017-06-26,225.6,225.6,223.3,224.1,403719
2017-06-27,223.5,225.09,223,223,51380
2017-06-28,221,221,221,221,538560
2017-06-29,221.8,223.591,219.175,219.6,380747
2017-06-30,221.2,221.2,216.8,218,849425
2017-07-03,217,220.4,217,218.2,364169
2017-07-04,219.5,219.5,217.1,218.8,476306
2017-07-05,217.3,219.5,217.3,218.5,206616
2017-07-06,219.5,219.5,216.4,216.7,229163
2017-07-07,217.2,217.6,216.3,217,334488
2017-07-10,215.7,217.8,215.7,216.9,180319
2017-07-11,216.2,217.7,215.7,216.1,661327
2017-07-12,216.9,220,216.6,219,422003
2017-07-13,217.6,220.3,217.6,220.1,273952
2017-07-14,218.7,220,217.6,219,145581
2017-07-17,219.9,220.5,217,218.9,152403
2017-07-18,220,221.6,218,220,292341
2017-07-19,220.3,221.1,219,219,234501
2017-07-20,221.5,222.425,220.7,220.8,302484
2017-07-21,222.3,222.3,218.6,221.9,550105
2017-07-24,221.6,221.7,217.6,221,668310
2017-07-25,221.2,222.3,220.1,221.7,266063
2017-07-26,222.1,223.3,220.2,222.5,400323
2017-07-27,222.9,223.7,221.4,221.9,285474
2017-07-28,221.4,222.313,217.8,220,863842
2017-07-31,221.3,221.4,219.2,220.9,480502
2017-08-01,221.4,222.52,219,221,285476
2017-08-02,223,223,220.9,221.4,373272
2017-08-03,220.8,222.5,220.368,222.5,465118
2017-08-04,220.7,224.5,220.7,224.5,276654
2017-08-07,224.9,224.9,222.9,223.4,464665
2017-08-08,223.3,224.3,222.3,222.9,280066
2017-08-09,224,224,220.5,220.5,447027
2017-08-10,223,223,218.6,218.6,380024
2017-08-11,218.1,219.252,216.38,217.5,849795
2017-08-14,220.8,221.531,217.5,220,339798
2017-08-15,221.5,223.1,219.5,221.6,314696
2017-08-16,222.1,223.9,221.344,223.5,264697
2017-08-17,222.5,223.67,221.6,221.6,236873
2017-08-18,220.7,222.1,219,220.6,234092
2017-08-21,222.9,222.9,220,221.5,287715
2017-08-22,222.4,224,221.345,223.5,446003
2017-08-23,220.7,224.4,220.7,224.4,257565
2017-08-24,223.4,224.4,223.1,224,182815
2017-08-25,224.9,224.9,223.1,223.5,236084
2017-08-29,223.1,223.9,221.8,222.5,310918
2017-08-30,223.4,223.4,221,221.1,323310
2017-08-31,221.9,224.8,221.834,224.3,218623
2017-09-01,223.9,224.9,223.51,224.9,355456
2017-09-04,223.8,224.872,222.2,222.6,152271
2017-09-05,222.3,224.4,222.1,222.8,206378
2017-09-06,222.2,224.16,220.308,222.6,283010
2017-09-07,221.1,223.9,221.1,223.8,164320
2017-09-08,222.7,223.8,222,222.5,116698
2017-09-11,223.1,227,222.74,224.1,513682
2017-09-12,225.4,226.1,222.5,223,317134
2017-09-13,223,224,223,223,268744
2017-09-14,223.4,224.3,220,220,420272
2017-09-15,224,224,216,217.8,504101
2017-09-18,217.4,220.08,216.9,218.3,424851
2017-09-19,219.3,219.6,218.1,219.5,148099
2017-09-20,218,220.9,218,219.3,263119
2017-09-21,219.8,220.581,218,219,263079
2017-09-22,218.3,221.3,217.7,219.2,105262
2017-09-25,221.9,221.9,218.075,218.3,288556
2017-09-26,218.2,219.4,217.5,217.6,241476
2017-09-27,218.5,220,218.396,219.5,361233
2017-09-28,222,222,218.4,218.6,306511
2017-09-29,220,221.8,218.4,221.5,395406
2017-10-02,218.3,223,218.3,222.9,172289
2017-10-03,223,226.399,222.705,224,223134
2017-10-04,224,225.418,223.475,224.2,367212
2017-10-05,223,226.9,223,225.8,239691
2017-10-06,227,228.5,226.1,228.3,465967
2017-10-09,228,228.31,225,225.3,262707
2017-10-10,227,227,225.2,226.4,285666
2017-10-11,225.8,227,225.5,227,131501
2017-10-12,225.7,228.5,225.7,228.5,273903
2017-10-13,228.3,228.3,226.1,227,314305
2017-10-16,228.4,228.4,225.8,227.8,114587
2017-10-17,226.2,228,224.9,228,235421
2017-10-18,225,228.4,225,226.5,265581
2017-10-19,228,228,224.5,227,236733
2017-10-20,227.9,228.9,227.4,228.7,163206
2017-10-23,229,229,225.6,226.4,147865
2017-10-24,226.4,227.9,225.899,226.5,513034
2017-10-25,228.2,228.9,225,225,282459
2017-10-26,225.6,226.5,224.7,225,333208
2017-10-27,227.6,227.9,225.39,227.5,344096
2017-10-30,226.1,228.1,226.1,227,164811
2017-10-31,226.8,227.8,225.5,226,272129
2017-11-01,226.8,228.4,225.1,225.7,287754
2017-11-02,226.4,231,226.4,230,291727
2017-11-03,230.8,231,229.2,230.5,303342
2017-11-06,230.9,231.405,227.5,228.5,283112
2017-11-07,229.7,230.47,226.7,226.7,225185
2017-11-08,226.1,228.1,226.1,226.9,307638
2017-11-09,227.3,230,226.085,226.4,149782
2017-11-10,227.2,228.8,225.3,225.3,246848
2017-11-13,226.2,227.58,224.165,225,417924
2017-11-14,225.9,227,225,225,228647
2017-11-15,224.4,225.5,222.4,223,568713
2017-11-16,223.1,225.9,223.1,225,180780
2017-11-17,225.9,225.9,223.6,224,305269
2017-11-20,224.2,225.193,222.3,223,80909
2017-11-21,224.2,225.6,224.1,225,168899
2017-11-22,224.8,226.9,224.8,225.8,232964
2017-11-23,224.7,226.3,223.6,226,147454
2017-11-24,227,227,225.6,225.6,176237
2017-11-27,226,227.5,225.3,226.3,217242
2017-11-28,227.8,228.4,226.4,228.3,260167
2017-11-29,227.3,228.6,226.1,227.5,339380
2017-11-30,227.6,227.6,225,226,322965
2017-12-01,225.9,225.9,223.5,223.6,253497
2017-12-04,224.6,225.5,224.1,225,158734
2017-12-05,226,226,224,225,369518
2017-12-06,223.1,225.5,222,225.3,370327
2017-12-07,225.5,226,223,223.6,501759
2017-12-08,223,226.1,222.7,226.1,487136
2017-12-11,224.3,226.4,224.1,225.4,488006
2017-12-12,225,226.2,224.4,226.2,148760
2017-12-13,226.2,226.3,223,225.7,580199
2017-12-14,226,226,222.6,224.6,246483
2017-12-15,225.7,225.7,222.5,224.7,290786
2017-12-18,223.5,226.7,223.5,224,348846
2017-12-19,227.2,227.2,224.8,224.8,913580
2017-12-20,226.4,227.4,223.8,224.7,320306
2017-12-21,225.5,225.9,223.8,225.4,224154
2017-12-22,226.9,226.9,224.3,224.3,111398
2017-12-27,225,226.9,223.8,226.5,99839
2017-12-28,225.7,227.3,225.3,227,154716
2017-12-29,225.5,226.7,225,226.7,43594
2018-01-02,226.5,227.5,224.5,226,218249
2018-01-03,226.5,227.5,225,225,147970
2018-01-04,227.5,229,227,229,236745
2018-01-05,227,231,227,230.5,1938774
2018-01-08,232,232,228.5,229.5,189764
2018-01-09,228,231,228,229.5,227179
2018-01-10,231,231,229,231,566002
2018-01-11,231.5,231.5,230,230,268873
2018-01-12,230,231.5,229.5,230,883141
2018-01-15,231.5,231.5,228.5,230,378420
2018-01-16,230.5,232,229.5,232,365419
2018-01-17,232,232,230,231.5,278444
2018-01-18,231,232,230,230.5,132012
2018-01-19,232,232.5,229.5,231.5,442499
2018-01-22,231,233,230,232.5,417179
2018-01-23,232,234,231.5,234,304259
2018-01-24,235,235,230.5,230.5,263998
2018-01-25,232,232.5,228.5,228.5,344168
2018-01-26,231.5,231.5,228.5,229,366345
2018-01-29,231.5,232.5,229,229.5,116988
2018-01-30,229.5,230.5,227.5,228.5,752228
2018-01-31,227.5,231,227.5,229,493759
2018-02-01,230,230,228,228,259112
2018-02-02,228.5,228.5,224.5,224.5,567953
2018-02-05,223,224,221.5,222.5,616806
2018-02-06,216.5,220.5,215,219,1400610
2018-02-07,220.5,226.5,220.5,226.5,851620
2018-02-08,225,226,220,220.5,426616
2018-02-09,220,221.5,217.5,220,585961
2018-02-12,224.5,224.5,220.5,222,328632
2018-02-13,222,222.5,221.5,222.5,436809
2018-02-14,224.5,226.5,222.5,224,482374
2018-02-15,227,227,222,222,328035
2018-02-16,224,224,223,223,359012
2018-02-19,222.5,223,221,221.5,194773
2018-02-20,222.5,223,221,221,343958
2018-02-21,222,223,221,222.5,330691
2018-02-22,222,223.5,220.5,221.5,612380
2018-02-23,221.5,224,221.5,223,276846
2018-02-26,223.5,225,222.5,224.5,300815
2018-02-27,225,225,222,223,366736
2018-02-28,224,224,222,222,444549
2018-03-01,223,223,219.5,220,591779
2018-03-02,217,219.5,217,218.5,399865
2018-03-05,219.5,220.5,217.5,220.5,1046706
2018-03-06,220.5,222.5,220.5,221.5,468615
2018-03-07,221.5,223,221,222.5,271401
2018-03-08,223,224,221.5,224,559428
2018-03-09,224,225,223.5,225,338490
2018-03-12,226.5,227,223.5,226,404601
2018-03-13,226,226.5,222,222,175197
2018-03-14,222,223,221,221,952658
2018-03-15,221,221,219.5,220.5,1422353
2018-03-16,219.5,221,217.5,220,809553
2018-03-19,217.5,220,215,215,257726
2018-03-20,216,217.5,214,215.5,886473
2018-03-21,216.5,217,214.5,215,382372
2018-03-22,213.5,213.5,205,205,602125
2018-03-23,205.5,206,200,204,829761
2018-03-26,204.5,207,201.5,202.5,393941
2018-03-27,208.5,208.5,205,207,1056341
2018-03-28,208,208,204.5,205.5,273756
2018-03-29,208.5,209.5,207.5,209.5,854117
2018-04-03,208,209,206,207,436418
2018-04-04,206,206,202.5,203,492204
2018-04-05,206.5,208,206.5,208,539250
2018-04-06,206.5,208.5,206.5,207,452968
2018-04-09,208.5,209,207.5,207.5,398217
2018-04-10,208.5,210.5,208,210,816147
2018-04-11,209,209.5,208,209,236697
2018-04-12,210,210,207.5,207.5,214634
2018-04-13,206,208,206,207.5,624928
2018-04-16,206,209,204,205,1511563
2018-04-17,205,208.5,205,207.5,442618
2018-04-18,207.5,209.5,207.5,209,732963
2018-04-19,211,212,209,209.5,414251
2018-04-20,208,212,208,211.5,428138
2018-04-23,211,213,211,212.5,342438
2018-04-24,212,213.5,211,211.5,357425
2018-04-25,210,210,208,209,303291
2018-04-26,210,211,209,211,350469
2018-04-27,212.5,212.5,210,212,1124806
2018-04-30,211.5,214.5,211.5,213.5,1119018
2018-05-01,212,215,212,214.5,758319
2018-05-02,214.5,218,214.5,218,708515
2018-05-03,216,218,216,216.5,722264
2018-05-04,216.5,219,216.5,219,491334
2018-05-08,217,218.5,216,218.5,259103
2018-05-09,219.5,220,218.5,220,638948
2018-05-10,219.5,221,218,220.5,281817
2018-05-11,222,222.5,220,222.5,545845
2018-05-14,220.5,222.5,220.5,221.5,483713
2018-05-15,222.5,222.5,220.5,222.5,554569
2018-05-16,222.5,223,221.5,222,518803
2018-05-17,221,224,221,223.5,428880
2018-05-18,223,223.5,222.5,223,1374470
2018-05-21,224.5,226.5,223.5,226,473122
2018-05-22,225.5,226,225,225.5,920500
2018-05-23,223.5,224.5,221.5,221.5,201456
2018-05-24,223,223.5,221.5,222.5,703615
2018-05-25,223.5,226,221,221.5,3189629
2018-05-29,220,221,214.5,214.5,1501023
2018-05-30,217,217.5,215.5,216,2026169
2018-05-31,218,219,215.5,216,802863
2018-06-01,219,219.5,218,218.5,551889
2018-06-04,218.5,220,218.5,220,673573
2018-06-05,221,222,218.5,219.5,826050
2018-06-06,221,222,219,220.5,225635
2018-06-07,220.5,222.5,220,221,898783
2018-06-08,220,221.5,217,221.5,688709
2018-06-11,222,223,219,222,338127
2018-06-12,222.5,223,220.5,223,658177
2018-06-13,223.5,225,222.5,224.5,607709
2018-06-14,222.5,224.5,222,223,493189
2018-06-15,223,224.5,222,222.5,519163
2018-06-18,220,222,220,221,267883
2018-06-19,217.5,220.5,217,219.5,311039
2018-06-20,219.5,224,219,221.5,430658
2018-06-21,222,222,218,218.5,387459
2018-06-22,218,222.5,218,222,224025
2018-06-25,221,223.5,219.5,219.5,301884
2018-06-26,218.5,220,217.5,218.5,451066
2018-06-27,218,224,218,224,804118
2018-06-28,222,223,220,221,277002
2018-06-29,222.5,223.5,221.5,223.5,698046
2018-07-02,221,222,219.5,220,437400
2018-07-03,221.5,225,221,225,869431
2018-07-04,224,225,222,225,175086
2018-07-05,224.5,224.5,219,223.5,492333
2018-07-06,223.5,225,223,223,299453
2018-07-09,220,227,220,227,584878
2018-07-10,227,228,225.5,226,200487
2018-07-11,222,224.5,222,223.5,422018
2018-07-12,224,226.5,223,226.5,2526140
2018-07-13,226.5,227,225.5,225.5,293624
2018-07-16,225.5,227.5,224.5,226.5,221362
2018-07-17,225.5,228.5,225.5,228,804810
2018-07-18,229,230.5,228.5,230.5,2576186
2018-07-19,231.5,231.5,228.5,230.5,188058
2018-07-20,230,231.5,228.5,231.5,649716
2018-07-23,230.5,231.5,230,231,596660
2018-07-24,232.5,233.5,231,232.5,264951
2018-07-25,232.5,234,231.5,232.5,646052
2018-07-26,232.5,234,231,234,230565
2018-07-27,234,239,233,239,349197
2018-07-30,235.5,238,234,236.5,828152
2018-07-31,236,236,234.5,234.5,1547398
2018-08-01,234.5,235.5,234,235.5,550251
2018-08-02,235.5,235.5,232,233,347309
2018-08-03,232.5,235.5,232.5,234,305611
2018-08-06,234,236,234,234.5,319621
2018-08-07,234,236.5,234,235,926547
2018-08-08,234,238,234,236.5,427309
2018-08-09,237,237.5,235.5,237,493345
2018-08-10,236,236,232,232,456248
2018-08-13,229,232,229,232,255428
2018-08-14,232,233.5,231.5,232,254686
2018-08-15,234,234,229,229,253037
2018-08-16,229,232,229,229,449679
2018-08-17,231,231,229,229,688326
2018-08-20,229,234,229,231,452476
2018-08-21,230,234.5,229.5,234.5,182875
2018-08-22,232,235,232,233.5,276723
2018-08-23,233,235.5,233,235,301162
2018-08-24,233.5,235,233.5,234,245511
2018-08-28,233,238,233,237,588742
2018-08-29,236.5,237.5,236,237.5,962351
2018-08-30,235.5,237,234,236.5,348114
2018-08-31,236.5,236.5,234,235,317192
2018-09-03,235.5,238,235,238,200088
2018-09-04,238,238.5,233.5,234.5,342274
2018-09-05,234,235,229,229.5,630744
2018-09-06,232.5,232.5,227.5,227.5,560446
2018-09-07,227.5,227.5,223.5,226.5,737745
2018-09-10,226.5,228.5,224.5,227.5,444227
2018-09-11,226,228.5,225.5,226,227352
2018-09-12,226.5,230.5,226.5,230.5,728486
2018-09-13,230,232,228.5,231.5,1546133
2018-09-14,230.5,232,229,230,277793
2018-09-17,231.5,232.5,229,229.5,242602
2018-09-18,232,232,229.5,231.5,362241
2018-09-19,230.5,231,227.5,230.5,485540
2018-09-20,232,232,229.5,231,379178
2018-09-21,233,235,232,235,337281
2018-09-24,231.5,234,231.5,233,77430
2018-09-25,233.5,235.5,231.5,235.5,682457
2018-09-26,234,234,233,233.5,226388
2018-09-27,235,236.5,232.5,234.5,246616
2018-09-28,230.5,235.5,230.5,234.5,349217
2018-10-01,236,236,232.5,234.5,301735
2018-10-02,234,235.5,232.5,233,442313
2018-10-03,234,234.5,232.5,234,828680
2018-10-04,233,233,231.5,232,299857
2018-10-05,232,233.5,228.5,229.5,567319
2018-10-08,230.5,230.5,228,229,355487
2018-10-09,227.5,227.5,224,224.5,630865
2018-10-10,226,226,220.5,221,479032
2018-10-11,216,219.5,216,218,820364
2018-10-12,217,220,217,217.5,461736
2018-10-15,217.5,218,216,217,341462
2018-10-16,217,221,216,220.5,568581
2018-10-17,221.5,221.5,218.5,220,300610
2018-10-18,219.5,220,219,219.5,430364
2018-10-19,220,220,217,219,239967
2018-10-22,218,221,218,219.5,318321
2018-10-23,217,218,213.5,214,750832
2018-10-24,215,217.5,214.5,214.5,203710
2018-10-25,214.5,217,212.5,215.5,296298
2018-10-26,213.5,214.5,212.5,212.5,482869
2018-10-29,214.5,218,214.5,215,509259
2018-10-30,214.5,216.5,214.5,215.5,166841
2018-10-31,217.5,220,217,219.5,783080
2018-11-01,218.5,221.5,217.5,217.5,406212
2018-11-02,221,221,217.5,217.5,221100
2018-11-05,217.5,219.5,216.5,218.5,934247
2018-11-06,218,218,215,215,129469
2018-11-07,218,218.5,216.5,217.5,321189
2018-11-08,217,219,215,219,231544
2018-11-09,216,217,215,216,286625
2018-11-12,215.5,218,213.5,213.5,398289
2018-11-13,214,216.5,214,216.5,157598
2018-11-14,218.5,218.5,213,214,167216
2018-11-15,216.5,217,213.5,216,799406
2018-11-16,216.5,218,214,218,2150631
2018-11-19,217.5,217.5,214,216,283135
2018-11-20,215,215,211,211.5,272503
2018-11-21,212.5,216,212.5,216,399806
2018-11-22,216.5,217,211.5,211.5,125716
2018-11-23,213,213.5,211.5,212,144259
2018-11-26,215.5,217,214,216,167264
2018-11-27,216,216,213,214.5,352308
2018-11-28,215.5,215.5,214,215.5,168997
2018-11-29,217,218,215,217,260507
2018-11-30,218.5,218.5,214.5,217,659561
2018-12-03,220.5,221,218.5,219.5,661227
2018-12-04,217,219.5,217,217.5,305973
2018-12-05,214,217,214,215.5,562821
2018-12-06,217,217,209.5,211,782924
2018-12-07,209.5,212,209.5,211,383012
2018-12-10,211.5,213.5,209,210,341936
2018-12-11,209.5,213,209.5,212,253442
2018-12-12,213,216,213,214.5,180140
2018-12-13,218,218,213,213.5,524691
2018-12-14,210.5,213,209.5,211,250209
2018-12-17,212.5,212.5,209.5,210,542177
2018-12-18,208.5,212.5,207,210,228731
2018-12-19,209,213,209,212.5,438345
2018-12-20,211.5,211.5,207,209,660436
2018-12-21,207,208,205,208,770804
2018-12-24,210,210,204.5,205.5,40143
2018-12-27,206,206,202,202,169452
2018-12-28,206,207,205,205.5,210585
2018-12-31,206.5,208,206,207,218265
2019-01-02,203.5,209,203,209,160088
2019-01-03,208.5,209,207.5,208,527162
2019-01-04,209.5,212,208.5,212,483409
2019-01-07,213,213,210.5,212,305824
2019-01-08,212.5,214.5,210.5,213.5,255889
2019-01-09,214,217.5,214,217.5,555554
2019-01-10,217.5,220,216.5,219,785993
2019-01-11,217,220.5,217,219,535313
2019-01-14,218,218,213,214.5,526741
2019-01-15,220,220,213.5,214.5,412532
2019-01-16,215,215,213,214.5,372264
2019-01-17,214,216,212,216,514063
2019-01-18,217,220,216.5,220,250762
2019-01-21,221,221,218,218,178838
2019-01-22,219.5,219.5,215,215,197879
2019-01-23,213,215.5,213,215,301864
2019-01-24,213,217,213,214.5,435398
2019-01-25,215.5,217.5,215,215.5,195289
2019-01-28,215.5,215.5,212.5,214,184054
2019-01-29,212,216,211.5,216,308247
2019-01-30,217,218.5,215,218,752856
2019-01-31,220,220,214.5,215,430055
2019-02-01,216,219,216,217,699281
2019-02-04,217.5,220,217,217,281272
2019-02-05,215.5,222.5,215.5,222,535462
2019-02-06,221.5,222,220.5,222,280515
2019-02-07,221.5,223,219.5,220,979175
2019-02-08,220,220,218.5,218.5,681011
2019-02-11,219.5,222.5,219.5,220.5,298407
2019-02-12,221.5,222.5,221,221.5,857194
2019-02-13,221.5,223.5,221.5,223.5,413490
2019-02-14,224,224,222,223,505843
2019-02-15,221.5,225.5,221.5,224.5,363921
2019-02-18,225.5,227,225,226.5,502687
2019-02-19,227.5,227.5,224.5,224.5,382285
2019-02-20,223.5,225,223,225,471698
2019-02-21,225,226.5,224,225,573523
2019-02-22,225.5,225.5,223,223,522354
2019-02-25,226,226,224,225.5,404700
2019-02-26,223,225,222.5,223,367042
2019-02-27,223,223,220.5,221,324026
2019-02-28,221.5,224,220,223.5,726712
2019-03-01,223,226,223,226,778784
2019-03-04,226.5,226.5,224.5,226,253063
2019-03-05,227,227,224,226,577981
2019-03-06,224.5,226,223,223,720820
2019-03-07,223,225,222.5,223.5,787945
2019-03-08,222,222.5,220.5,222,632345
2019-03-11,224,224,222,222,376060
2019-03-12,224,224,221.5,223,241576
2019-03-13,223,223,222,223,353367
2019-03-14,223,225.5,223,224,422205
2019-03-15,223,227.5,223,226.5,891838
2019-03-18,226,228,226,228,516971
2019-03-19,227.5,229,225.5,229,247372
2019-03-20,225.5,228.5,225.5,228.5,638583
2019-03-21,227,231.5,227,231,373953
2019-03-22,229.5,230,221.5,222,582958
2019-03-25,222,224,221.5,222.5,424737
2019-03-26,222,224.5,221.5,222.5,400782
2019-03-27,224,224.5,222,222.5,817669
2019-03-28,218,220,218,218,587063
2019-03-29,219,222.5,218,222,703212
2019-04-01,220.5,223.5,220.5,223.5,749220
2019-04-02,222,225.5,222,225.5,339710
2019-04-03,224.5,226,223,226,446464
2019-04-04,225.5,225.5,224,224,417881
2019-04-05,224,227.5,224,226,2454827
2019-04-08,226,227,225,225.5,478567
2019-04-09,224.5,227,224.5,227,959883
2019-04-10,226,227.5,226,226.5,279486
2019-04-11,227,227.5,226,227,174302
2019-04-12,227,228,227,228,502469
2019-04-15,228,229,228,229,318935
2019-04-16,229,229.5,228,229.5,302304
2019-04-17,230,232,230,231.5,654108
2019-04-18,231.5,232.5,230,231.5,416327
2019-04-23,232.5,232.5,230,231.5,511357
2019-04-24,231,233,231,232,524077
2019-04-25,233,233,230,230.5,315927
2019-04-26,229.5,231.5,229.5,230.5,229273
2019-04-29,230,234,230,234,667387
2019-04-30,234,234,231.5,233.5,452198
2019-05-01,232.5,233.5,232.5,233.5,582000
2019-05-02,232.5,233.5,230.5,231.5,554184
2019-05-03,230,232,230,231,516430
2019-05-07,233,233,228,228,383946
2019-05-08,228,229.5,228,229,446864
2019-05-09,227,227.5,226,226,329060
2019-05-10,228,228.5,227,227.5,381498
2019-05-13,228,228,225,225.5,268553
2019-05-14,227,229,225,228.5,262976
2019-05-15,229.5,231,227.5,231,173565
2019-05-16,231,234.5,230.5,234.5,477035
2019-05-17,235,235,232.5,234,359276
2019-05-20,235,235.5,234,235.5,466170
2019-05-21,233.5,240,233.5,239,1109341
2019-05-22,239,241,237.5,238,995498
2019-05-23,237.5,239,234,234.5,304848
2019-05-24,233.5,240,233.5,239.5,355627
2019-05-28,240,240,238,239,349509
2019-05-29,237,237,235,235,790250
2019-05-30,235.5,236.5,235,236.5,930963
2019-05-31,234,237.5,234,237.5,270390
2019-06-03,234,237,232.5,237,232913
2019-06-04,237,239,236.5,238.5,777174
2019-06-05,238.5,240.5,238,238.5,294280
2019-06-06,238,239.5,238,239,380360
2019-06-07,237.5,242,237.5,242,569261
2019-06-10,244.5,244.5,243,244,593790
2019-06-11,245,247,243.5,245.5,457109
2019-06-12,244.5,245,242.5,245,632326
2019-06-13,242.5,244,242.5,243.5,426487
2019-06-14,243,244,242.5,242.5,339169
2019-06-17,243,245,243,243.5,255729
2019-06-18,242.5,248.5,242.5,247,524543
2019-06-19,248,249,246,246,1633199
2019-06-20,248.5,249.5,248,249.5,380309
2019-06-21,249.5,251,249,250.5,969087
2019-06-24,250,250.5,249.5,250,458828
2019-06-25,248,250,248,249.5,248756
2019-06-26,249.5,250,249,250,385917
2019-06-27,251,251,248.5,249,534025
2019-06-28,250.5,251,249,250.5,240454
2019-07-01,250.5,254,250.5,252,453172
2019-07-02,253,254,251.5,253,1068276
2019-07-03,253,258,253,257.5,323447
2019-07-04,257.5,257.5,256,257,315521
2019-07-05,258,258,254,255,397283
2019-07-08,254.5,255,254,254,1428207
2019-07-09,253.5,254,253,253.5,465913
2019-07-10,253,254.5,253,253.5,344723
2019-07-11,253.5,254,252,252,546575
2019-07-12,254.5,254.5,252,252.5,410493
2019-07-15,252.5,253.5,252.5,253.5,265796
2019-07-16,253.5,254.5,252.5,254,316138
2019-07-17,254,254.5,253.5,254,401484
2019-07-18,253,253,250,253,418776
2019-07-19,251.5,254.5,251.5,254.5,2224906
2019-07-22,253,254,253,253.5,479389
2019-07-23,254,257,253.5,256.5,707835
2019-07-24,256.5,256.5,254,254,683217
2019-07-25,256,256,254,254,712494
2019-07-26,256,256,254,254,362020
2019-07-29,255.5,257,254.075,256,965486
2019-07-30,257.5,257.5,253,253,614427
2019-07-31,254,255.85,252.7,253,385017
2019-08-01,251,254.69,251,254,577947
2019-08-02,251.5,251.65,249.5,249.5,450383
2019-08-05,246,246.95,244.5,244.5,598382
2019-08-06,247,248.411,243.5,243.5,442103
2019-08-07,244,247.5,243.72,246,338757
2019-08-08,247.5,284.46,247.5,249.5,363216
2019-08-09,248,253.75,248,250.5,376330
2019-08-12,253,253.5,248.5,249.5,481017
2019-08-13,249.5,251,247,249.5,648539
2019-08-14,251,251.748,243.5,243.5,467527
2019-08-15,244.5,245,240.024,241.5,428722
2019-08-16,244,245.5,241.5,245.5,409337
2019-08-19,245,247.5,245,247,267741
2019-08-20,249,249.225,246,246,408386
2019-08-21,245.5,248.5,245.5,247.5,221103
2019-08-22,248.5,248.5,246,247,407018
2019-08-23,248.5,248.5,246,246.5,725036
2019-08-27,247,248,245,247,207791
2019-08-28,245.5,247.5,243.5,245,381494
2019-08-29,243,248,243,246.5,460954
2019-08-30,246.5,249.693,246.5,248,293163
2019-09-02,248,251.45,248,250.5,203578
2019-09-03,251.5,252.5,249.5,251,308002
2019-09-04,253,253.5,251.402,252,400313
2019-09-05,252.5,254.5,251,251,337740
2019-09-06,254,254,251.98,252,259160
2019-09-09,253,254,251.688,252,294146
2019-09-10,252,252,248.22,250,196530
2019-09-11,253,253,250.5,251,329108
2019-09-12,251,252.489,250.078,250.5,695004
2019-09-13,254,254,251,251.5,386832
2019-09-16,251,251,247,247.5,633545
2019-09-17,247,248.5,246.5,246.5,265402
2019-09-18,249.5,250,247,247,197632
2019-09-19,250,250.44,247.5,250,4192054
2019-09-20,251,251,248,249.5,344923
2019-09-23,249.5,249.5,247,249.5,405685
2019-09-24,247.5,249.25,247.5,248,410771
2019-09-25,247,247.615,246,246.5,198440
2019-09-26,247,247,244.72,246,1772099
2019-09-27,248.5,249,245.8,247,337587
2019-09-30,247,247.9,246,246.5,244709
2019-10-01,247,248.5,246.5,246.5,761439
2019-10-02,244,246.5,240,240,440661
2019-10-03,240,242.7,237,237.5,266317
2019-10-04,241.5,242.45,239.44,242,193920
2019-10-07,243,243,239.948,242,343845
2019-10-08,242,244,242,242.5,813851
2019-10-09,244.5,244.5,242.05,243,273160
2019-10-10,243,245.675,242.5,242.5,507604
2019-10-11,243,243.9,240.169,242.5,645880
2019-10-14,242.5,244,240.169,243.5,212832
2019-10-15,244.5,245,243.113,244,518188
2019-10-16,244,248,243.01,248,1277613
2019-10-17,247.5,249.5,246.5,247.5,808204
2019-10-18,248,248.25,245.837,247,656617
2019-10-21,245,247,245,246.5,351346
2019-10-22,246.5,254.4,245,245.5,627352
2019-10-23,245,245.338,243.673,245,442419
2019-10-24,245.5,248.108,244.76,247,1901039
2019-10-25,245.5,249,245.5,249,249107
2019-10-28,246,250,246,250,221608
2019-10-29,247,250,247,249,524457
2019-10-30,247,251,247,251,594994
2019-10-31,250,250.699,249,249,366318
2019-11-01,249,252.5,249,252.5,583300
2019-11-04,253,255.5,252,255.5,938512
2019-11-05,255.5,255.5,252.5,253,593981
2019-11-06,252.5,254,251.5,253.5,499179
2019-11-07,255.5,256.94,253.656,256.5,436836
2019-11-08,256,257.5,254,254.5,500220
2019-11-11,254,254.37,252.01,252.5,593448
2019-11-12,255,255,253.5,253.5,1028903
2019-11-13,253.5,254.685,252.5,253.5,446589
2019-11-14,252,253.746,252,253,182215
2019-11-15,253.5,254.246,252.675,254,354346
2019-11-18,252,253.745,252,253.5,322422
2019-11-19,254,256.5,252.625,253,436265
2019-11-20,253,253.5,251.5,253,507682
2019-11-21,253,253,251,252,302584
2019-11-22,251.5,255,251.5,254.5,299940
2019-11-25,255,256.5,253.275,254.5,924940
2019-11-26,256.5,256.5,254.25,256,601143
2019-11-27,257,257,254.555,255,397486
2019-11-28,254.5,255.5,253.5,254.5,339720
2019-11-29,255.5,255.5,253,254,635921
2019-12-02,253.5,255.5,250.754,252.5,618610
2019-12-03,251.5,251.5,246.5,249,422670
2019-12-04,246.5,250.4,246.5,249.5,573485
2019-12-05,250.5,250.5,249,250,325790
2019-12-06,250.5,251.5,249,251,492211
2019-12-09,251.5,251.5,248.636,250,816882
2019-12-10,249.5,250.1,245.672,248,1554858
2019-12-11,249,249,246.5,248.5,773742
2019-12-12,249,251.5,247.5,251.5,377580
2019-12-13,251.5,256,248,251,886134
2019-12-16,253,255,252.5,254.5,919894
2019-12-17,254.5,257.5,253.5,257.5,668202
2019-12-18,257,257,254.5,255.5,612216
2019-12-19,256.5,257,255.165,257,759821
2019-12-20,257,258,256,258,501847
2019-12-23,258.5,261,257.86,260,376888
2019-12-24,262,266,261.125,263,145502
2019-12-27,266,266,261.5,263.5,429443
2019-12-30,263.5,264.5,260,261.5,258885
2019-12-31,261.5,261.5,259.5,260,127330
2020-01-02,263.5,263.67,260,261.5,477785
2020-01-03,261.5,262.5,258.5,262.5,387275
2020-01-06,260,261,256.77,259,720618
2020-01-07,261,261.75,259,261,297486
2020-01-08,258,261.262,258,261,258151
2020-01-09,264,265.747,262,262,466156
2020-01-10,264.5,264.5,262,262,869213
2020-01-13,264.5,267,262.5,264.5,966173
2020-01-14,267,267,262,264.5,656029
2020-01-15,263.5,266.5,263.5,265,893501
2020-01-16,267,267,264.5,266,807060
2020-01-17,265,268.79,265,267.5,889053
2020-01-20,268,269,267.473,268.5,309877
2020-01-21,268.5,268.5,265,265.5,417526
2020-01-22,265.5,268,265,266,870775
2020-01-23,267.5,267.5,262,263,363457
2020-01-24,265,266.5,262.8,266,848320
2020-01-27,263.5,263.5,258.5,258.5,497622
2020-01-28,262,263,259,262.5,964371
2020-01-29,262,264,262,262,1507287
2020-01-30,262,262.95,258.5,259.5,458961
2020-01-31,261,261.108,254,254,377565
2020-02-03,253.5,259.6,253.5,259,899240
2020-02-04,260.5,264.5,259.259,264.5,617841
2020-02-05,264,268.5,263.23,268.5,394241
2020-02-06,269,269.5,267.5,269.5,349931
2020-02-07,269,269,266.18,268,256148
2020-02-10,265,269.5,265,268,445271
2020-02-11,267,270.5,267,268.5,451119
2020-02-12,270,271.277,266.18,269.5,561454
2020-02-13,268,271.728,265.5,267,291879
2020-02-14,266.5,269,266.5,267.5,756359
2020-02-17,269,270.5,267.5,269.5,395078
2020-02-18,264.5,268.5,264.5,268,1182392
2020-02-19,270.5,271.5,269.12,271.5,444110
2020-02-20,272.5,272.5,271,272,399742
2020-02-21,269.5,271.219,268.925,270,491176
2020-02-24,267.5,267.5,257.5,259.5,652689
2020-02-25,261,265,253,253,865139
2020-02-26,252,258,247.9,256,756638
2020-02-27,250.5,254.5,246,248,831578
2020-02-28,247,247,233,240,2201396
2020-03-02,241,253.964,239.5,244.5,789057
2020-03-03,250,259,245,250,846851
2020-03-04,250,257,250,254.5,574324
2020-03-05,253,255.125,247.5,249.5,558244
2020-03-06,249,249,237.665,242,624502
2020-03-09,224,230.5,219.338,226.5,892887
2020-03-10,233,239.765,225,226.5,692091
2020-03-11,225,228.5,222.5,224,375237
2020-03-12,219,219,198.2,202,772085
2020-03-13,207.5,223,204,207.5,1273067
2020-03-16,197.6,198.549,183.844,196.2,1466994
2020-03-17,202,202,188,193,1638704
2020-03-18,185,187.4,177.4,187.4,1367936
2020-03-19,187.8,191.2,182.49,190,1823703
2020-03-20,196.2,207.5,196.188,206.5,1222871
2020-03-23,199,200,193,194.8,893313
2020-03-24,203,211.5,201.35,211.5,687203
2020-03-25,213,222.246,213,219,961250
2020-03-26,217,223,212.237,222,707407
2020-03-27,222,222,211,211,585119
2020-03-30,212.5,221.3,209,212,633472
2020-03-31,215.5,222.768,209,216.5,788989
2020-04-01,214,214,207.5,211,1554900
2020-04-02,212.5,214,206.94,214,602370
2020-04-03,209,214.5,208,212,499652
2020-04-06,215,219,213.725,218,822657
2020-04-07,225,229,221.667,226.5,864299
2020-04-08,223,227.382,221,226,995359
2020-04-09,224.5,232,221,229,836032
2020-04-14,233,233,225.5,227.5,681423
2020-04-15,226,227.2,221,223,845950
2020-04-16,223,226.5,220,224.5,489139
2020-04-17,230,230.595,226.5,229,500149
2020-04-20,233,233,227.72,228,658110
2020-04-21,228.5,228.5,223.634,224.5,995468
2020-04-22,226,229.825,224.516,229.5,369338
2020-04-23,230.5,230.5,226.5,227,346144
2020-04-24,227,228.472,224.5,224.5,365514
2020-04-27,227,232.715,227,229.5,261214
2020-04-28,229,236.095,228.5,236,397388
2020-04-29,235,239.3,232.66,238,848051
2020-04-30,238.5,238.86,233,233.5,2134628
2020-05-01,231,232,227,229,446921
2020-05-04,228,230.625,226.323,226.5,372023
2020-05-05,227,232.5,227,229,462042
2020-05-06,230,233.06,228.5,228.5,365613
2020-05-07,230.5,233.5,229.5,231.5,381217
2020-05-11,231,235.25,229.5,232.5,766743
2020-05-12,231.5,235.39,231,234.5,1156730
2020-05-13,231,234.89,230.5,230.5,292313
2020-05-14,231,231.9,222.5,224,673045
2020-05-15,227,230.175,225.5,227.5,504289
2020-05-18,232,238.5,232,238.5,1841508
2020-05-19,238.5,240.5,236,237,726467
2020-05-20,238,240.79,236,239.5,438285
2020-05-21,240.5,241,237.5,239.5,334329
2020-05-22,235,240,233.884,239,300523
2020-05-26,241,247.822,241,247.5,646754
2020-05-27,249,249.5,245.5,246.5,579025
2020-05-28,246,250.5,246,250,490620
2020-05-29,247,250.5,247,250,355632
2020-06-01,254,255,249.734,252.5,245078
2020-06-02,253,256,251,252.5,485376
2020-06-03,256.5,258,255,256.5,667381
2020-06-04,258,258,255.5,255.5,676825
2020-06-05,259.5,261.5,258.25,261.5,406823
2020-06-08,259,261.014,257.5,257.5,483593
2020-06-09,261,261,254.149,254.5,363710
2020-06-10,254.5,257.62,254.5,256.5,512008
2020-06-11,253,254.375,250.85,252,679661
2020-06-12,250,254,247,250.5,430842
2020-06-15,243,253.5,242.743,246.5,666005
2020-06-16,248.5,255.5,248.5,251.5,280516
2020-06-17,251,257.5,251,257.5,302232
2020-06-18,255.5,259.297,254.844,258.5,804038
2020-06-19,259.5,264,258,263,728613
2020-06-22,260,263,257.228,259,357621
2020-06-23,263,265.5,260.7,264.5,653629
2020-06-24,262,263.5,257.5,257.5,679781
2020-06-25,256.5,259,252.65,259,270574
2020-06-26,260.5,263.237,258.085,261.5,279856
2020-06-29,264,264,258.02,263.5,487068
2020-06-30,264,264,260,260,598354
2020-07-01,261,263.736,259,261,417104
2020-07-02,262.5,267,262.5,264,745717
2020-07-03,269,269,264,264,606849
2020-07-06,266.5,270.5,266.5,270,709916
2020-07-07,268.5,268.5,264,264.5,216061
2020-07-08,262,266.5,262,264,346779
2020-07-09,268.5,268.5,262,262,464243
2020-07-10,260,265.5,260,262,387131
2020-07-13,264.5,269,264.5,269,660516
2020-07-14,264,268,264,267,617096
2020-07-15,269,271.63,268.5,269.5,552126
2020-07-16,266.5,271,266.5,269,431958
2020-07-17,266,272,266,269.5,287454
2020-07-20,270.5,272,267.5,271,272406
2020-07-21,272,277,271.275,273.5,650739
2020-07-22,273.5,277,270.5,270.5,309008
2020-07-23,272,276.5,271.5,271.5,383120
2020-07-24,268,269.833,266.5,267,504235
2020-07-27,267,269,265.477,266,500626
2020-07-28,271,271,265.5,267,1101404
2020-07-29,267,268.35,264,267,395289
2020-07-30,269,269,258.5,258.5,402623
2020-07-31,262.5,262.5,255,255,474252
2020-08-03,258.5,261,254.21,260,735418
2020-08-04,262,264.5,259,264.5,336501
2020-08-05,261.5,265,261.5,264,1905573
2020-08-06,258.5,264.5,258,261,1760228
2020-08-07,260,262.5,259.693,261,643797
2020-08-10,264.5,264.5,259.5,262,397511
2020-08-11,260,267,260,266.5,572351
2020-08-12,264,270.94,264,270.5,423324
2020-08-13,269,270.5,267.864,269,356845
2020-08-14,266.5,268.616,263.5,265,544154
2020-08-17,263.5,267,263.5,267,319018
2020-08-18,263.5,267.5,262,265.5,236129
2020-08-19,265,266,263.9,265,370896
2020-08-20,266,266,263,264.5,573901
2020-08-21,264,265,261,264,524405
2020-08-24,265,268.5,261.49,267.5,466792
2020-08-25,270,270,266,267,488503
2020-08-26,267,268.187,265.5,267,820661
2020-08-27,266,268.095,265.5,268,299105
2020-08-28,266.5,267.5,264,266,571555
2020-09-01,264,266,261,263,635649
2020-09-02,264.5,266.5,261.775,265,304029
2020-09-03,264.5,269,263,263,398583
2020-09-04,262,264.5,258.43,258.5,407196
2020-09-07,260,265.5,258.88,264,305465
2020-09-08,266,266,261.5,263.5,329273
2020-09-09,264.5,270.175,262.34,268,360688
2020-09-10,271,272,268.79,269.5,591290
2020-09-11,268.5,272,268.5,270.5,675626
2020-09-14,272,273.5,270.5,272,207851
2020-09-15,272,274,271,271.5,239474
2020-09-16,272,274,270,270,654315
2020-09-17,268.5,270.5,266.864,269.5,758759
2020-09-18,270,271,268,268.5,395922
2020-09-21,266.5,268.5,260.5,260.5,330111
2020-09-22,262,269.864,261,261.5,495189
2020-09-23,264.5,267,261.05,262,305808
2020-09-24,260.5,260.5,255.5,255.5,390935
2020-09-25,258.5,258.5,255,256,250092
2020-09-28,260,260.375,258,259.5,454115
2020-09-29,262,262,258.354,258.5,632909
2020-09-30,256.5,262,256.5,261,349206
2020-10-01,259,262.1,259,262,484181
2020-10-02,258.5,260.5,257.81,260.5,294634
2020-10-05,261,264,261,264,189727
2020-10-06,263,266.7,262.06,265,421066
2020-10-07,266.5,266.5,264,265.5,381697
2020-10-08,267,268,264.5,267,416249
2020-10-09,267,269,265,269,459341
2020-10-12,264.5,271.5,264.5,271,363513
2020-10-13,270.5,270.78,267.296,267.5,385814
2020-10-14,269.5,271.5,267,268,360292
2020-10-15,266,267,262,265.5,335724
2020-10-16,264.5,267.5,263.772,267,453159
2020-10-19,267,268.5,265.775,267,346314
2020-10-20,268,268.5,265,267,226749
2020-10-21,266,268.1,260.925,261,338008
2020-10-22,260.5,261.5,258,260.5,511970
2020-10-23,262,265,260,264.5,790648
2020-10-26,259.5,265,256,257,315202
2020-10-27,259,259,254,254,427411
2020-10-28,250.5,251.56,246,247,715754
2020-10-29,247,248.776,245.255,245.5,732028
2020-10-30,245,245.591,243.5,244,382952
2020-11-02,244.5,250,243.5,247.5,1233761
2020-11-03,249,252.5,249,251.5,473962
2020-11-04,247.5,259,247.5,258.5,366969
2020-11-05,260,264,260,264,582175
2020-11-06,262.5,264.5,260.5,263,714745
2020-11-09,266,275,265.05,274,731065
2020-11-10,274,274,267.5,272,601639
2020-11-11,272,273,270,273,909952
2020-11-12,272.5,273.5,270.169,273.5,947568
2020-11-13,271,273.5,271,272,780987
2020-11-16,273,277,272.5,276.5,761502
2020-11-17,275.5,275.878,269,270,843443
2020-11-18,272.5,273.35,271.23,272.5,720251
2020-11-19,272,273,270.32,273,367923
2020-11-20,273.5,274.14,271,271.5,349266
2020-11-23,273,273.96,268.5,271,472287
2020-11-24,272.5,272.818,270,272,668056
2020-11-25,272,272.65,270,271,715823
2020-11-26,275,275,270.5,271.5,620540
2020-11-27,273,275,270.5,275,1234460
2020-11-30,273,276.5,270.5,273,654951
2020-12-01,274.5,276,272.196,276,937331
2020-12-02,274.5,277.5,274.5,277.5,936059
2020-12-03,277.5,277.657,274.643,277.5,930339
2020-12-04,275,279.5,275,279.5,611727
2020-12-07,279.5,281.5,278,279,990994
2020-12-08,279,279.5,277,279.5,711791
2020-12-09,281.5,281.5,277.5,279,830259
2020-12-10,281,282.5,279,282,746357
2020-12-11,279.5,282,279,280,362645
2020-12-14,281.5,281.5,278.5,280.5,176596
2020-12-15,280,281.5,278.5,279.5,825494
2020-12-16,280,281,279,280.5,1315611
2020-12-17,278.5,282,278.5,281.5,755545
2020-12-18,283,283,278.5,280,921276
2020-12-21,278,282,273.5,273.5,545453
2020-12-22,273,278,273,277,336083
2020-12-23,279,279.5,275.961,279.5,396785
2020-12-24,276,280,276,280,233819
2020-12-29,280.5,290.5,280.5,290,784987
2020-12-30,288.5,289.5,246.9,288.5,818572
2020-12-31,285,287,285,286,381480
2021-01-04,289,289.5,286.5,288,480617
2021-01-05,286.5,289,285,287.5,444438
2021-01-06,289.5,289.5,287,288,956395
2021-01-07,291.5,291.5,288,289,433154
2021-01-08,291.5,291.58,289.5,290,712729
2021-01-11,287.5,291.5,286.5,287,264237
2021-01-12,286,288,284,284.5,383672
2021-01-13,286.5,286.5,285,285.5,243757
2021-01-14,287.5,287.5,283.5,283.5,512725
2021-01-15,285,286,279,281.5,328874
2021-01-18,282.5,285,282,283.5,365692
2021-01-19,285.5,285.5,283,285.5,1301783
2021-01-20,283.5,285,283.37,283.5,1040166
2021-01-21,284.5,285.5,282.5,282.5,624194
2021-01-22,283.5,284.125,282,282.5,815585
2021-01-25,285,285.5,281.5,281.5,529228
2021-01-26,283.5,285,281,283,431568
2021-01-27,282,283,278,278,435285
2021-01-28,275.5,280.5,274.601,280.5,692748
2021-01-29,278,278,273.763,275,564523
2021-02-01,273,277.5,272.905,276.5,485241
2021-02-02,277,280,277,280,619865
2021-02-03,279.5,282.5,279,279,469721
2021-02-04,282,282,278.5,279,699503
2021-02-05,281,282,279,281,1530200
2021-02-08,280,283,280,282,392028
2021-02-09,281,283.5,281,282.5,474847
2021-02-10,283.5,283.5,279.625,281,324075
2021-02-11,280.5,281.5,279.626,280,820965
2021-02-12,282,283,280,283,735079
2021-02-15,285,285.5,282.736,285,617978
2021-02-16,286,286,282,283.5,712007
2021-02-17,281.5,281.753,278.5,278.5,874926
2021-02-18,277.5,279.5,275,275,668106
2021-02-19,277,278.5,275.5,276,383189
2021-02-22,275,275.5,272,272.5,669550
2021-02-23,275,275,267.5,270,674382
2021-02-24,270,272.5,268.5,270,520676
2021-02-25,272.5,273.25,269.5,270,503400
2021-02-26,266,271,266,266,1113498
2021-03-01,268,270.5,267.5,268.5,602025
2021-03-02,270,272,267.5,270,593068
2021-03-03,273,273,268.769,270,499304
2021-03-04,266.5,271,266.5,270,601555
2021-03-05,270.5,270.5,263.5,263.5,753802
2021-03-08,266,268,263.658,267.5,530941
2021-03-09,266.5,270.612,266,268.5,822906
2021-03-10,267.5,273.5,267.5,273.5,535063
2021-03-11,273.5,277,273,277,479474
2021-03-12,273.5,276,273.5,276,390443
2021-03-15,276,277,274.58,276,414951
2021-03-16,276,279,276,277,614461
2021-03-17,276,279.5,275.5,278,611318
2021-03-18,277,278.808,275.91,277,523785
2021-03-19,277.5,278,275.5,276,1065828
2021-03-22,276.5,279,274.865,278.5,492694
2021-03-23,278.5,278.5,276.13,277,436242
2021-03-24,275.5,279.5,274.5,279,497614
2021-03-25,275.5,277,273,274.5,713833
2021-03-26,276.5,277,274.574,276.5,561456
2021-03-29,277,278.5,274.574,278.5,497503
2021-03-30,278,279.35,277.5,279,475892
2021-03-31,279,280,277.5,280,423619
2021-04-01,280,281,276.459,278.5,511884
2021-04-06,281,284,280.55,282,512712
2021-04-07,283.5,287,283,286,598251
2021-04-08,283,290,283,290,473810
2021-04-09,291.5,293,290.5,292.5,426682
2021-04-12,292.5,293,290,291,480913
2021-04-13,293,293,288,292,998976
2021-04-14,292.5,293.5,290.5,293.5,326503
2021-04-15,295,295,292.5,294,533649
2021-04-16,295,296.5,294.69,296.5,462090
2021-04-19,295,298,294,295.5,620368
2021-04-20,295.5,297.5,289,289,929841
2021-04-21,293,293,290,292,400963
2021-04-22,293,297,293,296.5,782709
2021-04-23,295,297.5,294.77,296.5,1398701
2021-04-26,296,298,293.5,298,782276
2021-04-27,297.5,298.475,294.5,296,381700
2021-04-28,297,298.5,296.5,297,570896
2021-04-29,300,300,295.5,296,495034
2021-04-30,296,298,294.5,294.5,890197
2021-05-04,295,297.5,291,292,624665
2021-05-05,294,294.77,290.5,292.5,618275
2021-05-06,293,295.5,293,294,433811
2021-05-07,296.5,299.5,295.5,299,305680
2021-05-10,300,300,294.46,295,337149
2021-05-11,291,292.27,289.237,290,673324
2021-05-12,291.5,292,289.5,289.5,578689
2021-05-13,287,292,284.5,291,535798
2021-05-14,292,297,292,295.5,377304
2021-05-17,296.5,298,294,296,291930
2021-05-18,297.5,298.5,296,297,263786
2021-05-19,293,294,291,293,497806
2021-05-20,296,297,293.835,297,427394
2021-05-21,294,299,294,298.5,662363
2021-05-24,298.5,300,298.014,299,273444
2021-05-25,301,302.5,300,302,406286
2021-05-26,303,303,300.5,302.5,537384
2021-05-27,302.5,303,301,301.5,457953
2021-05-28,302.5,303,301,302,320652
2021-06-01,300.5,306,300.5,306,482014
2021-06-02,306,306,303.5,304,245261
2021-06-03,303,304.5,301,302,427473
2021-06-04,303.5,304.5,302,304.5,149982
2021-06-07,305,306,303.5,305.5,825928
2021-06-08,306.5,308,305.42,307.5,744162
2021-06-09,306,307.5,305.09,307,920920
2021-06-10,308,308,305,305,562507
2021-06-11,305,308.5,305,306.5,409278
2021-06-14,308.5,311,308,309,309278
2021-06-15,310.5,312,309.9,310.5,613282
2021-06-16,312.5,312.5,308.883,311,390113
2021-06-17,308,308,305.449,305.5,508882
2021-06-18,307,307.988,304,304,868816
2021-06-21,304,304.8,300.5,302,942402
2021-06-22,303,306,302,306,413478
2021-06-23,306,306,303.5,306,390903
2021-06-24,307,308.449,304.5,306.5,442352
2021-06-25,306.5,308.5,306.5,308.5,420518
2021-06-28,308.5,309.5,306,306,304621
2021-06-29,307.5,308.5,307,307,468739
2021-06-30,307.5,309,303.5,303.5,579715
2021-07-01,305,307,304.95,305,313764
2021-07-02,307,308,306,306,258360
2021-07-05,306,308.35,304.5,307.5,385765
2021-07-06,307,308.14,305.5,305.5,294945
2021-07-07,308.5,321,305.5,310.5,450391
2021-07-08,307,309,305.5,305.5,283507
2021-07-09,308,308.5,306.875,307,502482
2021-07-12,309,311,307.91,309.5,710121
2021-07-13,311,311.5,310.25,311,835850
2021-07-14,311,312.5,309.5,312.5,463865
2021-07-15,312,313.5,308.634,309.5,391294
2021-07-16,310,312.5,309,309,692048
2021-07-19,307,308.527,304,304.5,540429
2021-07-20,308.5,309.5,306,306,1020895
2021-07-21,307,310,307,308.5,653703
2021-07-22,310,311.5,308.92,310.5,339705
2021-07-23,311.5,315,310.33,313.5,197721
2021-07-26,313.5,315,312,312,177057
2021-07-27,311.5,314.5,310,310,694944
2021-07-28,310.5,312,310.1,310.5,247175
2021-07-29,311.5,314,310.25,311.5,642377
2021-07-30,310.5,314.5,309.5,313.5,241630
2021-08-02,315,318,314.154,317,264320
2021-08-03,316,318.5,314.5,318,651387
2021-08-04,319.5,319.5,317.879,318.5,646637
2021-08-05,319,322,318.746,320,365282
2021-08-06,320,321,319.5,319.5,369902
2021-08-09,319.5,322,317.5,321.5,634205
2021-08-10,322,322.45,320,320.5,295468
2021-08-11,322.5,323.5,321.379,323.5,358329
2021-08-12,322,326,320.729,326,673693
2021-08-13,326,327.5,324.9,325.5,240411
2021-08-16,325,326,323.5,323.5,321411
2021-08-17,323,327,323,327,439145
2021-08-18,326.5,327,325.285,326.5,442498
2021-08-19,323,324.5,319.763,323.5,445485
2021-08-20,323,326.975,322.5,325.5,217468
2021-08-23,327,328,325.5,325.5,305917
2021-08-24,327.5,328.5,325.5,326,469268
2021-08-25,326,327.96,325,325.5,619194
2021-08-26,324.5,325.7,324,325.5,645854
2021-08-27,324.5,328,324,328,147827
2021-08-31,328,330,326,327,386761
2021-09-01,328.5,331,327,331,333921
2021-09-02,327.5,331.5,327,328.5,725733
2021-09-03,328.5,330.5,326.869,328.5,394553
2021-09-06,328,331,328,329,531762
2021-09-07,328.5,330.85,328,328,361391
2021-09-08,327.5,328.421,325,325,380332
2021-09-09,324,324,321.5,322,342283
2021-09-10,323,324.593,322,322,395392
2021-09-13,323.338,323.837,323,323.837,40039
2021-09-14,321.5,322.995,320.5,321.5,149952
2021-09-15,321.5,323.5,320,320,306642
2021-09-16,321,322.5,319.5,320.5,238079
2021-09-17,323,324.5,318.5,318.5,454843
2021-09-20,319,320.48,312.5,314.5,380409
2021-09-21,318,321,317,320.5,168466
2021-09-22,321.5,324,321.5,323,327299
2021-09-23,324.5,324.5,321.5,323.5,239151
2021-09-24,322,323,318.5,319.5,261431
2021-09-27,322.5,322.5,315.404,316.5,334584
2021-09-28,315,318.465,309.5,309.5,484181
2021-09-29,312.5,315.11,310,312,330441
2021-09-30,313.5,315,308,308,469132
2021-10-01,306,309.5,304.079,308.5,632357
2021-10-04,307,309,305,305.5,232927
2021-10-05,305,308.5,305,308,485011
2021-10-06,306,306.44,301.5,305,391861
2021-10-07,306.5,311,306.5,310,648493
2021-10-08,307.5,310,307.5,308.5,345769
2021-10-11,308,309,306,306.5,332425
2021-10-12,305,308.467,304.5,307,563507
2021-10-13,307,310.75,306,308,435496
2021-10-14,309,314.5,309,314,308910
2021-10-15,315,315.5,313.23,314,365636
2021-10-18,313,315.5,312.5,313.5,233070
2021-10-19,313.5,316,312.5,312.5,576869
2021-10-20,313,316.094,313,314,535157
2021-10-21,314.5,316.5,313.131,314,366878
2021-10-22,316,318.5,313.559,318,300043
2021-10-25,319,319,315.5,316,244476
2021-10-26,319.5,319.5,316,318,616523
2021-10-27,318,321,316,321,313952
2021-10-28,319,323,317.075,322.5,401198
2021-10-29,321,324,319,323,597394
2021-11-01,324,327.5,319,327.5,368191
2021-11-02,327.5,332.012,327.5,330.5,378001
2021-11-03,331,333.5,330,333.5,246581
2021-11-04,332,340,332,339,422593
2021-11-05,341,343,339.274,340.5,286554
2021-11-08,341,341.421,336,336.5,355192
2021-11-09,338,338.5,336,336,402211
2021-11-10,337.5,338,336,336.5,282107
2021-11-11,338,339.5,336,339,303908
2021-11-12,339,341,338,341,239178
2021-11-15,340.5,341,338.901,340.5,378288
2021-11-16,341,341,337,337.5,492487
2021-11-17,336.5,338.5,336,336.5,390535
2021-11-18,337.5,339,337,339,401814
2021-11-19,339.5,339.5,335,336.5,454356
2021-11-22,339,339,334,334.5,239779
2021-11-23,332.5,332.5,328.25,328.5,499491
2021-11-24,330,331.5,325,327.5,387789
2021-11-25,330.5,331.73,329.5,329.5,210725
2021-11-26,322.5,323.475,317.07,318,781511
2021-11-29,322,324.5,320.5,323,549503
2021-11-30,318,323,316.5,319.5,358373
2021-12-01,325,326.5,320.5,326.5,451937
2021-12-02,320,324,320,323.5,517419
2021-12-03,323,326,321,322.5,421565
2021-12-06,324.5,325,321.5,324.5,365012
2021-12-07,326.5,331.818,325,330.5,956146
2021-12-08,331,335.746,330.5,334,474933
2021-12-09,334,335,330.854,332,379124
2021-12-10,330,332.5,328,332.5,630473
2021-12-13,330,332.5,329,329,410502
2021-12-14,332,332,326,326,649865
2021-12-15,327,329,326,327,568766
2021-12-16,331.5,334.5,330.5,332,677969
2021-12-17,330,332,328,332,569363
2021-12-20,324.5,327.995,322.5,327.5,587944
2021-12-21,332,332,327.5,327.5,443346
2021-12-22,326,330.5,326,329.5,436019
2021-12-23,332,335,330.65,334,447519
2021-12-24,334.5,336.5,332.225,336,272151
2021-12-29,337.5,340,337,338.5,372128
2021-12-30,338.5,341,337.31,340.5,387413
2021-12-31,339,340.5,338.16,340.5,342832
2022-01-04,341.5,345.5,340.76,345,515187
2022-01-05,343,343,341.25,341.5,372918
2022-01-06,339.5,339.5,335,335,811558
2022-01-07,334,335.5,332,332,584898
2022-01-10,332,334,325,325.5,482298
2022-01-11,328,331,327,327.5,450680
2022-01-12,329,332.5,327.711,330,453670
2022-01-13,332,332,328.503,329,279829
2022-01-14,330.5,330.5,325.25,326.5,348670
2022-01-17,327.5,331,326,329,423913
2022-01-18,328.5,330,323.5,328.5,426500
2022-01-19,326.5,329.5,324.075,328.5,554948
2022-01-20,329.5,329.925,326.3,327.5,723189
2022-01-21,325.5,328,323.5,324,435740
2022-01-24,324.5,325.655,311.703,314,937618
2022-01-25,317.5,317.5,311.5,313,552725
2022-01-26,314,319,314,318,453496
2022-01-27,313,318,311.5,317,473681
2022-01-28,315,317.5,309,312,723342
2022-01-31,314.5,320,314.268,319,600782
2022-02-01,321.5,325.496,320.85,322.5,346896
2022-02-02,325,327,324,324,424333
2022-02-03,324.5,325,319.376,319.5,368033
2022-02-04,320.5,323,316,316,286230
2022-02-07,319.5,321.542,316.5,320.5,411099
2022-02-08,321.5,322,317.26,317.5,615325
2022-02-09,321.5,327,320.615,324,461745
2022-02-10,327,328,320,320,354118
2022-02-11,318.5,320,316,319,397241
2022-02-14,315,316,307,311.5,583136
2022-02-15,306,318,306,317,462788
2022-02-16,314,320,314,315.5,304600
2022-02-17,318.5,318.5,312,314.5,431041
2022-02-18,312,315,309,311.5,831307
2022-02-21,309.5,313.683,302,303,628699
2022-02-22,297,304,295,299.5,772398
2022-02-23,300.5,304.616,298,298,491089
2022-02-24,289,291.595,282.5,289,778768
2022-02-25,290.5,301,288,298.5,460334
2022-02-28,297.5,302.83,293.185,301.5,345344
2022-03-01,304.5,304.5,291.5,291.5,418238
2022-03-02,293,298,290.5,298,336677
2022-03-03,298.5,298.5,286,287,546749
2022-03-04,280.5,287,272.5,274,625642
2022-03-07,270,276.5,256.5,267.5,1049718
2022-03-08,270,276.5,264,269,618747
2022-03-09,273.5,384.25,273.5,285,546872
2022-03-10,287,287,277.752,278,441642
2022-03-11,280.5,288,278.243,285,721985
2022-03-14,285,289.5,282,289.5,675448
2022-03-15,287,289.5,281.5,286,808940
2022-03-16,292.5,301.883,292.5,301,1062565
2022-03-17,302.5,302.5,297.152,300.5,515427
2022-03-18,301.5,304,298.5,304,696532
2022-03-21,302.5,305.5,301.54,303.5,455386
2022-03-22,305.5,305.5,301.45,302.5,342291
2022-03-23,305,305.96,298.505,300,458080
2022-03-24,300.5,303.5,296.125,297.5,779973
2022-03-25,298.5,300,297,298,860299
2022-03-28,298,302.858,298,301.5,406717
2022-03-29,302.5,313.035,302.5,308.5,607988
2022-03-30,311,312.744,306.587,309.5,324702
2022-03-31,309,309,301.5,302.5,936467
2022-04-01,304,304.5,302.5,304.5,624435
2022-04-04,305,306,303.175,306,397041
2022-04-05,302.5,307.5,302.5,307.5,544777
2022-04-06,303.5,307.05,298.5,301,609469
2022-04-07,304,304,299.5,301.5,483298
2022-04-08,304,306,302.198,303,348145
2022-04-11,304,306,302,302,383810
2022-04-12,300,302.805,297,302,582588
2022-04-13,300.5,302,299,301.5,489393
2022-04-14,302,305.5,300.955,303.5,457359
2022-04-19,304.5,304.5,295.765,299,468328
2022-04-20,300,304.5,299.725,302.5,427132
2022-04-21,301.5,306.5,301.5,304.5,318779
2022-04-22,301,304.971,299,301.5,435314
2022-04-25,297,299.5,295,298.5,526003
2022-04-26,300,302.176,293,293,504800
2022-04-27,293,297.5,291,295.5,422839
2022-04-28,298,301.249,293.5,298,716325
2022-04-29,301.5,304,297.49,298,138279
2022-05-03,297,300.5,294,294,544985
2022-05-04,295.5,297.64,292.5,295,334121
2022-05-05,297,302.44,290.5,290.5,434670
2022-05-06,293,295.5,286.5,289,439250
2022-05-09,287,288.625,279,279,745156
2022-05-10,282.5,286.711,282,282,510326
2022-05-11,283,288.5,283,285.5,481970
2022-05-12,280.5,283.901,278.2,281.5,626986
2022-05-13,286.5,288.5,284,288,280266
2022-05-16,287,288.947,284.875,286.5,458688
2022-05-17,288,294.9,288,292,505458
2022-05-18,291,296.85,289.5,289.5,1115560
2022-05-19,287.5,288,279.5,284.5,508406
2022-05-20,285,292,284.5,284.5,294763
2022-05-23,292,296,287,295.5,475695
2022-05-24,294.5,296.53,291,292,373280
2022-05-25,293.5,294.14,289.931,293,209652
2022-05-26,291.5,297,290.75,297,347590
2022-05-27,296.5,300.743,295,299,284590
2022-05-30,296,304.5,296,303,404158
2022-05-31,306,306,297.5,301,386150
2022-06-01,305,305,296,296,323839
2022-06-06,301,302.5,298.5,301,225121
2022-06-07,300,300.408,297,299.5,550551
2022-06-08,298.5,301.5,295.5,295.5,426161
2022-06-09,295,298,289,289,541947
2022-06-10,289,290,281,283.5,597981
2022-06-13,279,279.8,275.814,277,454944
2022-06-14,280,280,274,276,754600
2022-06-15,282,282,278.5,279,312237
2022-06-16,281.5,281.5,267.5,269.5,1729064
2022-06-17,275,277,269,274.5,437909
2022-06-20,276,277,271.375,276,247102
2022-06-21,276.5,281,273.5,279.5,268203
2022-06-22,272,279.5,271.565,275,578023
2022-06-23,277,277,271.5,275.5,805547
2022-06-24,278,286.5,275.16,284,574308
2022-06-27,287.5,290,285.362,290,564591
2022-06-28,290.5,290.5,286.5,289,320104
2022-06-29,283.5,288.5,282.125,288,541481
2022-06-30,279,283.8,277.5,282,433576
2022-07-01,278,287,277.5,283.5,343542
2022-07-04,284,286.5,282.261,283,212826
2022-07-05,283.5,287,278,279,211706
2022-07-06,280,286,280,284.5,395079
2022-07-07,286,287,283.515,285.5,541688
2022-07-08,280,286,280,285,362242
2022-07-11,282.5,285,280.75,284,244713
2022-07-12,281,285,279,284.5,412223
2022-07-13,280.5,285,280,281,318944
2022-07-14,281,282,276,277.5,287045
2022-07-15,278.5,285.5,276.22,285,434963
2022-07-18,288,289,285,286,546441
2022-07-19,284,292.61,283,292,369111
2022-07-20,290.5,294,289,289,344612
2022-07-21,290,293.5,288,291.5,728108
2022-07-22,291.5,294.5,289.65,291.5,464751
2022-07-25,291,292.5,289,291.5,658946
2022-07-26,292,292.5,290,291,608171
2022-07-27,291,294.5,290.5,291,235962
2022-07-28,293,294,288.72,292,239584
2022-07-29,294,300.5,294,297.5,598733
2022-08-01,296,300.5,295.439,297,286403
2022-08-02,294,296.5,292.5,293.5,453354
2022-08-03,292.5,296,291.5,296,272055
2022-08-04,294,301,294,301,291188
2022-08-05,301.5,301.5,296.251,297,673538
2022-08-08,301.5,301.5,296,300,284078
2022-08-09,298.5,301,295.5,296.5,304841
2022-08-10,297.5,300,296,300,218129
2022-08-11,298.5,302,298.5,300,310658
2022-08-12,302,302.5,298.148,300,544129
2022-08-15,300,302.5,299.5,301,195659
2022-08-16,302,303.5,297.5,300,419745
2022-08-17,298.5,303.725,295.5,296,510980
2022-08-18,295.5,300,295.5,300,258557
2022-08-19,297,300,296,297,539688
2022-08-22,294,297.5,291.5,292.5,510826
2022-08-23,292,295,286.5,286.5,692993
2022-08-24,288.5,292.5,285.58,291,615763
2022-08-25,293,295,291,291,431975
2022-08-26,293.5,295,286.5,286.5,750791
2022-08-30,288,292,285.5,287,571550
2022-08-31,285.5,289,283,284,478372
2022-09-01,281,284.5,275.5,275.5,538598
2022-09-02,279,284,277,282.5,574730
2022-09-05,277.5,281.375,276.66,279,634946
2022-09-06,280,282.249,277,279,623540
2022-09-07,277.5,283.5,277.391,281,452320
2022-09-08,284,284.786,277.5,282.5,678137
2022-09-09,284,290.65,284,288,342321
2022-09-12,291.5,295,290.5,295,571231
2022-09-13,295,296.938,289,289,797843
2022-09-14,286.5,289.01,283,287.5,920556
2022-09-15,289,289.5,285,285.5,599046
2022-09-16,285.5,287.08,283,286,1225510
2022-09-20,288,288,279.575,282,599132
2022-09-21,283,283.5,278.5,283.5,674836
2022-09-22,279.5,281,273.775,275.5,591026
2022-09-23,274.5,277.5,269.5,275,580383
2022-09-26,275,281.5,272.25,273,464995
2022-09-27,276.5,278.948,273,274.5,793078
2022-09-28,272,274.39,268.575,273,634750
2022-09-29,272,274.5,265,267,1066357
2022-09-30,269,271,265,271,754736
2022-10-03,266,271,264,269.5,1021847
2022-10-04,274,283,272.5,282.5,659698
2022-10-05,280,283,278.813,283,358019
2022-10-06,282,285.5,279.892,281,441243
2022-10-07,279.5,282.5,275,275,629476
2022-10-10,272,276.5,272,274.5,476648
2022-10-11,271.5,273.5,269,271.5,378492
2022-10-12,272.5,276.108,268,268,698823
2022-10-13,268,270.5,258.5,267,579694
2022-10-14,273,277,269,270,654465
2022-10-17,269.5,273.678,268,272,346702
2022-10-18,275.5,280.5,275,276.5,602057
2022-10-19,278,279,275,277,705078
2022-10-20,276.5,278.5,273,278.5,474984
2022-10-21,273.5,278,272,278,174478
2022-10-24,277.5,282.5,275.5,279.5,254631
2022-10-25,280.5,286,278.59,284,259787
2022-10-26,282,288,280.035,288,354031
2022-10-27,287,287.55,284,286.5,229532
2022-10-28,281,284.5,279.7,283,340098
2022-10-31,283,286.5,282,286,727080
2022-11-01,287,293.5,285,289,654587
2022-11-02,289,292.215,288,290.5,544548
2022-11-03,289,292.3,286.5,292,155601
2022-11-04,293,300.65,292,299,329925
2022-11-07,296.5,300.5,295.665,300,313214
2022-11-08,297.5,302,296.6,302,204902
2022-11-09,301,305,300.77,303.5,428608
2022-11-10,302.5,314.5,300.5,314.5,544264
2022-11-11,317,325.5,313.48,325,1300820
2022-11-14,321.5,326.5,316,326.5,656492
2022-11-15,326,326.75,322.876,324.5,1641712
2022-11-16,323.5,324.5,319.875,322,601912
2022-11-17,320,323,317.5,320,540970
2022-11-18,320.5,322,317.927,322,390252
2022-11-21,321,323,319,322.5,449188
2022-11-22,321.5,323.5,317,323.5,429950
2022-11-23,324.5,326,322,323,286897
2022-11-24,325,325.85,320.5,324,235675
2022-11-25,326,326,321.1,324.5,436739
2022-11-28,322.5,325.5,320.5,321,623510
2022-11-29,323,324.5,318.5,318.5,292011
2022-11-30,320,323.25,320,321.5,277313
2022-12-01,325.5,326.5,322,325,287151
2022-12-02,323.5,325,320,322.5,322261
2022-12-05,322.5,327,320.5,322,579406
2022-12-06,319,323.5,316,316.5,328008
2022-12-07,316.5,317.5,313,316.5,618874
2022-12-08,313.5,318,313,318,242152
2022-12-09,319,320,316.625,319,227548
2022-12-12,318,319.58,316.191,319.5,264876
2022-12-13,318.5,328,317.5,328,880388
2022-12-14,326,328.5,322.625,327,605064
2022-12-15,324,324,317,319,937358
2022-12-16,315.5,318.425,312,312.5,730876
2022-12-19,315,317.5,314.5,317.5,229166
2022-12-20,316.5,318.5,312.5,315,386100
2022-12-21,315,324,315,322,331043
2022-12-22,324.5,325,318.55,320,567252
2022-12-23,320,323.505,319,319,216678
2022-12-28,324,324,319,319,240993
2022-12-29,321,321.25,317,321,256721
2022-12-30,319.5,321,317.56,319.5,161337
2023-01-03,320,326.5,320,324,563319
2023-01-04,325,329.11,325,326.5,567675
2023-01-05,328.5,330,326.66,328.5,327845
2023-01-06,328,331.5,326.5,331.5,603491
2023-01-09,333.5,333.5,326.877,327.5,738593
2023-01-10,329,331.655,325,329.5,392592
2023-01-11,330,335.78,328.6,332,435416
2023-01-12,330,337,330,336.5,616095
2023-01-13,336,339.5,336,338,379401
2023-01-16,339.5,341,336.753,341,653061
2023-01-17,342,342,335,335,739423
2023-01-18,337,340.5,334.838,338.5,579421
2023-01-19,338,338,331.5,332.5,378539
2023-01-20,335,338,333.952,335,302291
2023-01-23,336,339.77,334.838,337.5,780529
2023-01-24,340,341.5,337.5,337.5,530380
2023-01-25,340,340.5,335,337,308837
2023-01-26,338,341,337.5,338.5,503566
2023-01-27,339,341,337.5,338.5,712956
2023-01-30,336.5,338.688,334.5,336,506374
2023-01-31,334,336,333,335.5,598078
2023-02-01,336,339.06,335.39,335.5,380570
2023-02-02,340,344.5,335.5,343.5,899761
2023-02-03,343,348.5,342,346,483948
2023-02-06,343.5,346.5,340.37,344,403720
2023-02-07,344,345,340.5,342,309394
2023-02-08,343.5,346.307,342,343.5,654765
2023-02-09,347,348.5,343.5,343.5,338309
2023-02-10,344.5,345.5,337.5,341,556967
2023-02-13,338.5,343.835,338.5,343,713269
2023-02-14,344.5,346.109,342,343,445318
2023-02-15,343.5,348.7,343,347.5,485924
2023-02-16,348,351,346.77,347,468046
2023-02-17,346,347.649,344.5,346,459580
2023-02-20,345.5,348,344,345.5,376786
2023-02-21,345.5,345.81,339,340.5,310257
2023-02-22,339.5,340,335.5,340,431638
2023-02-23,339,341.106,337.5,339,538703
2023-02-24,339,340.5,335.5,337,436236
2023-02-27,338,342.5,336.52,341.5,765468
2023-02-28,341.5,342,336,337,1410690
2023-03-01,336.5,342,336.5,340.5,491115
2023-03-02,338,340.5,335,339,580880
2023-03-03,341,341.74,338.28,340.5,315123
2023-03-06,342,347.5,339.96,346,666354
2023-03-07,345,348,343,343,424193
2023-03-08,343,344,341,341.5,1010919
2023-03-09,342,343.32,335.495,340,892221
2023-03-10,334,335.75,330.727,334,665556
2023-03-13,333.5,335.498,322.5,324,771190
2023-03-14,325,332,322.522,331,737794
2023-03-15,330,333,316.39,319,1055649
2023-03-16,321,327.5,319.359,325,898134
2023-03-17,328,332,320.3,322,707319
2023-03-20,320,328.205,317,326.5,544986
2023-03-21,329.5,335,329.5,331.5,678908
2023-03-22,332,335.5,328.5,335.5,640000
2023-03-23,333,337,332,336,435655
2023-03-24,333,333.6,325.5,329,811560
2023-03-27,332,333.26,329.926,331.5,524782
2023-03-28,333,333,329,330,705903
2023-03-29,331,335.971,330.125,333.5,841886
2023-03-30,330.5,336.5,330.5,336,720345
2023-03-31,336,339.5,335.5,337,763549
2023-04-03,337.5,338.75,334.5,336,449286
2023-04-04,335,338,335,335,618914
2023-04-05,335,337.202,333,335,677603
2023-04-06,334.5,336.5,333.5,336,1035189
2023-04-11,335.5,339.748,335.5,339,428191
2023-04-12,339,346.239,339,343.5,596659
2023-04-13,347,349,344.223,348,1041836
2023-04-14,349,355.5,348.85,355,1295571
2023-04-17,355.5,358.5,354.9,355.5,1244625
2023-04-18,357.5,358.5,355,355,1035942
2023-04-19,355,355.374,353,353.5,622635
2023-04-20,356,356,352.5,352.5,788385
2023-04-21,353,358.5,351.83,356.5,697734
2023-04-24,356,360,354.5,358,1419073
2023-04-25,357.5,358,355.55,357.5,1207527
2023-04-26,355,357.5,351.472,353.5,878762
2023-04-27,352,357,352,352,779753
2023-04-28,353,356.5,352.5,354.5,824363
2023-05-02,356,359.26,354.765,355,1647680
2023-05-03,355,359.5,355,358,1068819
2023-05-04,356,357.92,353.643,354.5,1036317
2023-05-05,354,356,354,355.5,1203869
2023-05-09,357,359,354,354.5,1312976
2023-05-10,356.5,357.5,353.821,355,1120582
2023-05-11,356,358,353.78,356.5,1023900
2023-05-12,355.5,359,355.5,356,1014553
2023-05-15,358,358.76,355,355,1021554
2023-05-16,354,356.5,353.745,355,904743
2023-05-17,354.5,356.189,352.86,354,960389
2023-05-18,355.5,358,354.72,357,905303
2023-05-19,358.5,361,357.72,359,935897
2023-05-22,359.5,361.5,359.5,360,687076
2023-05-23,360.5,362,356,357,577506
2023-05-24,354,354.448,349.5,352,757258
2023-05-25,353,353,350.495,352,697066
2023-05-26,352.5,356.5,351.83,354.5,743254
2023-05-30,355.5,356,350.251,351.5,646057
2023-05-31,350,350.5,344,345,988098
2023-06-01,347,348.5,344.75,346,759614
2023-06-02,344,353,344,352,712296
2023-06-05,352,356,351.378,351.5,690317
2023-06-06,351,352,349.52,351.5,714365
2023-06-07,351,351.5,348.221,349.5,373342
2023-06-08,348,350.25,347.31,349,581523
2023-06-09,350.5,351,344,347,388404
2023-06-12,348,351.5,348,350.5,613759
2023-06-13,351,352.5,349,349.5,679289
2023-06-14,349.5,352,348.504,351,793143
2023-06-15,351.5,351.5,346.252,350.5,571009
2023-06-16,351,352.5,349.5,350,754223
2023-06-19,347,350,346,346,534762
2023-06-20,346,347.5,345.367,346,439570
2023-06-21,345,347,343.5,343.5,317511
2023-06-22,342.5,342.78,338.5,340,423882
2023-06-23,339,339,334.5,335.5,649090
2023-06-26,334.5,337,332.844,335.5,436489
2023-06-27,339,339,333.85,334,528561
2023-06-28,338,343.5,336,343,451134
2023-06-29,342,343.125,339,339,281231
2023-06-30,339,345,339,344.5,386237
2023-07-03,343,344.5,343,344.5,356684
2023-07-04,343,345,343,343.5,242994
2023-07-05,341.5,342,339,341,247666
2023-07-06,339,339,330,330,501572
2023-07-07,330,333,329.282,332,274942
2023-07-10,330,337.49,328.935,335.5,468446
2023-07-11,337.5,338,333.5,338,423837
2023-07-12,337,345,336.5,344,707321
2023-07-13,345,348,343.7,346,395819
2023-07-14,348,349.38,346,347,311325
2023-07-17,346,347.5,344.5,344.5,374397
2023-07-18,344,348,344,346.5,422447
2023-07-19,349.5,356.559,348.5,355,602585
2023-07-20,357,357,351.683,356,799334
2023-07-21,352.5,356.5,352.5,356,471550
2023-07-24,353,357,353,356,852516
2023-07-25,356.5,357,354.5,355.5,3347990
2023-07-26,353,356,351,352.5,1891060
2023-07-27,352,359,352,358.5,2614978
2023-07-28,356.5,359,355.5,358,687199
2023-07-31,355,360,355,358.5,362817
2023-08-01,359.5,359.5,356,357,408166
2023-08-02,354.5,354.5,350.5,353,1418969
2023-08-03,352.5,352.5,348.5,350.5,1937747
2023-08-04,349,351.675,349,351,3228090
2023-08-07,351.5,352.48,348.5,350.5,350962
2023-08-08,349,352.028,348.21,350,333347
2023-08-09,354,355.05,351.375,354.5,736388
2023-08-10,355.5,358.031,355.5,357,950628
2023-08-11,355,356,351.5,352.5,1287299
2023-08-14,351,354.985,350,350,1200035
2023-08-15,350,353,347.5,348,586465
2023-08-16,347.5,349.925,346.5,346.5,523624
2023-08-17,346.5,346.5,341.5,342,329187
2023-08-18,340.5,342.5,338,339,568435
2023-08-21,341.5,344,337.5,337.5,585144
2023-08-22,339.5,342.5,339,339,480208
2023-08-23,338.5,344,338.5,344,437045
2023-08-24,345,347,342,342,521071
2023-08-25,342,345,341.167,343.5,390224
2023-08-29,345,351.5,344.5,350.5,580269
2023-08-30,352,353.5,350.386,352,1946185
2023-08-31,352,354,350,351,308604
2023-09-01,350,352.25,349,350.5,322948
2023-09-04,350,353.5,349.5,350,686137
2023-09-05,349.5,350.688,347.28,350,373111
2023-09-06,347,350.075,345.75,348.5,470518
2023-09-07,347.5,349.29,346.165,347,214334
2023-09-08,347.5,350.5,344.569,348,628011
2023-09-11,347.5,350.25,345.39,346.5,542998
2023-09-12,347.5,349,345,346.5,490791
2023-09-13,346,346,342.446,343,579011
2023-09-14,344,354,343,354,720681
2023-09-15,352.5,354.5,350,350,567960
2023-09-18,348.5,349.985,346,346,471899
2023-09-19,347.5,349.5,344,344,463114
2023-09-20,348,349.5,347,347,621175
2023-09-21,342.5,345,341,342.5,748476
2023-09-22,339.5,343,339.5,339.5,482336
2023-09-25,342,342,335.5,335.5,435019
2023-09-26,335,337,334.347,335,321491
2023-09-27,334.5,336.7,334.283,334.5,452494
2023-09-28,335,337,330.765,333,239019
2023-09-29,336,339,333.5,335.5,412200
2023-10-02,338.5,338.5,329.5,330.5,307162
2023-10-03,331,333,327.5,328,531289
2023-10-04,326.5,329,325.332,327.5,415765
2023-10-05,325,330,325,326,438855
2023-10-06,327.5,329.373,326,328,288797
2023-10-09,329,329.5,325.5,326.5,497208
2023-10-10,329,332.5,328.297,332.5,374397
2023-10-11,331.5,332.5,330,331,467127
2023-10-12,333,334.5,330.98,331,462998
2023-10-13,330.5,333,328,328,408159
2023-10-16,331.5,332,327.404,327.5,452837
2023-10-17,327.5,329.74,326,327,343412
2023-10-18,326,329.5,322,322.5,448087
2023-10-19,324.5,324.5,319,320,414449
2023-10-20,318,320.5,315,315,371636
2023-10-23,315.5,317.25,312.5,313,392433
2023-10-24,316.5,316.5,312,313,476090
2023-10-25,313.5,316.5,312.565,316,450522
2023-10-26,315,315.275,312.45,313,489834
2023-10-27,314,315.5,311.5,311.5,319133
2023-10-30,315,316.5,312,315,1232293
2023-10-31,317,319,314,315,438863
2023-11-01,316.5,318,315,317,375418
2023-11-02,320,327,318,327,665216
2023-11-03,327,327.5,325,325.5,353725
2023-11-06,325.5,327.5,323,324,402577
2023-11-07,325,325,322.5,324,421106
2023-11-08,322,327.5,322,327,778917
2023-11-09,326.5,331.5,324.575,331.5,416977
2023-11-10,328.5,330,327,330,302166
2023-11-13,327.5,334,327.5,334,1028066
2023-11-14,334,339.5,331,339.5,998532
2023-11-15,340,345,337,344.5,684388
2023-11-16,344.76,345.28,342,342.5,236997
2023-11-17,344,346.5,342.5,346,337920
2023-11-20,347,349.5,345.802,348,386034
2023-11-21,348,348,343.5,343.5,413808
2023-11-22,346.5,347.5,345,345,476355
2023-11-23,346,347.5,344.5,346,280798
2023-11-24,346,346.5,344.92,346.5,316407
2023-11-27,346,347.5,345.5,346,235658
2023-11-28,347,347,342,344,265163
2023-11-29,342,345,342,343.5,450151
2023-11-30,345,345,342.5,342.5,635030
2023-12-01,345,347,343,343,257564
2023-12-04,342.5,345.5,342.5,344.5,374981
2023-12-05,344,346.5,342.42,346.5,324263
2023-12-06,347,351,344.5,350.5,478887
2023-12-07,349.5,350,348.5,350,321765
2023-12-08,350,353.5,349.26,352,469435
2023-12-11,352,354,350.5,351,479461
2023-12-12,354,355,350.5,351.5,527560
2023-12-13,352,354.5,351.125,352.5,729543
2023-12-14,355,360,352.5,354,650927
2023-12-15,354.5,355.5,353,354,1117793
2023-12-18,351.5,356,351.5,354.5,369624
2023-12-19,357,357,353.5,353.5,462921
2023-12-20,357,358,355,356,407006
2023-12-21,355.5,357,353,356,379187
2023-12-22,356,357,354.5,357,187394
2023-12-27,358,360,356,358,372736
2023-12-28,359,361,357,360,434906
2023-12-29,358,361,357.675,360,137107
2024-01-02,358.5,362,355,356,420347
2024-01-03,357.5,359.5,351.409,353,491921
2024-01-04,356,356,350.5,353,263789
2024-01-05,351,354,348.5,350.5,397871
2024-01-08,349.5,353.5,347.56,350.5,407164
2024-01-09,353.5,353.5,349.1,351.5,389360
2024-01-10,351,352.5,349.453,351,282851
2024-01-11,353.5,353.5,348,348,267866
2024-01-12,350,352.615,348,348.5,359317
2024-01-15,349.515,353,347.89,348.5,850084
2024-01-16,347.5,349,345.5,346.5,440685
2024-01-17,344,345.276,339,340,472907
2024-01-18,345,346.5,341,343,650851
2024-01-19,348.5,348.5,344,345.5,545852
2024-01-22,347,348.5,346,347.5,348143
2024-01-23,349,349,343.5,344,618491
2024-01-24,345.5,349,345.5,349,224348
2024-01-25,348,351.175,348,351,356550
2024-01-26,352.5,356.5,349,355.5,440177
2024-01-29,355,358,354.5,356.5,256516
2024-01-30,359,359.5,354,358.5,352594
2024-01-31,358,360,357.5,360,537153
2024-02-01,359.5,359.5,355,355,309072
2024-02-02,357,360.5,356.5,357.5,517931
2024-02-05,357,359.5,356,357.5,362451
2024-02-06,358.5,361,356.5,358.5,388584
2024-02-07,363,363,358,359.5,488630
2024-02-08,363,363.45,359.714,361.5,1493940
2024-02-09,361.5,364,361,363.5,407876
2024-02-12,360.5,365,360.396,362.5,860063
2024-02-13,362,365,357.375,359,436487
2024-02-14,361,364,358.225,363.5,791230
2024-02-15,364,367.5,364,367.5,506013
2024-02-16,368,371.5,367.5,370,423071
2024-02-19,370,372.205,367.911,371.5,432399
2024-02-20,372,372,367.5,368.5,539306
2024-02-21,372,372,366.777,367.5,530720
2024-02-22,372,373.5,368.25,373,649688
2024-02-23,372,373.5,369,370,396441
2024-02-26,374,374,369.5,373,596373
2024-02-27,372.5,373,369.964,373,493192
2024-02-28,369,372.5,369,370,458191
2024-02-29,368,373.5,368,368.5,540570
2024-03-01,368.5,375,368.5,372.5,349839
2024-03-04,375,376,370.5,376,820421
2024-03-05,372.5,376.524,372.5,375.5,480789
2024-03-06,376.5,381.5,375.422,381.5,480534
2024-03-07,377,387,377,387,453343
2024-03-08,387,388,384.393,386,533576
2024-03-11,381,385.5,381,383.5,538811
2024-03-12,385.5,388,385.5,386,588891
2024-03-13,385.5,390,385,390,613854
2024-03-14,389.5,391,385.5,386.5,779833
2024-03-15,387,389,385,388,734812
2024-03-18,385,388,384.5,385.5,1053870
2024-03-19,383.5,385,383.1,383.5,569082
2024-03-20,383.5,385,383,383,603752
2024-03-21,386.5,390.976,383,390.5,1065370
2024-03-22,388.5,392.067,387,391.5,544224
2024-03-25,391,391.318,387,389.5,784408
2024-03-26,389.5,394,389.24,394,1586230
2024-03-27,392.5,396,391.5,395,586251
2024-03-28,390.5,392.5,389.338,392.5,745951
2024-04-02,391,395.49,389,391,1053873
2024-04-03,389,392.5,388,391,666945
2024-04-04,392,392,388.5,391,670324
2024-04-05,391,391.5,385.97,389,521681
2024-04-08,386,393,385.5,393,868106
2024-04-09,393.5,393.5,387.5,389,454099
2024-04-10,391.5,393,384.75,388.5,633926
2024-04-11,390,393,385.241,386.5,773489
2024-04-12,390.5,392.03,386,386.5,660717
2024-04-15,387.5,392.563,386,387,671680
2024-04-16,384,386.5,381,381,709336
2024-04-17,380.5,384.5,380.5,381,606139
2024-04-18,383.5,388.5,379.837,381.5,476072
2024-04-19,378,382.5,377.5,382.5,444417
2024-04-22,381,388.5,381,388.5,576798
2024-04-23,388.5,391.684,387.33,390,537626
2024-04-24,390.5,392,389.45,390.5,474767
2024-04-25,391,391,381,384,578680
2024-04-26,387,390,385.634,390,283119
2024-04-29,392,392,387,390.5,504565
2024-04-30,388.5,392.5,388.5,389.5,470063
2024-05-01,388,391,387.5,388,458545
2024-05-02,386.5,390,386,389,436036
2024-05-03,389,393,387.5,391.5,535629
2024-05-07,392,398,392,397.5,834038
2024-05-08,398.5,400.565,394,399.5,644827
2024-05-09,400.5,403,398.65,402.5,520076
2024-05-10,404,408.221,403.18,406.5,1074186
2024-05-13,407,408.5,403.92,406,714780
2024-05-14,405,407.5,404,407.5,719474
2024-05-15,408,411,407,410,1314776
2024-05-16,411,412.5,407.5,411,900445
2024-05-17,410.5,410.5,407,408,378514
2024-05-20,409.5,410.5,408,408.5,640724
2024-05-21,409.5,411,405,405.5,1089659
2024-05-22,405,405.89,403,403.5,1115133
2024-05-23,405.5,407.5,402,402,645742
2024-05-24,402,402.908,400.5,402.5,863162
2024-05-28,401.5,405.5,400.97,401,770924
2024-05-29,402,404.5,395.5,395.5,763108
2024-05-30,398,399.05,396.516,397.5,721707
2024-05-31,396.5,402.5,396.5,400.5,499256
2024-06-03,402.5,404.239,401.349,402,561015
2024-06-04,400,402,399.5,400,530639
2024-06-05,402,404,401.22,402.5,435388
2024-06-06,403.5,406.5,403.5,405.5,570225
2024-06-07,407.5,407.5,402.5,404,734014
2024-06-10,400,404.04,398,398,783776
2024-06-11,400.5,403.5,394,395,406289
2024-06-12,397.5,402.5,395.859,400,559097
2024-06-13,401.5,402,391,391,843107
2024-06-14,393.5,395,385.5,386.5,810581
2024-06-17,388.5,392,386,387,465667
2024-06-18,390,393.5,389.62,392,556945
2024-06-19,391.5,393.5,390.5,392,648991
2024-06-20,393,396.89,390.5,395.5,642094
2024-06-21,394,397.5,391.5,396.5,766081
2024-06-24,392,398.5,392,395.5,332934
2024-06-25,397,397,393.5,395,461735
2024-06-26,396.5,399,392.75,396.5,817548
2024-06-27,397.5,398,393,394.5,642793
2024-06-28,394,397,391.24,393,511639
2024-07-01,395.5,399.5,392.5,392.5,380279
2024-07-02,391.5,395,387.5,388,592621
2024-07-03,389,394,388.205,394,554848
2024-07-04,394,398,390.15,398,358630
2024-07-05,398,403,396,398,662640
2024-07-08,399,401,395,397,568018
2024-07-09,397,397,389.427,390.5,603163
2024-07-10,394.5,396,391,396,459065
2024-07-11,397.5,398.15,395,397,1208614
2024-07-12,398,398.5,395.5,398,493266
2024-07-15,396.5,399,395.025,397.5,464394
2024-07-16,397,397,393.291,396,430503
2024-07-17,395,395,389.261,392,420891
2024-07-18,393,395.5,390.75,393,510709
2024-07-19,391,391.5,388.5,390.5,315556
2024-07-22,390.5,394.5,390,394.5,394053
2024-07-23,395,395.731,392,394,316495
2024-07-24,393,393.5,388.5,388.5,353927
2024-07-25,388,389,383.375,386,878109
2024-07-26,388,395,386.678,395,635239
2024-07-29,394,397.5,392.935,396,524497
2024-07-30,396.5,399.14,394.078,398,704318
2024-07-31,400,404.5,398.567,403,689625
2024-08-01,405,405,397.5,398,1178009
2024-08-02,397.5,398,385,386.5,620912
2024-08-05,381.5,381.5,372.5,379.5,738679
2024-08-06,385,389.05,380.5,384.5,613482
2024-08-07,388.5,389.5,385.364,386,454035
2024-08-08,385.5,388,381.5,387,309308
2024-08-09,387,390,386.771,390,312014
2024-08-12,391.5,392,388.89,389,326564
2024-08-13,392,393,387,387,378374
2024-08-14,393,394,390.334,394,315122
2024-08-15,394,396.5,391.347,396.5,472936
2024-08-16,396,399,394.5,395,236988
2024-08-19,397,400,393.5,400,273864
2024-08-20,403,404,397,398,385199
2024-08-21,398,403.5,397,399.5,440679
2024-08-22,402.5,402.5,397.5,397.5,389396
2024-08-23,400,402.5,396.5,398.5,372808
2024-08-27,400,402.5,397,397,397872
2024-08-28,398,399.405,393,393,493765
2024-08-29,393,395.61,393,393.5,1146028
2024-08-30,396.5,397,392.5,394,283105
2024-09-02,393,396.5,390.749,391.5,515464
2024-09-03,393,395,390,390,359065
2024-09-04,386.5,389.5,384.264,385,372797
2024-09-05,389,389.5,382.5,382.5,375069
2024-09-06,381.5,386.5,376.5,377,310194
2024-09-09,379,382.5,376.775,382.5,389166
2024-09-10,380.5,386,378,380,339046
2024-09-11,380,383,378,379,354331
2024-09-12,384.5,385.5,381.5,381.5,503976
2024-09-13,381.5,387.5,381.5,387.5,273337
2024-09-16,388,388.5,386,387.5,416828
2024-09-17,388,390.39,385,387.5,451036
2024-09-18,391,391,384.5,386,459174
2024-09-19,386,390,385.376,389,482296
2024-09-20,383,389.5,380.42,381.5,545994
2024-09-23,381.5,383,377,377,461026
2024-09-24,380,382,376,379,553727
2024-09-25,383,383,378.035,379,606044
2024-09-26,385,386.5,381.721,384,463518
2024-09-27,381.5,388.5,381.5,388.5,546476
2024-09-30,387,388,382.92,385,630949
2024-10-01,382,387,378.86,379.5,579640
2024-10-02,380.5,381,377.433,378.5,425354
2024-10-03,380.5,381.624,376.5,378,494365
2024-10-04,377.5,381.5,376.5,379.5,421001
2024-10-07,381,382,376.5,378.5,343323
2024-10-08,376,377,373.5,373.5,347252
2024-10-09,375,378,372.825,374,591088
2024-10-10,378.5,378.5,372,373.5,761154
2024-10-11,373.5,375,371.39,372.5,366732
2024-10-14,371.5,375.5,371.5,374,1004951
2024-10-15,375,379.5,367,367,658346
2024-10-16,369,369,361,361,897045
2024-10-17,369.5,370,365.39,367,532727
2024-10-18,370.5,370.5,366.54,367.5,636985
2024-10-21,368,370.5,363.568,364,1756075
2024-10-22,363,368,363,364,644544
2024-10-23,364.5,368,360,363,1637611
2024-10-24,363.5,367.5,362.868,367,1447765
2024-10-25,366.5,369,366,368,968837
2024-10-28,369.5,370,366,366.5,1378194
2024-10-29,370,370,361.29,361.5,1454097
2024-10-30,359,364,359,359,1024609
2024-10-31,363.5,363.5,355.567,356,564770
2024-11-01,357,358.61,355.5,355.5,343420
2024-11-04,359.5,361,356.721,360,562001
2024-11-05,360,361,354.5,354.5,728322
2024-11-06,360,364,352,352,662779
2024-11-07,354,358.5,352.25,357.5,1237168
2024-11-08,358.5,359,354.234,355,857395
2024-11-11,359.5,359.5,354.981,359.5,849395
2024-11-12,358.5,358.5,354,354,712966
2024-11-13,353.5,357.5,349.5,351.5,795776
2024-11-14,354.5,359,350.969,357,439848
2024-11-15,355,358,353,353,521063
2024-11-18,353,356.5,349,350.5,723922
2024-11-19,350,354,347.5,348.5,568151
2024-11-20,350,351,348,348,586470
2024-11-21,351.5,351.5,347.5,348.5,398394
2024-11-22,350,352.5,348.909,350.5,625194
2024-11-25,352,354.5,350.818,354.5,741077
2024-11-26,352.5,354,351,351,588438
2024-11-27,351.5,352,346.146,346.5,483856
2024-11-28,350,351.5,346.48,350.5,730413
2024-11-29,350,351.5,348,350.5,748892
2024-12-02,350,353.5,347.3,353.5,816147
2024-12-03,349.5,357.5,349.228,357,546986
2024-12-04,356.5,359.5,356,358,808659
2024-12-05,360,360.5,357.5,358.5,466603
2024-12-06,360.5,362.529,359.44,362.5,396790
2024-12-09,363,363.743,360.5,361.5,470552
2024-12-10,361.5,362.5,357,359,828040
2024-12-11,358,360.5,356.26,359,526184
2024-12-12,358,360.5,358,359.5,325507
2024-12-13,358.5,360,356.5,359.5,483007
2024-12-16,358.5,361.5,357,358,399010
2024-12-17,356,359,354,354,571433
2024-12-18,354.5,357.667,354.5,356,407619
2024-12-19,350,352,349.5,350,826884
2024-12-20,351.5,351.5,342.5,348,1240451
2024-12-23,345,350.5,345,350,466422
2024-12-24,350.5,351,348.5,350.5,163188
2024-12-27,347,351.5,347,351.5,169491
2024-12-30,348.5,351.15,347.125,348,391273
2024-12-31,348.5,352,347,352,125424
2025-01-02,353,354,349.5,354,291001
2025-01-03,352,354.5,348.5,348.5,255792
2025-01-06,349.5,356,348.5,353,494621
2025-01-07,352,355.5,352,353,1155168
2025-01-08,355,356.5,353,353.5,993418
2025-01-09,355.5,359,354,358.5,910607
2025-01-10,358.5,359.5,356.5,356.5,992516
2025-01-13,354,359,354,355.5,722399
2025-01-14,355.5,360,353,358.5,1123190
2025-01-15,360,365,359,365,529152
2025-01-16,365,371.5,364.1,371.5,753889
2025-01-17,370,375.5,370,373.5,635425
2025-01-20,374.5,376,371.5,371.5,359244
2025-01-21,375,377,372,376,271270
2025-01-22,375,382,375,381,1286717
2025-01-23,382.5,384,380.475,383,1093913
2025-01-24,383,385.5,379.5,381,432063
2025-01-27,375,379,374.645,377,732031
2025-01-28,378.5,382,376,377.5,344949
2025-01-29,377.5,382,377.5,380.5,300615
2025-01-30,381.5,384.5,380.9,384.5,313208
2025-01-31,383,386,383,386,578103
2025-02-03,378,382.84,368.585,377,699135
2025-02-04,376.5,381.702,376,381,433514
2025-02-05,379,386,378.541,386,678690
2025-02-06,387.5,391.5,383.08,390,1297799
2025-02-07,392,392,387,387.5,242523
2025-02-10,388.82,390.024,387,388.5,372097
2025-02-11,392,392,388,389,373018
2025-02-12,392,392,388,389,523153
2025-02-13,393,395.563,391.5,393,525575
2025-02-14,393.5,397.375,393.5,393.5,527954
2025-02-17,395.5,397.5,394.5,395,347970
2025-02-18,394.5,398,394.5,396,547952
2025-02-19,395,396,391,392,692054
2025-02-20,392,392,389.5,390.5,668504
2025-02-21,390.5,394,389.86,391.5,787809
2025-02-24,394.5,397.063,391.5,393.5,1117486
2025-02-25,392.5,397,392,397,889757
2025-02-26,397,402.5,397,401,1327686
2025-02-27,401.5,402.598,396.456,400,731358
2025-02-28,396.5,398.5,394.5,395,752512
2025-03-03,400,404.5,396.5,400.5,789613
2025-03-04,398.5,399,392,392,737481
2025-03-05,400,403,397,399.5,697633
2025-03-06,402,403,397,403,520019
2025-03-07,403,403,398.5,402.5,561102
2025-03-10,401.5,404.508,396,398,585755
2025-03-11,399,401,390.5,390.5,750281
2025-03-12,392.98,396.5,390,393.5,594669
