Date,Open,High,Low,Close,Volume
2008-05-09,520,539.5,502,520,19668850
2008-05-12,530,534.5,518,530,1372239
2008-05-13,538,549.5,527,538,2932425
2008-05-14,540,550,530,537.5,2770068
2008-05-15,535,540,535,539,1059218
2008-05-16,537,551,536,545,1785895
2008-05-19,541,550,537.5,544,1237276
2008-05-20,541,555,540,553,3932055
2008-05-21,550,575,545.5,565.5,10056750
2008-05-22,569,569,557,565,1162625
2008-05-23,560,564.5,553.5,560,1141246
2008-05-27,560,560,553,557,690645
2008-05-28,560,560,550,552,846060
2008-05-29,559,559,544,550,841972
2008-05-30,549.5,549.5,530,544,2456144
2008-06-02,540,545,533,544,1845374
2008-06-03,547.5,555,540,549,2610986
2008-06-04,555,560,542.5,555,1473083
2008-06-05,554,555,547,550.5,3420491
2008-06-06,556,556,547,555,1038638
2008-06-09,556,556,530,535,867870
2008-06-10,530,530,517,522,753049
2008-06-11,517,520,491,502.5,701833
2008-06-12,500,509,500,505,489752
2008-06-13,505,509.5,487.5,509.5,3886839
2008-06-16,505,520,503.5,520,807217
2008-06-17,511,525,511,515.5,389535
2008-06-18,510,515,505,510,218748
2008-06-19,500,510,489,509,2539096
2008-06-20,509,514,498.5,508,280356
2008-06-23,505,513,498,498.25,331475
2008-06-24,495,508,479.75,494,185402
2008-06-25,504,504,477.75,484.75,329694
2008-06-26,490,498,480,485,582156
2008-06-27,472,490.5,472,480,842437
2008-06-30,477,490,477,489,389105
2008-07-01,480,492.25,470.5,489,563980
2008-07-02,490,500,476,494.75,826552
2008-07-03,490.75,497,475.75,485,501921
2008-07-04,478,492.5,478,486,2361983
2008-07-07,484,502,477,477,784930
2008-07-08,471.75,475,457.25,468,472940
2008-07-09,477,477,438.5,455,1421325
2008-07-10,448.5,459.25,437.75,448,2093537
2008-07-11,441.5,455,438,443.5,434247
2008-07-14,445,460,445,450,517622
2008-07-15,450,450,437.5,445,197194
2008-07-16,429.25,449,429.25,445,171579
2008-07-17,450,455,430.5,445,333682
2008-07-18,431.25,445,416,420,412240
2008-07-21,418.75,432.5,407,410,456641
2008-07-22,403,419,386,399,1130985
2008-07-23,400,405.5,392.75,404.25,533212
2008-07-24,407,409.5,390,396.5,651566
2008-07-25,399.25,400,386.5,390,272593
2008-07-28,393.25,400,390,400,224224
2008-07-29,399,401,394.25,401,547339
2008-07-30,408,423.5,388,397.75,815405
2008-07-31,402.5,402.5,389.25,395,1184811
2008-08-01,390,400,382.25,389,1457208
2008-08-04,389,390.75,380,388,517747
2008-08-05,390,390,360,367.25,517774
2008-08-06,370.5,378.5,367,370,2095013
2008-08-07,371,382,368.75,376,1193205
2008-08-08,376,384.5,361.25,370,658219
2008-08-11,370,374.25,367.25,370,489367
2008-08-12,373,373,340.25,356.5,2258384
2008-08-13,360,374,360,370,1377705
2008-08-14,372.75,382.5,371.75,379.75,353999
2008-08-15,366,366,355,360,1466291
2008-08-18,362.5,368.25,359,361.75,330305
2008-08-19,351.25,362.75,343,353,906023
2008-08-20,353.5,366,353.5,360,1167769
2008-08-21,355.75,380,355.75,375,1526085
2008-08-22,374.5,390,374,390,1599709
2008-08-26,380,397.25,376,389.5,272709
2008-08-27,380.25,405,380.25,395,1376538
2008-08-28,393,400,388.5,395.5,949076
2008-08-29,393.5,406,389.25,404.75,1175287
2008-09-01,399.75,410,398.25,405,277005
2008-09-02,400.25,404.5,390,399,876238
2008-09-03,398,399.25,390,395,970720
2008-09-04,395,399,382,383,963743
2008-09-05,399,399,370,377,713480
2008-09-08,388.5,392,382.5,390,61618
2008-09-09,380,387.75,352,352.5,2669036
2008-09-10,366,367.5,338,339,2327880
2008-09-11,347.25,360.5,330,341,1180791
2008-09-12,342,357,337.5,347,1880526
2008-09-15,336,345,322.25,329.75,798988
2008-09-16,327,333.5,312.25,318,792778
2008-09-17,330,331,298.75,308.5,922493
2008-09-18,310,338.75,309.75,330,3379818
2008-09-19,337.75,362.5,330,338.5,13266070
2008-09-22,342,358.75,327.75,340,2370221
2008-09-23,339.75,349.75,328.25,336,3255695
2008-09-24,337.5,348,335.25,341,2042976
2008-09-25,340.5,349.5,334,349.5,290449
2008-09-26,346.5,347,321.5,338.25,383435
2008-09-29,333,346.25,315.25,317,1120267
2008-09-30,315,325,300.5,320,889916
2008-10-01,324.25,330,313,314.25,663069
2008-10-02,317,318.5,286.75,293.25,776491
2008-10-03,295,295,269.75,280.75,1438225
2008-10-06,254.5,278.75,221.25,225,373171
2008-10-07,223.25,245.25,205,234.25,387680
2008-10-08,242,242,200.75,209.5,968107
2008-10-09,211.75,232,200,230,844447
2008-10-10,207,230,178.7,211,877432
2008-10-13,207,225,206.5,209,1683007
2008-10-14,215.75,227,190,205,828726
2008-10-15,202.25,205.75,172.3,180,701246
2008-10-16,159.7,180,150,170,734684
2008-10-17,165.7,190,154.2,156.2,654475
2008-10-20,157.7,157.7,150,154.9,564514
2008-10-21,161.5,164.8,158.1,160,731735
2008-10-22,158.5,210,130.4,136.6,548379
2008-10-23,135.5,139,114.8,115,810831
2008-10-24,119.8,119.8,101.3,108,978210
2008-10-27,106,115.3,101.1,104,1055123
2008-10-28,105.4,114.2,103.1,105.6,1074316
2008-10-29,108,127,108,125.8,1548902
2008-10-30,130.4,130.5,117.2,123.4,1367894
2008-10-31,123.4,125,120.5,122.1,970254
2008-11-03,124.9,125,113.4,117,1020619
2008-11-04,111.6,131.8,111.6,131.8,2897873
2008-11-05,127.5,137,126.8,128.5,1184188
2008-11-06,125,134,120.1,127,2139249
2008-11-07,126.5,132,125.1,130.2,1070338
2008-11-10,135.4,140.8,130,133,1151872
2008-11-11,129.6,133.9,121.3,123.5,334937
2008-11-12,123.3,125.1,109.6,118.7,447574
2008-11-13,95.1,114.8,95.1,102.9,846706
2008-11-14,109.6,109.6,103.1,104.9,1528608
2008-11-17,103.3,108,100.2,102.8,1196293
2008-11-18,103.5,103.5,95.8,99,1185615
2008-11-19,100,103.1,94.8,100.4,1160400
2008-11-20,93,102.6,93,99.7,2718215
2008-11-21,96.4,105.3,96.4,105.3,1908617
2008-11-24,118,130,110,129.3,2126998
2008-11-25,141.5,141.5,123.5,127.7,2048083
2008-11-26,121.7,137.8,121.7,135,1603078
2008-11-27,136.9,150.2,135,148.1,990723
2008-11-28,148,180,144.6,154.1,814342
2008-12-01,159.1,159.1,130,140.2,1071726
2008-12-02,138,150.2,126.8,130.2,1286651
2008-12-03,130.5,135,115.7,135,2865071
2008-12-04,127.8,145,127.8,144.7,1582852
2008-12-05,147.9,147.9,127.1,127.1,907349
2008-12-08,134.7,143,121.9,138.3,1232275
2008-12-09,141,147.2,130.1,139,682706
2008-12-10,141.1,145,135.1,141.1,521939
2008-12-11,138.3,173,138.2,167.1,1205375
2008-12-12,170,170,152.7,159.3,860614
2008-12-15,162,169,160.1,165.7,915159
2008-12-16,170,170,160.9,168.1,888967
2008-12-17,167.2,184.6,167.2,181.5,2045695
2008-12-18,180.7,203.25,180.7,195.5,2530927
2008-12-19,209,209,177.5,194.7,7074323
2008-12-22,191,203,191,201.5,1095535
2008-12-23,203.75,217,201,214,1238297
2008-12-24,210,214,201.75,210,94202
2008-12-29,210.25,225.75,210.25,222.75,435402
2008-12-30,213,224.75,213,220,573728
2008-12-31,225,236.75,225,230,446992
2009-01-02,227.25,258.75,227.25,244.75,1922289
2009-01-05,245,257.75,232.25,255,636442
2009-01-06,242,283.25,242,253,1182739
2009-01-07,259.25,260,243.25,255.75,2389715
2009-01-08,250,257.25,242.75,250,625371
2009-01-09,255,258.75,235.25,238,1046991
2009-01-12,241,248.25,236,238.75,446590
2009-01-13,240,242,217.75,237.75,1236840
2009-01-14,239.75,250,236.25,247,1015467
2009-01-15,243,249.5,236,242,1469844
2009-01-16,247,251.5,244.5,250.75,738306
2009-01-19,251,267.25,241.5,250,736049
2009-01-20,242.75,251.75,242.75,249,1153005
2009-01-21,235.25,248.25,235.25,243.5,528524
2009-01-22,244.5,257.75,230,255.5,673561
2009-01-23,248.5,288,245.25,280.25,1418422
2009-01-26,276.25,320,276.25,320,512422
2009-01-27,324,330.75,291,315.75,885740
2009-01-28,324,344.25,303.25,338,1051530
2009-01-29,331.25,345,305,335,1022283
2009-01-30,340,367.75,332.25,354.5,1200488
2009-02-02,354,354,316.5,322.5,300926
2009-02-03,319.5,330,311,330,1016285
2009-02-04,321.25,358.5,321,356,624884
2009-02-05,344.25,357.75,339,352.75,390891
2009-02-06,361.5,379.25,359,359,645889
2009-02-09,379.75,379.75,343.75,364.25,835958
2009-02-10,368.25,368.25,350.75,352,1229496
2009-02-11,345,380,345,380,517809
2009-02-12,384,400,365,394.25,853618
2009-02-13,392,403,385,388,259086
2009-02-16,375,398.25,372.75,394.5,221149
2009-02-17,394.5,410,389.75,410,917483
2009-02-18,410,436.5,410,436.5,929564
2009-02-19,444.75,465.25,409,414.5,1416095
2009-02-20,400,424.25,399.75,413,2828644
2009-02-23,416.25,416.5,375,390,1205141
2009-02-24,380,386.75,362,363.75,1319839
2009-02-25,370,370,344.25,353,1250439
2009-02-26,360,366,345,355.75,1084275
2009-02-27,359,360,345.5,349.5,875539
2009-03-02,355,356.75,324.25,329,592639
2009-03-03,326.5,336.25,310.75,323.25,699485
2009-03-04,337.75,383,320,370,488431
2009-03-05,370,374,346.5,360,386005
2009-03-06,380,394.5,364.75,394,858969
2009-03-09,381.75,406,381.75,400,1237465
2009-03-10,390,406.5,387,387,1091044
2009-03-11,400,400.5,382.5,395,1101468
2009-03-12,385,405.25,381.25,397,1594870
2009-03-13,404,425,401.5,416.25,760622
2009-03-16,431,432.25,398,402.25,843678
2009-03-17,404,404,384.75,388.75,1540499
2009-03-18,406,406,384,391.5,804215
2009-03-19,400.5,445,400.5,406.25,965377
2009-03-20,408.25,436,404.75,414.5,5332262
2009-03-23,414,468,414,457.25,1454054
2009-03-24,470,485.25,433.75,450,1612759
2009-03-25,445,478.25,432.5,453.25,848707
2009-03-26,460.75,483.25,456.75,480,969953
2009-03-27,475.75,477.5,453.5,469.75,538571
2009-03-30,460,470,424.5,428.5,1121070
2009-03-31,428,458,428,457.5,771463
2009-04-01,451.5,478,443.25,465.25,726459
2009-04-02,455,478,449,452,1331765
2009-04-03,452,455,434.25,443,826741
2009-04-06,427,438.25,406.5,419.75,1594657
2009-04-07,427,443.25,410.5,438,843666
2009-04-08,423.75,446.5,423.75,425.5,465658
2009-04-09,432.25,447,427,441,248720
2009-04-14,447.25,453,420,449,509891
2009-04-15,433.25,453.75,408,446.75,861186
2009-04-16,455.75,480,438,442.25,837516
2009-04-17,442.75,443.75,425,432.75,788741
2009-04-20,427.75,427.75,403,420,817352
2009-04-21,420.5,432,412,429.5,781063
2009-04-22,450.75,450.75,421,435,421025
2009-04-23,428.25,457,427.75,451,362627
2009-04-24,455.5,499.25,455.5,486.75,988479
2009-04-27,482,502.5,477.75,500,1212121
2009-04-28,500,527,469.75,517,1567588
2009-04-29,515,555,515,550.5,621278
2009-04-30,551.5,555,521,535,556735
2009-05-01,540,540,519,523,162134
2009-05-05,548,549.5,504.5,515,1078526
2009-05-06,502,545,502,529.5,872606
2009-05-07,529.5,556.5,528,532,649172
2009-05-08,558,585,544.5,570,1934440
2009-05-11,570,603.5,551,581,1847426
2009-05-12,583,609,565.5,609,830478
2009-05-13,601,605,540,565,2200892
2009-05-14,566,638,566,631,3109295
2009-05-15,625,655.5,587.5,618.5,2012789
2009-05-18,603.5,607,587,595.5,1504719
2009-05-19,606.5,625.5,603.5,615,1680121
2009-05-20,618.5,654,615.5,650.5,1633055
2009-05-21,646.5,661.5,632,640,1080494
2009-05-22,640,704.5,637,690,1232628
2009-05-26,682,713.5,673,707.5,1580839
2009-05-27,711.5,725.5,671.5,679,1362539
2009-05-28,682.5,723.5,660.5,702,1979219
2009-05-29,719,735,672,672,10651720
2009-06-01,691.5,712,676.5,712,1797074
2009-06-02,705,731.5,694,723,1168309
2009-06-03,732,732,713,728.5,1341728
2009-06-04,727,741,682.5,685.5,1466385
2009-06-05,700,710.5,671,689,1114410
2009-06-08,690,690,643.5,655.5,870177
2009-06-09,665,670,652,663,738970
2009-06-10,668.5,689.5,668.5,680,578364
2009-06-11,681.5,696,668,685,1152628
2009-06-12,681.5,688.5,640.5,648,768027
2009-06-15,650,650,597,600,1550061
2009-06-16,598.5,603,588.5,593.5,1626848
2009-06-17,604.5,605,558.5,568.5,1232415
2009-06-18,567,578,544.5,551,1372304
2009-06-19,558.5,574.5,496.5,566.5,1900590
2009-06-22,567,578,517.5,522,1187619
2009-06-23,514,540,508.5,532,1354310
2009-06-24,532,538.5,525,535,1343690
2009-06-25,535.5,539,525.5,537,958623
2009-06-26,540,551,524.5,533,820002
2009-06-29,527.5,537,513,533.5,876296
2009-06-30,538.5,543.5,513.5,520,999967
2009-07-01,519.5,544,519.5,538.5,795929
2009-07-02,535.5,543,505,514,798483
2009-07-03,510,513.5,494.5,500.5,457220
2009-07-06,495.25,512.5,473.25,478.75,669955
2009-07-07,485.5,493,454.75,463.25,1445047
2009-07-08,458.5,462.5,438,442.5,1188114
2009-07-09,463,491.25,462.25,487,1305227
2009-07-10,490.5,496.25,463,482,1175263
2009-07-13,483.5,483.5,447,470.5,1046888
2009-07-14,475,533,474.75,533,1308044
2009-07-15,539.5,565,535,561,876481
2009-07-16,567,585,550.5,573,1029400
2009-07-17,576.5,579.5,559.5,564,622879
2009-07-20,568,578.5,560,573,354451
2009-07-21,573,598.5,572,596,545288
2009-07-22,595,598.5,582.5,590,726108
2009-07-23,598,644.5,598,634,1082833
2009-07-24,627,636,612.5,623.5,957202
2009-07-27,629,648.5,613,647,628422
2009-07-28,640,669,628.5,634,754485
2009-07-29,626,635,600,606,708557
2009-07-30,604,631,603.5,627.5,702032
2009-07-31,628,642.5,615,624.5,430950
2009-08-03,625,656.5,620.5,642.5,781401
2009-08-04,642,646,617,639.5,549487
2009-08-05,616.5,646.5,604.5,632,688627
2009-08-06,630.5,673.5,628.5,646,815146
2009-08-07,632,650,610,634,670417
2009-08-10,636.5,636.5,596,608.5,741547
2009-08-11,611.5,620,572.5,577.5,864945
2009-08-12,579.5,579.5,548,556.5,1419145
2009-08-13,560.5,585.5,559.5,575.5,1138905
2009-08-14,585,600.5,563.5,569,1100602
2009-08-17,565.5,577,539.5,567.5,889271
2009-08-18,570,581,560,570,342635
2009-08-19,572,603.5,561,603,1280954
2009-08-20,605,617.5,595,607.5,761580
2009-08-21,604.5,625,604.5,620.5,1097217
2009-08-24,628,646.5,627,639.5,666257
2009-08-25,635.5,640,626,637,599501
2009-08-26,622.5,630,600.5,604,803215
2009-08-27,604.5,620,593.5,601,408166
2009-08-28,600.5,626.5,599,623.5,742071
2009-09-01,616.5,640,599.5,610,827966
2009-09-02,607.5,607.5,583,603,876854
2009-09-03,612,664,611,655,2419348
2009-09-04,654.5,683,654.5,675.5,1589009
2009-09-07,675.5,685.5,670,680,571500
2009-09-08,684.5,719,675,714.5,1473541
2009-09-09,707.5,722,699,704.5,1103962
2009-09-10,708,715,686,700,980076
2009-09-11,699,760,699,735.5,1194663
2009-09-14,732,734,705.5,722.5,555949
2009-09-15,729,755.5,727,749,739777
2009-09-16,759,788.5,755.5,784.5,736188
2009-09-17,792,825.5,771.5,796,818175
2009-09-18,785,794.5,772.5,782,1915776
2009-09-21,780.5,782,745,753.5,667945
2009-09-22,759,800,758,780.5,854974
2009-09-23,779,797.5,772,776.5,580285
2009-09-24,768.5,803,753.5,770,1070252
2009-09-25,751,765.5,743.5,751,726297
2009-09-28,747,789,720,780,908876
2009-09-29,783.5,789,765.5,775,909724
2009-09-30,779,785,751,772,1386307
2009-10-01,775.5,790.5,738.5,745,1060656
2009-10-02,746.5,747.5,701.5,733,1177080
2009-10-05,738,754.5,732,750,500564
2009-10-06,752,827,752,824.5,1896678
2009-10-07,833.5,857,808.5,810,1863545
2009-10-08,824,840,818,824,2937816
2009-10-09,822,829,800,816,1108896
2009-10-12,819.5,839,814.5,828.5,500398
2009-10-13,822.5,857,816,837.5,1013168
2009-10-14,855,866,841.5,850.5,1734722
2009-10-15,850.5,858,827,844.5,909125
2009-10-16,843.5,850,809,823,931660
2009-10-19,838.5,858.5,838.5,848,780756
2009-10-20,848,856.5,830.5,832,871557
2009-10-21,836,839.5,803.5,818,951312
2009-10-22,802,815.5,761.5,803,1711381
2009-10-23,809,830.5,809,812,720951
2009-10-26,811.5,841.5,808,826,1170481
2009-10-27,816,823,790.5,792.5,905450
2009-10-28,788.5,806,752,752,1259141
2009-10-29,748,805.5,737.5,802,1074534
2009-10-30,807.5,819.5,735,741.5,1037401
2009-11-02,735,776.5,723.5,768.5,918758
2009-11-03,754.5,762,713.5,751,1005732
2009-11-04,769,820.5,768.5,820,1045238
2009-11-05,810,841,795,841,883273
2009-11-06,843,852,811,838.5,660510
2009-11-09,853.5,885,848.5,875,736545
2009-11-10,880.5,890,837,842.5,738898
2009-11-11,856,903.5,854,892,1220617
2009-11-12,883.5,900,873,876.5,663120
2009-11-13,871,881,857.5,868,2807858
2009-11-16,880.5,898.5,879,890,1024961
2009-11-17,886,897,875,877,1518610
2009-11-18,888,935,884.5,920,828237
2009-11-19,921.5,921.5,865,871.5,1199479
2009-11-20,872,902.5,867.5,875.5,970377
2009-11-23,890,921.5,890,913,566270
2009-11-24,910,923,893,905,496034
2009-11-25,910,925.5,899.5,901,542247
2009-11-26,895,899,845,852.5,698726
2009-11-27,830,854.5,818,845.5,1386695
2009-11-30,843.5,855,828.5,843,824157
2009-12-01,854,906,854,906,1474873
2009-12-02,905,921,894,908,1029099
2009-12-03,910,911,883,886.5,814843
2009-12-04,889,907.5,864,865,1090456
2009-12-07,857.5,861,840,849.5,1038148
2009-12-08,848.5,857,813.5,820,769144
2009-12-09,820,821.5,780.5,793,1411890
2009-12-10,790,810.5,786.5,790,629912
2009-12-11,793,817.5,793,814,918738
2009-12-14,826.5,833.5,816.5,819,338143
2009-12-15,819.5,832,784,797,1083889
2009-12-16,795,820,793,818,815303
2009-12-17,813.5,825.5,801,805,757668
2009-12-18,801.5,817.5,779,779,1009935
2009-12-21,784,801,773.5,780.5,683002
2009-12-22,767.5,794.5,751.5,751.5,739659
2009-12-23,757,764,739.5,748,712289
2009-12-24,746.5,793.5,746.5,793.5,220152
2009-12-29,795,804.5,786.5,791.5,583558
2009-12-30,793.5,797.5,772.5,778,169207
2009-12-31,792,799,773.5,792,64112
2010-01-04,782.5,802,782.5,800,570267
2010-01-05,801.5,828,792,823,709506
2010-01-06,825.5,840,818.5,839.5,759304
2010-01-07,839.5,864,833,853,941949
2010-01-08,849,868.5,848.5,866,576747
2010-01-11,871,894.5,848,852,581256
2010-01-12,847.5,850,797,808,1374902
2010-01-13,801,826.5,792,795.5,854818
2010-01-14,801,817.5,798,804.5,578186
2010-01-15,800.5,815,791,797,1215978
2010-01-18,801.5,813,800,804,279137
2010-01-19,808.5,815,798,807,566513
2010-01-20,809,809,769,776,1350673
2010-01-21,777,788,727.5,728,1736724
2010-01-22,723,731.5,694.5,712.5,1945727
2010-01-25,710,726,706.5,714.5,2010522
2010-01-26,707,707,684.5,698,976340
2010-01-27,695,697,662,672,2410493
2010-01-28,681.5,692,672.5,677,2189690
2010-01-29,681.5,691.5,656.5,671.5,1335140
2010-02-01,669,700.5,665.5,700,1348805
2010-02-02,707.5,728.5,698,724.5,966601
2010-02-03,730.5,736,704,708,711700
2010-02-04,705,710,667.5,671,774583
2010-02-05,664,670.5,647,669.5,1056840
2010-02-08,676,709,672.5,705,1435281
2010-02-09,705,737,704.5,729,1132251
2010-02-10,738.5,747.5,716,723,1258557
2010-02-11,732,753.5,720,730.5,1187565
2010-02-12,740.5,765,704,720.5,966102
2010-02-15,728.5,742.5,726.5,731.5,372107
2010-02-16,739.5,763,735.5,760,647236
2010-02-17,767.5,780,762,770,878383
2010-02-18,768.5,786,750,785.5,726865
2010-02-19,778.5,779,754,774,1120072
2010-02-22,775.5,795,771,777.5,792453
2010-02-23,779,790,746,751.5,724774
2010-02-24,754.5,761,735,757,1136521
2010-02-25,753,759.5,727.5,737,889507
2010-02-26,744.5,754.5,739.5,750.5,935429
2010-03-01,763.5,787,763.5,782.5,781374
2010-03-02,787.5,817.5,785,817.5,1039959
2010-03-03,812.5,841.5,812,839.5,880532
2010-03-04,830,832,809,812.5,659341
2010-03-05,815.5,852,815.5,846.5,761295
2010-03-08,849.5,880,836,848,500834
2010-03-09,848,848,823.5,840,599998
2010-03-10,837,871,834,867,486116
2010-03-11,863,863.5,835.5,842,618980
2010-03-12,839,859,835.5,846,491798
2010-03-15,843,844.5,818.5,820,328268
2010-03-16,821.5,843.5,820.5,826,645370
2010-03-17,838.5,855,833,854,910804
2010-03-18,851,853.5,832,836.5,401478
2010-03-19,841,858.5,824.5,827,1249668
2010-03-22,824.5,831,801,830,433370
2010-03-23,834,844.5,829.5,839.5,521683
2010-03-24,822,839,811,819.5,726676
2010-03-25,822.5,831,795.5,827.5,549887
2010-03-26,827,838,817,834,616057
2010-03-29,835,846,826,835,340452
2010-03-30,841.5,850,836.5,842,1062534
2010-03-31,839.5,852,838,848,865748
2010-04-01,850.5,873.5,850.5,868,570599
2010-04-06,870.5,882.5,866,878,282467
2010-04-07,877,881,865,872.5,453932
2010-04-08,869.5,874,848.5,854,878180
2010-04-09,859.5,885.5,859.5,884,424000
2010-04-12,886,896.5,866.5,867,419611
2010-04-13,866,868,842,846,546104
2010-04-14,853.5,871,844,870,700339
2010-04-15,868,873.5,853.5,865,451921
2010-04-16,858,868.5,839,843,599485
2010-04-19,837,842,825.5,826.5,813695
2010-04-20,827.5,841.5,827.5,837.5,318092
2010-04-21,848,853.5,827,833.5,617571
2010-04-22,832,844.5,805.5,816,791370
2010-04-23,819.5,842.5,809.5,835,782982
2010-04-26,848,854,832,840,1045014
2010-04-27,835.5,835.5,803,803,664616
2010-04-28,795,819.5,793,806.5,762255
2010-04-29,809.5,825,800,818,524507
2010-04-30,821.5,838,800.5,801.5,580052
2010-05-04,786,808.5,759.5,763.5,773544
2010-05-05,782.5,815,760.5,807,1546494
2010-05-06,796,833,789,811.5,1687607
2010-05-07,793,825.5,779,801,1092735
2010-05-10,826.5,873.5,820,861,1306346
2010-05-11,865,865,826,844.5,714813
2010-05-12,839.5,872.5,821.5,862,1036018
2010-05-13,865.5,899.5,865.5,894,975844
2010-05-14,878.5,920,876.5,887,993269
2010-05-17,874,906.5,868,875,710247
2010-05-18,891.5,895,867.5,875.5,640553
2010-05-19,856,859.5,823,841.5,1107168
2010-05-20,844.5,848.5,794.5,815,1158455
2010-05-21,817.5,853,814.5,850,1190800
2010-05-24,861,866,816,841.5,814090
2010-05-25,816,831.5,800,811.5,898002
2010-05-26,826.5,858.5,813,843,781099
2010-05-27,850,888,850,883,1066867
2010-05-28,897,912,887.5,904,1408552
2010-06-01,900,914.5,882,905.5,1136794
2010-06-02,896.5,928,890,920.5,1289631
2010-06-03,944,950,925,928.5,668262
2010-06-04,910,937.5,900.5,907,907323
2010-06-07,884,910,884,897.5,503332
2010-06-08,897,942.5,896.5,939,1211140
2010-06-09,943,989,935.5,982.5,1276662
2010-06-10,978.5,1025,974,1013,1041933
2010-06-11,1022,1024,987.5,1009,1180573
2010-06-14,1028,1063,1028,1060,676399
2010-06-15,1045,1084,1043,1070,603601
2010-06-16,1057,1069,1051,1055,993348
2010-06-17,1044,1047,1013,1025,1684057
2010-06-18,1031,1064,1029,1060,735553
2010-06-21,1083,1115,1080,1086,651594
2010-06-22,1068,1070,1039,1052,802989
2010-06-23,1057,1093,1045,1059,570434
2010-06-24,1078,1078,1018,1026,487559
2010-06-25,1040,1044,1001,1003,651396
2010-06-28,1010,1052,1005,1052,762431
2010-06-29,1029,1035,997,1000,669176
2010-06-30,1002,1017,975,979.5,917694
2010-07-01,973,1008,953,969,1243113
2010-07-02,974,981,955.5,964,926332
2010-07-05,963.5,965.5,946,950,325569
2010-07-06,947,1000,947,996.5,736621
2010-07-07,970.5,1032,970.5,1032,903255
2010-07-08,1053,1073,1043,1060,517523
2010-07-09,1075,1095,1064,1089,661230
2010-07-12,1088,1088,1070,1072,315678
2010-07-13,1064,1097,1064,1097,337460
2010-07-14,1093,1124,1089,1113,604903
2010-07-15,1106,1139,1095,1101,813264
2010-07-16,1108,1109,1057,1060,605446
2010-07-19,1059,1065,1043,1050,461232
2010-07-20,1053,1074,1035,1062,696227
2010-07-21,1070,1112,1070,1095,788787
2010-07-22,1084,1106,1075,1104,568438
2010-07-23,1098,1110,1086,1091,505101
2010-07-26,1096,1100,1051,1063,829347
2010-07-27,1070,1070,1032,1040,858010
2010-07-28,1048,1065,1027,1034,771356
2010-07-29,1031,1049,1029,1029,490801
2010-07-30,1032,1039,1010,1031,570465
2010-08-02,1035,1072,1030,1058,547195
2010-08-03,1074,1080,1039,1070,681863
2010-08-04,1087,1099,1061,1098,576699
2010-08-05,1087,1105,1039,1043,981903
2010-08-06,1056,1076,1049,1057,629386
2010-08-09,1072,1088,1066,1075,299697
2010-08-10,1069,1076,1051,1062,591549
2010-08-11,1058,1059,1021,1022,412000
2010-08-12,1017,1032,1008,1022,435422
2010-08-13,1028,1038,1002,1004,401794
2010-08-16,1004,1023,995,1018,256512
2010-08-17,1017,1051,1017,1051,411385
2010-08-18,1053,1053,1013,1025,605362
2010-08-19,1036,1039,999.5,1002,429689
2010-08-20,1010,1010,982,990,467386
2010-08-23,994.5,1030,983,1011,534373
2010-08-24,995.5,1009,986.5,1000,631932
2010-08-25,1001,1017,984,997.5,506914
2010-08-26,1000,1053,1000,1045,591816
2010-08-27,1037,1058,1028,1056,350761
2010-08-31,1055,1091,1042,1090,651974
2010-09-01,1101,1138,1101,1119,1014910
2010-09-02,1116,1125,1089,1097,855973
2010-09-03,1107,1131,1086,1109,633862
2010-09-06,1115,1116,1101,1104,270352
2010-09-07,1099,1111,1081,1100,435129
2010-09-08,1099,1123,1092,1120,387539
2010-09-09,1114,1154,1114,1141,391890
2010-09-10,1135,1144,1133,1137,265493
2010-09-13,1141,1162,1137,1160,566046
2010-09-14,1158,1197,1152,1190,714054
2010-09-15,1189,1197,1169,1189,555729
2010-09-16,1189,1190,1170,1181,486136
2010-09-17,1193,1196,1163,1168,853626
2010-09-20,1175,1188,1172,1181,306175
2010-09-21,1181,1203,1174,1196,714760
2010-09-22,1203,1228,1196,1218,585550
2010-09-23,1223,1240,1195,1217,428909
2010-09-24,1209,1240,1197,1232,502426
2010-09-27,1226,1238,1212,1225,338007
2010-09-28,1227,1234,1198,1233,607448
2010-09-29,1244,1253,1223,1250,1172784
2010-09-30,1247,1272,1236,1242,818416
2010-10-01,1264,1288,1234,1270,1134948
2010-10-04,1270,1290,1261,1266,457595
2010-10-05,1265,1304,1259,1300,594961
2010-10-06,1304,1333,1303,1315,510861
2010-10-07,1311,1329,1286,1289,706297
2010-10-08,1265,1276,1224,1248,871413
2010-10-11,1258,1260,1234,1242,495698
2010-10-12,1229,1245,1214,1241,589052
2010-10-13,1267,1300,1265,1282,916075
2010-10-14,1297,1317,1275,1311,687247
2010-10-15,1324,1325,1280,1299,684165
2010-10-18,1288,1296,1258,1291,354716
2010-10-19,1296,1303,1223,1223,630775
2010-10-20,1228,1246,1197,1244,686862
2010-10-21,1237,1269,1236,1250,475506
2010-10-22,1243,1257,1231,1251,530199
2010-10-25,1261,1291,1259,1271,881035
2010-10-26,1262,1285,1239,1264,507650
2010-10-27,1260,1266,1239,1247,711532
2010-10-28,1266,1269,1243,1254,471820
2010-10-29,1254,1255,1226,1250,756566
2010-11-01,1267,1276,1245,1257,525381
2010-11-02,1253,1283,1253,1272,391981
2010-11-03,1294,1314,1281,1293,894483
2010-11-04,1321,1367,1320,1367,604356
2010-11-05,1377,1436,1367,1413,851939
2010-11-08,1419,1419,1388,1410,540311
2010-11-09,1413,1455,1413,1448,818396
2010-11-10,1426,1440,1385,1396,929066
2010-11-11,1424,1461,1420,1460,1304969
2010-11-12,1425,1480,1400,1450,670087
2010-11-15,1442,1464,1420,1453,309500
2010-11-16,1439,1439,1358,1361,1077414
2010-11-17,1351,1366,1328,1346,798346
2010-11-18,1360,1415,1341,1414,683096
2010-11-19,1420,1420,1390,1408,420525
2010-11-22,1429,1437,1388,1404,396559
2010-11-23,1389,1435,1385,1425,856174
2010-11-24,1430,1451,1408,1448,382954
2010-11-25,1453,1476,1438,1469,462628
2010-11-26,1453,1470,1426,1442,457692
2010-11-29,1447,1461,1404,1406,673860
2010-11-30,1412,1424,1379,1411,689390
2010-12-01,1446,1467,1435,1459,807262
2010-12-02,1477,1508,1459,1508,735029
2010-12-03,1522,1575,1513,1568,566680
2010-12-06,1576,1589,1559,1574,1099573
2010-12-07,1574,1641,1574,1605,917272
2010-12-08,1609,1609,1521,1527,1055663
2010-12-09,1547,1578,1504,1518,854985
2010-12-10,1528,1557,1515,1533,491876
2010-12-13,1549,1598,1547,1594,368169
2010-12-14,1597,1598,1573,1595,639821
2010-12-15,1590,1590,1550,1555,729013
2010-12-16,1565,1582,1521,1525,494853
2010-12-17,1542,1558,1514,1538,1389013
2010-12-20,1530,1567,1530,1547,269169
2010-12-21,1569,1605,1569,1594,391481
2010-12-22,1590,1617,1581,1602,226969
2010-12-23,1606,1616,1582,1584,163064
2010-12-24,1585,1607,1585,1607,22913
2010-12-29,1609,1638,1583,1619,229951
2010-12-30,1625,1667,1625,1661,372314
2010-12-31,1670,1688,1659,1668,159444
2011-01-04,1768,1768,1675,1682,795900
2011-01-05,1673,1694,1635,1667,831219
2011-01-06,1676,1688,1566,1578,1103952
2011-01-07,1612,1612,1516,1556,1185522
2011-01-10,1568,1568,1484,1521,1118235
2011-01-11,1529,1574,1514,1559,811437
2011-01-12,1570,1583,1530,1533,851025
2011-01-13,1541,1558,1502,1558,597179
2011-01-14,1578,1595,1478,1492,1882976
2011-01-17,1499,1499,1423,1439,1212729
2011-01-18,1453,1487,1452,1466,551785
2011-01-19,1477,1493,1423,1430,675227
2011-01-20,1432,1433,1333,1346,1415998
2011-01-21,1350,1373,1331,1349,923165
2011-01-24,1361,1372,1335,1355,706714
2011-01-25,1353,1356,1307,1312,802756
2011-01-26,1330,1349,1305,1330,995344
2011-01-27,1338,1405,1331,1337,871129
2011-01-28,1329,1329,1276,1316,1298522
2011-01-31,1315,1315,1278,1296,809390
2011-02-01,1321,1384,1318,1384,1145546
2011-02-02,1410,1429,1394,1429,1059018
2011-02-03,1433,1433,1390,1414,738620
2011-02-04,1431,1445,1414,1418,632425
2011-02-07,1429,1449,1419,1449,451748
2011-02-08,1451,1467,1404,1467,735349
2011-02-09,1472,1473,1418,1425,586842
2011-02-10,1432,1455,1403,1440,1287863
2011-02-11,1443,1476,1430,1469,646345
2011-02-14,1481,1491,1455,1489,702873
2011-02-15,1489,1489,1436,1447,708749
2011-02-16,1464,1509,1445,1484,1261163
2011-02-17,1490,1507,1452,1476,567400
2011-02-18,1483,1508,1465,1507,1081333
2011-02-21,1510,1594,1508,1550,1042350
2011-02-22,1555,1572,1508,1560,1453963
2011-02-23,1554,1554,1503,1533,1316367
2011-02-24,1539,1556,1503,1552,1187846
2011-02-25,1554,1581,1543,1576,604189
2011-02-28,1582,1611,1556,1594,976982
2011-03-01,1629,1654,1569,1596,1194178
2011-03-02,1588,1644,1560,1614,979993
2011-03-03,1631,1651,1600,1614,1166466
2011-03-04,1618,1627,1554,1608,1012195
2011-03-07,1598,1656,1598,1633,1211440
2011-03-08,1636,1647,1570,1602,1222980
2011-03-09,1612,1637,1576,1589,809356
2011-03-10,1564,1564,1494,1513,1410081
2011-03-11,1510,1528,1482,1511,773949
2011-03-14,1491,1519,1482,1499,841298
2011-03-15,1466,1474,1382,1433,1625708
2011-03-16,1446,1446,1391,1400,1355977
2011-03-17,1416,1426,1393,1419,1022574
2011-03-18,1427,1462,1423,1442,1158691
2011-03-21,1467,1491,1452,1485,620999
2011-03-22,1482,1505,1438,1455,728130
2011-03-23,1447,1493,1441,1492,675972
2011-03-24,1499,1546,1498,1533,861513
2011-03-25,1549,1573,1530,1560,542458
2011-03-28,1555,1562,1528,1535,530005
2011-03-29,1542,1568,1522,1568,942732
2011-03-30,1590,1603,1568,1572,606568
2011-03-31,1580,1580,1539,1543,1053952
2011-04-01,1554,1571,1542,1565,532069
2011-04-04,1564,1624,1557,1611,585799
2011-04-05,1616,1625,1594,1621,525436
2011-04-06,1637,1666,1629,1633,700697
2011-04-07,1640,1649,1605,1608,657790
2011-04-08,1629,1658,1626,1646,587504
2011-04-11,1657,1673,1641,1661,569507
2011-04-12,1634,1639.875,1564,1576,902066
2011-04-13,1647,1647,1576,1576,1047465
2011-04-14,1572,1578,1529,1555,796489
2011-04-15,1558,1582,1542,1575,666034
2011-04-18,1576,1576.98,1509,1514,593547
2011-04-19,1523,1569,1523,1559,538921
2011-04-20,1586,1612.161,1575,1612,637652
2011-04-21,1620,1662,1617,1648,586263
2011-04-26,1619,1659,1610,1649,655611
2011-04-27,1645,1650,1599,1606,506470
2011-04-28,1626,1646,1609,1641,601549
2011-05-03,1620,1639,1581.995,1598,957967
2011-05-04,1578,1581,1506,1515,1047380
2011-05-05,1529,1540,1431,1445,1057379
2011-05-06,1445,1450,1395,1436,1459746
2011-05-09,1443,1467,1414,1438,988985
2011-05-10,1449,1475.374,1443,1471,631538
2011-05-11,1480,1484,1411,1411,1323987
2011-05-12,1380,1380,1281,1304,1858363
2011-05-13,1318,1339,1313,1324,1307975
2011-05-16,1311,1371,1297,1351,1092410
2011-05-17,1337,1353,1305,1308,1143813
2011-05-18,1330,1366,1321,1330,1165170
2011-05-19,1349,1356,1317,1325,757665
2011-05-20,1332,1353,1307,1321,794693
2011-05-23,1300,1311,1275,1302,841880
2011-05-24,1302,1359,1302,1356,1158476
2011-05-25,1349,1360,1336,1350,1388102
2011-05-26,1375,1391,1342,1381,1106710
2011-05-27,1401,1419.44,1396,1410,745909
2011-05-31,1425,1458,1424,1458,1032133
2011-06-01,1458,1492,1451,1478,1142990
2011-06-02,1455,1455,1428,1428,631547
2011-06-03,1438,1438,1380,1404,718976
2011-06-06,1399,1429,1392,1428,426643
2011-06-07,1421,1443,1419,1427,545326
2011-06-08,1414,1425,1360,1393,1019631
2011-06-09,1384,1428,1379,1417,615354
2011-06-10,1418,1425,1374,1377,720633
2011-06-13,1373,1388,1361,1378,737315
2011-06-14,1380,1395,1363,1377,849976
2011-06-15,1372,1386,1346,1346,988312
2011-06-16,1329,1337,1308,1327,760919
2011-06-17,1330,1346,1305,1329,925161
2011-06-20,1300,1310,1283,1307,632176
2011-06-21,1317,1368,1317,1368,559709
2011-06-22,1372,1386,1359,1380,382706
2011-06-23,1365,1382,1333,1341,712535
2011-06-24,1372,1391,1352,1357,1009109
2011-06-27,1349,1378,1347,1375,655881
2011-06-28,1375,1411,1373,1398,712480
2011-06-29,1405,1423,1394,1415,553804
2011-06-30,1415,1415,1394,1402,809062
2011-07-01,1399,1402,1375,1399,442990
2011-07-04,1398,1411,1394,1404,450950
2011-07-05,1404,1410,1393,1400,423759
2011-07-06,1400,1414,1374,1405,651741
2011-07-07,1416,1451,1400,1443,587964
2011-07-08,1447,1460,1414,1424,542633
2011-07-11,1418,1439,1418,1434,811718
2011-07-12,1410,1441,1401,1440,664198
2011-07-13,1440,1555,1440,1520,866328
2011-07-14,1510,1616,1510,1595,1207000
2011-07-15,1578,1644,1574,1625,1010425
2011-07-18,1616,1673,1616,1659,926407
2011-07-19,1668,1676,1650,1660,649256
2011-07-20,1667,1674,1627,1652,675817
2011-07-21,1656,1664,1618,1644,701620
2011-07-22,1664,1695,1654,1681,614327
2011-07-25,1673,1747,1672,1729,705737
2011-07-26,1725,1731.788,1677,1692,644948
2011-07-27,1689,1726,1684,1700,479764
2011-07-28,1686,1727,1682,1722,521076
2011-07-29,1700,1775,1700,1760,1089334
2011-08-01,1770,1782,1730,1734,726899
2011-08-02,1705,1840,1695,1813,1431862
2011-08-03,1805,1915,1770,1907,1749659
2011-08-04,1916,1967,1842,1906,1359052
2011-08-05,1833,1917,1803,1824,1633406
2011-08-08,1829,1929,1795,1804,1339210
2011-08-09,1803,1869,1628,1673,1802167
2011-08-10,1709,1735,1613,1634,1111775
2011-08-11,1691,1691,1603,1641,1075259
2011-08-12,1677,1725,1624,1725,639934
2011-08-15,1746,1829,1733,1796,531677
2011-08-16,1816,1870.025,1772,1861,688074
2011-08-17,1841,1966.197,1823,1966,1365509
2011-08-18,1948,1949,1824,1840,710372
2011-08-19,1848,2017,1800,1970,1084884
2011-08-22,1963,2081,1960,2039,852443
2011-08-23,2058,2078,1853,1892,1482350
2011-08-24,1900,1946,1853,1872,1037563
2011-08-25,1875,1892,1803,1817,853246
2011-08-26,1831,1878.188,1785,1878,697234
2011-08-30,1902,1999,1901,1999,762554
2011-08-31,1997,2122,1989,2100,1155521
2011-09-01,2101,2101,2005,2022,674629
2011-09-02,1999,2059,1983,2033,657333
2011-09-05,2002,2030,1976,1986,438951
2011-09-06,1980,2074,1978,2064,852497
2011-09-07,2105,2129,2017,2057,719836
2011-09-08,2072,2172,2039,2147,689778
2011-09-09,2150,2213,2134,2150,1131540
2011-09-12,2096,2099,1986,1989,1164076
2011-09-13,1966,1979,1911,1930,955546
2011-09-14,1932,1979,1901,1927,958619
2011-09-15,1934,1951,1900,1907,816994
2011-09-16,1918,1923,1860,1882,1317682
2011-09-19,1869,1893.493,1810,1867,747928
2011-09-20,1855,1952,1845,1943,557696
2011-09-21,1925,1985,1910,1935,778649
2011-09-22,1872,1875,1701,1709,820736
2011-09-23,1716,1734,1612,1636,929656
2011-09-26,1526,1583.485,1489,1524,1264670
2011-09-27,1577,1688,1577,1681,862160
2011-09-28,1640,1675,1574,1585,709504
2011-09-29,1574,1581,1511,1514,582554
2011-09-30,1506,1607,1476,1586,1065523
2011-10-03,1565,1628.804,1524,1604,740303
2011-10-04,1592,1592,1471,1499,863902
2011-10-05,1520,1552,1473,1541,565330
2011-10-06,1562,1658,1555,1641,1077200
2011-10-07,1650,1687,1617,1663,482226
2011-10-10,1680,1719,1648,1717,372526
2011-10-11,1710,1713,1657,1699,421687
2011-10-12,1626,1675.127,1588,1665,819948
2011-10-13,1662,1678,1590,1629,644008
2011-10-14,1646,1705,1632,1660,389908
2011-10-17,1664,1688,1614,1629,317313
2011-10-18,1615,1621,1542,1597,612751
2011-10-19,1621,1627,1550,1555,437431
2011-10-20,1536,1537,1492,1498,549445
2011-10-21,1512,1524,1483,1505,793527
2011-10-24,1525,1572.385,1521,1556,581346
2011-10-25,1550,1587,1508,1584,699660
2011-10-26,1592,1654,1592,1654,763524
2011-10-27,1733,1746,1692,1729,724640
2011-10-28,1738,1748,1705,1722,655414
2011-10-31,1707,1737,1686,1698,753996
2011-11-01,1666,1676,1628,1656,600487
2011-11-02,1679,1799,1660,1783,872317
2011-11-03,1758,1884,1737,1880,827798
2011-11-04,1891,1930,1817,1839,563073
2011-11-07,1835,1872,1797,1866,464260
2011-11-08,1866,1904,1858,1862,355715
2011-11-09,1875,1890,1812,1832,466264
2011-11-10,1801,1854,1771,1829,742364
2011-11-11,1838,1848,1792,1848,372431
2011-11-14,1876,1890.125,1804,1812,284569
2011-11-15,1808,1880,1781,1867,421769
2011-11-16,1858,1882,1798,1869,545491
2011-11-17,1759,1839.75,1758.185,1759,1097424
2011-11-18,1753,1753.9,1683,1711,772141
2011-11-21,1593,1678.75,1578,1593,937188
2011-11-22,1610,1622.5,1549,1577,682592
2011-11-23,1559,1578,1528,1537,592695
2011-11-24,1539,1614,1534.375,1605,660418
2011-11-25,1595,1610,1568,1583,433864
2011-11-28,1587,1625,1580,1621,425644
2011-11-29,1624,1648,1602,1639,409163
2011-11-30,1623,1753,1590,1714,968717
2011-12-01,1724,1792,1708,1741,551922
2011-12-02,1758,1820,1749,1753,414007
2011-12-05,1767,1787,1740,1757,329197
2011-12-06,1725,1786,1704,1750,532444
2011-12-07,1774,1791,1739,1757,427806
2011-12-08,1779,1783.151,1713,1729,567485
2011-12-09,1704,1791.281,1695,1769,381296
2011-12-12,1772,1777,1654,1654,455797
2011-12-13,1660,1694,1654,1681,477085
2011-12-14,1636,1637,1481,1494,1493338
2011-12-15,1500,1565,1474,1512,930103
2011-12-16,1507,1581,1507,1553,738131
2011-12-19,1549,1560,1503,1514,432848
2011-12-20,1506,1550,1495,1540,541059
2011-12-21,1565,1581,1518,1528,652840
2011-12-22,1526,1554,1520,1539,338617
2011-12-23,1547,1552,1532,1534,99181
2011-12-28,1550,1550,1505,1506,305790
2011-12-29,1514,1534,1485.15,1502,334521
2011-12-30,1500,1527,1495,1527,159163
2012-01-03,1564,1594,1549,1594,557760
2012-01-04,1597,1625,1538,1569,614117
2012-01-05,1579,1636,1573,1620,652659
2012-01-06,1615,1669,1599,1661,658853
2012-01-09,1667,1707.6,1628.8,1638,825956
2012-01-10,1662,1747,1649,1732,786643
2012-01-11,1734,1786,1723,1757,726688
2012-01-12,1768,1823.976,1732,1733,570536
2012-01-13,1740,1749,1648,1687,855842
2012-01-16,1686,1715,1680,1707,569062
2012-01-17,1736,1755,1724,1753,437879
2012-01-18,1758,1775,1716,1765,491138
2012-01-19,1769,1797,1734,1768,511621
2012-01-20,1777,1777,1721,1725,596868
2012-01-23,1726,1789,1708.7,1784,582124
2012-01-24,1781,1790,1737,1752,706794
2012-01-25,1770,1785,1710,1743,524296
2012-01-26,1786,1831,1772,1817,1075719
2012-01-27,1812,1842,1797,1801,692890
2012-01-30,1790,1803,1760,1775,707268
2012-01-31,1804,1804,1736,1736,917921
2012-02-01,1755,1815,1728,1806,532128
2012-02-02,1826,1857,1801,1848,549695
2012-02-03,1844,1853,1823.57,1850,396086
2012-02-06,1843,1849.866,1804,1817,516132
2012-02-07,1825,1836,1780,1801,490743
2012-02-08,1812,1840,1792,1797,293443
2012-02-09,1805,1809,1775,1793,494213
2012-02-10,1779,1796,1742,1754,642257
2012-02-13,1773,1804,1763,1773,288827
2012-02-14,1764,1784,1743,1784,454075
2012-02-15,1807,1807,1748,1762,643060
2012-02-16,1756,1756,1704,1733,425465
2012-02-17,1752,1753,1711,1720,414864
2012-02-20,1741,1773,1733,1747,234626
2012-02-21,1751,1755.179,1724,1750,434505
2012-02-22,1756,1787,1732,1777,506326
2012-02-23,1773,1891,1771,1885,922488
2012-02-24,1895,1899,1851,1864,488710
2012-02-27,1848,1866,1830,1858,439108
2012-02-28,1857,1912,1844,1906,573291
2012-02-29,1914,1972,1899,1902,1023701
2012-03-01,1895,1955,1868,1913,594065
2012-03-02,1920,1928,1885,1896,400814
2012-03-05,1879,1879,1817,1832,481772
2012-03-06,1849,1888,1818,1830,952528
2012-03-07,1862,1870,1776,1839,975483
2012-03-08,1852,1871,1805,1824,601104
2012-03-09,1819,1819.25,1744,1801,1322512
2012-03-12,1801,1821,1788.366,1811,636073
2012-03-13,1826,1840,1807,1830,468880
2012-03-14,1845,1858,1788,1793,1014253
2012-03-15,1809,1838,1772,1780,663695
2012-03-16,1789,1838,1774,1797,785359
2012-03-19,1802,1808.95,1761.64,1776,404161
2012-03-20,1767,1776,1665,1687,1013663
2012-03-21,1700,1763,1694,1737,768322
2012-03-22,1730,1734,1600,1621,1365460
2012-03-23,1627,1668,1600,1660,1097116
2012-03-26,1678,1712,1634,1688,702276
2012-03-27,1700,1725,1669,1678,582298
2012-03-28,1677,1682,1604.8,1609,806844
2012-03-29,1614,1649.84,1575,1599,980118
2012-03-30,1617,1638,1593,1598,963548
2012-04-02,1624,1664,1615,1664,850029
2012-04-03,1665,1690,1651.255,1671,677246
2012-04-04,1662,1670,1528,1533,1614581
2012-04-05,1540,1571.844,1533,1539,1217387
2012-04-10,1529,1563,1516,1516,870392
2012-04-11,1517,1588,1513,1568,965429
2012-04-12,1583,1623,1576,1615,877628
2012-04-13,1623,1626,1572,1578,634317
2012-04-16,1570,1594,1552,1560,693858
2012-04-17,1550,1574,1520,1573,742295
2012-04-18,1581,1651,1569,1624,1429697
2012-04-19,1655,1666,1625,1626,736805
2012-04-20,1631,1643,1606,1632,744111
2012-04-23,1616,1618,1531,1559,514626
2012-04-24,1576,1592.5,1552,1569,468277
2012-04-25,1553,1603,1549,1597,746274
2012-04-26,1605,1638,1585,1614,690938
2012-04-27,1602,1621,1586,1613,395911
2012-04-30,1628,1628,1554,1560,619227
2012-05-01,1575,1614,1555,1613,304489
2012-05-02,1623,1625.302,1551,1569,773961
2012-05-03,1571,1589,1550,1561,481988
2012-05-04,1562,1563.165,1495,1506,673715
2012-05-08,1499,1516.8,1394,1394,1201114
2012-05-09,1400,1400,1322,1376,2045233
2012-05-10,1390,1428,1345.403,1417,1017671
2012-05-11,1411,1419,1381,1417,791505
2012-05-14,1411,1411,1365,1381,461659
2012-05-15,1386,1410,1366,1380,705197
2012-05-16,1356,1357,1314,1323,1474139
2012-05-17,1331,1351,1292,1330,1697628
2012-05-18,1318,1374.8,1301,1358,1143824
2012-05-21,1351,1367,1306,1319,792310
2012-05-22,1341,1411,1336,1387,998213
2012-05-23,1367,1367,1307,1312,807809
2012-05-24,1337,1354,1317,1347,638950
2012-05-25,1350,1358,1303,1317,785533
2012-05-28,1337,1354,1322,1322,298101
2012-05-29,1349,1359,1328,1348,542714
2012-05-30,1339,1339,1295,1307,689899
2012-05-31,1319,1348.944,1312,1348,1187745
2012-06-01,1349,1379,1259,1371,1753310
2012-06-06,1419,1475.336,1402.396,1472,1301657
2012-06-07,1475,1513,1422,1442,1177318
2012-06-08,1430,1447,1405,1442,928605
2012-06-11,1487,1488.129,1388,1396,760076
2012-06-12,1400,1437,1387,1429,926210
2012-06-13,1431,1493,1423,1487,1054012
2012-06-14,1475,1479,1434,1452,1044755
2012-06-15,1470,1532.919,1465,1532,4234508
2012-06-18,1549,1567,1519,1558,987444
2012-06-19,1557,1585,1540,1549,964563
2012-06-20,1558,1596,1528,1543,1022946
2012-06-21,1525,1559,1492,1492,1143497
2012-06-22,1481,1488,1416,1418,1140318
2012-06-25,1428,1438,1408,1418,1119614
2012-06-26,1430,1449,1415,1428,758100
2012-06-27,1443,1444,1398,1421,540948
2012-06-28,1429,1433,1380,1415,780872
2012-06-29,1466,1484,1439,1457,745637
2012-07-02,1460,1493,1452,1490,584172
2012-07-03,1478,1525,1469,1524,620543
2012-07-04,1517,1533,1510,1513,280711
2012-07-05,1506,1542,1485,1499,676064
2012-07-06,1489,1499,1473,1483,378022
2012-07-09,1491,1492,1464,1474,404567
2012-07-10,1487,1491,1444,1484,559065
2012-07-11,1472,1485,1442,1448,536070
2012-07-12,1436,1443,1396,1405,855140
2012-07-13,1429,1452,1407,1444,521090
2012-07-16,1441,1441,1417,1423,370662
2012-07-17,1431,1434,1402,1408,534488
2012-07-18,1431,1480,1424,1430,724326
2012-07-19,1438,1438,1404,1428,512848
2012-07-20,1425,1435,1387,1389,539482
2012-07-23,1379,1389.578,1334,1357,496334
2012-07-24,1360,1371,1347,1360,331272
2012-07-25,1366,1405,1355,1375,616161
2012-07-26,1391,1412,1351,1407,607819
2012-07-27,1423,1430,1398,1418,630101
2012-07-30,1428,1462,1411,1453,508249
2012-07-31,1438,1461,1403,1456,730360
2012-08-01,1453,1454,1419,1446,508679
2012-08-02,1449,1471,1421,1428,719582
2012-08-03,1433,1472.25,1423,1464,494964
2012-08-06,1465,1494,1458,1491,347664
2012-08-07,1493,1530.153,1488.45,1530,530495
2012-08-08,1525,1565,1511,1565,653473
2012-08-09,1570,1593.031,1555.399,1581,1037300
2012-08-10,1578,1593,1561,1581,615230
2012-08-13,1587,1587,1558,1564,399870
2012-08-14,1570,1576,1536,1545,382164
2012-08-15,1533,1540,1482,1489,500817
2012-08-16,1499,1536,1495,1511,504637
2012-08-17,1517,1527,1506,1524,446981
2012-08-20,1528,1528,1485,1494,330265
2012-08-21,1502,1602,1501.5,1581,716190
2012-08-22,1558,1558,1504,1526,810173
2012-08-23,1550,1604,1547.823,1586,858428
2012-08-24,1578,1585,1546,1582,536879
2012-08-28,1590,1607,1565,1583,385040
2012-08-29,1582,1595.993,1555,1569,570011
2012-08-30,1564,1564,1532.609,1543,435073
2012-08-31,1545,1583,1544,1561,614690
2012-09-03,1565,1652,1565,1627,895137
2012-09-04,1637,1639.2,1605,1612,845016
2012-09-05,1617,1642,1587,1638,701094
2012-09-06,1655,1713,1655,1688,987713
2012-09-07,1709,1740,1683.2,1724,922880
2012-09-10,1730,1806,1721,1756,604260
2012-09-11,1745,1745,1694,1707,1018933
2012-09-12,1716,1736,1667,1684,1005396
2012-09-13,1686,1710,1670,1703,526032
2012-09-14,1770,1912,1769,1870,2525017
2012-09-17,1862,1889,1835,1846,654409
2012-09-18,1834,1840,1794,1829,731885
2012-09-19,1854,1874.356,1831,1868,739536
2012-09-20,1842,1843,1802,1829,854305
2012-09-21,1849,1893,1821,1833,927734
2012-09-24,1815,1820,1761,1803,665149
2012-09-25,1809,1812,1773,1792,636346
2012-09-26,1711,1786,1690,1762,991605
2012-09-27,1776,1794,1750,1778,596733
2012-09-28,1795,1865,1795,1853,1176714
2012-10-01,1855,1885,1850.625,1881,462303
2012-10-02,1887,1940,1869.604,1920,1206197
2012-10-03,1906,1928.715,1897,1904,712377
2012-10-04,1913,1945,1887,1929,547880
2012-10-05,1937,1985,1935,1967,569778
2012-10-08,1938,1965,1896,1958,416805
2012-10-09,1968,1998,1954,1973,528081
2012-10-10,1964,1980,1888.415,1926,824619
2012-10-11,1920,1968,1920,1954,449195
2012-10-12,1950,1964,1939,1940,326285
2012-10-15,1902,1957,1902,1916,727334
2012-10-16,1933,1951,1919,1938,702182
2012-10-17,1940,1976.428,1930,1964,1021984
2012-10-18,1972,1990,1916,1918,850623
2012-10-19,1914,1933,1886,1892,1083536
2012-10-22,1887,1931,1881.19,1916,443729
2012-10-23,1924,1924,1854,1869,703057
2012-10-24,1873,1898,1841,1889,702989
2012-10-25,1899,1965,1889,1930,773567
2012-10-26,1913,1921,1873,1912,621965
2012-10-29,1904,1912,1875,1887,398100
2012-10-30,1883,1907,1871,1891,259181
2012-10-31,1880,1932,1879,1919,712330
2012-11-01,1914,1948,1901,1941,445022
2012-11-02,1935,1964,1911,1920,650254
2012-11-05,1900,1918,1879,1909,510864
2012-11-06,1904,1934,1904,1926,345397
2012-11-07,1942,1953,1913,1924,820652
2012-11-08,1944,1948,1903.664,1910,519863
2012-11-09,1908,1937,1895,1929,734121
2012-11-12,1928,1953,1922,1936,387725
2012-11-13,1924,1951,1905,1936,680125
2012-11-14,1934,1958.236,1929,1935,548455
2012-11-15,1905,1966,1895.55,1948,574902
2012-11-16,1941,1958,1876,1877,729939
2012-11-19,1904,1948,1904,1946,338815
2012-11-20,1942,1984,1938,1980,464860
2012-11-21,1962,1971,1943,1967,384742
2012-11-22,1980,1986.234,1947,1965,356768
2012-11-23,1958,1983,1952,1976,221609
2012-11-26,1975,1979,1933,1979,312467
2012-11-27,1981,2033,1976,1980,674959
2012-11-28,1970,1976.05,1935,1955,586327
2012-11-29,1965,2005,1964,1993,453194
2012-11-30,1991,2014,1982,1988,499485
2012-12-03,1985,2032,1983,1989,351470
2012-12-04,1982,1984.22,1930,1958,799421
2012-12-05,1982,1992,1946,1957,485962
2012-12-06,1963,1989,1953,1967,434405
2012-12-07,1965,1986,1951,1969,363574
2012-12-10,1960,1974,1946,1961,324813
2012-12-11,1952,1969,1935,1952,548249
2012-12-12,1952,1966,1937,1964,494351
2012-12-13,1970,1974,1930,1937,480766
2012-12-14,1939,1955,1925,1950,352132
2012-12-17,1949,1950.25,1930,1940,331660
2012-12-18,1944,1971,1938,1942,411265
2012-12-19,1935,1940,1907,1911,609741
2012-12-20,1899,1913,1874,1878,541844
2012-12-21,1870,1879,1827,1872,764815
2012-12-24,1877,1904,1851,1895,139332
2012-12-27,1885,1922,1872,1884,251617
2012-12-28,1878,1904,1856,1859,208747
2012-12-31,1849,1860,1836,1847,143627
2013-01-02,1854,1918,1854,1900,437492
2013-01-03,1900,1916,1880,1885,253932
2013-01-04,1838,1839,1766,1810,1040483
2013-01-07,1802,1802,1762,1775,665712
2013-01-08,1775,1777,1738,1742,598048
2013-01-09,1746,1777.688,1743,1770,762735
2013-01-10,1768,1768,1745,1750,430878
2013-01-11,1748,1766,1737.9,1743,775983
2013-01-14,1743,1756,1733,1749,389246
2013-01-15,1742,1771,1740.983,1766,566524
2013-01-16,1761,1784,1756.82,1762,663185
2013-01-17,1751,1797,1747,1781,641417
2013-01-18,1795,1796,1750,1750,850034
2013-01-21,1761,1787,1755,1775,612167
2013-01-22,1766,1772,1688.75,1725,1379320
2013-01-23,1707,1730,1685,1702,838477
2013-01-24,1693,1717,1667,1703,558443
2013-01-25,1695,1702,1675,1698,606509
2013-01-28,1698,1709,1660,1663,535395
2013-01-29,1662,1672.001,1656,1666,548631
2013-01-30,1671,1695.565,1665,1681,544245
2013-01-31,1674,1682.52,1657.495,1658,890211
2013-02-01,1662,1710,1662,1705,420048
2013-02-04,1704,1708,1658,1663,364024
2013-02-05,1660,1694.389,1660,1674,404809
2013-02-06,1676,1705,1675,1684,342652
2013-02-07,1683,1688.125,1657,1669,323314
2013-02-08,1677,1685,1655,1660,360463
2013-02-11,1658,1667,1648,1660,497091
2013-02-12,1655,1659,1641,1657,375180
2013-02-13,1659,1707,1659,1689,812867
2013-02-14,1682,1692,1655,1655,451936
2013-02-15,1602,1620.422,1549,1550,1238525
2013-02-18,1556,1558,1525.485,1540,576584
2013-02-19,1541,1554,1533.875,1547,528632
2013-02-20,1547,1553,1500.947,1512,606377
2013-02-21,1504,1513,1479.75,1501,716341
2013-02-22,1500,1513,1483,1488,1534525
2013-02-25,1491,1517.4,1489.738,1503,601784
2013-02-26,1500,1517,1486,1515,877035
2013-02-27,1516,1552,1505,1550,759964
2013-02-28,1550,1558,1523,1553,799532
2013-03-01,1545,1550,1506,1513,663324
2013-03-04,1502,1511.787,1484.5,1489,464578
2013-03-05,1496,1522,1488,1507,592832
2013-03-06,1515,1524,1495,1515,613286
2013-03-07,1525,1540,1502,1502,738771
2013-03-08,1507,1508,1457,1479,1011943
2013-03-11,1470,1492,1462,1490,487076
2013-03-12,1483,1496,1414,1481,901812
2013-03-13,1481,1499.663,1478,1484,883020
2013-03-14,1482,1489,1457,1457,974508
2013-03-15,1467,1480,1448,1480,1898634
2013-03-18,1455,1470,1411,1456,1114851
2013-03-19,1431,1435.236,1384,1406,1208657
2013-03-20,1410,1423,1385.649,1406,903343
2013-03-21,1408,1416,1373,1386,728696
2013-03-22,1379,1399,1379,1389,444212
2013-03-25,1397,1401,1366,1371,562878
2013-03-26,1372,1404,1358,1399,751995
2013-03-27,1407,1412,1366,1376,907508
2013-03-28,1370,1381,1355,1356,746572
2013-04-02,1356,1372,1351,1366,614821
2013-04-03,1356,1356,1294,1306,1490883
2013-04-04,1300,1313,1281,1287,1248432
2013-04-05,1293,1317,1285,1309,1157014
2013-04-08,1316,1329,1287,1319,605603
2013-04-09,1322,1358.338,1322,1354,664139
2013-04-10,1360,1376,1317,1323,776765
2013-04-11,1320,1320,1270,1291,933912
2013-04-12,1287,1309,1269.418,1273,962755
2013-04-15,1253,1254,1044,1080,3463969
2013-04-16,1087,1166,1085.658,1161,1924067
2013-04-17,1139,1139,1051,1074,1572393
2013-04-18,1060,1114,1045,1086,1838861
2013-04-19,1150,1195.375,1093,1117,1440385
2013-04-22,1132,1139,1100,1116,1087654
2013-04-23,1111,1123,1071,1092,1138363
2013-04-24,1097,1147,1095,1129,1195397
2013-04-25,1150,1181.222,1100,1169,2516305
2013-04-26,1167,1180,1138,1153,1087470
2013-04-29,1160,1198,1156,1180,992033
2013-04-30,1185,1196,1151,1152,1271319
2013-05-01,1166,1187,1138,1147,372258
2013-05-02,1140,1171,1128,1165,774357
2013-05-03,1173,1206,1166,1202,697486
2013-05-07,1200,1213,1160,1175,1129478
2013-05-08,1177,1200,1152,1171,793498
2013-05-09,1164,1185,1153,1171,732391
2013-05-10,1167,1178,1139.875,1152,809048
2013-05-13,1156,1170,1135,1151,600313
2013-05-14,1149,1149,1102,1123,1372152
2013-05-15,1120,1126,1104,1120,1159744
2013-05-16,1115,1121,1060,1077,1505638
2013-05-17,1076,1093.99,1058,1069,909610
2013-05-20,1020,1051.14,998.5,1034,613660
2013-05-21,1042,1086,1042,1051,1099067
2013-05-22,1050,1091,1035,1076,1248336
2013-05-23,1051,1083,1047,1080,1153815
2013-05-24,1083,1089.674,1069,1078,808107
2013-05-28,1097,1102.44,1073,1083,597596
2013-05-29,1078,1097,1056,1089,677636
2013-05-30,1088,1164,1088,1156,1202858
2013-05-31,1169,1184,1148,1153,1431782
2013-06-03,1149,1159,1140,1153,524284
2013-06-04,1158,1172,1151,1165,1346874
2013-06-05,1155,1167.625,1113,1116,823099
2013-06-06,1116,1133,1109,1115,581984
2013-06-07,1118,1176,1115.92,1144,909389
2013-06-10,1133,1142,1117,1118,624680
2013-06-11,1104,1108.2,1047,1076,948815
2013-06-12,1077,1089,1057,1069,985266
2013-06-13,1050,1093.354,1049,1083,538691
2013-06-14,1091,1110,1069,1101,565585
2013-06-17,1102,1104,1086,1097,598594
2013-06-18,1092,1101,1058,1073,522723
2013-06-19,1077,1087,1040.42,1045,575991
2013-06-20,1020,1022.8,957.5,960.5,1289108
2013-06-21,957,974.5,910.5,911,2440016
2013-06-24,904,907.5,876,887.5,1370756
2013-06-25,925,925,892.5,898.5,911633
2013-06-26,896,896.688,862,866.5,1234793
2013-06-27,874,898,865.5,882,1407203
2013-06-28,880,887,846,882,1872413
2013-07-01,894,922,879.5,909.5,1670531
2013-07-02,912.5,930.5,901.5,918.5,1160629
2013-07-03,907.5,917,881,916.5,1311288
2013-07-04,926.5,947.5,916,941.5,727314
2013-07-05,945.5,945.5,883.5,886.5,877115
2013-07-08,888.5,928,877,921,962567
2013-07-09,937.5,962.5,934,951,883383
2013-07-10,915,930.5,899,903.5,1625612
2013-07-11,964,1023,962.5,1018,1803336
2013-07-12,1015,1015,975.5,981,937451
2013-07-15,983.5,1021,953,958.5,780704
2013-07-16,964.5,1023.796,964.5,1016,1379531
2013-07-17,1012,1073,1012,1042,1337216
2013-07-18,1036,1043,1011,1031,858139
2013-07-19,1001,1033,995,1029,1426061
2013-07-22,1056,1088,1045,1064,1022999
2013-07-23,1076,1104,1070,1091,800200
2013-07-24,1101,1101,1064,1069,1373157
2013-07-25,1062,1062.64,1012,1025,1013087
2013-07-26,1033,1050,1016,1026,849826
2013-07-29,1027,1059,1012,1051,657671
2013-07-30,1051,1055,1024,1048,589553
2013-07-31,1042,1067,1024,1029,940781
2013-08-01,1054,1092,1046,1084,844305
2013-08-02,1070,1070,1023,1041,1094896
2013-08-05,1031,1044,1017,1037,581027
2013-08-06,996,1007,917,924.5,2523231
2013-08-07,905.5,942.5,876,932,1388639
2013-08-08,932.5,975,927.5,957,826073
2013-08-09,970,1043,956.5,1035,1533352
2013-08-12,1051,1118,1043,1103,1257307
2013-08-13,1108,1175,1104,1165,1381500
2013-08-14,1132,1190,1132,1161,1092377
2013-08-15,1160,1166,1114.9,1125,823175
2013-08-16,1160,1201.25,1147,1172,1595179
2013-08-19,1150,1163,1135,1157,705571
2013-08-20,1134,1190,1109,1184,1306806
2013-08-21,1180,1180,1152,1164,886829
2013-08-22,1163,1228.273,1152,1215,1161887
2013-08-23,1214,1239,1205.611,1223,813636
2013-08-27,1210,1333,1210,1310,1548149
2013-08-28,1300,1334,1266,1288,1592674
2013-08-29,1273,1341,1241.955,1321,2966802
2013-08-30,1318,1350.25,1278,1303,2065211
2013-09-02,1303,1328.44,1272,1275,1742716
2013-09-03,1262,1294,1244,1278,1173097
2013-09-04,1285,1314,1258,1263,1413561
2013-09-05,1263,1289,1254,1281,1189401
2013-09-06,1275,1275,1242,1264,1541706
2013-09-09,1269,1309,1264,1269,1243437
2013-09-10,1270,1275,1222,1225,1525028
2013-09-11,1225,1232,1175,1218,1538216
2013-09-12,1218,1233,1180,1194,1679733
2013-09-13,1188,1204,1148,1198,1767502
2013-09-16,1112,1120,1027,1045,4648920
2013-09-17,1036,1063,1033,1041,1626292
2013-09-18,1038,1047,1005,1008,1108197
2013-09-19,1100,1125,1048,1069,3463531
2013-09-20,1061,1067,1028,1033,1875772
2013-09-23,1032,1038.023,1009,1013,858589
2013-09-24,1011,1018,963.5,971,1755047
2013-09-25,975.5,1009,975,1006,1209676
2013-09-26,1006,1026,997.7272,1008,1235593
2013-09-27,1008,1012,987.5,1000,963734
2013-09-30,988,997.5,959.813,973,1034333
2013-10-01,970,975,919,924.5,1441955
2013-10-02,915,943.5,908,935,1153642
2013-10-03,950,950,907,910,982865
2013-10-04,910,917,888,913.5,965021
2013-10-07,930.5,935,920.5,931.5,904863
2013-10-08,933.5,944.5,913.5,942.5,907434
2013-10-09,940,954.5,924.5,932,835210
2013-10-10,938.5,946,928.5,935.5,755249
2013-10-11,940.5,940.5,913.5,927,908733
2013-10-14,920.5,937,916.5842,937,692751
2013-10-15,947.5,958.85,942.5,953,1518647
2013-10-16,954,962.188,921.5,937.5,924520
2013-10-17,928.5,962,921,952.5,1039897
2013-10-18,970,992.5,921,988.5,1375311
2013-10-21,989,1000,968,978,1026976
2013-10-22,978.5,1011.628,962,1006,1191294
2013-10-23,1007,1016,992,994,855043
2013-10-24,993.5,1031.25,991,1022,838520
2013-10-25,1035,1050,1025.57,1037,933277
2013-10-28,1047,1050,1011,1042,637417
2013-10-29,1038,1042.2,1009,1019,648233
2013-10-30,1013,1025,998.5,1019,751793
2013-10-31,1015,1015,970,975.5,1066939
2013-11-01,979.5,983.408,950,957.5,875838
2013-11-04,964.5,1010,962.436,1001,941355
2013-11-05,1002,1024,999,1002,755590
2013-11-06,1001,1008,983.4,990,568145
2013-11-07,984,1021,966.5,970,1197339
2013-11-08,960.5,972.1505,948.5,960.5,868340
2013-11-11,961.5,961.813,948,952.5,451934
2013-11-12,947.5,957.5,910.5,915.5,1046704
2013-11-13,910,911.5,898,902,873312
2013-11-14,908,918.5,884,915,1282940
2013-11-15,911,945.5,910.5,941.5,1092211
2013-11-18,936.5,939.84,908,915.5,622464
2013-11-19,910,930,893,913.5,662900
2013-11-20,907,921.5,901.5,904.5,644448
2013-11-21,895,895,861.5,863.5,1228141
2013-11-22,865,868,830.5,840.5,1142233
2013-11-25,850,859.275,836.5,837.5,653833
2013-11-26,835.5,848.3891,818,818,1087047
2013-11-27,818.5,834.925,810,812.5,668428
2013-11-28,811.5,839.5272,806.5,835.5,657222
2013-11-29,836,856.2974,828.7956,833,883953
2013-12-02,826,828.5,756.7393,760,2025755
2013-12-03,756,763.5,725.5,744,2259704
2013-12-04,743,760.5,722.5,739.5,1504545
2013-12-05,743.5,760,732,740.5,1252985
2013-12-06,743.5,759.5,733.5,757,795405
2013-12-09,759,759,727.5,742,830549
2013-12-10,740,765.79,728,756,1326070
2013-12-11,750.5,767,741,755.5,1567398
2013-12-12,742.5,752.5,693,716,1552009
2013-12-13,710.5,724.76,701,717.5,924679
2013-12-16,709,737,709,728.5,692161
2013-12-17,724.5,734.5,710.5,728,750568
2013-12-18,730,743.5,724,727,678147
2013-12-19,723,731.5,692.995,698,1685071
2013-12-20,696.5,702.5,673,697,1576185
2013-12-23,701.5,708.44,684.747,703,420385
2013-12-24,698.5,712.13,698.5,709.5,71450
2013-12-27,713.5,736.5,710.5,735,524321
2013-12-30,733.5,754.1861,732.3682,746,901362
2013-12-31,740,754.7603,740,745.5,203561
2014-01-02,752.5,765.2333,732.9022,755,1126025
2014-01-03,758,773.14,752.5,771.5,661241
2014-01-06,772,781,733.5,735.5,1386864
2014-01-07,739.5,740.925,704.5,705.5,1303681
2014-01-08,706,713.6679,689.5,692,1103093
2014-01-09,697,697,671,674.5,898295
2014-01-10,665,685.5,658,679,1554064
2014-01-13,690,712,682,703.5,1035976
2014-01-14,699.5,714.5,691,710,1239285
2014-01-15,711,712.8882,685,696,695746
2014-01-16,703,738,702,732.5,2089618
2014-01-17,735.5,747,723,732,1423023
2014-01-20,728,777.7389,728,776.5,2017764
2014-01-21,780,786.9311,760.25,772.5,1537051
2014-01-22,776,788,750.5,754.5,1153419
2014-01-23,753.5,794.5,741.5,780,1692195
2014-01-24,782,814,770.5,792,1965985
2014-01-27,792.5,814.1206,768.5,775,1516092
2014-01-28,782,793,741,751,1450410
2014-01-29,766.5,790,761,781.5,1826429
2014-01-30,780,785.8413,752.5,767,1724370
2014-01-31,780,788.5,754.5,769.5,1656626
2014-02-03,767,792.1,763.5,782,1081421
2014-02-04,775,782.76,759,772.5,942435
2014-02-05,771,798,755,792,1077643
2014-02-06,795,807.5,773.5,782.5,1139055
2014-02-07,785,797.2709,777,792.5,1049798
2014-02-10,801.5,870.5,801.5,862.5,2906255
2014-02-11,876.5,914.5,868,911.5,2518676
2014-02-12,916,932,902.25,914,1735820
2014-02-13,914.5,926.5,892.5,922.5,1719546
2014-02-14,932.5,983,932.5,971.5,2368054
2014-02-17,971,989,964.5,974,976569
2014-02-18,969,972,954.25,968,1273223
2014-02-19,969,1005,960.9827,992,1423397
2014-02-20,970,989,955.5,985,1338073
2014-02-21,989.5,999.5,971.5,991.5,766464
2014-02-24,987.5,1009,986.5,997.5,674931
2014-02-25,991.5,997.42,953,967.5,1849559
2014-02-26,987,997,950.5,957.5,1440011
2014-02-27,958.5,965.5,936.5,963,1130701
2014-02-28,967,967,944.5,951.5,1010399
2014-03-03,965,981.0156,951,970,1552036
2014-03-04,955,956,865,924.5,3569777
2014-03-05,916.5,927,899.46,913,1729577
2014-03-06,920,954,920,948,1146793
2014-03-07,954,958,903,927.5,1835333
2014-03-10,920,920,890,896,1413453
2014-03-11,898.5,912,878.5,882,920817
2014-03-12,887.5,904.5,874,900,1090136
2014-03-13,908.5,918,894,899.5,1448038
2014-03-14,897,943,890.362,925.5,1982468
2014-03-17,929,930.5,913.5,924.5,942627
2014-03-18,906,906.96,873.5,880.5,1637092
2014-03-19,884.5,887.12,865,876,1161831
2014-03-20,872,879.6109,853.9204,866.5,1107128
2014-03-21,871,890,869,885,1458826
2014-03-24,883.5,889,852,852,1438562
2014-03-25,855.5,877,855,876,1546886
2014-03-26,880.5,901,870.5,872.5,1181522
2014-03-27,868,869.5,833.5,837.5,1489045
2014-03-28,843.5,863.5,836.5,850,1108540
2014-03-31,853,865.7939,842,843.5,1111703
2014-04-01,844.5,852,839.5,846,810383
2014-04-02,864.5,883,856.4257,877,1356548
2014-04-03,877.5,893,859.5,870.5,897986
2014-04-04,872.5,898.1775,868,891,1122534
2014-04-07,876,892.5,870.5,891,820428
2014-04-08,891,910,891,905,1217009
2014-04-09,907.5,913,876,884,1053349
2014-04-10,887.5,904.5,887,899.5,1221279
2014-04-11,898,911.5,891,908.5,675208
2014-04-14,911,934,911,932.5,1194859
2014-04-15,929,929.552,900,901.5,1156952
2014-04-16,910,913.5,879.5,884,1188165
2014-04-17,879,881.7736,848,868,1161338
2014-04-22,866,874,844.5,848,1314464
2014-04-23,848,854.5,841.033,853,1002482
2014-04-24,853.5,866,835.4253,846,1356013
2014-04-25,843.5,856,841,850,707796
2014-04-28,849.5,868.5,845.5,864.5,715065
2014-04-29,862.5,864,838,849.5,1244121
2014-04-30,844.5,854.245,836.2794,851.5,1095868
2014-05-01,836.5,852.5,826,830,567060
2014-05-02,821,841,815.5,832,1089671
2014-05-06,835,836.6,817.86,826.5,709751
2014-05-07,822.5,827.5,811,820,1045116
2014-05-08,821.5,822.5,807.5,810,811550
2014-05-09,809,822,798.5,816.5,1145658
2014-05-12,827,839,816,832.5,749550
2014-05-13,837,845,818,825,790616
2014-05-14,822.5,840.3086,816,836.5,804154
2014-05-15,839,868,835.5187,860.5,1689546
2014-05-16,858,858,832,836,1245076
2014-05-19,837.5,854,832.5,846.5,792115
2014-05-20,849.5,849.5,829,832.5,561749
2014-05-21,835.5,835.5,819.85,829.5,575037
2014-05-22,833,854.5,832.5,845,892798
2014-05-23,844.5,854.5,832.5,849,517060
2014-05-27,848,849.5,816,822,1226883
2014-05-28,824,828.5,810,821.5,1020800
2014-05-29,815,838.5,811,835,669313
2014-05-30,831,831,802,806,3270624
2014-06-02,809.5,815.5,794.36,802,887311
2014-06-03,802.5,805,781.5,785.5,1050326
2014-06-04,784,798.5,782.5,790,867235
2014-06-05,790,795.5,776,792,805373
2014-06-06,794,794,766,775.5,2595418
2014-06-09,774.5,791.5,772,784,741737
2014-06-10,784.5,788,772,787.5,820563
2014-06-11,785.5,797,785,792.5,838366
2014-06-12,790,804.132,782,798,974623
2014-06-13,796,817,792.7812,807,1462108
2014-06-16,809,831,807.5,822,1049515
2014-06-17,821.5,827,802,823,958774
2014-06-18,824.5,834.5,817,822,532591
2014-06-19,828,842,826.2,835,781907
2014-06-20,846,865,841.5,847,1608922
2014-06-23,850.5,865.6844,844,861,777266
2014-06-24,866.5,875.7127,858.5,858.5,905287
2014-06-25,850,862,840,858,975056
2014-06-26,861,865,843.5,861.5,1173193
2014-06-27,866,866.3219,853.5,855,834184
2014-06-30,853,873.5,853,872,919369
2014-07-01,875.5,908.5,875.5,898.5,1587230
2014-07-02,906,916.5,890.5,904.5,930993
2014-07-03,913.5,936,908.94,933.5,1309893
2014-07-04,939.5,940.24,924.22,928,631405
2014-07-07,925,931,912,927,689646
2014-07-08,929.5,945,919,920.5,739608
2014-07-09,925.5,938.5,918.5,929,933595
2014-07-10,933.5,956,931,945,1712966
2014-07-11,935,936.5,916.5,928,1136454
2014-07-14,925.5,943.5,915.5,919.5,892498
2014-07-15,922.5,946,909.5178,913.5,904055
2014-07-16,920,922,891,917,1401053
2014-07-17,918,918,892,901.5,990545
2014-07-18,900.5,907.5,893.5,901,904599
2014-07-21,901.5,919,898.5,915.5,619726
2014-07-22,915,939,913.5,937.5,741766
2014-07-23,938,950.45,929,940.5,642834
2014-07-24,938.5,940.5,913.5,919,827746
2014-07-25,918.5,927.5,906.5,920.5,632562
2014-07-28,924.5,941,920.455,940,739095
2014-07-29,945,959.5,942.041,957.5,995663
2014-07-30,957,959,936.1712,940,668095
2014-07-31,935.5,946.5,924.5,931,2830724
2014-08-01,932,940.5,908,936,1194375
2014-08-04,941.5,947.5,929,941.5,963993
2014-08-05,953,953,917.5,926.5,1406636
2014-08-06,927.5,987,922,985,2094130
2014-08-07,984.5,1005,974.5,980.5,2252808
2014-08-08,971.5,1025,971.5,1012,1696274
2014-08-11,1015,1032,996.5,1022,902824
2014-08-12,1023,1032.95,1013.15,1031,778033
2014-08-13,1031,1037,1011,1026,808616
2014-08-14,1022,1031.1,1014.756,1027,519188
2014-08-15,1032,1037,1003,1005,891380
2014-08-18,1006,1016,1002,1003,543403
2014-08-19,1003,1016,969,973,907783
2014-08-20,971,980,957.9147,972.5,838933
2014-08-21,963,963,929.5,938,1417570
2014-08-22,935,944,917.945,921.5,959368
2014-08-26,922,925.5,908.5,912.5,980679
2014-08-27,915,931.5,914.37,928.5,1209508
2014-08-28,927,944,912.5,940.5,1562056
2014-08-29,943.5,962.5,934,962,1499632
2014-09-01,959.5,978,959.5,964,584539
2014-09-02,960,966.5,944,952.5,1048533
2014-09-03,944.5,959,931.5,932,1032305
2014-09-04,927,930.5,907,909.5,1707304
2014-09-05,907,907,858,868,2832713
2014-09-08,873,879.9,850.08,851.5,958767
2014-09-09,850,863,835.5,844.5,1155964
2014-09-10,841,857.5,840.5,842,1019123
2014-09-11,843.5,843.5,815.05,819,957736
2014-09-12,816,832.23,814,816,973893
2014-09-15,823,829,815,821,777273
2014-09-16,818.5,823,809,812,918719
2014-09-17,813.5,820.5,798,798,912912
2014-09-18,797,801.5,776.3,782.5,1823288
2014-09-19,785,794.5,773.5,776.5,1901582
2014-09-22,772,772,750.5,760,1428355
2014-09-23,764,778.0578,749.8215,759,2206945
2014-09-24,765,788.3788,765,775.5,1592046
2014-09-25,774,774,741,748,2007795
2014-09-26,753.5,768.5,743.9099,761.5,1461927
2014-09-29,759.5,762,746.3278,760.5,1343908
2014-09-30,760,769.5407,746.5,760,1410269
2014-10-01,757,757.5166,739.5,747,1640994
2014-10-02,745.5,755,737,749.5,1818442
2014-10-03,751,758.5,716,720,2017087
2014-10-06,719,753.5087,708.5,745.5,1833957
2014-10-07,746.5,758,735,735.5,1110489
2014-10-08,732.5,738,720.5,723.5,1211515
2014-10-09,740,777,739.5,770,3027844
2014-10-10,755,758,740.5,749,2245565
2014-10-13,755,780.18,750,778.5,1604042
2014-10-14,780,797,776.5,790.5,1596347
2014-10-15,790,804,761.5,794,2573544
2014-10-16,800,821,794.5,815,2775955
2014-10-17,812.5,823,796.5,798,2157715
2014-10-20,801.5,810,786.5,803,1302959
2014-10-21,805,813,801,808.5,1174991
2014-10-22,805,808,781.5,784,1856290
2014-10-23,783,799.5,774,780.5,2040014
2014-10-24,776,789,764.4951,766.5,1186056
2014-10-27,767,770,741.5,746,1135919
2014-10-28,748,763.5287,746,757.5,817683
2014-10-29,756,767.5,747,749,1147236
2014-10-30,740,740,712,716.5,2135824
2014-10-31,713,719.5,691,697.5,3072109
2014-11-03,696.5,705,688.5,695,1758098
2014-11-04,692,711.3883,689,697.5,1238792
2014-11-05,693,693,675.5,684.5,1811144
2014-11-06,680.5,700,680.5,699.5,1745474
2014-11-07,702,738,702,734,1668147
2014-11-10,735.5,758,733,735,1715817
2014-11-11,731,732,706.18,729.5,1051586
2014-11-12,724,735.5,719,729,2185835
2014-11-13,729,734.5,724.275,726,1201871
2014-11-14,724,724.9515,704,720.5,2361842
2014-11-17,719.5,742,715.2711,736.5,1833874
2014-11-18,740.5,753,737.5,747.5,2187636
2014-11-19,747,757.5,727.5,731,2024210
2014-11-20,726,728.3,714.4398,725,1561126
2014-11-21,727.5,771,719.5,763.5,2109321
2014-11-24,758,762,741,746,1231741
2014-11-25,744,759.5,733.5,747.5,2731410
2014-11-26,752,759.5,747.5,755,1540143
2014-11-27,752.5,758,728.5,731,878390
2014-11-28,732.5,733,702.5,712,1626696
2014-12-01,703,726.36,682.4277,719,1818213
2014-12-02,721,739.7083,714,727,1094670
2014-12-03,726.5,741,716.71,737.5,873610
2014-12-04,736,739.275,720.5,729.5,1013291
2014-12-05,730,732.5,713.5,719.5,886245
2014-12-08,719.5,727,713,715.5,786582
2014-12-09,717.5,744.5,707,733,1831193
2014-12-10,740,776.5,736,770,2316010
2014-12-11,768,769,734.5,745,1818698
2014-12-12,737,742,723.5,732.5,912377
2014-12-15,730.5,742,711,712,1339585
2014-12-16,711.5,726,694.5,704.5,2217883
2014-12-17,700.5,713.5,689,707.5,1167967
2014-12-18,724,735,711,715.5,1366460
2014-12-19,717.5,743,716,739,1742535
2014-12-22,740.5,753,711.5,714,1117812
2014-12-23,721,727.5,709,725.5,911545
2014-12-24,730,733.5,720.5,730,225403
2014-12-29,736,762,732.06,749.5,924912
2014-12-30,745.5,769.5,740,768.5,758081
2014-12-31,770,779.9038,757,766,366118
2015-01-02,766,779,756,765,770648
2015-01-05,772,799.5,764.5,768.5,1497035
2015-01-06,770,799,770,790.5,1737721
2015-01-07,796.5,800.5,777,798,1570559
2015-01-08,803,828,793.1399,824.5,1321525
2015-01-09,825.5,825.9283,792,816,1313488
2015-01-12,821,832,812.4336,825.5,1168127
2015-01-13,830.5,843,826,831.5,1322485
2015-01-14,819,822.5,784,816,1786807
2015-01-15,821,860.5,800.5,855,3291401
2015-01-16,855.5,888.5,837,884.5,1437952
2015-01-19,885,894,873,876,849145
2015-01-20,876,914.5,872,911,1577169
2015-01-21,914.5,939.5,907,924.5,1783048
2015-01-22,928.5,930,896.5,915,2023665
2015-01-23,910,910,889,897,1184837
2015-01-26,892.5,899.5,871.5,896.5,2607544
2015-01-27,896,913.2109,896,910,837610
2015-01-28,912,921,893.5,910,1016183
2015-01-29,903,903,860,862.5,1613365
2015-01-30,867,905,867,899,1489384
2015-02-02,880,904.46,873,886.5,1118085
2015-02-03,887,921,874,880,1557005
2015-02-04,879,903,860.5,888,1316253
2015-02-05,889,897,873,897,918969
2015-02-06,898,908,856.5,860,1384085
2015-02-09,859.5,899.5,859.5,896,1189521
2015-02-10,892,898.5,854.5,859.5,1590448
2015-02-11,855,867,848.5,859,1140568
2015-02-12,857,880,855.5,870.5,987854
2015-02-13,865,886.5,848.5,879,1134058
2015-02-16,859,876.5,838,840.5,1540323
2015-02-17,836,860,825.5,835.5,1345573
2015-02-18,825.5,842.5,821,839,1212692
2015-02-19,836.5,859.5,833.9519,836.5,989668
2015-02-20,837.5,838,824,827,1296093
2015-02-23,830,830,795.5,802.5,1476266
2015-02-24,804,832.5,795.5,827,1870253
2015-02-25,831.5,848.5,822.92,825,1157216
2015-02-26,827,848.5,820.8116,824,982962
2015-02-27,821.5,825.5,804.5,821,1297884
2015-03-02,825,840,802.5,811.5,1278407
2015-03-03,803,804.4763,786.5,791.5,2144792
2015-03-04,768.5,773.88,716.5,724.5,3207155
2015-03-05,728,743,708.64,736.5,1783841
2015-03-06,732.5,735.86,696.5,698.5,1961669
2015-03-09,697,713.5,682.5,686,1887797
2015-03-10,680.5,685.75,655.5,657,2787899
2015-03-11,656,660,639,650,2005832
2015-03-12,665,678,649.4935,653.5,2000562
2015-03-13,654,664.5,635.5,646.5,1646437
2015-03-16,654,655.75,644,648.5,1094711
2015-03-17,647,665.1799,642.5,659,4799954
2015-03-18,656,662.5,630.5,644,1833250
2015-03-19,661,688.4099,661,679,2906617
2015-03-20,677,712.5,669.5,706.5,2452036
2015-03-23,707,710.5,696.063,709.5,2060578
2015-03-24,709,720.5,703.5,708,1868243
2015-03-25,710,719.5,705,711,1124021
2015-03-26,736,749,705.125,710.5,2038559
2015-03-27,707,712.5,689,700,1662486
2015-03-30,705.5,711,693,700.5,2391446
2015-03-31,700,703.5,682.5,682.5,1928832
2015-04-01,685,704,679.5,700,2188019
2015-04-02,701,709.5,687,691.5,1396893
2015-04-07,697.5,715.5,697.5,705,1438873
2015-04-08,706.5,713.5,683.5,686,1524006
2015-04-09,684,697,678,691,1240682
2015-04-10,692.5,705,686,703.5,1563218
2015-04-13,704,726.5,703.5,709.5,1282862
2015-04-14,706,725.63,705,722.5,1343378
2015-04-15,726.5,748,724,738,1309449
2015-04-16,742.5,765.5,741,743.5,1715353
2015-04-17,739.5,743.78,724.5,728.5,1657716
2015-04-20,732.5,733.2639,713,716,934329
2015-04-21,718.5,723,706,709,1260865
2015-04-22,712.5,719,696,703,1133695
2015-04-23,701,729,686.5,727.5,2156266
2015-04-24,729,740,720.5,723.5,1726010
2015-04-27,725,733,710.5,727.5,1564747
2015-04-28,725,746.6453,720,743,2186378
2015-04-29,745,756.5,738,739,1677739
2015-04-30,737,741.5,711,719.5,2399389
2015-05-01,709.5,734.5,709.5,712,721717
2015-05-05,721.5,745.5,714.5,730.5,1732124
2015-05-06,727.5,738,719,728.5,1734640
2015-05-07,725.5,730.5,699,704,1557395
2015-05-08,711.5,725,699.875,706.5,1197853
2015-05-11,706.5,722.5,699.5,701.5,1106468
2015-05-12,700.5,716.5,693.5,713.5,1833502
2015-05-13,718,749.5,710,749.5,2767303
2015-05-14,746,770,738.3261,761,1687268
2015-05-15,761,765.5,735.86,752,1127361
2015-05-18,755.5,796,755.5,792.5,2420804
2015-05-19,787,790.5,761.5,764.5,1931989
2015-05-20,764.5,770,755.5,759,1213503
2015-05-21,760.5,781,752.5,761,1657258
2015-05-22,764,782,759.5,763,1129521
2015-05-26,760,763.5,732.5,736,1707322
2015-05-27,738.5,747.5,725.5,743.5,1056163
2015-05-28,746,746.5,732,740.5,1098500
2015-05-29,743.5,765,739,759.5,1967187
2015-06-01,764.5,766,740.5,754.5,1378449
2015-06-02,753.5,763.5,737.5,757,1243811
2015-06-03,752,756.5,737,746.5,1079963
2015-06-04,737,740.5,722.5,724,1239833
2015-06-05,722,729.5,713,719,923602
2015-06-08,716,730,708.438,716.5,888066
2015-06-09,718,727,710,715,1377529
2015-06-10,717,741,714.5,737.5,1371283
2015-06-11,732.5,739,724,736,1330723
2015-06-12,733.5,742,721,737,957262
2015-06-15,751,753.14,728.5,733.5,1383281
2015-06-16,732.5,733.5,718.5,720,2098136
2015-06-17,719,722,709,712,964991
2015-06-18,717,740.77,715.5,727,1899771
2015-06-19,724,729.5,712.5,712.5,1371088
2015-06-22,719,719,699.993,703.5,1207469
2015-06-23,706,716,703,710.5,939756
2015-06-24,710,720.5,708.5,714.5,630357
2015-06-25,712,716,704.5,707,757749
2015-06-26,702.5,713.5,697,698,832979
2015-06-29,687.5,705.5,683,700.5,978557
2015-06-30,697,703.5,689.5,694,1382078
2015-07-01,695,703.5,685.725,690.5,1070519
2015-07-02,686.5,699,684,688,807733
2015-07-03,683.5,689.7723,680,683,563502
2015-07-06,682.5,689,677.5,687,648726
2015-07-07,687.5,687.5,651,655.5,1118064
2015-07-08,652,673.5,649,665,1149060
2015-07-09,671.5,676,664,669.5,727702
2015-07-10,675.5,681.5,667,672,860756
2015-07-13,678.5,680,657,671.5,848480
2015-07-14,670.5,677.5,662,676.5,962791
2015-07-15,675,695,674,676.5,1044673
2015-07-16,677.5,677.92,663.5,668.5,1102315
2015-07-17,671,671,653.5,658,836338
2015-07-20,650.5,650.72,621.5,629,1587514
2015-07-21,625.5,657.5,624,652,1348489
2015-07-22,644.5,644.5,621,635,2340968
2015-07-23,638,654,631.5,633.5,1500359
2015-07-24,631,643,616.5,618.5,1443648
2015-07-27,625,636,618,625.5,1209290
2015-07-28,629,632.5,617,630,1271323
2015-07-29,632,647,625,646,1085508
2015-07-30,644.5,649.5,636,645,1067732
2015-07-31,643.5,649.5,628.5,647,1410590
2015-08-03,643.5,646.5,626.5,633,1170593
2015-08-04,630,655,625.5,645,1227716
2015-08-05,642,663,642,648,1185912
2015-08-06,645.5,654,635.5,640.5,1853129
2015-08-07,641.5,654.5,636.5,638,4695116
2015-08-10,643,650.5,628.5,649.5,1678094
2015-08-11,650,673.5,638.9583,653,2039885
2015-08-12,647.5,666.5,633,661.5,2052508
2015-08-13,669.5,672.5,656.5,669.5,2152061
2015-08-14,671,682,665,666.5,1080006
2015-08-17,671,676.5,660,671,946899
2015-08-18,674.5,676.5,652.5,659.5,1182902
2015-08-19,658.5,666,646.5,648,1120320
2015-08-20,648,685,647,684.5,1768453
2015-08-21,679.5,696,674,681.5,1924557
2015-08-24,664,670.5,636,644,2119323
2015-08-25,647.5,671.5,631.5,639.5,2186284
2015-08-26,633,642,593,594.5,2792882
2015-08-27,601.5,614.5,593.5,612.5,2177453
2015-08-28,615,629,602.5,620.5,2117193
2015-09-01,618,622.5,594.5,601.5,1693139
2015-09-02,602.5,613,594.5,598.5,1457858
2015-09-03,602,631,601.5,622,1877199
2015-09-04,621,625.5,594.438,596,1380400
2015-09-07,602,616,598,602.5,723296
2015-09-08,607,621.5,605,619,1068016
2015-09-09,630.5,633,617,618,1200582
2015-09-10,615,621,599.5,607,932568
2015-09-11,612,623.5,593.46,595.5,1419874
2015-09-14,598.5,612.5,584.5,591.5,1351199
2015-09-15,594,594,569.625,588,1460941
2015-09-16,591,609.4423,577.5,606.5,1468222
2015-09-17,608,611,590,590,1159262
2015-09-18,597,622.5,597,610,2562042
2015-09-21,607,617.5,597,597,962351
2015-09-22,594.5,600,579,596.5,1778586
2015-09-23,599,611.5,593,600.5,983192
2015-09-24,602.5,623.5,595,621,1653672
2015-09-25,631,632,612.5,618.5,1456337
2015-09-28,619.5,619.5,596.5,602,1069690
2015-09-29,595,605.5,592.3828,596.5,1364659
2015-09-30,604,604,585.5,591.5,1641769
2015-10-01,598,613,593,604.5,1418083
2015-10-02,603,636,594.36,633.5,2108685
2015-10-05,639,653.5,634,652.5,1289188
2015-10-06,655.5,676,636,672.5,1659376
2015-10-07,680,699,673,676,2207487
2015-10-08,679.5,706.5,671,704.5,1810484
2015-10-09,713.5,740.5,710.5,734.5,3179153
2015-10-12,735.5,748.29,731.5,739.5,1423146
2015-10-13,733,736.5,724,734,1233031
2015-10-14,728.5,754,727.5,750.5,1421399
2015-10-15,752,770.5,748.5,760.5,1618840
2015-10-16,759.5,770,747.688,759.5,1221649
2015-10-19,755,755.5,733,734.5,1475696
2015-10-20,734.5,740.5,722,734,1347821
2015-10-21,735,747.5,721,726.5,979009
2015-10-22,727,734.5,714.5,730,861223
2015-10-23,734,768,731.5,758,2108291
2015-10-26,752.5,765.5,744.5,746.5,833355
2015-10-27,744.5,745,731,734,917829
2015-10-28,734,772.5,729.5,768,1409647
2015-10-29,754.5,758.5,729,734.5,1948478
2015-10-30,736.5,738.5,725.2343,730,1049144
2015-11-02,725,732.5,719.292,722,864552
2015-11-03,723.5,733,719,728.5,809136
2015-11-04,735,752.5,733.9,740,1765093
2015-11-05,734.5,735,723.5,727,1175030
2015-11-06,727,731,702.5,707,1947250
2015-11-09,703,713.438,698.5,701.5,1960314
2015-11-10,701,704,685,691.5,2139386
2015-11-11,688,702.68,683.5,688.5,1440811
2015-11-12,691.5,692.5,670.5,674.5,1424078
2015-11-13,673,680,668.5,673,815184
2015-11-16,672.5,690,671.5,674,842592
2015-11-17,678.5,685.813,668.5,672,985840
2015-11-18,673,695.5,666,690.5,1218243
2015-11-19,697.5,710.5,693.5,699.5,1351019
2015-11-20,704,706.5,695,696,1335306
2015-11-23,690.5,706,685.5,701,1061713
2015-11-24,699,721.375,694,714,1127081
2015-11-25,716,724.5,709.5,720.5,995238
2015-11-26,724,752,721.5,749,1002575
2015-11-27,745,745,712.5,715,1156585
2015-11-30,713.5,722,704,715,1582349
2015-12-01,728.5,731,715.5,722.5,1111596
2015-12-02,728.5,735.5,723,726,962761
2015-12-03,719,724.5,708,709.5,1307736
2015-12-04,709.5,717,693,702,1605332
2015-12-07,702.5,706.5,684,690.5,1226490
2015-12-08,687,691.5,665.5,668.5,1306284
2015-12-09,653.5,676,612.5,662.5,3108139
2015-12-10,661.5,677,657.5,673,1005185
2015-12-11,676,683,661.5,675,1312436
2015-12-14,684,689,662.5,665,917175
2015-12-15,669,670.5,655,659.5,966840
2015-12-16,665,680.5,658.5,673.5,1285365
2015-12-17,677,678,651.5,654.5,1252601
2015-12-18,654,666,652,659,1276164
2015-12-21,660.5,678.5,652.5,671.5,685484
2015-12-22,675,691.5,675,689.5,618899
2015-12-23,693,723.5,693,712.5,929450
2015-12-24,719,726,711.5,715.5,173765
2015-12-29,728.5,728.5,703.5,710,1246494
2015-12-30,705,724,703.3629,709.5,776278
2015-12-31,711.5,711.5,692.5,708,323266
2016-01-04,703.5,716,697.5,709.5,1406652
2016-01-05,713.5,735.5,713.125,719.5,1103348
2016-01-06,714.5,724,701,721.5,1272699
2016-01-07,706,716.5,701,705.5,1629995
2016-01-08,707.5,717.5,692.5,693,1142838
2016-01-11,692.5,703.5,681.5,681.5,825435
2016-01-12,684,708.5,669,681.5,1553711
2016-01-13,685,701.5,676.5,692,1214005
2016-01-14,683.5,708.5,683.5,702.5,1157912
2016-01-15,698,706.5,682.5,690,1718941
2016-01-18,688,689,670.3498,674.5,1265924
2016-01-19,681.5,699.5,660.5,664.5,1547603
2016-01-20,653.5,653.5,632.5,640.5,2103860
2016-01-21,645,663.5,641,662,1844422
2016-01-22,670.5,674.5,660.5,661.5,1427391
2016-01-25,665,678,648.5,658,1443195
2016-01-26,659.5,694.5,654.5,694.5,1715242
2016-01-27,700,712,688.8047,706.5,1199901
2016-01-28,699.5,721.5,699.5,709,1441792
2016-01-29,719,722,693,722,1404557
2016-02-01,718.5,740.055,718.5,739,1347674
2016-02-02,744,745.5,712.5,722,1425845
2016-02-03,718,726.5,704,722,1627369
2016-02-04,739,790,736.546,784,2686033
2016-02-05,787,808,776.5,788,2537889
2016-02-08,797.5,849.5,792.3957,849.5,2451030
2016-02-09,845.5,862.5,826.0719,853,2201168
2016-02-10,830,855,818,830,1924022
2016-02-11,828,893,828,875,2688571
2016-02-12,871.5,897,863.5,897,2138621
2016-02-15,890,890,855,873.5,1819569
2016-02-16,877,886,860,878,2060114
2016-02-17,878,906.5,876,906,1868310
2016-02-18,906,920.5,891.5,920.5,1612978
2016-02-19,920.5,953.5,918.5,953.5,1905583
2016-02-22,954,968,938,960,1597448
2016-02-23,955,979.5,951.5,976,1365817
2016-02-24,976,1000.36,966.5,992.5,1713987
2016-02-25,989,1008,982,990,1412831
2016-02-26,1005,1009,987,993.5,1097040
2016-02-29,1000,1025,992.5,1000,1734907
2016-03-01,975,1005,923,938,2363973
2016-03-02,944.5,966,927,943,1677343
2016-03-03,947,964,940,954,1730460
2016-03-04,949,971.5,947,959,2777383
2016-03-07,949,960,928,951.5,1843037
2016-03-08,944,952.5,912,917,1753599
2016-03-09,917,920.5,894,915,1514150
2016-03-10,915.5,932.5275,904,919,1652351
2016-03-11,931,940.5,916.5,929.5,880670
2016-03-14,932,937,911.5,925,1103486
2016-03-15,918,921.5,897.434,915,1011932
2016-03-16,917.5,936.25,911.5,915.5,997078
2016-03-17,945.5,1007,945.5,1007,1809497
2016-03-18,1003,1009.466,980,988,1450013
2016-03-21,984.5,990,971,980.5,616120
2016-03-22,985,1007,978.6579,994,1044266
2016-03-23,984.5,985,944,950,1563160
2016-03-24,935,935,909,920,1482938
2016-03-29,926,927.8232,897,914.5,1209372
2016-03-30,928.5,951,927,938.5,1596372
2016-03-31,937,962.4711,924,952.5,1521201
2016-04-01,951,955,918.5,924.5,1580147
2016-04-04,922,927,902.5,907,1068260
2016-04-05,900,924.82,892,914,1176991
2016-04-06,917.5,929,912.5,926,1077753
2016-04-07,932,945,919.5,927.5,1277137
2016-04-08,925,946,925,933,1088414
2016-04-11,933,964,930,961,1334164
2016-04-12,963.5,992,962.803,992,1535143
2016-04-13,999.5,1032,995.5,1027,1852253
2016-04-14,1019,1020,986.5,1010,1454727
2016-04-15,1011,1021.04,997,1019,1169329
2016-04-18,1006,1013,996.5,1012,1171219
2016-04-19,1030,1071,1030,1063,1885614
2016-04-20,1058,1107,1051,1096,1491103
2016-04-21,1097,1114,1068,1075,1448216
2016-04-22,1074,1083,1058,1072,862686
2016-04-25,1077,1079,1052,1061,886287
2016-04-26,1064,1071,1049,1065,1075248
2016-04-27,1056,1080,1056,1073,1048722
2016-04-28,1070,1097,1070,1095,1036997
2016-04-29,1077,1118,1077,1113,1169191
2016-05-03,1107,1123.238,1064,1071,1468209
2016-05-04,1066,1066,1029,1036,1080165
2016-05-05,1042,1048,1026,1039,907233
2016-05-06,1036,1103,1027,1103,1348487
2016-05-09,1101,1105,1032.999,1039,1245342
2016-05-10,1051,1072,1034,1054,837772
2016-05-11,1054,1088,1054,1075,834901
2016-05-12,1081,1099,1063,1075,981200
2016-05-13,1069,1117,1068,1115,1110365
2016-05-16,1114,1164,1114,1149,894214
2016-05-17,1152,1171,1140,1160,782440
2016-05-18,1148,1157,1123,1144,1117360
2016-05-19,1109,1109,1054,1064,1809525
2016-05-20,1071,1103,1064,1080,1492501
2016-05-23,1075,1093,1065,1077,1350097
2016-05-24,1079,1091,1041,1041,1342517
2016-05-25,1040,1051,1015,1026,1049480
2016-05-26,1034,1059,1032,1032,1037906
2016-05-27,1038,1048.64,1010,1017,889362
2016-05-31,1026,1026,993.5,1009,3057782
2016-06-01,1009,1040,995.5,1032,1511686
2016-06-02,1032,1054,1029,1044,1191585
2016-06-03,1054,1127,1030,1123,1527248
2016-06-06,1121,1171,1121,1152,1347808
2016-06-07,1149,1167,1143,1149,962390
2016-06-08,1152,1214,1144.58,1197,1104654
2016-06-09,1190,1221,1185,1211,1177539
2016-06-10,1210,1238,1196,1214,1170675
2016-06-13,1205,1240,1205,1233,1530973
2016-06-14,1229,1244,1191,1194,1780658
2016-06-15,1196,1231,1194,1212,1290701
2016-06-16,1211,1264.942,1207,1233,1245178
2016-06-17,1231,1237,1200,1227,1574257
2016-06-20,1234,1235,1202,1224,1128408
2016-06-21,1221,1227,1192,1218,1154508
2016-06-22,1218,1229,1202,1216,866383
2016-06-23,1214,1248,1214,1239,829466
2016-06-24,1465,1482,1369,1386,2441892
2016-06-27,1485,1521,1434,1483,2784400
2016-06-28,1511,1514,1386,1449,2256039
2016-06-29,1463,1592,1456,1587,2001302
2016-06-30,1591,1644,1564.671,1644,2055481
2016-07-01,1651,1760,1646,1760,1825050
2016-07-04,1825,1917,1816.591,1895,2336210
2016-07-05,1860,1940,1793,1893,2151714
2016-07-06,1932,2057.208,1923.242,2008,2650461
2016-07-07,1966,2002,1909,1916,1933157
2016-07-08,1907,1949,1817,1870,1919653
2016-07-11,1888,1999.752,1888,1984,1662603
2016-07-12,1945,1979.672,1914,1929,1464091
2016-07-13,1933,1984,1917.072,1936,1309418
2016-07-14,1955,1961,1878,1907,1368854
2016-07-15,1895,1898.818,1818,1858,1772467
2016-07-18,1840,1882,1803.545,1874,1061132
2016-07-19,1881,1904,1859,1877,852173
2016-07-20,1873,1895,1787,1819,985092
2016-07-21,1786,1833,1738,1817,1279877
2016-07-22,1827,1854,1801.401,1831,948059
2016-07-25,1830,1838.172,1777,1801,732907
2016-07-26,1808,1887,1798,1867,1041643
2016-07-27,1875,1894,1831,1847,907403
2016-07-28,1859,1953,1859,1902,1075667
2016-07-29,1903,1931,1866,1931,1092201
2016-08-01,1946,1974,1899.35,1923,922900
2016-08-02,1965,1995,1921,1955,1265868
2016-08-03,1975,2010,1914,1941,1216460
2016-08-04,1930,1961,1832.634,1954,1665485
2016-08-05,1969,1995,1876.72,1884,1514757
2016-08-08,1865,1955.082,1850,1915,1348485
2016-08-09,1915,1960,1894,1957,978509
2016-08-10,1960,1995,1951,1960,1250591
2016-08-11,1961,1977,1943,1972,1111704
2016-08-12,1950,1977,1917,1963,1139546
2016-08-15,1960,1996,1945,1983,657194
2016-08-16,1984,2035.154,1965,1982,1193987
2016-08-17,1985,2010,1916,1927,1131733
2016-08-18,1940,1976,1926,1937,841762
2016-08-19,1936,1971,1918.945,1939,1025922
2016-08-22,1912,1914,1804,1825,1445132
2016-08-23,1830,1872,1822,1836,666788
2016-08-24,1824,1824,1759,1762,1331414
2016-08-25,1751,1773,1716,1756,1122879
2016-08-26,1779,1797,1729,1790,985171
2016-08-30,1763,1766,1678,1690,1507417
2016-08-31,1679,1692,1605,1606,1748882
2016-09-01,1603,1633,1572,1619,1574562
2016-09-02,1619,1697,1609,1668,1869819
2016-09-05,1679,1715,1665,1673,955189
2016-09-06,1681,1712,1677,1694,1310252
2016-09-07,1706,1733,1702,1719,1015188
2016-09-08,1723,1727,1693,1697,951444
2016-09-09,1688,1697,1630,1640,961295
2016-09-12,1622,1641,1599,1635,926667
2016-09-13,1649,1682,1603,1612,933388
2016-09-14,1616,1677,1612,1635,946266
2016-09-15,1647,1663,1606,1646,1232791
2016-09-16,1641,1641,1593,1616,1689793
2016-09-19,1633,1685.271,1633,1670,701767
2016-09-20,1670,1702,1666,1670,873798
2016-09-21,1677,1716,1673,1713,1048806
2016-09-22,1759,1806,1757,1802,1184416
2016-09-23,1766,1808,1747,1786,931282
2016-09-26,1777,1806,1763,1790,858496
2016-09-27,1809,1825,1774,1776,1178836
2016-09-28,1783,1803,1761,1777,775870
2016-09-29,1825,1843,1799,1810,1051817
2016-09-30,1799,1858,1795,1814,1437428
2016-10-03,1814,1858,1805,1827,859567
2016-10-04,1820,1851,1722,1724,2006096
2016-10-05,1699,1706,1659,1675,1584623
2016-10-06,1678,1695,1613.85,1614,1484456
2016-10-07,1628,1714,1612.614,1665,1956505
2016-10-10,1686,1709,1680,1685,948261
2016-10-11,1687,1703,1638,1647,1092708
2016-10-12,1645,1659,1607.64,1636,1179422
2016-10-13,1640,1696,1639,1666,1609662
2016-10-14,1689,1695,1616,1620,1156090
2016-10-17,1616,1619,1595,1608,955086
2016-10-18,1628,1662,1618,1635,934948
2016-10-19,1643,1667,1620,1651,1354293
2016-10-20,1655,1656,1624,1650,959401
2016-10-21,1653,1659,1634,1646,1156039
2016-10-24,1653,1678,1613,1613,1038526
2016-10-25,1628,1648.36,1612,1643,943443
2016-10-26,1632,1642,1599,1608,1041482
2016-10-27,1614,1629,1586,1614,664860
2016-10-28,1607,1626,1585.786,1612,753275
2016-10-31,1617,1646,1609,1640,1151847
2016-11-01,1649,1722,1640,1718,1607910
2016-11-02,1707,1794,1706,1780,2032352
2016-11-03,1766,1781,1679,1703,1530915
2016-11-04,1691,1712.339,1616,1625,1349355
2016-11-07,1615,1620.446,1570.82,1576,1146631
2016-11-08,1575,1616,1558,1600,1255967
2016-11-09,1760,1864,1702.28,1771,4123561
2016-11-10,1771,1785,1571,1576,2455456
2016-11-11,1544,1554,1432,1435,1978861
2016-11-14,1432,1513.91,1392,1405,1646893
2016-11-15,1451,1470,1394,1405,1635024
2016-11-16,1414,1427,1374,1378,1306510
2016-11-17,1392,1401,1364,1384,1739339
2016-11-18,1349,1349,1285,1289,1778811
2016-11-21,1297,1338,1297,1330,1057576
2016-11-22,1362,1362,1279.999,1282,1462737
2016-11-23,1277,1337,1222,1244,1710144
2016-11-24,1241,1266,1227,1244,722326
2016-11-25,1250,1250,1218.3,1232,847094
2016-11-28,1246,1278,1242,1278,1261058
2016-11-29,1269,1277,1223,1234,1250790
2016-11-30,1240,1255,1199.64,1200,2743161
2016-12-01,1209,1215,1132,1182,1524404
2016-12-02,1176,1207,1160,1198,1122393
2016-12-05,1198,1209,1140,1150,1461466
2016-12-06,1155,1164,1137,1144,1449439
2016-12-07,1159,1179,1122,1173,1534674
2016-12-08,1181,1193,1158,1168,1155162
2016-12-09,1176,1219,1166,1184,1410405
2016-12-12,1182,1186.57,1142,1145,1484289
2016-12-13,1151,1153,1108.768,1140,1376151
2016-12-14,1140,1183,1131,1180,1630793
2016-12-15,1133,1133,1052,1114,2994112
2016-12-16,1111,1127,1094,1101,1843978
2016-12-19,1110,1115.5,1072,1114,1276706
2016-12-20,1112,1112,1082,1091,972291
2016-12-21,1097,1117,1087,1093,968267
2016-12-22,1096,1137,1094,1124,823308
2016-12-23,1120,1127,1112,1112,323636
2016-12-28,1126,1175,1112,1170,783123
2016-12-29,1184,1224.619,1184,1224,945729
2016-12-30,1227,1229,1185,1221,698404
2017-01-03,1221,1272,1213,1266,1615509
2017-01-04,1273,1330,1264.151,1314,2282320
2017-01-05,1325,1402,1317.953,1398,1780628
2017-01-06,1384,1384,1344,1349,1440321
2017-01-09,1352,1370,1328,1370,1312279
2017-01-10,1379,1450,1371,1432,1768554
2017-01-11,1421,1431.864,1370,1381,1223195
2017-01-12,1405,1449,1405,1422,1699325
2017-01-13,1419,1432.568,1352,1413,1683573
2017-01-16,1435,1463,1416,1436,1027119
2017-01-17,1450,1463,1425,1425,1507998
2017-01-18,1420,1447,1400,1447,1196460
2017-01-19,1426,1436,1394,1398,1518707
2017-01-20,1401,1414,1390,1402,969485
2017-01-23,1419,1450.016,1411.991,1450,930463
2017-01-24,1458,1490,1422,1482,1078587
2017-01-25,1479,1503.01,1403,1420,1946402
2017-01-26,1421,1424,1360.203,1372,1755834
2017-01-27,1331,1433,1331,1428,1208478
2017-01-30,1423,1431,1404,1414,1217490
2017-01-31,1419,1465,1407,1453,1314915
2017-02-01,1450,1489,1428,1466,1719495
2017-02-02,1472,1506,1472,1484,1311621
2017-02-03,1465,1471.016,1438,1469,1088044
2017-02-06,1486,1502,1467,1488,920972
2017-02-07,1500,1572,1495.92,1566,1296127
2017-02-08,1572,1594,1533,1569,1571413
2017-02-09,1577,1580,1523,1529,1694786
2017-02-10,1527,1567.431,1508,1555,946792
2017-02-13,1574,1578,1522,1524,1337520
2017-02-14,1525,1564,1509.29,1524,1328580
2017-02-15,1527,1528,1493,1512,1258233
2017-02-16,1520,1520,1492,1504,1041164
2017-02-17,1506,1548,1493,1523,1071168
2017-02-20,1535,1537,1514,1530,657211
2017-02-21,1535,1540,1480,1512,1063045
2017-02-22,1507,1522,1501,1511,891303
2017-02-23,1511,1561,1496,1536,1286721
2017-02-24,1528,1580,1506,1525,1252845
2017-02-27,1526,1534,1473,1486,1267783
2017-02-28,1450,1506,1430,1486,1743981
2017-03-01,1482,1485,1445.397,1473,1303865
2017-03-02,1468,1489,1454.92,1455,1232451
2017-03-03,1426,1430,1344,1413,1654853
2017-03-06,1405,1408,1376,1392,1495555
2017-03-07,1391,1398,1361,1370,1602648
2017-03-08,1363,1386,1349.64,1377,2289266
2017-03-09,1363,1375,1343,1355,2030110
2017-03-10,1319,1371,1294,1360,1945315
2017-03-13,1380,1443,1376,1436,1797882
2017-03-14,1426,1452,1413,1443,1528507
2017-03-15,1446,1469,1443.188,1453,1491654
2017-03-16,1510,1562.017,1503,1510,2678377
2017-03-17,1488,1513,1473,1511,1242639
2017-03-20,1512,1528,1432.312,1528,714800
2017-03-21,1524,1558,1516,1553,1282235
2017-03-22,1545,1588,1533,1569,1468843
2017-03-23,1567,1584,1535,1536,1007609
2017-03-24,1537,1565,1536,1545,848619
2017-03-27,1537,1579,1515,1550,1156513
2017-03-28,1557,1564,1534,1562,865470
2017-03-29,1563,1570.76,1527,1535,871236
2017-03-30,1533,1555,1513,1555,985178
2017-03-31,1537,1556,1498.825,1556,1734263
2017-04-03,1542,1561,1511,1552,1123932
2017-04-04,1555,1599,1553,1595,1039042
2017-04-05,1600,1610,1571,1574,1216324
2017-04-06,1562,1602,1560,1594,797023
2017-04-07,1617,1626,1606,1624,1111393
2017-04-10,1613,1623,1580,1583,1063889
2017-04-11,1588,1654,1585,1652,1301348
2017-04-12,1649,1660,1614,1616,801637
2017-04-13,1628,1648.857,1624.04,1641,754695
2017-04-18,1639,1642,1592,1592,1187889
2017-04-19,1594,1610,1540,1545,1146712
2017-04-20,1539,1544,1492,1517,957987
2017-04-21,1510,1529,1488,1498,1029898
2017-04-24,1471,1516,1445.832,1516,1172771
2017-04-25,1508,1527,1491,1503,1127046
2017-04-26,1498,1505,1467,1493,1001323
2017-04-27,1471,1486,1427,1436,1148229
2017-04-28,1435,1470,1435,1452,1237386
2017-05-02,1447,1447,1406,1411,1209400
2017-05-03,1407,1407,1382.5,1396,1180175
2017-05-04,1386,1406,1359,1365,1163212
2017-05-05,1375,1430,1375,1419,1428281
2017-05-08,1412,1436,1387,1401,1234884
2017-05-09,1412,1441,1396,1426,1172726
2017-05-10,1422,1450,1416,1431,924257
2017-05-11,1435,1510,1432,1503,1521784
2017-05-12,1500,1525,1487.134,1521,1176489
2017-05-15,1527,1556,1493.65,1519,963096
2017-05-16,1515,1566,1481,1563,1472902
2017-05-17,1577,1620,1566,1606,1415084
2017-05-18,1597,1618,1565,1581,1835250
2017-05-19,1576,1628,1571,1598,1329254
2017-05-22,1595,1631,1585,1603,1104391
2017-05-23,1601,1626,1581,1582,738326
2017-05-24,1572,1577,1546,1575,855709
2017-05-25,1593,1598.807,1559,1576,709997
2017-05-26,1577,1599,1576.72,1581,766048
2017-05-30,1578,1585,1545,1585,931847
2017-05-31,1577,1590,1564,1576,3120420
2017-06-01,1585,1601,1574.785,1591,1030528
2017-06-02,1584,1652,1568,1651,1292446
2017-06-05,1647,1651,1619,1622,763110
2017-06-06,1632,1676.596,1612,1674,953273
2017-06-07,1666,1695,1660.32,1680,1069263
2017-06-08,1683,1691,1650,1665,989450
2017-06-09,1690,1746,1690,1725,1792599
2017-06-12,1717,1743,1638,1641,1225594
2017-06-13,1647,1661,1637,1641,1140487
2017-06-14,1653,1712,1650.704,1680,1263127
2017-06-15,1652,1673,1558,1558,1821560
2017-06-16,1555,1595,1533,1547,2640732
2017-06-19,1562,1562,1521,1536,965312
2017-06-20,1534,1545,1515,1524,891186
2017-06-21,1522,1557,1518,1548,762167
2017-06-22,1558,1585,1546,1560,867222
2017-06-23,1560,1614,1556,1605,828623
2017-06-26,1610,1610,1550,1555,834441
2017-06-27,1553,1587,1553,1561,747313
2017-06-28,1554,1579,1541,1555,835824
2017-06-29,1557,1594,1497,1503,768616
2017-06-30,1493,1523,1465,1486,950598
2017-07-03,1473,1492,1449,1466,1069362
2017-07-04,1459,1504,1452,1483,712564
2017-07-05,1480,1486,1439,1472,1263252
2017-07-06,1473,1485,1436,1436,648910
2017-07-07,1435,1443,1409,1420,1050234
2017-07-10,1415,1436,1377,1430,1152222
2017-07-11,1429,1451,1403,1447,842006
2017-07-12,1460,1485,1453,1477,947629
2017-07-13,1474,1495,1454,1458,838840
2017-07-14,1449,1507,1432,1481,1061779
2017-07-17,1487,1525,1483,1512,675307
2017-07-18,1507,1532,1500,1526,523926
2017-07-19,1531,1536,1501,1514,749597
2017-07-20,1513,1541,1506,1531,682705
2017-07-21,1526,1542,1514,1519,541518
2017-07-24,1511,1516,1481,1489,845045
2017-07-25,1493,1528,1491,1528,832509
2017-07-26,1534,1560,1505,1537,1292278
2017-07-27,1561,1568,1534,1538,1204693
2017-07-28,1524,1530,1496,1516,1124175
2017-07-31,1534,1542,1519,1536,1085077
2017-08-01,1550,1555,1484,1496,1196349
2017-08-02,1493,1519,1479,1514,892774
2017-08-03,1505,1529,1496,1509,964886
2017-08-04,1516,1516,1448,1457,1091792
2017-08-07,1466,1481,1458,1477,507763
2017-08-08,1475,1500,1462,1472,639712
2017-08-09,1473,1553,1473,1544,1351099
2017-08-10,1540,1560,1521,1553,989215
2017-08-11,1536,1562,1514,1551,943148
2017-08-14,1560,1562,1527,1547,797189
2017-08-15,1540,1540,1493,1501,1114573
2017-08-16,1513,1517,1491.5,1508,608801
2017-08-17,1525,1576,1525,1566,1220087
2017-08-18,1569,1588,1533,1533,1270316
2017-08-21,1534,1537,1514,1515,654138
2017-08-22,1516,1546,1511,1540,734012
2017-08-23,1530,1579,1524,1564,632979
2017-08-24,1573,1591,1550,1589,742536
2017-08-25,1583,1590,1559,1580,615800
2017-08-29,1621,1646,1610,1621,1246900
2017-08-30,1611,1630,1603,1620,709206
2017-08-31,1621,1641,1600,1616,858584
2017-09-01,1625,1655,1609,1617,793842
2017-09-04,1645,1673,1640,1664,803908
2017-09-05,1657,1666,1623.505,1628,803044
2017-09-06,1620,1627,1602.78,1608,872506
2017-09-07,1592,1673,1584,1672,723688
2017-09-08,1662,1673,1616,1621,909592
2017-09-11,1599,1615,1584,1607,758748
2017-09-12,1600,1610,1564,1570,1271922
2017-09-13,1569,1569,1513,1513,1374654
2017-09-14,1510,1512,1477,1478,1258773
2017-09-15,1486,1490,1440.856,1441,1805423
2017-09-18,1444,1447,1415,1426,770021
2017-09-19,1429,1440,1410,1437,1333236
2017-09-20,1444,1448,1422,1442,659485
2017-09-21,1414,1415,1383,1410,1417917
2017-09-22,1421,1444.926,1401,1437,857995
2017-09-25,1429,1441,1405,1437,1596374
2017-09-26,1445,1450,1417,1422,728582
2017-09-27,1418,1425.4,1396,1399,748894
2017-09-28,1387,1402.048,1371,1402,1091701
2017-09-29,1398,1426,1396,1405,1049912
2017-10-02,1392,1423,1392,1414,1967514
2017-10-03,1411,1429,1410,1427,525477
2017-10-04,1430,1439,1407,1428,971616
2017-10-05,1424,1444,1424,1435,715611
2017-10-06,1425,1437,1412,1424,926149
2017-10-09,1420,1446,1420,1428,581039
2017-10-10,1428,1456,1426,1439,876826
2017-10-11,1432,1458,1428,1444,890746
2017-10-12,1455,1469,1455,1465,596105
2017-10-13,1457,1484,1432,1467,698031
2017-10-16,1477,1480,1435,1435,697096
2017-10-17,1424,1436.001,1413,1413,710851
2017-10-18,1416,1427,1399.7,1401,597145
2017-10-19,1402,1422,1393,1418,904043
2017-10-20,1400,1427,1365,1367,1396890
2017-10-23,1361,1391.1,1330,1385,690185
2017-10-24,1386,1397,1367,1378,956886
2017-10-25,1358,1378,1337,1346,1396815
2017-10-26,1354,1359,1328,1328,687756
2017-10-27,1323,1342,1288,1302,1962747
2017-10-30,1295,1338,1291,1337,877213
2017-10-31,1318,1338,1302,1302,608247
2017-11-01,1313,1330.001,1310,1322,940806
2017-11-02,1309,1325,1292,1307,1246028
2017-11-03,1318,1333,1288,1290,988032
2017-11-06,1292,1310,1290,1306,615229
2017-11-07,1306,1315,1290,1292,604246
2017-11-08,1288,1319,1288,1312,680424
2017-11-09,1310,1333,1303,1323,1107125
2017-11-10,1332,1332,1294.959,1298,642496
2017-11-13,1311,1319.622,1292,1294,726773
2017-11-14,1290,1308,1282.815,1283,738613
2017-11-15,1309,1343,1298,1325,1319674
2017-11-16,1333,1333,1287,1295,1223117
2017-11-17,1298,1301,1278,1296,1203938
2017-11-20,1297,1311.115,1282,1284,779915
2017-11-21,1279,1293,1270,1293,888981
2017-11-22,1295,1354,1295,1349,1070488
2017-11-23,1360,1360,1332,1350,497040
2017-11-24,1352,1367,1338,1365,506285
2017-11-27,1364,1385,1334,1337,825843
2017-11-28,1336,1360,1328,1352,718157
2017-11-29,1380,1380,1296,1303,1072862
2017-11-30,1296,1320,1281,1291,1700068
2017-12-01,1286,1310,1286,1308,835217
2017-12-04,1304,1304,1270,1273,950458
2017-12-05,1282,1295,1260,1260,952385
2017-12-06,1258,1275,1251,1263,724975
2017-12-07,1249,1284,1231,1279,1065569
2017-12-08,1285,1306,1277,1306,1007939
2017-12-11,1304,1340,1303,1306,1246168
2017-12-12,1302,1312.033,1274,1287,1269144
2017-12-13,1290,1304,1270,1301,798074
2017-12-14,1305,1315.416,1294,1305,804690
2017-12-15,1309,1345,1295,1336,1552630
2017-12-18,1340,1367,1338,1363,961325
2017-12-19,1370,1370,1322,1326,753528
2017-12-20,1330,1347,1325,1345,539865
2017-12-21,1350,1360,1334,1357,850769
2017-12-22,1340,1357,1335,1350,211748
2017-12-27,1355,1404,1353,1397,827558
2017-12-28,1396,1405,1380,1390,576462
2017-12-29,1387,1429,1387,1429,385738
2018-01-02,1439,1447,1416.5,1435,1003423
2018-01-03,1433,1433,1398,1400,842848
2018-01-04,1400.5,1407.5,1378.5,1400.5,892445
2018-01-05,1399.5,1406,1387.5,1394.5,791999
2018-01-08,1393.5,1407.5,1385,1407.5,934915
2018-01-09,1404.5,1425,1395,1406,1085024
2018-01-10,1410,1430,1394.5,1417.5,908601
2018-01-11,1414,1436,1414,1420,747739
2018-01-12,1434.5,1441,1413.5,1436.5,1113403
2018-01-15,1450,1461,1425,1428,508167
2018-01-16,1428,1428,1370.5,1378.5,1090169
2018-01-17,1383,1394.5,1377,1390,978155
2018-01-18,1380.5,1394.5,1362,1375,847288
2018-01-19,1364,1405,1364,1403.5,788265
2018-01-22,1395.5,1405.5,1390.5,1393.5,654140
2018-01-23,1397,1397.5,1332.5,1335,1740373
2018-01-24,1343.5,1388,1338.5,1384.5,1454071
2018-01-25,1387,1396.5,1360.5,1370.5,1166022
2018-01-26,1361.5,1373,1353,1368.5,780367
2018-01-29,1361,1378.5,1351,1363,925251
2018-01-30,1350,1368.5,1345,1345,883900
2018-01-31,1354,1356.5,1338.5,1344,968965
2018-02-01,1346,1361,1329,1349,1203705
2018-02-02,1353,1367.5,1334.5,1335,1020286
2018-02-05,1330,1345,1312,1313,1742887
2018-02-06,1277.5,1316.5,1275,1285,1613165
2018-02-07,1288.5,1293,1219.5,1249.5,1964982
2018-02-08,1226.5,1243.5,1213,1232,1457189
2018-02-09,1231,1253.5,1227.5,1238,1154578
2018-02-12,1249.5,1266.5,1239.5,1265.5,948154
2018-02-13,1268,1278,1255,1271,979501
2018-02-14,1283,1333,1262,1329.5,1328606
2018-02-15,1340,1392.5,1322,1391,1792561
2018-02-16,1400,1432,1391,1400,1636396
2018-02-19,1392.5,1392.5,1357.5,1361,867232
2018-02-20,1357.5,1367.5,1338,1340.5,920511
2018-02-21,1350.5,1352.5,1309.5,1332,940649
2018-02-22,1318.5,1332,1308.5,1326,893146
2018-02-23,1322,1323,1309,1311,586788
2018-02-26,1327.5,1343,1321.5,1332,762075
2018-02-27,1313.5,1323.596,1262.5,1273,1712132
2018-02-28,1265,1277.5,1219.5,1219.5,2177323
2018-03-01,1219.5,1223,1174,1189.5,1623525
2018-03-02,1190.5,1216,1183,1197.5,1639683
2018-03-05,1204,1208,1192,1207.5,1280557
2018-03-06,1213,1232.5,1203,1229.5,1727240
2018-03-07,1225.5,1228,1197.5,1208.5,1228073
2018-03-08,1207,1213,1192.5,1209,844210
2018-03-09,1208.5,1239.5,1206,1238.5,848956
2018-03-12,1236,1237.5,1209.899,1229,1015003
2018-03-13,1230,1237,1213.5,1227.5,970324
2018-03-14,1232,1237.5,1205.5,1216,986235
2018-03-15,1214.5,1217.5,1184,1192.5,1163762
2018-03-16,1188,1208,1186.5,1203.5,1716568
2018-03-19,1196,1202.5,1175.5,1187.5,824117
2018-03-20,1185,1194,1165.45,1166,946472
2018-03-21,1172,1195,1159,1184,1142445
2018-03-22,1182,1192.5,1150.5,1159.5,796808
2018-03-23,1160,1215.5,1160,1208,1338371
2018-03-26,1237.5,1289,1232.5,1263,1748415
2018-03-27,1279.5,1284,1248.5,1251,1247926
2018-03-28,1240,1245,1223,1232.5,1684279
2018-03-29,1237,1282,1223,1268.5,1369785
2018-04-03,1283.5,1283.5,1233,1240.5,1308744
2018-04-04,1245.5,1278,1239,1254,1657815
2018-04-05,1255,1272.5,1247,1258.5,1357716
2018-04-06,1253.5,1258.5,1233.5,1242,855245
2018-04-09,1256,1261.5,1202,1221.5,918564
2018-04-10,1232,1243.5,1214,1240.5,1115961
2018-04-11,1237.5,1291,1237.5,1285.5,1380279
2018-04-12,1280,1281,1252.5,1266.5,1266581
2018-04-13,1268.5,1292,1259,1284,1237519
2018-04-16,1284,1284,1251.5,1254,985931
2018-04-17,1257,1272.5,1251,1254,1018135
2018-04-18,1260,1325.1,1257,1317.5,1555262
2018-04-19,1329.5,1332.5,1295.5,1301.5,1017884
2018-04-20,1309.5,1311.5,1291.5,1298,622790
2018-04-23,1297,1309,1266,1272.5,1015800
2018-04-24,1270,1284,1267.5,1277.5,1162209
2018-04-25,1269,1296,1256,1277,1318192
2018-04-26,1254.5,1267,1237.5,1251,1005846
2018-04-27,1256.5,1283,1245.5,1281.5,1023705
2018-04-30,1286.5,1303.5,1274,1275,1036141
2018-05-01,1275,1275,1237.5,1245,1698052
2018-05-02,1250,1292.5,1250,1280,1335916
2018-05-03,1280,1303,1278.5,1296.5,958073
2018-05-04,1305.5,1325.5,1301,1309,1685752
2018-05-08,1313.5,1329,1271,1277,1178663
2018-05-09,1280,1303.5,1271.5,1299.5,937921
2018-05-10,1304,1305,1270,1294.5,985267
2018-05-11,1298.5,1317.5,1285.5,1297,1076158
2018-05-14,1294,1302.5,1286.5,1286.5,772431
2018-05-15,1281,1287,1237,1243,1458464
2018-05-16,1238.5,1270.9,1238.5,1260,1064019
2018-05-17,1266.5,1278,1256.5,1271.5,886766
2018-05-18,1265.5,1283,1259.5,1274.5,1103021
2018-05-21,1272.5,1284,1264,1270,962139
2018-05-22,1272,1325.5,1266.5,1315.5,2039765
2018-05-23,1315.5,1339,1298.5,1305,1365247
2018-05-24,1312.5,1317,1286,1298.5,1096616
2018-05-25,1306.5,1311,1294.5,1297.5,1240460
2018-05-29,1320,1350,1308.5,1338,2101977
2018-05-30,1341.5,1364.5,1329,1340,1406836
2018-05-31,1352,1359,1326.5,1328.5,1732636
2018-06-01,1335,1339.5,1306.5,1308.5,795898
2018-06-04,1307,1339.5,1306.5,1315,609693
2018-06-05,1308,1325,1298,1315.5,650478
2018-06-06,1323.5,1333,1302,1308,1095906
2018-06-07,1325,1328,1299,1299,1092674
2018-06-08,1295,1296.8,1204.5,1216,2779795
2018-06-11,1224,1228.5,1199,1207,986062
2018-06-12,1209.5,1218,1193,1197.5,1154300
2018-06-13,1194,1206,1168,1188,1209955
2018-06-14,1183.5,1211.5,1169.5,1206,2618242
2018-06-15,1195.5,1201,1162.5,1167.5,1695334
2018-06-18,1168,1173,1152.5,1162.5,864688
2018-06-19,1151,1159.5,1136.5,1140.5,1226614
2018-06-20,1151.5,1185,1140.5,1150,1031894
2018-06-21,1152.5,1158,1137.5,1141,1312851
2018-06-22,1149.5,1174.5,1141.025,1173,755326
2018-06-25,1167.5,1168.5,1141,1145.5,891552
2018-06-26,1145,1154.5,1130.9,1146,1157422
2018-06-27,1146,1158.5,1134.5,1143,1212076
2018-06-28,1135.5,1150.5,1132.5,1141,919233
2018-06-29,1156.5,1164,1139.5,1143.5,1156411
2018-07-02,1134.5,1135.5,1115,1115,1245642
2018-07-03,1112,1145.5,1105.5,1138,1290818
2018-07-04,1142.5,1148.5,1122,1135,718493
2018-07-05,1135.5,1150.015,1112.5,1149.5,1548477
2018-07-06,1155,1158.5,1105.5,1123.5,1052330
2018-07-09,1128,1147.5,1126.5,1143.5,829070
2018-07-10,1141,1145.5,1117.5,1134.5,771323
2018-07-11,1120,1125.5,1097,1101,1169493
2018-07-12,1102,1111.5,1092,1107.5,940431
2018-07-13,1115.5,1115.765,1094,1097,858184
2018-07-16,1098.5,1102.5,1090,1096.5,626859
2018-07-17,1095,1122,1083.5,1117.5,997064
2018-07-18,1130,1135,1108.5,1122,1397848
2018-07-19,1117.5,1120,1098.5,1108.5,2104809
2018-07-20,1107,1127,1105,1123,1124915
2018-07-23,1113.5,1118,1087,1089.5,935387
2018-07-24,1093,1115.5,1090.95,1106,1422056
2018-07-25,1101,1101,1003,1025,3822302
2018-07-26,1030,1040.22,996.9,1003,1901826
2018-07-27,1006.5,1017.5,998,1010.5,1181912
2018-07-30,1003,1008,992,996.8,1275582
2018-07-31,1022,1048,997.2,1039,1609955
2018-08-01,1034,1037,1006.5,1024.5,1989685
2018-08-02,1015.5,1018.5,978.4,993,1555944
2018-08-03,1003.5,1019.185,985.4,1014.5,1153312
2018-08-06,1015.5,1017.5,968.4,980.6,1752121
2018-08-07,997.8,1012,994.2,994.2,920454
2018-08-08,993.2,1002.5,987.1737,997.6,780025
2018-08-09,986.8,1027,983.4,1022,1172051
2018-08-10,1015,1015,952.6,989.2,2211787
2018-08-13,981.2,992,978.37,987.4,1058403
2018-08-14,981.6,987,962.4,972.8,1100309
2018-08-15,970.4,971.2,890.2,897,2628102
2018-08-16,901.2,929.8,899.8,919.6,2387431
2018-08-17,910.8,925.8,906.6,924.8,1113263
2018-08-20,930,953.4,928,930.8,1523876
2018-08-21,945.8,947.7,924.6,930.2,892462
2018-08-22,932.2,954.4,920.4,946.8,1466149
2018-08-23,945.4,945.4,922.6,924.2,1170047
2018-08-24,927.2,950.2,919.996,947.2,1042882
2018-08-28,964.6,977.8,957.8,957.8,1157766
2018-08-29,959,965.4,931.2,934.6,1830411
2018-08-30,932,942.8,904.4,906.2,1013668
2018-08-31,914.8,916.64,897.2,897.2,1384905
2018-09-03,906.2,909.4,887.2,889.8,932611
2018-09-04,895,896.8,867.4,870.4,1397656
2018-09-05,870,878,855.6,872.8,1335532
2018-09-06,872.8,879.6,858.6,863,1438471
2018-09-07,863,867.9122,829,834,1982450
2018-09-10,835.8,847.36,809.5,812.4,1165410
2018-09-11,815,815,781.2,794,1495537
2018-09-12,794,804,783.6,800.2,1335167
2018-09-13,800,809.6,790.6,793.4,2550020
2018-09-14,795.6,799.6,780.495,785.2,1273804
2018-09-17,780,790.8,769,788.2,1637658
2018-09-18,801.4,816,793.4,796.4,3055933
2018-09-19,803,828.6,797.4,825.6,2575847
2018-09-20,819.6,859.4,819.6,847.6,3123420
2018-09-21,858,868.6,842.2,853.6,4261216
2018-09-24,852,866.6,843.4,856.2,2173297
2018-09-25,851.6,868.4,847,861,1517139
2018-09-26,858.4,858.4,824.8,829.6,2041731
2018-09-27,825.2,833.8,805.4,805.4,2293988
2018-09-28,810,828.8,795.4,821.4,1560907
2018-10-01,812,828.2,804,808,1582025
2018-10-02,814,830.4,806.4,820,1902286
2018-10-03,821.6,852.9192,821,825,2109759
2018-10-04,825.8,832.438,806.2,814.4,2438541
2018-10-05,814.4,814.4,780.8,794.4,1522006
2018-10-08,792.8,797.8,776.6,778,1042826
2018-10-09,786,791,771.2,779,998077
2018-10-10,780.6,784,760.8,772.2,1959495
2018-10-11,764.6,849.4,755.8,839,4191329
2018-10-12,849,896.8,845.6,876.4,4379482
2018-10-15,876.8,922.66,871.2,912.2,3189168
2018-10-16,910.2,910.2,885.4,908.4,1685447
2018-10-17,900,904.4,883.4,904.4,1856159
2018-10-18,893,908.8,886.6,901,1719093
2018-10-19,903.4,906.6,883.6,887.6,900798
2018-10-22,907,944,892.4,895.6,1807213
2018-10-23,900,988.4,896.4,977.2,4420069
2018-10-24,977,980,936.6,938,4577666
2018-10-25,941,964.6,906.6,913.2,3817473
2018-10-26,910,917.8,888.2,909.8,2359004
2018-10-29,905.2,905.2,882.8,895.2,1862169
2018-10-30,890.2,900.6,863.8,867.6,2059280
2018-10-31,868.8,874.2,835.8,848.6,3223970
2018-11-01,850.4,903.4,845,888.6,2322613
2018-11-02,896.2,904.8,875.4,881.8,2872508
2018-11-05,875.2,900.8,872.6,872.6,1092616
2018-11-06,879.8,889.6,860,871,1041451
2018-11-07,874.4,917.8,874.4,902,1345360
2018-11-08,895.2,905.2,895.2,903,833373
2018-11-09,896.2,898,857,861,1083570
2018-11-12,861.2,870,823.2,823.8,1748287
2018-11-13,825,840,820.4,825.6,1347688
2018-11-14,820,825.8,805,817.8,1471247
2018-11-15,831,862.6,829.8,850,2230963
2018-11-16,855.6,868,815.1,865,2425956
2018-11-19,867,897,867,894.2,1048916
2018-11-20,889.2,930,886.6529,914.2,1685395
2018-11-21,918.6,937.4,904.7264,912.6,1917131
2018-11-22,889.8,893,795.6,802.4,5495705
2018-11-23,800,804,737.6,746.4,2871758
2018-11-26,759.4,799.6,759.4,777.8,1780615
2018-11-27,778.2,784.8,757.6,757.6,994623
2018-11-28,759,770.6,746,759,1420724
2018-11-29,775,788,773.2,777.2,1323475
2018-11-30,778.8,783.0668,750.8,753.4,1455327
2018-12-03,776,796.4,767,771.6,1032029
2018-12-04,772.8,809,772.8,800.4,1264906
2018-12-05,786.2,820.562,773.8,774.6,1169635
2018-12-06,767.2,792.6,753.8,783,1513819
2018-12-07,794.2,814.2,783.6,800.6,1329196
2018-12-10,800.6,816.498,795.4,802.8,1350278
2018-12-11,800,823.4,789.2,813.4,1004779
2018-12-12,814,824,799.8,821.4,1016965
2018-12-13,819.8,846.8,810.4,841,1407159
2018-12-14,835,844.4,825.4,833.6,927581
2018-12-17,836,844.6,819,819,958539
2018-12-18,826.4,839.8,822.8,828.6,1226197
2018-12-19,835,842.8,824,830,1894792
2018-12-20,816.2,864.4,814.38,845,1226519
2018-12-21,857.2001,860.4223,831,837,1567403
2018-12-24,824.8,854.2,816.8,835,342565
2018-12-27,845,871.6,843.6,867.2,1152940
2018-12-28,879.6,885.8445,855.4,870,1152079
2018-12-31,872.8,876.8,859.8,860,540059
2019-01-02,858.8,888,848,888,1519464
2019-01-03,898,917.4,887.6,888.4,1789037
2019-01-04,897,906.0889,872.8,875.2,2159721
2019-01-07,884,923.2,884,916,1510476
2019-01-08,904,912.6,890,896.6,1124734
2019-01-09,897.8,928.4,875,921.4,1907440
2019-01-10,922.8,957.04,919.06,949.6,1954705
2019-01-11,954,970.6,933.6505,936.6,1630472
2019-01-14,939.8,946.6688,917,923.8,1207546
2019-01-15,923.8,935.8,900.2,919.4,1366827
2019-01-16,920,920,879.46,892.2,1387567
2019-01-17,881.8,905,876,900.8,829359
2019-01-18,909,910,879,887.6,1367008
2019-01-21,882.4,905.6,882.4,895.8,749467
2019-01-22,895.4,912.2,886.2,912.2,1019774
2019-01-23,895,918.4,885.4,887.2,1697207
2019-01-24,865.6,901.4,864.6,892,1102022
2019-01-25,913.2,949.4,909,946.8,1427047
2019-01-28,946.8,977.4,932,941.4,1111357
2019-01-29,937.6,985.4,935,965.4,1412392
2019-01-30,969.8,998.3,968.8,972.8,1121718
2019-01-31,983.8,1021,980,1005,2262972
2019-02-01,1000.5,1005.9,966.6,970.4,1666911
2019-02-04,964,975.4,945.4,971.2,2679297
2019-02-05,971.2,979.2,950.8,966.6,1077692
2019-02-06,969,974.6,956.8,968.8,908452
2019-02-07,957,968.6,950.4,951.4,1022033
2019-02-08,949.6,954.4,937.4,942.2,827892
2019-02-11,946.6,964,945,946.6,1094778
2019-02-12,955.2,975,945,948.8,756523
2019-02-13,953.6,968.6,949,966.4,1088827
2019-02-14,958.8,978.2,945,974.8,1302147
2019-02-15,968.8,998.6,965.8,969.6,1030731
2019-02-18,984,988.4,973.7818,980,493732
2019-02-19,979,1001.15,956,983.2,1273864
2019-02-20,991.8,1028,984.2,1027.5,1765311
2019-02-21,1012.5,1025.5,990.306,990.4,2221741
2019-02-22,1000,1018,990.4,993.4,1147039
2019-02-25,995.4,1003,973.8,976,1451298
2019-02-26,940,940,864.888,894.6,3758193
2019-02-27,897,902.2,872.2909,877.2,1894631
2019-02-28,868.8,875.6,860,860,2730953
2019-03-01,848,860.2,820.4,824,2901226
2019-03-04,822,824.892,798.4,799,3153927
2019-03-05,799,819,783.4,816.6,2622455
2019-03-06,815.6,822.8,797.2,802.8,2904909
2019-03-07,797.2,802.045,772.7,781.4,1760472
2019-03-08,790.6,808.8,779.8,798.4,1643665
2019-03-11,798,819.2,797,802,1212647
2019-03-12,805.6,816,799.4,814.8,1877264
2019-03-13,815.4,826,812.4,813.6,880509
2019-03-14,809,817,801.241,802.4,1359174
2019-03-15,817.2,820,799.6,802.4,1931727
2019-03-18,801.4,816.2,799.4052,807.6,1551001
2019-03-19,806.8,811.2,800.8,803.4,1406108
2019-03-20,798,809.2,796.5,800.6,1381700
2019-03-21,812.4,849,812.4,832.2,2416923
2019-03-22,840.8,842.963,815.6,833.6,1167911
2019-03-25,838.2,852.8,824,850,1562688
2019-03-26,866,874.8,855.4,872,2055386
2019-03-27,877.2,880.9172,851.49,854.4,1250351
2019-03-28,855.6,871.6,851.2,860,1154067
2019-03-29,863.4,877.6,855.6,870.8,967432
2019-04-01,872.4,876.26,854.6,861.2,1039611
2019-04-02,863,869,851,857.8,2464626
2019-04-03,860,882,855.6,882,1460082
2019-04-04,882,882.2001,867.801,872.6,834740
2019-04-05,879.2,894.32,877.1676,884.4,919335
2019-04-08,889,897.8,876.6,876.6,1001629
2019-04-09,878,882,855,857.8,1461454
2019-04-10,857.4,866,852.6,860.6,1000400
2019-04-11,859,859,798,798.4,2532238
2019-04-12,801,802,786.6,795.6,1667802
2019-04-15,786,795.2,780.2,784.4,1279364
2019-04-16,785.8,799.6,779,779,1067268
2019-04-17,779.6,781,757,765,1209577
2019-04-18,765,786.4,765,778.4,991939
2019-04-23,775.8,779.8,746.6,760,2434045
2019-04-24,760,760,741,748.2,1886859
2019-04-25,741,751.6,726.4,745.8,2066876
2019-04-26,748.2,757.8,733.6,756.2,1365106
2019-04-29,760,770,736.4,740.6,1346966
2019-04-30,740.6,765.4,740.6,748.8,2422913
2019-05-01,753.4,755.1638,740.4,748,1043354
2019-05-02,733.8,744.6,730.4,740.6,1012267
2019-05-03,739.8,748.4,733.6,748.2,835491
2019-05-07,754.4,758,732.6,736.6,1298187
2019-05-08,736.8,745.8,731.2,736.8,1376207
2019-05-09,735.6,738.8,725,727.2,997398
2019-05-10,732,733.4,720,724.8,1089427
2019-05-13,723,730.104,712.554,726,1024507
2019-05-14,734.2,752.8,729.6363,738.8,2615647
2019-05-15,740,750,732.8,744.8,1361333
2019-05-16,744.8,751.8,726.4,726.4,1445565
2019-05-17,729,740.4,719.2,731,1288692
2019-05-20,731.4,738,724,737.2,695347
2019-05-21,726,750.6465,724.6,736.8,1739428
2019-05-22,729.6,746.8,725.4,728.6,1020261
2019-05-23,725,736.2,722,732.8,1593217
2019-05-24,734,736.4,718.2,726.8,1822033
2019-05-28,726.8,748.6788,726.8,738,2000621
2019-05-29,740.2,757.056,737.2,742,982334
2019-05-30,748.2,751.2,737.4,745.2,950645
2019-05-31,738.2,772.2182,738.2,768,1829223
2019-06-03,768.4,798.6,761.6,796.8,1841826
2019-06-04,795.8,807,779.2,784.8,1572968
2019-06-05,788.8,801,784.528,789.6,2610813
2019-06-06,798.8,807,786.14,802.6,1704631
2019-06-07,804.6,816.8,796.3065,812,1348575
2019-06-10,800,809.6,789.2,789.8,1792905
2019-06-11,792.8,797.2,772,787.6,1540314
2019-06-12,792,810.8,787.4,804.8,1476163
2019-06-13,808.8,814.8,798,812.4,1224881
2019-06-14,819.6,843,818.5325,839.8,1494130
2019-06-17,840,841.8,820.2,825.8,1197810
2019-06-18,830,849.4,826.2,831.6,1811399
2019-06-19,833.4,835.8,813.6,823.2,1515187
2019-06-20,871,882.2001,850.663,868.8,2112748
2019-06-21,872.2,892.2,869.8075,883.2,3405178
2019-06-24,887,898.8,880.6,888.4,1802474
2019-06-25,898.4,911.2,888.6,893,2297971
2019-06-26,885,885,864,874.8,3183467
2019-06-27,880,885.6,864.2,866.8,1481658
2019-06-28,875.6,880,865.2,870.2,1392882
2019-07-01,857.8,860,834.6,852.8,1922797
2019-07-02,859.4,867.7999,855.6,864,1409952
2019-07-03,876.8,897.6665,871,875.4,1541324
2019-07-04,870.2,875.6088,857.6,870.6,900617
2019-07-05,871.8,895.8,867.1982,880.4,2016784
2019-07-08,885,906.2,881.8,894.8,1477196
2019-07-09,895.8,899,880.2,890.4,1357360
2019-07-10,886,890.4,864.7939,875,1956665
2019-07-11,880.4,891.8,876.6,878,1188768
2019-07-12,876,891.4,874.6,879.4,1150342
2019-07-15,884.8,901.6,879.414,897.4,1517077
2019-07-16,899.2,921.2,893,921.2,1731971
2019-07-17,870.6,912.2,864.8,895,2564348
2019-07-18,897.2,901.6,806,813.4,4333501
2019-07-19,830,842.6,794.8,794.8,3545840
2019-07-22,798,811.4,775.2,792.4,1788890
2019-07-23,795.8,804.6,778.2,786.6,1303367
2019-07-24,787.2,787.279,767,782.6,1373274
2019-07-25,788.8,800,777.6,784.6,2019459
2019-07-26,784.6,793.8,780.2,786,1012703
2019-07-29,796.6,807,786.598,794.6,1524873
2019-07-30,790,790,616.7236,653.6,8761063
2019-07-31,649.8,661.92,599.2,601,5593661
2019-08-01,596,609,570,605.8,6380402
2019-08-02,593.6,623.618,591.6,611,9837916
2019-08-05,613.4,653.6,611.6,640,3867631
2019-08-06,627.4,650.6,625.2,644.8,2770816
2019-08-07,653.4,696.2,649.8,680.8,4598537
2019-08-08,680.2,686,668,685.4,2314969
2019-08-09,687.8,698.394,678.8,678.8,2513513
2019-08-12,680.6,688.4,660.2,687.6,1823039
2019-08-13,691,713.6,678,682.2,3292002
2019-08-14,681.8,690.6,663.4039,684.2,2181834
2019-08-15,685.2,690.346,668.6,671.2,1624715
2019-08-16,671.2,672.2,656.6,663.6,1409995
2019-08-19,665.8,667.052,647.4,652,1471177
2019-08-20,650.4,658.8,641.4,655.6,1583128
2019-08-21,654,667,651.4,667,1337694
2019-08-22,667.2,673.2,660.8,665.2,1219374
2019-08-23,667.4,687.8,666.6,684.4,1747805
2019-08-27,687.8,712.2,687.8,697.6,3441370
2019-08-28,702.8,731.8,693.4,728,3790619
2019-08-29,733,756.2,730.4,733.2,3319087
2019-08-30,732,743.4,722.242,740.4,2637732
2019-09-02,741.6,757,737.2,746,1215566
2019-09-03,751.2,767.8,739.437,764,1920501
2019-09-04,767,769.4445,753.512,767.2,2231025
2019-09-05,773,774.4,714.6,723,3142357
2019-09-06,723,730.6,705.2,719.2,2509547
2019-09-09,714,717.6,693.1818,696.4,1974974
2019-09-10,694.8,703,683.6,703,2636600
2019-09-11,700.6,730.8,697.6,729.2,2257069
2019-09-12,732.2,757.4,732,749.4,3003737
2019-09-13,763,764.6,728.6,729.6,3199967
2019-09-16,731.2,737,711.4,722,2451814
2019-09-17,718.8,739,718.8,736.4,4127619
2019-09-18,736.8,752.2,730.2,736.8,1690748
2019-09-19,730,730.2,713.6,716.6,1642415
2019-09-20,716.6,730.6,714.8,717.4,2348639
2019-09-23,725.6,747,717.6,742.4,3025940
2019-09-24,742.4,755.8,729,744.4,1713866
2019-09-25,741,749.4,734.6,737.2,1359312
2019-09-26,734,746.6,723.2,730.2,2063304
2019-09-27,722.2,731,695.8,703,1990405
2019-09-30,704.6,710.8,676.628,683.6,4674596
2019-10-01,675,691,662.4,690.6,11395290
2019-10-02,690.4,697.6,666.6,667,2287573
2019-10-03,667.6,670.3971,646.4,658.6,2757557
2019-10-04,664.8,667.0652,645.8,662.2,1929996
2019-10-07,662.2,675,653.4,674.8,1600393
2019-10-08,672.8,691.6,670.595,688.8,5805070
2019-10-09,691,697.4,669.4,669.4,1816356
2019-10-10,671.8,673.25,649.2,654.2,1723074
2019-10-11,649,656.4,630.8,630.8,2469466
2019-10-14,634.8,643.8,619,634.4,2012296
2019-10-15,626.4,636.2225,609,610.6,3870460
2019-10-16,609,629.666,599,609.6,3287929
2019-10-17,611.4,619.8,600,616.4,2264466
2019-10-18,610.8,617.6,605.4,616,2166537
2019-10-21,619.2,638,616.8,629,1450166
2019-10-22,631.4,654.6,627.8,650,2371440
2019-10-23,639.2,646.4,622.642,639.2,3051828
2019-10-24,632.6,660.8,632.6,655.8,1867409
2019-10-25,657,685.2,657,681.4,2254698
2019-10-28,679.4,685.1717,672.4975,673,1855883
2019-10-29,673.8,690.2,668,679.4,1442178
2019-10-30,679.4,692,672.72,691.8,1789035
2019-10-31,694,718.8,693.8,710,2621653
2019-11-01,713,723.4,709.6,720,1893792
2019-11-04,722.8,730.4,714,721.2,1719739
2019-11-05,725,733.2,705,707.4,1903248
2019-11-06,708,716,697.4,705.6,1990959
2019-11-07,706.6,713.6,677.6,683.6,2036312
2019-11-08,677,688.4,654.6,673.4,2728771
2019-11-11,666.6,673.793,654.8,656.4,2100482
2019-11-12,653.2,659.4,619.6,626,3620089
2019-11-13,628.4,658.6,621.6,655.8,2965535
2019-11-14,643,647.8,626.4,636.4,2817792
2019-11-15,634.2,638.2215,609.2,624.4,2557961
2019-11-18,615,625.6521,613,624.6,1938248
2019-11-19,623.2,629,611.6375,627,2220344
2019-11-20,627,633.4,615,619.4,2048928
2019-11-21,614,618.4,598.4,598.6,2839989
2019-11-22,600,605.2425,561,561,5053067
2019-11-25,564.6,565.6,536.8,539.6,5500441
2019-11-26,547.8,584.4,545.8,576.2,26937949
2019-11-27,576.2,596.1014,556.4,572.8,3802982
2019-11-28,573.8,576.6,562.6,571,1486272
2019-11-29,572.8,578.2865,568.8,577.6,2166541
2019-12-02,580,580,553.4,571.4,3465841
2019-12-03,564.2,595.2,554,582.6,4041342
2019-12-04,581.8,584.2,541,545.4,4485988
2019-12-05,548,569.6,544.4,563.2,2539869
2019-12-06,566.2,568.8,550.2,555.4,2367567
2019-12-09,563.6,566.9999,549.8,558.2,1877138
2019-12-10,551.2,562.8,548,554.4,2175933
2019-12-11,558.8,586.2,557.6,581.6,2372696
2019-12-12,578,596,572.567,590.4,2044570
2019-12-13,579.6,605.4,569,572.4,2412885
2019-12-16,575,593.2,573.357,589.4,1474461
2019-12-17,589.8,602,583,584.2,1445572
2019-12-18,593.8,599,580.8,585.2,1680310
2019-12-19,590,590.4,571.4,576.8,2361237
2019-12-20,578,585.6,574.2,581.6,4925707
2019-12-23,596.2,597.8,574.8,591.8,923390
2019-12-24,595,607,591.2,600,497552
2019-12-27,603,621.2,602,620,1705765
2019-12-30,621.6,643.4,615.4,640.2,2556269
2019-12-31,643.8,646.6,631.6,640.2,586956
2020-01-02,645.2,647.76,620.9518,644,2195004
2020-01-03,651,668,648.444,661,2450550
2020-01-06,672,678.76,661,661,1809624
2020-01-07,665.2,668.8,645.67,656,1976991
2020-01-08,666.2,668.4,641.5225,642,1442636
2020-01-09,633.8,639.8,614.6,620,2085418
2020-01-10,626,627.138,612.822,625.2,1273488
2020-01-13,631,631,613.6,619,936606
2020-01-14,617.4,617.4,595.8,609,2024614
2020-01-15,615,624,607.4,623.6,1648312
2020-01-16,629,634.9901,620.4,633.2,1868495
2020-01-17,635,655,633.3272,640.2,1530487
2020-01-20,649.6,656,640.6,649,783061
2020-01-21,657,657,635,636.2,4523099
2020-01-22,639.4,641.2,632,637.6,681008
2020-01-23,637,639.52,624.2,632.4,1257419
2020-01-24,634.4,639.6,630.2,636,822030
2020-01-27,636.2,651.6,630.32,638.2,1605503
2020-01-28,639.2,640.6,613,613,1050957
2020-01-29,620,626.2,590.4,619.2,2288168
2020-01-30,615,650,615,650,1480931
2020-01-31,648.8,663.4,638.6,662.4,1801483
2020-02-03,658.8,662.6,640.242,642,1533429
2020-02-04,642,650.8,620.8,624.2,943901
2020-02-05,629.2,631.1857,615,623.6,1065098
2020-02-06,630,656.2,623.2,653.8,1603274
2020-02-07,654,665.2,647.4,664.8,1578997
2020-02-10,667.8,669.6,647.2,652.6,841802
2020-02-11,651,659.8,642.8,653.6,660086
2020-02-12,659.6,663.2,645.4,646.8,935723
2020-02-13,647.2,674.4,644.4,674,4295601
2020-02-14,676.8,676.8,662.4,675,919816
2020-02-17,679.8,679.8,660,665.4,577885
2020-02-18,663,691,662.376,688,1259422
2020-02-19,692.6,723,692,701.4,1696225
2020-02-20,710.6,713.5394,687.2,691.4,1351708
2020-02-21,693.8,722,693.8,712.2,2095122
2020-02-24,732.8,788.799,713,735,3071379
2020-02-25,727.6,743.543,719.2,727.4,2335282
2020-02-26,719.4,725.3725,704,708.4,1788262
2020-02-27,710,715.6,685.2,685.2,1806277
2020-02-28,659.6,661.2,594,603.8,3346911
2020-03-02,617.2,647.11,607.8,620,2474858
2020-03-03,627,659.6,585.046,649.8,3274951
2020-03-04,647.6,661,630.463,659,2246615
2020-03-05,661,676,640.665,666,1914385
2020-03-06,666.6,695.4,661.2,663.2,1947102
2020-03-09,614.8,671.6,609.6,657.8,2909607
2020-03-10,660.6,666.8,615.4828,617.6,2957741
2020-03-11,607.8,640.6,607.8,619,1634532
2020-03-12,601.8,605,539.6,556.2,2048421
2020-03-13,556.2,583,542.4,543.8,3773117
2020-03-16,524.8,533.8,456.509,527,3728892
2020-03-17,540.2,602.4,506.6,584.8,3065390
2020-03-18,575.4,609.6,543.6,599,3596055
2020-03-19,598.8,622,537,566,4124076
2020-03-20,600,610.8,544.4,595.6,16162030
2020-03-23,577.2,631.4,553.6,620,2883583
2020-03-24,635,726.8,617.056,726.8,2966766
2020-03-25,730,775.8,697.4,765,3557177
2020-03-26,734.2,758.6,721.2,751.8,2120180
2020-03-27,726,752.2,714.8,727.6,1407134
2020-03-30,715.4,736.8,687.8,700,1712395
2020-03-31,687.8,719.8,656,666.8,2363332
2020-04-01,644.4,697,636.2,655,2091477
2020-04-02,640,681.2,620,677.8,2364961
2020-04-03,668.4,675.8,633.8,636,1463295
2020-04-06,638.4,675.8,634,663.4,2247257
2020-04-07,683,704.8,680.6,694.6,1643343
2020-04-08,695.2,701,652.2,656.4,3619690
2020-04-09,645.4,718.2,645.4,714.4,1391077
2020-04-14,731.8,770.6,731.8,749.6,2083727
2020-04-15,744.8,753.8,687,695.8,2379687
2020-04-16,701.8,737.2,699.6,729,1912496
2020-04-17,726,754.2,703.4,707.8,2086788
2020-04-20,705.8,711.8,682,702.2,1508475
2020-04-21,696.2,743.4,696.2,720,1954651
2020-04-22,722.2,765.8,720.2,759.6,1716242
2020-04-23,753.2,779.8,743.6,753.6,2063505
2020-04-24,744.6,754.8,727.6,727.6,1784586
2020-04-27,728,741.56,705.8,718.8,1585774
2020-04-28,715.8,724,699,704.2,1439481
2020-04-29,714,731,707.526,719.4,1903877
2020-04-30,731.2,739.6,706.4,711.8,1790705
2020-05-01,695,703.6,678.6,702,1146561
2020-05-04,703,711,689.4,697.2,1325850
2020-05-05,709.8,712.8,685,689.2,1179236
2020-05-06,691,697.2,669,673.6,1871846
2020-05-07,676,686.6,663.2,681,1647979
2020-05-11,688.2,693,679.4,686.6,1304016
2020-05-12,687.4,696.6,674.1795,693.8,1021498
2020-05-13,683.8,697.4,672.8,693.8,1247197
2020-05-14,685,697,671.5025,695.2,1250922
2020-05-15,707,741.2,704.8,737.6,2550206
2020-05-18,759.8,825.2,755,805,4050466
2020-05-19,812.6,822.8,775,812.6,1957791
2020-05-20,817.6,827.2,799,807,1797043
2020-05-21,795,803.8275,772.8,773,4230733
2020-05-22,779.4,794.2,763,794,2532255
2020-05-26,806,807.8,766.4,771.8,1397340
2020-05-27,771,773,748.4,750.8,2516824
2020-05-28,766,788,757,788,1521021
2020-05-29,778.4,795.4107,766.4,786.2,1197987
2020-06-01,803.2,815,791.8,809.4,1303356
2020-06-02,813.4,818.2,793.4,793.6,1371781
2020-06-03,793,795.238,746.6,746.8,1931546
2020-06-04,746.8,778.8,741.5575,756.8,1552983
2020-06-05,756.8,760.6,711.8,717.4,1825480
2020-06-08,728.4,747.2,715.2,730.4,1192782
2020-06-09,741,765.2,736,758.4,1873978
2020-06-10,765,772.6,752.2125,767.4,1127649
2020-06-11,777,789.8,767.2,776.2,1175013
2020-06-12,757,802.4,750.162,794.2,1885318
2020-06-15,777.6,777.8,733.2,747.6,1520719
2020-06-16,761.6,772.7975,746.336,754.2,925722
2020-06-17,763.6,767.8,744,765.8,635048
2020-06-18,760,772.8,751.2,758.8,789140
2020-06-19,766.4,780,754.8,780,1660569
2020-06-22,784.2,817,782.4,814.8,1384199
2020-06-23,815,853.6,813.6,853.6,1284674
2020-06-24,860,864.35,834.8,837.6,2160904
2020-06-25,831.2,831.2,810.6,819,770062
2020-06-26,820.2,849.3165,812,824.8,788796
2020-06-29,838.6,845.4,827.6704,841,618082
2020-06-30,845,849,821.6,841.4,793538
2020-07-01,841.4,862.7375,827,829,1028956
2020-07-02,837,860.8,834.4,843.6,765451
2020-07-03,854.6,858.6,826.4,855.6,1051217
2020-07-06,843.8,889.6,843.8,880.4,1349940
2020-07-07,880.4,890.8,864,885.2,693237
2020-07-08,889.8,914.8,885.712,908.6,1424702
2020-07-09,915.6,937.6,911.2,925.6,1725534
2020-07-10,925.2,955.2,910,940,1091735
2020-07-13,946,998.6,937.8,992.7999,1844729
2020-07-14,983,1010,964,1005,1303170
2020-07-15,1008.5,1053.5,1004.501,1042,2031621
2020-07-16,1038,1062.31,1020.5,1044,1096001
2020-07-17,1037,1091.5,1035.627,1091.5,966359
2020-07-20,1098.5,1100,1062.603,1097,1567979
2020-07-21,1120,1136.5,1066.5,1069,5808391
2020-07-22,1100,1204,1085,1171.5,3211744
2020-07-23,1230,1239,1171.5,1189,2896631
2020-07-24,1177.5,1197,1157.5,1191.5,2222064
2020-07-27,1235.5,1277,1214.5,1276.5,2796028
2020-07-28,1243,1310,1187.5,1257.5,2896525
2020-07-29,1250,1287,1236.5,1261,1783880
2020-07-30,1259.5,1279.5,1202.5,1208.5,2736432
2020-07-31,1232.5,1285,1222.5,1232.5,2259620
2020-08-03,1242,1284.5,1242,1275,1823297
2020-08-04,1245,1278.5,1227.5,1265,1905021
2020-08-05,1295,1359.5,1290,1340,2916811
2020-08-06,1334,1345.935,1299,1330.5,1581871
2020-08-07,1330,1346.181,1294,1294,1746894
2020-08-10,1291.5,1318.406,1281,1293,1219992
2020-08-11,1276,1289.7,1169.84,1206.5,2855055
2020-08-12,1178,1247.5,1174.5,1239.5,2172378
2020-08-13,1226,1265.5,1203.473,1258.5,1355179
2020-08-14,1252,1252.312,1213.5,1223,1219714
2020-08-17,1235,1269.172,1232.88,1251.5,1342478
2020-08-18,1260.5,1299.44,1250,1271,1299817
2020-08-19,1267,1287,1252.5,1252.5,1060765
2020-08-20,1235,1260.885,1215.5,1245,949819
2020-08-21,1241,1253.138,1194.5,1234,1454995
2020-08-24,1225,1251.5,1219,1219,976065
2020-08-25,1225,1246.138,1208,1217,828092
2020-08-26,1221.5,1252.5,1212,1252.5,1675472
2020-08-27,1263,1296,1227.5,1227.5,1295245
2020-08-28,1244,1272.5,1231.5,1262.5,1687639
2020-09-01,1290,1348,1288,1320,3791254
2020-09-02,1314.5,1336,1267.5,1277.5,1286744
2020-09-03,1265,1283,1250.5,1250.5,1359109
2020-09-04,1261,1304.5,1254.5,1268,1484484
2020-09-07,1278,1330.5,1278,1319,1504353
2020-09-08,1330,1335.5,1264,1299,1947798
2020-09-09,1299,1323,1278.5,1317.5,849692
2020-09-10,1319.5,1346,1293.5,1332.5,1003791
2020-09-11,1328,1365,1324.5,1352,1119289
2020-09-14,1335,1348.327,1257.5,1303.5,2724071
2020-09-15,1322,1338.5,1285,1296,1717244
2020-09-16,1303,1335.5,1289.5,1305,3018221
2020-09-17,1294.5,1316,1264,1280,1766958
2020-09-18,1305,1353,1294,1343,15464300
2020-09-21,1337.5,1379.5,1276.5,1286,1904198
2020-09-22,1286,1294.827,1241.5,1278,2159714
2020-09-23,1258,1264,1197.5,1204.5,2815788
2020-09-24,1175.5,1190,1148.55,1190,3127621
2020-09-25,1202,1228.5,1172,1185.5,1420823
2020-09-28,1186.5,1206.5,1159.5,1173.5,1669484
2020-09-29,1193.5,1209.879,1173,1203,1442303
2020-09-30,1200,1206.138,1177.5,1197,1790409
2020-10-01,1203,1242.5,1193.51,1229.5,2683875
2020-10-02,1229.5,1258.488,1201.5,1248,1930116
2020-10-05,1247,1285,1227.5,1263.5,890287
2020-10-06,1289,1289,1252,1254,1086975
2020-10-07,1237.5,1298,1230,1287.5,1080763
2020-10-08,1302,1306.827,1261,1280,1150238
2020-10-09,1285,1323.5,1285,1316.5,2918818
2020-10-12,1318.5,1350,1314,1331.5,1252221
2020-10-13,1337.5,1351,1315.462,1327.5,908729
2020-10-14,1340,1366,1327.862,1357.5,785730
2020-10-15,1348,1355.5,1310,1330.5,935238
2020-10-16,1335.5,1369.111,1335.5,1343.5,777944
2020-10-19,1360,1365.5,1332,1332,842347
2020-10-20,1320,1333.5,1309,1333,1087596
2020-10-21,1309,1315.5,1257,1275,1716025
2020-10-22,1264.5,1273,1223.5,1228.5,1455766
2020-10-23,1220,1248,1212,1218.5,1370734
2020-10-26,1220,1228,1195.5,1218,739181
2020-10-27,1221.5,1259,1214,1236,1481295
2020-10-28,1228,1237.5,1149,1160.5,1489463
2020-10-29,1157.5,1178.155,1146,1168,1118672
2020-10-30,1159,1173.76,1138.5,1162.5,1281695
2020-11-02,1166,1229,1153.914,1209.5,1481851
2020-11-03,1225,1268.5,1218,1242,1114499
2020-11-04,1257,1262,1222.5,1255.5,816454
2020-11-05,1260,1306.857,1255.5,1292,1539067
2020-11-06,1301.5,1325,1282,1310,2222320
2020-11-09,1337.5,1364.5,1105,1109,4296293
2020-11-10,1125,1153,1081,1099.5,3285815
2020-11-11,1084,1093.5,1042,1084.5,2231390
2020-11-12,1085,1153.5,1081.5,1125,1730210
2020-11-13,1119,1143.5,1102.5,1124,1790552
2020-11-16,1124,1145.5,1088,1099.5,1583533
2020-11-17,1095.5,1131.5,1095.5,1111.5,2613218
2020-11-18,1113.5,1149,1109,1118,1206546
2020-11-19,1106,1131.5,1103.511,1114.5,1154102
2020-11-20,1118.5,1142,1101,1134,1188830
2020-11-23,1134,1150,1083.5,1085,1415474
2020-11-24,1082,1090.5,1008.5,1048,2329331
2020-11-25,1043.5,1096,1040,1087.5,1839429
2020-11-26,1102.5,1120,1088.5,1088.5,1433953
2020-11-27,1091.5,1125,1072.5,1112,2913252
2020-11-30,1094,1100,1037.628,1052.5,21584590
2020-12-01,1078,1132.116,1060,1115,2028055
2020-12-02,1116,1152,1110,1140,1951432
2020-12-03,1148.5,1165.5,1133.5,1137,1048328
2020-12-04,1146.5,1152.5,1106,1135.5,1353576
2020-12-07,1135,1156,1105.5,1145,1297210
2020-12-08,1149,1157.5,1139.527,1156,1007244
2020-12-09,1158,1158,1121,1135,741262
2020-12-10,1124.5,1152.5,1113.5,1140,2577999
2020-12-11,1131.5,1159.5,1119.145,1126,2705740
2020-12-14,1105.5,1119.5,1077,1117.5,2881182
2020-12-15,1135,1159.5,1121.5,1140,1904668
2020-12-16,1150,1156.5,1131.5,1145,1337512
2020-12-17,1160,1182,1147.5,1159,1432330
2020-12-18,1159.5,1167.552,1132.5,1139.5,1859158
2020-12-21,1150,1199,1120.5,1165.5,1953436
2020-12-22,1149.5,1153,1132.5,1140.5,1459952
2020-12-23,1140.5,1159,1128.5,1137,947911
2020-12-24,1135,1139.5,1120.5,1139.5,161882
2020-12-29,1149.5,1188,1143.5,1167.5,1112168
2020-12-30,1162,1165.138,1127,1135.5,745622
2020-12-31,1137,1145.244,1113.5,1129.5,230140
2021-01-04,1156.5,1262.5,1156.5,1249,2182098
2021-01-05,1246.5,1257.5,1227.5,1240,1170078
2021-01-06,1229.5,1262,1214.5,1247,1421424
2021-01-07,1265.5,1280,1231,1247.5,1079144
2021-01-08,1253,1258.327,1179,1204.5,1425451
2021-01-11,1194,1224.5,1165,1179,2086511
2021-01-12,1191,1207.5,1115.5,1130,1380337
2021-01-13,1132,1133,1107,1124.5,684473
2021-01-14,1122,1131.957,1109.862,1120,621773
2021-01-15,1122,1128,1062.5,1087.5,1352960
2021-01-18,1090,1118.5,1081,1088,498024
2021-01-19,1098,1106.5,1064.5,1076.5,714689
2021-01-20,1084.5,1102.617,1083,1090.5,884272
2021-01-21,1098.5,1111,1088.5,1089.5,741247
2021-01-22,1087.5,1093.594,1060.5,1091,788823
2021-01-25,1096.5,1115.5,1079,1082,821172
2021-01-26,1088.5,1089.5,1059.5,1062.5,608935
2021-01-27,1043,1055,910.6,924,3901219
2021-01-28,915,1035,905.2,982.8,2988541
2021-01-29,985.2,1027.5,958,987.6,3045373
2021-02-01,1100,1193.5,1062.742,1076,5802424
2021-02-02,1058,1075,998,1024,3219749
2021-02-03,1028,1034,996,1034,2593771
2021-02-04,1027.5,1032.5,979.8,1000,1761964
2021-02-05,1003.5,1030,982,1030,1425649
2021-02-08,1010,1047,999,1024.5,1136900
2021-02-09,1019.5,1042.5,1001,1028.5,1071609
2021-02-10,1031.5,1066,1024.5,1033.5,1298627
2021-02-11,1033,1037,1005,1030.5,950783
2021-02-12,1023.5,1030,1000.5,1020.5,1054394
2021-02-15,1028.5,1041.086,1013.5,1024,1834584
2021-02-16,1024,1033.5,987.4,1004.5,1508309
2021-02-17,995,1010,972.6,973,2246150
2021-02-18,982.4,1002.5,948.1621,961.8,1211995
2021-02-19,964.4,989.4,953.6,984,1465991
2021-02-22,986.8,1003,956,989.8,2153300
2021-02-23,997,998.2,939.8,977.6,1777430
2021-02-24,968.8,988.2,951.4,965.8,1488521
2021-02-25,977.6,982.6,945.4,951.8,1786884
2021-02-26,941.8,944.843,906.4,910,4371409
2021-03-01,928,936.6,900.8,902.6,1497970
2021-03-02,900,922.2,885,913.4,1933819
2021-03-03,920,952,902,913.8,1916362
2021-03-04,911.8,915.8,887.957,915,1446799
2021-03-05,898.2,916.6,882.4,886.2,1994283
2021-03-08,889.8,901.668,882,900.2,1406297
2021-03-09,909,942.6,893.2,933.8,2321638
2021-03-10,931.8,933.4,905.8,931.2,1220155
2021-03-11,936.8,962.4,932.2,956.6,1387272
2021-03-12,949.6,949.6,919,930.8,1332508
2021-03-15,935,954.4,932.3574,951.8,1128990
2021-03-16,951.8,976.2,944.8,966.8,1627525
2021-03-17,965.4,966.6,935.8,941.4,1933813
2021-03-18,951.2,966.8,943.6,954.4,1527263
2021-03-19,940,972.4,940,964.2,4549049
2021-03-22,958,965.4,943.3671,945.2,1295501
2021-03-23,945.2,945.2,928.2,928.2,1311727
2021-03-24,925,935.4,907.2,910,981679
2021-03-25,911.6,912.2,893.8,899.6,1097451
2021-03-26,900,917.2,897,916.2,1022280
2021-03-29,911.4,917.4,893.6,893.6,665910
2021-03-30,890,899.2,853.0052,857.4,1508723
2021-03-31,857.6,869.55,855.4,864.2,2108600
2021-04-01,869.4,900.2,863.4,894.8,1036103
2021-04-06,904.8,911.8,894,900,1048242
2021-04-07,906,915,898,910,1092322
2021-04-08,913.4,923.4,901.2,911.2,1203222
2021-04-09,911.4,911.6,882.8,894.4,1009840
2021-04-12,893,902.6,879,886.8,1996167
2021-04-13,890,907.8,875.1026,907.6,1556505
2021-04-14,910,913.5651,896,901,1025451
2021-04-15,909.6,932.6,898,927.8,1956656
2021-04-16,928,932.509,911.3324,925.8,2136278
2021-04-19,926.4,965.2,915.6,919.6,1696193
2021-04-20,921.8,938.6,919.6,923,1296929
2021-04-21,930,938.4,910.8,929.2,1373417
2021-04-22,949.8,949.8,876.6,908.6,1864082
2021-04-23,909.2,919.6,886.8,893.4,1467287
2021-04-26,896,916.6,888.2,906.8,1207677
2021-04-27,903,918,884,886.6,1294838
2021-04-28,876.8,876.8,847.4,850.2,2339909
2021-04-29,853.4,868.4,825.2,830.4,1939617
2021-04-30,829,841.3349,820.2,823.6,1780816
2021-05-04,837.8,866.8,835.4,851.4,1685156
2021-05-05,847.8,859.6,839,853,1156023
2021-05-06,861.2,907,858.2,906.2,2161875
2021-05-07,912.8,926.4,896,911,2224418
2021-05-10,931,942.4,916.2,920.2,1997250
2021-05-11,906.2,927.1434,894,903,1173407
2021-05-12,906.8,916.2252,892,896.8,1506878
2021-05-13,893.6,897.2,868.4,869,1294593
2021-05-14,886.8,894.6,871.6,885.2,1166682
2021-05-17,893.2,915.8,869.8,915.8,2791193
2021-05-18,930,945,890.4,894.8,2944243
2021-05-19,885.8,904,852.8,890.4,3027302
2021-05-20,890.4,898.5843,857.8,879,3544927
2021-05-21,876.2,897.8606,868,882,2801754
2021-05-24,883.6,888.6,853.6,867.6,2126248
2021-05-25,867.6,879.0527,854,869,3320004
2021-05-26,880,887.2,857.6,878.4,3698802
2021-05-27,882,913,876,913,14793250
2021-05-28,911.2,914.6,895.4,897.6,2681169
2021-06-01,912,931.3208,901.4805,915,2312833
2021-06-02,913.6,916.8,903.8,910,1742162
2021-06-03,910,910,863,865.6,2013637
2021-06-04,867.6,878,849,875.4,1682307
2021-06-07,871.6,876.6,854.6,863.8,1543844
2021-06-08,864.2,873.4,854.6,865.8,1304469
2021-06-09,862.2,863.644,849.2,856,1260224
2021-06-10,853.2,858.2,838.798,850,1112099
2021-06-11,865,877.9885,850.8,860.6,2108446
2021-06-14,858,862,840.2,861.8,1957496
2021-06-15,870.6,870.6,838,838,1117234
2021-06-16,842.4,846.8,824,833.2,1196718
2021-06-17,820,820.6,800.6,805.2,2022227
2021-06-18,812,835,812,823.4,1976506
2021-06-21,821.4,827,813.6,821.8,996472
2021-06-22,822.4,832.917,815.8,827.6,819285
2021-06-23,827.6,830.2,806.2,814,1054320
2021-06-24,811,819.4,807.4,807.4,913686
2021-06-25,808,812,801.8,806.4,1047797
2021-06-28,807.2,813.8,799.8,801,1222347
2021-06-29,799,800.4924,783.4,786.4,1735232
2021-06-30,790,790,769.6,771.6,1449604
2021-07-01,785.2,817.6,781.7519,796,1259505
2021-07-02,802.6,805.4,786.6,805.4,836381
2021-07-05,806.8,816.2,805.776,812,596885
2021-07-06,816.8,823.8,807.2,815.4,1032546
2021-07-07,820,828.6,812,823.8,869067
2021-07-08,815,817.4,792,801.2,1458564
2021-07-09,805,808.996,790.4,800.6,628534
2021-07-12,808.2,808.2,783,790.4,886949
2021-07-13,793.4,815.4,791,815,1203384
2021-07-14,811.4,822.8,801.8,816,697893
2021-07-15,814.6,824.6,809.6,817.2,809600
2021-07-16,821.8,822.2,794.7724,794.8,691869
2021-07-19,811,811,777.4269,792.8,1015336
2021-07-20,799.4,800.2,766.2,769,1318686
2021-07-21,766.8,774.8303,753,762.6,1180887
2021-07-22,762,768.8,754.578,758,542610
2021-07-23,766.2,766.2,743.4462,745.2,915936
2021-07-26,745.6,762.8,742.8,759,543069
2021-07-27,754.2,760.6,742.6,754,890796
2021-07-28,761.8,810.4,753.8,806.4,1378346
2021-07-29,823.8,833.4,815.2,820.6,990093
2021-07-30,819.4,827.8,816.8,818.2,1096546
2021-08-02,817.8,824.8,800.135,822.8,888181
2021-08-03,819,849,819,838.4,1335164
2021-08-04,829.2,833.6,807.8,811.4,1054967
2021-08-05,809.2,817.4,804.2,815.4,866269
2021-08-06,811.2,822.4,785,793.8,2314907
2021-08-09,788.2,803.6,778.6,783.2,740848
2021-08-10,788,789.8,767.8,772.2,1270494
2021-08-11,775.2,794.8,771.4229,791.6,750797
2021-08-12,787,800.8,781,791.8,1273548
2021-08-13,798,801.6,777.4,797.6,611624
2021-08-16,794.6,815.4,790.2,812.2,858238
2021-08-17,807,842,804.8,826.6,1192484
2021-08-18,835,835,823.4884,831,1057017
2021-08-19,821.4,842,812.6,835.8,1238183
2021-08-20,835.2,841,826.6,835.4,934214
2021-08-23,837,846.6,829.6,846.2,901625
2021-08-24,848,850.2,840.2046,845.4,574194
2021-08-25,840.6,842.053,827.8,836,661919
2021-08-26,833.2,838,822.2,836.4,373022
2021-08-27,844.6,852.23,838.8,845.8,1120947
2021-08-31,852,862.8,847.8,854,2512301
2021-09-01,854.6,856.4,833.8645,844,1416172
2021-09-02,841.8,850.6,831.4,833.2,1078865
2021-09-03,843.6,867.2,834.4,862.4,1122267
2021-09-06,869.8,870.8,850,858,633151
2021-09-07,851.6,861.4375,847.2,848.4,955067
2021-09-08,842.6,850.8,838.4,849.8,755114
2021-09-09,835.6,855.2,835.167,844.6,656532
2021-09-10,850,851.2,834.8,835.6,452068
2021-09-13,844,844.2,828.2,844.2,490132
2021-09-14,839.2,852.6,836.8,841,710925
2021-09-15,848,849.8,834.17,848,882813
2021-09-16,847,851.8,816,816.4,1038493
2021-09-17,822,837.2,802,806.4,1191169
2021-09-20,796.6,806.518,785.6,788.2,1061129
2021-09-21,792.8,798,783.2,790,613474
2021-09-22,791.2,801.8,785.2,792,688296
2021-09-23,790,799,781.5051,782.4,732956
2021-09-24,781.2,790.6,780.081,785,494717
2021-09-27,790.8,801.614,784.4,792,1093455
2021-09-28,791,792,767.4,769.8,864334
2021-09-29,772.4,782.2,763.1359,765.2,2284668
2021-09-30,767.4,782.8,760.15,781.4,967564
2021-10-01,773.6,794,769.2813,777,771976
2021-10-04,778.2,791,773.0962,782,521131
2021-10-05,781.2,789,772.8,778,1015711
2021-10-06,774.8,802.6,765.2,796,1364806
2021-10-07,798.2,822.2,798.2,807.6,902420
2021-10-08,806.2,822.4,806.2,809.4,1370680
2021-10-11,808.4,829.8,806.6,811.4,745251
2021-10-12,804.2,821.4,803.7539,816.8,1494570
2021-10-13,819,838.4,812.4,833.4,1166217
2021-10-14,833.6,853.8,831.2,846.2,817700
2021-10-15,850,855.6,831.6,845.6,931100
2021-10-18,850,874.4,845.6,863,1221350
2021-10-19,872.2,888.6,872.2,887.6,1231031
2021-10-20,890,900,883,897.4,948882
2021-10-21,896.4,899.8,882.4,898.8,1188933
2021-10-22,905,920,896.6,916.6,1096637
2021-10-25,913.4,924.2,900.8,923,790872
2021-10-26,923,927.024,883.6,886,1225636
2021-10-27,889.2,894.7222,851.6,855,1847873
2021-10-28,855,891,854.4,872.8,1032364
2021-10-29,868.2,881.4371,851.6,863.2,1679525
2021-11-01,869.4,902.2,857.8,885.4,751914
2021-11-02,885.4,890.7124,847.2,852.8,713411
2021-11-03,855,878.4,850.2,876.8,877044
2021-11-04,886,905,873.4,895.4,1113579
2021-11-05,898.8,906,891.4,901,702104
2021-11-08,905,932.0937,904.8709,925.8,939099
2021-11-09,927,940.2,924.7582,926.4,1089732
2021-11-10,910,963.2,907.8,959.2,2278769
2021-11-11,959.2,997.6,956.2,984.6,1383941
2021-11-12,989,993.2344,959.6,971.6,818372
2021-11-15,973.2,983.6,961.8,961.8,566691
2021-11-16,961.4,977.6,952.9827,969.2,889141
2021-11-17,979.2,986.8,965.8,986.8,1294770
2021-11-18,986.8,989.4,945.4,951.8,845454
2021-11-19,960,966.2,946,952.8,779423
2021-11-22,948.8,959.4,932.6,946,842922
2021-11-23,940.4,950.4,925.4,927.8,654782
2021-11-24,928,941,892.6,901.4,784964
2021-11-25,908.2,918.8368,902,911.8,428223
2021-11-26,899,927.2222,895.4,906.8,720022
2021-11-29,905.2,933.6,896.6,914.4,932638
2021-11-30,912.4,928,903.8,908,959126
2021-12-01,916.6,920.2,906.2,907,594576
2021-12-02,896.6,906.6,868,892.4,805015
2021-12-03,884.6,899.564,879.4,883.4,638379
2021-12-06,892.4,898,883.2,888,294210
2021-12-07,898.2,898.4,879.6,888.2,556014
2021-12-08,884.2,898.6,877.8,880.2,567643
2021-12-09,892.2,892.6,871.2,874.2,1196539
2021-12-10,884,884,853.8,861.2,562034
2021-12-13,861.8,891.6,860.4,881.4,689344
2021-12-14,882,891.6,860.2,866.4,617390
2021-12-15,863.6,874.2,861.4,870.2,677419
2021-12-16,877,893.8,873.6,890.6,987927
2021-12-17,901.4,923.5097,896.8,914.8,1848875
2021-12-20,901.4,915.36,879.8,885.6,798992
2021-12-21,893.2,905.2,877.1658,882.8,538428
2021-12-22,892.7999,893.4,861.2,877.8,930840
2021-12-23,883.8,894.8,879.2,887.4,850053
2021-12-24,889.4,899.2,882.6,893,295055
2021-12-29,875.6,901.8,871,872,763341
2021-12-30,867.7999,888.8,857.8,877.8,1116208
2021-12-31,871.8,895.0586,871.8,892.7999,215840
2022-01-04,888.2,890,852.6,852.6,1324812
2022-01-05,851,862.3795,843.2,855.6,862680
2022-01-06,845,845.4,820.2244,820.6,1083825
2022-01-07,817.4,827.2,805,819.8,831090
2022-01-10,826,828.2,797.9016,803.8,774869
2022-01-11,816.8,828.4,810.523,824.6,839381
2022-01-12,830,841.8,825.4,836.6,639276
2022-01-13,839,852.2,834.8554,837.4,593612
2022-01-14,841,847.6,807.6,807.6,509521
2022-01-17,810.6,813.057,801,804.2,742076
2022-01-18,801.2,804.4,786.4,800,1155069
2022-01-19,793.4,842.4,790.2,839.2,1752308
2022-01-20,850,867.7999,845.3925,861.6,1077573
2022-01-21,872.2,872.2,825.4,830.4,1078660
2022-01-24,830.8,833.2,796.8,799.4,859729
2022-01-25,810,818.2295,795.4,805,703714
2022-01-26,759,759,684,687.8,5660590
2022-01-27,667.6,667.6,630.4,636.4,3271429
2022-01-28,636,642.397,614.8,631.8,2464785
2022-01-31,634.6,637.4,612.6,624.8,1671152
2022-02-01,631.2,659,628.4,649.6,1412856
2022-02-02,651.6,658.4,636.8,636.8,1119033
2022-02-03,637,638.884,616.4,623.2,1221694
2022-02-04,621.4,636.2,619.0438,624.4,1231018
2022-02-07,627.6,632.08,612.6,626,1503080
2022-02-08,625.6,640.2,619.7896,628.8,1055357
2022-02-09,632.8,644,623.2,636,1241691
2022-02-10,637.2,640.4,621.8,631.6,1657005
2022-02-11,617,626.6,610.6,622.4,1746486
2022-02-14,626.6,669.6,616,665.8,2537494
2022-02-15,665.6,674.189,639,642.8,1875231
2022-02-16,642.6,669.4068,640,666.4,1027103
2022-02-17,668,696,668,695,1840025
2022-02-18,695,696.8,680.8,685.8,1386581
2022-02-21,686,697.2,678.87,696.8,1355010
2022-02-22,691.6,702.2,664.8,680.6,1422210
2022-02-23,679.2,692,664.2,688.2,1234036
2022-02-24,718,763,696.8,715.8,4721660
2022-02-25,715.8,736.1966,702.8,713.6,1749934
2022-02-28,722,735.6,709.2,718.6,1819878
2022-03-01,721.4,724.8,694.007,724.8,1892544
2022-03-02,735.2,755.6,698.4,702.8,2362696
2022-03-03,710,718,680.8,683.2,1930624
2022-03-04,693.6,745.2,691,742,2509380
2022-03-07,754.6,783.6656,735.4,739.4,2565221
2022-03-08,794,816.4,755.6004,808.4,2613543
2022-03-09,807,820,748,749.6,2826975
2022-03-10,745,774.6,732.6216,766.2,3188355
2022-03-11,755.4,766.7,722.6,730.2,1281314
2022-03-14,720,735.017,703,721.6,1468121
2022-03-15,709.2,712.4,677.6,700.6,1193145
2022-03-16,706.8,708.8,689.8,701.2,1048487
2022-03-17,714,731.2,699.2,730.8,1390577
2022-03-18,726.4,746,726,737,1158328
2022-03-21,745,749.8,727.6,748,673581
2022-03-22,750,751,719,719,526362
2022-03-23,715.6,733,713.7781,726,746564
2022-03-24,729.2,774.2,727.316,767.6,1267842
2022-03-25,764.4,772.6,738.4,741.4,778011
2022-03-28,736.8,751.4,725.2,725.2,755203
2022-03-29,723.2,748.4,703.6,715.2,1182923
2022-03-30,720.8,746.8,720,744.4,1027161
2022-03-31,733.8,746,729.5971,734,656950
2022-04-01,732.8,743.4,725.2,743.4,536556
2022-04-04,750,763.4,745,755.4,641172
2022-04-05,760.4,776.8,748,757.4,813985
2022-04-06,753.4,763.4,749.6,758,668901
2022-04-07,772,772,754.6,760.6,876472
2022-04-08,763,778.8,760.8,778.8,470959
2022-04-11,780,796.4,771.6,781.8,696180
2022-04-12,776.8,799.8,776.4,799.8,1255192
2022-04-13,800,824.588,793.4,822.8,1155894
2022-04-14,821.6,824.0734,804,804,1335202
2022-04-19,809,819.228,795,796,892939
2022-04-20,798.2,798.2,771.8,783,862450
2022-04-21,784.8,797.8,778.6,778.8,650885
2022-04-22,776.8,791.6,768,770,1368072
2022-04-25,762.8,765,744.8,747.4,1166191
2022-04-26,756.4,773.2,752,772.4,938510
2022-04-27,767.2,808.048,765.8,793.8,1260900
2022-04-28,779.2,792.2,752.471,765,1286837
2022-04-29,774.2,784.4,757.8,775.4,1223605
2022-05-03,768.6,787.6,754.4,782,1068667
2022-05-04,768,776.8,762.2,766.6,414190
2022-05-05,783.8,800.552,761.2,766,1028347
2022-05-06,753.8,775,745.2,773.8,1452766
2022-05-09,762.6,788.8,757.0981,767.8,1541907
2022-05-10,761.6,773.8,758.8,762.8,1369453
2022-05-11,761.4,776.2,757.5015,773.2,935180
2022-05-12,771.2,771.8324,690,704.4,2223234
2022-05-13,700.6,731.6,697.4038,723.4,1043043
2022-05-16,723.6,763.6,719.8,756.8,947327
2022-05-17,764,799.2,760.2,778.4,1050152
2022-05-18,773,778,747.6,747.6,822335
2022-05-19,747.6,774.4,740.3618,774.2,793865
2022-05-20,770.8,795.6,770.8,784.4,807180
2022-05-23,780,805.6,780,800.4,762085
2022-05-24,796.6,824,794,818.8,841427
2022-05-25,820.6,822.6,803.4,803.4,510694
2022-05-26,809.4,817,797.4,814,276218
2022-05-27,820,820,797.7403,802,583216
2022-05-30,814,814.8,797.8,809.2,288358
2022-05-31,800.6,808.195,774.2,774.2,588528
2022-06-01,778.2,778.8,759.8,769,1035349
2022-06-06,780,795.1958,768.8,778.8,535420
2022-06-07,777.4,781.4,763,773.2,504930
2022-06-08,776,776,759.2,769.2,518605
2022-06-09,761.2,765.8,736.2,736.2,566523
2022-06-10,734.8,753,717.8,748.4,926746
2022-06-13,747.2,844.2,745.8,790,3138738
2022-06-14,793.6,818.4,789.2,793.6,1620335
2022-06-15,797.2,831.4,787.6,826.2,1451776
2022-06-16,822,826.8,804.2,817.4,1455153
2022-06-17,812.8,816,783,801.8,8780107
2022-06-20,796.6,809.4,779.2,789.4,1043192
2022-06-21,804,811,784.7454,811,685272
2022-06-22,793.8,817.4,788.2,813.2,1230350
2022-06-23,805.6,806.6,775,778,1486556
2022-06-24,775,787,768.8,787,653733
2022-06-27,795.4,807.2,791.8,802.6,614229
2022-06-28,802.4,810,790.8,798.4,699079
2022-06-29,787.4,794.4,776.8,779.6,683518
2022-06-30,771.6,787,763.6,766.8,683319
2022-07-01,757.4,758.2,740,757.4,719078
2022-07-04,743.2,780,743.2,779.2,562446
2022-07-05,776.6,779.4,725.6,726.8,1147215
2022-07-06,721.6,725.5838,682.4,685.6,1529763
2022-07-07,692.4,704.6,671.8,674,915145
2022-07-08,673,693.2,667,683.2,844263
2022-07-11,670.2,676.692,654.8,664,665089
2022-07-12,664,667.4,653.2,659.2,680086
2022-07-13,657.4,694.6,649.2,684.6,1394148
2022-07-14,672.6,679,637.2,644,1374415
2022-07-15,647.2,656,638.6,645.6,820314
2022-07-18,655.6,666.2,649.8,653,898173
2022-07-19,660.4,661.4,642.6,655.2,514552
2022-07-20,668.2,668.2,655,660.6,540107
2022-07-21,654,657.56,637.386,655,1169721
2022-07-22,653.2,672.2,653.2,670,578922
2022-07-25,675.2,675.4,648.6,648.6,556518
2022-07-26,645,664.4,639.45,644.6,615452
2022-07-27,652.2,657.0841,644.4,655.4,762557
2022-07-28,662.2,699.4,662.1434,697.8,1159880
2022-07-29,703,740.8,700.6,737.4,1295380
2022-08-01,740,746.4,718.8,728.2,828521
2022-08-02,715,727,675.6,712.4,1073632
2022-08-03,700.6,702.376,676.6,676.6,1142316
2022-08-04,691.8,703.5322,678,692,825926
2022-08-05,692.6,715.2,690.6,703.8,864524
2022-08-08,702.8,721,700,719,509932
2022-08-09,710.2,727.6,709.8,724.2,455559
2022-08-10,727.6,748.2861,724,739.4,697447
2022-08-11,730.2,766.2,730.2,750.4,1004882
2022-08-12,749.2,750.4,732.8,749.8,578027
2022-08-15,748.8,755.272,738.4,738.4,578489
2022-08-16,747.6,747.6,719.8,722.8,480556
2022-08-17,721.4,738.4,711.711,713.4,539248
2022-08-18,710,729.8,710,729.8,507331
2022-08-19,724.4,755.6,722.2,729.8,785444
2022-08-22,720.2,731.8,703.2457,723.8,497702
2022-08-23,706,726.2,703.6,721.6,462446
2022-08-24,722.6,729.8,720.6,727.6,436089
2022-08-25,732.4,753.4,728,732,463923
2022-08-26,735,748,727.6,728.2,434141
2022-08-30,716,718.2566,689.916,691.2,581911
2022-08-31,693.8,700.4,684.4,688.6,517469
2022-09-01,682.4,683.2,653.2,657.6,830413
2022-09-02,659.6,694.6,653,693.8,768817
2022-09-05,693.4,702.0392,671.2,675.2,1175750
2022-09-06,681.2,691.7795,674.9019,684.2,566613
2022-09-07,682.6,702,677,701,714324
2022-09-08,698,716.52,695.5636,707.6,482454
2022-09-09,711.2,741.4,711.2,728.6,699867
2022-09-12,731.8,758,730,752.4,861340
2022-09-13,757,786.2,724.8,736.6,1653404
2022-09-14,739.4,743.6,724.4,734.8,971611
2022-09-15,736.4,750.4,726,731.2,800129
2022-09-16,723,732.4,701.6,730,1611270
2022-09-20,735,748.6,727.6,740.8,768730
2022-09-21,729.2,764.8,728.5898,747.4,1177478
2022-09-22,744,747.4,727.6,731.4,1101220
2022-09-23,736.6,736.6,676.8,690.2,1456489
2022-09-26,681.4,725.2,676.4,714.2,837321
2022-09-27,715.8,726.2,708.8,713.2,642389
2022-09-28,707,749.4,701.6,748.4,2887201
2022-09-29,744.8,766.4,728.191,747.8,1237119
2022-09-30,755.8,771,736.7449,769.2,2328906
2022-10-03,767.4,798.4,751,798.4,1263316
2022-10-04,813.6,832.8,804.2,829.8,1451128
2022-10-05,829,831.5609,795.4,804.6,854157
2022-10-06,817.4,829,808.6,810,466527
2022-10-07,804.2,808.2,779.664,787.6,625555
2022-10-10,789,789,761,773,432934
2022-10-11,766.8,776.4424,756.4,764,633780
2022-10-12,773.2,773.8,750.6,759.2,616733
2022-10-13,744.6,764.2,698.8,728.2,2311977
2022-10-14,733.4,740,701.2,702.2,968843
2022-10-17,704.2,716.6,700,708,608213
2022-10-18,710.2,715.6,696.2,705.6,5481711
2022-10-19,714.8,715.6,684.2,686.4,1393800
2022-10-20,686.2,716.4,678.2,713.6,1423823
2022-10-21,705,718,694.6,718,872977
2022-10-24,722.2,726.1767,695.6,698.4,839541
2022-10-25,705,720,694.6,714.2,592214
2022-10-26,702.4,748,702.4,745,1215025
2022-10-27,739.6,749.6,733.2,744,587378
2022-10-28,730.8,740.4,721.8,723.8,683914
2022-10-31,733,744.2497,720.8,729,1005316
2022-11-01,731.8,746.8,718.4,732.2,923546
2022-11-02,737.4,750.2,720.6,720.6,712501
2022-11-03,710.8,717.5971,698.4,701.8,762859
2022-11-04,715.8,763.4,714,755.8,4041076
2022-11-07,754.4,781.2,750.6,774,718681
2022-11-08,764.2,808.499,763,807,1128795
2022-11-09,805.2,829.6,805.2,821.4,1039082
2022-11-10,816.2,858.6,797.8,854,1453103
2022-11-11,868,876.6,836,866.2,1307741
2022-11-14,871,887.2,862.8806,879.4,709298
2022-11-15,887,888,850.4,857.8,914305
2022-11-16,854.6,873.874,844.6,851.6,624402
2022-11-17,858.4,866,836.4,844.8,875506
2022-11-18,851.2,867.7999,836.4,865.4,675028
2022-11-21,861.4,878.6,851.6663,861.6,598427
2022-11-22,876.6,887.4,866.6,886,625526
2022-11-23,893.8,895.4,877.6,891.4,544340
2022-11-24,900,900.6,884,899.6,493161
2022-11-25,900,905.8,886.2,895.4,455231
2022-11-28,891,899,880.2,882.6,496485
2022-11-29,883.2,891,869.749,883.8,772581
2022-11-30,887.4,897.8,878.8,897.6,1137321
2022-12-01,902,910,893.6,903.2,961872
2022-12-02,905,910,887.8,895.6,914464
2022-12-05,902.2,934.8497,897,897,1392389
2022-12-06,881,892.4,873.2,877.6,1132428
2022-12-07,877.8,885.5478,862.2,866.2,928555
2022-12-08,870.4,902.4,865.6,885.4,1016727
2022-12-09,893,894,860.2,874,814875
2022-12-12,867.7999,867.7999,822.6,845.8,2081012
2022-12-13,849.2,868.4,841.36,855.2,1721945
2022-12-14,852.8,888.2,847.2,854.8,1235370
2022-12-15,850,858.2,839.2,853.2,844645
2022-12-16,844,860.4,828.2,854.4,13710140
2022-12-19,854.8,901.6,849.9938,864.2,958895
2022-12-20,865.8,876.8,857,866.2,5414425
2022-12-21,871.2,887,865.4,881.8,660681
2022-12-22,886.4,894.4694,871,871,561227
2022-12-23,867.6,873,862.6,872.6,377100
2022-12-28,863.6,895,863.6,891.6,1153344
2022-12-29,894.6,898,882.6,885.4,1166017
2022-12-30,879,901.8,875.976,901.8,349423
2023-01-03,904.2,912.99,893.4,901.6,593666
2023-01-04,909.8,989,909.8,967.4,2699318
2023-01-05,971.2,996.8,942.4,946.2,3064661
2023-01-06,954.2,973,940,965,965128
2023-01-09,942,962.337,926.6,931.8,1329644
2023-01-10,922,945.6,917.2623,941.4,954281
2023-01-11,950.4,964.8,937.6,937.6,2024795
2023-01-12,959.2,981,939.8,968,1524831
2023-01-13,972.4,972.4,928.8,949,824279
2023-01-16,950.8,963.8,942.568,954.4,445143
2023-01-17,954.6,955.2,932.8,938,723256
2023-01-18,938,958.6,926,941.8,677991
2023-01-19,907.8,923.6,886.8,918.6,1133063
2023-01-20,921.8,943.6,916.3633,916.4,813159
2023-01-23,900.2,909.2,865.4314,871.4,2652399
2023-01-24,881,896.8,873.4,878.6,963608
2023-01-25,877.8,877.8,845.3805,860.2,1190821
2023-01-26,859,873.6,852,869,1057221
2023-01-27,867.6,872.2,855.2663,859.2,1138553
2023-01-30,851.6,854.9152,827.2,836.4,873090
2023-01-31,828.2,831.6,808.8,821.4,1298545
2023-02-01,822.2,822.2,786,810,989408
2023-02-02,815,827.4,799.6,809.2,1095474
2023-02-03,805.8,825.6,801.2,816.8,2707015
2023-02-06,815.6,827.4304,810.6,827.4,1807223
2023-02-07,824.2,840.8,824.2,829.4,1270954
2023-02-08,831.6,833.1,820.4,820.4,1310651
2023-02-09,820.2,829.3937,801.6,801.6,1772899
2023-02-10,795.4,805.6,789,790.6,1494427
2023-02-13,792.6,798.8,784.7854,794.4,413711
2023-02-14,794.6,805.8,790,793.6,519347
2023-02-15,793.8,794,774.3938,789,616863
2023-02-16,786.6,807.8,786.6,801.2,1010594
2023-02-17,797.2,805.6,794.2,803.2,897341
2023-02-20,814.6,814.6,798.4,808.4,352576
2023-02-21,807.4,810.6,789,793,400092
2023-02-22,787,787.1082,768.4,779.4,523264
2023-02-23,778.8,789,775.8,775.8,706053
2023-02-24,775,783.6177,767.4,768.8,524513
2023-02-27,772.6,775.4,755.4,763.8,388895
2023-02-28,763.4,768.4,755.2,763.4,486206
2023-03-01,769.8,785.4132,769.8,778.2,1216502
2023-03-02,772.2,781.1,762.2557,767.6,563624
2023-03-03,765.6,781,765.6,775.4,510052
2023-03-06,778.4,780,757.8,760.4,572487
2023-03-07,762.4,764.1,704.76,708.4,1187608
2023-03-08,706.2,724.4,701.2,713.6,1053374
2023-03-09,715.2,723.8,704.2,712.6,635773
2023-03-10,715.8,734.2,703.6,722.2,1010601
2023-03-13,742.6,762,724.8,747.4,1603408
2023-03-14,755,755,730.7122,736.6,815925
2023-03-15,732.8,764.6,723.6,737.6,1126120
2023-03-16,735.4,737,692.8,697.8,1883263
2023-03-17,702.6,720.4,695.8,710,2058530
2023-03-20,724.2,745.6,724.2,744,1677872
2023-03-21,749.8,749.8,713.2,714.8,1073154
2023-03-22,712.4,732.0606,707,727,519735
2023-03-23,731.8,740.1514,727.2,735,663086
2023-03-24,732.4,735,712.7571,732.6,659683
2023-03-27,735.8,736.4,718.2,721.4,1180583
2023-03-28,713.6,721.2,707.6,719,473899
2023-03-29,719,729.8,715.2,728.6,693500
2023-03-30,735,749.2,730,748.2,1162397
2023-03-31,747,758.4,740.798,746,1197370
2023-04-03,747.4,754,735.5783,749,656621
2023-04-04,752.2,787.6,741.8,770.4,1229089
2023-04-05,775,790.4,769,772.8,1270366
2023-04-06,769.2,796.4,769.2,787.8,851992
2023-04-11,798,806.4,789.2,806.4,769231
2023-04-12,802.6,816,775.4,785.2,1252663
2023-04-13,788,809.2,785.6,797.8,1690178
2023-04-14,803,806.4,781.344,785.8,1047915
2023-04-17,791,796.8,768.4,776.2,1155797
2023-04-18,788.8,814.2064,788.8,801,2153624
2023-04-19,793,793,766.4,791.2,901665
2023-04-20,788.6,795,776.8,786,704845
2023-04-21,775,776.6,756.6,761,978870
2023-04-24,756,758.8,741,748.8,696816
2023-04-25,749,749.3972,733,733,726466
2023-04-26,730,743.2,730,734.6,666474
2023-04-27,728,728.2,708.8,720.6,1297302
2023-04-28,721,722.6,707.4,711.4,1838313
2023-05-02,710,712.14,694,700.6,1023402
2023-05-03,706.6,714.8632,699.4,714,992292
2023-05-04,718,722.4,710.442,720.4,988955
2023-05-05,728.4,739.2555,707.6,730,1624837
2023-05-09,736.8,737.5412,714.4,717,2277014
2023-05-10,727,731.8,712.2,712.2,831206
2023-05-11,710.4,715.2294,681.8,690.4,1702571
2023-05-12,687.8,693.6,676.8,681.2,1519611
2023-05-15,680,686.2,674.8,680.2,1266750
2023-05-16,678.2,685.0344,673,673,536732
2023-05-17,673,674,660.8,663.8,748444
2023-05-18,665,669.8,653.8,659.6,549105
2023-05-19,659,668.4464,659,664.8,879074
2023-05-22,666.8,666.8,654.7,659.4,897499
2023-05-23,661.8,661.8,653.2,656,512427
2023-05-24,652,666.6,647.8,661.2,833522
2023-05-25,657,662.2,652.268,652.6,454665
2023-05-26,655.2,664.6,654.2,656,467236
2023-05-30,659.2,662.2,644.4,648.6,1558742
2023-05-31,645.2,653.4608,638.8,648,1605460
2023-06-01,650.6,678,650.4,677.2,1288407
2023-06-02,684.2,697.6,682.4,691.8,684198
2023-06-05,688,688,674.726,681,535829
2023-06-06,679.2,683.4,674.4,682.2,323732
2023-06-07,687.8,687.8,670.4,676.8,562953
2023-06-08,673,682,666.7042,676.8,633782
2023-06-09,672.4,688.6,669.2,677.2,657066
2023-06-12,674.4,679.9046,648,648.6,867881
2023-06-13,651.4,672.4,649.8,660.4,913512
2023-06-14,655,672.8,653.8,667.2,1175865
2023-06-15,664.4,668.191,653.824,667.6,966435
2023-06-16,660,672.2,658.8,669,1104635
2023-06-19,668.2,669,654.4,654.4,1129558
2023-06-20,652,656.2,644.4529,645.2,525287
2023-06-21,640.6,644.2,623,624.4,1007471
2023-06-22,620,626.353,605,609.2,1080193
2023-06-23,619.2,622.084,609.4,609.6,543267
2023-06-26,611,613.4,603.8,611.6,1273439
2023-06-27,614,619.2,598,606.8,1184894
2023-06-28,608,610.198,597.8,601,1155094
2023-06-29,606.6,606.6,589.6,597.4,1022462
2023-06-30,599,619.28,597.8,610.2,1262544
2023-07-03,613.6,628.6,608,625.4,577581
2023-07-04,627,630,619.4,626.2,1796597
2023-07-05,623.6,625.8,618.6,622,617057
2023-07-06,615,618.1969,597.2906,599.6,1115433
2023-07-07,599.2,610,594.3747,606,868599
2023-07-10,598.2,605.6,595.2,603.2,550191
2023-07-11,611.2,613.8,607.2,613.2,481401
2023-07-12,614.8,634.4,607,633.2,694757
2023-07-13,637.8,641.3,630.4,635.8,1866494
2023-07-14,633,635,623.8,628.4,580547
2023-07-17,619.6,624.8,616.5323,618,494286
2023-07-18,618,628.8,615.4,628.6,700713
2023-07-19,624,637.6,621.4,629.2,3275873
2023-07-20,639.4,643.0396,625,625.2,571618
2023-07-21,629.4,632,616.0697,626,500106
2023-07-24,638.6,638.6,620.6,623.6,332743
2023-07-25,624,637.2,624,632,458494
2023-07-26,625.2,636.6,615,623,673371
2023-07-27,623,627,612.8,614.2,548861
2023-07-28,607.4,615.2788,603.6,606.4,6538951
2023-07-31,606.4,620.2,604.6,618.2,733588
2023-08-01,579,615.2,563.0587,591,2466502
2023-08-02,585.2,590.6,576.6,582,1445739
2023-08-03,564.6,573.6,553.8,558.2,1709939
2023-08-04,556.4,562.6221,546,558.4,1058553
2023-08-07,556,567,552,563.2,1769235
2023-08-08,558,564.2,544.2,544.2,623504
2023-08-09,553.4,554.6,546,549.4,827116
2023-08-10,557.8,558.8,534.79,539.6,991418
2023-08-11,538.4,548.1132,535.4,540.6,913346
2023-08-14,547.2,547.2,520.8,525.4,997570
2023-08-15,532.2,536.8,520,526,1645463
2023-08-16,524.8,534,510.2,513.6,997558
2023-08-17,513.8,515.8,505,512.8,819575
2023-08-18,509.8,511.7947,499.3,509.2,730176
2023-08-21,506.2,510.086,503.8,510,1964169
2023-08-22,517.2,539.8,513.4,538,930242
2023-08-23,539.2,556.2,539.2,553,904884
2023-08-24,558.2,564.6,548.2,561.4,622111
2023-08-25,557.4,563.8,549.4,549.4,680511
2023-08-29,562.2,573.4,555.0004,570.6,1322001
2023-08-30,584.8,589.2,578.9808,583.2,1598999
2023-08-31,582.8,586.6,573.2,575.4,853524
2023-09-01,573.8,579.4,568.2,569.2,950588
2023-09-04,570.2,573.4,559.6,562.6,598172
2023-09-05,553.2,568.2,551.2,562.8,696068
2023-09-06,559.2,559.6,552.8,557.2,482180
2023-09-07,551,555.4,543.2,552,875977
2023-09-08,559.8,560.6208,547.4,554.4,640166
2023-09-11,556,593.6,556,580,1577544
2023-09-12,580,595.8,580,580.2,1422151
2023-09-13,580,591,573.2,574,2132345
2023-09-14,575.4,585.4,574.6,581,1813259
2023-09-15,586.6,597.8,572.2,588.6,10999570
2023-09-18,590,595,578.2,579,801685
2023-09-19,582,590.4,578.8,579.6,676620
2023-09-20,573.2,592.4,573.2,592.4,1148027
2023-09-21,585.8,587.8,573.9866,580.2,2636738
2023-09-22,576,584.6713,571.74,580.6,1334346
2023-09-25,578.4,578.4,564,572,1881363
2023-09-26,570,572.4,561.5323,562.6,676443
2023-09-27,556,562,546.6,549.2,859332
2023-09-28,545.8,551.4,541,547,757149
2023-09-29,552.2,560,551,551.2,1037020
2023-10-02,551,553.8,532.4,535,1824876
2023-10-03,532.8,538.8,523.2,536.8,544420
2023-10-04,530.2,533.6,517.2,520.4,527226
2023-10-05,517.6,527.4,513,513,935666
2023-10-06,518,523.4,507.4,523.4,1264129
2023-10-09,529.6,538.4,526,530.8,589118
2023-10-10,533.2,549.2,531,546.6,832102
2023-10-11,555.4,555.4,545.4,546.2,803837
2023-10-12,545.8,550.8,528.2,528.8,1561865
2023-10-13,525.6,557,509,552,935071
2023-10-16,550.2,555.8,542.4,554.4,659805
2023-10-17,558.8,558.8,548.4,557.8,540281
2023-10-18,558.8,566.4,549,553,1282147
2023-10-19,562,562,546.4,546.4,1301892
2023-10-20,550,552.8,540.4001,551.6,789049
2023-10-23,539.4,551.8,512.4,525.8,844749
2023-10-24,535,539.8,523,529.6,884006
2023-10-25,530.8,539.4001,518,532,833883
2023-10-26,531.8,544.64,528.3303,533.8,1926006
2023-10-27,539.6,555.6001,529.2,549.6,730851
2023-10-30,557,561.4,549.2,554.6,1508505
2023-10-31,554.6,563.4,550.8,553.8,1125083
2023-11-01,545.2,558.4001,538.4001,544,880866
2023-11-02,535.2,559.6,535.2,545.8,907235
2023-11-03,549.8,565.8,544.4001,559,1009045
2023-11-06,566,573.6,554.4001,556.6,460724
2023-11-07,554.8,561.8,549.6,550.8,645480
2023-11-08,554,562.8,539.2,541.8,2158655
2023-11-09,537.4,544.2,526,543.4,556977
2023-11-10,537,539,516.6,516.6,556480
2023-11-13,520.6,524.2,511.6,517.8,580437
2023-11-14,512,539,511.6,535,763700
2023-11-15,545.2,553,528.8,543.8,735737
2023-11-16,548,552,533,537,609856
2023-11-17,550.4,555.8,540.4,544.4,612266
2023-11-20,551.6,556,539.2,544.4,433383
2023-11-21,550.8,553.6001,536.8,538.8,413793
2023-11-22,539.8,544.4778,536.2,540,508466
2023-11-23,538.6,541.6,526.6,529.2,416329
2023-11-24,529.4,534.2,522.2,528.6,415181
2023-11-27,531,561.2965,524.4001,551.4,874083
2023-11-28,552,559.4,538.8,559,636989
2023-11-29,568,593.4723,566.8,590.4,1479118
2023-11-30,591,595.6,579.2,582.8,993180
2023-12-01,583,596.4,580.8,593,597414
2023-12-04,596.8,602,582.4,587.4,685280
2023-12-05,583.2,589,564.2,569,701349
2023-12-06,578.2,588.2,570.6,579.6,426118
2023-12-07,571.6,590.4,567.6001,584.8,499984
2023-12-08,584.8,592,571.8,580.4,1152723
2023-12-11,576.6,581.2,567.4,576,504168
2023-12-12,580,582.8,560.8,560.8,724443
2023-12-13,569.4,572.8,557.6,568.6,552747
2023-12-14,589.6,611.368,588,591,1608669
2023-12-15,594.6,601,582.6,585.6,1125600
2023-12-18,567.4,589.2,521.2,555,2575331
2023-12-19,556,576.8,551,576.8,1127755
2023-12-20,580,587.4001,570,579.8,588390
2023-12-21,575,583.4001,569.2,581.4,362402
2023-12-22,578.6,606.2,578.6,585.4,173409
2023-12-27,586,600.7992,583,596.8,696638
2023-12-28,598.2,606,590.2,590.2,911914
2023-12-29,590,596.2,579.4001,594.4,208687
2024-01-02,600,600,569.6,571,827200
2024-01-03,565,568.4,546.3541,553.2,813055
2024-01-04,553,555.4,542.2,543,722594
2024-01-05,542,549.2,528.4,544,738319
2024-01-08,550,550,533.6,540.2,392008
2024-01-09,541.6,544.8,536.4,540.6,1741674
2024-01-10,543.8,543.8,524.2,524.2,2256018
2024-01-11,529,535,517.6,517.6,639977
2024-01-12,527.8,535.4,517.2,533.4,699357
2024-01-15,532.2,534.2,521.8,527.2,437029
2024-01-16,522.8,525,502.8,502.8,1096714
2024-01-17,492.5,498.6554,477.5,487.9,1274049
2024-01-18,488.3,494.6,482.6,482.6,720897
2024-01-19,487,491.8,476.7,477,1677079
2024-01-22,479.4,485.3,474.9,477.8,1168584
2024-01-23,487.7,492.9,480.2,480.9,3544058
2024-01-24,483.9,512,483.9,501.2,585304
2024-01-25,501,503.4,487.4,494.9,639670
2024-01-26,496.2,504.6,493.1,498.8,477205
2024-01-29,500.2,549.6,500.2,548.6,1713975
2024-01-30,545.2,547.416,537.2,539.2,2095519
2024-01-31,532,542.8,529,531.6,1500120
2024-02-01,526.6,528.8,507.1441,522,857325
2024-02-02,519,522.4,504.2,505.6,1449751
2024-02-05,506,516.2,501,504.8,3212308
2024-02-06,506.4,514.8,497.5,511,778261
2024-02-07,513.6,513.6,501.4,504.4,2125241
2024-02-08,503,511,492.1,493.2,778247
2024-02-09,493.2,495.6,474.87,476.7,2405133
2024-02-12,476,495.8,476,493.4,879362
2024-02-13,495,497.1,469,471.8,1147925
2024-02-14,469.6,472.8,464,466.5,1037496
2024-02-15,466.5,483.4,464.2679,478.9,832317
2024-02-16,477.3,491.3,477.3,487.5,620264
2024-02-19,488.6,489.5,474.3,477.5,743364
2024-02-20,471.8,478.9,460.9,473,901645
2024-02-21,475,475.6,466.2,469.9,1860783
2024-02-22,469.9,478.7,468.5,470.3,496114
2024-02-23,470.4,475.7,464.5,474.4,584933
2024-02-26,471.9,474.3,463.4488,467.8,1324215
2024-02-27,475,475,465.3,467.9,674565
2024-02-28,467.5,468.5,451.6,451.6,1294194
2024-02-29,455.6,464.9,449.2,455.4,1590179
2024-03-01,465,466.7,452.9,463.6,3108498
2024-03-04,476.6,483,453.4766,476.1,2907417
2024-03-05,479,497.3,478.1,493.7,2184854
2024-03-06,496.7,510.4157,472,479.3,1955265
2024-03-07,481.6,490.7,476.7,477.6,1924101
2024-03-08,479.7,482.0163,461.3,467,1953905
2024-03-11,464.7,473.6,459,469.8,1727440
2024-03-12,473.7,473.7,464,464.3,1675921
2024-03-13,465.4,469.5,448.5,461.7,2189850
2024-03-14,462,470.5,459.9,464.4,1840904
2024-03-15,469.2,476.4,465.9,467.7,2561390
2024-03-18,468.3,472.7,461.2,461.2,1193369
2024-03-19,459.9,462.2,439.2,441.4,3332314
2024-03-20,442.8,442.8,435.2,440.3,955362
2024-03-21,465.2,467.3,450,450,3600423
2024-03-22,450,460.1,440.899,455,2743992
2024-03-25,461.3,461.3,449.2,452,2017018
2024-03-26,447.7,448.9,442.4157,445.8,1619807
2024-03-27,447.4,457.045,440,457,3298381
2024-03-28,463.6,470.1,461.8,469.9,2372420
2024-04-02,483.2,511.5,481.6,505.5,4458771
2024-04-03,514.5,528.5,506,524,2890366
2024-04-04,534,545.65,528.7961,540.5,2221042
2024-04-05,531.5,546.5,529,542,1359201
2024-04-08,550,562.5,545.5,556,1733224
2024-04-09,564,587,561,578,10122970
2024-04-10,586,592,564,579,2529611
2024-04-11,578.5,589.5,574.9173,578.5,1315980
2024-04-12,605.5,623.5,603.5,622.5,2356038
2024-04-15,611,613.5,593.7414,598,4517373
2024-04-16,596.5,599,577.5,584.5,1297680
2024-04-17,600.5,610,599.5,601.5,1395292
2024-04-18,606,611.5,590.5,610,1542347
2024-04-19,610,610,595,602,772529
2024-04-22,597.5,602.5,576.5,587,4690894
2024-04-23,586,586,567,578.5,4678660
2024-04-24,576.5,581,562.8531,580.5,1099834
2024-04-25,568.5,585.5,562,579,4433903
2024-04-26,586,593.64,584,584,2293070
2024-04-29,584,601.5,581,590.5,748558
2024-04-30,587,592.5,552.5,558,1019431
2024-05-01,554.5,572.758,549,562.5,763048
2024-05-02,568,572.5,551.902,558,854013
2024-05-03,564,566,549.5,549.5,696241
2024-05-07,566,574.5,559,567.5,1583818
2024-05-08,573.5,580,559.5,572.5,428168
2024-05-09,574.5,581.279,570,580,609021
2024-05-10,592.5,603.19,574.5,577.5,853255
2024-05-13,570,587.5,569,578,4150759
2024-05-14,579.5,588,570,575.5,594738
2024-05-15,584.5,597.5,575.5,595,1024800
2024-05-16,597,601,590.5,595,875639
2024-05-17,599.5,625.5,590,615,1645800
2024-05-20,631,647.5,628,639.5,2240142
2024-05-21,631.5,639,616.5,632,1054547
2024-05-22,624.5,626.5,612.5,620.5,1936598
2024-05-23,613,624.5,606.5,609.5,1581299
2024-05-24,604,613.5,588,596,1081149
2024-05-28,608.5,622.5,592,614,4045986
2024-05-29,626.5,638,610,626,5383605
2024-05-30,615.5,631,613.5,628,1001342
2024-05-31,628,631.5,617.6894,619.5,1019086
2024-06-03,622,627.5,611,616.5,3642255
2024-06-04,618,621,568.5,568.5,4783588
2024-06-05,578.5,578.5,560.88,577.5,1365296
2024-06-06,584.5,593.5,574,593,3783423
2024-06-07,595,600.5,556.5,559,4665661
2024-06-10,558,568.5,546.5,560,675708
2024-06-11,559,562.5,535,551,3574438
2024-06-12,560,570,547.4903,554.5,780930
2024-06-13,551,553,536,539,903053
2024-06-14,553.5,553.5,535.5,545.5,930149
2024-06-17,544.5,550.5,538,543,463036
2024-06-18,541.5,547.5,534,542.5,807935
2024-06-19,544.5,548,540,541,515059
2024-06-20,546,571.5,537.5,565,1239000
2024-06-21,565,569,553,556.5,1335939
2024-06-24,555,567.5,548.977,564,605133
2024-06-25,567.5,571,550,559.5,649511
2024-06-26,562,575.5,560.0718,562.5,664422
2024-06-27,560,571.5,555.5,565,376008
2024-06-28,562.5,570.5,556,562,524690
2024-07-01,559.5,570.132,556,562.5,282294
2024-07-02,564,564,549.9992,551.5,365431
2024-07-03,557,577,553.5,574,1262042
2024-07-04,574.5,582.5,574.5,576.5,370920
2024-07-05,581,595,578.5,593,784752
2024-07-08,589.5,592.5,573,582,466394
2024-07-09,593.5,594.42,581,585.5,4364450
2024-07-10,591,609.5,587.5,608,3684993
2024-07-11,613,634,605,625,924008
2024-07-12,619,629.5,613,620,1728975
2024-07-15,615.5,626,611,622.5,519976
2024-07-16,636,636,613.5,625,576296
2024-07-17,625,643,616.5,630,885165
2024-07-18,631,635,617.5,624.5,373471
2024-07-19,608,616.5,588,616,757458
2024-07-22,615,620,604,604,620875
2024-07-23,603.5,605.5,596.5,600,410641
2024-07-24,586,626.243,586,607,817472
2024-07-25,586.5,597,578,582,1577909
2024-07-26,575,588.5,566,579,576713
2024-07-29,580,584.5,567.5,572,1022340
2024-07-30,592,605.5,564,574,1801070
2024-07-31,571.5,593.5,571,588,819381
2024-08-01,593.5,607.5,584.5,591.5,690339
2024-08-02,589,603.5,567,573,897738
2024-08-05,567.5,567.5,525.5,550,1299398
2024-08-06,552,557,533,533,761162
2024-08-07,533.5,546,524,545,633470
2024-08-08,529.5,536.5,520,534.5,420257
2024-08-09,539.5,545.7207,527,535,304493
2024-08-12,535.5,542,530.988,540,2784919
2024-08-13,542.5,550.0581,534,543,1745708
2024-08-14,544,556,540,541.5,453035
2024-08-15,543,554.5,541.5,543,518858
2024-08-16,545.5,547,528.247,532,4195718
2024-08-19,535,549.5,531.5,545.5,761653
2024-08-20,548,555.5,537.5,547.5,3088099
2024-08-21,554,560.3534,549.11,550,1869903
2024-08-22,547.5,553.6711,537,544,445262
2024-08-23,546,557,546,553,622952
2024-08-27,554.5,557,542.5,554.5,526976
2024-08-28,555,555,538.5,546.5,1092870
2024-08-29,553.5,555.5,545,554.5,1140058
2024-08-30,559.5,559.5,536,541.5,1178053
2024-09-02,541,548.44,531.5,542,1930257
2024-09-03,540,546.5,511.5,511.5,884926
2024-09-04,507.5,514.305,503,508.5,772517
2024-09-05,502,518.2003,502,513,503640
2024-09-06,514.5,517.6167,504.82,508.5,506860
2024-09-09,512,513.5,503,504.5,325095
2024-09-10,508,520.505,506.5,514,485358
2024-09-11,521,529,512,518.5,486781
2024-09-12,528.5,540,522.285,537.5,2841609
2024-09-13,549.5,578.5,545.7507,568,1349909
2024-09-16,566.5,584,565,574,669592
2024-09-17,582.5,585.5,569,569,444774
2024-09-18,573,573,561.5,563,397828
2024-09-19,570.5,589,570.5,588.5,917661
2024-09-20,592,595,585,586.5,1313909
2024-09-23,581,598.395,578,595.5,1008295
2024-09-24,602,609.5,596,599,3105654
2024-09-25,595,623,595,619.5,1054069
2024-09-26,627,641.9961,624,636.5,1400956
2024-09-27,637.5,640.5,615.5,621,887054
2024-09-30,620,624.5,606.344,611.5,707231
2024-10-01,612,631,612,622,590292
2024-10-02,620,635,615.5,632,541184
2024-10-03,633,638,629,629,526795
2024-10-04,631.5,643,627.5,636,898772
2024-10-07,638,638.5,618.5,624.5,2364035
2024-10-08,624.5,625,605,619,1000228
2024-10-09,622.5,639,622,632,632114
2024-10-10,632,654,627,654,913656
2024-10-11,657.5,667,656,663.5,848886
2024-10-14,663,663,646.295,656.5,543682
2024-10-15,661,661,647,654.5,488789
2024-10-16,663.5,678.5,662,669,627934
2024-10-17,669,687.5,663.5,684.5,686395
2024-10-18,686,706.5,685.5,703,1027045
2024-10-21,732.5,760,722.5,747.5,4250382
2024-10-22,750,775.7068,750,769,1302425
2024-10-23,764.5,781.5,757,763.5,1742784
2024-10-24,761.5,782,757.5,771.5,2502568
2024-10-25,760.5,767.5,749,758.5,1199516
2024-10-28,757.5,759.5,747.5,753,524107
2024-10-29,751,778.5,750,778.5,690135
2024-10-30,774,779.611,756.5,759.5,818011
2024-10-31,750,762.5,727,739.5,1976624
2024-11-01,739.5,745.5,733.5,735.5,630111
2024-11-04,728,737,721,721.5,572209
2024-11-05,722,732.9002,722,727.5,1883188
2024-11-06,721.5,727,682.066,699,2204194
2024-11-07,696,718,690.5,711,3499596
2024-11-08,704,714.5,695,700,409292
2024-11-11,707.5,721,676,676,1116950
2024-11-12,656,659.5,619,623,2268546
2024-11-13,624.5,649.5,624,633.5,907475
2024-11-14,619.5,632,609.5,629,1052465
2024-11-15,628,648,625,648,3185171
2024-11-18,650,660,648.947,660,856455
2024-11-19,665,669.5,658,665,422202
2024-11-20,663.5,664.5,654,654.5,591879
2024-11-21,660.5,662.5,644.2125,647.5,526838
2024-11-22,655.5,659,651,652.5,464580
2024-11-25,648.5,649.5,624.5,633,2059310
2024-11-26,635.5,642.9976,626.5,638.5,477204
2024-11-27,643,651.5,630,635,337535
2024-11-28,629,638,629,638,245380
2024-11-29,640,651.5,638.5,646,381915
2024-12-02,639.5,653,620.5,647.5,340021
2024-12-03,649.5,668.5,646.5,666,657360
2024-12-04,661.5,672.997,661.5,669,1358462
2024-12-05,667,673.2373,662.5,663.5,361397
2024-12-06,660,667.1995,652,655.5,349150
2024-12-09,661,686,658.5,686,707140
2024-12-10,678,683,672.5,681,1508334
2024-12-11,679.5,703,672.5,699,536054
2024-12-12,699,705.5,670,679.5,924988
2024-12-13,680.5,683.5,664.5,665.5,637002
2024-12-16,664.5,673,656,656.5,359981
2024-12-17,655,656,642.7135,650,1244706
2024-12-18,652,655,643.5,648.5,1665437
2024-12-19,634.5,641,627.4176,631.5,464348
2024-12-20,629,641,623.5,638.5,982717
2024-12-23,641.5,647.5,630.5705,637,251446
2024-12-24,637,641,630.5,636.5,118586
2024-12-27,639.5,640,628,630.5,315205
2024-12-30,630,630,616,616,618015
2024-12-31,612,625,612,621.5,142244
2025-01-02,624,651.5,624,649.5,406747
2025-01-03,654.5,659,646,649,623149
2025-01-06,648.5,657.5,625.5,644,226585
2025-01-07,639,657,631,645,397005
2025-01-08,657,658,640.5,648,555223
2025-01-09,648.5,678.5,648,669,465806
2025-01-10,667,682,657,668,600734
2025-01-13,663,666,634.4135,644.5,511167
2025-01-14,652.5,657,642.5,655,2339155
2025-01-15,658.5,670.269,656.8596,666,1486195
2025-01-16,674.5,695.5,671.5,680.5,1133271
2025-01-17,677,682,643.5,666,739410
2025-01-20,668.5,691,666,685.5,886920
2025-01-21,690.5,695,676.5,693.5,318563
2025-01-22,693,695.5,667.5,685,642888
2025-01-23,684,684,673.5,678.5,576987
2025-01-24,687.5,695.5,682,685.5,565843
2025-01-27,671.5,684,656.5,671.5,2283312
2025-01-28,668,670.5,657,657,407129
2025-01-29,661,679,659.9995,675,1131338
2025-01-30,677,722.327,672.5,712.5,750943
2025-01-31,711,711,693.5,696,2139697
2025-02-03,683.5,711.2005,673.5,709.5,1476846
2025-02-04,707.5,718.5,704.08,713.5,562172
2025-02-05,716,757,716,755,1043799
2025-02-06,761,769,744.5,753,1213329
2025-02-07,765,765,751,765,787078
2025-02-10,769,810,765.5,802,1804487
2025-02-11,789.5,797,780.5,790.5,897371
2025-02-12,788.5,794.389,769.587,791.5,729256
2025-02-13,817.5,839.5,798,798,1096599
2025-02-14,811.5,830,794.75,798.5,985998
2025-02-17,792,802.5,784.5,784.5,510053
2025-02-18,787,790.5,773.5,784,1218361
2025-02-19,780.5,785.5,758,770.5,798206
2025-02-20,778.5,787,771.5,787,1300795
2025-02-21,773.5,779,757,776.5,4512363
2025-02-24,768,769,750,758,3496002
2025-02-25,749,755,736,739,591412
2025-02-26,746,758,738,757,457698
2025-02-27,750,759.76,746.05,751.5,632328
2025-02-28,736.5,744.5,732.889,742.5,1348063
2025-03-03,740.5,758.5,737.5,754,678574
2025-03-04,754,791.7499,746.324,780,1719608
2025-03-05,796,832,790,828.5,1447353
2025-03-06,832.5,844,820.5,838.5,1364266
2025-03-07,844.5,871.5,836.5,848.5,841959
2025-03-10,846.5,853.9425,829.5,838.5,1447349
2025-03-11,823.5,858,819.5,854,1077507
2025-03-12,856,894.5,849,894.5,1331386
2025-03-13,879,905.4652,861,899.5,2700255
2025-03-14,892.5,933.5,890.5,916.5,1796125
2025-03-17,912.5,938,908,938,1289120
2025-03-18,950,960.5,939.0072,954,1099587
2025-03-19,944,949.3629,925.5,944,937930
2025-03-20,947,953,925.5,936,954777
2025-03-21,926.5,929.5,906,917.5,1379426
2025-03-24,931,946,918.4949,927.5,645834
