Date,Open,High,Low,Close,Volume
2000-02-07,78.5,78.5,75.5,75.5,12000
2000-02-21,82,82,78.5,82,5000
2000-02-22,82,82,82,82,2000
2000-02-24,82,82,78.5,82,2000
2000-02-28,68.5,68.5,63,63.5,5471
2000-03-01,70,70,60,63,14000
2000-03-06,69,69,69,69,2500
2000-03-13,63.5,66.5,63.5,63.5,500
2000-03-15,60,65,60,64,78200
2000-03-16,60.5,63.5,60.5,60.5,384
2000-03-21,58,58.25,58,58.25,11000
2000-03-22,63,63,63,63,2500
2000-03-23,58,63,58,63,4500
2000-03-27,58,64,58,64,10301
2000-03-28,63.5,63.5,60.5,63.5,1000
2000-03-29,57,60.5,57,57,3100
2000-03-30,57.5,57.5,57.5,57.5,100
2000-03-31,57,64,57,64,10000
2000-04-05,64,64,64,64,2000
2000-04-06,64,65,64,65,5000
2000-04-07,60,62.5,60,60,2000
2000-04-12,60,62.5,60,60.5,3970
2000-04-17,60,61,55,61,6760
2000-05-15,61.5,61.5,58.5,61.5,1000
2000-06-01,61,61.5,58.5,61.5,3000
2000-06-02,55,58.5,55,55,2391
2000-06-05,61.5,61.5,61.5,61.5,1000
2000-06-06,55.5,61,55.5,61,2350
2000-06-12,55.5,55.5,55.5,55.5,25
2000-06-16,61,61,61,61,2000
2000-06-19,56,56,56,56,10000
2000-06-26,55.75,55.75,55.75,55.75,365
2000-06-27,62,62,62,62,3000
2000-06-28,55,55,55,55,7679
2000-06-30,61.25,61.25,61.25,61.25,9
2000-07-03,60,60,60,60,1000
2000-07-12,55,55,55,55,1000
2000-07-17,61.25,61.25,60,60,3000
2000-07-20,55,55,55,55,100
2000-07-21,61,61,61,61,2000
2000-08-11,61.25,62,61.25,62,3000
2000-08-14,56,56,56,56,5000
2000-08-15,61,61,61,61,3000
2000-08-17,62,62,62,62,2000
2000-08-18,62,62,62,62,2000
2000-08-21,61.25,61.5,61.25,61.5,3000
2000-08-25,61.5,61.5,61.5,61.5,2000
2000-08-29,55.75,61,55.75,61,3000
2000-08-30,55.75,62,55.75,62,2800
2000-08-31,61.5,61.5,61.5,61.5,1500
2000-09-01,61.5,61.5,61.5,61.5,1000
2000-09-07,61.5,62,60,62,4730
2000-09-08,68.25,68.25,68.25,68.25,1000
2000-09-14,68.25,68.25,68.25,68.25,750
2000-09-15,69,71.25,66,71.25,13500
2000-09-18,67,67,67,67,10000
2000-09-22,71.5,71.5,71.5,71.5,2000
2000-09-27,68,72,68,72,4200
2000-09-28,71.5,71.5,71.5,71.5,1500
2000-09-29,71.5,71.5,71.5,71.5,2500
2000-10-02,71.5,71.5,71.5,71.5,1000
2000-10-05,71.5,71.5,71.5,71.5,1000
2000-10-09,72,72,70,72,4050
2000-10-10,72,72,72,72,1000
2000-10-12,70,70,70,70,3500
2000-10-17,72,72,72,72,7000
2000-10-23,65.75,65.75,65.75,65.75,350
2000-10-24,65,65,65,65,2500
2000-10-25,71.25,71.25,71.25,71.25,1000
2000-11-03,70,70,65,67,29000
2000-11-08,70,70,70,70,2000
2000-11-10,69.5,69.5,69.5,69.5,1000
2000-11-24,73,73,73,73,13605
2000-11-27,69.5,69.5,63,69.5,9000
2000-12-11,70,70,69.5,69.5,1750
2000-12-12,70,70,70,70,2000
2000-12-13,69.5,69.5,69.5,69.5,2500
2000-12-15,69.5,69.5,69.5,69.5,2000
2000-12-18,69.5,69.5,69.5,69.5,1000
2000-12-27,69.5,69.5,69.5,69.5,2000
2001-01-02,70,70,70,70,2000
2001-01-03,65,65,65,65,5000
2001-01-09,69.5,70,69.5,70,3000
2001-01-10,72,72,72,72,2000
2001-01-15,73.25,74,73.25,74,4000
2001-01-16,72.5,72.5,72.5,72.5,1
2001-01-19,74.55,74.55,74.46,74.46,100000
2001-01-23,76.5,76.5,76.5,76.5,250
2001-01-24,76.5,76.5,76.5,76.5,1
2001-01-25,73,76.5,73,76.5,3750
2001-01-26,81,82,81,82,4000
2001-01-29,82.5,91.25,82.5,91.25,10400
2001-02-05,85.75,85.75,85.75,85.75,2000
2001-02-06,85.8,85.8,85,85,4650
2001-02-12,85.5,85.5,85.5,85.5,500
2001-02-14,92,92,92,92,5000
2001-02-19,93.25,93.25,93.25,93.25,2000
2001-02-20,88,88,88,88,2000
2001-02-21,93,93.25,93,93.25,4000
2001-02-22,93.5,93.5,93.5,93.5,2000
2001-02-26,96.5,96.5,96.5,96.5,1030
2001-02-27,93,96.5,93,96.5,3000
2001-02-28,92.5,92.5,92.5,92.5,3025
2001-03-01,91,91,91,91,10000
2001-03-02,90,90,90,90,1000
2001-03-05,90,95,90,95,3800
2001-03-06,90,90,90,90,2500
2001-03-16,85.75,85.75,85.75,85.75,750
2001-03-19,88.5,88.5,85.5,85.5,25060
2001-03-20,89,89,89,89,1000
2001-03-22,83.75,83.75,83.75,83.75,1000
2001-03-26,83.75,83.75,83.75,83.75,500
2001-03-28,83.75,83.75,83.75,83.75,600
2001-03-29,85,88.75,85,85,30000
2001-03-30,83,83,83,83,2000
2001-04-05,83.75,83.75,83.75,83.75,1200
2001-04-12,89.25,89.25,89.25,89.25,1000
2001-04-23,89.25,89.25,89.25,89.25,1000
2001-04-26,89.25,89.25,89.25,89.25,1000
2001-04-30,83,83,83,83,5000
2001-05-04,89.25,89.25,89.25,89.25,1000
2001-05-14,83.75,83.75,83.75,83.75,200
2001-05-22,83.75,83.75,83.75,83.75,1000
2001-05-29,82,82,82,82,5000
2001-05-31,83.75,83.75,83.75,83.75,500
2001-06-04,83.75,83.75,83.75,83.75,600
2001-06-12,89.25,89.25,89.25,89.25,2000
2001-06-13,80,80,80,80,5000
2001-06-26,86,86,86,86,3000
2001-07-03,87,87,87,87,4500
2001-07-04,83.5,83.5,83.5,83.5,1000
2001-07-05,86,86,86,86,2000
2001-07-09,86,86,86,86,4000
2001-07-11,83,83,83,83,1000
2001-07-12,83.5,83.5,83.5,83.5,1000
2001-07-13,83.5,83.5,83.5,83.5,736
2001-07-17,86,86,86,86,250
2001-07-27,86,86,86,86,3718
2001-07-30,83,83,83,83,2000
2001-08-01,89,89,86,86,1853
2001-08-03,89,89,89,89,2500
2001-08-06,85.5,85.5,85.5,85.5,2101
2001-08-07,89,89,89,89,1500
2001-08-08,89,89,89,89,3000
2001-08-09,89,89,89,89,3000
2001-08-20,83,83,83,83,2000
2001-08-23,83,83,83,83,1000
2001-08-24,86.5,86.5,85,85,66393
2001-08-28,86.5,87,84,84,37700
2001-09-03,90,90,90,90,2500
2001-09-06,83,83,83,83,5000
2001-09-20,81,81,81,81,10000
2001-09-28,81.75,81.75,81.75,81.75,1500
2001-10-01,82,82,82,82,2500
2001-10-02,76,76,76,76,1030
2001-10-05,79,79,79,79,129
2001-10-08,73,73,73,73,2500
2001-10-09,71,73.5,71,73.5,77500
2001-10-11,75.75,75.75,75.75,75.75,778
2001-10-15,70,70,70,70,2000
2001-10-19,70,70,70,70,2000
2001-10-22,70,70,70,70,3600
2001-10-25,70,70,63,65,15000
2001-10-26,69.25,69.25,69.25,69.25,500
2001-10-29,60,63,60,63,15000
2001-10-31,64.5,65.5,64.5,65.5,10000
2001-11-02,63,63,63,63,2000
2001-11-05,67,76.25,67,70,12000
2001-11-08,79,79,79,79,63
2001-11-12,79,79,79,79,2000
2001-11-13,84.5,84.5,84.5,84.5,1500
2001-11-28,91.25,91.25,91.25,91.25,1000
2001-12-03,92,92,92,92,1500
2001-12-04,91.5,91.5,91.5,91.5,8845
2001-12-10,92,92,92,92,1750
2001-12-12,91.25,91.25,91.25,91.25,1000
2001-12-14,86.75,86.75,86.75,86.75,564
2001-12-17,87.75,87.75,87.75,87.75,3000
2001-12-24,87.75,87.75,87.75,87.75,2000
2002-01-02,86.5,86.5,86.5,86.5,1000
2002-01-08,83.5,83.5,83.5,83.5,1000
2002-01-10,83,83,83,83,5865
2002-01-11,84,85,84,85,48672
2002-01-14,90,90,90,90,3787
2002-01-15,101.5,101.5,98,101.5,2800
2002-01-16,96.5,96.5,96.5,96.5,516
2002-01-17,100,100,100,100,10000
2002-01-18,97,97,97,97,2000
2002-01-21,97.75,97.75,97.75,97.75,1718
2002-01-24,98,98,93.7,93.7,3583
2002-01-25,91,100,91,100,6150
2002-01-28,100,100,98,98,7000
2002-01-29,101.25,101.25,101.25,101.25,400
2002-01-31,102,102,102,102,3750
2002-02-05,100,100,100,100,100
2002-02-07,100.75,100.75,100,100,3500
2002-02-11,100,103,100,103,3250
2002-02-13,98.5,98.5,98,98,14214
2002-02-15,98,98,98,98,3000
2002-02-25,101.5,101.5,101.5,101.5,1000
2002-02-27,100,100,98,98,6121
2002-02-28,98,98,98,98,3000
2002-03-04,99.75,99.75,99.75,99.75,3000
2002-03-07,101,101,101,101,1000
2002-03-08,98,99,98,99,12000
2002-03-14,99,99,99,99,2000
2002-03-15,97.25,100,97,100,14825
2002-03-20,99.5,99.5,99.5,99.5,450
2002-03-25,95.5,95.5,95.5,95.5,2500
2002-03-26,95,95.25,95,95.25,27123
2002-03-27,100,100,100,100,5000
2002-03-28,102.5,102.5,102.5,102.5,1000
2002-04-05,104,104,104,104,1000
2002-04-11,106,106,106,106,1000
2002-04-12,100.75,100.75,100.75,100.75,1000
2002-04-15,106.5,108.25,103,107,51316
2002-04-18,110,111.5,109,109,11500
2002-04-22,111.5,111.5,111.5,111.5,1000
2002-04-24,110,110,107,107,40000
2002-04-26,111.5,111.5,111.5,111.5,650
2002-04-29,112,112,111.5,111.5,1426
2002-04-30,111.5,111.5,107.5,107.5,2750
2002-05-07,107,112,107,112,7000
2002-05-08,111.25,116,110,110,43000
2002-05-09,115,115,112,112,6000
2002-05-10,114.5,115,114.5,114.5,5600
2002-05-13,110,110,110,110,5000
2002-05-14,108,108,108,108,4000
2002-05-15,106,109.5,106,109.5,5692
2002-05-16,106,106,105,105,8000
2002-05-17,110,110,110,110,5000
2002-05-21,111.25,113.25,105,111,20090
2002-05-23,107,107,107,107,1550
2002-05-27,113.25,113.25,107,107,11000
2002-05-28,116,116,114,114,6745
2002-05-29,110,117,110,113,27500
2002-06-10,116.25,116.25,116.25,116.25,2000
2002-06-17,116,116,116,116,3000
2002-06-18,116,116,116,116,2000
2002-06-19,110,116,110,116,20000
2002-06-28,116,116,116,116,2000
2002-07-02,110,110,110,110,5000
2002-07-04,106,106,106,106,3500
2002-07-12,98,99,98,99,6000
2002-07-17,105,105,105,105,250
2002-07-18,107,107,107,107,10000
2002-07-23,98.75,98.75,98.75,98.75,750
2002-07-30,98,99,98,99,6000
2002-07-31,105,105,105,105,2000
2002-08-01,98.75,98.75,98.75,98.75,200
2002-08-06,105,105,105,105,1000
2002-08-08,100,100,100,100,2000
2002-08-12,100.5,100.5,100.5,100.5,400
2002-08-13,108,108,108,108,2000
2002-08-14,105,105,105,105,1000
2002-08-15,107,107,107,107,1000
2002-08-16,103,110,103,110,3000
2002-08-20,109,112,109,112,30000
2002-08-21,112,112,112,112,1000
2002-08-22,115,117,115,117,4292
2002-08-23,110,110,110,110,2500
2002-08-27,112,112,112,112,10000
2002-08-30,107,107,107,107,3000
2002-09-02,111.25,111.25,111.25,111.25,1349
2002-09-05,111.25,111.25,105,105,2700
2002-09-06,109,109,109,109,1000
2002-09-09,105,105,105,105,2000
2002-09-13,105,109.5,105,109.5,5400
2002-09-19,105,105,105,105,2500
2002-09-20,100,100,100,100,2500
2002-09-23,100,100,100,100,1000
2002-09-24,100.5,100.5,100,100,2000
2002-09-25,95,95,95,95,2000
2002-09-26,98,98,95,95,2500
2002-09-27,101.25,101.25,101.25,101.25,1000
2002-10-01,95,96.5,95,96.5,6000
2002-10-02,95,95,95,95,1000
2002-10-04,95,97.5,95,97.5,5000
2002-10-07,93,93,87,87,3743
2002-10-08,83,87,80,80,24752
2002-10-09,79.25,79.25,79.25,79.25,300
2002-10-10,70,70,70,70,3000
2002-10-11,74,74,74,74,5000
2002-10-14,74.5,74.5,74.5,74.5,500
2002-10-17,70.5,70.5,70.5,70.5,100
2002-10-18,74.5,74.5,74.5,74.5,2000
2002-10-21,75,75,75,75,6000
2002-10-22,75,78,75,78,4653
2002-11-04,82,82,81.5,81.5,4000
2002-11-07,84.38,84.38,84.38,84.38,2000
2002-11-12,81,81,81,81,86
2002-11-13,80,80,80,80,2500
2002-11-20,84.13,84.13,84.13,84.13,998
2002-11-25,78,84,78,84,14500
2002-11-26,85,85,85,85,3529
2002-12-02,84,89,83,89,1561
2003-01-02,83,83,83,83,1000
2003-01-03,83,83,83,83,1600
2003-01-06,90,90,90,90,3197
2003-01-10,92,95,92,95,4000
2003-01-13,99,107,99,107,6900
2003-01-14,110,110,110,110,3088
2003-01-15,105,106.25,105,105,7500
2003-01-20,100,105,100,105,1818
2003-01-21,107,110,103.87,110,13750
2003-01-22,112,112,112,112,3000
2003-01-23,105,105,105,105,2500
2003-01-24,103.87,110,103.87,110,4500
2003-01-27,105.62,105.62,105,105,3000
2003-01-28,103,103.87,103,103.87,3500
2003-01-29,103.87,103.87,103.87,103.87,1000
2003-01-30,109.13,109.13,109.13,109.13,1000
2003-02-03,115,115,115,115,2500
2003-02-05,116.13,116.13,116.13,116.13,708
2003-02-06,110.87,110.87,110.87,110.87,1000
2003-02-10,110.87,110.87,110.87,110.87,1000
2003-02-12,110.87,110.87,110.87,110.87,1000
2003-02-19,116.13,116.13,116.13,116.13,424
2003-02-26,110.87,110.87,110.87,110.87,1000
2003-03-04,108,108,108,108,5000
2003-03-10,115,117,115,117,9337
2003-03-11,125,126.13,119.38,120,13056
2003-03-12,121.13,121.13,121.13,121.13,1400
2003-03-13,115,121.13,115,121.13,3500
2003-03-14,121.13,121.13,121.13,121.13,2351
2003-03-17,121.48,121.48,121.48,121.48,800
2003-03-18,113.87,115.87,113.87,115,10000
2003-03-19,119,119,119,119,1495
2003-03-20,119,119,119,119,500
2003-03-24,119,119,114,114,2244
2003-03-25,108,114,108,114,49010
2003-03-26,114,114.38,110.62,114.38,4211
2003-03-28,115,118,114.13,114.13,13412
2003-04-01,114.13,114.13,108.87,110,3600
2003-04-03,108,108,108,108,700
2003-04-04,110,110,110,110,5000
2003-04-07,108,108,108,108,10000
2003-04-09,105.62,105.62,105.62,105.62,1000
2003-04-10,109.38,110,109.38,110,7500
2003-04-11,108,108,108,108,10000
2003-04-14,114,119,114,115,3500
2003-04-15,119,119,119,119,1500
2003-04-16,119,119,119,119,2000
2003-04-23,122,122,122,122,3637
2003-04-24,120,120,115,115,916
2003-04-25,120,127,120,127,6720
2003-04-30,121,125,121,125,3000
2003-05-01,120,120,120,120,5000
2003-05-07,127,127,121,121,8990
2003-05-12,127,132,127,131,23500
2003-05-13,134,134,134,134,200
2003-05-14,138,138,138,138,2500
2003-05-15,137,137,136,136,750
2003-05-20,137,137,130,130,600
2003-06-04,136.13,136.13,136.13,136.13,500
2003-06-05,132,132,130.87,130.87,2000
2003-06-06,137,140,136,139.13,3500
2003-06-09,135.62,135.62,135.62,135.62,1000
2003-06-10,140,140,136,136,8890
2003-06-12,139.38,139.38,139.38,139.38,1050
2003-06-19,136,137.5,136,137.5,35000
2003-06-20,140,140,140,140,5000
2003-06-23,141.13,141.13,141.13,141.13,740
2003-06-26,142,142,142,142,704
2003-06-27,142,142,142,142,1650
2003-07-01,138,138,138,138,2000
2003-07-03,142,149.38,142,149.38,9346
2003-07-04,150,152,148,148,2150
2003-07-07,151.5,154,151.5,154,2948
2003-07-08,153.03,156,153.03,156,11942
2003-07-09,158.98,158.98,158.5,158.5,1228
2003-07-10,159,162,159,162,2000
2003-07-15,158.5,158.5,158.5,158.5,500
2003-07-16,158.5,162,158.5,162,4100
2003-07-17,162,162,162,162,1000
2003-07-18,169,175,169,174.13,11907
2003-07-21,172.5,172.5,168,168,1850
2003-07-22,171,171,168,168,1000
2003-07-23,171,172,168,168,5076
2003-07-24,170,170,165,165,1495
2003-07-29,170,170,165,165,8000
2003-07-30,167,167,163.25,163.25,2200
2003-07-31,167,168,167,168,1190
2003-08-07,167,167,160,160,2000
2003-08-11,166,170,166,170,1000
2003-08-12,166,166,160,160,4207
2003-08-13,163.5,163.5,160,160,5126
2003-08-14,160,160,152.5,152.5,6000
2003-08-15,155,155,155,155,1000
2003-08-18,155,158,155,157,2350
2003-08-19,156.5,159,156.5,158,1800
2003-08-20,159,161.5,159,161.5,1000
2003-08-21,159,165,159,162,10000
2003-08-22,162.5,180,162.5,180,7200
2003-08-26,181.5,200,181.5,197,15831
2003-08-27,204,210,204,205,10000
2003-08-28,210,210,203.5,204,7185
2003-08-29,203.5,203.5,183,183,12000
2003-09-01,187,187,179,182,10358
2003-09-02,181.5,205,181.5,205,25771
2003-09-03,210,225,210,215,12300
2003-09-04,210,215.5,210,210,8725
2003-09-05,214,215,210,215,3140
2003-09-08,210,222,210,222,13084
2003-09-09,220,225,220,225,215
2003-09-10,220,232,220,232,7750
2003-09-11,230,230,212.5,220,7600
2003-09-12,215,220,207.5,210,10539
2003-09-15,218.5,220,217,217,4801
2003-09-16,220,220,215,215,9881
2003-09-17,220,220,215,215,23400
2003-09-18,220,220,215,215,2000
2003-09-19,220,220,215,215,900
2003-09-23,212.5,212.5,207.5,210,5000
2003-09-24,207.5,207.5,200,200,74326
2003-09-25,205,208,203,208,12702
2003-09-26,204,215,204,215,3658
2003-09-29,210,215,210,215,2445
2003-09-30,212.5,223,212.5,223,9997
2003-10-01,210,218,210,218,25524
2003-10-02,210,210,207,207,400
2003-10-03,210,215,210,215,16354
2003-10-06,211,211,207,207,2209
2003-10-07,211,215,211,215,457
2003-10-08,211,212.5,208,208,12743
2003-10-10,212.5,214,210,214,32732
2003-10-13,210,210,206,206,23461
2003-10-14,209,210,205,205,5000
2003-10-15,209.5,213.5,209.5,212,7730
2003-10-16,213.5,217,213.5,217,3727
2003-10-17,215,220,215,220,448
2003-10-20,215,215,212,212,2174
2003-10-22,215,219,213,213,49824
2003-10-23,215.5,218,214,218,1000
2003-10-27,214,215,210,213.15,2000
2003-10-29,212.5,212.5,211,211,3100
2003-10-30,212.5,212.5,210,210,1000
2003-11-03,212.5,212.5,210,210,5529
2003-11-04,212.5,212.5,200,200,4726
2003-11-05,205,207,205,207,5019
2003-11-07,207.5,207.5,205,205,3404
2003-11-10,207.5,216,207.5,215,12083
2003-11-11,216,222,216,222,3342
2003-11-13,218.5,223,218.5,223,7450
2003-11-14,219,230,219,230,3400
2003-11-17,226.5,230,226,230,383
2003-11-18,226,226,223,223,4775
2003-11-19,223,223,215,215,4500
2003-11-20,221.5,221.5,213,213,3222
2003-11-21,220,220,215,215,1500
2003-11-27,219,220,217,217,6400
2003-11-28,220,230,220,230,3000
2003-12-01,226.5,230,226.5,230,555
2003-12-02,226.5,230,226.5,230,3812
2003-12-04,226.5,226.5,220,220,20200
2003-12-09,222.5,232,222.5,232,3931
2003-12-10,228.5,230,228.5,230,290
2003-12-11,228.5,232,228.5,232,5307
2003-12-12,228.5,250,228.5,250,22949
2003-12-15,246.5,246.5,237,237,12533
2003-12-16,244,244,241,241,7500
2003-12-17,244,250,244,250,14463
2003-12-18,247.5,247.5,245,245,467
2003-12-19,247.5,247.5,246,246,6200
2003-12-22,247.5,247.5,245.62,245.62,1800
2003-12-24,247.5,250,247.5,249,4332
2003-12-29,247.5,247.5,245,245,6200
2003-12-30,245,248.75,245,248.75,11000
2003-12-31,245,245,242,242,10020
2004-01-02,245,245,242,242,5000
2004-01-05,245,252.5,245,249.12,3724
2004-01-06,252.5,263.75,252.5,263.75,2359
2004-01-07,260,266.5,260,260,8634
2004-01-13,264,268,264,268,10578
2004-01-14,264,267,264,267,3000
2004-01-15,265,268,265,268,1176
2004-01-16,265,265,260,265,11905
2004-01-19,260,265,260,265,5116
2004-01-20,265,265,261.5,261.5,800
2004-01-21,265,268.75,265,268.75,2250
2004-01-23,265,265,248,248,18447
2004-01-26,251.5,251.5,227.5,237,21583
2004-01-27,243.5,245,242,245,4408
2004-01-28,243.5,245,240,245,3400
2004-01-30,239,261,239,253,17921
2004-02-02,261,261,257,257,14500
2004-02-04,261,261,257,257,1509
2004-02-05,261,262.5,260,260,3000
2004-02-06,260,264,260,264,1600
2004-02-09,260,260,259,259,5000
2004-02-11,259,259,253,253,7450
2004-02-13,258,258,254,254,3000
2004-02-16,256.5,257,256.5,257,1000
2004-02-19,258,263.5,258,263.5,2800
2004-02-20,261,263.5,261,263.5,939
2004-02-26,262,262,257,257,827
2004-02-27,262,262,257,257,1000
2004-03-01,262,263,259,259,4497
2004-03-02,261,261,255,255,3773
2004-03-05,259.5,262.5,259.5,262.5,25
2004-03-10,259.5,262.5,259.5,262.5,1374
2004-03-11,261,261,257,257,1000
2004-03-15,259,259,255,255,3000
2004-03-17,254,254,244,244,3000
2004-03-18,246,254,246,254,6006
2004-03-19,250,257.5,250,255,16415
2004-03-22,254,254,250,250,183
2004-03-23,254,254,250,250,1000
2004-03-24,253,253,245,245,2500
2004-03-25,250,250,245,245,750
2004-03-26,248,248,243,243,1000
2004-03-30,249,251.5,249,251.5,1800
2004-03-31,250,253.5,250,253.5,2756
2004-04-01,250,250,243,243,3549
2004-04-02,248,250.5,248,250.5,250
2004-04-05,248,249,245,245,1150
2004-04-07,249,249,245,245,2826
2004-04-08,249,250.5,249,250.5,2290
2004-04-13,249,249,245,245,195
2004-04-14,249,250.5,249,250,6500
2004-04-15,250.5,252,250.5,252,7690
2004-04-16,250.5,252,250.5,252,7000
2004-04-20,251.5,251.5,248,248,4300
2004-04-22,250,253,250,253,1000
2004-04-29,249,249,240,240,2300
2004-04-30,241.5,243,241.5,243,10000
2004-05-04,243,243,238,238,1000
2004-05-05,243,246,243,246,2210
2004-05-10,244,244,233,235,12444
2004-05-11,236.5,240,236,236,37200
2004-05-12,240,244,240,244,2025
2004-05-13,241.5,244,241.5,244,2508
2004-05-14,241.5,241.5,238.5,238.5,1000
2004-05-18,241.5,241.5,238.5,238.5,700
2004-05-24,241.5,241.5,238,238,1000
2004-06-02,241.5,241.5,238,238,500
2004-06-03,241.5,248.5,241.5,248,1000
2004-06-07,248.5,248.5,245,245,1000
2004-06-08,245,249,245,249,3300
2004-06-09,246,249,246,249,500
2004-06-14,246,246,242,242,1000
2004-06-17,243.5,243.5,240,240,195
2004-06-21,243.5,243.5,236.5,238.5,6061
2004-06-24,236.5,238,233,233,500
2004-06-25,236.5,238.5,236.5,238.5,1034
2004-06-28,236.5,238,233,233,3798
2004-06-29,236.5,240,236.5,238,2500
2004-06-30,239,241.5,239,241.5,150
2004-07-01,239,239,235,235,1000
2004-07-05,238,238,233,233,1000
2004-07-06,236.5,236.5,233,233,1000
2004-07-07,236.5,238,233,233,383
2004-07-08,236.5,236.5,233,233,365
2004-07-09,236.5,236.5,233,233,100
2004-07-12,236.5,238.5,236.5,238.5,735
2004-07-16,236.5,238.5,236.5,238.5,1000
2004-07-20,236.5,238.5,236.5,238.5,1000
2004-07-21,236.5,238.5,236.5,238.5,414
2004-07-26,236.5,245,236.5,245,19400
2004-07-27,240,242,239.5,242,1500
2004-07-30,242,242,239.5,242,1000
2004-08-02,241,241,237.55,237.55,2700
2004-08-04,241,241,238.5,239.45,1050
2004-08-10,227.5,237.5,227.5,234,8700
2004-08-11,236,240,235,240,1082
2004-08-12,236,240.5,236,237,3150
2004-08-17,239.5,243,239.5,243,1000
2004-08-18,239.5,245,239.5,245,3868
2004-08-19,244,267,244,254.85,1125
2004-08-26,245,249.65,245,249.65,1150
2004-08-27,245,245,238,238,16000
2004-08-31,240,245,240,245,5940
2004-09-01,241,245,241,243.5,23500
2004-09-02,245,245,241,241,453
2004-09-03,245,250,245,250,3800
2004-09-06,248,255,248,255,5000
2004-09-07,255,270,255,270,11500
2004-09-08,270,280,270,280,5500
2004-09-09,284,290,284,288,14340
2004-09-10,290,290,282,282,3650
2004-09-13,285,285,280,280,9269
2004-09-15,285,289,285,289,2230
2004-09-17,290,293,290,293,850
2004-09-20,290,293,290,293,932
2004-09-22,290,293,290,293,17
2004-09-27,286.5,286.5,277,277,5650
2004-09-28,280,280,275,275,1000
2004-09-29,280,284.45,280,284.45,39
2004-09-30,280,280,268,268,17250
2004-10-01,271.5,272.5,270,270,8230
2004-10-04,272,276.45,272,276.45,355
2004-10-05,272,272,267,267,1000
2004-10-06,265,265,260,260,4134
2004-10-07,263,263,263,263,5000
2004-10-14,260,260,255.55,255.55,433
2004-10-18,254,254.5,250,250,2460
2004-10-20,254.5,254.5,250.55,250.55,500
2004-10-22,254.5,255,250,250,3420
2004-11-03,254.5,258.45,254.5,258.45,800
2004-11-08,254.5,258.45,254.5,258.45,2567
2004-11-09,254.5,258.45,254.5,258.45,380
2004-11-10,254.5,254.5,250.55,250.55,81
2004-11-11,254.5,258,254.5,258,3000
2004-11-12,254.5,262.5,254.5,259,5500
2004-11-15,265,288,265,285,34821
2004-11-16,288,288,280,280,4016
2004-11-17,284,284,280,280,2100
2004-11-19,284,285,284,285,3400
2004-11-22,284,284,280,280,1600
2004-11-25,280,280,275,275,600
2004-12-03,280,280,276,276,4781
2004-12-06,280,280,275,275,1377
2004-12-07,279,279,273,273,2500
2004-12-14,275,280,275,279,5122
2004-12-15,280,284.85,280,284.85,3
2004-12-21,280,283,280,283,6200
2004-12-22,281,285,278.5,278.5,7000
2004-12-23,280,284.45,280,284.45,1200
2005-01-04,280,285,280,285,2500
2005-01-05,290,292.45,289,292.45,3260
2005-01-06,289,293,289,293,4993
2005-01-07,291.5,314.85,291.5,314.85,4280
2005-01-10,301,305,301,305,4300
2005-01-12,291,302,291,302,9600
2005-01-13,296,296,292.5,296,10900
2005-01-14,292.5,292.5,288.55,288.55,1000
2005-01-18,287,300.75,287,290,3800
2005-01-19,292.5,296.45,292.5,296.45,680
2005-01-20,292,292,290,290,13378
2005-01-21,292,296.85,292,296.85,500
2005-01-24,294.5,294.5,292,292,6786
2005-01-26,298.5,309.85,298.5,309.85,12500
2005-01-27,305,315,305,312,10000
2005-01-28,315,329,315,323,24869
2005-01-31,332,336.5,328,328,7650
2005-02-01,331,331,326.5,328.829,10000
2005-02-02,326.5,326.5,320,320,6506
2005-02-03,324,324,317,317,3010
2005-02-04,321,321,310,310,5943
2005-02-07,315,315,287,308,13268
2005-02-08,304,308,304,308,324
2005-02-09,305,305,298,298,5677
2005-02-10,300,300,295,295,11375
2005-02-11,300,315.5,300,311,11000
2005-02-14,313.5,313.5,307.5,312,7898
2005-02-15,308.5,310,305,305,1000
2005-02-17,306,306,298,298,2000
2005-02-18,303,303,298.55,298.55,11000
2005-02-22,305,309,305,305.55,1000
2005-02-24,309,312.45,309,312.45,1500
2005-02-25,311.5,314.45,311.5,314.45,470
2005-02-28,313,313,308,308,2500
2005-03-02,313,313,310,310,13100
2005-03-03,311.5,311.5,305.55,305.55,39
2005-03-07,310,314.45,310,314.45,36
2005-03-09,310,313,310,313,1000
2005-03-10,310,315,310,314.45,1000
2005-03-11,315,319,315,319,850
2005-03-14,316,316,312,312,3165
2005-03-15,315,320,315,320,1600
2005-03-16,315,315,310.55,310.55,1000
2005-03-17,315,315,310,310,4000
2005-03-22,313.5,316.45,313.5,316.45,171
2005-03-23,313.5,313.5,312,312,12000
2005-03-29,312.5,315,312.5,314,6340
2005-03-30,312.5,312.5,302.55,302.55,500
2005-03-31,307,310,305,305,3000
2005-04-01,310,316,310,312.55,7900
2005-04-04,315,324.45,315,324.45,6131
2005-04-07,320,335,320,332,3250
2005-04-08,335,352,335,352,39696
2005-04-11,350,350,346.5,350,1150
2005-04-12,349,362,349,362,3000
2005-04-13,357.5,387.5,357.5,364.5,13052
2005-04-14,365,365,357,360.1,2684
2005-04-15,356,356,345,350,7370
2005-04-18,340,345,340,345,1544
2005-04-19,341,345,341,345,646
2005-04-20,345,363.75,345,355,5750
2005-04-22,360,364.95,360,364.95,607
2005-04-28,360,360,355.55,355.55,75
2005-04-29,360,360,343,343,2235
2005-05-04,345,345,340,340,2800
2005-05-06,345,345,340.55,340.55,352
2005-05-10,345,352.45,345,352.45,1283
2005-05-12,349,349,345.55,345.55,310
2005-05-16,349,355,349,355,1000
2005-05-17,354,360,354,360,1000
2005-05-19,356,357,350,350,2000
2005-05-20,356,360,356,359.85,1379
2005-05-23,360,364.85,360,364.85,2800
2005-05-25,360,360,355.15,355.15,1700
2005-05-26,360,364,360,364,2000
2005-05-27,360,369.85,360,369.85,2952
2005-06-06,372.5,395,372.5,390,9169
2005-06-07,395,402,395,397,20710
2005-06-08,403.5,410,395,395,11289
2005-06-09,395,395,390,395,8744
2005-06-10,395,395,390,395,4275
2005-06-13,395,395,390,390,1858
2005-06-14,394,398,394,398,248
2005-06-16,391.5,395,391.5,395,500
2005-06-17,391.5,402,391.5,402,2157
2005-06-20,399,420,399,420,4118
2005-06-21,415,430,415,420.55,3140
2005-06-22,415,415,410,410,8500
2005-06-24,411,415,410,415,700
2005-06-28,410,413,410,413,4450
2005-06-30,410,410,405.15,405.15,1000
2005-07-04,410,410,405,405,1000
2005-07-05,410,415,410,415,716
2005-07-06,410,410,405,405,5122
2005-07-07,409,409,400,400,3316
2005-07-11,407.5,407.5,405,405,16500
2005-07-13,407.5,407.5,387,387,8700
2005-07-18,393.5,393.5,385,385,3819
2005-07-19,390,393,390,393,1250
2005-07-20,392.5,395,392.5,395,3500
2005-07-22,400,403.5,400,400.4,10000
2005-07-25,405,410,405,405,2550
2005-07-27,415,415,403,403,2800
2005-07-29,410,410,403,403,2000
2005-08-01,406,406,397,397,1812
2005-08-03,400,405,400,405,2800
2005-08-04,401.5,407,401.5,407,2465
2005-08-08,405,410,405,410,2225
2005-08-10,410,410,406,406,7700
2005-08-15,410,415,410,415,1998
2005-08-16,412.5,429,412.5,429,15865
2005-08-17,425,425,420.15,420.15,200
2005-08-18,425,429.85,425,429.85,1070
2005-08-19,425,430,425,429.85,1400
2005-08-22,430,430,425.15,425.15,300
2005-08-23,430,435,430,435,672
2005-08-24,435,440,435,440,500
2005-08-26,443,468.5,441.5,465,4145
2005-08-30,468.5,490,468.5,490,4549
2005-08-31,485,500,485,500,7641
2005-09-01,492.5,507.5,492.5,505,1613
2005-09-02,502.5,512.5,495,495,6697
2005-09-05,512.5,544.5,512.5,535,14609
2005-09-06,537.5,537.5,515,515,8067
2005-09-07,522.5,522.5,502.5,505,7414
2005-09-08,502.5,502.5,490,490,5745
2005-09-09,500,522.5,500,509,14129
2005-09-12,507.5,517.5,507.5,515,1287
2005-09-13,522.5,534.45,522.5,534.45,2211
2005-09-14,527.5,532.5,525,525,5854
2005-09-15,532.5,532.5,522.5,529.45,9364
2005-09-16,522.5,522.5,517.5,520,17612
2005-09-19,515,519.45,512.5,519.45,100
2005-09-21,512.5,540,512.5,540,6380
2005-09-22,537.5,545,537.5,545,2000
2005-09-23,540,542.5,525,525,6000
2005-09-26,527.5,535,527.5,535,1118
2005-09-27,527.5,556,527.5,540,3697
2005-09-29,545,555,545,555,531
2005-10-04,540,540,532.5,540,1334
2005-10-05,520,572.5,512.5,520,15953
2005-10-06,550,550,535,535,1363
2005-10-07,542.5,542.5,533.1,533.1,1450
2005-10-10,537.5,557.5,537.5,547.1,2788
2005-10-11,557.5,565,555,565,884
2005-10-12,555,562.9,552.5,562.9,270
2005-10-13,550,550,537.5,545,5676
2005-10-14,537.5,537.5,520,520,2000
2005-10-18,527.5,527.5,515,515,578
2005-10-19,522.5,522.5,465,465,19637
2005-10-20,502.5,517.9,502.5,517.9,1750
2005-10-21,507.5,507.5,495,495,2976
2005-10-25,500,507.9,500,507.9,580
2005-10-26,500,512.9,500,512.9,1200
2005-11-02,517.5,522.9,512.5,522.9,300
2005-11-03,512.5,525,512.5,525,676
2005-11-04,512.5,540,512.5,540,2200
2005-11-07,532.5,555,532.5,555,3252
2005-11-08,552.5,552.5,541.1,541.1,823
2005-11-09,552.5,552.5,537,537,2000
2005-11-10,547.5,573.9,547.5,573.9,2501
2005-11-11,562.5,575,562.5,575,1604
2005-11-14,572.5,597.5,572.5,575,9349
2005-11-15,582.5,590,582.5,590,663
2005-11-16,582.5,610,582.5,605,1021
2005-11-17,610,620,607.5,620,905
2005-11-18,607.5,620,607.5,620,1552
2005-11-21,607.5,630,607.5,630,3092
2005-11-22,617.5,655,617.5,655,5795
2005-11-23,647.5,647.5,605,605,8250
2005-11-24,625,625,615.55,615.55,2813
2005-11-25,625,631,625,631,3600
2005-11-28,625,630,625,630,2660
2005-12-02,625,625,600,600,2505
2005-12-05,612.5,624,612.5,624,1414
2005-12-07,617.5,624,617.5,624,1500
2005-12-08,622.5,622.5,610,610,440
2005-12-09,622.5,629,622.5,629,79
2005-12-12,622.5,627.5,600,600,7330
2005-12-13,610,612.5,600,600,500
2005-12-14,607.5,607.5,586,586,2942
2005-12-15,602.5,605,595,595,824
2005-12-16,605,605,597.5,602.5,922
2005-12-19,597.5,607.5,597.5,602.5,1000
2005-12-21,612.5,612.5,595,595,1411
2005-12-23,612.5,612.5,590,590,2500
2005-12-30,612.5,617.5,612.5,617.5,175
2006-01-03,612.5,612.5,600,600,2000
2006-01-04,612.5,612.5,590,590,776
2006-01-05,606.5,612.5,600,600,2149
2006-01-06,612.5,615,607.5,615,1469
2006-01-09,607.5,607.5,596,596,231
2006-01-10,607.5,607.5,590,590,1000
2006-01-11,602.5,602.5,570,570,4637
2006-01-12,587.5,610,587.5,600,6600
2006-01-13,610,620,610,620,1129
2006-01-16,615,620,605,605,6767
2006-01-18,620,620,612.5,620,332
2006-01-20,612.5,612.5,601,601,653
2006-01-24,612.5,617.5,607.5,612,1750
2006-01-25,607.5,607.5,576,576,1479
2006-01-26,587.5,605,587.5,595,5525
2006-01-27,607.5,647.5,607.5,646.25,5563
2006-01-30,647.5,656.25,647.5,656.25,7191
2006-01-31,652.5,680,652.5,680,6965
2006-02-01,670,690,670,690,10037
2006-02-02,677.5,690,672.5,690,85
2006-02-03,672.5,672.5,641.5,641.5,10682
2006-02-06,652.5,652.5,646,646,738
2006-02-09,647.5,670,647.5,670,2400
2006-02-10,655,670,655,670,299
2006-02-13,655,668,655,668,878
2006-02-14,655,670,655,670,298
2006-02-15,655,670,655,670,647
2006-02-17,666,666,660,660,314
2006-02-21,670,680,667.5,680,941
2006-02-22,667.5,680,667.5,680,162
2006-02-23,667.5,680,665,680,224
2006-02-28,665,675,660,675,1983
2006-03-01,660,675,655,675,2500
2006-03-02,655,655,647.5,648,2751
2006-03-03,645,645,630.5,630.5,3602
2006-03-06,635,635,620.5,620.5,2650
2006-03-07,627.5,627.5,610,622.5,2928
2006-03-08,610,621.6,602.5,621.6,4231
2006-03-09,622.5,633,622.5,633,732
2006-03-10,630,637.5,630,631.6,1000
2006-03-13,637.5,642,637.5,642,702
2006-03-15,647.5,652,647.5,652,306
2006-03-16,647.5,647.5,630,630,2960
2006-03-20,637.5,640,625,625,697
2006-03-22,632.5,632.5,620,620,850
2006-03-23,630,640,630,638,155
2006-03-27,637.5,643,637.5,643,1000
2006-03-28,637.5,641.6,635,641.6,1078
2006-03-29,630,641.6,625,641.6,231
2006-04-03,625,625,615,619.4,828
2006-04-05,615,617.5,610,610,1814
2006-04-06,617.5,620,610,610,1837
2006-04-11,615,615,605,605,4423
2006-04-12,615,620,605,605,500
2006-04-18,635,644,635,644,1250
2006-04-19,640,650,640,640,716
2006-04-20,650,650,640,644,750
2006-04-21,645,645,637,637,175
2006-04-24,645,645,635,635,700
2006-04-25,635,635,610,610,2350
2006-04-26,620,630,620,630,3000
2006-04-28,630,630,605,605,4000
2006-05-02,630,630,600,600,2522
2006-05-03,605,610,600,600,3050
2006-05-04,610,610,600,600,1000
2006-05-05,610,610,605,606.6,1500
2006-05-08,605,605,595,595,6000
2006-05-09,605,605,595,595,1289
2006-05-11,605,605.5,605,605.5,727
2006-05-12,605,605,595,595,410
2006-05-15,600,600,570,570,7012
2006-05-16,572.5,585,572.5,577.5,3791
2006-05-18,590,590,575,580,250
2006-05-19,575,575,540,550,4490
2006-05-22,540,540,510,510,7402
2006-05-23,520,545,520,539.75,1800
2006-05-25,547.5,560,547.5,557,450
2006-05-26,562.5,562.5,555,555,1000
2006-05-31,550,550,540,543,300
2006-06-05,545,550,545,547,250
2006-06-08,550,550,540,540,500
2006-06-12,550,555,550,555,150
2006-06-14,552.5,555,552.5,555,200
2006-06-16,557.5,565,557.5,558.75,353
2006-06-20,555,555,540,540,2000
2006-06-21,550.5,551.5,540,540,500
2006-06-30,551.5,551.5,550,550,1500
2006-07-03,551.5,560,551.5,555,650
2006-07-04,551.5,555.4,551.5,555.4,1000
2006-07-05,551.5,551.5,547,547,5322
2006-07-06,554,561.5,554,558,3000
2006-07-10,561.5,573,561.5,573,462
2006-07-11,564,600,564,600,5750
2006-07-13,600,600,593,593,800
2006-07-17,600,620,600,620,2000
2006-07-18,617.5,642.5,617.5,637,4315
2006-07-21,645,645,640,640,250
2006-07-24,640,640,635,635,2514
2006-07-25,640,645,640,645,1152
2006-07-26,640,650,637.5,650,11242
2006-08-04,632.5,642,632.5,642,250
2006-08-17,622.5,635,622.5,635,922
2006-08-23,622.5,640,622.5,640,1000
2006-08-24,627.5,639,627.5,639,597
2006-08-25,627.5,697.5,627.5,680,2442
2006-08-29,682.5,682.5,677.5,679,1500
2006-08-30,680,684,680,684,500
2006-08-31,682.5,685,680,680,5589
2006-09-01,682.5,695,682.5,695,324
2006-09-04,682.5,695,682.5,695,1283
2006-09-05,682.5,695,682.5,695,1000
2006-09-06,682.5,692.5,671.1,671.1,1000
2006-09-07,692.5,728.9,692.5,728.9,2307
2006-09-11,717.5,717.5,690,690,2500
2006-09-20,682.5,682.5,655,655,2000
2006-09-22,672.5,678.9,670,678.9,1000
2006-09-25,670,697,670,697,2426
2006-10-03,685,695,685,695,1900
2006-10-04,675,675,656,656,32512
2006-10-06,667.5,667.5,656,656,900
2006-10-09,667.5,667.5,650,650,1000
2006-10-10,667.5,668.75,662.5,668.75,10579
2006-10-11,662.5,665,660,665,1000
2006-10-12,662.5,665,660,665,300
2006-10-13,662.5,662.5,650,650,1250
2006-10-16,652.5,655,648,648,6000
2006-10-17,652.5,652.5,648.75,648.75,125
2006-10-20,667.5,675,667.5,675,1000
2006-10-26,667.5,679,667.5,679,800
2006-10-27,667.5,679,667.5,679,1000
2006-10-31,672.5,672.5,660,660,4000
2006-11-01,672.5,685,672.5,685,1315
2006-11-03,672.5,672.5,666.25,666.25,275
2006-11-06,672.5,688,672.5,688,6504
2006-11-07,687.5,687.5,680,680,5015
2006-11-10,687.5,695,687.5,695,2500
2006-11-13,687.5,697.5,686,686,17
2006-11-16,692.5,692.5,688.75,688.75,982
2006-11-17,692.5,692.5,683,683,1162
2006-11-22,702.5,715,702.5,710,4000
2006-11-23,715,752.5,715,720,14007
2006-11-24,742.5,745,740,740,3750
2006-11-27,742.5,745,742.5,745,5000
2006-11-28,742.5,755,742.5,755,200
2006-11-29,742.5,750,742.5,750,3500
2006-11-30,742.5,752.5,742.5,752,1250
2006-12-01,752.5,766.75,752.5,766.75,2300
2006-12-04,757.5,762.5,750,750,550
2006-12-05,762.5,772.5,760.3,760.3,2400
2006-12-06,772.5,780,772.5,780,1500
2006-12-07,777.5,782.5,775,775,1355
2006-12-08,785,787.5,785,787.5,5000
2006-12-11,792.5,792.5,777.5,785,6550
2006-12-12,777.5,785,777.5,785,500
2006-12-13,777.5,777.5,769,769,1006
2006-12-18,782.5,785,774,774,300
2006-12-21,787.5,787.5,782.5,787.5,2500
2007-01-02,782.5,782.5,768.75,768.75,205
2007-01-08,777.5,777.5,765,765,749
2007-01-09,767.5,767.5,750,750,2000
2007-01-10,757.5,757.5,752.5,757.5,5000
2007-01-11,752.5,752.5,740,740,392
2007-01-17,750,757,750,757,250
2007-01-18,750,755,750,755,625
2007-01-19,755,765,755,760,4265
2007-01-22,765,770,765,770,1000
2007-01-23,767.5,767.5,755,755,310
2007-01-24,767.5,785,767.5,785,250
2007-01-25,777.5,786.25,777.5,786.25,1000
2007-01-26,777.5,782.5,755,755,3000
2007-01-29,765,782.5,765,765,2500
2007-02-02,772.5,780,772.5,780,2000
2007-02-06,772.5,781.9,772.5,781.9,2950
2007-02-07,775,781.9,775,781.9,312
2007-02-14,782.5,782.5,758,758,4800
2007-02-15,782.5,782.5,767.5,770,1500
2007-02-16,767.5,767.5,751.1,751.1,13
2007-02-23,762.5,770,762.5,770,125
2007-02-27,762.5,762.5,752.5,757.5,1850
2007-03-01,737.5,742.5,737.5,742.5,500
2007-03-02,740,740,727.5,735,134
2007-03-05,727.5,737.5,727.5,730,500
2007-03-06,737.5,737.5,725,725,8000
2007-03-07,737.5,748,737.5,748,7
2007-03-19,737.5,755,737.5,755,750
2007-03-21,750,750,750,750,5000
2007-03-23,750,767.5,750,760,7103
2007-03-26,767.5,770,767.5,770,2991
2007-03-27,770,770,770,770,3500
2007-03-28,770,777,770,777,3000
2007-03-30,770,777,770,777,126
2007-04-02,770,770,755,755,1500
2007-04-03,767.5,767.5,755,755,4113
2007-04-04,762.5,762.5,752,752,1150
2007-04-05,762.5,775,762.5,775,7
2007-04-11,762.5,762.5,753,753,765
2007-04-13,762.5,762.5,750,750,2000
2007-04-20,757.5,757.5,746,746,200
2007-04-30,757.5,787.5,757.5,777.5,2300
2007-05-02,787.5,797.5,787.5,797.5,120
2007-05-08,777.5,782,772.5,782,10
2007-05-10,777.5,777.5,760,760,40000
2007-05-11,767.5,767.5,750,750,2012
2007-05-14,752.5,755,752.5,755,10000
2007-05-15,752.5,754.5,747.5,754.5,750
2007-05-16,747.5,754.5,747.5,754.5,126
2007-05-18,747.5,757,747.5,757,250
2007-05-21,752.5,752.5,747.5,750,6200
2007-05-22,747.5,747.5,745,745,2500
2007-05-23,747.5,747.5,745,745,2000
2007-05-24,747.5,747.5,747.5,747.5,5000
2007-05-25,747.5,747.5,737.5,740,10500
2007-05-29,737.5,747.5,737.5,747.5,264
2007-05-30,742.5,752.5,732.5,732.5,433
2007-06-04,752.5,767,752.5,767,250
2007-06-05,757.5,770,757.5,770,1500
2007-06-07,760,767,760,767,13
2007-06-19,747.5,747.5,737,737,1000
2007-06-25,745,747,737.5,747,250
2007-06-27,745,747.5,738,738,100
2007-07-02,747.5,755,747.5,755,3074
2007-07-03,747.5,753,742.5,753,1400
2007-07-04,745,755,745,755,15000
2007-07-05,752.5,762,752.5,762,13
2007-07-12,762.5,762.5,751.5,751.5,2080
2007-07-13,762.5,777.5,762.5,772,1000
2007-07-17,772.5,772.5,760,760,1500
2007-07-19,767.5,786.25,767.5,786.25,3150
2007-07-25,770,770,757,757,1590
2007-07-27,757.5,757.5,740,740,2500
2007-07-30,747.5,747.5,735,735,400
2007-07-31,747.5,757,747.5,757,3110
2007-08-02,750,757.5,750,750,10300
2007-08-07,757.5,767,757.5,767,13
2007-08-08,757.5,772.6,757.5,772.6,1078
2007-08-10,762.5,762.5,751.5,751.5,1000
2007-08-13,757.5,757.5,757.5,757.5,35322
2007-08-16,757.5,767,757.5,767,100
2007-08-17,757.5,757.5,735,735,1500
2007-08-22,752.5,755,735,735,2000
2007-08-23,752.5,765,752.5,765,3750
2007-08-24,762.5,802.5,762.5,790,5700
2007-08-28,802.5,832.5,802.5,818,4750
2007-08-29,815,820,807.5,820,100
2007-08-30,807.5,827.5,807.5,820,2000
2007-08-31,827.5,857.5,827.5,840,3000
2007-09-03,847.5,867.5,847.5,860,1500
2007-09-04,862.5,865,852.5,865,3083
2007-09-05,852.5,852.5,848,848,200
2007-09-06,852.5,852.5,848,848,768
2007-09-07,852.5,852.5,848,848,1000
2007-09-10,850,850,848,848,126
2007-09-11,850,867.5,850,860,350
2007-09-13,867.5,878.5,867.5,878.5,17
2007-09-14,867.5,870,866.4,866.4,2400
2007-09-17,870,870,858,858,3524
2007-09-20,867.5,867.5,858.1,858.1,1100
2007-09-21,867.5,867.5,865,865,15000
2007-09-24,867.5,875,867.5,875,825
2007-09-25,867.5,867.5,847.5,851,2000
2007-09-26,847.5,850,847.5,850,6000
2007-09-27,847.5,856.9,847.5,856.9,1207
2007-09-28,847.5,847.5,838,838,2000
2007-10-01,842.5,854.45,842.5,854.45,173
2007-10-02,842.5,855,842.5,855,2000
2007-10-03,845,845,838.1,838.1,17
2007-10-05,847.5,859.45,847.5,859.45,12
2007-10-10,860,862.5,848,853.1,4239
2007-10-11,862.5,862.5,857,857,1000
2007-10-12,862.5,862.5,857,857,500
2007-10-22,862.5,862.5,842.5,852.5,5500
2007-10-25,852.5,852.5,842.5,842.5,2000
2007-10-26,842.5,857.5,842.5,857.5,1200
2007-10-29,857.5,873,857.5,869,1750
2007-10-30,869,891.5,869,891.5,2600
2007-10-31,891.5,912.5,891.5,912.5,353
2007-11-01,920,935,920,932.5,3500
2007-11-02,932.5,932.5,925,930,2957
2007-11-05,930,945,930,942.5,606
2007-11-07,942.5,942.5,930,932.5,1386
2007-11-08,927.5,935,905,930,2183
2007-11-12,930,930,925,927.5,2647
2007-11-13,927.5,930,927.5,927.5,5
2007-11-14,927.5,940,927.5,940,1000
2007-11-15,940,940,930,937.5,3710
2007-11-16,937.5,937.5,935,937.5,130
2007-11-19,937.5,937.5,915,917.5,3560
2007-11-21,912.5,912.5,887.5,890,3900
2007-11-22,890,890,875,875,240
2007-11-26,875,875,865,867.5,2000
2007-11-27,867.5,870,867.5,867.5,37
2007-11-28,867.5,870,867.5,867.5,60
2007-11-30,870,870,870,870,574
2007-12-03,870,890,870,890,1000
2007-12-04,890,905,890,900,2164
2007-12-05,900,920,900,920,1440
2007-12-06,920,977.5,920,945,5037
2007-12-07,945,950,945,945,408
2007-12-10,945,945,940,940,250
2007-12-14,940,940,935,935,1000
2007-12-18,935,937.5,930,930,1780
2007-12-21,930,965,930,960,7581
2007-12-24,960,1003,960,1003,2800
2007-12-27,1003,1005,997.5,997.5,207
2007-12-28,997.5,997.5,992.5,992.5,1150
2007-12-31,992.5,1015,992.5,1013,3900
2008-01-02,1015,1015,1010,1015,250
2008-01-04,1015,1025,1015,1025,1000
2008-01-08,1025,1053,1025,1052,900
2008-01-09,1048,1048,1040,1043,4166
2008-01-10,1043,1050,1043,1050,1090
2008-01-11,1050,1050,992,1030,1759
2008-01-14,1030,1048,1030,1045,270
2008-01-16,1025,1025,1000,1025,2500
2008-01-18,1000,1000,998.1,998.1,499
2008-01-21,985,1000,974.45,979.45,3000
2008-01-22,970,970,955,955,250
2008-01-23,970,972.5,964.45,964.45,211
2008-01-24,1000,1010,1000,1010,850
2008-01-25,1040,1065,1040,1065,1300
2008-02-04,1065,1075,1065,1075,1272
2008-02-05,1070,1095,1070,1070.8,1256
2008-02-06,1070,1090,1060.8,1090,1265
2008-02-07,1078,1095,1060,1060,3540
2008-02-08,1075,1090,1060,1071.4,1602
2008-02-11,1060,1071.4,1050,1050,1975
2008-02-12,1060,1082,1054,1082,5050
2008-02-13,1075,1086.4,1075,1086.4,21
2008-02-15,1075,1086.3,1063.9,1086.3,132
2008-02-18,1075,1075,1060,1060,750
2008-02-19,1075,1085,1073,1084.75,961
2008-02-22,1070,1084,1070,1084,250
2008-02-25,1070,1084,1060,1060,2521
2008-02-26,1078,1080,1065,1065,250
2008-02-28,1080,1083,1050,1083,1755
2008-02-29,1070,1082.4,1070,1082.4,791
2008-03-03,1080,1095,1080,1092.4,5612
2008-03-04,1080,1105,1070,1070,3478
2008-03-05,1104.05,1146.5,1104.05,1120,14417
2008-03-07,1115,1125,1093.75,1120,3077
2008-03-10,1125,1175,1125,1175,4345
2008-03-11,1153,1175,1140,1153.7,6162
2008-03-12,1150,1172,1150,1150,7199
2008-03-13,1160,1166.1,1145,1166.1,5937
2008-03-14,1155,1170,1155,1169.8,574
2008-03-17,1155,1157,1110,1110,2923
2008-03-18,1105,1105,1098.5,1098.5,231
2008-03-19,1105,1105,1090,1090.2,53
2008-03-20,1094,1094,1065,1086,3610
2008-03-25,1080,1089.6,1050,1050,4062
2008-03-26,1065,1069.6,1058,1069.6,840
2008-03-27,1058,1065.5,1058,1065.5,1120
2008-03-28,1058,1100,1046,1100,5825
2008-03-31,1110,1120,1110,1115,1500
2008-04-02,1105,1105,1096.8,1096.8,89
2008-04-03,1105,1110,1095,1100,1255
2008-04-04,1100,1100,1092,1092,3080
2008-04-07,1099,1099,1080,1080,3833
2008-04-08,1097,1097,1080,1097,1404
2008-04-11,1095,1104.6,1095,1104.6,89
2008-04-14,1098,1104.6,1098,1104.6,650
2008-04-15,1098,1110,1093,1110,895
2008-04-17,1078,1078,1070,1070,1000
2008-04-18,1078,1078,1078,1078,1500
2008-04-21,1084.75,1106.5,1084.75,1106.5,3948
2008-04-22,1108,1117.5,1108,1117.5,269
2008-04-23,1108,1117.5,1108,1117.5,470
2008-04-24,1123,1131,1123,1130,700
2008-04-25,1123,1130,1112.5,1120,350
2008-04-28,1125,1125,1110,1110,6750
2008-04-29,1125,1125,1110,1110,314
2008-04-30,1125,1150,1111,1150,2101
2008-05-02,1136.9,1150,1136.9,1136.9,260
2008-05-06,1153,1190,1153,1153,7270
2008-05-07,1184.8,1220,1184.8,1220,4550
2008-05-08,1200,1290,1162,1162,7424
2008-05-09,1290,1330,1280,1280,7636
2008-05-12,1305,1370,1280,1370,2169
2008-05-13,1345,1410,1275,1275,2565
2008-05-14,1370,1370,1285,1285,8767
2008-05-15,1353,1355,1320,1325,2552
2008-05-16,1335,1335,1335,1335,182
2008-05-19,1360,1400,1360,1400,734
2008-05-20,1400,1400,1370,1400,547
2008-05-21,1390,1410,1390,1410,1300
2008-05-23,1390,1412,1390,1412,323
2008-05-28,1370,1370,1365,1365,438
2008-05-29,1350,1350,1276,1276,4041
2008-05-30,1275,1275,1265,1274,4316
2008-06-02,1274,1285,1274,1274,150
2008-06-03,1295,1320,1295,1320,600
2008-06-05,1295,1309,1270,1270,1007
2008-06-09,1288,1300,1265,1290.1,1488
2008-06-11,1265,1265,1235,1251.2,1404
2008-06-12,1220,1220,1160,1214,2553
2008-06-13,1200,1200,1170,1170,1145
2008-06-17,1188,1205,1165,1165,1900
2008-06-18,1195,1200,1195,1200,500
2008-06-20,1195,1195,1180,1180,250
2008-06-23,1180,1180,1160,1160,200
2008-06-24,1175,1175,1160,1160,500
2008-06-25,1175,1175,1150,1150,426
2008-06-26,1165,1165,1150,1150,600
2008-06-27,1160,1160,1140,1140,1000
2008-06-30,1160,1160,1140,1140,350
2008-07-01,1160,1160,1140,1140,144
2008-07-02,1140,1140,1050,1090,2251
2008-07-03,950,950,920,920,3362
2008-07-04,950,965,865,880,2364
2008-07-07,850,850,768.6,850,10459
2008-07-08,845,870,825.1,825.1,347
2008-07-09,840,840,820,840,631
2008-07-11,790,790,766,766,972
2008-07-14,790,790,766,766,193
2008-07-15,775,775,756,775,5500
2008-07-16,790,799,790,799,68
2008-07-17,780,780,780,780,715
2008-07-18,790,809,790,809,534
2008-07-21,815,834,815,825,5050
2008-07-22,849,899,849,895,539
2008-07-23,875,912,855,912,1321
2008-07-24,905,920,905,920,500
2008-07-28,1023,1023,1023,1023,7029
2008-07-29,1023,1050,1002,1048,809
2008-07-30,1025,1100,1004,1100,7357
2008-08-01,1054,1054,1000,1000,1969
2008-08-04,995,995,975,975,390
2008-08-05,995,995,970,970,111
2008-08-06,1021,1060,1021,1060,1514
2008-08-07,1055,1100,1055,1078,1618
2008-08-11,1105,1150,1105,1150,1365
2008-08-12,1125,1125,1125,1125,230
2008-08-15,1130,1130,1125,1125,1000
2008-08-18,1125,1149,1100,1149,172
2008-08-22,1110,1125,1110,1110,500
2008-08-26,1125,1250,1105,1175,8002
2008-08-27,1225,1225,1155,1155,2560
2008-08-28,1150,1150,1140,1140,500
2008-08-29,1150,1150,1125,1125,1000
2008-09-01,1150,1250,1128,1175,3403
2008-09-02,1253,1275,1225,1225,1964
2008-09-03,1205,1205,1165,1205,100
2008-09-04,1150,1150,1138,1150,900
2008-09-05,1125,1125,1100,1100,235
2008-09-09,1175,1225,1175,1185,2250
2008-09-10,1175,1175,1150,1150,1000
2008-09-12,1175,1175,1150,1150,1000
2008-09-15,1100,1100,987.5,987.5,6462
2008-09-16,987.5,1013,975,975,6000
2008-09-17,1018,1030,1018,1030,1500
2008-09-18,1018,1030,1018,1030,3500
2008-09-19,1055,1073,1055,1055,500
2008-09-23,1100,1160,1100,1100,3600
2008-09-25,1070,1070,1050,1050,500
2008-09-29,1040,1040,925,975,3434
2008-10-02,990,1013,990,995,950
2008-10-07,920,920,900,920,2500
2008-10-08,887.5,920,850,850,1473
2008-10-10,845,845,787.5,790,2000
2008-10-13,837.5,875,837.5,875,1000
2008-10-14,837.5,887.5,825,825,6329
2008-10-15,890,925,890,925,1600
2008-10-17,837.5,837.5,800,800,1574
2008-10-20,812.5,812.5,778,778,573
2008-10-21,812.5,812.5,750,790,5000
2008-10-22,812.5,812.5,790,790,1000
2008-10-28,812.5,840,812.5,840,600
2008-10-30,838,857.5,838,838,2350
2008-10-31,860,887.5,860,860,920
2008-11-03,887.5,897.5,881,881,4
2008-11-04,897.5,925,881,881,76
2008-11-05,935,1000,935,950,2200
2008-11-06,975,975,940,975,2000
2008-11-10,980,1025,980,980,750
2008-11-11,987.5,1024,980,1000,1370
2008-11-12,987.5,987.5,987.5,987.5,1500
2008-11-14,1008,1008,1008,1008,500
2008-11-18,950,950,925,925,732
2008-11-19,962.5,990,962.5,990,501
2008-11-20,962.5,962.5,925,925,500
2008-11-21,912.5,912.5,900,900,1050
2008-11-24,912.5,912.5,912.5,912.5,1000
2008-11-26,912.5,1025,901,901,24397
2008-11-27,1000,1000,975,975,2000
2008-11-28,1005,1025,1005,1025,12050
2008-12-01,1013,1013,1000,1000,800
2008-12-04,987.5,987.5,950,950,800
2008-12-05,962.5,962.5,925,935,1454
2008-12-08,962.5,962.5,925,935,2000
2008-12-10,962.5,962.5,925,925,4250
2008-12-11,1000,1025,1000,1000,2000
2008-12-12,1013,1035,950,950,822
2008-12-15,1013,1040,975,975,8050
2008-12-17,1050,1063,1050,1063,16529
2008-12-18,1101,1160,1101,1160,36454
2008-12-19,1130,1135,1100,1120,40689
2008-12-22,1100,1120,1075,1100,30579
2008-12-23,1100,1100,1100,1100,2501
2008-12-24,1075,1075,1044,1044,3500
2008-12-29,1099,1099,1075,1075,2508
2008-12-30,1100,1100,1100,1100,6
2008-12-31,1105,1105,1105,1105,31
2009-01-02,1095,1095,1095,1095,7
2009-01-05,1080,1100,1054.5,1070,56168
2009-01-06,1090,1090,1068,1068,859
2009-01-07,1045,1073,1045,1045,10004
2009-01-08,1078,1078,1045,1075,8362
2009-01-09,1065,1065,1065,1065,4580
2009-01-12,1040,1040,1040,1040,500
2009-01-13,1030,1030,1020,1029,4757
2009-01-14,1000,1038,1000,1010,31756
2009-01-15,1000,1006,980,980,2004
2009-01-16,980,980,970,970,229
2009-01-19,950,970,950,950,4000
2009-01-20,900,925,900,900,1748
2009-01-23,860,870,835,865,6671
2009-01-26,850,880,850,865,4087
2009-01-29,880,883.75,845,883.75,1984
2009-02-02,850,850,850,850,100
2009-02-03,883.75,883.75,883.75,883.75,1
2009-02-04,895,895,895,895,230
2009-02-09,852,852,852,852,500
2009-02-12,862,862,862,862,500
2009-02-17,873,897,873,897,552
2009-02-19,892.5,892.5,892.5,892.5,250
2009-02-20,850,850,850,850,1000
2009-02-23,872.5,872.5,872.5,872.5,156
2009-02-25,900,900,900,900,5
2009-03-02,832,832,832,832,42
2009-03-03,855,855,785,785,3918
2009-03-04,789,807.5,789,789,250
2009-03-05,770,770,730,730,6579
2009-03-06,725,725,720,720,1350
2009-03-09,750,750,750,750,1000
2009-03-11,710,710,700,710,2625
2009-03-16,682,700,682,700,900
2009-03-17,702,702,702,702,185
2009-03-20,759,759,757.5,757.5,1944
2009-03-24,722,722,722,722,300
2009-03-26,720,720,720,720,1000
2009-03-30,750,750,750,750,2500
2009-03-31,762,762,762,762,150
2009-04-02,770,770,755,770,3425
2009-04-08,780,780,780,780,800
2009-04-09,770,797,770,797,1125
2009-04-14,800,800,800,800,300
2009-04-15,825,900,825,900,3799
2009-04-20,913.5,913.5,913.5,913.5,84
2009-04-21,913.5,913.5,913.5,913.5,100
2009-04-23,970,970,970,970,10
2009-04-24,950,950,950,950,16
2009-04-28,910,965,900,900,3184
2009-04-29,895,895,895,895,42
2009-05-01,895,895,865,865,1765
2009-05-06,850,890,850,890,2000
2009-05-07,850,855,850,855,1400
2009-05-08,870,870,870,870,250
2009-05-11,920,920,853.5,900,5079
2009-05-12,870,870,870,870,1000
2009-05-13,860,860,860,860,500
2009-05-14,920,920,920,920,6
2009-05-19,860,865,830,865,14450
2009-05-21,833,833,833,833,100
2009-05-22,880,880,880,880,1500
2009-05-26,880.7,880.7,880.7,880.7,240
2009-05-27,895,895,895,895,1108
2009-05-28,879.6,879.6,879.6,879.6,20
2009-05-29,875,875,875,875,8
2009-06-01,830,830,830,830,100
2009-06-02,833,865.1,833,865.1,1623
2009-06-04,850,852.75,850,852.75,2500
2009-06-05,875,905,875,905,1300
2009-06-08,925,1040,910,1040,9647
2009-06-09,1045,1045,1045,1045,250
2009-06-10,1070,1175,1052.5,1130,11626
2009-06-11,1166,1245,1166,1235,16942
2009-06-12,1210,1210,1050,1140,22943
2009-06-15,1125,1145,1125,1145,1
2009-06-16,1100,1120,1100,1120,549
2009-06-17,1150,1150,1077,1100,2773
2009-06-19,1100,1120,1100,1120,503
2009-06-22,1100,1100,1100,1100,123
2009-06-23,1050,1060,1012,1060,5490
2009-06-25,1060,1079.15,1060,1060,1000
2009-06-26,1030,1060,1030,1060,770
2009-06-29,1075,1075,1075,1075,1
2009-06-30,1070,1070,1070,1070,870
2009-07-02,1040,1040,990,990,4550
2009-07-03,1040,1050,1039,1050,2300
2009-07-07,1055,1099,1040,1040,471
2009-07-08,1050,1050,1025,1025,20
2009-07-09,1055,1055,1055,1055,50
2009-07-10,1040,1040,1040,1040,1000
2009-07-15,1060,1060,1025,1025,939
2009-07-16,1030,1040,1000,1000,1273
2009-07-17,1010,1019.7,1010,1019.7,350
2009-07-20,1040,1065,1040,1042,4005
2009-07-21,1065,1075,1065,1075,143
2009-07-22,1100,1124,1077,1124,2645
2009-07-23,1110,1175,1109,1175,1768
2009-07-24,1200,1200,1199,1200,505
2009-07-27,1200,1275,1184,1208,10524
2009-07-28,1260,1293,1225,1293,2700
2009-07-29,1225,1240,1220,1225,1428
2009-07-30,1203,1203,1203,1203,209
2009-07-31,1200,1200,1180,1180,2658
2009-08-03,1131,1205,1131,1205,1800
2009-08-04,1210,1245,1185,1185,736
2009-08-05,1250,1250,1152.5,1250,108
2009-08-06,1250,1250,1221.5,1250,291
2009-08-07,1157,1157,1157,1157,1000
2009-08-10,1245,1245,1245,1245,897
2009-08-11,1210,1245,1210,1245,169
2009-08-12,1245,1245,1200,1200,875
2009-08-13,1250,1250,1210,1210,104
2009-08-17,1200,1248,1175,1224.9,3148
2009-08-18,1254.9,1256.4,1201.5,1201.5,1615
2009-08-19,1205,1205,1205,1205,700
2009-08-20,1200,1200,1200,1200,1542
2009-08-21,1275,1350,1109,1109,18909
2009-08-24,1174,1180,1140,1165,6791
2009-08-25,1200,1200,1130.7,1130.7,755
2009-08-26,1130,1147,1130,1144,1800
2009-08-27,1194,1194,1194,1194,298
2009-08-28,1150,1150,1150,1150,67
2009-09-01,1127,1182.2,1122.25,1122.25,1143
2009-09-02,1125,1130,1110,1110,1375
2009-09-04,1160,1160,1160,1160,250
2009-09-08,1200,1200,1200,1200,83
2009-09-10,1126,1140.5,1124.7,1140.5,1386
2009-09-11,1155,1226,1150,1200,4599
2009-09-14,1210,1231,1190,1217.2,6439
2009-09-15,1200,1214.8,1200,1200,6666
2009-09-16,1200,1207.5,1180,1200,6920
2009-09-17,1175,1208,1175,1175,5412
2009-09-18,1210,1210,1177.1,1200.36,10214
2009-09-21,1200.36,1205.1,1177.1,1185,2811
2009-09-22,1198.8,1201.25,1198.8,1200,1106
2009-09-23,1175,1199.5,1153.6,1153.6,816
2009-09-24,1150,1175,1150,1175,5481
2009-09-25,1150,1172.5,1130,1130,3400
2009-09-28,1100,1168,1100,1135,2371
2009-09-29,1154,1167.5,1154,1161.2,2073
2009-09-30,1150,1150,1150,1150,9
2009-10-02,1104.08,1117,1104.08,1117,578
2009-10-05,1130,1130,1063.5,1110,2445
2009-10-06,1117.5,1117.5,1100,1110,1316
2009-10-07,1050,1050,1050,1050,1000
2009-10-08,1073,1102.5,1025,1030,6062
2009-10-09,1070,1086.25,1045,1060,6395
2009-10-12,1070,1100,1025,1100,4376
2009-10-13,1090,1097.6,1072,1072,1759
2009-10-14,1075,1100,1031,1100,10695
2009-10-15,1050,1071,1030,1050,1884
2009-10-19,1071.9,1072.8,1042.4,1042.4,41
2009-10-20,1037.7,1037.7,1037.7,1037.7,58
2009-10-21,1072.8,1072.8,1040,1040,1277
2009-10-22,1035,1041,980,1041,3438
2009-10-26,1000,1003,1000,1000,1042
2009-10-28,1010,1045,979.5,979.5,2712
2009-10-29,1000,1048,1000,1000,16583
2009-10-30,1047,1050,1047,1047,1670
2009-11-02,1000,1000,1000,1000,650
2009-11-03,1075,1075,1074,1074,873
2009-11-04,1075,1075,1065,1070,3771
2009-11-05,1088.6,1088.6,1034,1034,435
2009-11-09,1015,1080,1001,1001,554
2009-11-10,1000,1073.5,1000,1000,76
2009-11-11,1070,1070,1035,1035,3740
2009-11-12,1068.6,1068.6,1050,1050,600
2009-11-13,1047,1047,1047,1047,102
2009-11-16,1070,1070,1060,1060,3264
2009-11-17,1075,1150,1075,1150,9906
2009-11-18,1135,1149,1135,1135,561
2009-11-19,1117.143,1117.143,1117.14,1117.143,185
2009-11-20,1125,1139.2,1124.5,1139.2,397
2009-11-23,1139,1139,1113.71,1139,841
2009-11-24,1100,1185,1100,1185,9368
2009-11-25,1190,1190,1190,1190,90
2009-11-26,1200,1200,1175,1175,4179
2009-11-27,1121,1150,1080.8,1097,1678
2009-11-30,1100,1125,1070,1125,1355
2009-12-01,1100,1125,1098.64,1110,1365
2009-12-02,1075,1125,1075,1125,3258
2009-12-03,1125,1130,1119.06,1130,1070
2009-12-04,1125,1125,1109.96,1125,192
2009-12-07,1100,1110.699,1100,1100,14
2009-12-09,1031,1050,975,1023,2810
2009-12-10,993.751,993.751,993.75,993.751,15
2009-12-14,999,999,999,999,100
2009-12-15,1000,1035,980,1035,6328
2009-12-16,1015,1015,985.77,985.772,1055
2009-12-17,1007,1007,1007,1007,558
2009-12-18,975,1000,975,1000,800
2009-12-21,1048,1075,1040,1040,4400
2009-12-22,1040,1058.12,1000,1001,8615
2009-12-23,1000,1000,1000,1000,1126
2009-12-29,1038,1038,1038,1038,431
2009-12-30,1069,1070,1069,1070,750
2009-12-31,1072.6,1074,1022.939,1022.939,907
2010-01-04,1095,1097.857,1058.98,1058.98,3458
2010-01-05,1120,1138,1120,1138,1400
2010-01-06,1125,1125,1100,1115,1401
2010-01-07,1118,1118,1118,1118,207
2010-01-08,1100,1100,1090,1090,2000
2010-01-11,1084.5,1125,1080,1125,1638
2010-01-12,1118,1118,1118,1118,2125
2010-01-13,1145,1145,1102.5,1136,892
2010-01-14,1100,1100,1100,1100,44
2010-01-15,1100,1126.1,1100,1100,655
2010-01-18,1130,1155,1110,1125,7800
2010-01-19,1131,1136.2,1126.45,1131,450
2010-01-20,1100,1144,1100,1143,855
2010-01-21,1125,1174,1115,1115,1153
2010-01-22,1167.5,1167.5,1140,1140,351
2010-01-26,1133.6,1133.6,1116.96,1116.96,286
2010-01-27,1125,1142,1100,1100,2695
2010-01-28,1100,1101,1090,1090,1750
2010-02-02,1099,1166.6,1095,1166.6,3919
2010-02-03,1110,1174,1110,1174,1359
2010-02-05,1174,1175,1121,1126,2061
2010-02-08,1174.92,1174.92,1101,1101,495
2010-02-09,1125,1125,1125,1125,182
2010-02-10,1145,1175.6,1102,1102,1216
2010-02-11,1103.19,1130,1103.19,1130,870
2010-02-12,1106,1106,1106,1106,250
2010-02-15,1100,1163,1100,1100,307
2010-02-16,1160,1160,1160,1160,86
2010-02-17,1140,1140,1130,1130,1000
2010-02-19,1174.101,1174.101,1108,1108,418
2010-02-22,1110,1110,1110,1110,1000
2010-02-23,1150,1150,1110,1110,2100
2010-02-25,1134,1175,1134,1170,20146
2010-02-26,1150,1150,1147,1150,1000
2010-03-03,1150,1190.25,1110,1110,1079
2010-03-08,1196,1196,1191.5,1191.5,1459
2010-03-09,1200,1207.5,1200,1207.5,3040
2010-03-10,1195,1200,1170,1170,2688
2010-03-11,1160,1160,1155,1155,1859
2010-03-12,1200,1200,1146,1146,2473
2010-03-15,1200,1200,1175,1175,334
2010-03-16,1190,1220,1179.5,1190,2594
2010-03-18,1190,1220,1190,1220,2100
2010-03-19,1220,1220,1193,1220,1283
2010-03-22,1200,1205,1190,1205,2600
2010-03-23,1200,1220,1200,1200,1641
2010-03-24,1220,1220,1150,1190,27743
2010-03-25,1148,1148,1148,1148,493
2010-03-26,1143.2,1143.2,1143.2,1143.2,875
2010-03-29,1146,1163.75,1146,1163.75,3000
2010-03-30,1175,1208.75,1175,1197.75,3519
2010-03-31,1160,1202.5,1160,1160,3352
2010-04-01,1180,1211,1176.14,1211,988
2010-04-06,1167.5,1208.429,1152.5,1152.5,940
2010-04-07,1125,1215,1125,1125,856
2010-04-09,1185,1185,1185,1185,18
2010-04-13,1167.5,1167.5,1167.5,1167.5,277
2010-04-14,1220,1220.133,1152,1152,2477
2010-04-15,1220,1220,1220,1220,250
2010-04-16,1220,1220,1167.5,1167.5,900
2010-04-19,1143.75,1162.5,1143.75,1162.5,548
2010-04-20,1220,1220,1160,1160,1040
2010-04-21,1152.5,1152.5,1152.5,1152.5,397
2010-04-22,1130,1152,1130,1130,368
2010-04-23,1130,1154.2,1130,1154.2,3421
2010-04-26,1200,1200,1187,1200,552
2010-04-27,1151,1202.5,1151,1180,1770
2010-04-28,1175,1175,1175,1175,150
2010-04-29,1150,1200,1150,1200,801
2010-04-30,1175,1175,1175,1175,625
2010-05-04,1163.15,1163.15,1163.15,1163.15,225
2010-05-05,1175,1175,1139.48,1175,1464
2010-05-06,1200,1200,1200,1200,21
2010-05-07,1169,1207,1131.65,1193,3963
2010-05-10,1220,1220,1220,1220,13
2010-05-11,1167.5,1167.5,1167.5,1167.5,225
2010-05-12,1215,1215,1197.5,1197.5,704
2010-05-17,1220,1220,1210,1216,5007
2010-05-18,1165,1214,1125,1125,13948
2010-05-20,1174.5,1174.5,1174.5,1174.5,83
2010-05-21,1133.5,1133.5,1133.5,1133.5,100
2010-05-24,1190,1190,1131.69,1190,345
2010-05-26,1150,1150,1137.9,1137.9,5400
2010-05-28,1172,1172,1172,1172,120
2010-06-01,1186.2,1202.2,1186.2,1202.2,1245
2010-06-02,1135.85,1135.85,1135.85,1135.85,910
2010-06-03,1180,1206,1180,1206,1504
2010-06-04,1150.7,1160,1150.7,1160,4133
2010-06-07,1190,1190,1179.9,1179.9,595
2010-06-08,1131,1164,1131,1150,63363
2010-06-09,1125.7,1125.7,1125.7,1125.7,380
2010-06-15,1140,1140,1140,1140,500
2010-06-17,1150,1200.44,1150,1150,697
2010-06-18,1175,1190,1175,1175,923
2010-06-21,1150,1150,1150,1150,500
2010-06-22,1130,1130,1130,1130,490
2010-06-24,1150,1150,1125.7,1150,739
2010-06-28,1140.55,1140.55,1140.55,1140.55,88
2010-06-29,1125,1150,1100,1150,3119
2010-07-01,1100.7,1100.7,1100.7,1100.7,226
2010-07-02,1125,1125,1100,1100,2826
2010-07-06,1100.95,1100.95,1100.95,1100.95,228
2010-07-09,1190,1190,1190,1190,23
2010-07-12,1150,1177.5,1150,1150,1424
2010-07-13,1130.65,1130.65,1130.65,1130.65,100
2010-07-15,1195,1195,1195,1195,15
2010-07-16,1130.65,1130.65,1130.65,1130.65,102
2010-07-19,1130,1150,1100,1150,14500
2010-07-22,1102,1175.05,1102,1102,308
2010-07-23,1125,1140,1125,1140,1584
2010-07-27,1100,1137.5,1100,1125,3750
2010-07-28,1100,1100,1100,1100,1765
2010-07-30,1125,1125,1125,1125,2500
2010-08-02,1160,1160,1125,1125,1525
2010-08-03,1125,1125,1125,1125,600
2010-08-04,1100,1100,1100,1100,150
2010-08-05,1125,1165,1125,1165,1675
2010-08-06,1120.8,1130,1120.8,1130,542
2010-08-10,1160,1160,1150,1150,690
2010-08-11,1120,1141.25,1115,1115,1911
2010-08-12,1175,1175,1175,1175,615
2010-08-13,1188,1215,1188,1215,1385
2010-08-16,1190,1190,1180,1190,1473
2010-08-17,1178,1178,1178,1178,87
2010-08-18,1184,1210,1180,1180,3269
2010-08-19,1213,1213,1213,1213,120
2010-08-20,1190,1249.25,1190,1225.25,719
2010-08-23,1250,1250,1198.5,1250,2501
2010-08-25,1232.75,1232.75,1232.75,1232.75,21
2010-08-26,1220,1229.75,1205,1229.75,2442
2010-08-27,1225.5,1225.5,1225.5,1225.5,500
2010-08-31,1242.5,1242.5,1220,1220,1598
2010-09-02,1220,1234,1200,1234,2895
2010-09-03,1268,1268,1268,1268,1494
2010-09-06,1268,1268,1268,1268,150
2010-09-07,1271.75,1271.75,1271.75,1271.75,171
2010-09-08,1263.25,1263.25,1225,1225,2043
2010-09-09,1225,1263.25,1225,1225,1996
2010-09-10,1300,1300,1250,1250,1109
2010-09-13,1250,1288.75,1225,1288.75,2500
2010-09-14,1227,1280.25,1227,1227,420
2010-09-15,1250,1270,1200,1230,4134
2010-09-16,1263,1263,1263,1263,500
2010-09-17,1200,1285,1182,1182,1581
2010-09-20,1190,1190,1180.1,1188.5,3622
2010-09-21,1185,1185,1180,1185,6763
2010-09-22,1185,1185,1180,1185,7283
2010-09-23,1185,1185,1181.6,1185,12546
2010-09-24,1212,1212,1175,1175,3400
2010-09-27,1185,1230,1184,1230,4728
2010-09-28,1216,1256,1216,1256,1200
2010-09-29,1200,1222.4,1200,1200,800
2010-09-30,1202,1202,1202,1202,1676
2010-10-01,1251,1251,1185,1250,381
2010-10-04,1270,1275,1256,1256,1200
2010-10-05,1200,1236,1200,1236,1239
2010-10-06,1200,1200,1185.4,1185.4,1375
2010-10-07,1180,1180,1180,1180,1000
2010-10-08,1253,1253,1200,1200,1400
2010-10-11,1200,1200,1200,1200,1500
2010-10-12,1250,1250,1206,1250,2826
2010-10-14,1200,1200,1200,1200,14500
2010-10-18,1257.6,1257.6,1257.6,1257.6,135
2010-10-19,1261,1261,1261,1261,200
2010-10-20,1245,1245,1245,1245,5
2010-10-21,1225,1241,1210,1210,2407
2010-10-22,1240,1240,1240,1240,36
2010-10-25,1230,1240,1225,1225,1098
2010-10-26,1230,1230,1225,1230,858
2010-10-27,1225,1225,1210,1210,1565
2010-10-29,1210,1210,1210,1210,266
2010-11-01,1210,1210,1190,1190,1266
2010-11-03,1215,1230,1215,1230,2500
2010-11-04,1220,1220,1220,1220,410
2010-11-08,1201,1201,1201,1201,100
2010-11-09,1203,1203,1203,1203,1000
2010-11-10,1210,1239.4,1210,1210,3356
2010-11-12,1239.4,1239.4,1239.4,1239.4,400
2010-11-15,1249.6,1249.6,1249.6,1249.6,474
2010-11-16,1230,1270,1200,1200,4107
2010-11-17,1230,1234.3,1194,1194,4555
2010-11-18,1209.5,1230,1209.5,1230,1850
2010-11-19,1200,1200,1200,1200,840
2010-11-23,1200,1200,1200,1200,1500
2010-11-25,1265,1290,1226,1290,8760
2010-11-26,1225,1225,1225,1225,2000
2010-11-29,1235,1235,1235,1235,500
2010-11-30,1238.7,1238.7,1238.7,1238.7,800
2010-12-01,1235,1235,1235,1235,490
2010-12-03,1235,1280,1218,1280,1564
2010-12-06,1280,1280,1211,1280,1290
2010-12-07,1190,1279.6,1190,1226,2557
2010-12-09,1273,1273,1268,1268,610
2010-12-10,1274.9,1274.9,1274.9,1274.9,500
2010-12-13,1280,1280,1280,1280,100
2010-12-14,1274.9,1274.9,1212,1212,1240
2010-12-15,1250,1278.2,1250,1278.2,1828
2010-12-16,1280,1282,1274.9,1282,915
2010-12-17,1290,1326,1284.6,1326,2192
2010-12-20,1320,1348.2,1320,1333.2,2916
2010-12-21,1320,1327.5,1295,1300,8624
2010-12-22,1275,1311.45,1250,1270,4858
2010-12-23,1288,1290.5,1288,1290.5,1751
2010-12-24,1290.5,1290.5,1290.5,1290.5,1300
2010-12-29,1255,1256,1255,1256,484
2011-01-04,1300,1330,1256,1300,3638
2011-01-05,1300,1300,1291.84,1300,2804
2011-01-06,1270,1320,1270,1270,6616
2011-01-07,1306.75,1306.75,1289,1289,510
2011-01-10,1305.29,1305.29,1305.29,1305.29,1028
2011-01-11,1311.5,1311.5,1311.5,1311.5,749
2011-01-12,1305.29,1311,1305.29,1311,287
2011-01-13,1307.72,1311.77,1307.72,1311.77,1261
2011-01-14,1307,1307,1306.1,1307,545
2011-01-17,1306.37,1306.37,1306.37,1306.37,532
2011-01-18,1306.91,1306.91,1306.64,1306.64,390
2011-01-21,1264,1264,1264,1264,185
2011-01-24,1275,1275,1275,1275,1000
2011-01-25,1292.17,1292.17,1292.17,1292.17,1000
2011-01-26,1300,1300,1300,1300,4001
2011-01-27,1314.5,1314.71,1314.5,1314.71,193
2011-01-28,1300,1300,1300,1300,8000
2011-01-31,1340,1340,1330.97,1340,26
2011-02-03,1301,1316,1300,1316,10440
2011-02-04,1345,1345,1345,1345,757
2011-02-07,1290,1315,1290,1315,56000
2011-02-09,1290,1290,1290,1290,1000
2011-02-10,1290,1290,1290,1290,500
2011-02-11,1333.45,1333.45,1333.45,1333.45,1500
2011-02-14,1290,1292,1290,1292,700
2011-02-16,1305,1305,1305,1305,500
2011-02-18,1333.45,1333.45,1305,1305,200
2011-02-22,1322.91,1322.91,1322.91,1322.91,350
2011-02-23,1310,1310,1310,1310,799
2011-03-01,1344,1344,1344,1344,127
2011-03-02,1320,1320,1320,1320,432
2011-03-04,1331.6,1333,1331.6,1333,725
2011-03-10,1300,1300,1290,1295,8800
2011-03-11,1300,1300,1300,1300,1450
2011-03-14,1300,1300,1300,1300,10000
2011-03-15,1290,1290,1290,1290,2800
2011-03-16,1288.8,1288.8,1259.62,1259.62,1850
2011-03-17,1279,1294,1279,1279,1450
2011-03-18,1300,1339,1300,1339,913
2011-03-21,1302,1302,1302,1302,1650
2011-03-22,1304.88,1304.88,1301,1301,125
2011-03-23,1320,1320,1320,1320,9
2011-03-25,1350,1350,1282,1350,6061
2011-03-28,1363,1375,1337,1375,3903
2011-03-29,1325,1360,1325,1360,2190
2011-03-30,1360.5,1360.5,1330,1350,2736
2011-03-31,1350,1375,1345,1355,872
2011-04-01,1360,1391,1350,1350,3780
2011-04-04,1330,1330,1330,1330,525
2011-04-05,1350,1358.4,1330,1350,5555
2011-04-07,1375,1375,1375,1375,484
2011-04-11,1330,1330,1330,1330,162
2011-04-12,1330,1330,1330,1330,600
2011-04-13,1334.5,1334.5,1334.5,1334.5,71
2011-04-14,1420,1422,1420,1422,2588
2011-04-15,1403,1420,1398.3,1400,4073
2011-04-18,1375,1375,1355,1355,1324
2011-04-19,1400,1400,1400,1400,3000
2011-04-20,1420,1420,1398.3,1420,916
2011-04-21,1366.2,1402.78,1366.2,1391,111
2011-04-26,1355,1388.5,1355,1388.5,1000
2011-04-27,1401.23,1401.23,1355,1400,1108
2011-04-28,1399.68,1399.68,1350,1355,22200
2011-05-03,1384.5,1384.5,1384.5,1384.5,100
2011-05-05,1344,1344,1325,1325,124
2011-05-06,1363,1402.966,1363,1365,410
2011-05-09,1365,1365,1365,1365,50
2011-05-10,1325,1375,1325,1375,10522
2011-05-11,1365,1365,1365,1365,641
2011-05-12,1365,1365,1365,1365,479
2011-05-13,1332.5,1332.5,1332.5,1332.5,84
2011-05-16,1340,1400,1340,1400,1505
2011-05-17,1326,1327,1325,1325,432
2011-05-18,1326,1326,1325,1325,18
2011-05-19,1326,1326,1325,1325,22
2011-05-23,1366,1366,1352,1352,1120
2011-05-24,1355,1355,1355,1355,83
2011-05-25,1350,1350,1350,1350,1662
2011-05-26,1350,1400,1350,1400,653
2011-05-27,1351,1400,1351,1400,2594
2011-05-31,1424,1450,1424,1450,1776
2011-06-01,1469,1500,1388.6,1475,2167
2011-06-02,1390,1390,1390,1390,160
2011-06-06,1475,1475,1475,1475,735
2011-06-07,1444.55,1444.55,1444.55,1444.55,13
2011-06-08,1391,1475,1391,1475,462
2011-06-13,1379,1379,1379,1379,12
2011-06-16,1388.4,1390,1388.4,1390,1075
2011-06-20,1378,1474,1378,1474,468
2011-06-21,1439,1439,1439,1439,271
2011-06-23,1393.46,1393.46,1393.46,1393.46,1000
2011-06-27,1455.54,1455.54,1455.54,1455.54,271
2011-06-28,1455.54,1455.54,1455.54,1455.54,532
2011-06-30,1449,1474,1449,1474,4
2011-07-01,1396,1458.96,1396,1458.96,2940
2011-07-05,1474,1474,1474,1474,7
2011-07-06,1473,1473,1473,1473,810
2011-07-07,1460.26,1460.26,1460.26,1460.26,43
2011-07-11,1386,1391,1386,1391,500
2011-07-12,1391,1391,1375,1375,1960
2011-07-15,1391,1391,1375,1375,4188
2011-07-18,1370,1370,1370,1370,113
2011-07-19,1360,1380,1360,1370,15533
2011-07-21,1350,1350,1350,1350,10
2011-07-28,1365,1365,1365,1365,90
2011-08-01,1353.7,1353.7,1353.7,1353.7,25
2011-08-02,1360,1440,1360,1440,1002
2011-08-04,1345,1345,1344,1344,1000
2011-08-05,1301,1336.9,1259,1300,2447
2011-08-08,1252,1252,1252,1252,2300
2011-08-09,1300,1319,1241,1315,828
2011-08-11,1290,1290,1290,1290,7
2011-08-12,1300,1320,1253,1318,2204
2011-08-15,1300,1320,1300,1320,3005
2011-08-16,1366,1366,1366,1366,3
2011-08-17,1317.32,1317.32,1317.32,1317.32,152
2011-08-18,1301,1301,1280,1280,3700
2011-08-19,1285,1360,1285,1360,11
2011-08-23,1325,1325,1325,1325,2
2011-08-24,1370,1370,1370,1370,7
2011-08-25,1325,1325,1291,1291,2403
2011-08-26,1250,1250,1104.789,1104.789,13510
2011-08-30,1100,1120,1050,1060,8017
2011-08-31,1130,1145,1070,1107.5,3740
2011-09-01,1085,1085,1085,1085,2087
2011-09-02,1093.5,1093.75,1092.242,1093.75,950
2011-09-05,1080,1080,1080,1080,1325
2011-09-06,1070,1070,1070,1070,1002
2011-09-07,1070,1070,1070,1070,2200
2011-09-08,1070,1070,1060,1060,1250
2011-09-13,1125,1125,1125,1125,8
2011-09-14,1100,1100,1100,1100,2200
2011-09-15,1101,1101,1101,1101,900
2011-09-16,1075,1085,1075,1085,10545
2011-09-19,1140,1140,1140,1140,185
2011-09-22,1075,1075,1075,1075,800
2011-09-23,1075,1075,1075,1075,1029
2011-09-26,1051,1051,1051,1051,150
2011-09-27,1120,1120,1120,1120,3
2011-09-28,1051,1051,1050,1050,3000
2011-09-30,1042,1079,1041,1041,2520
2011-10-03,1025,1055,1025,1055,5740
2011-10-04,1015,1050,1002.5,1002.5,672
2011-10-05,1030.89,1030.89,1030.89,1030.89,97
2011-10-06,1055.5,1055.5,1050,1050,778
2011-10-07,1030,1057.45,1020,1020,3183
2011-10-10,1020,1032.7,950,1032.7,3030
2011-10-12,1042.24,1042.24,1042.24,1042.24,400
2011-10-13,991,991,991,991,7
2011-10-14,1031,1054,1010,1030.89,6577
2011-10-17,1001,1042.95,1000,1024.65,1988
2011-10-18,985,1015.29,961,1015.29,6110
2011-10-19,962,962,962,962,2100
2011-10-20,1015.29,1015.29,961,961,19
2011-10-24,1036,1036,1036,1036,1000
2011-10-25,1039.5,1039.5,1000,1000,1097
2011-10-26,1018.4999,1018.5,1003.75,1018.4999,1500
2011-10-27,1025,1050,1025,1035,1912
2011-10-28,1050,1095,1050,1095,3430
2011-10-31,1052,1052,1052,1052,679
2011-11-01,1100,1100,1100,1100,4
2011-11-02,1098,1098,1054.9,1095,689
2011-11-04,1053.16,1053.16,1053.16,1053.16,250
2011-11-07,1095,1095,1095,1095,451
2011-11-09,1052,1052,1052,1052,1000
2011-11-10,1080,1080,1080,1080,773
2011-11-11,1060,1095,1050,1050,1119
2011-11-14,1050,1050,1025,1025,2354
2011-11-15,1060,1060,1060,1060,3
2011-11-16,1060,1060,1060,1060,74
2011-11-18,1050,1060,1050,1060,1885
2011-11-21,1030,1030,1025,1025,921
2011-11-22,1025,1060,1010,1010,6460
2011-11-23,1005,1005,1005,1005,4
2011-11-24,1007,1007,1005,1005,412
2011-11-25,1007,1049.2,1007,1049.2,289
2011-11-28,1005,1049,1005,1009,1702
2011-11-29,1049.2,1049.2,1030,1030,162
2011-11-30,1030,1030,1009,1030,406
2011-12-01,1030,1030,1030,1030,511
2011-12-02,1030,1033.8,1030,1030,424
2011-12-05,1013,1040,1010.001,1040,1624
2011-12-06,1045,1045,1005,1035,2082
2011-12-07,1005,1060,1005,1045,4392
2011-12-08,1005,1005,1005,1005,29
2011-12-09,1054,1054,1020,1020,671
2011-12-12,1057,1057,1035,1055,3592
2011-12-13,1070,1070,1070,1070,6203
2011-12-14,1100,1125,1081,1119,4732
2011-12-15,1090.964,1090.964,1090.964,1090.964,1084
2011-12-16,1120,1200,1120,1154,8194
2011-12-19,1160,1160,1076,1130,8497
2011-12-20,1150,1150,1070,1089.6,2409
2011-12-21,1150,1225,1136.24,1197.5,7651
2011-12-22,1199,1199,1199,1199,500
2011-12-23,1195,1195,1195,1195,35
2011-12-28,1195,1220,1195,1220,1003
2012-01-03,1220,1237.31,1220,1237.31,1096
2012-01-04,1207.5,1219,1200,1219,1309
2012-01-05,1190,1190,1190,1190,2360
2012-01-06,1190,1210,1190,1210,840
2012-01-09,1185,1185,1170,1185,1375
2012-01-10,1170,1198,1157.423,1157.4234,4610
2012-01-11,1179.9,1179.9,1141.52,1141.52,885
2012-01-12,1185,1190,1170,1190,1750
2012-01-13,1190,1190,1190,1190,4
2012-01-16,1190,1190,1190,1190,207
2012-01-17,1200,1219.8,1200,1205,3572
2012-01-18,1239.9,1244.5,1229,1244.5,728
2012-01-19,1250,1281.16,1237.998,1246.3728,1453
2012-01-20,1260,1260,1227,1227,208
2012-01-23,1225,1255.63,1225,1225,18
2012-01-26,1255.63,1255.63,1239.9,1239.9,873
2012-01-27,1273.75,1273.75,1273.75,1273.75,402
2012-01-31,1246.5,1280,1246.5,1280,75
2012-02-01,1264.75,1270,1260.909,1270,3046
2012-02-02,1215,1215,1215,1215,1250
2012-02-03,1214.37,1214.37,1214.37,1214.37,23
2012-02-06,1237.5,1237.5,1237.5,1237.5,166
2012-02-07,1270,1275,1245,1275,344
2012-02-08,1300,1318,1241.87,1280,2655
2012-02-09,1310,1350,1310,1350,252
2012-02-10,1316,1343.75,1316,1343.75,190
2012-02-14,1325,1325,1316.5,1325,639
2012-02-15,1321.88,1350,1321.88,1350,1238
2012-02-16,1325,1325,1325,1325,360
2012-02-17,1300,1350,1280,1280,4239
2012-02-20,1286.37,1292,1286.37,1292,236
2012-02-21,1291,1325,1291,1325,298
2012-02-22,1350,1350,1330,1330,475
2012-02-23,1330,1370,1322.4,1370,1749
2012-02-24,1330,1330,1330,1330,300
2012-02-27,1310,1310,1310,1310,47
2012-02-28,1310,1310,1310,1310,2931
2012-02-29,1320,1321.88,1301,1301,736
2012-03-01,1325,1332.487,1323.13,1325,1500
2012-03-02,1345,1345,1345,1345,73
2012-03-05,1370,1370,1325,1370,2824
2012-03-06,1350,1350,1332.036,1332.0364,2700
2012-03-07,1350,1350,1350,1350,14
2012-03-08,1320,1372.5,1320,1320,271
2012-03-09,1380,1430,1370,1420,5207
2012-03-12,1388.8,1425,1375.36,1425,657
2012-03-13,1382.738,1450,1382.738,1450,456
2012-03-14,1390,1425,1390,1390,921
2012-03-15,1425,1425,1425,1425,3
2012-03-16,1425,1425,1425,1425,7
2012-03-20,1365,1376,1356.8,1356.8,1087
2012-03-21,1410,1410,1410,1410,727
2012-03-22,1369,1425,1369,1425,716
2012-03-23,1405,1450,1405,1450,24
2012-03-26,1401,1401,1353.96,1370,334
2012-03-27,1401,1401,1352,1352,102
2012-03-28,1400,1406.25,1350,1350,2193
2012-03-29,1362,1397,1362,1397,985
2012-03-30,1430,1570,1415,1570,5895
2012-04-02,1490,1503.732,1481,1485,2257
2012-04-03,1471,1499,1471,1499,851
2012-04-04,1460,1475,1355,1355,1319
2012-04-05,1460,1460,1330,1333,2735
2012-04-10,1390,1390,1325,1325,1508
2012-04-12,1345,1345,1345,1345,442
2012-04-13,1350,1350,1350,1350,132
2012-04-16,1325,1350,1300,1350,538
2012-04-17,1305,1331.1,1305,1305,218
2012-04-18,1305,1305,1291,1291,1259
2012-04-19,1291,1291,1291,1291,8
2012-04-20,1333,1333,1330,1330,233
2012-04-23,1282,1324,1272,1275,5042
2012-04-24,1300,1300,1271,1271,214
2012-04-25,1300,1311.75,1292.14,1292.14,1782
2012-04-26,1300,1320,1290,1290,728
2012-04-27,1365,1365,1275,1365,2019
2012-04-30,1272.13,1287,1272.13,1287,1754
2012-05-01,1300.25,1310,1296.25,1296.25,472
2012-05-02,1309,1309,1260,1270,5846
2012-05-03,1261,1261,1261,1261,276
2012-05-04,1255,1295,1201,1201,6174
2012-05-08,1200,1218.211,1150,1200,8801
2012-05-09,1200,1200,1140,1175,4053
2012-05-10,1209,1209,1150,1150,2079
2012-05-11,1192,1210,1175,1210,2453
2012-05-14,1150,1150,1150,1150,91
2012-05-15,1200,1200,1170,1170,543
2012-05-16,1170,1195,1170,1175,1667
2012-05-17,1170,1197.5,1170,1170,858
2012-05-21,1150,1150,1150,1150,49
2012-05-22,1190,1200,1190,1197.5,439
2012-05-23,1170,1200,1170,1200,1714
2012-05-24,1200,1200,1200,1200,11
2012-05-25,1200,1200,1187.5,1200,532
2012-05-28,1180,1219.38,1180,1180,377
2012-05-29,1214.75,1216.6,1214.75,1216.6,925
2012-05-30,1205,1205,1205,1205,118
2012-05-31,1205,1219,1205,1205,737
2012-06-01,1225,1225,1205,1205,1174
2012-06-06,1205,1205,1205,1205,757
2012-06-07,1205,1219,1205,1205,4609
2012-06-08,1155,1182.5,1140,1140,3062
2012-06-11,1218.245,1225,1152.75,1225,1303
2012-06-13,1225,1230,1190,1195,904
2012-06-14,1230,1255,1155.2,1255,1373
2012-06-15,1250,1314,1200,1314,5902
2012-06-18,1280,1350,1275,1315,5040
2012-06-20,1350,1350,1350,1350,1
2012-06-21,1312.5,1312.5,1275,1275,4
2012-06-22,1284.37,1284.37,1284.37,1284.37,473
2012-06-27,1275,1275,1250,1250,1341
2012-06-28,1300,1300,1300,1300,5
2012-06-29,1280,1280,1280,1280,774
2012-07-02,1247,1259,1246,1247,612
2012-07-03,1285,1285,1245,1250,283
2012-07-04,1246,1288.641,1246,1265,1807
2012-07-05,1250,1280.5,1250,1250,104
2012-07-06,1250,1250,1246,1246,2212
2012-07-09,1246,1246,1246,1246,1001
2012-07-10,1245,1285,1245,1250,1019
2012-07-11,1250,1280,1250,1250,1647
2012-07-12,1250,1280,1230,1230,1680
2012-07-13,1245,1280,1230,1240,572
2012-07-16,1240,1260,1240,1240,523
2012-07-17,1240,1245,1225,1225,503
2012-07-18,1225,1235,1220,1230,2895
2012-07-19,1225,1235,1225,1225,1731
2012-07-20,1225,1230,1215,1215,837
2012-07-23,1215,1229.5,1215,1229.5,650
2012-07-24,1234,1272.5,1234,1259,2418
2012-07-25,1280,1280,1280,1280,12
2012-07-26,1290,1290,1290,1290,12
2012-07-27,1290,1358.13,1290,1335,14771
2012-07-30,1320,1327.5,1300,1325,2269
2012-07-31,1350,1350,1329,1340,71
2012-08-01,1350,1350,1290,1295,1578
2012-08-02,1300,1300,1275,1275,2133
2012-08-03,1300,1300,1300,1300,1400
2012-08-06,1349,1349,1349,1349,12
2012-08-07,1310,1315,1280,1280,782
2012-08-10,1315,1330,1315,1330,1254
2012-08-13,1300,1315,1265,1315,2665
2012-08-14,1330,1330,1260,1280,2638
2012-08-15,1310,1335,1280,1335,2954
2012-08-16,1335,1349,1335,1338.05,1593
2012-08-20,1300,1349,1300,1349,132
2012-08-21,1349,1349,1321.25,1349,559
2012-08-22,1300,1350,1300,1350,113
2012-08-23,1324,1324,1324,1324,11
2012-08-24,1281,1281,1281,1281,3
2012-08-28,1349,1349,1324,1349,881
2012-08-30,1347,1347,1347,1347,74
2012-08-31,1360,1360,1347,1347,1100
2012-09-03,1355,1365,1325,1325,2000
2012-09-04,1301,1363.9,1301,1301,1248
2012-09-05,1375,1375,1317.5,1365,714
2012-09-06,1305,1360,1305,1360,581
2012-09-07,1375,1375,1360,1374,540
2012-09-10,1375,1375,1375,1375,1
2012-09-11,1400,1490,1350,1490,14922
2012-09-12,1473,1474.12,1425,1425,4296
2012-09-13,1470,1470,1470,1470,19
2012-09-14,1500,1500,1460,1500,3151
2012-09-17,1470,1495,1463,1463,711
2012-09-18,1450,1455,1450,1455,106
2012-09-20,1470,1470,1435.32,1470,1454
2012-09-21,1470,1470,1425,1425,1102
2012-09-24,1470,1500,1450,1450,5817
2012-09-25,1475,1504,1475,1498.4,2077
2012-09-26,1515,1515,1485.4,1510,1326
2012-09-27,1529,1529,1480,1529,2716
2012-09-28,1529,1529,1510,1529,495
2012-10-01,1460,1529,1460,1529,518
2012-10-02,1529,1529,1460,1460,3489
2012-10-03,1450,1515,1450,1515,298
2012-10-04,1520,1520,1520,1520,47
2012-10-05,1470,1505,1470,1505,1350
2012-10-08,1495,1495,1460,1495,3848
2012-10-09,1508,1508,1495,1508,1630
2012-10-10,1493.1,1493.1,1488,1488,288
2012-10-11,1530,1530,1495.25,1530,2106
2012-10-12,1510,1510,1505,1505,245
2012-10-15,1517.5,1527.5,1505,1505,557
2012-10-16,1527,1531.2,1505,1515,711
2012-10-17,1527,1580,1515,1580,11323
2012-10-18,1580,1620,1580,1620,6179
2012-10-19,1620,1699.9,1620,1650,7473
2012-10-22,1660,1680,1635,1650,3795
2012-10-23,1675,1675,1630,1650,2068
2012-10-24,1670,1670,1670,1670,3
2012-10-25,1620,1645,1616,1645,512
2012-10-26,1650,1650,1612.5,1650,728
2012-10-30,1600,1600,1600,1600,1000
2012-10-31,1620,1620,1577,1615,1316
2012-11-01,1620,1624.46,1620,1624.46,148
2012-11-02,1613.75,1613.75,1575,1575,16
2012-11-06,1626.1,1630,1590,1621.1,1331
2012-11-07,1630,1630,1614,1630,262
2012-11-08,1620,1620,1575.24,1620,531
2012-11-09,1593.8445,1593.8445,1593.8445,1593.8445,32
2012-11-12,1638.24,1650,1593.9077,1650,454
2012-11-13,1638.75,1643.7,1610,1611,1515
2012-11-15,1650,1650,1650,1650,37
2012-11-16,1642.5,1650,1622.4819,1650,272
2012-11-19,1629,1650,1629,1650,502
2012-11-20,1646,1650,1646,1650,3001
2012-11-21,1615.6,1650,1615.6,1650,850
2012-11-22,1635,1680,1635,1640,2218
2012-11-23,1650,1650,1615,1615,156
2012-11-26,1621.68,1622,1621.68,1622,450
2012-11-27,1675,1675,1620,1675,478
2012-11-28,1645,1658.82,1630,1630,1599
2012-11-29,1642,1644.8,1642,1642,1843
2012-11-30,1640,1640,1640,1640,2000
2012-12-03,1650,1650,1590,1650,1533
2012-12-04,1586,1586,1586,1586,368
2012-12-05,1637.5,1637.5,1575,1575,2514
2012-12-06,1635,1635,1634,1634,362
2012-12-07,1634,1635,1634,1635,824
2012-12-10,1629,1650,1629,1650,15
2012-12-11,1634,1635,1634,1635,5030
2012-12-12,1644.6332,1644.6332,1644.6332,1644.6332,341
2012-12-13,1644,1644,1600,1600,68
2012-12-17,1675,1675,1600,1600,1922
2012-12-18,1665,1670,1626,1670,726
2012-12-19,1720,1870,1635,1725,10977
2012-12-20,1880,1888.75,1850,1855,3724
2012-12-21,1867,1888.75,1864.1927,1865,1118
2012-12-24,1925,1970,1888.3,1936,2149
2012-12-27,1975,2000,1908.7,1994.7861,2685
2012-12-28,1988,1988,1922,1988,1500
2012-12-31,1995,1999,1923,1999,413
2013-01-02,2000,2025,1942.25,1980,2529
2013-01-03,2050,2050,1975,1975,2125
2013-01-04,1975,2040,1975,2040,2552
2013-01-07,1979,2033.29,1975.81,2017.5,2537
2013-01-08,2030.1,2030.1,2030.1,2030.1,200
2013-01-09,2033.1758,2033.1758,2033.1758,2033.1758,491
2013-01-10,2038.2,2068.49,1977,2050,4102
2013-01-11,2050,2100,2050,2100,592
2013-01-14,2000,2100,2000,2000,531
2013-01-15,2080,2080,2001,2001,57
2013-01-16,2033,2099,2033,2099,2058
2013-01-17,2100,2125,2100,2120,545
2013-01-18,2080,2125,2080,2125,704
2013-01-21,2050,2091.5,2050,2076,903
2013-01-22,2120,2120,2120,2120,2
2013-01-23,2058.25,2120,2058.25,2084,963
2013-01-24,2100,2123,2100,2120,5173
2013-01-25,2106.25,2146.25,2106.25,2131.25,2137
2013-01-28,2150,2166.25,2133.8,2152.5,1060
2013-01-29,2180,2267.5,2173.13,2240,1664
2013-01-30,2229,2238,2193.75,2193.75,317
2013-01-31,2212,2238,2212,2230,244
2013-02-01,2187,2187,2187,2187,100
2013-02-04,2200,2200,2200,2200,1100
2013-02-05,2175,2200,2175,2175,2409
2013-02-06,2200,2212.5,2187,2200,1106
2013-02-07,2225,2270,2221.88,2270,1326
2013-02-08,2220,2270,2220,2260,996
2013-02-11,2217.5,2258.75,2217.5,2258.75,624
2013-02-12,2225,2265,2225,2265,1024
2013-02-13,2208.75,2265,2208.75,2265,2561
2013-02-14,2256.25,2256.25,2215,2230,567
2013-02-15,2208.75,2270,2208.75,2270,197
2013-02-18,2270,2270,2261.25,2270,154
2013-02-20,2290,2300,2256.25,2300,1529
2013-02-21,2300,2300,2200,2200,311
2013-02-22,2200,2200,2200,2200,82
2013-02-25,2285,2285,2200,2200,1189
2013-02-26,2200,2200,2100,2183.4759,2623
2013-02-27,2050,2100,2035.8963,2100,972
2013-02-28,2121.25,2121.25,2121.25,2121.25,475
2013-03-01,2120,2120,2035,2035,331
2013-03-04,2085,2120,1960,2035,4539
2013-03-05,2030,2069,2030,2069,207
2013-03-06,2045,2085,2000,2085,1063
2013-03-07,2000,2063.75,1988.2,2063.75,1745
2013-03-08,2085,2312.7793,2085,2312.7793,20700
2013-03-11,2293.75,2325,2247,2325,4167
2013-03-12,2300,2300,2250,2293.75,2655
2013-03-13,2240,2325,2240,2285,1808
2013-03-14,2265,2315,2233,2233,1583
2013-03-15,2320,2325,2320,2325,854
2013-03-18,2231.25,2250,2225,2225,1752
2013-03-19,2235,2235,2210,2228,2766
2013-03-21,2290,2290,2290,2290,129
2013-03-22,2213.75,2280,2200,2215,1811
2013-03-25,2293.75,2293.75,2200,2200,1543
2013-03-26,2275,2296.25,2225,2296.25,3376
2013-03-27,2300,2312.35,2230,2230,923
2013-03-28,2296.25,2320,2236.7472,2320,168
2013-04-02,2280,2316.3244,2280,2316.3244,1665
2013-04-03,2280,2315.1,2280,2315.1,724
2013-04-04,2315.1,2320,2292,2320,576
2013-04-05,2300,2320,2280,2290.3798,2301
2013-04-08,2292,2313.75,2290,2313,2771
2013-04-09,2285,2325,2285,2325,1234
2013-04-10,2315.289,2350,2292,2350,574
2013-04-11,2324,2324,2280,2313.75,649
2013-04-12,2313.75,2318,2280,2318,916
2013-04-15,2285,2313.75,2275,2313.75,973
2013-04-16,2282,2282,2282,2282,90
2013-04-17,2250,2250,2000,2062,355695
2013-04-18,2090,2140,2051,2070,2202
2013-04-19,2051,2125,2051,2125,224
2013-04-22,2051,2100,2025,2025,2167
2013-04-23,2025,2070,2025,2070,691
2013-04-24,2060,2060,2035,2035,466
2013-04-25,2075,2080,2075,2080,400
2013-04-26,2095,2095,2095,2095,559
2013-04-29,2101.7,2105,2100,2105,1191
2013-04-30,2110,2150,2110,2150,103
2013-05-01,2150,2150,2076,2150,769
2013-05-02,2076,2080,2076,2080,275
2013-05-03,2075,2100,2075,2075,1017
2013-05-07,2076,2170,2075,2075,784
2013-05-08,2150,2150,2100,2150,54
2013-05-09,2169,2169,2169,2169,46
2013-05-10,2170,2200.9966,2075,2150,2953
2013-05-13,2190,2190,2075.1,2132.5,228
2013-05-14,2200,2200,2075.1,2137,296
2013-05-15,2200,2200,2075.1,2137.5,750
2013-05-16,2180,2180,2075,2127.5,1659
2013-05-17,2200,2200,2110,2137.5,1046
2013-05-20,2200,2200,2076,2077,865
2013-05-21,2200,2200,2076,2190,494
2013-05-22,2100,2195,2077,2150,955
2013-05-23,2210,2210,2105,2175,2981
2013-05-24,2220,2220,2140,2175,192
2013-05-28,2235,2235,2153.75,2182.5,495
2013-05-29,2130,2200,2125,2182.5,1003
2013-05-30,2200,2200,2185,2185,5
2013-05-31,2185,2185,2185,2185,0
2013-06-03,2200,2200,2185,2185,250
2013-06-04,2205,2210,2155,2197.5,869
2013-06-05,2160,2220,2160,2170,2661
2013-06-06,2225,2225,2207.5,2207.5,11
2013-06-07,2181,2207.5,2181,2207.5,400
2013-06-10,2225,2240,2225,2240,296
2013-06-11,2188.75,2240,2188.75,2240,524
2013-06-12,2225,2225,2205,2205,200
2013-06-13,2181,2200,2170,2172.5,635
2013-06-14,2150,2195,2150,2150,292
2013-06-17,2150,2172.5,2150,2172.5,500
2013-06-18,2200,2200,2172.5,2172.5,300
2013-06-19,2172.5,2172.5,2172.5,2172.5,136
2013-06-20,2150,2200,2150,2175,44
2013-06-21,2150,2250,2150,2250,669
2013-06-24,2200,2200,2150,2175,430
2013-06-25,2175,2175,2175,2175,0
2013-06-26,2174,2175,2174,2175,374
2013-06-27,2175,2175,2160,2175,2131
2013-06-28,2171,2200,2171,2200,49
2013-07-01,2163,2175,2162,2175,124
2013-07-02,2163,2175,2150,2175,2209
2013-07-03,2163,2180,2150,2150,811
2013-07-04,2163,2190,2163,2175,1884
2013-07-05,2150,2200,2150,2175,68
2013-07-08,2150,2200,2150,2200,364
2013-07-09,2150,2200,2150,2150,264
2013-07-10,2225,2250,2225,2250,301
2013-07-11,2250,2250,2153,2153,108
2013-07-12,2201.5,2201.5,2201.5,2201.5,0
2013-07-15,2250,2250,2150,2230,548
2013-07-16,2200,2220,2170,2210,830
2013-07-17,2200,2249,2200,2249,276
2013-07-18,2240,2240,2220.4,2230,940
2013-07-19,2212.5,2237,2212.5,2225,283
2013-07-22,2237,2237,2224.5,2224.5,1
2013-07-23,2200,2237,2200,2225,449
2013-07-24,2200,2239.2951,2200,2200,1285
2013-07-25,2200,2275,2200,2275,3595
2013-07-26,2325,2500,2325,2484.5,11646
2013-07-29,2450,2519,2411,2515,2692
2013-07-30,2519,2519,2480,2480,1939
2013-07-31,2525,2575,2520,2525,5695
2013-08-01,2500,2571.25,2500,2550,1183
2013-08-02,2570,2595,2527.5,2595,467
2013-08-05,2570,2577,2527.5,2552.5,493
2013-08-06,2530.5,2590,2530.5,2560,888
2013-08-07,2540,2592,2540,2582.5,281
2013-08-08,2592,2592,2565.307,2585,1878
2013-08-09,2517.6,2590,2517.6,2590,826
2013-08-12,2565,2596.4,2515,2515,2765
2013-08-13,2542.4,2570,2542.4,2570,87
2013-08-14,2588,2597,2520,2520,813
2013-08-15,2600,2600,2518,2518,808
2013-08-16,2595.85,2595.85,2540.24,2588,1315
2013-08-19,2540.24,2587.5,2540.24,2587.5,133
2013-08-20,2517,2595.85,2517,2517,1031
2013-08-21,2591,2591,2572.5,2572.5,430
2013-08-22,2595,2600,2550,2550,754
2013-08-23,2625,2625,2555,2555,715
2013-08-27,2585,2640,2585,2590,335
2013-08-28,2595,2595,2595,2595,0
2013-08-29,2640,2650,2600,2600,1699
2013-08-30,2720,2800,2700,2762,3021
2013-09-02,2800,2950,2800,2850,6589
2013-09-03,2950,2954,2865,2897.5,2353
2013-09-04,2970,2998,2850,2850,2316
2013-09-05,2995,3020,2900,2963,3993
2013-09-06,3019,3020,2911,3020,2030
2013-09-09,3020,3045,2926,2960,2856
2013-09-10,3050,3444,3050,3444,8156
2013-09-11,3335,3475,3204,3475,5720
2013-09-12,3470,3470,3360,3360,1500
2013-09-13,3425,3450,3360,3360,2181
2013-09-16,3450,3470,3406,3470,1486
2013-09-17,3456.8,3456.8,3379.15,3452.5,1414
2013-09-18,3460,3462.1,3384,3435,1516
2013-09-19,3469,3580,3469,3540,2806
2013-09-20,3475,3579,3475,3579,2650
2013-09-23,3580,3580,3510,3580,460
2013-09-24,3580,3580,3510,3580,1443
2013-09-25,3579,3600,3511,3600,624
2013-09-26,3563.3815,3579,3500,3527.5,1723
2013-09-27,3579,3579,3510,3510,228
2013-09-30,3580,3580,3400,3400,204
2013-10-01,3575,3575,3400,3400,1206
2013-10-02,3375,3525,3375,3375,235
2013-10-03,3475,3475,3475,3475,0
2013-10-04,3580,3908.2381,3520,3725,11565
2013-10-07,3910,3920,3760,3820,4290
2013-10-08,3980,3985,3820,3820,2063
2013-10-09,3800,3935.0568,3800,3800,1819
2013-10-10,3750,3856.25,3700,3700,2329
2013-10-11,3875,3875,3700,3700,2525
2013-10-14,3800,3848.112,3720,3720,4050
2013-10-15,3800,3812,3720,3720,1682
2013-10-16,3800,3800,3675,3712.5,5437
2013-10-17,3651,3725,3650,3650,1056
2013-10-18,3720,3751,3663,3751,843
2013-10-21,3651,3760,3651,3680,2069
2013-10-22,3654,3760,3620.83,3653,1364
2013-10-23,3627,3750,3600,3600,2034
2013-10-24,3627,3700,3575,3620,2486
2013-10-25,3680,3700,3585,3700,1222
2013-10-28,3585,3610.5,3575,3610.5,408
2013-10-29,3609,3675,3576,3675,343
2013-10-30,3575,3575,3401,3575,3339
2013-10-31,3525,3699,3525,3699,5451
2013-11-01,3700,3732,3644.75,3694.5,965
2013-11-04,3784,3801,3675,3800,2911
2013-11-05,3800,3800,3706,3800,1030
2013-11-06,3710,3800,3696.25,3800,1269
2013-11-07,3790,3790,3600,3600,3914
2013-11-08,3665,3667,3601,3650,641
2013-11-11,3650,3679,3600,3600,939
2013-11-12,3620,3700,3600,3700,961
2013-11-13,3601,3633,3575.28,3580,2040
2013-11-14,3750,3750,3580,3580,316
2013-11-15,3640.4,3680,3581,3680,167
2013-11-18,3580,3650,3580,3650,192
2013-11-19,3581,3630.56,3580,3580,718
2013-11-20,3576,3610,3570,3570,1125
2013-11-21,3571,3600,3252,3350,6549
2013-11-22,3361,3440,3352,3400,1252
2013-11-25,3460,3470,3401,3450,642
2013-11-26,3406,3470,3380,3380,2595
2013-11-27,3390,3492.2,3380.39,3476.5,4867
2013-11-28,3401,3492,3400,3400,1352
2013-11-29,3400,3428,3400,3400,1494
2013-12-02,3440,3475,3440,3475,8850
2013-12-03,3460.4,3460.4,3401,3450,158
2013-12-04,3402,3500,3401,3500,301
2013-12-05,3401,3569,3377,3400,2709
2013-12-06,3485,3542.5,3485,3542.5,641
2013-12-09,3450,3510,3450,3450,745
2013-12-10,3525,3525,3450,3450,170
2013-12-11,3450,3510,3450,3450,1638
2013-12-12,3470,3555,3452,3555,485
2013-12-13,3525,3630,3476,3525,2928
2013-12-16,3551,3650,3551,3575,683
2013-12-17,3687,3700,3576,3600,817
2013-12-18,3814,3814,3702,3814,1492
2013-12-19,3836,3836,3601,3700,5246
2013-12-20,3774,3774,3620,3665,5330
2013-12-23,3725,3779,3682.25,3685,2275
2013-12-24,3744,3744,3690,3715,288
2013-12-27,3744,3744,3655,3700,1222
2013-12-30,3663,3730,3625,3687,3060
2013-12-31,3650,3700,3650,3650,317
2014-01-02,3674,3712,3661.9,3712,1072
2014-01-03,3700,3718,3652,3705,630
2014-01-06,3710,3717,3680.1376,3685,1735
2014-01-07,3700,3725,3675,3725,1178
2014-01-08,3626,3700,3626,3662.5,426
2014-01-09,3651,3700,3625,3670,1259
2014-01-10,3679,3679,3600,3600,786
2014-01-13,3722,3722,3659,3661,89
2014-01-14,3600,3669,3600,3600,854
2014-01-15,3600,3647,3570,3570,564
2014-01-16,3565,3615,3559.06,3565,1092
2014-01-17,3600,3652.8,3565.34,3600,1258
2014-01-20,3749,3749,3600,3600,670
2014-01-21,3615,3690.2,3615,3675.5,450
2014-01-22,3615,3696.6,3615,3674,1160
2014-01-23,3643,3701,3630,3654,589
2014-01-24,3620,3715,3620,3686,1095
2014-01-27,3559,3695.9277,3550,3550,4019
2014-01-28,3570,3690,3570,3570,557
2014-01-29,3730,3730,3599.5,3730,360
2014-01-30,3699,3699,3601,3699,1464
2014-01-31,3663,3699,3600,3695,2042
2014-02-03,3625,3680.86,3600,3600,1792
2014-02-04,3601,3660,3550,3550,3302
2014-02-05,3605.5,3622,3605.5,3622,41
2014-02-06,3600,3620,3560,3620,224
2014-02-07,3620,3620,3555,3580,1016
2014-02-10,3633,3633,3573,3600,685
2014-02-11,3600,3660,3600,3600,373
2014-02-12,3699,3699,3600,3600,523
2014-02-13,3660,3689.25,3600,3600,1376
2014-02-14,3719,3719,3600,3719,710
2014-02-17,3601,3649,3560,3560,4460
2014-02-18,3570,3637.5,3570,3637.5,860
2014-02-19,3555,3625,3555,3555,2047
2014-02-20,3650,3650,3532,3650,805
2014-02-21,3698,3718,3576,3718,641
2014-02-24,3650,3651.8,3610,3650,829
2014-02-25,3658,3658,3603.5701,3658,193
2014-02-26,3639.4,3639.4,3629,3629,27
2014-02-27,3681.25,3681.25,3610,3665,422
2014-02-28,3730,3850,3670,3829,3806
2014-03-03,3734.75,3822.33,3712.2545,3722.5,388
2014-03-04,3687,3790,3687,3790,702
2014-03-05,3725,3725,3725,3725,0
2014-03-06,3651,3775.32,3650,3650,1484
2014-03-07,3797,4099,3670,4050,8855
2014-03-10,4120,4160,3982,4065.5,4202
2014-03-11,4150,4150,3980,3981,1145
2014-03-12,4048,4050,3906.48,4050,717
2014-03-13,3901,4030.2,3901,3952,2454
2014-03-14,4099,4099,3901.43,4099,1920
2014-03-17,4050,4075.2,3960.7,4050,2878
2014-03-18,3901,4082.09,3900,3930,1513
2014-03-19,3989.6,4027.9,3987.5,3987.5,724
2014-03-20,4041,4041,3895.8,4041,718
2014-03-21,3900,4025.9,3889.52,3975,1718
2014-03-24,4025,4037,4000,4037,1257
2014-03-25,4100,4250,4018.75,4250,4037
2014-03-26,4229,4229,4060,4100,2473
2014-03-27,4202,4232.0466,4131,4162.5,1457
2014-03-28,4206.3851,4244,4100,4127.5,1016
2014-03-31,4225,4235.2,4129.3,4225,730
2014-04-01,4116,4248,4061,4157.5,2948
2014-04-02,4173,4229.7,4102.5,4225,885
2014-04-03,4100,4209.12,4100,4161.5,1175
2014-04-04,4050,4226,4050,4175,554
2014-04-07,4050,4250,4050,4244,1671
2014-04-08,4066,4225.12,4000,4000,1724
2014-04-09,4099,4199,4050,4050,1492
2014-04-10,4048,4119.8,3900,3901,1392
2014-04-11,4000,4020,3850,3870,1357
2014-04-14,3850,4009.4,3780.8,3899,3835
2014-04-15,3750,3810,3750,3750,525
2014-04-16,3823,3890,3755,3786,1570
2014-04-17,3823,3929,3780,3880,1271
2014-04-22,3984,3984,3841,3899,1148
2014-04-23,3985,4115,3974,4020,3238
2014-04-24,4149,4149,3954.98,4025,1634
2014-04-25,4024.25,4072.5,4024.25,4072.5,225
2014-04-28,4134.4,4134.4,4012.5,4062.5,342
2014-04-29,3950,4080.7,3902.5,4000,1363
2014-04-30,4000,4100,3916.55,4100,599
2014-05-01,3910,4051,3910,4000,208
2014-05-02,4000,4050,3925,3925,844
2014-05-06,3960.4,4022.554,3944.7,3975,137
2014-05-07,4099,4100,3951.8,4100,406
2014-05-08,4039.6,4063.9,3982.9,4015,2192
2014-05-09,4040.8,4097,3998.5,4050,379
2014-05-12,4054.6,4054.6,3965.8,4025,396
2014-05-13,4099,4100,3950,4100,2565
2014-05-14,4054.6,4054.6,4025,4025,120
2014-05-15,4025,4055,3973.2,4025,592
2014-05-16,4054.6,4054.6,3973.2,4000,553
2014-05-19,3951,3958.4,3951,3951,71
2014-05-20,3951,3955,3895.4025,3907.5,1243
2014-05-21,3875.5,3925,3875.5,3925,125
2014-05-22,3850,3984.4,3788.3,3900,2759
2014-05-23,3900,3900,3800,3800,1773
2014-05-27,3850,3944,3816.7,3889.5,750
2014-05-28,3899,4009.5224,3850,3850,1468
2014-05-29,4025,4070,4017.3233,4025,219
2014-05-30,4100,4100,3995.5,4100,519
2014-06-02,4061,4061,4025,4025,90
2014-06-03,3951,4063,3900,3925,643
2014-06-04,4000,4000,4000,4000,0
2014-06-05,3900,4050,3900,3939,92
2014-06-06,3900,3971.964,3900,3900,263
2014-06-09,3972.52,3972.52,3925,3935,1308
2014-06-10,3950,3961.75,3921.817,3945,320
2014-06-11,3900,3972,3900,3900,141
2014-06-12,3900,3963.75,3870.92,3900,990
2014-06-13,3900,3912.5,3900,3912.5,321
2014-06-16,3950,3950,3851,3900,770
2014-06-17,3851,3938.2,3830.55,3850,2491
2014-06-18,3924,3924,3859,3920,100
2014-06-19,3920,3973,3857,3950,549
2014-06-20,3974,3974,3850,3850,1391
2014-06-23,3858,3943.75,3835,3860,1387
2014-06-24,3937,3937,3864.55,3933,861
2014-06-25,3912.5,3912.5,3912.5,3912.5,0
2014-06-26,3851,3900,3851,3888,2629
2014-06-27,3850,3941.76,3850,3850,867
2014-06-30,3851,3935.525,3851,3860,1355
2014-07-01,3875,3942.28,3875,3913,1200
2014-07-02,3851,3943.0845,3851,3851,1688
2014-07-03,3875.6,3919.9,3875.6,3887,908
2014-07-04,3865.95,3900.5,3860,3900.5,1371
2014-07-07,3869.1,3938.86,3869.1,3898.5,532
2014-07-08,3875,3897,3865.7,3897,1025
2014-07-09,3868.4875,3868.4875,3835,3850,179
2014-07-10,3850,3950,3848.05,3899,761
2014-07-11,3845.1,3899.5,3845.1,3899.5,67
2014-07-14,3864.955,3937,3864.955,3900,542
2014-07-15,3955,4000,3924.75,4000,1044
2014-07-16,4076.8,4076.8,3990,4030,833
2014-07-17,3962,4072.15,3920,3920,181
2014-07-18,3901,4000,3900,3900,1261
2014-07-21,4050,4060,3900,3900,3036
2014-07-22,3925,4010.87,3882.5,4000,870
2014-07-23,3850,4000,3850,3850,21
2014-07-24,4000,4000,3960,3960,210
2014-07-25,3851,3901.8,3525,3625,9241
2014-07-28,3610,3715.75,3610,3675,1942
2014-07-29,3676,3748.75,3650,3650,776
2014-07-30,3660,3743.75,3660,3712,3898
2014-07-31,3750,3750,3724.5,3724.5,100
2014-08-01,3650,3744,3630,3630,920
2014-08-04,3610,3732.75,3610,3692,45
2014-08-05,3629,3658,3610,3612.5,1325
2014-08-06,3575,3610,3575,3575,743
2014-08-07,3583,3721,3525,3526,1201
2014-08-08,3430,3569.6,3200,3326.5,4539
2014-08-11,3350,3402.9522,3250,3400.5,4518
2014-08-12,3401,3484.3,3361,3400,2188
2014-08-13,3483,3496,3409,3446,2216
2014-08-14,3488,3560.2,3430,3488,2565
2014-08-15,3579.4,3579.6,3575,3575,733
2014-08-18,3526,3611.3106,3526,3550,667
2014-08-19,3592.4,3595.3,3585.3,3590,491
2014-08-20,3599,3750,3562.5,3750,1487
2014-08-21,3726.8,3726.8,3623.2,3675.5,1401
2014-08-22,3638,3675,3638,3675,53
2014-08-26,3723.1739,3723.1739,3570.8,3650,955
2014-08-27,3749,3749,3560,3687.5,1733
2014-08-28,3596.9072,3700.25,3596.9072,3652.5,97
2014-08-29,3698,3698,3558.45,3625.5,1219
2014-09-01,3650,3650,3508.45,3588.5,519
2014-09-02,3600,3600,3600,3600,0
2014-09-03,3630,3630,3600,3600,259
2014-09-04,3500,3570,3500,3500,277
2014-09-05,3526,3670,3526,3550,489
2014-09-08,3535.9,3570,3501,3550,1845
2014-09-09,3501,3650,3460,3650,980
2014-09-10,3600,3600,3410,3600,1218
2014-09-11,3501,3624,3501,3501,863
2014-09-12,3501,3650,3501,3650,695
2014-09-15,3502,3502,3501,3501,6
2014-09-16,3523.2,3610,3515.8,3572,1565
2014-09-17,3525,3575,3525,3575,324
2014-09-18,3599,3600,3530,3600,2019
2014-09-19,3640,3672.3,3612,3630,1930
2014-09-22,3580,3629.02,3580,3615,473
2014-09-23,3600,3625,3501,3625,2523
2014-09-24,3600,3638,3502,3502,1903
2014-09-25,3537.75,3610,3537.75,3593.5,952
2014-09-26,3560,3567.5,3560,3567.5,12
2014-09-29,3540,3570,3540,3570,931
2014-09-30,3501,3605,3500,3500,1534
2014-10-01,3500,3570,3500,3500,657
2014-10-02,3550,3570,3515,3542.5,3686
2014-10-03,3500,3610.5,3500,3500,894
2014-10-06,3501,3611.75,3501,3532.5,227
2014-10-07,3502,3611.75,3431,3475,2589
2014-10-08,3500,3533.1,3440,3500,336
2014-10-09,3401,3498,3401,3436.5,1350
2014-10-10,3350,3525,3350,3465,236
2014-10-13,3421,3460.8,3386,3405,1502
2014-10-14,3426,3483.1,3406,3406,2188
2014-10-15,3406,3456,3287.5,3287.5,2463
2014-10-16,3200,3200,2850,2925,5614
2014-10-17,3001,3119,2935.9,3070,4003
2014-10-20,3043.75,3131,3035.84,3125,2819
2014-10-21,3150,3243.8,3128.75,3224.5,1467
2014-10-22,3130.7,3249.5,3130.55,3200,204
2014-10-23,3249.5,3249.5,3129.5,3204.5,666
2014-10-24,3173,3248,3140.4,3173,547
2014-10-27,3115,3229.02,3115,3187,1875
2014-10-28,3225,3225,3212,3212,150
2014-10-29,3312,3350,3255,3350,900
2014-10-30,3355,3390,3355,3375,646
2014-10-31,3380,3394.8,3301,3349,817
2014-11-03,3220.5,3366.41,3220.5,3350,461
2014-11-04,3300,3332.88,3281,3290,807
2014-11-05,3281,3372.26,3276.5838,3291,2757
2014-11-06,3250,3349.75,3250,3287,2957
2014-11-07,3261,3295,3260,3270,775
2014-11-10,3295,3335,3263,3293.5,601
2014-11-11,3318.5,3318.5,3318.5,3318.5,0
2014-11-12,3399,3399,3295,3350,912
2014-11-13,3320,3333.6,3265,3299.5,438
2014-11-14,3298.25,3309,3298.25,3309,15
2014-11-17,3240,3330,3240,3271.5,271
2014-11-18,3280,3280,3210,3249,770
2014-11-19,3280,3289,3200,3289,425
2014-11-20,3250,3267.75,3151,3199.5,2181
2014-11-21,3200,3225,3155,3225,427
2014-11-24,3280,3280,3200,3224.5,1823
2014-11-25,3265,3299.5,3157.6,3299.5,404
2014-11-26,3250,3285,3160,3256.5,939
2014-11-27,3161,3168.05,3100.2891,3140,1481
2014-11-28,3100,3205,3069.8,3150,1033
2014-12-01,3061,3061,2852,2910,4537
2014-12-02,3000,3000,2920.8,3000,2079
2014-12-03,2927,2983.372,2926,2926,1647
2014-12-04,2910.9,2981.75,2910.9,2962.5,299
2014-12-05,3000,3038.74,2926.58,3015,1906
2014-12-08,3000,3042.22,2950,2985,1022
2014-12-09,2961,2999,2889.15,2918,3300
2014-12-10,3000,3000,2887,2899,2011
2014-12-11,2886,2969.62,2886,2890,2702
2014-12-12,2901,2901.75,2830,2830,2100
2014-12-15,2832,2949.2,2832,2832,527
2014-12-16,2831,2859.1,2725,2725,3294
2014-12-17,2770,2805,2750,2750,840
2014-12-18,2775,2810,2501,2550,8093
2014-12-19,2505,2508.45,2375,2400,5824
2014-12-22,2421,2519,2396,2472.5,2772
2014-12-23,2463.85,2550,2463.85,2550,719
2014-12-24,2550,2550,2550,2550,0
2014-12-29,2554.45,2555,2554.45,2555,89
2014-12-30,2550,2550,2550,2550,9
2014-12-31,2510,2539.9,2490,2490,1312
2015-01-02,2500,2531.3,2500,2520,768
2015-01-05,2498.85,2507.5,2490,2507.5,355
2015-01-06,2490,2525,2450,2510,2502
2015-01-07,2470,2485.44,2420,2470,2240
2015-01-08,2501.04,2525,2493.6,2523.5,190
2015-01-09,2540,2540,2500,2500,2688
2015-01-12,2500,2536.917,2485.28,2525,4011
2015-01-13,2510,2550,2484,2511,5568
2015-01-14,2510,2558.5,2510,2545,925
2015-01-15,2599,2601,2535.65,2577.5,1353
2015-01-16,2550,2625,2550,2550,5083
2015-01-19,2625,2625,2597.5,2597.5,585
2015-01-20,2625,2744.05,2625,2650,1412
2015-01-21,2700,2844.55,2700,2800,3746
2015-01-22,2865.35,2898.703,2825.74,2855,903
2015-01-23,2900,3040,2886.5,3040,1929
2015-01-26,3029,3029,2939.4,2955,2527
2015-01-27,2900,2938.4,2878.76,2902.5,4303
2015-01-28,2968.75,3015,2917.2,2955,371
2015-01-29,2886.25,2942.5,2886.25,2942.5,568
2015-01-30,2900,2932.8,2885.2,2890,2023
2015-02-02,2900,2996.75,2884,2886,1706
2015-02-03,2949,2949,2903,2926,3768
2015-02-04,2950,2993,2942,2942,616
2015-02-05,2894,3003.56,2862,2862,6683
2015-02-06,2939,2939,2887,2887,1287
2015-02-09,2783.7,2905.5,2766.25,2830,3506
2015-02-10,2800,2800,2762,2800,563
2015-02-11,2800,2800,2762,2780,1163
2015-02-12,2762,2794.15,2762,2780,770
2015-02-13,2800,2840,2775,2775,952
2015-02-16,2899,2899,2758.17,2864.5,899
2015-02-17,2760,2845,2725,2750,2559
2015-02-18,2800,2823,2761.5,2823,1116
2015-02-19,2825,2825,2758.4,2825,1250
2015-02-20,2825,2862,2825,2862,769
2015-02-23,2840,2849.5,2825,2849.5,464
2015-02-24,2862,2862,2807.44,2847.5,709
2015-02-25,2830,2900,2780,2900,1320
2015-02-26,2830,2875,2830,2862,643
2015-02-27,2850,2890,2850,2862.5,869
2015-03-02,2900,2900,2700,2700,3377
2015-03-03,2731,2804.945,2731,2791,2607
2015-03-04,2751,2820,2750,2800,1904
2015-03-05,2750,2800,2711,2770,972
2015-03-06,2761,2799,2703.81,2761,2133
2015-03-09,2721,2800,2710,2710,1745
2015-03-10,2711,2799,2650,2650,1468
2015-03-11,2702,2702,2651,2685,1322
2015-03-12,2630,2651,2575,2575,4348
2015-03-13,2601,2624,2440,2450,4395
2015-03-16,2420,2500,2316,2316,4535
2015-03-17,2302,2390,2230,2230,2237
2015-03-18,2250,2360,2248.8,2250,3139
2015-03-19,2310,2355,2246.86,2270,4151
2015-03-20,2320,2363.953,2250,2274,9730
2015-03-23,2374,2380,2301,2350,8408
2015-03-24,2350,2380,2310,2357.5,3134
2015-03-25,2326,2350,2253.7289,2300,2298
2015-03-26,2258.4,2340,2252.5,2275,996
2015-03-27,2225,2285,2210,2210,3176
2015-03-30,2241,2260,2220,2252.5,3551
2015-03-31,2299,2299,2151.45,2156,6127
2015-04-01,2180,2190,2121.18,2155,6189
2015-04-02,2160,2200,2120,2200,7093
2015-04-07,2210,2249.786,2125,2212,5050
2015-04-08,2155,2306.942,2155,2250,2227
2015-04-09,2170,2298,2170,2260,4100
2015-04-10,2329,2424,2300,2400,3625
2015-04-13,2474,2550,2411.84,2525,6151
2015-04-14,2559,2559,2445.95,2505,3310
2015-04-15,2451,2500,2426,2478,3561
2015-04-16,2426,2482.5,2426,2482.5,274
2015-04-17,2481,2488.5,2453.2908,2477.5,1665
2015-04-20,2490,2512,2425,2425,297
2015-04-21,2400,2445,2400,2445,1032
2015-04-22,2392,2492.76,2392,2392,17
2015-04-23,2480,2480,2398.95,2470,400
2015-04-24,2470,2474,2400,2400,209
2015-04-27,2525,2525,2390,2447.5,646
2015-04-28,2510,2510,2381,2470,1486
2015-04-29,2383.3202,2412.5,2378.7501,2412.5,200
2015-04-30,2475,2475,2455,2455,2710
2015-05-01,2400,2463.75,2400,2400,265
2015-05-05,2485,2485,2397,2442.5,1805
2015-05-06,2437,2510,2428.34,2437,2021
2015-05-07,2525,2525,2523,2523,50
2015-05-08,2450,2533.09,2450,2520,1450
2015-05-11,2524.6467,2524.6467,2472.5,2472.5,98
2015-05-12,2441.6,2480,2441.6,2480,2
2015-05-13,2559,2655,2520,2655,2033
2015-05-14,2659,2818.75,2626,2787.5,3142
2015-05-15,2800,2844,2800,2800,491
2015-05-18,2850,2965,2839.3,2965,1293
2015-05-19,3000,3000,2898.75,2909.5,3328
2015-05-20,3000,3000,2850,2900,1645
2015-05-21,2875,2927.5,2875,2900,1157
2015-05-22,2873,2915,2860.89,2873,500
2015-05-26,2900,2934.5,2835.5,2912.5,430
2015-05-27,2875,2888.7,2815,2885,1431
2015-05-28,2825,2908.2,2800,2850,3658
2015-05-29,2838,2838,2750,2775,1943
2015-06-01,2750,2754.4999,2740,2750,236
2015-06-02,2770,2824.4,2703,2810,1301
2015-06-03,2750,2802,2723,2723,434
2015-06-04,2700,2715,2650,2715,497
2015-06-05,2650,2700,2625,2628,107
2015-06-08,2632.75,2723.02,2632.75,2702.5,0
2015-06-09,2719.9999,2719.9999,2675,2675,0
2015-06-10,2650,2669.4,2625,2625,1229
2015-06-11,2625,2690,2625,2675,393
2015-06-12,2750,2750,2675,2700,307
2015-06-15,2645.4384,2675,2625,2650,640
2015-06-16,2620,2645,2575,2645,438
2015-06-17,2600,2750,2584,2750,426
2015-06-18,2600,2700,2574.3751,2700,1221
2015-06-19,2575,2680,2575,2680,182
2015-06-22,2700,2700,2583.7501,2640,112
2015-06-23,2750,2750,2583.8751,2750,466
2015-06-24,2700,2700,2580,2662.5,550
2015-06-25,2676.5,2676.5,2650,2650,36
2015-06-26,2653,2653,2567,2653,27
2015-06-29,2560,2579,2560,2575,220
2015-06-30,2550,2565,2525,2525,704
2015-07-01,2450,2575,2450,2450,672
2015-07-02,2425,2439.9664,2350,2400,3214
2015-07-03,2365,2415.4,2365,2412.5,526
2015-07-06,2400,2405,2400,2405,400
2015-07-07,2500,2500,2360,2360,2311
2015-07-08,2357,2435.65,2240,2300,2276
2015-07-09,2352.4999,2352.5,2352.4999,2352.5,184
2015-07-10,2375,2375,2308,2375,1643
2015-07-13,2375,2448.7499,2361.25,2375,170
2015-07-14,2400,2437.5,2375,2437.5,3742
2015-07-15,2468.75,2469,2395,2437.5,161
2015-07-16,2495,2495,2490,2490,604
2015-07-17,2510,2553.4529,2476,2500,837
2015-07-20,2569,2569,2481.94,2522.5,77
2015-07-21,2559.3183,2559.3183,2522.5,2522.5,120
2015-07-22,2550,2645,2540,2645,673
2015-07-23,2600,2600,2600,2600,3
2015-07-24,2475,2588.75,2470,2535,2801
2015-07-27,2578.25,2578.25,2527.5,2527.5,500
2015-07-28,2500,2578.25,2500,2500,800
2015-07-29,2500,2588,2500,2500,939
2015-07-30,2563.75,2563.75,2522.5,2522.5,116
2015-07-31,2498.5,2527.5,2498.5,2527.5,250
2015-08-03,2498.5,2506.8,2471.4533,2490,1314
2015-08-04,2455,2502.6,2400,2437.5,605
2015-08-05,2400,2420,2350,2352,4007
2015-08-06,2349.94,2387.5,2349.94,2387.5,148
2015-08-07,2374.5,2374.5,2374.5,2374.5,0
2015-08-10,2280,2422,2280,2375,450
2015-08-11,2363.13,2377.5,2363.13,2377.5,950
2015-08-12,2370,2370,2336.25,2370,1655
2015-08-13,2318.2,2350,2318.2,2350,60
2015-08-14,2352,2374.9999,2310.0314,2352,1029
2015-08-17,2395.72,2395.72,2387.5,2387.5,82
2015-08-18,2360.88,2360.88,2337.5,2337.5,170
2015-08-19,2400,2400,2350.5,2350.5,2
2015-08-20,2352.5,2352.5,2352.5,2352.5,0
2015-08-21,2301,2337.5,2295,2337.5,1307
2015-08-24,2270,2289.8,2198,2198,969
2015-08-25,2200,2366.6,2200,2274.5,284
2015-08-26,2336.9,2336.9,2229.6,2292,113
2015-08-27,2354.25,2355,2320,2320,171
2015-08-28,2370,2415,2370,2379.5,481
2015-09-01,2410,2440,2370,2440,1081
2015-09-02,2449,2473,2411,2422.5,658
2015-09-03,2449,2450,2350,2350,971
2015-09-04,2353.4,2426,2353.4,2390,625
2015-09-07,2400,2425,2400,2425,123
2015-09-08,2485.754,2514.4032,2485.754,2488,70
2015-09-09,2463,2463,2463,2463,0
2015-09-10,2400,2483.306,2185,2185,1634
2015-09-11,2180,2224,2063.5001,2171,4658
2015-09-14,2170,2190,2140.5001,2188,1384
2015-09-15,2138.636,2138.636,2125.5,2125.5,150
2015-09-16,2250,2250,2185.5,2185.5,369
2015-09-17,2240,2240,2240,2240,31
2015-09-18,2280,2280,2280,2280,197
2015-09-21,2250,2300,2226,2268,1862
2015-09-22,2300,2325,2243.75,2275,942
2015-09-23,2256.6901,2325,2256.6901,2285,1256
2015-09-24,2275.5,2275.5,2275.5,2275.5,0
2015-09-25,2256.313,2275,2256.313,2275,1000
2015-09-28,2246.01,2287.5,2246.01,2287.5,800
2015-09-29,2300,2300,2238,2275,1694
2015-09-30,2297,2335.25,2290.5,2290.5,174
2015-10-01,2350,2350,2231.8,2350,25
2015-10-02,2300,2350,2275,2275,529
2015-10-05,2268,2268,2230.0001,2268,235
2015-10-06,2350,2350,2275.5,2275.5,17
2015-10-07,2399,2400,2367,2367.5,1752
2015-10-08,2400,2400,2330.4803,2350,1762
2015-10-09,2425,2475,2405,2474,2614
2015-10-12,2400,2545.05,2400,2525,1852
2015-10-13,2510.25,2525.72,2480.5,2480.5,428
2015-10-14,2420,2463,2420,2463,220
2015-10-15,2473.26,2476.2781,2448,2448,95
2015-10-16,2401,2449.5,2401,2449.5,1012
2015-10-19,2415,2474.9914,2415,2449.5,184
2015-10-20,2401,2444,2401,2444,90
2015-10-21,2415,2450,2415,2444.5,2900
2015-10-22,2410.56,2444,2410.56,2444,1937
2015-10-23,2504.25,2505,2469.5,2469.5,65
2015-10-26,2449.5,2449.5,2449.5,2449.5,0
2015-10-27,2400,2485.8424,2375,2375,1574
2015-10-28,2426.25,2450,2426.25,2450,101
2015-10-29,2421.5886,2450.5,2413.64,2450.5,90
2015-10-30,2450.5,2450.5,2450.5,2450.5,0
2015-11-02,2474.5,2474.5,2450,2450,40
2015-11-03,2415.9331,2450,2415.9331,2450,3
2015-11-04,2401,2450,2401,2450,244
2015-11-05,2461.75,2484.45,2404.3722,2450.5,1656
2015-11-06,2401,2437.75,2400,2415,1724
2015-11-09,2381,2439,2381,2439,40
2015-11-10,2468.5,2468.5,2439,2439,60
2015-11-11,2400,2439,2400,2439,450
2015-11-12,2382.36,2414.5,2382.36,2414.5,520
2015-11-13,2380,2380,2350,2380,881
2015-11-16,2301,2312,2301,2312,300
2015-11-17,2270,2308,2220,2250,1583
2015-11-18,2200,2237.5,2145.7301,2237.5,2625
2015-11-19,2201,2259.25,2201,2240.5,2838
2015-11-20,2240.5,2240.5,2240.5,2240.5,0
2015-11-23,2242,2259.46,2242,2242,522
2015-11-24,2280,2280,2240.5,2240.5,2
2015-11-25,2201,2240,2201,2240,1655
2015-11-26,2200,2215,2200,2215,410
2015-11-27,2100,2200,2080,2137.5,819
2015-11-30,2077.5,2108,2075,2087.5,506
2015-12-01,2060,2094.56,2025,2076,4242
2015-12-02,2060,2105.5,2000,2050,1313
2015-12-03,2000,2038,2000,2038,200
2015-12-04,2093.75,2093.75,2060,2063.5,646
2015-12-07,2003,2080,1975,1975,1222
2015-12-08,1975,2000,1925,1977,1010
2015-12-09,1925,2001.5099,1925,1955,675
2015-12-10,1901.2401,1979.5,1901.2401,1979.5,187
2015-12-11,2029,2029,1975,1990,481
2015-12-14,1950,1995.82,1884.0705,1967.5,921
2015-12-15,1968.5,1974.5,1968.5,1974.5,345
2015-12-16,2000,2024.29,1940,2000,1839
2015-12-17,2000,2000,1925,1940,1407
2015-12-18,1840,1850,1715.64,1720,9238
2015-12-21,1720,1750,1675,1675,3954
2015-12-22,1650,1755,1629,1755,2881
2015-12-23,1800,1815,1728,1800,2836
2015-12-24,1820,1900,1820,1855,480
2015-12-29,1800,1800,1780,1780,104
2015-12-30,1780,1868.8,1780,1840,278
2015-12-31,1840,1840,1840,1840,0
2016-01-04,1787.2,1815,1780,1815,950
2016-01-05,1840,1840,1840,1840,0
2016-01-06,1780,1790,1717.58,1753,1884
2016-01-07,1750,1750,1683.0801,1750,436
2016-01-08,1700,1700,1700,1700,0
2016-01-11,1703,1751.6,1670,1703,851
2016-01-12,1684,1712.5,1684,1712.5,117
2016-01-13,1710,1710,1650.0001,1710,1165
2016-01-14,1750,1750,1650,1650,139
2016-01-15,1658.1,1717.5,1658.1,1717.5,5
2016-01-18,1682,1682,1682,1682,0
2016-01-19,1650,1720,1650,1650,526
2016-01-20,1687.5,1687.5,1687.5,1687.5,0
2016-01-21,1661,1705.5,1661,1705.5,25
2016-01-22,1667,1710.16,1667,1708.5,213
2016-01-25,1725,1725,1667,1667,1709
2016-01-26,1705.5,1705.5,1705.5,1705.5,0
2016-01-27,1661,1661,1661,1661,41
2016-01-28,1750,1750,1670,1698,313
2016-01-29,1745,1745,1745,1745,38
2016-02-01,1725,1725,1666.1,1694,402
2016-02-02,1700,1700,1681.5,1681.5,159
2016-02-03,1663,1663,1590,1590,474
2016-02-04,1638,1638,1591.3001,1617.5,201
2016-02-05,1595,1602.5,1570,1587.5,439
2016-02-08,1550,1599.9999,1410,1525,3803
2016-02-09,1500,1555.2941,1500,1500,1925
2016-02-10,1595,1595,1555.2941,1595,861
2016-02-11,1600,1600,1505,1600,104
2016-02-12,1600,1600,1500,1503,6301
2016-02-15,1525,1562.9999,1506.0001,1525,319
2016-02-16,1600,1600,1490,1532.5,774
2016-02-17,1459.0001,1525,1450,1525,8441
2016-02-18,1550,1600,1457.5,1530,2595
2016-02-19,1550,1550,1512.5,1512.5,3417
2016-02-22,1450,1507.9167,1450,1453,426
2016-02-23,1476,1500,1476,1482.5,251
2016-02-24,1440,1440,1440,1440,24
2016-02-25,1440,1440,1440,1440,79
2016-02-26,1480,1486.5,1440,1482.5,1021
2016-02-29,1440,1440,1440,1440,85
2016-03-01,1444,1478.3333,1444,1444,529
2016-03-02,1435,1475,1435,1435,1850
2016-03-03,1430,1500,1430,1500,309
2016-03-04,1495,1495,1430,1495,2623
2016-03-07,1490,1586.7,1460,1564,4689
2016-03-08,1600,1625,1539.9001,1625,1266
2016-03-09,1620,1620,1619.25,1620,186
2016-03-10,1512.3,1567.5,1512.3,1567.5,356
2016-03-11,1625,1625,1525,1625,1229
2016-03-14,1625,1625,1580,1580,130
2016-03-15,1625,1625,1500,1525,1579
2016-03-16,1550,1580,1548.5,1580,484
2016-03-17,1675,1898,1675,1850,2578
2016-03-18,1900,1931.4465,1900,1925,4171
2016-03-21,1875,2024.9999,1875,2007.5,1401
2016-03-22,2010,2025,2010,2017.5,3008
2016-03-23,2030,2050,1987.5,1987.5,810
2016-03-24,1951,2050,1951,1951,2140
2016-03-29,2000,2000,1964,1975,366
2016-03-30,1950,1955,1930,1955,998
2016-03-31,1975,1980,1935,1980,1860
2016-04-01,1950,1975,1950,1975,3
2016-04-04,1997,1998.5,1952.15,1998.5,1985
2016-04-05,1998,1998,1975,1975,2373
2016-04-06,1980,1980,1955,1955,557
2016-04-07,1968,1968,1950,1952,1722
2016-04-08,1963.5241,1971.36,1941,1952,356
2016-04-11,1963,1972.5278,1941,1957.5,1787
2016-04-12,1973,1974,1947,1947,3251
2016-04-13,1920,1972.92,1920,1947,1598
2016-04-14,1947,1973.12,1947,1947,376
2016-04-15,1928.8,1965,1928.8,1965,591
2016-04-18,1974,2000,1941,1972.5,3934
2016-04-19,2000,2009.06,1999,2000,615
2016-04-20,2050,2050,1979.6501,2050,205
2016-04-21,2080,2108,2028.2,2041.5,1178
2016-04-22,2143,2143,2075.5,2075.5,201
2016-04-25,2075,2075,2075,2075,0
2016-04-26,2150,2150,2063.28,2150,1144
2016-04-27,2150,2150,2061.2,2150,138
2016-04-28,2147.6,2147.6,2090,2090,150
2016-04-29,2090,2090,2090,2090,0
2016-05-03,2095,2125,2050,2125,2562
2016-05-04,2099,2099,2053.14,2055,267
2016-05-05,2048.2,2052.5,2048.2,2052.5,300
2016-05-06,2034.2,2065,2034.2,2065,706
2016-05-09,2047.5,2065,2047.5,2065,741
2016-05-10,2030,2030,1955,1990,721
2016-05-11,1993,1993,1993,1993,69
2016-05-12,1950,1955,1950,1955,916
2016-05-13,1950,2050,1950,2025,323
2016-05-16,2050,2050,2007,2050,163
2016-05-17,2024,2024,2000,2000,98
2016-05-18,2000,2000,2000,2000,0
2016-05-19,1950,1987,1950,1950,1123
2016-05-20,2000,2000,1987.5,2000,5
2016-05-23,1987.5,1987.5,1975,1975,120
2016-05-24,1955.2042,1992,1955.2042,1975,337
2016-05-25,1951,1975,1951,1951,3503
2016-05-26,1937.7,1965,1937.7,1965,63
2016-05-27,1952.5,1952.5,1952.5,1952.5,0
2016-05-31,1960,1965,1940,1965,3915
2016-06-01,1955,2000,1942.1501,1967.5,1543
2016-06-02,1950,1950,1950,1950,274
2016-06-03,1950,1987.5,1950,1975,723
2016-06-06,2000,2000,1950,2000,1703
2016-06-07,1987,1987,1975,1975,250
2016-06-08,2000,2000,1987,2000,629
2016-06-09,2000,2056.25,2000,2037.5,867
2016-06-10,2000,2012.5,2000,2012.5,1332
2016-06-13,1950,1970,1950,1970,941
2016-06-14,1950,1975,1950,1955,849
2016-06-15,1970,2000,1950,2000,934
2016-06-16,1970,1970,1950,1950,288
2016-06-17,1950,2110,1923,2110,4826
2016-06-20,2025,2025,1950,2025,1566
2016-06-21,1974,2020.1,1940.25,1948,1507
2016-06-22,2001,2037.7499,2001,2001,2129
2016-06-23,2050,2050,2020.5201,2050,2117
2016-06-24,2001,2022.7746,1932.3948,1972.5,3596
2016-06-27,1999.9999,1999.9999,1930.94,1949.5,133
2016-06-28,1942,1942,1942,1942,60
2016-06-29,1975,1975,1905,1905,101
2016-06-30,1890,1919.5,1890,1890,484
2016-07-01,1900,2008,1900,2008,1435
2016-07-04,2002.4999,2015.5833,1973.7701,1985.5,928
2016-07-05,2000,2000,1973.4581,1975.5,515
2016-07-06,2000,2000,1975.5,1975.5,7
2016-07-07,1967.1701,2000,1967.1701,1975.5,667
2016-07-08,2000,2010.2499,1990.5,1990.5,496
2016-07-11,2030,2111,2025.26,2109,960
2016-07-12,2125,2173.5,2060.75,2124.5,317
2016-07-13,2162.5,2162.5,2084.5,2084.5,206
2016-07-14,2100,2100,2100,2100,0
2016-07-15,2055,2144.9999,2055,2105,366
2016-07-18,2120.16,2120.16,2076.64,2096.5,2845
2016-07-19,2115,2115,2074.3001,2115,58
2016-07-20,2100,2100,2080.3401,2092,2174
2016-07-21,2099,2110,2099,2099,600
2016-07-22,2083.4001,2150,2083.4001,2150,725
2016-07-25,2213,2213,2165.75,2213,418
2016-07-26,2189.75,2206.5,2189.75,2206.5,844
2016-07-27,2213,2213,2172.5,2172.5,750
2016-07-28,2205,2250,2142.95,2250,2228
2016-07-29,2090,2140,2077.0001,2140,4084
2016-08-01,2060.8,2095,2060.8,2095,140
2016-08-02,2077.2501,2077.2501,2059.0001,2075,782
2016-08-03,2100,2100,2065.0001,2100,292
2016-08-04,2087,2087,2075,2075,237
2016-08-05,2100,2151.25,2087.5,2087.5,2242
2016-08-08,2100,2100,2100,2100,12
2016-08-09,2100,2175,2072.7501,2170,1733
2016-08-10,2110,2155,2097.2501,2102,684
2016-08-11,2150,2151.25,2097.2501,2132,6804
2016-08-12,2125,2125,2125,2125,0
2016-08-15,2123,2162.5,2102.5001,2123,156
2016-08-16,2102.5001,2125,2060.0001,2087.5,2413
2016-08-17,2200,2200,2112,2150,1185
2016-08-18,2175,2175,2175,2175,0
2016-08-19,2250,2280.5,2225,2262.5,1386
2016-08-22,2250,2269.2,2227.5,2250,274
2016-08-23,2250,2273.5999,2210,2210,423
2016-08-24,2255,2280.1999,2185,2185,719
2016-08-25,2219,2219,2219,2219,67
2016-08-26,2204.5999,2204.5999,2149.8,2185,545
2016-08-30,2204.5999,2204.5999,2175,2175,135
2016-08-31,2147.4,2201.7399,2137,2157.5,865
2016-09-01,2189.6999,2198.75,2157.807,2182.5,436
2016-09-02,2220,2220,2110.0001,2172.5,1186
2016-09-05,2125,2196.25,2125,2125,2119
2016-09-06,2170,2170,2110.0001,2165,449
2016-09-07,2110,2144.8399,2110,2117.5,1325
2016-09-08,2080,2091,2065,2085,5045
2016-09-09,2050,2050,2000,2000,2534
2016-09-12,1990,2080.45,1990,1990,703
2016-09-13,2056,2056,2056,2056,0
2016-09-14,1990,2000,1940,1980,1201
2016-09-15,1968.0001,1975,1960,1960,290
2016-09-16,1955,2250,1955,2250,5518
2016-09-19,2140,2204.9999,2128.0001,2200,4089
2016-09-20,2200,2200,2180,2200,988
2016-09-21,2200,2225,2140,2225,2705
2016-09-22,2225,2225,2205,2225,15
2016-09-23,2200,2204.9999,2140.0001,2200,1119
2016-09-26,2131.25,2137.5,2111.7269,2125,994
2016-09-27,2169.9999,2169.9999,2118,2150,195
2016-09-28,2101,2174,2101,2174,110
2016-09-29,2179.5,2179.5,2179.5,2179.5,0
2016-09-30,2110.0001,2169.9999,2110.0001,2150,1030
2016-10-03,2248,2250,2199.1599,2200,788
2016-10-04,2225,2260,2200,2200,1934
2016-10-05,2260,2260,2200,2220,1049
2016-10-06,2260,2290,2213.2431,2221,3352
2016-10-07,2220,2300,2220,2243.5,714
2016-10-10,2187,2271.75,2187,2268.5,1761
2016-10-11,2310,2320,2268.5,2268.5,2118
2016-10-12,2350,2350,2309.25,2315,534
2016-10-13,2350,2350,2187,2187,24
2016-10-14,2187,2244.0501,2187,2187,428
2016-10-17,2180,2235.3154,2180,2180,763
2016-10-18,2180,2256.5,2180,2256.5,107
2016-10-19,2200,2239.2,2200,2200,1220
2016-10-20,2200,2250.0001,2200,2200,1829
2016-10-21,2200,2207.5,2200,2200,49
2016-10-24,2195,2305.8599,2075,2112.5,7473
2016-10-25,2142.2,2142.2,2127.5,2127.5,229
2016-10-26,2170,2170,2100,2100,873
2016-10-27,2180,2180,2115,2115,80
2016-10-28,2050,2055,2050,2055,668
2016-10-31,2010,2030,2010,2030,222
2016-11-01,2000,2007.92,1920,1925,1488
2016-11-02,1930,1945,1925,1930,676
2016-11-03,1925,1925,1925,1925,162
2016-11-04,1900,1924,1900,1905,311
2016-11-07,1860,1900,1850,1865,1046
2016-11-08,1869,1869,1847.5,1847.5,212
2016-11-09,1830,1850,1830,1850,200
2016-11-10,1849.9999,1850,1849.9999,1850,351
2016-11-11,1825,1850,1780,1850,335
2016-11-14,1876,1876,1843,1857.5,365
2016-11-15,1815,1815,1800,1800,916
2016-11-16,1806,1840,1806,1840,400
2016-11-17,1790,1827.5,1790,1827.5,281
2016-11-18,1787.2,1840,1787.2,1840,92
2016-11-21,1819.6,1850,1819.6,1850,61
2016-11-22,1800,1840,1800,1840,941
2016-11-23,1795,1818.5,1775,1804,3131
2016-11-24,1845,1900,1758,1850,6902
2016-11-25,1850,1875,1850,1875,632
2016-11-28,1850,1875,1850,1875,900
2016-11-29,1940,1940,1940,1940,94
2016-11-30,1887.9999,1895,1887.9999,1895,35
2016-12-01,1850,1862.5,1850,1862.5,1397
2016-12-02,1905,1905,1905,1905,0
2016-12-05,1891.8,1905,1891.7999,1905,117
2016-12-06,1905,1905,1905,1905,0
2016-12-07,1850,1887.5,1850,1887.5,3174
2016-12-08,1884,1884,1875.4999,1884,502
2016-12-09,1887.5,1887.5,1887.5,1887.5,0
2016-12-12,1900,1900,1887.5,1887.5,1528
2016-12-13,1895,1895,1895,1895,0
2016-12-14,1910,1910.25,1895.5,1895.5,130
2016-12-15,1925,1925,1870.0001,1895.5,315
2016-12-16,1866,1908.5,1730,1800,6563
2016-12-19,1725,1750,1707.2001,1727.5,2018
2016-12-20,1716.2801,1735,1716.2801,1735,49
2016-12-21,1721,1732.4496,1721,1721,35
2016-12-22,1720,1800,1720,1800,821
2016-12-23,1800,1800,1715.4501,1775,935
2016-12-28,1800,1800,1777.5,1777.5,253
2016-12-29,1800,1800,1752.5,1752.5,400
2016-12-30,1800,1800,1752.5,1752.5,1
2017-01-03,1777.5,1790,1719.9001,1755,807
2017-01-04,1768,1768,1715.3055,1730.5,998
2017-01-05,1728.75,1752.5,1728.75,1752.5,200
2017-01-06,1740,1785,1740,1785,636
2017-01-09,1825,1825,1790,1825,2004
2017-01-10,1732.5001,1816.2499,1732.5001,1800,598
2017-01-11,1830,1860,1746.2501,1860,2199
2017-01-12,1862.5,1862.5,1862.5,1862.5,0
2017-01-13,1862.5,1862.5,1862.5,1862.5,0
2017-01-16,1841.2501,1862.5,1841.25,1862.5,259
2017-01-17,1820,1841.2501,1820,1820,1749
2017-01-18,1800,1831.25,1800,1800,343
2017-01-19,1815,1850,1815,1817.5,1119
2017-01-20,1815,1841.25,1750,1756,2715
2017-01-23,1705,1758.2501,1700,1745,3879
2017-01-24,1700,1745,1685.6501,1717.5,1327
2017-01-25,1720,1720,1657,1720,5678
2017-01-26,1750,1750,1720,1750,1838
2017-01-27,1750,1750,1736.25,1737.5,509
2017-01-30,1720,1740.0999,1700,1710,3023
2017-01-31,1750,1750,1705,1710,1555
2017-02-01,1720,1720,1701.2438,1710,2441
2017-02-02,1702,1710.8,1702,1710,560
2017-02-03,1719,1719,1700,1719,1284
2017-02-06,1700,1710,1700,1710,2368
2017-02-07,1710,1710,1710,1710,0
2017-02-08,1720,1720,1720,1720,15
2017-02-09,1701,1720,1701,1710,2630
2017-02-10,1740,1770,1701.2,1770,1518
2017-02-13,1769,1769,1701,1734.5,370
2017-02-14,1730,1730,1730,1730,1
2017-02-15,1730,1734.5,1705,1734.5,1040
2017-02-16,1710.5,1735,1710.5,1735,1000
2017-02-17,1765,1765,1737,1737,159
2017-02-20,1735,1735,1735,1735,0
2017-02-21,1770,1770,1770,1770,2
2017-02-22,1770,1770,1735,1735,313
2017-02-23,1710.5,1769.3,1710.5,1735,149
2017-02-24,1715.4,1735,1715.4,1735,400
2017-02-27,1765.8,1765.8,1725,1735,1700
2017-02-28,1700,1735,1700,1700,867
2017-03-01,1770,1825,1715.4,1820,995
2017-03-02,1840,1840,1795,1795,2600
2017-03-03,1770,1770,1770,1770,0
2017-03-06,1770,1770,1770,1770,1650
2017-03-07,1840,1850,1780,1820,852
2017-03-08,1870,1898.8999,1807.194,1870,262
2017-03-09,1850,1895,1850,1895,234
2017-03-10,1940,1950,1725.0001,1750,5765
2017-03-13,1700,1801.25,1690,1800,1505
2017-03-14,1801.3999,1801.3999,1730.42,1749.5,556
2017-03-15,1700,1774.25,1700,1701,334
2017-03-16,1701,1730,1524.4001,1619.5,5063
2017-03-17,1640,1700,1600,1633,1946
2017-03-20,1684.2101,1684.2101,1650,1650,20
2017-03-21,1650,1650,1650,1650,0
2017-03-22,1600,1649,1585,1645,5242
2017-03-23,1601,1650,1601,1650,372
2017-03-24,1605,1650,1605,1650,106
2017-03-27,1600,1630,1600,1624.5,1120
2017-03-28,1601,1607.3752,1570,1597,2914
2017-03-29,1625,1625,1575,1625,1180
2017-03-30,1600,1631.56,1550,1568,4157
2017-03-31,1550,1600,1525,1600,4643
2017-04-03,1550,1557.28,1525,1525,4916
2017-04-04,1536.8,1569,1536.8,1569,99
2017-04-05,1572.5,1572.5,1572.5,1572.5,0
2017-04-06,1530,1582,1530,1582,3496
2017-04-07,1590,1622,1579.5,1622,4954
2017-04-10,1577,1632.44,1576,1613,1090
2017-04-11,1560,1606.5,1560,1606.5,11000
2017-04-12,1575,1575,1550,1565,5735
2017-04-13,1555,1572.64,1555,1565.5,2914
2017-04-18,1575,1575,1550,1567.5,1018
2017-04-19,1576,1576,1555,1562.5,3235
2017-04-20,1575,1576,1563,1563,2513
2017-04-21,1580.5874,1580.5874,1563.2648,1570.5,26
2017-04-24,1540,1575,1540,1560,3347
2017-04-25,1531,1580.5999,1510,1574.5,4052
2017-04-26,1550,1601,1550,1601,1027
2017-04-27,1580,1599,1570,1570,621
2017-04-28,1570,1609.5,1570,1609.5,474
2017-05-02,1600,1600,1575.7,1600,29954
2017-05-03,1600,1600.0001,1570,1590,2458
2017-05-04,1640,1640,1600,1600,937
2017-05-05,1600,1643,1600,1643,2360
2017-05-08,1645,1645,1601,1620.5,330
2017-05-09,1627.3,1627.3,1623.5,1623.5,250
2017-05-10,1605,1628,1605,1628,183
2017-05-11,1600,1619,1600,1619,4
2017-05-12,1610,1617,1610,1617,170
2017-05-15,1589,1589,1589,1589,0
2017-05-16,1602,1613,1600.0001,1602,1411
2017-05-17,1622,1622,1611,1611,1226
2017-05-18,1600,1615,1530,1530,9039
2017-05-19,1582.7701,1618,1582.7701,1618,102
2017-05-22,1600,1617.5,1575,1575,2186
2017-05-23,1561.7801,1563,1560,1562.5,923
2017-05-24,1600,1600,1527.48,1600,532
2017-05-25,1576,1580,1555,1555,1400
2017-05-26,1598,1600,1547,1580.5,10828
2017-05-30,1600,1620,1584.0638,1607,4206
2017-05-31,1600,1630,1590,1630,33176
2017-06-01,1581,1614,1580,1614,1842
2017-06-02,1594.78,1614,1594.78,1614,500
2017-06-05,1600,1628.1199,1600,1600,578
2017-06-06,1570.7101,1628.5,1570.7101,1628.5,90
2017-06-07,1628,1628,1628,1628,0
2017-06-08,1660,1660,1599.5,1599.5,696
2017-06-09,1650,1650,1604.5,1604.5,11
2017-06-12,1582.227,1625.5,1582.227,1625.5,106
2017-06-13,1655,1655,1614.6291,1624.5,2455
2017-06-14,1630,1659,1625,1625,1458
2017-06-15,1659,1659,1611.21,1629.5,599
2017-06-16,1659,1659,1644.5,1659,583
2017-06-19,1659,1659,1591.7701,1611,756
2017-06-20,1642.5,1642.5,1642.5,1642.5,0
2017-06-21,1604,1604,1589.2501,1602,1407
2017-06-22,1604,1605,1604,1604,2105
2017-06-23,1602,1636.59,1590,1617,2000
2017-06-26,1631.5,1631.5,1631.5,1631.5,0
2017-06-27,1632,1632,1632,1632,0
2017-06-28,1604,1606,1575,1600,8656
2017-06-29,1610,1610,1580,1580,2691
2017-06-30,1602,1602,1575,1575,2642
2017-07-03,1575,1610,1575,1610,126
2017-07-04,1603,1610.13,1587.5,1587.5,1873
2017-07-05,1602,1604.9,1587.5,1587.5,1005
2017-07-06,1660,1660,1660,1660,2
2017-07-07,1645.42,1645.42,1632.5,1632.5,362
2017-07-10,1630,1630,1630,1630,0
2017-07-11,1632.5,1632.5,1632.5,1632.5,0
2017-07-12,1643.8,1643.8,1640,1640,600
2017-07-13,1603,1633,1603,1633,550
2017-07-14,1606,1606,1602,1602,1229
2017-07-17,1600,1600,1575,1586,504
2017-07-18,1575,1591.7701,1575,1575,151
2017-07-19,1575,1575,1572.5,1572.5,715
2017-07-20,1550,1636.3251,1550,1550,13
2017-07-21,1577.5,1577.5,1577.5,1577.5,0
2017-07-24,1550,1640.3138,1550,1565,1486
2017-07-25,1600,1600,1550,1575,1247
2017-07-26,1577.5,1577.5,1562.5,1562.5,173
2017-07-27,1550,1577.5,1550,1550,1082
2017-07-28,1550,1550,1550,1550,495
2017-07-31,1550,1600,1550,1600,520
2017-08-01,1592.5,1592.5,1592.5,1592.5,0
2017-08-02,1590,1592.5,1590,1592.5,449
2017-08-03,1526,1625.16,1525,1594.5,953
2017-08-04,1592,1592,1592,1592,0
2017-08-07,1525,1530,1525,1530,367
2017-08-08,1528,1592,1528,1592,1632
2017-08-09,1599,1599,1599,1599,14
2017-08-10,1607.5,1607.5,1607.5,1607.5,0
2017-08-11,1525,1579.5,1525,1579.5,308
2017-08-14,1562.5,1562.5,1562.5,1562.5,0
2017-08-15,1590,1590,1580,1590,36
2017-08-16,1587.5,1587.5,1587.5,1587.5,0
2017-08-17,1525,1592.5,1525,1592.5,100
2017-08-18,1525,1542.5,1525,1542.5,690
2017-08-21,1510,1567,1510,1567,200
2017-08-22,1630,1630,1570,1570,2250
2017-08-23,1550,1584.5,1510,1584.5,3494
2017-08-24,1510,1609.16,1510,1562,17
2017-08-25,1612.86,1612.86,1579.5,1579.5,620
2017-08-29,1595,1595,1579.5,1579.5,500
2017-08-30,1520,1575,1520,1575,800
2017-08-31,1620,1620,1517,1620,294
2017-09-01,1591,1614.9,1582.5,1582.5,897
2017-09-04,1550,1614.16,1524.38,1554.5,1140
2017-09-05,1550,1590,1520,1579.5,2556
2017-09-06,1510,1600,1510,1580,160
2017-09-07,1600,1624,1575,1575,2791
2017-09-08,1535,1582,1535,1582,60
2017-09-11,1550,1629.1352,1550,1582,669
2017-09-12,1594.5,1594.5,1594.5,1594.5,0
2017-09-13,1525,1587.5,1525,1587.5,656
2017-09-14,1582,1582,1582,1582,0
2017-09-15,1551,1610,1551,1551,1337
2017-09-18,1617.5,1617.5,1595,1595,100
2017-09-19,1595,1595,1595,1595,0
2017-09-20,1617.5,1617.5,1595,1595,64
2017-09-21,1592,1617.5,1592,1617.5,3420
2017-09-22,1620,1620,1595,1595,700
2017-09-25,1595,1595,1595,1595,0
2017-09-26,1581.5,1595,1581.5,1595,100
2017-09-27,1600,1607.4672,1600,1600,158
2017-09-28,1550,1595,1550,1595,140
2017-09-29,1640,1750,1638,1671,5235
2017-10-02,1747,1747,1685.0101,1740,704
2017-10-03,1744,1750,1744,1750,1532
2017-10-04,1750,1800,1670,1735,686
2017-10-05,1706.4,1735,1706.4,1735,40
2017-10-06,1782.7703,1798.7099,1735.5,1735.5,109
2017-10-09,1810,1875,1792.6149,1832.5,2491
2017-10-10,1875,1998.9999,1814.2501,1935,10788
2017-10-11,1860,1983.8599,1860,1860,4217
2017-10-12,1957.7199,1957.7199,1905,1905,294
2017-10-13,1860,1889.9999,1852.5,1865,2283
2017-10-16,1880,1900,1880,1890,2155
2017-10-17,1880,1880,1825,1825,1899
2017-10-18,1849.9999,1849.9999,1812,1812,48
2017-10-19,1825,1825,1799.5,1799.5,100
2017-10-20,1849,1849,1840,1849,520
2017-10-23,1860,1950,1834.1001,1882.5,13705
2017-10-24,1894,1930,1894,1930,3019
2017-10-25,1960,1960,1937.5,1937.5,201
2017-10-26,1901,1901,1901,1901,1
2017-10-27,1975,1975,1960,1975,522
2017-10-30,2000,2100,1950,2017.5,1746
2017-10-31,2125,2125,2061,2061,1861
2017-11-01,2060,2060,2060,2060,5
2017-11-02,2128,2128,2100,2107.5,124
2017-11-03,2050,2050.5,2040.6001,2050.5,750
2017-11-06,2040.6001,2090,2040.6,2050.5,1689
2017-11-07,2090,2090,2050.5,2050.5,13
2017-11-08,2001,2060,2001,2060,1500
2017-11-09,2100,2100,2020,2020,688
2017-11-10,2040,2090,2040,2040,63
2017-11-13,2052.0001,2087.5,2052,2087.5,752
2017-11-14,2125,2125,2064,2125,900
2017-11-15,2067,2102.5,2067,2102.5,1024
2017-11-16,2100,2100,2059.5,2059.5,588
2017-11-17,2084.9999,2084.9999,2060,2060,75
2017-11-20,2060,2060,2060,2060,0
2017-11-21,2065.5,2065.5,2065.5,2065.5,0
2017-11-22,2001,2001,2000,2000,500
2017-11-23,2095,2095,2000.0001,2095,170
2017-11-24,2040,2040,2040,2040,0
2017-11-27,1950,2005,1950,2005,877
2017-11-28,1951,2029.5199,1951,1992,1247
2017-11-29,1992,1992,1992,1992,0
2017-11-30,2000,2000,2000,2000,127
2017-12-01,2020,2020,1972,1972,814
2017-12-04,1925,1992,1925,1992,244
2017-12-05,1992,1992,1992,1992,0
2017-12-06,1925,1992.5,1925,1992.5,782
2017-12-07,1925,1992.5,1925,1992.5,356
2017-12-08,1925,2060,1925,1992.5,1159
2017-12-11,1920,1990,1920,1990,1440
2017-12-12,1920,1920,1920,1920,762
2017-12-13,2000,2000,2000,2000,1011
2017-12-14,1969.5,1969.5,1969.5,1969.5,0
2017-12-15,1988,1988,1988,1988,8
2017-12-18,2060,2060,2037.5,2037.5,1370
2017-12-19,1987.5,1987.5,1987.5,1987.5,0
2017-12-20,2000,2000,2000,2000,0
2017-12-21,2050,2050,2050,2050,1407
2017-12-22,2025,2025,2025,2025,0
2017-12-27,2000,2000,1975,1975,500
2017-12-28,2050,2050,2050,2050,18
2017-12-29,2025,2025,2025,2025,205
2018-01-02,1950,2005,1950,2005,1
2018-01-03,2020,2020,2020,2020,0
2018-01-04,1995,1995,1995,1995,0
2018-01-05,1995,1995,1995,1995,0
2018-01-08,1995,1995,1995,1995,0
2018-01-09,1995,1995,1995,1995,0
2018-01-10,2040,2040,1959.0001,1980,496
2018-01-11,1975,1975,1975,1975,0
2018-01-12,1950,1987.5,1950,1950,1263
2018-01-15,1975,1975,1975,1975,0
2018-01-16,2000,2000,1950,1995,21979
2018-01-17,1995,1995,1995,1995,0
2018-01-18,1995,1995,1995,1995,0
2018-01-19,1995,1995,1995,1995,0
2018-01-22,2040,2040,1967,1995,2357
2018-01-23,2015,2015,2015,2015,0
2018-01-24,2015,2015,2015,2015,0
2018-01-25,2000,2014,1950,1975,2690
2018-01-26,2000,2000,1950,1975,200
2018-01-29,1970,1970,1970,1970,0
2018-01-30,1940,1940,1940,1940,21
2018-01-31,1940,1975.9999,1932,1970,2408
2018-02-01,2005,2005,2005,2005,0
2018-02-02,1930,1940,1900,1940,645
2018-02-05,1900,1915,1853,1915,300
2018-02-06,1850,1872,1800,1800,718
2018-02-07,1880,1880,1880,1880,1161
2018-02-08,1835,1835,1835,1835,0
2018-02-09,1840,1840,1840,1840,0
2018-02-12,1760,1799.0001,1745,1745,1215
2018-02-13,1700,1712,1670,1670,1644
2018-02-14,1670,1725.9999,1660,1720,5390
2018-02-15,1680,1720,1680,1720,1
2018-02-16,1750,1800,1750,1800,1403
2018-02-19,1800,1800,1746,1770,683
2018-02-20,1740,1740,1700,1710,2495
2018-02-21,1730,1730,1730,1730,0
2018-02-22,1700,1705,1680,1705,1830
2018-02-23,1705,1705,1705,1705,0
2018-02-26,1700,1749,1700,1725,5170
2018-02-27,1760,1765,1760,1765,200
2018-02-28,1740,1740,1740,1740,4
2018-03-01,1750,1750,1750,1750,1
2018-03-02,1750,1750,1700,1700,1658
2018-03-05,1660,1660,1660,1660,179
2018-03-06,1700,1700,1700,1700,10
2018-03-07,1750,1750,1705,1750,202
2018-03-08,1660,1660,1660,1660,1
2018-03-09,1660,1740,1660,1660,1001
2018-03-12,1680,1750,1670,1680,1597
2018-03-13,1720,1720,1720,1720,0
2018-03-14,1690,1690,1690,1690,2
2018-03-15,1710,1710,1710,1710,0
2018-03-16,1760,1760,1710,1710,828
2018-03-19,1680,1730,1678.89,1680,1707
2018-03-20,1715,1715,1715,1715,0
2018-03-21,1700,1740,1660,1660,602
2018-03-22,1660,1705,1658.0601,1690,4084
2018-03-23,1690,1690,1660,1660,1068
2018-03-26,1660,1660,1660,1660,0
2018-03-27,1700,1700,1700,1700,1400
2018-03-28,1700,1700,1700,1700,0
2018-03-29,1650,1700,1650,1700,3007
2018-04-03,1700,1760,1650,1760,81921
2018-04-04,1760,1760,1700,1700,2906
2018-04-05,1700,1742.5,1700,1710,948
2018-04-06,1750,1750,1750,1750,0
2018-04-09,1750,1750,1750,1750,0
2018-04-10,1700,1710,1700,1710,21
2018-04-11,1720,1775,1720,1750,1131
2018-04-12,1765,1765,1765,1765,0
2018-04-13,1800,1858.9999,1794.4999,1820,951
2018-04-16,1860,1860,1780,1860,153
2018-04-17,1790,1820,1790,1820,200
2018-04-18,1790,1850,1790,1820,4931
2018-04-19,1800,1830,1800,1820,1891
2018-04-20,1840,1840,1840,1840,0
2018-04-23,1840,1840,1840,1840,0
2018-04-24,1790,1840,1790,1840,249
2018-04-25,1830,1830,1830,1830,0
2018-04-26,1880,1880,1880,1880,1
2018-04-27,1845,1845,1845,1845,0
2018-04-30,1790,1800,1765,1770,3164
2018-05-01,1800,1800,1755,1770,3661
2018-05-02,1755,1760,1755,1760,268
2018-05-03,1820,1820,1800,1800,150
2018-05-04,1820,1820,1755,1800,123
2018-05-08,1840,1885,1820,1885,2191
2018-05-09,1900,1917.5,1866.8001,1885,2167
2018-05-10,1890,1890,1885,1885,2000
2018-05-11,1890,1890,1875,1875,2100
2018-05-14,1930,1980,1875,1950,1689
2018-05-15,1979.5,1999.5,1951.0001,1960,5251
2018-05-16,2000,2155,2000,2140,4633
2018-05-17,2160,2210,2155.6,2210,8713
2018-05-18,2220,2220,2197.6001,2200,2907
2018-05-21,2166.4,2166.4001,2135,2140,1133
2018-05-22,2240,2240,2152.8001,2160,2676
2018-05-23,2140,2198,2140,2170,1537
2018-05-24,2120,2177.6,2060,2060,1996
2018-05-25,2080,2100,2020,2100,1720
2018-05-29,2040,2100,2034,2100,1463
2018-05-30,2040,2090,2000,2050,2215
2018-05-31,2020,2065,2020,2060,11690
2018-06-01,2020,2037.6001,2000,2000,1405
2018-06-04,2020,2065,1980,2000,11761
2018-06-05,1980,2043.5,1980,2000,9294
2018-06-06,2000,2032.5,1980,1980,2272
2018-06-07,1980,2039.9999,1960,2000,10028
2018-06-08,1960,2010,1960,2000,12837
2018-06-11,1960,2040,1900,1920,22845
2018-06-12,1910,2019,1910,1980,2168
2018-06-13,1910,2040,1880,1890,41710
2018-06-14,1880,1900,1850,1880,26201
2018-06-15,1900,1940,1830,1890,131191
2018-06-18,1900,1937.5,1900,1900,9001
2018-06-19,1910,1918.8,1860,1900,2916
2018-06-20,1860,1936,1850,1850,654
2018-06-21,1920,1980,1920,1980,1012
2018-06-22,1920,1935,1910,1935,1821
2018-06-25,1930,1930,1930,1930,0
2018-06-26,1930,1930,1930,1930,0
2018-06-27,1950,1950,1900,1900,712
2018-06-28,1870,1965,1850,1850,1514
2018-06-29,1963.4,1963.4,1870,1915,2000
2018-07-02,1950,1950,1890,1915,28550
2018-07-03,1880,1950,1880,1915,1245
2018-07-04,1850,1850,1850,1850,101
2018-07-05,1860,1915,1860,1915,2306
2018-07-06,1860,1950,1860,1915,1883
2018-07-09,1860,1915,1860,1915,1201
2018-07-10,1915,1915,1915,1915,0
2018-07-11,1915,1915,1915,1915,0
2018-07-12,1860,1915,1860,1915,2
2018-07-13,1860,1945,1850,1910,2330
2018-07-16,1850,1940,1850,1915,529
2018-07-17,1850,1940,1850,1910,1007
2018-07-18,1850,1940,1850,1895,25
2018-07-19,1930,1930,1895,1895,1
2018-07-20,1870,1935,1870,1870,1802
2018-07-23,1850.0001,1895,1850.0001,1895,1000
2018-07-24,1850,1920.1999,1850,1850,1009
2018-07-25,1890,1913.5999,1821.2001,1860,1360
2018-07-26,1890,2340,1890,2280,29688
2018-07-27,2280,2520,2280,2520,9680
2018-07-30,2500,2560,2460,2500,3408
2018-07-31,2519.2,2519.2,2460,2480,1490
2018-08-01,2540,2578.6,2460,2470,4504
2018-08-02,2500,2514,2460,2470,1088
2018-08-03,2534,2534,2465,2480,1600
2018-08-06,2540,2624.6,2540,2570,13367
2018-08-07,2560.0001,2618,2560.0001,2590,8004
2018-08-08,2620,2680,2600,2630,5048
2018-08-09,2600,2740,2600,2700,2247
2018-08-10,2740,2740,2710,2710,72
2018-08-13,2740,2740,2680,2680,32
2018-08-14,2700,2740,2670,2670,826
2018-08-15,2700,2700,2550,2560,6692
2018-08-16,2520,2600,2520,2540,3891
2018-08-17,2520.0001,2530,2520.0001,2530,450
2018-08-20,2500,2558.495,2456.0001,2500,3477
2018-08-21,2534,2534,2490,2490,350
2018-08-22,2580,2580,2520,2520,952
2018-08-23,2570,2570,2520,2520,2950
2018-08-24,2500,2600,2480,2530,12228
2018-08-28,2500,2610,2440,2480,3565
2018-08-29,2520,2597.9362,2495.2,2570,6323
2018-08-30,2520,2610,2515,2520,9885
2018-08-31,2505.6,2600,2505.6,2550,791
2018-09-03,2640,2640,2561.6001,2590,2613
2018-09-04,2660,2700,2630,2630,1562
2018-09-05,2621.6,2640,2600.0001,2640,130
2018-09-06,2560,2630,2549,2630,2970
2018-09-07,2660,2700,2640,2640,1549
2018-09-10,2540,2668,2540,2630,292
2018-09-11,2660,2700,2605,2650,1477
2018-09-12,2625,2650,2625,2650,20
2018-09-13,2620,2660,2600,2620,4101
2018-09-14,2640,2735,2640,2700,1904
2018-09-17,2700,2719.3999,2650,2700,813
2018-09-18,2677.6,2739.1999,2677.6,2720,1131
2018-09-19,2660,2734.8,2620,2720,968
2018-09-20,2710,2710,2710,2710,0
2018-09-21,2700,2710,2700,2710,1250
2018-09-24,2700,2750,2620,2670,715
2018-09-25,2700,2700,2630,2680,402
2018-09-26,2738.7999,2738.7999,2680,2680,145
2018-09-27,2740,2760,2680,2760,1115
2018-09-28,2780,2800,2720,2800,1036
2018-10-01,2780,2780,2680,2750,1790
2018-10-02,2800,2850.4,2720,2780,1093
2018-10-03,2860,2860,2720.8,2810,1984
2018-10-04,2880,2940,2840,2870,4777
2018-10-05,2880,2963.2,2830,2920,1135
2018-10-08,2920,2960,2800,2850,2375
2018-10-09,2800,2937.6,2800,2870,1215
2018-10-10,2820,2870,2760,2820,1535
2018-10-11,2740,2824.9999,2700,2740,1240
2018-10-12,2700,2790,2700,2760,794
2018-10-15,2740,2816.1277,2740,2790,233
2018-10-16,2720,2815.9999,2720,2780,787
2018-10-17,2740,2809.9999,2740,2780,1904
2018-10-18,2720,2780,2700,2780,73
2018-10-19,2720,2720,2700,2710,1186
2018-10-22,2700,2800.4,2560,2600,5056
2018-10-23,2560,2560,2460,2510,743
2018-10-24,2480,2538.4,2460,2520,1219
2018-10-25,2460,2560,2460,2520,461
2018-10-26,2480,2553.6,2440,2510,2423
2018-10-29,2500,2573.6,2470,2540,7074
2018-10-30,2500,2560.8,2500,2540,1151
2018-10-31,2565,2565,2540,2540,391
2018-11-01,2540,2575.2,2500,2540,3687
2018-11-02,2580,2600,2500,2520,5614
2018-11-05,2600,2630,2540,2540,3263
2018-11-06,2540,2635,2540,2600,63
2018-11-07,2620,2650,2568,2640,818
2018-11-08,2680,2860,2680,2740,6856
2018-11-09,2780,2800,2740,2780,2618
2018-11-12,2820,2940,2800,2800,4107
2018-11-13,2820,2908.8,2760,2790,519
2018-11-14,2800,2840,2780,2810,2911
2018-11-15,2760,2780,2760,2780,3
2018-11-16,2740,2790,2740,2790,3
2018-11-19,2740,2833.6,2680,2740,2237
2018-11-20,2680,2806,2640,2730,2075
2018-11-21,2740,2778.4,2640,2660,2353
2018-11-22,2660,2778.4,2660,2740,470
2018-11-23,2680,2690,2660,2690,309
2018-11-26,2689.6,2689.6,2680,2680,1000
2018-11-27,2660,2738.4,2620,2700,590
2018-11-28,2660,2743.6,2660,2720,2384
2018-11-29,2660,2720,2660,2720,6
2018-11-30,2660,2717.6,2600,2670,1124
2018-12-03,2680,2750,2615,2730,419
2018-12-04,2620,2680,2620,2680,103
2018-12-05,2680,2680,2620,2680,1644
2018-12-06,2600,2715.2,2600,2680,1288
2018-12-07,2580,2652,2540,2620,2160
2018-12-10,2600,2670,2580,2580,1204
2018-12-11,2600,2700.8,2600,2670,533
2018-12-12,2600,2700.8,2600,2670,229
2018-12-13,2600,2744,2600,2700,304
2018-12-14,2700,2780,2700,2740,741
2018-12-17,2740,2770.2,2700,2710,1129
2018-12-18,2700,2765,2680,2680,9527
2018-12-19,2700,2700,2640,2640,3921
2018-12-20,2640,2640,2560,2580,1668
2018-12-21,2560,2597.6,2560,2580,947
2018-12-24,2560,2612.8,2500,2570,521
2018-12-27,2520,2580,2520,2540,405
2018-12-28,2500,2537.6,2440,2490,1827
2018-12-31,2500,2520,2500,2520,690
2019-01-02,2500,2565.6,2500,2530,1258
2019-01-03,2460,2500,2400,2460,5841
2019-01-04,2460,2460,2300,2370,8782
2019-01-07,2400,2476,2380,2430,1806
2019-01-08,2460,2503.3333,2400,2470,1067
2019-01-09,2400,2531.2,2400,2460,1405
2019-01-10,2440,2506,2400,2450,10671
2019-01-11,2480,2523.2,2420,2510,2814
2019-01-14,2440,2440,2440,2440,0
2019-01-15,2460,2520,2400,2430,9528
2019-01-16,2420,2439.6,2400.4,2420,2567
2019-01-17,2400,2475,2380,2440,1120
2019-01-18,2475,2475,2450,2450,256
2019-01-21,2460,2484,2460,2460,1072
2019-01-22,2400,2517.6,2400,2470,939
2019-01-23,2517.6,2517.6,2470,2470,299
2019-01-24,2427.2,2528,2427.2,2480,3786
2019-01-25,2540,2540,2415.4,2470,2854
2019-01-28,2440,2526.8,2400,2440,379
2019-01-29,2526,2526,2470,2470,109
2019-01-30,2580,2580,2400,2530,1943
2019-01-31,2580,2660,2580,2600,16077
2019-02-01,2740,2740,2565.0993,2720,30986
2019-02-04,2800,2819.6,2714.4,2720,2214
2019-02-05,2714.4,2790,2714.4,2790,446
2019-02-06,2820,2820,2767.2,2770,1043
2019-02-07,2876.8,2876.8,2800,2800,485
2019-02-08,2800,2937.6,2800,2820,10730
2019-02-11,2800,2957.2,2800,2880,1430
2019-02-12,2960,3000,2900,2960,1405
2019-02-13,3020,3020,2956.8,3010,1252
2019-02-14,3080,3080,3040,3040,373
2019-02-15,2960,3058.8,2959.2,3000,6060
2019-02-18,3078.8,3078.8,2976,3010,410
2019-02-19,2960,3000,2959.2,3000,2341
2019-02-20,3000,3080,3000,3040,2258
2019-02-21,3080,3080,2960,3010,410
2019-02-22,2960,3035.4546,2940,3010,16405
2019-02-25,3060,3060,2940,2990,567
2019-02-26,2980,3070.4,2921.6,2960,743
2019-02-27,2960,3054.15,2960,2980,1757
2019-02-28,3060,3060,3000,3000,1706
2019-03-01,3000,3050,2940,2990,3384
2019-03-04,2940,2976.4,2940,2950,948
2019-03-05,2980,3010,2948.4,3010,815
2019-03-06,2940,2960,2940,2960,336
2019-03-07,2980,3000,2948.4,3000,1598
2019-03-08,2900,2995.2,2900,2930,198
2019-03-11,2920,3000,2920,2930,930
2019-03-12,2920,2950,2906,2950,1040
2019-03-13,2903.6,2930,2903.6,2930,250
2019-03-14,2860,2910,2860,2910,181
2019-03-15,2880,2919.2,2860,2910,1923
2019-03-18,2919.2,2919.2,2900,2900,110
2019-03-19,2820,2917.6,2760,2830,1800
2019-03-20,2820,2830,2820,2830,24
2019-03-21,2883.6,2883.6,2860,2860,49
2019-03-22,2800,2870,2800,2870,2
2019-03-25,2888.8,2888.8,2810.23,2870,643
2019-03-26,2888.8,2888.8,2760,2790,66
2019-03-27,2760,2770,2740,2770,966
2019-03-28,2740,2800,2700,2780,840
2019-03-29,2720,2775,2700,2700,1181
2019-04-01,2740,2854,2700,2700,1929
2019-04-02,2859.0909,2910,2740,2910,1463
2019-04-03,3000,3023.6026,2760,2890,1800
2019-04-04,2760,2900,2760,2900,9
2019-04-05,2780,2910,2780,2910,550
2019-04-08,3020,3040,2820,2970,6346
2019-04-09,2820,3030.9091,2820,2930,55
2019-04-10,3029,3029,2840,2930,211
2019-04-11,3020,3040,2885,3000,2760
2019-04-12,3080,3160,3000,3100,3576
2019-04-15,3100,3180,3050,3180,3403
2019-04-16,3140,3244.8,3080,3200,4301
2019-04-17,3180,3280,3180,3240,3559
2019-04-18,3267.2,3267.2,3065,3200,2769
2019-04-23,3160,3280,3160,3210,2306
2019-04-24,3210,3210,3136,3200,11001
2019-04-25,3292,3292,3208,3250,255
2019-04-26,3220,3292,3183.2,3200,2480
2019-04-29,3272,3272,3240,3240,59
2019-04-30,3240,3240,3100,3100,24880
2019-05-01,3238.4,3238.4,3122,3170,98
2019-05-02,3208.8,3208.8,3130,3200,14354
2019-05-03,3100,3180,3100,3150,1409
2019-05-07,3100,3130,3060,3130,1157
2019-05-08,3200.8,3200.8,3060,3180,495
2019-05-09,3080,3183.2,3060,3130,859
2019-05-10,3060,3170,3040,3170,966
2019-05-13,3172,3172,3160,3160,30
2019-05-14,3164.8,3170,3042.4,3170,48
2019-05-15,3164.8,3164.8,3144,3150,38
2019-05-16,3140,3140,3020,3100,1388
2019-05-17,3160,3160,3160,3160,0
2019-05-20,3020,3150,3020,3150,842
2019-05-21,3160,3160,3010,3160,203
2019-05-22,3100,3180,3000,3180,2056
2019-05-23,3160,3193.8462,3116.6,3160,753
2019-05-24,3264.4,3264.4,3090,3090,27
2019-05-28,3220,3240,3150.4,3220,489
2019-05-29,3140,3202.8,3140,3140,470
2019-05-30,3218.4,3218.4,3001.2,3070,273
2019-05-31,3000,3070,3000,3070,8
2019-06-03,3000,3060,2980,3060,182
2019-06-04,2977.54,3101.8,2977.54,3050,779
2019-06-05,3120,3140,3001.2,3020,2615
2019-06-06,3000,3140,3000,3100,2687
2019-06-07,3100,3140,3007,3120,1406
2019-06-10,3140,3140,2900,3140,3039
2019-06-11,3140,3180,3120,3180,4410
2019-06-12,3200,3280,3000,3280,12580
2019-06-13,3300,3480,3300,3360,5636
2019-06-14,3480,3480,3320,3420,11243
2019-06-17,3480,3480,3365,3440,4247
2019-06-18,3560,3560,3365,3440,3616
2019-06-19,3480,3480,3340,3460,8908
2019-06-20,3300,3464,3300,3300,1574
2019-06-21,3320,3446,3240,3300,75754
2019-06-24,3380,3380,3348.8,3380,10646
2019-06-25,3380,3380,3260,3260,476
2019-06-26,3400,3400,3180,3220,1995
2019-06-27,3160,3400,3160,3300,44
2019-06-28,3380,3440,3180,3440,499
2019-07-01,3200,3414.4,3175.6364,3400,540
2019-07-02,3180,3340,3180,3340,1200
2019-07-03,3200,3240,3040,3100,1020
2019-07-04,3280,3280,3270,3270,472
2019-07-05,3200,3290,3184,3290,485
2019-07-08,3223.2,3290,3223.2,3290,145
2019-07-09,3320,3360,3190,3190,653
2019-07-10,3340,3340,3126,3170,36
2019-07-11,3380,3380,3180,3360,1843
2019-07-12,3380,3400,3133,3400,372
2019-07-15,3380,3440,3232,3440,325
2019-07-16,3220,3460,3220,3340,364
2019-07-17,3460,3600,3336.8,3560,2491
2019-07-18,3480,3580,3420,3460,3966
2019-07-19,3500,3514.1875,3420,3420,2271
2019-07-22,3420,3500,3360,3460,1575
2019-07-23,3340,3500,3340,3460,609
2019-07-24,3460,3460,3400,3400,528
2019-07-25,3460,3463.5112,3341,3380,1359
2019-07-26,3360,3460,3340,3460,308
2019-07-29,3460,3460,3320,3360,2102
2019-07-30,3460,3560,3380,3540,1496
2019-07-31,3480,3540,3373,3430,1239
2019-08-01,3320,3320,3300,3300,169
2019-08-02,3500,3520,3387,3430,307
2019-08-05,3480,3480,3480,3480,0
2019-08-06,3500,3600,3348,3500,5062
2019-08-07,3640,3680,3480,3580,926
2019-08-08,3680,3700,3377,3540,700
2019-08-09,3520,3530,3339,3530,2984
2019-08-12,3375,3600,3375,3520,6978
2019-08-13,3700,3700,3530,3530,115
2019-08-14,3700,3700,3396,3700,828
2019-08-15,3360,3700,3320,3600,1494
2019-08-16,3700,3700,3400,3440,1376
2019-08-19,3500,3500,3310.0001,3390,2571
2019-08-20,3280,3580,3276.0286,3280,5810
2019-08-21,3260,3500,3260,3430,533
2019-08-22,3600,3656,3480,3480,8467
2019-08-23,3520,3520,3460,3510,5153
2019-08-27,3500,3522.4,3453.55,3500,1551
2019-08-28,3480,3500,3420,3500,1790
2019-08-29,3500,3500,3500,3500,1
2019-08-30,3500,3520,3460,3470,306
2019-09-02,3500,3504,3431,3460,515
2019-09-03,3500,3500,3426,3460,378
2019-09-04,3420,3480,3406,3440,2458
2019-09-05,3320,3460,3280,3280,3533
2019-09-06,3280,3420,3280,3300,726
2019-09-09,3300,3380,3300,3380,516
2019-09-10,3364,3380,3364,3380,300
2019-09-11,3300.0001,3390,3300.0001,3390,775
2019-09-12,3405,3405,3322.8,3400,282
2019-09-13,3320,3440,3320,3400,219
2019-09-16,3440,3440,3409.5999,3440,8517
2019-09-17,3440,3440,3320,3440,9949
2019-09-18,3460,3460,3409.5999,3460,314
2019-09-19,3460,3520,3411,3460,790
2019-09-20,3400,3477.5,3380,3380,1476
2019-09-23,3280,3380,3280,3300,1987
2019-09-24,3320,3360,3260,3320,2665
2019-09-25,3320,3340,3300,3320,2397
2019-09-26,3280,3352.8,3260,3260,5624
2019-09-27,3340,3340,3282.4,3320,678
2019-09-30,3380,3400,3340,3370,2301
2019-10-01,3460,3460,3400,3400,672
2019-10-02,3340,3480,3340,3430,1176
2019-10-03,3480,3480,3341.6,3410,1096
2019-10-04,3500,3500,3408,3450,177
2019-10-07,3500,3668.8,3460,3560,2662
2019-10-08,3660,3660,3476,3550,1467
2019-10-09,3460,3620,3440,3500,3134
2019-10-10,3460,3563.2,3402.4,3470,2026
2019-10-11,3580,3580,3400,3400,3180
2019-10-14,3420,3560,3420,3520,794
2019-10-15,3480,3500,3440,3450,484
2019-10-16,3470.4,3470.4,3450,3450,71
2019-10-17,3480,3480,3320,3330,993
2019-10-18,3340,3340,3280,3280,2203
2019-10-21,3393,3393,3245,3300,713
2019-10-22,3300,3300,3290,3290,1172
2019-10-23,3300,3300,3280,3290,1539
2019-10-24,3340,3340,3310,3310,1321
2019-10-25,3320,3363.6,3280,3280,543
2019-10-28,3358.4,3358.4,3300,3310,2274
2019-10-29,3360,3380.8,3259.2,3310,303
2019-10-30,3260,3380.8,3260,3260,151
2019-10-31,3260,3320,3260,3270,5000
2019-11-01,3400,3400,3319.2,3360,1897
2019-11-04,3398.4,3398.4,3300,3310,1255
2019-11-05,3260,3420,3220.0001,3340,5119
2019-11-06,3260,3380,3260,3340,105
2019-11-07,3267,3330,3267,3330,1006
2019-11-08,3400,3400,3265,3330,1096
2019-11-11,3345,3398.6,3260,3340,1089
2019-11-12,3400,3400,3280,3350,1756
2019-11-13,3400,3400,3360,3360,1370
2019-11-14,3400,3420,3333,3390,2923
2019-11-15,3460,3460,3300,3350,935
2019-11-18,3360,3419.9863,3300,3390,2488
2019-11-19,3480,3480,3400,3460,4841
2019-11-20,3460,3460,3410,3410,772
2019-11-21,3460,3460,3370,3460,120
2019-11-22,3280,3460,3280,3460,1704
2019-11-25,3440,3460,3400,3460,1620
2019-11-26,3460,3460,3335,3360,1693
2019-11-27,3460,3460,3334,3370,347
2019-11-28,3448,3448,3370,3370,1284
2019-11-29,3440,3440,3400,3400,142
2019-12-02,3360,3432.5,3360,3370,292
2019-12-03,3460,3460,3370,3370,871
2019-12-04,3460,3460,3360,3360,777
2019-12-05,3460,3460,3360,3360,437
2019-12-06,3460,3500,3385,3430,2609
2019-12-09,3380,3480,3380,3430,609
2019-12-10,3480,3480,3380,3410,1752
2019-12-11,3480,3480,3410,3410,1080
2019-12-12,3460,3460,3410,3410,706
2019-12-13,3420,3599.9999,3420,3480,2804
2019-12-16,3500,3620,3500,3560,3989
2019-12-17,3620,3640,3555,3620,5378
2019-12-18,3620,3660,3540,3540,4276
2019-12-19,3160,3218.2,2820.0001,2920,83754
2019-12-20,3020,3200,2985,3160,18564
2019-12-23,3080,3160,2980,3160,6471
2019-12-24,3140,3140,3020,3020,2370
2019-12-27,3020,3132,2960,3000,1169
2019-12-30,2960,3100,2960,3060,1426
2019-12-31,3060,3060,2980,2980,610
2020-01-02,3080,3180,2991.2,3090,1887
2020-01-03,3060,3240,3060,3170,1453
2020-01-06,3240,3400,3185.6,3300,7529
2020-01-07,3340,3380,3280,3380,4026
2020-01-08,3360,3380,3280,3320,684
2020-01-09,3360,3380,3260,3320,1418
2020-01-10,3280,3400,3280,3350,1418
2020-01-13,3260,3420,3260,3340,845
2020-01-14,3260,3420,3260,3420,776
2020-01-15,3280,3420,3260,3380,1555
2020-01-16,3400,3400,3260.163,3300,535
2020-01-17,3400,3420,3280,3340,1424
2020-01-20,3400,3420,3340,3340,707
2020-01-21,3440,3440,3319,3360,1180
2020-01-22,3480,3480,3315,3480,494
2020-01-23,3480,3480,3320,3390,142
2020-01-24,3360,3460,3320,3400,1347
2020-01-27,3340,3385,3260,3260,1966
2020-01-28,3380,3390,3280,3390,1500
2020-01-29,3460,3500,3340,3500,762
2020-01-30,3360,3440,3300,3380,2174
2020-01-31,3320,3500,3320,3500,636
2020-02-03,3500,3500,3305,3400,2556
2020-02-04,3300,3480,3300,3400,2403
2020-02-05,3300,3480,3300,3400,418
2020-02-06,3380,3400,3320,3340,2766
2020-02-07,3440,3450,3360,3360,707
2020-02-10,3320,3440,3300,3300,1049
2020-02-11,3280,3300,3239.8,3260,1396
2020-02-12,3280,3300,3235.6,3300,1618
2020-02-13,3240,3300,3220,3250,2126
2020-02-14,3300,3300,3250,3260,1580
2020-02-17,3300,3300,3245,3260,502
2020-02-18,3295,3295,3250,3270,714
2020-02-19,3240,3390.4,3240,3280,1232
2020-02-20,3200,3330,3200,3200,476
2020-02-21,3220,3330,3200,3260,4130
2020-02-24,3180,3260,3160,3170,3420
2020-02-25,3140,3220,3096.4,3130,413
2020-02-26,3060,3099.2,2960,2960,2108
2020-02-27,2900,3004.4,2900,2920,3634
2020-02-28,2860,2980,2660,2700,5239
2020-03-02,2780,2850,2680,2700,8505
2020-03-03,2760,2780,2709.6,2760,2291
2020-03-04,2800,2840,2785,2840,417
2020-03-05,2720,2840,2720,2840,909
2020-03-06,2840,2840,2760,2760,2197
2020-03-09,2660,2713,2580,2660,2052
2020-03-10,2600,2718.74,2600,2650,188
2020-03-11,2560,2713,2540,2540,286
2020-03-12,2480,2490,2260,2310,3631
2020-03-13,2280,2399.952,2200,2340,3749
2020-03-16,2200,2322,2000,2040,5189
2020-03-17,1940,2054.8,1800,1820,3870
2020-03-18,1750,1820,1730,1810,6004
2020-03-19,1810,1820,1810,1810,1250
2020-03-20,1820,2180,1820,2180,4972
2020-03-23,2040,2160,1800,1990,3931
2020-03-24,2060,2100,1940,2100,2195
2020-03-25,2100,2100,1948.4,2080,4808
2020-03-26,2080,2080,1900,1990,2970
2020-03-27,2000,2006.4,1910,1965,4633
2020-03-30,1990,2020,1880,1920,2056
2020-03-31,1930,1980,1850,1980,7367
2020-04-01,1970,1980,1952.24,1980,562
2020-04-02,1850,1963.75,1845,1877.5,5148
2020-04-03,1820,1965,1800,1932.5,5410
2020-04-06,1965,1965,1895,1965,4604
2020-04-07,1965,2170,1950,2120,5639
2020-04-08,2110,2270,2110,2270,3022
2020-04-09,2270,2400,2166.5123,2370,1591
2020-04-14,2420,2600,2300,2555,4737
2020-04-15,2510,2599.987,2365.2,2430,4125
2020-04-16,2330,2500,2320,2420,2285
2020-04-17,2320,2390,2300,2360,3059
2020-04-20,2270,2400,2260,2360,964
2020-04-21,2260,2390,2260,2380,2416
2020-04-22,2400,2400,2400,2400,2
2020-04-23,2270,2400,2260,2320,1889
2020-04-24,2240,2350,2240,2280,564
2020-04-27,2240,2320,2240,2300,1781
2020-04-28,2220,2320,2220,2220,10039
2020-04-29,2300,2310,2220,2220,1880
2020-04-30,2250,2250,2200,2240,1817
2020-05-01,2290,2290,2191,2240,4230
2020-05-04,2290,2300,2180,2235,1422
2020-05-05,2180,2290,2180,2240,1219
2020-05-06,2236.1,2236.1,2190,2235,345
2020-05-07,2180,2200,2180,2190,98
2020-05-11,2190,2190,2140,2170,1205
2020-05-12,2080,2150,2080,2120,1463
2020-05-13,2170,2170,2095,2100,361
2020-05-14,2160,2160,2020,2030,452
2020-05-15,1990,2070,1990,1990,1685
2020-05-18,1990,2070,1990,2060,1558
2020-05-19,2120,2230,2090,2230,2700
2020-05-20,2230,2270,2230,2270,2118
2020-05-21,2210,2270,2210,2235,355
2020-05-22,2210,2270,2210,2270,388
2020-05-26,2270,2320,2204.7,2270,2691
2020-05-27,2330,2330,2265,2330,89
2020-05-28,2320,2320,2261.7,2265,187
2020-05-29,2210,2265,2210,2265,1075
2020-06-01,2256.4,2265,2256.4,2265,697
2020-06-02,2330,2330,2212.2,2265,711
2020-06-03,2320,2330,2200,2330,2061
2020-06-04,2330,2330,2265,2265,981
2020-06-05,2330,2330,2210,2330,4350
2020-06-08,2430,2690,2419.4,2535,7901
2020-06-09,2480,2600,2480,2600,2302
2020-06-10,2590,2600,2481.1,2600,340
2020-06-11,2460,2482,2301.3,2385,2595
2020-06-12,2430,2430,2370,2385,2363
2020-06-15,2430,2430,2360,2360,1083
2020-06-16,2430,2430,2330,2355,1466
2020-06-17,2410,2420,2340,2375,1689
2020-06-18,2430,2620,2375,2530,9943
2020-06-19,2450,2753.7,2450,2750,3585
2020-06-22,2840,3478,2800,3190,15617
2020-06-23,3230,3230,3110.8,3150,2704
2020-06-24,3270,3280,3100,3280,2658
2020-06-25,3270,3280,3091.9,3220,22802
2020-06-26,3200,3200,3090,3200,1079
2020-06-29,3090,3223,3070,3075,3508
2020-06-30,3190,3190,3050,3100,2162
2020-07-01,3190,3240,3030,3155,815
2020-07-02,3160,3160,3080.8,3085,246
2020-07-03,3070,3240,3070,3145,665
2020-07-06,3240,3240,3096,3150,801
2020-07-07,3220,3220,3098,3150,1741
2020-07-08,3090,3090,3045,3045,551
2020-07-09,3150,3150,3030,3075,1665
2020-07-10,3000,3150,2994.45,3070,2886
2020-07-13,3150,3150,3075,3075,406
2020-07-14,3030,3160,3029,3085,552
2020-07-15,3060,3300,3060,3180,3761
2020-07-16,3240,3240,3150,3175,1740
2020-07-17,3125,3176,3119,3170,1597
2020-07-20,3120,3208,3120,3205,165
2020-07-21,3130,3205,3120,3120,217
2020-07-22,3280,3280,3175,3175,5184
2020-07-23,3165,3195,3150,3195,1730
2020-07-24,3110,3185,3110,3185,1173
2020-07-27,3181,3181,3175,3175,347
2020-07-28,3110,3181,3100,3145,1942
2020-07-29,3110,3205,3110,3205,782
2020-07-30,3175,3175,3095,3140,1187
2020-07-31,3173,3173,3055,3140,3695
2020-08-03,3170,3170,3050,3140,840
2020-08-04,3050,3200,3050,3140,959
2020-08-05,3200,3200,3050,3120,2680
2020-08-06,3200,3230,3140,3140,511
2020-08-07,3230,3230,3125,3130,2499
2020-08-10,3050,3240,3050,3220,5060
2020-08-11,3243,3243,3200,3200,20
2020-08-12,3110,3281,3110,3190,3670
2020-08-13,3110,3170,3008,3125,5255
2020-08-14,3180,3180,3040,3110,553
2020-08-17,3180,3180,3040,3115,636
2020-08-18,3060,3099,3000,3000,122
2020-08-19,3000,3129,3000,3005,490
2020-08-20,3129,3129,2995,3010,4020
2020-08-21,3098.9,3098.9,3040,3040,60
2020-08-24,3059,3059,3010,3010,100
2020-08-25,2995.15,3010,2995.15,3010,43
2020-08-26,3140,3140,2995.15,3040,846
2020-08-27,3060,3140,2960,2960,1047
2020-08-28,3090,3108.6,3003.3,3060,399
2020-09-01,3160,3160,2995.9,3000,289
2020-09-02,3150,3150,2970,3010,806
2020-09-03,3050,3160,3010,3090,455
2020-09-04,3180,3190,3010,3075,609
2020-09-07,3150,3150,3080,3080,2
2020-09-08,3025.4,3143,3025.4,3075,682
2020-09-09,3130.5,3148.2,3060,3060,501
2020-09-10,3010,3148.6,2910,2930,1003
2020-09-11,2915,2915,2915,2915,295
2020-09-14,3032,3032,2870,2915,558
2020-09-15,3050,3050,2915,2915,72
2020-09-16,3030,3030,2980,2980,297
2020-09-17,3050,3050,2929.5,2940,63
2020-09-18,3050,3050,2926.1,3020,1107
2020-09-21,3060,3100,2965,3100,2155
2020-09-22,3010,3010,3005,3005,200
2020-09-23,3100,3100,3045,3045,486
2020-09-24,3000,3082.75,3000,3010,1081
2020-09-25,2930,3030,2930,2970,884
2020-09-28,3110,3110,2975,2975,16
2020-09-29,3089.3,3089.3,2975,2975,1349
2020-09-30,3030,3030,2975,2975,26
2020-10-01,3029,3030,2960,2975,400
2020-10-02,3000,3027,2975,2975,1075
2020-10-05,3100,3100,2920,2970,1876
2020-10-06,3056,3074,2970,2970,873
2020-10-07,3020,3040,2970,2970,2254
2020-10-08,3040,3095.5,3010,3050,847
2020-10-09,3100,3160,3060,3080,2299
2020-10-12,3150,3160,3042,3080,909
2020-10-13,3150,3160,3055,3055,4169
2020-10-14,3150,3200,3080,3125,677
2020-10-15,3020,3198.2,3010,3045,787
2020-10-16,3170,3287,3122,3220,5008
2020-10-19,3320,3350,3158.5,3275,4728
2020-10-20,3310,3310,3275,3275,75
2020-10-21,3210,3340,3110,3125,5305
2020-10-22,3230,3230,3050,3085,461
2020-10-23,3230,3230,3050,3090,10
2020-10-26,3050,3230,3050,3085,517
2020-10-27,3050,3158,3050,3100,144
2020-10-28,3230,3230,3050,3070,490
2020-10-29,3050,3080,3025,3025,1242
2020-10-30,3000,3078,2975,2980,818
2020-11-02,3072,3135,2995,2995,345
2020-11-03,3150,3150,2930,2980,46
2020-11-04,3160,3160,2928,3045,58591
2020-11-05,3190,3200,2910,3200,1691
2020-11-06,3040,3100,3040,3100,50
2020-11-09,3200,3300,3133,3245,1158
2020-11-10,3200,3400,3200,3370,1678
2020-11-11,3250,3360,3250,3330,1398
2020-11-12,3400,3490,3300,3370,591
2020-11-13,3421,3421,3250,3305,663
2020-11-16,3260,3392,3250,3345,1835
2020-11-17,3490,3520,3385,3500,4028
2020-11-18,3500,3572.8,3350,3460,13154
2020-11-19,3434.9,3465,3430,3465,173
2020-11-20,3571.95,3650,3440.2,3535,7268
2020-11-23,3459,3530.2,3448,3485,20795
2020-11-24,3430,3458.6,3370,3380,8358
2020-11-25,3387,3426.8,3380,3380,113
2020-11-26,3440,3440,3359.26,3360,2317
2020-11-27,3450,3580,3395.35,3580,1341
2020-11-30,3552.05,3552.05,3470,3470,53
2020-12-01,3550,3552.05,3415,3450,1288
2020-12-02,3350,3450,3350,3450,61
2020-12-03,3360,3360,3360,3360,40
2020-12-04,3552.05,3552.05,3400,3440,1915
2020-12-07,3390,3560.4,3390,3400,566
2020-12-08,3451,3451,3420,3420,450
2020-12-09,3460,3515.27,3400,3400,5615
2020-12-10,3590,3590,3385,3385,150
2020-12-11,3468.55,3468.55,3371.9167,3385,356
2020-12-14,3380,3445.5,3380,3380,209
2020-12-15,3395,3395,3395,3395,0
2020-12-16,3360,3363,2870,3075,43615
2020-12-17,3070,3160,3050,3140,4467
2020-12-18,3030,3150,3010,3120,2156
2020-12-21,3030,3100,2967,2995,2036
2020-12-22,3100,3100,2972.6,3100,2232
2020-12-23,2960,3140,2960,3065,4080
2020-12-24,3069.8182,3118,3069.8182,3110,877
2020-12-29,3150,3150,3032.4,3035,1963
2020-12-30,3050,3120,3008.6487,3025,2414
2020-12-31,3000,3053,3000,3050,335
2021-01-04,3020,3087.6,3000,3030,612
2021-01-05,3000,3024,2980,3015,1568
2021-01-06,2950,2980,2900,2905,4592
2021-01-07,2900,2990,2855,2855,2301
2021-01-08,2860,2990,2851,2935,3729
2021-01-11,2900,2981,2845,2845,592
2021-01-12,2840,2990,2835,2840,2157
2021-01-13,2990,2990,2840,2840,782
2021-01-14,2942,2990,2855,2855,466
2021-01-15,2910,2990,2910,2980,1919
2021-01-18,2990,3020,2954,3020,2692
2021-01-19,3040,3150,3000,3150,1096
2021-01-20,3160,3160,3070,3160,1400
2021-01-21,3160,3160,2950,3035,1204
2021-01-22,3150,3200,3075,3075,875
2021-01-25,3100,3192.5,2970,3050,2929
2021-01-26,3100,3130,3065,3065,3347
2021-01-27,3100,3100,2995,3025,2313
2021-01-28,3022.4,3071.6,2960,3020,392
2021-01-29,3040,3100,3040,3100,223
2021-02-01,3090,3095,2996.4,3030,834
2021-02-02,3050,3150,2970,3105,11917
2021-02-03,3128,3210,3030,3085,4696
2021-02-04,2970,3100,2970,3010,677
2021-02-05,3095,3099,2993,3040,1914
2021-02-08,3087.58,3087.58,2960,3050,270
2021-02-09,3160,3160,2991,3030,1489
2021-02-10,3050,3050,2973.2,2975,1533
2021-02-11,2970,3010,2950,2950,2898
2021-02-12,3020,3020,2910,3020,750
2021-02-15,2910,2950,2832.2,2885,11189
2021-02-16,2910,2944.7,2857,2910,691
2021-02-17,2850,2930,2850,2930,6350
2021-02-18,2870,2980,2870,2955,114
2021-02-19,2850,3050,2850,2920,1215
2021-02-22,2860,2960,2833.8,2900,984
2021-02-23,2860,2870.25,2750,2790,2040
2021-02-24,2830,2854.5,2755,2790,1037
2021-02-25,2780,2827,2780,2825,1676
2021-02-26,2800,2970,2780,2865,622
2021-03-01,2875,2900,2764.2,2865,420
2021-03-02,2840,2900,2720,2840,1422
2021-03-03,2852,2855,2850,2855,968
2021-03-04,2940,2950,2940,2950,2
2021-03-05,2760,2950,2753.8,2845,1673
2021-03-08,2940,2940,2905,2905,3263
2021-03-09,2940,2950,2840,2915,3172
2021-03-10,2790,2923,2790,2880,680
2021-03-11,2980,2980,2847,2980,745
2021-03-12,2980,2980,2860,2980,1743
2021-03-15,2910,2990,2900,2955,2889
2021-03-16,2990,3100,2918.8,3070,1734
2021-03-17,3120,3120,3040,3120,648
2021-03-18,3020,3100,3010,3070,1273
2021-03-19,3000,3040,3000,3000,473
2021-03-22,3010,3120,2977.6,3040,707
2021-03-23,3040,3052.8,2960,3045,1867
2021-03-24,3100,3100,2950,3100,510
2021-03-25,3040,3045,2963.36,3045,473
2021-03-26,2950,3000,2950,3000,1093
2021-03-29,2960,3000,2951.8,3000,246
2021-03-30,3014,3040,3014,3040,65
2021-03-31,2960,2960,2880,2950,1795
2021-04-01,3050,3050,2900,2960,305
2021-04-06,2860,3040,2860,3040,647
2021-04-07,2900,3002.75,2880,2900,1110
2021-04-08,3060,3060,2922.5,3060,1841
2021-04-09,3050,3120,2960,3005,2291
2021-04-12,3010,3110,3000,3045,2543
2021-04-13,2990,3080,2960,3080,1925
2021-04-14,2960,3090,2960,3020,1208
2021-04-15,3072.5,3087.5,2967.875,3040,96
2021-04-16,3095,3095,2975,3035,223
2021-04-19,2950,2998.8,2950,2980,1276
2021-04-20,2988,2988,2940,2940,33
2021-04-21,3000,3076.8,2880,3025,1893
2021-04-22,2880,3048,2880,2980,78
2021-04-23,3000,3104,2880,3020,1959
2021-04-26,2979.5,3025,2979.5,3025,51
2021-04-27,3090,3101.26,3040,3040,350
2021-04-28,3008,3040,3008,3040,154
2021-04-29,3120,3120,3008,3120,730
2021-04-30,2980,3104.5,2950.89,2980,624
2021-05-04,2990,3180,2960,3180,3071
2021-05-05,3070,3165.8,2996,3075,985
2021-05-06,3158.6,3158.6,3010,3010,190
2021-05-07,3000,3158.6,3000,3050,999
2021-05-10,3080,3158.6,2974.6,3080,588
2021-05-11,3200,3200,2970,3190,2341
2021-05-12,3200,3200,3011.8,3200,87
2021-05-13,2970,3130,2970,3130,974
2021-05-14,2992,3146,2981,3085,508
2021-05-17,3190,3190,3125,3190,373
2021-05-18,3143.8,3143.8,3085,3085,475
2021-05-19,3003,3139.4,3003,3025,275
2021-05-20,2970,3170,2970,3080,70
2021-05-21,3080,3080,3080,3080,1
2021-05-24,3070.1,3100,3070.1,3085,9
2021-05-25,3170,3170,3000,3070,157
2021-05-26,3060,3190,3050,3080,330
2021-05-27,3170,3190,2992,3170,348
2021-05-28,3200,3200,2970,3190,565
2021-06-01,3085,3085,3085,3085,0
2021-06-02,3200,3200,2980,3070,11
2021-06-03,2976.6,3070,2976.6,3070,100
2021-06-04,2976.93,3190,2970,3070,165
2021-06-07,3120,3120,2969,3120,223
2021-06-08,3150,3190,2960,3030,805
2021-06-09,3110,3110,3030,3030,1
2021-06-10,2960,3080,2960,3080,573
2021-06-11,2970,2976.0368,2960,2960,35
2021-06-14,2970,3190,2960,2960,341
2021-06-15,2960,3080,2910,2990,1698
2021-06-16,3070,3070,2946.8,2990,108
2021-06-17,2900,2960,2810,2910,2291
2021-06-18,2820,3010,2800,2860,2988
2021-06-21,2860,2990,2860,2990,446
2021-06-22,2940,2977,2856.5,2970,1052
2021-06-23,2980,2980,2886,2920,908
2021-06-24,2990,2990,2886.39,2925,715
2021-06-25,2990,2990,2873,2990,331
2021-06-28,2970.5,2970.5,2920,2920,184
2021-06-29,2879.5,2920,2879.5,2920,142
2021-06-30,2860,2950,2850,2900,1171
2021-07-01,2990,3050,2860,2925,481
2021-07-02,2881,2986,2881,2925,266
2021-07-05,3000,3030,2920,3030,1792
2021-07-06,2990,2990,2920,2975,652
2021-07-07,2980,2980,2910.5,2975,1313
2021-07-08,2979.5,2979.5,2975,2975,166
2021-07-09,2978,2994,2915,2975,263
2021-07-12,2915,2994,2915,2975,216
2021-07-13,2994,3030,2915,2985,1310
2021-07-14,3035,3035,2939.375,2975,870
2021-07-15,3070,3070,2910,2975,199
2021-07-16,2985,2985,2985,2985,0
2021-07-19,2911.6,3060,2911.2,2980,911
2021-07-20,2900,3060,2870,2870,2066
2021-07-21,3000,3000,2881.8,2965,712
2021-07-22,3000,3000,2965,2965,49
2021-07-23,2912.4,2965,2912.4,2965,100
2021-07-26,2965,2965,2965,2965,0
2021-07-27,2998.8,2998.8,2965,2965,82
2021-07-28,2965,2965,2965,2965,0
2021-07-29,2900,2900,2900,2900,18
2021-07-30,3050,3050,2990,2990,138
2021-08-02,3000,3070,2900,2985,3646
2021-08-03,2968.4,2990,2955,2955,473
2021-08-04,2990,2990,2900,2985,1960
2021-08-05,2990,3090,2930,3090,2868
2021-08-06,2990,2990,2900,2900,2764
2021-08-09,2990,2990,2900,2900,2282
2021-08-10,2980,2990,2930,2990,3666
2021-08-11,2990,3242.5,2910,3175,22732
2021-08-12,3250,3311.72,3124,3300,22432
2021-08-13,3340,3390,3243,3390,1711
2021-08-16,3300,3318.51,3160,3300,2728
2021-08-17,3350,3350,3170,3275,3997
2021-08-18,3295,3298.58,3210.6,3275,1062
2021-08-19,3150,3298.58,3150,3150,1369
2021-08-20,3250,3285,3220,3250,234
2021-08-23,3210,3285,3210,3285,1258
2021-08-24,3200,3350,3150,3240,3041
2021-08-25,3150,3195,3150,3195,503
2021-08-26,3150,3290,3000,3100,3514
2021-08-27,3050,3090,2980,3015,5080
2021-08-31,3050,3150,3039.2,3085,658
2021-09-01,3103.6,3177,3103.6,3140,1689
2021-09-02,3080,3200,3080,3150,850
2021-09-03,3100,3180,3050,3050,2171
2021-09-06,3060,3152.6,3060,3060,1428
2021-09-07,3060,3200,3060,3060,2965
2021-09-08,3070,3190,3060,3060,964
2021-09-09,3100,3170.5,3085,3130,2022
2021-09-10,3190,3320,3100,3200,23694
2021-09-13,3320,3324.5,3154,3275,10727
2021-09-14,3260,3391.5,3200,3310,8767
2021-09-15,3400,3492.2,3290,3425,12519
2021-09-16,3480,3480,3375,3395,5250
2021-09-17,3430,3460,3320,3430,70121
2021-09-20,3400,3431.54,3325.2327,3400,2677
2021-09-21,3470,3504.265,3338,3470,3480
2021-09-22,3410,3700,3410,3700,10238
2021-09-23,3770,3980,3550,3880,3454
2021-09-24,3920,3980,3730.8,3825,10473
2021-09-27,3860.5,4000,3860,3935,1523
2021-09-28,3870,3935.5,3819,3830,11685
2021-09-29,3730,3875,3610,3610,12748
2021-09-30,3600,3761,3550,3550,964
2021-10-01,3750,3750,3520,3590,2599
2021-10-04,3460,3618,3350,3350,855
2021-10-05,3400,3600,3400,3480,5398
2021-10-06,3350,3535,3350,3375,864
2021-10-07,3540,3650,3325,3600,5958
2021-10-08,3650,3650,3484.4,3650,922
2021-10-11,3490,3620,3490,3530,1501
2021-10-12,3600,3700,3500,3600,1467
2021-10-13,3700,3720,3540,3610,780
2021-10-14,3545,3675,3545,3650,423
2021-10-15,3550,3720,3500,3500,1040
2021-10-18,3420,3640,3420,3520,2582
2021-10-19,3540,3540,3433,3470,288
2021-10-20,3420,3540,3420,3540,2411
2021-10-21,3470,3640,3470,3585,1373
2021-10-22,3680,3680,3531.5,3540,881
2021-10-25,3680,3800,3632,3705,3136
2021-10-26,3780,3780,3656,3780,3379
2021-10-27,3700,3700,3580,3580,3025
2021-10-28,3600,3680,3500,3600,6971
2021-10-29,3560,3670,3520,3670,996
2021-11-01,3640,3660,3591,3640,2803
2021-11-02,3586,3681,3586,3605,1135
2021-11-03,3700,3700,3610,3700,355
2021-11-04,3700,3750,3630,3630,3143
2021-11-05,3728.5,3728.5,3630,3630,66
2021-11-08,3640,3711.5,3640,3680,569
2021-11-09,3750,3750,3684,3750,2116
2021-11-10,3650,3650,3650,3650,0
2021-11-11,3560,3740,3530,3590,4180
2021-11-12,3510,3625,3500,3625,3368
2021-11-15,3510,3655,3500,3600,1029
2021-11-16,3510,3644,3510,3550,292
2021-11-17,3556,3678,3556,3625,768
2021-11-18,3556,3670,3556,3625,339
2021-11-19,3557,3670.08,3557,3625,546
2021-11-22,3625,3625,3625,3625,0
2021-11-23,3510,3670,3510,3530,703
2021-11-24,3510,3585,3510,3585,9
2021-11-25,3510,3585,3510,3585,257
2021-11-26,3510,3579,3273.2,3435,9465
2021-11-29,3380,3578,3380,3460,3737
2021-11-30,3410,3485.5,3410,3410,1850
2021-12-01,3488.4,3488.4,3425,3455,3630
2021-12-02,3480,3480,3463,3480,1510
2021-12-03,3460,3460,3400,3430,1476
2021-12-06,3431,3515,3431,3465,1890
2021-12-07,3439.6,3504.5,3439.6,3450,212
2021-12-08,3510,3515,3493,3515,942
2021-12-09,3510,3515,3510,3515,1066
2021-12-10,3504.5,3515,3504.5,3515,300
2021-12-13,3550,3550,3510,3550,582
2021-12-14,3540,3540,3430,3460,7655
2021-12-15,3400,3449.8,3080,3135,8102
2021-12-16,3070,3180,2970,3105,3038
2021-12-17,3180,3180,3031.8,3100,2049
2021-12-20,3070,3140,3054.5,3100,920
2021-12-21,3140,3250,3110,3120,536
2021-12-22,3147.5,3247.1,3130,3215,293
2021-12-23,3150,3238.52,3150,3200,397
2021-12-24,3157.5,3225,3157.5,3225,29
2021-12-29,3245.66,3245.66,3150,3220,533
2021-12-30,3160,3240,3150,3230,949
2021-12-31,3200,3240,3170.4,3230,1397
2022-01-04,3300,3300,3171.2022,3230,3496
2022-01-05,3190,3245,3190,3245,1000
2022-01-06,3180,3290,3173.65,3240,546
2022-01-07,3191,3250,3191,3250,5
2022-01-10,3236,3278.3,3235,3250,1219
2022-01-11,3273.8,3273.8,3237.8,3250,232
2022-01-12,3272.9,3272.9,3237.8,3250,121
2022-01-13,3200,3266,3200,3200,1295
2022-01-14,3285,3285,3250,3250,645
2022-01-17,3276.5,3281,3200,3250,1190
2022-01-18,3300,3300,3238.1,3300,661
2022-01-19,3200,3290,3200,3200,727
2022-01-20,3310,3310,3160,3240,311
2022-01-21,3170,3220.4,3073,3100,2512
2022-01-24,3030,3200,2930,3030,3249
2022-01-25,3066.5,3127.4,2951,3035,693
2022-01-26,3108.5,3125,3027.5,3065,568
2022-01-27,3085.85,3092,2970,3085,572
2022-01-28,3150,3190,3093.3,3160,733
2022-01-31,3173.5,3200,3140,3140,535
2022-02-01,3190,3190,3100,3100,611
2022-02-02,3210,3293.5,3210,3230,967
2022-02-03,3290,3321.2,3200,3245,839
2022-02-04,3299,3299,3200,3200,430
2022-02-07,3187.7,3272,3187.7,3200,92
2022-02-08,3209.225,3276.8,3209.225,3230,392
2022-02-09,3293.23,3293.23,3215,3215,100
2022-02-10,3290,3290,3137,3250,1716
2022-02-11,3110,3175,3110,3175,2200
2022-02-14,3110,3173,3060,3110,2280
2022-02-15,3063.99,3170,3063.99,3145,1189
2022-02-16,3238,3238,3185,3185,244
2022-02-17,3250,3250,3060,3150,8
2022-02-18,3118.8,3118.8,3085.2,3100,455
2022-02-21,3140,3140,3140,3140,0
2022-02-22,3100,3130,3100,3130,2000
2022-02-23,3177,3177,3060,3085,2227
2022-02-24,3100,3100,3065.4,3070,281
2022-02-25,3135,3135,3135,3135,0
2022-02-28,3050,3129.5,3040,3115,2811
2022-03-01,3163,3163,3100,3100,157
2022-03-02,3010,3134.8,2996,3035,1840
2022-03-03,2920,3087.21,2910,2915,708
2022-03-04,2810,3020,2657.8229,2910,4529
2022-03-07,2780,2814.84,2611.5688,2800,8300
2022-03-08,2890,2960,2764,2920,2633
2022-03-09,3020,3020,2873,3020,408
2022-03-10,2873,2880,2870.8,2880,514
2022-03-11,2894.18,3000,2894.18,2925,1149
2022-03-14,3010,3195,3009.6667,3075,1899
2022-03-15,3200,3200,3040,3100,843
2022-03-16,3220,3250,3125,3125,65
2022-03-17,3200,3200,3094,3200,1148
2022-03-18,3200,3203.9872,3010,3200,1498
2022-03-21,3260,3275,3200,3275,4648
2022-03-22,3250,3250,3250,3250,0
2022-03-23,3340,3380,3240,3380,909
2022-03-24,3277.33,3367,3277.33,3310,176
2022-03-25,3380,3400,3263.64,3400,1620
2022-03-28,3287,3410,3220,3335,1393
2022-03-29,3412,3412,3356.8,3375,4095
2022-03-30,3403.6,3430,3309,3355,2271
2022-03-31,3400,3485,3380,3400,2892
2022-04-01,3490,3490,3255,3340,1226
2022-04-04,3240,3540,3210,3490,6331
2022-04-05,3360,3511,3360,3415,1172
2022-04-06,3430,3470.5,3360,3380,3256
2022-04-07,3270,3440,3270,3270,233
2022-04-08,3500,3500,3375,3375,187
2022-04-11,3340,3440,3300,3375,331
2022-04-12,3442,3442,3360,3365,29
2022-04-13,3460,3460,3385,3385,1
2022-04-14,3500,3500,3300,3500,750
2022-04-19,3460,3478,3385,3385,1450
2022-04-20,3476.9,3476.9,3385,3385,11
2022-04-21,3270,3400,3270,3270,519
2022-04-22,3476.9,3476.9,3385,3385,1216
2022-04-25,3475,3475,3300,3385,377
2022-04-26,3376.0001,3376.0001,3334,3375,243
2022-04-27,3436.2,3472,3385,3385,27
2022-04-28,3500,3570,3420.9,3485,1389
2022-04-29,3350,3544.8,3350,3350,681
2022-05-03,3542,3542,3414.6,3455,336
2022-05-04,3520,3520,3412,3520,606
2022-05-05,3500.8,3500.8,3435,3435,212
2022-05-06,3480,3480,3410,3410,16
2022-05-09,3520,3520,3310,3405,707
2022-05-10,3500,3520,3490.025,3515,822
2022-05-11,3570,3570,3570,3570,127
2022-05-12,3450,3515,3450,3515,170
2022-05-13,3550,3550,3525,3525,135
2022-05-16,3523,3523,3346,3410,846
2022-05-17,3478,3478,3410,3410,10
2022-05-18,3400,3478,3333.1,3400,357
2022-05-19,3450,3450,3270.0001,3450,7
2022-05-20,3225,3225,3225,3225,0
2022-05-23,3350,3350,3219.5414,3350,1110
2022-05-24,3200,3312.5,3200,3295,193
2022-05-25,3262,3262,3245,3245,61
2022-05-26,3160,3223.1,3040,3040,2110
2022-05-27,3090,3190,3000,3025,3651
2022-05-30,3080,3080,3035,3035,542
2022-05-31,3090,3090,2900,2900,1108
2022-06-01,3082.5,3082.5,3000,3000,545
2022-06-06,2900,2984,2820,2820,8117
2022-06-07,2890,3090,2856,3065,10920
2022-06-08,3010,3085,3010,3030,4768
2022-06-09,2960,2961,2810,2820,18627
2022-06-10,2870,2880,2750,2760,4204
2022-06-13,2760,2771,2560,2600,9634
2022-06-14,2620,2690,2510,2520,5317
2022-06-15,2520,2650,2490,2530,16962
2022-06-16,2480,2567.95,2478,2530,19737
2022-06-17,2500,2587.6354,2400,2470,151074
2022-06-20,2540,2624,2431,2540,2731
2022-06-21,2510,2542.1,2485,2510,2354
2022-06-22,2470,2580,2420,2420,5077
2022-06-23,2400,2460,2400,2425,1742
2022-06-24,2410,2438,2385,2410,2572
2022-06-27,2550,2580,2420,2515,2978
2022-06-28,2570,2700,2540,2640,2065
2022-06-29,2700,2700,2620,2620,244
2022-06-30,2550,2665,2460,2500,3141
2022-07-01,2545,2615,2545,2615,107
2022-07-04,2540,2540,2500,2530,3532
2022-07-05,2530,2580,2500,2505,1630
2022-07-06,2580,2596,2531.5,2580,336
2022-07-07,2550,2550,2500,2505,673
2022-07-08,2480,2585.2,2480,2540,647
2022-07-11,2569,2569,2560,2560,484
2022-07-12,2565.4,2565.4,2500,2545,555
2022-07-13,2500,2548,2460,2500,751
2022-07-14,2490,2530,2490,2530,120
2022-07-15,2490,2500,2490,2500,500
2022-07-18,2515,2580,2515,2580,39
2022-07-19,2520,2565,2520,2520,850
2022-07-20,2553,2565,2548.8391,2565,720
2022-07-21,2510,2552.5,2510,2550,141
2022-07-22,2511,2552.5,2511,2550,770
2022-07-25,2460,2600,2460,2460,1046
2022-07-26,2470,2475.2,2380,2400,4541
2022-07-27,2380,2440,2350,2400,3652
2022-07-28,2430,2446.5,2400,2415,2365
2022-07-29,2450,2490,2380,2415,910
2022-08-01,2541.5,2560.65,2420,2485,5284
2022-08-02,2516.11,2544.5,2455,2485,3884
2022-08-03,2660,2904,2600,2735,43654
2022-08-04,2760,2780,2690,2720,7923
2022-08-05,2700,2810,2700,2760,16003
2022-08-08,2820,2920,2750,2810,5442
2022-08-09,2940,2952,2850,2860,1808
2022-08-10,2840,2960,2840,2880,5347
2022-08-11,2920,2920,2890,2890,467
2022-08-12,2900,2915,2830,2885,1677
2022-08-15,2860,2950,2860,2950,1913
2022-08-16,3050,3080,2920,3015,1728
2022-08-17,2950,3060,2950,2985,4328
2022-08-18,2870,2967,2840,2910,2804
2022-08-19,2925,2925,2920,2920,117
2022-08-22,2840,2940,2800,2870,5087
2022-08-23,2800,2812,2730.5,2780,2483
2022-08-24,2720,2790,2600,2660,3128
2022-08-25,2810,2810,2720,2770,1257
2022-08-26,2780,2860,2760,2800,3433
2022-08-30,2805,2805,2720,2775,375
2022-08-31,2740,2900,2740,2800,1292
2022-09-01,2900,2900,2710,2750,1220
2022-09-02,2700,2800,2700,2700,501
2022-09-05,2700,2760,2700,2750,414
2022-09-06,2700,2770,2700,2770,406
2022-09-07,2650,2745,2580,2610,2434
2022-09-08,2740,2740,2500,2550,10382
2022-09-09,2620,2690,2550,2615,1886
2022-09-12,2600,2750,2560,2700,3611
2022-09-13,2620,2819,2620,2760,948
2022-09-14,2780,2780,2725,2725,13
2022-09-15,2610,2740,2600,2645,770
2022-09-16,2660,2661.8,2580,2625,1481
2022-09-20,2630,2638.8,2560,2625,999
2022-09-21,2620,2789.58,2590,2775,2130
2022-09-22,2685,2750,2685,2750,4
2022-09-23,2685,2705,2685,2705,160
2022-09-26,2820,2820.55,2630,2640,2783
2022-09-27,2800,2800,2656.35,2765,1656
2022-09-28,2730.15,2794,2725.0001,2790,1455
2022-09-29,2830,2830,2700,2780,3010
2022-09-30,2651,2789.2,2651,2765,2255
2022-10-03,2750,2796.4,2710,2755,2771
2022-10-04,2800,2800,2750,2775,73
2022-10-05,2795.66,2795.66,2760,2760,24
2022-10-06,2870,2870,2795.2,2825,1647
2022-10-07,2950,3060,2897.3,2960,2565
2022-10-10,3050,3065,2977.2,2980,281
2022-10-11,3060,3160,2915,3070,19748
2022-10-12,3000,3185,2990,2990,4972
2022-10-13,3100,3100,2950.4,2960,712
2022-10-14,3000,3100,3000,3100,1041
2022-10-17,3090,3090,3000,3050,893
2022-10-18,2960,3110,2960,3045,1567
2022-10-19,3060,3157.7,3035,3035,1447
2022-10-20,3150,3280,3120,3195,1702
2022-10-21,3180,3274,3165,3165,164
2022-10-24,3280,3320,3110,3190,892
2022-10-25,3190,3300,3060,3180,2692
2022-10-26,3191.0001,3287.8,3180,3180,1665
2022-10-27,3060,3191.0001,3060,3180,252
2022-10-28,3050,3280,3040,3040,561
2022-10-31,3280,3280,3170,3170,70
2022-11-01,3095.6,3170,3095.6,3170,650
2022-11-02,3250,3260,3000,3110,1181
2022-11-03,3170,3180.6923,3000,3085,1221
2022-11-04,3240,3240,3000,3120,1446
2022-11-07,3190,3238,3020,3130,1737
2022-11-08,3100,3230,3050,3175,1779
2022-11-09,3180,3240,3100,3165,1794
2022-11-10,3230,3301,3090,3215,1038
2022-11-11,3200,3310,3110,3245,482
2022-11-14,3310,3320,3150,3205,638
2022-11-15,3180.0001,3340.2,3180.0001,3290,1096
2022-11-16,3300,3495,3300,3300,3530
2022-11-17,3210,3380,3210,3325,109
2022-11-18,3210,3406,3210,3355,1827
2022-11-21,3250,3375,3250,3375,83
2022-11-22,3290,3412,3270,3290,5342
2022-11-23,3350,3406,3302,3365,719
2022-11-24,3411,3411,3301,3385,472
2022-11-25,3240,3415,3240,3240,604
2022-11-28,3280,3330,3190,3245,1235
2022-11-29,3200,3370,3200,3290,535
2022-11-30,3200,3440,3200,3255,1324
2022-12-01,3263,3263,3200,3260,202
2022-12-02,3200,3440,3200,3200,560
2022-12-05,3200,3224.0001,3190,3190,1182
2022-12-06,3190,3320,3150,3150,360
2022-12-07,3210,3290,3186,3225,326
2022-12-08,3150,3340,3150,3150,243
2022-12-09,3160,3250,3160,3160,341
2022-12-12,3160,3250,3050,3100,2735
2022-12-13,3050,3208.86,3050,3145,3959
2022-12-14,3203,3203,3078.56,3140,282
2022-12-15,3150,3261.44,3100,3100,1122
2022-12-16,3100,3271,3100,3110,2479
2022-12-19,3237.4,3290,3195,3195,1204
2022-12-20,3250,3250,2953.8,3200,14880
2022-12-21,3230,3369.3,3140,3300,5501
2022-12-22,3310,3310,3235,3235,122
2022-12-23,3365,3367.3,3235,3235,750
2022-12-28,3370,3426.9999,3260,3375,1522
2022-12-29,3347.5,3386.8,3305,3305,757
2022-12-30,3390,3427.9999,3230,3335,715
2023-01-03,3390,3500,3270,3390,2636
2023-01-04,3310,3500,3310,3310,3736
2023-01-05,3550,3550,3400,3405,1899
2023-01-06,3320,3810,3320,3700,8742
2023-01-09,3620,3731,3560,3615,5902
2023-01-10,3650,3750,3530,3640,984
2023-01-11,3700,3720,3575,3720,996
2023-01-12,3740,3839.2,3550,3800,5872
2023-01-13,3839,3839.9055,3752.7,3805,1617
2023-01-16,3840,3880,3700,3770,788
2023-01-17,3700,3980,3700,3930,2519
2023-01-18,3850,3980,3850,3915,651
2023-01-19,3911,3920,3865,3890,1530
2023-01-20,3830,3914,3800,3800,2313
2023-01-23,3875,3877,3800,3800,812
2023-01-24,3814.5,3869.9,3800,3800,355
2023-01-25,3710,3830,3710,3780,2149
2023-01-26,3900,3920,3740,3810,2123
2023-01-27,3720,3845,3710,3800,1543
2023-01-30,3710,3838,3500.0001,3575,5319
2023-01-31,3635,3668.4,3490,3570,1374
2023-02-01,3580,3730,3450,3500,2798
2023-02-02,3570,3660,3500,3625,2888
2023-02-03,3557,3575,3557,3575,1030
2023-02-06,3460,3690,3460,3575,2732
2023-02-07,3660,3690,3450,3575,2604
2023-02-08,3450,3575,3400,3445,2807
2023-02-09,3350,3560,3350,3480,2333
2023-02-10,3416,3510,3416,3490,646
2023-02-13,3400,3505,3400,3480,4201
2023-02-14,3350,3495,3350,3460,5725
2023-02-15,3460,3530,3400,3475,947
2023-02-16,3503.5,3530,3410,3480,1225
2023-02-17,3490,3490,3460,3460,997
2023-02-20,3470,3470,3330,3440,2149
2023-02-21,3453.2,3453.2,3330,3440,1202
2023-02-22,3370,3430,3370,3430,277
2023-02-23,3310,3413.5,3310,3405,614
2023-02-24,3300,3400,3200,3355,3542
2023-02-27,3320,3440,3320,3370,415
2023-02-28,3440,3535,3330,3460,2529
2023-03-01,3400,3509,3400,3450,754
2023-03-02,3320,3490.1,3320,3455,134
2023-03-03,3500,3500,3400,3400,340
2023-03-06,3495,3500,3362.2,3400,2047
2023-03-07,3500,3500,3340,3400,3744
2023-03-08,3500,3599,3460,3530,2947
2023-03-09,3480,3600,3480,3570,340
2023-03-10,3690,3690,3525,3565,1099
2023-03-13,3669,3669,3535,3535,574
2023-03-14,3420,3665,3410,3550,438
2023-03-15,3690,3750,3575,3630,2234
2023-03-16,3500,3725,3500,3645,2642
2023-03-17,3520,3740.5,3520,3630,699
2023-03-20,3650,3650,3510,3640,3193
2023-03-21,3530,3750,3530,3615,704
2023-03-22,3740,3740,3720,3740,561
2023-03-23,3737,3750,3510,3630,1295
2023-03-24,3700,3750,3510,3605,125
2023-03-27,3520,3800,3520,3700,4927
2023-03-28,3710,3795,3680,3700,1032
2023-03-29,3860,3860,3650,3735,1354
2023-03-30,3640,3869.26,3610,3745,1422
2023-03-31,3620,3880,3610,3745,1281
2023-04-03,3880,3995.2,3740,3920,4083
2023-04-04,3850,4000,3840,3910,2275
2023-04-05,3830,3959,3805,3805,2815
2023-04-06,3890,3899.05,3767.0001,3805,771
2023-04-11,3760,3940,3760,3850,1600
2023-04-12,3940,3940,3850,3900,1048
2023-04-13,3939,3940,3825,3825,264
2023-04-14,3940,3960,3810,3835,1832
2023-04-17,3850,3960,3835,3835,1224
2023-04-18,3960,3990,3780,3890,974
2023-04-19,3780,3990,3780,3970,1722
2023-04-20,3990,3990,3780,3950,5539
2023-04-21,3950,3982,3780,3950,4026
2023-04-24,3900,3964.8,3900,3960,3088
2023-04-25,3920,3940,3900,3900,2038
2023-04-26,3900,3971.2453,3860,3915,3304
2023-04-27,3820,3980,3820,3850,1280
2023-04-28,4000,4000,3871,3880,88
2023-05-02,4000,4011.9,3875,3975,897
2023-05-03,3915,3995,3915,3915,75
2023-05-04,4000,4042.5,3846,3855,1585
2023-05-05,3900,4400,3840,4080,8820
2023-05-09,4180,4375,4050,4300,6360
2023-05-10,4275,4362.55,4275,4295,4603
2023-05-11,4250,4390,4230,4390,3514
2023-05-12,4390,4535,4312.7,4370,3776
2023-05-15,4470,4529,4375,4490,3238
2023-05-16,4450,4450,4381,4420,2410
2023-05-17,4382,4420,4321,4370,1037
2023-05-18,4300,4375,4200,4250,1366
2023-05-19,4430,4430,4255,4430,623
2023-05-22,4400,4440,4210,4380,1504
2023-05-23,4390,4490,4210,4380,6355
2023-05-24,4389.1,4405,4331.5001,4405,1270
2023-05-25,4335,4470,4335,4385,98
2023-05-26,4470,4490,4370,4370,579
2023-05-30,4400,4490,4260,4400,474
2023-05-31,4560,4740,4488,4540,7834
2023-06-01,4550,4660,4430,4430,1468
2023-06-02,4420,4690,4420,4490,1234
2023-06-05,4605.5,4628.4999,4467,4510,815
2023-06-06,4420,4585,4410,4525,706
2023-06-07,4579,4628.4999,4550,4550,7325
2023-06-08,4690,4747.6,4520,4655,5796
2023-06-09,4650,4710,4400,4450,7230
2023-06-12,4410,4606,4330,4390,2326
2023-06-13,4340,4570,4310,4485,3816
2023-06-14,4310,4530,4260,4300,4325
2023-06-15,4365.8,4560,4365.8,4460,2216
2023-06-16,4590,4665.8,4472.4,4610,3245
2023-06-19,4500,4700,4491.2,4530,501
2023-06-20,4500,4530,4411,4530,375
2023-06-21,4540,4566,4410,4530,3216
2023-06-22,4400,4500,4400,4400,812
2023-06-23,4400,4465,4360,4465,987
2023-06-26,4320,4492.3,4316.96,4445,722
2023-06-27,4310,4490,4210,4350,1840
2023-06-28,4200,4490,4200,4345,1447
2023-06-29,4210,4330,4200,4270,2443
2023-06-30,4300,4330.0001,4275.4,4300,1118
2023-07-03,4490,4490,4320,4410,2966
2023-07-04,4320,4465.2,4320,4370,574
2023-07-05,4350,4452.5,4330.0001,4350,1175
2023-07-06,4490,4490,4200,4200,5202
2023-07-07,4300,4330,4234,4300,5535
2023-07-10,4300,4390,4215,4295,2888
2023-07-11,4210,4390,4210,4295,2361
2023-07-12,4380,4545.45,4210,4455,8327
2023-07-13,4518.4,4518.4,4350,4430,1183
2023-07-14,4410,4656.4999,4350,4410,2639
2023-07-17,4612.5,4645,4458.6,4545,2002
2023-07-18,4620,4700,4453.5001,4555,956
2023-07-19,4650,4675,4492,4555,604
2023-07-20,4650,4820,4600,4690,7173
2023-07-21,4650,4830,4645,4785,815
2023-07-24,4680,4797.3529,4560,4740,4693
2023-07-25,4830,4890,4740,4740,195
2023-07-26,4609.5001,4890,4609.5001,4735,1150
2023-07-27,4740,4939.9999,4659.5001,4775,1373
2023-07-28,4719.6,4775,4715,4775,127
2023-07-31,4700,4939.9999,4600,4700,2495
2023-08-01,4620,4845,4620,4750,8519
2023-08-02,4676,4800,4676,4800,833
2023-08-03,4660,4940,4550,4650,2245
2023-08-04,4600,4890,4510,4655,705
2023-08-07,4590,4890,4500,4700,2274
2023-08-08,4790,4840,4510,4750,2355
2023-08-09,4600,4880,4600,4775,3344
2023-08-10,4880,4880,4670,4670,728
2023-08-11,4880,4880,4500,4740,3261
2023-08-14,4702.4,4750,4643.6,4750,685
2023-08-15,4690,4750,4690,4750,362
2023-08-16,4668.8,4890,4668.8,4750,236
2023-08-17,4650,4745,4640,4745,1363
2023-08-18,4540,4670,4540,4615,1453
2023-08-21,4790,4790,4579.6,4730,21
2023-08-22,4560,4680,4500,4595,2354
2023-08-23,4540,4625,4510,4625,748
2023-08-24,4550,4710,4504,4710,1076
2023-08-25,4635,4655,4520,4655,247
2023-08-29,4880,4880,4632.4,4790,495
2023-08-30,4520,4741,4520,4650,363
2023-08-31,4520,4698,4500,4640,1028
2023-09-01,4600,4690,4600,4690,2912
2023-09-04,4627.0001,4717,4620,4700,1477
2023-09-05,4750,4775,4630,4740,4643
2023-09-06,4740,4790,4680,4790,2449
2023-09-07,4700,4800,4610,4720,1092
2023-09-08,4800,4810,4735.2,4795,2161
2023-09-11,4900,4960,4745,4925,14461
2023-09-12,4970,5060,4900,4985,6350
2023-09-13,5080,5095,4880,5050,7355
2023-09-14,5000,5085.4999,4880,5005,2340
2023-09-15,5120,5240,5005,5240,4086
2023-09-18,5240,5654,5160,5540,6989
2023-09-19,5580,5700,5400,5480,5889
2023-09-20,5240,5416,5142.4,5260,3556
2023-09-21,5200,5360,5142.4,5250,386
2023-09-22,5120,5380,5000,5040,3177
2023-09-25,5140,5200,5004,5200,1842
2023-09-26,5136.1667,5200,5042,5200,339
2023-09-27,5180,5380,5023.6,5200,930
2023-09-28,5038,5200,5038,5200,1031
2023-09-29,5300,5300,5120,5140,920
2023-10-02,5280,5380,5162,5290,1599
2023-10-03,5360,5380,5200,5200,3896
2023-10-04,5204,5350,5025,5210,1169
2023-10-05,5350,5380,5161.6,5250,431
2023-10-06,5260,5360,5100,5260,4420
2023-10-09,5300,5360,5100,5230,3830
2023-10-10,5278.2,5320,5120,5160,1447
2023-10-11,5140,5280,5100,5100,2225
2023-10-12,5220,5240,5100,5140,566
2023-10-13,5120,5138,5029,5120,3750
2023-10-16,5220,5220,5020,5100,921
2023-10-17,5240,5250,5040,5140,418
2023-10-18,5232.8,5240,5100,5100,984
2023-10-19,5180,5220.8,5020,5020,657
2023-10-20,5200,5200,5110,5110,530
2023-10-23,5200,5286,5135,5160,3229
2023-10-24,5280,5300,5020,5180,1379
2023-10-25,5300,5300,5160,5160,3080
2023-10-26,5235,5280,5100,5160,975
2023-10-27,5280,5280,5040,5110,1285
2023-10-30,5200,5280,5140,5200,1857
2023-10-31,5249,5249,5076,5160,1990
2023-11-01,5125,5220,5100,5200,1504
2023-11-02,5260,5300,5100,5250,948
2023-11-03,5300,5300,5164.2,5300,1592
2023-11-06,5240,5300,5160,5160,3691
2023-11-07,5380,5380,5020,5170,824
2023-11-08,5300,5300,5160,5160,1100
2023-11-09,5280,5300,5020,5210,5883
2023-11-10,5300,5380,5080,5290,3894
2023-11-13,5300,5300,5220,5260,2067
2023-11-14,5278,5320,5240,5280,1767
2023-11-15,5240,5300,5120,5200,1816
2023-11-16,5235,5235,5000,5110,1012
2023-11-17,5020,5380,5000,5210,3056
2023-11-20,5108.8,5217.6,5038.4,5160,406
2023-11-21,5198,5198,5040,5170,2607
2023-11-22,5180,5180,5100.6,5160,400
2023-11-23,5070.4,5163.2,5016,5160,993
2023-11-24,5180,5180,5028,5160,649
2023-11-27,5022.4,5160,5006,5160,934
2023-11-28,5020,5120,5000,5000,927
2023-11-29,5020,5300,5020,5140,1465
2023-11-30,5070.68,5160,5020,5160,507
2023-12-01,5140,5160,4950,5040,1914
2023-12-04,5300,5320,5090,5260,4224
2023-12-05,5260,5440,5200,5440,2848
2023-12-06,5480,5540,5255,5500,2517
2023-12-07,5460,5580,5371,5470,1783
2023-12-08,5382,5472.2,5371,5410,1076
2023-12-11,5460,5580,5380,5470,1169
2023-12-12,5580,5600,5425,5600,1864
2023-12-13,5470,5580,5470,5500,1107
2023-12-14,5580,5650,5360,5530,844
2023-12-15,5700,5895.6,5420,5710,1896
2023-12-18,5900,6000,5620,5740,2218
2023-12-19,5880,5999.1,5720,5900,2991
2023-12-20,5780,6034.293,5180,5520,12195
2023-12-21,5520,5600,5380,5380,2453
2023-12-22,5400,5680,5300,5300,1906
2023-12-27,5310,5668,5310,5560,641
2023-12-28,5660,5760,5411.2,5690,1532
2023-12-29,5700,5772,5640,5760,1237
2024-01-02,5860,6000.3,5640.2,6000,5888
2024-01-03,5900,6000,5755,5870,3632
2024-01-04,5715,5943,5715,5810,1015
2024-01-05,5874.6,5911.8612,5715,5810,2524
2024-01-08,5860,5867,5620,5830,1601
2024-01-09,5700,5800,5670,5800,1101
2024-01-10,5720,5738.125,5600,5600,981
2024-01-11,5660,5980,5620,5620,1143
2024-01-12,5700,5800,5660,5660,1751
2024-01-15,5800,5876,5643.7185,5690,1058
2024-01-16,5700,5792.8,5600,5600,1836
2024-01-17,5600,5734.96,5512.6,5560,1913
2024-01-18,5500,5610,4850.5301,5360,4136
2024-01-19,5120,5390,5100,5100,883
2024-01-22,5180,5480,5120,5180,1564
2024-01-23,5358.8,5460,5330,5330,972
2024-01-24,5240,5430.9883,5240,5240,1328
2024-01-25,5300,5340,5021.6667,5080,14275
2024-01-26,5100,5329.6,5100,5100,1738
2024-01-29,5180,5380,5180,5250,603
2024-01-30,5191,5348,5125,5280,3422
2024-01-31,5180,5460,5180,5440,9930
2024-02-01,5300,5580,5256.8,5580,1141
2024-02-02,5780,5880,5660,5860,36300
2024-02-05,5860,5861,5520,5760,3300
2024-02-06,5700,5900,5660,5660,2789
2024-02-07,5780,5880.294,5740,5880,1275
2024-02-08,5880,5880.294,5752,5880,585
2024-02-09,5700,5890.5263,5600,5700,266
2024-02-12,5900,5900,5440.7176,5670,2876
2024-02-13,5580,5900,5539.2,5580,602
2024-02-14,5480,5729,5440.7176,5480,437
2024-02-15,5463,5700,5444.6,5670,607
2024-02-16,5600,5722.2727,5444.4,5600,2037
2024-02-19,5600,5840,5466.7391,5590,2374
2024-02-20,5620,5620,5520,5620,733
2024-02-21,5540,5720.4782,5540,5560,542
2024-02-22,5540,5760,5440,5680,4767
2024-02-23,5640,5719.18,5580,5640,87
2024-02-26,5740,5740,5500,5680,1103
2024-02-27,5520,5680,5520,5640,1704
2024-02-28,5520,5630,5520,5520,823
2024-02-29,5440,5660,5440,5660,4164
2024-03-01,5740,5740,5500,5600,1628
2024-03-04,5460,5880,5443.36,5540,1400
2024-03-05,5500,5760,5495,5660,1163
2024-03-06,5520,5680,5500,5520,1047
2024-03-07,5460,5620,5413.344,5420,2579
2024-03-08,5528,5560.5714,5403.6,5490,349
2024-03-11,5400,5580,5305.1,5500,1734
2024-03-12,5320,5660,5224.48,5480,1057
2024-03-13,5260,5560,5200,5200,1323
2024-03-14,4980,5400,4700,5300,4150
2024-03-15,5240,5268,5133.57,5140,2383
2024-03-18,5100,5213,4925,5080,2091
2024-03-19,4830,5280,4800,4840,5344
2024-03-20,4800,5077.2,4700,4960,4919
2024-03-21,4800,4927.496,4785.2,4800,1216
2024-03-22,4920,5180,4733.5,4985,2301
2024-03-25,5120,5300,4766.4,5120,2885
2024-03-26,5380,5494.5,5132,5280,3592
2024-03-27,5300,5590,5175,5580,4634
2024-03-28,5360,5625,5220,5400,3705
2024-04-02,5240,5666.4,5220,5420,2474
2024-04-03,5260,5565,5240,5260,693
2024-04-04,5360,5580,5360,5380,276
2024-04-05,5680,5695.2,5460,5580,1560
2024-04-08,5700,5780,5360,5780,1113
2024-04-09,5680,5780,5420,5570,966
2024-04-10,5800,5960,5540,5960,3215
2024-04-11,5740,6100,5740,6000,4030
2024-04-12,5800,6040,5800,6040,1071
2024-04-15,6180,6200,5820,6200,2509
2024-04-16,6220,6320,5920,6300,2366
2024-04-17,6480,6580,6238.2,6300,3494
2024-04-18,6560,6574,6320,6530,2704
2024-04-19,6540,6680,6100,6680,6227
2024-04-22,6640,6980,6240,6680,2817
2024-04-23,6660,6922,6596,6640,1475
2024-04-24,6800,6880,6460,6630,585
2024-04-25,6320,6700,6320,6680,4143
2024-04-26,6700,7080,6420,7020,5589
2024-04-29,7100,7100,6850,6980,1232
2024-04-30,7200,7200,6820,6820,955
2024-05-01,6840,7039.18,6820,6840,1880
2024-05-02,6960,7300,6840,7300,2534
2024-05-03,6940,7292.4,6920,6920,1195
2024-05-07,7080,7300,6920,7060,6724
2024-05-08,6920,7080,6920,7020,2851
2024-05-09,6880,7025,6880,6940,2666
2024-05-10,6905,7000,6885,6900,699
2024-05-13,6820,6941.708,6600,6700,5818
2024-05-14,6600,6766,6500,6620,1155
2024-05-15,6560,6644.3,6162.5,6480,2749
2024-05-16,6420,6660,6100,6100,2354
2024-05-17,6100,6364,6060,6140,6036
2024-05-20,6120,6272,6100,6100,1238
2024-05-21,6140,6360,6024.4,6260,800
2024-05-22,6100,6169.7351,6020,6140,1299
2024-05-23,6260,6300,6005,6260,3422
2024-05-24,5860,6080,5840.21,6000,2663
2024-05-28,5820,6020,5550,5800,6816
2024-05-29,5520,5820,5500,5600,3321
2024-05-30,5660,6260,5396.7878,6200,26318
2024-05-31,6080,6100,6000,6080,1156
2024-06-03,6180,6200,6000,6200,4233
2024-06-04,6200,6290,6020,6040,2922
2024-06-05,6200,6232.52,6040,6120,1407
2024-06-06,6200,6480,6060,6340,5396
2024-06-07,6020,6420,6020,6420,2934
2024-06-10,6160,6360,6160,6360,3494
2024-06-11,6020,6291.6667,6020,6280,5170
2024-06-12,6060,6400,6060,6400,3290
2024-06-13,6160,6500,6160,6480,2692
2024-06-14,6140,7100,6140,7100,7522
2024-06-17,7100,7400,6736.1231,7360,12529
2024-06-18,7320,7499.28,7020,7100,10826
2024-06-19,7040,7300,7040,7200,2667
2024-06-20,7120,7700,7120,7440,3685
2024-06-21,7320,7900,7320,7900,183108
2024-06-24,7980,8000,7524.2,7920,5939
2024-06-25,7960,8100,7727.3684,8060,4364
2024-06-26,7940,8397.14,7940,8340,4025
2024-06-27,8360,8399.9999,7940.0001,8300,4500
2024-06-28,8360,8367.51,8020,8020,2296
2024-07-01,8180,8240,7920,8140,2312
2024-07-02,8240,8360,8048,8160,3201
2024-07-03,8280,8300,8012.4001,8160,4227
2024-07-04,8260,8500,8100,8500,8022
2024-07-05,8540,8640,8339,8640,47602
2024-07-08,8300,8860,8300,8700,31576
2024-07-09,8560,8820,7760,7920,8288
2024-07-10,8000,8220,7720,8100,9421
2024-07-11,8300,8300,7800,8020,9920
2024-07-12,8280,8280,7924.92,8040,7306
2024-07-15,7920,8100,7920,8020,3525
2024-07-16,8060,8180,7938.46,8140,2334
2024-07-17,8160,8160,7900,7960,3291
2024-07-18,8080,8180,7980,8080,6337
2024-07-19,7960,8080,7920,8080,1125
2024-07-22,8100,8500,8100,8460,3388
2024-07-23,8300,8355.8,8137.1156,8300,1548
2024-07-24,8100,8460,8040,8040,3562
2024-07-25,8380,8480,7900,7900,2867
2024-07-26,8080,8260,7920,8260,3423
2024-07-29,8280,8340,8060,8340,1562
2024-07-30,7920,8580,7920,8500,3823
2024-07-31,8460,8700,8320,8500,4179
2024-08-01,8460,8460,8050,8400,4883
2024-08-02,8320,8354.1489,7700,7700,4775
2024-08-05,7700,7900,7135.86,7740,11274
2024-08-06,7760,7869,7602,7780,5565
2024-08-07,7740,7860,7020,7820,17443
2024-08-08,7720,7970,7400,7600,4994
2024-08-09,7400,7669.75,7387,7540,2830
2024-08-12,7460,7572,7240,7260,2180
2024-08-13,7360,7360,6820,6820,4662
2024-08-14,7000,7300,6924,7300,4137
2024-08-15,7300,7458.1818,7240,7320,3565
2024-08-16,7480,7700,7264,7500,2286
2024-08-19,7580,7700,7240,7600,5445
2024-08-20,7400,7620,7400,7420,1721
2024-08-21,7220,7779.2525,7220,7420,1607
2024-08-22,7240,7560,7160,7160,2843
2024-08-23,7160,7380,7140,7140,1514
2024-08-27,7380,7600,7100,7200,1401
2024-08-28,7060,7380,7040,7240,1036
2024-08-29,7460,7460,7020,7100,2069
2024-08-30,7200,7397,7020,7140,1645
2024-09-02,7280,7280,7020,7120,2304
2024-09-03,7080,7220,7080,7120,744
2024-09-04,7020,7122,6940,7100,3861
2024-09-05,7200,7480,7060,7100,785
2024-09-06,7020,7250,6980,7220,1405
2024-09-09,7300,7592.5774,7149.6,7420,1895
2024-09-10,7300,7700,7300,7580,2033
2024-09-11,7400,7714,7280,7280,2722
2024-09-12,7400,7740,7100,7100,1249
2024-09-13,7380,7659,7160,7180,4778
2024-09-16,7120,7659.52,7120,7300,503
2024-09-17,7140,7529.2,7140,7200,3925
2024-09-18,7260,7473.6,7100,7160,5915
2024-09-19,7200,7220,7120,7200,3138
2024-09-20,7160,7300,7080,7200,8858
2024-09-23,7120,7259.2571,7100,7220,1803
2024-09-24,7100,7200,7100,7120,964
2024-09-25,7100,7360,6960,6960,3077
2024-09-26,6880,7140,6860,7100,3179
2024-09-27,7180,7480,7100,7360,3884
2024-09-30,7360,7400,6929,7320,5104
2024-10-01,7140,7380,7020,7100,8189
2024-10-02,7280,7280,6860,7000,1941
2024-10-03,6920,7480,6564,6840,5036
2024-10-04,6820,7040,6700,7040,5173
2024-10-07,7000,7080,6780,6880,2906
2024-10-08,6920,7031,6860,6920,3066
2024-10-09,6860,7160,6860,7120,6153
2024-10-10,7300,7300,6880,7020,1674
2024-10-11,6900,7020,6860,6880,2001
2024-10-14,6820,7054.8,6660,6840,3248
2024-10-15,6660,7100,6660,6880,1805
2024-10-16,7020,7020,6680,6900,4028
2024-10-17,6920,7258.4,6900,6900,1764
2024-10-18,6980,7125,6730,6780,1221
2024-10-21,6800,6851.24,6640,6640,1772
2024-10-22,6780,6820,6360,6820,1073
2024-10-23,6620,6840,6620,6800,1190
2024-10-24,6880,6880,6580.01,6700,3878
2024-10-25,6880,6880,6640,6700,7467
2024-10-28,6680,6840,6500,6840,5000
2024-10-29,6820,6820,6660,6700,3114
2024-10-30,6660,6800,6560,6660,1635
2024-10-31,6880,6900,6700,6900,1808
2024-11-01,6880,6980,6650,6860,1548
2024-11-04,7000,7280,6640,6800,381
2024-11-05,7000,7000,6540,6540,2687
2024-11-06,6900,7120,6500,6740,2789
2024-11-07,7280,7593.8,6660,6840,2222
2024-11-08,6900,7248,6650,6900,623
2024-11-11,7300,7700,6620,6880,2274
2024-11-12,7040,7240,6640,6700,1791
2024-11-13,7000,7000,6700,6800,2595
2024-11-14,6940,6940,6468.05,6500,3928
2024-11-15,6980,6980,6400,6960,6906
2024-11-18,6580,7200,6520,6580,1816
2024-11-19,6840,6840,6520,6520,1358
2024-11-20,6600,6820,6512.6933,6580,2196
2024-11-21,6520,6820,6420,6800,1148
2024-11-22,6720,7120,6519.9999,6600,1522
2024-11-25,6540,7180,6540,6980,3251
2024-11-26,6820,7180,6455.452,6760,3351
2024-11-27,6920,7155.2,6720,6860,1173
2024-11-28,6780,6980,6700,6980,570
2024-11-29,6780,7040,6740,6860,1237
2024-12-02,7080,7160,6438.16,6860,2969
2024-12-03,6860,7040,6642.9091,6980,1196
2024-12-04,6820,7020,6460.0001,6700,3373
2024-12-05,6540,6940,6540,6780,963
2024-12-06,6620,6900,6620,6900,1180
2024-12-09,6640,6980,6560,6900,1063
2024-12-10,6560,6835.8,6560,6640,2317
2024-12-11,6900,6900,6620,6720,598
2024-12-12,6580,6826,6580,6700,1119
2024-12-13,6600,6740,6594.16,6660,1367
2024-12-16,6580,6820,6320,6760,892
2024-12-17,7000,8000,7000,7220,14511
2024-12-18,7160,7440,6965,7440,4070
2024-12-19,7100,7460,7100,7460,6921
2024-12-20,7280,7700,7260.0001,7700,13158
2024-12-23,7860,7880,7380,7620,5585
2024-12-24,7600,7700,7226.9044,7660,1830
2024-12-27,7420,7880,7420,7820,1498
2024-12-30,7480,7999.648,7432,7880,1950
2024-12-31,7800,7999.4,7760,7860,1876
2025-01-02,7960,7981,7280,7940,1514
2025-01-03,7720,8020,7620,7880,2879
2025-01-06,8100,8220,7820,8020,7627
2025-01-07,8000,8039.1,7760,7860,4751
2025-01-08,7780,7858,7440,7440,3368
2025-01-09,7600,7600,7180,7180,5330
2025-01-10,7220,7680,7220,7420,4466
2025-01-13,7540,7770.224,7500,7500,2577
2025-01-14,7580,7580,7320,7480,2429
2025-01-15,7600,7600,7400,7600,3451
2025-01-16,7500,7600,7480,7580,4471
2025-01-17,7220,7568.2,7220,7520,11232
2025-01-20,7600,7600,7440,7440,4627
2025-01-21,7440,7560,7120,7480,1740
2025-01-22,7460,7786.4,7448,7480,1128
2025-01-23,7600,7600,7100,7400,3424
2025-01-24,7120,7880,7120,7240,927
2025-01-27,7420,7679.36,7160,7240,4771
2025-01-28,7120,7527.4,7120,7240,2622
2025-01-29,7320,7560,7180,7300,2199
2025-01-30,7280,7300,7166.56,7260,2432
2025-01-31,7260,7760,7260,7340,3689
2025-02-03,7520,7800,7169.0769,7280,2211
2025-02-04,7220,7300,7000,7000,5667
2025-02-05,7160,7700,7160,7220,5885
2025-02-06,7040,7580,7040,7340,3659
2025-02-07,7200,7400,7101.0197,7280,2341
2025-02-10,7720,7740,7160,7160,2647
2025-02-11,7040,7240,7040,7160,2509
2025-02-12,7180,7585,7040,7200,2266
2025-02-13,7200,7200,7080,7100,2199
2025-02-14,7180,7200,7040,7040,3567
2025-02-17,7400,7400,6880,7020,12184
2025-02-18,6900,7160,6890.3448,7000,5420
2025-02-19,6900,7280,6900,7200,7665
2025-02-20,7180,7300,6900,7160,1293
2025-02-21,6940,7262,6940,7180,1463
2025-02-24,7200,7440,6860,7020,2917
2025-02-25,7120,7480,7020,7020,2581
2025-02-26,7500,7780,7040,7180,5200
2025-02-27,7260,7740,6900,7000,4760
2025-02-28,6520,6968,6520,6840,7986
2025-03-03,7100,7480,6664.44,6900,2500
2025-03-04,6780,7300,6708.0625,6900,8939
2025-03-05,7000,7480,6655.7617,6740,5414
2025-03-06,7200,7300,6520,6800,2849
2025-03-07,7000,7280,6560,7120,6065
2025-03-10,7020,7460,6793.6,7020,3704
2025-03-11,7660,7680,6760,7020,7609
2025-03-12,7020,7600,6900,6940,2855
2025-03-13,7200,7440,6765,6880,3528
2025-03-14,6720,7320,6700,6940,3834
2025-03-17,7180,7313.2,6720,6920,2391
2025-03-18,6700,7480,6700,6880,1372
2025-03-19,7500,7580,6720,6840,15335
2025-03-20,6860,7200,6698.56,6740,12728
2025-03-21,6660,7000,6520,6560,6462
2025-03-24,6780,7000,6500,6580,3036
