Date,Open,High,Low,Close,Volume
2000-01-04,129.4943,129.4943,127.4814,127.4814,62500
2000-01-05,128.8229,128.8229,125.4682,127.481,10884
2000-01-06,124.1207,127.4753,124.1207,127.4753,3061
2000-01-07,127.4785,127.4785,127.4785,127.4785,3061
2000-01-10,129.4963,129.4963,127.4834,127.4834,1913
2000-01-11,129.4879,129.4879,125.4624,127.4751,3674
2000-01-12,124.1346,127.4896,122.1216,127.4896,7348
2000-01-13,120.9088,125.8057,120.9088,125.8057,33676
2000-01-14,124.1331,125.8106,124.1331,125.8106,1531
2000-01-17,124.1254,124.7964,123.119,123.119,1531
2000-01-18,120.7727,123.121,120.7727,123.121,4286
2000-01-19,120.7669,123.1151,120.7669,123.1151,153
2000-01-20,119.2978,122.1158,119.2972,122.1158,2740
2000-01-21,119.432,119.7675,119.432,119.7675,1750
2000-01-24,120.7679,120.7679,119.7615,119.7615,1035
2000-01-25,120.7722,120.7722,119.4303,119.4303,22027
2000-01-26,120.7733,120.7733,117.4185,117.4185,4255
2000-01-27,114.065,114.065,108.6972,111.3811,22961
2000-01-28,109.3613,111.3741,109.3613,111.3741,842
2000-01-31,113.7702,113.7702,111.3763,111.3763,1456
2000-02-01,112.0472,112.0472,110.3698,110.3698,6062
2000-02-02,112.0554,112.0554,109.6788,110.378,188266
2000-02-03,112.093,112.093,110.3086,110.3736,514175
2000-02-04,111.3787,115.9895,111.3787,115.7399,5817
2000-02-08,120.7672,120.7672,116.9469,118.0835,88339
2000-02-09,120.7807,120.7807,119.1032,119.1032,9031
2000-02-10,120.7691,120.7691,119.4272,119.4272,5878
2000-02-11,124.1209,124.1209,120.7663,120.7663,4194
2000-02-14,117.416,123.4546,117.416,120.7708,7807
2000-02-15,124.1234,124.1234,118.085,120.7687,1376
2000-02-16,124.1264,124.1264,120.7716,120.7716,1301
2000-02-17,124.1221,124.1221,120.7674,120.7674,1042
2000-02-18,124.1264,125.8038,124.1264,125.8038,3643
2000-02-21,127.4872,130.1711,125.8097,125.8097,8419
2000-02-22,130.8344,130.8547,127.4797,127.4797,10363
2000-02-23,124.1291,130.8387,124.1291,127.4839,11624
2000-02-24,130.8432,130.8432,127.4882,127.4882,1996
2000-02-25,130.1667,130.1667,125.47,127.4829,1569
2000-02-28,124.7917,130.1592,124.1208,125.7981,9134
2000-02-29,127.4782,127.4782,124.1234,125.8008,3521
2000-03-01,124.1223,125.7996,123.2232,125.7996,57919
2000-03-02,127.4709,127.4709,125.7936,125.7936,46856
2000-03-03,124.1303,125.1367,124.1303,125.1367,7126
2000-03-06,120.7809,124.1359,120.7809,124.1359,3061
2000-03-07,127.479,127.479,124.1244,124.1244,1714
2000-03-08,120.7719,127.4814,120.7719,124.1267,85461
2000-03-09,120.7749,126.1427,120.7749,123.1233,15093
2000-03-10,122.7214,124.1305,122.708,124.1305,7462
2000-03-13,120.7745,127.4842,120.7745,124.1294,90476
2000-03-14,125.0635,127.4788,124.795,124.795,12472
2000-03-15,127.4779,127.4779,124.1231,124.1231,1332
2000-03-16,126.813,127.4839,124.1291,124.1291,8742
2000-03-17,126.6063,127.4786,126.1366,127.4786,24798
2000-03-22,128.1425,130.8261,128.1425,130.8261,1704
2000-03-23,132.8491,134.1909,127.4814,130.8362,43983
2000-03-24,134.2003,134.2003,127.4903,130.8453,8985
2000-03-27,134.1946,134.1946,128.1559,130.8397,500302
2000-03-28,128.6288,130.843,128.6137,130.843,111217
2000-03-29,128.1462,132.1718,127.9785,129.8236,16887
2000-03-30,127.48,131.4204,127.3961,127.48,74057
2000-03-31,129.4941,129.4941,124.1264,127.4812,918
2000-04-03,122.6584,127.4896,122.6289,127.4896,58669
2000-04-04,122.6603,124.1365,118.7685,121.4525,22127
2000-04-05,120.7738,121.4447,118.7608,121.4447,3061
2000-04-06,124.1237,124.1237,119.4271,121.4399,1358
2000-04-07,123.4564,128.8241,123.4564,126.1402,623170
2000-04-10,129.4923,129.4923,126.1376,126.1376,26522
2000-04-11,127.4776,127.4776,126.1357,126.1357,934
2000-04-12,127.1275,127.1275,126.1394,126.1394,12221
2000-04-13,129.4833,129.4833,123.982,126.1288,12128
2000-04-14,122.7826,126.1373,122.7826,126.1373,3980
2000-04-17,114.0576,122.3352,114.0576,121.1024,51788
2000-04-18,119.4314,120.1024,117.4185,120.1024,8128
2000-04-20,122.7842,122.7842,120.1004,120.1004,2862
2000-04-25,122.1135,122.1135,120.1007,120.1007,419
2000-04-26,122.7921,124.1342,117.4242,120.1082,73742
2000-04-27,121.4407,121.4407,120.0989,120.0989,12246
2000-04-28,121.4459,121.4459,118.9298,119.7684,57369
2000-05-02,122.115,122.115,119.7666,119.7666,28227
2000-05-03,120.7707,121.4416,120.7707,121.4416,115
2000-05-04,120.77,122.1119,119.7636,119.7636,68654
2000-05-09,116.2103,119.7664,116.2066,119.7664,38272
2000-05-10,120.7762,120.7762,119.7697,119.7697,2194
2000-05-11,120.9769,121.4465,119.769,119.769,252266
2000-05-15,120.7698,120.7698,118.086,119.7633,17600
2000-05-16,117.6389,119.0931,117.6389,119.0931,3061
2000-05-17,187.8661,187.8661,112.3904,116.4099,15307
2000-05-18,114.0672,118.7654,114.0672,116.4157,39922
2000-05-19,117.4184,117.4184,116.4119,116.4119,1072
2000-05-23,117.8907,117.9115,116.4146,116.4146,10256
2000-05-25,114.0639,116.4123,114.0639,116.4123,1133
2000-05-30,117.4139,123.2487,117.4139,118.4203,1530739
2000-05-31,120.7678,120.7678,119.0904,119.0904,186291
2000-06-01,117.7529,119.0949,117.6031,119.0949,9093
2000-06-02,116.8269,119.1006,116.8269,119.1006,4387
2000-06-05,122.7848,122.7848,113.4764,120.101,5852
2000-06-06,119.0214,122.7786,118.9932,120.0949,2847
2000-06-07,117.4138,117.4138,116.7429,116.7429,7654
2000-06-08,114.0652,114.7361,114.0652,114.7361,218063
2000-06-09,110.0391,114.7359,110.0391,114.7359,213079
2000-06-12,110.8464,114.0671,108.6993,114.0671,413299
2000-06-13,116.7491,116.7491,114.0652,114.0652,1255
2000-06-14,110.712,114.0669,110.712,114.0669,1003
2000-06-15,116.0666,116.0666,110.5621,114.0538,47157
2000-06-16,113.5952,114.065,113.5656,114.065,4523
2000-06-20,110.7059,114.7316,110.7059,113.3898,29467
2000-06-21,111.2756,112.3862,111.2756,111.7152,4171
2000-06-22,110.7162,110.7162,110.0452,110.0452,2296
2000-06-27,113.3867,117.5909,110.0321,112.3803,176035
2000-06-28,117.4127,117.4127,116.7417,116.7417,31980
2000-06-29,114.0582,117.6946,114.0582,117.4129,475083
2000-06-30,120.0023,120.0023,118.4215,118.4215,8973
2000-07-03,121.9175,122.7897,118.0928,119.4349,704147
2000-07-04,119.7684,122.2846,119.7684,120.1039,237418
2000-07-05,122.775,122.775,119.4205,121.7686,5287
2000-07-10,120.7725,122.7854,120.7725,121.779,8266
2000-07-11,124.807,124.807,121.7875,121.7875,94294
2000-07-12,124.1277,124.1277,121.7794,121.7794,15307
2000-07-13,119.4383,121.7867,119.4383,121.7867,383
2000-07-14,124.1289,124.1289,120.774,121.7804,1041
2000-07-18,119.4346,122.7896,119.4346,122.7896,3016
2000-07-19,120.7765,122.7895,120.7765,122.7895,2296
2000-07-20,124.13,124.13,122.7881,122.7881,3213
2000-07-21,120.304,122.7866,120.2705,122.7866,3674
2000-07-26,119.4258,126.1351,119.4258,122.7805,2572
2000-07-27,119.4333,120.4465,116.2932,120.1043,1430253
2000-07-28,120.77,121.1055,120.77,121.1055,3061
2000-07-31,119.759,119.759,117.4108,119.0881,3980
2000-08-02,116.7518,118.7649,116.7518,118.7649,1454
2000-08-03,116.7467,118.7596,116.7467,118.7596,6888
2000-08-04,119.424,120.2627,118.753,118.753,674
2000-08-07,120.7754,120.7754,118.427,118.427,306
2000-08-10,118.424,118.424,117.4175,118.424,1443
2000-08-11,116.0731,118.4213,116.0731,118.4213,1577
2000-08-16,120.2945,120.2945,119.423,119.7584,98734
2000-08-17,119.5571,119.7584,118.752,119.7584,5390
2000-08-18,120.1021,121.1086,120.1021,121.1086,45977
2000-08-21,122.1171,122.1171,121.1106,121.1106,15307
2000-08-22,120.772,121.1074,120.772,121.1074,306
2000-08-23,121.1064,123.6225,120.771,122.1129,42904
2000-08-24,122.7891,122.7891,122.1181,122.1181,153
2000-08-25,124.12,124.12,122.1073,122.1073,5985
2000-08-30,120.7716,122.449,120.7716,122.449,2357
2000-08-31,126.1446,126.1446,122.0202,124.1317,112509
2000-09-01,122.1137,124.1266,122.1137,124.1266,68883
2000-09-05,121.6473,124.1299,120.9196,124.1299,4058
2000-09-06,120.7682,124.1229,120.7682,124.1229,3107
2000-09-07,120.7693,124.9681,120.7693,124.124,221294
2000-09-08,122.1059,122.4414,121.7704,122.4414,162211
2000-09-11,120.7624,120.7624,120.427,120.427,4898
2000-09-12,123.4519,123.4519,120.4328,120.4328,88853
2000-09-15,116.414,117.7559,116.414,117.7559,3184
2000-09-18,116.7441,117.7493,116.0731,117.0795,1112931
2000-09-19,115.4024,117.0798,115.4024,117.0798,172514
2000-09-20,115.8756,117.0833,114.7349,117.0833,36279
2000-09-26,115.7345,115.7345,109.6962,109.6962,163942
2000-09-28,108.022,110.7058,108.022,109.0285,7501
2000-10-02,107.0172,112.3433,106.514,108.3591,69548
2000-10-04,110.7062,110.7062,108.3579,108.3579,8693
2000-10-09,109.7036,112.7229,109.7036,110.7101,12453
2000-10-10,108.0201,111.7102,108.0201,111.7102,9195
2000-10-11,110.7095,113.8558,110.7095,111.716,120775
2000-10-12,112.7223,112.7223,110.0384,110.0384,23145
2000-10-13,108.7028,110.0448,108.7028,110.0448,1531
2000-10-16,108.0165,110.0292,108.0165,110.0292,2296
2000-10-17,109.3626,111.0399,109.0271,109.0271,115571
2000-10-18,106.6755,110.7009,106.6755,106.6755,231506
2000-10-19,107.014,107.014,105.0012,105.0012,14848
2000-10-23,106.0163,106.0163,104.6743,104.6743,2832
2000-10-26,104.0057,104.6768,102.6637,104.6768,1964
2000-10-27,107.1509,107.1643,104.6684,104.6684,119923
2000-10-30,101.3156,102.993,101.3156,102.993,2832
2000-10-31,104.325,105.3314,102.9832,102.9832,8878
2000-11-01,105.338,105.6734,103.9961,105.6734,9184
2000-11-02,105.3331,106.3395,105.3331,106.3395,26528
2000-11-03,110.0281,111.3699,106.3381,106.3381,81435
2000-11-06,111.3762,111.3762,109.028,109.028,15307
2000-11-07,113.0513,113.0728,110.3676,111.7094,100150
2000-11-08,114.0622,114.0622,111.7139,111.7139,19731
2000-11-09,114.059,114.059,111.7107,111.7107,17603
2000-11-10,114.0613,115.4033,114.0613,114.0613,10065
2000-11-13,116.0722,116.0722,113.3884,113.3884,84191
2000-11-14,110.715,112.057,110.715,111.0505,4831
2000-11-15,110.034,112.0469,109.3631,111.0405,63618
2000-11-16,109.3578,109.3578,108.6869,109.0224,162258
2000-11-17,107.3604,109.3734,107.3604,108.3668,18797
2000-11-20,108.6922,109.3632,107.6858,107.6858,34579
2000-11-21,110.704,112.0458,110.704,110.704,30373
2000-11-22,112.0481,112.0481,109.6998,109.6998,77455
2000-11-24,111.0351,111.0351,109.6934,109.6934,24556
2000-11-27,108.0217,109.6991,108.0217,109.6991,2449
2000-11-28,111.0476,111.0476,109.7056,109.7056,306
2000-11-29,102.6587,105.6781,102.6587,105.0071,55566
2000-11-30,100.6411,100.6411,98.9637,98.9637,49891
2000-12-01,97.2928,99.9768,97.2928,98.9703,8877
2000-12-04,99.3032,101.316,99.3032,99.6386,49576
2000-12-05,100.3108,103.5143,100.3108,100.6462,73756
2000-12-06,103.3311,109.0345,103.3311,109.0345,28655
2000-12-07,112.7249,112.7249,110.0409,110.0409,34021
2000-12-08,112.0532,112.0532,108.6983,110.7112,5472
2000-12-11,108.6922,111.7114,108.6922,111.7114,1561
2000-12-12,114.0626,120.7722,107.353,114.0626,13945
2000-12-13,112.0535,117.4213,112.0535,116.7503,41100
2000-12-15,114.067,119.4349,114.067,116.751,118433
2000-12-18,114.0613,115.0678,114.0613,115.0678,5961
2000-12-19,115.7414,115.7414,114.735,115.0705,8955
2000-12-20,114.0607,117.4155,114.0607,116.4091,32210
2000-12-21,117.4204,117.4204,116.4139,116.4139,153
2000-12-27,115.3999,117.0773,115.3999,117.0773,9399
2000-12-29,118.2591,118.2591,116.4139,116.4139,4937
2001-01-03,118.7526,120.5017,117.4108,117.4108,9184
2001-01-04,120.0919,120.0919,118.75,119.0856,30462
2001-01-05,119.4328,122.8424,119.0973,119.0973,7960
2001-01-08,120.7806,120.7806,117.4256,119.1031,22502
2001-01-09,124.9161,124.9161,120.0992,120.0992,112
2001-01-10,120.1049,126.8147,113.3952,120.1049,1225
2001-01-11,123.0866,123.0866,121.1046,121.1046,12078
2001-01-12,123.4595,124.1305,121.7821,121.7821,92562
2001-01-16,124.1168,124.1168,123.1105,123.1105,3368
2001-01-17,123.9891,124.4587,123.9555,124.4587,7654
2001-01-18,126.1429,126.1429,124.4655,124.4655,793
2001-01-19,122.7854,124.7983,122.7854,124.1273,22961
2001-01-23,125.4675,126.8094,124.1256,124.1256,7462
2001-01-24,124.5951,125.4673,122.7836,124.1254,281734
2001-01-25,122.7213,124.1304,122.7039,124.1304,264098
2001-01-26,124.1321,124.1321,122.7901,123.4611,627591
2001-01-30,119.4279,121.4407,119.4279,121.4407,1531
2001-01-31,124.1329,124.1329,121.7845,121.7845,30018
2001-02-01,123.4623,124.1694,121.7849,121.7849,29906
2001-02-06,120.4352,121.7772,120.4352,121.7772,1633
2001-02-07,124.1286,124.2298,121.7802,121.7802,1148
2001-02-08,119.9625,122.1095,119.4257,121.1031,14069
2001-02-09,122.7811,122.7811,121.1038,121.1038,765
2001-02-12,119.4235,121.1009,119.4235,121.1009,1290
2001-02-14,122.7832,122.7832,119.4284,121.4413,350600
2001-02-16,122.1126,125.7604,122.1126,124.1254,20516
2001-02-19,125.8057,125.8057,124.4637,124.4637,3805
2001-02-22,126.8115,126.8115,126.1405,126.1405,11940
2001-02-23,127.4796,128.486,127.4796,128.486,143889
2001-02-26,129.4998,130.0054,128.3256,129.4998,262330
2001-02-28,128.8197,135.5291,122.1103,128.8197,54724
2001-03-01,129.6507,129.6507,126.7994,127.4703,33421
2001-03-02,126.8121,129.1605,126.8121,128.154,2169
2001-03-05,126.6763,127.4814,126.6427,127.4814,481
2001-03-06,126.8017,133.5107,120.0926,126.8017,45310
2001-03-07,128.2701,128.2701,126.8008,126.8008,8238
2001-03-08,127.4779,128.1488,124.1232,126.807,9797
2001-03-12,128.8189,128.8189,125.4642,127.1416,4683
2001-03-13,126.1391,126.1391,124.1262,124.7972,156212
2001-03-14,124.7956,124.7956,122.1117,124.7956,2783
2001-03-15,124.335,125.7329,124.1337,124.1337,24135
2001-03-19,123.1179,126.5665,122.1114,123.4533,119238
2001-03-20,125.0614,125.0684,122.7802,124.1221,2449
2001-03-21,123.1139,124.1203,123.1139,124.1203,5586
2001-03-22,125.4737,125.4737,115.7445,115.7445,18413
2001-03-23,112.7177,116.7433,112.7177,114.7305,26440
2001-03-27,116.0735,116.0735,114.0607,114.0607,459
2001-03-28,110.7071,114.7328,110.7071,113.0554,40488
2001-03-29,109.8695,109.8695,108.3598,108.3598,830
2001-03-30,107.0103,108.9827,107.0103,108.3521,19581
2001-04-02,109.7049,109.7049,108.3629,108.3629,1225
2001-04-03,107.8881,108.3578,107.8546,108.3578,658
2001-04-05,107.3505,108.357,107.015,107.015,11404
2001-04-06,108.6987,108.6987,107.0213,107.0213,1000
2001-04-09,106.946,107.3486,106.9292,107.3486,459
2001-04-11,110.0409,110.0409,108.028,108.028,153
2001-04-12,109.3702,109.3702,104.0862,108.0283,995
2001-04-18,109.9043,109.9043,107.7236,108.0256,4087
2001-04-19,108.6993,108.6993,104.6654,107.3574,153401
2001-04-20,106.0122,108.0251,106.0122,108.0251,8200
2001-04-25,106.8149,108.0226,106.3452,108.0226,2544
2001-04-27,110.7135,110.7135,108.0296,108.0296,114805
2001-04-30,110.7109,110.7109,108.027,108.027,4684
2001-05-01,108.6302,110.7647,106.8401,108.0264,13239
2001-05-02,106.6849,110.0397,106.6849,108.0268,52152
2001-05-03,110.0369,110.0369,108.024,108.024,5220
2001-05-04,105.6754,110.0366,105.6754,108.0237,3386
2001-05-08,106.681,108.023,106.681,108.023,3244
2001-05-09,106.6828,108.0247,106.6828,108.0247,1959
2001-05-10,107.3523,108.0232,107.3523,108.0232,153
2001-05-11,108.546,108.546,108.0193,108.0193,3851
2001-05-14,106.0145,109.3693,106.0145,108.0274,9131
2001-05-15,109.3645,109.3645,108.6936,108.6936,1381
2001-05-16,110.7039,110.7039,108.6911,108.6911,48922
2001-05-17,109.0288,109.0524,108.6933,108.6933,186015
2001-05-18,112.047,112.047,108.6922,108.6922,19808
2001-05-21,110.7083,110.7083,105.3406,108.6955,37886
2001-05-22,106.7432,108.018,106.7165,108.018,4484
2001-05-23,105.8398,108.0214,105.8398,108.0214,47759
2001-05-24,107.017,109.3654,106.0643,108.0234,19460
2001-05-25,105.3338,105.3338,104.9984,104.9984,38268
2001-05-30,104.4932,104.4932,103.3501,103.6546,7960
2001-05-31,101.9806,103.3225,101.0888,103.3225,1684
2001-06-01,103.6665,103.6665,102.66,102.66,7194
2001-06-04,101.5119,102.317,101.3106,102.317,7141
2001-06-05,102.3188,103.3252,98.9641,98.9641,73051
2001-06-06,99.8388,102.6568,97.2891,99.973,23157
2001-06-07,101.3109,101.9818,98.6271,98.9626,107841
2001-06-08,98.5642,100.6442,97.9604,99.3023,623116
2001-06-11,100.6481,100.6481,97.9642,99.3062,338538
2001-06-12,98.6303,100.9412,98.6303,99.6367,446278
2001-06-13,103.661,107.3512,103.661,104.6674,9950
2001-06-14,102.6533,106.679,102.6533,104.6662,7286
2001-06-15,101.9823,105.5048,101.9823,103.3242,352759
2001-06-18,101.3146,105.3404,100.6437,104.3339,17328
2001-06-20,106.6819,107.3528,105.6755,105.6755,1120387
2001-06-21,107.0242,107.0242,105.4305,106.0176,1165341
2001-06-22,105.3368,106.6787,105.3368,106.0078,13164
2001-06-26,105.3412,106.0122,105.3412,106.0122,5166
2001-06-27,106.0081,106.0081,105.3372,105.3372,1378
2001-06-28,105.3459,112.0558,98.636,105.3459,1520
2001-06-29,106.0121,106.0121,103.9992,103.9992,12215
2001-07-02,104.3197,104.3197,103.9977,103.9977,26023
2001-07-03,105.337,105.337,102.6532,103.9951,34710
2001-07-04,104.0032,104.0032,103.3322,103.3322,2696
2001-07-05,100.6389,101.9808,100.3035,100.3035,35207
2001-07-06,99.7042,100.3082,99.7042,100.3082,4087
2001-07-11,101.3132,101.3132,100.1089,100.3068,111089
2001-07-12,99.3054,100.3118,99.3054,100.3118,9517
2001-07-13,101.3179,101.3179,100.3114,100.3114,4828
2001-07-16,106.0072,107.349,105.0008,105.0008,34367
2001-07-17,107.0125,107.348,105.6707,105.6707,13327
2001-07-18,108.4706,108.4706,108.3592,108.3592,12990
2001-07-19,110.0346,110.0346,106.6799,108.3572,59175
2001-07-20,109.2303,109.7,108.3581,108.3581,1826
2001-07-23,108.4934,110.0365,107.3527,108.3592,384168
2001-07-24,109.2294,109.2294,108.3572,108.3572,719
2001-07-25,110.0368,110.0368,108.6949,108.6949,5786
2001-07-26,110.0357,111.5923,109.3647,109.3647,2128
2001-07-27,108.7015,109.3725,108.7015,109.3725,12336
2001-07-30,108.6954,111.0437,108.6954,111.0437,4179
2001-07-31,112.8918,112.8918,111.0467,111.0467,69
2001-08-01,113.3935,113.3935,111.0451,111.0451,4179
2001-08-02,109.8277,112.8803,108.6871,111.0353,6417
2001-08-03,112.7205,113.3915,112.0496,112.0496,20122
2001-08-07,113.7822,113.7822,111.0455,112.3875,2864
2001-08-08,112.052,112.3875,112.052,112.3875,153
2001-08-09,114.058,114.058,113.3871,113.3871,15307
2001-08-10,117.4162,117.4162,116.7453,116.7453,166267
2001-08-13,117.4192,118.6269,117.4192,118.4256,11387
2001-08-14,119.9678,119.9678,119.0956,119.0956,481
2001-08-15,119.0895,125.7987,112.3802,119.0895,33079
2001-08-17,117.4141,117.4141,114.0594,115.0658,156282
2001-08-20,116.3123,116.3123,115.0645,115.0645,70024
2001-08-22,114.0611,116.0739,114.0611,115.0675,48895
2001-08-23,114.7379,116.0798,114.0669,115.0734,173419
2001-08-28,114.0841,115.0736,114.0841,115.0736,38268
2001-08-29,113.5988,115.075,113.574,115.075,54647
2001-08-31,115.0679,121.7775,108.3584,115.0679,14083
2001-09-03,114.0631,115.0695,114.0631,115.0695,4537
2001-09-04,114.068,114.068,113.3971,113.3971,3827
2001-09-05,111.5837,112.7239,111.5837,112.7239,2654
2001-09-06,109.3703,112.7252,109.3703,112.7252,6158
2001-09-07,110.5017,111.7094,110.5017,111.7094,3937
2001-09-10,110.0393,110.0393,109.7038,109.7038,9224
2001-09-11,108.4874,108.4874,108.4874,108.4874,4592
2001-09-13,106.679,106.679,101.9825,104.6662,6611
2001-09-14,103.3301,105.0075,103.3301,105.0075,2198
2001-09-17,106.3258,106.3258,105.3477,105.3477,14542
2001-09-19,108.9703,109.0382,105.0114,105.0114,19569
2001-09-20,103.3273,105.3402,103.3273,105.3402,3
2001-09-24,103.1239,103.124,101.9833,102.3189,12246
2001-09-25,102.6566,103.9986,102.6566,102.9922,17603
2001-09-26,101.9845,103.9973,101.9845,102.9909,83777
2001-09-27,103.1949,104.2084,102.3226,102.3226,332228
2001-09-28,100.6395,100.8744,93.9302,95.6076,61536
2001-10-01,95.9436,95.9436,93.3538,94.9372,151459
2001-10-02,97.2803,97.2803,94.9321,94.9321,1072
2001-10-04,95.9437,95.9437,94.9372,94.9372,459
2001-10-05,95.9512,95.9512,93.737,94.9448,5229
2001-10-09,92.5917,94.9401,92.5917,94.9401,1913
2001-10-10,92.5951,92.9305,92.5951,92.9305,18981
2001-10-11,91.9183,94.9375,91.9183,94.9375,35636
2001-10-12,97.2813,99.294,93.9268,98.9586,13071
2001-10-15,100.3127,100.3127,97.2932,98.9706,20818
2001-10-16,101.9826,105.0019,101.9826,103.9954,63693
2001-10-17,106.6835,106.6835,101.5972,103.9996,3513
2001-10-18,101.985,103.9979,101.985,103.9979,1900
2001-10-19,102.6429,102.9932,102.6429,102.9932,5205
2001-10-23,104.8698,104.8699,104.6686,104.6686,5244
2001-10-25,100.636,103.6551,100.636,103.6551,719
2001-10-26,101.3207,103.6692,101.3207,103.6692,85363
2001-10-30,103.0803,103.0804,102.3144,102.3144,245359
2001-10-31,103.9993,107.1541,102.9928,102.9928,51467
2001-11-02,103.3353,103.3353,102.9997,102.9997,1140
2001-11-05,104.0051,104.0051,102.9986,102.9986,3061
2001-11-06,103.999,103.999,102.657,102.9925,10669
2001-11-07,103.0099,103.0099,102.3221,102.3221,612
2001-11-09,101.6483,108.3578,94.9389,101.6483,3403
2001-11-12,102.6582,102.6582,101.3163,101.3163,1990
2001-11-13,102.6499,102.6499,98.1212,100.6371,42028
2001-11-14,102.656,102.656,101.3141,101.3141,187
2001-11-15,103.3232,103.3232,99.2977,101.3105,2027
2001-11-19,99.3077,101.6561,99.3077,101.6561,236
2001-11-20,100.4396,105.3374,100.4396,105.3374,2296
2001-11-21,107.3505,107.3505,105.3377,105.3377,9184
2001-11-26,112.043,112.8548,112.043,112.3784,35727
2001-11-28,112.7265,114.8653,112.7265,113.3975,157637
2001-11-29,108.0253,110.0382,108.0253,110.0382,10757
2001-11-30,108.4342,113.0113,108.4342,109.0274,21562
2001-12-03,112.163,112.163,109.6933,109.6933,3061
2001-12-04,110.5787,111.3838,110.0419,111.3838,8802
2001-12-05,114.0715,114.0715,112.394,112.394,2296
2001-12-06,113.6623,118.0907,113.3939,114.7359,22823
2001-12-07,117.4151,117.7505,117.4151,117.7505,15307
2001-12-10,115.4064,120.1031,115.4064,118.0902,68902
2001-12-12,122.1103,122.1103,118.0847,118.0847,11338
2001-12-13,120.7736,120.7736,117.3682,118.0897,40832
2001-12-14,116.7492,118.0911,116.7492,118.0911,2296
2001-12-17,115.4139,118.098,115.4139,118.098,26261
2001-12-18,114.0714,114.0714,111.3874,112.3939,25257
2001-12-19,107.7251,110.0371,107.7251,110.0371,396921
2001-12-20,107.359,109.0366,107.359,109.0366,10753
2001-12-21,109.1087,110.375,108.0265,109.0331,193407
2001-12-24,107.3549,110.7097,107.3549,109.0323,3827
2001-12-27,110.0384,110.0384,108.0255,108.0255,6858
2001-12-28,108.0173,109.6947,108.0173,109.0237,66036
2001-12-31,111.3789,111.3789,110.7079,110.7079,1531
2002-01-02,114.069,117.0885,112.727,117.0885,107029
2002-01-03,116.7445,117.4154,116.7445,117.4154,214
2002-01-07,124.5878,124.5878,122.4459,122.4459,497567
2002-01-08,121.1151,123.3294,120.7796,122.4571,17279
2002-01-09,122.4483,129.1578,115.7387,122.4483,11327
2002-01-10,124.131,124.178,121.5813,122.4535,41336
2002-01-11,120.7704,143.3713,120.7704,122.4478,252832
2002-01-15,124.1266,125.4684,121.5769,124.1266,301383
2002-01-16,124.4447,124.4451,123.4532,124.1242,19973
2002-01-17,129.8261,130.3131,124.8881,129.8261,219989
2002-01-18,132.0447,132.0447,129.8306,129.8306,21322
2002-01-21,128.8226,130.8355,128.8226,130.5001,20250
2002-01-22,131.8424,138.552,125.1328,131.8424,15307
2002-01-23,128.6179,130.8854,128.6179,129.8256,414446
2002-01-24,127.4852,129.8337,127.4852,129.8337,38
2002-01-29,131.1669,131.1669,129.825,129.825,8542
2002-01-30,130.1556,130.1556,124.1174,127.8074,171902
2002-01-31,128.8154,130.1573,125.4609,127.8091,37540
2002-02-01,129.4678,130.8363,125.4686,129.8299,38821
2002-02-05,127.482,133.5407,127.482,130.8368,93390
2002-02-06,133.676,133.676,130.8404,130.8404,391225
2002-02-08,124.7907,128.0977,124.7907,127.139,48647
2002-02-11,128.3612,133.093,124.8049,127.1534,198996
2002-02-12,135.647,135.647,130.8276,130.8276,332017
2002-02-13,132.8519,132.8519,130.9732,132.5164,315834
2002-02-14,134.1821,134.1821,132.5048,132.5048,18369
2002-02-18,130.8298,134.1844,130.8298,132.5071,337
2002-02-19,130.8406,132.5181,130.8406,132.5181,38452
2002-02-21,132.5182,139.228,125.8085,132.5182,58483
2002-02-22,132.0643,134.187,132.0643,132.5097,62705
2002-02-26,131.1735,131.8445,131.1735,131.8445,692659
2002-02-27,132.4514,132.4514,130.841,130.841,7041
2002-02-28,130.9712,130.9712,130.837,130.837,584341
2002-03-01,130.7873,130.7873,127.4833,130.1671,18839
2002-03-04,130.1131,130.1721,130.1131,130.1721,1114
2002-03-05,132.8505,132.8505,130.1667,130.1667,2702
2002-03-06,128.6286,132.9851,128.6286,130.1718,7536
2002-03-07,134.1917,134.3604,131.8434,131.8434,629158
2002-03-08,131.169,132.5108,131.169,132.5108,52
2002-03-12,134.9594,134.9594,132.5171,132.5171,17868
2002-03-13,133.1822,134.1886,132.1758,133.1822,654253
2002-03-14,132.1745,132.1745,130.8326,131.839,194632
2002-03-15,132.5249,132.5249,131.8509,131.8509,692
2002-03-18,131.7065,131.8398,131.7065,131.8398,6123
2002-03-20,131.5079,131.5079,129.8305,129.8305,19624
2002-03-21,127.4818,129.8301,127.4818,129.8301,4595
2002-03-25,129.8229,131.2567,127.9778,129.8229,3005
2002-03-26,130.17,132.1829,127.486,130.5054,84987
2002-03-27,131.5534,131.5534,129.8354,129.8354,3395
2002-03-28,128.8213,134.1889,128.8213,129.8277,98151
2002-04-03,128.8231,129.9691,128.8231,129.8295,12805
2002-04-04,127.476,129.1534,127.476,129.1534,15307
2002-04-05,130.0346,130.307,129.1623,129.1623,49979
2002-04-08,129.6904,129.6904,129.1629,129.1629,144232
2002-04-09,128.4874,129.3223,127.481,128.4874,152954
2002-04-11,131.6059,131.6059,128.4901,128.4901,7329
2002-04-12,130.8406,133.2612,129.4986,130.8406,27261
2002-04-15,133.1778,133.1778,131.5006,131.5006,2296
2002-04-17,135.5291,137.5419,135.5291,135.8646,15307
2002-04-18,137.1465,137.1465,135.8717,135.8717,2296
2002-04-19,136.2096,136.2096,135.8742,135.8742,13777
2002-04-22,134.2283,135.8581,134.1809,135.8581,12246
2002-04-23,135.0032,135.8832,135.0032,135.8755,165173
2002-05-07,135.5272,136.5483,134.1854,135.8628,17764
2002-05-08,137.7229,137.7229,135.871,135.871,6095
2002-05-10,137.1051,137.1051,135.8765,135.8765,25196
2002-05-13,136.7383,136.7383,135.8661,135.8661,7654
2002-05-16,138.2222,138.2222,135.8728,135.8728,20160
2002-05-17,136.8787,137.5496,135.8722,135.8722,257011
2002-05-21,140.9051,140.9051,137.2148,138.5567,390592
2002-05-23,142.2494,142.2494,139.901,139.901,7654
2002-05-24,138.0525,139.8977,138.0525,139.8977,453
2002-05-28,139.6354,139.6354,139.2221,139.2221,1690
2002-05-29,136.2011,137.8785,136.2011,137.8785,7808
2002-05-30,138.7237,139.5624,137.885,137.885,1684
2002-05-31,137.5513,137.8869,136.3449,137.8869,4205
2002-06-05,138.4323,138.4323,137.0389,137.8776,1947
2002-06-06,137.3539,138.8924,136.3346,137.8859,26035
2002-06-07,137.8784,139.7415,137.8784,137.8784,235399
2002-06-10,136.1937,137.871,136.1937,137.871,181
2002-06-11,140.9577,140.9577,137.892,137.892,76537
2002-06-12,140.3327,140.3327,137.882,137.882,153074
2002-06-14,135.2047,136.2112,132.8562,135.2047,115739
2002-06-17,136.1619,137.5417,135.6899,137.5417,10362
2002-06-18,134.9005,135.8689,134.1916,135.8689,25323
2002-06-19,131.5044,131.5044,127.092,128.4852,197188
2002-06-20,130.3335,130.3335,128.4883,128.4883,796
2002-06-21,125.1347,128.4834,125.1347,128.4834,2930
2002-06-25,128.0521,128.1427,128.0521,128.1427,3042
2002-06-27,130.8346,130.8346,127.48,127.48,1546
2002-06-28,124.12,127.4745,124.12,127.4745,84191
2002-07-02,122.7779,124.1197,122.7779,124.1197,9299
2002-07-03,121.1758,121.1758,119.4313,121.1087,6888
2002-07-04,121.1696,126.8053,113.3868,120.0961,24723
2002-07-05,118.7578,120.0997,118.0868,120.0997,15312
2002-07-08,122.2875,124.1299,121.446,121.446,72268
2002-07-09,124.1235,124.7945,124.1235,124.7945,12246
2002-07-10,123.6413,123.6413,122.7911,122.7911,6781
2002-07-11,118.0801,121.6359,118.0801,120.4283,16142
2002-07-12,118.6903,120.4373,118.6903,120.4373,3851
2002-07-15,122.7848,122.7848,120.101,120.101,5310
2002-07-16,122.1133,122.1133,116.0747,116.0747,16419
2002-07-17,117.2842,117.5862,114.0636,116.0765,137134
2002-07-18,117.2765,118.0816,116.4044,116.4044,4197
2002-07-19,117.6225,117.6225,116.4148,116.4148,7654
2002-07-22,120.6056,120.6056,118.083,118.083,32299
2002-07-24,115.1154,117.4116,115.1154,117.4116,4592
2002-07-25,119.9301,119.9301,115.8843,116.7431,1001
2002-07-26,117.4254,117.4254,114.692,116.7544,4470
2002-07-29,114.2391,118.7606,114.2391,116.7477,12690
2002-08-01,114.6303,119.4322,114.6303,116.7484,12664
2002-08-02,116.4287,118.7602,115.4587,116.7474,16015
2002-08-05,119.4342,119.4342,116.7502,116.7502,5976
2002-08-06,114.0623,114.0623,112.7204,113.3913,18314
2002-08-09,116.4741,116.4741,115.6271,115.7311,76861
2002-08-12,112.7248,115.0732,112.7248,115.0732,15307
2002-08-14,112.7244,112.7244,111.4519,112.0534,620646
2002-08-15,110.7039,112.0458,110.7039,112.0458,2618
2002-08-19,112.0459,112.0459,112.0459,112.0459,1225
2002-08-20,113.384,117.4094,113.384,115.7322,37779
2002-08-22,114.0627,116.0745,114.0627,115.7401,633588
2002-08-23,117.0868,117.0868,115.7448,115.7448,1200
2002-08-27,114.3949,115.7368,114.3949,115.7368,31
2002-08-28,114.3957,116.0332,114.3957,115.0666,5010
2002-08-29,115.4133,115.4133,114.5745,115.0777,713
2002-08-30,115.5728,115.5728,115.0695,115.0695,184
2002-09-02,115.4034,115.4034,113.0551,113.0551,6123
2002-09-03,112.7187,115.0627,112.7187,114.0607,27163
2002-09-04,113.3909,114.7328,113.3909,114.7328,2449
2002-09-05,114.3981,114.7335,114.3981,114.7335,1531
2002-09-06,116.746,116.8917,115.7396,115.7396,5641
2002-09-09,116.5741,117.4128,114.0581,115.7354,19979
2002-09-10,116.7414,116.7414,115.735,115.735,7302
2002-09-12,124.1278,124.1278,123.4569,123.4569,84191
2002-09-13,128.8248,128.8248,125.47,126.8119,9968
2002-09-16,124.459,125.8008,124.459,125.8008,410
2002-09-18,124.9308,125.803,124.4611,125.803,8266
2002-09-19,127.4859,127.4859,122.8413,123.4601,387507
2002-09-20,122.12,122.4555,122.12,122.4555,39279
2002-09-23,123.7967,123.7967,121.3416,122.4547,202058
2002-09-25,116.0551,116.7457,116.0551,116.7457,566373
2002-09-26,117.4202,117.4202,116.7492,116.7492,807
2002-09-27,114.7353,116.7483,114.5088,116.7483,1756
2002-09-30,114.736,118.0908,113.7226,116.7489,13868
2002-10-02,114.1857,115.2581,114.1857,114.395,13772
2002-10-07,114.1842,114.729,114.058,114.058,57945
2002-10-10,111.5524,112.3911,108.0741,112.3911,371545
2002-10-14,111.5422,112.5485,111.5422,111.7099,123179
2002-10-15,112.729,112.729,111.7224,111.7224,7605
2002-10-16,110.7052,111.7116,108.5475,111.7116,119713
2002-10-17,109.3716,111.719,109.3716,111.719,6060
2002-10-18,112.1676,112.1676,110.145,111.7125,176963
2002-10-21,111.2086,111.2086,107.2832,109.033,432581
2002-10-22,108.0238,109.0303,105.8432,109.0303,54078
2002-10-23,107.3526,109.3654,107.3526,109.03,18185
2002-10-24,110.0336,110.0336,107.9531,109.0272,230652
2002-10-25,107.3443,108.3506,107.3443,108.3506,5404
2002-10-29,107.3497,108.3561,107.3497,108.3561,7654
2002-10-30,106.0141,107.0206,106.0141,107.0206,38268
2002-11-01,106.0083,113.0531,99.6343,106.3438,354430
2002-11-04,108.6879,108.6879,108.3525,108.3525,22961
2002-11-05,108.6972,111.8562,108.3617,108.3617,6602
2002-11-06,110.7028,112.7156,110.7028,110.7028,7654
2002-11-07,110.3747,110.3747,107.9391,109.7037,3709
2002-11-11,107.0191,108.361,107.0191,108.361,367
2002-11-12,106.0062,106.0062,99.2969,101.6451,23573
2002-11-13,105.1869,105.1869,102.3196,102.3196,12309
2002-11-14,103.9995,104.335,103.9995,104.335,2795
2002-11-15,106.6785,106.6785,104.7915,105.0011,37044
2002-11-18,105.8427,106.3459,105.675,106.3459,4424
2002-11-20,107.3474,108.713,106.3411,106.3411,15837
2002-11-21,107.3528,107.3528,106.3464,106.3464,1531
2002-11-27,110.7066,114.0613,110.7066,114.0613,21048
2002-11-29,117.0028,117.0028,114.064,115.7414,370374
2002-12-02,116.7448,120.7705,116.7448,120.4351,238811
2002-12-03,118.3498,120.7651,118.3498,120.7651,800824
2002-12-04,120.0974,120.0974,115.3036,115.7363,986397
2002-12-05,112.0492,112.3847,112.0492,112.3847,4592
2002-12-06,111.1163,113.3273,111.1163,112.3777,20815
2002-12-09,114.0687,115.0752,114.0687,115.0752,16230
2002-12-10,114.7238,116.41,114.7238,116.41,4271
2002-12-11,114.7205,123.1161,109.6974,116.4068,8154
2002-12-13,115.4057,116.4122,115.4057,116.4122,4592
2002-12-16,115.0817,115.0817,115.0683,115.0683,2810
2002-12-17,116.0796,116.0796,115.0731,115.0731,2817
2002-12-18,117.5431,117.5431,115.7358,115.7358,8154
2002-12-20,116.9982,116.9982,115.7369,115.7369,4960
2002-12-23,115.7055,115.7337,115.7055,115.7337,4592
2002-12-30,110.7059,111.0414,110.7059,111.0414,7654
2003-01-03,113.3926,118.0604,113.3926,117.4184,86727
2003-01-06,116.0635,116.4174,116.0635,116.4174,1898
2003-01-07,116.0751,116.0751,115.7397,115.7397,15154
2003-01-10,115.4104,118.0944,115.4104,118.0944,18309
2003-01-13,121.2234,121.2234,119.7641,119.7641,2924
2003-01-14,125.2778,125.2778,122.1088,123.1152,29378
2003-01-16,120.7676,121.4385,120.0967,120.0967,118565
2003-01-20,117.4152,118.0861,117.4152,118.0861,4592
2003-01-21,117.7516,118.0871,117.7516,118.0871,2991
2003-01-22,117.4263,118.0973,117.4263,118.0973,7654
2003-01-23,116.411,118.0884,116.411,118.0884,4898
2003-01-24,116.0761,118.089,116.0761,118.089,8771
2003-01-27,118.0866,118.0866,114.3565,116.4093,21983
2003-01-29,111.3811,111.3811,109.3682,110.3747,8802
2003-01-30,110.2161,112.0524,110.2161,110.7104,7476
2003-01-31,110.0365,111.7139,109.701,111.7139,82026
2003-02-05,112.7209,113.0563,112.7209,113.0563,3061
2003-02-11,112.0466,114.1493,112.0466,114.0594,125103
2003-02-12,116.0768,116.0768,114.0639,114.0639,4666
2003-02-14,113.3909,113.3909,110.0324,113.3909,49203
2003-02-17,115.7369,115.7369,110.7049,113.3886,16936
2003-02-18,115.2316,115.2316,112.7156,112.7156,886
2003-02-19,110.3712,112.7195,110.3712,112.7195,20265
2003-02-20,113.4296,113.8155,112.7252,112.7252,22280
2003-02-21,116.0755,116.0755,112.7208,112.7208,129553
2003-02-24,110.0424,110.7134,110.0424,110.7134,25464
2003-02-25,109.3579,109.3579,108.0161,109.0225,61536
2003-02-26,107.3541,109.0314,107.3541,109.0314,26489
2003-02-27,107.3452,109.0225,107.3452,109.0225,22159
2003-02-28,106.0463,107.3494,106.0076,106.0076,6063
2003-03-04,107.7965,107.7965,105.3398,105.3398,13204
2003-03-05,106.8309,106.8309,105.0048,105.0048,2809
2003-03-06,106.0104,106.0118,105.004,105.004,14046
2003-03-07,104.5775,106.342,104.5775,106.342,461
2003-03-10,106.1338,106.3426,106.1338,106.3426,28259
2003-03-11,108.6893,108.6893,106.3411,106.3411,20570
2003-03-12,108.0204,108.0204,103.7872,106.343,19664
2003-03-13,103.9937,108.0193,103.9937,106.342,83884
2003-03-14,106.6811,109.3703,106.6811,109.0294,40263
2003-03-17,108.6893,109.0247,108.6893,109.0247,7984
2003-03-18,110.034,110.2509,103.3246,109.0276,206717
2003-03-19,110.7042,110.7042,110.7042,110.7042,153074
2003-03-21,113.3905,113.3905,111.7131,111.7131,106846
2003-03-24,113.4777,115.9834,110.7067,111.7131,34362
2003-03-25,112.0169,112.379,111.3726,112.379,75008
2003-03-27,114.0566,114.0566,111.1179,112.3792,15491
2003-03-28,113.6427,119.7617,113.6427,114.3942,2799170
2003-03-31,113.3887,114.3951,113.3887,114.3951,15722
2003-04-02,117.4106,122.778,117.4106,122.778,22961
2003-04-03,124.1242,124.1242,123.4533,123.4533,22961
2003-04-04,127.4799,127.4799,126.138,126.138,78190
2003-04-07,124.7966,130.4997,124.7966,130.4997,308758
2003-04-08,127.478,127.478,127.0584,127.478,86012
2003-04-09,130.2797,130.2797,127.8107,127.8107,143548
2003-04-10,128.821,128.821,125.9945,127.8146,187485
2003-04-11,126.6631,128.8185,125.3893,128.8185,577298
2003-04-15,131.5038,131.5038,128.82,128.82,1577
2003-04-16,127.0139,128.8192,127.0139,128.8192,69255
2003-04-17,128.9625,128.9625,128.822,128.822,4493
2003-04-22,130.8306,130.8306,128.8178,128.8178,6123
2003-04-23,129.1556,129.1556,126.8073,129.1556,539353
2003-04-24,127.6462,127.6462,127.143,127.143,69848
2003-04-25,129.0343,129.0343,127.1445,127.1445,2809
2003-04-29,129.3251,129.4928,127.1445,127.1445,72986
2003-04-30,127.9049,128.8175,127.9049,128.8175,2809
2003-05-01,127.3087,128.8183,127.3087,128.8183,3159
2003-05-02,131.6643,131.6643,129.155,129.155,29084
2003-05-06,130.5868,132.8479,130.5868,132.8479,306
2003-05-07,137.5378,138.5441,136.7796,138.5441,16853
2003-05-08,136.2015,138.2143,136.2015,138.2143,15307
2003-05-13,137.8742,137.9821,137.5387,137.5387,57674
2003-05-15,136.1983,137.2047,136.1983,137.2047,845
2003-05-16,136.2016,136.2016,133.0384,135.5307,45922
2003-05-19,136.1996,136.1996,132.174,132.174,4454
2003-05-20,130.8326,133.5164,130.8326,131.5036,27298
2003-05-21,131.546,132.9825,131.546,132.1728,11309
2003-05-22,134.1899,135.1963,134.1899,135.1963,15307
2003-05-27,138.3026,139.8927,138.3026,139.8927,3023
2003-05-28,142.4954,142.4954,141.5696,141.5696,319356
2003-05-29,142.9087,142.9087,140.896,142.2378,229152
2003-05-30,142.9115,143.9917,142.9115,142.9115,240992
2003-06-02,142.2002,145.2556,142.2002,145.2556,20546
2003-06-03,143.3075,146.5968,143.3075,146.5968,9258
2003-06-04,144.7586,145.5972,143.9199,143.9199,320541
2003-06-05,144.7573,144.7573,141.5703,142.9122,16001
2003-06-06,142.7455,142.7455,141.5671,141.5671,40647
2003-06-09,140.0593,143.4342,140.0593,140.898,1142709
2003-06-10,139.5569,140.0601,138.5051,139.2214,727407
2003-06-12,137.5435,139.5396,137.5435,137.8791,7266
2003-06-13,138.7196,141.858,137.8809,137.8809,355658
2003-06-16,140.3837,140.3837,137.8812,137.8812,1300
2003-06-17,136.618,140.1592,136.618,137.8794,13429
2003-06-19,140.2231,140.894,138.123,139.8876,31686
2003-06-20,138.1363,139.8909,138.0437,139.8909,72419
2003-06-23,140.2276,140.2276,139.5566,139.5566,372643
2003-06-24,137.2729,139.5541,137.2729,139.5541,3668
2003-06-25,137.9013,138.8839,137.9013,138.8839,16540
2003-06-26,138.8806,138.8806,134.3772,136.5324,131337
2003-06-30,136.2404,136.5379,136.2404,136.5379,24568
2003-07-01,135.5282,136.199,134.1863,136.199,38743
2003-07-03,137.3986,137.3986,136.1973,136.1973,54892
2003-07-07,139.5549,139.5549,139.2194,139.2194,1564
2003-07-08,140.899,143.7505,140.899,142.2409,16008
2003-07-09,139.6949,142.2353,139.6949,142.2353,7654
2003-07-10,140.7283,140.7283,135.5286,137.5413,37999
2003-07-11,139.8932,140.5641,139.8932,140.5641,298494
2003-07-15,139.5555,141.9039,139.5555,140.8974,75318
2003-07-16,141.5706,141.5706,140.5642,140.5642,276
2003-07-18,141.5659,142.2368,139.5531,140.5595,26191
2003-07-22,141.3175,141.3175,136.5224,138.8821,10392
2003-07-23,136.3548,137.2059,135.9445,137.2059,4487
2003-07-24,136.8687,137.5396,136.8687,137.5396,14833
2003-07-25,138.8805,139.0482,134.3316,137.5386,54479
2003-07-28,137.5211,137.5399,137.5211,137.5399,2449
2003-07-30,136.0319,137.5415,136.0319,137.5415,2333
2003-07-31,136.0324,137.542,135.767,137.542,117379
2003-08-04,139.5516,142.2353,138.2098,138.2098,612755
2003-08-05,136.1994,138.2767,136.1994,138.2122,39187
2003-08-06,137.3237,137.3237,134.8653,136.8711,64787
2003-08-07,134.8568,136.8695,133.6712,136.8695,147248
2003-08-08,134.4564,136.8715,134.4564,136.8715,116397
2003-08-11,134.187,134.5225,134.187,134.5225,22900
2003-08-12,131.1846,131.8409,131.1846,131.8409,122710
2003-08-13,132.5096,132.5096,131.8798,132.1741,125994
2003-08-14,132.51,132.8454,132.2367,132.51,121813
2003-08-15,131.505,132.176,131.1695,131.1695,168381
2003-08-20,134.8561,136.198,134.8561,136.198,15307
2003-08-22,136.7909,136.7909,135.1942,135.1942,1531
2003-08-26,135.865,135.865,135.1941,135.1941,1669
2003-08-27,136.9579,136.9579,134.187,135.1933,106310
2003-08-29,135.6157,135.7721,133.8511,133.8511,64862
2003-09-01,137.5412,137.5412,134.6025,135.8638,26849
2003-09-02,137.2902,137.2902,135.8612,135.8612,672
2003-09-03,135.5311,135.5311,135.5311,135.5311,30768
2003-09-04,134.1872,134.8112,127.4778,128.8197,14401
2003-09-05,129.8271,130.8335,127.8142,130.8335,2322
2003-09-08,132.174,133.5159,131.8386,132.845,17590
2003-09-09,133.8826,133.8826,132.8426,132.8426,3368
2003-09-11,133.7688,134.1848,132.5074,132.5074,90620
2003-09-12,133.3458,133.3458,132.5071,132.5071,153
2003-09-15,131.2479,134.8574,131.2479,132.5092,144926
2003-09-16,134.1877,134.1877,133.8522,133.8522,7654
2003-09-17,135.1105,191.5485,133.8491,133.8491,31438
2003-09-18,132.5894,134.8572,132.5894,133.8508,59117
2003-09-19,135.1124,135.1124,130.6808,133.1801,1120501
2003-09-22,131.4159,132.174,130.4967,130.4967,34181
2003-09-23,130.6588,130.6588,130.4978,130.4978,82109
2003-09-24,131.5466,131.5466,131.5047,131.5047,1915
2003-09-25,128.1453,130.1581,128.1453,130.1581,61230
2003-09-26,129.492,130.4984,129.492,130.4984,385440
2003-09-30,132.2619,132.2619,130.4974,130.4974,2299
2003-10-01,131.9165,131.9165,130.4983,130.4983,63226
2003-10-03,132.8444,132.8444,131.4857,131.838,8881
2003-10-06,132.343,132.8462,131.8398,131.8398,9938
2003-10-07,131.0822,133.1846,131.0822,132.5113,83164
2003-10-08,137.1972,137.1972,135.1977,135.1977,2939
2003-10-09,137.5417,137.5417,133.4288,135.8643,3222
2003-10-10,134.6052,135.8667,134.6052,135.8667,2086
2003-10-13,137.1285,139.1445,135.8671,135.8671,7037
2003-10-14,137.1289,138.8867,137.1289,138.2158,54268
2003-10-16,137.5408,137.5408,136.8698,136.8698,2526
2003-10-17,133.3474,137.5407,133.3474,135.8634,94385
2003-10-20,134.6011,137.5398,134.6011,135.8626,19520
2003-10-21,134.606,135.8673,134.606,135.8673,2908
2003-10-22,138.2157,138.2157,136.5383,136.5383,1041
2003-10-23,134.1848,135.862,134.1848,135.862,96130
2003-10-24,136.2062,142.9123,136.2062,142.9123,90314
2003-10-27,144.2541,150.9636,144.2541,150.9636,204585
2003-10-28,154.1464,154.1464,145.9275,148.2758,241716
2003-10-29,147.5255,148.277,146.9351,146.9351,138
2003-10-30,143.0836,146.9349,143.0084,146.9349,58024
2003-10-31,143.5349,145.9244,142.4557,145.9244,97093
2003-11-03,146.9342,146.9342,142.9085,144.5859,17403
2003-11-04,145.8464,147.6043,144.2496,145.256,126317
2003-11-05,142.9114,145.2597,142.9114,145.2597,289
2003-11-06,146.5973,147.02,145.2555,145.2555,5152
2003-11-07,147.4355,149.3678,147.4355,148.6097,21554
2003-11-10,149.6208,149.6208,149.2853,149.2853,3440
2003-11-11,149.6164,150.9582,149.6164,150.9582,17833
2003-11-12,152.8073,152.975,150.9622,150.9622,51584
2003-11-13,149.9525,151.6298,149.9525,151.6298,19817
2003-11-14,151.6294,153.4745,151.6294,151.6294,107537
2003-11-17,153.6447,154.3157,149.9546,151.6319,5503
2003-11-18,153.4214,153.4214,152.3002,152.3002,17942
2003-11-20,150.2881,151.2945,149.6172,151.2945,54220
2003-11-21,149.618,150.9599,148.2762,149.2826,226023
2003-11-24,147.941,149.2828,147.941,149.2828,4286
2003-11-25,150.2901,150.5451,149.2837,149.2837,2781
2003-11-26,148.2753,148.6108,144.9206,145.5915,59292
2003-11-27,146.0187,146.0187,144.254,145.2605,23456
2003-11-28,146.2627,146.2627,142.5698,145.2562,259903
2003-12-01,141.5719,141.5719,140.8965,141.5675,63004
2003-12-02,142.459,142.7809,141.5676,141.5676,183499
2003-12-03,142.241,142.6392,141.9055,141.9055,104657
2003-12-04,139.6332,143.5783,139.6332,141.901,21113
2003-12-05,144.1734,144.1734,142.912,142.912,203034
2003-12-08,141.4028,142.9124,141.4028,142.9124,2761
2003-12-10,144.8437,148.9519,144.8437,148.9519,244918
2003-12-11,150.963,150.963,149.2856,149.2856,8283
2003-12-12,150.458,150.458,148.9484,148.9484,334
2003-12-15,147.6031,150.9578,147.6031,148.9449,80547
2003-12-16,150.2903,150.2903,148.9484,148.9484,11787
2003-12-17,147.6719,148.95,147.4473,148.95,294315
2003-12-18,149.6214,150.4601,148.9504,148.9504,5439
2003-12-19,152.4698,153.6439,151.9666,151.9666,15307
2003-12-22,150.9953,152.6373,150.2891,152.6373,50675
2003-12-23,157.2708,157.2708,154.88,157.0002,95745
2003-12-24,161.0273,161.0273,159.6853,160.0208,17496
2003-12-29,164.8166,164.8166,160.0169,160.0169,168381
2003-12-30,164.8177,169.5451,164.5266,165.3853,1464935
2003-12-31,165.723,167.0648,165.3875,165.3875,5762
2004-01-02,168.1691,168.8434,166.73,166.73,161952
2004-01-05,163.6209,165.0499,161.6953,163.3727,648892
2004-01-06,162.0342,163.3761,161.9,163.3761,853443
2004-01-07,161.8264,163.3695,161.5245,163.3695,918443
2004-01-08,166.5612,167.4871,162.871,166.7289,658218
2004-01-09,166.7835,167.1761,163.2072,163.3749,30309
2004-01-12,162.6142,162.6142,160.0177,160.0177,18034
2004-01-13,162.3617,162.3617,160.349,160.349,2830
2004-01-14,164.3766,164.3766,160.0897,161.6929,2974
2004-01-15,158.6462,160.356,158.6462,160.356,26470
2004-01-16,157.6704,160.3542,157.6704,160.3542,1468
2004-01-19,161.024,161.024,160.3531,160.3531,5633
2004-01-20,161.0276,161.0276,160.3566,160.3566,3031
2004-01-21,161.0278,161.0278,155.3247,155.3247,39263
2004-01-22,152.9706,155.3188,152.7157,153.977,6590
2004-01-23,152.7215,154.9776,152.7215,153.9829,4875
2004-01-26,156.4161,156.9628,155.3203,155.3203,49945
2004-01-27,156.3301,156.3301,155.3237,155.3237,26788
2004-01-28,152.9753,152.9753,144.924,147.2722,189290
2004-01-29,148.6146,148.6146,148.1114,148.6146,31414
2004-01-30,149.4281,150.9578,149.4281,150.2868,402979
2004-02-02,151.7801,151.7801,147.6068,150.2906,594155
2004-02-03,152.3881,155.6555,152.3881,153.6427,82291
2004-02-04,153.3101,153.6456,152.7287,153.6456,45622
2004-02-05,150.957,152.6343,150.957,152.6343,4592
2004-02-06,150.9649,150.9649,149.9584,149.9584,7654
2004-02-09,147.6051,148.947,147.6051,148.6114,33829
2004-02-10,150.2898,152.7759,148.9479,148.9479,93109
2004-02-12,145.5935,146.2644,145.5935,146.2644,19134
2004-02-13,145.2565,147.6048,145.2565,147.6048,15767
2004-02-16,149.1168,149.6201,146.9363,146.9363,27492
2004-02-19,148.4452,148.4452,146.9356,146.9356,2296
2004-02-20,148.2786,150.2914,147.6077,147.6077,19841
2004-02-23,150.2884,150.9593,149.282,149.282,62760
2004-02-24,148.0214,148.0214,146.9345,146.9345,5794
2004-02-25,148.951,148.951,144.4221,145.2608,7237
2004-02-26,149.2824,149.2824,146.5987,146.5987,355514
2004-02-27,148.9475,150.1216,148.9475,149.283,82585
2004-03-01,150.5446,150.5446,148.0219,149.2832,6193
2004-03-02,148.237,149.2817,148.237,149.2817,5460
2004-03-03,148.0223,149.2836,147.9082,149.2836,21767
2004-03-05,153.64,153.64,148.608,148.608,24645
2004-03-08,146.2599,147.2663,146.2599,147.2663,3114
2004-03-12,144.2499,145.9271,144.2499,145.9271,37197
2004-03-15,146.9329,146.9329,144.2959,145.9265,228826
2004-03-16,147.1918,147.1918,142.2402,144.5886,49111
2004-03-17,142.2373,144.2501,139.4864,144.2501,90536
2004-03-18,145.0078,145.0078,143.2432,143.2432,3061
2004-03-19,141.4834,143.5835,141.4834,142.9126,7943
2004-03-22,137.8785,142.9066,137.8785,142.9066,1306
2004-03-23,140.8965,140.8965,136.6341,139.5547,24492
2004-03-24,138.5458,139.0495,133.8896,137.5394,171383
2004-03-25,138.8838,138.8838,137.5419,137.5419,107152
2004-03-26,136.8703,138.8831,136.8703,138.8831,49376
2004-03-29,140.3928,140.3928,136.6331,138.2123,36451
2004-03-30,137.2053,138.4667,137.2053,137.2053,22473
2004-04-01,138.4647,138.4647,138.2097,138.2097,4937
2004-04-02,138.6051,140.3938,136.8714,139.2197,24545
2004-04-05,140.4822,140.4822,137.5434,139.2207,6973
2004-04-06,137.9547,138.8806,136.8678,136.8678,11018
2004-04-07,138.8845,140.8973,138.8845,139.22,101205
2004-04-08,139.0862,140.5603,138.7912,140.5603,198766
2004-04-13,140.4784,141.7318,140.2235,140.2235,2292
2004-04-14,142.2407,142.2407,137.4356,138.215,41342
2004-04-15,137.2827,138.8794,137.2827,138.544,38034
2004-04-16,143.0714,143.0714,138.8833,138.8833,33907
2004-04-19,140.2265,140.8974,138.2137,140.2265,284442
2004-04-20,142.3733,142.3733,140.8641,140.8641,1531
2004-04-21,142.9117,142.9117,138.886,140.8989,438904
2004-04-22,142.4043,142.4043,140.8947,140.8947,35513
2004-04-23,142.4065,142.4065,140.8969,140.8969,644
2004-04-27,141.5673,142.4061,140.8965,140.8965,430
2004-04-29,142.2418,142.2418,137.5452,139.8936,106934
2004-04-30,138.2096,139.3032,136.5162,137.8742,204047
2004-05-04,136.3717,137.5459,135.8685,135.8685,2040
2004-05-05,134.6018,138.2114,134.6018,138.2114,1114
2004-05-06,138.0444,138.0444,137.0381,137.5413,1708
2004-05-11,136.1991,136.1991,134.5218,134.5218,4592
2004-05-12,133.258,134.5194,133.258,134.5194,306
2004-05-13,135.5325,135.5325,134.5261,134.5261,15307
2004-05-14,135.7858,136.2017,134.6921,136.2017,7037
2004-05-18,135.5272,135.5272,133.5144,133.5144,4592
2004-05-19,134.1851,134.1851,133.1787,133.1787,857
2004-05-20,134.9433,134.9433,131.4141,133.1787,1571
2004-05-21,134.9463,134.9463,128.5518,133.1817,10709
2004-05-25,201.789,201.789,133.1841,133.1841,191342
2004-05-26,134.8593,135.1949,134.8593,135.1949,3
2004-05-27,134.1858,136.9568,134.1858,136.8696,1220
2004-05-28,136.7826,138.5471,136.7826,138.5471,334
2004-06-02,140.2251,140.2251,139.6724,140.2251,726185
2004-06-03,141.739,141.739,136.8746,138.2165,441266
2004-06-04,140.2259,140.2259,138.2131,138.2131,719
2004-06-09,206.1464,206.1464,134.7304,137.8783,134661
2004-06-10,136.2073,137.8779,136.2073,137.8779,237
2004-06-11,135.5304,137.8787,135.5304,137.8787,14302
2004-06-14,136.1968,137.8741,136.1968,137.8741,1864
2004-06-15,137.2581,137.8761,137.2581,137.8761,101656
2004-06-16,139.6387,139.6387,135.2846,137.8761,164137
2004-06-17,138.8837,138.8837,135.5291,137.2064,49917
2004-06-18,135.5273,137.6102,135.5273,137.2046,26320
2004-06-21,137.544,138.8859,135.9471,137.544,228218
2004-06-22,136.5374,142.1076,136.5374,140.5631,21237
2004-06-23,139.301,140.5623,139.301,140.5623,401223
2004-06-24,145.59,145.59,139.5517,139.5517,10623
2004-06-28,140.5595,144.5851,140.5595,144.5851,1531
2004-06-29,145.1772,145.1772,142.459,143.9159,303339
2004-06-30,145.1753,145.9267,143.5722,143.5785,357775
2004-07-01,145.5927,145.5927,140.225,142.5735,136488
2004-07-02,141.1473,141.1473,139.8925,139.8925,377
2004-07-05,139.5772,139.5772,138.8828,139.2183,7782
2004-07-06,136.5936,137.9625,136.4965,136.8689,30091
2004-07-07,136.1973,137.5392,136.1973,137.2037,4539
2004-07-08,137.1821,137.2031,137.1821,137.2031,10329
2004-07-09,136.8729,137.5439,136.8729,137.5439,205070
2004-07-12,137.2077,137.2077,137.2077,137.2077,827
2004-07-14,134.187,134.187,130.2419,132.5096,13181
2004-07-15,129.4936,131.5065,129.4936,131.5065,6669
2004-07-16,132.137,132.137,129.8276,129.8276,105244
2004-07-19,128.8223,128.8223,126.7222,127.8159,508236
2004-07-20,130.3311,130.3311,128.8215,128.8215,2054
2004-07-21,127.0531,127.8112,127.0531,127.8112,10715
2004-07-22,128.1765,128.1765,125.023,127.4786,2178847
2004-07-23,126.8057,126.8057,125.56,126.8057,306148
2004-07-26,126.8759,128.8194,126.8066,127.813,243740
2004-07-27,129.7487,129.7487,128.4873,128.4873,21565
2004-07-28,129.7434,129.7434,128.4821,128.4821,153457
2004-07-29,129.8241,129.8241,128.8178,128.8178,382723
2004-07-30,126.4514,128.8194,126.4514,128.8194,1600
2004-08-05,128.3971,130.3828,128.3971,129.1552,16171
2004-08-09,128.152,129.9166,128.152,129.8294,29272
2004-08-10,131.3362,131.6717,130.833,130.833,96437
2004-08-16,131.0802,133.4791,131.0802,131.8384,9806
2004-08-17,131.8365,132.8429,131.8365,132.8429,108096
2004-08-18,133.1129,133.1129,132.8415,132.8415,16163
2004-08-19,132.6622,132.8439,132.6622,132.8439,344260
2004-08-20,133.5413,133.8745,133.5413,133.8512,9068
2004-08-23,133.8487,133.8487,131.836,133.8487,2235
2004-08-24,133.5152,133.8506,133.5152,133.8506,141815
2004-08-25,136.1962,136.1962,133.5126,133.5126,16498
2004-08-27,130.8347,132.7484,129.7559,131.1703,28484
2004-08-31,129.5911,133.7979,129.5911,131.1678,140014
2004-09-02,129.826,132.7464,129.826,131.1679,237416
2004-09-03,130.4971,131.1063,129.8262,129.8262,18808
2004-09-06,131.1649,131.242,129.823,129.823,53303
2004-09-07,132.0747,132.0747,127.5794,129.827,21980
2004-09-09,127.5803,129.828,127.5803,129.828,1714
2004-09-10,127.5809,129.8286,127.5809,129.8286,4320
2004-09-13,128.1171,129.828,128.1171,129.828,3853
2004-09-14,132.1743,132.1743,130.8324,130.8324,5358
2004-09-15,131.9123,131.9123,131.0018,131.0018,171749
2004-09-17,132.1747,132.244,129.7258,130.8328,266762
2004-09-20,132.4328,132.8423,128.1123,129.8231,194378
2004-09-21,130.6122,130.6122,129.8291,129.8291,9316
2004-09-22,132.1408,132.1744,129.8261,129.8261,38008
2004-09-23,130.7251,130.7374,127.7125,129.826,56679
2004-09-24,131.4788,132.1742,129.8259,129.8259,2763
2004-09-27,132.1416,132.1416,129.8268,129.8268,536
2004-09-28,126.3678,129.1558,126.3678,129.1558,2018
2004-09-29,125.4315,125.8006,125.4315,125.8006,40
2004-09-30,127.4431,129.4894,124.1219,126.8057,40588
2004-10-01,125.4658,126.4722,124.7949,126.4722,20105
2004-10-04,124.1921,126.4734,124.125,126.4734,16335
2004-10-05,128.7849,128.8185,124.122,126.4703,57221
2004-10-06,128.8217,129.8642,126.4734,126.4734,25741
2004-10-07,129.2047,129.2319,124.1245,126.4728,114883
2004-10-08,124.8506,125.1297,122.7814,125.1297,88175
2004-10-11,126.8046,126.8046,124.7918,124.7918,390
2004-10-12,126.8066,126.8066,120.7683,122.4456,469200
2004-10-13,120.4337,124.1238,120.4337,123.7884,1106096
2004-10-14,121.4389,126.1354,121.4389,123.7871,28216
2004-10-15,123.0346,124.4567,123.0346,124.4567,694937
2004-10-18,126.8049,128.1467,126.8049,127.1403,22983
2004-10-19,126.8056,129.4894,126.8056,127.812,100761
2004-10-20,126.1339,127.1403,126.1339,127.1403,5255
2004-10-21,126.1356,127.4774,126.1356,127.4774,26131
2004-10-22,128.8187,130.1606,126.135,128.4832,366848
2004-10-25,126.1362,128.4845,126.1362,128.4845,3591
2004-10-27,124.7945,127.8137,124.7945,127.8137,5025
2004-10-28,130.8336,130.8336,125.4661,128.1498,11438
2004-10-29,125.802,128.1503,125.802,128.1503,5025
2004-11-01,130.8327,130.8327,130.8327,130.8327,64153
2004-11-02,132.8437,132.8437,128.8182,130.831,14251
2004-11-03,132.844,132.844,131.5021,131.5021,24492
2004-11-04,130.162,136.8185,130.162,131.5038,93886
2004-11-05,130.1603,131.8376,130.1603,131.8376,1866
2004-11-08,130.8334,131.8398,130.8334,131.8398,9399
2004-11-09,133.3049,133.316,132.508,132.508,1979
2004-11-11,136.2012,136.2012,132.8465,133.5175,88086
2004-11-12,130.83,133.5136,130.83,133.5136,52079
2004-11-15,136.1992,136.1992,135.8638,135.8638,7654
2004-11-16,137.5223,138.2134,133.5168,135.8651,228095
2004-11-18,137.5407,138.8825,136.8698,137.8761,26799
2004-11-19,140.2273,140.2273,136.8694,138.5499,4549
2004-11-22,139.5569,142.9116,138.1727,141.2342,9112
2004-11-23,138.8815,138.8815,130.8304,133.8496,63749
2004-11-24,131.5028,134.1864,131.5028,133.851,3867
2004-11-25,133.4777,134.1916,131.5078,134.1916,63475
2004-11-26,131.5053,134.1891,131.5053,134.1891,2512
2004-11-29,136.8707,136.8707,134.1869,135.5288,7851
2004-11-30,131.5037,134.1874,131.5037,134.1874,19038
2004-12-01,132.8419,132.8419,131.8356,131.8356,5025
2004-12-02,131.5053,131.5053,128.1506,129.8279,15428
2004-12-03,129.4863,129.4863,128.1445,129.4863,68814
2004-12-07,134.1871,134.1871,130.8324,133.1807,9788
2004-12-08,134.7191,134.7191,134.5223,134.5223,13043
2004-12-09,133.1811,140.2259,133.1811,138.8841,378520
2004-12-10,142.9062,143.5771,139.5516,141.5643,79839
2004-12-13,142.2353,142.5941,140.8935,142.5708,11011
2004-12-14,143.0019,143.0019,140.8978,141.2333,55145
2004-12-15,144.2502,144.2502,140.9274,142.2374,37693
2004-12-16,140.2254,142.2382,139.5545,139.5545,12295
2004-12-20,138.8859,138.8859,138.8859,138.8859,350757
2004-12-21,140.8921,140.8921,138.5439,138.5439,6204
2004-12-23,139.5542,139.5542,139.5542,139.5542,30606
2004-12-24,136.3528,139.7113,136.3528,139.7113,3787
2004-12-29,141.5681,145.426,141.5681,143.4132,12936
2004-12-30,142.9117,143.4149,142.9117,143.4149,30485
2004-12-31,142.9122,142.9122,142.2412,142.2412,14750
2005-01-04,142.9104,145.4265,142.9104,144.7556,3827
2005-01-05,143.2435,144.4177,143.2435,144.4177,22384
2005-01-06,144.2535,144.9244,144.2535,144.9244,47447
2005-01-07,146.9361,150.2908,146.9361,150.2908,276911
2005-01-11,148.0747,148.0747,147.8396,147.8396,21654
2005-01-12,151.6106,151.6106,145.9606,146.196,10639
2005-01-13,147.4219,147.4219,146.2444,146.2444,1520
2005-01-14,145.7719,148.8284,145.7719,148.8284,207952
2005-01-17,150.1272,153.904,150.1272,153.904,13777
2005-01-18,150.7145,150.7145,149.7784,149.7784,128829
2005-01-19,150.0466,151.4445,150.0466,150.7455,34166
2005-01-20,149.5986,152.3861,149.5986,150.2955,57557
2005-01-21,150.2359,152.802,150.2359,152.802,96654
2005-01-24,150.2258,153.9582,150.2258,153.025,64233
2005-01-25,153.3796,156.0602,153.3796,155.9437,42971
2005-01-26,157.5502,157.5502,155.6857,155.6857,311314
2005-01-27,153.0261,153.0261,152.5624,152.5624,4604
2005-01-28,152.0424,152.0424,152.0424,152.0424,3444
2005-01-31,152.0961,152.0961,152.0961,152.0961,724
2005-02-01,151.3499,153.0909,150.8856,153.0909,14919
2005-02-02,154.1573,154.1573,154.1573,154.1573,263275
2005-02-03,153.1804,153.1804,153.1804,153.1804,12984
2005-02-04,151.7497,151.7497,151.7497,151.7497,8572
2005-02-07,152.2879,153.3262,151.3649,153.3262,124908
2005-02-08,153.2511,153.4819,153.2511,153.4819,108376
2005-02-09,152.4227,153.1155,152.4227,153.1155,247424
2005-02-10,153.9572,159.0429,153.9572,155.8065,259130
2005-02-11,156.5517,157.7096,156.5517,157.7096,84507
2005-02-14,155.8216,156.2826,155.8216,156.2826,44208
2005-02-15,154.466,154.466,153.4285,153.4285,74823
2005-02-16,153.4848,157.6581,153.4848,153.9484,202452
2005-02-17,153.4585,154.1539,152.9948,154.1539,64942
2005-02-18,152.7037,152.7037,150.043,150.043,324039
2005-02-21,149.7824,149.7824,147.471,147.471,53357
2005-02-22,150.8137,150.8137,145.8098,149.8827,102302
2005-02-23,150.4823,150.4823,147.6956,149.7856,118028
2005-02-24,150.4853,150.4853,150.137,150.137,4900
2005-02-25,150.1718,154.5615,149.7097,153.0597,274613
2005-02-28,151.3413,151.3413,148.4509,150.532,237072
2005-03-01,149.2866,149.2866,148.4803,148.4803,228489
2005-03-02,150.6442,152.0262,150.6442,150.6442,28282
2005-03-03,150.2297,150.2297,150.2297,150.2297,24786
2005-03-04,149.9647,150.1954,149.0418,150.1954,28320
2005-03-07,149.8233,149.8233,147.9736,149.1297,11725
2005-03-08,150.2337,150.2337,148.3789,149.0745,93784
2005-03-09,151.1695,151.1695,147.9035,149.8865,442383
2005-03-10,151.5426,151.5426,148.2686,148.2686,136537
2005-03-11,151.8567,151.8567,147.6385,150.2163,180093
2005-03-14,149.6884,149.6884,149.6884,149.6884,91844
2005-03-15,149.6603,149.6603,149.6603,149.6603,285373
2005-03-16,148.5914,149.0587,147.1896,147.6569,382057
2005-03-17,149.3254,149.3254,148.3922,148.3922,343412
2005-03-18,148.9294,148.9294,148.9294,148.9294,153675
2005-03-21,147.3948,151.9426,147.3948,148.7941,47375
2005-03-22,150.6611,150.6611,148.7954,148.7954,39443
2005-03-23,145.8315,148.1611,145.8315,148.1611,44999
2005-03-24,149.5615,149.5615,149.5615,149.5615,719126
2005-03-29,147.931,147.931,146.7752,146.7752,349774
2005-03-30,145.2463,145.9392,145.0155,145.9392,639814
2005-03-31,149.0528,149.0528,144.8997,147.4377,40289
2005-04-01,144.5672,146.8691,144.5672,146.8691,32807
2005-04-04,145.7088,147.0877,145.7088,147.0877,10962
2005-04-05,143.6475,147.319,143.1885,146.1716,395967
2005-04-06,143.3055,147.0948,143.3055,146.0614,91987
2005-04-07,146.6732,146.6732,146.6732,146.6732,12901
2005-04-08,146.1659,146.2578,146.1659,146.2119,55592
2005-04-11,144.9089,145.829,144.9089,145.829,47718
2005-04-12,145.3177,145.3177,145.3177,145.3177,39799
2005-04-13,142.4548,144.0554,142.4548,144.0554,104
2005-04-14,142.0538,144.1092,141.1402,143.1957,91941
2005-04-15,144.3439,145.2604,144.3439,144.3439,347401
2005-04-18,143.9883,144.4469,143.9883,144.3323,3061
2005-04-19,141.8373,144.4618,140.582,144.4618,53360
2005-04-20,145.7869,147.159,144.5291,145.1008,18752
2005-04-21,144.5094,144.5094,142.555,143.9346,43759
2005-04-22,142.5044,145.7119,142.5044,144.1082,74500
2005-04-25,141.2225,141.2225,138.4892,140.4253,46681
2005-04-26,142.4962,143.4097,139.9843,139.9843,45158
2005-04-27,138.6465,139.1025,137.7344,139.1025,3444
2005-04-28,136.1248,136.692,136.1248,136.692,2296
2005-04-29,140.1324,144.214,140.1324,142.8535,170563
2005-05-03,146.1237,146.6954,142.1219,143.9513,64515
2005-05-04,142.0305,143.8587,142.0305,143.8587,137055
2005-05-05,145.4126,150.4268,145.4126,149.0593,35677
2005-05-06,150.7365,150.7365,148.0041,148.0041,71245
2005-05-10,150.4515,152.2863,150.4515,152.2863,294679
2005-05-11,151.3882,152.3057,151.3882,152.3057,9338
2005-05-12,150.2245,154.0001,150.2245,152.856,847823
2005-05-13,154.1226,156.1807,153.894,153.894,97202
2005-05-16,153.6907,153.6907,151.6138,151.6138,14989
2005-05-17,152.07,152.07,150.2267,151.1483,624225
2005-05-18,154.3811,154.3811,150.6833,151.2611,5229
2005-05-19,150.1112,150.803,149.8806,150.1112,125049
2005-05-20,149.4549,149.8008,147.6097,149.8008,164172
2005-05-23,148.3655,151.2497,147.2118,149.2885,211172
2005-05-24,150.0457,150.6229,147.7374,150.6229,114472
2005-05-25,150.0086,153.7011,149.0854,151.3933,49672
2005-05-26,150.1348,150.1348,150.1348,150.1348,309740
2005-05-27,152.789,157.405,152.789,157.405,1040203
2005-05-31,156.592,157.3875,155.6829,156.8192,268433
2005-06-01,154.0765,154.0765,152.717,152.9436,421668
2005-06-02,154.2173,154.2173,153.0833,153.0833,8364
2005-06-03,154.1405,156.8606,154.1405,156.8606,125591
2005-06-06,156.2726,156.2726,155.593,155.593,12999
2005-06-07,156.1066,158.8058,152.9575,154.0822,18369
2005-06-08,155.1985,155.1985,152.0496,152.0496,339201
2005-06-09,154.4718,154.5617,154.4718,154.5167,396181
2005-06-10,154.0296,154.1193,154.0296,154.0744,1126529
2005-06-13,154.4252,154.5149,154.4252,154.47,183689
2005-06-14,153.5803,153.6697,153.5803,153.625,5817
2005-06-15,153.5843,153.6736,153.5843,153.6289,255869
2005-06-16,152.5862,152.6754,152.5862,152.6308,226430
2005-06-17,152.9982,152.9982,152.9982,152.9982,11406
2005-06-20,152.2418,152.5766,152.2418,152.5766,9184
2005-06-21,153.8059,153.8059,152.9143,153.8059,582746
2005-06-22,155.3213,159.4528,155.3213,157.4429,637029
2005-06-23,155.5557,155.5557,153.3334,154.0001,46489
2005-06-24,153.5951,154.8195,153.5951,154.8195,78068
2005-06-27,153.2504,154.5908,151.1282,154.5908,87003
2005-06-28,155.2094,156.1013,155.2094,156.1013,27902
2005-06-29,157.4926,157.4926,157.4926,157.4926,2976
2005-06-30,159.3993,163.1379,159.3993,163.1379,292400
2005-07-01,160.0491,160.0491,159.9584,160.0037,143589
2005-07-04,159.2031,161.9245,159.2031,161.9245,38836
2005-07-05,163.8272,165.0795,163.8272,163.9411,16186
2005-07-06,164.8046,167.65,164.8046,166.7394,394534
2005-07-07,167.6318,167.6318,164.4081,164.5232,96421
2005-07-11,166.0584,166.7503,166.0584,166.7503,46502
2005-07-12,167.7725,169.7341,166.6186,169.7341,57317
2005-07-13,170.2647,171.5362,170.2647,171.3049,702957
2005-07-14,172.4811,172.4811,171.5588,171.5588,48010
2005-07-15,168.1457,168.9518,167.2244,168.9518,57594
2005-07-18,167.9517,168.0441,167.9517,167.9978,21331
2005-07-19,168.2733,168.366,168.2733,168.3196,455124
2005-07-20,167.7866,167.9031,164.058,167.9031,551305
2005-07-21,166.9496,166.9496,166.1347,166.1347,35590
2005-07-22,168.3127,168.3127,168.2195,168.2661,25090
2005-07-25,166.438,166.438,166.3453,166.3917,63304
2005-07-26,164.1793,164.8741,164.1793,164.8741,583988
2005-07-27,163.1542,163.1542,162.2272,162.2272,75017
2005-07-28,161.9459,161.9459,161.9459,161.9459,15609
2005-07-29,167.448,170.1095,167.448,170.1095,350138
2005-08-02,170.6629,172.3972,168.8129,168.8129,41361
2005-08-03,173.2651,174.0775,170.3638,172.4527,45232
2005-08-04,174.882,179.6653,174.882,176.3986,191681
2005-08-05,175.4306,175.4306,172.6312,172.6312,79647
2005-08-08,170.3811,170.3811,167.1313,167.4795,27561
2005-08-09,170.7013,172.3259,167.452,172.3259,71932
2005-08-10,168.4295,171.0883,164.6146,165.3083,18014
2005-08-11,166.6356,166.6356,160.6348,161.558,41918
2005-08-12,162.3516,162.4666,160.0537,160.0537,23994
2005-08-15,163.2982,163.2982,156.4177,156.4177,15937
2005-08-16,156.5933,156.5933,156.5019,156.5476,92248
2005-08-17,157.3697,160.5627,157.3697,160.5627,54225
2005-08-18,158.823,158.914,158.823,158.8685,48734
2005-08-19,160.6041,161.8543,157.9898,157.9898,188706
2005-08-22,160.644,160.7351,160.644,160.6895,778
2005-08-23,161.102,161.102,161.102,161.102,38452
2005-08-24,160.7236,160.7236,160.6322,160.6779,8545
2005-08-25,162.407,162.8644,161.7208,161.7208,1745
2005-08-26,160.1382,160.5957,160.1382,160.5957,8477
2005-08-30,161.3708,163.6631,161.3708,163.4338,6356
2005-08-31,163.4425,163.7866,162.8691,162.8691,21048
2005-09-02,162.5873,162.5873,162.4958,162.5415,3753
2005-09-05,160.8078,161.4911,160.8078,161.4911,1714
2005-09-06,160.8648,163.1368,160.8648,161.092,5358
2005-09-07,161.6312,163.7878,161.6312,163.3338,20059
2005-09-08,163.855,165.0989,162.0457,162.0457,81229
2005-09-09,165.3789,169.0037,163.1135,163.1135,122086
2005-09-12,164.53,166.7916,164.53,166.7916,4027
2005-09-13,163.6139,168.5855,163.6139,167.0036,88492
2005-09-14,166.8995,166.9899,166.8995,166.9447,10574
2005-09-15,168.1096,168.1096,166.9737,166.9737,44124
2005-09-16,165.7964,165.7964,158.9829,161.1405,703342
2005-09-19,158.0501,159.7435,157.7114,159.7435,214005
2005-09-20,159.3022,159.7548,158.3972,159.7548,31452
2005-09-21,157.6101,159.5335,157.4969,159.5335,35019
2005-09-22,158.4112,159.5492,158.4112,159.5492,3825
2005-09-23,158.5738,159.9408,158.1182,159.4851,104130
2005-09-26,159.7771,159.8682,159.7771,159.8454,6193
2005-09-27,157.4354,157.4354,157.3441,157.3897,12529
2005-09-28,160.0958,161.8111,160.0958,161.8111,21850
2005-09-29,162.895,162.895,160.9503,162.7806,10949
2005-09-30,162.3222,163.351,162.3222,163.351,51290
2005-10-03,160.6572,162.2512,160.6572,162.2512,446068
2005-10-04,162.3553,163.2649,162.3553,163.2649,29617
2005-10-06,161.953,161.953,161.8611,161.93,337718
2005-10-07,161.6091,161.7014,161.6091,161.6553,13714
2005-10-10,160.3904,160.5057,159.122,160.0444,131010
2005-10-11,157.6046,157.6046,154.7245,157.0286,134400
2005-10-12,157.569,157.569,150.658,152.501,26174
2005-10-13,149.7228,151.3253,149.7228,151.3253,6106
2005-10-14,149.4694,149.6987,148.0939,149.6987,146360
2005-10-17,148.1331,151.471,147.3275,151.471,40473
2005-10-18,151.5925,151.5925,147.0127,149.0736,16737
2005-10-19,152.4674,152.4674,152.4674,152.4674,509359
2005-10-20,150.2582,150.2582,148.6694,148.6694,2679
2005-10-21,146.2572,146.2572,141.715,143.0777,111165
2005-10-24,144.9299,147.9966,143.5669,147.9966,182426
2005-10-25,146.4095,149.365,146.4095,147.2051,176851
2005-10-26,145.0953,145.0953,141.4452,143.2702,10121
2005-10-27,143.9121,143.9121,139.8003,140.4856,45931
2005-10-28,140.5425,140.5425,140.4511,140.4968,24795
2005-10-31,142.0878,143.7901,142.0878,143.7901,59751
2005-11-01,146.6104,146.6104,146.6104,146.6104,10395
2005-11-02,139.58,144.5976,139.58,143.0011,19133
2005-11-03,143.7793,143.7793,142.8722,143.5525,72725
2005-11-04,142.8076,142.9209,140.4294,142.9209,223143
2005-11-07,139.4481,139.4481,138.9939,139.4481,121573
2005-11-08,139.2625,141.077,138.3552,141.077,543824
2005-11-09,140.6759,140.6759,140.2236,140.2236,71945
2005-11-10,137.5813,138.8218,137.0175,138.8218,2679
2005-11-11,141.8109,142.1494,141.8109,142.0365,95982
2005-11-14,143.1717,144.075,143.1717,143.8492,52422
2005-11-15,144.63,145.0819,144.63,144.7429,3841
2005-11-16,146.7275,146.7275,146.6363,146.6819,9985
2005-11-17,146.3294,146.3294,145.0719,145.0719,1316
2005-11-18,146.1971,146.1971,144.0202,144.2493,57589
2005-11-21,144.5745,144.5745,143.7726,143.7726,35268
2005-11-22,143.3199,143.7792,139.645,143.0902,430606
2005-11-23,143.8548,153.966,143.8548,153.966,345232
2005-11-24,151.4014,154.4983,151.4014,154.4983,24875
2005-11-25,154.1413,161.0227,154.1413,158.4995,52175
2005-11-28,158.7088,158.7088,157.9038,158.5938,8849
2005-11-29,159.469,160.9626,158.0903,158.0903,55235
2005-11-30,157.7063,157.7063,153.5922,155.3064,55831
2005-12-01,152.0631,152.0631,149.9053,150.9274,18722
2005-12-02,151.9014,153.7151,151.9014,152.1281,336554
2005-12-05,153.0088,153.0088,152.918,152.9861,392941
2005-12-06,149.7901,150.4721,148.3127,149.3356,854319
2005-12-07,151.1418,152.3899,151.1418,152.3899,1198290
2005-12-08,150.9841,150.9841,150.8708,150.8708,10160
2005-12-09,147.6393,149.1089,147.4132,149.1089,112538
2005-12-12,149.3731,149.3731,149.2826,149.3278,10337
2005-12-13,149.8978,149.8978,149.8073,149.8752,53463
2005-12-14,147.9951,148.9051,146.5163,146.5163,72079
2005-12-15,149.7074,152.7766,149.7074,152.7766,6478
2005-12-16,152.7126,154.5306,152.7126,153.7352,26569
2005-12-19,152.9647,154.2204,152.9647,154.2204,42454
2005-12-20,150.0409,151.9674,150.0409,151.9674,14297
2005-12-21,151.7611,152.6727,151.7611,152.6727,337
2005-12-22,155.3225,155.3225,154.8639,154.8639,72383
2005-12-23,156.3132,156.3132,154.5892,154.5892,17339
2005-12-28,157.4138,157.4138,155.9091,155.9091,34420
2005-12-29,156.3207,157.0113,155.0544,155.0544,23589
2005-12-30,157.1971,157.1971,156.0446,156.0446,36459
2006-01-03,158.0651,162.6869,158.0651,159.4517,41913
2006-01-04,159.4745,160.3963,158.8983,160.3963,14779
2006-01-05,158.9709,159.3175,157.7001,159.3175,5555
2006-01-06,159.9816,163.5471,159.9816,163.317,7340
2006-01-09,164.091,171.0955,163.5168,171.0955,775131
2006-01-10,172.0555,174.2349,165.1733,165.1733,57704
2006-01-11,169.6677,170.9356,164.9419,170.244,46611
2006-01-12,171.6865,172.8326,169.1651,169.9673,33278
2006-01-13,168.4174,168.4174,165.557,167.2732,11118
2006-01-16,167.9849,169.5957,167.9849,169.3656,20422
2006-01-17,170.2357,170.2357,167.9353,169.6607,17561
2006-01-18,170.8705,170.8705,165.3437,165.3437,9068
2006-01-19,164.4424,165.365,164.0965,165.019,122445
2006-01-20,163.989,163.989,162.3779,162.3779,44411
2006-01-23,162.0092,162.4708,158.7783,162.4708,304323
2006-01-24,162.2201,162.4508,161.7585,161.7585,26834
2006-01-25,158.0186,160.0902,158.0186,160.0902,165781
2006-01-26,158.19,160.3743,158.19,160.3743,138561
2006-01-27,160.7661,169.034,160.7661,167.5412,401341
2006-01-30,168.7196,171.9288,167.2295,169.178,33803
2006-01-31,169.0306,169.0306,167.3117,167.5409,45129
2006-02-01,165.1286,165.1286,162.2776,163.0759,3745442
2006-02-02,161.843,166.8579,161.843,163.3247,313671
2006-02-03,166.6162,166.7306,164.6722,165.587,683352
2006-02-06,164.3698,164.4158,164.3239,164.3698,30970
2006-02-07,163.5289,163.5289,161.2257,162.0318,120050
2006-02-08,160.2268,160.2268,157.4643,157.8095,269350
2006-02-09,160.2122,160.2122,154.9102,157.446,20550
2006-02-10,157.3271,160.3042,157.3271,158.7012,61722
2006-02-13,159.7746,159.8662,159.7746,159.8433,214026
2006-02-14,160.8061,164.8378,160.8061,163.4555,115223
2006-02-15,164.1169,165.1469,163.4302,163.5446,39453
2006-02-16,163.9596,163.9596,163.8677,163.9366,17232
2006-02-17,162.448,162.448,160.3801,160.8396,15938
2006-02-20,161.8182,162.6221,161.8182,162.6221,10256
2006-02-21,161.2751,161.321,161.2294,161.2751,99539
2006-02-22,162.582,162.582,160.8646,160.8646,3352
2006-02-23,162.7301,163.0727,159.3042,161.7023,30603
2006-02-24,159.0957,160.6936,159.0957,160.6936,141702
2006-02-27,162.5741,162.5741,159.1443,160.5162,101609
2006-02-28,158.2718,158.5002,156.2163,158.5002,165174
2006-03-01,158.2419,159.1553,157.4427,157.4427,27752
2006-03-02,160.7709,162.4971,159.7351,159.7351,6289279
2006-03-03,160.5852,160.9303,160.5852,160.9303,15457
2006-03-06,161.9757,161.9757,160.8253,160.8253,1214672
2006-03-07,160.8439,163.1417,160.8439,161.1886,923256
2006-03-08,163.599,164.9815,163.599,163.7142,17475
2006-03-09,165.519,168.9721,165.519,166.5549,18554
2006-03-10,166.2678,167.4224,166.2678,167.4224,270480
2006-03-13,170.7703,171.4645,168.9192,171.4645,503864
2006-03-14,171.4144,173.2625,170.9524,172.5695,97771
2006-03-15,170.2937,173.533,167.5172,172.3762,413174
2006-03-16,170.3387,170.3387,165.9233,168.712,733403
2006-03-17,168.3701,168.4167,168.3235,168.3701,1482
2006-03-20,169.9412,173.0818,169.9412,172.3839,1096399
2006-03-21,173.6411,175.4983,173.6411,174.5697,191783
2006-03-22,172.7,174.0928,171.7716,173.9767,679048
2006-03-23,173.8036,175.3099,173.8036,175.3099,26568
2006-03-24,176.5423,181.0571,176.5423,179.0891,234737
2006-03-27,178.6575,178.7499,178.6575,178.7037,115702
2006-03-28,176.5614,179.5736,176.098,177.72,196340
2006-03-29,178.9009,178.9242,178.8313,178.9009,11021
2006-03-30,177.2568,177.3501,177.2568,177.3035,704
2006-03-31,178.8118,182.4395,178.8118,182.4395,3187547
2006-04-03,182.495,182.495,180.1553,181.3252,35599
2006-04-04,182.7734,186.9913,182.7734,185.351,16041
2006-04-05,187.7712,189.6537,187.7712,188.2418,84485
2006-04-06,183.834,185.0049,182.4289,183.5998,167914
2006-04-07,185.3074,186.7077,185.3074,186.0076,296224
2006-04-10,184.0043,189.9437,184.0043,188.4297,415713
2006-04-11,190.489,190.489,187.811,188.626,109658
2006-04-12,189.6715,189.6715,187.6993,187.6993,6192
2006-04-13,187.5455,187.5455,187.4529,187.4992,153639
2006-04-18,185.4203,186.3474,185.3044,186.3474,7357
2006-04-19,186.8566,187.3191,186.8566,187.3191,738923
2006-04-20,185.4014,187.26,183.6589,186.563,29390
2006-04-21,183.9424,183.9424,183.4779,183.4779,1157973
2006-04-24,186.0901,186.1134,186.0202,186.0901,65356
2006-04-25,183.8764,186.204,183.4109,184.8075,929024
2006-04-26,186.1371,186.8378,184.5023,186.8378,34769
2006-04-27,185.9385,186.6384,185.7052,185.7052,478451
2006-04-28,187.0323,188.5435,187.0323,187.9623,6743
2006-05-02,187.4398,188.4773,187.4398,187.6704,803670
2006-05-03,184.381,185.8754,184.381,185.8754,5824
2006-05-04,187.3348,187.3348,187.2427,187.3118,7243
2006-05-05,188.0317,188.0317,184.4687,186.4226,12169
2006-05-08,184.3439,186.2952,184.3439,186.2952,962567
2006-05-09,184.0481,188.0641,184.0481,186.1135,30051
2006-05-10,184.7512,187.2852,184.7512,187.2852,10986
2006-05-11,187.6607,189.9492,186.5165,187.6607,28055
2006-05-12,185.8708,185.8708,179.2407,181.2983,38647
2006-05-15,178.8513,179.7661,178.3939,179.7661,137528
2006-05-16,181.6987,181.6987,179.1847,180.4417,8105
2006-05-17,178.3529,178.3529,174.7131,175.1681,1591938
2006-05-18,174.2373,177.7606,171.6231,174.4646,29952
2006-05-19,176.5605,176.9022,176.5605,176.9022,3750
2006-05-22,173.8608,173.8608,167.8025,170.5459,111185
2006-05-23,167.135,169.1956,167.135,169.1956,74994
2006-05-24,169.6654,172.9899,169.6654,172.9899,30289
2006-05-25,173.8174,183.7859,173.8174,183.7859,698600
2006-05-26,185.0754,185.8806,184.1552,185.8806,634624
2006-05-30,182.0592,182.0592,178.8491,181.0275,14533
2006-05-31,181.9081,183.7502,179.2601,183.7502,397669
2006-06-01,179.4317,179.4317,178.626,178.626,6533
2006-06-02,180.8026,181.2627,180.1125,180.1125,108405
2006-06-05,181.8557,181.8557,181.7632,181.8094,8473
2006-06-06,177.9727,177.9727,175.4302,175.7769,282975
2006-06-07,178.1502,182.5404,178.1502,179.3056,39237
2006-06-08,177.86,179.8195,177.1684,179.1279,109592
2006-06-09,179.1283,179.1283,179.0363,179.0823,383
2006-06-12,175.0734,175.3026,168.1988,170.2612,20830
2006-06-13,169.807,169.807,165.2177,167.3976,529072
2006-06-14,165.0514,169.1777,162.9883,164.2491,99200
2006-06-15,165.4035,169.4098,165.4035,168.952,56218
2006-06-16,169.9497,169.9497,167.0847,167.0847,37509
2006-06-19,170.2712,171.7608,169.1254,171.4171,227809
2006-06-20,167.0895,169.4945,166.6314,167.8912,30321
2006-06-21,166.8997,166.8997,165.6345,166.8997,26851
2006-06-22,165.0609,169.6748,165.0609,168.5212,9509
2006-06-23,170.7896,170.7896,170.7896,170.7896,92591
2006-06-26,168.1515,168.1978,168.1052,168.1515,97967
2006-06-27,170.6467,170.6467,168.5614,168.5614,69388
2006-06-28,165.9002,168.3297,165.9002,168.3297,50011
2006-06-29,169.4338,169.4338,169.341,169.3874,81513
2006-06-30,171.6201,171.6201,169.6488,169.6488,248160
2006-07-03,172.0585,172.1517,172.0585,172.1051,5538
2006-07-04,172.7856,172.8786,172.7856,172.8553,1563
2006-07-05,174.5246,191.7443,174.5246,189.8828,921209
2006-07-06,191.9527,193.8163,190.2056,190.2056,96264
2006-07-07,190.3995,190.3995,190.3065,190.3529,2061989
2006-07-10,190.3499,193.2517,188.0286,193.2517,41674
2006-07-11,194.0676,197.3177,194.0676,195.9248,165438
2006-07-12,192.5735,197.4518,192.5735,195.1288,210823
2006-07-13,190.5373,190.6528,188.573,190.6528,596766
2006-07-14,191.2723,191.3647,191.2723,191.3186,5379
2006-07-17,193.3177,193.3177,191.2403,191.2403,104869
2006-07-18,191.447,192.8243,191.3323,191.3323,40750
2006-07-19,191.6097,191.7013,191.6097,191.6784,24238
2006-07-20,191.7206,192.5228,191.7206,192.1791,29837
2006-07-21,193.0864,193.0864,190.1105,190.1105,140813
2006-07-24,193.6492,193.6492,192.6192,192.6192,6732
2006-07-25,194.5811,194.9251,192.0586,192.0586,11335
2006-07-26,190.0764,190.0764,188.3578,188.3578,10426
2006-07-27,189.2567,189.2567,185.5907,186.049,178003
2006-07-28,184.5601,190.5285,184.5601,186.6261,4255
2006-07-31,186.991,186.991,184.354,185.1565,41079
2006-08-01,183.1294,184.0451,183.1294,184.0451,18794
2006-08-02,185.8834,186.6841,183.0236,183.9388,57421
2006-08-03,184.4129,184.4129,184.322,184.3902,45082
2006-08-04,183.9977,184.0883,183.9977,184.043,186533
2006-08-07,184.4527,184.4527,184.3624,184.4301,3692768
2006-08-08,181.8961,184.9446,181.8961,184.9446,5298
2006-08-09,185.6877,187.4993,182.9704,185.9142,46309
2006-08-10,183.8993,183.9899,183.8993,183.9446,18130
2006-08-11,180.6401,180.866,179.9628,180.866,19195
2006-08-14,183.0122,183.0122,180.9788,180.9788,12575
2006-08-15,181.0471,181.0471,180.1419,180.1419,306
2006-08-16,182.217,182.217,182.217,182.217,30615
2006-08-17,183.7098,184.9634,183.4819,184.1656,70541
2006-08-18,183.0544,186.4867,183.0544,183.6265,65638
2006-08-21,183.3423,185.5127,183.3423,185.5127,48786
2006-08-22,183.6759,186.6347,182.0827,184.8139,324997
2006-08-23,185.8461,185.8461,183.8063,183.8063,70970
2006-08-24,182.6637,186.0673,182.6637,183.5713,56418
2006-08-25,183.9099,184.0005,183.9099,183.9778,415915
2006-08-29,185.8396,186.2918,181.7701,184.031,182923
2006-08-30,183.1226,183.2129,183.1226,183.1678,25698
2006-08-31,182.4082,184.8915,182.4082,184.6658,174457
2006-09-01,182.5616,185.0439,180.4178,182.2231,352016
2006-09-04,182.1732,183.4195,182.1732,183.4195,60678
2006-09-05,182.7335,182.9606,182.7335,182.7335,6045740
2006-09-06,182.5004,183.8692,182.5004,183.1848,120486
2006-09-07,182.3464,183.2581,182.3464,183.2581,339379
2006-09-08,182.3051,183.2166,182.3051,183.2166,390585
2006-09-11,182.8809,184.3668,182.8809,184.3668,25090
2006-09-12,181.5753,182.4832,181.5753,182.4832,23774
2006-09-13,183.7593,183.7593,183.6459,183.6459,5795
2006-09-14,185.3539,185.3539,182.3006,182.7529,77983
2006-09-15,183.0018,183.0018,179.8388,180.7425,154594
2006-09-18,180.0413,180.0413,178.9076,179.7012,78293
2006-09-19,178.4354,178.4354,176.1767,176.9672,182920
2006-09-20,176.8438,178.1972,176.8438,178.1972,27509
2006-09-21,176.6074,179.3071,176.6074,177.7322,89905
2006-09-22,176.9947,179.5909,176.9947,178.0106,40234
2006-09-25,176.4158,176.9784,176.4158,176.9784,22519
2006-09-26,175.9,176.1243,175.4513,176.1243,136165
2006-09-27,176.1038,176.1038,170.6852,170.911,257129
2006-09-28,172.658,175.3842,172.658,175.2706,5114
2006-09-29,176.6516,177.7891,176.6516,177.6753,25266
2006-10-02,174.6576,178.2868,174.6576,177.7198,3954
2006-10-03,178.7046,178.7046,177.008,177.008,9985126
2006-10-05,179.1721,180.5329,179.0587,179.0587,18069
2006-10-06,178.4112,179.3146,178.4112,178.9758,23674
2006-10-09,181.3164,182.6762,181.3164,181.9963,28519
2006-10-10,183.1619,183.3886,182.7085,182.9351,26447
2006-10-11,181.4099,181.7501,181.4099,181.7501,46283
2006-10-12,183.4897,183.9427,182.9233,182.9233,40557
2006-10-13,183.4424,183.4424,177.7946,180.2796,25840
2006-10-16,181.1176,181.4562,180.6663,180.6663,38997
2006-10-17,182.0541,182.0541,181.0415,181.0415,124674
2006-10-18,179.8769,180.3265,178.5278,180.3265,180010
2006-10-19,180.2253,180.7885,180.2253,180.7885,208799
2006-10-20,181.2591,181.2591,181.1692,181.2142,3639
2006-10-23,179.8417,179.8417,179.7518,179.8192,28066
2006-10-24,178.5348,180.7833,178.5348,178.6472,6193
2006-10-25,179.5363,179.7612,178.1863,179.7612,115346
2006-10-26,180.6061,180.6061,175.6517,179.48,23965
2006-10-27,180.0364,180.0364,175.7605,176.098,53285
2006-10-30,175.0254,177.0436,175.0254,177.0436,31313
2006-10-31,179.2618,179.2618,178.3639,178.3639,10885712
2006-11-01,179.2947,180.1934,179.2947,180.1934,29970
2006-11-02,181.1193,181.6808,180.8948,180.8948,24509
2006-11-03,180.9446,183.1868,179.375,183.1868,84605
2006-11-06,181.7034,183.39,181.7034,183.0528,11837
2006-11-07,182.7707,183.1081,179.9588,182.0959,7978
2006-11-08,186.6472,186.6472,182.5994,183.0492,67562
2006-11-09,182.2896,182.2896,182.1993,182.267,47180
2006-11-10,180.4952,181.8489,180.4952,181.8489,41921
2006-11-13,182.0458,184.982,181.3682,181.9328,36675
2006-11-14,181.5304,184.7072,181.5304,183.4591,10876
2006-11-15,182.1083,182.7912,182.1083,182.7912,14622
2006-11-16,181.9254,184.6543,181.9254,182.0391,79545
2006-11-17,181.7187,185.8074,181.7187,182.0594,16237
2006-11-20,185.3741,185.3741,180.8417,182.4281,13438
2006-11-21,183.7374,186.6827,183.7374,185.4367,106461
2006-11-22,187.2572,187.5973,186.8038,187.3706,43787
2006-11-23,187.7165,191.1193,187.7165,190.6655,43603
2006-11-24,192.8,193.7094,191.5496,193.2547,120832
2006-11-27,191.3839,191.3839,190.0201,190.2474,36661
2006-11-28,190.7436,190.7436,186.2129,187.2323,11168445
2006-11-29,185.7058,187.0639,182.8767,187.0639,131693
2006-11-30,187.181,187.181,184.0162,187.181,16080
2006-12-01,187.9164,188.2552,185.9966,188.0294,18652
2006-12-04,188.3982,188.3982,187.0429,187.0429,65338
2006-12-05,189.3555,190.2615,187.9965,189.129,44107
2006-12-06,190.3541,190.3541,189.5605,189.5605,6036
2006-12-07,191.3155,191.3155,191.3155,191.3155,24513
2006-12-08,200.8213,204.7968,190.8257,201.2756,806219
2006-12-11,201.0271,201.4809,199.0985,199.0985,28475
2006-12-12,200.5891,200.5891,198.1043,198.1043,40715
2006-12-13,196.284,199.4408,196.1712,199.2153,313188
2006-12-14,194.9423,199.8946,194.9423,199.4444,38259
2006-12-15,199.3043,199.7542,196.6049,197.7296,871177
2006-12-18,199.2983,199.2983,199.2082,199.2757,19456
2006-12-19,199.8768,200.1019,199.8768,200.1019,30471
2006-12-20,200.7196,204.6575,200.2696,200.2696,10443129
2006-12-21,204.5099,205.2978,203.1592,204.3973,31924
2006-12-22,203.0994,204.6755,203.0994,204.6755,3421
2006-12-27,206.2918,206.2918,205.391,205.391,30506
2006-12-28,205.1794,206.0793,202.4797,204.5045,58699
2006-12-29,207.0388,209.186,207.0388,207.9429,9158
2007-01-02,209.9801,211.3348,205.9159,208.7383,27207
2007-01-03,206.7719,210.3995,206.7719,210.3995,56876
2007-01-04,207.6271,207.74,206.9497,206.9497,42290
2007-01-05,209.8495,209.8495,206.5707,208.2667,54552
2007-01-08,206.6194,207.4089,203.0103,207.4089,22119
2007-01-09,207.6677,207.8925,207.6677,207.6677,205136
2007-01-10,208.2854,208.7344,205.3677,205.3677,16402
2007-01-11,202.7153,202.7153,202.6262,202.6707,129752
2007-01-12,201.4223,201.533,200.5369,201.533,265471
2007-01-15,200.847,200.847,200.7588,200.8029,44166
2007-01-16,199.9715,199.9715,197.5382,197.5382,234448
2007-01-17,198.3271,199.2086,196.5642,198.2169,21262
2007-01-18,196.9203,196.9203,193.8365,195.5987,69428
2007-01-19,192.6855,193.5653,192.6855,193.5653,19192
2007-01-22,192.2339,193.5536,191.3541,192.4538,62717
2007-01-23,191.4689,195.3203,187.5075,195.3203,9556928
2007-01-24,194.7325,196.9453,194.7325,195.8389,106042
2007-01-25,192.1698,196.5875,192.1698,194.4891,27195
2007-01-26,190.2172,192.6474,190.2172,192.6474,53149
2007-01-29,197.2524,197.2524,188.3872,189.3845,68660
2007-01-30,188.3563,190.5723,186.1403,186.9159,41203
2007-01-31,186.6272,191.4153,185.2909,185.625,33623
2007-02-01,188.8849,190.6585,188.8849,189.8825,51154
2007-02-02,191.0477,195.9124,191.0477,194.6962,37388
2007-02-05,197.3212,199.0909,195.6621,196.3257,28622
2007-02-06,196.3689,196.4572,196.3689,196.413,19624
2007-02-07,199.485,199.485,199.2634,199.2634,28152
2007-02-08,200.7978,202.1379,200.5744,200.5744,112933
2007-02-09,201.402,201.402,201.0664,201.0664,79390
2007-02-12,200.0543,202.0638,200.0543,202.0638,172650
2007-02-13,202.226,203.5742,202.226,203.3495,54730
2007-02-14,203.5485,204.3344,203.0994,203.0994,8673
2007-02-15,207.5725,208.5878,205.2035,205.4291,18748
2007-02-16,207.7084,207.7084,204.8863,204.8863,26440
2007-02-19,206.1566,206.2471,206.1566,206.2018,18739
2007-02-20,207.4384,207.4384,204.2817,205.2964,20680
2007-02-21,203.0669,207.6923,203.0669,203.8566,31956
2007-02-22,204.9216,204.9216,202.6696,202.8949,38342
2007-02-23,204.7743,204.7743,203.8742,203.8742,15483
2007-02-26,207.0558,207.1683,202.6671,205.3679,34631
2007-02-27,208.0779,208.417,203.557,207.0607,58101
2007-02-28,203.5068,208.0292,203.0546,208.0292,83352
2007-03-01,207.5482,207.5482,203.9387,205.2923,62512
2007-03-02,206.8118,208.5163,206.8118,207.1527,51362
2007-03-05,205.3567,205.3567,195.3171,197.1425,105104
2007-03-06,198.6713,200.8407,195.4743,195.4743,93862
2007-03-07,198.107,198.107,198.0157,198.0614,5929
2007-03-08,196.204,197.1166,196.204,196.204,608642
2007-03-09,195.1335,195.8166,195.1335,195.8166,23107
2007-03-12,195.8323,195.8323,192.1633,193.8831,38472
2007-03-13,194.6842,194.7988,192.9654,193.8821,89205
2007-03-14,192.7263,195.0207,192.3822,192.3822,25802
2007-03-15,195.0681,195.0681,193.2321,194.1501,275906
2007-03-16,193.5131,196.2711,192.1342,193.1684,4970341
2007-03-19,195.7901,195.7901,192.8097,192.8097,20022
2007-03-20,193.5474,195.7106,192.6366,194.6859,18634
2007-03-21,193.598,193.7118,191.7759,193.7118,36891
2007-03-22,198.0699,200.4618,195.3364,195.3364,173004
2007-03-23,198.2099,198.2099,196.3916,196.3916,135513
2007-03-26,198.1219,199.0307,195.3954,196.645,43897
2007-03-27,198.2221,201.4119,198.2221,201.4119,34102
2007-03-28,200.7857,203.98,200.7857,202.9532,47826
2007-03-29,199.1577,209.6397,199.1577,207.8168,895894
2007-03-30,207.4154,207.4154,207.1878,207.3016,444479
2007-04-02,208.1278,208.2412,208.1278,208.2412,89254
2007-04-03,208.5846,208.5846,203.1433,206.4308,56749
2007-04-04,208.2015,208.2015,206.2726,206.2726,19127
2007-04-05,209.386,210.3003,208.4716,209.1574,12892
2007-04-10,209.8677,210.0963,209.8677,210.0963,31351
2007-04-11,205.9478,209.5929,205.0366,209.5929,4130645
2007-04-12,205.7551,212.9605,205.7551,210.5587,229776
2007-04-13,213.5329,213.5329,212.3898,212.3898,5678
2007-04-16,214.4587,214.4587,211.147,211.8322,3154618
2007-04-17,208.4059,211.1301,208.4059,211.1301,190912
2007-04-18,211.3061,211.3061,211.3061,211.3061,26955
2007-04-19,210.4008,211.9965,209.717,210.4008,60294
2007-04-20,211.1142,211.1142,210.659,210.659,88201
2007-04-23,211.5824,211.5824,207.7148,210.6724,17798
2007-04-24,211.6386,211.6386,206.7326,208.5581,68383
2007-04-25,206.9993,211.9115,206.9993,211.9115,28787
2007-04-26,208.7503,213.104,208.7503,213.104,29505
2007-04-27,212.1265,212.813,211.2112,212.2409,146747
2007-04-30,208.2136,210.6174,208.2136,210.6174,82893
2007-05-01,212.0713,212.0713,208.8771,210.7024,1707256
2007-05-02,214.0352,214.0352,209.9104,210.827,29277
2007-05-03,208.7685,211.8588,208.7685,211.8588,42864
2007-05-04,210.5178,213.7214,210.5178,211.8908,56100
2007-05-08,213.861,213.861,210.213,210.555,33589
2007-05-09,209.4291,211.0226,209.4291,211.0226,4947
2007-05-10,210.7869,214.6734,210.7869,211.8157,831531
2007-05-11,210.52,210.52,210.52,210.52,20042
2007-05-14,215.1099,215.1099,210.9819,210.9819,297742
2007-05-15,214.9498,214.9498,210.122,211.5014,20377
2007-05-16,213.5786,213.5786,213.5786,213.5786,28782
2007-05-17,213.0014,213.0014,212.4285,212.4285,11125
2007-05-18,211.1807,212.5564,211.1807,212.5564,1094930
2007-05-21,214.1057,214.1057,211.3548,212.2718,31991
2007-05-22,212.7063,215.2222,210.8766,211.334,108260
2007-05-23,208.3994,213.8596,208.3994,211.812,18929
2007-05-24,210.201,211.336,208.9526,211.336,11715729
2007-05-25,213.8908,213.8908,210.2521,210.2521,23105
2007-05-29,214.4432,215.4704,211.3618,214.4432,477540
2007-05-30,215.3678,216.5086,214.4553,214.4553,1603954
2007-05-31,223.874,226.042,221.0214,222.2765,71117
2007-06-01,220.6327,223.8171,218.3581,222.9072,4533498
2007-06-04,218.0853,221.2657,218.0853,219.6755,131711
2007-06-05,222.1688,222.1688,218.299,219.5511,121332
2007-06-06,218.1732,219.3096,218.1732,219.3096,470743
2007-06-07,221.1227,227.9616,221.1227,227.9616,1216498
2007-06-08,227.6775,230.6388,227.6775,227.7914,10406430
2007-06-11,232.11,234.7269,229.8343,231.3135,41494
2007-06-12,229.5371,237.6862,229.5371,237.6862,249650
2007-06-13,237.9847,247.4859,235.4962,236.7404,437530
2007-06-14,240.1383,240.3651,234.356,238.0975,2133141
2007-06-15,238.5774,238.5774,234.722,235.2891,19699
2007-06-18,238.1911,239.7791,233.4273,234.3347,24051
2007-06-19,236.9635,239.0005,234.4739,234.4739,155091
2007-06-20,237.6093,241.2232,237.1576,239.6421,203232
2007-06-21,237.9853,241.5946,235.9552,236.8575,197977
2007-06-22,237.0131,241.7534,234.7558,237.916,12332581
2007-06-25,239.1379,241.8503,237.7818,241.8503,20708
2007-06-26,241.6492,242.5525,237.3582,240.0683,68276
2007-06-27,236.9177,248.1995,236.9177,239.8509,277042
2007-06-28,244.0534,247.6624,239.0912,244.5046,2731308
2007-06-29,240.2683,255.1722,240.2683,252.0107,99354
2007-07-02,255.4274,255.6544,251.7946,251.7946,61810
2007-07-03,252.7165,254.9809,250.9049,252.9429,1122684
2007-07-04,251.6917,253.5057,251.6917,252.5987,294702
2007-07-05,251.8857,251.8857,248.9357,249.8434,153117
2007-07-06,251.2436,251.2436,245.5645,247.609,847862
2007-07-09,243.6728,247.076,240.4965,246.6223,95432
2007-07-10,244.233,246.0523,239.4575,239.4575,150759
2007-07-11,244.2183,244.2183,238.0844,241.2649,204493
2007-07-12,239.0841,243.638,233.6193,236.3517,224359
2007-07-13,235.9725,239.1552,233.0172,238.7006,255695
2007-07-16,238.2612,239.1689,234.4036,235.992,135675
2007-07-17,234.7864,242.7031,234.7864,241.1198,248295
2007-07-18,241.0438,243.0751,239.2382,243.0751,124780
2007-07-19,244.3088,244.3088,240.6894,240.6894,7720
2007-07-20,240.9428,248.3947,239.3622,243.8784,10552251
2007-07-23,240.0942,242.3465,238.5176,238.5176,36871
2007-07-24,242.9751,242.9751,228.1266,234.6509,284495
2007-07-25,224.7786,234.2004,222.0866,232.4058,103339
2007-07-26,233.2319,236.6056,229.8582,232.3322,316310
2007-07-27,231.4458,235.2807,226.0319,231.4458,62254
2007-07-30,228.1297,234.4792,225.4085,226.5423,2838805
2007-07-31,230.5008,230.7268,225.4162,225.9812,42783
2007-08-01,226.0781,228.1128,222.6869,223.8173,108626
2007-08-02,226.1182,231.0829,225.6669,228.3749,352108
2007-08-03,224.4449,228.7482,224.4449,225.5774,12550390
2007-08-06,225.3256,230.3379,225.3256,228.0595,15425
2007-08-07,225.9483,230.9744,220.351,220.351,318302
2007-08-08,219.306,225.2406,216.9186,221.3524,87906
2007-08-09,220.6287,221.8746,213.4934,213.8332,227491
2007-08-10,214.4739,218.109,211.2931,215.3827,75556
2007-08-13,214.7892,214.7892,211.1564,214.7892,136103
2007-08-14,215.3529,217.6294,213.987,214.8976,1009974
2007-08-15,214.2466,215.4948,212.6579,212.6579,57436
2007-08-16,212.8418,215.1109,211.0265,211.0265,10563412
2007-08-17,211.3355,211.3355,201.7501,202.2066,1256314
2007-08-20,200.2842,202.6753,198.007,199.1456,45474
2007-08-21,198.3937,198.3937,191.3204,194.5148,229918
2007-08-22,195.8194,200.9425,189.8993,200.9425,392829
2007-08-23,198.9985,206.6043,198.9985,202.7447,401127
2007-08-24,208.6605,218.2227,208.6605,218.2227,62910
2007-08-28,212.4741,212.4741,207.6917,209.5136,32243
2007-08-29,206.0483,213.6629,205.3665,210.1398,371979
2007-08-30,210.3779,210.4687,210.3779,210.4232,100326
2007-08-31,210.8592,210.8592,209.3855,209.3855,39880
2007-09-03,208.1598,210.4224,208.1598,210.4224,209745
2007-09-04,213.0388,213.0388,207.8234,212.6987,136406
2007-09-05,212.9988,215.3792,209.258,209.9381,71625
2007-09-06,210.1748,214.0374,209.0387,214.0374,430788
2007-09-07,215.6765,222.0602,215.6765,221.9462,459894
2007-09-10,222.063,222.177,222.063,222.063,40745
2007-09-11,219.6077,222.6944,217.2071,218.8075,67351
2007-09-12,217.9434,217.9434,213.2404,213.2404,35349
2007-09-13,215.9089,223.0294,215.9089,221.6512,864927
2007-09-14,223.8387,223.9312,223.8387,223.8849,2386
2007-09-17,226.424,226.424,218.6323,219.9115,50182
2007-09-18,219.0361,220.4343,218.3371,219.0361,313258
2007-09-19,223.4235,223.4235,217.8028,218.9738,623773
2007-09-20,219.39,219.39,215.4011,218.4514,98852
2007-09-21,214.3362,218.197,212.6982,218.197,1706844
2007-09-24,218.0198,220.0071,216.0324,218.6042,61098
2007-09-25,223.7435,225.6236,217.6328,217.6328,206096
2007-09-26,217.6668,219.5473,214.0233,216.8441,108079
2007-09-27,214.974,218.1406,214.974,218.1406,520267
2007-09-28,216.4898,218.7145,214.2652,214.2652,528605
2007-10-01,214.6793,215.9654,213.7438,215.03,988178
2007-10-02,214.9478,218.5535,214.9478,218.2046,192036
2007-10-03,212.9238,213.9722,210.0118,212.9238,501563
2007-10-04,209.6536,210.0021,209.0728,210.0021,989211
2007-10-05,212.3834,212.3834,209.1303,209.7112,594119
2007-10-08,212.1002,213.9526,212.1002,213.0264,78724
2007-10-09,211.6174,213.8254,209.758,211.8498,293995
2007-10-10,211.0958,211.0958,211.0958,211.0958,575544
2007-10-11,210.6261,211.7976,206.9946,206.9946,38976
2007-10-12,209.9244,210.7422,209.4572,210.7422,927960
2007-10-15,207.9497,213.09,207.9497,212.1554,359355
2007-10-16,211.2796,212.6819,209.6435,210.3447,494156
2007-10-17,212.6624,218.271,212.5455,218.271,236256
2007-10-18,218.6406,218.6406,214.8952,215.3633,53929
2007-10-19,213.9915,214.8091,211.0713,212.5898,43168
2007-10-22,209.2199,210.6241,207.3477,210.6241,54638
2007-10-23,209.9208,209.9208,207.8216,209.4543,169888
2007-10-24,208.4735,212.2046,206.7246,212.2046,94583
2007-10-25,210.3939,211.0964,208.4035,211.0964,40474
2007-10-26,213.0714,223.5368,213.0714,223.5368,137845
2007-10-29,219.6909,226.0214,219.5737,226.0214,31648
2007-10-30,225.1882,225.1882,220.0384,221.5599,181471
2007-10-31,219.6153,222.7693,219.6153,222.6525,251978
2007-11-01,222.8435,225.2859,220.9826,225.2859,43400
2007-11-02,223.1976,227.0478,221.6808,224.481,77488
2007-11-05,223.984,223.984,222.5841,223.984,39537
2007-11-06,220.3881,222.1419,215.1268,215.1268,93721
2007-11-07,216.637,220.7289,211.4928,211.4928,117907
2007-11-08,212.929,218.188,210.5917,217.8373,100873
2007-11-09,219.0921,219.0921,211.5695,214.1554,306214
2007-11-12,212.9136,215.5188,210.7821,215.1635,62226
2007-11-13,212.7235,216.2689,212.7235,216.2689,271702
2007-11-14,217.3657,227.5063,217.1272,226.6712,145523
2007-11-15,227.9059,230.3049,227.4262,229.3453,138327
2007-11-16,226.7452,226.7452,218.3472,220.7466,106680
2007-11-19,222.8117,224.369,221.0148,221.8534,83888
2007-11-20,220.9489,220.9489,215.185,216.7461,36482
2007-11-21,216.8139,216.8139,204.9569,208.4657,158885
2007-11-22,205.4399,207.3735,203.9898,204.9565,560651
2007-11-23,206.3853,208.3187,205.5396,207.5937,13838
2007-11-26,207.2784,210.4081,207.0377,207.8803,187770
2007-11-27,208.5705,208.5705,198.9367,204.7169,254967
2007-11-28,199.3229,199.3229,191.197,194.543,204282
2007-11-29,197.0037,197.9646,190.2767,197.4841,126839
2007-11-30,194.9405,211.2255,194.9405,210.7465,527618
2007-12-03,207.1885,207.1885,199.9333,200.6469,79987
2007-12-04,206.7578,206.7578,201.9495,202.6707,887683
2007-12-05,202.4765,202.4765,196.4143,199.4454,160946
2007-12-06,198.5828,203.9107,198.5828,203.9107,45639
2007-12-07,205.8939,205.8939,203.4716,204.6828,49602
2007-12-10,200.0945,205.0396,200.0945,204.7983,23827
2007-12-11,202.1044,209.3569,200.7748,207.9064,120486
2007-12-12,208.4684,210.8757,207.0241,210.8757,22321
2007-12-13,207.2366,218.0552,207.2366,208.6791,110679
2007-12-14,213.5315,213.5315,209.0954,209.0954,181787
2007-12-17,207.7578,208.9546,207.2791,208.7152,118599
2007-12-18,206.9923,221.957,206.9923,221.957,72874
2007-12-19,221.6497,224.6612,216.7108,218.879,240895
2007-12-20,218.4511,223.4297,217.2369,223.4297,53827
2007-12-21,223.071,227.0804,222.0989,226.7159,26503
2007-12-24,228.3216,229.055,228.3216,229.055,3903
2007-12-27,232.0245,233.9909,232.0245,233.9909,5258
2007-12-28,234.1568,237.6221,234.1568,237.0033,30919
2007-12-31,232.1026,232.8417,227.9139,232.8417,70680
2008-01-02,232.3294,232.3294,228.3366,230.0834,106585
2008-01-03,229.3533,229.3533,220.4598,222.3387,28986
2008-01-04,220.177,220.177,218.4197,218.4197,6195
2008-01-07,217.6782,219.9275,216.1787,217.9281,52624
2008-01-08,217.6043,224.6076,217.6043,224.2325,110953
2008-01-09,222.2626,224.6498,219.624,219.624,16723
2008-01-10,224.7579,224.7579,217.6869,219.7072,204775
2008-01-11,222.9803,226.2744,221.46,225.5142,157593
2008-01-14,222.2657,226.3439,216.4032,218.06,104978
2008-01-15,218.8884,219.3939,202.2064,202.7119,279369
2008-01-16,198.0566,198.0566,187.527,190.5354,326344
2008-01-17,193.0479,196.4128,191.9262,191.9262,25031
2008-01-18,195.1976,200.2187,194.9465,196.3273,87789
2008-01-21,192.5563,192.5563,189.809,189.809,50614
2008-01-22,188.796,198.0482,187.1706,196.6729,197041
2008-01-23,198.9963,198.9963,190.3552,190.3552,79326
2008-01-24,196.2513,200.0061,195.7506,198.5041,98936
2008-01-25,194.4171,195.9088,190.4393,191.931,148413
2008-01-28,190.7949,193.2922,178.3083,188.2975,146149
2008-01-29,189.59,194.9499,189.4654,191.9583,131986
2008-01-30,190.6947,194.4363,190.57,193.0644,8881135
2008-01-31,195.3795,197.2533,195.3795,197.2533,7674733
2008-02-01,200.5508,211.917,200.5508,207.8756,2941809
2008-02-04,207.4134,211.5642,204.772,209.929,47738
2008-02-05,210.0251,210.0251,192.273,192.273,58030
2008-02-06,191.1363,194.648,187.1229,187.8754,22603
2008-02-07,185.9139,193.4306,184.9117,193.4306,157190
2008-02-08,193.3999,200.7711,193.3999,198.3973,102827
2008-02-11,200.7568,214.615,200.7568,208.7471,38778
2008-02-12,212.1141,215.9843,211.6147,214.9855,33506
2008-02-13,215.5754,217.0691,212.0904,214.0819,147993
2008-02-14,215.8137,217.8039,214.4454,217.3064,33643
2008-02-15,222.4545,223.4588,217.9352,217.9352,31297
2008-02-18,218.0779,218.0779,202.9687,203.976,85078
2008-02-19,204.3059,218.374,204.3059,206.8406,89146
2008-02-20,210.2897,214.7209,210.1631,212.6952,38884
2008-02-21,212.6404,217.7033,212.6404,214.1593,74380
2008-02-22,213.5125,214.0178,212.8808,213.2598,50568
2008-02-25,214.904,214.904,212.8814,212.8814,47831
2008-02-26,218.2031,218.2031,216.0515,216.0515,5353
2008-02-27,219.0442,222.228,218.7895,220.5723,62489
2008-02-28,220.0795,221.9988,220.0795,221.9988,3975
2008-02-29,223.1208,223.1208,221.3287,221.8408,37401
2008-03-03,218.1433,223.8026,218.1433,222.5164,21703
2008-03-04,221.2863,226.5612,221.2863,225.4033,10440
2008-03-05,221.9216,225.9121,221.9216,223.9812,25072
2008-03-06,220.6167,222.5395,219.463,219.463,42467
2008-03-07,218.4196,225.1973,216.1177,218.9311,201754
2008-03-10,221.1657,221.4214,218.3532,219.8873,299339
2008-03-11,221.7136,228.3855,221.7136,224.2797,70838
2008-03-12,222.7251,228.8977,222.7251,225.6828,33653
2008-03-13,222.5034,222.5034,219.2861,219.2861,30335
2008-03-14,221.8773,221.8773,219.8133,220.3293,31801
2008-03-17,224.6763,225.3371,222.5616,225.3371,54145
2008-03-18,222.6576,222.6576,218.9904,220.0382,100176
2008-03-19,230.4179,230.4179,214.2992,214.2992,47441
2008-03-20,212.38,214.7282,209.7709,210.8145,58096
2008-03-25,211.6493,212.9574,206.9401,206.9401,71625
2008-03-26,208.926,210.7749,207.3412,207.3412,27852
2008-03-27,207.0372,211.9164,202.5536,202.5536,100583
2008-03-28,203.571,204.6341,202.508,203.7039,43216
2008-03-31,208.347,208.347,202.7304,202.9979,46706
2008-04-01,199.4298,203.9322,194.3977,194.6626,70428
2008-04-02,199.2901,209.4661,199.2901,208.8053,48267
2008-04-03,204.3966,204.3966,200.8475,201.5048,56486
2008-04-04,202.167,204.2854,200.9755,203.8882,91220
2008-04-07,205.9879,206.1203,197.245,197.7748,42389
2008-04-08,200.2684,212.0489,199.7329,211.7811,27775
2008-04-09,212.6024,221.9859,212.6024,217.8304,76552
2008-04-10,214.0203,219.508,213.3511,219.508,69635
2008-04-11,217.6299,222.6096,214.9381,215.7456,94402
2008-04-14,217.5395,220.0846,217.5395,220.0846,23766
2008-04-15,221.5233,224.2248,213.4188,213.4188,168606
2008-04-16,213.4015,217.4636,213.4015,214.7555,235017
2008-04-17,217.6336,218.574,208.4983,208.4983,129600
2008-04-18,208.7605,211.403,207.3071,207.3071,66111
2008-04-21,209.3408,214.0587,209.3408,211.9019,20650
2008-04-22,217.5607,219.3076,217.5607,219.3076,238062
2008-04-23,221.0924,221.0924,215.5785,215.5785,240640
2008-04-24,213.6069,213.6069,204.5286,205.5966,155563
2008-04-25,202.8815,204.4665,200.7682,200.7682,49501
2008-04-28,199.2642,202.6839,197.9489,198.8697,62792
2008-04-29,204.9134,209.827,201.3277,201.3277,32014
2008-04-30,199.2325,202.0015,195.5405,199.8918,75880
2008-05-01,197.3831,197.9081,194.7584,196.202,16385
2008-05-02,200.3081,206.719,200.3081,204.8873,378751
2008-05-06,208.0297,208.5576,203.2777,205.2577,30465
2008-05-07,207.9183,207.9183,201.698,203.0215,41494
2008-05-08,202.0156,202.0156,199.2392,199.2392,29477
2008-05-09,200.7002,204.0252,199.7692,202.6952,15692
2008-05-12,199.4029,199.8007,197.2816,198.4749,9566
2008-05-13,198.5702,198.5702,190.163,191.0971,83255
2008-05-14,189.4835,189.4835,181.6051,183.2075,66041
2008-05-15,184.0734,187.1412,184.0734,185.674,48610
2008-05-16,188.5363,191.8744,181.7266,188.5363,62091
2008-05-19,188.5401,188.5401,186.9378,188.006,73185
2008-05-20,186.5628,190.294,186.5628,190.0275,118135
2008-05-21,190.651,191.7282,190.651,191.7282,22332
2008-05-22,188.9192,191.5801,186.2584,190.1166,136949
2008-05-23,188.5744,194.1796,188.5744,192.8449,219701
2008-05-27,189.3343,189.7349,175.715,175.715,485533
2008-05-28,177.3313,179.184,159.4659,163.3036,245797
2008-05-29,162.1039,164.0808,152.8785,163.1583,151451
2008-05-30,162.5046,167.2531,146.2805,167.2531,680418
2008-06-02,164.076,169.5142,160.4946,165.8003,394638
2008-06-03,168.2764,174.8703,164.8475,170.3864,84299
2008-06-04,175.0836,175.0836,170.176,173.4919,85825
2008-06-05,173.8487,179.1815,173.8487,179.1815,48757
2008-06-06,179.5335,183.9548,179.2655,182.2131,104811
2008-06-09,184.2074,184.2074,178.3341,180.6033,101275
2008-06-10,177.0127,177.0127,169.0332,171.294,103481
2008-06-11,168.9756,169.9048,167.7809,167.7809,24530
2008-06-12,166.9528,166.9528,164.826,165.7565,118078
2008-06-13,165.1651,166.3562,164.7681,164.7681,27688
2008-06-16,164.3123,164.8406,163.2556,163.784,49369
2008-06-17,165.149,166.2144,165.149,165.149,21801
2008-06-18,164.239,164.239,153.3429,155.0703,236107
2008-06-19,151.6963,151.6963,142.0752,144.4475,326415
2008-06-20,143.8804,148.6587,140.6948,141.7567,110039
2008-06-23,139.9832,139.9832,135.211,135.211,80645
2008-06-24,133.3469,134.0103,127.9069,130.2952,301758
2008-06-25,113.9512,116.8696,106.1245,110.3695,429029
2008-06-26,111.9546,112.6186,102.6582,103.1895,322390
2008-06-27,105.0629,105.0629,100.1546,100.5526,340295
2008-06-30,99.8585,104.1078,99.8585,102.2487,1328825
2008-07-01,103.3749,107.2233,100.3228,101.3844,263282
2008-07-02,104.0641,104.0641,84.9612,96.1824,307360
2008-07-03,94.6528,98.1092,94.6528,98.1092,261236
2008-07-04,98.7826,101.9692,98.7826,99.3138,132605
2008-07-07,100.0521,100.0521,96.0499,97.6508,104398
2008-07-08,96.0286,97.6291,96.0286,96.8288,129820
2008-07-09,98.6793,99.4794,98.6793,99.4794,13556
2008-07-10,97.5006,98.3041,94.2862,94.822,101666
2008-07-11,93.9351,93.9351,75.1481,76.7584,154813
2008-07-14,75.1008,85.0072,74.967,82.3298,261886
2008-07-15,81.7799,81.7799,76.7021,77.5039,288209
2008-07-16,79.2298,86.0096,78.1664,85.345,135519
2008-07-17,86.5489,101.1507,86.5489,97.5666,241544
2008-07-18,95.8913,100.819,90.564,100.819,145024
2008-07-21,98.5041,109.3009,98.1042,107.1682,157749
2008-07-22,106.4337,106.4337,104.9702,105.6354,24455
2008-07-23,105.7538,106.545,102.3254,104.9626,1139840
2008-07-24,105.5301,108.712,105.5301,106.7233,39925
2008-07-25,105.8028,106.3319,104.7449,105.4061,90197
2008-07-28,104.4538,105.5143,104.3213,104.5864,40834
2008-07-29,105.6391,105.6391,100.8854,104.1866,686838
2008-07-30,104.0248,104.9477,102.3108,102.8383,165049
2008-07-31,103.5782,105.1636,103.5782,104.6352,31530
2008-08-01,105.2593,105.9204,103.6724,104.2013,69174
2008-08-04,106.5571,106.5571,105.4916,106.1576,28819
2008-08-05,106.4317,107.4947,102.5783,106.166,2603707
2008-08-06,106.0626,106.0626,105.5323,106.0626,322986
2008-08-07,106.3899,107.1858,105.594,105.594,288823
2008-08-08,103.6968,104.6179,102.644,104.6179,192132
2008-08-11,103.3924,105.3605,103.3924,105.3605,6053
2008-08-12,106.0208,112.9924,106.0208,112.0716,46821
2008-08-13,114.7374,119.819,114.7374,116.4759,51064
2008-08-14,116.8593,125.2539,116.8593,120.9899,82302
2008-08-15,120.6012,120.6012,118.2209,118.2209,19502
2008-08-18,120.5462,121.0749,120.0174,120.414,128507
2008-08-19,117.604,117.604,110.7173,110.9821,135121
2008-08-20,109.2573,109.5231,106.3332,107.6623,46588
2008-08-21,107.5223,107.5223,106.4577,107.3892,19566
2008-08-22,106.5781,109.7875,106.4444,109.7875,43696
2008-08-26,108.5756,108.5756,108.4687,108.5222,237
2008-08-27,107.8945,109.9074,107.8945,108.2971,5815
2008-08-28,108.5389,108.6739,107.9989,108.6739,14060
2008-08-29,111.8329,111.8329,111.8329,111.8329,1150
2008-09-02,112.6342,121.634,112.6342,119.9976,114458
2008-09-03,121.2181,122.1736,120.126,121.0815,10218
2008-09-04,120.0632,121.8329,119.7911,121.8329,8889
2008-09-05,119.1783,119.8555,119.1783,119.8555,17251
2008-09-08,121.5479,121.5479,120.3324,120.3324,4592
2008-09-09,118.2445,118.9163,118.2445,118.9163,14732
2008-09-10,117.5166,119.7998,116.845,118.8596,24492
2008-09-11,118.9915,118.9915,115.7899,117.9243,138994
2008-09-12,118.7607,118.7607,116.6305,117.6956,93693
2008-09-15,115.9872,115.9872,110.4135,112.8022,116319
2008-09-16,112.1383,112.1383,108.4003,108.6673,68118
2008-09-17,108.3175,108.4501,103.8098,105.1356,184700
2008-09-18,106.0397,109.6185,104.184,104.9793,164088
2008-09-19,103.9061,107.4663,103.9061,107.4663,66664
2008-09-22,108.5003,108.5003,106.3703,106.3703,300
2008-09-23,105.5965,106.5287,104.9307,105.4634,27213
2008-09-24,105.1724,106.2348,105.1724,105.438,15092
2008-09-25,107.6285,107.6285,104.4317,105.4973,174246
2008-09-26,104.2131,105.2765,103.5485,103.9472,18369
2008-09-29,104.2378,104.2378,98.6179,100.625,56567
2008-09-30,95.0387,100.326,90.5445,95.6996,156074
2008-10-01,96.0403,98.1628,96.0403,97.7648,250567
2008-10-02,94.0201,94.8102,94.0201,94.4152,6738
2008-10-06,92.4366,92.4366,74.1582,75.8554,166465
2008-10-07,76.94,79.9292,72.2612,72.2612,451419
2008-10-08,73.8242,73.9562,67.6171,67.6171,260766
2008-10-09,67.8651,70.1228,67.4667,67.5994,113209
2008-10-10,66.5476,66.5476,61.7562,62.9541,322061
2008-10-13,65.4222,65.4222,61.6277,62.4128,153388
2008-10-14,63.6125,64.3946,62.5697,64.3946,70449
2008-10-15,63.1567,64.2006,63.1567,63.8092,641591
2008-10-16,62.6406,63.2931,62.2491,63.2931,4179
2008-10-17,62.765,63.2881,62.242,63.0266,2061109
2008-10-20,61.8821,63.4454,59.2765,63.0546,109315
2008-10-21,64.1789,66.7878,64.1789,65.3529,299552
2008-10-22,66.53,67.3252,65.7348,66.1324,69355
2008-10-23,67.7793,67.7793,66.1782,66.5785,45284
2008-10-24,65.8847,66.5598,64.8047,66.5598,64161
2008-10-27,66.1288,67.7483,65.8589,66.2638,33099
2008-10-28,67.1011,67.1011,64.2828,64.2828,27680
2008-10-29,65.3056,65.57,63.9836,63.9836,118885
2008-10-30,62.8268,64.4174,62.8268,63.6221,27209
2008-10-31,63.1865,65.2927,63.1865,64.8978,470440
2008-11-03,65.8975,66.9778,64.8172,66.1676,33791
2008-11-04,66.8509,66.8509,66.1742,66.1742,8560
2008-11-05,66.1147,66.5211,66.1147,66.5211,104752
2008-11-06,66.6497,70.6973,66.6497,69.0783,207528
2008-11-07,70.2064,70.2064,65.8525,66.6689,65863
2008-11-10,68.4766,72.7222,67.9288,72.0374,72526
2008-11-11,70.9651,72.0569,70.9651,72.0569,16289
2008-11-12,72.588,72.588,72.1693,72.4485,2797
2008-11-13,73.4537,73.7384,72.8843,73.7384,72194
2008-11-14,74.7287,74.7287,74.0116,74.0116,442
2008-11-17,73.5987,73.5987,72.891,72.891,4040
2008-11-18,73.2011,73.2011,72.0706,72.7772,9403
2008-11-19,70.9328,70.9328,68.4044,69.5281,102252
2008-11-20,69.6722,69.6722,63.7003,64.6956,99827
2008-11-21,62.9991,64.1342,56.1884,57.0397,362508
2008-11-24,59.3478,64.0557,59.3478,63.1997,252012
2008-11-25,64.3759,67.2245,60.8153,60.8153,283156
2008-11-26,59.5295,59.5295,49.4208,51.246,841495
2008-11-27,53.6726,59.5584,52.9719,52.9719,281341
2008-11-28,53.2631,54.6502,50.7664,50.7664,108734
2008-12-01,54.0986,56.3764,53.5291,54.3833,181504
2008-12-02,53.1212,54.8348,53.1212,53.1212,77853
2008-12-03,53.4347,53.4347,51.2801,52.2856,82836
2008-12-04,52.3764,52.6674,51.067,51.067,64037
2008-12-05,51.373,51.373,48.1622,49.0379,112811
2008-12-08,48.1515,52.9667,47.276,52.9667,226018
2008-12-09,50.2803,55.5422,50.2803,54.519,140635
2008-12-10,55.8538,57.0296,55.5598,55.5598,80140
2008-12-11,55.8498,55.8498,54.81,55.4042,27983
2008-12-12,55.3028,55.3028,53.0486,53.1989,16178
2008-12-15,53.1456,54.0413,52.8471,54.0413,15004
2008-12-16,55.8534,57.3629,55.8534,56.6081,23061
2008-12-17,58.5688,58.5688,56.8553,56.8553,44981
2008-12-18,57.7921,61.1171,57.7921,60.1671,112522
2008-12-19,58.2769,59.8435,58.2769,58.2769,31538
2008-12-22,58.9582,61.6525,58.9582,60.86,13702
2008-12-23,61.9092,61.9092,59.8403,60.1586,26082
2008-12-24,59.2878,59.9253,58.3315,58.6502,24492
2008-12-29,59.6985,60.3546,58.8785,59.5345,9295
2008-12-30,59.0312,59.8534,56.7292,56.7292,20576
2008-12-31,58.3808,60.9756,58.3808,60.9756,103310
2009-01-02,60.2713,61.2382,59.4655,61.2382,23511
2009-01-05,59.0284,60.5983,59.0284,59.6563,52334
2009-01-06,59.2922,64.3351,59.2922,60.5147,224705
2009-01-07,59.1937,60.4017,59.1937,59.7977,2769
2009-01-08,58.745,59.9563,57.5338,58.4422,56827
2009-01-09,58.3294,60.5614,57.139,59.0734,25559
2009-01-12,59.4544,61.1143,59.4544,60.2089,9509
2009-01-13,60.113,60.113,58.595,59.0504,32198
2009-01-14,59.4965,59.4965,56.0056,57.0681,215747
2009-01-15,57.1683,57.1683,55.9647,56.5665,7667
2009-01-16,56.9294,56.9294,56.3301,56.9294,303659
2009-01-19,58.3334,59.2449,55.1433,55.1433,69987
2009-01-20,57.3883,57.3883,54.4413,55.2168,48474
2009-01-21,55.1984,55.1984,51.7387,51.7387,76243
2009-01-22,53.1283,53.1283,52.6539,52.6539,1269
2009-01-23,53.3643,53.3643,52.2656,53.3643,31472
2009-01-26,54.5219,54.68,53.7318,54.68,16459
2009-01-27,53.9426,53.9426,50.6686,50.9804,70844
2009-01-28,49.9132,53.1684,49.6031,53.1684,58984
2009-01-29,51.4656,51.4656,51.3125,51.3125,4807
2009-01-30,49.0524,49.4997,47.7106,49.4997,27922
2009-02-02,48.382,49.1403,48.2303,48.382,27553
2009-02-03,49.25,49.25,47.8861,49.0984,11113
2009-02-04,46.3511,48.1338,46.3511,47.391,30275
2009-02-05,47.9886,48.4302,46.811,46.811,23475
2009-02-06,47.7002,47.7002,46.8223,46.8223,6123
2009-02-09,46.458,48.2222,46.458,47.4871,1047
2009-02-10,48.6876,48.6876,47.0498,47.3476,334
2009-02-11,47.642,47.642,43.2698,44.0237,176800
2009-02-12,45.1023,48.1091,44.8016,44.8016,54627
2009-02-13,45.0179,45.0179,44.1175,44.1175,9206
2009-02-16,43.709,43.709,42.2018,43.2569,27547
2009-02-17,40.8384,41.4303,40.8384,41.1343,13777
2009-02-18,41.4729,41.4729,40.1399,40.4361,225019
2009-02-19,40.7535,42.6871,40.7535,41.7946,41503
2009-02-20,41.3637,43.1364,40.1818,41.2159,138460
2009-02-23,41.672,41.8188,41.0851,41.0851,13125
2009-02-24,41.5222,44.4881,41.5222,44.1915,95696
2009-02-25,45.3221,45.3221,42.4801,42.6297,55419
2009-02-26,42.5877,42.5877,42.2899,42.2899,142
2009-02-27,41.2505,43.3429,41.2505,42.5956,12169
2009-03-02,42.2171,42.6695,41.9156,42.6695,25384
2009-03-03,43.2214,43.3715,41.7206,43.2214,47517
2009-03-04,43.6036,43.6036,42.8569,43.6036,4598
2009-03-05,42.6281,49.3353,42.33,49.3353,124617
2009-03-06,49.8222,54.024,43.6694,43.9696,165459
2009-03-09,44.0597,44.0597,43.4434,43.9056,11857
2009-03-10,45.1197,46.9739,45.1197,45.8923,12965
2009-03-11,44.1747,46.6634,44.1747,45.7301,6576
2009-03-12,44.3958,44.5202,44.3958,44.458,1561
2009-03-13,45.1921,47.0493,44.2635,44.2635,35221
2009-03-16,43.3298,45.1868,43.3298,44.5678,36886
2009-03-18,46.278,46.278,45.3335,45.3335,46
2009-03-19,44.361,47.0447,44.361,46.4133,33715
2009-03-20,45.4054,45.4054,43.8288,44.9324,8012
2009-03-23,45.8428,45.8428,44.9008,44.9008,2507
2009-03-24,44.3566,44.3566,43.7406,43.7406,10721
2009-03-25,43.5959,45.3086,42.506,44.063,28175
2009-03-30,43.5761,45.4436,43.5761,45.1323,25502
2009-03-31,45.6789,46.3004,42.8823,44.1252,69658
2009-04-01,45.0516,45.0516,42.583,44.4344,5684
2009-04-02,43.4491,47.1208,42.9901,47.1208,62050
2009-04-03,49.5825,56.2746,49.5825,50.0387,79998
2009-04-06,52.2781,53.3419,48.3268,50.1505,238102
2009-04-07,50.8607,50.8607,49.3514,50.106,11271
2009-04-08,50.9184,51.2215,50.1607,50.1607,15265
2009-04-09,50.6252,51.0786,50.4741,50.4741,42861
2009-04-14,50.4524,51.348,50.4524,51.0495,39804
2009-04-15,50.7508,50.7508,49.5705,50.1606,17452
2009-04-16,49.8519,49.8519,47.3296,48.6649,63881
2009-04-17,46.2591,46.4069,46.2591,46.4069,3061
2009-04-20,47.2525,48.1469,47.2525,48.1469,4592
2009-04-21,48.4524,49.4928,48.1552,49.4928,21245
2009-04-22,50.0055,50.0055,49.555,49.555,19900
2009-04-23,50.1724,50.1724,50.1724,50.1724,539
2009-04-24,50.7534,50.9044,50.6023,50.6023,27553
2009-04-28,48.6406,48.7902,48.6406,48.7902,416
2009-04-29,50.3411,53.657,50.3411,51.9991,126202
2009-04-30,54.4486,58.7985,53.5486,58.0485,83370
2009-05-01,58.6569,61.7993,58.6569,61.7993,258418
2009-05-05,61.9447,62.6874,58.5281,61.0534,203873
2009-05-06,62.2649,64.6369,61.9683,63.0061,109933
2009-05-07,65.2125,66.4091,64.3151,64.3151,112101
2009-05-08,65.3159,65.3159,62.6132,62.6132,79378
2009-05-11,63.0593,63.0593,58.8251,59.2788,219716
2009-05-12,60.8611,61.7605,59.6619,59.6619,49137
2009-05-13,58.7074,58.7074,58.7074,58.7074,84191
2009-05-14,59.4574,59.608,58.5543,58.5543,85072
2009-05-18,58.1289,58.1289,58.0106,58.0994,31
2009-05-19,57.1422,58.9095,57.1422,58.0258,116945
2009-05-20,59.093,61.1613,59.093,60.7181,77968
2009-05-21,62.0103,66.5656,60.9817,66.5656,86125
2009-05-22,67.3895,69.4585,65.6161,66.5028,50380
2009-05-26,65.9231,66.5117,61.2143,61.2143,207446
2009-05-27,61.7846,62.8046,59.7446,61.2017,301288
2009-05-28,63.1208,68.2466,62.0957,66.7821,153153
2009-05-29,68.6101,69.199,67.7267,68.0212,1187795
2009-06-01,68.2259,69.6714,66.4914,68.0814,93961
2009-06-02,69.5088,73.4187,68.7847,70.8121,163249
2009-06-03,71.4578,72.6197,70.8768,72.6197,46345
2009-06-04,73.7154,75.1838,73.7154,74.4496,26023
2009-06-05,76.3101,76.7503,75.2828,75.2828,19142
2009-06-08,73.0032,73.0032,65.8774,66.8953,75504
2009-06-09,67.1254,67.1254,67.1254,67.1254,42089
2009-06-10,67.2027,69.5002,67.2027,69.213,57968
2009-06-11,68.5792,69.7222,67.5791,69.7222,51946
2009-06-12,65.0392,66.3229,65.0392,66.3229,31288
2009-06-15,66.4749,66.4749,66.4749,66.4749,13777
2009-06-17,64.543,64.543,64.543,64.543,50516
2009-06-18,67.0523,67.0523,65.9061,66.7658,8929
2009-06-19,68.7963,74.9083,68.7963,73.6291,1589920
2009-06-22,75.5412,76.9611,73.8373,74.1213,56575
2009-06-23,71.7356,72.7439,70.2951,70.2951,61178
2009-06-24,71.3676,72.5094,69.3692,69.3692,22678
2009-06-25,69.2785,72.5707,68.1334,72.1412,284244
2009-06-26,75.4447,76.7307,71.3009,75.5875,86317
2009-06-29,76.0926,78.9425,75.9501,75.9501,82876
2009-06-30,74.8596,76.0025,74.2881,74.2881,71556
2009-07-01,75.0725,76.5106,74.7848,76.5106,41354
2009-07-02,74.6963,76.5637,72.398,72.398,147569
2009-07-03,72.4267,72.4267,67.1097,67.1097,21430
2009-07-06,65.4528,65.4528,65.4528,65.4528,4355
2009-07-07,65.8757,65.8757,65.0051,65.0051,11399
2009-07-08,63.181,63.181,60.8625,62.0217,90096
2009-07-09,59.5068,61.8177,59.5068,61.24,76756
2009-07-10,57.7273,58.8819,57.7273,58.8819,121694
2009-07-13,60.4324,60.4324,58.8344,58.8344,230
2009-07-14,55.1968,56.3468,55.1968,56.3468,109325
2009-07-15,56.8432,62.4556,56.8432,61.0165,172963
2009-07-16,62.2452,67.4323,62.2452,65.8474,38544
2009-07-17,65.8333,65.8333,64.9633,64.9633,76313
2009-07-20,66.0008,66.0008,59.6323,61.9481,65973
2009-07-21,64.38,64.38,64.09,64.09,13777
2009-07-22,63.8004,63.8004,62.6404,62.6404,69717
2009-07-23,63.6165,63.6165,61.8815,62.1707,3193
2009-07-24,61.3833,61.3833,58.9164,58.9164,20200
2009-07-27,59.5776,60.7344,59.2883,59.2883,29084
2009-07-28,60.0709,60.0709,60.0709,60.0709,1627
2009-07-29,59.7912,60.941,59.7912,60.941,37223
2009-07-30,62.6485,62.6485,59.9308,60.9321,23465
2009-07-31,61.6799,63.1143,60.8193,63.1143,75087
2009-08-03,63.4318,69.1464,63.4318,69.1464,60734
2009-08-04,65.7168,66.8597,65.7168,66.8597,15629
2009-08-05,67.137,67.137,65.9991,65.9991,10323
2009-08-06,66.547,67.1207,66.547,67.1207,13066
2009-08-07,64.5894,68.0189,64.5894,68.0189,62785
2009-08-10,68.9671,71.8407,68.9671,71.8407,134612
2009-08-11,74.7542,82.2297,74.7542,82.2297,200984
2009-08-12,81.8859,83.6159,80.7326,83.6159,21061
2009-08-13,85.8264,89.5831,80.1914,80.9138,48351
2009-08-14,81.4679,81.4679,78.0012,78.0012,68793
2009-08-17,78.1449,78.1449,71.7776,72.3564,109327
2009-08-18,69.9943,73.2864,69.9943,73.2864,103706
2009-08-19,74.1539,75.1658,74.0094,75.1658,79598
2009-08-20,77.6324,77.6324,75.315,77.0531,65194
2009-08-21,77.881,84.2742,76.1374,82.8212,302391
2009-08-24,86.0557,86.0557,84.8849,85.1776,38282
2009-08-25,87.4809,87.4809,83.9581,86.0131,23204
2009-08-26,87.7515,92.463,87.7515,89.5183,65500
2009-08-27,91.4823,91.4823,90.0068,90.0068,5760
2009-08-28,92.8245,95.7806,90.4595,93.7113,83119
2009-09-01,94.0392,94.6306,91.9691,91.9691,16919
2009-09-02,95.2251,95.2251,88.0244,91.2574,76716
2009-09-03,87.8362,90.1785,87.8362,90.1785,64573
2009-09-04,90.1169,92.892,90.1169,91.4314,13203
2009-09-07,93.3952,93.3952,91.0456,92.2204,6311
2009-09-08,94.0614,95.825,91.122,93.9144,22597
2009-09-09,95.8158,96.8492,91.5343,94.1918,102379
2009-09-10,90.849,94.3658,90.849,94.3658,5172
2009-09-11,94.4954,94.4954,94.4954,94.4954,681
2009-09-14,90.9885,90.9885,90.9885,90.9885,1358
2009-09-15,91.2017,91.2017,89.4135,90.7547,8411
2009-09-16,89.5716,89.8701,88.9744,89.8701,4638
2009-09-17,89.1307,89.1307,83.747,84.9433,26797
2009-09-18,86.7063,92.0118,85.0389,92.0118,30915
2009-09-21,85.6863,89.0287,85.6863,89.0287,3
2009-09-22,91.5288,91.5288,88.8011,88.8011,3061
2009-09-23,91.1981,91.651,90.5941,90.5941,7491
2009-09-24,93.344,94.5723,92.1158,92.1158,198356
2009-09-25,92.7283,93.3465,92.7283,93.3465,32756
2009-09-28,90.5462,94.5636,90.5462,94.5636,17648
2009-09-29,95.214,97.0509,94.9079,96.5917,6134
2009-09-30,98.4171,98.4171,95.0445,97.8039,23777
2009-10-01,93.4853,94.7074,91.6523,94.7074,16726
2009-10-02,91.8619,94.6363,90.0123,92.0161,31250
2009-10-05,93.8695,93.8695,88.3297,93.8695,1584
2009-10-06,94.7077,96.8813,91.292,95.0182,461167
2009-10-07,92.8547,95.3309,92.5452,95.3309,1342
2009-10-08,93.5222,95.2142,91.984,94.7527,7217
2009-10-09,93.2212,96.3286,92.9104,95.7071,46236
2009-10-12,94.0942,94.8809,94.0942,94.8809,2481
2009-10-13,94.141,94.141,94.141,94.141,67
2009-10-14,94.6336,95.2603,92.1268,94.7903,272709
2009-10-15,89.352,93.9737,89.0439,93.9737,129406
2009-10-16,91.5928,93.1193,91.5928,93.1193,47846
2009-10-19,92.9908,93.2967,92.9908,93.2967,10877
2009-10-20,90.8332,94.6433,90.8332,94.6433,95720
2009-10-21,93.8495,95.3632,92.9413,95.0605,113581
2009-10-22,95.0858,98.4275,95.0858,96.6047,171156
2009-10-23,97.1258,101.4425,97.1258,99.9008,63016
2009-10-26,99.3281,102.8537,99.3281,102.8537,32566
2009-10-27,101.6486,102.2572,97.6922,99.8225,62096
2009-10-28,96.6398,97.396,92.5565,92.859,54231
2009-10-29,91.4186,92.4693,90.9683,90.9683,15226
2009-10-30,91.285,92.9365,91.285,92.9365,69572
2009-11-02,94.0863,94.6934,92.1135,92.1135,27146
2009-11-03,93.1093,93.1093,90.5562,90.7065,23913
2009-11-04,90.0621,91.413,87.6605,88.411,79992
2009-11-05,90.2532,90.2532,87.8465,87.9969,65131
2009-11-06,89.9589,89.9589,88.1568,88.1568,335
2009-11-09,88.555,88.555,88.4347,88.5249,8419
2009-11-10,87.0578,88.859,85.2566,87.2079,13772
2009-11-11,89.7642,89.7642,84.9121,86.1251,3697
2009-11-12,86.9066,86.9066,83.889,84.6434,15874
2009-11-13,84.4635,85.6615,84.4635,85.362,402864
2009-11-16,85.6816,85.6816,82.2363,82.6857,122502
2009-11-17,82.9974,84.3313,81.6635,81.6635,126813
2009-11-18,82.0904,83.7383,82.0904,83.2889,52670
2009-11-19,83.8205,83.8205,81.5713,82.621,23338
2009-11-20,82.036,84.4488,82.036,83.0917,3593
2009-11-23,84.6801,84.6801,83.4704,83.4704,23393
2009-11-24,82.2505,84.6696,82.2505,83.46,29046
2009-11-25,82.7943,84.159,82.491,84.159,17245
2009-11-26,85.367,85.367,82.7755,82.7755,12681
2009-11-27,83.4873,84.0966,82.8779,83.6396,17533
2009-11-30,84.0908,84.858,84.0908,84.858,13786
2009-12-01,85.2678,88.1608,84.0496,85.7246,30081
2009-12-02,84.4004,89.4097,83.7932,89.4097,86759
2009-12-03,91.123,91.5809,89.5966,90.0545,37603
2009-12-04,89.7158,90.4709,89.1116,89.2626,19702
2009-12-07,89.6249,89.6249,89.4735,89.4735,2524
2009-12-08,89.7564,89.7564,89.1499,89.6047,38501
2009-12-09,87.6875,87.6875,81.1299,86.01,1102432
2009-12-10,85.6842,85.6842,84.4688,84.9246,115655
2009-12-11,84.1584,84.6117,83.4029,83.554,95243
2009-12-14,84.0309,84.6355,84.0309,84.3332,117591
2009-12-15,84.0747,84.5251,83.4741,83.7744,76532
2009-12-16,83.2186,83.2186,79.6392,80.0866,527751
2009-12-17,77.8937,80.4304,77.8937,79.5351,217281
2009-12-18,80.4128,81.3063,79.2215,81.1573,80831
2009-12-21,81.2768,83.6673,80.0815,82.7708,88714
2009-12-22,83.8898,84.1894,82.6913,83.74,130769
2009-12-23,84.2944,87.907,84.2944,86.4017,228650
2009-12-24,84.9608,84.9608,84.205,84.205,6409
2009-12-29,85.6696,86.5778,85.3669,86.1237,14514
2009-12-30,84.5009,86.2988,83.1525,83.3024,40246
2009-12-31,82.859,82.859,82.71,82.71,75410
2010-01-04,82.3326,85.3374,82.3326,82.9336,35610
2010-01-05,84.4658,87.0299,83.8625,84.0133,46865
2010-01-06,84.4751,86.5869,83.4191,85.531,109679
2010-01-07,85.0446,87.1557,84.2907,84.2907,9267
2010-01-08,84.3034,84.3034,83.7012,83.7012,17276
2010-01-11,84.4923,84.4923,84.1905,84.1905,20445
2010-01-12,84.3528,84.3528,83.2984,83.2984,15425
2010-01-13,81.9939,83.1909,80.1984,81.3954,139925
2010-01-14,80.9483,80.9483,80.0555,80.0555,145465
2010-01-15,80.9614,81.8511,80.0717,80.6648,131541
2010-01-18,80.0515,81.5284,80.0515,80.1991,20803
2010-01-19,80.7666,80.7666,77.8403,79.0108,92022
2010-01-20,77.9664,78.5482,77.3846,78.5482,69241
2010-01-21,77.6845,78.7048,76.3728,78.2675,282006
2010-01-22,77.6033,79.367,77.6032,77.7502,48817
2010-01-25,78.5254,78.5254,76.4744,77.0604,42137
2010-01-26,77.6823,77.6823,75.3459,76.6601,143810
2010-01-27,76.8056,76.8056,75.06,75.4964,32315
2010-01-28,76.6156,76.6156,75.3097,75.5999,74839
2010-01-29,78.2765,79.295,77.9855,78.131,89328
2010-02-01,77.97,80.6081,77.97,80.3149,92645
2010-02-02,81.4777,82.9431,79.133,80.4519,117966
2010-02-03,80.2701,80.8561,79.0983,80.1237,76358
2010-02-04,79.6672,81.4245,77.9098,79.0814,221669
2010-02-05,79.1475,80.9064,79.1475,79.2941,213818
2010-02-08,79.3393,80.8086,76.4008,77.4293,366073
2010-02-09,77.9485,78.8343,76.7674,77.9485,22176
2010-02-10,76.6441,77.8233,76.6441,77.5285,99657
2010-02-11,80.7078,81.2926,77.6374,77.6374,409229
2010-02-12,77.0585,77.9342,73.264,75.1612,431772
2010-02-15,77.2088,78.0828,74.5866,74.5866,62632
2010-02-16,75.0606,76.6732,74.4741,76.6732,227241
2010-02-17,75.1642,77.7862,75.1642,76.4752,38544
2010-02-18,77.1512,77.1512,75.3977,76.1284,198673
2010-02-19,76.7434,77.0375,76.4494,76.4494,6022
2010-02-22,76.07,76.5113,75.9228,76.2171,9983
2010-02-23,76.0267,76.616,75.4373,75.8793,36946
2010-02-24,75.6402,76.8221,75.3447,76.2312,204712
2010-02-25,77.3289,80.1544,77.3289,78.3699,23592
2010-02-26,78.9385,80.5924,78.1867,78.337,45976
2010-03-01,78.9892,80.1997,78.8379,79.2918,6175
2010-03-02,81.2176,81.2176,78.6271,79.5414,19984
2010-03-03,77.5816,80.3251,77.5816,79.1058,35385
2010-03-04,80.0533,81.2663,78.8404,80.9631,19142
2010-03-05,81.6266,81.6266,79.8128,81.022,97568
2010-03-08,80.8463,82.518,79.3267,79.3267,75302
2010-03-09,79.6635,80.1196,76.1668,79.2074,34803
2010-03-10,79.6099,79.6099,78.5382,79.1506,62600
2010-03-11,79.2839,79.8938,78.6741,79.7414,100827
2010-03-12,80.7305,83.7711,80.7305,83.315,57792
2010-03-15,83.4212,83.4212,81.2899,82.5078,28557
2010-03-16,83.2364,83.2364,81.5656,81.8694,3769
2010-03-17,77.5925,83.167,77.5925,82.2631,21689
2010-03-18,80.2107,81.7072,80.2107,80.6597,42343
2010-03-19,80.999,82.2079,79.0344,80.999,30379
2010-03-22,82.9827,82.9827,78.7658,80.4224,77879
2010-03-23,80.1437,80.8969,79.0891,80.1437,1379
2010-03-24,80.3204,80.4705,78.6689,79.4196,92486
2010-03-25,80.4495,80.5998,79.3968,80.5998,89150
2010-03-26,79.7655,83.686,79.6148,83.0828,155665
2010-03-29,82.6479,83.5527,78.8774,82.7986,34881
2010-03-30,81.0724,82.8607,81.0724,82.5627,40237
2010-03-31,83.4887,83.4887,81.9926,83.3391,24051
2010-04-01,83.2057,84.3943,83.2057,83.9486,27553
2010-04-06,85.9519,85.9519,82.1122,82.1122,32775
2010-04-07,83.4734,83.4734,82.0013,83.0318,28535
2010-04-08,82.287,83.4626,82.287,83.0218,21113
2010-04-09,83.4332,84.0207,83.4332,83.5801,16763
2010-04-12,83.4943,86.4603,83.4943,84.9773,55462
2010-04-13,85.2751,85.8673,83.6466,83.6466,69036
2010-04-14,84.2695,85.4522,83.3825,83.5303,32156
2010-04-15,83.3933,83.3933,82.2188,82.2188,157718
2010-04-16,83.535,83.535,80.0053,80.0053,86003
2010-04-19,80.3017,82.6634,77.3493,79.7112,122972
2010-04-20,78.829,79.8584,78.829,79.7114,19160
2010-04-21,79.3452,79.491,77.5949,77.7408,34440
2010-04-22,78.16,78.305,75.4048,75.9849,64322
2010-04-23,75.9021,76.0481,74.1505,74.7344,95440
2010-04-26,74.4239,75.1465,74.135,74.2795,54060
2010-04-27,75.1159,75.1159,74.2424,74.2424,49752
2010-04-28,74.5803,74.5803,72.8323,72.978,46516
2010-04-29,73.8768,76.2037,72.4226,75.622,125348
2010-04-30,76.3508,80.1392,76.3508,77.6621,522539
2010-05-04,76.6689,77.8262,76.3796,76.3796,32465
2010-05-05,75.2348,75.3775,72.8078,73.2362,122872
2010-05-06,73.474,73.7588,72.0501,72.4773,66269
2010-05-07,73.6978,73.6978,70.5186,70.8077,184108
2010-05-10,74.5749,75.7244,70.9826,74.1438,139588
2010-05-11,75.0051,75.0051,72.7149,73.4305,154980
2010-05-12,75.1522,76.011,75.1522,75.4385,81369
2010-05-13,76.8333,76.8333,74.1046,74.5354,234393
2010-05-14,74.0254,74.4549,72.7367,73.4526,257688
2010-05-17,73.8369,74.5538,72.8333,73.8369,59788
2010-05-18,74.031,74.7497,73.5998,74.3185,319078
2010-05-19,73.7423,74.0304,72.7341,72.7341,509786
2010-05-20,73.6212,73.7658,72.3194,72.6087,202460
2010-05-21,72.9381,74.6887,72.9381,74.6887,121914
2010-05-24,74.0629,74.0629,72.0456,72.3338,410673
2010-05-25,72.1931,72.1931,68.1824,70.0445,194326
2010-05-26,71.3441,74.755,70.4914,72.481,328152
2010-05-27,71.9226,72.7754,71.0697,71.9226,111550
2010-05-28,72.3876,73.2459,72.1015,73.2459,111981
2010-06-01,70.103,71.7855,69.5423,70.9443,206154
2010-06-02,70.236,71.9216,70.236,71.3597,117752
2010-06-03,72.806,72.806,71.4059,71.4059,87101
2010-06-04,71.2795,71.5568,69.6153,69.754,126496
2010-06-07,69.5782,71.2349,69.5782,70.6827,248093
2010-06-08,69.7364,72.2469,69.597,69.7364,170428
2010-06-09,69.8419,70.9506,69.5648,70.9506,33234
2010-06-10,69.2324,70.3401,68.6786,69.3708,887363
2010-06-11,71.2314,71.2314,70.8132,71.0919,13252
2010-06-14,69.631,71.5807,69.631,71.1629,88512
2010-06-15,70.2371,72.0488,70.2371,71.352,130199
2010-06-16,71.8475,71.8475,70.4551,70.7336,61905
2010-06-17,71.0449,73.9876,70.6245,71.0449,87742
2010-06-18,70.7271,71.8498,70.7271,71.8498,127445
2010-06-21,70.066,72.3081,70.066,70.066,39097
2010-06-22,70.0513,71.3048,70.0513,70.7477,3009
2010-06-23,69.0367,71.3792,68.8988,69.7256,29542
2010-06-24,69.0006,70.6567,69.0006,70.3807,17458
2010-06-25,70.8919,70.8919,69.5154,69.9283,72759
2010-06-28,70.0986,71.6047,70.0986,71.6047,285166
2010-06-29,70.2729,70.2729,69.7303,70.2729,1042053
2010-06-30,71.9602,71.9602,69.4883,70.0376,68289
2010-07-01,69.937,71.0427,69.937,70.0752,4840
2010-07-02,70.4172,71.8088,69.0255,70.1389,85395
2010-07-05,70.6727,71.2292,70.5336,70.5336,35469
2010-07-06,71.369,71.6477,70.8114,71.5084,105734
2010-07-07,70.807,71.3645,69.6919,70.11,139433
2010-07-08,72.3944,73.2362,72.3944,72.3944,20523
2010-07-09,72.3676,72.3676,71.2456,72.3676,126142
2010-07-12,72.2524,73.9327,72.2524,73.2605,252402
2010-07-13,70.3255,75.6489,70.3255,74.3601,78965
2010-07-14,74.6316,75.5267,74.4078,74.9673,38953
2010-07-15,74.8957,75.9086,73.4327,74.7269,39368
2010-07-16,74.7548,76.4537,74.7548,74.868,28143
2010-07-19,75.8965,76.5256,74.8098,75.2101,101280
2010-07-20,74.6404,75.4344,73.4493,74.8673,62068
2010-07-21,75.0215,75.3041,73.7778,75.3041,23961
2010-07-22,74.8019,75.5964,74.1208,75.5964,52815
2010-07-23,75.373,75.373,73.698,73.9772,66550
2010-07-26,75.7227,75.7227,73.8156,74.3204,69578
2010-07-27,74.9947,75.2187,74.4906,74.4906,117679
2010-07-28,75.4123,75.4682,75.1328,75.4682,12858
2010-07-29,75.243,75.8053,74.7931,74.7931,49916
2010-07-30,75.3482,75.3482,73.7296,74.1761,2296
2010-08-02,74.6865,75.1317,73.7404,73.7404,7446
2010-08-03,75.0144,75.6261,75.0144,75.4593,20063
2010-08-04,73.9295,75.5403,73.874,74.8182,25038
2010-08-05,75.8189,76.3764,75.7632,76.2092,23921
2010-08-06,75.3687,76.4853,75.3129,75.6479,43439
2010-08-09,75.5697,75.5697,73.5649,74.3446,15551
2010-08-10,75.3148,75.3148,74.199,74.199,53083
2010-08-11,74.0506,74.0506,70.7348,71.0111,5953
2010-08-12,73.5551,73.5551,70.7898,71.5641,36579
2010-08-13,71.3598,71.4148,69.2174,70.9753,17060
2010-08-16,69.6118,71.4813,69.3918,70.0516,40641
2010-08-17,69.8865,70.8841,69.2768,69.2768,24460
2010-08-18,69.0755,69.0755,68.0247,68.0247,29666
2010-08-19,67.4214,67.4214,66.2618,66.814,85819
2010-08-20,65.9137,66.243,65.8588,66.243,13253
2010-08-23,65.8284,67.9095,65.7188,67.3618,56783
2010-08-24,67.4569,68.393,66.1903,66.1903,58035
2010-08-25,66.835,66.835,65.9014,65.9014,6111
2010-08-26,66.3178,66.4275,65.6596,65.6596,19592
2010-08-27,67.2278,67.2278,66.7315,66.7315,30070
2010-08-31,66.5802,67.135,64.7492,64.7492,20875
2010-09-01,66.0383,66.2052,65.7601,65.8158,15033
2010-09-02,66.5025,66.5025,65.4407,65.9436,18422
2010-09-03,66.1818,66.1818,63.5547,63.5547,110934
2010-09-06,64.4786,64.4786,62.7966,63.4694,22820
2010-09-07,61.9269,63.0427,59.4164,63.0427,161435
2010-09-08,61.8503,62.6786,61.3532,62.4025,67910
2010-09-09,62.4085,65.17,62.4085,64.7281,40762
2010-09-10,62.1635,66.1042,62.1635,64.9387,103544
2010-09-13,65.5141,65.5141,64.8987,65.2903,34875
2010-09-14,64.883,65.2762,63.0292,63.0292,29647
2010-09-15,62.6203,65.4158,62.6203,65.2481,630566
2010-09-16,65.2026,65.4836,65.2026,65.4836,13598
2010-09-17,64.3807,66.62,64.3807,64.9405,308624
2010-09-20,66.7341,66.7904,66.6214,66.6214,15684
2010-09-21,65.7626,67.4634,65.7626,67.4634,49634
2010-09-22,68.9368,69.5112,66.6388,66.6388,79975
2010-09-23,66.076,66.076,65.1654,65.1654,18947
2010-09-24,65.979,66.3221,64.4925,65.1786,171784
2010-09-27,64.8373,64.8944,64.8373,64.8944,10317
2010-09-28,66.8771,67.3371,66.417,66.647,335783
2010-09-29,67.2241,69.4187,66.7043,69.3032,214147
2010-09-30,70.2753,70.624,68.0083,68.0083,211279
2010-10-01,68.9516,69.4183,68.9516,69.3017,34203
2010-10-04,68.9614,70.7,68.9614,70.3523,23930
2010-10-05,70.5066,71.2648,70.5066,71.2648,54729
2010-10-06,71.549,71.549,70.9625,71.2557,17219
2010-10-07,71.0516,71.0516,69.8196,69.8196,42138
2010-10-08,70.4078,70.9359,69.9385,69.9385,20944
2010-10-11,70.8577,70.9749,69.7442,69.7442,34177
2010-10-12,69.5618,70.5614,66.6217,69.0914,55500
2010-10-13,70.9111,70.9111,69.9057,69.9057,383
2010-10-14,69.6881,70.2782,69.6881,69.7471,24614
2010-10-15,69.3943,70.3923,66.224,66.635,71887
2010-10-18,68.0152,68.0152,67.1901,67.1901,21865
2010-10-19,67.4233,67.4233,67.0114,67.0114,8572
2010-10-20,66.7357,66.7357,65.0215,65.5535,89234
2010-10-21,69.0566,69.0566,67.3287,68.2225,34797
2010-10-22,67.4919,67.9689,67.1938,67.7304,25853
2010-10-25,67.4038,67.5231,66.7477,67.5231,22825
2010-10-26,66.0319,66.0319,65.3282,65.3282,99478
2010-10-27,66.1955,66.1955,64.4381,64.4381,31862
2010-10-28,64.3599,64.8865,63.1898,63.8919,39596
2010-10-29,63.6348,63.6348,62.9932,63.1099,36736
2010-11-01,63.8793,63.8793,61.5564,62.7178,169734
2010-11-02,62.8934,66.185,62.8934,64.1866,42905
2010-11-03,65.4376,65.4961,63.7417,64.0341,41194
2010-11-04,65.1235,65.7096,63.8925,64.7718,66990
2010-11-05,63.9506,65.0542,63.8926,63.8926,48085
2010-11-08,61.4206,62.114,60.0917,62.114,28242
2010-11-09,60.8198,64.1214,60.8198,64.1214,49068
2010-11-10,63.0843,63.6005,62.2241,62.2241,23111
2010-11-11,59.051,61.89,59.051,60.7544,17775
2010-11-12,59.1972,63.6939,59.1972,61.5878,52065
2010-11-15,62.4421,62.4421,61.7041,61.8744,15306
2010-11-16,61.0411,61.0411,59.155,59.155,34559
2010-11-17,65.6279,77.3268,65.6279,77.1556,2647292
2010-11-18,77.0421,77.6128,74.1316,75.33,194715
2010-11-19,76.0768,76.0768,74.6977,75.1,193101
2010-11-22,75.0803,75.0803,74.164,74.164,141345
2010-11-23,72.1087,73.812,71.5409,73.1306,3183228
2010-11-24,72.8843,74.0231,72.3149,73.5107,1940862
2010-11-25,73.152,75.7138,73.152,75.7138,2382520
2010-11-26,74.5711,76.2749,74.2304,76.2749,446815
2010-11-29,74.635,77.5752,74.635,76.7836,600486
2010-11-30,76.2713,79.6362,75.9909,79.6362,318622
2010-12-01,79.93,79.93,77.9598,79.93,269855
2010-12-02,79.8201,82.9447,79.8201,82.3766,231817
2010-12-03,83.6818,83.6818,82.2537,83.6818,175989
2010-12-06,83.5431,83.5431,77.6894,81.554,1301789
2010-12-07,80.8919,80.8919,78.1181,78.571,153447
2010-12-08,78.6359,78.6359,76.8935,77.568,298587
2010-12-09,76.4498,77.0682,75.9439,76.7309,323413
2010-12-10,77.2857,77.6227,76.6678,77.6227,160899
2010-12-13,77.3127,78.7287,76.5197,76.8596,277348
2010-12-14,76.7937,76.7937,75.0872,76.2249,87892
2010-12-15,75.5689,77.1147,75.5689,77.1147,80976
2010-12-16,77.2166,77.2166,75.5133,75.7972,253348
2010-12-17,75.3437,76.9978,75.2867,76.9978,69881
2010-12-20,76.5619,76.5619,75.1441,75.1441,141661
2010-12-21,76.2945,76.4084,76.1237,76.1237,467861
2010-12-22,73.0534,74.6514,70.7135,71.3412,630827
2010-12-23,68.3551,74.2743,68.3551,70.461,240992
2010-12-24,73.5618,73.5618,73.4478,73.5047,1082
2010-12-29,74.2264,74.2836,73.7693,74.1121,16786
2010-12-30,75.154,75.2119,73.4749,74.6908,30212
2010-12-31,74.1047,74.1622,73.1848,73.1848,69024
2011-01-04,72.1896,77.3461,72.1896,77.3461,83418
2011-01-05,77.164,77.2781,76.8789,76.9929,170488
2011-01-06,75.7105,77.123,75.5975,75.5975,455432
2011-01-07,74.4561,75.3512,74.4002,75.3512,69232
2011-01-10,74.721,74.721,74.1633,74.721,23439
2011-01-11,74.6882,74.6882,74.1309,74.6882,207700
2011-01-12,74.2498,74.7522,74.2498,74.4172,27761
2011-01-13,72.4011,75.2791,72.4011,74.4891,67657
2011-01-14,74.9674,74.9674,73.8948,73.9513,28686
2011-01-17,72.2983,72.2983,71.7378,72.0741,18693
2011-01-18,70.8689,72.4987,70.4193,71.4871,687623
2011-01-19,72.496,73.6287,72.496,73.4588,23133
2011-01-20,72.1864,73.2654,72.0159,72.1295,514115
2011-01-21,71.2457,72.3287,66.686,68.5099,1045588
2011-01-24,66.1626,67.8826,64.7866,65.1879,1835408
2011-01-25,65.5099,67.2491,64.9301,66.5534,177336
2011-01-26,64.7727,66.4499,64.7727,65.4667,151831
2011-01-27,65.8336,66.1804,65.2556,65.7758,88109
2011-01-28,66.063,66.063,64.6205,64.909,34270
2011-01-31,65.6976,65.6976,63.1708,63.5153,252589
2011-02-01,60.3193,65.8758,60.3193,65.8758,63564
2011-02-02,65.8696,71.5352,65.8696,68.216,118487
2011-02-03,67.9733,68.5964,67.9167,67.9167,13161
2011-02-04,68.8049,68.8049,68.0121,68.0688,9376
2011-02-07,68.7985,69.0805,67.5579,69.0805,38155
2011-02-08,68.9573,68.9573,68.2735,68.3874,23393
2011-02-09,68.3126,68.3126,67.3423,67.913,34154
2011-02-10,67.9886,67.9886,65.3212,66.2293,23322
2011-02-11,66.7093,67.8458,66.4252,67.6185,25136
2011-02-14,67.6442,67.6442,65.4986,65.4986,15370
2011-02-15,66.7638,67.6614,66.7638,67.6614,2305
2011-02-16,68.9751,68.9751,68.4097,68.9751,429094
2011-02-17,67.0134,67.9666,67.0078,67.9666,12433
2011-02-18,67.1744,68.2187,67.1744,68.2187,4491
2011-02-21,67.574,68.5919,67.574,67.9981,1222
2011-02-22,68.26,68.26,67.0107,67.2094,42822
2011-02-23,67.6101,67.6101,65.9611,66.1032,12402
2011-02-24,66.6105,67.7589,65.462,67.7589,20008
2011-02-28,65.806,67.0024,65.5781,66.6606,26217
2011-03-01,67.1315,67.9848,66.1643,67.1315,34431
2011-03-02,67.2601,67.3172,65.8909,66.3473,10057
2011-03-03,67.2181,67.2181,66.2414,66.385,18992
2011-03-04,67.5197,67.8082,67.2311,67.5197,54993
2011-03-07,66.8565,67.7835,66.7986,67.4938,35184
2011-03-08,69.2005,69.2005,66.3725,66.3725,42172
2011-03-09,66.9968,68.5522,66.9968,68.5522,24054
2011-03-10,67.9726,67.9726,66.9917,67.2225,19682
2011-03-11,67.3743,69.5776,67.3163,69.5776,22177
2011-03-14,66.0631,70.2934,66.0631,70.2934,25398
2011-03-15,69.4238,69.4238,67.7903,67.9653,13809
2011-03-16,68.286,68.286,67.3538,67.3538,4592
2011-03-17,69.9289,69.9289,66.549,67.598,51542
2011-03-18,68.5169,68.5755,67.4033,68.1652,16033
2011-03-21,68.5312,68.9989,67.8295,68.9989,14692
2011-03-22,67.731,68.4874,66.5091,66.5091,38467
2011-03-23,68.1291,68.2458,67.0209,68.2458,55215
2011-03-24,67.7973,69.5659,67.7973,69.5659,143058
2011-03-25,70.7946,70.7946,69.0246,69.6147,33336
2011-03-28,69.1574,69.2756,68.8618,69.1574,37310
2011-03-29,69.7285,70.024,69.433,69.7285,680389
2011-03-30,69.7715,69.7715,69.1827,69.7715,470160
2011-03-31,70.09,70.6839,70.09,70.09,142787
2011-04-01,71.0452,71.6373,70.9861,71.6373,11507
2011-04-04,70.4086,71.0003,70.4086,71.0003,20967
2011-04-05,69.3942,70.3312,69.3942,70.2727,9754
2011-04-06,71.9694,71.9694,69.9047,70.4947,153760
2011-04-07,70.5368,70.6543,69.6551,69.6551,8685
2011-04-08,70.521,70.521,70.048,70.048,23224
2011-04-11,70.0027,70.4753,69.7073,69.7073,89274
2011-04-12,70.681,71.3985,70.2624,70.2624,19900
2011-04-13,69.4764,69.4764,67.5648,67.5648,18058
2011-04-14,67.0657,68.3109,67.0657,67.5993,65999
2011-04-15,67.5775,68.2301,66.5095,67.6368,202687
2011-04-18,66.4833,66.4833,66.4833,66.4833,2296
2011-04-19,66.5716,66.5716,65.983,66.2184,16373
2011-04-20,67.0521,67.0521,65.8653,66.4291,820670
2011-04-21,65.4871,67.198,65.4871,66.608,48667
2011-04-26,65.7389,67.6478,65.7389,65.7389,36390
2011-04-27,66.7192,67.4922,66.0056,66.0056,222037
2011-04-28,66.3735,66.971,65.7164,65.7164,69220
2011-05-03,67.0305,67.5136,67.0305,67.3325,131463
2011-05-04,66.8195,67.3024,66.6988,66.6988,91306
2011-05-05,65.6967,65.6967,62.4716,64.5023,97839
2011-05-06,62.1087,62.5235,62.1087,62.5235,12338
2011-05-09,64.885,65.1199,63.1234,64.5914,8203
2011-05-10,63.6356,65.9924,63.6356,65.4032,137757
2011-05-11,64.982,66.1476,64.982,65.2734,538668
2011-05-12,65.8663,65.8663,65.2808,65.5736,216434
2011-05-13,66.0935,68.7984,65.5643,68.7984,69496
2011-05-16,69.4875,70.017,69.4287,69.4287,58629
2011-05-17,70.3589,70.4761,69.1862,69.5966,411013
2011-05-18,71.6525,71.6525,70.1721,70.1721,285082
2011-05-19,70.1515,70.1515,69.2642,69.2642,109033
2011-05-20,69.1855,69.5373,69.0096,69.0096,84021
2011-05-23,70.0337,71.2009,70.0337,70.8507,393962
2011-05-24,70.2358,70.2358,68.3059,68.3059,11023
2011-05-25,66.1483,66.1483,65.5101,65.5681,98860
2011-05-26,65.39,65.6794,65.0428,65.0428,11767
2011-05-27,65.7245,66.2475,65.6664,65.8408,62880
2011-05-31,66.2773,66.7461,65.3397,66.5117,24210
2011-06-01,64.9094,66.0306,64.9094,65.3225,47914
2011-06-02,65.779,66.6687,65.779,66.6687,160356
2011-06-03,65.9987,66.2973,65.939,66.2973,20440
2011-06-06,65.9231,66.5224,65.9231,65.9231,11194
2011-06-07,66.0467,66.4658,65.5077,65.5077,44358
2011-06-08,65.7846,66.2037,65.2459,65.2459,22185
2011-06-09,64.8131,64.8726,64.4563,64.6644,191716
2011-06-10,64.1176,65.1268,64.1176,64.6519,30143
2011-06-13,65.3001,65.3001,63.8805,64.7382,1026
2011-06-14,64.3695,65.0215,63.836,63.836,349106
2011-06-15,63.9419,63.9419,62.2313,62.5262,118245
2011-06-16,62.1474,62.7948,60.9115,62.7359,144996
2011-06-17,62.3531,65.3223,62.175,65.3223,62205
2011-06-20,62.9599,63.3153,61.0054,62.4861,53063
2011-06-21,62.2651,62.6814,61.5514,61.5514,40519
2011-06-22,62.4192,62.4192,60.9188,60.9188,70391
2011-06-23,60.475,62.376,59.4057,59.8809,140779
2011-06-24,61.6624,61.8409,61.0077,61.3053,265906
2011-06-27,61.3131,62.3909,61.3131,61.6723,44306
2011-06-28,64.4932,64.4932,62.2049,62.6265,26800
2011-06-29,62.445,62.5656,59.6724,59.6724,92143
2011-06-30,60.8938,60.9544,58.5308,58.5308,391163
2011-07-01,59.3449,60.2533,59.3449,60.2533,82179
2011-07-04,60.4258,61.0319,60.3652,60.3652,16016
2011-07-05,60.6997,62.0861,60.6997,62.0861,41388
2011-07-06,60.0783,62.962,60.0783,61.5802,57576
2011-07-07,62.2454,62.3058,61.5217,62.2153,37205
2011-07-08,61.0909,61.0909,58.7069,59.0049,39666
2011-07-11,57.956,58.0151,57.0107,57.0107,29624
2011-07-12,48.8957,53.0834,46.0056,51.6088,274244
2011-07-13,53.0501,59.3712,53.0501,59.3712,363374
2011-07-14,57.7387,58.8581,57.2085,57.4441,101620
2011-07-15,55.8499,56.6729,55.8499,55.8499,100262
2011-07-18,55.2816,56.2215,55.2228,55.6928,25240
2011-07-19,56.4263,57.4865,56.3085,57.3393,63893
2011-07-20,57.7805,58.3117,56.7182,57.8396,133614
2011-07-21,58.5948,58.5948,57.8845,58.0029,165764
2011-07-22,58.4982,59.9755,58.4392,59.3846,55648
2011-07-25,59.014,59.014,58.4823,58.4823,13166
2011-07-26,58.4132,59.3028,58.1167,58.1167,48171
2011-07-27,57.1718,57.1718,55.5181,55.6953,52093
2011-07-28,55.3991,55.8103,54.0479,54.8997,82770
2011-07-29,53.6838,55.622,53.6838,55.3577,48832
2011-08-01,53.62,55.0851,53.327,53.913,43471
2011-08-02,53.8534,55.6094,53.5021,54.4387,86895
2011-08-03,53.9329,54.9262,53.407,54.4588,93519
2011-08-04,54.1152,54.2898,52.9398,52.9515,188907
2011-08-05,50.564,52.3075,48.8785,52.017,84561
2011-08-08,50.4808,50.5392,48.8467,49.4887,41217
2011-08-09,54.8051,59.2488,41.9185,44.4366,156224
2011-08-10,45.7851,48.2339,43.8557,45.2656,246725
2011-08-11,44.5797,46.8087,43.911,45.2856,48802
2011-08-12,44.3376,44.3376,43.1572,43.1572,211013
2011-08-15,44.5533,44.6277,43.1401,44.6277,51974
2011-08-16,44.4323,44.4323,41.248,41.4702,289795
2011-08-17,40.3112,41.4903,38.7636,40.5323,1211744
2011-08-18,40.9819,41.1288,38.9255,39.6599,752546
2011-08-19,40.4183,40.4183,39.3894,40.4183,214086
2011-08-22,41.7428,42.6293,41.1517,42.4816,402069
2011-08-23,43.0363,44.2153,42.5941,43.4784,699661
2011-08-24,44.0791,45.7117,43.5597,45.2665,175512
2011-08-25,45.6065,46.9478,44.6377,44.7122,189024
2011-08-26,45.52,45.8189,44.4735,44.8473,77965
2011-08-30,45.614,47.7861,44.1909,44.1909,239513
2011-08-31,44.8115,45.1102,44.0646,45.1102,1001066
2011-09-01,44.69,45.4348,44.69,45.4348,57022
2011-09-02,45.3218,45.3959,44.4332,44.7294,240547
2011-09-05,45.7461,45.8201,43.7475,44.0436,46613
2011-09-06,44.591,45.9243,43.554,44.4428,152356
2011-09-07,44.089,45.5016,43.9403,44.9812,108812
2011-09-08,44.7504,44.824,42.6895,44.1615,143874
2011-09-09,43.7184,43.7184,42.9897,42.9897,103245
2011-09-12,42.5542,42.5542,41.4631,41.4631,63361
2011-09-13,42.8009,43.1667,41.1913,43.1667,42463
2011-09-14,42.2629,42.5564,41.8227,42.1896,229044
2011-09-15,42.7757,42.7757,41.6656,42.1836,94252
2011-09-16,42.3848,44.2276,42.3848,44.2276,220382
2011-09-19,42.2655,44.5442,42.2655,43.0741,149600
2011-09-20,43.3761,44.7017,43.3761,44.5544,375467
2011-09-21,45.0466,45.0466,44.4539,44.8243,55220
2011-09-22,44.4796,44.4796,44.0348,44.1089,92724
2011-09-23,43.6361,44.0059,43.4882,44.0059,25802
2011-09-26,43.0332,43.9846,42.3745,43.9846,56424
2011-09-27,44.0126,45.4797,43.9393,45.4797,78484
2011-09-28,44.3988,46.894,44.3988,46.894,243294
2011-09-29,47.0547,48.084,46.1724,48.084,145483
2011-09-30,46.2655,47.6477,46.2655,47.2839,45152
2011-10-03,44.9121,45.2019,44.1877,44.1877,31910
2011-10-04,44.7658,46.5855,42.2182,42.2182,55262
2011-10-05,43.7265,44.1637,42.3418,43.7629,59191
2011-10-06,42.7601,44.1584,42.6865,43.7904,107452
2011-10-07,41.9569,42.3217,41.3731,41.9569,131260
2011-10-10,41.9495,42.6854,41.2135,41.5815,80039
2011-10-11,42.7711,42.7711,41.2962,41.2962,43165
2011-10-12,42.1059,43.5094,41.6627,42.1059,333430
2011-10-13,42.6867,44.1586,42.6867,43.9746,27345
2011-10-14,44.9179,45.2144,44.4732,45.2144,315575
2011-10-17,44.9462,44.9462,44.2094,44.5778,57793
2011-10-18,45.4473,45.4473,43.8216,44.1541,96155
2011-10-19,44.1802,44.1802,43.4439,43.8121,27418
2011-10-20,44.2569,44.2569,43.8881,43.8881,13963
2011-10-21,44.1596,44.5276,43.7916,44.086,98749
2011-10-24,44.3178,45.6407,44.1708,45.5672,415931
2011-10-25,47.4302,60.0048,47.4302,52.9454,315721
2011-10-26,51.3481,54.2823,51.0547,51.0547,73237
2011-10-27,54.2984,55.7861,53.5546,54.6703,89428
2011-10-28,54.5113,54.5113,53.7697,53.7697,82714
2011-10-31,52.9147,53.5716,52.5498,53.2796,90891
2011-11-01,52.16,52.16,51.0733,51.0733,116126
2011-11-02,52.1812,52.4001,51.7433,52.1082,79418
2011-11-03,51.6454,53.1002,51.6454,52.5547,57443
2011-11-04,52.9365,58.0126,52.3563,56.5622,675686
2011-11-07,55.8562,57.2327,55.0593,56.7618,48719
2011-11-08,54.4387,56.5408,54.4387,56.1784,57777
2011-11-09,55.394,55.394,52.4444,52.948,52496
2011-11-10,53.6881,55.2777,53.6881,54.9164,10896
2011-11-11,55.5542,55.6264,54.1113,55.0131,51649
2011-11-14,53.5865,56.7727,53.5865,56.7727,86839
2011-11-15,55.5975,57.6914,55.5975,55.9585,413060
2011-11-16,55.8732,55.8732,55.3666,55.7284,934883
2011-11-17,55.2941,55.2941,54.7881,54.7881,3604
2011-11-18,55.0486,55.5549,53.8188,53.8912,42723
2011-11-21,56.7812,57.2908,52.4134,52.7774,178235
2011-11-22,53.8323,55.2892,52.4483,53.286,47328
2011-11-23,53.0571,53.5659,51.2401,51.2401,70766
2011-11-24,51.5956,51.5956,50.7973,50.7973,42783
2011-11-25,52.7642,52.7642,50.5928,51.0271,35111
2011-11-28,52.3019,53.6802,51.5039,51.8666,35387
2011-11-29,52.3033,52.7362,51.9426,51.9426,91533
2011-11-30,52.0486,53.4944,52.0486,52.4101,71293
2011-12-01,52.958,53.3933,51.5071,51.5071,87040
2011-12-02,52.3386,53.3549,51.9031,51.9031,50133
2011-12-05,47.5054,47.8675,43.45,45.695,361984
2011-12-06,46.3698,48.1087,45.6453,45.6453,410576
2011-12-07,46.5393,46.5393,44.0139,44.3747,464915
2011-12-08,43.9496,45.3162,43.1583,44.9566,208479
2011-12-09,45.5258,46.3207,44.8031,45.5258,380165
2011-12-12,45.7357,45.7357,44.3065,44.3065,133331
2011-12-13,45.1726,45.9552,44.8169,45.1015,246114
2011-12-14,43.3639,44.6414,43.2929,43.6478,63405
2011-12-15,43.6929,43.9766,43.6219,43.6219,48511
2011-12-16,43.718,45.0665,43.718,45.0665,6547
2011-12-19,45.1671,45.4857,44.7423,45.4857,1981
2011-12-20,44.4523,44.8051,43.6761,44.0995,219227
2011-12-21,44.3223,44.674,43.6187,43.8298,127128
2011-12-22,44.3223,44.3223,42.9152,43.8298,121578
2011-12-23,43.867,44.3599,43.7966,44.1135,1080
2011-12-28,43.4026,46.6542,43.4026,44.5336,28574
2011-12-29,46.7747,46.7747,43.9399,44.2234,271154
2011-12-30,45.0115,46.493,43.7416,43.7416,70180
2012-01-03,45.1283,45.1283,43.436,44.4232,95170
2012-01-04,45.0526,45.0526,44.0049,44.0049,67962
2012-01-05,44.6737,44.6737,43.5569,44.6039,277845
2012-01-06,45.9992,45.9992,43.4205,44.7796,70048
2012-01-09,43.8813,44.2196,43.533,43.533,36845
2012-01-10,43.9043,45.2283,43.9043,44.183,183111
2012-01-11,44.661,44.661,43.6143,44.3121,82375
2012-01-12,44.4503,45.8432,43.7448,43.7448,122197
2012-01-13,43.745,43.752,43.395,43.395,773542
2012-01-16,43.2952,43.9935,42.946,43.1206,74762
2012-01-17,43.439,43.8594,42.0377,43.6492,718711
2012-01-18,44.2624,44.2624,43.9111,44.0867,30504
2012-01-19,42.2996,46.5225,42.2996,46.4521,499380
2012-01-20,49.4097,49.4097,44.3421,44.3421,90470
2012-01-23,45.3978,47.7205,45.1022,47.7205,1139625
2012-01-24,48.1428,48.9874,46.4536,48.1428,3371025
2012-01-25,48.354,48.7763,48.1428,48.7763,429142
2012-01-26,48.354,49.832,48.1428,49.4097,724357
2012-01-27,50.6767,50.6767,48.9874,50.0432,1676806
2012-01-30,50.4655,51.9436,49.6209,51.9436,2180623
2012-01-31,51.5213,53.2105,51.5213,52.7882,2791854
2012-02-01,52.7882,54.0551,52.1821,54.0551,1222121
2012-02-02,54.0551,55.5332,52.7882,54.6886,3245760
2012-02-03,53.2105,58.4893,53.2105,55.322,957045
2012-02-06,55.322,55.5332,54.4774,54.8997,8036791
2012-02-07,55.7443,56.1666,54.2663,56.1666,10873049
2012-02-08,56.5889,57.4335,55.9386,57.2224,1588163
2012-02-09,57.4335,62.062,57.4167,58.7005,5275397
2012-02-10,58.2782,59.1228,57.4335,58.2782,2555747
2012-02-13,59.1228,59.1228,57.4335,57.4335,1944050
2012-02-14,57.4335,57.8559,55.322,56.1666,2344162
2012-02-15,56.5889,56.9943,55.7443,56.5889,1312400
2012-02-16,56.8001,58.2782,55.9555,58.2782,1584701
2012-02-17,59.1228,59.5451,57.4335,57.8559,343158
2012-02-20,58.9116,59.3339,57.8559,59.3339,616765
2012-02-21,59.1228,59.1228,58.4893,59.1228,291395
2012-02-22,57.0112,59.7562,57.0112,59.7562,386953
2012-02-23,59.5451,59.9505,58.2782,58.4893,500942
2012-02-24,59.1228,59.1228,58.2782,58.4893,349091
2012-02-27,58.2782,58.7005,57.6945,58.4893,417733
2012-02-28,57.0112,58.9116,57.0112,58.7005,250314
2012-02-29,58.2782,60.3897,58.2782,59.1228,3282508
2012-03-01,59.1228,61.8678,59.1228,61.8678,983276
2012-03-02,61.6566,62.0789,61.6566,61.8678,545558
2012-03-05,62.5012,62.5012,60.812,62.2901,1343765
2012-03-06,62.5012,62.5012,59.9674,60.812,1041342
2012-03-07,60.812,62.0789,60.812,61.9733,130474
2012-03-08,61.8678,64.6127,61.8678,64.6127,2142434
2012-03-09,65.035,67.3577,63.557,67.3577,1854320
2012-03-12,67.3577,69.0469,65.4573,67.5689,4426377
2012-03-13,66.7243,69.2581,66.7243,68.8358,3712169
2012-03-14,67.9912,69.2581,67.1466,69.0469,3231758
2012-03-15,69.2581,69.2581,67.5604,69.2581,6781752
2012-03-16,69.2581,71.3696,68.6246,70.9473,33915055
2012-03-19,70.525,70.525,67.9912,68.8358,3207185
2012-03-20,68.4135,70.8375,66.1077,68.4135,829240
2012-03-21,67.9912,68.2657,65.8797,67.1466,1243341
2012-03-22,66.7243,67.1466,64.4227,65.035,1513672
2012-03-23,64.8239,65.413,63.557,64.4016,1361494
2012-03-26,64.6127,64.6127,61.2512,62.7124,1206861
2012-03-27,62.2901,63.3458,62.2901,63.3458,1248193
2012-03-28,62.5012,64.1904,62.5012,64.1904,3976309
2012-03-29,64.6127,65.0182,63.7681,64.1904,260750
2012-03-30,64.8239,64.8239,63.6583,64.4016,733284
2012-04-02,64.6127,64.6127,63.7681,63.9793,144087
2012-04-03,63.7681,64.6127,63.5739,63.7681,1474397
2012-04-04,62.7124,63.7681,61.8678,61.8678,693772
2012-04-05,61.2343,63.3458,60.812,60.812,479154
2012-04-10,60.812,62.2901,59.9843,61.6566,4025906
2012-04-11,62.0789,62.0789,60.812,61.6566,212519
2012-04-12,61.2343,62.0789,61.2343,62.0789,221940
2012-04-13,61.6566,62.0789,61.6566,61.6566,227577
2012-04-16,62.0789,62.0789,61.2343,61.8678,1828621
2012-04-17,61.6566,63.3458,61.6566,62.5012,1615993
2012-04-18,62.2901,62.6694,60.491,61.2343,916053
2012-04-19,60.812,61.2343,59.9674,60.812,262177
2012-04-20,60.812,60.812,59.9674,60.1785,576738
2012-04-23,59.9674,60.3897,57.2224,57.8559,671581
2012-04-24,58.2782,58.9116,57.0112,57.4335,85240
2012-04-25,57.6447,58.4893,57.0112,57.2224,1059716
2012-04-26,58.2782,59.1228,57.6447,58.067,513832
2012-04-27,57.8559,60.1785,57.8559,59.9674,1392098
2012-04-30,59.9674,59.9674,59.5451,59.7562,362477
2012-05-01,59.1228,59.9674,59.1228,59.7562,75226
2012-05-02,59.9674,61.0231,59.5704,60.812,1097984
2012-05-03,60.812,62.5012,60.812,61.8678,181920
2012-05-04,61.6566,62.1549,59.9674,59.9674,231550
2012-05-08,60.3897,61.4201,59.5451,59.5451,455131
2012-05-09,59.9674,60.812,59.1228,60.6008,546777
2012-05-10,59.9674,61.4454,59.5451,60.1785,251802
2012-05-11,59.5451,59.9674,59.3339,59.3339,220492
2012-05-14,59.7562,59.9674,59.3339,59.5451,473552
2012-05-15,59.3339,59.9674,59.3339,59.7562,92594
2012-05-16,59.5451,59.5704,58.2782,59.1228,363863
2012-05-17,58.2782,60.3897,57.8559,58.4893,1476267
2012-05-18,59.3339,59.3593,57.4589,57.8559,915883
2012-05-21,59.5451,59.5451,57.8559,57.8559,190325
2012-05-22,60.812,61.6566,59.1228,61.4454,437716
2012-05-23,60.1785,62.5012,60.1785,62.5012,761854
2012-05-24,61.6566,62.5012,61.4454,61.6566,73413
2012-05-25,60.812,62.5012,60.812,62.5012,135511
2012-05-28,62.5012,63.3458,61.6566,63.3458,160609
2012-05-29,64.1904,65.035,62.2901,65.035,221867
2012-05-30,65.4573,66.302,64.6127,65.4573,969656
2012-05-31,63.7681,69.2581,63.7681,65.035,2877975
2012-06-01,63.557,64.8239,62.5012,62.5012,1427001
2012-06-06,62.5012,63.3458,61.8678,62.7124,162504
2012-06-07,61.6566,63.3458,61.6566,62.9235,341310
2012-06-08,63.3458,63.3458,61.8678,62.5012,290292
2012-06-11,63.3458,63.3458,62.0789,63.1347,203633
2012-06-12,63.3458,63.3458,61.2343,61.6566,463888
2012-06-13,62.5012,62.5012,61.2765,62.2901,229824
2012-06-14,62.9235,63.1347,61.2343,63.1347,254567
2012-06-15,61.6566,64.1904,59.1228,59.1228,1353874
2012-06-18,60.812,61.6566,60.1785,61.6566,150678
2012-06-19,62.5012,63.3458,61.8678,62.9235,130377
2012-06-20,63.3458,63.3458,62.7293,63.3458,103795
2012-06-21,63.1347,63.3458,61.2765,63.1347,708435
2012-06-22,62.0789,63.557,62.0789,63.3458,1159183
2012-06-25,62.5012,63.9962,62.2901,62.2901,451114
2012-06-26,62.9235,62.9235,61.6566,61.6566,1692531
2012-06-27,62.9235,62.9235,61.6566,62.9235,684123
2012-06-28,62.9235,63.7681,62.0789,63.557,1414781
2012-06-29,63.557,63.9793,62.9235,63.7681,1030964
2012-07-02,63.3458,64.1904,62.5012,63.7681,3163881
2012-07-03,63.7681,64.1904,63.557,63.9793,138131
2012-07-04,63.1347,63.9793,63.1347,63.7681,253527
2012-07-05,63.557,64.1904,63.557,63.9793,907602
2012-07-06,61.6566,66.7243,61.6566,66.7243,944657
2012-07-09,67.1466,67.1466,64.9421,67.1466,308345
2012-07-10,67.5689,68.2023,65.8797,67.5689,1326161
2012-07-11,67.3577,67.3577,66.3442,66.5131,2153520
2012-07-12,66.5131,66.5131,64.6127,65.2462,3350565
2012-07-13,65.2462,65.6685,64.8239,65.4573,1007689
2012-07-16,65.6685,66.7074,65.4573,65.6685,130792
2012-07-17,66.7243,66.7243,63.7681,64.1904,726486
2012-07-18,64.4016,64.9785,64.1904,64.6127,89148
2012-07-19,64.1904,65.035,64.1904,65.035,161421
2012-07-20,65.035,65.1391,64.1904,64.1904,492615
2012-07-23,64.6127,65.6001,63.7681,63.7681,53395
2012-07-24,63.7681,65.8628,63.3881,65.035,164390
2012-07-25,65.035,65.7107,64.0426,64.6127,254814
2012-07-26,63.3458,65.8797,63.3458,64.6127,1747823
2012-07-27,64.6127,65.035,64.4016,64.4016,36412
2012-07-30,64.4016,65.8036,64.2327,65.6685,104332
2012-07-31,65.6685,65.829,63.7681,63.7681,498373
2012-08-01,63.3458,65.8797,63.3458,65.8797,546116
2012-08-02,63.3458,67.5689,63.3458,66.0908,190123
2012-08-03,66.302,66.5131,65.0773,66.302,444939
2012-08-06,66.5131,66.7243,65.4573,65.4573,139704
2012-08-07,65.8797,67.3577,65.035,66.0908,121956
2012-08-08,67.5689,67.5689,65.8712,67.5689,191515
2012-08-09,65.6685,67.1466,65.3476,67.1466,134252
2012-08-10,67.1466,67.5689,65.8797,66.9354,300288
2012-08-13,67.3577,67.677,66.1415,67.1466,1200592
2012-08-14,67.5689,67.5689,66.5131,67.3577,174635
2012-08-15,65.035,67.5689,65.035,67.5689,173307
2012-08-16,67.5689,67.5689,66.7243,67.4633,506089
2012-08-17,67.3577,68.4135,66.0908,68.4135,305487
2012-08-20,68.4135,69.2581,66.9354,69.2581,500414
2012-08-21,68.6246,69.2015,67.476,68.8358,539424
2012-08-22,66.7243,68.4135,66.7243,68.4135,248368
2012-08-23,69.2581,69.2581,67.9912,68.4135,479805
2012-08-24,68.6246,68.6246,67.5689,67.78,765677
2012-08-28,67.5689,68.7091,67.1466,67.1466,160241
2012-08-29,67.1466,67.5689,65.4573,67.1466,782435
2012-08-30,65.2462,67.5689,65.2462,65.8797,91165
2012-08-31,65.8797,67.78,65.8797,66.9354,795878
2012-09-03,67.3577,69.2497,66.302,66.7243,318029
2012-09-04,66.302,66.7243,65.8797,66.302,232296
2012-09-05,67.5689,67.5689,65.8797,65.8797,43266
2012-09-06,65.2462,67.5689,65.2462,66.9354,86328
2012-09-07,67.1466,67.5689,66.7243,67.3577,580313
2012-09-10,67.5689,67.5689,66.302,66.7243,364466
2012-09-11,67.3577,67.3577,66.302,66.7243,193078
2012-09-12,67.1466,67.1466,65.8797,66.7243,208589
2012-09-13,66.7243,67.5689,66.4033,67.3577,707074
2012-09-14,67.5689,67.8328,67.2099,67.78,1929421
2012-09-17,67.78,67.8877,67.1466,67.3577,572257
2012-09-18,67.1466,67.4253,66.7243,67.1466,68647
2012-09-19,67.1466,67.5689,66.9565,67.5689,1043507
2012-09-20,67.9912,67.9912,67.1466,67.1466,554854
2012-09-21,67.1466,67.9912,67.1466,67.5689,1375483
2012-09-24,67.9912,67.9912,67.1466,67.5689,916388
2012-09-25,67.3577,67.78,67.3577,67.5689,380264
2012-09-26,67.9912,67.9912,67.3577,67.5689,2011803
2012-09-27,67.3577,67.9912,67.3577,67.5689,280899
2012-09-28,67.9912,67.9912,67.3577,67.5689,1563954
2012-10-01,67.3577,67.9912,67.3577,67.5689,1237088
2012-10-02,67.9912,71.7919,67.5689,71.3696,3291872
2012-10-03,71.5808,74.3258,71.5808,74.3258,2242928
2012-10-04,73.9035,74.7038,73.5318,74.3258,2251636
2012-10-05,74.3258,74.9381,74.3258,74.3258,3156760
2012-10-08,74.3258,74.3258,72.8477,72.8477,1854289
2012-10-09,72.6365,73.1644,72.0559,72.8477,623924
2012-10-10,72.8477,75.1704,72.0559,74.7481,763757
2012-10-11,74.3258,74.9592,73.9035,74.5369,400692
2012-10-12,74.3258,74.5369,73.0588,73.27,559112
2012-10-15,73.4812,73.4812,71.7919,71.7919,922420
2012-10-16,72.2142,73.27,71.7919,72.0031,1245605
2012-10-17,73.0588,73.0588,72.0031,72.6365,121858
2012-10-18,71.7919,76.015,71.7919,76.015,1353473
2012-10-19,74.3258,76.1755,74.3258,74.3258,647099
2012-10-22,75.3815,76.2261,75.1704,75.8038,902145
2012-10-23,75.8038,76.015,74.7312,76.015,659161
2012-10-24,76.4373,76.8596,75.8038,76.8596,617725
2012-10-25,76.8596,77.4931,76.6484,76.6484,681284
2012-10-26,76.2261,76.8596,75.5927,76.6484,757829
2012-10-29,77.0708,77.0708,76.015,76.8596,495580
2012-10-30,76.4373,77.2819,75.5927,76.9652,247753
2012-10-31,76.015,77.2291,76.015,76.8596,832157
2012-11-01,77.2819,77.4931,76.4373,77.2819,117381
2012-11-02,77.4931,77.4931,76.4373,77.0708,137700
2012-11-05,77.2819,78.5488,77.1552,78.5488,413717
2012-11-06,77.7042,79.2076,77.2819,78.1265,393580
2012-11-07,78.5488,79.1063,77.2819,78.1265,281679
2012-11-08,78.5488,78.5488,77.4931,78.1265,62595
2012-11-09,77.4931,77.5522,76.8596,77.0708,162659
2012-11-12,76.8596,77.4508,76.4373,76.8596,652491
2012-11-13,76.015,76.8596,76.015,76.015,233675
2012-11-14,76.015,76.8596,75.5927,76.015,743649
2012-11-15,75.5927,75.8038,75.2211,75.5927,255606
2012-11-16,75.1704,75.8038,74.9592,74.9592,910145
2012-11-19,75.1704,76.2261,75.1704,75.5927,693049
2012-11-20,76.015,76.8596,75.5927,76.015,384081
2012-11-21,75.5927,76.8596,75.5927,76.015,296343
2012-11-22,75.8038,76.5957,75.5927,76.015,105544
2012-11-23,76.4373,76.8512,75.4153,76.015,145460
2012-11-26,74.9592,76.4373,74.9592,76.4373,1205919
2012-11-27,78.9711,80.6603,76.6484,76.6484,3310458
2012-11-28,76.8596,78.9711,76.6484,78.3377,1401007
2012-11-29,79.6046,79.6046,77.8955,78.3377,365136
2012-11-30,79.1823,79.1823,76.8388,76.8596,741952
2012-12-03,76.015,78.4327,76.015,77.7042,396806
2012-12-04,77.7042,79.8157,76.9863,79.8157,497428
2012-12-05,76.4817,77.0985,76.0706,76.0706,964019
2012-12-06,76.8929,77.7153,76.4817,77.3041,319932
2012-12-07,77.3041,78.7433,77.0985,77.5097,1306182
2012-12-10,77.7153,78.4143,76.8929,77.3041,370136
2012-12-11,77.0985,78.5583,76.4817,76.4817,400045
2012-12-12,76.4817,77.2219,75.6594,76.0706,538393
2012-12-13,76.6873,78.1265,75.5771,77.3041,1369380
2012-12-14,77.0985,78.4143,76.4817,76.4817,1138359
2012-12-17,76.4817,80.5937,76.4817,80.5937,1568522
2012-12-18,80.3881,83.0608,79.1545,82.6496,2376448
2012-12-19,83.6776,84.9258,83.472,83.8832,4484541
2012-12-20,83.472,84.4424,81.8272,81.8272,1402624
2012-12-21,81.6216,82.7112,80.0797,81.2105,690737
2012-12-24,80.7993,82.8552,79.7713,79.7713,229360
2012-12-27,79.7713,83.0608,79.7713,83.0608,1547667
2012-12-28,82.6496,83.875,82.6496,82.8552,295265
2012-12-31,82.6496,83.8832,82.444,83.6776,254618
2013-01-02,83.0608,87.5839,83.0608,86.1448,3279796
2013-01-03,85.7336,86.5806,84.426,85.528,811250
2013-01-04,84.2944,86.3504,83.8832,85.3224,3180558
2013-01-07,86.3504,87.7895,86.2064,86.9671,8093303
2013-01-08,87.5839,87.5839,86.7615,86.7615,970857
2013-01-09,87.5839,87.9951,86.3504,87.7895,1180072
2013-01-10,87.9951,88.8175,87.3783,87.9951,727465
2013-01-11,87.7895,88.8175,87.5839,88.2007,7817667
2013-01-14,88.8175,90.2567,88.4063,89.6399,2936436
2013-01-15,90.2567,90.2567,88.2007,88.8175,1222895
2013-01-16,89.6399,89.6399,88.6325,89.0231,1243634
2013-01-17,89.6399,90.1251,88.6119,89.0231,614175
2013-01-18,89.2287,89.4343,88.6119,89.0231,647222
2013-01-21,89.6399,89.6399,88.6119,88.8175,615297
2013-01-22,89.0231,90.2978,88.8175,89.4343,286182
2013-01-23,90.4623,91.2847,89.3315,90.6679,1217557
2013-01-24,91.2847,94.3686,91.186,93.7518,2472075
2013-01-25,93.7518,95.1499,91.6445,93.3406,1620632
2013-01-28,94.5742,96.219,93.7518,94.7798,1209785
2013-01-29,92.107,93.3406,87.9951,89.2287,3687230
2013-01-30,90.4623,91.2847,89.6399,91.2847,793530
2013-01-31,92.107,92.107,90.4623,91.6959,562852
2013-02-01,91.4903,93.135,91.2024,92.5182,511098
2013-02-04,92.9294,93.5462,91.8501,92.9294,886566
2013-02-05,93.7518,93.7518,92.7238,92.9294,601901
2013-02-06,93.7518,94.5742,92.9623,94.5742,874252
2013-02-07,94.3686,94.3686,92.3126,92.3126,834995
2013-02-08,92.9294,94.163,90.0511,90.4623,3378003
2013-02-11,91.2847,91.2847,88.0581,88.4063,1283968
2013-02-12,87.9951,88.8175,87.9951,88.6119,514904
2013-02-13,88.4063,89.2801,86.5028,86.7615,1141688
2013-02-14,86.7615,87.6113,81.8889,84.0888,6272977
2013-02-15,71.5474,78.5377,65.2562,76.0706,51029435
2013-02-18,76.6873,83.6776,76.6873,82.2384,8064549
2013-02-19,83.0608,83.0608,81.4243,83.0608,3649414
2013-02-20,83.6776,86.9671,81.7531,85.1168,4157348
2013-02-21,83.8832,85.1168,81.6216,82.2384,1429473
2013-02-22,82.444,83.472,80.7993,81.0049,1358850
2013-02-25,82.0328,83.6776,80.3881,83.472,1050351
2013-02-26,83.8832,83.8832,81.0049,81.4161,1021669
2013-02-27,83.8832,83.8832,79.3601,80.5937,1094984
2013-02-28,79.7713,81.8272,79.3601,80.3881,774086
2013-03-01,79.3601,82.2384,79.3601,81.2105,2218976
2013-03-04,82.2384,82.4523,80.5808,81.8272,945185
2013-03-05,82.2384,82.6579,81.2105,81.4161,939647
2013-03-06,83.0608,83.0608,80.7479,82.444,679805
2013-03-07,82.8552,83.0608,81.4161,82.2384,901987
2013-03-08,82.6496,82.6496,80.7787,81.8272,226123
2013-03-11,82.2384,82.4852,80.5937,81.0049,335682
2013-03-12,82.2384,82.2384,80.1825,80.5937,520930
2013-03-13,80.5937,81.4161,77.0985,78.7433,1555176
2013-03-14,78.7433,80.7993,78.5377,80.7993,814408
2013-03-15,80.5937,83.2664,79.3601,83.2664,1181778
2013-03-18,80.3881,81.2105,79.9769,81.0049,571588
2013-03-19,79.1545,81.0049,78.9489,79.9769,1744463
2013-03-20,78.3321,81.4161,78.1265,80.1825,916669
2013-03-21,79.9769,80.1825,78.9489,79.3601,496247
2013-03-22,81.4161,81.4161,78.9489,80.5937,1528031
2013-03-25,81.0049,83.0608,81.0049,82.2384,1150264
2013-03-26,82.6496,83.0608,80.3881,83.0608,517622
2013-03-27,82.2384,89.2287,82.2384,89.2287,1516014
2013-03-28,86.556,89.0231,86.556,86.9671,2854441
2013-04-02,88.8175,92.107,87.2139,90.2567,1914786
2013-04-03,90.4623,92.107,87.1727,87.1727,2348291
2013-04-04,87.1727,90.2567,87.1727,89.6399,1837210
2013-04-05,89.6399,90.4623,88.4063,89.6399,1952149
2013-04-08,88.8175,90.2772,88.8175,89.6399,658096
2013-04-09,90.0511,90.4623,88.8175,90.4623,988995
2013-04-10,89.2287,91.2847,89.2287,90.4623,1194237
2013-04-11,90.0511,92.7238,88.8175,90.8735,1685709
2013-04-12,90.8735,92.3126,89.0231,89.0231,2263129
2013-04-15,90.2567,90.3307,88.2007,89.6399,652627
2013-04-16,88.8175,89.239,87.5839,87.7895,604033
2013-04-17,87.1727,88.2007,86.3504,86.9671,748987
2013-04-18,86.3504,87.1316,85.1168,86.1448,2493788
2013-04-19,85.1168,87.1727,85.0839,86.3504,352688
2013-04-22,87.1727,88.0465,85.528,85.528,750738
2013-04-23,86.3504,89.6399,85.0839,89.6399,412643
2013-04-24,89.6399,90.2567,88.6284,89.6399,336577
2013-04-25,90.0511,90.1539,88.2007,89.2287,380494
2013-04-26,89.0231,89.0231,86.3504,87.1727,367703
2013-04-29,86.556,88.3323,86.3504,87.1727,1022462
2013-04-30,88.8175,88.8175,86.7615,87.5839,482020
2013-05-01,88.8175,88.8175,87.5839,87.9951,2192025
2013-05-02,88.8175,90.2567,87.9951,89.4343,1317255
2013-05-03,90.2567,90.2567,88.6119,90.0511,864058
2013-05-07,90.2567,91.9015,89.0231,91.4903,1196371
2013-05-08,89.6399,92.5594,89.6399,92.107,951318
2013-05-09,92.107,92.5182,90.4623,92.5182,1527422
2013-05-10,92.7238,94.8538,92.0992,94.5742,2177478
2013-05-13,93.7518,95.9147,93.7518,95.3966,1492751
2013-05-14,94.5742,96.0134,93.3406,94.9854,2190128
2013-05-15,95.6022,97.0414,94.5742,96.6302,2500420
2013-05-16,97.0414,97.0414,95.4459,96.219,684390
2013-05-17,96.6302,97.469,95.7349,97.4525,1798452
2013-05-20,97.8637,97.8637,96.219,97.0414,5070023
2013-05-21,97.8637,105.4708,96.8358,105.4708,5409811
2013-05-22,103.2092,105.4708,102.1813,104.854,4269956
2013-05-23,102.798,108.3491,102.798,108.1435,4093306
2013-05-24,108.1435,110.7423,104.2372,108.5547,2185355
2013-05-28,108.1435,111.0219,107.3212,109.3771,1967862
2013-05-29,107.7324,110.8163,107.1567,108.1435,2043896
2013-05-30,108.7603,110.8163,107.5473,108.7603,1374605
2013-05-31,108.5547,109.3771,106.879,106.91,879225
2013-06-03,106.91,108.3491,106.2932,106.91,5123999
2013-06-04,107.7324,113.1579,107.7118,111.8443,2743853
2013-06-05,111.8443,111.8443,109.7883,111.0219,1288222
2013-06-06,111.0219,111.0219,105.2652,105.2652,5964189
2013-06-07,106.0876,108.5547,106.0876,107.3212,4539812
2013-06-10,109.3771,109.3771,107.7324,108.1435,353075
2013-06-11,109.3771,109.7883,105.6764,106.2932,1833458
2013-06-12,105.2652,107.7324,105.2652,106.4988,943849
2013-06-13,105.2652,106.91,103.2092,104.4428,1319502
2013-06-14,106.91,106.91,103.0036,104.2372,1007490
2013-06-17,105.0596,105.882,103.6204,105.2652,1691111
2013-06-18,105.0596,106.7044,104.4428,104.4428,2246842
2013-06-19,105.2652,106.0876,103.2997,106.0876,1715610
2013-06-20,104.854,106.7044,104.0316,104.854,1638011
2013-06-21,102.798,108.5547,102.798,105.6764,2519117
2013-06-24,105.2652,107.0333,104.2372,106.91,2522193
2013-06-25,108.5547,108.5547,105.2652,105.6764,1693602
2013-06-26,105.2652,106.91,105.2652,106.91,553753
2013-06-27,107.1156,108.0716,105.6764,106.4988,711820
2013-06-28,108.5547,110.1995,106.9264,110.1995,1029288
2013-07-01,109.3771,113.489,107.9379,112.6667,1323167
2013-07-02,111.6387,114.3114,110.6107,114.3114,543399
2013-07-03,114.1058,114.9282,112.4611,113.489,1658642
2013-07-04,113.2834,116.6758,112.8723,115.9562,486149
2013-07-05,116.7786,116.7786,114.3114,115.7506,362870
2013-07-08,115.545,116.573,114.2292,116.3674,1870208
2013-07-09,116.3674,119.2457,115.9562,119.2457,608634
2013-07-10,119.2457,120.8905,118.4233,118.4233,967357
2013-07-11,118.4233,121.3017,118.4233,120.8905,1339008
2013-07-12,120.0681,121.3017,119.6364,121.0961,2204979
2013-07-15,120.8905,123.004,120.8905,122.7409,552776
2013-07-16,119.2457,123.7894,119.2457,120.8905,540444
2013-07-17,120.8905,123.3577,119.6569,119.8625,223071
2013-07-18,123.3577,125.0024,119.8625,122.5353,898181
2013-07-19,124.18,124.5912,121.7129,121.7129,587194
2013-07-22,120.8905,123.3577,120.4793,120.8905,470129
2013-07-23,119.2457,121.7129,119.2457,121.5073,799265
2013-07-24,122.1241,122.1241,121.3017,121.7129,891201
2013-07-25,122.3297,122.5353,121.4251,122.3297,602993
2013-07-26,122.5353,122.782,121.5073,122.3297,1598659
2013-07-29,122.3297,124.3856,121.6882,123.7688,2102225
2013-07-30,123.7688,125.6192,122.6997,125.0024,676304
2013-07-31,122.5353,122.5353,115.9562,120.8905,2011030
2013-08-01,120.8905,123.1521,119.8625,120.8905,1607692
2013-08-02,123.1521,123.1521,118.8345,120.0681,1019839
2013-08-05,123.1521,123.5632,121.3608,122.7409,748272
2013-08-06,125.0024,125.0024,120.8329,123.3577,1781588
2013-08-07,125.0024,125.0024,121.0447,122.9465,349444
2013-08-08,123.3577,125.0024,120.7877,125.0024,1004618
2013-08-09,125.0024,125.0024,122.7409,123.7688,281818
2013-08-12,125.0024,125.4136,122.9465,125.4136,2019478
2013-08-13,126.0304,128.0411,125.0024,126.6472,1052672
2013-08-14,126.8528,127.9877,124.8379,126.236,1762876
2013-08-15,128.292,128.292,119.2457,120.0681,2018756
2013-08-16,120.4793,122.4613,118.6289,120.8905,497907
2013-08-19,123.3577,123.3577,120.8905,123.1521,654319
2013-08-20,123.3577,123.3577,121.7129,122.7409,592927
2013-08-21,120.0681,124.18,120.0681,124.18,1629631
2013-08-22,125.0024,125.8248,123.9744,125.6192,430790
2013-08-23,126.4416,126.8528,125.2245,126.0304,390218
2013-08-27,127.4696,127.4696,120.2737,120.4793,800733
2013-08-28,120.8905,120.8905,118.2178,118.6289,605092
2013-08-29,122.5353,122.5353,118.8345,119.6569,2283549
2013-08-30,122.3297,123.3577,118.9373,121.9185,3709356
2013-09-02,121.7129,123.9744,121.0961,121.7129,1460479
2013-09-03,125.0024,125.0024,120.6849,121.3017,2315831
2013-09-04,120.8905,122.3297,119.8625,122.1241,795081
2013-09-05,125.0024,125.0024,120.0681,122.5353,598630
2013-09-06,121.9185,124.7968,120.8905,123.7688,984349
2013-09-09,125.0024,125.0024,123.5632,124.18,572825
2013-09-10,125.0024,125.0024,119.8625,120.8905,10738478
2013-09-11,121.0961,123.3577,120.0681,123.3577,1082522
2013-09-12,122.5353,123.7688,119.0401,120.6849,1754954
2013-09-13,123.3577,123.3577,118.7441,121.0961,561340
2013-09-16,120.6849,121.9185,120.0681,120.8905,1323238
2013-09-17,120.8905,121.0961,118.4233,120.4793,679179
2013-09-18,124.18,124.18,118.4233,119.6569,3847964
2013-09-19,120.8905,121.5073,117.3954,117.8066,2577695
2013-09-20,118.4233,120.0681,113.6946,114.9282,23565187
2013-09-23,114.3114,115.4628,111.1041,112.6667,3520693
2013-09-24,114.0647,115.9562,111.9265,115.1338,5746183
2013-09-25,116.3674,121.7129,115.7095,121.055,3905202
2013-09-26,121.3839,122.2886,120.726,121.2195,5600148
2013-09-27,121.1372,121.2425,119.2457,119.6569,6734693
2013-09-30,119.2457,121.5484,118.4233,121.3017,1905750
2013-10-01,119.7392,125.0024,119.7392,125.0024,2752421
2013-10-02,123.6866,125.0024,122.6175,123.7688,1765513
2013-10-03,122.5353,125.6603,122.5353,124.0978,2608708
2013-10-04,124.18,126.6472,124.18,126.4827,1301987
2013-10-07,125.4959,127.4696,123.9415,127.0584,1489797
2013-10-08,127.4696,127.4696,125.3314,125.4136,1849258
2013-10-09,125.4136,125.7426,123.3577,124.4268,2193407
2013-10-10,125.5781,127.4696,124.6735,126.4005,1376027
2013-10-11,125.7426,128.1275,124.6735,127.3051,1146561
2013-10-14,127.5518,132.4039,126.6997,131.9105,1241826
2013-10-15,131.9105,133.7197,130.718,132.8151,3021318
2013-10-16,131.0058,133.9664,131.0058,133.2263,1349780
2013-10-17,131.8282,134.871,131.4993,133.8842,2498132
2013-10-18,133.6375,136.598,132.8973,136.598,2632550
2013-10-21,134.1309,140.381,134.1309,138.983,1250424
2013-10-22,141.0389,142.0258,138.325,141.6968,2139491
2013-10-23,138.983,144.9041,138.983,143.9173,6924917
2013-10-24,143.9173,145.4798,142.108,145.2331,810709
2013-10-25,145.3153,146.8778,143.6705,143.9173,8815699
2013-10-28,142.6837,147.4535,142.6837,147.2068,955886
2013-10-29,145.1508,149.2628,145.1508,149.2628,1498697
2013-10-30,147.289,149.2628,147.2068,148.1937,3434786
2013-10-31,148.0292,148.2759,146.1377,148.1114,1760708
2013-11-01,148.0292,155.7741,147.1246,154.1971,1771358
2013-11-04,156.253,159.5426,154.1971,156.4997,2769468
2013-11-05,158.7202,158.7202,155.9241,156.253,4424387
2013-11-06,157.0754,158.7202,155.4306,157.4866,2625899
2013-11-07,156.4997,160.1182,156.4997,157.8978,1618037
2013-11-08,157.8978,158.3912,156.253,158.1445,2415382
2013-11-11,157.3221,161.0104,157.2435,160.036,6335534
2013-11-12,162.0097,162.0097,158.9669,159.8715,1194907
2013-11-13,157.4866,160.4011,150.5786,153.7036,3644767
2013-11-14,155.5951,157.3221,152.8813,155.4306,1407360
2013-11-15,155.4306,156.582,153.7859,156.253,2700336
2013-11-18,154.6083,157.4866,154.6083,156.253,1282844
2013-11-19,157.0754,157.8156,153.9504,156.6642,4474348
2013-11-20,157.8978,157.8978,155.3484,156.1708,1073886
2013-11-21,152.6345,156.253,152.6345,153.7036,1718139
2013-11-22,155.5951,155.8418,152.5523,153.7859,903586
2013-11-25,155.4306,155.4306,150.0355,151.1542,2166750
2013-11-26,153.7859,154.6083,148.7693,148.7693,3327506
2013-11-27,151.3187,152.4701,147.9469,151.9766,6783710
2013-11-28,153.7859,157.4866,150.373,157.0754,2463115
2013-11-29,157.8978,158.9669,155.942,158.309,3078067
2013-12-02,157.0754,161.0229,157.0754,160.6939,2096151
2013-12-03,160.9406,161.5985,158.7202,159.7893,2578265
2013-12-04,157.4866,159.707,156.253,157.8156,3218787
2013-12-05,158.9669,160.7761,157.4866,159.8715,2634398
2013-12-06,160.3649,160.3649,157.8156,160.3649,2040400
2013-12-09,160.7761,162.6676,159.3781,161.5985,1893810
2013-12-10,162.0097,165.2993,161.0229,164.1479,2957697
2013-12-11,164.4769,166.3684,163.2433,164.9703,1540891
2013-12-12,162.6676,166.1216,162.6676,165.7104,1641045
2013-12-13,164.4769,167.7664,164.4769,167.3552,1150537
2013-12-16,168.5888,172.9474,166.4999,172.454,1696400
2013-12-17,173.5231,174.3455,170.4803,172.5362,1774264
2013-12-18,171.0559,176.1547,171.0559,173.5231,2289360
2013-12-19,176.4837,178.4574,174.2632,176.4014,4681874
2013-12-20,174.6744,177.2238,171.0559,174.9212,2950562
2013-12-23,177.2238,177.2238,173.7863,176.237,1144887
2013-12-24,174.7567,177.283,174.7567,176.6482,206789
2013-12-27,176.8126,180.7601,174.4359,180.5134,615127
2013-12-30,177.8817,181.9937,177.8817,180.1022,1157279
2013-12-31,181.9937,183.3917,180.2831,183.3917,418670
2014-01-02,181.7469,183.0528,180.5586,182.7338,2151672
2014-01-03,182.1581,184.6253,182.0759,183.6384,701037
2014-01-06,184.2141,184.872,181.0068,184.6253,1136999
2014-01-07,184.6253,189.9708,183.3095,188.9839,1524681
2014-01-08,189.9708,191.0399,187.0924,188.4905,3620980
2014-01-09,189.1484,189.9708,186.599,188.326,5858251
2014-01-10,187.0924,188.326,185.1187,185.8589,3865686
2014-01-13,185.8589,187.1747,185.1187,187.0102,6457169
2014-01-14,186.6812,193.9182,185.0365,193.836,1293854
2014-01-15,191.5333,192.7669,189.5596,191.5333,1821079
2014-01-16,190.7932,194.0005,190.7932,194.0005,1766337
2014-01-17,194.0827,197.29,194.0827,196.5499,2994809
2014-01-20,196.1387,197.0433,194.5761,195.9742,1303716
2014-01-21,196.5499,201.4842,196.4676,199.5927,1933919
2014-01-22,199.4282,208.8034,199.4282,208.0632,3569635
2014-01-23,206.4185,213.2318,206.0073,206.4185,3019269
2014-01-24,206.4185,209.5435,197.9479,198.1946,3249540
2014-01-27,196.4676,200.4151,192.8491,196.6321,2202017
2014-01-28,199.017,205.5961,196.1387,196.5499,4400354
2014-01-29,197.3722,201.4019,194.8229,200.6618,1698255
2014-01-30,201.4842,206.4185,197.7834,205.5961,3883463
2014-01-31,206.4185,209.4407,202.6355,204.9382,1580463
2014-02-03,207.2409,207.4053,202.6355,202.7177,1200290
2014-02-04,202.7177,206.4185,201.3855,205.1849,1169136
2014-02-05,201.3197,208.8856,201.3197,207.3231,2632684
2014-02-06,208.8034,210.5304,206.6652,209.708,1798140
2014-02-07,210.1192,211.6817,208.8856,209.3791,733324
2014-02-10,212.0929,212.0929,206.5501,209.5435,1026681
2014-02-11,207.2409,210.2837,204.7573,205.5139,1234343
2014-02-12,205.5961,205.9711,196.7801,200.4973,2196830
2014-02-13,199.1815,202.5171,198.8525,202.3888,619247
2014-02-14,203.6224,203.7046,200.6618,201.4019,587454
2014-02-17,199.7572,203.4579,199.4282,200.5795,877644
2014-02-18,203.2934,203.2934,199.8394,202.3066,1189109
2014-02-19,199.346,202.5533,198.6881,201.4019,1330557
2014-02-20,198.4413,200.1807,197.3394,198.7703,1021291
2014-02-21,196.7143,199.9216,196.7143,198.9348,1374511
2014-02-24,199.7572,199.7572,194.159,195.7275,1926200
2014-02-25,196.9611,205.1849,194.0827,203.1289,4300860
2014-02-26,204.2803,216.945,204.1364,213.3265,2908214
2014-02-27,211.6817,217.5823,211.6817,212.3396,2279623
2014-02-28,215.4647,219.5766,212.9975,219.5766,1553738
2014-03-03,217.1095,217.4384,212.1752,214.3956,1409833
2014-03-04,219.0832,228.6229,215.0535,228.6229,5763119
2014-03-05,228.6229,236.6822,227.8827,235.2019,3449510
2014-03-06,236.8467,240.9586,235.7776,240.9586,2144694
2014-03-07,240.9586,249.9226,239.7456,247.5377,6483522
2014-03-10,249.018,249.018,237.6691,239.3138,2086781
2014-03-11,238.4915,241.2876,236.4355,237.6691,1514923
2014-03-12,237.6691,240.3829,235.2019,237.3401,2181080
2014-03-13,238.9027,238.9027,228.7256,229.1985,1771076
2014-03-14,228.6229,229.034,220.0701,220.0701,4436704
2014-03-17,220.399,222.7017,216.3076,219.4944,3249274
2014-03-18,220.399,222.0438,215.1858,221.6326,2020770
2014-03-19,222.8662,225.3333,220.2411,222.9484,1681805
2014-03-20,225.7445,225.7445,217.0272,218.0141,1060142
2014-03-21,217.1095,221.0364,212.6193,212.6686,1421819
2014-03-24,217.3562,217.3562,209.4613,210.2014,1002350
2014-03-25,213.491,218.672,206.9119,217.9319,2853643
2014-03-26,218.7542,224.182,217.9319,218.0963,1968243
2014-03-27,217.1917,220.1523,217.1917,219.1654,2888610
2014-03-28,223.2774,228.0472,221.4681,225.909,1348678
2014-03-31,227.5538,229.9387,225.3456,226.7314,1387432
2014-04-01,229.6097,233.4749,229.2808,230.2676,2033334
2014-04-02,229.034,233.4313,224.179,225.3333,891632
2014-04-03,225.1688,230.1854,222.2083,223.2774,1198029
2014-04-04,224.6754,228.6229,222.0438,227.8827,1111946
2014-04-07,226.4024,226.8958,222.4714,223.1951,536801
2014-04-08,222.9484,224.4608,215.4647,217.5207,1218247
2014-04-09,218.0963,222.2905,217.9319,218.7542,1632186
2014-04-10,220.2345,220.5635,217.9319,219.4121,1626308
2014-04-11,217.4384,218.8365,204.8559,210.1192,1205316
2014-04-14,207.7343,210.7566,196.0564,199.5104,2837458
2014-04-15,199.0993,206.143,199.017,201.9776,1707588
2014-04-16,203.9513,214.6086,203.6553,213.3265,1568804
2014-04-17,212.9975,214.8808,208.8856,209.2146,1424727
2014-04-22,211.8462,214.0666,208.8856,209.2968,534875
2014-04-23,211.0238,212.4219,205.7688,210.9416,871821
2014-04-24,208.9679,214.4778,208.9679,212.9975,922418
2014-04-25,213.7377,214.9713,211.2705,213.8199,920622
2014-04-28,213.2443,215.5469,211.912,212.9975,377013
2014-04-29,215.7114,218.7542,212.4054,213.8199,611308
2014-04-30,212.6686,217.0272,212.4219,214.7246,813618
2014-05-01,217.3562,221.0569,213.9055,218.5075,626095
2014-05-02,217.9319,221.7148,212.5864,214.6423,526878
2014-05-06,217.1095,217.1095,214.9713,216.6983,910946
2014-05-07,215.6292,219.5766,211.435,213.162,707661
2014-05-08,216.0404,216.4516,211.5173,213.8199,836806
2014-05-09,211.3528,218.2608,211.3528,217.5207,995128
2014-05-12,215.5469,221.5503,215.5469,220.5635,745469
2014-05-13,218.7542,223.3596,218.1169,220.1523,398508
2014-05-14,218.2608,220.9747,216.2871,217.5207,848511
2014-05-15,215.6292,216.7805,206.8297,209.9547,1026670
2014-05-16,207.4053,210.8593,205.9579,207.2409,845197
2014-05-19,205.1027,209.8725,203.1289,203.2112,958312
2014-05-20,207.2409,224.0175,205.3494,212.9975,2195251
2014-05-21,217.4384,230.2676,212.4219,228.6229,879052
2014-05-22,226.5669,230.9749,224.3465,225.9912,933657
2014-05-23,223.6885,232.6525,223.6885,230.6788,474915
2014-05-27,230.2676,241.781,230.2676,238.4915,1715388
2014-05-28,239.3138,243.6725,238.5737,239.3138,1913257
2014-05-29,239.3138,242.6856,238.4092,239.5606,471115
2014-05-30,242.1922,242.1922,237.0071,239.6428,1058375
2014-06-02,244.2482,245.7079,241.7604,243.9192,505316
2014-06-03,241.5343,244.8238,235.8598,236.271,1593254
2014-06-04,234.3795,240.5474,234.3795,238.9849,1632114
2014-06-05,241.2876,241.2876,234.3795,235.7776,969381
2014-06-06,237.3401,240.4652,234.2151,239.3138,793218
2014-06-09,236.7645,240.4652,236.7645,239.8895,362357
2014-06-10,240.9586,240.9586,231.5834,232.3236,880999
2014-06-11,234.3795,234.3795,220.4812,224.5109,1180039
2014-06-12,223.4418,227.5538,223.3185,226.4847,667704
2014-06-13,226.9781,226.9781,219.6198,223.0306,851846
2014-06-16,225.0044,225.8267,219.001,223.6885,930400
2014-06-17,226.1557,232.6525,218.4253,218.7542,1245877
2014-06-18,221.3036,221.3859,215.3825,221.2214,631982
2014-06-19,220.0701,224.2642,216.2048,219.9056,1522405
2014-06-20,221.2214,226.6491,216.7805,219.7411,2241451
2014-06-23,219.7411,222.0438,214.2448,220.399,458731
2014-06-24,218.672,219.8233,215.4647,217.1095,862255
2014-06-25,217.1095,219.001,214.4778,217.5207,828323
2014-06-26,217.9319,226.4847,216.8463,221.0569,778692
2014-06-27,220.3168,220.3168,215.9581,218.7542,611344
2014-06-30,219.5766,219.5766,213.9022,218.4253,1766157
2014-07-01,215.9581,228.5406,215.9581,227.8005,1093698
2014-07-02,227.7182,231.3367,225.8267,231.0078,1332392
2014-07-03,230.2676,239.1494,229.363,238.6559,1661638
2014-07-04,238.4915,240.3007,235.3664,237.1756,616983
2014-07-07,234.0506,236.8072,231.1722,231.9124,2416009
2014-07-08,233.9683,233.9683,219.9056,221.2214,1831962
2014-07-09,221.1392,227.8005,221.0569,226.9781,1156079
2014-07-10,227.307,227.307,221.7971,223.2774,1357398
2014-07-11,220.8102,226.6491,220.8102,223.4418,652173
2014-07-14,225.3333,229.6097,224.7576,228.7051,831277
2014-07-15,226.0735,228.7873,223.6063,225.0044,1272296
2014-07-16,224.5109,229.2808,223.2774,226.9781,1544654
2014-07-17,226.9781,229.692,224.0997,224.4287,1297264
2014-07-18,225.9912,229.9387,221.3283,229.7742,996877
2014-07-21,226.8958,226.8958,221.9451,223.9353,406869
2014-07-22,222.455,227.1426,222.0438,226.5669,487172
2014-07-23,223.1129,227.4715,222.6194,224.6754,321394
2014-07-24,225.7445,226.1557,223.6063,225.8267,370029
2014-07-25,225.7445,231.5703,224.6275,230.0209,644594
2014-07-28,228.7873,231.6492,224.3465,225.7445,473690
2014-07-29,226.5669,230.2676,219.8233,221.9615,1440622
2014-07-30,224.5932,225.2511,221.1392,223.3596,1316834
2014-07-31,225.3333,225.3333,216.1226,217.3562,1833827
2014-08-01,219.9878,219.9878,211.435,214.8068,793355
2014-08-04,213.2443,215.3002,209.7902,210.9416,447185
2014-08-05,213.8199,214.6423,210.5304,212.3396,2495674
2014-08-06,209.708,212.4219,203.9513,209.708,1036907
2014-08-07,207.8988,209.708,205.1027,208.0632,1068718
2014-08-08,207.2409,209.6258,205.1849,206.8297,1857074
2014-08-11,205.7606,210.5304,205.7606,209.3791,1230888
2014-08-12,208.8856,213.7377,208.8856,213.4087,515232
2014-08-13,212.1752,214.7246,210.8593,213.3265,538370
2014-08-14,213.3265,220.2345,211.1636,218.5898,480285
2014-08-15,218.7542,219.1654,212.9153,213.7377,412818
2014-08-18,218.0963,219.4121,213.491,218.7542,217466
2014-08-19,216.0404,222.0438,215.9581,219.7411,409603
2014-08-20,217.6851,219.9878,213.5732,213.8199,994813
2014-08-21,217.4384,218.0141,214.0502,217.1095,711406
2014-08-22,214.889,217.9319,214.6423,217.0272,484311
2014-08-26,213.9022,217.0684,213.9022,214.1489,1492697
2014-08-27,217.5207,220.399,214.7246,219.5766,814602
2014-08-28,220.2345,220.728,217.8496,218.7542,2134780
2014-08-29,217.1095,220.8102,217.1095,219.001,1150066
2014-09-01,220.399,221.8793,218.5898,221.1392,402799
2014-09-02,220.8102,222.6194,220.8102,221.6326,682725
2014-09-03,221.2214,223.9353,221.2214,222.5372,716638
2014-09-04,223.6885,225.1688,221.9286,224.6754,1118413
2014-09-05,225.4156,226.1557,222.2905,224.6754,669046
2014-09-08,222.8662,223.6885,221.5503,222.0438,1207066
2014-09-09,222.0438,228.4584,222.0438,227.5538,945343
2014-09-10,228.6229,228.6229,219.5766,220.8924,1939694
2014-09-11,220.1523,221.1392,213.9022,214.1489,652735
2014-09-12,213.8199,217.3562,212.9975,212.9975,947845
2014-09-15,215.4647,220.399,212.5864,213.8199,1414162
2014-09-16,213.8199,219.5766,212.8331,217.9319,2553549
2014-09-17,218.7542,221.2214,216.7805,218.672,1067001
2014-09-18,217.9319,222.0438,217.8907,222.0438,539052
2014-09-19,222.0438,224.5109,219.5766,222.5372,904648
2014-09-22,220.5635,221.4681,217.4384,217.9319,809998
2014-09-23,220.3168,220.3168,209.708,210.037,463867
2014-09-24,212.6686,212.6686,206.4185,211.6817,550400
2014-09-25,208.31,211.5995,207.0764,208.0632,880144
2014-09-26,206.5007,207.1997,198.0302,198.0302,2363294
2014-09-29,199.017,203.7046,195.6452,197.3722,1071093
2014-09-30,196.0564,201.3197,192.4379,192.4379,1520189
2014-10-01,192.8491,195.4808,187.9148,188.8194,1865659
2014-10-02,190.2175,196.4676,188.326,194.0827,1545687
2014-10-03,197.29,199.8394,196.3854,198.1124,1334501
2014-10-06,198.0302,198.7703,194.9873,197.29,2772417
2014-10-07,197.3722,198.7703,195.7275,197.3722,2228092
2014-10-08,199.346,199.9216,194.9873,198.6058,1160896
2014-10-09,201.1552,201.1552,197.0433,197.619,1137191
2014-10-10,194.3294,198.0302,190.7932,196.5499,1963076
2014-10-13,194.9873,197.0433,192.0267,192.3557,1126842
2014-10-14,190.7932,195.6452,189.5596,193.5893,1166909
2014-10-15,196.3854,196.3854,188.2438,189.2306,1498619
2014-10-16,193.7538,196.8788,189.7241,195.3985,2167235
2014-10-17,196.2209,203.7046,196.2209,202.3066,1109561
2014-10-20,199.8394,204.7737,199.8394,202.3066,952987
2014-10-21,201.4019,209.2146,201.1552,209.2146,1007688
2014-10-22,209.2146,214.3956,208.2277,213.4087,992133
2014-10-23,213.8199,213.8199,206.1718,207.8988,1725257
2014-10-24,207.5698,208.8044,205.2671,205.7606,856141
2014-10-27,205.925,210.4482,204.527,207.0764,275308
2014-10-28,211.1883,211.1883,206.5007,208.0632,435884
2014-10-29,211.1883,213.2443,205.2671,211.6817,533360
2014-10-30,213.4087,215.3002,210.1192,211.435,752077
2014-10-31,213.0798,217.0272,212.1752,215.7937,556961
2014-11-03,214.9713,215.0609,209.8725,211.6817,377296
2014-11-04,212.9153,217.9319,211.5995,216.945,437471
2014-11-05,217.9319,221.2214,216.616,219.3299,704730
2014-11-06,216.2871,218.5075,215.0535,216.2871,988190
2014-11-07,216.1226,216.3693,212.1752,214.0666,308899
2014-11-10,216.2048,216.2048,210.2837,214.1489,560498
2014-11-11,212.3396,216.2871,212.3396,214.2311,313363
2014-11-12,216.5338,216.5338,210.6126,213.8199,167465
2014-11-13,218.2608,218.2608,211.0238,214.2311,295637
2014-11-14,216.6983,217.2123,210.1192,212.0107,335884
2014-11-17,213.4087,213.7377,208.7211,213.6555,416314
2014-11-18,213.7377,214.6423,208.0632,208.8856,608957
2014-11-19,209.2968,215.1357,208.8034,214.6423,955666
2014-11-20,210.6126,214.0666,208.3922,211.5995,539857
2014-11-21,214.4778,214.4778,210.2014,210.6949,448492
2014-11-24,215.4647,215.4647,209.0501,213.9844,1918108
2014-11-25,213.9844,231.2545,213.9844,223.7708,5375619
2014-11-26,228.6229,229.2808,223.4418,228.7051,2226337
2014-11-27,226.4847,244.3304,226.4847,242.6034,2086256
2014-11-28,239.3138,244.5195,236.0737,241.781,2658245
2014-12-01,240.9586,242.6034,237.5868,240.7941,1295588
2014-12-02,236.1065,244.0837,236.1065,243.6725,852370
2014-12-03,244.2482,249.7581,242.6856,244.4126,1989727
2014-12-04,242.6034,243.4669,235.7776,238.4915,634832
2014-12-05,237.7513,243.2613,232.817,241.2053,974642
2014-12-08,243.0968,245.235,239.725,243.4258,669091
2014-12-09,243.0146,243.7547,239.6428,240.9586,1726592
2014-12-10,239.0671,245.235,239.0671,241.0409,380681
2014-12-11,238.9027,242.6034,238.9027,241.781,742907
2014-12-12,238.4915,240.4652,236.1065,236.4355,268030
2014-12-15,235.2842,236.8015,231.1722,231.1722,318233
2014-12-16,230.3499,232.0769,227.1426,230.8433,495716
2014-12-17,232.4881,233.5572,227.5538,230.5966,1139386
2014-12-18,232.6525,235.7776,230.3499,234.3795,1423390
2014-12-19,237.998,244.4949,235.9421,242.9323,1778910
2014-12-22,244.1659,244.1659,239.8895,241.6988,384420
2014-12-23,245.0705,245.0705,238.9027,239.3138,4255758
2014-12-24,242.6034,242.6034,236.0243,236.8467,200888
2014-12-29,238.4092,241.1231,235.4486,236.6822,672321
2014-12-30,234.544,235.7776,233.146,234.3795,160308
2014-12-31,234.544,237.2579,233.8861,235.3664,335619
2015-01-02,239.2316,240.6297,233.5572,240.6297,1336971
2015-01-05,234.3795,241.6165,234.3795,240.7941,751560
2015-01-06,239.0671,240.1362,232.817,234.0506,1468572
2015-01-07,234.7085,239.1494,229.034,238.2447,1271568
2015-01-08,238.2447,241.8632,238.1625,238.8204,548449
2015-01-09,237.6691,241.1231,237.6691,240.3829,1170146
2015-01-12,240.5474,242.4389,240.2185,240.9586,943286
2015-01-13,242.11,242.11,236.271,237.8336,576702
2015-01-14,234.6263,238.5737,234.1328,235.2019,771552
2015-01-15,233.3927,236.1065,228.1294,231.7479,493607
2015-01-16,227.7182,233.4749,226.1557,232.9815,665122
2015-01-19,235.2019,237.0934,232.0226,236.271,588196
2015-01-20,233.4749,241.2876,233.4749,239.2316,967118
2015-01-21,236.0243,240.3007,235.2019,237.6691,206678
2015-01-22,240.054,240.054,233.5572,236.8467,398883
2015-01-23,240.1362,240.8764,236.6,239.3138,738469
2015-01-26,234.873,239.1494,234.873,236.9289,501593
2015-01-27,241.3698,241.3698,234.3795,240.1362,2155722
2015-01-28,240.3829,252.2253,239.2069,249.1825,3497004
2015-01-29,248.6068,250.416,245.8929,249.1825,4562001
2015-01-30,252.472,256.5017,250.745,253.4589,1212785
2015-02-02,256.3372,256.3372,250.8272,253.7056,926130
2015-02-03,256.5839,263.0808,252.5542,258.2287,557633
2015-02-04,255.1036,258.5445,255.1036,258.4754,619906
2015-02-05,255.3503,258.9688,254.8569,257.0773,343962
2015-02-06,251.7319,260.9426,251.7319,257.982,386677
2015-02-09,254.9392,259.158,248.9357,252.472,868249
2015-02-10,254.1168,254.2401,249.1002,252.8832,558171
2015-02-11,252.5542,255.2928,249.6759,251.0739,316536
2015-02-12,248.7713,255.5148,248.7713,251.6496,554752
2015-02-13,253.2944,256.255,251.6496,254.3635,1213925
2015-02-16,250.9917,256.074,250.9917,254.1168,536036
2015-02-17,253.7056,259.0511,253.2944,258.0642,353793
2015-02-18,255.5148,262.3406,255.5148,259.38,564591
2015-02-19,259.7912,264.3966,259.1333,262.7518,372323
2015-02-20,263.5742,263.9031,260.3669,262.9985,2871920
2015-02-23,262.4228,267.4394,262.1761,267.4394,3057412
2015-02-24,264.9722,267.6039,264.1355,267.4394,284852
2015-02-25,267.2749,272.5382,265.5188,272.5382,916882
2015-02-26,272.5382,274.0185,267.7683,273.9362,1183895
2015-02-27,273.1138,279.364,272.7849,278.4593,2435433
2015-03-02,275.1698,278.9528,272.9494,276.6501,503147
2015-03-03,273.3606,279.6107,267.6039,268.344,838889
2015-03-04,267.2749,272.4559,265.219,269.7421,1688709
2015-03-05,271.3868,271.5513,268.5085,270.9756,1080445
2015-03-06,273.7718,275.5524,271.1401,274.8409,1174664
2015-03-09,274.3474,277.9659,271.7158,272.4559,356330
2015-03-10,271.3868,273.6895,261.5182,268.344,695999
2015-03-11,266.4525,273.0316,266.4525,269.4131,1181722
2015-03-12,265.7124,273.3606,264.561,269.2486,963954
2015-03-13,267.6861,269.7421,264.7255,266.617,791163
2015-03-16,270.071,270.071,261.7649,267.1927,424482
2015-03-17,265.3012,269.4313,258.9688,264.3143,594462
2015-03-18,262.7518,271.2224,260.8768,266.1236,2932208
2015-03-19,268.0973,272.3737,265.8769,271.7158,716186
2015-03-20,269.8243,275.0876,269.8243,272.4559,1314159
2015-03-23,273.3606,273.7718,268.9197,270.2355,642864
2015-03-24,271.3868,275.3343,267.6039,269.5776,626214
2015-03-25,272.2915,272.2915,257.5708,258.7221,1319694
2015-03-26,259.709,262.6881,247.5377,251.1562,1431948
2015-03-27,253.2944,256.9129,251.4029,252.5542,825704
2015-03-30,251.3207,257.2418,251.3207,256.8306,1186207
2015-03-31,258.5576,267.0282,257.982,265.1367,1502666
2015-04-01,266.5348,266.6992,260.2846,260.6958,2225542
2015-04-02,266.0413,266.0413,257.653,260.0379,925785
2015-04-07,258.3109,271.0579,258.3109,268.7552,624121
2015-04-08,264.6433,273.6073,264.6433,269.4131,1048626
2015-04-09,267.1104,271.8803,267.1104,271.1401,395025
2015-04-10,274.3474,279.5284,269.9575,279.5284,882948
2015-04-13,276.1567,279.6107,275.252,275.91,648444
2015-04-14,277.2258,279.2817,274.4132,278.7883,779481
2015-04-15,279.6107,281.2555,275.581,277.9659,1196881
2015-04-16,279.6107,280.9265,276.3211,279.364,1311258
2015-04-17,275.4988,278.9528,274.9231,275.0876,787138
2015-04-20,278.4593,278.7061,272.5382,276.7323,528347
2015-04-21,275.8277,282.4068,275.8277,279.5284,419720
2015-04-22,277.308,280.4331,275.0053,276.4856,1227891
2015-04-23,275.4988,280.3508,275.4988,280.2686,914105
2015-04-24,279.6107,291.2063,276.8048,289.0681,1515667
2015-04-27,284.545,289.726,284.545,286.6009,808605
2015-04-28,288.0812,291.453,285.943,291.0418,796065
2015-04-29,288.0812,291.5353,285.7786,286.6009,1648361
2015-04-30,283.8871,293.5912,283.5581,291.6997,1975565
2015-05-01,291.5353,293.7557,285.1207,286.0253,278947
2015-05-05,287.7523,287.8345,281.0087,281.6666,1012951
2015-05-06,280.1041,285.2851,275.4988,277.4725,885905
2015-05-07,275.4988,282.2423,271.1401,280.762,543859
2015-05-08,283.7226,290.7129,283.6404,287.8345,1924699
2015-05-11,288.9859,288.9859,280.0219,284.0516,1231216
2015-05-12,279.7752,283.6404,275.7455,280.9265,979192
2015-05-13,280.9265,286.1075,278.8705,280.4331,871866
2015-05-14,282.0778,286.4365,278.2949,282.9002,1796488
2015-05-15,284.545,287.0121,280.8443,282.818,1201950
2015-05-18,287.8345,287.8345,277.5547,286.6832,735230
2015-05-19,291.9464,294.8248,286.4546,294.4136,1448373
2015-05-20,295.5649,295.5649,289.2326,289.3148,3445011
2015-05-21,289.8082,290.6306,285.244,290.2194,998398
2015-05-22,287.3411,290.2885,283.8048,285.0384,813178
2015-05-26,282.818,286.6832,280.1041,281.3377,575170
2015-05-27,281.2555,282.489,275.4988,277.7192,1043257
2015-05-28,275.252,280.6798,275.0876,277.3902,693812
2015-05-29,274.2652,278.4593,269.7421,270.7289,892207
2015-06-01,269.7421,283.0647,269.7421,281.4199,4242057
2015-06-02,283.7226,284.7095,278.2126,278.9528,1622306
2015-06-03,278.7883,285.5318,278.7883,282.7357,1721772
2015-06-04,286.1898,286.1898,275.581,277.0613,1095584
2015-06-05,275.1698,276.6501,270.3177,271.6336,574109
2015-06-08,271.3868,273.0777,264.89,267.2749,1047093
2015-06-09,268.8374,270.5645,263.6564,266.4525,1076038
2015-06-10,264.9722,269.3309,263.163,267.2749,904797
2015-06-11,269.0842,270.9756,267.1104,268.8374,1516867
2015-06-12,266.946,268.0151,262.3406,266.7815,1365644
2015-06-15,265.8769,268.9197,263.6564,266.2058,949130
2015-06-16,267.2749,268.8374,262.9163,267.3572,1494226
2015-06-17,267.2749,270.071,265.3834,266.3703,540947
2015-06-18,263.3275,266.8637,262.834,265.5479,1775043
2015-06-19,262.5051,267.1927,256.5839,256.5839,2210469
2015-06-22,260.9426,260.9426,255.1036,257.5708,1485029
2015-06-23,262.7518,264.89,259.709,259.8735,1237008
2015-06-24,264.0676,264.0676,256.6662,256.8306,627331
2015-06-25,256.1727,260.5314,246.7153,259.2978,2040280
2015-06-26,261.3537,261.3537,258.2534,258.3109,3111303
2015-06-29,255.1859,257.4885,250.2516,255.6793,1228030
2015-06-30,257.653,259.5445,253.7056,258.2287,1691165
2015-07-01,259.8735,262.3406,257.1596,258.1464,2253289
2015-07-02,258.0642,260.2846,255.7615,257.1596,762798
2015-07-03,255.4326,256.6662,253.4589,254.199,306313
2015-07-06,250.8272,254.4457,250.3338,250.9095,669380
2015-07-07,254.1168,254.1168,244.8681,245.8929,2850750
2015-07-08,247.7022,249.2647,243.6725,244.1659,1708120
2015-07-09,246.8798,247.4555,245.3173,247.4555,3864169
2015-07-10,247.5377,250.745,247.3732,250.2516,1151119
2015-07-13,255.4326,255.4326,251.0082,252.0608,1562733
2015-07-14,252.0608,252.0608,245.6462,248.9357,1941022
2015-07-15,250.745,250.745,246.5508,248.9357,3372068
2015-07-16,250.8272,255.5148,249.5937,253.9523,3181892
2015-07-17,254.9392,254.9392,250.8272,252.143,3678317
2015-07-20,255.6793,256.9951,253.1299,256.9129,1197643
2015-07-21,257.653,263.0808,257.653,261.6827,2286546
2015-07-22,262.4228,262.9163,260.0379,262.0117,1288433
2015-07-23,263.0808,263.9031,261.8472,262.6696,798168
2015-07-24,263.163,265.219,261.5182,264.4788,1108912
2015-07-27,263.163,265.1449,261.1893,262.0117,1500832
2015-07-28,260.3669,266.4525,256.9951,259.5445,3614652
2015-07-29,257.982,262.6696,256.3372,262.0939,1664224
2015-07-30,261.5182,264.1499,256.0905,256.6662,799714
2015-07-31,258.1464,261.3537,256.5839,260.2024,843348
2015-08-03,258.2287,264.7255,258.2287,263.9854,611552
2015-08-04,264.6433,266.1236,261.6005,264.9722,326574
2015-08-05,264.0676,265.5479,261.3168,264.8078,542090
2015-08-06,263.8209,266.8637,263.2452,264.4788,1126528
2015-08-07,264.1499,264.1499,259.7912,260.7781,302534
2015-08-10,260.1202,262.1761,257.3241,258.2287,1293133
2015-08-11,256.5017,257.8997,254.4457,256.9951,1220316
2015-08-12,256.5839,256.5839,250.0048,256.255,856078
2015-08-13,256.9951,261.107,256.9951,260.6136,1047915
2015-08-14,258.9688,262.3406,256.255,259.38,589071
2015-08-17,258.5576,260.3669,253.8701,254.9392,280832
2015-08-18,252.2253,257.2418,252.2253,255.5148,322642
2015-08-19,252.472,254.1168,248.7713,249.2647,1289496
2015-08-20,248.3601,249.9637,242.7679,242.7679,2696188
2015-08-21,242.6034,245.4817,231.6657,232.9815,1725561
2015-08-24,228.6229,229.2808,216.1226,226.1557,1464997
2015-08-25,227.0603,234.544,227.0177,232.2413,1146363
2015-08-26,234.4618,237.9158,229.5275,235.5309,1229145
2015-08-27,241.2053,241.781,237.0934,240.4652,3342285
2015-08-28,241.3698,244.4949,239.9718,244.4949,761032
2015-09-01,245.4817,245.4817,240.1362,242.7679,742521
2015-09-02,243.7547,244.4949,239.725,243.3435,743238
2015-09-03,241.6988,246.5508,241.3698,246.5508,975957
2015-09-04,244.2482,245.8107,239.6428,240.054,631384
2015-09-07,243.6725,243.6725,237.8336,239.6428,266639
2015-09-08,240.3007,242.5211,238.7382,240.9586,704268
2015-09-09,245.4817,245.8929,242.8501,244.5771,370527
2015-09-10,244.9061,244.9061,241.8632,244.0014,590245
2015-09-11,243.4258,245.1528,243.4258,244.3304,357884
2015-09-14,243.837,246.3041,243.837,245.8929,1017961
2015-09-15,244.2482,246.4686,239.9718,240.6297,2153386
2015-09-16,244.4126,244.5771,239.6428,242.5211,693807
2015-09-17,245.1528,246.7153,242.6856,246.7153,1974388
2015-09-18,246.7153,247.9489,241.9455,246.0574,1172547
2015-09-21,240.4652,249.7581,240.4652,249.018,864233
2015-09-22,251.0739,251.0739,242.6034,243.0146,1371535
2015-09-23,243.1791,247.3732,242.2744,245.1528,756701
2015-09-24,243.0146,246.2219,238.7382,239.3138,3014487
2015-09-25,243.7547,243.7547,235.4486,236.4355,2118374
2015-09-28,237.7513,237.7513,228.8696,229.692,1517152
2015-09-29,228.7051,229.4452,225.0866,225.909,2158328
2015-09-30,230.3499,230.3499,224.3136,224.6754,3327121
2015-10-01,224.5109,231.419,224.3465,229.7742,1916507
2015-10-02,233.0637,243.2613,231.0078,241.3698,1706668
2015-10-05,243.508,248.5246,242.0277,247.4555,1042306
2015-10-06,246.2219,249.8404,245.4817,248.2778,552997
2015-10-07,247.3732,250.2516,241.452,243.3435,1083340
2015-10-08,243.0146,244.5771,241.5343,243.5902,650320
2015-10-09,245.8929,246.7153,241.781,243.6725,2097083
2015-10-12,241.3698,244.9061,241.0409,242.6034,570916
2015-10-13,243.3435,244.9883,240.4652,244.5771,653009
2015-10-14,241.8632,243.4258,241.452,243.1791,890517
2015-10-15,242.6856,244.6593,241.8632,243.0968,577160
2015-10-16,242.5211,243.9192,242.1922,242.2744,982319
2015-10-19,241.781,243.6725,240.9586,243.4258,348321
2015-10-20,244.2482,246.7975,241.9455,246.6331,955490
2015-10-21,246.6331,250.6628,245.3995,250.0871,964900
2015-10-22,249.9226,251.4029,249.5937,250.745,711278
2015-10-23,250.9095,254.1168,249.3469,251.2384,491785
2015-10-26,249.1825,251.4851,249.1002,250.9095,335413
2015-10-27,249.6759,249.7581,246.8798,247.5377,440310
2015-10-28,248.3601,248.7269,243.6725,247.8666,1117307
2015-10-29,247.5377,248.2778,243.0146,246.3864,1050222
2015-10-30,246.7153,248.5246,246.4686,248.3601,1539958
2015-11-02,248.3601,251.4029,248.3601,251.3207,492967
2015-11-03,250.1693,251.4851,249.3634,250.8272,375995
2015-11-04,250.6628,253.7056,250.6628,252.801,556219
2015-11-05,248.3601,254.1168,248.3601,252.3075,409436
2015-11-06,246.6331,254.4457,246.6331,253.6233,675221
2015-11-09,248.4423,263.4919,248.4423,262.9985,1028745
2015-11-10,264.89,273.1138,262.9985,273.0316,1479852
2015-11-11,271.3868,276.6501,271.3868,274.3474,1031751
2015-11-12,274.3474,274.3474,265.6301,265.6301,407734
2015-11-13,268.344,268.344,263.0808,264.8078,947748
2015-11-16,260.7781,269.3309,260.7781,267.4394,1099345
2015-11-17,267.6039,270.1533,265.8769,267.5216,1444938
2015-11-18,267.4394,268.0973,264.89,265.9591,740852
2015-11-19,268.5907,269.4954,266.2058,268.344,640877
2015-11-20,269.8243,270.0464,265.9591,266.8637,1199459
2015-11-23,267.9328,267.9328,262.5873,263.3275,1521859
2015-11-24,260.6958,261.5182,253.7878,257.0773,5299728
2015-11-25,258.9688,262.5873,257.1596,262.5873,1919001
2015-11-26,260.9426,268.0973,260.9426,267.2749,1285001
2015-11-27,266.946,269.8243,264.1087,265.8769,1067423
2015-11-30,264.561,277.9659,264.561,277.7192,1453787
2015-12-01,273.0316,279.4709,272.127,272.127,3693097
2015-12-02,273.0316,276.5679,271.3046,274.5119,1144388
2015-12-03,272.4559,276.5689,267.9328,269.8243,495654
2015-12-04,268.344,272.8671,267.6039,270.5645,539917
2015-12-07,271.3868,273.4428,269.8243,272.2092,668976
2015-12-08,272.5382,272.5382,267.6039,270.6467,344981
2015-12-09,270.4,270.4,265.9591,266.1236,1048910
2015-12-10,265.7946,270.6467,264.7255,269.3309,714398
2015-12-11,270.5645,272.7027,268.0151,272.2915,1957230
2015-12-14,271.7158,274.1007,269.5776,270.8934,2548131
2015-12-15,271.7158,277.8837,269.7421,274.1007,858811
2015-12-16,274.7586,279.035,274.7586,276.5679,962413
2015-12-17,279.035,286.6009,278.4593,284.8739,1033802
2015-12-18,281.5022,284.8739,277.9659,281.1732,1847885
2015-12-21,279.8574,284.2983,278.4593,282.6535,1375646
2015-12-22,282.4068,285.6963,282.3245,283.8048,601997
2015-12-23,283.8871,290.8773,283.8871,289.3971,911886
2015-12-24,288.328,291.9464,285.6141,290.2194,382115
2015-12-29,288.8214,296.7163,284.545,296.634,799303
2015-12-30,296.8808,298.8543,293.18,294.6603,299245
2015-12-31,294.9893,295.8939,290.4662,291.3708,76271
2016-01-04,290.3017,293.4267,289.3148,293.4267,1583521
2016-01-05,294.4136,298.1966,292.9333,296.7985,1317822
2016-01-06,296.3873,296.3873,290.3839,293.8379,1632802
2016-01-07,289.4793,294.3314,287.5056,289.6438,1536536
2016-01-08,289.1503,295.236,287.8345,291.2063,1301212
2016-01-11,291.0418,291.0418,278.4593,281.8311,2152576
2016-01-12,282.3245,287.2589,278.9774,287.2589,1953970
2016-01-13,290.2194,291.782,284.9562,291.782,746590
2016-01-14,286.8477,290.1372,286.5187,288.6569,1139382
2016-01-15,287.8345,289.9727,286.7741,289.1503,1629826
2016-01-18,289.5615,291.5353,286.6832,288.7391,804682
2016-01-19,295.0715,295.0715,287.0121,288.0812,1169459
2016-01-20,286.1898,291.2063,283.6897,284.7095,2312545
2016-01-21,284.545,285.8608,281.2555,284.3805,1464307
2016-01-22,286.9299,290.4662,285.1207,289.4793,476330
2016-01-25,289.8905,289.8905,285.2851,289.8905,2462321
2016-01-26,287.999,300.0881,281.0087,297.7031,1492800
2016-01-27,297.0452,313.5752,296.0748,308.3941,2118064
2016-01-28,306.2559,312.088,305.927,308.0652,738804
2016-01-29,308.2297,320.7299,306.8316,319.743,1216914
2016-02-01,320.4009,320.5654,308.3941,312.5061,2672005
2016-02-02,314.0686,314.8087,310.5323,311.108,1945601
2016-02-03,316.618,322.2049,310.779,316.618,5942392
2016-02-04,321.5523,321.5523,310.2034,312.835,1786791
2016-02-05,312.0949,314.8679,309.4632,311.437,2586867
2016-02-08,311.9304,314.2285,297.4564,298.8545,2440297
2016-02-09,298.8545,302.5552,296.4696,297.2097,2022962
2016-02-10,300.4992,301.0749,293.3064,296.4696,3128979
2016-02-11,295.3182,295.3182,291.1241,292.2754,2592330
2016-02-12,293.509,296.7163,291.6997,294.8248,1152789
2016-02-15,300.1703,307.0783,298.6324,306.0915,742952
2016-02-16,307.1606,308.6984,298.8545,300.746,1106114
2016-02-17,301.8151,312.9995,301.7328,308.9698,1051671
2016-02-18,312.3416,312.4238,302.9664,305.7625,950950
2016-02-19,306.3382,306.3382,299.6703,302.3907,947860
2016-02-22,304.6934,304.6934,296.1262,299.3479,1230160
2016-02-23,298.361,301.8151,296.0584,300.5815,470246
2016-02-24,301.6506,302.8019,296.963,299.4301,1898712
2016-02-25,300.9104,308.3119,296.2228,307.654,1305667
2016-02-26,308.4764,317.1114,308.4764,314.1508,1027062
2016-02-29,312.0126,314.0801,309.6277,312.835,1188109
2016-03-01,313.2462,315.9601,306.1737,307.654,1825384
2016-03-02,309.7099,311.5192,300.0058,301.8151,1387861
2016-03-03,302.2263,304.1589,295.7294,296.4696,1531331
2016-03-04,298.69,298.69,291.8642,295.6472,1230782
2016-03-07,294.0024,300.4992,293.0155,294.8248,616961
2016-03-08,291.3708,292.1932,285.4496,288.9859,965849
2016-03-09,286.6009,289.2326,285.2851,287.2589,822350
2016-03-10,287.5056,288.328,283.4759,283.7226,1830359
2016-03-11,287.67,288.6569,283.3936,287.0121,1239746
2016-03-14,287.67,291.0172,284.1338,285.0384,1402789
2016-03-15,284.7095,286.0253,283.8871,285.943,839848
2016-03-16,285.8608,287.5878,284.545,287.5878,1369148
2016-03-17,287.8345,287.8345,284.7917,285.5318,1065122
2016-03-18,284.7917,285.6963,282.3245,284.7917,1112130
2016-03-21,284.6272,287.0121,283.0647,285.1207,443506
2016-03-22,284.2983,291.0418,282.8427,290.9596,855719
2016-03-23,292.1932,296.963,291.2885,296.1406,1247971
2016-03-24,295.236,299.792,293.9202,297.2919,1063634
2016-03-29,297.5387,301.0749,294.3314,297.3742,798520
2016-03-30,301.0749,310.6146,299.6769,309.2165,1212636
2016-03-31,308.9698,311.5192,306.8316,308.3941,658704
2016-04-01,305.2691,310.9435,305.2691,309.381,616393
2016-04-04,310.9435,317.1114,308.9698,314.9732,708751
2016-04-05,315.3022,318.2627,312.3416,312.5883,1522353
2016-04-06,314.1508,321.2233,310.0389,321.1411,827602
2016-04-07,322.8681,326.2399,321.1411,322.7036,770636
2016-04-08,321.8812,324.4306,311.2725,311.2725,2167027
2016-04-11,313.3284,314.891,308.7231,313.8219,1697634
2016-04-12,310.5323,314.1508,307.2778,312.1771,234252
2016-04-13,316.5357,316.5357,307.7362,311.0258,774784
2016-04-14,312.0949,313.2873,304.9812,308.3119,460177
2016-04-15,309.7922,309.7922,302.7197,303.2954,739715
2016-04-18,303.4598,305.1046,301.1572,303.7065,599700
2016-04-19,305.3513,308.3941,303.2954,304.0355,483768
2016-04-20,305.0224,305.4336,299.8413,302.6374,589549
2016-04-21,301.4861,303.4598,296.4696,298.361,287739
2016-04-22,298.1143,301.5683,294.7426,294.7426,410663
2016-04-25,296.1406,299.2657,296.1406,298.8545,678793
2016-04-26,297.3742,299.8413,295.8528,298.5255,304718
2016-04-27,299.6769,301.9795,296.517,301.3216,527868
2016-04-28,300.417,304.9401,296.963,303.4598,375915
2016-04-29,300.5815,302.5552,295.6472,296.7163,1093767
2016-05-03,298.7722,299.5124,292.4399,293.5912,1188097
2016-05-04,293.5912,296.2228,292.1109,295.236,1264313
2016-05-05,297.1275,301.7328,295.236,296.3873,1792150
2016-05-06,296.2228,298.7722,295.236,295.9761,592759
2016-05-09,298.69,305.2691,296.1432,301.8151,472030
2016-05-10,306.3382,309.7099,300.2525,309.6277,3802654
2016-05-11,310.6146,313.4929,305.927,310.1211,2764169
2016-05-12,307.4073,317.1114,307.4073,317.1114,3378899
2016-05-13,316.618,320.6477,316.618,318.5917,1249389
2016-05-16,318.2627,320.7299,314.9732,317.8516,2915609
2016-05-17,320.7299,320.7299,311.1902,314.8087,1510150
2016-05-18,315.3022,315.3022,300.9104,302.6374,1866867
2016-05-19,300.9927,301.9302,280.5153,292.5221,4307633
2016-05-20,295.8117,299.7591,294.0024,297.2919,2385753
2016-05-23,296.8808,299.3479,290.8773,292.4399,700738
2016-05-24,290.3017,293.9037,286.9299,291.5353,2213358
2016-05-25,291.5353,294.157,289.3148,289.5615,688536
2016-05-26,290.2194,292.1109,288.328,291.9464,1357216
2016-05-27,293.18,293.18,288.6569,290.1372,834182
2016-05-31,290.9596,290.9596,282.818,283.4759,806900
2016-06-01,280.3508,281.7653,277.1435,279.1173,7814276
2016-06-02,276.8146,283.0647,276.8146,282.489,3263491
2016-06-03,282.9002,283.8871,277.1435,278.7883,2703411
2016-06-06,276.6501,280.1041,269.9888,271.3868,2006254
2016-06-07,271.3868,271.3868,262.9985,266.5348,3293083
2016-06-08,271.3868,275.8277,269.9888,274.5119,4602006
2016-06-09,275.0053,275.91,272.2092,273.4428,2058922
2016-06-10,273.4428,274.5941,269.8243,271.1401,1429078
2016-06-13,269.7421,271.3046,264.1499,264.1499,2742049
2016-06-14,263.163,264.8078,256.255,257.4063,2787091
2016-06-15,260.3669,263.8209,257.0773,259.38,3094947
2016-06-16,259.5445,260.8603,256.9951,260.3669,2848246
2016-06-17,260.6958,265.3834,259.1415,260.4491,4303686
2016-06-20,263.0808,271.798,261.3537,269.7421,3890181
2016-06-21,269.7421,272.5382,263.6564,265.6301,1692401
2016-06-22,266.946,271.6473,261.3537,266.4525,3364938
2016-06-23,269.0019,271.4691,263.2452,263.2452,2013759
2016-06-24,236.9289,250.8272,193.2603,246.0574,8426849
2016-06-27,246.7153,246.7153,234.4618,236.271,2983352
2016-06-28,242.9323,244.9061,233.9683,242.8501,2804257
2016-06-29,243.508,245.9752,240.9586,244.2482,14130497
2016-06-30,245.9752,253.8701,243.0968,252.8832,839393
2016-07-01,254.9392,264.89,254.9392,263.163,2732665
2016-07-04,266.4525,266.4525,253.6233,253.6233,778479
2016-07-05,252.5542,252.5542,240.1362,246.3041,1444704
2016-07-06,245.4817,245.7284,238.7382,240.6297,2674498
2016-07-07,244.0837,248.0311,240.9586,247.1265,2367171
2016-07-08,245.1528,249.5937,244.3415,248.5246,1044846
2016-07-11,249.9226,254.2812,246.7975,251.8141,956250
2016-07-12,250.9095,256.1727,250.3338,252.3898,1465936
2016-07-13,251.6496,256.5839,249.5114,252.801,1538615
2016-07-14,254.9392,256.3372,250.6628,254.528,1233984
2016-07-15,252.472,256.3372,250.1693,253.7878,1358179
2016-07-18,252.8832,261.7649,252.8832,260.6136,1488702
2016-07-19,260.6136,262.7518,257.2418,262.0117,1098916
2016-07-20,260.6136,265.219,257.3241,263.163,1564446
2016-07-21,263.163,266.1466,261.7649,265.0545,1271284
2016-07-22,265.9591,265.9591,259.1333,262.5051,879020
2016-07-25,267.7683,267.7683,261.107,264.3966,871761
2016-07-26,257.653,263.7387,251.8141,255.5971,4033422
2016-07-27,255.1036,261.7649,253.8701,261.436,2443435
2016-07-28,259.709,273.6895,257.9491,273.3606,2495815
2016-07-29,270.5645,272.2896,266.6992,269.4131,878904
2016-08-01,270.9756,271.798,269.2486,269.7421,3195576
2016-08-02,268.344,270.6467,262.4228,265.3834,2243967
2016-08-03,265.1367,268.9197,264.8078,267.3572,1590076
2016-08-04,269.6598,273.3606,266.6992,270.4822,1015889
2016-08-05,269.7421,276.2389,269.7421,273.6073,1683969
2016-08-08,273.9362,275.1814,271.4691,273.525,737433
2016-08-09,273.525,275.8277,270.5645,273.4428,836253
2016-08-10,271.3868,274.1043,270.8112,272.2092,913173
2016-08-11,274.1007,280.0219,271.798,279.6929,1518012
2016-08-12,280.1864,283.1469,278.5416,282.9002,1130751
2016-08-15,281.1732,283.8871,279.364,283.8871,1103136
2016-08-16,282.818,285.8608,282.4068,283.8871,1759537
2016-08-17,282.6535,284.2983,282.0778,283.1469,939420
2016-08-18,282.9825,284.8777,281.5022,282.7357,7371940
2016-08-19,282.489,282.489,278.7883,281.5022,1377412
2016-08-22,279.1995,292.4399,278.5498,290.3017,1129365
2016-08-23,291.1241,296.5518,289.9809,294.4136,6394757
2016-08-24,290.3017,297.929,290.3017,296.7163,2462259
2016-08-25,293.5912,296.3873,293.5912,296.2228,2535372
2016-08-26,292.2754,294.1669,290.7887,292.0287,992779
2016-08-30,292.0287,295.9761,292.0287,295.236,2351499
2016-08-31,294.4136,295.4005,285.2029,288.6569,2708477
2016-09-01,288.4102,291.9464,288.4102,288.4102,844605
2016-09-02,289.2326,303.6243,285.3674,302.2263,1434143
2016-09-05,303.6243,304.2822,294.1669,299.8413,662269
2016-09-06,297.4564,300.746,292.0945,293.5912,1567679
2016-09-07,293.0978,295.1537,292.0287,294.5781,1327760
2016-09-08,293.4267,295.8939,290.1372,291.9464,1239720
2016-09-09,290.055,291.3708,287.2589,287.5056,607976
2016-09-12,286.6009,288.2457,282.2423,285.3674,708765
2016-09-13,288.9859,288.9859,281.8311,283.6404,870372
2016-09-14,285.6963,287.9168,283.7226,284.6272,1634866
2016-09-15,285.3674,288.4924,281.6666,287.0944,842557
2016-09-16,288.4924,290.2194,284.4627,284.4627,2291005
2016-09-19,289.3148,289.6438,284.7095,288.4102,1753905
2016-09-20,286.8477,288.2457,277.308,281.2555,2908117
2016-09-21,282.9002,285.0795,280.762,281.9956,1742396
2016-09-22,282.9002,283.2621,276.3839,276.8968,1239148
2016-09-23,275.3343,275.6632,269.8243,274.0185,2367654
2016-09-26,274.0185,274.0185,268.7552,270.1533,1609926
2016-09-27,269.9888,270.5645,266.4525,269.4954,1398668
2016-09-28,268.673,274.5941,267.472,273.3606,2485112
2016-09-29,272.8671,275.4988,271.798,274.9231,1493377
2016-09-30,270.8934,276.7323,270.8934,275.91,2237616
2016-10-03,276.6501,279.6929,275.7455,276.8968,1489203
2016-10-04,275.7455,279.035,272.1049,272.127,4176753
2016-10-05,275.1698,275.1698,268.4263,271.1401,1797993
2016-10-06,273.1961,273.1961,266.8637,267.2749,2153806
2016-10-07,269.3309,269.3309,255.5088,256.5839,2020359
2016-10-10,260.2846,260.2846,252.2253,253.7878,1954187
2016-10-11,252.143,254.6102,247.7844,250.2516,2665961
2016-10-12,248.8535,249.1825,242.5705,244.4126,2456522
2016-10-13,242.6034,246.7153,242.4258,245.1528,1394340
2016-10-14,244.8238,251.3207,244.8238,250.0048,8258295
2016-10-17,251.2384,252.2253,247.1265,248.7713,1255177
2016-10-18,249.1002,252.801,248.4423,251.4851,1739083
2016-10-19,250.0871,262.0117,250.0871,259.6267,2313665
2016-10-20,258.8044,261.6005,256.3372,259.9557,2484907
2016-10-21,261.6827,264.561,259.4623,261.7649,1414521
2016-10-24,261.6827,266.3703,260.6958,261.6005,1592220
2016-10-25,261.1893,265.3012,261.1893,264.8078,3399863
2016-10-26,263.163,267.3572,263.163,266.5348,6475804
2016-10-27,265.0545,269.4954,265.0545,269.3309,2425757
2016-10-28,268.344,272.7849,266.8637,271.4691,2043754
2016-10-31,269.9065,272.2092,269.6598,271.3868,2227097
2016-11-01,273.0316,273.0316,264.561,265.0545,4233558
2016-11-02,265.3834,267.3572,262.9163,265.6301,1472584
2016-11-03,263.9854,270.2355,262.1761,262.1761,1253126
2016-11-04,264.0676,264.0676,254.528,254.6924,1532699
2016-11-07,256.6662,258.1464,253.2412,257.8997,1120952
2016-11-08,255.6793,259.8735,255.2681,255.6793,1254505
2016-11-09,252.2253,255.3503,246.7153,250.9095,2041745
2016-11-10,249.6759,251.6496,243.1791,244.2482,1435998
2016-11-11,242.6856,243.7547,237.5868,240.054,2154823
2016-11-14,244.9061,274.2652,244.6758,262.9163,4959377
2016-11-15,260.3669,269.6105,260.3669,266.3703,3152138
2016-11-16,268.9197,270.8112,263.3275,263.7387,2543958
2016-11-17,266.3703,266.7914,251.1562,256.8306,4432069
2016-11-18,255.7615,258.9688,251.8141,253.2944,1976626
2016-11-21,250.6628,253.9852,237.1756,239.1494,4733491
2016-11-22,243.0968,243.4258,238.8204,238.9027,2414470
2016-11-23,239.8073,241.6165,235.2019,235.2019,2543210
2016-11-24,234.9552,238.7382,234.9552,238.5737,3117963
2016-11-25,238.5737,242.4389,238.4915,241.2876,1565838
2016-11-28,240.5474,249.2647,240.5474,242.2744,1806819
2016-11-29,241.1231,246.1232,240.2185,242.0277,1526384
2016-11-30,245.0705,245.0705,238.679,239.3138,2019402
2016-12-01,237.4224,239.1494,232.817,233.4749,1745149
2016-12-02,231.419,236.1065,227.8005,227.8005,1516676
2016-12-05,231.9124,234.3795,227.7429,229.2808,2099550
2016-12-06,233.0637,233.0637,225.4156,227.4715,1728951
2016-12-07,230.6788,230.6788,221.8793,222.3727,3301955
2016-12-08,224,224,215,218.9,6561913
2016-12-09,221,225.3,219.1,224,13582910
2016-12-12,223.9,235,222.3,234,5727120
2016-12-13,232,248,232,245,12574700
2016-12-14,245.3,247.3,235.9,237.1,7486627
2016-12-15,236.6,239.3,234,234.2,8318115
2016-12-16,233.9,237.5,232.3768,232.4,11069670
2016-12-19,230,241.6,227.6,238.1,4471977
2016-12-20,236.7,238.8,233.2,237.9,4164340
2016-12-21,240.7,247.3,237.9,245,4340132
2016-12-22,242.6,246.3,238,244.5,10205000
2016-12-23,247,247,242.9,244,1082724
2016-12-28,242,243.9,237,243.9,2921075
2016-12-29,243.1,245.5,240,244.9,954831
2016-12-30,247,248.3,245.3,246.5,514106
2017-01-03,248.2,248.8,238.3,240,5062675
2017-01-04,242.3,244,238.5,243.5,5086327
2017-01-05,244.6,246.2,240.6,241,3207945
2017-01-06,241,243.98,239,243.3,3286341
2017-01-09,244.6,245.7,238.5,240.3,2508773
2017-01-10,241.2,242.1,239,239.1,1681587
2017-01-11,241,245.1,239.6,242.9,11906990
2017-01-12,244,249.4,243.25,247.5,3784888
2017-01-13,249.3,249.7,246.4,247,2744931
2017-01-16,247,248.1,240.5,241.2,3248559
2017-01-17,241.6,243.2,237.8,239,2747493
2017-01-18,238.7,242.87,237.2,242,2733145
2017-01-19,243.5,245,240.1,241.5,4273014
2017-01-20,239.9,241.4,235.2,236,1559090
2017-01-23,236.6,236.6,228.1,230.1,4702656
2017-01-24,228,228.33,222.8,223.5,3232183
2017-01-25,226,226,219.7,220.5,3935451
2017-01-26,222.1,222.1,219.6,221.4,2360831
2017-01-27,221.6,222.7721,221,222.4,2613992
2017-01-30,222.5,223.64,217.892,218.3,3308239
2017-01-31,229.5,236,225.9,236,17876990
2017-02-01,236.7,241.9,233,241.5,16242780
2017-02-02,240.5,246,238.9,245.5,8616210
2017-02-03,246,252.2,243.0318,252,7561148
2017-02-06,252.6,252.6,246.1,246.1,5305343
2017-02-07,247.6,250,244.6,245,3170262
2017-02-08,247.2,253.21,242.8,252.5,3787809
2017-02-09,254.5,254.6,249.4,249.8,4595771
2017-02-10,250.5,252.92,247.8,250.2,2264090
2017-02-13,248.9,253.8,248.9,251,3250410
2017-02-14,251.8,254.04,250.2,253.5,2944767
2017-02-15,251.8,254.8,251.2,251.5,3029761
2017-02-16,251.4,251.9,244.9,247.2,2955706
2017-02-17,249.6,250.8,245.8,249.5,3158122
2017-02-20,250,250.3,248,250,2078579
2017-02-21,251.1,251.2,248,249.3,2365914
2017-02-22,250.1,252.6,248.3,250.7,3067013
2017-02-23,251,252.9,249.4,250.4,4104987
2017-02-24,250,254.9,247.7,252.1,4028684
2017-02-27,253,256.6,251.1,256,4713811
2017-02-28,255.5,259.7,255.5,259.6,6895073
2017-03-01,258.4,262.5,258.4,262,4594502
2017-03-02,261.5,263.4,260.6,262.8,3195376
2017-03-03,262.1,265.3,260.3,261.5,5505177
2017-03-06,259.8,261.6,257.8,259.5,2481253
2017-03-07,259.1,260.3,257.5,257.9,2667934
2017-03-08,258.7,259.5,255.1,255.5,4619518
2017-03-09,255.6,257.2,252.7,255.3,2739296
2017-03-10,254.2,256.6,251.8,255.5,1157402
2017-03-13,257.5,257.5,252.9,253.5,1811635
2017-03-14,253.5,254.4,251.2,253,1925368
2017-03-15,252.3,255.1,251.7,252.8,2551853
2017-03-16,253.4,259.9,253,255,1917704
2017-03-17,256.3,258.2,254.9,257.8,1654338
2017-03-20,256.4,262.8,256.4,262.3,2221429
2017-03-21,261.7,263,256.6,257.3,2313888
2017-03-22,255.7,256,251.87,253,1249022
2017-03-23,253.6,258,251.5,257.2,1619170
2017-03-24,258,258.1,253.9,255,1923621
2017-03-27,253,255.1,251.6,254,2296588
2017-03-28,254.9,254.9,248.5,248.9,7219506
2017-03-29,249.8,250.32,245.97,249.4,2320613
2017-03-30,250,250.432,246.7,247.2,1593134
2017-03-31,247,247,242.684,245.8,3990520
2017-04-03,247,249.468,242.5,243.9,1905451
2017-04-04,247.3,249.7,245.4,248.9,3465703
2017-04-05,247.6,248.9,244,247,1347610
2017-04-06,246,249.3,243.7,248.6,2974602
2017-04-07,247.1,251.5,247.1,249.7,2150656
2017-04-10,250.4,251.7,247.9,251.7,1184531
2017-04-11,251.4,254.6,250.85,253.8,1833197
2017-04-12,254.5,256.8,253.2,256.1,2127941
2017-04-13,256.8,257.5,254.8,257.1,1957952
2017-04-18,257,259.8,249.5,249.6,3395874
2017-04-19,249.3,250.6,243.6,244.5,3267456
2017-04-20,245.4,246.4,244.1,246.2,1498558
2017-04-21,245.4,246.9,243.4,244,1930157
2017-04-24,248,248,243.8,245.6,3686553
2017-04-25,246.5,247.9,227.2,227.8,6730164
2017-04-26,228.5,234.8,227.9,230,25914340
2017-04-27,229.1,231.316,228.1,229,5097302
2017-04-28,229.7,229.7,218.3,228,8553343
2017-05-02,227.3,234.1,226.75,232.5,3566277
2017-05-03,232.4,232.4,228,228.4,2608829
2017-05-04,229.1,230.4,225.8,229.3,2438478
2017-05-05,229.2,231.1,227.66,229.6,5756832
2017-05-08,229.4,231.9,226.9673,230,4739893
2017-05-09,229.5,233.5,229.5,232.6,7212748
2017-05-10,232.6,241.7,232,241.2,5507927
2017-05-11,241.8,242.684,237.2,239.8,6697796
2017-05-12,240,240,234.3,235,3745593
2017-05-15,236.1,237.5,231.9,233.5,2957467
2017-05-16,233.1,234.6,230.3,234.3,2867084
2017-05-17,231.9,233.6,230.1,230.9,2040396
2017-05-18,231.8,231.8,226.8,227.1,3494010
2017-05-19,227.3,231.5,226.3,231.5,3954123
2017-05-22,231.6,231.6,226.6469,227.3,6365592
2017-05-23,232.9,251.1,232.89,243.8,12112260
2017-05-24,242.4,247.6,241.8,244.7,7580718
2017-05-25,246.9,246.9,236.5,236.5,10559180
2017-05-26,236.1,239.6,232.6,238.9,5562546
2017-05-30,240.1,243.2,236.7,238.6,6745008
2017-05-31,241.1,246.6,237.2,241.5,5392428
2017-06-01,240.5,242.3,237,241.7,3173582
2017-06-02,244,251,242.75,248.4,5918104
2017-06-05,248,257.1,248,255.2,4003317
2017-06-06,253.8,256.9,250.2,250.7,5747361
2017-06-07,250.2,252.4,247.5,248.4,2525515
2017-06-08,250.9,250.9,244.9,247.2,2457436
2017-06-09,247.5,248.2,243.6,246.4,5398261
2017-06-12,244,246.2,242.17,242.4,2754961
2017-06-13,245.1,245.1,237.6,242.3,3362517
2017-06-14,243,249.3,242,248.4,3081147
2017-06-15,248,248.7,240.8,244.9,3501219
2017-06-16,245.1,249.5,245,248.6,3576933
2017-06-19,249.4,250.1,246.1,248.9,1557304
2017-06-20,249.6,253.1,248.7,251,1823575
2017-06-21,250.8,252.6,249.6,251.9,2738862
2017-06-22,253.1,253.3,250.7,252.3,2092109
2017-06-23,253.1,253.2,250.9,252.7,2293394
2017-06-26,253,255.2,251.3,252,2464544
2017-06-27,253.3,253.3,250.6,251,2877033
2017-06-28,249.9,251,244,247.5,2449120
2017-06-29,248.7,248.7,243.8,246.5,2341658
2017-06-30,245.6,248.7,245.4,246,1989902
2017-07-03,246.1,249,239.8,241,2168139
2017-07-04,241,242,238.8,240,2331529
2017-07-05,238.8,241.9,238.1,240,1546017
2017-07-06,239.4,241,235.9,237.8,2638007
2017-07-07,238.9,241.5,236,237.6,1713584
2017-07-10,238,238.6,235.5,237.9,2430723
2017-07-11,238.2,239.2,227.8,231.1,3531818
2017-07-12,230.3,232.7,224.7,227.4,3676361
2017-07-13,226.4,228.8,225,227.1,2081133
2017-07-14,228.3,229.6,227.1,228.2,1631007
2017-07-17,228.6,232.8,227.8,230.7,1740244
2017-07-18,231,231.8,229.7,230.2,1697034
2017-07-19,232.1,232.2,226.9,227.7,1626597
2017-07-20,229.6,230.2,226.9,229,1668157
2017-07-21,229.5,233.4,229.2,233,2194884
2017-07-24,233.3,233.3,226.8,228.6,2504752
2017-07-25,229.5,231.6,227.5,229.8,1963263
2017-07-26,231,236.7,229.9,233.6,2655173
2017-07-27,234.2,237.3,230.8,232,3588752
2017-07-28,232.7,232.7,226.5,227.5,2052684
2017-07-31,227,227.4,223.4,223.8,1943847
2017-08-01,224.8,225.2,217.1,217.5,2328311
2017-08-02,218.6,222.9,217.7,222.9,2487138
2017-08-03,223.7,224.3,221.4,224.1,990103
2017-08-04,224.2,224.6,222,224.6,912725
2017-08-07,224.8,224.8,221,222.1,1504356
2017-08-08,222.4,224.4,220.5,223,1693022
2017-08-09,223.6,225.3,223,225.3,1027639
2017-08-10,225.8,225.8,221.9,222.7,2259463
2017-08-11,222.6,223.2,219.1,219.2,5430080
2017-08-14,219,220.7,216.4,219.6,2328900
2017-08-15,219.6,220.9,218.6,220.1,1517664
2017-08-16,220.9,222.7,220.4,222.1,1087379
2017-08-17,222.5,226.4,222.5,225,2063293
2017-08-18,222,223.276,220.6,220.9,1416672
2017-08-21,220.5,220.5,216.584,218.1,1156170
2017-08-22,218.6,218.9,214.6,218.3,4352522
2017-08-23,217.5,219.3,207.38,208,8565580
2017-08-24,210.5,215.4,189.7,190,20388426
2017-08-25,192.6,200.1,182.3,199.9,20938516
2017-08-29,199.9,200.5,192.7,197.4,5721380
2017-08-30,199,200.5,196.6,197.7,2638663
2017-08-31,199.1,205.5,197.6,205,2970045
2017-09-01,203.8,210.7,203.6,208.2,6798049
2017-09-04,208.2,209.3,205.7,208.1,2653414
2017-09-05,208.1,208.4,205.35,206.2,3537438
2017-09-06,206.5,208,205,207.5,2237482
2017-09-07,208,208,205.5,206,3392040
2017-09-08,206.2,207,204.8,205.7,4298082
2017-09-11,207.3,208.2,205.1,205.2,3291315
2017-09-12,205.2,207.144,203.2,204.1,2105674
2017-09-13,203,204.2,197,197,13994044
2017-09-14,196.4,197.2,190,193.2,11992883
2017-09-15,193,195.156,186.2,186.5,4964204
2017-09-18,186.8,189.5,182.4,187.6,7429823
2017-09-19,187.5,189.35,185.6,188,8020216
2017-09-20,187.9,190.64,187.3,187.9,9628834
2017-09-21,187,190.6,186.8,189.5,4897680
2017-09-22,189.6,193.9,187,191.7,10449395
2017-09-25,190.7,193.4,189.596,192.8,2000491
2017-09-26,192.6,192.8,187.7,188.8,7967707
2017-09-27,188,192.7,187.5,191.6,4405193
2017-09-28,192.6,192.8,189.9,191,1437022
2017-09-29,190.8,196.2,190.2,196.2,2089082
2017-10-02,196.6,196.6,180.4,182,17196359
2017-10-03,182,188.1517,182,187,4226796
2017-10-04,187.2,191.1,185.7,188,3710544
2017-10-05,189.3,189.9,185.7,189.2,2794066
2017-10-06,190.3,194.2,189.2,192.8,4637570
2017-10-09,193,195.4,190.4,190.4,3212366
2017-10-10,192.1,192.1,186.7,186.7,2578168
2017-10-11,188.5,190.3,185.8,186.5,2716207
2017-10-12,185.5,188.2,185.5,187.2,5072716
2017-10-13,187.5,190.5,187.5,188.5,4012222
2017-10-16,189.4,189.5,186.2,186.2,2543828
2017-10-17,187.7,191.2,185.6,190.5,4588828
2017-10-18,190.9,199.7,188.5941,199.2,4795297
2017-10-19,199.2,200.08,196.6,198.3,3289713
2017-10-20,198.3,198.3,193.75,195,2536769
2017-10-23,195.7,195.7,192.4,194.3,1900700
2017-10-24,194.3,195.2,189.1,191.8,3134071
2017-10-25,192.7,193.5,189,190,1736030
2017-10-26,189.8,195,187.45,193.7,1747513
2017-10-27,194.9,198.7,194.9,198.3,3207270
2017-10-30,198,198,193.7,193.8,2706776
2017-10-31,193.5,195.1406,191.9,192.8,1222799
2017-11-01,192.9,194.06,190.9,192.4,2977875
2017-11-02,192.5,195.9,191.3,191.5,3414791
2017-11-03,191.2,197,190.8,195.9,5298925
2017-11-06,196.5,197.8,193,197,2334397
2017-11-07,195.5,197.9,191.7,192.2,2295940
2017-11-08,192.9,194.1,187.4,189.8,3593970
2017-11-09,191.2,194,187.3,192.8,4195174
2017-11-10,193,194,191,193.6,1605528
2017-11-13,194.8,197.5,193.8,194.3,2601857
2017-11-14,195.1,196.3,192.1,193.6,1518797
2017-11-15,194,195.5,192.5,193.3,5964675
2017-11-16,194.3,197.9,191,196.7,2164581
2017-11-17,196.7,198.4,195.2,195.2,1479204
2017-11-20,196.2,196.2,194.15,194.7,2370311
2017-11-21,195,196.3,193.88,195.7,3168304
2017-11-22,195.3,197.7,194.7,196.3,3217281
2017-11-23,197,197.5,191.5,191.8,5146498
2017-11-24,191.8,195.0529,188,188.5,3818702
2017-11-27,188.4,192.1,187.8678,191.9,3804746
2017-11-28,184.7,197.4,183.01,196.8,6810877
2017-11-29,195.8,212,195.8,206.9,7072588
2017-11-30,209.5,216.1,207.3,210.1,6645480
2017-12-01,210,217.8,209.3,212,3539338
2017-12-04,213,217.3098,211.3,217.3,2801330
2017-12-05,216.3,225,216.3,219,10046860
2017-12-06,218.8,220.3,215.8,218.1,4175631
2017-12-07,216.5,217.9,213.8,215.1,4335875
2017-12-08,215,224.6,215,219.5,4542753
2017-12-11,219.5,221,210.3,214.7,7494475
2017-12-12,212.7,217.6,212.7,216.9,2842128
2017-12-13,217.6,220.8,216,219,6198815
2017-12-14,219.7,219.7,216.3,217,2630511
2017-12-15,218.8,218.8,212.7,216.5,3873871
2017-12-18,217.6,218.9,214.6,218.3,2186941
2017-12-19,217.2,222.81,215.3,222.8,4447643
2017-12-20,222.3,229.5,222,227.9,4637615
2017-12-21,227.1,228.8,215.1,222.5,3697205
2017-12-22,221.4,223.9,220.1482,222.5,926311
2017-12-27,225.2,230.6104,221.6,230.6,1173724
2017-12-28,228.8,230.79,227.4,228.5,1427894
2017-12-29,227,230.4,227,229.7,489078
2018-01-02,231.6,233.7,223.6,224,2416856
2018-01-03,225.8,226,219.7,221.2,4017672
2018-01-04,227,228.6,221.4,223.2,4706830
2018-01-05,223.3,225.6,222,224.5,4772644
2018-01-08,223.7,224.9,217.6,217.7,2810357
2018-01-09,218.1,219.7,215.8,217.5,2949344
2018-01-10,217.4,219.2,212.7,216.3,8985260
2018-01-11,216.2,218.9,214.8,216.5,4481003
2018-01-12,216.5,218.2,215.2,217.7,6612370
2018-01-15,217.9,222.5,217.1,221.7,2385574
2018-01-16,220.9,223.5,220.1,220.9,2761366
2018-01-17,220.5,222.3,218.5,221.4,2847683
2018-01-18,220.7,225.2,220.7,223.8,3065858
2018-01-19,224.5,226.3,223,225.1,4792326
2018-01-22,224.5,227.4,224.1,225,3040921
2018-01-23,227,227.4,222.8,224,5835279
2018-01-24,223.3,223.7,214,214,5918445
2018-01-25,215,217.7,206.3,212.8,8997050
2018-01-26,213.5,213.8,204.7,209,10721640
2018-01-29,208.6,212.2,202.2,202.2,5389182
2018-01-30,211.9,211.9,195.5,198.95,20376680
2018-01-31,199,204.3,193.8,194.5,5348505
2018-02-01,195,198.9,191.4,193.1,5467282
2018-02-02,194.15,200.1,192,197.95,7645236
2018-02-05,197.95,200.1,191.5,191.5,6613851
2018-02-06,188,188.5,184.5,185.8,13258410
2018-02-07,187.6,193.1,185.5,192.8,3355184
2018-02-08,192.7,194.7,188,188.7,8224870
2018-02-09,189.4,191.05,186.3,190.65,4794799
2018-02-12,191.65,194.35,190.5,192.65,4846868
2018-02-13,193.4,194.56,185.65,187,5353554
2018-02-14,187.2,190.7,185.1,188,3953196
2018-02-15,188.1,188.158,182.9,185.05,7287045
2018-02-16,186.85,193.15,184.9,190.75,9559005
2018-02-19,191,192.3,186.55,189,1156212
2018-02-20,190.85,190.85,185.5,187.5,2832539
2018-02-21,189.15,189.15,180.25,182,2811832
2018-02-22,179.7,180.0788,172.5,176.35,10093810
2018-02-23,176.2,180.2,175.5,180.2,3429714
2018-02-26,179.9,182,176.3,181.8,7064262
2018-02-27,181.65,186.8,181.65,182.8,5784260
2018-02-28,182.5,182.5,177.1,177.55,6582012
2018-03-01,177.5,178.05,172.05,172.5,3689786
2018-03-02,172.75,175.2,169.1,171.05,4299503
2018-03-05,171.05,174.5,169.75,174.5,2827444
2018-03-06,176.3,179.2,174.4,177.75,7277563
2018-03-07,177.9,179.35,176.4,178.5,5677626
2018-03-08,178.1,186.3,177.55,184.95,4685901
2018-03-09,184.3,186.2,181.6,183.55,2472575
2018-03-12,183.9,186.15,181.35,182.6,3874273
2018-03-13,152,165,127.25,127.25,67435758
2018-03-14,129.2,130.95,120,127.1,32654561
2018-03-15,127.25,130.8,125.75,128.7,13268670
2018-03-16,127.55,134.7,124.55,134.4,13609020
2018-03-19,133.55,136.75,132.9,134.5,7926624
2018-03-20,134.95,136.2,130,136.05,14932690
2018-03-21,135.3,138.05,132,132.95,17105039
2018-03-22,133.55,133.55,127.38,128.15,21238859
2018-03-23,127.2,132.1,125.5,130.9,6187822
2018-03-26,131.65,132,126.55,127.85,5910922
2018-03-27,127.9,130,125.67,127,7165399
2018-03-28,126.75,130,124.9,129,10742390
2018-03-29,130.25,133.5,129.5,132.55,5376228
2018-04-03,131.3,132.15,126.3,130.3,5124910
2018-04-04,130,132.23,129.25,131.05,10110020
2018-04-05,132.3,135.3,132.3,134.35,5389785
2018-04-06,134,135.9,133.3,135.1,9314350
2018-04-09,135.75,139,134.85,136,4125483
2018-04-10,136.3,143.1,136.3,142.4,7080722
2018-04-11,142.85,144.75,141.3,144,6751503
2018-04-12,142.6,157.8,142.6,156.95,9904929
2018-04-13,155.75,156.1,147.225,151.4,6470078
2018-04-16,151.7,154.75,150.7,153.1,3647729
2018-04-17,153.15,156.45,152.15,155,3663607
2018-04-18,156.1,157.0315,153.3,154,4696766
2018-04-19,153.5,154.9,152.95,154,3976431
2018-04-20,153.5,156.4,151.85,155.75,4109634
2018-04-23,154.5,158.2,153.9409,157.3,3513425
2018-04-24,157,158.15,156.1,157.3,5271750
2018-04-25,157.25,159.65,155,159.45,4322804
2018-04-26,160,165.55,158.25,160,3739405
2018-04-27,161.05,163.6,159.45,160.7,4411582
2018-04-30,158.75,161.65,155,158.75,8481360
2018-05-01,157.35,159.5,157.15,159,2713577
2018-05-02,159,159.2,156.35,157,4870546
2018-05-03,157.05,157.47,152.75,155,13315100
2018-05-04,155.1,157.9,154.2,157.6,4151754
2018-05-08,158,162.55,158,162,4916149
2018-05-09,160,165.7,160,164.15,6865208
2018-05-10,164,164.7,161.35,162.05,2662898
2018-05-11,162.65,165.5,161.25,162.95,5925940
2018-05-14,163.7,165.3,162.6,165,7363166
2018-05-15,165,167.95,162.4,162.85,7472649
2018-05-16,161.95,163.25,157.8,157.8,5685866
2018-05-17,160.1,160.35,155.75,155.75,5727020
2018-05-18,155.35,156.55,154.6,155.3,6234896
2018-05-21,155.9,158.05,154.2,156.65,2002140
2018-05-22,168.4,176.05,163.33,164.6,12251190
2018-05-23,164.2,176.95,164.2,175,16188230
2018-05-24,175,186.65,174.55,183.5,17557551
2018-05-25,183.1,189.05,183.1,184.5,12317150
2018-05-29,184.5,184.5,177.9,180.9,8070104
2018-05-30,182.05,185.1,180.8,184.45,8089483
2018-05-31,184.65,187.5,182.65,182.7,5804142
2018-06-01,183.2,186.1,182,184.1,6302392
2018-06-04,186,186.5,181.45,185.8,4042231
2018-06-05,185,186.5,183.05,183.1,5263494
2018-06-06,183.25,190.9,183.25,189.85,6677888
2018-06-07,189,189.9,185.95,185.95,5264611
2018-06-08,185.1,186.25,183.5,183.75,7019866
2018-06-11,184.75,187.9,179.65,184.45,9554223
2018-06-12,187,188.9,183.55,185.05,8123315
2018-06-13,184.9,187.2,179.25,180,6655228
2018-06-14,178.5,180,175,176.95,5413778
2018-06-15,177.15,182.3,176.6,180.45,16955830
2018-06-18,180.5,183.25,179,180.4,8284605
2018-06-19,177.85,184.75,177.85,184.15,3838922
2018-06-20,185.75,189.55,184.1,184.4,8374506
2018-06-21,184.45,185,181.15,181.6,3484470
2018-06-22,181.25,185.05,180.9,185,5405131
2018-06-25,184.2,185.5,182.35,184.55,2302581
2018-06-26,184.5,185.35,182.35,184.6,2348434
2018-06-27,184.8,185.1,181.8,183.2,3503789
2018-06-28,182.95,185.1884,181.01,184.1,5255931
2018-06-29,185,187.4,184.15,185.9,2804095
2018-07-02,185.65,187.15,184.4,185.7,4595051
2018-07-03,186,187.85,185.05,185.9,3372423
2018-07-04,185,189,184.15,187,3103678
2018-07-05,187.3,188.55,186.55,186.9,4154379
2018-07-06,187.75,189,186.9,187.3,2066317
2018-07-09,187.15,191.5,185.55,187.5,3247897
2018-07-10,187.45,188.8,184.3,185,2836083
2018-07-11,185.4,185.45,183.55,184,3091629
2018-07-12,184.5,185.35,183.55,183.7,2824993
2018-07-13,184.3,185.05,180,180,3499014
2018-07-16,180,180.925,178.45,178.45,3070944
2018-07-17,179.95,180.8,177,177,2697325
2018-07-18,177.8,177.8,174.75,174.8,3813813
2018-07-19,175,180.1,172.25,177.5,14723860
2018-07-20,176.45,179.4243,176.45,178.3,4979407
2018-07-23,178.25,180.55,174.35,174.35,2541782
2018-07-24,175.4,177.4,173.95,175.2,3451913
2018-07-25,175.85,179.75,175.8,178.5,6901734
2018-07-26,176.25,181.8,176.25,181.7,9599589
2018-07-27,182.05,189.2,182.05,188.05,10903820
2018-07-30,186.75,187.85,186.26,187,5608775
2018-07-31,189,197.7,176.75,177.3,14335140
2018-08-01,177.05,180.4,171.8,178.15,3703232
2018-08-02,179.45,179.5,177,177,4120733
2018-08-03,178.4,178.4,175.02,175.2,2272343
2018-08-06,175.3,177.35,175.3,176.45,3016533
2018-08-07,178,178.9,176.56,176.6,3388035
2018-08-08,176.15,179.15,176.15,178.6,2297693
2018-08-09,179.65,179.94,178.1,178.1,1367840
2018-08-10,179,179,175.4,177.85,1747137
2018-08-13,177,178.05,175.25,177.65,2601163
2018-08-14,178.75,179.25,176.15,178.2,2834944
2018-08-15,177.7,177.9,165.35,166.8,7298377
2018-08-16,167.7,174.25,164.75,173.7,20330320
2018-08-17,171.65,174.5,171.65,174.5,2396796
2018-08-20,173.1,177.4,172.95,176,18401670
2018-08-21,175.35,181.75,174.75,179.55,6144788
2018-08-22,177.95,183.9529,177.95,180.25,5899956
2018-08-23,179.75,180.35,177.4,179.45,4638202
2018-08-24,180,180,172.75,173.4,6404075
2018-08-28,171.75,174.8,169.6,171.35,3606470
2018-08-29,170.8,170.8,167.35,170.4,5864769
2018-08-30,167.7,171.5,167.25,170.45,6856645
2018-08-31,169.6,175,169.5,174,2221589
2018-09-03,172.95,175.05,171.75,175,3909761
2018-09-04,175.4,179.2,174.15,174.5,3093008
2018-09-05,173.2,175.4,173.2,175.4,1679847
2018-09-06,175.4,175.4,173.6,174.5,9243545
2018-09-07,173.85,178.2,173.85,175.8,3937432
2018-09-10,174.2,181,174.2,179,2464762
2018-09-11,177.7,180.65,177.7,179.5,3955830
2018-09-12,179.7,191.8,178.6,191.8,7214569
2018-09-13,190.55,201.6,190.55,194.3,15071030
2018-09-14,196.55,201.4,194,196.95,9436621
2018-09-17,195.15,199.9,193,195,5778516
2018-09-18,193.85,196.2,189.9,190.4,7680993
2018-09-19,190.05,190.05,178.8,182.95,8248832
2018-09-20,181.95,187.55,177,177,7410970
2018-09-21,177.6,182.2,174.95,176.25,5962699
2018-09-24,175.35,179.3,175,177.45,3824381
2018-09-25,178.65,188,177.4,183,3527084
2018-09-26,183.3,187.1,181.85,185.45,3392859
2018-09-27,186.95,192.3,186.25,188.75,5016492
2018-09-28,188.15,189.45,183.65,185.1,4664551
2018-10-01,186,189.95,184.95,188.75,2629931
2018-10-02,187.3,188.4,184.65,185,3336924
2018-10-03,186,197,184.15,192.3,8731080
2018-10-04,192.1,199,189.5,198.6,6058488
2018-10-05,199,201.9,196.25,199.95,8626058
2018-10-08,200,209.8,198.7,201,9671831
2018-10-09,203.7,206.4,198.04,200.4,6201233
2018-10-10,201.3,201.3,193.95,195.5,14444720
2018-10-11,191.85,209.4,187.55,200.3,8097805
2018-10-12,202.5,212,201,207.5,23284051
2018-10-15,225,225.3,183.35,189.1,37399488
2018-10-16,189.05,200.2,185.65,200,16918930
2018-10-17,198.5,200.5,193.95,196.8,6322450
2018-10-18,199.5,202.4,197.1,198,17782570
2018-10-19,196.85,197.5,194.75,195,12642690
2018-10-22,194.4,195.7,187.65,187.85,7748175
2018-10-23,186.55,189.1,183.65,189.1,4596224
2018-10-24,190.85,191.7,185.6,186.05,2733678
2018-10-25,184,188.8,180.45,187.5,9378405
2018-10-26,186.8,189.25,185.4,189.15,3433352
2018-10-29,189.5,192.5,187.25,189,3826614
2018-10-30,190.2,191.75,186.5,189.9,4426179
2018-10-31,189.95,192.65,187.6,189.2,3597093
2018-11-01,188.55,193.15,188.55,192.5,24718010
2018-11-02,192.45,196.05,192.25,195,3623819
2018-11-05,195.7,196.25,189.1,193,2593325
2018-11-06,191,192.2,188.15,188.95,2455325
2018-11-07,191.25,191.25,184.8,187,3142166
2018-11-08,186.65,190.45,185.15,190.45,3151268
2018-11-09,188.65,193.55,187.85,193,1985133
2018-11-12,194.65,194.65,189.35,190.4,3326058
2018-11-13,193.05,197.9,191.45,194.95,2906586
2018-11-14,195,195.85,189.9,192.3,4295810
2018-11-15,192.45,193.1,185.5,189.2,1892438
2018-11-16,189.3,192,188.28,190.65,2564200
2018-11-19,190.65,195.05,189.95,191.65,1651838
2018-11-20,191.25,194.05,191.25,192,3401888
2018-11-21,194.25,194.25,188.25,193.95,2082381
2018-11-22,194.35,195.9,192.89,193,1772120
2018-11-23,194,194.95,191.8,193.95,1216861
2018-11-26,196.2,196.27,193.85,194.85,1367637
2018-11-27,195,197.2,190.15,191.95,5365872
2018-11-28,189.85,194.2,188.35,188.4,2362818
2018-11-29,190.55,191.95,187.35,187.35,730114
2018-11-30,188.65,190,185.9,188.1,1793367
2018-12-03,189.9,192.3,183.8,183.8,6930254
2018-12-04,175.5,187.55,172.6,177.75,18111119
2018-12-05,176.05,187.45,173.35,184.05,5217137
2018-12-06,183.2,186.05,178.45,180,4861005
2018-12-07,181.2,182,178.85,180.7,4610814
2018-12-10,179.75,180.05,170.5,170.5,5321216
2018-12-11,171.4,181.3694,167.3,171.25,9878497
2018-12-12,172.3,172.3,164,167.6,7557689
2018-12-13,167.7,168.5,162.4,167.3,16498400
2018-12-14,166,169.9,163.3,169.9,2872484
2018-12-17,169.7,169.7,164.1,164.1,3107072
2018-12-18,164.1,164.9,160.9,162.85,5049770
2018-12-19,163.45,166,160.9,166,18650990
2018-12-20,171.6,179.3,169.9,178,23522039
2018-12-21,177,181.4,177,178.95,5560176
2018-12-24,178,181.65,177.1,178.2,1004395
2018-12-27,178.5,179.7,175.65,176,1966021
2018-12-28,178.2,180.45,177.1,178.5,2956922
2018-12-31,178,179.9,177.4,178.2,270496
2019-01-02,179.7,182.1,178.1,180.1,4712615
2019-01-03,181.65,183.85,178.5,183.35,4830881
2019-01-04,189.15,189.15,183.35,187,2842308
2019-01-07,187,190.1,184.1,184.6,9385415
2019-01-08,184.6,189.25,183.975,185.2,4904288
2019-01-09,186.2,194,186.2,190.15,4468925
2019-01-10,187.65,189.8,186.85,187.25,2131880
2019-01-11,188.45,190.4,187.55,189.4,3854012
2019-01-14,189.35,190.15,186.45,190.15,3249527
2019-01-15,188.85,190.2,187.55,190,2508426
2019-01-16,188.95,190.15,188,188.5,3001186
2019-01-17,189.5,192,189,192,3923971
2019-01-18,191.5,193.8,190.35,190.9,12382440
2019-01-21,191.55,195.1,189.529,191.1,4351252
2019-01-22,190.85,194,190.85,193.25,5439187
2019-01-23,191.7,194.3,189.7,191.9,4354090
2019-01-24,191.65,193.15,187.4,192.5,2527355
2019-01-25,191.6,195.5,191.6,193.05,14731300
2019-01-28,191.3,195.5,191.2,194,2529691
2019-01-29,194,204.5,194,199.5,3699431
2019-01-30,199.1,208,196.95,205,7070937
2019-01-31,202.8,203.9,192.902,193,531163562
2019-02-01,194.8,194.8,183.35,185.1,6290072
2019-02-04,185.3,191,184.4,191,21705480
2019-02-05,196,209.6,195.2,200.6,12298860
2019-02-06,197.1,200.9,195.55,195.55,2442977
2019-02-07,195.5,199,193.35,196,4096706
2019-02-08,193.95,194.75,190.8,192.1,3232606
2019-02-11,191.65,195.75,191.45,195,2767670
2019-02-12,195,195.95,193.6,194.25,2623338
2019-02-13,194,195.8,193.65,194,2701470
2019-02-14,194,195.35,193.25,194,3189492
2019-02-15,192.4,195,192.4,194.2,3269225
2019-02-18,195,198,193.575,197,2906889
2019-02-19,197,200.6,194.95,200,3018771
2019-02-20,199,200.1,194.4,197.7,5279492
2019-02-21,197,200.4,197,200,4308665
2019-02-22,197.8,205.2,197.8,201.8,2764869
2019-02-25,203.4,203.4,194.55,197.05,3997898
2019-02-26,197.3,200,195,200,2786526
2019-02-27,197.95,201.8,197.45,201.8,4746153
2019-02-28,199.95,200.8,196,196,2865441
2019-03-01,195.7,195.9,194.1,195,3567572
2019-03-04,196.55,196.65,193.65,194.7,1536136
2019-03-05,193.3,197.9,193,197.05,10766280
2019-03-06,198.45,203.8,196.4,197.5,11369250
2019-03-07,197,200.7,197,199.7,4564692
2019-03-08,198.2,199.35,197.25,197.25,986111
2019-03-11,198.8,201.3,197.15,200.6,3362537
2019-03-12,198.9,203.6,198.7,201.7,2744087
2019-03-13,199.25,203.8,199.25,203.8,2586150
2019-03-14,202.1,208.1,201.1,207.7,5715697
2019-03-15,202.1,204.3,198.15,200.2,13156010
2019-03-18,199.85,202.7,199.4,201.6,2547290
2019-03-19,196.45,202.5,194.2,200.5,3753866
2019-03-20,202.3,202.3,196.55,196.95,1832120
2019-03-21,196.6,197.26,194.8,195.95,2604339
2019-03-22,195.3,198.4,195,196.55,1725885
2019-03-25,196.05,196.45,191.25,193.6,1783241
2019-03-26,194.5,195.4,192.75,193.45,1593916
2019-03-27,194.45,195.25,192.7,194.7,1875867
2019-03-28,194.85,200.5,194.85,199.55,2500830
2019-03-29,200.4,206.1,199.65,202,4955188
2019-04-01,203.1,205.8,198.65,198.7,2260654
2019-04-02,200,200.7,197.55,198.6,1741314
2019-04-03,199.65,205.1,198.45,204.4,3056973
2019-04-04,203.4,208.2,203.4,206.1,2746881
2019-04-05,205,205.8,202.9,203.7,2700000
2019-04-08,204,208.4,203,207.3,1486477
2019-04-09,207.1,207.5,205.1,206.5,1477248
2019-04-10,207,211.1,206.6,210.8,2860137
2019-04-11,212.3,212.6,208.04,209.3,4551305
2019-04-12,210.2,211.4,207.8,210,2771023
2019-04-15,211.4,213.7,209.5,213.4,2743544
2019-04-16,212.9,217.6,212.9,217.6,3459156
2019-04-17,217.3,225.9,216.5189,224.7,13931200
2019-04-18,223,226.6,221.3636,226.5,2917011
2019-04-23,224.8,226.8,224,225.3,6826357
2019-04-24,224,227.1,223.8,225.9,2225858
2019-04-25,226.8,226.8,221.5,221.5,2310440
2019-04-26,223.1,226.8,221.7921,225.7,2601930
2019-04-29,224.9,226.2,224.84,225.9,1220985
2019-04-30,224.3,231.6,224.3,230,2491985
2019-05-01,229,229.3,226,227.5,3920343
2019-05-02,228.2,228.2,224.2,225.1,1689843
2019-05-03,226.7,226.7,223.2,223.7,2215869
2019-05-07,221.9,228.9,221.9,228.9,3395200
2019-05-08,228,228,225,225.6,1527159
2019-05-09,224.5,225.7,222.2,224.4,1271623
2019-05-10,225.3,228.2,224.3,226,2331917
2019-05-13,225.6,226.1,221.8,225.6,3135407
2019-05-14,226,229.8,224.7,225,5095622
2019-05-15,226,229,224.7,229,7046362
2019-05-16,229.3,229.3,225.9,229.2,6236965
2019-05-17,229.3,229.3,226.6,227,5869485
2019-05-20,228,228,221.5,222.6,7898385
2019-05-21,222.5,223,215.6,216,5590183
2019-05-22,217.8,222,216,220.3,10548840
2019-05-23,220.4,220.4,209.8,211.1,15044920
2019-05-24,212.4,213.3,208.4,208.6,10422460
2019-05-28,208.4,209,203.2,208.8,18309570
2019-05-29,208,209.1,200.9,201,2956184
2019-05-30,200.4,208,198.2,207,7137225
2019-05-31,207.5,207.5,200.2,206.5,4452718
2019-06-03,204.1,205.5,202.2,204.1,2586616
2019-06-04,204.3,209.9,202.8,208.1,4161984
2019-06-05,207.8,211.4,206.985,209.7,1636855
2019-06-06,207.8,211.5,206.7,208,1385305
2019-06-07,207.3,208.3,204.7,207.4,3071065
2019-06-10,207.6,208.8,207.2,207.9,1193849
2019-06-11,209.5,209.8,207.5,208.8,2071825
2019-06-12,208.8,213.3,208,209.2,2643266
2019-06-13,209.5,211.5,208.876,210.2,1317904
2019-06-14,210.2,212.4,208.9,212.4,1904244
2019-06-17,213.3,213.3,208.9,209.7,2343570
2019-06-18,210.7,211.9,208.2,210.5,1538814
2019-06-19,211,211.1,208.3,210.3,7724176
2019-06-20,211.6,216,210.2635,212.2,2221161
2019-06-21,212.9,218.7,211.7,217.3,5225809
2019-06-24,216.6,218.7,215.9,217.1,1707027
2019-06-25,216.4,219.1,215.2,218,1468380
2019-06-26,217.2,219.5,216.1,216.7,893142
2019-06-27,217.7,218.7,215.1,217.9,2626483
2019-06-28,219,220.3,217.1,219,1310323
2019-07-01,220,221.4,217.8461,219.4,3425900
2019-07-02,219.8,221.3,218,220,1291480
2019-07-03,221.1,224.4,219.5,223.6,1618594
2019-07-04,222.7,226,222.46,225.6,1088496
2019-07-05,226,226.8273,224.4,225.5,1235281
2019-07-08,224.2,227.5,224.2,225.8,1053082
2019-07-09,224.4,226.6,223.1,225.4,771333
2019-07-10,224.3,225.4,222.4,223.3,762698
2019-07-11,222.5,225.6,222,223.2,1442985
2019-07-12,222.4,226.5,222.3,226.4,926797
2019-07-15,225.4,227.3,224.7,225.6,545829
2019-07-16,226.5,227.1,223.8,225.8,803534
2019-07-17,224.8,226.1,223.5,225.6,787892
2019-07-18,226,227.1,222.6,223.9,1000920
2019-07-19,225.8,229.5,223.9,225,5130076
2019-07-22,226.2,227.3,224.6,226.4,1366796
2019-07-23,228.5,230.4,225,226.8,2245038
2019-07-24,227,228.1,224.7,224.7,1500672
2019-07-25,225,226,223.7,225,935912
2019-07-26,224.3,225.5,222.9,224.1,747193
2019-07-29,226,227.4,224.9,225.1,953515
2019-07-30,217.7,219.3,209.3,216.9,6901991
2019-07-31,214.1,215.6,211.7,213.8,4391668
2019-08-01,211.4,216,211.4,216,1775277
2019-08-02,213.9,215.2,211.1,211.1,955381
2019-08-05,210,210.156,206.1,208.5,1128563
2019-08-06,204.7,209.9,204.7,207.2,943561
2019-08-07,209.2,209.2,205.2,206.2,859060
2019-08-08,209.5,209.5,206,208.5,925383
2019-08-09,210.8,210.8,206.5,207.1,747522
2019-08-12,209.2,209.2,205.8,205.8,716588
2019-08-13,204.7,207.3,204.1,205.8,990030
2019-08-14,205.9,207.4,202.6,202.6,834751
2019-08-15,204.8,204.9,200.418,201.4,709005
2019-08-16,200.1,204,200.1,204,1189832
2019-08-19,205.9,206.2,203.8,205.5,1118314
2019-08-20,207,207.5,204.35,205.9,636354
2019-08-21,206.9,209.1,205.3,208.8,1519959
2019-08-22,206.6,210.6,206.6,209.1,699418
2019-08-23,210.8,211.2962,206.8,207.1,566175
2019-08-27,204.6,208,201.21,208,1362696
2019-08-28,203.9,208.1,203.9,206.9,784620
2019-08-29,203.4,208.9,203.4,208.9,1154348
2019-08-30,203.6,210.2,203.6,209.9,1244498
2019-09-02,210,213.3,207.6,209.9,1321237
2019-09-03,212.3,217,209.26,217,2009684
2019-09-04,218,227.1,218,226.4,2949550
2019-09-05,223.8,226.6,223.8,224.2,1149593
2019-09-06,225,227,223.2,225,1311046
2019-09-09,224.9,226.46,220.7,220.7,903170
2019-09-10,222.4,222.7,219.5,222.4,1155447
2019-09-11,222,228.9,221.28,225.9,1592240
2019-09-12,227,229.7,224.8,227.4,1668248
2019-09-13,227.9,230.6212,226.8,229.1,1866294
2019-09-16,226.8,229.7,226.5,227,1075032
2019-09-17,227.6,228.6,225.3,225.6,1440297
2019-09-18,225.4,226.8,221.1,223.7,1598992
2019-09-19,223,228.9,221.9,226.5,2195614
2019-09-20,227,229.2,224.7,226.7,3694383
2019-09-23,228,228.4,226.1,226.9,967324
2019-09-24,225,229,225,227.2,810518
2019-09-25,225.6,227.4,224.1,225.6,878410
2019-09-26,224.3,227.7,221.6,224.4,1510185
2019-09-27,227.9,227.9,222.6,224.5,783718
2019-09-30,224.6,227.1,223.3,226,735939
2019-10-01,224.8,227.2,224,225.4,4292755
2019-10-02,221.9,227.1,221.9,223.6,1085797
2019-10-03,223.8,226.5,221.7,226.2,795730
2019-10-04,227,227.9,224.5,227.9,1035678
2019-10-07,228.5,228.5,225.3,226,920169
2019-10-08,225.1,226.3,221.6,222.3,1693962
2019-10-09,222.5,222.5,219.4,220.6,890013
2019-10-10,221.7,222.2,219.1,222,692631
2019-10-11,222,235.5,220,234.3,2750208
2019-10-14,231,236.3,231,234.8,1427089
2019-10-15,236.6,238.5,232.8,235.7,1908190
2019-10-16,235.7,235.7,229.2,234,1722694
2019-10-17,234.4,240.7,232.6,238.6,2085905
2019-10-18,236.5,239.4,235.9,238.5,2442847
2019-10-21,237.8,238.6,236.9,237.2,1654018
2019-10-22,237.2,238,234.9,235.8,767978
2019-10-23,236.2,238.1,234.6,237.8,5098798
2019-10-24,238.8,238.8,235.7,236.2,1399520
2019-10-25,237,237,234.1,235.8,603922
2019-10-28,235,236.338,234.2,235.9,527949
2019-10-29,234,236.4,234,236,566813
2019-10-30,236,237,234.2,234.2,1180635
2019-10-31,235.5,236,231.71,232.4,1529107
2019-11-01,232.2,233.9,231.2,233.1,830278
2019-11-04,233.1,234.1,232,233.2,441051
2019-11-05,235.3,236.5,232.5,235.8,1372003
2019-11-06,235.9,237.5,235.3,237.5,20125221
2019-11-07,238,244.6,238,244.6,1391841
2019-11-08,241.9,244.6,241.8,243.5,945971
2019-11-11,242.1,243.9,240.3,242.9,1082433
2019-11-12,243.1,244.7,240.6,244.3,2864444
2019-11-13,242.1,244,242.1,243.1,1812371
2019-11-14,242.4,243.9,241.7,242.8,1725499
2019-11-15,242.3,246.5,242,246.5,1653181
2019-11-18,244,249.4,244,246.9,2891387
2019-11-19,247.6,248.1,243.4,243.4,1449547
2019-11-20,244.9,246.7,242.6,245.7,954013
2019-11-21,243.6,244.6,242.3,244.3,812144
2019-11-22,242.8,247.1,242.7,244.4,1957000
2019-11-25,243.8,248.3,243.6,248.3,1286096
2019-11-26,241.8,243.2,229.4,239.9,4063458
2019-11-27,240.9,246.5,237.62,239.1,1673365
2019-11-28,240.9,249.2,239.8,247.1,1672997
2019-11-29,248,248.6,242.9,242.9,1294500
2019-12-02,244,245.343,235.97,241.5,1624300
2019-12-03,240.6,243.6,238.7,239.5,1068059
2019-12-04,236.4,242.4,236.4,241.2,1421270
2019-12-05,242,244.6,238.8,244.6,1564263
2019-12-06,245,252,244.2,252,1793166
2019-12-09,251.9,253.9,250.6,253.8,1074940
2019-12-10,254.5,259.3,251.7,259.3,2026945
2019-12-11,257.3,258.8,252.6,257.6,1155498
2019-12-12,254.6,258,254.6,256.2,1199984
2019-12-13,260,274.2,259.1,274.2,3141965
2019-12-16,274,282.2,272.3,281.8,2611728
2019-12-17,277.7,278.4,266.8,269.4,2401478
2019-12-18,265.9,269.5,265.8,268.9,2067314
2019-12-19,267.2,270.7,266.1095,268.2,1534514
2019-12-20,266,269.26,261,267.1,3001413
2019-12-23,267,270.1,264.9,266.1,604755
2019-12-24,267.1,269,266.066,269,117018
2019-12-27,270.9,272.74,267.3578,268.3,526371
2019-12-30,269.7,269.7,266.3,267.4,387685
2019-12-31,269,269.9,266.5,267.9,218641
2020-01-02,265.1,269.6,263.5,266.5,982954
2020-01-03,264.6,266.1,259.3,261.1,1067447
2020-01-06,257.5,262.4,256,261,732669
2020-01-07,257.4,260.2,256.6,258,1036433
2020-01-08,253.8,256.8,252.7,253.4,987568
2020-01-09,256,256,250.2,252.4,498585
2020-01-10,248.7,251.9,246.6,247,3195200
2020-01-13,251.9,251.9,247.1,248.8,1429967
2020-01-14,245.1,250.6,245.1,248.8,1452039
2020-01-15,245.1,250.1,245.1,248.1,1230483
2020-01-16,249,249.3,244.8,246.6,696359
2020-01-17,250.7,250.7,245.5,246.3,699039
2020-01-20,250,250,244.1,245,532467
2020-01-21,242.1,243.6,241.506,243.3,565145
2020-01-22,240.1,245.5,240.1,245.3,647680
2020-01-23,249.1,249.1,244.2,247.8,947747
2020-01-24,248.1,254,247.114,251.4,1186894
2020-01-27,245.9,249.3,245.9,248.3,939204
2020-01-28,245.8,249.6,241.5,245.7,3186474
2020-01-29,246.5,246.5,243.6,244,1485593
2020-01-30,241.6,243.8,240,240.1,2317541
2020-01-31,242.7,247,239.7,245.6,1665002
2020-02-03,245.3,246.1,237.9,239.4,1997573
2020-02-04,243,245.6,241.3,241.9,1268095
2020-02-05,244.8,244.8,240.4602,240.7,1180922
2020-02-06,244.2,246.5,238.8,239.5,707488
2020-02-07,239.4,240,236.9,238.4,1048658
2020-02-10,235.6,240.016,235.6,239.3,393349
2020-02-11,238.3,240.7,237.728,239.2,887270
2020-02-12,243.1,249.7,243,246.9,1847784
2020-02-13,249.4,249.4,241.7,242.9,663046
2020-02-14,246.8,247.2,239.8,245.8,486838
2020-02-17,248.2,248.4,246.6,247.9,711585
2020-02-18,245.6,251.5,245.6,248.7,972576
2020-02-19,249,251.9,248.8,251.9,636594
2020-02-20,253.4,253.4,249.8,251,1570049
2020-02-21,245.7,252.4,245.7,251.4,2316658
2020-02-24,247.1,249.9,239.9,240.1,6232291
2020-02-25,242.2,242.2,230.2,230.9,1344296
2020-02-26,230.8,230.8,223.6,225,1548637
2020-02-27,223.3,223.7626,214.3,215.6,1543958
2020-02-28,209.7,219.8422,205.4,209.3,2113524
2020-03-02,210.1,215.8,203.1,208.6,1706742
2020-03-03,211.3,216,211.3,214,2038379
2020-03-04,217.3,221.8,210.6,218.4,7911543
2020-03-05,215.2,218.4,202,204,7445274
2020-03-06,203,203.5,193.25,196.8,6301996
2020-03-09,190.4,195.65,180,182.85,8170966
2020-03-10,188.45,189.7,180.45,180.45,2461034
2020-03-11,184.65,185.8,175,175,3266938
2020-03-12,161.9,167.2,151.75,152.1,2922807
2020-03-13,153.7,155.4,140.5,140.5,6265286
2020-03-16,142,142,102.6,104.45,12611610
2020-03-17,107.7,109.35,83.4,99.98,10374260
2020-03-18,101.05,110.8,87.08,107.6,5552585
2020-03-19,110.3,141.8,101.4,133.3,8115133
2020-03-20,134.05,152.775,128.8,133.95,3786698
2020-03-23,128.2,145,127.5,135.85,2585165
2020-03-24,136.75,155,136.45,155,2440962
2020-03-25,155.5,175,155.5,161.95,3759363
2020-03-26,163.85,187.75,158.45,187.75,3703007
2020-03-27,183.95,185,170.35,171.05,6120399
2020-03-30,163.15,163.85,156.684,161,2835784
2020-03-31,163,169.8,160.55,164.95,2133052
2020-04-01,157.5,159.4,146.5,151.2,3963651
2020-04-02,154.3,154.3,141.4,145.8,2257092
2020-04-03,145.7,148.1,142.2,144.3,1859963
2020-04-06,145,160.2,145,160.2,1581337
2020-04-07,160,180.1863,158.84,172,4427966
2020-04-08,168.6,172.8,166.2,167,4120076
2020-04-09,170.5,176.5,166.5,174.1,1510114
2020-04-14,175.7,177.9,166.74,167.8,1254310
2020-04-15,165,168.1,159.3,159.3,1166393
2020-04-16,159.6,165,159.4,162.6,1691701
2020-04-17,167,171,161.8,163.5,1966366
2020-04-20,167.4,169.7,164.2,169.7,2005289
2020-04-21,170.1,177,165.9,166.8,2227567
2020-04-22,165.5,169.5,163.9,166.3,1504275
2020-04-23,170,170,164.5,168.4,1632830
2020-04-24,168.9,178.3,165.7,170.8,1610258
2020-04-27,168.2,179.4,168.2,170.7,1102649
2020-04-28,170,184.5,166,183.3,2226514
2020-04-29,185,189,178.3,188.9,1467817
2020-04-30,190.7,193.7,178.2,182.2,992055
2020-05-01,176.7,180.712,171.1,172,2243890
2020-05-04,170.4,179.4,168.698,177.5,1157537
2020-05-05,174.7,181,171.3,174.1,782927
2020-05-06,169.5,174.8,169.2,172.9,1490310
2020-05-07,173.4,178.3,173.4,174.8,1325550
2020-05-11,178.1,180.3,172.3713,177.8,963811
2020-05-12,176.9,177.3,169.1,169.1,1687579
2020-05-13,168.6,170.6,162.7,168.2,1245524
2020-05-14,164.4,164.4,137.9,144.1,2843019
2020-05-15,148,153.6,147.6,148.7,1659089
2020-05-18,147.3,158.508,147.3,151.1,1034143
2020-05-19,142,152.6612,137.388,140.3,3304287
2020-05-20,139.3,141.093,132.8,138.4,3552755
2020-05-21,138,138.5,131.9,132.2,1683617
2020-05-22,134.2,134.2,123.4,127,2472749
2020-05-26,132,133.42,125.1677,128.4,5004655
2020-05-27,129,145.3862,127.22,143,5333484
2020-05-28,145.7,146.444,136.9,137.1,21643480
2020-05-29,134.4,138.3,131.78,135.3,2279562
2020-06-01,135.2,139.3,133.7,137.5,961685
2020-06-02,135.8,141.042,133.4,134,1759097
2020-06-03,136.1,144.8,134.9,143.2,3122251
2020-06-04,140.3,150.3636,139.4,142.2,3737786
2020-06-05,145.3,151.7513,144.2,147.8,2347478
2020-06-08,151.7,153.8,146.5,151,1760773
2020-06-09,151,152.6888,142.7,145.3,2207200
2020-06-10,147.1,150.1,143.6574,147.3,1097721
2020-06-11,150,150,135.265,135.5,1344459
2020-06-12,136.7,138.2,131.8,134,1581217
2020-06-15,134,137,129.5,136.3,1237623
2020-06-16,140.1,145.5,135.2,136.5,1329993
2020-06-17,135.3,139.1,133.9,136.9,1090190
2020-06-18,138.8,141.5,135.4636,139.1,926194
2020-06-19,142,142,136.5,137,1434691
2020-06-22,135.8,138.9,134.1,136.3,1006424
2020-06-23,136.5,139.5143,134,136.7,13819920
2020-06-24,134,138.2,128.9,128.9,1115208
2020-06-25,128.9,129,123.7,125.8,3533349
2020-06-26,127,131.1,126.4,129.2,2048927
2020-06-29,127.6,132.5,127.5,129.6,1258590
2020-06-30,127.6,130.6,125,125.8,1950552
2020-07-01,127.6,127.8,121.8,126.6,1409003
2020-07-02,126,130.5,125.1,125.7,1004717
2020-07-03,128.6,128.6,123.5515,123.7,601055
2020-07-06,126.6,126.927,120.6,120.8,711272
2020-07-07,121,122.3,118.3,120.4,987809
2020-07-08,118.2,122.7,117.1,119.3,2872379
2020-07-09,120.2,121.136,114.91,115.9,1626754
2020-07-10,114.6,119.2,113.1,119.2,1834411
2020-07-13,120.5,121.3,118.6,119.8,633817
2020-07-14,117.3,120.4,116.9,120.4,1713946
2020-07-15,121,123.3,119.2,122,878304
2020-07-16,121.3,121.592,114,115,1754166
2020-07-17,113,118.9,113,118.1,918832
2020-07-20,117.1,119.0999,114.8,115,3090462
2020-07-21,118,120.4,114.7,116.2,1560484
2020-07-22,116.8,118.7516,113.38,115.1,1933163
2020-07-23,116.5,116.5,111.8,111.8,2022824
2020-07-24,111.6,111.8,109.5,110.6,1183033
2020-07-27,110,111.8,108,111.6,6211889
2020-07-28,113.6,125.6546,112,124.1,2508808
2020-07-29,122.5,129.246,120.7,125.4,1776758
2020-07-30,127.3,128.8,123.9,126,1230539
2020-07-31,128.9,130.2,123.1,127.9,1980300
2020-08-03,127.7,129.24,122.2,124.5,2015071
2020-08-04,123.2,128.1,123.2,127.3,1309653
2020-08-05,124.3,131.7,124.3,131.7,1035692
2020-08-06,129.9,130.4,123.9,125.5,1157152
2020-08-07,127.2,131.5,123.6,131.5,967972
2020-08-10,131.5,133.3175,124.3,128.2,738431
2020-08-11,129.3,134.5,129.3,134,644078
2020-08-12,133,133.4,129.9,132.2,2780685
2020-08-13,129.3,133.3,123.9,128.8,1376061
2020-08-14,125.7,127.46,119.8941,120.5,1833940
2020-08-17,120.5,125.3,120,125.2,1915366
2020-08-18,122.1,126.2,118.9,119,1323207
2020-08-19,119.4,121.4,118.45,120.9,712316
2020-08-20,121.4,126.9905,120.7,126,1109496
2020-08-21,124.6,127.6413,117.8,123.9,4927995
2020-08-24,125.5,125.7,122.7,125,682471
2020-08-25,122.6,127.1,122.5,123.8,677397
2020-08-26,122,125.1,122,125.1,334790
2020-08-27,125.5,128,124.1,128,1822898
2020-08-28,128.8,128.8,125.1,125.7,725453
2020-09-01,128.8,128.8,119.7,122,947416
2020-09-02,122.7,124.2,120.7,122.1,731868
2020-09-03,122,124.2,117.9,118.9,1135524
2020-09-04,120.7,122.5,118.3,120.4,738210
2020-09-07,121.6,123,119.3,120.5,375542
2020-09-08,121.8,122.5,116.1,117.8,607631
2020-09-09,117.8,119.415,116.7,117.8,3849608
2020-09-10,117.2,119,113.5,114.6,922326
2020-09-11,115.6,116.9,113.4,113.9,377402
2020-09-14,114.8,115.1,112.7954,115.1,525966
2020-09-15,114.1,116,110.4,111.5,1043030
2020-09-16,110,112.8,109.3,112.3,946414
2020-09-17,110,111.5,108.9,110,1429269
2020-09-18,110,110.2,106.4,110,2594461
2020-09-21,110,110,97.2,97.8,3045695
2020-09-22,98,99.7,95,95.95,3477155
2020-09-23,98.05,102.6,96.55,100,5329166
2020-09-24,99.5,104.2,99,101.5,1652855
2020-09-25,103.2,104.2,101,103,1684927
2020-09-28,102.3,106.7,102.3,105.3,3564965
2020-09-29,105,105.874,100,100,2373496
2020-09-30,98,100.4,97.55,98,14560040
2020-10-01,99.85,104.4,99.4,100.1,3323724
2020-10-02,101.6,102.8,99.35,101.8,1029891
2020-10-05,102.1,103.181,87.6075,95,8693729
2020-10-06,92.65,105.5,92.65,103,2808302
2020-10-07,104,104.7,102.3,103.4,2309422
2020-10-08,104.3,107.2,102,102,1491689
2020-10-09,103.1,105.5,102.12,105.1,3594498
2020-10-12,106.7,107.7,105.6,106,1031175
2020-10-13,107,107,102.8,102.8,719140
2020-10-14,104.9,104.9,101.9,104.4,698542
2020-10-15,102.4,102.78,95.4,96.25,2111077
2020-10-16,98.95,98.95,95.3,96.05,1521744
2020-10-19,95,97.1,92.8261,93.25,1276111
2020-10-20,95.2,98.45,92.8,98,1290202
2020-10-21,99.15,100.3,97.35,99.45,970809
2020-10-22,97.6,103.5,97.6,102.9,1092541
2020-10-23,102.1,103.9,100.3,100.4,1345530
2020-10-26,100,100.1996,95.45,96.2,793870
2020-10-27,95,96.4496,92,93,1409199
2020-10-28,93.4,93.4,87.25,90.3,1332722
2020-10-29,88.1,92.1,87.9,89.2,1261390
2020-10-30,88,90.45,88,90.45,1319107
2020-11-02,89,90.184,87.95,89.35,802908
2020-11-03,90.2,92.032,89.9,91.4,646520
2020-11-04,90.8,92.3,88.9,91.15,2044686
2020-11-05,93.05,93.05,88,91.15,975544
2020-11-06,92.9,92.9,89.6,90.7,964303
2020-11-09,92.05,117.5,90.2,115.7,3590194
2020-11-10,114.5,121.7,110.6,120.9,1744036
2020-11-11,122.1,123.9,115.6,119.2,2119123
2020-11-12,118.6,120.6,116,119,1611402
2020-11-13,120,120.8188,117.5,120,849017
2020-11-16,121,129.4,120.1,127.2,1418575
2020-11-17,127.5,128.4,121.5,121.9,1759650
2020-11-18,121.9,122.908,116.8,119,3254192
2020-11-19,115.9,118.4,114.3,115.1,1919207
2020-11-20,113.5,115.5,112.6,113.3,673687
2020-11-23,115,121.466,114.8,118.8,1540573
2020-11-24,116,127,116,124,11589390
2020-11-25,125,125,115.8,115.8,3914376
2020-11-26,119,119,112.5,115.6,5808235
2020-11-27,117,117,113.3,117,5941268
2020-11-30,117,121.7532,115.2,117.1,5056375
2020-12-01,118.5,124.1,117.5,124,4496833
2020-12-02,123.3,123.9,119.7,122.9,2557763
2020-12-03,124.2,127.655,123,126.8,4467422
2020-12-04,129.1,129.2,126.5,128,6151596
2020-12-07,127.5,128.004,122.6,123.6,2297263
2020-12-08,122.1,123.6,115.9,116.5,6591030
2020-12-09,117.1,120.1,114.6,119.1,1463983
2020-12-10,119,120.2,116,116,2046272
2020-12-11,119.7,119.7,112.6,114.6,2204111
2020-12-14,116.8,119.9,115.5,116,948939
2020-12-15,118,118.1,114.8,118.1,2311493
2020-12-16,115.4,121,115.4,117,3635113
2020-12-17,119.4,119.4,114.1,114.6,2634695
2020-12-18,115,115,111.5,113,4767035
2020-12-21,110.5,111.5,105,109.2,1541849
2020-12-22,110.6,111.3,107.45,110.6,1655603
2020-12-23,109.2,117.4,109.2,116.5,3237110
2020-12-24,120.4,120.4,116.7,117.3,724888
2020-12-29,120,122.3,116.4,117.6,2611682
2020-12-30,120.5,120.5,117.4488,118,1520301
2020-12-31,116,118.2,116,116.5,543842
2021-01-04,119,119.4,109.2,110.3,2187984
2021-01-05,110.7,114.5,109.989,114.4,1088542
2021-01-06,112,115.1,110.2,111.4,1558703
2021-01-07,110,111.8622,109.4,110.8,1349835
2021-01-08,111.5,112.3,109.9714,110,3319440
2021-01-11,109.7,110.3525,106.91,108.9,15987980
2021-01-12,107,110.3,107,107.8,2520918
2021-01-13,108.5,108.5,105.5,105.9,3398006
2021-01-14,108.5,111.5,106.5,110.2,2073935
2021-01-15,112.3,112.3,107.8,111.5,2428064
2021-01-18,112.7,112.7,108.751,112,1156366
2021-01-19,112,115.1,111.841,115,6968955
2021-01-20,112.1,118.1414,112.1,117.5,1791712
2021-01-21,115.1,117.4,114.0305,114.7,1991844
2021-01-22,113.4,117.3,110.5,117,3919426
2021-01-25,114.5,117.7,114.1,116.5,2053826
2021-01-26,116,118.8,109.8,113.2,5263676
2021-01-27,116.4,129.7,115.5,121.3,6331334
2021-01-28,120.5,121.9,116,118.2,2015940
2021-01-29,116.2,117.4915,114.3,116.4,3075518
2021-02-01,118.9,119,114.9,116.6,2190294
2021-02-02,115.3,118.9,115.3,118.9,1546725
2021-02-03,115.9,120.5,115.9,119.1,1312206
2021-02-04,119.1,121.7,118.3,120.1,2043955
2021-02-05,122.6,122.9,118.9,122.2,1888685
2021-02-08,122.9,124.4,121.8,123.2,1381687
2021-02-09,123.2,127.6,122.9,127.1,2723268
2021-02-10,127.5,130.8,126.1,130,1701588
2021-02-11,126.9,130.1,126.9,128.6,2263093
2021-02-12,128.3,130.23,126,129.6,1171065
2021-02-15,130.4,135.8,128.87,135.1,1819708
2021-02-16,135.4,137.4826,132.342,133.5,1942997
2021-02-17,133.1,134,131.671,134,1707087
2021-02-18,132,137.9,132,136.8,2625637
2021-02-19,139,140.8512,136.1,137,4578718
2021-02-22,137,143.7,135,143.3,6171349
2021-02-23,140.1,150.5,140.1,148,10507560
2021-02-24,151.4,159,150.7,153.8,7286296
2021-02-25,153.8,157.2,153.5,154.8,12925880
2021-02-26,152.6,156.0632,150.2,151.9,3604894
2021-03-01,154.1,157.4,153.1,155.1,3521623
2021-03-02,155.1,156,151,151.7,2313331
2021-03-03,152.2,154.466,151.09,152.9,3781634
2021-03-04,151.7,159.3,151.2,157.2,3975476
2021-03-05,157.4,157.7996,153.02,154,3011869
2021-03-08,157.2,157.2,152,154.9,1586742
2021-03-09,156.3,157.2,154.5,154.7,3596161
2021-03-10,156,156.5,151.636,151.9,2255301
2021-03-11,153,153,149.4,152.7,3512899
2021-03-12,153,155.9145,152.5,155.4,1794059
2021-03-15,159,159,155.5,156,1116383
2021-03-16,157.7,160,156.3,159.6,1356949
2021-03-17,163,163,157.1,157.1,1455235
2021-03-18,157.5,158.1,154.9,156.1,1477226
2021-03-19,155.5,157,153.9,156,7878578
2021-03-22,153.5,156.8,152.5,154,2046446
2021-03-23,155.1,155.58,150.8,150.9,1301051
2021-03-24,152,153.532,149.1,152.3,1177466
2021-03-25,153,153,148.2,151.8,914365
2021-03-26,148,155.1,148,153.8,1204711
2021-03-29,152,154.8,152,153.6,1065942
2021-03-30,156.5,156.5,153.7,154.8,920729
2021-03-31,157.5,158.4,154.6,157.2,1823815
2021-04-01,158.6,158.6,154.8,155.4,737406
2021-04-06,158,159.8,157.2,159.5,1222841
2021-04-07,161.4,162.9,159.9,160.5,910601
2021-04-08,162.4,163.2,160,161,1030841
2021-04-09,157.7,161.9,157.7,158.5,6349702
2021-04-12,162.8,162.8,156.7,158.9,767863
2021-04-13,158.5,161.6,158.5,160.8,1009362
2021-04-14,164,164,157.9,160.2,793693
2021-04-15,163,163,158.5,158.9,945383
2021-04-16,162.6,162.6,157.9,159.5,889361
2021-04-19,163.3,163.3,159.081,161.9,2470257
2021-04-20,161.1,161.1,155.4,155.6,1090388
2021-04-21,159.6,159.6,153.4,154.7,832755
2021-04-22,157.7,157.7,154.4,156.2,772148
2021-04-23,155,156.2,154.8,155.9,658399
2021-04-26,158.4,158.4,154,155,1064360
2021-04-27,157.2,160.5,153.898,157.7,2881775
2021-04-28,161.3,161.3,155.6,155.6,3921091
2021-04-29,156,156,153.4,154.3,1169185
2021-04-30,155.5,159.7,154.4,158.7,1834220
2021-05-04,159.1,164.32,158.5,161.7,2362126
2021-05-05,157.9,161.1,157.6,158.9,1013715
2021-05-06,160.3,163,158.1,159,846708
2021-05-07,160.8,162.1,159.2,161.4,836491
2021-05-10,157.6,163.943,157.6,162,444040
2021-05-11,164.1,169.94,161.7,165.5,4065366
2021-05-12,169.7,169.7,162.1,163,1276426
2021-05-13,158.9,163.4,158.1,163,538474
2021-05-14,167.5,169,164.3,166.2,1703864
2021-05-17,170,170,164.4,166.3,1320060
2021-05-18,169.4,170,166,169,972507
2021-05-19,170,174.3,166.8,167.1,1941641
2021-05-20,170,170,166.7,167.4,8849461
2021-05-21,167.5,168.9,164.9,167.4,3125921
2021-05-24,164.2,171.5,164.2,170.8,4877464
2021-05-25,155,157.874,141,144,18151570
2021-05-26,145.6,145.8452,139,144.9,5484970
2021-05-27,145.6,147.8,143.6,144.7,5806860
2021-05-28,145,146.9,140,140.9,3153346
2021-06-01,142.7,145.2,141,143.3,2615229
2021-06-02,143.3,143.3,136.4,137.2,29713859
2021-06-03,139.1,139.1,134.4525,135.7,7693789
2021-06-04,133,137.7,133,135.8,2430898
2021-06-07,135.7,137.19,135.1,135.6,1388675
2021-06-08,132.3,138.3,132.3,138.3,14475250
2021-06-09,137,138.6,136.6,137.5,1453859
2021-06-10,134.1,138.3,132.5,132.7,2753484
2021-06-11,133,133.9,131.2,131.7,2269973
2021-06-14,132.3,133,129.8245,132.2,2529160
2021-06-15,130.5,133.1,128.8,129,3370217
2021-06-16,132.4,132.4,127.5,127.5,2861782
2021-06-17,128,129,127.3,128,2425884
2021-06-18,128,128.8,123.9,124.2,4892571
2021-06-21,122.2,124.8,121.3,124.5,3015305
2021-06-22,125.1,128.4715,125.1,128.2,1799232
2021-06-23,127.9,129.971,126.8,128.3,2008873
2021-06-24,128.8,129.3,127,127,3419130
2021-06-25,128,128,125.4606,127.9,1479015
2021-06-28,129.8,129.8,127.1,127.3,1421926
2021-06-29,128.5,130.2,127,127.4,1392518
2021-06-30,129.9,129.9,124.6,125.6,2050368
2021-07-01,128.5,130,126.4,130,3303662
2021-07-02,133,133,128.7,129.5,1748861
2021-07-05,129.6,132.6,128.954,132.3,1466380
2021-07-06,133.3,133.3,129.3,129.6,1426977
2021-07-07,129.9,130.4567,129,129.8,1300052
2021-07-08,128,129.8,125.8,125.9,1453803
2021-07-09,126,128,125.5,127,909276
2021-07-12,129,129,124,124.9,1474424
2021-07-13,124.3,127.4,124.3,125.3,1847525
2021-07-14,125.2,125.3,122.8,124.1,777765
2021-07-15,124.4,124.4,122.32,123.1,899110
2021-07-16,125.9,125.9,122,123.3,2309102
2021-07-19,123.3,123.3,117.3,117.3,1974423
2021-07-20,117,118.8,116.5,117.5,2149943
2021-07-21,120.1,123.8,118.6,123.8,2385041
2021-07-22,120.5,129.2,120.5,126.5,2528262
2021-07-23,124.4,128.1,124.4,126.5,1906625
2021-07-26,125.8,129.51,124.9,128.9,1309839
2021-07-27,133,135.2,131.4,133.2,3485130
2021-07-28,133.9,134.3,129.0414,129.6,2652181
2021-07-29,129,133.1,128.999,131.8,2194333
2021-07-30,131.8,132.5,129.2,130.5,3780769
2021-08-02,130,132.4,129.2,130,945704
2021-08-03,132.5,132.5,129,130.8,825907
2021-08-04,132.5,132.5,130.2,131,944063
2021-08-05,130.6,134.2,130,133.2,1135544
2021-08-06,132.7,132.7,129.2,130,573900
2021-08-09,129.5,131,129.2,131,628290
2021-08-10,129.5,131,128.4,130.8,654795
2021-08-11,130.9,131.9,129.6,131.9,878378
2021-08-12,129,134.2,129,132,3174339
2021-08-13,134,134,131.2,132.7,1239034
2021-08-16,132.5,133.7,130.1,130.2,729467
2021-08-17,129.8,131.9,129.2668,131,783505
2021-08-18,130.7,135.2,130.6635,134.2,1468985
2021-08-19,133,133.1,129.9,129.9,1481707
2021-08-20,129.8,131.7,129.774,131.4,5176756
2021-08-23,133.5,133.5,131.199,132.4,678506
2021-08-24,134.4,136,132.672,136,1074155
2021-08-25,136.2,139.3338,136.2,137.1,1088919
2021-08-26,136.8,138.5,136.5,137.8,594645
2021-08-27,139.5,140.4,137.4,140.2,871019
2021-08-31,142.5,142.5,138.7,142,1702436
2021-09-01,142,142.4,138.3,139,3552063
2021-09-02,142,142,137.6,139.1,896707
2021-09-03,138,140.2,134.9,135.7,3011613
2021-09-06,136,136.9,134.07,136.1,892943
2021-09-07,139.1,139.1,133.1,133.4,861903
2021-09-08,133,136.4,133,134.8,1412070
2021-09-09,137,137,133.3,136.1,948466
2021-09-10,136.5,137.2,135.5,137,989403
2021-09-13,137.1,139,135.676,138,1035268
2021-09-14,134.9,137.7,134.5,134.5,1142300
2021-09-15,132,134.4,129.5,129.5,1241113
2021-09-16,127.5,133.2,127.5,133.2,1599569
2021-09-17,130,135.6,130,134.4,3076440
2021-09-20,131.8,134.675,130.2,132.3,714764
2021-09-21,133.8,134.9,130.4,134.9,868686
2021-09-22,131.5,138.1,131.5,137.7,1398089
2021-09-23,138.9,141.6,138.1,140,1359202
2021-09-24,141,143,139.6,142.1,1006461
2021-09-27,144.2,147.1,142.356,146.1,3083807
2021-09-28,149.7,149.7,144.5,146.6,4072850
2021-09-29,147,147,141.5,144.3,1254475
2021-09-30,143,145.2,141.2,141.2,1423380
2021-10-01,145.6,145.6,134.8,137.8,4710869
2021-10-04,136.7,140.8,136.3,137,1681138
2021-10-05,137.4,137.4,135.1,136.2,1363238
2021-10-06,135.2,135.2,130.248,134.1,1560970
2021-10-07,135.6,135.8,131.6,133.4,934984
2021-10-08,136,138,133.9,136.6,982959
2021-10-11,136.6,136.906,133.3,133.7,649039
2021-10-12,131.7,133.9,131.7,133.1,560876
2021-10-13,132.8,134,131.4,131.6,616789
2021-10-14,133.2,136.8,130.8,134.5,1010427
2021-10-15,137.8,137.8,133.7,135.2,644210
2021-10-18,137.9,137.9,130.3,130.3,742978
2021-10-19,129.7,131,128.7,129.5,827825
2021-10-20,129.4,130.3,127.4,128.2,768326
2021-10-21,128.5,130.6,127.8,129.3,846566
2021-10-22,126.6,129.6,126.6,128.3,708402
2021-10-25,128,129.6,127.2,128,697351
2021-10-26,131.3,131.3,127.5,128.4,528361
2021-10-27,125.3,129.4,125.3,128,594616
2021-10-28,131.7,131.7,127.2,129.4,655428
2021-10-29,126.1,129.4,126,129.2,6685512
2021-11-01,126,130.9724,126,130.5,943922
2021-11-02,129,133.4,129,133.2,3198495
2021-11-03,136.4,136.4,130.8,133.7,951864
2021-11-04,134.2,135.3,132.3,132.3,679452
2021-11-05,133.5,134.6,131.9,134.6,1190710
2021-11-08,131,134.424,131,132.6,431442
2021-11-09,130.8,134.9,130.8,133.6,721150
2021-11-10,134.9,136.7,134.7,136,1396785
2021-11-11,135.4,137.5,134.7,135,632372
2021-11-12,137.5,137.5,134,134,727432
2021-11-15,131.2,135,131.2,134,571001
2021-11-16,134,134.6,132.8,134,2187883
2021-11-17,130.7,134.8,130.7,133.6,626862
2021-11-18,130.9,135.5,130.9,133.8,769526
2021-11-19,137.5,137.5,131,131.5,6233462
2021-11-22,131,134.3,129.442,133.5,1033624
2021-11-23,132.5,134.61,132.3,133.3,766385
2021-11-24,130,133.8,130,132.9,986738
2021-11-25,133.2,136.1487,131.7,135.3,610011
2021-11-26,131.2,131.2,120.6,120.6,2907462
2021-11-29,120.6,124.7,120.6,123.1,1818708
2021-11-30,122,129.5,119.4,125,4228958
2021-12-01,125.8,130.782,125.4,130.7,1562936
2021-12-02,129,132,128.6,131.4,1033529
2021-12-03,128.7,133.1,128.7,130.7,1814597
2021-12-06,132.5,133.825,130.3,133.3,1417496
2021-12-07,132.4,134.3,131.9,132.7,833308
2021-12-08,132.6,134.4,130.4,134.1,3365472
2021-12-09,135,135,132.38,133.7,850886
2021-12-10,135,136.3,133.1,133.8,873821
2021-12-13,132.8,133.8,128.1,128.1,1616899
2021-12-14,131.6,132.3,129,130.9,3201773
2021-12-15,129,131.4,125.1,125.1,1381807
2021-12-16,123.9,127.9,123.9,124.8,1292498
2021-12-17,124.8,127,124.2,125.7,1764650
2021-12-20,123.6,124.6,120.8,124.6,1526068
2021-12-21,126.2,127.9,124.8,126.6,843120
2021-12-22,124.5,131.4,124.5,129.7,899907
2021-12-23,130.5,131.6,129,130,637208
2021-12-24,133.4,133.4,129.3,129.3,81018
2021-12-29,129,131.9,128.8,130,752242
2021-12-30,130,130.2,129.2,129.7,405384
2021-12-31,127.8,129.5,127.8,129.5,275980
2022-01-04,130,137.2,130,136.6,1585515
2022-01-05,137,139,135.6,136.1,905346
2022-01-06,135.8,136.4,133.5,135.1,673964
2022-01-07,134,135.3,132.7,134.8,847252
2022-01-10,134.1,136.2,133.6,134.7,2879468
2022-01-11,133.5,135.4,131.5,132.4,609084
2022-01-12,128.9,133.3,128.9,131.9,764778
2022-01-13,133.9,135.156,130.8,133.8,796055
2022-01-14,131.9,134.2,131.9,132.9,592769
2022-01-17,131.9,134.1,131.9,132.2,464495
2022-01-18,131.7,132.6,129.8,132.2,643280
2022-01-19,131.2,132.7,130.992,131.4,680306
2022-01-20,130.4,132.7,130.4,131.4,883643
2022-01-21,129.2,132.8,129.2,131.2,815848
2022-01-24,131.3,131.6,125.8,126.3,844570
2022-01-25,127.8,129.2,125.2,125.9,763155
2022-01-26,122.8,128.3,122.8,125,517461
2022-01-27,127.5,128.4,124.2,126.8,3126276
2022-01-28,124,126.135,122.8,124.5,2847825
2022-01-31,122.5,124.8,120.6,123.5,2533731
2022-02-01,122.6,127,122.6,124.9,1898382
2022-02-02,127.2,127.5,124.7,125.8,1284931
2022-02-03,126.3,127.3,125.3,127,1744944
2022-02-04,127.4,128.3,126.2,126.4,974862
2022-02-07,127.4,130.5,127.226,129.6,901965
2022-02-08,128.9,131.5,127.2,131.2,1459123
2022-02-09,133.3,137,132.61,137,1874999
2022-02-10,134.1,140.4,134.1,140,2021794
2022-02-11,137.8,141,137.7,141,1459527
2022-02-14,139.6,140.3,136.2,137.5,2254354
2022-02-15,136.2,138.728,135.6,138.2,808714
2022-02-16,136.6,138.9,135.9,138.5,2541128
2022-02-17,138.5,138.5,136,137.3,666152
2022-02-18,134,138.3,134,137.2,702514
2022-02-21,136.2,138,134.9,135.1,1313594
2022-02-22,133.5,134.5,132.1,133.7,1006561
2022-02-23,130.5,135,130.5,131,1453680
2022-02-24,128.4,131.2,127.7,128.7,2404682
2022-02-25,126.1,132.4,126.1,130.7,13082390
2022-02-28,127.8,133.6,127.8,133.6,1815133
2022-03-01,130,134.8,130,131.5,2369748
2022-03-02,128.7,131.855,128.7,129.5,1870782
2022-03-03,130.2,131,123.74,125,2053564
2022-03-04,125,125.5,120.8,122.5,3212802
2022-03-07,120.9,120.9,107.3,114.8,3637056
2022-03-08,112.9,118.7,112.8,116.2,1356217
2022-03-09,116.2,119.4,115.2,116.5,1960845
2022-03-10,117.5,117.5,112.8,113.5,2402630
2022-03-11,116.3,116.3,112.8876,115.7,11642150
2022-03-14,114.3,120.3,113.95,120.3,1721167
2022-03-15,118.4,125,118.4,125,1073015
2022-03-16,125.5,129,125,129,2363652
2022-03-17,130,132.2,129.8,131.7,964008
2022-03-18,129,131.338,127.8,129.8,1340671
2022-03-21,127.6,130.4,127.6,129.9,775173
2022-03-22,128.8,132.1,128.8,131.6,717181
2022-03-23,131.6,133,131.4,132.5,899557
2022-03-24,131.2,132.7,129.6,131.7,1451001
2022-03-25,128.6,133.7,128.6,133.3,593521
2022-03-28,131.7,135.2,131.7,134.1,941417
2022-03-29,131.5,136.5362,131.5,135.9,670137
2022-03-30,135,136.3,132.4,132.5,911740
2022-03-31,135,135,128.5,128.5,1205091
2022-04-01,132.4,132.4,129.1,129.2,381339
2022-04-04,128.6,130.2415,128,128.1,568928
2022-04-05,125.7,128.9936,125.7,127.5,607986
2022-04-06,128.6,128.71,124.1,126.3,912607
2022-04-07,128.3,129.9,126.176,127.8,786637
2022-04-08,127.8,129.1,127.3,128,611219
2022-04-11,131,131,127.2,128,1248476
2022-04-12,129.3,129.3,120.3,120.3,1101138
2022-04-13,122,122.3,119.4,121.9,543786
2022-04-14,118.4,122.3,118.4,121.5,541600
2022-04-19,123,123,118.9,119.5,474416
2022-04-20,116.8,119.8,116.8,118.8,573472
2022-04-21,116,120.5,116,119.9,639254
2022-04-22,118,119.6,117.64,118.7,675828
2022-04-25,117.6,117.7,115.2,117.1,501348
2022-04-26,115,118.2,115,115.9,534500
2022-04-27,117.7,117.7,113.8,114.6,1249430
2022-04-28,114.6,115,112.9,114.5,2275350
2022-04-29,115,115.7,113.2,114.6,598314
2022-05-03,111.5,116,111.4,114.3,5996939
2022-05-04,117.6,117.6,113.0442,113.1,1855572
2022-05-05,115,115,110.8,111.3,1102570
2022-05-06,111.3,111.583,105.5,108.8,9393898
2022-05-09,112.8,112.8,108.7,109.4,756241
2022-05-10,110.2,112.2,109.4,110.3,553011
2022-05-11,108.8,113.4,108.8,111.7,1948865
2022-05-12,110.4,111.1,109,109.9,1020229
2022-05-13,109,111.3,109,110.4,3613294
2022-05-16,108.8,111.2,108.8,110.2,1671593
2022-05-17,108.2,112.4,108.2,110.4,1115200
2022-05-18,108.8,109.3,100.706,105.2,5490536
2022-05-19,103.4,106.4,103,105.5,1708564
2022-05-20,104.9,107.4,103.9,105.4,871884
2022-05-23,103.7,107.8,103.7,107.3,901652
2022-05-24,109.8,118.3,108.62,110.4,4905647
2022-05-25,110.6,112,106.3,107.5,2475103
2022-05-26,110.3,110.3,105.9,109.4,2906869
2022-05-27,112,112,108.3,110,1588217
2022-05-30,110,112,109.4,109.8,769481
2022-05-31,107,110.9,107,109,1995187
2022-06-01,109.8,111.3,108.4,109.7,963698
2022-06-06,110.2,121.9,110.2,114.6,2944183
2022-06-07,112,113.9,110.8,113,1078662
2022-06-08,111.9,113.16,110.3,110.3,1023102
2022-06-09,109.9,113,108.444,111.1,1482180
2022-06-10,110,111.7,110,111.3,1319211
2022-06-13,108.2,111.5,108.2,111.5,2050580
2022-06-14,108.4,111.3,107.6,109.5,3809442
2022-06-15,111,112.3,109.2,111.4,1170007
2022-06-16,112.2,112.2,106.1,106.7,1594395
2022-06-17,109.7,109.7,106.2,107,3157817
2022-06-20,110.8,110.8,106.9,106.9,1074136
2022-06-21,106,108.1,105.9,106.1,690905
2022-06-22,105,106.9,104.4,106.5,1223479
2022-06-23,106.4,107.7,104.4,105,1056502
2022-06-24,103.4,106.2,103.4,105.6,576524
2022-06-27,106.3,107,105.3683,105.8,562907
2022-06-28,105.5,106.968,104.8,105.3,498047
2022-06-29,105.1,105.7,101.7,102.4,812998
2022-06-30,101.5,102.1,97.95,99.3,1538101
2022-07-01,97.55,101.6,97.55,98.9,1019562
2022-07-04,99,100.05,97.65,98.8,1331208
2022-07-05,99,99.3,95.3,95.8,575961
2022-07-06,97.1,97.7,95.7267,96,726594
2022-07-07,96,97.6,96,96.35,531682
2022-07-08,96.6,97.15,95.9289,96.5,1620987
2022-07-11,95.2,97.05,94.5,95,2178639
2022-07-12,95.2,95.832,92.7,94.15,795428
2022-07-13,96.55,96.55,93.5,93.85,909970
2022-07-14,96.2,96.2,91.75,92.6,743460
2022-07-15,94.9,95.75,92.9,95.75,4329061
2022-07-18,96.35,99.2,96.35,99.05,901192
2022-07-19,98.9,101.7,98.8005,101.2,569834
2022-07-20,102.7,102.914,101,101.1,537610
2022-07-21,102.2,104.6,100.8,103.4,612836
2022-07-22,102,106.3,102,105.2,333283
2022-07-25,102.9,107.6,102.9,107.3,737742
2022-07-26,109.5,109.5,102.1,104.3,2261330
2022-07-27,102,104.7,102,102,2134157
2022-07-28,102,102.492,98.5,101.2,1050007
2022-07-29,99.1,102.093,99.1,100.6,1397363
2022-08-01,101,101.8,100,100.7,918710
2022-08-02,97.85,101.375,97.85,99.85,614743
2022-08-03,100.4,101.6,99.1,101.4,3690169
2022-08-04,100.6,102.5,99.4688,101.4,8394932
2022-08-05,101.2,102.3,100.5,100.6,804317
2022-08-08,100.1,100.712,98.65,98.7,714560
2022-08-09,96.55,99.384,96.55,97.5,882715
2022-08-10,97.6,99.55,96.7,99.05,732370
2022-08-11,99.35,100.5,97.6,98.85,565080
2022-08-12,101.5,101.6,99.8,101,1513250
2022-08-15,101.9,101.9,100.1504,100.9,747934
2022-08-16,100.5,100.6,98.75,99.55,1378132
2022-08-17,97.9,100.8,97.9,100.3,744827
2022-08-18,101.9,101.9,99.9,100,535304
2022-08-19,98,100.3,97.1,97.1,483553
2022-08-22,95.85,97,92.6,92.6,695609
2022-08-23,92.6,92.6,86.3,86.35,1134109
2022-08-24,86,87.7,84.5,87.7,838757
2022-08-25,88.2,89.1,86.95,87.95,2642310
2022-08-26,85,90.3,85,86.35,2239710
2022-08-30,86.45,88.45,86.3,87.4,4139887
2022-08-31,85.4,87.613,85,85.05,2754247
2022-09-01,85,85.92,83.85,85,1287042
2022-09-02,86.7,86.95,84.95,86.5,1390571
2022-09-05,85.25,86.3,83.3,84.1,783761
2022-09-06,85.9,87.55,84.45,86.45,1086458
2022-09-07,86.45,87,84.5,85.65,1204154
2022-09-08,85.2,86.75,84.64,85.8,1110731
2022-09-09,84.55,88.3,84.55,88,2171631
2022-09-12,89.4,90.65,87.6,89.95,1079863
2022-09-13,89.95,90.6,89.35,89.85,1484098
2022-09-14,89.5,89.65,87.9,88.65,3049025
2022-09-15,86.35,89.3,82.45,86.3,3479651
2022-09-16,87,87,81.3,82.25,21671699
2022-09-20,83.5,84,81.15,81.15,9137784
2022-09-21,80,81.2,78.35,79.95,4523216
2022-09-22,81.85,81.85,79.15,79.45,5425764
2022-09-23,79,80,74,77.2,4852608
2022-09-26,76.4,77.39,74.6264,76.05,2138478
2022-09-27,76.4,77.75,74.15,74.15,1595873
2022-09-28,74.1,75.35,70.93,75.15,2433740
2022-09-29,75,76.75,70.5,70.5,4067858
2022-09-30,70,72.5,70,72.2,1851821
2022-10-03,71,72.6,70.9,72.4,1504396
2022-10-04,73.85,76,73.34,76,11074360
2022-10-05,75.45,76.75,74.2,74.45,1439569
2022-10-06,72.55,75.9,72.55,72.9,1432194
2022-10-07,71.05,73.05,71,71.7,1070133
2022-10-10,72,72,67.88,69.3,2192578
2022-10-11,68,69.1,66.55,67.3,3922306
2022-10-12,68.95,68.95,65.55,66.2,2507849
2022-10-13,65,68.6,65,67.8,1873938
2022-10-14,68,69.2,67.65,68.4,1210631
2022-10-17,66.85,70.95,66.85,70.8,1353199
2022-10-18,69.1,71.5,69.1,70.55,674958
2022-10-19,68.8,70.3,66.45,66.45,1047932
2022-10-20,65.7,68.5,65.7,67.75,1016188
2022-10-21,67.35,67.9,66.05,66.75,727527
2022-10-24,65.05,67.85,63.75,64.05,1353909
2022-10-25,65.25,66.4685,61.35,66.05,1083852
2022-10-26,66.5,68.5,66.3,67.95,2374049
2022-10-27,68.15,68.9,66.95,67.95,897174
2022-10-28,68.15,69.5,66.9,67.4,677397
2022-10-31,67.75,68.75,66.5,67,681580
2022-11-01,68.45,70.55,67.806,68.05,2169978
2022-11-02,69.85,69.85,66.25,67.25,1366403
2022-11-03,66.75,67.85,63.95,65.15,404971
2022-11-04,65.45,66.45,64.7,65.6,2593900
2022-11-07,66.55,67.8,65.6,67,2087275
2022-11-08,66.3,67,65.9,66.8,8813007
2022-11-09,66.75,67.55,66.35,67,2055765
2022-11-10,66.65,69,64.99,67.85,1903920
2022-11-11,69,69,67.75,68.6,3219860
2022-11-14,69,70.4,67.8,70.1,1974088
2022-11-15,70.7,70.95,69.4,70.2,955233
2022-11-16,70,70.533,67.5,69.15,1686304
2022-11-17,69.45,71.5518,68.15,70.9,1355109
2022-11-18,70.55,71.45,69.95,71.2,1575858
2022-11-21,70.95,71.9,69.45,69.85,716616
2022-11-22,71.35,71.35,69.65,70.5,590633
2022-11-23,71,71.095,69.55,70.4,361300
2022-11-24,71.65,73.15,70.5212,71.8,2786900
2022-11-25,72.15,72.8416,70.363,70.9,488567
2022-11-28,71.4,72.95,70.2,71.2,1723659
2022-11-29,69.5,71.05,64.646,65.2,3782426
2022-11-30,66.5,66.5804,64.4,64.4,4961744
2022-12-01,65.55,65.65,63.8,63.8,2767774
2022-12-02,65.2,65.75,63.3,65,1853391
2022-12-05,66.8,66.8,65.2,65.5,2152991
2022-12-06,66,66.1,62.6,62.75,1809354
2022-12-07,64.15,64.15,62,62.2,1498450
2022-12-08,63.75,63.75,61.6,61.9,1270267
2022-12-09,62.8,62.8,61.4,62.7,1301639
2022-12-12,64,64,60.15,60.75,1267741
2022-12-13,62.35,63.2,60.45,62.7,2860906
2022-12-14,63,63.5,61.85,63.25,1596183
2022-12-15,63.8,64.4,61.8,62.1,1034509
2022-12-16,61.75,62.1,61,61.8,3787580
2022-12-19,62.9,64.1,61.5,63.7,1417820
2022-12-20,65.3,65.3,62.4,62.45,912785
2022-12-21,62,64.5,62,63.95,844906
2022-12-22,63.75,65.3,63.71,64,664853
2022-12-23,65.4,65.4,63.71,65.1,210102
2022-12-28,64,66.75,64,66.75,641358
2022-12-29,68,68,65.1,67.3,1086885
2022-12-30,67.2,68,64.1,64.15,375046
2023-01-03,64.55,66.1042,64.55,65.4,1193137
2023-01-04,65.3,66.4,64.8,66.25,950860
2023-01-05,67,69.5,66.8,69.1,2397982
2023-01-06,70,70,68.5,69.45,3056777
2023-01-09,70.4,71.5,68.3,69.8,1264423
2023-01-10,70.6,70.6,68.2975,69.2,5688185
2023-01-11,69.1,71.95,68.25,70.35,2433412
2023-01-12,70.9,73.8,70,73.4,2503777
2023-01-13,74.85,74.85,72.4,72.4,2312556
2023-01-16,74.05,74.05,71.5,71.55,2063481
2023-01-17,71.5,73.3,71.5,73,2072127
2023-01-18,74.7,74.7,72.4,73.55,1086338
2023-01-19,74.55,74.55,72.6,73.3,8201622
2023-01-20,73.4,75.6,72.8,75.6,3545637
2023-01-23,76.6,78.4823,75.753,76.35,2736426
2023-01-24,76.1,77.15,75.3,76.45,4323009
2023-01-25,78.5,78.5,75.7,76.45,4184863
2023-01-26,70,74.8,66.6041,73.9,13462230
2023-01-27,73.8,75.8,73.45,74.8,8209345
2023-01-30,75.6,78.6,74.8,78.6,3388236
2023-01-31,79.8,79.85,78,79.85,4425910
2023-02-01,80,81.95,79.2615,81.15,1989437
2023-02-02,81.5,86.7,80.65,86.45,5520326
2023-02-03,86.5,89.3,85.3,87.7,6340919
2023-02-06,86.05,88.2,86.05,87.55,1476758
2023-02-07,88.75,88.806,86.45,87,2362675
2023-02-08,88,88,86.4,86.9,2603567
2023-02-09,87.45,87.5123,86,86.5,1123346
2023-02-10,85.3,86.7,84.9,85.9,1895775
2023-02-13,85.2,86.65,81.5,81.9,2647335
2023-02-14,81.1,82.5,79.35,79.35,2535959
2023-02-15,81.6,81.6,78.0625,78.8,1957092
2023-02-16,79.75,79.75,76.5,76.7,2400942
2023-02-17,78,78,75.8,77.05,2946666
2023-02-20,78.45,78.9,77.15,78.55,1053534
2023-02-21,80.65,80.65,78.05,78.8,1573588
2023-02-22,80.7,81.11,78.7,80.5,1243094
2023-02-23,82.2,82.2,79.1431,80.95,1437048
2023-02-24,80.8,81.5,79.492,79.65,1417819
2023-02-27,78.7,82.85,78.7,82.5,3679413
2023-02-28,82.7,84.8,80.85,81.45,1822477
2023-03-01,83.6,83.6,81.6,81.6,768551
2023-03-02,83,83,81.2,82.95,2609840
2023-03-03,82.5,84.328,82,82.45,795597
2023-03-06,81.6,83.35,80.15,82.5,1435142
2023-03-07,84.3,85.1,81.6,83.6,974532
2023-03-08,85.9,85.9,81.8,84.2,921861
2023-03-09,86.1,86.1,81.05,81.05,702347
2023-03-10,80,81,78.69,80.8,815411
2023-03-13,82.35,82.35,77.45,80,1944869
2023-03-14,80.05,82.4,79.75,81.9,546977
2023-03-15,81.45,82.85,77.39,79.05,1157330
2023-03-16,80.9,81.5,79.3,81.35,910454
2023-03-17,83.2,83.2,78.85,79.55,1899253
2023-03-20,81.25,81.25,78.05,80,1362226
2023-03-21,78.65,81.3,78.65,80.55,555815
2023-03-22,82.5,82.5,80.8,81.7,752014
2023-03-23,83,83.9175,81.5,83.25,559967
2023-03-24,81.7,82.1,79.85,80.55,873700
2023-03-27,81.3,83.485,80.75,81.9,985064
2023-03-28,83.6,83.6,79.95,81,642486
2023-03-29,82.8,84.05,80.05,82.25,719385
2023-03-30,84.1,84.1,82.25,83.15,534675
2023-03-31,85.15,85.65,81,81.25,982845
2023-04-03,81.2,83.4,80.05,80.6,2062451
2023-04-04,81.4,81.4,79.9,80.3,1731759
2023-04-05,80.2,80.85,79.788,80.1,879929
2023-04-06,80.35,81.65,80.07,80.5,1117451
2023-04-11,79.05,81.35,79.05,79.75,990132
2023-04-12,79.25,81,78.6,80.5,1780891
2023-04-13,80,80.9,79.6,80.15,1284681
2023-04-14,80.45,82.0375,78.8,81.2,2257134
2023-04-17,82.4,83.0459,79.85,79.85,826628
2023-04-18,82.1,82.1,79.95,80.5,875240
2023-04-19,80.5,81.4,79.7837,80.5,802783
2023-04-20,82,82,80.1175,80.9,355878
2023-04-21,83.35,83.35,81.15,81.9,636013
2023-04-24,81.1,83.55,81.1,82.65,659404
2023-04-25,84.75,84.75,81.08,81.85,347164
2023-04-26,84.1,84.15,81.65,83.6,387360
2023-04-27,83.5,85.2,83.5,84.3,3349206
2023-04-28,85,85.75,83.2478,85.75,955971
2023-05-02,86,88.65,85.2,86.3,1224282
2023-05-03,87.5,87.5,84.35,85.85,336126
2023-05-04,86.5,86.5,83.65,84.35,715572
2023-05-05,84.85,86.65,84.25,86.65,1535187
2023-05-09,86.6,86.6275,84.9,84.9,1008071
2023-05-10,86.6,86.6,84.4,84.65,705323
2023-05-11,85,85.8,80.75,82.3,1250222
2023-05-12,82.35,84.15,82.0325,83.5,970020
2023-05-15,84.3,84.3,82,82,749185
2023-05-16,82.4,82.86,80.05,80.4,886931
2023-05-17,80,81.46,79.6,80,1070901
2023-05-18,78.2,81,78.05,78.25,894605
2023-05-19,79.75,79.75,76.3,76.3,1143672
2023-05-22,75.25,77.2,75.24,76.2,762467
2023-05-23,74.45,76.85,74.45,75.9,886984
2023-05-24,76.2,76.85,74.1678,75.4,965817
2023-05-25,77.8,77.8,75.1,76,328677
2023-05-26,75,76.1,73.956,75.8,578130
2023-05-30,76.3,83.2875,76.3,79.05,1108383
2023-05-31,78.35,82.25,77.0972,80.15,2303073
2023-06-01,80.2,82.5219,79.8,80.2,1369259
2023-06-02,81.55,82.5,79.85,82.1,615916
2023-06-05,83.9,83.9,80.25,80.25,619351
2023-06-06,79.1,80.7735,79.1,80.15,435011
2023-06-07,80,81.45,78.97,80.3,432509
2023-06-08,79.5,81.5,79.1,80,1050726
2023-06-09,78.45,80.1,76.5,77.15,1755100
2023-06-12,76.5,80.55,76.5,78.45,2228720
2023-06-13,78.75,81.5,77.05,78,958665
2023-06-14,76.1,77.95,74.35,75,4437762
2023-06-15,76.75,76.75,73.7301,73.9,1663265
2023-06-16,75.7,76.2,73.3294,74.85,1800052
2023-06-19,76.75,77.9,74.8,75.05,680501
2023-06-20,75.2,76.85,74.2075,75.85,578559
2023-06-21,77.7,79.2,75.45,77.3,1180989
2023-06-22,77.95,78.934,77.2,78,850062
2023-06-23,76.9,78.45,75.7,75.7,5964260
2023-06-26,74.8,77.2,72.3,72.3,2407117
2023-06-27,72.3,72.781,70.425,72.25,2586842
2023-06-28,72.95,74,71.8,73.2,1996517
2023-06-29,71.75,74.15,71.75,73.05,605982
2023-06-30,71.35,73.95,71.35,73.1,4481784
2023-07-03,74.7,76.25,72.75,75.9,683355
2023-07-04,73.8,77.9,73.8,77.4,526181
2023-07-05,77.3,79.55,75.91,78,6189089
2023-07-06,78.5,81.6374,78.5,80.55,1173637
2023-07-07,81.5,83.6,78.35,83.3,1487044
2023-07-10,82.1,88.7,82.1,83.25,1289114
2023-07-11,82.2,85.1,82.2,84,780848
2023-07-12,85.65,86.85,84.7,84.95,1086586
2023-07-13,84.7,86.35,82.92,85.7,781560
2023-07-14,85.65,87.5,83.9,85.65,938436
2023-07-17,84.15,86.45,83.45,84.6,548793
2023-07-18,85.95,86.35,83.9,84.5,868558
2023-07-19,84.45,86.7,82.4,83,1939694
2023-07-20,81.15,85.35,81.15,84.9,2052330
2023-07-21,86.2,86.65,85.1662,85.8,1117435
2023-07-24,84.4,86.88,84.4,84.7,1206267
2023-07-25,85,91.15,84.47,89,3277463
2023-07-26,88.9,91.3,86.27,86.5,2323947
2023-07-27,88.95,88.95,86.9,87.1,1091232
2023-07-28,85.2,88.15,85.01,87.9,1150162
2023-07-31,87.7,89.55,86.65,87.7,798509
2023-08-01,88.45,90.1625,87.45,87.45,1164151
2023-08-02,86.2,87.85,86,87.8,609452
2023-08-03,89.3,89.95,87.535,88.7,535941
2023-08-04,86.6,89.95,86.6,89.4,560200
2023-08-07,87.55,93.6,87.55,91.6,637214
2023-08-08,94.05,94.05,89.45,89.45,1131120
2023-08-09,91.95,93.3,90.2,92.3,748983
2023-08-10,90,93.5,90,90.35,703362
2023-08-11,88.7,91,87.75,88.65,609965
2023-08-14,86.45,90.35,85.6,86.15,757333
2023-08-15,84.4,86.9,84.4,86.2,1521370
2023-08-16,87.05,87.45,84.55,85.5,845204
2023-08-17,83.55,86,83.55,84.6,468227
2023-08-18,86.8,86.8,84.15,84.45,679337
2023-08-21,84.35,86.3,82.95,83.05,504512
2023-08-22,81.85,84.35,81.4,81.4,755832
2023-08-23,81.95,83.8,79.83,82.55,550308
2023-08-24,83.05,83.8,82.3,82.7,321369
2023-08-25,80.9,83.25,80.6625,82.9,416412
2023-08-29,83,84.75,81.2515,83.2,383834
2023-08-30,83.45,85.3,82.15,83.1,681709
2023-08-31,85.15,85.3659,82.45,84.25,419941
2023-09-01,85,85,82.15,82.75,259008
2023-09-04,83,84.65,80.4,80.6,451942
2023-09-05,80.05,81.25,78.6,79.2,472596
2023-09-06,79.2,79.75,77.4,78.5,473906
2023-09-07,78.8,80.35,77.55,78.95,281899
2023-09-08,79,79.695,77.96,79.55,311026
2023-09-11,79.1,79.85,78.8,79.3,350437
2023-09-12,78.9,80.1915,78.3285,79.05,457416
2023-09-13,77.6,79.714,77.6,79.35,683454
2023-09-14,77.3,80.6,77.3,79.5,770055
2023-09-15,82.05,82.05,77.4425,79.05,2565716
2023-09-18,77.8,79,76.05,76.9,2768247
2023-09-19,77,77.8587,76.1,77.15,463323
2023-09-20,77.95,78,76.35,77.4,849803
2023-09-21,77.15,78.646,75.75,77.05,536961
2023-09-22,79,79,74.05,75.25,3479099
2023-09-25,76.3,76.9325,73.5,74.1,900666
2023-09-26,74.35,75,73.55,74.05,1327761
2023-09-27,74.35,76,74.35,74.55,1128991
2023-09-28,74.2,74.95,72.95,73.7,1733029
2023-09-29,75,76.4,73.3,75.9,1114447
2023-10-02,75.8,76.4,74.2,75,402798
2023-10-03,74.5,75.4,70.8,71.75,703814
2023-10-04,73.2,73.5,70,70.45,336629
2023-10-05,71.8,72.1,69.8,70.3,573860
2023-10-06,70.6,71.9,68.6,69.5,1515902
2023-10-09,68.8,70.4,68.35,68.75,504610
2023-10-10,74.35,87.2603,74.35,84,8504261
2023-10-11,83.85,86.5,82.5,83.8,976186
2023-10-12,81.65,88.1,81.25,86.8,881461
2023-10-13,86.6,89.1,84.45,88.8,1163048
2023-10-16,90.25,90.35,86.5,90.3,1007191
2023-10-17,91.75,93.7,90,92,1440662
2023-10-18,91.2,93.0471,90.05,90.55,734496
2023-10-19,90.25,90.85,86.6,87.55,456631
2023-10-20,89.55,89.55,82.2,88,1146222
2023-10-23,85.8,87.95,85.04,87.4,7141489
2023-10-24,87.7,90.75,87.7,89.75,919963
2023-10-25,87.6,88.95,85.8,87.8,905908
2023-10-26,86.3,87.5675,86,86.65,753864
2023-10-27,85.8,88.35,85.8,87.35,1601047
2023-10-30,85.8,89.5,85.8,88.35,814488
2023-10-31,86.35,90.6,86.35,89.85,927916
2023-11-01,89.8,91,89.15,91,928577
2023-11-02,90.4,92.8,90.3,91.65,1743878
2023-11-03,91.9,93.475,91.55,91.55,988868
2023-11-06,91.75,91.95,89,89.15,602052
2023-11-07,87.2,90.88,87.2,90.6,1142530
2023-11-08,89.8,96.05,88.95,92.8,886476
2023-11-09,94.5,94.5,91.05,92.4,1587885
2023-11-10,89.95,93.3,89.8,92.55,690527
2023-11-13,90.3,94,90.3,93.65,876326
2023-11-14,91.55,97.8,91.55,96.5,796537
2023-11-15,94.95,101,94.95,99.55,1052840
2023-11-16,99.55,100,97.6,97.8,717501
2023-11-17,97,99.8,97,98.05,608967
2023-11-20,97,98.85,96.75,96.8,524116
2023-11-21,96.7,99.85,96.7,98.9,801623
2023-11-22,97.25,101.1,97.25,98.95,623225
2023-11-23,99.4,102.3,97.5,101,838121
2023-11-24,98.5,102.9,98.25,101.4,672417
2023-11-27,101.4,103.5,100.7,101.5,1157916
2023-11-28,99.2,101.3096,92.5,97,1384681
2023-11-29,97.35,100.8,95.344,99.1,697531
2023-11-30,98.4,100.3,96.95,98.95,1273555
2023-12-01,97.2,99.9,95.75,96.25,1456984
2023-12-04,93.75,98.35,93.75,96.2,778991
2023-12-05,93.85,99.2,93.65,96.1,658968
2023-12-06,97,97,94.5027,95.75,2348637
2023-12-07,97.3,97.3,95.05,96.65,1011402
2023-12-08,94.3,98.4,94.3,97.45,655039
2023-12-11,96.95,99.15,95.15,97.05,504856
2023-12-12,95.1,97.7,95.1,96.8,610496
2023-12-13,94.6,98.0175,94.6,97,1375715
2023-12-14,95.5,100.97,95.5,100.1,534326
2023-12-15,97.45,101.9,96.6,96.6,1422978
2023-12-18,95.5,98.3,95.25,97.05,524585
2023-12-19,98.5,98.7,96,96.9,660870
2023-12-20,99.35,99.35,96.6,98,1675841
2023-12-21,95.85,99,95.85,98.95,917632
2023-12-22,99.5,100.6,97.95,100,1778252
2023-12-27,98.05,101.5,98.05,98.8,426507
2023-12-28,101.4,101.4,98.05,98.95,319329
2023-12-29,99,99,95.65,96.45,300095
2024-01-02,95.8,96.95,94.05,95,1354298
2024-01-03,94.2,96.7,94.2,95.6,2077999
2024-01-04,97,97.1625,95.25,97.1,1369114
2024-01-05,95.5,99.05,95.5,98.1,1146887
2024-01-08,97,98.1,95.5,97.25,503068
2024-01-09,95.15,99.4,95.1,97.9,474817
2024-01-10,96.9,97.95,95.0512,97.6,1000007
2024-01-11,99.1,99.3,95.6,96,3350336
2024-01-12,99,99,95.715,96.65,4293084
2024-01-15,97.9,98.25,94.8,96.95,536707
2024-01-16,96.5,97.6,95.7,96.4,4801768
2024-01-17,96,98.5,94.175,96.1,3821826
2024-01-18,96.15,98.05,95.6,97.5,1345519
2024-01-19,97.6,99.55,96.7,98.75,2795936
2024-01-22,98.8,101.6,98.8,100.9,1314627
2024-01-23,100,102.6,98.4,98.4,5465569
2024-01-24,99.95,103.23,99.5,102.9,858728
2024-01-25,104,104.9,101.4,102.7,2856768
2024-01-26,102.7,104.8,102.6,102.6,3080382
2024-01-29,103.8,103.8,100.4,103.2,869979
2024-01-30,104.7,105.7,102.38,103.5,967648
2024-01-31,104.7,105.9,102,102.4,908401
2024-02-01,102,103.7,101.3,101.3,1115549
2024-02-02,102.5,102.5,99,99.05,734004
2024-02-05,102.1,102.4,97.85,97.85,648490
2024-02-06,96,99.9,96,99.05,2346729
2024-02-07,99.45,102.1,97.75,100.1,889516
2024-02-08,99.5,102.4,99,99.75,802989
2024-02-09,101.7,101.9,99,99.8,1182987
2024-02-12,99,102.8,99,102.7,1497938
2024-02-13,100.1,102.27,99.05,100.6,1109395
2024-02-14,101.4,102.8,98.5,102.4,640115
2024-02-15,103.7,103.8,100.4,102.5,571029
2024-02-16,103.9,103.9,101.5,102.5,1367809
2024-02-19,101.2,105,101.2,104.5,1523068
2024-02-20,103.6,104.8,102.7,104.3,4194331
2024-02-21,106,106,103.183,104.6,794192
2024-02-22,103,105,102.2,102.2,449888
2024-02-23,104,104,98.649,101.5,1612496
2024-02-26,102,103,100.8,102.5,1396334
2024-02-27,101.7,103.6902,101.1,102.9,402058
2024-02-28,104,104,101.2,101.9,330548
2024-02-29,102.9,103,101,102.2,810786
2024-03-01,102.5,102.9,101.27,102.4,404102
2024-03-04,102,103.2,102,102.8,513751
2024-03-05,101.4,103.8,101.3,102.8,343915
2024-03-06,102.3,103.9,102.1,102.9,1713303
2024-03-07,101.3,105.2,101.3,105,490476
2024-03-08,103.6,106.69,103.573,106.1,3308571
2024-03-11,105.1,107.8,104.4,106.6,760897
2024-03-12,104,108.5,104,108.2,533666
2024-03-13,107,109.5,106.3,107.6,437984
2024-03-14,108.3,108.9,106.13,106.9,453672
2024-03-15,109,110.7,106.7,110.6,4525910
2024-03-18,111,113,109.78,111.4,2453053
2024-03-19,111,112.5,109.75,112,1562156
2024-03-20,112,113.5,111.8,112.2,909187
2024-03-21,115,115,112.2,113.8,586464
2024-03-22,115,115.9,113,113.5,600793
2024-03-25,112.6,114.42,111.352,112.9,1689526
2024-03-26,115.4,119,113,118,8088549
2024-03-27,116.9,121.5,116.9,117.4,4353136
2024-03-28,116,120.4,115.3,119.3,1774393
2024-04-02,118.4,126.6,118.4,126,15998160
2024-04-03,125.2,129.6,123,127.2,5326851
2024-04-04,130,132,127.6,130.2,4108660
2024-04-05,128,134,127.8,134,5829553
2024-04-08,134,135.0662,131.6,132.6,1546078
2024-04-09,132.2,134,131.8,132.6,3205875
2024-04-10,132,134.8,132,134.4,2090868
2024-04-11,136,136,133,134.8,1156494
2024-04-12,134,135.8,132,132,5093255
2024-04-15,132,134.8,129.4,134.4,1238226
2024-04-16,132.6,133.8,127.6,130.2,3028870
2024-04-17,129.4,130.668,128,129.2,843240
2024-04-18,127.2,131.2,127.2,129.8,437779
2024-04-19,128,131.45,127.8,128,669587
2024-04-22,127,131.4,127,130.2,482604
2024-04-23,133,133,130.8,131,645851
2024-04-24,128.6,133,128.6,129.8,1167013
2024-04-25,130,130.8,128.6,128.6,2922819
2024-04-26,132,137.4,129.2,132.8,2882772
2024-04-29,136.6,136.6,132.77,133,687829
2024-04-30,133,134,131.34,131.8,821929
2024-05-01,130.2,133.4,129.6,132,328890
2024-05-02,132,133.8,130.2,132.8,1719311
2024-05-03,130.4,134,128.4,133.4,364737
2024-05-07,129.8,135.6,129.8,132,2057493
2024-05-08,135,135,130.97,133,3848932
2024-05-09,133.6,134.644,131.6,134.2,544941
2024-05-10,135,135,132.52,133.2,580780
2024-05-13,135,138,134.2,138,846789
2024-05-14,138,139.8,136,136.4,2608388
2024-05-15,138,139.422,135.2,139,9132512
2024-05-16,135.2,139.2,135.2,135.6,876841
2024-05-17,136,137.052,134.6,135,1341761
2024-05-20,137.4,140.456,135.128,139.4,1121602
2024-05-21,142,170.4,141.2,165.6,5278195
2024-05-22,163.8,170.6,163.8,169,1720024
2024-05-23,167.2,169.4,162,162,2615119
2024-05-24,161.6,167.6,158.6,167.6,1466682
2024-05-28,166.8,168,164,166.8,3013357
2024-05-29,168,170.4,165.828,170.4,1300969
2024-05-30,167,174.2,167,174.2,2363409
2024-05-31,174.6,178.2,173,175.4,3220724
2024-06-03,177.2,178.6,174.8,176.6,923126
2024-06-04,175.4,178,170.4,172.2,1005844
2024-06-05,175.2,175.2,167.8,169,958355
2024-06-06,168.6,175,166.4,174,2961256
2024-06-07,171.2,176.2,170.6,173,2764595
2024-06-10,172.4,173.6,169.6,170.8,574621
2024-06-11,175,175,166.6,168.8,604783
2024-06-12,165.4,169,164,167.6,1653265
2024-06-13,168,168,165.2,166.6,1164924
2024-06-14,165.6,167.2,160.2,162,4442534
2024-06-17,156.8,165.9823,156.2,159.6,3845966
2024-06-18,163.6,167.2,159.184,165.8,2445226
2024-06-19,169,169,164.2,164.2,1286752
2024-06-20,162,169.6,162,169.6,4519451
2024-06-21,169,170.2,166.95,169.8,3231956
2024-06-24,168,171.2,166.4,167.8,879687
2024-06-25,173,173,164.6,165.4,2952106
2024-06-26,167,167,164.6,165.8,2356636
2024-06-27,166.2,168.862,164.4,168,1718953
2024-06-28,166,169,166,166.4,1582881
2024-07-01,164.4,170,164.4,170,805213
2024-07-02,169.6,171.4,166.6,170.6,1237776
2024-07-03,172,173.4,169.4,173.2,1004520
2024-07-04,175,175.8,172,174,960407
2024-07-05,171.2,180.4,171.2,179.4,1458639
2024-07-08,176,183.0826,171.4,180.8,1886788
2024-07-09,184,184,176.8,177.2,1843118
2024-07-10,178.8,178.8,175.4,176.8,1200101
2024-07-11,178,178.6,174.8,176.6,1409853
2024-07-12,177,179.2,176,178.6,1547833
2024-07-15,178,179.8,177.2,179,1730930
2024-07-16,180,180,178,178,1516851
2024-07-17,180,180,175,175,1472305
2024-07-18,175,178.8,175,177.6,1581831
2024-07-19,176.6,178.4,175.0906,177,527864
2024-07-22,177,182.8,176.4,181.4,836933
2024-07-23,180.8,183.4,177,179.8,1113060
2024-07-24,185,188.8,181.8,181.8,1708891
2024-07-25,183.6,183.6,175.83,179.4,1193987
2024-07-26,175,182.4,173.4,179.6,2348869
2024-07-29,179.6,184.8,176,176.4,1304462
2024-07-30,178,180,175.4,177.6,1838598
2024-07-31,175,180.2,175,180.2,1004492
2024-08-01,182,182,176.2,180,1288632
2024-08-02,180.6,180.6,172.2,173,1628558
2024-08-05,171.2,171.4,164.4,171.2,1395443
2024-08-06,172.8,174.6,167.4,171.8,1411543
2024-08-07,172,175.2,171.42,175.2,4489368
2024-08-08,171.6,174.837,170.6,172.6,1318132
2024-08-09,174,177,172.852,173.8,864914
2024-08-12,173,177.2,173,177,461998
2024-08-13,173,180.2,173,175.6,1158509
2024-08-14,174,177.6,174,175,737835
2024-08-15,175,179.4,175,179,1812526
2024-08-16,180,180,177.4,179,611202
2024-08-19,180,180,177,177,390299
2024-08-20,173.8,180.4,173.8,178.4,886499
2024-08-21,180,180.8,177.6,178.6,609896
2024-08-22,180,181.8,178.2,180.2,549893
2024-08-23,177,181.4,177,180.8,512918
2024-08-27,181.8,184.2,176.6,184.2,945596
2024-08-28,187.2,187.2,183.8,186.4,605476
2024-08-29,188.8,188.8,182.8,183.6,1050437
2024-08-30,185.4,187,182.2,186.8,2071815
2024-09-02,187,187.8,183.8,187.6,579996
2024-09-03,184,187.8,182.4,182.4,963467
2024-09-04,178.8,184.8,178.774,184.8,1161695
2024-09-05,186.8,186.8,178.2,184.2,787199
2024-09-06,184.2,185.2,177.4,177.8,985090
2024-09-09,179,182.2,177.8,179.6,1877660
2024-09-10,179.4,182,178.259,179.2,1485807
2024-09-11,179.8,180.6,176.51,177.4,1089766
2024-09-12,180,182.8,177.8,181.6,2331170
2024-09-13,181,186,179.8,185.2,1708204
2024-09-16,188,188,182.2,183.6,541990
2024-09-17,187,187,183,183.4,1199871
2024-09-18,182,184.4,182,182.6,850079
2024-09-19,183,184.4,183,184,989641
2024-09-20,183,185.4,176.6,176.6,2991429
2024-09-23,177,181.4,175.4,179.6,735020
2024-09-24,181,181.12,178,178.8,553209
2024-09-25,179.6,181,177.8,179.4,519690
2024-09-26,184,184,180,180.4,698783
2024-09-27,179.6,184.2,179.6,183.8,956462
2024-09-30,182,185,181,184,727804
2024-10-01,182.4,185.8,179.8,179.8,981828
2024-10-02,182.8,182.8,176.8,178.2,886412
2024-10-03,180,180,177.2,179.2,839346
2024-10-04,178.2,183,178.2,181.6,894919
2024-10-07,183.6,183.8,179.8,180.2,563728
2024-10-08,185,197,179.042,196,4293297
2024-10-09,196.6,199.8,195.4,197.6,3078886
2024-10-10,196.8,207.5,196.8,207.5,1899744
2024-10-11,206.5,213,206.5,212,1253751
2024-10-14,215,215,207.14,209.5,886949
2024-10-15,211,218,209,217.5,1110245
2024-10-16,220,221,215.5,217,1074315
2024-10-17,215.5,218,213.5,214,1231229
2024-10-18,215,219,214,217,3215162
2024-10-21,218.5,218.5,215.5,216.5,541467
2024-10-22,213,216.5,212.5,215,725589
2024-10-23,213.5,216.5,212,213.5,535663
2024-10-24,217,217,214,215,786223
2024-10-25,219,219,213,215.5,699624
2024-10-28,214.5,217,212.463,215.5,806437
2024-10-29,211,215.5,210,213.5,572192
2024-10-30,210,215,210,213,2497137
2024-10-31,214.5,214.5,207,208,1257306
2024-11-01,208.5,209,204,204,1732928
2024-11-04,204,208.5,203,208.5,1792767
2024-11-05,206.5,212,206.5,209.5,1557317
2024-11-06,212,213,206,208,1307940
2024-11-07,209,211.5,207.5,210,1288193
2024-11-08,209.5,210.66,204.5,205,1158105
2024-11-11,209,209,203.5,203.5,1102931
2024-11-12,202.5,203.75,198.8,202,1472891
2024-11-13,204,204,198.8,200,1719136
2024-11-14,198,200.5,198,199,2006633
2024-11-15,198.6,201,195.2,196.2,1356982
2024-11-18,196,198.2,194.2,197.8,870272
2024-11-19,197,199.6,196,197.8,628145
2024-11-20,198,198.6,194.6,194.8,477443
2024-11-21,193.2,195.8,188.6,194.8,2682956
2024-11-22,196.2,198.8,194.8,197.6,1281559
2024-11-25,193.6,199.2,193.6,198.2,1470823
2024-11-26,200,200,192.6,193.4,896094
2024-11-27,197.8,197.8,193.4,195.6,978204
2024-11-28,192.6,197.6,192.6,196.4,457621
2024-11-29,195,198.6,195,198,748520
2024-12-02,201,201,193.8,197.2,1294224
2024-12-03,204.5,228.1688,204.5,220.5,6905000
2024-12-04,225,225,218,218,2113148
2024-12-05,216.5,219.018,211.835,219,1516521
2024-12-06,220,220,212,212,2317576
2024-12-09,216.5,216.5,207.5,209,3517283
2024-12-10,209,211.5,203.5,211.5,2065135
2024-12-11,210.5,211,208.5,210.5,833111
2024-12-12,212.5,212.5,210,212,720347
2024-12-13,210.5,212.5,210.4,210.5,494135
2024-12-16,209.5,211.5,208.5,210,2050188
2024-12-17,206,210,203,203,4011866
2024-12-18,202.5,205.5,201,202,1099158
2024-12-19,199.8,201.5,197.8,199.2,3574598
2024-12-20,202,203,197.6,203,3569207
2024-12-23,201,203,199,199,827268
2024-12-24,203.5,203.5,199.2,200,298913
2024-12-27,204,204,196.8,198.4,675397
2024-12-30,197.2,198.8,193.4,194.4,1334756
2024-12-31,195,195.6,193,193.8,1168605
2025-01-02,194.2,195.6,191.4,193.2,1318748
2025-01-03,193.8,195.6,188.6,194.2,1378791
2025-01-06,193,198.6,191.4,192.4,895620
2025-01-07,191.2,193,189.4,191.6,1057429
2025-01-08,191,192.6,185,187,1179253
2025-01-09,182.2,184.52,178.2,179.8,2416089
2025-01-10,183,183,173.8,173.8,1509302
2025-01-13,173.8,174.4,170.8,172.2,1852435
2025-01-14,173.4,177.6,169.6,169.6,2207734
2025-01-15,171,176.8,171,176.8,1277786
2025-01-16,176.4,182.2,176,181.8,1969170
2025-01-17,178,184.2,178,184.2,1246234
2025-01-20,181.4,185,180,182.8,1047058
2025-01-21,180,186.4,179.516,185.6,2301332
2025-01-22,181.4,187.554,181.4,185,1349371
2025-01-23,189.2,190.8,184.2,184.4,1076956
2025-01-24,182,187.2,182,185,882447
2025-01-27,184,186.6,182,182.2,2292154
2025-01-28,182.6,186.6,181.4,184.2,854517
2025-01-29,186,186.5086,183,183.2,1624994
2025-01-30,189,194.4,185.4,190,1544597
2025-01-31,191,194.6,188.8,194.2,1415898
2025-02-03,188.2,191.8,187.4,190.6,1416390
2025-02-04,188.2,193.4,188,192,4754525
2025-02-05,191,193.6,178.6,183,4665079
2025-02-06,189,213,188.8,207.5,2283381
2025-02-07,205,211,204.5,205.5,1562816
2025-02-10,207,212,206,209,1064340
2025-02-11,210.5,214.5,208.5015,212,1525958
2025-02-12,211.5,214,204.5,205,3071120
2025-02-13,207,207.9944,201,203.5,3832167
2025-02-14,203.5,207,202,205.5,3601885
2025-02-17,210,215,205,205.5,1783531
2025-02-18,210.5,210.5,204.5,207.5,1843366
2025-02-19,207,210,202,202.5,2061090
2025-02-20,201,205,200,200,1105850
2025-02-21,199,203.5,199,199.4,777097
2025-02-24,205.5,205.5,197.4,201,1325691
2025-02-25,200.5,203,194.2,201.5,471103
2025-02-26,201,204,197.8,198.6,778296
2025-02-27,203,203,195.4,195.8,528360
2025-02-28,191,196,191,194.2,1894957
2025-03-03,197.2,197.2,193.2,195.6,831819
2025-03-04,199,199,191,192.4,1109436
2025-03-05,196,198.2,193,193,565063
2025-03-06,195.6,195.6,189.6,193,673951
2025-03-07,187.2,194.4,187.2,192.8,333274
2025-03-10,196.2,197.2,194.2,195,535919
2025-03-11,189.8,197.2,189.8,194.8,742560
2025-03-12,195.2,197.2,192.4,194.6,3222656
2025-03-13,192.6,193.4,187.4,190.4,718351
2025-03-14,191.8,206,171.4,186.8,1837992
2025-03-17,188.8,190.4,183.2,184.4,1293081
2025-03-18,185,188.8,183.8,187,691713
2025-03-19,191.2,191.2,183.8,184.6,556579
2025-03-20,184.4,189,181.8,183.8,800404
2025-03-21,181.2,186.6,180.8,186.2,1629478
2025-03-24,182,189,182,183.6,639591
