Date,Open,High,Low,Close,Volume
2000-01-04,21200,21250,21200,21250,0
2000-01-05,21350,21350,21100,21150,0
2000-01-06,21150,21150,21100,21100,0
2000-01-07,21150,21150,21100,21100,0
2000-01-10,21100,21100,21050,21100,0
2000-01-11,21100,21150,21100,21100,0
2000-01-12,21100,21150,21100,21100,0
2000-01-13,21150,21150,21100,21100,0
2000-01-14,21150,21150,21100,21100,0
2000-01-17,21100,21150,21100,21100,0
2000-01-18,21100,21100,20950,21050,0
2000-01-19,21150,21150,20900,20900,0
2000-01-20,20950,20950,20900,20900,0
2000-01-21,20950,20950,20850,20900,0
2000-01-24,20850,20900,20850,20900,0
2000-01-25,20850,20900,20800,20800,0
2000-01-26,20750,20800,20700,20700,0
2000-01-27,20650,20700,20650,20700,0
2000-01-28,20700,20700,20700,20700,0
2000-01-31,20750,20750,20700,20700,0
2000-02-01,20750,20750,20700,20700,0
2000-02-02,20700,20700,20650,20700,0
2000-02-03,20700,20700,20500,20600,0
2000-02-04,20500,20600,20500,20550,0
2000-02-07,20500,20550,20450,20500,0
2000-02-08,20650,20650,20450,20500,0
2000-02-09,20500,20500,20450,20450,0
2000-02-10,20550,20550,20450,20450,0
2000-02-11,20550,20550,20400,20450,0
2000-02-14,20400,20450,20400,20400,0
2000-02-15,20350,20400,20350,20350,0
2000-02-16,20350,20400,19800,19950,0
2000-02-17,20150,20150,19800,19800,0
2000-02-18,19750,19800,19750,19800,0
2000-02-21,19800,19800,19700,19700,0
2000-02-22,19650,19700,19450,19450,0
2000-02-23,19350,19450,19200,19250,0
2000-02-24,19250,19250,19200,19200,0
2000-02-25,19250,19250,19000,19050,0
2000-02-28,19050,19050,19000,19000,0
2000-02-29,19000,19000,19000,19000,0
2000-03-01,19050,19500,19000,19500,0
2000-03-02,19450,19500,19400,19450,0
2000-03-03,19450,19500,19400,19500,0
2000-03-06,19550,19550,19500,19500,0
2000-03-07,19650,19650,19500,19550,0
2000-03-08,19650,19650,19500,19500,0
2000-03-09,19650,19650,19400,19500,0
2000-03-10,19400,19600,19400,19600,0
2000-03-13,19500,19600,19500,19550,0
2000-03-14,19650,19650,19500,19550,0
2000-03-15,19650,19650,19500,19500,0
2000-03-16,19650,19650,19300,19350,0
2000-03-17,19450,19500,19350,19500,0
2000-03-20,19550,19650,19500,19600,0
2000-03-21,19550,19600,19550,19600,0
2000-03-22,19550,19600,19550,19600,0
2000-03-23,19650,19650,19600,19600,0
2000-03-24,19650,19650,19600,19600,0
2000-03-27,19650,19700,19600,19700,0
2000-03-28,19650,19750,19650,19750,0
2000-03-29,19750,19800,19600,19650,0
2000-03-30,19750,19750,19500,19550,0
2000-03-31,19650,19650,19300,19450,0
2000-04-03,19550,19550,19450,19500,0
2000-04-04,19550,19950,19500,19950,0
2000-04-05,19800,20050,19650,19700,0
2000-04-06,20150,20150,19800,19900,0
2000-04-07,19800,19900,19800,19800,0
2000-04-10,19750,19800,19750,19800,0
2000-04-11,19850,19850,19800,19800,0
2000-04-12,19750,19850,19750,19850,0
2000-04-13,19750,19850,19700,19800,0
2000-04-14,19750,19750,19700,19700,0
2000-04-17,19750,19750,19550,19600,0
2000-04-18,19600,19700,19600,19600,0
2000-04-19,19650,19650,19600,19600,0
2000-04-20,19650,19650,19500,19550,0
2000-04-25,19500,19600,19500,19500,0
2000-04-26,19550,19600,19500,19600,0
2000-04-27,19600,19750,19600,19650,0
2000-04-28,19750,20200,19700,20200,0
2000-05-02,20150,20200,20150,20200,0
2000-05-03,20250,20250,20100,20100,0
2000-05-04,20250,20250,20100,20100,0
2000-05-05,20150,20200,20050,20100,0
2000-05-08,20150,20250,20050,20050,0
2000-05-09,20150,20200,20000,20050,0
2000-05-10,20150,20150,20000,20000,0
2000-05-11,20150,20150,20000,20000,0
2000-05-12,20150,20350,20000,20250,0
2000-05-15,20350,20350,20250,20250,0
2000-05-16,20350,20350,20250,20250,0
2000-05-17,20350,20350,20250,20250,0
2000-05-18,20350,20350,20200,20200,0
2000-05-19,20250,20250,20150,20150,0
2000-05-22,20250,20250,20150,20150,0
2000-05-23,20250,20250,20150,20150,0
2000-05-24,20250,20250,20150,20150,0
2000-05-25,20250,20250,20150,20150,0
2000-05-26,20250,20250,20150,20150,0
2000-05-30,20250,20250,20150,20150,0
2000-05-31,20250,20250,20050,20150,0
2000-06-01,20050,20450,20050,20450,0
2000-06-02,20450,20550,20450,20550,0
2000-06-05,20650,20650,20650,20650,0
2000-06-06,20650,20650,20650,20650,0
2000-06-07,20650,20650,20650,20650,0
2000-06-08,20650,20650,20650,20650,0
2000-06-09,20650,20650,20650,20650,0
2000-06-12,20650,20650,20650,20650,0
2000-06-13,20650,20650,20650,20650,0
2000-06-14,20650,20650,20650,20650,0
2000-06-15,20650,20650,20650,20650,0
2000-06-16,20650,20650,20650,20650,0
2000-06-19,20650,20650,20650,20650,0
2000-06-20,20700,20700,20700,20700,0
2000-06-21,20700,20700,20700,20700,0
2000-06-22,20700,20700,20700,20700,0
2000-06-23,20700,20700,20700,20700,0
2000-06-26,20650,20650,20650,20650,0
2000-06-27,20650,20650,20650,20650,0
2000-06-28,20650,20650,20650,20650,0
2000-06-29,20600,20600,20600,20600,0
2000-06-30,20600,20600,20600,20600,0
2000-07-03,20600,20600,20600,20600,0
2000-07-04,20600,20600,20600,20600,0
2000-07-05,20600,20600,20600,20600,0
2000-07-06,20600,20600,20600,20600,0
2000-07-07,20600,20600,20600,20600,0
2000-07-10,20600,20600,20600,20600,0
2000-07-11,20650,20650,20650,20650,0
2000-07-12,20650,20650,20650,20650,0
2000-07-13,20650,20650,20650,20650,0
2000-07-14,20800,20800,20800,20800,0
2000-07-17,20800,20800,20800,20800,0
2000-07-18,20650,20650,20650,20650,0
2000-07-19,20550,20550,20550,20550,0
2000-07-20,20500,20500,20500,20500,0
2000-07-21,20450,20450,20450,20450,0
2000-07-24,20400,20400,20400,20400,0
2000-07-25,20250,20250,20250,20250,0
2000-07-26,20050,20050,20050,20050,0
2000-07-27,20050,20050,20050,20050,0
2000-07-28,20050,20050,20050,20050,0
2000-07-31,20050,20050,20050,20050,0
2000-08-01,20050,20050,20050,20050,0
2000-08-02,20050,20050,20050,20050,0
2000-08-03,20050,20050,20050,20050,0
2000-08-04,20100,20100,20100,20100,0
2000-08-07,20100,20100,20100,20100,0
2000-08-08,19900,20100,19900,20100,19300
2000-08-09,20100,20100,20100,20100,0
2000-08-10,20350,20350,20350,20350,0
2000-08-11,20350,20350,20350,20350,0
2000-08-14,20350,20350,20350,20350,0
2000-08-15,20350,20350,20350,20350,0
2000-08-16,20350,20350,20350,20350,0
2000-08-17,20350,20350,20350,20350,0
2000-08-18,20350,20350,20350,20350,0
2000-08-21,20550,20550,20550,20550,0
2000-08-22,20550,20550,20550,20550,0
2000-08-23,20700,20700,20700,20700,0
2000-08-24,20800,20800,20800,20800,0
2000-08-25,20800,20800,20800,20800,0
2000-08-29,20800,20800,20800,20800,0
2000-08-30,20800,20800,20800,20800,0
2000-08-31,20800,20800,20800,20800,0
2000-09-01,20850,20850,20850,20850,0
2000-09-04,20900,20900,20900,20900,0
2000-09-05,20950,20950,20950,20950,0
2000-09-06,20950,20950,20950,20950,0
2000-09-07,20950,20950,20950,20950,0
2000-09-08,20950,20950,20950,20950,0
2000-09-11,20950,20950,20950,20950,0
2000-09-12,20950,20950,20950,20950,0
2000-09-13,20750,20750,20750,20750,0
2000-09-14,20700,20700,20700,20700,0
2000-09-15,20600,20600,20600,20600,0
2000-09-18,20550,20550,20550,20550,0
2000-09-19,20500,20500,20500,20500,0
2000-09-20,20350,20350,20350,20350,0
2000-09-21,20350,20350,20350,20350,0
2000-09-22,20350,20350,20350,20350,0
2000-09-25,20350,20350,20350,20350,0
2000-09-26,20300,20300,20300,20300,0
2000-09-27,20500,20500,20500,20500,0
2000-09-28,20550,20550,20550,20550,0
2000-09-29,20550,20550,20550,20550,0
2000-10-02,20550,20550,20550,20550,0
2000-10-03,20550,20550,20550,20550,0
2000-10-04,20550,20550,20550,20550,0
2000-10-05,20550,20550,20550,20550,0
2000-10-06,20550,20550,20550,20550,0
2000-10-09,20550,20550,20550,20550,0
2000-10-10,20550,20550,20550,20550,0
2000-10-11,20550,20550,20550,20550,0
2000-10-12,20550,20550,20550,20550,0
2000-10-13,20250,20250,20250,20250,0
2000-10-16,20300,20300,20300,20300,0
2000-10-17,20300,20300,20300,20300,0
2000-10-18,20250,20250,20250,20250,0
2000-10-19,20250,20250,20250,20250,0
2000-10-20,20350,20350,20350,20350,0
2000-10-23,20350,20350,20350,20350,0
2000-10-24,20550,20550,20550,20550,0
2000-10-25,20450,20450,20450,20450,0
2000-10-26,20475,20475,20475,20475,0
2000-10-27,20650,20650,20650,20650,0
2000-10-30,20600,20600,20600,20600,0
2000-10-31,20650,20650,20650,20650,0
2000-11-01,20750,20750,20750,20750,0
2000-11-02,20750,20750,20750,20750,0
2000-11-03,20750,20750,20750,20750,0
2000-11-06,20750,20750,20750,20750,0
2000-11-07,20750,20750,20750,20750,0
2000-11-08,20900,20900,20900,20900,0
2000-11-09,21100,21100,21100,21100,0
2000-11-10,21100,21100,21100,21100,0
2000-11-13,20825,20825,20825,20825,0
2000-11-14,20825,20825,20825,20825,0
2000-11-15,20775,20775,20775,20775,0
2000-11-16,20950,20950,20950,20950,0
2000-11-17,20950,20950,20950,20950,0
2000-11-20,20950,20950,20950,20950,0
2000-11-21,20950,20950,20950,20950,0
2000-11-22,20950,20950,20950,20950,0
2000-11-23,20950,20950,20950,20950,0
2000-11-24,20950,20950,20950,20950,0
2000-11-27,20950,20950,20950,20950,0
2000-11-28,20950,20950,20950,20950,0
2000-11-29,20900,20900,20900,20900,0
2000-11-30,20750,20750,20750,20750,0
2000-12-01,20750,20750,20750,20750,0
2000-12-04,20750,20750,20750,20750,0
2000-12-05,20750,20750,20750,20750,0
2000-12-06,20650,20650,20650,20650,0
2000-12-07,20500,20500,20500,20500,0
2000-12-08,20450,20450,20450,20450,0
2000-12-11,20450,20450,20450,20450,0
2000-12-12,20450,20450,20450,20450,0
2000-12-13,20450,20450,20450,20450,0
2000-12-14,20450,20450,20450,20450,0
2000-12-15,20450,20450,20450,20450,0
2000-12-18,20450,20450,20450,20450,0
2000-12-19,20450,20450,20450,20450,0
2000-12-20,20250,20250,20250,20250,0
2000-12-21,20250,20250,20250,20250,0
2000-12-22,20250,20250,20250,20250,0
2000-12-27,20250,20250,20250,20250,0
2000-12-28,20300,20300,20300,20300,0
2000-12-29,20450,20450,20450,20450,0
2001-01-02,20450,20450,20450,20450,0
2001-01-03,20450,20450,20450,20450,0
2001-01-04,20550,20550,20550,20550,0
2001-01-05,20550,20550,20550,20550,0
2001-01-08,20550,20550,20550,20550,0
2001-01-09,20550,20550,20550,20550,0
2001-01-10,20550,20550,20550,20550,0
2001-01-11,20550,20550,20550,20550,0
2001-01-12,20550,20550,20550,20550,0
2001-01-15,20550,20550,20550,20550,0
2001-01-16,20550,20550,20550,20550,0
2001-01-17,20750,20750,20750,20750,0
2001-01-18,20850,20850,20850,20850,0
2001-01-19,21300,21300,21300,21300,0
2001-01-22,21550,21550,21550,21550,0
2001-01-23,21550,21550,21550,21550,0
2001-01-24,21750,21750,21750,21750,0
2001-01-25,21950,21950,21950,21950,0
2001-01-26,21950,21950,21950,21950,0
2001-01-29,21350,21350,21350,21350,0
2001-01-30,21350,21350,21350,21350,0
2001-01-31,21450,21450,21450,21450,0
2001-02-01,21450,21450,21450,21450,0
2001-02-02,21450,21450,21450,21450,0
2001-02-05,21450,21450,21450,21450,0
2001-02-06,21650,21650,21650,21650,0
2001-02-07,21650,21650,21650,21650,0
2001-02-08,21650,21650,21650,21650,0
2001-02-09,21650,21650,21650,21650,0
2001-02-12,21650,21650,21650,21650,0
2001-02-13,21600,21600,21600,21600,0
2001-02-14,21450,21450,21450,21450,30200
2001-02-15,21450,21450,21450,21450,0
2001-02-16,21300,21300,21300,21300,0
2001-02-19,21300,21300,21300,21300,0
2001-02-20,21300,21300,21300,21300,0
2001-02-21,21300,21300,21300,21300,0
2001-02-22,21250,21250,21250,21250,0
2001-02-23,20950,20950,20950,20950,0
2001-02-26,20950,20950,20950,20950,0
2001-02-27,20950,20950,20950,20950,0
2001-02-28,20950,20950,20950,20950,0
2001-03-01,20950,20950,20950,20950,0
2001-03-02,20950,20950,20950,20950,0
2001-03-05,20950,20950,20950,20950,0
2001-03-06,21050,21050,21050,21050,0
2001-03-07,21050,21050,21050,21050,0
2001-03-08,21050,21050,21050,21050,0
2001-03-09,21050,21050,21050,21050,0
2001-03-12,20850,20850,20850,20850,0
2001-03-13,20800,20800,20800,20800,0
2001-03-14,20750,20750,20750,20750,0
2001-03-15,20750,20750,20750,20750,0
2001-03-16,20750,20750,20750,20750,0
2001-03-19,20750,20750,20750,20750,0
2001-03-20,20750,20750,20750,20750,0
2001-03-21,20450,20450,20450,20450,0
2001-03-22,20050,20050,20050,20050,0
2001-03-23,20050,20050,20050,20050,0
2001-03-26,20050,20050,20050,20050,0
2001-03-27,20050,20050,20050,20050,0
2001-03-28,20000,20000,20000,20000,0
2001-03-29,19950,19950,19950,19950,0
2001-03-30,19950,19950,19950,19950,0
2001-04-02,19700,19950,19700,19950,0
2001-04-03,19950,19950,19950,19950,0
2001-04-04,19850,19850,19850,19850,0
2001-04-05,20050,20050,20050,20050,0
2001-04-06,20050,20050,20050,20050,0
2001-04-09,20100,20100,20100,20100,0
2001-04-10,20150,20150,20150,20150,0
2001-04-11,20500,20500,20500,20500,0
2001-04-12,20500,20500,20500,20500,0
2001-04-17,20500,20500,20500,20500,0
2001-04-18,20550,20550,20550,20550,0
2001-04-19,20800,20800,20700,20700,20000
2001-04-20,20800,20800,20800,20800,0
2001-04-23,20800,20800,20800,20800,0
2001-04-24,20800,20800,20800,20800,0
2001-04-25,20800,20800,20800,20800,0
2001-04-26,20700,20700,20700,20700,0
2001-04-27,20700,20700,20700,20700,0
2001-04-30,20850,20850,20850,20850,0
2001-05-01,21000,21000,21000,21000,0
2001-05-02,20900,20900,20900,20900,0
2001-05-03,20850,20850,20850,20850,0
2001-05-04,20850,20850,20850,20850,0
2001-05-08,20850,20850,20850,20850,0
2001-05-09,20850,20850,20850,20850,0
2001-05-10,20850,20850,20850,20850,0
2001-05-11,20850,20850,20850,20850,0
2001-05-14,20850,20850,20850,20850,0
2001-05-15,20850,20850,20850,20850,0
2001-05-16,20850,20850,20850,20850,0
2001-05-17,20850,20850,20850,20850,0
2001-05-18,20850,20850,20850,20850,0
2001-05-21,21050,21050,21050,21050,0
2001-05-22,21050,21050,21050,21050,0
2001-05-23,21050,21050,21050,21050,0
2001-05-24,21050,21050,21050,21050,0
2001-05-25,21050,21050,21050,21050,0
2001-05-29,21050,21050,21050,21050,0
2001-05-30,21050,21050,21050,21050,0
2001-05-31,21150,21150,21150,21150,0
2001-06-01,21150,21150,21150,21150,0
2001-06-04,21150,21150,21150,21150,0
2001-06-05,21150,21150,21150,21150,0
2001-06-06,21150,21150,21150,21150,0
2001-06-07,21150,21150,21150,21150,0
2001-06-08,21250,21250,21250,21250,0
2001-06-11,21250,21250,21250,21250,0
2001-06-12,21250,21250,21250,21250,3500
2001-06-13,21250,21250,21250,21250,0
2001-06-14,21250,21250,21250,21250,0
2001-06-15,21350,21350,21350,21350,0
2001-06-18,21450,21450,21450,21450,0
2001-06-19,21500,21500,21500,21500,0
2001-06-20,21500,21500,21500,21500,0
2001-06-21,21500,21500,21500,21500,0
2001-06-22,21500,21500,21500,21500,0
2001-06-25,21550,21550,21550,21550,0
2001-06-26,21550,21550,21550,21550,0
2001-06-27,21450,21450,21450,21450,0
2001-06-28,21450,21450,21450,21450,0
2001-06-29,21450,21450,21450,21450,0
2001-07-02,21500,21500,21500,21500,0
2001-07-03,21500,21500,21500,21500,0
2001-07-04,21500,21500,21500,21500,0
2001-07-05,21500,21500,21500,21500,0
2001-07-06,21400,21400,21400,21400,0
2001-07-09,21400,21400,21400,21400,0
2001-07-10,21400,21400,21400,21400,0
2001-07-11,21350,21350,21350,21350,0
2001-07-12,21350,21350,21350,21350,0
2001-07-13,21350,21350,21350,21350,0
2001-07-16,21350,21350,21350,21350,0
2001-07-17,21250,21250,21250,21250,0
2001-07-18,20850,20850,20850,20850,0
2001-07-19,20850,20850,20850,20850,0
2001-07-20,20850,20850,20850,20850,0
2001-07-23,20850,20850,20850,20850,0
2001-07-24,20750,20750,20750,20750,0
2001-07-25,20650,20650,20650,20650,0
2001-07-26,20650,20650,20650,20650,0
2001-07-27,20650,20650,20650,20650,0
2001-07-30,20650,20650,20650,20650,0
2001-07-31,20800,20800,20800,20800,0
2001-08-01,20950,20950,20950,20950,0
2001-08-02,20950,20950,20950,20950,0
2001-08-03,20950,20950,20950,20950,0
2001-08-06,20950,20950,20950,20950,0
2001-08-07,20950,20950,20950,20950,0
2001-08-08,20950,20950,20950,20950,0
2001-08-09,20950,20950,20950,20950,0
2001-08-10,20950,20950,20950,20950,0
2001-08-13,20950,20950,20950,20950,0
2001-08-14,20950,20950,20950,20950,0
2001-08-15,20950,20950,20950,20950,0
2001-08-16,20950,20950,20950,20950,0
2001-08-17,20950,20950,20950,20950,0
2001-08-20,20950,20950,20950,20950,0
2001-08-21,20950,20950,20950,20950,0
2001-08-22,20950,20950,20950,20950,0
2001-08-23,20950,20950,20950,20950,0
2001-08-24,21200,21200,21200,21200,0
2001-08-28,21250,21250,21250,21250,0
2001-08-29,21250,21250,21250,21250,0
2001-08-30,21250,21250,21250,21250,0
2001-08-31,21300,21300,21300,21300,0
2001-09-03,21250,21250,21250,21250,0
2001-09-04,21250,21250,21250,21250,0
2001-09-05,21125,21125,21125,21125,0
2001-09-06,21125,21125,21125,21125,0
2001-09-07,21125,21125,21125,21125,0
2001-09-10,21050,21050,21050,21050,0
2001-09-11,21000,21000,21000,21000,0
2001-09-12,20700,20700,20700,20700,0
2001-09-13,20600,20600,20600,20600,0
2001-09-14,20500,20500,20500,20500,0
2001-09-17,20500,20500,20500,20500,0
2001-09-18,20450,20450,20450,20450,0
2001-09-19,20100,20100,20100,20100,0
2001-09-20,19800,19800,19800,19800,0
2001-09-21,19950,19950,19950,19950,0
2001-09-24,19950,19950,19950,19950,0
2001-09-25,20000,20000,20000,20000,0
2001-09-26,20000,20000,20000,20000,0
2001-09-27,19950,19950,19950,19950,0
2001-09-28,20200,20200,20200,20200,0
2001-10-01,20250,20250,20250,20250,0
2001-10-02,20250,20250,20250,20250,0
2001-10-03,20250,20250,20250,20250,0
2001-10-04,20250,20250,20250,20250,0
2001-10-05,20450,20450,20450,20450,0
2001-10-08,20300,20300,20300,20300,0
2001-10-09,20650,20650,20650,20650,0
2001-10-10,20650,20650,20650,20650,0
2001-10-11,21200,21200,21200,21200,0
2001-10-12,20900,21150,20900,21150,15500
2001-10-15,21150,21150,21150,21150,0
2001-10-16,21150,21150,21150,21150,0
2001-10-17,21150,21150,21150,21150,0
2001-10-18,21350,21350,21350,21350,0
2001-10-19,21150,21150,21150,21150,0
2001-10-22,20950,20950,20950,20950,0
2001-10-23,20950,20950,20950,20950,0
2001-10-24,20950,20950,20950,20950,0
2001-10-25,20950,20950,20950,20950,0
2001-10-26,21050,21050,21050,21050,0
2001-10-29,21050,21050,21050,21050,0
2001-10-30,21050,21050,21050,21050,0
2001-10-31,21050,21050,21050,21050,0
2001-11-01,21050,21050,21050,21050,0
2001-11-02,21050,21050,21050,21050,0
2001-11-05,21050,21050,21050,21050,0
2001-11-06,21050,21050,21050,21050,0
2001-11-07,21050,21050,21050,21050,0
2001-11-08,21050,21050,21050,21050,0
2001-11-09,21050,21050,21050,21050,0
2001-11-12,21050,21050,21050,21050,0
2001-11-13,21050,21050,21050,21050,0
2001-11-14,21150,21150,21150,21150,0
2001-11-15,21200,21200,21200,21200,0
2001-11-16,21200,21200,21200,21200,0
2001-11-19,21150,21150,21150,21150,0
2001-11-20,21100,21100,21100,21100,0
2001-11-21,21100,21100,21100,21100,0
2001-11-22,21100,21100,21100,21100,0
2001-11-23,21100,21100,21100,21100,0
2001-11-26,21100,21100,21100,21100,0
2001-11-27,21000,21000,21000,21000,0
2001-11-28,20900,20900,20900,20900,0
2001-11-29,20800,20800,20800,20800,0
2001-11-30,20800,20800,20800,20800,0
2001-12-03,20800,20800,20800,20800,0
2001-12-04,20850,20850,20850,20850,0
2001-12-05,20950,20950,20950,20950,0
2001-12-06,20950,20950,20950,20950,0
2001-12-07,20850,20850,20850,20850,0
2001-12-10,20850,20850,20850,20850,0
2001-12-11,20750,20750,20750,20750,0
2001-12-12,20750,20750,20750,20750,0
2001-12-13,20650,20650,20650,20650,0
2001-12-14,20650,20650,20650,20650,0
2001-12-17,20800,20800,20600,20600,10000
2001-12-18,20550,20550,20550,20550,0
2001-12-19,20550,20550,20550,20550,0
2001-12-20,20550,20550,20550,20550,0
2001-12-21,20550,20550,20550,20550,0
2001-12-24,20550,20550,20550,20550,0
2001-12-27,20550,20550,20550,20550,0
2001-12-28,20550,20550,20550,20550,0
2001-12-31,20550,20550,20550,20550,0
2002-01-02,20550,20550,20550,20550,0
2002-01-03,20550,20550,20550,20550,0
2002-01-04,20600,20600,20600,20600,0
2002-01-07,20650,20650,20650,20650,0
2002-01-08,20650,20650,20650,20650,0
2002-01-09,20650,20650,20650,20650,0
2002-01-10,20700,20700,20700,20700,0
2002-01-11,20700,20700,20700,20700,0
2002-01-14,20700,20700,20700,20700,0
2002-01-15,20700,20700,20700,20700,0
2002-01-16,20700,20700,20700,20700,0
2002-01-17,20650,20650,20650,20650,0
2002-01-18,20650,20650,20650,20650,0
2002-01-21,20600,20600,20600,20600,0
2002-01-22,20600,20600,20600,20600,0
2002-01-23,20550,20550,20550,20550,0
2002-01-24,20550,20550,20550,20550,0
2002-01-25,20550,20550,20550,20550,0
2002-01-28,20550,20550,20550,20550,0
2002-01-29,20650,20650,20650,20650,0
2002-01-30,20700,20700,20700,20700,0
2002-01-31,20700,20700,20700,20700,0
2002-02-01,20700,20700,20700,20700,0
2002-02-04,20700,20700,20700,20700,0
2002-02-05,20700,20700,20700,20700,0
2002-02-06,20700,20700,20700,20700,0
2002-02-07,20400,20400,20400,20400,0
2002-02-08,20400,20400,20400,20400,0
2002-02-11,20500,20500,20500,20500,0
2002-02-12,20400,20400,20400,20400,0
2002-02-13,20500,20500,20500,20500,0
2002-02-14,20700,20700,20700,20700,0
2002-02-15,20700,20700,20700,20700,0
2002-02-18,20700,20700,20700,20700,0
2002-02-19,20650,20650,20650,20650,0
2002-02-20,20650,20650,20650,20650,0
2002-02-21,20650,20650,20650,20650,0
2002-02-22,20650,20650,20650,20650,0
2002-02-25,20650,20650,20650,20650,0
2002-02-26,20650,20650,20650,20650,0
2002-02-27,20650,20650,20650,20650,0
2002-02-28,20650,20650,20650,20650,0
2002-03-01,20650,20650,20650,20650,0
2002-03-04,20900,20900,20900,20900,0
2002-03-05,20950,20950,20950,20950,0
2002-03-06,20950,20950,20950,20950,0
2002-03-07,21000,21000,21000,21000,0
2002-03-08,21000,21000,21000,21000,0
2002-03-11,20950,20950,20950,20950,0
2002-03-12,20950,20950,20950,20950,0
2002-03-13,20950,20950,20950,20950,0
2002-03-14,20950,20950,20950,20950,0
2002-03-15,20950,20950,20950,20950,0
2002-03-18,20950,20950,20950,20950,0
2002-03-19,20950,20950,20950,20950,0
2002-03-20,20950,20950,20950,20950,0
2002-03-21,20950,20950,20950,20950,0
2002-03-22,20950,20950,20950,20950,0
2002-03-25,20950,20950,20950,20950,0
2002-03-26,20950,20950,20950,20950,0
2002-03-27,20950,20950,20950,20950,0
2002-03-28,21150,21150,21150,21150,0
2002-04-02,20950,20950,20950,20950,0
2002-04-03,20950,20950,20950,20950,0
2002-04-04,20950,20950,20950,20950,0
2002-04-05,20950,20950,20950,20950,0
2002-04-08,20950,20950,20950,20950,0
2002-04-09,20950,20950,20950,20950,0
2002-04-10,20950,20950,20950,20950,0
2002-04-11,20950,20950,20950,20950,0
2002-04-12,20950,20950,20950,20950,0
2002-04-15,20950,20950,20950,20950,0
2002-04-16,20950,20950,20950,20950,0
2002-04-17,20950,20950,20950,20950,0
2002-04-18,20950,20950,20950,20950,0
2002-04-19,20950,20950,20950,20950,0
2002-04-22,20950,20950,20950,20950,0
2002-04-23,20950,20950,20950,20950,0
2002-04-24,20950,20950,20950,20950,0
2002-04-25,20950,20950,20950,20950,0
2002-04-26,20950,20950,20950,20950,0
2002-04-29,20950,20950,20950,20950,0
2002-04-30,20950,20950,20950,20950,0
2002-05-01,20950,20950,20950,20950,0
2002-05-02,20950,20950,20950,20950,0
2002-05-03,20950,20950,20950,20950,0
2002-05-07,20950,20950,20950,20950,0
2002-05-08,20950,20950,20950,20950,0
2002-05-09,20950,20950,20950,20950,0
2002-05-10,20950,20950,20950,20950,0
2002-05-13,20950,20950,20950,20950,0
2002-05-14,20950,20950,20950,20950,0
2002-05-15,20950,20950,20950,20950,0
2002-05-16,20950,20950,20950,20950,0
2002-05-17,20950,20950,20950,20950,0
2002-05-20,20950,20950,20950,20950,0
2002-05-21,20950,20950,20950,20950,0
2002-05-22,20950,20950,20950,20950,0
2002-05-23,21000,21000,21000,21000,0
2002-05-24,21000,21000,21000,21000,0
2002-05-27,21000,21000,21000,21000,0
2002-05-28,21300,21300,21100,21100,3000
2002-05-29,21050,21050,21050,21050,0
2002-05-30,21050,21050,21050,21050,0
2002-05-31,21050,21050,21050,21050,0
2002-06-05,20950,20950,20950,20950,2700
2002-06-06,20950,20950,20950,20950,21900
2002-06-07,20900,20900,20900,20900,25700
2002-06-10,20850,20850,20850,20850,19600
2002-06-11,20850,20850,20850,20850,5000
2002-06-12,20650,20650,20650,20650,4000
2002-06-13,20650,20650,20650,20650,63700
2002-06-14,20250,20250,20250,20250,0
2002-06-17,20250,20250,20250,20250,81200
2002-06-18,20300,20300,20300,20300,17800
2002-06-19,20350,20350,20350,20350,37900
2002-06-20,20350,20350,20350,20350,21100
2002-06-21,20350,20350,20350,20350,11600
2002-06-24,20350,20350,20350,20350,6000
2002-06-25,20350,20350,20350,20350,2800
2002-06-26,20000,20000,20000,20000,5200
2002-06-27,20050,20050,20050,20050,37200
2002-06-28,20050,20050,20050,20050,35100
2002-07-01,20050,20050,20050,20050,55300
2002-07-02,20050,20050,20050,20050,6000
2002-07-03,19950,19950,19950,19950,3500
2002-07-04,19950,19950,19950,19950,13000
2002-07-05,19950,19950,19950,19950,16600
2002-07-08,19950,19950,19950,19950,101600
2002-07-09,19950,19950,19950,19950,0
2002-07-10,19950,19950,19950,19950,36400
2002-07-11,19950,19950,19950,19950,19600
2002-07-12,19950,19950,19950,19950,2000
2002-07-15,19700,19700,19700,19700,1300
2002-07-16,19550,19550,19550,19550,30500
2002-07-17,19500,19500,19500,19500,400
2002-07-18,19500,19500,19500,19500,30700
2002-07-19,19500,19500,19500,19500,137900
2002-07-22,19450,19450,19450,19450,19100
2002-07-23,19250,19250,19250,19250,23400
2002-07-24,18800,18800,18800,18800,30000
2002-07-25,18900,18900,18900,18900,28100
2002-07-26,18850,18850,18850,18850,78000
2002-07-29,19300,19300,19300,19300,10700
2002-07-30,19350,19350,19350,19350,14300
2002-07-31,19800,19800,19800,19800,52900
2002-08-01,19800,19800,19800,19800,19000
2002-08-02,19800,19800,19800,19800,10000
2002-08-05,19550,19550,19550,19550,15600
2002-08-06,19550,19550,19550,19550,12800
2002-08-07,19550,19550,19550,19550,11300
2002-08-08,19600,19600,19600,19600,18000
2002-08-09,19650,19650,19650,19650,19100
2002-08-12,19700,19700,19700,19700,44100
2002-08-13,19750,19750,19750,19750,39600
2002-08-14,19700,19700,19700,19700,15500
2002-08-15,20000,20000,20000,20000,36500
2002-08-16,20050,20050,20050,20050,30300
2002-08-19,20250,20250,20250,20250,15300
2002-08-20,20250,20250,20250,20250,15800
2002-08-21,20350,20350,20350,20350,26100
2002-08-22,20500,20500,20500,20500,57700
2002-08-23,20500,20500,20500,20500,37800
2002-08-27,20525,20525,20525,20525,31100
2002-08-28,20375,20375,20375,20375,23600
2002-08-29,20350,20350,20350,20350,31100
2002-08-30,20100,20100,20100,20100,31100
2002-09-02,20075,20075,20075,20075,4300
2002-09-03,19850,19850,19850,19850,5000
2002-09-04,19675,19675,19675,19675,8100
2002-09-05,19525,19525,19525,19525,23600
2002-09-06,19550,19550,19550,19550,14500
2002-09-09,19525,19525,19525,19525,51100
2002-09-10,19625,19625,19625,19625,13800
2002-09-11,19850,19850,19850,19850,0
2002-09-12,19850,19850,19850,19850,15100
2002-09-13,19675,19675,19675,19675,45900
2002-09-16,19675,19675,19675,19675,5600
2002-09-17,19675,19675,19675,19675,1000
2002-09-18,19600,19600,19600,19600,12500
2002-09-19,19450,19450,19450,19450,56100
2002-09-20,19400,19400,19400,19400,5900
2002-09-23,19050,19050,19050,19050,5000
2002-09-24,18700,18700,18700,18700,101100
2002-09-25,18725,18725,18725,18725,53700
2002-09-26,18950,18950,18950,18950,61000
2002-09-27,18950,18950,18950,18950,230000
2002-09-30,18800,18800,18800,18800,39500
2002-10-01,18750,18750,18750,18750,2700
2002-10-02,18775,18775,18775,18775,13700
2002-10-03,18750,18750,18750,18750,54600
2002-10-04,18750,18750,18750,18750,31200
2002-10-07,18550,18550,18550,18550,120700
2002-10-08,18725,18725,18725,18725,107700
2002-10-09,18725,18725,18725,18725,23300
2002-10-10,18675,18675,18675,18675,70000
2002-10-11,18875,18875,18875,18875,25300
2002-10-14,18900,18900,18900,18900,11200
2002-10-15,19150,19150,19150,19150,4200
2002-10-16,19150,19150,19150,19150,27700
2002-10-17,19350,19350,19350,19350,25800
2002-10-18,19350,19350,19350,19350,54400
2002-10-21,19350,19350,19350,19350,21000
2002-10-22,19475,19475,19475,19475,3100
2002-10-23,19425,19425,19425,19425,32000
2002-10-24,19475,19475,19475,19475,38300
2002-10-25,19150,19150,19150,19150,26600
2002-10-28,19200,19200,19200,19200,10100
2002-10-29,18900,18900,18900,18900,12700
2002-10-30,19125,19125,19125,19125,13600
2002-10-31,18950,18950,18950,18950,42700
2002-11-01,18950,18950,18950,18950,148000
2002-11-04,19075,19075,19075,19075,44000
2002-11-05,19125,19125,19125,19125,16400
2002-11-06,19000,19000,19000,19000,8100
2002-11-07,19025,19025,19025,19025,55500
2002-11-08,19050,19050,19050,19050,22200
2002-11-11,19050,19050,19050,19050,39200
2002-11-12,18950,18950,18950,18950,28500
2002-11-13,18950,18950,18950,18950,22900
2002-11-14,18975,18975,18975,18975,57900
2002-11-15,19000,19000,19000,19000,39800
2002-11-18,19000,19000,19000,19000,13400
2002-11-19,18975,18975,18975,18975,17000
2002-11-20,18975,18975,18975,18975,531500
2002-11-21,19100,19100,19100,19100,20200
2002-11-22,19050,19050,19050,19050,26800
2002-11-25,19050,19050,19050,19050,28400
2002-11-26,19050,19050,19050,19050,7200
2002-11-27,19125,19125,19125,19125,7100
2002-11-28,19200,19200,19200,19200,25800
2002-11-29,19200,19200,19200,19200,39600
2002-12-02,19225,19225,19225,19225,32500
2002-12-03,19225,19225,19225,19225,16700
2002-12-04,18975,18975,18975,18975,37600
2002-12-05,19000,19000,19000,19000,39800
2002-12-06,19000,19000,19000,19000,7300
2002-12-09,18900,18900,18900,18900,10300
2002-12-10,18800,18800,18800,18800,19100
2002-12-11,18800,18800,18800,18800,24000
2002-12-12,18775,18775,18775,18775,60500
2002-12-13,18625,18625,18625,18625,15300
2002-12-16,18575,18575,18575,18575,28400
2002-12-17,18600,18600,18600,18600,500
2002-12-18,18600,18600,18600,18600,3000
2002-12-19,18500,18500,18500,18500,21900
2002-12-20,18500,18500,18500,18500,8000
2002-12-23,18500,18500,18500,18500,12800
2002-12-24,18500,18500,18500,18500,14000
2002-12-27,18500,18500,18500,18500,0
2002-12-30,18500,18500,18500,18500,56400
2002-12-31,18500,18500,18500,18500,25000
2003-01-02,18500,18500,18500,18500,81200
2003-01-03,18600,18600,18600,18600,21000
2003-01-06,18700,18700,18700,18700,10200
2003-01-07,18725,18725,18725,18725,271600
2003-01-08,18775,18775,18775,18775,9700
2003-01-09,18775,18775,18775,18775,53300
2003-01-10,18800,18800,18800,18800,0
2003-01-13,18825,18825,18825,18825,4400
2003-01-14,18825,18825,18825,18825,10200
2003-01-15,18825,18825,18825,18825,106900
2003-01-16,18775,18775,18775,18775,27500
2003-01-17,18725,18725,18725,18725,15400
2003-01-20,18525,18525,18525,18525,18000
2003-01-21,18450,18450,18450,18450,22700
2003-01-22,18450,18450,18450,18450,2000
2003-01-23,18250,18250,18250,18250,31200
2003-01-24,18025,18025,18025,18025,48500
2003-01-27,17725,17725,17725,17725,60300
2003-01-28,17800,17800,17750,17750,4200
2003-01-29,17625,17625,17625,17625,32300
2003-01-30,17675,17675,17675,17675,98200
2003-01-31,17625,17625,17625,17625,53100
2003-02-03,17850,17850,17850,17850,5600
2003-02-04,17850,17850,17850,17850,1200
2003-02-05,17825,17825,17825,17825,97300
2003-02-06,17650,17650,17650,17650,0
2003-02-07,17650,17650,17650,17650,153000
2003-02-10,17750,17750,17750,17750,15400
2003-02-11,18000,18000,18000,18000,8000
2003-02-12,17925,17925,17925,17925,74000
2003-02-13,17925,17925,17925,17925,16800
2003-02-14,17925,17925,17925,17925,24000
2003-02-17,18025,18025,18025,18025,16700
2003-02-18,18025,18025,18025,18025,11100
2003-02-19,18025,18025,18025,18025,1000
2003-02-20,18000,18000,18000,18000,22600
2003-02-21,18000,18000,18000,18000,21700
2003-02-24,18100,18100,18100,18100,39600
2003-02-25,17925,17925,17925,17925,5000
2003-02-26,17925,17925,17925,17925,16200
2003-02-27,17925,17925,17925,17925,16400
2003-02-28,17925,17925,17925,17925,19800
2003-03-03,18075,18075,18075,18075,23300
2003-03-04,18075,18075,18075,18075,43000
2003-03-05,17950,17950,17950,17950,11800
2003-03-06,17975,17975,17975,17975,9400
2003-03-07,17900,17900,17900,17900,21800
2003-03-10,17900,17900,17900,17900,10100
2003-03-11,17700,17700,17700,17700,1000
2003-03-12,17400,17400,17400,17400,46100
2003-03-13,17500,17500,17500,17500,68400
2003-03-14,17800,17800,17800,17800,35000
2003-03-17,18275,18275,18275,18275,10300
2003-03-18,18550,18550,18550,18550,16500
2003-03-19,18700,18700,18700,18700,14400
2003-03-20,18700,18700,18700,18700,32500
2003-03-21,18950,18950,18950,18950,10800
2003-03-24,18900,18900,18900,18900,85100
2003-03-25,18700,18700,18700,18700,25700
2003-03-26,18700,18700,18700,18700,6000
2003-03-27,18700,18700,18700,18700,8500
2003-03-28,18700,18700,18700,18700,11600
2003-03-31,18450,18450,18450,18450,24000
2003-04-01,18450,18450,18450,18450,26200
2003-04-02,18625,18625,18625,18625,19500
2003-04-03,18750,18750,18750,18750,71200
2003-04-04,18800,18800,18800,18800,86100
2003-04-07,19300,19300,19300,19300,22700
2003-04-08,19250,19250,19250,19250,47500
2003-04-09,19200,19200,19200,19200,12300
2003-04-10,19200,19200,18800,19050,4500
2003-04-11,19050,19050,19050,19050,5600
2003-04-14,19000,19000,19000,19000,12200
2003-04-15,19050,19050,19050,19050,0
2003-04-16,19150,19150,19150,19150,28600
2003-04-17,19150,19150,19150,19150,100
2003-04-22,19250,19250,19250,19250,36100
2003-04-23,19575,19575,19575,19575,9000
2003-04-24,19650,19650,19650,19650,6900
2003-04-25,19600,19600,19600,19600,73500
2003-04-28,19425,19425,19425,19425,12700
2003-04-29,19475,19475,19475,19475,26400
2003-04-30,19375,19375,19375,19375,28500
2003-05-01,19375,19375,19375,19375,7900
2003-05-02,19425,19425,19425,19425,63900
2003-05-06,19650,19650,19650,19650,14300
2003-05-07,19550,19550,19550,19550,16000
2003-05-08,19750,19750,19750,19750,72100
2003-05-09,19750,19750,19750,19750,22800
2003-05-12,19750,19750,19750,19750,11800
2003-05-13,19775,19775,19775,19775,53400
2003-05-14,19775,19775,19775,19775,40500
2003-05-15,19850,19850,19850,19850,5500
2003-05-16,19950,19950,19950,19950,8800
2003-05-19,19725,19725,19725,19725,7500
2003-05-20,19675,19675,19675,19675,30300
2003-05-21,19350,19350,19350,19350,29100
2003-05-22,19525,19525,19525,19525,55900
2003-05-23,19525,19525,19525,19525,29300
2003-05-27,19525,19525,19525,19525,15700
2003-05-28,19725,19725,19725,19725,0
2003-05-29,19775,19775,19775,19775,13100
2003-05-30,19800,19800,19800,19800,11200
2003-06-02,19900,19900,19900,19900,26600
2003-06-03,19875,19875,19875,19875,31800
2003-06-04,19875,19875,19875,19875,13600
2003-06-05,20050,20050,20050,20050,21700
2003-06-06,20175,20175,20175,20175,18900
2003-06-09,20125,20125,20125,20125,52200
2003-06-10,20125,20125,20125,20125,5500
2003-06-11,20250,20250,20250,20250,53800
2003-06-12,20525,20525,20525,20525,0
2003-06-13,20575,20575,20575,20575,0
2003-06-16,20742,20742,20575,20575,27100
2003-06-17,20500,20500,20500,20500,0
2003-06-18,20550,20550,20500,20500,50200
2003-06-19,20350,20350,20350,20350,0
2003-06-20,20275,20275,20275,20275,0
2003-06-23,20200,20200,20200,20200,0
2003-06-24,20175,20175,20175,20175,0
2003-06-25,20175,20175,20175,20175,0
2003-06-26,20175,20175,20175,20175,0
2003-06-27,20175,20175,20175,20175,0
2003-06-30,20175,20175,20175,20175,0
2003-07-01,19975,19975,19975,19975,0
2003-07-02,20000,20000,20000,20000,0
2003-07-03,20000,20000,20000,20000,0
2003-07-04,19975,19975,19975,19975,0
2003-07-07,20050,20050,20050,20050,1400
2003-07-08,20075,20075,20075,20075,0
2003-07-09,20150,20150,20150,20150,0
2003-07-10,20150,20150,20150,20150,0
2003-07-11,20125,20125,20125,20125,0
2003-07-14,20200,20200,20200,20200,0
2003-07-15,20200,20200,20200,20200,0
2003-07-16,20250,20250,20250,20250,0
2003-07-17,20200,20200,20200,20200,0
2003-07-18,20200,20200,20200,20200,0
2003-07-21,20175,20175,20175,20175,0
2003-07-22,20150,20150,20150,20150,0
2003-07-23,20100,20100,20100,20100,0
2003-07-24,20100,20100,20100,20100,0
2003-07-25,20100,20100,20100,20100,0
2003-07-28,20300,20300,20300,20300,0
2003-07-29,20275,20275,20275,20275,0
2003-07-30,20275,20275,20275,20275,0
2003-07-31,20400,20400,20400,20400,0
2003-08-01,20400,20400,20400,20400,0
2003-08-04,20400,20400,20400,20400,0
2003-08-05,20375,20375,20375,20375,0
2003-08-06,999999.9999,999999.9999,999999.9999,999999.9999,0
2003-08-07,20150,20150,20150,20150,0
2003-08-08,20150,20150,20150,20150,0
2003-08-11,20150,20150,20150,20150,0
2003-08-12,20200,20200,20200,20200,0
2003-08-13,20225,20300,20225,20275,1000
2003-08-14,20275,20275,20275,20275,0
2003-08-15,20350,20350,20350,20350,0
2003-08-18,20475,20475,20475,20475,0
2003-08-19,20525,20525,20525,20525,0
2003-08-20,20400,20400,20400,20400,0
2003-08-21,20525,20525,20525,20525,0
2003-08-22,20550,20550,20550,20550,0
2003-08-26,20475,20475,20475,20475,0
2003-08-27,20475,20475,20475,20475,0
2003-08-28,20525,20525,20525,20525,0
2003-08-29,20525,20525,20525,20525,0
2003-09-01,20500,20500,20500,20500,0
2003-09-02,20500,20500,20500,20500,0
2003-09-03,20650,20650,20650,20650,0
2003-09-04,20600,20600,20600,20600,0
2003-09-05,20600,20600,20600,20600,0
2003-09-08,20600,20600,20600,20600,0
2003-09-09,20575,20575,20575,20575,0
2003-09-10,20425,20425,20425,20425,0
2003-09-11,20400,20400,20400,20400,0
2003-09-12,20400,20400,20400,20400,0
2003-09-15,20400,20400,20400,20400,0
2003-09-16,20400,20400,20400,20400,2100
2003-09-17,20550,20550,20550,20550,0
2003-09-18,20600,20600,20600,20600,0
2003-09-19,20600,20600,20600,20600,0
2003-09-22,20475,20475,20475,20475,0
2003-09-23,20600,20600,20600,20600,0
2003-09-24,20600,20600,20600,20600,0
2003-09-25,20600,20600,20600,20600,0
2003-09-26,20425,20425,20425,20425,0
2003-09-29,20425,20425,20425,20425,0
2003-09-30,20250,20250,20250,20250,0
2003-10-01,20250,20250,20250,20250,0
2003-10-02,20400,20400,20400,20400,0
2003-10-03,20650,20650,20650,20650,0
2003-10-06,20725,20725,20725,20725,0
2003-10-07,20725,20725,20725,20725,0
2003-10-08,20725,20725,20725,20725,0
2003-10-09,20800,20800,20800,20800,0
2003-10-10,20800,20800,20800,20800,0
2003-10-13,20800,20900,20800,20900,100000
2003-10-14,20925,20925,20925,20925,0
2003-10-15,20950,20950,20950,20950,0
2003-10-16,20925,20925,20925,20925,0
2003-10-17,20925,20925,20925,20925,0
2003-10-20,20925,20925,20925,20925,0
2003-10-21,20925,20925,20925,20925,0
2003-10-22,20775,20775,20775,20775,0
2003-10-23,20725,20725,20725,20725,0
2003-10-24,20725,20725,20725,20725,0
2003-10-27,20775,20775,20775,20775,0
2003-10-28,20825,20825,20825,20825,0
2003-10-29,20675,20675,20675,20675,0
2003-10-30,20750,20750,20750,20750,0
2003-10-31,20800,20800,20800,20800,0
2003-11-03,20875,20875,20875,20875,0
2003-11-04,20875,20875,20875,20875,0
2003-11-05,20825,20825,20825,20825,0
2003-11-06,20875,20875,20875,20875,0
2003-11-07,20900,20900,20900,20900,0
2003-11-10,20900,20900,20900,20900,0
2003-11-11,20875,20875,20875,20875,0
2003-11-12,20825,20825,20825,20825,0
2003-11-13,20825,20825,20825,20825,0
2003-11-14,20825,20900,20825,20900,34900
2003-11-17,20900,20900,20825,20825,34900
2003-11-18,20825,20875,20825,20875,69800
2003-11-19,20875,20875,20800,20800,40900
2003-11-20,20825,20825,20825,20825,0
2003-11-21,20825,20825,20825,20825,0
2003-11-24,20850,21000,20850,21000,3200
2003-11-25,21100,21100,21100,21100,0
2003-11-26,21100,21100,21100,21100,0
2003-11-27,21075,21075,21075,21075,0
2003-11-28,21000,21000,21000,21000,0
2003-12-01,21000,21250,21000,21250,27900
2003-12-02,21200,21200,21200,21200,0
2003-12-03,21200,21200,21200,21200,0
2003-12-04,21200,21200,21200,21200,0
2003-12-05,21150,21150,21150,21150,0
2003-12-08,21150,21150,21150,21150,0
2003-12-09,21150,21150,21150,21150,0
2003-12-10,20950,20950,20950,20950,0
2003-12-11,20950,20950,20950,20950,0
2003-12-12,21000,21000,21000,21000,0
2003-12-15,21025,21025,21025,21025,0
2003-12-16,21000,21000,21000,21000,0
2003-12-17,21000,21000,21000,21000,0
2003-12-18,21025,21025,21025,21025,0
2003-12-19,20975,20975,20975,20975,0
2003-12-22,21050,21050,21050,21050,0
2003-12-23,21075,21075,21075,21075,0
2003-12-24,21075,21075,21075,21075,0
2003-12-29,21075,21075,21075,21075,0
2003-12-30,21100,21100,21100,21100,0
2003-12-31,21100,21100,21100,21100,0
2004-01-02,21150,21150,21150,21150,0
2004-01-05,21250,21250,21250,21250,0
2004-01-06,21250,21250,21250,21250,0
2004-01-07,21250,21250,21250,21250,0
2004-01-08,21300,21300,21300,21300,0
2004-01-09,21250,21250,21250,21250,0
2004-01-12,21250,21250,21250,21250,0
2004-01-13,21250,21250,21250,21250,0
2004-01-14,21250,21250,21250,21250,0
2004-01-15,21275,21275,21275,21275,0
2004-01-16,21350,21350,21350,21350,0
2004-01-19,21375,21375,21375,21375,0
2004-01-20,21375,21375,21375,21375,0
2004-01-21,21325,21325,21325,21325,0
2004-01-22,21325,21325,21325,21325,0
2004-01-23,21325,21325,21275,21275,2500
2004-01-26,21250,21250,21250,21250,0
2004-01-27,21150,21150,21150,21150,0
2004-01-28,21050,21050,21050,21050,0
2004-01-29,21050,21050,21050,21050,0
2004-01-30,21050,21050,21050,21050,0
2004-02-02,21050,21050,21050,21050,0
2004-02-03,21050,21050,21050,21050,81500
2004-02-04,21000,21000,21000,21000,0
2004-02-05,21000,21000,21000,21000,0
2004-02-06,21000,21000,21000,21000,0
2004-02-09,20800,20800,20800,20800,0
2004-02-10,20700,20700,20700,20700,0
2004-02-11,20850,20850,20850,20850,0
2004-02-12,20750,20750,20750,20750,0
2004-02-13,20750,20750,20750,20750,0
2004-02-16,20725,20725,20725,20725,0
2004-02-17,20700,20700,20700,20700,0
2004-02-18,20875,20875,20875,20875,0
2004-02-19,20875,20875,20875,20875,0
2004-02-20,20875,20875,20875,20875,0
2004-02-23,20975,20975,20975,20975,0
2004-02-24,21025,21025,21025,21025,0
2004-02-25,21025,21025,21025,21025,0
2004-02-26,21025,21025,21025,21025,0
2004-02-27,21125,21125,21125,21125,0
2004-03-01,21125,21125,21125,21125,0
2004-03-02,21125,21125,21125,21125,0
2004-03-03,21175,21175,21175,21175,0
2004-03-04,21200,21200,21200,21200,0
2004-03-05,21200,21200,21200,21200,0
2004-03-08,21250,21250,21250,21250,0
2004-03-09,21300,21300,21300,21300,0
2004-03-10,21250,21250,21125,21225,23500
2004-03-11,21225,21225,21225,21225,0
2004-03-12,21200,21200,21200,21200,0
2004-03-15,21200,21200,21200,21200,0
2004-03-16,21125,21125,21125,21125,0
2004-03-17,21100,21100,21100,21100,0
2004-03-18,21075,21075,21075,21075,0
2004-03-19,21075,21075,21075,21075,0
2004-03-22,20875,20875,20875,20875,0
2004-03-23,20875,20875,20875,20875,0
2004-03-24,20875,20875,20875,20875,0
2004-03-25,20875,20900,20875,20900,4900
2004-03-26,20950,20950,20950,20950,0
2004-03-29,20925,20925,20925,20925,0
2004-03-30,20975,20975,20975,20975,0
2004-03-31,21000,21000,21000,21000,0
2004-04-01,21000,21000,21000,21000,0
2004-04-02,21000,21000,21000,21000,0
2004-04-05,21000,21000,21000,21000,0
2004-04-06,21000,21000,21000,21000,0
2004-04-07,21200,21200,21200,21200,0
2004-04-08,21200,21200,21200,21200,0
2004-04-13,21325,21325,21325,21325,0
2004-04-14,21300,21300,21300,21300,0
2004-04-15,21225,21225,21225,21225,0
2004-04-16,21175,21175,21175,21175,0
2004-04-19,21175,21175,21175,21175,0
2004-04-20,21175,21175,21175,21175,0
2004-04-21,21025,21050,20975,21050,30000
2004-04-22,21150,21150,21150,21150,0
2004-04-23,21200,21200,21200,21200,0
2004-04-26,21325,21325,21325,21325,0
2004-04-27,21325,21325,21325,21325,0
2004-04-28,21550,21550,21550,21550,0
2004-04-29,21450,21450,21450,21450,0
2004-04-30,21450,21450,21450,21450,3500
2004-05-04,21425,21425,21425,21425,0
2004-05-05,21425,21425,21425,21425,8400
2004-05-06,21425,21425,21425,21425,0
2004-05-07,21425,21425,21425,21425,0
2004-05-10,21350,21350,21350,21350,0
2004-05-11,21325,21325,21325,21325,0
2004-05-12,21250,21250,21250,21250,0
2004-05-13,21225,21225,21225,21225,0
2004-05-14,21250,21250,21250,21250,0
2004-05-17,21175,21175,20950,20950,8000
2004-05-18,21000,21000,21000,21000,0
2004-05-19,21025,21025,21025,21025,0
2004-05-20,21025,21025,21025,21025,0
2004-05-21,21050,21050,21050,21050,0
2004-05-24,21075,21075,21075,21075,0
2004-05-25,21075,21075,21075,21075,0
2004-05-26,21200,21200,21200,21200,0
2004-05-27,21200,21200,21200,21200,0
2004-05-28,21200,21200,21200,21200,0
2004-06-01,21175,21175,21175,21175,0
2004-06-02,21200,21200,21200,21200,0
2004-06-03,21075,21075,21075,21075,0
2004-06-04,21075,21075,21075,21075,0
2004-06-07,21150,21150,21150,21150,0
2004-06-08,21200,21250,21175,21225,20000
2004-06-09,21200,21200,21200,21200,0
2004-06-10,21150,21150,21150,21150,0
2004-06-11,21125,21125,21125,21125,0
2004-06-14,21125,21125,21100,21100,2000
2004-06-15,21075,21075,21075,21075,0
2004-06-16,21100,21100,21100,21100,0
2004-06-17,21100,21100,21100,21100,0
2004-06-18,21075,21075,21075,21075,0
2004-06-21,21100,21100,21100,21100,0
2004-06-22,21100,21100,21100,21100,0
2004-06-23,21150,21150,21150,21150,0
2004-06-24,21250,21250,21250,21250,0
2004-06-25,21300,21300,21300,21300,0
2004-06-28,21300,21300,21300,21300,0
2004-06-29,21300,21300,21300,21300,0
2004-06-30,21300,21300,21300,21300,0
2004-07-01,21300,21300,21300,21300,0
2004-07-02,21150,21150,21150,21150,0
2004-07-05,21150,21150,21150,21150,0
2004-07-06,21150,21150,21150,21150,0
2004-07-07,21125,21125,21125,21125,0
2004-07-08,21125,21125,21050,21050,4100
2004-07-09,21050,21050,21050,21050,0
2004-07-12,21075,21075,21075,21075,0
2004-07-13,21075,21075,21075,21075,0
2004-07-14,20975,20975,20975,20975,0
2004-07-15,20925,20925,20925,20925,0
2004-07-16,20825,20825,20825,20825,0
2004-07-19,20800,20800,20800,20800,0
2004-07-20,20725,20725,20725,20725,0
2004-07-21,20675,20675,20675,20675,0
2004-07-22,20500,20500,20500,20500,0
2004-07-23,20500,20500,20500,20500,0
2004-07-26,20400,20400,20400,20400,0
2004-07-27,20400,20400,20400,20400,0
2004-07-28,20375,20375,20375,20375,0
2004-07-29,20400,20400,20400,20400,0
2004-07-30,20425,20425,20425,20425,0
2004-08-02,20400,20400,20400,20400,0
2004-08-03,20375,20375,20375,20375,0
2004-08-04,20375,20375,20375,20375,0
2004-08-05,20375,20375,20375,20375,0
2004-08-06,20350,20350,20350,20350,0
2004-08-09,20325,20325,20325,20325,0
2004-08-10,20325,20325,20325,20325,12500
2004-08-11,20450,20450,20450,20450,0
2004-08-12,20500,20500,20500,20500,0
2004-08-13,20600,20600,20600,20600,0
2004-08-16,20600,20600,20600,20600,0
2004-08-17,20600,20600,20600,20600,0
2004-08-18,20650,20650,20650,20650,0
2004-08-19,20725,20725,20725,20725,0
2004-08-20,20750,20750,20750,20750,0
2004-08-23,20800,20800,20800,20800,0
2004-08-24,20775,20775,20775,20775,0
2004-08-25,20825,20825,20825,20825,0
2004-08-26,20825,20825,20825,20825,0
2004-08-27,20875,20875,20875,20875,0
2004-08-31,20875,20875,20875,20875,0
2004-09-01,21000,21000,21000,21000,0
2004-09-02,21000,21000,21000,21000,0
2004-09-03,21025,21025,21025,21025,0
2004-09-06,21100,21100,21100,21100,0
2004-09-07,21175,21175,21175,21175,0
2004-09-08,21175,21175,21175,21175,0
2004-09-09,21175,21175,21175,21175,0
2004-09-10,21200,21200,21200,21200,0
2004-09-13,21200,21200,21125,21125,25000
2004-09-14,21100,21100,21100,21100,0
2004-09-15,21125,21125,21125,21125,0
2004-09-16,21175,21175,21175,21175,0
2004-09-17,21250,21250,21250,21250,0
2004-09-20,21250,21250,21250,21250,0
2004-09-21,21225,21225,21225,21225,0
2004-09-22,21225,21225,21225,21225,0
2004-09-23,21200,21200,21200,21200,0
2004-09-24,21525,21525,21525,21525,0
2004-09-27,21525,21525,21525,21525,0
2004-09-28,21525,21525,21475,21475,8000
2004-09-29,21500,21500,21500,21500,0
2004-09-30,21475,21475,21475,21475,0
2004-10-01,21500,21500,21500,21500,0
2004-10-04,21475,21475,21475,21475,0
2004-10-05,21575,21575,21575,21575,0
2004-10-06,21625,21625,21625,21625,0
2004-10-07,21600,21600,21600,21600,0
2004-10-08,21650,21650,21650,21650,0
2004-10-11,21625,21625,21625,21625,0
2004-10-13,21525,21525,21525,21525,0
2004-10-14,21525,21525,21525,21525,0
2004-10-15,21525,21525,21525,21525,0
2004-10-18,21500,21500,21500,21500,0
2004-10-19,21500,21500,21500,21500,0
2004-10-20,21500,21500,21500,21500,0
2004-10-21,21500,21500,21500,21500,0
2004-10-22,21500,21500,21500,21500,0
2004-10-25,21500,21500,21500,21500,0
2004-10-26,21450,21450,21450,21450,0
2004-10-27,21500,21500,21500,21500,0
2004-10-28,21550,21550,21550,21550,0
2004-10-29,21550,21550,21550,21550,0
2004-11-01,21650,21650,21650,21650,0
2004-11-02,21650,21650,21650,21650,0
2004-11-03,21675,21675,21675,21675,0
2004-11-04,21675,21675,21675,21675,0
2004-11-05,21775,21775,21775,21775,0
2004-11-08,21775,21775,21775,21775,0
2004-11-09,21800,21800,21800,21800,0
2004-11-10,21700,21700,21700,21700,0
2004-11-11,21750,21750,21750,21750,0
2004-11-12,21750,21750,21750,21750,8000
2004-11-15,21700,21700,21700,21700,0
2004-11-16,21700,21700,21700,21700,0
2004-11-17,21800,21800,21800,21800,0
2004-11-18,21900,21900,21900,21900,0
2004-11-19,21912.5,21912.5,21912.5,21912.5,0
2004-11-22,21925,21925,21925,21925,0
2004-11-23,21900,21900,21900,21900,0
2004-11-24,21900,21900,21900,21900,0
2004-11-25,21900,21900,21900,21900,0
2004-11-26,21900,21900,21900,21900,0
2004-11-29,21900,21900,21900,21900,0
2004-11-30,21900,21900,21900,21900,0
2004-12-01,21900,21900,21900,21900,0
2004-12-02,21900,21950,21900,21950,48700
2004-12-03,22000,22000,22000,22000,0
2004-12-06,21987.5,21987.5,21987.5,21987.5,0
2004-12-07,21987.5,21987.5,21987.5,21987.5,0
2004-12-08,21987.5,21987.5,21987.5,21987.5,0
2004-12-09,22000,22000,22000,22000,0
2004-12-10,22000,22000,22000,22000,0
2004-12-13,22000,22000,22000,22000,0
2004-12-14,22125,22125,22125,22125,0
2004-12-15,22125,22125,22125,22125,0
2004-12-16,22137.5,22137.5,22137.5,22137.5,0
2004-12-17,22137.5,22137.5,22137.5,22137.5,7000
2004-12-20,22200,22200,22200,22200,0
2004-12-21,22200,22200,22200,22200,100
2004-12-22,22200,22250,22200,22250,9100
2004-12-23,22250,22250,22250,22250,0
2004-12-24,22250,22250,22250,22250,0
2004-12-29,22250,22250,22250,22250,0
2004-12-30,22300,22300,22300,22300,0
2004-12-31,22300,22300,22300,22300,0
2005-01-04,22300,22300,22300,22300,0
2005-01-05,22300,22300,22250,22300,1600
2005-01-06,22300,22300,22300,22300,0
2005-01-07,22375,22375,22375,22375,0
2005-01-10,22387.5,22387.5,22387.5,22387.5,0
2005-01-11,22387.5,22675,22387.5,22675,10000
2005-01-12,22650,22650,22650,22650,0
2005-01-13,22650,22650,22650,22650,0
2005-01-14,22650,22650,22650,22650,0
2005-01-17,22650,22650,22650,22650,0
2005-01-18,22650,22650,22650,22650,0
2005-01-19,22650,22650,22650,22650,0
2005-01-20,22650,22650,22650,22650,0
2005-01-21,22600,22600,22600,22600,0
2005-01-24,22500,22500,22500,22500,0
2005-01-25,22500,22500,22500,22500,0
2005-01-26,22500,22500,22500,22500,0
2005-01-27,22500,22500,22500,22500,0
2005-01-28,22450,22450,22450,22450,0
2005-01-31,22450,22450,22450,22450,0
2005-02-01,22500,22500,22500,22500,0
2005-02-02,22675,22675,22675,22675,0
2005-02-03,22600,22600,22600,22600,0
2005-02-04,22625,22625,22625,22625,0
2005-02-07,22637.5,22637.5,22637.5,22637.5,0
2005-02-08,22675,22675,22675,22675,0
2005-02-09,22725,22725,22725,22725,0
2005-02-10,22737.5,22737.5,22737.5,22737.5,0
2005-02-11,22737.5,22900,22737.5,22900,10000
2005-02-14,22962.5,22962.5,22962.5,22962.5,0
2005-02-15,23050,23050,23050,23050,0
2005-02-16,23062.5,23062.5,23062.5,23062.5,0
2005-02-17,23062.5,23100,23062.5,23100,2100
2005-02-18,23100,23100,23100,23100,0
2005-02-21,23100,23100,23075,23075,15000
2005-02-22,23075,23075,23025,23025,50000
2005-02-23,22975,22975,22975,22975,0
2005-02-24,22987.5,22987.5,22987.5,22987.5,0
2005-02-25,22987.5,22987.5,22987.5,22987.5,0
2005-02-28,23000,23000,23000,23000,0
2005-03-01,22987.5,22987.5,22987.5,22987.5,0
2005-03-02,23025,23025,23025,23025,0
2005-03-03,23025,23025,23025,23025,0
2005-03-04,23025,23025,23025,23025,0
2005-03-07,23012.5,23012.5,23012.5,23012.5,0
2005-03-08,23012.5,23012.5,23012.5,23012.5,0
2005-03-09,23012.5,23012.5,23012.5,23012.5,0
2005-03-11,22950,22950,22950,22950,15000
2005-03-14,22950,22950,22950,22950,0
2005-03-15,22950,22950,22950,22950,0
2005-03-16,22912.5,22912.5,22912.5,22912.5,0
2005-03-17,22912.5,22912.5,22912.5,22912.5,6000
2005-03-18,22900,22900,22900,22900,0
2005-03-21,22812.5,22812.5,22812.5,22812.5,0
2005-03-22,22812.5,22812.5,22812.5,22812.5,0
2005-03-23,22775,22775,22775,22775,0
2005-03-24,22787.5,22787.5,22787.5,22787.5,0
2005-03-29,22725,22725,22725,22725,0
2005-03-30,22550,22550,22550,22550,0
2005-03-31,22575,22575,22575,22575,0
2005-04-01,22625,22625,22625,22625,0
2005-04-04,22600,22600,22600,22600,0
2005-04-05,22525,22525,22525,22525,0
2005-04-06,22525,22875,22525,22875,30000
2005-04-07,23000,23000,23000,23000,0
2005-04-08,23000,23000,23000,23000,0
2005-04-11,23000,23000,23000,23000,0
2005-04-12,23000,23000,23000,23000,0
2005-04-13,23050,23050,23050,23050,0
2005-04-14,23050,23050,23050,23050,0
2005-04-15,23000,23000,23000,23000,0
2005-04-18,22650,22650,22650,22650,0
2005-04-19,22800,22800,22800,22800,0
2005-04-20,22800,22800,22800,22800,0
2005-04-21,22710,22710,22710,22710,0
2005-04-22,22725,22725,22725,22725,0
2005-04-25,22700,22700,22700,22700,0
2005-04-26,22750,22750,22750,22750,0
2005-04-27,22750,22750,22610,22610,0
2005-04-28,22600,22600,22600,22600,0
2005-04-29,22475,22475,22475,22475,0
2005-05-03,22475,22475,22475,22475,0
2005-05-04,22475,22650,22475,22650,10000
2005-05-05,22650,22650,22650,22650,0
2005-05-06,22650,22800,22650,22800,26100
2005-05-09,22850,22850,22850,22850,0
2005-05-10,22800,22800,22800,22800,0
2005-05-11,22650,22650,22650,22650,0
2005-05-12,22700,22700,22700,22700,0
2005-05-13,22675,22675,22675,22675,0
2005-05-16,22650,22650,22650,22650,0
2005-05-17,22675,22675,22675,22675,0
2005-05-18,22800,22800,22800,22800,0
2005-05-19,22900,22900,22900,22900,0
2005-05-20,22900,22910,22900,22910,2100
2005-05-23,22950,22950,22950,22950,0
2005-05-24,22950,22950,22950,22950,0
2005-05-25,22950,22950,22950,22950,0
2005-05-26,22950,22950,22950,22950,0
2005-05-27,22950,22950,22950,22950,0
2005-05-31,23022.5,23022.5,23022.5,23022.5,0
2005-06-01,23127.5,23127.5,23127.5,23127.5,0
2005-06-02,23127.5,23127.5,23127.5,23127.5,0
2005-06-03,23175,23175,23175,23175,0
2005-06-06,23200,23200,23200,23200,0
2005-06-07,23200,23200,23200,23200,0
2005-06-08,23200,23200,23200,23200,0
2005-06-09,23200,23200,23200,23200,0
2005-06-10,23250,23250,23250,23250,0
2005-06-13,23362.5,23362.5,23362.5,23362.5,0
2005-06-14,23362.5,23362.5,23362.5,23362.5,0
2005-06-15,23362.5,23362.5,23362.5,23362.5,0
2005-06-16,23362.5,23362.5,23362.5,23362.5,0
2005-06-17,23400,23400,23400,23400,0
2005-06-20,23375,23375,23375,23375,0
2005-06-21,23375,23375,23375,23375,0
2005-06-22,23375,23375,23375,23375,0
2005-06-23,23375,23375,23375,23375,0
2005-06-24,23250,23250,23250,23250,0
2005-06-27,23250,23250,23250,23250,0
2005-06-28,23240,23240,23240,23240,0
2005-06-29,23250,23250,23250,23250,0
2005-06-30,23225,23225,23225,23225,0
2005-07-01,23200,23200,23200,23200,0
2005-07-04,23200,23200,23200,23200,0
2005-07-05,23200,23200,23200,23200,0
2005-07-06,23337.5,23337.5,23337.5,23337.5,0
2005-07-07,22975,22975,22975,22975,0
2005-07-08,23275,23275,23275,23275,0
2005-07-11,23700,23700,23200,23450,5900
2005-07-12,23650,23700,23200,23425,14500
2005-07-13,23400,23650,23200,23510,47000
2005-07-14,23800,23900,23650,23650,60800
2005-07-15,23410,23900,23400,23650,136900
2005-07-18,23410,23900,23410,23650,26700
2005-07-19,23400,23875,23400,23400,14300
2005-07-20,24000,24000,23500,23750,41900
2005-07-21,24000,24000,23625,23625,10600
2005-07-22,23500,23950,23500,23725,123000
2005-07-25,23510,23950,23435,23688,33400
2005-07-26,23410,23675,23410,23675,3000
2005-07-27,23450,23900,23410,23450,123400
2005-07-28,23505,24050,23505,23775,20900
2005-07-29,23505,24030,23500,23775,30400
2005-08-01,23505,23775,23505,23775,13900
2005-08-02,23505,24050,23505,23800,30700
2005-08-03,24050,24100,23555,23825,94200
2005-08-04,23555,24050,23550,23825,35400
2005-08-05,24080,24080,23500,23800,40700
2005-08-08,24100,24100,23825,23825,3400
2005-08-09,23610,24200,23610,23950,9400
2005-08-10,23710,24200,23710,24000,52500
2005-08-11,23800,24200,23800,23800,10100
2005-08-12,23650,24180,23650,23650,49000
2005-08-15,23710,23950,23710,23950,1800
2005-08-16,23710,23950,23710,23950,1000
2005-08-17,24000,24000,23710,23925,17100
2005-08-18,23660,23925,23655,23925,11800
2005-08-19,23925,24190,23650,23925,61900
2005-08-22,23650,24200,23650,23650,16500
2005-08-23,24200,24250,23710,23805,32000
2005-08-24,23700,23769,23700,23769,900
2005-08-25,23700,24100,23700,23700,6100
2005-08-26,23700,24150,23700,23700,5000
2005-08-30,23720,23900,23720,23900,5400
2005-08-31,23740,24250,23740,23975,9400
2005-09-01,23800,24281,23720,24016,80300
2005-09-02,24300,24300,23770,24026,35400
2005-09-05,24350,24350,23760,23950,7400
2005-09-06,24200,24200,23770,24050,46700
2005-09-07,24350,24350,23750,24050,139300
2005-09-08,24350,24350,23750,24050,11900
2005-09-09,24350,24400,24100,24100,13000
2005-09-12,24400,24400,23859.5,24101,13500
2005-09-13,23800,24350,23800,24076,24600
2005-09-14,23810,24075,23810,24075,1000
2005-09-15,23810,24340,23810,24075,7600
2005-09-16,23820,24200,23800,23879,24800
2005-09-19,23820,24330,23800,24075,21400
2005-09-20,23850,24380,23800,24125,39800
2005-09-21,23870,24400,23850,24125,52100
2005-09-22,23870,24125,23870,24125,4400
2005-09-23,23900,24125,23900,24125,24100
2005-09-26,23870,24425,23870,24175,81800
2005-09-27,24475,24495,24000,24300,30400
2005-09-28,24560,24560,24000,24385,53500
2005-09-29,24550,24567.5,24200,24395,8800
2005-09-30,24200,24580,24200,24395,59100
2005-10-03,24225,24775,24225,24513,10400
2005-10-04,24725,24850,24270,24513,68600
2005-10-05,24100,24480,24100,24300,3700
2005-10-06,23900,24430,23850,24050,49700
2005-10-07,24000,24000,23760,23975,19500
2005-10-10,24200,24200,23773,23975,8400
2005-10-11,23773,24200,23753,23975,17700
2005-10-12,24200,24200,23650,23830,38000
2005-10-13,23570,23800,23425,23425,14700
2005-10-14,23140,23680,23120,23405,38400
2005-10-17,23180,23700,23180,23430,21700
2005-10-18,23730,23750,23180,23450,33200
2005-10-19,23600,23600,23080,23350,31100
2005-10-20,23780,23800,23450,23450,22600
2005-10-21,23580,23600,23060,23325,9500
2005-10-24,23080,23580,23080,23325,17700
2005-10-25,23600,23600,23110,23375,17200
2005-10-26,23630,23650,23100,23396,41600
2005-10-27,23150,23395,23110,23395,5500
2005-10-28,23638,23650,23618,23650,14100
2005-10-31,24030,24100,23500,23800,44700
2005-11-01,24100,24100,23570,23850,55900
2005-11-02,24100,24200,23900,23900,23700
2005-11-03,24100,24200,23975,23975,10100
2005-11-04,24250,24250,23700,24025,13100
2005-11-07,24400,24400,23770,24206,66100
2005-11-08,23970,24550,23970,24275,34400
2005-11-09,24020,24500,24000,24250,15000
2005-11-10,24550,24550,24275,24275,18600
2005-11-11,24600,24600,24020,24300,47800
2005-11-14,24600,24600,24020,24300,30300
2005-11-15,24000,24600,24000,24300,29400
2005-11-16,24000,24575,24000,24300,44000
2005-11-17,24600,24600,24000,24301,7700
2005-11-18,24599,24700,24200,24450,42000
2005-11-21,24200,24450,24200,24450,6500
2005-11-22,24200,24700,24200,24700,42400
2005-11-23,24200,24600,24200,24475,99300
2005-11-24,24725,24725,24200,24475,13700
2005-11-25,24200,24700,24200,24700,44000
2005-11-28,24100,24675,24075,24275,129800
2005-11-29,24150,24375,24050,24225,46600
2005-11-30,24500,24500,24050,24275,48600
2005-12-01,24050,24497,24050,24275,111900
2005-12-02,24050,24495,24050,24275,58000
2005-12-05,24050,24495,23951,24200,128700
2005-12-06,24200,24500,23950,24350,54700
2005-12-07,24200,24700,24200,24550,166300
2005-12-08,24700,24712.33,24160,24425,33600
2005-12-09,24690,24700,24200,24450,17800
2005-12-12,24690,24690,24200,24450,57100
2005-12-13,24700,24700,24225,24450,22200
2005-12-14,24450,24650,24200,24572,108900
2005-12-15,24675,24700,24200,24450,76200
2005-12-16,24460,24600,24200,24338,29300
2005-12-20,24200,24700,24200,24450,23400
2005-12-21,24200,24600,24175,24449,311900
2005-12-22,24198,24600,24198,24449,66600
2005-12-23,24100,24450,24100,24450,1200
2005-12-28,24700,24750,24500,24500,79800
2005-12-29,24800,24800,24420,24555,34100
2005-12-30,24800,24800,24350,24575,27100
2006-01-03,24800,24886,24360,24886,59700
2006-01-04,25000,25200,24675,24950,65400
2006-01-05,24725,24850,24700,24850,27500
2006-01-06,25000,25000,24700,24850,25100
2006-01-09,25200,25200,24650,24850,219000
2006-01-10,24700,25200,24600,24850,63000
2006-01-11,25000,25100,24600,25099,85300
2006-01-12,25000,25090,24650,25000,249100
2006-01-13,25095,25100,24700,24900,15700
2006-01-16,25095,25100,24705,24900,30200
2006-01-17,25100,25200,24700,24950,48500
2006-01-18,24650,25150,24610,24925,28400
2006-01-19,24700,25100,24700,24900,56700
2006-01-20,25100,25300,24725,25000,60400
2006-01-23,24600,25100,24600,24850,41100
2006-01-24,24600,25100,24600,24838,22200
2006-01-25,25095,25100,24600,24875,26400
2006-01-26,25199,25199,24700,25199,20200
2006-01-27,24800,25200,24800,25075,62900
2006-01-30,24900,25245,24900,25025,23200
2006-01-31,25250,25250,24800,25025,34700
2006-02-01,24800,25250,24800,25025,14400
2006-02-02,25245,25245,24800,25025,87700
2006-02-03,25250,25250,24860,25125,133100
2006-02-06,24900,25150,24900,25150,19600
2006-02-07,24900,25400,24900,25000,48400
2006-02-08,24950,25200,24700,24950,42400
2006-02-09,24700,25300,24700,25000,5700
2006-02-10,25290,25290,24750,25025,24100
2006-02-13,25160,25300,24810,25300,31400
2006-02-14,25000,25250,24910,25125,28800
2006-02-15,24910,25350,24875,25110,17400
2006-02-16,25300,25300,24880,25085,14700
2006-02-17,24910,25400,24900,25150,52300
2006-02-20,24870,25390,24870,25135,10900
2006-02-21,25400,25400,24870,25135,5000
2006-02-22,24870,25375,24870,25123,65500
2006-02-23,25300,25300,25100,25100,4100
2006-02-24,25300,25424,24900,25285,119100
2006-02-27,25398,25498,25100,25300,13900
2006-02-28,25200,25498,25150,25150,35100
2006-03-01,24948,25300,24948,25025,52500
2006-03-02,25000,25000,24800,24800,71400
2006-03-03,24610,25000,24600,24850,71100
2006-03-06,24512,25100,24512,24900,34400
2006-03-07,24900,25100,24600,24850,659600
2006-03-08,24900,25200,24850,25025,275600
2006-03-09,24900,25200,24900,24950,70000
2006-03-10,25200,25200,24950,25075,131500
2006-03-13,25000,25300,24950,25188,89100
2006-03-14,25000,25300,25000,25200,88800
2006-03-15,25300,25400,25100,25300,154100
2006-03-16,25400,25400,25350,25350,19500
2006-03-17,25500,25500,25250,25350,31000
2006-03-20,25250,25500,25250,25375,14800
2006-03-21,25200,25500,24950,24950,86400
2006-03-22,25500,25600,25200,25500,109700
2006-03-23,25800,25800,25350,25550,100900
2006-03-24,25550,25750,25300,25525,105300
2006-03-27,25350.6,25700,25300,25450,48700
2006-03-28,25350,25600,25310,25455,14800
2006-03-29,25800,25900,25350,25625,437000
2006-03-30,25350,25900,25350,25625,4400
2006-03-31,25900,25900,25300,25600,95100
2006-04-03,25900,25900,25300,25625,28900
2006-04-04,25350,25800,25300,25600,13500
2006-04-05,25800,25825,25300,25563,55000
2006-04-06,25800,26000,25400,25690,106000
2006-04-07,25900,25950,25500,25650,38700
2006-04-10,25550,25800,25410,25600,38700
2006-04-11,25900,25950,25550,25650,39400
2006-04-12,25800,25800,25350,25575,60600
2006-04-13,25800,25800,25375,25575,54000
2006-04-18,25800,25800,25625,25625,12000
2006-04-19,25425,26000,25425,25707,49100
2006-04-20,26000,26050,25725,25725,66900
2006-04-21,26000,26050,25525,25775,39700
2006-04-24,26000,26050,25775,25800,42200
2006-04-25,25950,26200,25563.75,25925,242200
2006-04-26,26300,26300,25750,26000,93100
2006-04-27,25696,26200,25696,25792,33700
2006-04-28,26000,26200,25650,25925,51900
2006-05-02,25650,26095,25600,25800,89100
2006-05-03,25850,25975,25600,25750,140400
2006-05-04,25874.1,25900,25600,25750,75500
2006-05-05,26000,26000,25700,25850,234000
2006-05-08,25725.7,26000,25725.7,25800,44000
2006-05-09,26000,26000,25625,25900,25600
2006-05-10,25600,26010.93,25350,25575,199400
2006-05-11,25925,25925,25350,25500,24500
2006-05-12,25200,25300,24950,25274,114800
2006-05-15,25100,25100,24550,24550,66900
2006-05-16,24557,25200,24557,24900,42100
2006-05-17,24700,25250,24602,24910,54100
2006-05-18,24649,24900,24302,24694,72900
2006-05-19,24900,24900,24352,24650,135400
2006-05-22,24600,24600,24060,24300,105600
2006-05-23,24650,25200,24110.13,25200,110100
2006-05-24,24950,25000,24500,25000,47600
2006-05-25,24800,24840,24310,24670,27500
2006-05-26,24900,25200,24530,24900,53300
2006-05-30,24600,25100,24600,24625,18700
2006-05-31,25000,25075,24410,24900,92000
2006-06-01,24635,24800,24610,24800,9400
2006-06-02,25000,25250,24710,24850,89700
2006-06-05,25150,25150,24610,24950,18200
2006-06-06,25000,25150,24850,24850,52300
2006-06-07,24560,25190,24550,24900,34500
2006-06-08,24900,24950,24675,24675,11500
2006-06-09,24950,25350,24862,25200,109200
2006-06-12,25000,25190,24949.8,25050,31600
2006-06-13,24100,24800,24100,24325,72400
2006-06-14,24160.25,24600,24100,24350,73200
2006-06-15,24850,24850,24200,24750,46600
2006-06-16,24761.75,24900,24700,24900,25000
2006-06-19,24500,24750,24500,24750,2500
2006-06-20,24900,24900,24400,24650,4900
2006-06-21,24750,24750,24650,24650,13800
2006-06-22,24500,25000,24500,24750,3500
2006-06-23,24500,25100,24500,24750,42500
2006-06-26,24500,24700,24500,24700,33000
2006-06-27,24600,24900,24500,24650,22600
2006-06-28,24800,24850,24400,24750,77700
2006-06-29,25000,25000,24925,25000,38400
2006-06-30,25300,25300,25000,25150,14900
2006-07-03,25050,25200,25010,25200,7700
2006-07-04,25010,25400,25010,25200,30100
2006-07-05,25025,25400,24810,25075,73200
2006-07-06,25400,25450,25010,25250,32600
2006-07-07,25400,25400,25225,25225,6000
2006-07-10,25450,25500,25050,25250,18100
2006-07-11,25400,25400,25150,25150,25000
2006-07-12,25500,25500,24910,25300,47600
2006-07-13,25350,25350,25160,25250,8200
2006-07-14,25100,25100,24850,24850,4300
2006-07-17,24510,25000,24510,24863,10400
2006-07-18,25000,25000,24510,24900,55100
2006-07-19,25300,25300,24650,25224,19300
2006-07-20,25000,25400,25000,25175,73900
2006-07-21,25249,25399,24901,25050,20200
2006-07-24,24750,25050,24750,25050,8700
2006-07-25,24950,25225,24950,25225,88700
2006-07-26,25450,25500,25000,25200,50400
2006-07-27,25100,25500,25100,25300,89800
2006-07-28,25200,25500,25200,25251,48900
2006-07-31,25700,25700,25325,25500,5700
2006-08-01,25675,25700,25300,25500,10700
2006-08-02,25310,25800,25310,25600,39900
2006-08-03,25750,25798,25410,25599,9500
2006-08-04,25500,25600,25410,25600,16100
2006-08-07,25310,25800,25210,25500,23500
2006-08-08,25273,25801,25250,25550,28800
2006-08-09,25250,25525,25250,25525,8000
2006-08-10,25230,25690,25230,25425,25200
2006-08-11,25690,25690,25209,25432,10300
2006-08-14,25500,25500,25100,25500,163100
2006-08-15,25376,25700,25275,25700,11600
2006-08-16,25800,25800,25350,25625,28800
2006-08-17,25925,25925,25450,25725,50100
2006-08-18,25500,26000,25450,25570,43700
2006-08-21,25450,25725,25450,25725,18800
2006-08-22,25500,25575,25400,25438,45600
2006-08-23,25300,25600,25100,25350,142400
2006-08-24,25200,25575,25200,25400,2500
2006-08-25,25300,25550,25200,25450,42800
2006-08-29,25300,25700,25300,25478,18400
2006-08-30,25709,25709,25575,25575,44100
2006-08-31,25750,25750,25400,25575,9900
2006-09-01,25740,25740,25450,25675,5700
2006-09-04,25500,26000,25500,25750,5600
2006-09-05,25550,26050,25500,25750,41500
2006-09-06,25500,25750,25400,25700,70200
2006-09-07,25350,25940,25325,25555,61000
2006-09-08,25400,25835.25,25350,25496,38000
2006-09-11,25350,25735.5,25300,25550,6600
2006-09-12,25325,25800,25325,25650,25400
2006-09-13,25400,25650,25400,25650,38600
2006-09-14,25500,25890,25200,25500,128500
2006-09-15,25300,25700,25200,25700,61100
2006-09-18,25200,25700,25200,25450,18600
2006-09-19,25200,25700,25200,25450,83100
2006-09-20,25200,25600,25075,25350,152500
2006-09-21,25200,25500,25200,25350,17000
2006-09-22,25150,25400,25000,25275,61100
2006-09-25,25050,25225,25050,25225,31800
2006-09-26,25000,25450,25000,25275,7600
2006-09-27,25101,25450,25100,25300,49800
2006-09-28,25300,25500,25200,25450,26300
2006-09-29,25700,25700,25250,25500,247000
2006-10-02,25300,25670,25250,25475,28300
2006-10-03,25200,25325,25200,25325,12800
2006-10-04,25000,25400,24900,25200,96800
2006-10-05,25400,25400,25026,25150,29100
2006-10-06,25400,25400,25000,25200,209400
2006-10-09,25200,25350,25100,25350,17900
2006-10-10,25200,25800,25200,25600,265700
2006-10-11,25700,25876.09,25350,25600,73600
2006-10-12,25900,25900,25700,25700,4100
2006-10-13,25950,25950,25450,25775,27300
2006-10-16,25600,26100,25600,25850,11700
2006-10-17,26039,26097,25500,25500,36400
2006-10-18,25550,25800,25550,25800,21500
2006-10-19,25950,25950,25500,25800,39700
2006-10-20,26100,26100,25775,25775,34500
2006-10-23,25528.05,25700,25520,25700,5100
2006-10-24,25620,25800,25620,25800,2900
2006-10-25,26000,26200.6,25800,26000,90300
2006-10-26,26112.5,26112.5,26025,26025,800
2006-10-27,26100,26200,26005,26100,144300
2006-10-30,26100,26100,25951,26025,25700
2006-10-31,26100,26150,25950,26050,98200
2006-11-01,26100,26100,25950,26075,17300
2006-11-02,26100,26100,25950,26000,386900
2006-11-03,25985,26194,25950,26075,37900
2006-11-06,26052.5,26294,26000,26150,16300
2006-11-07,26394,26400,26000,26250,47600
2006-11-08,26394,26394,26100,26250,26000
2006-11-09,26100,26394,26000,26175,87300
2006-11-10,25900,26100,25900,26100,61700
2006-11-13,26400,26450,25900,26100,92800
2006-11-14,25900,26400,25900,26215,27300
2006-11-15,26215,26490,26050,26275,13200
2006-11-16,26050,26540,26050,26300,14600
2006-11-17,26540,26540,26050,26275,12600
2006-11-20,25900,26100,25800,26100,46700
2006-11-21,26280,26300,25900,26100,25500
2006-11-22,25900,26380,25800,26075,105300
2006-11-23,26300,26300,26075,26075,8500
2006-11-24,25750,26080,25600,25600,89900
2006-11-27,25775,25775,25775,25775,0
2006-11-28,25850,25900,25500,25700,20700
2006-11-29,25980,25980,25650,25900,156300
2006-11-30,25650,26100,25650,25775,146500
2006-12-01,25500,25975,25500,25675,107600
2006-12-04,25875,25875,25400,25650,19800
2006-12-05,25400,25837.5,25300,25625,35000
2006-12-06,25475,25850,25475,25675,253800
2006-12-07,25900,26048,25600,25600,59400
2006-12-08,25600,26050,25575.55,25825,46500
2006-12-11,25800,25850,25600,25850,26400
2006-12-12,25650,26050.41,25650,25875,123000
2006-12-13,25650,26100,25650,25900,36100
2006-12-14,26199,26199,25840,26000,18800
2006-12-15,25900,26200,25900,26200,167200
2006-12-18,25935,26075,25935,26075,2500
2006-12-19,26200,26200,25800,26000,16000
2006-12-20,25800,26382.47,25800,26300,75700
2006-12-21,25950,26150,25950,26150,500
2006-12-22,25900,26350,25900,26175,6000
2006-12-28,26513.16,26513.16,25950,26225,9700
2006-12-29,26400,26400,25950,26250,34900
2007-01-02,26490,26490,26100,26375,8100
2007-01-03,26500,26500,26100,26375,96000
2007-01-04,26150,26650,26100,26275,107400
2007-01-05,26150,26620,26150,26375,41000
2007-01-08,26600,26600,26350,26350,1800
2007-01-09,26100,26600,26050,26325,20600
2007-01-10,26050,26350,26050,26225,49200
2007-01-11,26390,26390,26165,26165,4400
2007-01-12,26300,26300,26000,26000,26600
2007-01-15,26150,26600,26050,26600,47700
2007-01-16,26005,26550,26005,26275,17300
2007-01-17,26000,26300,26000,26250,34500
2007-01-18,26100,26242,26000,26242,43500
2007-01-19,26000,26450,26000,26178,114400
2007-01-22,26000,26125,25900,26125,13600
2007-01-23,26000,26340,26000,26125,13400
2007-01-24,26100,26350,26050,26075,67900
2007-01-25,26145,26300,26100,26200,89700
2007-01-26,26000,26200,25850,26075,58800
2007-01-29,26390,26390,25972.5,26163,200
2007-01-30,26400,26400,25900,26150,38600
2007-01-31,25965.75,26300,25900,26125,51300
2007-02-01,25910,26200,25910,26200,4200
2007-02-02,26500,26500,26000,26250,25900
2007-02-05,26010,26250,26010,26250,3700
2007-02-06,26050,26500,26010,26250,18800
2007-02-07,26500,26500,26035,26263,28300
2007-02-08,26480,26480,26076.05,26275,8100
2007-02-09,26100,26475,26100,26325,23700
2007-02-12,26100,26530,26095,26325,23000
2007-02-13,26126.1,26480,26050,26325,41400
2007-02-14,26145,26550,26100,26400,16100
2007-02-15,26750,26750,26475,26600,51900
2007-02-16,26740,26773.2,26450,26600,15300
2007-02-19,26750,26750,26400,26575,8900
2007-02-20,26400,26800,26376.35,26575,24300
2007-02-21,26770,26770,26200,26400,134800
2007-02-22,26570,26620,26200,26425,23000
2007-02-23,26226.2,26582.5,26200,26425,13900
2007-02-26,26700,26700,26250,26250,17600
2007-02-27,26050,26400,26000,26225,12900
2007-02-28,26100,26200,25750,26050,112600
2007-03-01,26170,26300,25700,25810,17100
2007-03-02,26100,26100,25700,25900,33800
2007-03-05,25700,26100,25650,25750,30800
2007-03-06,26000,26000,25650,25825,42600
2007-03-07,25700,26120,25600,25925,163100
2007-03-08,25710,26120,25710,25950,16900
2007-03-09,25750,26150,25750,26075,52000
2007-03-12,26460,26460,26100,26300,19100
2007-03-13,26455,26480,26100,26275,86000
2007-03-14,26150,26150,25850,25850,106600
2007-03-15,25832,25930,25729,25800,25000
2007-03-16,25600,25870,25450,25750,237200
2007-03-19,25600,25975,25502,25725,163300
2007-03-20,25621,26090,25621,25900,2600
2007-03-21,25750,26100,25750,25925,59100
2007-03-22,26000,26325,25950,26150,51300
2007-03-23,26350,26400,25950,26070,107800
2007-03-26,26100,26423.55,26000,26225,119700
2007-03-27,26050,26380,26050,26200,42300
2007-03-28,26399,26399,26000,26000,105400
2007-03-29,26140,26430,26100,26350,15600
2007-03-30,26150,26500,26100,26300,119100
2007-04-02,26101,26500,26100,26500,9200
2007-04-03,26300,26537.85,26100,26300,62400
2007-04-04,26001,26375,26000,26213,52200
2007-04-05,26424,26425,26000,26199,407400
2007-04-10,26000,26425,25950,26213,91300
2007-04-11,26000,26225,26000,26225,204700
2007-04-12,26025,26275,26025,26275,61000
2007-04-13,26100,26500,26100,26350,24500
2007-04-16,26300,26480,26300,26463,96700
2007-04-17,26325,26500,26300,26413,80700
2007-04-18,26275,26600,26275,26450,109500
2007-04-19,26600,26600,26175,26413,32700
2007-04-20,26245,26650,26245,26500,44500
2007-04-23,26265,26660,26265,26500,28200
2007-04-24,26673.3,26673.3,26300,26400,28900
2007-04-25,26200,26673,26200,26450,50600
2007-04-26,26226.2,26475,26200,26475,33900
2007-04-27,26670,26700,26200,26450,336100
2007-04-30,26300,26600,26300,26600,24800
2007-05-01,26450,26740,26350,26550,17600
2007-05-02,26350,26790,26350,26600,187200
2007-05-03,26405,26600,26400,26600,27500
2007-05-04,26516.13,26900,26450,26700,64100
2007-05-08,26860,26860,26510,26625,30600
2007-05-09,26400,26880.84,26400,26625,37700
2007-05-10,26426.4,26840,26400,26600,16200
2007-05-11,26750,26750,26260,26475,23600
2007-05-14,26750,26950,26310,26500,23600
2007-05-15,26250,26690,26250,26475,5200
2007-05-16,26300,26700,26200,26500,147700
2007-05-17,26200,26690,26200,26500,183800
2007-05-18,26790,26790,26400,26638,61200
2007-05-21,26600,26600,26498,26550,57800
2007-05-22,26550,26890,26450,26700,40400
2007-05-23,26950,26950,26450,26896,32800
2007-05-24,26450,26840,26400,26700,49900
2007-05-25,26450,26800,26400,26650,118300
2007-05-29,26400,26650,26400,26650,13800
2007-05-30,26410,26840,26410,26625,67700
2007-05-31,26500,26800,26500,26725,59500
2007-06-01,26950,26950,26505,26800,26300
2007-06-04,26950,26950,26605,26800,43300
2007-06-05,26648,26700,26648,26700,7900
2007-06-06,26900,26900,26455,26600,43200
2007-06-07,26800,26800,26400,26550,37900
2007-06-08,26300,26700,26300,26500,6500
2007-06-11,26400,26800,26376.35,26800,63100
2007-06-12,26250,26438,26250,26438,45300
2007-06-13,26500,26500,26225,26388,29400
2007-06-14,26226.2,26650,26225,26500,19900
2007-06-15,26500,26750,26355,26675,58000
2007-06-18,26500,26675,26500,26675,11300
2007-06-19,26500,26840,26350,26675,74900
2007-06-20,26500,26808,26500,26675,59400
2007-06-21,26400,26600,26350,26600,42100
2007-06-22,26790,26800,26325,26550,36200
2007-06-25,26305,26800,26305,26550,7100
2007-06-26,26800,26800,26550,26550,10200
2007-06-27,26250,26558,26250,26425,30000
2007-06-28,26300,26438,26300,26438,58500
2007-06-29,26300,26750,26300,26550,62200
2007-07-02,26395,26588,26395,26588,3400
2007-07-03,26850,26850,26450,26675,10000
2007-07-04,26500,26950,26350,26950,155600
2007-07-05,26900,26900,26570,26700,21100
2007-07-06,26525,26850,26525,26750,54200
2007-07-09,26914,26914,26675,26800,19200
2007-07-10,26600,26950,26550,26750,70300
2007-07-11,26900,27000,26500,26750,95500
2007-07-12,26550,26550,26525,26550,33800
2007-07-13,26725,27100,26725,26900,65400
2007-07-16,27052,27052,26900,26900,1500
2007-07-17,26650,27100,26625,26850,28600
2007-07-18,26625,27090,26600,26875,39100
2007-07-19,27100,27100,26700,26875,2000
2007-07-20,27100,27100,26650,26875,86400
2007-07-23,26400,26600,26400,26575,41000
2007-07-24,26450,26790,26450,26575,20300
2007-07-25,26250,26700,26250,26475,80100
2007-07-26,26250,26649,26250,26300,20100
2007-07-27,26450,26500,26000,26250,33000
2007-07-30,26500,26500,26005,26250,16800
2007-07-31,26600,26600,26400,26400,31900
2007-08-01,25950,26395,25851,26150,33700
2007-08-02,26400,26400,26200,26200,7000
2007-08-03,25950,26450,25950,26200,36500
2007-08-06,25900,26395,25750,26050,60500
2007-08-07,25800,26350,25800,26125,11700
2007-08-08,26400,26595.5,26200,26375,40900
2007-08-09,26110,26250,26100,26250,35800
2007-08-10,26398,26500,26000,26150,18300
2007-08-13,26000,26400,26000,26200,16500
2007-08-14,26100,26375,26000,26205,24100
2007-08-15,25910,26275,25800,26055,32300
2007-08-16,25810,26125,25700,25850,39900
2007-08-17,25550,26100,25500,26050,44300
2007-08-20,26000,26125,25800,26125,21600
2007-08-21,25800,26100,25800,25825,85700
2007-08-22,25700,26100,25700,25900,10500
2007-08-23,26300,26300,25850,26075,22800
2007-08-24,26291,26291,25850,26075,20500
2007-08-28,26000,26050,25850,26050,25100
2007-08-29,26200,26200,26025,26025,32000
2007-08-30,26200,26396,26050,26050,18200
2007-08-31,26300,26500,26025,26300,43000
2007-09-03,26200,26350,26200,26350,100
2007-09-04,26206,26350,26200,26350,7200
2007-09-05,26200,26400,26100,26350,50600
2007-09-06,26500,26590,26020,26250,16600
2007-09-07,26000,26390,24744.75,26038,223400
2007-09-10,26240,26240,25809,26000,9700
2007-09-11,25925,26400,25925,26400,58600
2007-09-12,26400,26400,25900,26150,22200
2007-09-13,26000,26200,26000,26200,25300
2007-09-14,26400,26400,25950,26400,35300
2007-09-17,26390,26390,25860,26125,8300
2007-09-18,26290,26390,25950,26175,9100
2007-09-19,26210,26690,26200,26450,20400
2007-09-20,26500,26675,26200,26450,62400
2007-09-21,26575,26575,26525,26525,33600
2007-09-24,26210,26690,26210,26500,20300
2007-09-25,26400,26688,26000,26400,83800
2007-09-26,26400,26600,26000,26500,159600
2007-09-27,26415,26415,26200,26350,19000
2007-09-28,26150,26490,26150,26275,58400
2007-10-01,26365,26365,26100,26238,49700
2007-10-02,26400,26400,26200,26250,57400
2007-10-03,26350,26350,26000,26250,98600
2007-10-04,26500,26500,26000,26500,25800
2007-10-05,26000,26490,26000,26000,17600
2007-10-08,26500,26588,26100,26300,19700
2007-10-09,26400,26400,25975,26400,46300
2007-10-10,26150,26150.57,26049.71,26150,8200
2007-10-11,26000,26049.71,25900,26000,25600
2007-10-12,26100,26100,26050.75,26100,4900
2007-10-15,26060,26060,26000,26000,1200
2007-10-16,25800,25800,25560.22,25705,20300
2007-10-17,25700,25860,25510,25705,197800
2007-10-18,25550,25680,25510,25680,8200
2007-10-19,25510,25850,25500,25725,147400
2007-10-22,25700,25750,25200,25750,39500
2007-10-23,25800,25800,25800,25800,300
2007-10-24,26000,26050,25805,25805,102900
2007-10-25,25630,25900,25630,25813,4600
2007-10-26,26000,26200,26000,26000,14400
2007-10-29,25690.06,26200,25610,25900,18800
2007-10-30,26100,26200,25610,25900,38300
2007-10-31,25600,26100,25600,25900,35500
2007-11-01,25539.64,25800,25539.64,25800,8200
2007-11-02,25575,25850,25575,25738,3400
2007-11-05,25575,25725,25575,25725,17900
2007-11-06,25600,25900,25600,25725,13300
2007-11-07,25560,25850,25550,25638,43300
2007-11-08,25600,25600,25600,25600,0
2007-11-09,25439.67,25800,25439.67,25600,38500
2007-11-12,25400,25400,25400,25400,10100
2007-11-13,25414.63,25450,25375,25450,6900
2007-11-14,25690,25690,25400,25650,25100
2007-11-15,25400,25625,25400,25600,31600
2007-11-16,25562.31,25562.31,25500,25500,16700
2007-11-19,25700,25700,25513,25513,200
2007-11-20,25325,25700,25325,25525,43300
2007-11-21,25400,25700,25400,25700,63100
2007-11-22,25800,25800,25500,25800,15200
2007-11-23,25650,25700,25640,25650,34700
2007-11-26,25784,25784,25650,25650,4000
2007-11-27,25600,25613,25450,25613,38000
2007-11-28,25625,25700,25500,25550,80700
2007-11-29,25500,25750,25500,25750,10800
2007-11-30,25450,25773,25400,25400,36400
2007-12-03,25425,25840,25425,25638,42500
2007-12-04,25425,25825,25425,25500,115200
2007-12-05,25900,25900,25475,25675,10600
2007-12-06,25400,25874.1,25400,25475,15900
2007-12-07,25460,25675,25460,25675,4700
2007-12-10,25890,25890,25663,25663,31400
2007-12-11,25450,25890,25450,25675,12900
2007-12-12,25400,25890,25400,25400,44000
2007-12-13,25700,25800,25625,25625,27000
2007-12-14,25790,25790,25500.1,25675,8100
2007-12-17,25700,25700,25510,25675,39200
2007-12-18,25800,25850,25550.2,25675,12300
2007-12-19,25500,25850,25500,25500,32400
2007-12-20,25510,25675,25510,25675,33200
2007-12-21,25750,25750,25424.9,25550,25300
2007-12-24,25550,25550,25550,25550,0
2007-12-27,25800,25800,25310,25550,12800
2007-12-28,25800,25800,25260,25500,33900
2007-12-31,25740,25740,25250,25275,18700
2008-01-02,25425,25750,25350,25550,15100
2008-01-03,25400,25750,25400,25613,77500
2008-01-04,25550.27,25740,25475,25563,30700
2008-01-07,25500,25700,25200,25700,64700
2008-01-08,25800,25800,25600,25800,14000
2008-01-09,25562.78,25997,25550,25775,88500
2008-01-10,25550,25800,25550,25800,11600
2008-01-11,25990,25990,25650.07,25813,7600
2008-01-14,25524.95,25813,25500,25813,18200
2008-01-15,25900,26000,25625,26000,59500
2008-01-16,25900,26000,25650,26000,16100
2008-01-17,26000,26112,25600,26112,26600
2008-01-18,26000,26100,25600,26100,59900
2008-01-21,25650,25800,25550,25550,52800
2008-01-22,25495,25595,25495,25500,9600
2008-01-23,25800,25895,25400,25550,35700
2008-01-24,26000,26100,25500,26100,45300
2008-01-25,25550,26000,25550,25750,38900
2008-01-28,25800,25800,25450.43,25650,21100
2008-01-29,25800,25800,25550,25725,12500
2008-01-30,25550,25713,25550,25713,3700
2008-01-31,25425.4,25690,25425.4,25550,12700
2008-02-01,25900,25900,25500,25900,19800
2008-02-04,25900,25900,25550,25800,17800
2008-02-05,25700,25890,25625.6,25800,34600
2008-02-06,25550,26000,25550,26000,10400
2008-02-07,25525.5,26000,25525.5,25750,21400
2008-02-08,26100,26100,25510,26100,2600
2008-02-11,25974,25974,25425.4,25725,26600
2008-02-12,26000,26000,25475.45,25750,43300
2008-02-13,25750,25775,25460,25775,4900
2008-02-14,25525.5,25775,25525.5,25775,12000
2008-02-15,25500,26050,25500,25500,5400
2008-02-18,25450,25950,25450,25450,23300
2008-02-19,25500,25700,25500,25700,4800
2008-02-20,25850,25900,25400,25675,122700
2008-02-21,25942.02,25942.02,25675,25675,6500
2008-02-22,25425.4,25675,25400,25675,120400
2008-02-25,25425.4,25924.05,25405,25675,24100
2008-02-26,25900,25900,25725,25725,2500
2008-02-27,25500,25945,25500,25500,3900
2008-02-28,25900,25900,25505,25700,19400
2008-02-29,25700,25700,25500,25650,29600
2008-03-03,25500,25775,25500,25775,200
2008-03-04,26045,26045,25400,25675,13200
2008-03-06,25950,25950,25550,25950,2700
2008-03-07,25940,25940,25400,25675,24400
2008-03-10,25300,25840,25200,25803,39800
2008-03-11,25250,25793,25250,25552,10700
2008-03-12,25850,25850,25250,25750,42900
2008-03-13,25510,25600,25510,25600,6800
2008-03-14,25600,25615,25400,25615,48700
2008-03-17,25400,25890,25200,25490,17000
2008-03-18,25400,25766.14,25400,25400,20600
2008-03-19,25780,25850,25250,25825,104600
2008-03-20,25700,25700,25600,25600,10300
2008-03-25,26000,26250,25500,25500,12200
2008-03-26,26000,26000,25750,25750,3200
2008-03-27,26000,26000,25515,25775,81800
2008-03-28,25875.05,25900,25875.05,25900,3800
2008-03-31,25600,26000,25600,26000,8000
2008-04-01,25700,26200,25640,26200,5600
2008-04-02,26100,26100,25650.1,26100,17600
2008-04-03,25850,25850,25600,25825,13300
2008-04-04,25900,25900,25615,25900,76200
2008-04-07,25600,25874.1,25600,25600,24400
2008-04-08,25600,25650,25515,25650,2300
2008-04-09,25800,25800,25550,25700,14700
2008-04-10,25800,25800,25500,25650,36600
2008-04-11,25800,25800,25800,25800,100
2008-04-14,25800,25800,25800,25800,13200
2008-04-15,25800,25850,25350,25350,24300
2008-04-16,25850,25900,25400,25650,26500
2008-04-17,25400,25850,25400,25850,2300
2008-04-18,25850,25850,25550.4,25675,46100
2008-04-21,25850,26100,25550.4,25700,21800
2008-04-22,25505,25700,25505,25700,8000
2008-04-23,25700,25700,25550.4,25600,14000
2008-04-24,25700,25800,25550,25550,19700
2008-04-25,25750,25879,25750,25879,12600
2008-04-28,25550,25650,25550,25650,34200
2008-04-29,25800,25850,25650,25650,48000
2008-04-30,25900,26000,25700.29,25825,10400
2008-05-01,26000,26000,25650,25650,34200
2008-05-02,26000,26000,25650,26000,64000
2008-05-06,25650,25775,25650,25775,7400
2008-05-07,25700,25700,25700,25700,70100
2008-05-08,25500,25890,25500,25700,9000
2008-05-09,25700,25700,25500,25500,14600
2008-05-12,25500,25600,25400,25600,2900
2008-05-13,25450,25600,25450,25600,500
2008-05-14,25600,25600,25450,25600,2600
2008-05-15,25600,25600,25410,25600,2400
2008-05-16,25799.9,25799.9,25450,25650,7200
2008-05-19,25850,25850,25450,25650,600
2008-05-20,25450,25800,25450,25800,11000
2008-05-21,25400,25800,25400,25800,12500
2008-05-22,25400,25550,25400,25550,10000
2008-05-23,25560,25700.1,25350,25650,5400
2008-05-27,25451,25800,25450,25800,8900
2008-05-28,25600,25760,25600,25600,2200
2008-05-29,25600,25600,25600,25600,0
2008-05-30,25600,25750,25600,25600,7900
2008-06-02,25600,25750,25400,25600,16600
2008-06-03,25400,25550,25400,25550,6200
2008-06-04,25650,25650,25500,25500,6400
2008-06-05,25300,25650.19,25300,25500,19100
2008-06-06,25300,25300,25300,25300,100
2008-06-09,25660,25660,25500,25500,1300
2008-06-10,25500,25650.19,25500,25500,18000
2008-06-11,25300,25610,25200,25200,54200
2008-06-12,25400,25550.39,25400,25400,4100
2008-06-13,25250,25450.58,25250,25375,122800
2008-06-16,25250,25600.29,25250,25500,23500
2008-06-17,25550,25550,25550,25550,0
2008-06-18,25351,25750,25350,25500,16700
2008-06-19,25500,25660,25500,25500,11400
2008-06-20,25700,25700,25250,25250,10600
2008-06-23,25650,25650,25225,25413,18600
2008-06-24,25225,25225,25225,25225,8900
2008-06-25,25350,25525,25338,25525,315600
2008-06-26,25350,25660,25250,25250,6700
2008-06-27,25500,25600,25300,25400,15200
2008-06-30,25250,25600,25250,25250,1300
2008-07-01,25748,25748,25252,25500,2800
2008-07-02,25252,25750,25250,25700,31700
2008-07-03,25225,25350,25225,25350,12700
2008-07-04,25600,25600,25600,25600,300
2008-07-07,25375,25600,25375,25375,1500
2008-07-08,25050,25275,25050,25275,6000
2008-07-09,25175,25400,25150,25400,12600
2008-07-10,25150,25650,25100,25100,29600
2008-07-11,25100,25350,25100,25350,1300
2008-07-14,25600,25650,25338,25538,27200
2008-07-15,25200,25200,24750,24825,48200
2008-07-16,24650,24850,24650,24650,7500
2008-07-17,25100,25100,24600,25100,8800
2008-07-18,25300,25300,24900,24900,14100
2008-07-21,25100,25325,24910,25325,12600
2008-07-22,25500,25500,25050,25500,19100
2008-07-23,25400,25450,25400,25450,1200
2008-07-24,25200,25675,25150,25425,20100
2008-07-25,25150,25150,25000,25000,25100
2008-07-28,25000,25175,25000,25175,10000
2008-07-29,25250,25250,25250,25250,0
2008-07-30,25100,25300,24950,25300,40200
2008-07-31,25300,25300,25000,25000,11400
2008-08-01,24600,24950,24600,24950,1000
2008-08-04,24900,25200,24900,24950,10900
2008-08-05,25225,25225,25225,25225,0
2008-08-06,25200,25800,25200,25500,66200
2008-08-07,25400,25899.02,25130,25425,67200
2008-08-08,25650,25650,25150,25475,35600
2008-08-11,25700,25749.31,25700,25713,1300
2008-08-12,25550,26000,25500,25500,105000
2008-08-13,25500,25800,25450,25750,7100
2008-08-14,25500,25998.82,25500,25725,4600
2008-08-15,25725,25725,25725,25725,0
2008-08-18,25725,25725,25725,25725,0
2008-08-19,25450,25549.71,25400,25400,28000
2008-08-20,25150,25590,25150,25150,3600
2008-08-21,25325,25325,25150,25325,200
2008-08-22,25700,25700,25050,25400,14000
2008-08-26,25050,25449.9,25050,25275,800
2008-08-27,25500,25525,25500,25525,4500
2008-08-28,25375.35,25775,25375.35,25650,4900
2008-08-29,25850,25950,25850,25950,13700
2008-09-01,26200,26200,25900,25900,100
2008-09-02,25925,25925,25675,25925,1800
2008-09-03,26000,26024.75,25475.45,25750,40500
2008-09-04,25900,25900,25900,25900,44000
2008-09-05,25800,25800,25200,25200,24100
2008-09-08,25425.4,25700,25425.4,25700,12000
2008-09-09,25800,25900,25650,25750,31100
2008-09-10,25650,25800,25455,25650,2700
2008-09-11,25525,25525,25450,25525,30700
2008-09-12,25550,25835.1,25450,25600,60000
2008-09-15,25300,25300,25001,25200,28200
2008-09-16,24800,24800,24600,24600,46200
2008-09-17,24400,25050,24310,24750,12100
2008-09-18,24750,24750,24175,24175,15400
2008-09-19,25100,25600,25000,25600,125300
2008-09-22,25600,25600,25300,25300,10100
2008-09-23,25300,25300,25052,25100,3400
2008-09-24,25100,25100,25100,25100,0
2008-09-25,25200,25200,25000,25150,20600
2008-09-26,25200,25200,25050,25050,11800
2008-09-29,24900,24900,24625,24625,20000
2008-09-30,24325,24450,24325,24325,12000
2008-10-01,24150,25200,24100,25200,58800
2008-10-02,24700,24700,24200,24200,19400
2008-10-03,24100,24550,23950,24550,52700
2008-10-06,23900.72,23900.72,23600,23775,22100
2008-10-07,23700,24050.41,23500,23800,58500
2008-10-08,23098,23450,22850,23450,43300
2008-10-09,23101,23101,22900,22900,23000
2008-10-10,21900,21900,20700,21300,82000
2008-10-13,21600,21670,20700,20700,40600
2008-10-14,21975,22200,21925,22100,243000
2008-10-15,21750,21750,21150,21150,17100
2008-10-16,20600,20600,20300,20300,40300
2008-10-17,20400,20750,20400,20750,15300
2008-10-20,21000,21600,21000,21600,119600
2008-10-21,21200,21800,21200,21800,29400
2008-10-22,21600,21650,21600,21650,49300
2008-10-23,21050,21250,21050,21250,25300
2008-10-24,20800,21000,20200,20450,13800
2008-10-27,20300,20300,20050,20050,3500
2008-10-28,20800,21400,20379.6,21400,148600
2008-10-29,21578.4,21578.4,21350,21350,100
2008-10-30,21500,21900,21500,21900,391100
2008-10-31,21600,22200,21600,22200,5500
2008-11-03,22450,22450,22450,22450,0
2008-11-04,22695,23425,22695,23425,200
2008-11-05,23100,23500,22900,23500,95500
2008-11-06,22500,23274.89,22250,22400,52500
2008-11-07,22500,22675,22500,22675,17400
2008-11-10,23395,23476.5,23123.1,23250,18400
2008-11-11,22700,22700,22622.6,22700,17400
2008-11-12,22600,23095,22350,22350,27000
2008-11-13,22295,22295,21850,22075,6600
2008-11-14,22395,22450,22200,22450,21900
2008-11-17,22000,22075,22000,22075,10100
2008-11-18,21975,22150.78,21975,21975,1000
2008-11-19,21550,21550,21550,21550,11000
2008-11-20,20900,20900,20750,20750,100
2008-11-21,20400,20400,20000,20250,12500
2008-11-24,20500,21500,20000,21400,36800
2008-11-25,22000,22000,21400,21850,3900
2008-11-26,21600,21997,21425,21750,61200
2008-11-27,21600,22350,21600,22350,42300
2008-11-28,22400,22500,22400,22450,23200
2008-12-01,22375,22400,22350,22350,300000
2008-12-02,22125,22250,21800,22250,6200
2008-12-03,22050,22800,22050,22800,23000
2008-12-04,22625,22625,22450,22625,2800
2008-12-05,22500,22750,22350,22500,16100
2008-12-08,22850,23400,22850,23350,50800
2008-12-09,23400,23673.67,23350,23500,26600
2008-12-10,23800,23800,23675,23800,15300
2008-12-11,23625,23773.56,23625,23625,8000
2008-12-12,23374,23374,23200,23200,5100
2008-12-15,23350,23673.67,23350,23525,6500
2008-12-16,23573.8,23573.8,23450,23450,17300
2008-12-17,23500,23600,23400,23600,14800
2008-12-18,23800,23800,23800,23800,0
2008-12-19,23500,23900,23300,23900,40500
2008-12-22,23900,23900,23510,23700,2700
2008-12-23,23510,23900,23510,23700,4600
2008-12-24,23900,23900,23700,23700,300
2008-12-29,23500,23550,23500,23550,20300
2008-12-30,23550,23550,23550,23550,0
2008-12-31,23700,24000,23673.67,24000,35800
2009-01-02,24175,24175,24175,24175,0
2009-01-05,24050,24200,24050,24200,3800
2009-01-06,24200,24300,24200,24200,106200
2009-01-07,24000,24372.89,23800,23800,17300
2009-01-08,23800,24000,23800,24000,10000
2009-01-09,23800,24000,23800,24000,7600
2009-01-12,23800,24199,23800,24025,14200
2009-01-13,23950,24149,23950,23950,200
2009-01-14,24100,24100,24100,24100,200
2009-01-15,23700,23700,23200,23600,21800
2009-01-16,23200,23600,23200,23375,34100
2009-01-19,23250,23250,23200,23200,44000
2009-01-20,23100,23300,22950,23100,33900
2009-01-21,22800,23197,22600,23150,61300
2009-01-22,23000,23097,23000,23000,2100
2009-01-23,22700,22700,22700,22700,0
2009-01-26,22897,23475,22897,23475,10200
2009-01-27,23425,23425,23250,23425,17500
2009-01-28,23600,23850,23350,23850,34700
2009-01-29,23350,23475,23350,23475,1111600
2009-01-30,23200,23747,23200,23375,16800
2009-02-02,23300,23300,23123.1,23300,200
2009-02-03,23000,23497,22822.8,23250,27800
2009-02-04,23250,23525,23250,23525,146100
2009-02-05,23647,23647,23425,23425,24000
2009-02-06,23700,23700,23700,23700,0
2009-02-09,23900,23900,23510,23900,4600
2009-02-10,23400,23849.47,23400,23650,11600
2009-02-11,23800,23800,23300,23550,3400
2009-02-12,23700,23700,23300,23450,29300
2009-02-13,23550,23799.58,23550,23625,152800
2009-02-16,23550,23550,23350,23550,2400
2009-02-17,23275,23275,23275,23275,0
2009-02-18,23300,23375,23300,23375,10000
2009-02-19,23250,23250,23200,23200,10000
2009-02-20,22800,22800,22700,22700,15200
2009-02-23,22700,22700,22700,22700,10000
2009-02-24,22400,22700,22400,22400,5700
2009-02-25,22450,22825,22275.03,22425,14700
2009-02-26,22500,22500,22275.03,22500,14000
2009-02-27,22400,22400,22400,22400,900
2009-03-02,21900,22200,21500,21600,33100
2009-03-03,21900,21900,21500,21600,16600
2009-03-04,21800,21875,21525,21875,28600
2009-03-05,22000,22000,21925,21925,12300
2009-03-06,21750,21900,21650,21800,52400
2009-03-09,21550,21875,21300,21500,46700
2009-03-10,21700,21700,21400,21700,23900
2009-03-11,21800,21800,21775,21775,22300
2009-03-12,21650.7,21750,21650.7,21750,100
2009-03-13,22250,22250,22098.9,22250,11700
2009-03-16,22375,22375,22153.04,22375,500
2009-03-17,22300,22350,22102.8,22300,24700
2009-03-18,22500,22500,22100,22300,20500
2009-03-19,22450,22500,22110,22500,43000
2009-03-20,22800,23400,22600,23350,47400
2009-03-23,23600,23800,23300,23300,52400
2009-03-24,23450,23450,23100,23100,60300
2009-03-25,22975,22990.15,22900,22900,22300
2009-03-26,22900,22900,22900,22900,20800
2009-03-27,22960,23100,22900,23100,25200
2009-03-30,22800,22800,22800,22800,25900
2009-03-31,23075,23338,23025,23338,95300
2009-04-01,23190.06,23200,22825,22900,31400
2009-04-02,23100,23100,22750,23075,78700
2009-04-03,23200,23200,22900,23000,37800
2009-04-06,23200,23200,22825,22825,49300
2009-04-07,22600,22650,22600,22650,26800
2009-04-08,22600,22600,22350,22350,46600
2009-04-09,22324.45,22575.75,22324.45,22525,9400
2009-04-14,22600,22750,22575,22575,35000
2009-04-15,22474.62,22575,22474.62,22575,2000
2009-04-16,22524.67,22625.7,22524.67,22600,13300
2009-04-17,22725.59,22725.59,22625,22625,8100
2009-04-20,22725.59,22725.59,22475,22525,58800
2009-04-21,22575.75,22575.75,22324.45,22400,15200
2009-04-22,22450,22450,22375,22375,2300
2009-04-23,22475.86,22475.86,22375,22375,19700
2009-04-24,22500,22600,22500,22600,26200
2009-04-27,22700,22800,22374.51,22800,40300
2009-04-28,22674.84,22925.38,22674.84,22800,30800
2009-04-29,22950,23175.11,22925.38,23175,51500
2009-04-30,23350,23350,23225,23300,18000
2009-05-01,23374.89,23400,23250,23250,14200
2009-05-05,23402,23550,23400,23475,38900
2009-05-06,23550,23674.57,23425.66,23575,50000
2009-05-07,23650,24000,23650,23775,129800
2009-05-08,23900,24024.2,23750,23875,69000
2009-05-11,23974.25,23974.25,23750,23825,34300
2009-05-12,23850,23924.3,23800,23800,29100
2009-05-13,23700,23950,23550,23550,91600
2009-05-14,23700,23700,23689.85,23700,15400
2009-05-15,23700,23824.41,23600,23725,54000
2009-05-18,23900,23900,23824.41,23900,44100
2009-05-19,24024.2,24039.7,23925,23925,15100
2009-05-20,24100,24297.98,24100,24200,48400
2009-05-21,24100,24297.98,24100,24175,10800
2009-05-22,24100,24350,24100,24125,18900
2009-05-26,24200,24200,24000,24025,16900
2009-05-27,24050,24050,23950,23950,38300
2009-05-28,23900,24000,23900,23925,15000
2009-05-29,24000,24100,23998,24100,35600
2009-06-01,24200,24250,24050,24050,34500
2009-06-02,24247.98,24247.98,24150,24150,5800
2009-06-03,24250,24250,24050,24125,21800
2009-06-04,24050,24200,24050,24100,38800
2009-06-05,24297.98,24297.98,24150,24150,3200
2009-06-08,24200,24212.1,24150,24150,16600
2009-06-09,24297.98,24300,24200,24200,19700
2009-06-10,24150,24400,24150,24175,17200
2009-06-11,24100,24250,23900,23900,22000
2009-06-12,23900,24098,23900,23900,32300
2009-06-15,23800,23800,23700,23700,20000
2009-06-16,23798.02,23798.02,23650,23650,100
2009-06-17,23500,23648.03,23350,23400,37500
2009-06-18,23325.55,23350,23325.55,23350,12200
2009-06-19,23301,23550,23250,23250,41400
2009-06-22,23325,23450,23275,23325,17400
2009-06-23,23200,23200,23125.33,23200,300
2009-06-24,23300,23300,23175,23175,1500
2009-06-25,23300,23300,23150,23150,100
2009-06-26,23250,23275,23025.22,23150,30500
2009-06-29,23298.06,23298.06,23025.22,23200,5900
2009-06-30,23298.06,23298.06,23125,23150,7300
2009-07-01,23300,23400,23225.44,23300,37400
2009-07-02,23400,23400,23350,23400,15700
2009-07-03,23300,23300,23300,23300,0
2009-07-06,23375,23398.06,23175.38,23275,26700
2009-07-07,23450,23450,23150,23150,38600
2009-07-08,23298.06,23298.06,23200,23200,1400
2009-07-09,23200,23200,23200,23200,900
2009-07-10,23300,23300,23060,23200,21000
2009-07-13,23124.89,23348.06,23124.89,23275,2500
2009-07-14,23425,23425,23225,23400,12300
2009-07-15,23550,23600,23350,23575,55200
2009-07-16,23450,23674.73,23450,23450,8800
2009-07-17,23700,23750,23700,23750,24300
2009-07-20,23724.68,23774.63,23504.94,23700,23100
2009-07-21,23800,23800,23800,23800,16700
2009-07-22,23975,23975,23950,23950,6100
2009-07-23,24100,24150,23905.02,24100,44300
2009-07-24,24150,24473.88,24124.25,24350,53700
2009-07-27,24450,24500,24300,24300,32800
2009-07-28,24150,24375,24100,24100,49800
2009-07-29,24100,24250,24055.05,24250,79000
2009-07-30,24150,24350,24080.06,24250,30500
2009-07-31,24375.05,24375.05,24155.07,24275,20300
2009-08-03,24450,24524.5,24423.93,24500,48000
2009-08-04,24500,24598.99,24424.4,24500,34400
2009-08-05,24450,24523.83,24324.3,24450,9500
2009-08-06,24350,24550,24350,24550,84300
2009-08-07,24375,24523.83,24226.08,24425,69400
2009-08-10,24473.88,24473.88,24276.13,24375,8000
2009-08-11,24700,24700,24426.29,24700,100100
2009-08-12,24650,24750,24576.45,24688,23600
2009-08-13,24900,24900,24661.5,24763,55800
2009-08-14,24700,25000,24500,24663,104000
2009-08-17,24450,24550,24300,24450,22000
2009-08-18,24400,24400,24400,24400,0
2009-08-19,24500,24550,24300,24450,25500
2009-08-20,24538.5,24700,24460,24575,26700
2009-08-21,24850,24850,24850,24850,35600
2009-08-24,24925,25250,24910.08,25250,30000
2009-08-25,25200,25200,25200,25200,18000
2009-08-26,25300,25300,25300,25300,14200
2009-08-27,25150,25372.92,25150,25250,32500
2009-08-28,25500,25500,25450,25450,18900
2009-09-01,25474.5,25474.5,25100,25100,2700
2009-09-02,24950,25425,24950,25400,81000
2009-09-03,25400,25400,25350,25375,125000
2009-09-04,25430,25430,25300,25365,28000
2009-09-07,25500,25570,25475.45,25535,73300
2009-09-08,25580,25600,25525.5,25563,75400
2009-09-09,25521,25772.49,25521,25600,14800
2009-09-10,25600,25790,25552,25675,45200
2009-09-11,25850,25850,25552,25850,31100
2009-09-14,25750,25750,25550,25550,629700
2009-09-15,25550,25975,25550,25975,41700
2009-09-16,26200,26400,25925.9,26400,62700
2009-09-17,26450,26525,26276.25,26450,18800
2009-09-18,26425,26450,26225,26350,27000
2009-09-21,26175,26175,26175,26175,5900
2009-09-22,26000,26674.86,26000,26550,39700
2009-09-23,26700,26700,26476.45,26575,9700
2009-09-24,26600,26600,26550,26550,33800
2009-09-25,26675,26675,26550,26550,1200
2009-09-28,26600,26600,26600,26600,3700
2009-09-29,26900,27100,26626.6,27100,86300
2009-09-30,26945,26945,26450,26450,14200
2009-10-01,26900,26900,26500,26525,37100
2009-10-02,26400,26645,26400,26475,22600
2009-10-05,26350,26350,26300,26300,27400
2009-10-06,26350,26700,26303.1,26575,52000
2009-10-07,26700,26700,26575,26575,8600
2009-10-08,26750,26800,26526.5,26650,22000
2009-10-09,26800,26800,26550,26625,15300
2009-10-12,26950,26950,26950,26950,22800
2009-10-13,26950,26974.57,26650,26650,33600
2009-10-14,26950,27072.9,26800,26800,54000
2009-10-15,27022.95,27045,26850,26925,19600
2009-10-16,27072.9,27072.9,26725,26725,22800
2009-10-19,26923.05,26923.05,26825,26825,5000
2009-10-20,26873.1,26873.1,26700,26725,4700
2009-10-21,26500,26820,26500,26700,23000
2009-10-22,26500,26750,26453.4,26750,30200
2009-10-23,26950,27100,26750,26900,27000
2009-10-26,26800,26850,26800,26850,15200
2009-10-27,26900,26900,26653.8,26675,26500
2009-10-28,26500,26773.2,26150,26150,126200
2009-10-29,26100,26250,26100,26100,38700
2009-10-30,26300,26473.5,26125,26300,18700
2009-11-02,26202.89,26423.55,26202.89,26350,12400
2009-11-03,26300,26350,26102.69,26325,55700
2009-11-04,26500,26623.35,26421.33,26525,61000
2009-11-05,26550,26675,26500,26675,28800
2009-11-06,26475,26475,26475,26475,17800
2009-11-09,26750,26800,26475,26500,57200
2009-11-10,26550,26850,26550,26775,13100
2009-11-11,26950,27372.6,26950,27250,22900
2009-11-12,27350,27372.6,27250,27250,35200
2009-11-13,27200,27225,27200,27225,21600
2009-11-16,27450,27625,27301.03,27550,75400
2009-11-17,27400,27625,27375,27375,41800
2009-11-18,27513,27513,27513,27513,23200
2009-11-19,27500,27622.35,27416.06,27438,16800
2009-11-20,27350,27500,27250,27250,18800
2009-11-23,27650,27650,27425.05,27550,6400
2009-11-24,27400,27700,27400,27550,64300
2009-11-25,27550,27675,27550,27625,64800
2009-11-26,27500,27500,27100,27100,108800
2009-11-27,27000,27550,26973,27425,83700
2009-11-30,27425,27600,27400,27400,16900
2009-12-01,27600,27700,27375,27576,73400
2009-12-02,27672.3,27722.25,27485.1,27605,40600
2009-12-03,27800,27850,27750,27850,88900
2009-12-04,27900,28021.95,27750,27875,45700
2009-12-07,27700,27871.1,27625.23,27700,29800
2009-12-08,27750,27800,27500,27500,48900
2009-12-09,27550,27550,27300,27300,4000
2009-12-10,27600,27600,27425.05,27550,14400
2009-12-11,27525.14,27750,27525.14,27700,13800
2009-12-14,28000,28000,27700,27700,51000
2009-12-15,27900,27900,27900,27900,49900
2009-12-16,27972,27972,27825,27825,27800
2009-12-17,27775,27775,27775,27775,5000
2009-12-18,27850,27850,27625.23,27850,9800
2009-12-21,27750,27822.15,27475.09,27650,32900
2009-12-22,27750,27950,27700,27825,117200
2009-12-23,27950,28200,27922.05,28200,77000
2009-12-24,28200,28200,27900,28050,31100
2009-12-29,28100,28200,27900,28050,9000
2009-12-30,28200,28200,28055,28055,12500
2009-12-31,27975,28075,27975,28075,3700
2010-01-04,28200,28200,27929,28030,49000
2010-01-05,28030,28200,27925,28050,12100
2010-01-06,28180,28200,28000,28000,19100
2010-01-07,27920,28070,27800,27950,5800
2010-01-08,28050,28075,27800,27950,35800
2010-01-11,28100,28200,27930,28100,29500
2010-01-12,27930,28200,27900,28050,23500
2010-01-13,27930,28200,27900,28050,18700
2010-01-14,28171.8,28200,27927.9,28050,13700
2010-01-15,28200,28200,27927.9,28050,13700
2010-01-18,28200,28200,27927.9,28100,38600
2010-01-19,28000,28200,27877.85,28025,34400
2010-01-20,28000,28200,27925,27925,28100
2010-01-21,28100,28100,27700,27775,16000
2010-01-22,27900,27950,27600,27600,37400
2010-01-25,27500,27850,27500,27500,29300
2010-01-26,27400,27475,27400,27475,59900
2010-01-27,27350,27600,27300,27525,39100
2010-01-28,27600,27600,27475,27475,5000
2010-01-29,27550,27550,27550,27550,27700
2010-02-01,27450,27450,27450,27450,27800
2010-02-02,27600,27750,27375,27750,70400
2010-02-03,27800,27872.1,27630,27700,51600
2010-02-04,27515,27650,27000,27000,108900
2010-02-05,27100,27100,26826.8,26950,22500
2010-02-08,26950,27025,26850,27025,10100
2010-02-09,27000,27050,27000,27050,8000
2010-02-10,27150,27200,27027,27088,47300
2010-02-11,27200,27325,27188,27188,17000
2010-02-12,27375,27500,27075,27400,39500
2010-02-15,27550,27550,27327.3,27400,43300
2010-02-16,27250,27600,27250,27600,19700
2010-02-17,27610,27910,27500,27783,58200
2010-02-18,27700,28010,27700,27855,19900
2010-02-19,28000,28134.56,27853,28003,32100
2010-02-22,28250,28250,28100,28100,37300
2010-02-23,28200,28234.49,28106,28200,45800
2010-02-24,28171.8,28199,27925,28063,19100
2010-02-25,28171.8,28171.8,28013,28013,5900
2010-02-26,28175,28246.73,27926,28138,29100
2010-03-01,28310,28310,28280,28280,68500
2010-03-02,28450,28800,28202.52,28713,75300
2010-03-03,28899,28950,28603.26,28700,38900
2010-03-04,29020.95,29100,28753.54,28913,57100
2010-03-05,29100,29170.8,28902,29100,29000
2010-03-08,29200,29325,29052,29313,50000
2010-03-09,29300,29300,29250,29250,37600
2010-03-10,29200,29375,29150,29150,25900
2010-03-11,29325,29325,29100,29213,14500
2010-03-12,29200,29200,29200,29200,33800
2010-03-15,29100,29250,28950,29250,54400
2010-03-16,29325,29360,29225.26,29325,5100
2010-03-17,29250.17,29250.17,29150,29150,2500
2010-03-18,29180,29250,28900,29180,35400
2010-03-19,29100,29200,28900,28900,105300
2010-03-22,29050.85,29050.85,28800,29000,32100
2010-03-23,29150,29150,28853.73,29150,40100
2010-03-24,28900,29250,28700,28985,64200
2010-03-25,29070,29350,28900,29250,24600
2010-03-26,29400,29400,28900,29100,64100
2010-03-29,29200,29300,28900,29200,31000
2010-03-30,29200,29215,29200,29215,48900
2010-03-31,28800,29100,28800,28900,49600
2010-04-01,28950,28950,28700,28825,24500
2010-04-06,28950,28950,28700,28900,17400
2010-04-07,28700,29100,28700,28800,45900
2010-04-08,28900,28975,28650,28800,21500
2010-04-09,29150,29300,28900,29100,30700
2010-04-12,29174.14,29175,29174.14,29175,1400
2010-04-13,29000,29340,29000,29150,35900
2010-04-14,29400,29400,29000,29400,24900
2010-04-15,29300,29300,29213,29213,1600
2010-04-16,29000,29200,29000,29200,27400
2010-04-19,28900,28900,28900,28900,16100
2010-04-20,29050,29050,28853.72,28975,25800
2010-04-21,29050,29125,28800,29125,144500
2010-04-22,28975,29275,28900,28900,38000
2010-04-23,29149.65,29149.65,29050,29050,17000
2010-04-26,29000,29275,29000,29063,89900
2010-04-27,28900,29099.74,28550,28550,88800
2010-04-28,28500,28790,28351.03,28650,46000
2010-04-29,28550,28898,28550,28750,24200
2010-04-30,28900,29100.13,28701.6,28950,15300
2010-05-04,28900,29099.91,28601.24,28650,78700
2010-05-05,28500,28600,28500,28500,89200
2010-05-06,28600,28675,28550,28550,46200
2010-05-07,28400,28525,28050,28050,120900
2010-05-10,28850,28950,28775,28950,29500
2010-05-11,28500,28900,28500,28575,74000
2010-05-12,28800,29000.08,28800,28850,57300
2010-05-13,28700,29100,28700,28900,57800
2010-05-14,29050,29050,28700,29000,29700
2010-05-17,28900,28950.17,28825,28825,18200
2010-05-18,29000,29100,28700,28700,35500
2010-05-19,28750,28850.34,28574.83,28675,136600
2010-05-20,28600,28900.26,28415,28500,41600
2010-05-21,28250,28600,28250,28550,53000
2010-05-24,28525,28800,28524.78,28800,34200
2010-05-25,28500,28500,28004.88,28050,60700
2010-05-26,28400,28549.82,28154.9,28350,23100
2010-05-27,28600,28724.52,28250,28402,24800
2010-05-28,28749.47,28800,28504.96,28625,24200
2010-06-01,28374.65,28699.56,28374.65,28550,23600
2010-06-02,28600,28739.95,28400,28675,37500
2010-06-03,29000,29225,28805.02,29100,24900
2010-06-04,28900,29025,28590.35,28725,36100
2010-06-07,28440.14,28775,28440.14,28550,9800
2010-06-08,28300,28590,28150,28377,80600
2010-06-09,28540,28540,28425,28475,4000
2010-06-10,28650,28850,28490.21,28718,28300
2010-06-11,28839.91,28839.91,28700,28713,8400
2010-06-14,28650,28889.9,28525,28775,19900
2010-06-15,28975.21,29000,28850,28850,1300
2010-06-16,28901,28975,28900,28975,3200
2010-06-17,29100,29102,29100,29102,19900
2010-06-18,29000,29300,29000,29300,36300
2010-06-21,29275,29275,29275,29275,24800
2010-06-22,29398,29450,29055.06,29250,87000
2010-06-23,29000,29300,29000,29000,58700
2010-06-24,28700,29150.42,28700,28900,18900
2010-06-25,29100,29100,28600,28600,10800
2010-06-28,28950.76,28988,28629.99,28813,16600
2010-06-29,28597,28875,28304.93,28500,23700
2010-06-30,28650,28650,28500,28500,11300
2010-07-01,28300,28490.04,28100,28100,31900
2010-07-02,28300,28650,28300,28650,27500
2010-07-05,28600,28600,28490.04,28600,16900
2010-07-06,28200,28700,28200,28575,24000
2010-07-07,28800,28800,28350,28800,14400
2010-07-08,28900,28900,28900,28900,25200
2010-07-09,29100,29100,29050.59,29100,1500
2010-07-12,29050,29090,29000,29050,26300
2010-07-13,29150,29300,29100,29100,29800
2010-07-14,29250.25,29250.25,29075,29075,13900
2010-07-15,29200,29250,29100,29100,40000
2010-07-16,28850,29249.91,28850,28850,10400
2010-07-19,28750,29125.13,28750,28950,32600
2010-07-20,28925,28925,28925,28925,1500
2010-07-21,29120,29170,28950,29075,23700
2010-07-22,29350,29350,28960,29350,14000
2010-07-23,29250,29269.85,29100,29100,25200
2010-07-26,29000,29400,29000,29200,30000
2010-07-27,29000,29369.74,29000,29000,32400
2010-07-28,29150,29200,28850,28850,79800
2010-07-29,29000,29099.83,28760,28950,8900
2010-07-30,28700,29000,28604.98,28750,34500
2010-08-02,28899.83,28899.83,28604.98,28800,31200
2010-08-03,28800,28800,28800,28800,31000
2010-08-04,28850,28850,28850,28850,16300
2010-08-05,29100,29100,28840.35,29000,17200
2010-08-06,29000,29116.02,28975,28975,42100
2010-08-09,28790.28,29130,28790.28,28900,8600
2010-08-10,29050,29050,28690.14,28825,21500
2010-08-11,28800,28950,28550,28675,72900
2010-08-12,28800,28800,28580,28675,26800
2010-08-13,29000,29000,28604.9,28750,27900
2010-08-16,28800,28800,28800,28800,5300
2010-08-17,28800,29000,28554.81,28800,54500
2010-08-18,29000,29200,28855.38,29200,76900
2010-08-19,29100,29100,28825,28825,29300
2010-08-20,29000,29200,28830.34,29000,94800
2010-08-23,29200,29352,28900,29352,97700
2010-08-24,29150,29300,28805.29,29148,111000
2010-08-25,29100,29200,29000,29177,39400
2010-08-26,29250,29250,29125,29125,21900
2010-08-27,29000,29200,29000,29025,8400
2010-08-31,29050,29300,28860,29125,34300
2010-09-01,29400,29725,29075,29600,57900
2010-09-02,29850,29850,29675,29675,33000
2010-09-03,29900,29995,29650.6,29850,35900
2010-09-06,30050,30100,29750.77,29950,33800
2010-09-07,30025,30050,29750.77,29875,25200
2010-09-08,30074,30090,29750.77,29925,28300
2010-09-09,30150,30352,29735,30352,90000
2010-09-10,29800,30340,29800,30025,39300
2010-09-13,30150,30150,30038,30038,40900
2010-09-14,30000,30350,29910,30350,84700
2010-09-15,30300,30300,29900,30075,60000
2010-09-16,30200,30200,29980,30100,26400
2010-09-17,30150,30290,30000,30000,21800
2010-09-20,30350,30350,30300,30300,15500
2010-09-21,30550,30550,30200,30550,27800
2010-09-22,30524.75,30550,30350,30350,30100
2010-09-23,30250,30450,30250,30350,17700
2010-09-24,30535,30550,30185,30425,13200
2010-09-27,30535,30589.98,30225,30400,14800
2010-09-28,30200,30560,30200,30288,41800
2010-09-29,30240,30365.06,30100,30188,28100
2010-09-30,30025,30365.06,30025,30238,17600
2010-10-01,30375,30400,30100,30200,73400
2010-10-04,30398,30400,30025,30250,47400
2010-10-05,30225,30400,30025,30400,55800
2010-10-06,30175.04,30375,30175.04,30375,20500
2010-10-07,30550,30600,30375,30375,24300
2010-10-08,30375,30525,30325.17,30425,23800
2010-10-11,30625,30686,30475.29,30600,17500
2010-10-12,30450,30699,30375.21,30699,34300
2010-10-13,30700,30736,30525.33,30675,47200
2010-10-14,30800,30850,30650,30725,31200
2010-10-15,30700,30824,30650,30650,23100
2010-10-18,30700,30900,30700,30750,36800
2010-10-19,30900,30925.77,30775,30788,67800
2010-10-20,30925,30925,30650,30925,20500
2010-10-21,30950,31100,30915,31000,38600
2010-10-22,31075,31100,30920,31000,26100
2010-10-25,31200,31200,30925,31200,110700
2010-10-26,31200,31200,30900,31000,109600
2010-10-27,30950,30950,30600,30700,26900
2010-10-28,30650,30804,30650,30730,52200
2010-10-29,30675,30675,30675,30675,17100
2010-11-01,30925,30925,30775,30838,47400
2010-11-02,30900,30915,30812.5,30863,40400
2010-11-03,30975,31054.78,30775,30875,49100
2010-11-04,31000,31015,30860,30938,61700
2010-11-05,31025,31100,31025,31063,45400
2010-11-08,31125,31250,31070,31148,117600
2010-11-09,31225,31350,31131,31215,127800
2010-11-10,31100,31279.46,31100,31100,26900
2010-11-11,31120,31300,31120,31223,48200
2010-11-12,31200,31250,31200,31200,64100
2010-11-15,31250,31275,31250,31275,48800
2010-11-16,31150,31150,30908.94,31000,110400
2010-11-17,30974.5,30975,30650.5,30738,28100
2010-11-18,30900,31024.5,30800,30950,38200
2010-11-19,30800,30849,30650,30763,53400
2010-11-22,30900,31075,30860,30900,75400
2010-11-23,30850,30850,30725,30725,42000
2010-11-24,30924.8,30925,30924.79,30925,32700
2010-11-25,30950,31100,30950,31100,26400
2010-11-26,31000,31125,31000,31075,29300
2010-11-29,31000,31099,30949,30950,70200
2010-11-30,30900,30999,30800,30800,46500
2010-12-01,31049.6,31050,30800,31050,47100
2010-12-02,31150,31238,31074.55,31238,88300
2010-12-03,31325,31325,31200,31288,21100
2010-12-06,31448.95,31547.89,31300,31400,38800
2010-12-07,31472.89,31547.89,31300,31450,121300
2010-12-08,31325,31600,31300,31463,45800
2010-12-09,31325,31547.89,31000,31175,87000
2010-12-10,31000,31239,31000,31125,35100
2010-12-13,31000,31289,31000,31175,7700
2010-12-14,31150,31265,31000,31157,20500
2010-12-15,31100,31139,31000,31000,30100
2010-12-16,31200,31250,31100,31250,44500
2010-12-17,31200,31290,31000,31290,103800
2010-12-20,31299.19,31299.19,31200,31200,14400
2010-12-21,31450,31500,31400,31400,40000
2010-12-22,31550,31550,31375,31550,42300
2010-12-23,31550,31650,31350,31575,68900
2010-12-24,31649,31649,31550,31550,3700
2010-12-29,31699,31749,31475,31550,11800
2010-12-30,31700,31700,31650,31675,24500
2010-12-31,31649,31649,31550,31550,5800
2011-01-04,31800,31950,31725,31858,22000
2011-01-05,31350,31500,31330,31500,42000
2011-01-06,31361,31550,31100,31100,68600
2011-01-07,31200,31275.26,31175,31200,36600
2011-01-10,31275,31275,31200,31200,9400
2011-01-11,31350,31350,31085,31225,24500
2011-01-12,31390,31400,31125,31250,14500
2011-01-13,31390,31390,31100,31275,20600
2011-01-14,31150,31150,30825,30950,118100
2011-01-17,30750,30939.4,30750,30875,14300
2011-01-18,30924.25,31009.1,30904,30950,25700
2011-01-19,31100,31100,30805,30875,49900
2011-01-20,30650,30858.5,30650,30725,24400
2011-01-21,30676.53,30859.1,30588,30588,25100
2011-01-24,30676.53,30687.5,30455,30600,14200
2011-01-25,30676.53,30708.5,30613,30613,11600
2011-01-26,30550,30800,30550,30675,70500
2011-01-27,30800,30850,30725,30763,58600
2011-01-28,30600,30679.8,30558.4,30625,91300
2011-01-31,30400,30650,30400,30650,35500
2011-02-01,30568,30568,30355,30513,10700
2011-02-02,30568,30568,30538,30538,2800
2011-02-03,30590.5,30590.5,30463,30463,18300
2011-02-04,30599,30599,30475,30475,13100
2011-02-07,30425,30650,30425,30600,35200
2011-02-08,30677.28,30677.28,30625,30625,86100
2011-02-09,30624.25,30675,30619,30625,68500
2011-02-10,30619,30665,30391,30513,38900
2011-02-11,30625,30625,30509,30509,6800
2011-02-14,30737.5,30737.5,30515,30650,9900
2011-02-15,30659,30674.25,30550,30625,29700
2011-02-16,30691.68,30792.5,30691.68,30750,24400
2011-02-17,30754,30792.5,30666,30725,11400
2011-02-18,30795,30845,30750,30775,71300
2011-02-21,30750,30804.55,30650,30675,98300
2011-02-22,30600,30725,30575,30725,48500
2011-02-23,30700,30840,30650,30840,76700
2011-02-24,30800,30825,30720,30800,36400
2011-02-25,30950,30975,30950,30950,39300
2011-02-28,30975,31000,30800,30800,24100
2011-03-01,31025,31025,30825,30950,60100
2011-03-02,30825,31000,30820,31000,45200
2011-03-03,31000,31000,30852,30952.5,40600
2011-03-04,31010,31100,31010,31090,45200
2011-03-07,31050,31180,31000,31125,26700
2011-03-08,31174,31174,31125,31125,44700
2011-03-09,31050,31154.55,30952,31075,46600
2011-03-10,30950,31050,30880,30925,117900
2011-03-11,30850,30956.83,30830,30912.5,37700
2011-03-14,30950,30950,30730,30800,68200
2011-03-15,30500,30538.9,30100,30400,120200
2011-03-16,30485,30570,30150,30487.5,100300
2011-03-17,30550,30850,30475,30699.5,125800
2011-03-18,30870,31220,30210,30210,775000
2011-03-21,30540,30632.43,30455,30600,65300
2011-03-22,30850,30850,30576,30600,68900
2011-03-23,30500,30615,30425,30600,119000
2011-03-24,30600,30646.98,30550,30600,29900
2011-03-25,30675,30795,30550,30750,154600
2011-03-28,30850,30925,30650,30800,102300
2011-03-29,30850,31000,30800,30862.5,71900
2011-03-30,30825,30929.55,30825,30900,53500
2011-03-31,30800,31025,30800,30850,84700
2011-04-01,30850,31038,30800,31000,93100
2011-04-04,31175,31175,31062.5,31062.5,31800
2011-04-05,31050,31150,31000,31100,53300
2011-04-06,31115,31115,31004,31115,81600
2011-04-07,31089,31100,31000,31062.5,17900
2011-04-08,31125,31150,31100,31137.5,32300
2011-04-11,31163.68,31225,31111.33,31187.5,47100
2011-04-12,31100,31175,31100,31150,58000
2011-04-13,31200,31275,31177.84,31220,62600
2011-04-14,31250,31275,31126.43,31275,66200
2011-04-15,31300,31450,31250,31450,72200
2011-04-18,31350,31387.5,31350,31387.5,28700
2011-04-19,31387.13,31429.8,31387.13,31400,68100
2011-04-20,31500,31850,31500,31850,176500
2011-04-21,31899,31899,31650,31750,16700
2011-04-26,31650,31900,31650,31775,39200
2011-04-27,31800,31900,31710,31799.5,77900
2011-04-28,31850,31884.85,31725.1,31800,36900
2011-05-03,31900,32025,31900,31925,72900
2011-05-04,31989.4,32080,31930.2,32000,41000
2011-05-05,32038,32150,31925,32037.5,35200
2011-05-06,31950,32250,31925,32225,153800
2011-05-09,32225,32325,32035,32100,51500
2011-05-10,32226.53,32300,32025,32300,18000
2011-05-11,32000,32150,32000,32150,33400
2011-05-12,32000,32174.25,31850,31950,109400
2011-05-13,32200,32250,31880,32237.5,41000
2011-05-16,32200,32206.43,32123,32190,24000
2011-05-17,32139.4,32139.4,32001,32125.5,56700
2011-05-18,32200,32250,32050,32050,75500
2011-05-19,32150,32275,32100,32150,73100
2011-05-20,32200,32350,32200,32350,81400
2011-05-23,32348,32348,32000,32003,166400
2011-05-24,32244.16,32290.33,32007,32212.5,14200
2011-05-25,32149,32201.8,32001,32001,50300
2011-05-26,32223,32223,32031.9,32200,36000
2011-05-27,32200,32200,32011,32051,29600
2011-05-31,32130.9,32274,32125,32200,14700
2011-06-01,32200,32274,32101,32101,26900
2011-06-02,32101,32190,32000,32000,75700
2011-06-03,32150,32275.12,32061,32175,40100
2011-06-06,32268,32268,32052,32052,14300
2011-06-07,32268,32268,32199.5,32250,41400
2011-06-08,31951,32037.5,31950,31950,32400
2011-06-09,32037.5,32037.5,31813.4,31976,43600
2011-06-10,32050,32050,31873,31925,54900
2011-06-13,31801,32049,31801,31925,27800
2011-06-14,32049,32049,31802,31925.5,18100
2011-06-15,31801,32047,31801,31987,83400
2011-06-16,31752,31899,31702,31751,85100
2011-06-17,31898,31900,31750,31750,103200
2011-06-20,31900,31999,31825,31900,69900
2011-06-21,32049,32150,32046.7,32150,78600
2011-06-22,32145,32350,31950,32350,264200
2011-06-23,32270,32270,31900,31900,81900
2011-06-24,32174,32174,32025,32165,44700
2011-06-27,32001,32238,32001,32001,59000
2011-06-28,32240,32240,32201,32240,41600
2011-06-29,32289,32289,32077,32175,79500
2011-06-30,32243,32309,32225,32274.5,48900
2011-07-01,32345,32400,32225,32400,105600
2011-07-04,32262,32425,32250,32374.5,110200
2011-07-05,32525,32525,32525,32525,40600
2011-07-06,32525,32700,32430,32700,63200
2011-07-07,32750,32825,32679,32737.5,55400
2011-07-08,32900,32950,32709,32950,48100
2011-07-11,32949,32950,32797.31,32950,111600
2011-07-12,32875,32904,32862,32862,6300
2011-07-13,32949,32950,32930,32950,24800
2011-07-14,32949,32949,32739.85,32850,29200
2011-07-15,32651,32944,32651,32749.5,23400
2011-07-18,32602,32890,32600,32600,36000
2011-07-19,32848,32940,32759,32940,9500
2011-07-20,32898,32974,32795.69,32800,30800
2011-07-21,33020,33020,32810,32810,26800
2011-07-22,32810,32974.25,32755,32755,35500
2011-07-25,33050,33211,32981,33211,59700
2011-07-26,33189,33189,33075,33075,18100
2011-07-27,32935.8,33188,32901,33075,56000
2011-07-28,32901,33085.95,32770,32810,108400
2011-07-29,32801,32890,32750,32750,148200
2011-08-01,33090,33090,32750,32750,43400
2011-08-02,32900,33089,32781,33089,69600
2011-08-03,33089,33089,32756,32756,28800
2011-08-04,32821.3,33039,32821.3,32925,26900
2011-08-05,32750,32799,32200,32500,204900
2011-08-08,32300,32566,32152,32390,72500
2011-08-09,32195,32850,31800,32850,321600
2011-08-10,32700,32979,32595,32595,187200
2011-08-11,32890,32890,32500,32615,112900
2011-08-12,32723,33250,32641,33250,282900
2011-08-15,33000,33290,32960,33290,136800
2011-08-16,32960,33335,32910,33335,207700
2011-08-17,32900,33155,32900,33050,57100
2011-08-18,32900,33190,32847,33060,141900
2011-08-19,32800,32850,32600,32849,123100
2011-08-22,33100,33100,32701,32901,130500
2011-08-23,32900,33160,32880,33050,69600
2011-08-24,33200,33246,32600,32849.5,273500
2011-08-25,33100,33200,32675,32824.5,392000
2011-08-26,32960,32960,32650,32775,76300
2011-08-30,32850,33139,32715,33075,83100
2011-08-31,33450,33650,33150,33600,255000
2011-09-01,33600,33724,33435.29,33724,88700
2011-09-02,33647,33700,33550.5,33550.5,157600
2011-09-05,33501,33625,33350,33499.5,158400
2011-09-06,33500,33638,33450,33450,40200
2011-09-07,33350,33624,33300,33500,57700
2011-09-08,33635,33670,33430,33670,65300
2011-09-09,33550,33850,33380,33529,88600
2011-09-12,33300,33650,33300,33338,85600
2011-09-13,33200,33515,33050,33450,88100
2011-09-14,33450,33510,33355,33505,98200
2011-09-15,33500,33530,33301,33530,16100
2011-09-16,33400,33535,33361,33400,81100
2011-09-19,33550,33550,33230,33425,205300
2011-09-20,33425,33690,33329.5,33475,71000
2011-09-21,33550,33790,33550,33725,90900
2011-09-22,33600,33610,32985,33150,117100
2011-09-23,33000,33191.67,32720,32920,77700
2011-09-26,32575,32800,32385,32600,107900
2011-09-27,32990,33050,32867.14,33050,96800
2011-09-28,32988,33029,32861,32861,67400
2011-09-29,33000,33000,32500,32682,99000
2011-09-30,32750,32850,32500,32681.5,133600
2011-10-03,32537.92,32560,32330,32560,50800
2011-10-04,32400,32589,32230,32340,117500
2011-10-05,32400,32700,32325,32700,95800
2011-10-06,32875,32920,32770,32874.5,76700
2011-10-07,32950,33012.86,32848,32900,118300
2011-10-10,33000,33220,32925,33200,1081600
2011-10-11,33010,33250,32870,33000,172500
2011-10-12,33060,33242,32901,33210,90100
2011-10-13,33210,33240,33000,33000,64800
2011-10-14,33250,33310,33100,33310,173600
2011-10-17,33260,33400,33242.4,33400,82300
2011-10-18,33340,33380,33130.38,33380,63900
2011-10-19,33400,33400,33200,33200,30600
2011-10-20,33160,33290,32990,32990,56700
2011-10-21,33160,33220,33040,33050,86000
2011-10-24,33110,33310,33100,33200,62700
2011-10-25,33380,33383,33200,33370,64200
2011-10-26,33300,33380,33160,33310,44000
2011-10-27,33570,33750,33448.77,33600,102900
2011-10-28,33680,33780,33540,33640,30800
2011-10-31,33780,33780,33520,33680,107400
2011-11-01,33500,33540,33200,33430,44800
2011-11-02,33480,33480,33120,33240,121700
2011-11-03,33000,33580,32950,33530,204800
2011-11-04,33580,33660,33390,33390,68600
2011-11-07,33560,33700,33500,33690,104800
2011-11-08,33700,33880,33700,33840,89300
2011-11-09,33860,33860,33690,33850,103300
2011-11-10,33600,33670,33430,33500,95400
2011-11-11,33700,33810,33600,33810,189200
2011-11-14,33800,33920,33725,33840,179600
2011-11-15,33760,33830,33660,33820,153800
2011-11-16,33850,34020,33800,33975,131000
2011-11-17,33980,34007,33700,33820,92400
2011-11-18,33550,33674,33410,33450,126300
2011-11-21,33440,33504,33250,33420,141900
2011-11-22,33470,33480,33261,33380,176200
2011-11-23,33400,33431.72,33291,33410,170600
2011-11-24,33400,33410,33110,33180,136700
2011-11-25,33180,33429,32970,33200,217900
2011-11-28,33200,33430,33160,33420,159400
2011-11-29,33470,33490,33337,33490,101900
2011-11-30,33520,34060,33310,34060,215900
2011-12-01,34080,34180,34010,34050,140800
2011-12-02,34110,34330,34030,34030,118200
2011-12-05,34270,34270,33340,33340,421500
2011-12-06,33900,33970,33800,33800,159700
2011-12-07,33850,33914,33650,33860,198400
2011-12-08,33890,33890,33560,33650,157800
2011-12-09,33680,33810,33527,33810,166600
2011-12-12,33780,33840,33660,33670,119300
2011-12-13,33660,33739,33560,33600,159500
2011-12-14,33540,33710,33380,33480,171600
2011-12-15,33480,33560,33160,33470,219000
2011-12-16,33400,33490,33150,33430,342600
2011-12-19,33160,33420,33160,33260,78900
2011-12-20,33280,33380,32980,33250,165100
2011-12-21,33390,33440,33300,33300,176100
2011-12-22,33410,33420,33260,33260,181200
2011-12-23,33500,33533.54,33367,33425,57800
2011-12-28,33480,33480,33368.13,33480,51200
2011-12-29,33460,33500,33350,33350,73600
2011-12-30,33460,33468.75,33415.34,33455,17500
2012-01-03,33660,33770,33510,33760,200800
2012-01-04,33800,33840,33660,33790,271200
2012-01-05,33800,33890,33740,33740,100300
2012-01-06,33740,33870,33740,33850,113400
2012-01-09,33760,33931,33760,33930,149100
2012-01-10,33930,33950,33819.52,33950,120900
2012-01-11,33940,34090,33800,34090,197600
2012-01-12,34090,34090,33860,33950,81900
2012-01-13,33910,34090,33800,33890,142500
2012-01-16,33810,34100,33800,33800,108700
2012-01-17,34170,34170,33900,33995,144800
2012-01-18,34000,34150,33900,34100,160500
2012-01-19,34130,34150,33795,34090,177000
2012-01-20,34080,34080,33750,33960,162400
2012-01-23,34050,34050,33810,33980,164100
2012-01-24,33910,33972,33760,33900,125300
2012-01-25,33950,33950,33700,33820,190900
2012-01-26,33960,34206.86,33810,34070,195700
2012-01-27,34200,34280,34000,34260,178200
2012-01-30,34260,34260,34011,34100,163000
2012-01-31,34230,34230,34105,34210,123300
2012-02-01,34230,34320,34150,34300,222700
2012-02-02,34300,34300,34155,34250,171500
2012-02-03,34280,34370,34197.73,34270,250200
2012-02-06,34340,34390,34130,34390,218200
2012-02-07,34300,34390,34250,34390,175400
2012-02-08,34370,34386,34200,34200,102300
2012-02-09,34370,34370,34250,34250,155900
2012-02-10,34310,34360,34150,34260,205800
2012-02-13,34300,34391,34250,34390,180700
2012-02-14,34400,34490,34370,34400,131000
2012-02-15,34440,34580,34440,34550,300700
2012-02-16,34450,34519.23,34410,34450,73300
2012-02-17,34540,34573,34330,34540,152100
2012-02-20,34580,34600,34500.45,34600,129500
2012-02-21,34590,34729,34510,34700,314100
2012-02-22,34730,34900,34670,34880,292300
2012-02-23,34900,35000,34730,34990,186400
2012-02-24,34940,35150,34750,35150,183900
2012-02-27,35050,35189,34870,34930,148200
2012-02-28,35300,35650,35070,35350,202000
2012-02-29,35480,35490,35000,35130,248900
2012-03-01,35130,35250,35080,35150,129100
2012-03-02,35160,35279.79,35100,35100,118700
2012-03-05,35280,35300,35100,35130,163400
2012-03-06,35100,35270,34930,35000,182200
2012-03-07,34900,34900,34700,34840,167400
2012-03-08,34900,35000,34870,34880,169400
2012-03-09,34990,34990,34880,34990,94800
2012-03-12,34910,34950,34810,34865,220400
2012-03-13,34930,34950.5,34800,34930,235600
2012-03-14,34980,34980,34690,34690,325500
2012-03-15,34690,34690,34410,34500,202100
2012-03-16,34450,34570,34410,34410,381700
2012-03-19,34580,34580,34250,34250,187800
2012-03-20,34290,34360,34150,34180,172800
2012-03-21,34160,34390,34160,34300,137100
2012-03-22,34370,34370,34100,34200,218000
2012-03-23,34400,34405,34150,34300,156200
2012-03-26,34300,34410,34210,34210,154900
2012-03-27,34420,34460,34250,34460,156100
2012-03-28,34360,34460,34210,34420,140100
2012-03-29,34350,34450,34260,34440,131000
2012-03-30,34310,34440,34188.89,34250,127400
2012-04-02,34290,34400,34070,34150,441500
2012-04-03,34220,34390,34090,34100,429200
2012-04-04,34300,34400,34200,34270,265700
2012-04-05,34330,34380,34050,34120,487700
2012-04-10,34010,34156.2,33900,33960,300500
2012-04-11,33910,33998.5,33700,33900,304300
2012-04-12,34000,34100,33820,33950,191600
2012-04-13,34160,34190,33950,33950,198600
2012-04-16,33960,34230,33820,34160,356500
2012-04-17,34200,34269,34050,34190,221000
2012-04-18,34210,34263,34180,34210,187000
2012-04-19,34210,34240,34060,34060,264400
2012-04-20,34100,34180,34050.83,34100,166000
2012-04-23,34210,34210,33850,33910,166900
2012-04-24,33940,34020,33820,33960,191200
2012-04-25,34000,34083.6,33940,33950,158300
2012-04-26,34040,34230,34009,34110,122900
2012-04-27,34100,34208.15,34100,34110,256300
2012-04-30,34170,34200,34062.5,34070,97300
2012-05-01,34020,34390,34020,34380,211200
2012-05-02,34380,34380,34100,34250,302300
2012-05-03,34250,34369,34121,34180,162400
2012-05-04,34230,34250,33930,33950,204700
2012-05-08,33910,34086.84,33690,33690,199100
2012-05-09,33730,33839,33400,33520,218100
2012-05-10,33560,33640.1,33481.2,33500,172600
2012-05-11,33530,33850,33530,33850,262600
2012-05-14,33700,33750,33550,33690,214300
2012-05-15,33680,33680,33451,33540,172200
2012-05-16,33540,33620,33420,33430,82000
2012-05-17,33540,33612.5,33260,33400,142400
2012-05-18,33340,33600,33250,33520,99000
2012-05-21,33450,33560,33370,33410,161300
2012-05-22,33510,33629,33450,33510,247500
2012-05-23,33510,33570,33223.23,33250,263300
2012-05-24,33500,33660,33270,33610,166800
2012-05-25,33600,33670,33460,33640,230100
2012-05-28,33690,33869,33690,33770,143400
2012-05-29,33800,33890,33750,33830,89300
2012-05-30,33830,33830,33610,33740,236700
2012-05-31,33800,33890,33725,33790,163700
2012-06-01,33800,33900,33790,33790,146500
2012-06-06,33910,34110,33825,34080,191200
2012-06-07,34080,34410,34054,34320,201500
2012-06-08,34120,34410,34050,34140,160400
2012-06-11,34290,34490,34180,34240,239000
2012-06-12,34130,34190,33900,34090,240100
2012-06-13,34130,34340,34042.24,34340,190000
2012-06-14,34320,34550,34200,34450,264800
2012-06-15,34180,36000,34160,36000,716100
2012-06-18,34480,34648.18,34321,34350,337600
2012-06-19,34590,34700,34360,34700,186400
2012-06-20,34590,34610,34350,34420,199500
2012-06-21,34610,34610,34350,34350,226500
2012-06-22,34200,34400,33960,33960,144300
2012-06-25,34130,34189,33828.8,33900,199200
2012-06-26,34000,34079,33950,34000,186000
2012-06-27,33950,34200,33950,34190,154100
2012-06-28,34270,34270,33910,33910,158000
2012-06-29,34430,34430,34151,34330,143500
2012-07-02,34300,34580,34270,34400,158800
2012-07-03,34550,34770,34389.82,34770,306000
2012-07-04,34800,34870,34713.21,34800,70700
2012-07-05,34830,35020,34800,34890,161500
2012-07-06,34860,34900,34700,34760,127000
2012-07-09,34700,34800,34600,34600,152800
2012-07-10,34720,34829,34630,34730,211100
2012-07-11,34650,34730,34500,34500,136100
2012-07-12,34500,34548.33,34400,34520,115600
2012-07-13,34520,34780,34507,34770,281300
2012-07-16,34790,34790,34599,34630,195700
2012-07-17,34750,34750,34450,34520,127500
2012-07-18,34560,34670,34550,34590,229500
2012-07-19,34710,34733.14,34620,34660,198300
2012-07-20,34660,34809,34507,34550,89200
2012-07-23,34500,34550,34100,34500,225500
2012-07-24,34500,34570,34450,34450,134400
2012-07-25,34570,34627.85,34420,34500,160800
2012-07-26,34520,34680,34480,34590,276100
2012-07-27,34640,34790,34587,34790,235000
2012-07-30,34720,34950,34699.55,34950,194600
2012-07-31,34950,35080,34940,34980,107700
2012-08-01,35010,35111,34951.63,35070,119300
2012-08-02,35190,35231.43,35050.01,35140,109300
2012-08-03,35140,35240,34990,35150,125900
2012-08-06,35210,35290,35160,35290,153900
2012-08-07,35330,35330,35158,35230,191100
2012-08-08,35250,35260,35100,35100,131300
2012-08-09,35190,35279,35100,35260,114900
2012-08-10,35160,35310,35150,35200,113100
2012-08-13,35240,35250,35140,35200,96500
2012-08-14,35220,35230,35161.15,35170,139900
2012-08-15,35170,35249,35037,35050,133900
2012-08-16,35090,35106.31,35010,35070,87000
2012-08-17,35110,35150,35079,35090,125900
2012-08-20,35110,35150,35010,35120,211700
2012-08-21,35140,35150,35031,35100,137200
2012-08-22,35100,35130,35000,35000,67700
2012-08-23,35050,35150,35015,35050,107900
2012-08-24,35110,35200,35031,35150,133000
2012-08-28,35200,35300,35101,35245,305600
2012-08-29,35210,35249,35160,35200,190900
2012-08-30,35150,35165,35000,35010,153200
2012-08-31,35150,35150,35031,35100,176400
2012-09-03,35160,35299,35126.56,35220,172000
2012-09-04,35200,35231,35135,35210,194500
2012-09-05,35020,35089.91,34915.13,35000,187000
2012-09-06,35020,35350,35020,35350,164400
2012-09-07,35340,35340,35150,35200,191200
2012-09-10,35280,35365.92,35100,35190,154000
2012-09-11,35190,35190,35006.11,35160,161900
2012-09-12,35250,35250,35070,35080,174500
2012-09-13,35050,35250,35010,35250,140000
2012-09-14,35400,35580,35321,35550,236400
2012-09-17,35550,35550,35379,35520,240500
2012-09-18,35530,35544.53,35410,35520,120500
2012-09-19,35550,35714.67,35459.41,35700,262900
2012-09-20,35660,35660,35410,35590,99300
2012-09-21,35660,35750,35510,35700,695600
2012-09-24,35550,35690,35450,35450,111300
2012-09-25,35570,35620,35500,35510,107000
2012-09-26,35500,35533,35395,35400,175700
2012-09-27,35500,35520,35356.67,35360,104600
2012-09-28,35500,35620,35468.57,35580,184300
2012-10-01,35650,35670,35450,35670,120400
2012-10-02,35680,35689,35550,35550,100100
2012-10-03,35640,35740,35560,35650,182600
2012-10-04,35810,35819,35700,35750,174800
2012-10-05,35800,35900,35600,35820,177200
2012-10-08,35880,35880,35775,35810,115600
2012-10-09,35840,35940,35780,35780,161500
2012-10-10,35740,35786,35620,35620,136200
2012-10-11,35650,35650,35500,35580,207000
2012-10-12,35580,35635,35400,35430,233300
2012-10-15,35450,35577,35401,35540,140800
2012-10-16,35630,35649,35450,35600,149400
2012-10-17,35620,35650,35520,35530,111900
2012-10-18,35550,35629,35500,35500,182400
2012-10-19,35490,35629,35410,35410,198100
2012-10-22,35360,35410.63,35300,35300,161100
2012-10-23,35350,35380,35045,35080,261200
2012-10-24,35100,35170,34970,35010,223100
2012-10-25,35090,35090,34880,34880,387300
2012-10-26,35090,35090,34772.27,34890,201300
2012-10-29,34840,34940.19,34750,34930,247300
2012-10-30,34920,34985,34873.84,34880,146700
2012-10-31,34900,35040,34801,35000,323300
2012-11-01,34950,35045,34904.14,35010,105000
2012-11-02,35090,35280,34960,34960,124400
2012-11-05,35100,35100.4,34921,35000,238900
2012-11-06,35000,35190,34990,35020,134500
2012-11-07,35240,35260,35020,35100,168300
2012-11-08,35130,35179,34950,34950,142900
2012-11-09,34950,35169,34900,34900,186300
2012-11-12,35090,35210,35036,35210,182400
2012-11-13,35200,35200,34970,34980,97100
2012-11-14,35190,35190,34950,34950,136700
2012-11-15,35160,35160,34800,34970,160800
2012-11-16,34870,34925.71,34600,34600,210500
2012-11-19,34790,34979,34685,34950,122500
2012-11-20,34850,35019,34850,34970,195100
2012-11-21,35010,35010,34906,34980,224900
2012-11-22,35030,35077.5,34980,35040,92200
2012-11-23,35090,35110,35005.93,35110,109600
2012-11-26,35200,35219,35100,35150,122800
2012-11-27,35170,35239,35160,35220,193200
2012-11-28,35150,35250,34967.31,35050,204400
2012-11-29,35150,35302.4,35137.5,35160,167600
2012-11-30,35200,35259,35200,35200,109800
2012-12-03,35210,35300,35050,35050,142900
2012-12-04,35010,35100,34960,34960,227400
2012-12-05,34980,34980,34770,34770,173000
2012-12-06,34900,34979,34620,34620,135800
2012-12-07,34890,34990,34642.78,34980,135400
2012-12-10,34970,35020,34810,34810,198200
2012-12-11,34820,34950,34810,34880,165000
2012-12-12,34980,34990,34748.96,34830,196100
2012-12-13,34820,34830,34750,34750,134600
2012-12-14,34750,34850,34690,34690,145700
2012-12-17,34680,34799,34500,34550,195700
2012-12-18,34700,34800,34551,34570,322100
2012-12-19,34610,34610,34400,34400,260600
2012-12-20,34430,34559,34210,34210,191600
2012-12-21,34210,34436.09,33800,33800,342500
2012-12-24,34490,34490,34211,34380,56900
2012-12-27,34380,34460,34310,34380,105100
2012-12-28,34400,34480,34305,34345,27300
2012-12-31,34280,34295,34150,34290,84300
2013-01-02,34410,34450,34327.74,34400,256800
2013-01-03,34420,34600,34420,34590,188000
2013-01-04,34510,34582.62,34482,34560,246000
2013-01-07,34640,34640,34550,34570,176600
2013-01-08,34550,34610,34450,34450,99300
2013-01-09,34490,34530,34466,34490,251500
2013-01-10,34480,34501,34390,34390,205600
2013-01-11,34450,34507,34430,34430,143400
2013-01-14,34450,34470,34300,34300,249500
2013-01-15,34330,34450,34250,34250,261700
2013-01-16,34270,34330,34230,34230,282400
2013-01-17,34550,34850,34490,34730,194900
2013-01-18,34830,34970,34775.4,34890,425300
2013-01-21,35050,35139,34972,35120,366200
2013-01-22,35170,35320,35100,35320,423000
2013-01-23,35330,35400,35210,35220,173400
2013-01-24,35210,35350,35210,35270,141600
2013-01-25,35310,35390,35251.09,35310,141200
2013-01-28,35390,35435,35301.98,35430,188600
2013-01-29,35470,35470,35260,35260,182500
2013-01-30,35440,35440,35250,35250,216500
2013-01-31,35250,35305,35140,35240,168000
2013-02-01,35140,35364,35140,35330,185600
2013-02-04,35430,35470,35370,35370,213500
2013-02-05,35400,35580,35352.13,35580,155500
2013-02-06,35550,35640,35530,35530,184000
2013-02-07,35540,35590,35460,35460,164900
2013-02-08,35480,35501,35400,35400,252800
2013-02-11,35500,35526.67,35420,35420,181700
2013-02-12,35420,35540,35420,35500,166100
2013-02-13,35500,35700,35450,35600,172700
2013-02-14,35600,35700,35550,35570,191300
2013-02-15,35570,35790,35524.12,35530,159100
2013-02-18,35550,35650,35520,35520,102000
2013-02-19,35530,35622.5,35510,35540,164000
2013-02-20,35560,35912.5,35560,35800,164600
2013-02-21,35700,35740,35555,35560,261400
2013-02-22,35590,35810,35590,35740,110300
2013-02-25,35720,36095,35700,35930,199400
2013-02-26,35800,35913,35660,35750,279700
2013-02-27,35920,35949,35781,35920,139800
2013-02-28,35980,35980,35810,35960,185200
2013-03-01,35990,36080,35853.33,35990,145400
2013-03-04,36100,36150,35990,36150,312400
2013-03-05,36120,36171.2,36030,36100,262000
2013-03-06,35940,36134,35900,36010,192500
2013-03-07,35980,36170,35976,36070,344600
2013-03-08,36100,36150,36063,36080,171600
2013-03-11,36080,36380,36050,36200,272900
2013-03-12,36210,36364.75,36190.85,36270,218100
2013-03-13,36260,36260,36145.5,36210,244000
2013-03-14,36200,36235,36103.5,36200,258900
2013-03-15,36210,36230,35810,35810,454400
2013-03-18,36000,36050,35833.43,36050,312500
2013-03-19,36030,36260,36000,36220,285600
2013-03-20,36280,36390,36130,36150,357600
2013-03-21,36210,36250,36100,36240,307500
2013-03-22,36190,36250,36100,36250,260400
2013-03-25,36200,36270,36121,36170,393700
2013-03-26,36320,36320,36100,36190,314800
2013-03-27,36270,36350,36160,36300,315200
2013-03-28,36380,36450,36300,36370,324200
2013-04-02,36410,36520,36371,36520,221900
2013-04-03,36410,36530,36400,36530,296400
2013-04-04,36530,36530,36150,36250,844300
2013-04-05,36370,36370,35950,35950,207600
2013-04-08,36150,36190,35960,35960,223500
2013-04-09,36150,36280,36017.94,36020,217300
2013-04-10,36180,36305,36121.08,36220,232800
2013-04-11,36200,36300.03,36190,36200,200500
2013-04-12,36200,36233.68,35910,35910,209400
2013-04-15,35920,35920,35443.33,35460,380800
2013-04-16,35460,35491.83,35327.73,35400,236900
2013-04-17,35410,35485,35340,35340,246300
2013-04-18,35500,35585,35330,35410,161600
2013-04-19,35390,35500,35250,35250,264400
2013-04-22,35390,35544,35364.4,35430,342300
2013-04-23,35430,35770,35430,35770,193900
2013-04-24,35710,35760,35601.28,35760,188000
2013-04-25,35690,35730.85,35680,35680,113900
2013-04-26,35650,35850,35560,35780,194900
2013-04-29,35780,35790,35550,35690,217000
2013-04-30,35700,35757.69,35570,35700,182900
2013-05-01,35700,35739,35605.58,35700,113600
2013-05-02,35560,35610,35510,35590,147400
2013-05-03,35550,35765,35550,35700,353500
2013-05-07,35770,35770,35666.37,35700,206900
2013-05-08,35750,35814,35720,35750,128000
2013-05-09,35740,35840,35700,35840,132300
2013-05-10,35800,35830,35780,35800,143700
2013-05-13,35800,35857.6,35750,35800,212600
2013-05-14,35800,36030,35750,36000,198100
2013-05-15,35910,36017,35900,35900,219400
2013-05-16,35920,36069,35860,35970,159800
2013-05-17,35820,35989,35820,35830,228100
2013-05-20,35910,35989,35815.79,35880,230300
2013-05-21,35880,35979,35830,35850,208900
2013-05-22,35950,36153.81,35890,36050,479900
2013-05-23,35900,36015,35830,35890,180700
2013-05-24,35890,36050,35590,35590,214700
2013-05-28,35940,36061,35710,36060,240500
2013-05-29,36000,36044,35860,35860,206900
2013-05-30,35840,35860,35720,35800,177600
2013-05-31,35760,35812,35610,35720,81800
2013-06-03,35670,35670,35400,35400,262700
2013-06-04,35600,35639,35425,35530,86600
2013-06-05,35530,35629,35350,35350,170800
2013-06-06,35320,35322,35090,35090,249000
2013-06-07,35110,35250,34940.54,35200,388100
2013-06-10,35280,35280,34940,34940,264700
2013-06-11,34940,34946,34548.64,34550,299400
2013-06-12,34560,34722.5,34550,34550,135700
2013-06-13,34410,34640,34300,34500,305200
2013-06-14,34540,34755,34480,34490,246000
2013-06-17,34510,34800,34510,34800,225300
2013-06-18,34700,34820,34700,34820,119500
2013-06-19,34650,34746,34650,34700,191800
2013-06-20,34510,34550,34000,34000,256500
2013-06-21,33980,34050,33700,33790,1030600
2013-06-24,33700,33767.5,33300,33300,424700
2013-06-25,33410,33640,33350,33500,213100
2013-06-26,33450,33500,33400,33400,224400
2013-06-27,33450,33798.89,33450,33740,281200
2013-06-28,33750,33820,33650,33650,208200
2013-07-01,33750,33960,33704,33960,206000
2013-07-02,33970,34055.6,33921,34040,155900
2013-07-03,34000,34001,33860,33870,208300
2013-07-04,33870,33950,33865,33950,344100
2013-07-05,33950,34050,33950,33980,315500
2013-07-08,34030,34945,33920,33920,327100
2013-07-09,33950,33989,33890,33920,283500
2013-07-10,33870,33970,33820,33900,343800
2013-07-11,33990,34240,33990,34240,135100
2013-07-12,34220,34330,34210,34330,162300
2013-07-15,34360,34555,34279.13,34520,290100
2013-07-16,34560,34560,34493.37,34520,152700
2013-07-17,34530,34570,34510,34570,140800
2013-07-18,34520,34546.4,34346.55,34530,169000
2013-07-19,34520,34530,34346.23,34520,131800
2013-07-22,34550,34600,34424.38,34590,142700
2013-07-23,34560,34688.8,34528.13,34590,217300
2013-07-24,34580,34700,34525,34530,379300
2013-07-25,34500,34545,34390,34390,251400
2013-07-26,34410,34493.3,34300,34300,253100
2013-07-29,34320,34460,34300.56,34310,200600
2013-07-30,34380,34425,34318,34390,112400
2013-07-31,34340,34600,34325,34400,193000
2013-08-01,34450,34680,34450,34600,132400
2013-08-02,34610,34633.2,34500,34500,175600
2013-08-05,34550,34720,34370.15,34430,169500
2013-08-06,34410,34469,34225,34310,141900
2013-08-07,34210,34350,34050,34050,387300
2013-08-08,34050,34110,34020,34030,99000
2013-08-09,34200,34200,34000,34000,119900
2013-08-12,34110,34220,34051,34200,167000
2013-08-13,34210,34385,34200.01,34300,161300
2013-08-14,34300,34375,34110,34110,159200
2013-08-15,34150,34150.1,33800,33900,268800
2013-08-16,33840,34002.08,33815,33850,191200
2013-08-19,34050,34050,33818,33850,161100
2013-08-20,33800,33968,33754,33790,85100
2013-08-21,33800,33950,33740,33740,119100
2013-08-22,33750,33910,33750,33800,67400
2013-08-23,33850,33905,33750,33770,133000
2013-08-27,33890,34040,33792.31,34040,193200
2013-08-28,33900,34110,33886.23,34110,165400
2013-08-29,34150,34180,34039.2,34110,134600
2013-08-30,34050,34189.11,34000,34000,121300
2013-09-02,34190,34230,34000,34000,211900
2013-09-03,34010,34110,33900,33900,156000
2013-09-04,33800,33850,33700,33720,149400
2013-09-05,33810,33876.55,33250,33250,391400
2013-09-06,33500,33525,33283,33500,135200
2013-09-09,33360,33584,33360,33510,94000
2013-09-10,33500,33614,33500,33510,141000
2013-09-11,33630,33630,33460,33460,102000
2013-09-12,33500,33561.06,33400,33400,156100
2013-09-13,33420,33489,33320,33320,129000
2013-09-16,33310,33500,33295.72,33310,233400
2013-09-17,33500,33500,33270,33270,256100
2013-09-18,33270,33480,33200,33340,175300
2013-09-19,33550,33800,33460,33500,276600
2013-09-20,33500,33784,33400,33400,334700
2013-09-23,33650,33650,33370,33370,92200
2013-09-24,33500,33720,33420,33520,140400
2013-09-25,33460,33573.16,33370,33380,135100
2013-09-26,33440,33557.37,33150,33150,240900
2013-09-27,33150,33385.11,33110,33110,168700
2013-09-30,32970,33208,32950,32960,219500
2013-10-01,33010,33098,32900,32900,164600
2013-10-02,32920,33000,32750,32750,267100
2013-10-03,32850,32850,32700,32700,222300
2013-10-04,32720,32850,32635,32700,234100
2013-10-07,32700,32790,32608,32790,204400
2013-10-08,32780,32790,32640,32640,182200
2013-10-09,32610,32750,32562.17,32580,199400
2013-10-10,32800,32860,32602,32750,132600
2013-10-11,32750,32900,32700,32810,208600
2013-10-14,32850,32910,32810,32860,227600
2013-10-15,32980,33146,32900,33100,202400
2013-10-16,33150,33150,33000,33100,161500
2013-10-17,33100,33200,33060,33120,188400
2013-10-18,33200,33300,33110,33170,142700
2013-10-21,33350,33350,33210,33300,165400
2013-10-22,33350,33500,33275,33480,176000
2013-10-23,33400,33499,33348.59,33350,150000
2013-10-24,33360,33490,33273.18,33340,201600
2013-10-25,33370,33450,33320,33320,236100
2013-10-28,33350,33478,33343.94,33360,163400
2013-10-29,33370,33590,33350,33500,289300
2013-10-30,33500,33690,33500,33510,227200
2013-10-31,33510,33710,33500,33660,424900
2013-11-01,33660,33700,33491,33550,207400
2013-11-04,33660,33830,33614.09,33750,318400
2013-11-05,33850,33850,33760,33800,241000
2013-11-06,33850,33890,33780,33780,145800
2013-11-07,33910,33940,33750,33750,125000
2013-11-08,33650,33900,33610,33700,127300
2013-11-11,33950,33950,33700,33700,108000
2013-11-12,33720,33800,33600,33600,224600
2013-11-13,33670,33700,33510,33510,329600
2013-11-14,33610,33680,33549,33590,116900
2013-11-15,33650,33720,33520,33580,235100
2013-11-18,33600,33720,33550,33550,188400
2013-11-19,33550,33560,33460,33460,127100
2013-11-20,33460,33461,33300,33300,206800
2013-11-21,33430,33430,33130,33130,167800
2013-11-22,33170,33215,32930,32930,226900
2013-11-25,33370,33370,32918.59,33200,217500
2013-11-26,33080,33190,32910,33000,230600
2013-11-27,33020,33140,32900,32900,124100
2013-11-28,32910,33054.83,32630,32630,268600
2013-11-29,32800,32800,32330,32350,616500
2013-12-02,32610,32610,32340,32370,247700
2013-12-03,32390,32590.5,32310,32310,106300
2013-12-04,32220,32479.96,32210,32210,105700
2013-12-05,32210,32440,32010,32010,161900
2013-12-06,32390,32390,32040,32200,282600
2013-12-09,32370,32540,32211.67,32300,332700
2013-12-10,32400,32600,32332,32410,236400
2013-12-11,32400,32580,32380,32380,232000
2013-12-12,32430,32503.5,32210,32210,247600
2013-12-13,32220,32400,32190,32190,196400
2013-12-16,32220,32422,32190,32220,153000
2013-12-17,32220,32400,32200,32210,140000
2013-12-18,32260,32420,32180,32180,138700
2013-12-19,32210,32385,32060,32060,237900
2013-12-20,32050,32330,32040,32150,279000
2013-12-23,32150,32293.2,32100,32100,98800
2013-12-24,32120,32285.96,32120,32120,17300
2013-12-27,32350,32350,32129.23,32150,71600
2013-12-30,32150,32340,32110,32110,98900
2013-12-31,32110,32267.5,32108.2,32130,97700
2014-01-02,32170,32280,32113.57,32140,185000
2014-01-03,32150,32300,32146.8,32190,176900
2014-01-06,32190,32351.74,32169,32170,129700
2014-01-07,32160,32300,32160,32160,192500
2014-01-08,32160,32270,32040,32040,253700
2014-01-09,32050,32175.2,31950,31960,497100
2014-01-10,31960,32250,31960,32160,208100
2014-01-13,32140,32400,32099,32320,353700
2014-01-14,32320,32344,32126.4,32250,144100
2014-01-15,32250,32356.25,32157.69,32250,290600
2014-01-16,32200,32413.2,32200,32280,230500
2014-01-17,32280,32424.14,32240,32270,201900
2014-01-20,32380,32500,32265,32380,282000
2014-01-21,32460,32474.39,32260,32330,139800
2014-01-22,32470,32482,32300,32310,166100
2014-01-23,32500,32500,32250,32260,146100
2014-01-24,32290,32450,32200,32220,227100
2014-01-27,32120,32430,32090,32100,195700
2014-01-28,32440,32440,32100,32100,208000
2014-01-29,32120,32235.6,32050,32060,114900
2014-01-30,32060,32113.8,31980,31980,178000
2014-01-31,32070,32100,31860,31860,298000
2014-02-03,31870,32140,31870,32090,298500
2014-02-04,31900,32130,31810.88,31900,161100
2014-02-05,31810,32140,31810,31890,115400
2014-02-06,31950,32140,31890,32140,81800
2014-02-07,32140,32150,31950,32150,202900
2014-02-10,32020,32308.8,32020,32290,118400
2014-02-11,32240,32580,32218.11,32580,195900
2014-02-12,32340,32500,32273.52,32280,330800
2014-02-13,32260,32340,32100,32200,166100
2014-02-14,32300,32390,32179.13,32360,92800
2014-02-17,32360,32600,32320,32590,156500
2014-02-18,32410,32590,32410,32530,135800
2014-02-19,32400,32590,32350,32490,211000
2014-02-20,32400,32580,32380,32540,124300
2014-02-21,32640,32640,32510,32550,342300
2014-02-24,32540,32690,32492.08,32680,217000
2014-02-25,32630,33160,32605.5,33160,355000
2014-02-26,32630,32906.77,32630,32800,162600
2014-02-27,32580,32750.63,32574.5,32680,157600
2014-02-28,32680,32950,32674,32760,264900
2014-03-03,32710,32784,32670.9,32740,191300
2014-03-04,32740,33040,32737.6,32960,211800
2014-03-05,32680,33350,32680,33350,348100
2014-03-06,33310,33559.88,33210,33470,268300
2014-03-07,33540,33581,33400,33450,121500
2014-03-10,33400,33600,33355,33410,135800
2014-03-11,33560,33620,33450,33600,79500
2014-03-12,33580,33600,33407.92,33560,174100
2014-03-13,33360,33576.66,33360,33400,113500
2014-03-14,33350,33620,33320,33450,289800
2014-03-17,33480,33720,33480,33720,281400
2014-03-18,33550,33700,33550,33650,199200
2014-03-19,33650,33697.2,33560,33670,173300
2014-03-20,33650,33650,33400,33420,296000
2014-03-21,33410,33720,33410,33600,250700
2014-03-24,33740,33740,33400,33450,203200
2014-03-25,33460,33620,33374.69,33450,208400
2014-03-26,33500,33660,33487.5,33600,221400
2014-03-27,33600,33600,33389.84,33510,137000
2014-03-28,33480,33550,33374,33450,302600
2014-03-31,33640,33640,33401.16,33450,294600
2014-04-01,33460,33570,33450,33550,146800
2014-04-02,33510,33621.2,33500,33570,200000
2014-04-03,33500,33570,33410,33500,171800
2014-04-04,33500,33588.8,33477.2,33580,101400
2014-04-07,33450,33556.3,33270,33300,316100
2014-04-08,33320,33393.79,33101,33300,264800
2014-04-09,33450,33580,33320,33480,197700
2014-04-10,33560,33650,33512.5,33600,235200
2014-04-11,33400,33600,33400,33600,94300
2014-04-14,33520,33550,33310,33510,184400
2014-04-15,33530,33632.4,33350,33390,64300
2014-04-16,33530,33611.9,33400,33500,177300
2014-04-17,33500,33650,33450,33650,175400
2014-04-22,33640,33640,33480.4,33570,129600
2014-04-23,33520,33550,33500,33540,305100
2014-04-24,33530,33614.18,33405.63,33460,246800
2014-04-25,33450,33575,33310,33360,205200
2014-04-28,33360,33510,33300,33300,149800
2014-04-29,33320,33382.6,33300,33300,139600
2014-04-30,33330,33490,33190,33190,255500
2014-05-01,33240,33310,33220,33250,85200
2014-05-02,33270,33380.8,33210,33210,113100
2014-05-06,33200,33430,33200,33200,146300
2014-05-07,33200,33310,33100,33100,185100
2014-05-08,33200,33290.36,33130,33130,204300
2014-05-09,33140,33250,32910,32920,219200
2014-05-12,32950,33200,32950,33080,188300
2014-05-13,33140,33272.36,33087.62,33180,162200
2014-05-14,33270,33320,33160,33200,130500
2014-05-15,33220,33380,33164.5,33260,223300
2014-05-16,33300,33380,33210,33270,154400
2014-05-19,33300,33380,33230,33230,225800
2014-05-20,33260,33330,33160,33160,117900
2014-05-21,33230,33320,33180,33280,103500
2014-05-22,33150,33325.4,33150,33250,117200
2014-05-23,33300,33389.33,33210,33280,133100
2014-05-27,33330,33369.99,33210,33320,184700
2014-05-28,33380,33380.17,33210,33300,160100
2014-05-29,33250,33350,33200,33200,151400
2014-05-30,33200,33370,33200,33370,100800
2014-06-02,33220,33390,33220,33340,87900
2014-06-03,33330,33390,33290,33290,84800
2014-06-04,33330,33370,33280,33280,150500
2014-06-05,33270,33349.2,33270,33270,147600
2014-06-06,33270,33410,33270,33410,119400
2014-06-09,33290,33362,33280,33320,170800
2014-06-10,33290,33418.41,33290,33370,202100
2014-06-11,33290,33390,33290,33390,105900
2014-06-12,33300,33475.6,33300,33400,120800
2014-06-13,33320,33410,33300,33300,143900
2014-06-16,33490,33490,33210,33210,136600
2014-06-17,33270,33340,33150,33150,215800
2014-06-18,33050,33180,33050,33170,203500
2014-06-19,33190,33300,33073,33300,178100
2014-06-20,33340,33466.7,33300.4,33450,345700
2014-06-23,33380,33450,33360,33360,114400
2014-06-24,33380,33440,33360,33380,198100
2014-06-25,33450,33450,33290,33290,170600
2014-06-26,33430,33440,33304.62,33430,112900
2014-06-27,33430,33430,33300,33300,99800
2014-06-30,33430,33430,33326.67,33420,107000
2014-07-01,33370,33590,33370,33520,159000
2014-07-02,33680,33780,33555.22,33710,162600
2014-07-03,33750,33750,33602.8,33610,192900
2014-07-04,33710,33710,33600,33660,230200
2014-07-07,33580,33770,33579,33620,146800
2014-07-08,33710,33744.64,33592.5,33640,150000
2014-07-09,33780,33783.08,33593,33660,213500
2014-07-10,33660,33812.5,33642.06,33790,223900
2014-07-11,33720,33790,33660,33790,157200
2014-07-14,33640,33859.24,33640,33740,137500
2014-07-15,33650,33855.04,33650,33710,70600
2014-07-16,33720,33802.27,33700,33720,144200
2014-07-17,33800,33810,33720,33800,179200
2014-07-18,33670,33860,33610,33860,153700
2014-07-21,33840,33887.7,33670,33860,135800
2014-07-22,33730,33930,33730,33930,236200
2014-07-23,33930,33980,33800,33980,241100
2014-07-24,33870,33972.9,33825,33940,217600
2014-07-25,33890,33910,33850,33890,79800
2014-07-28,33870,33950,33790,33950,181000
2014-07-29,33940,34010,33869.6,33970,123700
2014-07-30,33980,33980.1,33850,33890,193000
2014-07-31,33860,33904.44,33690,33690,225300
2014-08-01,33650,33690,33450,33650,209300
2014-08-04,33570,33685.05,33560,33600,116900
2014-08-05,33610,33650,33550,33560,111300
2014-08-06,33550,33581.9,33390,33400,173400
2014-08-07,33460,33620,33410,33450,88000
2014-08-08,33550,33600,33450,33580,161200
2014-08-11,33600,33700,33480,33650,187900
2014-08-12,33660,33750,33630.8,33750,92300
2014-08-13,33730,33790,33620,33790,146000
2014-08-14,33750,34100,33720,34040,191900
2014-08-15,34100,34100,33960,34055,194600
2014-08-18,34100,34190,34061,34160,185900
2014-08-19,34190,34300,34114.4,34250,123500
2014-08-20,34230,34300,34170,34170,117600
2014-08-21,34280,34290,34199.4,34210,114000
2014-08-22,34300,34300,34215.9,34220,105200
2014-08-26,34300,34350,34250,34350,182000
2014-08-27,34390,34400,34250,34330,97700
2014-08-28,34380,34380,34210,34300,174100
2014-08-29,34210,34340,34210,34300,119900
2014-09-01,34350,34408.8,34210,34350,166100
2014-09-02,34260,34400,34260,34350,169900
2014-09-03,34250,34350,34120,34150,192800
2014-09-04,34350,34351.3,34170,34280,200700
2014-09-05,34320,34320,34160,34280,161800
2014-09-08,34280,34340,34200,34260,192100
2014-09-09,34250,34330,34170,34200,195400
2014-09-10,34190,34270,34140,34140,122800
2014-09-11,34290,34310,34140,34140,88800
2014-09-12,34150,34250,34120,34190,220200
2014-09-15,34100,34230,33920,34000,235500
2014-09-16,34020,34025,33862.8,33980,197100
2014-09-17,34000,34000,33873,33880,106900
2014-09-18,33870,33960,33794,33900,137000
2014-09-19,34000,34020,33839.2,33990,372800
2014-09-22,33860,33954.55,33770,33770,132100
2014-09-23,33790,33874.5,33780,33790,107700
2014-09-24,33990,33990,33720,33720,140800
2014-09-25,33780,33804.8,33710,33730,88900
2014-09-26,33660,33732,33460,33580,245400
2014-09-29,33630,33750,33600,33750,74500
2014-09-30,33750,33750,33580,33580,68900
2014-10-01,33580,33741.5,33450,33450,100100
2014-10-02,33550,33618.4,33450,33450,145000
2014-10-03,33640,33640,33470,33640,76700
2014-10-06,33500,33650,33451.7,33620,253900
2014-10-07,33450,33620,33450,33620,103500
2014-10-08,33650,33840,33436,33750,177700
2014-10-09,33880,33970,33750,33890,206200
2014-10-10,33810,33923.2,33800,33870,177600
2014-10-13,33800,33899.8,33750,33750,169500
2014-10-14,33800,33880,33740,33820,138700
2014-10-15,33820,33900,33600,33620,348100
2014-10-16,33580,33708,33470,33650,239500
2014-10-17,33680,33749.6,33550,33700,240100
2014-10-20,33700,33740,33550,33700,133100
2014-10-21,33750,33957.41,33630,33830,253200
2014-10-22,33870,33931.2,33830,33900,86300
2014-10-23,33950,33950,33850,33880,100000
2014-10-24,33840,33970,33840,33900,141000
2014-10-27,33910,33990,33880,33990,136900
2014-10-28,33900,33989,33800,33880,106500
2014-10-29,33900,34000,33880.46,34000,132400
2014-10-30,34000,34020,33887,34020,80400
2014-10-31,34160,34200,34060,34200,130000
2014-11-03,34100,34200,34060,34080,153300
2014-11-04,34090,34180,34080,34150,80900
2014-11-05,34160,34240,34130,34240,105800
2014-11-06,34150,34242.86,34150,34210,124100
2014-11-07,34220,34300,34140,34140,69900
2014-11-10,34140,34282.4,33990,34010,277300
2014-11-11,34150,34200,34050,34090,185400
2014-11-12,34050,34172.2,33710,34100,213300
2014-11-13,34190,34254.6,34114,34130,56100
2014-11-14,34200,34250,34110,34170,151500
2014-11-17,34120,34320,34119.8,34300,223500
2014-11-18,34350,34370,34216.77,34370,129400
2014-11-19,34320,34460,34320,34420,159000
2014-11-20,34390,34450,34310,34410,146100
2014-11-21,34390,34500,34330,34445,122600
2014-11-24,34500,34510,34400,34400,204800
2014-11-25,34510,34712.05,34430.7,34710,186700
2014-11-26,34710,34930,34600,34770,211400
2014-11-27,34950,35120,34845.6,34880,265900
2014-11-28,35000,35100,34850,35070,105300
2014-12-01,34860,35030,34850,34850,184200
2014-12-02,34790,35081.8,34790,34890,141600
2014-12-03,34890,35093.55,34800,35090,93100
2014-12-04,34910,34942.9,34700,34830,84500
2014-12-05,34950,35050,34824.62,35050,146100
2014-12-08,35050,35050,34750,35030,65300
2014-12-09,35000,35000,34794,34980,187100
2014-12-10,34820,34990,34780,34950,84800
2014-12-11,34900,34900,34642.56,34700,100000
2014-12-12,34650,34840,34640,34660,90500
2014-12-15,34510,34697.5,34510,34550,113800
2014-12-16,34620,34639.6,34260,34350,189900
2014-12-17,34360,34500,34310,34480,38100
2014-12-18,34640,34650,34529.8,34650,108700
2014-12-19,34720,34790,34619.5,34710,259400
2014-12-22,34800,34951.12,34719,34850,136700
2014-12-23,34820,34905,34810,34890,36000
2014-12-24,34900,34980,34850,34850,39500
2014-12-29,35000,35050,34830.4,34900,110400
2014-12-30,34900,35000,34810,34810,73400
2014-12-31,34850,34978,34840,34850,48900
2015-01-02,34850,34878.6,34675,34850,74900
2015-01-05,34840,35095.48,34830,34950,126400
2015-01-06,34850,35048.5,34832,34900,101900
2015-01-07,34940,35095.1,34850,35000,256500
2015-01-08,35100,35351,35030,35320,226300
2015-01-09,35340,35360,34960,34960,203900
2015-01-12,35200,35200,35004,35010,90700
2015-01-13,35180,35400,35060,35290,98800
2015-01-14,35000,35250,35000,35160,215600
2015-01-15,35250,35439,35200,35300,329400
2015-01-16,35400,35590,35260,35590,332000
2015-01-19,35630,35710,35436.4,35680,149200
2015-01-20,35710,35810,35600,35680,156900
2015-01-21,35730,35925,35707.84,35800,129700
2015-01-22,35950,36000,35820,35900,303700
2015-01-23,36100,36313.1,36077,36290,278100
2015-01-26,36100,36220,36060,36060,124700
2015-01-27,36060,36300,35700,35710,266000
2015-01-28,35940,35962,35712.8,35830,86200
2015-01-29,35820,35950,35650,35670,221500
2015-01-30,35720,35852.25,35700,35750,98400
2015-02-02,35650,35767,35610,35660,119700
2015-02-03,35790,35890,35662.5,35790,74100
2015-02-04,35900,35900,35655,35660,186000
2015-02-05,35610,35750,35610,35710,106700
2015-02-06,35650,35853.2,35580,35680,182900
2015-02-09,35700,35700,35460,35490,217600
2015-02-10,35500,35700,35410,35430,138900
2015-02-11,35510,35600,35400,35450,111000
2015-02-12,35500,35537.4,35320,35390,125200
2015-02-13,35310,35490,35300,35320,181500
2015-02-16,35290,35450,35260,35380,137100
2015-02-17,35260,35400,35256.98,35260,120800
2015-02-18,35260,35450,35150,35160,140300
2015-02-19,35250,35350,35160,35300,83200
2015-02-20,35160,35290,35120,35290,192600
2015-02-23,35330,35330,35110,35290,106900
2015-02-24,35150,35395,35150,35180,140500
2015-02-25,35250,35385.8,35190,35360,178600
2015-02-26,35340,35500,35230,35410,263900
2015-02-27,35500,35515.8,35310.14,35510,144000
2015-03-02,35430,35550,35400,35470,272200
2015-03-03,35550,35600,35420,35540,171300
2015-03-04,35430,35537.1,35390,35390,181900
2015-03-05,35400,35410,35180,35300,397600
2015-03-06,35260,35260,35100,35110,135600
2015-03-09,35100,35220,34800,34850,420900
2015-03-10,34890,34964.2,34740,34740,211300
2015-03-11,34850,34850,34300,34390,418800
2015-03-12,34370,34570,34360,34400,117000
2015-03-13,34400,34523.9,34314.24,34460,164600
2015-03-16,34500,34750,34464,34610,238200
2015-03-17,34680,34820,34594.26,34680,220600
2015-03-18,34710,35088,34691.1,34900,295100
2015-03-19,35000,35080,34910,34910,165600
2015-03-20,34900,35100,34750,35000,262000
2015-03-23,35000,35250,34900,35190,199800
2015-03-24,35190,35300,35050,35240,430400
2015-03-25,35240,35275,35060,35210,220400
2015-03-26,35050,35277.6,35050,35100,199500
2015-03-27,35110,35254,35050,35080,149900
2015-03-30,35110,35228.5,35040,35150,198900
2015-03-31,35050,35188.75,34990,35100,225600
2015-04-01,35050,35164.5,35000,35000,211000
2015-04-02,35200,35370,35150,35190,322600
2015-04-07,35240,35365,35205.63,35300,194100
2015-04-08,35250,35400,35120,35120,210800
2015-04-09,35290,35375,35177.5,35300,181300
2015-04-10,35360,35390,35130,35130,223100
2015-04-13,35400,35400,35101.6,35110,180500
2015-04-14,35280,35400,35100,35320,141500
2015-04-15,35440,35450,35150,35250,167000
2015-04-16,35280,35470,35200,35370,124600
2015-04-17,35250,35496.9,35190,35400,180100
2015-04-20,35190,35380,35190,35350,125700
2015-04-21,35340,35404.3,35206.94,35210,100200
2015-04-22,35470,35472.73,35110,35160,219200
2015-04-23,35120,35402.5,35120,35360,81900
2015-04-24,35360,35500,35200,35500,202500
2015-04-27,35300,35500,35200,35350,164400
2015-04-28,35250,35480,35210,35450,244200
2015-04-29,35160,35380,35160,35200,139600
2015-04-30,35190,35300,35070,35070,152700
2015-05-01,35020,35235,35000,35010,170400
2015-05-05,35290,35296,35100,35100,120200
2015-05-06,35010,35250,35010,35050,116200
2015-05-07,35010,35340,34960,35140,147100
2015-05-08,35300,35462.6,35111.15,35400,260600
2015-05-11,35340,35500,35290,35440,164100
2015-05-12,35390,35440,35130,35310,150000
2015-05-13,35130,35310,35130,35210,132100
2015-05-14,35110,35330,35095.2,35160,140400
2015-05-15,35320,35430,35137.7,35430,141300
2015-05-18,35420,35420,35100,35420,101500
2015-05-19,35320,35450,35200,35450,77900
2015-05-20,35350,35578.5,35350,35570,197200
2015-05-21,35400,35578,35400,35520,100200
2015-05-22,35550,35560,35400,35560,145000
2015-05-26,35700,35700,35414.69,35700,314600
2015-05-27,35700,35700,35422,35680,134400
2015-05-28,35680,35700,35460,35700,122300
2015-05-29,35700,35700,35468.6,35700,110500
2015-06-01,35570,35570,35450,35550,89200
2015-06-02,35600,35604.8,35410,35470,119500
2015-06-03,35530,35584,35407.08,35530,174100
2015-06-04,35510,35519.8,35170,35170,195000
2015-06-05,35150,35225,34970.88,35000,168000
2015-06-08,35040,35180.45,34710.43,34750,219700
2015-06-09,34900,34900,34700,34760,277100
2015-06-10,34830,34850,34725,34850,162500
2015-06-11,34860,34950,34774.8,34900,193300
2015-06-12,34840,34886,34750,34850,147300
2015-06-15,34730,34840,34702.16,34760,143200
2015-06-16,34750,34829.5,34500,34550,218800
2015-06-17,34610,34650,34575,34650,285900
2015-06-18,34500,34640,34450,34630,221300
2015-06-19,34550,34680,34280,34310,1442900
2015-06-22,34650,34700,34497.5,34580,148600
2015-06-23,34700,34748,34596,34602,123100
2015-06-24,34601,34698.02,34600,34600,106600
2015-06-25,34600,34650,34450,34450,87800
2015-06-26,34400,34515.53,34400,34400,116100
2015-06-29,34250,34400,34230,34300,87800
2015-06-30,34210,34300.92,34160,34160,159900
2015-07-01,34300,34476.41,34200,34300,134400
2015-07-02,34200,34400,34200,34400,69100
2015-07-03,34200,34300,34122.75,34282.5,93600
2015-07-06,34150,34400,34085.4,34272.5,92700
2015-07-07,34276,34391.6,34010,34010,177200
2015-07-08,34300,34332.5,34057.38,34150,142000
2015-07-09,34220,34324.4,34100,34100,129900
2015-07-10,34300,34470,34200,34250,79000
2015-07-13,34550,34550,34250,34270,129800
2015-07-14,34300,34660,34300,34350,130300
2015-07-15,34625,34690.6,34450,34460,101600
2015-07-16,34539.45,34661.14,34500,34604.5,64500
2015-07-17,34690,34799,34500,34527,318000
2015-07-20,34695,34695,34450,34450,131400
2015-07-21,34451,34500,34310,34310,109800
2015-07-22,34400,34500,34210,34210,535100
2015-07-23,34210,34404.5,34210,34215,121400
2015-07-24,34250,34455.2,34200,34355,99900
2015-07-27,34490,34500,34030,34030,107900
2015-07-28,34030,34148.08,34030,34030,115700
2015-07-29,34163.7,34256,34068.95,34256,107600
2015-07-30,34300,34300,34100,34100,51000
2015-07-31,34250,34259.5,34136,34259.5,94200
2015-08-03,34213,34350,34136,34339.5,98200
2015-08-04,34250,34440,34250,34250,88200
2015-08-05,34270,34400,34200,34273,148100
2015-08-06,34250,34348.44,34210,34300,49000
2015-08-07,34287,34375.68,34201,34312.5,94500
2015-08-10,34220,34320.57,34201.33,34220,160700
2015-08-11,34230,34350,34210,34210,93600
2015-08-12,34152,34298.5,34080,34102,112000
2015-08-13,34160,34350,34150,34150,73800
2015-08-14,34190,34397.55,34160,34160,102000
2015-08-17,34214.74,34300,34160,34274.5,70900
2015-08-18,34180,34286.95,34152.39,34269.5,65000
2015-08-19,34224,34389,34010,34010,121300
2015-08-20,34010,34290,33900,34000,137100
2015-08-21,34099,34232.7,33904,34201,175700
2015-08-24,33710,33900,33650,33650,147700
2015-08-25,33650,33980,33610,33815,165400
2015-08-26,33600,33769,33500,33565,118300
2015-08-27,33600,34000,33600,33997,175700
2015-08-28,33901,33991.22,33850,33850,137200
2015-09-01,33760,33875,33760,33760,138600
2015-09-02,33776,33800,33700,33776,100000
2015-09-03,33800,33940,33607.5,33876,162100
2015-09-04,33800,33980,33633.24,33780.5,74300
2015-09-07,33660,33751.53,33600,33600,91400
2015-09-08,33795.51,33950,33579.24,33757,74500
2015-09-09,33650,34000,33604.08,33774.5,125100
2015-09-10,33550,33700,33506.48,33510,91100
2015-09-11,33500,33600,33455,33455,101300
2015-09-14,33455,33800,33153,33186,277400
2015-09-15,33186,33186,33000,33130,151900
2015-09-16,33150,33430,33140,33400,149700
2015-09-17,33350,33600,33350,33420,83000
2015-09-18,33380,33590,33339,33590,120500
2015-09-21,33574.7,33600,33414.73,33485,132800
2015-09-22,33370,33607.6,33370,33400,91100
2015-09-23,33500,33639,33475,33530,131300
2015-09-24,33677.6,33738,33526.18,33617,69100
2015-09-25,33750,33900,33500,33805,103400
2015-09-28,33600,33899,33550,33550,77300
2015-09-29,33746,33746,33500.21,33730,54000
2015-09-30,33535,33838,33535,33535,106400
2015-10-01,33900,33987.2,33620.2,33984,139200
2015-10-02,33914,34025,33659.77,33999,91900
2015-10-05,34100,34219.2,33759.76,34145,189500
2015-10-06,33970,34259.22,33941.87,34150,134900
2015-10-07,34088,34280,34074.75,34280,36800
2015-10-08,33950,34222.48,33950,34008,87000
2015-10-09,34295,34342.4,34100,34296,175900
2015-10-12,34499,34499,34230,34499,117200
2015-10-13,34450,34450,34225.5,34450,62000
2015-10-14,34359,34405.25,34207.81,34350,89600
2015-10-15,34499,34499,34199.74,34499,76700
2015-10-16,34500,35000,34500,35000,246400
2015-10-19,35000,35000,34820.72,35000,80500
2015-10-20,34651,34887.64,34632.34,34700,111700
2015-10-21,34700,34990,34630,34990,109100
2015-10-22,34701,34804.92,34670.38,34701,92500
2015-10-23,34999,35000,34785.02,35000,119200
2015-10-26,35000,35139.63,34842.37,35123,165300
2015-10-27,34850,35150,34850,35150,94300
2015-10-28,35150,35440,35008,35385,205700
2015-10-29,35450,35450,35067.73,35450,81300
2015-10-30,35407,35450,35103.5,35260,117500
2015-11-02,35200,35350,35200,35350,57000
2015-11-03,35430,35430,35203.28,35430,44900
2015-11-04,35430,35430,35080,35202,87700
2015-11-05,35080,35240,35080,35240,91900
2015-11-06,35080,35217.17,34880,34880,215600
2015-11-09,34950,35073.98,34801,34801,77400
2015-11-10,34800,34925.47,34748.06,34800,97100
2015-11-11,34750,34851.31,34650,34650,71600
2015-11-12,34650,34950,34510,34510,236300
2015-11-13,34575,34616.46,34400,34400,61500
2015-11-16,34300,34435.16,34300,34350,71500
2015-11-17,34559,34665.95,34381.98,34400,173600
2015-11-18,34425.06,34587,34360,34587,111200
2015-11-19,34360,34780,34355,34360,82100
2015-11-20,34550,34750,34355,34412,185800
2015-11-23,34370,34696.04,34370,34390,99300
2015-11-24,34390,34827,34390,34445,167200
2015-11-25,34448,34950,34448,34700,157700
2015-11-26,34750,34900,34750,34750,87700
2015-11-27,34758,35000,34640,34765.5,109400
2015-11-30,34710,34869.5,34639.12,34710,148600
2015-12-01,34700,34875,34640,34640,54000
2015-12-02,34700,34835.06,34650,34650,101100
2015-12-03,34552,34810,34503.5,34665,106500
2015-12-04,34666,34701.8,34458.19,34666,112200
2015-12-07,34855,34866,34595,34650,100900
2015-12-08,34623,34747.26,34554,34650,107200
2015-12-09,34710,34800,34579.53,34605,105900
2015-12-10,34591,34793,34478,34480,84500
2015-12-11,34870,34870,34360,34370,99300
2015-12-14,34600,34622.95,34000,34370,4056800
2015-12-15,34511,34656,34370,34370,116000
2015-12-16,34746,34746,34380,34380,93600
2015-12-17,34560,34990.87,34550,34560,143700
2015-12-18,34620,34751.98,34580,34580,107500
2015-12-21,34850,34855,34601,34700,122100
2015-12-22,34900,34900,34650,34651,159400
2015-12-23,34800,34800,34637.2,34710,98800
2015-12-24,34825,34950,34700,34879.5,47300
2015-12-29,34710,34990,34700,34990,66200
2015-12-30,34800,34988,34800,34988,54500
2015-12-31,34999,34999,34855,34882,18200
2016-01-04,34650,34882,34400,34503,188100
2016-01-05,34410,34640,34370,34500,87600
2016-01-06,34549,34650,34404.5,34500,191100
2016-01-07,34300,34550,34261.54,34541,112500
2016-01-08,34380,34543.8,34380,34400,84300
2016-01-11,34372,34562.9,34300,34300,105500
2016-01-12,34530,34632.96,34296.77,34480,133200
2016-01-13,34571,34879.1,34520.9,34570,90800
2016-01-14,34465,34799.31,34391,34550,140200
2016-01-15,34380,34650,34310,34311,141100
2016-01-18,34317,34600,34282.2,34300,132700
2016-01-19,34379,34530,34347.06,34450,140900
2016-01-20,34250,34465.9,34170,34170,123600
2016-01-21,34185,34523.24,34158.22,34260,98400
2016-01-22,34513,34617.8,34350.94,34431,185300
2016-01-25,34650,34650,34419.48,34500,107900
2016-01-26,34300,34681.88,34150,34640,202700
2016-01-27,34621,34949,34621,34760,151000
2016-01-28,34998,35024,34760.94,34800,152600
2016-01-29,34921,35300,34891.56,35300,182400
2016-02-01,35280,35300,35200,35201,98300
2016-02-02,35150,35445,35100,35100,149100
2016-02-03,35214,35336.42,34960,34960,359400
2016-02-04,35037,35355,34920,34920,42600
2016-02-05,35368,35485,35098.9,35100,126500
2016-02-08,35052,35414.41,35052,35060,315200
2016-02-09,35200,35475,35084,35475,114400
2016-02-10,35399,35400,35100,35100,228700
2016-02-11,35026,35470,34910,35470,227900
2016-02-12,35278,35850,35216.71,35850,3057500
2016-02-15,35980,35980,35670,35690,145700
2016-02-16,35690,35900,35370,35400,269600
2016-02-17,35430,35767.85,35360,35650,170300
2016-02-18,35410,35850,35410,35730,158400
2016-02-19,35790,35900,35550,35900,126600
2016-02-22,35870,36100,35760,36080,346000
2016-02-23,36050,36050,35800,35950,114700
2016-02-24,35750,36050.28,35750,35850,192300
2016-02-25,36100,36100,35894.8,36000,178400
2016-02-26,36150,36240,36000,36180,278300
2016-02-29,36240,36240,36010,36010,211400
2016-03-01,36060,36240,36000,36050,329100
2016-03-02,36040,36251.75,36000,36010,301600
2016-03-03,36200,36200,36000,36000,129400
2016-03-04,36180,36270,36030,36270,222000
2016-03-07,36200,36405.61,36110,36250,318200
2016-03-08,36410,36600,36170,36320,540400
2016-03-09,36580,36740,36310,36730,297400
2016-03-10,36700,36700,36350,36400,136500
2016-03-11,36780,36780,36360,36360,179200
2016-03-14,36340,36740,36340,36510,262900
2016-03-15,36510,36940,36510,36700,351200
2016-03-16,36710,37070,36700,36830,223400
2016-03-17,36970,37060,36750,37020,214200
2016-03-18,36750,37090,36750,36960,306900
2016-03-21,36750,37100,36750,36880,160300
2016-03-22,37090,37090,36760,36850,173100
2016-03-23,37090,37178.75,36710,36710,219500
2016-03-24,36840,37150,36800,36800,236800
2016-03-29,36900,37142.07,36719.29,36800,176500
2016-03-30,37140,37140,36719.08,37080,235000
2016-03-31,37110,37110,36799.8,36850,252800
2016-04-01,36710,37140,36710,36850,263200
2016-04-04,36850,37000,36710,36750,256100
2016-04-05,36920,37150,36720,37150,279900
2016-04-06,37130,37160,36796.39,36970,302400
2016-04-07,37120,37180,36750,37040,228700
2016-04-08,36900,37210,36900,37120,189000
2016-04-11,37200,37309.05,37000,37160,190600
2016-04-12,37300,37400,37100,37250,232200
2016-04-13,37300,37490,37150,37250,456100
2016-04-14,37350,37500,37180,37220,368100
2016-04-15,37490,37490,37240,37240,189800
2016-04-18,37260,37500,37260,37470,140300
2016-04-19,37520,37600,37394.5,37590,346000
2016-04-20,37460,37600,37450,37450,172000
2016-04-21,37530,37590,37350,37350,160300
2016-04-22,37350,37450,37000,37000,1621000
2016-04-25,37000,37181.8,36813.85,36980,204300
2016-04-26,37230,37230,36850,36850,188200
2016-04-27,37230,37230,36850,37110,161900
2016-04-28,37230,37300,36859.51,37300,111100
2016-04-29,37270,37280,36890,37250,137900
2016-05-03,36900,37253.3,36900,37250,143800
2016-05-04,37240,37240,36850,37130,129900
2016-05-05,37240,37240,36850,36950,100200
2016-05-06,36950,37240,36860,36930,119500
2016-05-09,37200,37298,36923.53,37110,160900
2016-05-10,37340,37340,37100,37120,110200
2016-05-11,37330,37330,37004,37110,240400
2016-05-12,37100,37340,37084.47,37100,126100
2016-05-13,37330,37340,37100,37100,367100
2016-05-16,37340,37340,37100,37200,90200
2016-05-17,37340,37490,37110,37400,165000
2016-05-18,37490,37490,37100,37290,232700
2016-05-19,37350,37350,36840,36930,222400
2016-05-20,36990,37090,36925.2,37020,162300
2016-05-23,37090,37090,36950,36950,106500
2016-05-24,36900,37070,36810,36820,278400
2016-05-25,36950,37059.1,36810,36810,157400
2016-05-26,36810,37000,36790,36840,165300
2016-05-27,36990,36990,36790,36880,249800
2016-05-31,37190,37190,36800,36900,167500
2016-06-01,37070,37070,36800,36900,673900
2016-06-02,36900,37050,36730,36890,145900
2016-06-03,37090,37184.11,36940,37100,180500
2016-06-06,37190,37340,36929,37300,214300
2016-06-07,37350,37400,37160,37200,348100
2016-06-08,37400,37400,37050,37050,247700
2016-06-09,37140,37250,36950,37150,162400
2016-06-10,36970,37150,36950,37150,134800
2016-06-13,37150,37150,36950,37000,446900
2016-06-14,37100,37100,36730,36730,196600
2016-06-15,36930,36930,36730,36730,152500
2016-06-16,36570,36750,36550,36600,704400
2016-06-17,36810,36856.12,36500,36500,339000
2016-06-20,37000,37070,36700,36900,144400
2016-06-21,37080,37090,36750,37090,133900
2016-06-22,37070,37130,36759.67,37130,331900
2016-06-23,37150,37270,37030,37270,99800
2016-06-24,36560,37300,36228.4,37300,454800
2016-06-27,37270,38000,37140,37710,496900
2016-06-28,38000,38050,37600,37690,396800
2016-06-29,37840,37950,37700,37700,233100
2016-06-30,37720,38085.87,37700,38050,156600
2016-07-01,37920,38910,37920,38750,391900
2016-07-04,38750,38894.77,38700,38700,256000
2016-07-05,38900,38950,38660,38800,281500
2016-07-06,38850,39500,38850,39500,343500
2016-07-07,39500,40094,39402,39960,288500
2016-07-08,40220,40230,39670,39670,250300
2016-07-11,40190,40220,39867.5,40080,295000
2016-07-12,40150,40280,39800,39820,395100
2016-07-13,40090,40090,39510,39510,190300
2016-07-14,39840,39950,39450,39830,172300
2016-07-15,39650,39730,39430,39600,164500
2016-07-18,39900,39910,39410,39410,227800
2016-07-19,39500,39910,39500,39910,106000
2016-07-20,39950,39950,39600,39600,360600
2016-07-21,39730,39830.4,39600,39600,198100
2016-07-22,39710,39810,39650,39650,168200
2016-07-25,39980,39980,39650,39740,305100
2016-07-26,39740,39888,39650,39840,225600
2016-07-27,39800,39990,39650,39650,194500
2016-07-28,39990,39990,39690,39850,201100
2016-07-29,39740,39827.94,39700,39700,78200
2016-08-01,39690,39982.25,39690,39710,161100
2016-08-02,39710,39990,39650,39650,160900
2016-08-03,39990,39990,39590,39600,225000
2016-08-04,39740,39950,39580,39950,160800
2016-08-05,40000,40140,39860,40070,264700
2016-08-08,39800,40140,39800,39900,196000
2016-08-09,39910,40130,39900,40100,165800
2016-08-10,40140,40140,39989.2,40010,242400
2016-08-11,40110,40350,39970,40290,786300
2016-08-12,40350,40550,40340,40500,338100
2016-08-15,40440,40480,40310,40310,122700
2016-08-16,40500,40500,40200,40210,133600
2016-08-17,40460,40460,40110,40110,1766800
2016-08-18,40190,40380,40110,40300,203400
2016-08-19,40300,40408.1,40126.5,40350,275900
2016-08-22,40190,40300,40019,40080,291300
2016-08-23,40120,40230,40010,40010,177500
2016-08-24,40050,40150.2,39865,40000,130300
2016-08-25,40190,40190,39653.85,39720,281500
2016-08-26,39690,39960,39600,39790,162300
2016-08-30,39900,39900,39730,39890,200900
2016-08-31,39770,40000,39600,40000,174600
2016-09-01,39790,39940,39440,39440,248000
2016-09-02,39450,39842.57,39400,39450,211500
2016-09-05,39560,39776,39535,39700,160600
2016-09-06,39720,39800,39460,39730,183200
2016-09-07,39750,39890,39460,39710,147300
2016-09-08,39910,39920,39675,39750,98100
2016-09-09,39900,39900,39430,39430,220900
2016-09-12,39440,39540,39052.8,39200,223800
2016-09-13,39290,39403.88,39130,39320,240700
2016-09-14,39120,39340,39110,39280,110200
2016-09-15,39480,39480,39119.64,39200,108400
2016-09-16,39300,39550,39109.71,39250,370600
2016-09-19,39270,39500,39200,39500,224000
2016-09-20,39510,39686.43,39367,39490,147300
2016-09-21,39750,39750,39520,39520,132200
2016-09-22,39550,39750,39450,39600,335700
2016-09-23,39750,39850,39616.5,39730,304700
2016-09-26,39800,39850,39690,39850,229800
2016-09-27,39900,39900,39750,39750,188600
2016-09-28,39800,39900,39650,39850,229600
2016-09-29,39900,40000,39799,39990,96800
2016-09-30,39820,39970,39810,39810,176800
2016-10-03,39750,39990,39750,39960,231200
2016-10-04,40000,40140,39650,39650,477500
2016-10-05,39900,40140,39850,39850,211300
2016-10-06,39860,39903.81,39500,39610,239800
2016-10-07,39610,39990,39610,39610,233000
2016-10-10,39620,40180,39610,40040,341900
2016-10-11,40000,40100,39860,40040,180700
2016-10-12,40040,40040,39900,39930,205200
2016-10-13,40040,40080,39860,39860,232800
2016-10-14,39870,40113.17,39860,40050,277700
2016-10-17,39890,40016.19,39680,39680,196500
2016-10-18,40030,40030,39742.76,39950,270400
2016-10-19,39990,39994,39846.46,39950,199000
2016-10-20,39990,40000,39850,39950,210200
2016-10-21,39990,40000,39841.2,40000,128100
2016-10-24,39990,40000,39800,39930,266700
2016-10-25,40000,40061.58,39890.95,40000,163600
2016-10-26,39950,40079.34,39700,39700,176200
2016-10-27,39810,39958.66,39800,39800,202100
2016-10-28,39850,40070,39850,39950,189400
2016-10-31,39950,40034,39700,39700,299800
2016-11-01,39930,40040,39640,39700,508300
2016-11-02,39810,40020,39700,39700,308600
2016-11-03,39970,39970,39600,39730,282600
2016-11-04,39680,39835.2,39360,39490,283600
2016-11-07,39560,39740,39420,39420,460300
2016-11-08,39450,39700,39400,39700,472700
2016-11-09,39300,39600,39160,39600,200600
2016-11-10,39550,39750,38850,38990,285600
2016-11-11,39180,39180,38653.6,38930,229600
2016-11-14,39000,39000,38551.67,38560,217600
2016-11-15,38840,38840,38510,38660,229800
2016-11-16,38550,38680,38510,38680,231500
2016-11-17,38550,38730,38550,38700,220100
2016-11-18,38580,38720,38550,38710,333600
2016-11-21,38840,38850,38550,38780,210600
2016-11-22,38800,38840,38600,38830,242900
2016-11-23,38730,39080,38660,38880,162400
2016-11-24,38800,38840,38650,38710,144300
2016-11-25,38640,38847.5,38600,38700,156100
2016-11-28,38600,38870,38600,38780,202900
2016-11-29,38760,38884.6,38672.5,38770,170800
2016-11-30,38890,38890,38600,38720,208400
2016-12-01,38500,38557.6,38110,38220,303500
2016-12-02,38400,38400,38010,38370,146600
2016-12-05,38370,38380,38010,38050,152200
2016-12-06,38030,38294.7,38030,38200,292200
2016-12-07,38120,38400,38120,38400,219100
2016-12-08,38400,38490,38200,38400,167200
2016-12-09,38480,38640,38455.94,38590,122400
2016-12-12,38600,38600,38450,38560,140100
2016-12-13,38600,38780,38515,38720,873100
2016-12-14,38790,38790,38610,38710,425700
2016-12-15,38790,38790,38510,38750,411400
2016-12-16,38700,38800,38370,38370,395200
2016-12-19,38600,38722,38470,38500,242100
2016-12-20,38780,38938.9,38516.2,38820,378800
2016-12-21,38710,38894.3,38710,38880,439100
2016-12-22,38890,38977.24,38825,38930,445700
2016-12-23,38940,39000,38840,38840,71500
2016-12-28,39010,39100,38870,39090,264500
2016-12-29,39000,39200,38710,39080,132600
2016-12-30,39200,39270,39105,39260,48900
2017-01-03,39280,39280,39100,39200,225200
2017-01-04,39090,39280,39050,39080,342600
2017-01-05,39050,39280,39050,39170,217400
2017-01-06,39280,39290,39100,39290,123500
2017-01-09,39100,39690,39100,39360,226000
2017-01-10,39470,39700,39408.03,39570,222800
2017-01-11,39700,39850,39565.89,39640,516800
2017-01-12,39640,39640,39350,39400,220200
2017-01-13,39620,39690,39310,39480,315800
2017-01-16,39450,39830,39450,39750,543500
2017-01-17,39600,39820,39300,39350,171400
2017-01-18,39490,39490,39300,39450,117500
2017-01-19,39500,39500,39300,39480,170600
2017-01-20,39490,39500,39300,39400,73200
2017-01-23,39340,39450,39253.96,39300,146200
2017-01-24,39250,39500,39250,39390,170200
2017-01-25,39450,39450,39266,39310,112700
2017-01-26,39300,39465.92,39300,39440,109600
2017-01-27,39250,39480,39250,39310,208600
2017-01-30,39250,39450,39250,39300,147500
2017-01-31,39250,39451.03,39150,39290,283800
2017-02-01,39500,39500,39260,39270,454300
2017-02-02,39200,39410,39200,39350,164700
2017-02-03,39410,39500,39255.9,39480,238800
2017-02-06,39590,39590,39400,39560,195000
2017-02-07,39530,39800,39487.5,39740,183500
2017-02-08,39800,39800,39672,39800,181300
2017-02-09,39800,39980,39679.48,39970,184800
2017-02-10,39700,40100,39700,40040,201900
2017-02-13,40020,40140,39970,40050,338900
2017-02-14,39950,40090,39900,40000,419700
2017-02-15,40000,40054.05,39950,39980,283200
2017-02-16,39980,40076,39900,39960,248300
2017-02-17,40140,40300,39950,40300,187300
2017-02-20,40190,40200,40000,40100,329100
2017-02-21,40010,40200,40010,40130,212400
2017-02-22,40070,40300,40044.1,40240,192100
2017-02-23,40230,40300,40175.45,40210,166500
2017-02-24,40300,40600,40170,40500,291000
2017-02-27,40550,40700,40450,40610,332500
2017-02-28,40610,40720,40555.59,40610,176300
2017-03-01,40590,40790,40550,40790,304000
2017-03-02,40800,40940,40770,40910,254000
2017-03-03,40750,40890,40710,40780,284300
2017-03-06,40750,40940,40720,40720,299200
2017-03-07,40790,40890,40710,40830,171800
2017-03-08,40890,40950,40510,40650,288700
2017-03-09,40790,40790,40500,40700,348700
2017-03-10,40620,40800,40550,40800,236900
2017-03-13,40700,40840,40600,40670,289900
2017-03-14,40680,40830,40670,40770,168100
2017-03-15,40740,40800,40560,40800,191700
2017-03-16,40650,40850,40650,40760,258900
2017-03-17,40690,40804.12,40650,40690,348400
2017-03-20,40700,40840,40650,40660,305400
2017-03-21,40690,40790,40650,40650,236700
2017-03-22,40680,40780,40550,40730,256900
2017-03-23,40770,40790,40650,40650,156400
2017-03-24,40650,40780,40576.6,40650,142100
2017-03-27,40600,40700,40500,40570,249100
2017-03-28,40520,40700,40500,40560,538800
2017-03-29,40550,40750,40550,40620,287200
2017-03-30,40650,40840,40590,40770,239200
2017-03-31,40750,40851.2,40650,40650,302500
2017-04-03,40680,40810,40597.2,40810,311300
2017-04-04,40650,40820,40650,40700,242400
2017-04-05,40720,40860.83,40699.92,40740,236000
2017-04-06,40730,40850,40650,40800,626300
2017-04-07,40890,41070,40700,41070,252400
2017-04-10,41070,41080,40840,40850,208700
2017-04-11,40870,41030,40870,40930,320300
2017-04-12,40930,41030,40850,41020,371200
2017-04-13,41020,41090,40900,41090,252000
2017-04-18,41020,41090,40720,40900,550100
2017-04-19,40950,40950,40530,40650,218500
2017-04-20,40800,40860,40529.63,40730,369300
2017-04-21,40750,40759.09,40439.24,40610,174700
2017-04-24,40890,40900,40478.73,40770,319500
2017-04-25,40880,40880,40600,40690,193500
2017-04-26,40600,40770,40600,40600,216700
2017-04-27,40610,40619.64,40450,40530,213000
2017-04-28,40480,40550,40400,40540,228500
2017-05-02,40420,40560,40360,40390,225900
2017-05-03,40400,40650.04,40300,40320,220700
2017-05-04,40420,40490,40250,40300,202700
2017-05-05,40300,40400,40210,40290,290400
2017-05-08,40340,40370,40250,40350,182600
2017-05-09,40400,40490,40309.73,40330,321600
2017-05-10,40430,40430,40210,40250,288300
2017-05-11,40260,40430,40250,40370,205000
2017-05-12,40260,40430,40260,40330,249600
2017-05-15,40560,40560,40353,40450,313400
2017-05-16,40650,40700,40410,40700,222800
2017-05-17,40520,40700,40510.37,40700,294600
2017-05-18,40700,40700,40520,40520,337200
2017-05-19,40700,40700,40450,40550,315700
2017-05-22,40700,40880,40550,40880,370900
2017-05-23,40800,40990,40800,40950,207500
2017-05-24,40820,41000,40750,40750,225400
2017-05-25,40950,41050,40814.2,41040,117000
2017-05-26,41090,41391.78,40899.7,41250,291800
2017-05-30,41380,41380,41147.68,41240,229500
2017-05-31,41400,41490,41278.5,41380,166800
2017-06-01,41500,41500,41300,41310,129100
2017-06-02,41410,41530,41300,41530,195600
2017-06-05,41590,41590,41416.37,41580,198200
2017-06-06,41360,41580,41250,41250,286900
2017-06-07,41590,41590,41200,41340,148300
2017-06-08,41590,41590,41300,41380,193000
2017-06-09,41650,41680,41350,41500,240400
2017-06-12,41650,41650,41360,41400,271300
2017-06-13,41360,41600,41350,41380,212400
2017-06-14,41350,41580,40419.58,41400,200600
2017-06-15,41500,41500,41100,41200,235000
2017-06-16,41390,41390,41200,41200,379100
2017-06-19,41350,41460,41249,41440,377800
2017-06-20,41500,41670,41470,41580,407200
2017-06-21,41600,41681.6,41400,41400,243200
2017-06-22,41410,41550,41400,41470,232300
2017-06-23,41440,41515.96,41270,41400,242100
2017-06-26,41420,41584.17,41294.18,41480,304000
2017-06-27,41440,41570,41270,41350,444900
2017-06-28,41500,41500,41000,41100,225600
2017-06-29,41100,41220,40707.5,40960,245500
2017-06-30,41000,41050,40600,40610,181600
2017-07-03,40890,40890,40550,40700,158900
2017-07-04,40870,40870,40600,40600,150900
2017-07-05,40880,40881.11,40600,40690,176100
2017-07-06,40640,40680,40525.15,40600,157800
2017-07-07,40570,40650,40521.2,40620,186500
2017-07-10,40670,40890,40550,40670,228300
2017-07-11,40650,40720,40450,40450,265000
2017-07-12,40530,40730,40500,40670,115100
2017-07-13,40640,40900,40600,40770,171100
2017-07-14,40650,40900,40610,40720,146000
2017-07-17,40610,40870,40610,40850,157500
2017-07-18,40860,40900,40708,40850,241400
2017-07-19,40850,40930,40735.2,40790,162400
2017-07-20,40710,41165.69,40710,41000,187100
2017-07-21,41190,41195.6,41020,41180,207600
2017-07-24,41100,41150,40950,41060,227700
2017-07-25,41030,41135,40870,40870,260300
2017-07-26,40990,41090,40884.7,40960,156000
2017-07-27,40910,40994.4,40872,40950,164300
2017-07-28,41050,41050,40360,40500,209600
2017-07-31,40710,40720,40480,40600,215300
2017-08-01,40410,40700,40410,40530,169100
2017-08-02,40600,40690,40380,40440,149400
2017-08-03,40390,40670,40390,40670,240900
2017-08-04,40460,40790,40460,40730,239600
2017-08-07,40720,40810,40677.7,40750,191300
2017-08-08,40840,40861,40650,40830,193500
2017-08-09,40800,40900,40660,40850,283800
2017-08-10,40750,40900,40650,40760,282500
2017-08-11,40700,40800,40484,40780,165300
2017-08-14,40750,40880,40750,40790,170000
2017-08-15,40630,41010,40630,40910,167800
2017-08-16,41070,41170,40922,41160,167800
2017-08-17,41110,41200,41010,41060,155000
2017-08-18,41140,41140,40800,40900,104500
2017-08-21,41140,41140,40958.58,41045,144000
2017-08-22,41010,41150,40961.8,41100,116300
2017-08-23,41150,41230,41060.9,41140,213000
2017-08-24,41110,41240,41050,41050,232100
2017-08-25,41100,41180.1,41000,41000,145600
2017-08-29,41240,41240,40990,41140,141000
2017-08-30,41240,41240,41000,41010,181800
2017-08-31,41150,41150,40930,41110,264700
2017-09-01,41000,41200,41000,41110,149100
2017-09-04,41140,41140,40900,41030,227000
2017-09-05,41120,41120,40960,40990,217000
2017-09-06,41000,41140,40910,40920,161500
2017-09-07,41000,41130,40950,41040,134300
2017-09-08,40950,41090,40950,41000,175400
2017-09-11,41100,41100,40835.61,40930,392800
2017-09-12,40920,40960.6,40650,40660,234400
2017-09-13,40720,40850,40625,40800,463300
2017-09-14,40890,40988.1,40550,40550,262900
2017-09-15,40550,40610,40026,40030,1342500
2017-09-18,40310,40644.06,40310,40440,265300
2017-09-19,40500,40520,40410,40460,549600
2017-09-20,40590,40620,40463.37,40500,153900
2017-09-21,40430,40580,40000,40100,164000
2017-09-22,40290,40290,40060,40290,155300
2017-09-25,40140,40270,40002.9,40190,406200
2017-09-26,40290,40380,40130,40210,452400
2017-09-27,40320,40380,40275.2,40280,139700
2017-09-28,40300,40313.68,40040,40230,201800
2017-09-29,40250,40343.9,40200,40310,262400
2017-10-02,40290,40390,40270,40380,720200
2017-10-03,40390,40450,40340,40400,209800
2017-10-04,40400,40483.27,40400,40420,392500
2017-10-05,40420,40699,40420,40650,312000
2017-10-06,40650,40770,40650,40750,351200
2017-10-09,40710,40760,40520,40520,211800
2017-10-10,40570,40790,40570,40790,167800
2017-10-11,40790,40900,40709.4,40900,199500
2017-10-12,40900,40910,40800,40910,195200
2017-10-13,40910,40910,40660,40660,294200
2017-10-16,40780,40890,40684,40890,111500
2017-10-17,40890,40980,40735.3,40970,391000
2017-10-18,40850,40970,40700,40800,191900
2017-10-19,40970,40970,40680,40880,171800
2017-10-20,40680,40932,40510,40510,207700
2017-10-23,40700,40820,40659.91,40740,155700
2017-10-24,40730,40800,40660,40750,158200
2017-10-25,40710,40770,40350,40360,330100
2017-10-26,40600,40750,40405.45,40600,238500
2017-10-27,40760,40850,40666.91,40820,272600
2017-10-30,40720,40790,40653,40690,426400
2017-10-31,40720,40750,40600,40750,147000
2017-11-01,40810,40810,40550,40550,171500
2017-11-02,40730,40790,40600,40730,374600
2017-11-03,40850,40920,40802.5,40890,239200
2017-11-06,40880,40920,40700,40700,327800
2017-11-07,40770,40860,40710,40710,240500
2017-11-08,40750,40945.14,40740,40750,236300
2017-11-09,40760,40926.67,40729.47,40790,138800
2017-11-10,40710,40930,40710,40780,293300
2017-11-13,40890,40890,40700,40750,331800
2017-11-14,40660,40810,40660,40750,264500
2017-11-15,40660,40790,40650,40700,317600
2017-11-16,40720,41000,40648.7,41000,505800
2017-11-17,40990,40990,40800,40930,92100
2017-11-20,40830,40900,40740,40760,228200
2017-11-21,40740,40829.2,40670,40770,712300
2017-11-22,40870,40888.5,40610,40870,223000
2017-11-23,40850,40850,40710,40750,227300
2017-11-24,40780,40940,40750,40750,185500
2017-11-27,40760,40880,40750,40760,134500
2017-11-28,40870,40990,40760,40950,298600
2017-11-29,40980,40980,40753,40840,279500
2017-11-30,40800,40863.7,40570,40580,215300
2017-12-01,40660,40864.92,40531.2,40710,199700
2017-12-04,40880,40880,40630,40720,356800
2017-12-05,40820,40920,40700,40720,331600
2017-12-06,40710,40910.86,40710,40900,221700
2017-12-07,40840,40920,40588.85,40660,254100
2017-12-08,40600,40800,40553.75,40700,326300
2017-12-11,40850,40856.25,40700,40800,207400
2017-12-12,40750,40890,40749.5,40880,252200
2017-12-13,40890,40920,40553.75,40840,462600
2017-12-14,40730,40847.2,40700,40720,291300
2017-12-15,40900,40900,40188.32,40800,547600
2017-12-18,40900,40980,40746.15,40890,759700
2017-12-19,40990,41021.5,40890,40960,247300
2017-12-20,41080,41080,40738,40820,395000
2017-12-21,40890,40980,40760,40870,139800
2017-12-22,40950,40950,40732.5,40865,133300
2017-12-27,40850,40970,40723.5,40960,73200
2017-12-28,40900,40980,40739.8,40980,106900
2017-12-29,40930,40950,40790,40930,74700
2018-01-02,40750,41000,40700,40850,260200
2018-01-03,41000,41000,40759,40850,235700
2018-01-04,40950,41508.28,40756.6,41000,530200
2018-01-05,40800,41050,40800,41050,283200
2018-01-08,41100,41150,40950,40950,352700
2018-01-09,40950,41100,40850,40950,302900
2018-01-10,40950,41100,40900,40900,236900
2018-01-11,41100,41100,40950,41050,186500
2018-01-12,41050,41150,40910,40950,192600
2018-01-15,40900,41000,40819,40850,337800
2018-01-16,40900,41059.25,40860,40900,337900
2018-01-17,40900,41050,40817.33,40950,190800
2018-01-18,41050,41050,40885,40950,214300
2018-01-19,40850,41000,40800,40950,288500
2018-01-22,41100,41100,40894.55,41050,444600
2018-01-23,41000,41100,40950,41000,553000
2018-01-24,41050,41050,40750,40750,226000
2018-01-25,40750,40850,40600,40650,484100
2018-01-26,40600,40750,40544.56,40700,402300
2018-01-29,40850,40950,40696,40750,534400
2018-01-30,40950,40950,40700,40700,187400
2018-01-31,40750,40900,40650,40750,257100
2018-02-01,40700,40753,40600,40600,413800
2018-02-02,40600,40601.5,40400,40400,375600
2018-02-05,40400,40403.75,40150,40150,353700
2018-02-06,39750,39935,39550,39650,655800
2018-02-07,39850,40100,39700,39900,621400
2018-02-08,39850,39958,39500,39500,296100
2018-02-09,39450,39632,39400,39550,402500
2018-02-12,39750,39800,39560,39650,293500
2018-02-13,39650,39810.81,39600,39700,165800
2018-02-14,39750,39900,39700,39750,119800
2018-02-15,39850,39900,39750,39750,114600
2018-02-16,39900,40050,39750,39900,171200
2018-02-19,40150,40150,39950,39950,356400
2018-02-20,39850,40015,39800,39900,232600
2018-02-21,39900,40050,39750,39750,144100
2018-02-22,39850,39900,39633.64,39700,262000
2018-02-23,39950,39950,39712.5,39950,154000
2018-02-26,39950,39950,39712.5,39950,200200
2018-02-27,39950,40000,39800,39900,127900
2018-02-28,39800,40100,39750,39900,334200
2018-03-01,39850,39973.33,39750,39800,276100
2018-03-02,39950,39950,39650,39800,225600
2018-03-05,39800,39900,39648.6,39750,252400
2018-03-06,39900,40000,39826.67,39850,206500
2018-03-07,39800,39950,39750,39900,258300
2018-03-08,39850,39883.5,39710,39850,330100
2018-03-09,39950,40050,39772.5,39900,248700
2018-03-12,40000,40100,39922.67,40100,291500
2018-03-13,40000,40100,39850,39850,255100
2018-03-14,39850,40000,39758.44,39800,217900
2018-03-15,39900,39900,39550,39750,224900
2018-03-16,39750,39750,39500,39500,306500
2018-03-19,39550,39700,39300,39350,389700
2018-03-20,39350,39522.5,39200,39200,183400
2018-03-21,39450,39450,39100,39100,329600
2018-03-22,39100,39150,38850,38850,308200
2018-03-23,38850,39025,38700,38750,272600
2018-03-26,38800,39000,38700,38750,284900
2018-03-27,39050,39100,38892.5,39000,256900
2018-03-28,39050,39150,38850,39000,208100
2018-03-29,39050,39400,39050,39400,330100
2018-04-03,39200,39350,39050,39250,289100
2018-04-04,39350,39350,39152,39250,237000
2018-04-05,39300,39650,39300,39600,394100
2018-04-06,39500,39700,39300,39550,488000
2018-04-09,39700,39700,39450,39450,269100
2018-04-10,39700,39700,39474.37,39500,265000
2018-04-11,39700,39700,39350,39600,256700
2018-04-12,39450,39650,39415,39450,147100
2018-04-13,39500,39600,39212,39450,201900
2018-04-16,39450,39524.9,39250,39250,241900
2018-04-17,39350,39450,39250,39300,243000
2018-04-18,39500,39583.89,39358.5,39400,280900
2018-04-19,39550,39575,39350,39400,190100
2018-04-20,39600,39600,39100,39250,232400
2018-04-23,39200,39300,39000,39100,413300
2018-04-24,39350,39350,39050,39200,351100
2018-04-25,39050,39200,38900,38900,175600
2018-04-26,38950,39150,38910,39050,266600
2018-04-27,39100,39300,38954.5,39200,407400
2018-04-30,39300,39300,39184,39200,262100
2018-05-01,39150,39400,39150,39200,282000
2018-05-02,39400,39450,39250,39300,280200
2018-05-03,39300,39345,39100,39150,305700
2018-05-04,39350,39450,39200,39400,235300
2018-05-08,39350,39500,39300,39350,370800
2018-05-09,39300,39450,39300,39350,142300
2018-05-10,39300,39600,39300,39600,276600
2018-05-11,39650,39650,39450,39600,310400
2018-05-14,39600,39672.46,39450,39500,249300
2018-05-15,39600,39600,39350,39450,208200
2018-05-16,39450,39600,39300,39500,253000
2018-05-17,39350,39500,39350,39350,276300
2018-05-18,39450,39600,39350,39500,292000
2018-05-21,39400,39598.5,39400,39500,251500
2018-05-22,39550,39650,39450,39500,166600
2018-05-23,39400,39660,39400,39550,178700
2018-05-24,39700,39700,39500,39600,196200
2018-05-25,39700,39800,39592,39800,212500
2018-05-29,39700,39850,39500,39500,373800
2018-05-30,39650,39790,39600,39600,189600
2018-05-31,39650,39900,39500,39800,275700
2018-06-01,39850,39850,39650,39850,133400
2018-06-04,39700,39840,39600,39700,286500
2018-06-05,39600,39800,39600,39600,322000
2018-06-06,39550,39750,39400,39450,206400
2018-06-07,39400,39600,39400,39500,234400
2018-06-08,39450,39600,39400,39450,188600
2018-06-11,39700,39758,39500,39650,287600
2018-06-12,39850,39900,39725,39800,263700
2018-06-13,39900,39900,39721,39750,142200
2018-06-14,39500,39721.35,39500,39650,343100
2018-06-15,39650,39850,39450,39450,345200
2018-06-18,39500,39622,39374.4,39450,319200
2018-06-19,39400,39600,39400,39450,251700
2018-06-20,39600,39650,39450,39450,187400
2018-06-21,39550,39650,39400,39450,357200
2018-06-22,39500,39700,39400,39500,330700
2018-06-25,39400,39500,39350,39500,348500
2018-06-26,39400,39600,39355,39550,262100
2018-06-27,39600,39600,39439,39600,184600
2018-06-28,39500,39650,39490,39600,849700
2018-06-29,39450,39750,39450,39750,397600
2018-07-02,39500,39800,39500,39750,302400
2018-07-03,39650,39800,39630,39700,571500
2018-07-04,39700,39850,39550,39850,278500
2018-07-05,39700,39800,39650,39800,165900
2018-07-06,39800,39806.5,39667.33,39800,228300
2018-07-09,39900,39900,39750,39750,105900
2018-07-10,40000,40000,39800,39900,130000
2018-07-11,39850,39850,39500,39750,281400
2018-07-12,39750,39950,39750,39900,151200
2018-07-13,39850,40074.16,39820,39850,249700
2018-07-16,39850,40000,39771,39850,244900
2018-07-17,39950,39950,39752,39850,221100
2018-07-18,40050,40100,39900,40100,217200
2018-07-19,40100,40100,39950,40050,231300
2018-07-20,39900,40150,39900,40100,259900
2018-07-23,40100,40150,39950,39950,311300
2018-07-24,40150,40200,40000,40200,297500
2018-07-25,39950,40150,39950,40150,340500
2018-07-26,39950,40250,39950,40250,141800
2018-07-27,40200,40300,40040,40250,309500
2018-07-30,40150,40225,40100,40100,283400
2018-07-31,40100,40300,40100,40100,227700
2018-08-01,40150,40248.5,40100,40100,270200
2018-08-02,40250,40250,40007.5,40100,267600
2018-08-03,40200,40245.33,40025,40100,218200
2018-08-06,40300,40489,40050,40350,493800
2018-08-07,40350,40600,40350,40450,243100
2018-08-08,40500,40600,40450,40500,503300
2018-08-09,40600,40600,40450,40450,273500
2018-08-10,40650,40650,40480,40600,208300
2018-08-13,40750,40750,40400,40525,277000
2018-08-14,40650,40700,40400,40400,140500
2018-08-15,40600,40600,40250,40250,260500
2018-08-16,40500,40550,40400,40400,207100
2018-08-17,40600,40600,40430,40450,248500
2018-08-20,40600,40600,40450,40450,277300
2018-08-21,40600,40602.75,40405.5,40450,255500
2018-08-22,40600,40600,40323.62,40400,281500
2018-08-23,40600,40600,40268.71,40450,428900
2018-08-24,40350,40500,40250,40250,341400
2018-08-28,40350,40500,40350,40450,200500
2018-08-29,40400,40550,40300,40400,123200
2018-08-30,40250,40301,40050,40050,155600
2018-08-31,40050,40150,39900,40000,266500
2018-09-03,40050,40100,39950,40050,153800
2018-09-04,40050,40150,39950,40050,297600
2018-09-05,40100,40100,39700,39800,204900
2018-09-06,39800,40000,39760.5,40000,147500
2018-09-07,39900,40100,39750,40100,312100
2018-09-10,40050,40050,39646.59,39700,435700
2018-09-11,39700,39850,39650,39750,208300
2018-09-12,39750,39900,39720,39900,284400
2018-09-13,39850,39880,39700,39700,225400
2018-09-14,39750,39900,39750,39750,213400
2018-09-17,39850,39982.41,39800,39950,272300
2018-09-18,40000,40000,39771.31,39950,278000
2018-09-19,39800,39890,39750,39800,279800
2018-09-20,40000,40000,39741.35,39750,343200
2018-09-21,39750,40100,39719,40100,455800
2018-09-24,39900,40000,39800,39900,333000
2018-09-25,39900,40100,39800,39850,471800
2018-09-26,39850,39860,39750,39750,169400
2018-09-27,39900,39900,39750,39800,209900
2018-09-28,39850,40050,39800,39800,226900
2018-10-01,40050,40100,39750,39750,246500
2018-10-02,40000,40075,39750,39900,259300
2018-10-03,40000,40238.24,39950,40150,219200
2018-10-04,39950,40100,39900,39950,255400
2018-10-05,39950,40071.67,39850,39850,174400
2018-10-08,39900,40100,39800,39900,206300
2018-10-09,39850,40050,39750,39750,253500
2018-10-10,39800,40100,39500,39650,243000
2018-10-11,39400,39700,39300,39500,542900
2018-10-12,39500,39750,39150,39400,264500
2018-10-15,39200,39500,39200,39250,255100
2018-10-16,39500,39550,39250,39400,368900
2018-10-17,39400,39550,39350,39350,207400
2018-10-18,39600,39600,39350,39500,395400
2018-10-19,39300,39600,39300,39500,143000
2018-10-22,39500,39650,39400,39600,483800
2018-10-23,39400,39600,39400,39600,325700
2018-10-24,39600,39750,39525,39750,216200
2018-10-25,39750,39769.25,39443.76,39700,316600
2018-10-26,39750,40000,39550,39850,343400
2018-10-29,40050,40100,39850,39850,329900
2018-10-30,39900,40100,39900,39950,212300
2018-10-31,40200,40200,39950,40000,741000
2018-11-01,40000,40100,39850,40000,224200
2018-11-02,40100,40250,39800,39800,263800
2018-11-05,39850,40050,39750,40000,441200
2018-11-06,39900,40033.33,39900,39900,161400
2018-11-07,40000,40010,39634.17,40000,231100
2018-11-08,40050,40100,39931.5,40100,232100
2018-11-09,39950,40250,39950,40100,252200
2018-11-12,40100,40265,39900,39900,376000
2018-11-13,39950,40160.14,39810.25,40000,124700
2018-11-14,40050,40050,39700,39700,301900
2018-11-15,39900,40050,39808.5,39950,303600
2018-11-16,40150,40150,39850,40100,544900
2018-11-19,39950,40150,39927.5,40050,164200
2018-11-20,39900,40100,39750,39750,420200
2018-11-21,39850,40100,39799.5,39800,152300
2018-11-22,39850,39920.5,39700,39700,100500
2018-11-23,39750,39900,39611.82,39700,171700
2018-11-26,39900,39900,39700,39700,254700
2018-11-27,39900,40000,39766.5,39850,206100
2018-11-28,40050,40050,39862,39950,119700
2018-11-29,40000,40050,39900,40000,221600
2018-11-30,39900,40100,39850,40100,290300
2018-12-03,40100,40300,40100,40100,172400
2018-12-04,40100,40250,40100,40200,158900
2018-12-05,40050,40146,39850,40100,173400
2018-12-06,39850,39850,39500,39650,226500
2018-12-07,39650,39867.64,39650,39700,286400
2018-12-10,39550,39950,39500,39650,475900
2018-12-11,39650,39900,39650,39750,485200
2018-12-12,39700,40000,39700,39950,352800
2018-12-13,39950,40100,39850,39900,195300
2018-12-14,39850,40000,39850,39950,120400
2018-12-17,39950,39950,39700,39700,243100
2018-12-18,39700,39782,39300,39450,338200
2018-12-19,39500,39700,39400,39450,638800
2018-12-20,39400,39500,39200,39400,487900
2018-12-21,39400,39779.91,39092.16,39400,521300
2018-12-24,39200,39300,38900,38900,61200
2018-12-27,39150,39150,38900,38900,83300
2018-12-28,38900,39150,38850,39100,284300
2018-12-31,39000,39200,39000,39150,107000
2019-01-02,38950,39300,38922.22,39300,208100
2019-01-03,39350,39400,39150,39150,145200
2019-01-04,39250,39400,39032.17,39200,236200
2019-01-07,39450,39500,39150,39300,397900
2019-01-08,39450,39500,39174.8,39200,291700
2019-01-09,39300,39390,39250,39250,511300
2019-01-10,39450,39450,39250,39350,215700
2019-01-11,39350,39500,39250,39350,259700
2019-01-14,39200,39350,39200,39350,252100
2019-01-15,39300,39450,39150,39200,304500
2019-01-16,39250,39350,39150,39250,200600
2019-01-17,39150,39350,39150,39250,200500
2019-01-18,39350,39410,39156,39300,499300
2019-01-21,39500,39600,39250,39350,291200
2019-01-22,39400,39600,39200,39250,194400
2019-01-23,39250,39450,39143,39200,284300
2019-01-24,39150,39350,39150,39150,203400
2019-01-25,39200,39250.5,39050,39100,163300
2019-01-28,39350,39350,38975,39000,230400
2019-01-29,39200,39350,39095,39250,270900
2019-01-30,39300,39400,39300,39400,217300
2019-01-31,39450,39550,39300,39450,509100
2019-02-01,39350,39650,39350,39600,254800
2019-02-04,39650,39650,39450,39550,229600
2019-02-05,39400,39839,39400,39800,328000
2019-02-06,39750,39925,39700,39900,184300
2019-02-07,40050,40050,39650,39700,401300
2019-02-08,39800,39830,39600,39700,290400
2019-02-11,39750,39900,39722,39900,218700
2019-02-12,40000,40000,39800,39800,296900
2019-02-13,40000,40050,39865,40050,222000
2019-02-14,39950,40153.25,39950,39950,294900
2019-02-15,39950,40200,39891.42,40050,270700
2019-02-18,40000,40150,40000,40100,294300
2019-02-19,40200,40200,40026,40100,252500
2019-02-20,40000,40100,40000,40050,270600
2019-02-21,40200,40200,40011.72,40150,507100
2019-02-22,40050,40200,40035.88,40200,147700
2019-02-25,40100,40250,39973,40100,327000
2019-02-26,40150,40150,39850,39900,259800
2019-02-27,39900,39969.6,39750,39850,392800
2019-02-28,39800,39817,39705,39800,313000
2019-03-01,40000,40000,39762.21,39850,306600
2019-03-04,39950,40000,39775,39850,251100
2019-03-05,40000,40000,39843.81,40000,326500
2019-03-06,40050,40050,39900,39950,439000
2019-03-07,39800,39950,39750,39950,238500
2019-03-08,39950,40000,39750,39950,383900
2019-03-11,39800,40090,39800,40050,355500
2019-03-12,40100,40200,39950,40200,338000
2019-03-13,40150,40200,40035,40200,372100
2019-03-14,40250,40250,40050,40200,327400
2019-03-15,40200,40350,40100,40250,540100
2019-03-18,40100,40400,40100,40350,513700
2019-03-19,40300,40350,40200,40350,316000
2019-03-20,40300,40500,40300,40400,297000
2019-03-21,40450,40650,40350,40650,327600
2019-03-22,40450,40642,40300,40350,308500
2019-03-25,40250,40350,40200,40300,384500
2019-03-26,40250,40400,40200,40300,347600
2019-03-27,40450,40450,40250,40250,339400
2019-03-28,40450,40500,40350,40400,238300
2019-03-29,40600,40601.7,40200,40600,376700
2019-04-01,40650,40665,40450,40550,286500
2019-04-02,40600,40695,40550,40550,290800
2019-04-03,40550,40565,40300,40400,279900
2019-04-04,40550,40550,40300,40350,805600
2019-04-05,40350,40528,40300,40350,701300
2019-04-08,40550,40550,40302.5,40450,406600
2019-04-09,40550,40550,40133,40150,390500
2019-04-10,40300,40350,40170.5,40350,480900
2019-04-11,40400,40400,40250,40350,331800
2019-04-12,40450,40450,40300,40400,274300
2019-04-15,40300,40450,40300,40350,385900
2019-04-16,40300,40550,40300,40450,451000
2019-04-17,40400,40550,40400,40400,305400
2019-04-18,40400,40550,40390,40450,454100
2019-04-23,40450,40650,40431.99,40600,550600
2019-04-24,40650,40700,40525,40700,656100
2019-04-25,40550,40700,40550,40600,174100
2019-04-26,40550,40700,40550,40650,338200
2019-04-29,40750,40800,40674,40800,271600
2019-04-30,40800,40850,40651.5,40800,189300
2019-05-01,40850,40920.4,40750,40800,459800
2019-05-02,40850,40950,40650,40650,349100
2019-05-03,40700,40766.67,40600,40600,383100
2019-05-07,40750,40750,40598.48,40600,362100
2019-05-08,40700,40700,40550,40650,428600
2019-05-09,40700,40700,40550,40550,534300
2019-05-10,40700,40700,40500,40550,244200
2019-05-13,40500,40650,40500,40600,278900
2019-05-14,40650,40750,40601,40750,230500
2019-05-15,40700,40800,40650,40800,383800
2019-05-16,40700,41139,40700,41050,419800
2019-05-17,41050,41100,41000,41100,302000
2019-05-20,41050,41200,41000,41150,474500
2019-05-21,41200,41250,41130.5,41200,377500
2019-05-22,41250,41250,41100,41100,410000
2019-05-23,41100,41205.02,41050,41150,339300
2019-05-24,41200,41300,41180.5,41300,482400
2019-05-28,41300,41300,41150,41250,404700
2019-05-29,41150,41150,41000,41000,408600
2019-05-30,41000,41106.5,41000,41100,448200
2019-05-31,41000,41150,41000,41050,238300
2019-06-03,41150,41200,40972.65,41150,328600
2019-06-04,41100,41200,41087.5,41200,339700
2019-06-05,41250,41300,41050,41250,313400
2019-06-06,41250,41550,41230,41550,473200
2019-06-07,41500,41650,41450,41650,335400
2019-06-10,41650,41800,41577,41700,287200
2019-06-11,41700,41772,41650,41750,509300
2019-06-12,41800,41800,41668.26,41700,254700
2019-06-13,41600,41674,41500,41550,469000
2019-06-14,41600,41650,41500,41650,428100
2019-06-17,41700,41700,41612,41650,272400
2019-06-18,41650,42000,41625,42000,2080700
2019-06-19,42050,42050,41700,41800,346800
2019-06-20,41700,41950,41700,41950,352300
2019-06-21,41950,42450,41880.71,42050,831300
2019-06-24,42100,42400,42020,42350,349500
2019-06-25,42300,42450,42070,42450,498300
2019-06-26,42400,42602.41,41980,42600,522000
2019-06-27,42400,42550,41840,42550,375500
2019-06-28,42450,42500,41950,42500,453700
2019-07-01,42400,42500,41960,42500,425600
2019-07-02,42500,42500,42070,42500,394300
2019-07-03,42500,42550,42312,42550,390200
2019-07-04,42450,42600.12,42450,42600,275100
2019-07-05,42550,42650,42300,42600,253700
2019-07-08,42650,42650,42346.5,42550,437500
2019-07-09,42600,42600,42300,42400,338700
2019-07-10,42400,42474,42250,42400,370900
2019-07-11,42300,42360.67,42200,42250,313700
2019-07-12,42400,42422.5,42300,42400,215400
2019-07-15,42400,42450,42334.67,42400,389800
2019-07-16,42400,42515.8,42375,42400,708400
2019-07-17,42500,42550,42300,42350,310900
2019-07-18,42300,42450,42300,42350,267400
2019-07-19,42450,42500,42350,42500,394600
2019-07-22,42550,42550,42250,42250,303900
2019-07-23,42400,42539.62,42375.95,42400,470300
2019-07-24,42450,42550,42413,42550,501400
2019-07-25,42550,42550,42400,42400,240600
2019-07-26,42450,42500,42350,42500,159500
2019-07-29,42550,42800,42465,42700,702200
2019-07-30,42750,42950,42700,42800,372200
2019-07-31,42800,42910,42700,42700,321000
2019-08-01,42700,42900,42600,42650,448300
2019-08-02,42750,42800,42400,42400,301800
2019-08-05,42650,42700,42450,42500,704100
2019-08-06,42450,42550,42331,42350,394900
2019-08-07,42500,42650,42500,42600,373000
2019-08-08,42600,42800,42525,42750,518100
2019-08-09,42850,43050,42600,42950,2476000
2019-08-12,43000,43075.37,42900,42900,300400
2019-08-13,42900,43021.25,42900,42950,365500
2019-08-14,43100,43100,42900,42900,455400
2019-08-15,42950,43000,42800,42950,616200
2019-08-16,42850,42950,42822.9,42950,287300
2019-08-19,43050,43100,42894,43100,531400
2019-08-20,43100,43174,42920,43150,818300
2019-08-21,43200,43200,42950,42950,285100
2019-08-22,43100,43200,42800,42950,242600
2019-08-23,42950,43000,42850,42900,289000
2019-08-27,43050,43050,42770,42800,398200
2019-08-28,42800,42900,42750,42850,265500
2019-08-29,42700,42898.93,42700,42750,332500
2019-08-30,42800,42928,42750,42850,261600
2019-09-02,42900,43050,42859.1,43000,317600
2019-09-03,43050,43150,42950,43000,479300
2019-09-04,43000,43150,42900,42950,564500
2019-09-05,43150,43150,42900,42900,261300
2019-09-06,42900,42950,42700,42700,243000
2019-09-09,42800,42900,42600,42700,362100
2019-09-10,42650,42758.39,42500,42600,307100
2019-09-11,42650,42650,42344.21,42450,338600
2019-09-12,42550,42650,42437.99,42650,290100
2019-09-13,42650,42650,42350,42450,432400
2019-09-16,42400,42562.5,42250,42350,321100
2019-09-17,42400,42400,42300,42350,268500
2019-09-18,42250,42450,42250,42350,267900
2019-09-19,42450,42450,42254.82,42350,513400
2019-09-20,42450,42450,42236.06,42300,1063700
2019-09-23,42450,42450,42268.21,42450,315100
2019-09-24,42400,42458,42299.77,42450,328800
2019-09-25,42400,42450,42325,42400,443200
2019-09-26,42400,42650,42400,42650,369100
2019-09-27,42650,42747.32,42516.5,42700,441900
2019-09-30,42750,42750,42450,42450,413000
2019-10-01,42500,42600,42401,42500,540000
2019-10-02,42600,42600,42300,42400,318000
2019-10-03,42350,42410,42150,42200,420100
2019-10-04,42100,42350,42100,42300,261700
2019-10-07,42350,42550,42220,42450,379300
2019-10-08,42650,42650,42350,42450,259400
2019-10-09,42400,42467.5,42350.5,42400,287100
2019-10-10,42350,42500,42300,42300,398000
2019-10-11,42400,42400,42043.38,42150,543600
2019-10-14,42350,42350,41999,42000,335500
2019-10-15,42000,42250,41900,41900,353900
2019-10-16,42050,42050,41800,41800,372600
2019-10-17,41850,42050,41600,41750,397600
2019-10-18,41800,41800,41625.15,41750,273700
2019-10-21,41750,41750,41600,41700,404700
2019-10-22,41550,41750,41550,41600,388400
2019-10-23,41750,41800,41635,41750,430600
2019-10-24,41900,41900,41780,41900,151300
2019-10-25,41900,42000,41845.46,42000,221400
2019-10-28,41900,41950,41824,41900,501200
2019-10-29,41950,42050,41773.65,41900,281900
2019-10-30,41900,42000,41801.66,41900,611300
2019-10-31,41900,42042.82,41900,41950,253900
2019-11-01,42000,42030,41850,42000,379600
2019-11-04,42100,42150,42010,42150,345300
2019-11-05,42100,42100,42000,42000,368000
2019-11-06,41950,42100,41950,42000,548300
2019-11-07,42000,42200,42000,42200,426400
2019-11-08,42200,42250,42200,42200,396000
2019-11-11,42100,42200,41950,42000,496900
2019-11-12,42050,42150,41962.5,42150,615500
2019-11-13,42150,42200,42122.44,42150,300100
2019-11-14,42150,42193,42117.59,42150,340000
2019-11-15,42300,42300,42000,42100,311300
2019-11-18,42150,42209,42000,42100,318900
2019-11-19,42200,42200,42100,42100,518800
2019-11-20,42300,42300,42050,42150,418400
2019-11-21,42050,42150,42050,42150,154700
2019-11-22,42050,42200,42050,42150,192000
2019-11-25,42150,42240,42000,42100,782500
2019-11-26,42150,42300,42076.27,42300,424500
2019-11-27,42300,42400,42230,42350,326400
2019-11-28,42400,42400,42200,42350,492400
2019-11-29,42400,42400,42091.01,42200,839400
2019-12-02,42250,42373.8,42200,42200,674700
2019-12-03,42200,42200,41760.13,41900,1115300
2019-12-04,42000,42050,41900,41950,420200
2019-12-05,41900,42000,41899.5,41950,345500
2019-12-06,42000,42000,41900,41950,287500
2019-12-09,42000,42100,41915.35,42050,325400
2019-12-10,42100,42100,41850,42100,634600
2019-12-11,42150,42150,41900,42000,437800
2019-12-12,42150,42150,41936.91,42000,297600
2019-12-13,42200,42300,41800,41850,551900
2019-12-16,41800,42250,41800,42250,655300
2019-12-17,42100,42250,42070,42250,627100
2019-12-18,42100,42350,42100,42250,418900
2019-12-19,42300,42356.4,42227.27,42350,369500
2019-12-20,42250,42450,42250,42400,686000
2019-12-23,42350,42600,42350,42600,201900
2019-12-24,42450,42527.57,42400,42500,151500
2019-12-27,42500,42650,42450,42650,175500
2019-12-30,42700,42700,42550,42550,168600
2019-12-31,42550,42600,42500,42550,229400
2020-01-02,42650,42650,42400,42500,383200
2020-01-03,42650,42800,42550,42800,337800
2020-01-06,42800,42840,42700,42700,394100
2020-01-07,42800,42815,42700,42750,720100
2020-01-08,42750,42850,42710.5,42800,344500
2020-01-09,42900,42950,42800,42800,290300
2020-01-10,43000,43050,42900,43050,389700
2020-01-13,43000,43050,42848,43000,266000
2020-01-14,42750,43050,42750,42950,540500
2020-01-15,42950,43050,42850,43000,938000
2020-01-16,43050,43100,42925,43100,350700
2020-01-17,43150,43250,43014,43100,385500
2020-01-20,43150,43350,43150,43300,455200
2020-01-21,43350,43350,43100,43250,337200
2020-01-22,43050,43300,43050,43200,235500
2020-01-23,43150,43300,43150,43150,334400
2020-01-24,43100,43350,43100,43350,404600
2020-01-27,43100,43300,43050,43050,599400
2020-01-28,43050,43299,43050,43200,207200
2020-01-29,43350,43350,43220.09,43250,840000
2020-01-30,43400,43400,43200,43200,253200
2020-01-31,43400,43400,43150,43150,331400
2020-02-03,43150,43450,43100,43100,450800
2020-02-04,43450,43550,43250,43550,555900
2020-02-05,43600,43600,43400,43500,311000
2020-02-06,43650,43850,43516,43850,296000
2020-02-07,43750,43850,43750,43800,336900
2020-02-10,43750,43900,43720,43800,342200
2020-02-11,43900,43950,43800,43900,703200
2020-02-12,43900,43900,43688.85,43700,441800
2020-02-13,43950,43950,43574.84,43600,781600
2020-02-14,43850,43850,43650,43700,238000
2020-02-17,43850,43900,43748,43900,405200
2020-02-18,43800,43900,43720,43900,397000
2020-02-19,43800,43900,43800,43900,261700
2020-02-20,43800,44050,43800,44050,226300
2020-02-21,44050,44050,43900,43900,386400
2020-02-24,43900,43940,43600,43700,629800
2020-02-25,43650,43690,43100,43100,429000
2020-02-26,43100,43152.12,42750,42850,1040400
2020-02-27,43000,43000,42450,42450,1521400
2020-02-28,42300,42300,41100,41200,1504000
2020-03-02,41750,42300,41600,42300,698000
2020-03-03,42350,43095.82,42284.48,42750,533700
2020-03-04,43100,43200,42950,43200,377000
2020-03-05,43000,43150,42600,43000,481400
2020-03-06,42750,42877.58,42503.5,42700,336400
2020-03-09,41700,41786.67,40900,41450,1668900
2020-03-10,41650,42050,41350,41450,434200
2020-03-11,41600,42050,41400,41400,353200
2020-03-12,41200,41261,39600,40100,934700
2020-03-13,40200,40700,39800,39900,863800
2020-03-16,39250,40200,37650,40050,2249200
2020-03-17,40200,40550,38600,40100,4948100
2020-03-18,39150,39348.48,38550,38700,1249500
2020-03-19,39550,39650,38700,38900,1244600
2020-03-20,40200,41900,39150,40200,1094900
2020-03-23,39800,39850,38050,38850,2167300
2020-03-24,39500,40400,38850,40400,674300
2020-03-25,41050,41850,40350,41150,802400
2020-03-26,41550,42500,40450,42150,495200
2020-03-27,41900,42250,40100,40950,449400
2020-03-30,40000,41100,40000,41000,728500
2020-03-31,40750,41400,40750,41400,477100
2020-04-01,40400,41200,40350,41200,651200
2020-04-02,41600,41600,41050,41050,689300
2020-04-03,41650,41650,40900,41000,686400
2020-04-06,41800,42350,41650,41650,743000
2020-04-07,42850,42950,41750,42050,934000
2020-04-08,41550,42150,41350,42000,521200
2020-04-09,42050,42300,41703.5,42300,450400
2020-04-14,42300,42800,42300,42350,780300
2020-04-15,42500,42850,41850,42800,435900
2020-04-16,43250,43250,42700,42800,575800
2020-04-17,43500,43500,42950,43100,537200
2020-04-20,43500,43600,42190,42800,1928400
2020-04-21,43150,43150,41830,42200,1019900
2020-04-22,42650,43094,41960,42750,1510000
2020-04-23,42900,43150,42000,43050,1204600
2020-04-24,43000,43225,42600,42600,382200
2020-04-27,43450,43460,43050,43050,406100
2020-04-28,43150,43550,43150,43400,560200
2020-04-29,43350,43700,43250,43700,626000
2020-04-30,43900,43900,43300,43300,521500
2020-05-01,43250,43350,42801.53,43000,459200
2020-05-04,43300,43350,42550,42800,739900
2020-05-05,43150,43400,43000,43000,454500
2020-05-06,43150,43352.5,42650,42650,387100
2020-05-07,43300,43500,42648.75,43100,551600
2020-05-11,43250,43900,43019.32,43150,427400
2020-05-12,43150,43500,43150,43350,364600
2020-05-13,43350,43650,43150,43350,606600
2020-05-14,43700,43700,42800,42850,634500
2020-05-15,43000,43650,42838.25,43300,507600
2020-05-18,43650,44100,43209.31,43900,361200
2020-05-19,44200,44400,43600,43600,448200
2020-05-20,44050,44250,43700,43700,453600
2020-05-21,43700,44400,43700,44050,394200
2020-05-22,43950,44100,43750,43750,551600
2020-05-26,44550,44550,44000,44100,715500
2020-05-27,44350,44450,43925,44200,654900
2020-05-28,44700,44750,44150,44300,408500
2020-05-29,44300,44450,44050,44150,427900
2020-06-01,44250,44450,44100,44100,273400
2020-06-02,44150,44750,44000,44000,427700
2020-06-03,44750,44750,44000,44000,402200
2020-06-04,44300,44400,44046.05,44050,515000
2020-06-05,44400,44463.5,44000,44150,519700
2020-06-08,44550,44550,44100,44100,606900
2020-06-09,44300,44400,44110,44150,581700
2020-06-10,44300,44362.5,44100,44300,762100
2020-06-11,43750,44300,43750,44050,512200
2020-06-12,44000,44105,43550,43550,853800
2020-06-15,43600,44000,43104,44000,567300
2020-06-16,44300,44650,43825,43850,348300
2020-06-17,44550,44550,44050,44050,355500
2020-06-18,44200,44500,44100,44200,303700
2020-06-19,44300,44795.87,44300,44400,604800
2020-06-22,44800,44850,44206,44300,400000
2020-06-23,44450,44843.5,44400,44500,274900
2020-06-24,45000,45000,44250,44250,367400
2020-06-25,44300,44700,44100,44100,327100
2020-06-26,44500,44586.67,44050,44250,171900
2020-06-29,44150,44450,44121,44250,364800
2020-06-30,44750,44750,44300,44300,312000
2020-07-01,44450,44600,44250,44250,393300
2020-07-02,44300,44450,43800,43800,397300
2020-07-03,44250,44600,43900,44200,354100
2020-07-06,44300,44700,44029.61,44550,442900
2020-07-07,44500,44725,44300,44350,376700
2020-07-08,44400,44688.6,44400,44500,419900
2020-07-09,44650,44700,44100,44100,331600
2020-07-10,44600,44800,44290,44350,743400
2020-07-13,44500,44833.21,44500,44800,430000
2020-07-14,44600,44684.13,44500,44650,442900
2020-07-15,44800,45100,44133.2,44800,482700
2020-07-16,44850,45090,44550,44550,402000
2020-07-17,44900,45200,44850,44850,406800
2020-07-20,45000,45200,44800,44850,525600
2020-07-21,45000,45167,44600,44600,483100
2020-07-22,45000,45200,44850,44850,421800
2020-07-23,45000,45550,44874,45400,450100
2020-07-24,45100,45376,44748.5,45250,406300
2020-07-27,44850,47000,44850,45200,816800
2020-07-28,45100,45496,45100,45200,490600
2020-07-29,45200,45400,45050,45400,358100
2020-07-30,45400,45718,44900,44900,847900
2020-07-31,45000,45950,44700,44700,701200
2020-08-03,44700,45450,44700,45150,915600
2020-08-04,45400,45400,45050,45250,518100
2020-08-05,45000,45450,45000,45450,447000
2020-08-06,45300,45405,45050,45100,492000
2020-08-07,45300,45300,45150,45200,419500
2020-08-10,45350,45400,45152.5,45200,404500
2020-08-11,45350,45400,44922,44950,297700
2020-08-12,45000,45250,44984.5,45250,347200
2020-08-13,45400,45400,45001.1,45150,549000
2020-08-14,45250,45250,44850,44900,291600
2020-08-17,44900,45100,44750,45000,509600
2020-08-18,45050,45350,44950,45150,322200
2020-08-19,45200,45350,44650,44650,489700
2020-08-20,45050,45200,44800,45000,627600
2020-08-21,45000,45146.25,44960,45100,532000
2020-08-24,45150,45339,45000,45200,422600
2020-08-25,45350,45400,45100,45150,499600
2020-08-26,45250,45400,45200,45200,211800
2020-08-27,45500,45550,45006.75,45300,370100
2020-08-28,45350,45400,45145,45350,225700
2020-09-01,45400,45420,44900,45200,592600
2020-09-02,45400,45450,45060,45300,779500
2020-09-03,45400,45622.5,45250,45250,403000
2020-09-04,45100,45400,44422.72,45000,414700
2020-09-07,44950,45172.5,44950,45000,340100
2020-09-08,45050,45250,44390.6,44900,381400
2020-09-09,45150,45390.93,44850.4,45200,517900
2020-09-10,45750,45750,45100,45100,452500
2020-09-11,45500,45500,45300,45300,421400
2020-09-14,45500,45700,45350.75,45650,299400
2020-09-15,45750,45850,45560,45850,354700
2020-09-16,45700,45886.12,45550,45550,659900
2020-09-17,45550,45650,45300,45400,388800
2020-09-18,45450,45500,45000,45000,726900
2020-09-21,45250,45390,44225,44800,452000
2020-09-22,44900,45150,44900,44900,377900
2020-09-23,45250,45420,45100,45200,484500
2020-09-24,45200,45300,44700,44700,402900
2020-09-25,45250,45300,44905,45300,317500
2020-09-28,45450,45475,45100,45350,722400
2020-09-29,45600,45600,45150,45200,418200
2020-09-30,45200,45650,45050,45200,482800
2020-10-01,45600,45650,45100,45600,514800
2020-10-02,45300,45400,45205.5,45250,396400
2020-10-05,45350,45500,45250.5,45400,466600
2020-10-06,45400,45700,45267,45400,696600
2020-10-07,45650,45650,45175.5,45350,735600
2020-10-08,45400,45500,45300,45450,525700
2020-10-09,45400,45689,45400,45550,843000
2020-10-12,45750,45750,45500,45750,628100
2020-10-13,45700,45849.5,44900,45700,378900
2020-10-14,45550,45950,45550,45750,451200
2020-10-15,45750,45750,45450,45550,640900
2020-10-16,45650,45716,45560.25,45700,423800
2020-10-19,45950,45950,45500,45550,309200
2020-10-20,45700,45700,45400,45450,371900
2020-10-21,45500,45700,45150,45200,362800
2020-10-22,45650,45650,45094.5,45150,558600
2020-10-23,45550,45550,45200,45300,435100
2020-10-26,44700,45490,44700,45300,451700
2020-10-27,45100,45400,44950,45150,871300
2020-10-28,44950,45150,44400,44400,505300
2020-10-29,44600,44650,44100,44400,496800
2020-10-30,44200,44450,44000,44000,854700
2020-11-02,44300,44800,44250,44750,484600
2020-11-03,44800,44950,44750,44900,467100
2020-11-04,44850,45150,44825,45150,277600
2020-11-05,44900,45609.78,44900,45400,440100
2020-11-06,45700,45700,45200,45300,343400
2020-11-09,45750,46550,45550,45700,756900
2020-11-10,46250,46350,45400,45550,625900
2020-11-11,45550,45850,45550,45750,732500
2020-11-12,45600,45950,45550,45900,504100
2020-11-13,45900,46100,45350,45800,655800
2020-11-16,46200,46420,45900,46050,1624000
2020-11-17,46100,46116,45550,45650,833900
2020-11-18,45700,45910,45550,45700,598100
2020-11-19,46100,46100,45400,45400,470200
2020-11-20,45450,45605,45200,45200,398500
2020-11-23,45650,45700,45000,45100,593000
2020-11-24,45150,45400,44950,44950,690800
2020-11-25,45000,45300,44951,45050,706000
2020-11-26,45150,45300,45000,45300,350500
2020-11-27,45300,46500,45050,46500,764000
2020-11-30,45750,45800,45143,45200,825400
2020-12-01,45300,45600,45200,45200,622200
2020-12-02,45350,45456.25,45222.63,45400,568600
2020-12-03,45400,45500,44329.43,45500,573000
2020-12-04,45450,45450,45000,45200,2286600
2020-12-07,45550,45600,45150,45450,695600
2020-12-08,45500,45548,45310,45400,534800
2020-12-09,45550,45572,45200,45250,472700
2020-12-10,45550,45700,45323.63,45700,754800
2020-12-11,45450,45900,45450,45900,494300
2020-12-14,46150,46150,45300,45500,735600
2020-12-15,45750,45750,45200,45200,633400
2020-12-16,45550,45600,44960,45250,1068500
2020-12-17,45150,45350,45000,45350,915800
2020-12-18,45450,45550,45348,45450,795400
2020-12-21,45900,45900,45200,45200,530300
2020-12-22,45150,45400,44900,45400,349100
2020-12-23,45450,45607.14,45150,45200,423900
2020-12-24,45750,45750,45050,45150,196700
2020-12-29,45900,46050,45360,45900,527700
2020-12-30,45900,45900,45470,45600,394700
2020-12-31,45500,45550,45200,45350,194600
2021-01-04,45600,45650,45300,45550,702900
2021-01-05,45400,45728.79,45400,45450,571900
2021-01-06,45700,45700,45200,45550,871000
2021-01-07,45650,45725,45450,45700,419300
2021-01-08,45600,45700,45450,45550,649100
2021-01-11,45950,45950,45410,45450,681200
2021-01-12,45450,45650,45000,45000,674900
2021-01-13,45450,45450,44949,45050,593700
2021-01-14,45400,45404,45050,45050,754300
2021-01-15,45100,45400,44900,44950,400500
2021-01-18,45400,45400,45000,45100,521100
2021-01-19,45150,45250,45000,45100,438100
2021-01-20,45500,45500,45000,45250,637200
2021-01-21,45400,45500,45300,45350,540100
2021-01-22,45300,45600,45200,45200,492500
2021-01-25,45350,45559,45150,45200,570000
2021-01-26,45250,45543,45250,45350,731400
2021-01-27,45450,45550,45050,45150,516800
2021-01-28,45100,45300,44925.5,45300,679100
2021-01-29,45000,45268.57,44950,44950,575900
2021-02-01,45000,45500,44850,45000,1056600
2021-02-02,45100,45450,45050,45450,511900
2021-02-03,45450,45560,45300,45450,570500
2021-02-04,45400,45475,45150,45300,493500
2021-02-05,45700,45700,45300,45450,790800
2021-02-08,45750,45750,45394.5,45550,645300
2021-02-09,45550,45550,45372,45450,436800
2021-02-10,45700,45700,45350,45450,570100
2021-02-11,45450,45768.81,45300,45450,490100
2021-02-12,45300,45550,45300,45350,647100
2021-02-15,45600,45600,45240,45550,1047500
2021-02-16,45650,45650,45300,45450,751300
2021-02-17,45300,45600,45100,45250,553400
2021-02-18,45550,45550,44912.5,45000,650000
2021-02-19,45050,45060.25,44770.2,44900,799900
2021-02-22,44800,44941.4,44350,44400,540800
2021-02-23,44350,44655.91,44250,44550,507500
2021-02-24,44700,44700,44350,44500,632900
2021-02-25,44300,44600,44300,44500,790300
2021-02-26,44250,44479.5,44150,44150,758500
2021-03-01,44200,44700,44200,44550,671000
2021-03-02,44600,44724.13,44400,44500,573100
2021-03-03,44550,44650,44400,44550,606400
2021-03-04,44600,44600,44098.88,44300,619000
2021-03-05,44350,44375,43840.82,44250,613000
2021-03-08,44250,44550,44250,44550,603300
2021-03-09,44650,44750,44400,44700,486700
2021-03-10,44850,44850,44524,44750,473500
2021-03-11,45000,45000,44400,44800,2189200
2021-03-12,44850,44900,44700,44800,354500
2021-03-15,45150,45190,44950,45000,934500
2021-03-16,44950,45300,44950,45100,442500
2021-03-17,45000,45200,44915,44950,678200
2021-03-18,45200,45230,44850,44900,535000
2021-03-19,44950,44965,44650,44900,862000
2021-03-22,45200,45200,44700,44900,579700
2021-03-23,44800,45100,44650,44900,531200
2021-03-24,45100,45150,44800,45100,402600
2021-03-25,45150,45229,44853,45150,638900
2021-03-26,45150,45369,44900,45000,711900
2021-03-29,44950,45250,44950,45250,828600
2021-03-30,45450,45500,45080,45250,597400
2021-03-31,45300,45447.5,45050,45200,727600
2021-04-01,45200,45450,45110.5,45250,596200
2021-04-06,45650,45800,45342,45650,838300
2021-04-07,45750,46250,45605,46100,863000
2021-04-08,46250,46300,46011,46300,517400
2021-04-09,46400,46400,46249,46400,516200
2021-04-12,46500,46650,46242.68,46500,840300
2021-04-13,46150,46550,46150,46550,409300
2021-04-14,46500,46512,46350,46500,615200
2021-04-15,46400,46750,46350,46750,862700
2021-04-16,46750,46950,46600,46800,516200
2021-04-19,46900,46989.9,46450,46450,646300
2021-04-20,46600,46694,46300,46300,400600
2021-04-21,46400,46600,45550,46500,417800
2021-04-22,46600,47050,46500,47050,455000
2021-04-23,47100,47297.5,46650,46850,346000
2021-04-26,46900,47000,46700,46950,541000
2021-04-27,47250,47250,46650,46750,528900
2021-04-28,46850,46990,46695.92,46850,428300
2021-04-29,46750,47134.85,46700,46900,707800
2021-04-30,46950,47200,46750,47100,737500
2021-05-04,47500,47544.5,47000,47050,621800
2021-05-05,47200,47475,46809,47000,653700
2021-05-06,47200,47230.8,46950,47050,365200
2021-05-07,47200,47500,47016.88,47400,509300
2021-05-10,47350,47548,47000,47200,745500
2021-05-11,47050,47060,46600,46600,608900
2021-05-12,47250,47250,46400,46400,505500
2021-05-13,47050,47050,46439.5,46650,418900
2021-05-14,46600,47100,46600,47000,440800
2021-05-17,47050,47350.5,46900,46900,419800
2021-05-18,47200,47275,46800,46800,510900
2021-05-19,46700,47145,46300,46600,607000
2021-05-20,46700,47000,46650,46800,521700
2021-05-21,46900,47250,46872,47150,739400
2021-05-24,47150,47335,46950,46950,491300
2021-05-25,47250,47310,47100,47150,541600
2021-05-26,47450,47500,47315.53,47400,518700
2021-05-27,47600,47600,47204.29,47300,792400
2021-05-28,47300,47522.5,47140.4,47200,537000
2021-06-01,47300,47473.53,47010.82,47150,504500
2021-06-02,47350,47483.5,47218,47300,716400
2021-06-03,47200,47300,47050,47200,340200
2021-06-04,47450,47450,47110,47300,333700
2021-06-07,47500,47550,47300,47300,466900
2021-06-08,47450,47550,47350,47350,224200
2021-06-09,47450,47525,47328.5,47450,415100
2021-06-10,47300,47600,47150,47600,433200
2021-06-11,47500,47700,47400,47650,300400
2021-06-14,47800,47800,47400,47400,381600
2021-06-15,47550,47800,47505,47550,639800
2021-06-16,47850,47850,47400,47550,562300
2021-06-17,47500,47600,47300,47300,371700
2021-06-18,47400,47600,47358.87,47550,1027700
2021-06-21,47750,47750,47350,47550,782900
2021-06-22,47700,47850,47574,47850,380600
2021-06-23,47650,47900,47596,47900,369000
2021-06-24,47750,47900,47600,47700,470800
2021-06-25,47750,47900,47700,47800,452300
2021-06-28,47750,48000,47660,47700,557700
2021-06-29,47750,48050,47698.5,47750,489900
2021-06-30,47950,48050,47700,47700,684000
2021-07-01,47950,48070,47876.27,47950,452200
2021-07-02,48150,48350,48010,48300,537200
2021-07-05,48400,48500,48129.33,48300,473000
2021-07-06,48300,48500,48200,48250,471200
2021-07-07,48450,48650,48217.5,48650,418100
2021-07-08,48400,48700,48335,48500,311600
2021-07-09,48600,48700,48200,48200,471200
2021-07-12,48500,48600,48300,48400,463700
2021-07-13,48600,48700,48450,48500,279600
2021-07-14,48500,48680,48350,48650,340900
2021-07-15,48600,48850,48550,48550,273100
2021-07-16,48650,48800,48550,48650,356400
2021-07-19,48550,48800,48300,48300,577800
2021-07-20,48700,48950,48600,48600,472200
2021-07-21,49000,49050,48800,48800,588600
2021-07-22,49000,49000,48500,48500,712800
2021-07-23,48600,49000,48600,48850,285500
2021-07-26,48900,49073.51,48700,48800,350000
2021-07-27,48700,49027.06,48700,48750,400800
2021-07-28,49000,49000,48750,48750,237700
2021-07-29,48700,49000,48550,48800,424500
2021-07-30,48900,49148.74,48650,49000,468600
2021-08-02,49200,49300,48900,49150,359100
2021-08-03,49150,49200,48950,48950,242600
2021-08-04,49100,49300,49000,49300,717900
2021-08-05,49200,49264,48900,49100,587100
2021-08-06,48900,49250,48800,48800,427200
2021-08-09,49050,49050,48250,48250,477900
2021-08-10,48850,49050,48600,48700,456600
2021-08-11,48800,49000,48700,48900,372700
2021-08-12,48900,48950,48770,48800,372400
2021-08-13,49000,49150,48879,48900,544000
2021-08-16,49150,49450,48850,49450,418300
2021-08-17,49150,49462.5,48960,49400,749000
2021-08-18,49200,49500,49200,49400,419900
2021-08-19,49200,49450,48950,49100,287700
2021-08-20,49350,49500,49081.05,49500,424900
2021-08-23,49450,49475,49300,49400,435100
2021-08-24,49400,49500,49223,49450,229100
2021-08-25,49450,49500,49350,49400,592900
2021-08-26,49250,49400,49166.67,49350,647800
2021-08-27,49300,49400,49168,49400,393700
2021-08-31,49400,49550,49210,49400,606700
2021-09-01,49550,49650,49450,49500,778100
2021-09-02,49600,49600,49250,49250,362700
2021-09-03,49300,49550,49280,49450,542500
2021-09-06,49650,49650,49261.7,49350,455300
2021-09-07,49400,49529.06,49250,49250,457500
2021-09-08,49350,49450,49100,49200,381900
2021-09-09,49250,49350,49000,49100,430100
2021-09-10,49350,49360,48743.94,49050,698000
2021-09-13,49200,49280,49057.5,49100,374300
2021-09-14,49200,49400,49020,49100,352100
2021-09-15,49350,49400,48900,48900,515900
2021-09-16,49000,49450,49000,49200,430500
2021-09-17,49250,49400,48873.05,49250,1234700
2021-09-20,49150,49361.5,49000,49200,725200
2021-09-21,49100,49400,49100,49150,456100
2021-09-22,49050,49400,49050,49100,354100
2021-09-23,49350,49450,49100,49200,424200
2021-09-24,49500,49500,49000,49100,330800
2021-09-27,49350,49363.64,49020,49100,596300
2021-09-28,49100,49500,48000,48000,492500
2021-09-29,48750,49100,48329.25,48700,254600
2021-09-30,48850,49130,48450,48450,610500
2021-10-01,48450,48950,48000,48750,501000
2021-10-04,48850,49125,48400,48400,600100
2021-10-05,48950,48951.88,48500,48500,599400
2021-10-06,48600,49200,48250,48500,483100
2021-10-07,48850,49150,48650,49150,503000
2021-10-08,48950,49118,48600,48600,326000
2021-10-11,48850,49100,48600,48600,444500
2021-10-12,48800,49100,48512.5,49000,804300
2021-10-13,49000,49137.5,48700,48800,500200
2021-10-14,48900,49100,48701,48950,620300
2021-10-15,49050,49155.88,48802.5,48900,462600
2021-10-18,49100,49150,48821,49000,451600
2021-10-19,49300,49300,48750,48750,483100
2021-10-20,48800,49195,48750,48850,311700
2021-10-21,48700,49235,48500,48700,581500
2021-10-22,49050,49320,48900,49200,506600
2021-10-25,48850,49400,48850,49250,696900
2021-10-26,49200,49550,49050,49450,819300
2021-10-27,49500,49700,49300,49700,668300
2021-10-28,50000,50000,49400,49600,558700
2021-10-29,49650,49750,49300,49300,329400
2021-11-01,49600,49780,49365.78,49550,944100
2021-11-02,49550,49800,49550,49650,456200
2021-11-03,49650,49850,49500,49750,338700
2021-11-04,49850,50100,49690,50100,508700
2021-11-05,50200,50495,50009.9,50400,508700
2021-11-08,50400,50500,50000,50300,782500
2021-11-09,50400,50500,50250,50300,585000
2021-11-10,50300,50700,50255,50700,454000
2021-11-11,50700,50900,50500,50900,482600
2021-11-12,50500,50900,50300,50700,530900
2021-11-15,50800,51166,50700,50800,367700
2021-11-16,50800,50945,50669.7,50900,537300
2021-11-17,50700,50820,50400,50400,675900
2021-11-18,50700,50700,50549.5,50700,411200
2021-11-19,50600,50800,50490.46,50800,372000
2021-11-22,50600,50849.79,50400,50600,338000
2021-11-23,50500,50600,49900,50100,440800
2021-11-24,50100,50300,50080,50100,298700
2021-11-25,50200,50500,50147.55,50500,456900
2021-11-26,49700,50300,49482,49950,847600
2021-11-29,50200,50280,49800,49950,432700
2021-11-30,50000,50100,49800,49850,561700
2021-12-01,49650,50045,49650,50000,446200
2021-12-02,49750,49750,49214.75,49500,566500
2021-12-03,49750,49850,49450,49700,496400
2021-12-06,49750,49950,49425,49900,383800
2021-12-07,50100,50400,49896,50300,355900
2021-12-08,50400,50600,50362.13,50400,330400
2021-12-09,50500,50590,50400,50500,384800
2021-12-10,50300,50510,50300,50500,378500
2021-12-13,50300,50610,50300,50400,340000
2021-12-14,50300,50550,50100,50100,260100
2021-12-15,50200,50352.5,49950,49950,892200
2021-12-16,50400,50600,50100,50200,551800
2021-12-17,50100,50200,49950,50200,1273500
2021-12-20,50500,50500,49750,50000,525100
2021-12-21,50300,50470,49850,50100,394200
2021-12-22,50100,50500,49950,50000,321500
2021-12-23,50600,50600,49979.2,50300,240700
2021-12-24,50300,50595,49900,50200,186600
2021-12-29,50400,50700,50250,50300,511800
2021-12-30,50400,50600,50300,50500,386700
2021-12-31,50200,50540,50200,50200,292400
2022-01-04,50800,50800,50289.47,50400,750100
2022-01-05,50200,50515,50000,50000,616600
2022-01-06,49800,49960,49583.3,49800,394200
2022-01-07,49850,49850,49251,49300,529000
2022-01-10,49450,49500,48850,49000,767400
2022-01-11,49150,49400,49000,49350,617400
2022-01-12,49400,49503.58,49300,49350,499700
2022-01-13,49550,49550,49122.5,49150,605500
2022-01-14,49100,49200,48850,49100,580000
2022-01-17,49100,49200,48900,49050,704100
2022-01-18,49300,49300,48641.65,48800,481900
2022-01-19,48700,48900,48550.51,48850,705500
2022-01-20,48800,49137.25,48675,49000,402700
2022-01-21,48700,48950,48615,48800,478500
2022-01-24,48850,48950,48100,48300,841900
2022-01-25,48400,48660,48301.54,48600,537000
2022-01-26,48650,48900,48400,48700,842900
2022-01-27,48650,48900,48400,48800,412600
2022-01-28,48800,49000,48352,48800,894500
2022-01-31,49000,49200,48810,49200,535500
2022-02-01,49400,49412.5,49051,49300,452400
2022-02-02,49400,49500,49250,49350,525800
2022-02-03,49400,49500,49150,49300,616900
2022-02-04,49400,49480,49000,49000,661000
2022-02-07,49350,49450,49180,49300,480100
2022-02-08,49300,49395,49058.25,49250,296700
2022-02-09,49500,49550,49210,49450,390400
2022-02-10,49400,49570,48900,49100,551400
2022-02-11,49000,49100,48810,48900,448200
2022-02-14,48900,49100,48500,49000,668600
2022-02-15,49050,49239,48961.2,49150,589000
2022-02-16,49250,49300,48950,49050,385900
2022-02-17,49150,49300,49000,49050,478600
2022-02-18,49000,49050,48850,48900,343600
2022-02-21,49450,49450,48500,48900,475400
2022-02-22,48700,49000,48677.5,48750,545000
2022-02-23,48700,48942.29,48650,48800,481500
2022-02-24,48250,48700,48250,48700,592700
2022-02-25,49000,49300,48900,49300,556800
2022-02-28,49200,49650,48853,49450,524100
2022-03-01,49350,49800,49350,49700,413900
2022-03-02,49550,49900,49550,49800,499600
2022-03-03,49800,49800,49400,49400,431900
2022-03-04,49550,49600,49000,49300,533700
2022-03-07,48700,49475,48600,49000,665900
2022-03-08,49000,49250,48800,49000,617600
2022-03-09,49400,49450,49114.95,49350,343600
2022-03-10,49400,49500,49200,49250,651800
2022-03-11,49300,49630,49179.25,49300,485500
2022-03-14,49300,49510,49200,49450,499300
2022-03-15,49200,49290,49000,49050,674700
2022-03-16,49300,49550,49100,49500,965700
2022-03-17,49350,49700,49300,49700,576800
2022-03-18,49750,49995,49455.48,49850,1269800
2022-03-21,49800,50100,49710,50000,703200
2022-03-22,50100,50210,49722.47,50000,674100
2022-03-23,50000,50187.5,49850,49900,821500
2022-03-24,50100,50200,49850,50000,631800
2022-03-25,50200,50400,49970,50100,565800
2022-03-28,50300,50420,50100,50100,655600
2022-03-29,50400,50450,50100,50100,792300
2022-03-30,50300,50500,50100,50400,648600
2022-03-31,50500,50500,50200,50400,726700
2022-04-01,50400,50600,50001,50300,613900
2022-04-04,50400,50500,50145.46,50500,741300
2022-04-05,50300,50600,50100,50500,739000
2022-04-06,50400,50500,49900,50000,889300
2022-04-07,50100,50200,49887.5,50000,683600
2022-04-08,50300,50300,50000,50300,531200
2022-04-11,50400,50400,49716,49950,636700
2022-04-12,50000,50100,49650,49850,584800
2022-04-13,49850,50000,49650,49900,504300
2022-04-14,50100,50100,49445,49850,690600
2022-04-19,49900,50000,49600,49650,818200
2022-04-20,49750,49850,49610,49750,729200
2022-04-21,49950,50000,49800,49950,749900
2022-04-22,49700,49995,49502.5,49650,523000
2022-04-25,49950,49950,49250,49700,727700
2022-04-26,49900,50010,49750,49750,689900
2022-04-27,49800,49950,49600,49950,528300
2022-04-28,50100,50210,49830,49850,692200
2022-04-29,50200,50400,50072.71,50300,667400
2022-05-03,50400,50400,49550,49550,1008000
2022-05-04,49900,50000,48950,49650,720200
2022-05-05,50100,50600,49800,49800,771500
2022-05-06,49800,50200,49800,50200,1663600
2022-05-09,49850,50120,49092,49250,638500
2022-05-10,49200,49500,48882,49150,585900
2022-05-11,48900,49346.12,48900,48950,608100
2022-05-12,48550,49250,48550,49000,584600
2022-05-13,49400,49450,48950,49350,540700
2022-05-16,49450,49450,48996.67,49100,684100
2022-05-17,49300,49350,48908.5,49100,533300
2022-05-18,49350,49450,48863.44,49050,651000
2022-05-19,49150,49150,48300,48500,809100
2022-05-20,48550,48800,48250,48250,493400
2022-05-23,48600,48650,48270.05,48650,556600
2022-05-24,48750,48800,48350,48350,847300
2022-05-25,48600,48750,48400,48400,583200
2022-05-26,48900,48900,48272.5,48500,527400
2022-05-27,48500,48805,48500,48700,580800
2022-05-30,48750,48999,48600,48700,513400
2022-05-31,49100,49250,48650,49250,876500
2022-06-01,49200,49200,48800,48800,541800
2022-06-06,49300,49300,48900,48900,623100
2022-06-07,48950,49200,48800,48900,609500
2022-06-08,48850,49100,48850,48850,580900
2022-06-09,48750,49216.54,48750,48850,762000
2022-06-10,48750,48910,48377.86,48400,548400
2022-06-13,48450,48500,48000,48000,529400
2022-06-14,48050,48350,47834.58,47850,752500
2022-06-15,48350,48350,47900,47950,573600
2022-06-16,47950,48133.5,47050,47350,1030400
2022-06-17,47550,47550,47060,47350,1262800
2022-06-20,47600,47650,47303.5,47350,399100
2022-06-21,47500,47600,47299.76,47600,305900
2022-06-22,47300,47750,47300,47700,694800
2022-06-23,47750,47810,47550,47700,848100
2022-06-24,47550,48500,47550,48400,675900
2022-06-27,48350,48500,48260,48300,468800
2022-06-28,48300,48530,48200,48200,493800
2022-06-29,48050,48220,47949.23,48100,415900
2022-06-30,47950,48150,47650,48050,656000
2022-07-01,48000,48300,47800,48150,430200
2022-07-04,48250,48350,47912.5,48100,283100
2022-07-05,48200,48350,48110,48250,415800
2022-07-06,48700,48850,48350,48350,266500
2022-07-07,48550,48692.5,48150,48300,484400
2022-07-08,48400,48560,48100,48100,337700
2022-07-11,48250,48450,48174.23,48300,490200
2022-07-12,48400,48550,48170,48400,445000
2022-07-13,48300,48400,47900,47900,721800
2022-07-14,48100,48210,47750,47900,400700
2022-07-15,48150,48566.04,48086.35,48400,461000
2022-07-18,48600,48650,48163.43,48200,355000
2022-07-19,48200,48385,47959,48200,295700
2022-07-20,48300,48500,48250,48300,383100
2022-07-21,48350,48500,48235,48350,343300
2022-07-22,48500,48800,48295,48650,504600
2022-07-25,48550,48700,48450,48550,623300
2022-07-26,48600,48835.27,48503.88,48650,608200
2022-07-27,48550,48900,48475,48900,461400
2022-07-28,49000,49100,48650,49050,362500
2022-07-29,49050,49700,48989.25,49150,632800
2022-08-01,490,500,487.2663,492.5,148858
2022-08-02,494,495.3,489,494,841019
2022-08-03,490,495.25,488.5001,492,643233
2022-08-04,488.4,496,488,496,863284
2022-08-05,495,496.8,491.4,495,890089
2022-08-08,496,496,493.1222,494.4,768312
2022-08-09,493.2,496.4,492.2,493.6,424676
2022-08-10,494,496,490.8,496,376163
2022-08-11,496.6,496.6,491,492.6,736199
2022-08-12,496,496,490.6,495,694804
2022-08-15,498,498,493.795,497.2,730202
2022-08-16,495,499.6,495,496.4,648842
2022-08-17,496.8,499,495,495.6,833219
2022-08-18,496.2,499.4,489.2,498,600772
2022-08-19,495.6,501.5,495.6,498.6,738677
2022-08-22,500,500,497,497.2,999904
2022-08-23,500,500,495,495,849539
2022-08-24,496.8,497.92,495.6,497.4,889072
2022-08-25,496,498.4,495,495.8,360677
2022-08-26,497.4,498.0626,494,494,359669
2022-08-30,493.8,498.8,490.6,491,518478
2022-08-31,491.6,495.6,490.4,491,481623
2022-09-01,490.8,491.6,485,485.8,1155510
2022-09-02,487,489.6,485.412,489.4,469809
2022-09-05,489.6,490,488,488.4,461715
2022-09-06,488.8,489,484.6,487.4,639374
2022-09-07,487.6,488.2,479.975,488.2,745273
2022-09-08,490,490.2,487,488,543712
2022-09-09,488,491.4,488,490.2,396152
2022-09-12,489,491.2,488.4,490.8,1228947
2022-09-13,490.6,492,485.6,487.4,572655
2022-09-14,486,488,483.2525,484,459611
2022-09-15,484,486.05,483.5,484.5,569553
2022-09-16,484,487,482,483.5,1345192
2022-09-20,483.5,487.5,480,481,322291
2022-09-21,480,483.5,480,482.5,409605
2022-09-22,480,481.7,478.125,481,363995
2022-09-23,478.5,480.5312,478,479.5,454337
2022-09-26,479,484,478,484,688420
2022-09-27,485,486.2,478,479,580893
2022-09-28,479,482.1033,469.5,473,1264733
2022-09-29,472,474.4,467.5,469,1806048
2022-09-30,467,473,466.5,469.5,518848
2022-10-03,470,472,468.262,472,522412
2022-10-04,476,478,472.258,477,405312
2022-10-05,476,478.5,474.05,477,416184
2022-10-06,480,480,474.625,476,670451
2022-10-07,478,479,473,473.5,560609
2022-10-10,474.5,475.5,469.5,472.5,539330
2022-10-11,470.5,474.5,468.6333,470.5,517782
2022-10-12,471.5,473,468,469.5,435551
2022-10-13,470,474.5,465.5,470,986974
2022-10-14,474,477,470.816,472,446648
2022-10-17,473.5,474,470,474,487103
2022-10-18,476,476.5,472.5,472.5,460272
2022-10-19,474,475.5,471,472,536592
2022-10-20,472,475,471,473,335574
2022-10-21,474,474,471,473.5,354019
2022-10-24,470.5,476,470.5,472,447323
2022-10-25,473,476,472.149,476,687631
2022-10-26,473.5,476,472,475,574130
2022-10-27,472,475.5,472,473.5,269871
2022-10-28,472,475,470.75,475,283847
2022-10-31,476,477,473,474.5,356174
2022-11-01,476,477.5,474,475.5,470980
2022-11-02,478,478,474.025,475.5,436414
2022-11-03,474,474.5,472.5,474,418746
2022-11-04,475.5,476.125,471.4281,472,420693
2022-11-07,476,477,472,473,347331
2022-11-08,476,476.5,473,475,334617
2022-11-09,474.5,477,472.7953,475.5,321538
2022-11-10,475,480,473.7355,479.5,370752
2022-11-11,481.5,482,477.52,479,399183
2022-11-14,481,483,477.5,479.5,457985
2022-11-15,479,482.5,475.5,479.5,469319
2022-11-16,480,480,477,478.5,389541
2022-11-17,480,484,476,478.5,270542
2022-11-18,479,479.5,476,476,641068
2022-11-21,479,480,477.0495,478.5,320320
2022-11-22,481,484,478.06,479.5,357812
2022-11-23,479,481.5,479,479.5,270583
2022-11-24,480,483.5,479,479,331900
2022-11-25,480.5,484,479,480,154728
2022-11-28,482,482.5,478.872,479.5,498275
2022-11-29,479,481.5,478,479,369114
2022-11-30,479.5,482.5,479,479,375820
2022-12-01,482.5,484.5,478.971,484.5,385227
2022-12-02,481.5,482.5,478.9059,482,307107
2022-12-05,481.5,482.5,479.5,480.5,286726
2022-12-06,479.5,482,478.5,478.5,291303
2022-12-07,480,480,478,478,590390
2022-12-08,479.5,479.75,478,478,287948
2022-12-09,478.5,479.5,477,477,338558
2022-12-12,477.5,479,476.5,476.5,344189
2022-12-13,477.5,478.655,476.8728,478.5,589365
2022-12-14,477.5,479.4999,477,478,530422
2022-12-15,476.5,477,474.995,476.5,285796
2022-12-16,476,481,474,474,960751
2022-12-19,476,476.5,473.855,476,341396
2022-12-20,475,475.5,473,473,362750
2022-12-21,475,477,473.313,477,338946
2022-12-22,477.5,478,474.5,476,304197
2022-12-23,474,480,474,476.5,151014
2022-12-28,478,478,475,476.5,229058
2022-12-29,482,482,471.975,476.5,189395
2022-12-30,475.5,477.5,475.2355,477.5,263932
2023-01-03,478.5,479,474.591,477.5,925177
2023-01-04,478,478.5,476.5,478,596505
2023-01-05,479,479.0799,477.5,479,355597
2023-01-06,479,479.5,477,478.5,368452
2023-01-09,480,480,475.5,478,565546
2023-01-10,479,479,477,477.5,528814
2023-01-11,478.5,480.4432,477.7987,479,504792
2023-01-12,480,481.5,478.5,480.5,642062
2023-01-13,480,482,479.5,482,342748
2023-01-16,481.5,483,480,481.5,544959
2023-01-17,481.5,481.5,479.5,480.5,341930
2023-01-18,480,481,477.5,479,381771
2023-01-19,477,479,476.3172,477.5,308815
2023-01-20,479.5,481.5,474,479,581616
2023-01-23,481,481,476.049,478.5,454441
2023-01-24,478.5,480,477.5,480,570178
2023-01-25,476.5,480.5,476.5,479,444405
2023-01-26,478.5,481,477.5,480,471647
2023-01-27,479,481.5,478.833,480.5,492851
2023-01-30,481.5,482,479,480.5,1252969
2023-01-31,479,481,478,480,414736
2023-02-01,480,482,479.25,481.5,443472
2023-02-02,482,486,480.76,485.5,606972
2023-02-03,485,486.5,482.5,486,878609
2023-02-06,484,487,481.5,483.5,505203
2023-02-07,484,484,482,483,317112
2023-02-08,483.5,485.5,482.8728,484,1305970
2023-02-09,482.5,484,480.5,481,441878
2023-02-10,479,482.5,477,479.5,437018
2023-02-13,482,484,479,480,371871
2023-02-14,482.5,482.5,477.5,477.5,473419
2023-02-15,477,481,476.533,479.5,453591
2023-02-16,480.5,481.5,478.1,479,316950
2023-02-17,476,480,475.75,480,582239
2023-02-20,476,480,476,478.5,549156
2023-02-21,478,480.5,475.5,475.5,631436
2023-02-22,474.5,477,473,477,582239
2023-02-23,477.5,480,474.5,474.5,343637
2023-02-24,476.5,477,473.5,476,462976
2023-02-27,477,478.5,474.4589,474.5,334434
2023-02-28,475,479,473.5,474,559014
2023-03-01,476.5,477.683,472.182,474.5,446989
2023-03-02,472.5,474,470.815,473.5,506421
2023-03-03,475,476,473.59,475,336876
2023-03-06,476.5,476.5,473.5,475.5,425981
2023-03-07,477,479.5,472.1,473,596704
2023-03-08,471,474.875,470.5,470.5,606677
2023-03-09,470,476.5,466.935,467,560642
2023-03-10,466,468.5,463.8682,467,864169
2023-03-13,466,473.5,466,472,1092175
2023-03-14,475,475.5,470,474.5,508701
2023-03-15,476.5,476.5,468.5,472,1039640
2023-03-16,471,478,469,478,572415
2023-03-17,476.5,478.5,472,472,897772
2023-03-20,473,478,471.56,476,502421
2023-03-21,472,480.5,471.5,477.5,403742
2023-03-22,477.5,480.5,472,475,417670
2023-03-23,472.5,476,471.5,475.5,383559
2023-03-24,476,480,471.496,480,640230
2023-03-27,479,482,475.5,478,578262
2023-03-28,476,480,474,476,499271
2023-03-29,473,479.5,472.5,475,694463
2023-03-30,475,481,474.2,474.5,702675
2023-03-31,477.5,484.5,474.1,477.5,749801
2023-04-03,480.5,483,477.1,478.5,823431
2023-04-04,479.5,485,474,476,534155
2023-04-05,476,479,474.5,474.5,1353757
2023-04-06,477.5,482.5,474.7501,479.5,734519
2023-04-11,479,486,478.3287,480,668016
2023-04-12,480,485.5,476,477.5,698057
2023-04-13,477,482,477,481,533617
2023-04-14,481,483.5,479.345,481.5,539702
2023-04-17,479.5,487.5,477.5,478.5,527923
2023-04-18,477,480,476.5,477.5,685775
2023-04-19,476,487,475,477.5,588849
2023-04-20,476,479,475,478.5,472278
2023-04-21,478.5,483,475.125,483,463676
2023-04-24,481,486.5,478,479,517762
2023-04-25,478,482,476.925,481,443724
2023-04-26,480,482,477.375,479.5,440193
2023-04-27,477.5,481.775,477.5,481,334722
2023-04-28,479,483,478.5,481,617010
2023-05-02,479,485,477.5,480.5,592711
2023-05-03,481,483.569,476.5,483,647580
2023-05-04,480,484,479.5,482.5,1038746
2023-05-05,476,486.5,476,484.5,360865
2023-05-09,482,487,480.423,484,836334
2023-05-10,483.5,486,482.5,482.5,691435
2023-05-11,482,486,478.5,482,318454
2023-05-12,476,486.5,476,478,450834
2023-05-15,480,484,477.433,478.5,425032
2023-05-16,479.5,480,477.5,480,377903
2023-05-17,477,482,476,479,343376
2023-05-18,479,482.5,477.6,479,384031
2023-05-19,480,483.5,477.5,478.5,684956
2023-05-22,479,482,478.22,478.5,448545
2023-05-23,478.5,482,475.67,477.5,468006
2023-05-24,475,477.5,472.5,476,653903
2023-05-25,476,478,474.172,475.5,440046
2023-05-26,477.5,478,474,474,760692
2023-05-30,474,478,471.5,471.5,1501376
2023-05-31,472,475.5,470.5,471.5,852971
2023-06-01,476.5,476.5,471.005,475,415708
2023-06-02,476.5,476.5,470.5,473.5,303466
2023-06-05,475.5,476,470.5,473,329626
2023-06-06,471,477.5,471,475.5,816527
2023-06-07,475,475.727,471.5,472.5,842933
2023-06-08,473,475,469.5,469.5,434650
2023-06-09,470,474,468,470,432821
2023-06-12,473,474,469,470.5,474623
2023-06-13,471,475.5,469,470.5,450758
2023-06-14,468.5,472.3673,468,470.5,553081
2023-06-15,471.5,471.5,467,467,2912978
2023-06-16,470.5,473.5,468,472.5,842389
2023-06-19,468.5,471.4,466,469.5,656914
2023-06-20,467,471,467,469.5,1086921
2023-06-21,467,471,464.5,467.5,550720
2023-06-22,462.5,466,462.375,462.5,559776
2023-06-23,462,471.5,462,464,734070
2023-06-26,464.5,472,461.5,465,721022
2023-06-27,464,466.31,462,463.5,406753
2023-06-28,462.5,466.5,461.5,464.5,1316716
2023-06-29,462.5,467,462,464,1671914
2023-06-30,463.5,466.5,462.5,466,468280
2023-07-03,470,471.875,463,465,2723301
2023-07-04,464.5,467.5,463,465,2115198
2023-07-05,466.5,471,463,465,441206
2023-07-06,463.5,465,460.5,460.5,1212934
2023-07-07,461.5,464.5,460.75,461,1001433
2023-07-10,459.5,464.5,458.9862,460.5,696505
2023-07-11,461.5,463.5,459.52,461.5,390348
2023-07-12,461,468,460.5,463,905446
2023-07-13,463,465,461.5,464,393757
2023-07-14,463.5,468,460,460.5,363737
2023-07-17,461.5,463,459.7667,461.5,585156
2023-07-18,460.5,464.5,460,464,650181
2023-07-19,469,474.7,464,471,669346
2023-07-20,468,469.74,465.5,467,392706
2023-07-21,464,468,464,468,521447
2023-07-24,466.5,468,464.5,468,350643
2023-07-25,468,471,466.75,471,1793390
2023-07-26,468,471,467.955,470.5,480874
2023-07-27,471,474.2492,468.5,474,552516
2023-07-28,471,474.5,469.5,470.5,353811
2023-07-31,467.5,473,466,470.5,551497
2023-08-01,467.5,472.5,466.5,469.5,437983
2023-08-02,465.5,470.5,464.5,467,526435
2023-08-03,465.5,471,465,466,266271
2023-08-04,465.5,469,463.5,465,883075
2023-08-07,463.5,467,463,465,905657
2023-08-08,463,469.5,463,465.5,306569
2023-08-09,469.5,469.5,465.5,467,233288
2023-08-10,472.5,472.5,465.625,466.5,388171
2023-08-11,466.5,473.5,465,465,272036
2023-08-14,466,468.747,464.5,465.5,573013
2023-08-15,464.5,468.0082,463.5,464,777265
2023-08-16,463.5,465.1152,462,462,319151
2023-08-17,461,464.1964,460.3,461.5,548857
2023-08-18,460,464.5,460,460,507192
2023-08-21,459.5,464.5,459.5,459.5,890161
2023-08-22,469.5,469.5,460,460,911212
2023-08-23,459.5,466,459.5,464,513359
2023-08-24,461,465,460.5,463,530720
2023-08-25,464,464,461.996,463,436713
2023-08-29,463,468,462.5467,465.5,565276
2023-08-30,469.5,470,465,465.5,414465
2023-08-31,466,467.725,464.5,466.5,596913
2023-09-01,467,467.5,464.5,465,429151
2023-09-04,466,469.5,464.5,466.5,341236
2023-09-05,465.5,469.5,464,465,552017
2023-09-06,463.5,470,463.5,463.5,545160
2023-09-07,463.5,466,462.7813,465.5,394334
2023-09-08,465.5,467,465,465,567750
2023-09-11,466,467,461,466,723565
2023-09-12,467.5,467.5,463,466,645642
2023-09-13,467,467,464,466,489150
2023-09-14,466,474.5,465,474.5,838808
2023-09-15,471,471,467.395,469,653745
2023-09-18,465,469.5,465,467,608704
2023-09-19,468,469.5,464.5,466,1110973
2023-09-20,467,471.5,466.5,468.5,1024621
2023-09-21,466.5,469.5,466.5,468.5,1409608
2023-09-22,466.5,469.5,466.5,467,299384
2023-09-25,465.5,469,465.5,466.5,702200
2023-09-26,464.5,467.5,464.5,465,1031573
2023-09-27,464,466.5,463,463,884164
2023-09-28,463.5,465.03,461,461,443369
2023-09-29,460.5,464,460,462,595372
2023-10-02,464,464.5,460.5,460.5,524355
2023-10-03,459,462.5,459,459.5,1073522
2023-10-04,460,460.935,458.5,458.5,530635
2023-10-05,460,462,458,459,736028
2023-10-06,458.5,462,458,458,512698
2023-10-09,459,461.382,457,460,628919
2023-10-10,462,463.5,460.35,462,2061720
2023-10-11,464,464.1032,461,462,747251
2023-10-12,463,465.5,461.5,462.5,609179
2023-10-13,463,466.5,461.5,463.5,998498
2023-10-16,462,466.5,462,464.5,441385
2023-10-17,462.5,466,462.5,465.5,677558
2023-10-18,464.5,466,464.2465,465,443030
2023-10-19,465.5,466,463.5,463.5,498289
2023-10-20,462.5,466.5,462.5,464,839268
2023-10-23,462.5,466.5,462,463.5,548242
2023-10-24,464,465.5,463,463.5,702543
2023-10-25,464.5,466.236,463.5,466,842017
2023-10-26,464.5,467.5,463.6174,464,434177
2023-10-27,464.5,465.1597,462.5,462.5,417424
2023-10-30,462.5,465,461,463,502260
2023-10-31,463,465.5,462.5,463,760368
2023-11-01,462.5,465,461,463.5,931461
2023-11-02,464.5,468.5,463.1,468,1253184
2023-11-03,466,468.5,466,467.5,412591
2023-11-06,466,469,464.269,465.5,571402
2023-11-07,464,468,464,468,315362
2023-11-08,466,469.5,466,467,762833
2023-11-09,466,469,466,468.5,289695
2023-11-10,469,469,463.9401,465,266662
2023-11-13,464,466,464,465,544910
2023-11-14,463.5,466.5,463.4,465,1921900
2023-11-15,466,466,463.5,464,617847
2023-11-16,464,465.5,463.5,465,571627
2023-11-17,467.5,468,464.5,464.5,664146
2023-11-20,465,466,463.5,464,553903
2023-11-21,463.5,465.5,462.5,464.5,826411
2023-11-22,463,467,463,467,640831
2023-11-23,467.5,467.5,464,465.5,663674
2023-11-24,467,467,463.5,463.5,372859
2023-11-27,463,464.5,462.3333,464.5,744306
2023-11-28,463.5,464.953,463.5,464,607227
2023-11-29,463,465.5,463,464,1912662
2023-11-30,463.5,466,463.5,465,544528
2023-12-01,466,466.5,465,465.5,561039
2023-12-04,467.5,467.5,464.5,465.5,750925
2023-12-05,465,466.523,464,466.5,443087
2023-12-06,465.5,468,464.5,466.5,466439
2023-12-07,464.5,468.0718,464.5,466,611294
2023-12-08,468.5,468.64,466,466.5,644017
2023-12-11,466.5,470,465.9886,466,637389
2023-12-12,466,468.5,466,467,919067
2023-12-13,466.5,468.547,466.5,468,1036297
2023-12-14,469,471,467,469,1003524
2023-12-15,470,472,467.5,471.5,1642016
2023-12-18,472,472,469.5,471.5,508814
2023-12-19,469.5,471,467.8,470,920895
2023-12-20,472,473,470,473,1105723
2023-12-21,469.5,472.5,469.5,471.5,341937
2023-12-22,471,472.047,470.5,470.5,250497
2023-12-27,471,472.5,470.3684,471,562639
2023-12-28,473,473,470,472.5,408556
2023-12-29,471.5,473,471,473,114670
2024-01-02,470,473,470,472,548777
2024-01-03,474,474,470,470.5,626301
2024-01-04,471.5,472,468.5,469.5,643415
2024-01-05,470.5,470.5,467.5,468,394538
2024-01-08,470.5,470.5,467,468,886606
2024-01-09,470.5,470.5,468,470,683002
2024-01-10,469.5,470.5,468.494,468.5,503915
2024-01-11,468,469.5,468,469,666521
2024-01-12,470,472,469,469.5,699316
2024-01-15,469.5,471.5,469,471,717410
2024-01-16,469,472.349,469,471,692053
2024-01-17,468,471.5,468,468.5,524257
2024-01-18,468,469.5,467.5,468,502074
2024-01-19,469,470,467.5,468,548856
2024-01-22,468.5,471.196,468.5,469.5,461080
2024-01-23,468.5,470.5,467.5,468.5,890607
2024-01-24,470.5,470.5,467.994,468,557771
2024-01-25,468.5,471,467.5,469.5,883663
2024-01-26,470,471.3695,468.5,470.5,1377472
2024-01-29,469.5,473.5,469.5,473,917905
2024-01-30,472.5,475,471.5,474,870194
2024-01-31,473,474.7,472.282,474.5,799018
2024-02-01,472,475.1998,471.74,474.5,410003
2024-02-02,475.5,476.3457,473.5,475,2496404
2024-02-05,474.5,475.5,473.5,474.5,868486
2024-02-06,473.5,475.5,473.5,475,2353889
2024-02-07,475,475.5,474,475,764516
2024-02-08,476,476.001,474.5,475,460339
2024-02-09,475,476.5,474.5,475,526898
2024-02-12,474,475.3,473,474.5,564795
2024-02-13,475,476,471.997,472,854357
2024-02-14,473,473,471.494,471.5,520261
2024-02-15,473,474.61,472,474,581432
2024-02-16,472,474.492,472,473.5,983490
2024-02-19,474,474.5,473.4841,474,541270
2024-02-20,473.5,474.7,472.997,473,794284
2024-02-21,472.5,475.51,472.5,473,659099
2024-02-22,475.5,475.5,473,473.5,1026761
2024-02-23,473.5,475.25,472.601,473,561442
2024-02-26,474,474.5,472.6641,473.5,612316
2024-02-27,473.5,476,472.9974,473.5,770468
2024-02-28,473,474.5,472.497,474,539971
2024-02-29,473.5,473.7,471.952,473,689525
2024-03-01,474,475,472.5,474,656940
2024-03-04,472.5,474.5,472.5,473.5,818865
2024-03-05,473,476,473,474.5,910956
2024-03-06,474,476.5,473.996,476,394861
2024-03-07,474,475.5,472.997,473,709961
2024-03-08,473,475.024,472.991,475,724587
2024-03-11,473.5,475,472.5,474,581134
2024-03-12,475,476,473.6,474.5,1035457
2024-03-13,473.5,476,473.5,475.5,1348493
2024-03-14,475,476,474.5,475.5,658305
2024-03-15,474.5,475.7,473.5,475.5,958935
2024-03-18,475.5,475.6153,473.7382,474,868068
2024-03-19,473.5,475.535,473.5,474.5,771780
2024-03-20,475,476,474.7,475,734166
2024-03-21,476.5,479,474.5,477.5,871448
2024-03-22,477.5,481.048,477.5,480,1055895
2024-03-25,478,480.5,477.662,478,957760
2024-03-26,478.5,481,477.5,478.5,869347
2024-03-27,478,480.9503,477.389,479,844998
2024-03-28,479,481.5,479,480.5,747054
2024-04-02,480.5,482.38,479.504,482,1057632
2024-04-03,481,483,480,480,546268
2024-04-04,481.5,482.5,479.5,482,929702
2024-04-05,481.5,481.5,478,480,473996
2024-04-08,478.5,481.56,478.5,480,952664
2024-04-09,480.5,482.5,479.5,480,738544
2024-04-10,481,482.6395,479.78,482,758350
2024-04-11,481,482.024,479.5,482,483334
2024-04-12,482,485.859,480.877,485,781456
2024-04-15,483,484.75,480.5,481.5,574591
2024-04-16,481,481,479,480,358163
2024-04-17,481,481.995,479.5,480,655232
2024-04-18,480.5,483.024,480.5,483,502139
2024-04-19,483,484,480.7507,482,443883
2024-04-22,480.5,485,480.5,483.5,810639
2024-04-23,483.5,484.86,482.825,483.5,624746
2024-04-24,484,484.524,481.5,484.5,831682
2024-04-25,483,484,481.5,482.5,470768
2024-04-26,480.5,485.024,480.5,485,668369
2024-04-29,481,486,481,485,400752
2024-04-30,488.5,488.5,482,483,579703
2024-05-01,481,483,480.5,483,762299
2024-05-02,483.5,484,481.489,484,1570119
2024-05-03,481.5,484.5,481.5,483.5,754457
2024-05-07,483,486,482.55,485.5,698125
2024-05-08,485.5,487.5,484.7,486.5,497120
2024-05-09,487,488.5,485.662,488,660272
2024-05-10,487.5,491,486,488.5,481552
2024-05-13,488.5,490,488,488,616295
2024-05-14,488.5,489.5,486.5,488,829112
2024-05-15,488.5,490,486.5,490,590773
2024-05-16,489.5,491,488.111,490.5,607740
2024-05-17,490,491.241,488.988,490,504404
2024-05-20,489.5,492.5,488.5,491.5,659702
2024-05-21,491,491,488.5,490.5,494692
2024-05-22,488,491,488,489,399649
2024-05-23,487,489,486.5,487.5,430877
2024-05-24,487,487.5,485,485.5,471578
2024-05-28,485.5,487.5,483.5,483.5,681656
2024-05-29,483,488.5,482,482.5,600451
2024-05-30,481,484.5,481,484,662987
2024-05-31,488.5,488.5,482,485,438018
2024-06-03,484.5,486,482.6,486,421324
2024-06-04,482,487.5,482,487.5,1401654
2024-06-05,485.5,487.5,482,487,865659
2024-06-06,488.5,489.5,485,488.5,1401618
2024-06-07,489,489,485.5,487,341554
2024-06-10,484,489.5,484,484.5,622499
2024-06-11,485,486,484.1995,485,1738486
2024-06-12,485,486.5,483.5,485,681499
2024-06-13,485,487,484,485,593194
2024-06-14,484,488.5,484,487.5,959861
2024-06-17,485,488.5,485,487,575336
2024-06-18,488.5,488.5,485.5,488,708592
2024-06-19,487.5,489,486.5,489,801420
2024-06-20,489,491,487.4965,489,734889
2024-06-21,488.5,492,488.494,492,1279689
2024-06-24,492,492,489,490,753869
2024-06-25,488,490.5,488,489.5,369835
2024-06-26,488,491,486.5,490.5,1345085
2024-06-27,488,488,485,485,638886
2024-06-28,484.5,488,484.5,488,465491
2024-07-01,485,487,483,483.5,390236
2024-07-02,482,484.5,482,483,254667
2024-07-03,482,489,482,489,909230
2024-07-04,484,487,484,486,554870
2024-07-05,487,488,485,486,840007
2024-07-08,484.5,487.875,484,486,518794
2024-07-09,486,486,484,486,527615
2024-07-10,486,486,484.521,486,524513
2024-07-11,486.5,487.5,484,487.5,482133
2024-07-12,486.5,489,484.5,486.5,454819
2024-07-15,484.5,487.52,484.4292,487,432081
2024-07-16,485.5,486.5,484.78,486.5,784094
2024-07-17,484.5,486.5,484.5,486.5,510336
2024-07-18,486.5,488.5,485.564,488,1297854
2024-07-19,486.5,488,485,485.5,343434
2024-07-22,483.5,488,483.5,484.5,985627
2024-07-23,483.5,487.5,483.5,485.5,283845
2024-07-24,485,485.5,483.7,484.5,495952
2024-07-25,485,485,482.6,483.5,724874
2024-07-26,483.5,485.5,482.9894,485,745530
2024-07-29,484.5,488.5,482.265,488.5,629642
2024-07-30,485.5,487,485,486,678902
2024-07-31,484.5,487.5,484.5,487.5,555056
2024-08-01,486,490,486,490,925371
2024-08-02,490,490.9,486.5708,488,774818
2024-08-05,483,490.261,480,485.5,759816
2024-08-06,483.5,488,483,486.5,621756
2024-08-07,484,488,484,488,670992
2024-08-08,485.5,488,484.5,488,337280
2024-08-09,484,488,484,487.5,235886
2024-08-12,487.5,487.5,485.5,487.5,561652
2024-08-13,485.5,488.1,485.5,487.5,513725
2024-08-14,488,488,486,488,305165
2024-08-15,488,488.5,486.9405,488.5,430638
2024-08-16,486.5,489.5,486,489,289748
2024-08-19,486,489,485.5,487.5,547235
2024-08-20,489,490,486.5,486.5,506297
2024-08-21,487,490,486,488.5,626694
2024-08-22,490,490,484.5,484.5,601128
2024-08-23,488,488,484,484,596772
2024-08-27,486,489,483,485,485052
2024-08-28,485,488.5,484.5,485.5,792251
2024-08-29,486,488.5,485,486,688367
2024-08-30,487,489,485.5,485.5,470864
2024-09-02,486,489.5,486,486.5,906387
2024-09-03,486.5,489.5,486.5,488,1058077
2024-09-04,486,488.51,486,487.5,782891
2024-09-05,486.5,488,486.5,487.5,785339
2024-09-06,487,488,486,486.5,807604
2024-09-09,487.5,489.5,486,489,1010759
2024-09-10,489,490,487,489,582019
2024-09-11,488.5,490.5,488,489,536034
2024-09-12,488.5,491.5,488.5,489.5,469302
2024-09-13,489.5,493,489.5,492,518815
2024-09-16,489.5,492.5,489.5,492,455620
2024-09-17,491,493.5,491,492,760967
2024-09-18,490.5,493.5,490.5,491.5,482395
2024-09-19,491.5,492.995,489,491.5,386207
2024-09-20,490,491.5,490,490,1397269
2024-09-23,490,491.5,489,490.5,596661
2024-09-24,490,491.5,488.5,488.5,512935
2024-09-25,488,491.5,488,489,1402065
2024-09-26,490.5,492.1349,488.63,490,517826
2024-09-27,489,493,489,493,1647717
2024-09-30,492,493,489.5,492,1084141
2024-10-01,492,493.5,490.671,493,598004
2024-10-02,493,493.3772,490,492,352002
2024-10-03,491,495.5,491,493.5,945538
2024-10-04,494,494.5,492,493.5,331082
2024-10-07,492,494.3308,492,493.5,614367
2024-10-08,491.5,492.1,489.5,490,1113512
2024-10-09,490,492.5,490,491,644288
2024-10-10,490,492.5,489.5,492.5,687948
2024-10-11,489.5,493.5,489.5,492,940305
2024-10-14,491.5,494.5,491.5,494,497597
2024-10-15,493.5,494.7,492.982,493.5,930129
2024-10-16,495.5,496,493.75,494.5,871562
2024-10-17,494,498,494,496.5,833407
2024-10-18,495,497.5,494.5,497.5,893675
2024-10-21,494.5,498,494.5,496.5,919081
2024-10-22,495,497.292,494.5,496,494525
2024-10-23,495,496.8141,495,495,852233
2024-10-24,494,498,494,497,942199
2024-10-25,496,497.985,495.525,497.5,588752
2024-10-28,496.5,497.924,495,495.5,1262365
2024-10-29,495,496.5,493.5,493.5,710521
2024-10-30,493.5,497.6648,493,495,614893
2024-10-31,493.5,496,493,493,382923
2024-11-01,494,495,493,493,477357
2024-11-04,493,495,492.5,492.5,243814
2024-11-05,493,493.5,490,490,783469
2024-11-06,498,498,492,492,440055
2024-11-07,492,494,491,492.5,340791
2024-11-08,491.5,494.5,491,493,422992
2024-11-11,496,496.5,492.5,496.5,555613
2024-11-12,493,495.5,492.5,492.5,301311
2024-11-13,493.5,494,492,493,218156
2024-11-14,491.5,494,491.5,492.5,415076
2024-11-15,491.5,493.9814,491.5,493,604665
2024-11-18,491.5,494.5354,491.054,493,720694
2024-11-19,494,495.5,493.5,494,574563
2024-11-20,493.5,494.5,493,493.5,563607
2024-11-21,494.5,495.5,493.615,495.5,455814
2024-11-22,493.5,499,493.5,497,627526
2024-11-25,494.5,500,494.5,500,1207317
2024-11-26,498,500,496.4901,497,621774
2024-11-27,498,498,495.5,497,431245
2024-11-28,497.5,498.9722,495.5,497,352553
2024-11-29,497.5,498,497,498,218139
2024-12-02,496.5,498.5,496.5,498.5,491611
2024-12-03,497,498.5,497,498.5,270069
2024-12-04,497.5,498.54,496.5,498.5,517085
2024-12-05,497,498.335,497,497.5,396055
2024-12-06,498.5,499.04,496.5,499,458331
2024-12-09,497,499,497,498,342033
2024-12-10,498,499,496.867,498.5,335382
2024-12-11,497,500.835,497,499.5,455935
2024-12-12,500,500,497.75,498.5,288478
2024-12-13,498,502,497.5,499.5,1197541
2024-12-16,497.5,500,497.5,499.5,553107
2024-12-17,497,499,496,497.5,954546
2024-12-18,497,498.5,497,497,279773
2024-12-19,496,496.3473,493.5,494.5,661730
2024-12-20,495.5,497.5,492.5,497.5,823324
2024-12-23,495,497.9474,494.5,496,280114
2024-12-24,497.5,497.5,495,497.5,158008
2024-12-27,495.5,498.5,495,495.5,259166
2024-12-30,495.5,496.9858,494.5,495,318537
2024-12-31,497,498.3111,496,497,66996
2025-01-02,497,502,496.0103,499.5,295489
2025-01-03,500,501,497,498.5,201021
2025-01-06,498,499.5,495.5,497,602411
2025-01-07,496,498.002,495.5,497.5,560738
2025-01-08,496,500,496,499,783243
2025-01-09,498,502.846,497.5,501,986931
2025-01-10,499,502,499,501,656166
2025-01-13,500,502.6333,500,502,725508
2025-01-14,501,502,499.5,501,340163
2025-01-15,502,502.904,499.5,502,658941
2025-01-16,503,506.0949,501,505,679566
2025-01-17,503,507.2072,503,504,606015
2025-01-20,504,506.8086,503,504,626871
2025-01-21,504,507,503,506,418315
2025-01-22,504,507,503,506,388793
2025-01-23,506,507,505,505,328450
2025-01-24,505,507,504,506,482657
2025-01-27,503,506,502,505,730956
2025-01-28,507,509.5,505.313,508,850556
2025-01-29,508,509,507,507,313987
2025-01-30,509,509,507,509,300809
2025-01-31,508,512,507,511,856273
2025-02-03,507,513,507,512,637285
2025-02-04,508,511,508,509,710118
2025-02-05,508,511,508,510,688172
2025-02-06,509,513.963,509,513,378722
2025-02-07,510,512.25,510,511,376385
2025-02-10,511,513.827,509.294,512,678953
2025-02-11,512,512,510.64,512,310059
2025-02-12,511,513,510.4188,511,622519
2025-02-13,510,512,509.7656,512,646722
2025-02-14,511,512,509.491,511,362989
2025-02-17,508,511,508,510,402435
2025-02-18,510,516,508,515,1369682
2025-02-19,517,518,512,516,492203
2025-02-20,517,518,514.5,516,444752
2025-02-21,515,517,515,515,307101
2025-02-24,516,517,509,510,866115
2025-02-25,509,515,509,511,611251
2025-02-26,511,513,510,513,508303
2025-02-27,510,514,510,513,702986
2025-02-28,510,513,510,510,430269
2025-03-03,511,513.25,510,512,622432
2025-03-04,508,513,508,511,1008997
2025-03-05,511,511.9,509,510,559042
2025-03-06,507,509,505,506,1034430
2025-03-07,507,508,505,506,421512
2025-03-10,505,507,504,506,880199
2025-03-11,505,507,502.5762,504,484069
2025-03-12,502,504,500,502,375730
