Date,Open,High,Low,Close,Volume
2000-01-04,200.1149,202.6268,200.1149,201.3708,17209
2000-01-05,199.2776,200.3242,198.0216,198.0216,626643
2000-01-06,196.7657,198.8589,196.7657,198.0216,148336
2000-01-07,199.6962,199.6962,197.603,198.8589,23695
2000-01-10,197.603,199.6962,197.1843,198.8589,25155
2000-01-11,198.4403,200.1149,198.0216,199.2776,1657046
2000-01-12,197.1843,198.4403,190.9046,192.1605,302265
2000-01-13,190.9046,192.5792,188.3927,189.6486,68663
2000-01-14,188.3927,190.9046,188.3927,189.6486,97489
2000-01-17,190.9046,190.9046,185.8808,187.1367,42296
2000-01-18,185.8808,188.3927,184.2062,185.0435,49496
2000-01-19,184.6248,186.7181,183.7875,185.0435,378089
2000-01-20,187.5554,189.23,187.1367,187.1367,377538
2000-01-21,186.4669,188.3927,183.7875,184.6248,31895
2000-01-24,183.7875,183.7875,178.3451,179.601,104434
2000-01-25,179.601,188.3927,176.6705,177.9264,137477
2000-01-26,175.8332,178.3451,175.8332,176.2518,227967
2000-01-27,176.6705,176.6705,173.3213,175.4145,90401
2000-01-28,174.8284,176.2518,174.1586,175.4145,53586
2000-01-31,174.5772,174.5772,171.6467,173.7399,254217
2000-02-01,172.484,173.3213,169.9721,171.228,140670
2000-02-02,166.5391,169.1348,165.7856,168.2975,962435
2000-02-03,167.2927,169.1348,165.7856,167.0415,104092
2000-02-04,167.6695,167.6695,159.9245,160.7618,162578
2000-02-07,159.9245,162.4364,159.0872,160.7618,212845
2000-02-08,159.0872,162.4364,159.0872,160.3431,119979
2000-02-09,159.0872,161.5991,159.0872,160.3431,173765
2000-02-10,159.0872,161.5991,158.2499,159.0872,564371
2000-02-11,158.0824,159.0872,155.7379,156.9939,108631
2000-02-14,157.6637,157.8312,154.0633,155.3193,170202
2000-02-15,151.5514,152.3887,147.1975,149.0395,101578
2000-02-16,147.3649,147.3649,137.9453,138.5733,108357
2000-02-17,138.9919,139.8292,137.3173,138.5733,228220
2000-02-18,139.2431,142.3411,137.3173,141.0852,807214
2000-02-21,142.3411,150.7141,141.0852,149.0395,1611677
2000-02-22,148.6209,155.7379,148.6209,154.482,876700
2000-02-23,155.7379,157.4126,153.226,155.7379,109626
2000-02-24,156.5752,157.4126,154.9006,155.7379,86232
2000-02-25,154.6913,154.6913,147.3649,148.2022,320383
2000-02-28,146.109,146.5276,144.0157,145.2717,263043
2000-02-29,146.109,146.5276,142.3411,145.2717,706457
2000-03-01,145.6903,152.3887,145.6903,151.1328,2016929
2000-03-02,150.2955,152.3887,147.3649,149.0395,264673
2000-03-03,149.7094,151.5514,149.2489,150.2955,345711
2000-03-06,155.7379,157.4126,151.5514,153.6447,410244
2000-03-07,152.8074,154.9006,149.0395,150.2955,618630
2000-03-08,149.8768,149.8768,147.3649,148.2022,856772
2000-03-09,147.3649,148.2022,145.2717,146.5276,803016
2000-03-10,147.3649,147.3649,142.3411,143.5971,4528855
2000-03-13,139.8292,141.0852,138.1546,139.4106,189305
2000-03-14,140.2479,140.2479,138.1546,138.5733,2861603
2000-03-15,138.9919,140.6665,137.3173,138.1546,1558662
2000-03-16,138.9919,148.2022,137.3173,146.5276,2232906
2000-03-17,150.7141,160.7618,150.7141,157.8312,2336544
2000-03-20,156.5752,158.2499,154.9006,156.1566,164971
2000-03-21,154.0633,156.5752,153.854,155.3193,291512
2000-03-22,157.4126,166.6229,155.7379,166.2042,904028
2000-03-23,169.9721,179.1824,169.1348,170.3907,1559885
2000-03-24,169.9721,170.8094,167.4602,168.7161,770080
2000-03-27,169.5534,170.8094,167.4602,169.1348,199422
2000-03-28,170.8094,170.8094,167.4602,168.7161,162329
2000-03-29,168.0463,169.9721,167.4602,168.2975,214685
2000-03-30,169.1348,169.9721,164.111,164.9483,218409
2000-03-31,165.7856,165.7856,161.5991,162.855,307946
2000-04-03,161.5991,163.2737,160.7618,161.5991,261014
2000-04-04,161.5991,162.4364,157.4126,157.8312,439421
2000-04-05,156.9939,158.2499,154.9006,155.7379,147280
2000-04-06,154.0633,154.9006,148.2022,149.4582,426583
2000-04-07,149.0395,149.0395,144.853,146.109,1015593
2000-04-10,153.226,155.7379,149.0395,153.226,670028
2000-04-11,154.9006,154.9006,152.1794,154.482,177991
2000-04-12,154.9006,159.0872,154.9006,156.5752,490890
2000-04-13,157.4126,158.2499,155.7379,156.5752,130918
2000-04-14,157.6219,157.6219,155.7379,156.1566,308129
2000-04-17,151.5514,153.226,150.7141,151.5514,256123
2000-04-18,154.9006,154.9006,150.7141,151.9701,489865
2000-04-19,153.3935,159.0872,153.0167,157.4126,594085
2000-04-20,158.2499,158.2499,156.5752,157.4126,110978
2000-04-25,157.4126,157.4126,154.9006,156.1566,278389
2000-04-26,157.4126,157.4126,154.9006,156.1566,325240
2000-04-27,157.4126,170.8094,157.4126,167.4602,792499
2000-04-28,165.7856,169.1348,165.7856,167.0415,558948
2000-05-02,164.111,167.4602,164.111,165.3669,1321125
2000-05-03,163.2737,164.111,160.7618,161.5991,196467
2000-05-04,162.4364,163.2737,159.0872,161.1804,795903
2000-05-05,162.4364,162.4364,160.5524,161.1804,27540
2000-05-08,159.9245,162.4364,159.0872,160.3431,230387
2000-05-09,161.0129,161.5991,157.4126,157.8312,87904
2000-05-10,157.4126,157.4126,154.0633,155.3193,103474
2000-05-11,155.9891,156.5752,154.0633,155.3193,645425
2000-05-12,156.5752,157.4126,154.6913,156.5752,193954
2000-05-15,157.4126,162.4364,155.7379,160.7618,906750
2000-05-16,161.0129,162.4364,160.7618,162.0177,256768
2000-05-17,162.6038,164.111,160.7618,162.855,144012
2000-05-18,164.111,165.7856,161.5991,162.855,134491
2000-05-19,163.4411,164.111,161.5991,162.4364,749836
2000-05-22,161.4316,164.111,161.3897,162.855,43610
2000-05-23,164.111,164.111,161.5991,162.855,29882
2000-05-24,162.2689,163.2737,160.7618,162.0177,368610
2000-05-25,162.6038,163.2737,160.7618,162.0177,81068
2000-05-26,161.4316,163.2737,159.9245,161.5991,238797
2000-05-30,162.4364,162.4364,160.5524,161.1804,170406
2000-05-31,159.0872,161.5991,159.0872,159.9245,167846
2000-06-01,160.7618,160.7618,159.0872,159.9245,536332
2000-06-02,159.5058,162.4364,159.0872,161.1804,325775
2000-06-05,162.4364,162.4364,159.9245,160.7618,663326
2000-06-06,160.7618,160.7618,159.0872,159.9245,30622
2000-06-07,160.3431,160.3431,157.4126,157.8312,345653
2000-06-08,158.2499,160.7618,158.2499,159.9245,77427
2000-06-09,161.5991,161.5991,159.0076,159.9245,152946
2000-06-12,160.5943,160.7618,158.64,159.9245,72361
2000-06-13,159.8407,160.7618,159.0872,159.9245,73053
2000-06-14,159.0872,160.7618,159.0872,159.9245,351675
2000-06-15,160.5943,160.7618,159.2965,159.9245,43670
2000-06-16,159.0872,160.7618,159.0872,159.9245,65215
2000-06-19,160.7618,160.7618,159.0872,159.9245,97121
2000-06-20,160.7618,160.7618,159.0872,160.3431,1103423
2000-06-21,160.7618,160.9711,159.0872,160.3431,234298
2000-06-22,161.0129,161.5991,159.0872,160.3431,209935
2000-06-23,162.4364,163.2737,159.9245,160.3431,504881
2000-06-26,160.7618,160.7618,159.0872,159.9245,54230
2000-06-27,159.5058,161.5991,159.0872,159.9245,1113910
2000-06-28,159.9245,160.7618,159.0872,159.9245,112626
2000-06-29,159.0872,160.7618,159.0872,159.9245,167524
2000-06-30,161.0129,161.5991,159.0872,160.3431,324360
2000-07-03,161.5991,162.4364,158.2499,159.9245,718915
2000-07-04,161.5991,169.1348,159.7151,167.8788,310986
2000-07-05,167.0415,169.9721,166.6229,167.8788,369599
2000-07-06,167.2927,170.3907,166.6229,167.8788,98894
2000-07-07,168.5487,171.6467,166.6229,169.9721,1111711
2000-07-10,170.2233,171.6467,168.2975,170.3907,191773
2000-07-11,170.8094,172.484,169.1348,170.3907,566841
2000-07-12,169.1348,172.484,169.1348,171.6467,1135320
2000-07-13,171.6467,174.1586,170.8094,172.484,195278
2000-07-14,174.1586,174.9959,172.2746,174.1586,116516
2000-07-17,173.3213,174.9959,173.3213,174.1586,88442
2000-07-18,174.9959,174.9959,171.4373,172.0653,168912
2000-07-19,170.8094,172.484,169.9721,171.228,248817
2000-07-20,170.8094,177.5078,170.8094,174.1586,172465
2000-07-21,174.1586,177.5078,174.1586,176.6705,183922
2000-07-24,174.9959,184.6248,174.9959,183.3689,681971
2000-07-25,187.5554,190.0673,184.2062,185.4621,481469
2000-07-26,184.2062,185.0435,180.0197,180.857,356024
2000-07-27,180.857,180.857,177.5078,178.3451,152297
2000-07-28,178.1776,180.0197,177.5078,178.3451,81834
2000-07-31,179.0149,179.1824,177.5078,178.3451,47892
2000-08-01,177.6752,179.1824,177.5078,178.3451,171063
2000-08-02,179.1824,179.1824,175.7453,176.6705,125600
2000-08-03,176.0425,177.0891,176.0425,176.6705,29633
2000-08-04,174.9959,175.8332,173.3213,174.1586,543542
2000-08-07,173.3213,175.8332,172.0653,173.3213,90448
2000-08-08,172.9026,174.9959,171.6467,172.9026,334735
2000-08-09,172.2328,173.7399,171.6467,172.9026,46399
2000-08-10,172.2328,174.1586,171.6467,172.9026,29074
2000-08-11,173.7399,173.7399,171.6467,172.9026,214820
2000-08-14,173.4887,174.1586,171.6467,172.9026,311370
2000-08-15,174.1586,174.1586,171.6467,173.3213,631113
2000-08-16,172.484,175.8332,172.484,174.1586,933710
2000-08-17,173.3213,175.8332,173.3213,174.9959,273363
2000-08-18,176.6705,176.6705,174.1586,174.9959,467951
2000-08-21,175.8332,177.5078,175.8332,175.8332,520893
2000-08-22,176.503,176.6705,174.5772,175.4145,380661
2000-08-23,174.5772,176.6705,174.5772,174.5772,707224
2000-08-24,174.9959,174.9959,173.3213,174.1586,113059
2000-08-25,173.4887,174.9959,172.484,173.3213,155620
2000-08-29,177.5078,177.7171,173.3213,174.1586,355732
2000-08-30,174.9959,177.5078,174.1586,176.6705,780061
2000-08-31,177.0891,178.3451,175.8332,177.0891,320999
2000-09-01,175.8332,178.3451,175.8332,177.5078,313294
2000-09-04,178.3451,178.3451,176.6705,177.0891,148320
2000-09-05,177.5078,177.5078,175.8332,176.6705,386048
2000-09-06,175.8332,176.6705,174.5772,175.8332,83788
2000-09-07,175.8332,177.5078,174.9959,176.6705,2863773
2000-09-08,177.5078,177.5078,175.8332,176.6705,526818
2000-09-11,174.5772,174.9959,173.3213,173.7399,67948
2000-09-12,174.1586,174.1586,171.6467,172.484,127680
2000-09-13,173.3213,173.3213,170.8094,171.6467,31511
2000-09-14,172.484,172.484,170.8094,171.6467,69164
2000-09-15,172.2328,172.484,170.8094,171.6467,141964
2000-09-18,170.8094,172.484,170.8094,171.6467,88662
2000-09-19,172.2328,172.484,170.8094,171.6467,82177
2000-09-20,171.228,172.484,170.8094,171.6467,101981
2000-09-21,171.0606,172.484,170.8094,171.6467,206784
2000-09-22,172.0653,172.484,170.8094,171.6467,947726
2000-09-25,170.8094,172.484,170.8094,171.6467,43635
2000-09-26,172.2328,172.484,170.8094,171.228,84083
2000-09-27,170.2233,171.6467,166.4135,167.0415,105277
2000-09-28,166.2042,168.2975,165.7856,166.6229,137185
2000-09-29,165.7856,168.2975,165.7856,167.8788,1395047
2000-10-02,168.2975,168.2975,167.4602,167.8788,175315
2000-10-03,167.8788,168.2975,165.7856,166.2042,683341
2000-10-04,166.874,167.4602,164.111,164.9483,38699
2000-10-05,164.6971,166.6229,163.2737,165.3669,169891
2000-10-06,166.3717,166.6229,164.5296,165.3669,164417
2000-10-09,166.2042,166.6229,164.5296,165.3669,36805
2000-10-10,166.6229,166.6229,164.111,164.9483,72864
2000-10-11,164.2784,164.3203,161.0129,161.5991,238305
2000-10-12,159.5058,161.8084,159.5058,161.1804,221089
2000-10-13,161.5991,163.6923,160.7618,163.6923,379131
2000-10-16,164.9483,164.9483,162.855,163.6923,82628
2000-10-17,164.6971,168.5068,159.0872,167.8788,17299539
2000-10-18,167.4602,170.8094,167.4602,169.1348,264874
2000-10-19,169.9721,174.1586,168.2975,172.9026,184542
2000-10-20,173.9911,180.0197,173.9492,179.1824,530870
2000-10-23,178.7637,180.0197,177.5078,178.7637,102735
2000-10-24,178.1776,179.3917,177.5078,178.7637,67785
2000-10-25,179.1824,180.0197,177.5078,178.3451,37390
2000-10-26,177.5078,179.1824,175.8332,177.9264,71398
2000-10-27,177.5078,180.0197,177.5078,178.7637,23002
2000-10-30,175.8332,180.857,175.8332,179.601,63416
2000-10-31,181.6943,188.3927,181.2756,187.5554,394646
2000-11-01,191.7419,201.7895,190.0673,195.0911,747702
2000-11-02,194.2538,195.9284,192.3699,192.5792,1260826
2000-11-03,191.3232,191.3232,187.5554,188.3927,500122
2000-11-06,188.3927,190.9046,187.5554,189.6486,207102
2000-11-07,188.9788,190.9046,188.3927,190.4859,1161113
2000-11-08,191.7419,192.5792,190.0673,190.9046,751746
2000-11-09,190.8209,191.7419,189.23,190.0673,392792
2000-11-10,189.6486,190.9046,188.3927,189.6486,814160
2000-11-13,189.4812,190.0673,187.5554,188.3927,270344
2000-11-14,187.974,190.0673,186.7181,188.8113,214072
2000-11-15,189.6486,190.0673,187.3461,187.974,226856
2000-11-16,187.3042,189.23,186.7181,187.974,248912
2000-11-17,186.7181,193.4165,186.7181,192.1605,842871
2000-11-20,191.7419,199.2776,191.5326,198.0216,742012
2000-11-21,198.2728,207.6506,198.231,203.4641,530033
2000-11-22,202.6268,209.3252,202.6268,206.8133,521244
2000-11-23,209.3252,214.349,209.3252,210.1625,852437
2000-11-24,210.9998,210.9998,203.4641,203.8827,292728
2000-11-27,202.6268,204.3014,197.603,199.2776,236040
2000-11-28,199.1101,202.6268,199.0683,200.5335,207594
2000-11-29,200.1149,200.9522,198.4403,199.2776,668611
2000-11-30,200.1149,200.9522,198.4403,199.6962,87852
2000-12-01,200.9522,203.4641,199.2776,203.0454,520431
2000-12-04,203.4641,204.3014,201.7895,203.4641,561212
2000-12-05,202.6268,204.3014,197.603,198.8589,789754
2000-12-06,200.9522,201.7895,197.603,198.8589,108561
2000-12-07,197.4355,199.2776,195.0911,195.9284,195536
2000-12-08,197.603,197.603,193.4165,194.6724,20833
2000-12-11,192.5792,194.2538,191.7419,192.9978,76689
2000-12-12,193.6258,193.6258,191.7419,192.9978,49486
2000-12-13,193.8351,194.2538,191.7419,192.5792,312456
2000-12-14,193.4165,194.2538,191.7419,192.5792,431415
2000-12-15,190.9046,193.4165,190.9046,191.7419,877130
2000-12-18,192.5792,192.5792,189.23,191.3232,185216
2000-12-19,192.5792,192.5792,190.0673,190.9046,171759
2000-12-20,194.2538,196.7657,190.0673,190.4859,1699585
2000-12-21,190.8209,198.4403,190.0673,197.603,579218
2000-12-22,198.4403,198.6496,196.7657,198.0216,119761
2000-12-27,199.2776,199.2776,196.7657,198.0216,32374
2000-12-28,199.2776,200.1149,198.4403,199.2776,317523
2000-12-29,199.1101,204.3014,199.0683,203.8827,111578
2001-01-02,204.1339,205.1387,202.6268,203.8827,112815
2001-01-03,202.6268,205.1387,202.6268,203.8827,185403
2001-01-04,205.976,205.976,202.6268,204.3014,500407
2001-01-05,204.3014,213.5117,203.4641,212.6744,574347
2001-01-08,213.5117,216.8609,213.5117,215.1863,715213
2001-01-09,216.1911,224.8153,215.1863,223.5593,1224047
2001-01-10,227.7458,231.095,224.3966,225.2339,1600293
2001-01-11,229.4204,231.9323,226.0712,231.5137,675346
2001-01-12,231.5137,233.6069,228.5831,231.9323,1617864
2001-01-15,230.5089,231.095,223.978,224.8153,4698101
2001-01-16,222.722,223.5593,218.5355,220.2101,568022
2001-01-17,221.0474,222.722,220.2101,221.8847,1078262
2001-01-18,221.0474,222.9313,221.0474,221.4661,164492
2001-01-19,220.88,222.722,220.2101,221.4661,627159
2001-01-22,223.5593,223.5593,217.6982,218.9542,3054513
2001-01-23,217.8657,219.3728,214.1397,214.349,359785
2001-01-24,209.3252,209.3252,202.6268,206.8133,2594429
2001-01-25,207.0645,221.8847,206.8133,220.2101,2634698
2001-01-26,228.5831,236.9561,228.5831,234.4442,8434564
2001-01-29,235.1141,235.2815,232.7696,234.0256,907476
2001-01-30,234.4442,236.1188,232.7696,235.2815,792324
2001-01-31,234.6954,236.1188,232.7696,235.2815,4751991
2001-02-01,235.9514,237.7934,232.7696,236.9561,1194926
2001-02-02,238.6307,243.6545,238.2121,243.6545,1657303
2001-02-05,245.3291,250.3529,244.4918,248.2597,1692878
2001-02-06,249.2644,254.1208,247.4224,252.0275,1530584
2001-02-07,252.8648,254.5394,252.0275,253.2835,456855
2001-02-08,252.6137,254.5394,250.3529,251.6089,1778741
2001-02-09,250.3529,250.3529,232.7696,236.1188,2060575
2001-02-12,238.4633,238.6307,231.095,232.351,343925
2001-02-13,231.095,231.095,220.2101,226.0712,6596729
2001-02-14,226.6573,226.9085,223.5593,224.8153,2477146
2001-02-15,224.2292,228.5831,223.5593,226.4899,3210214
2001-02-16,227.1597,231.095,225.8619,229.0018,3591666
2001-02-19,229.1692,245.3291,228.4157,244.4918,4993119
2001-02-20,247.841,253.7021,247.0037,252.8648,6400527
2001-02-21,253.7021,262.9125,248.3016,261.2378,4683489
2001-02-22,260.568,280.4958,260.4005,277.5652,4551800
2001-02-23,276.3093,281.3331,276.3093,280.0771,5548749
2001-02-26,278.8212,283.0077,278.8212,282.589,1835240
2001-02-27,285.5196,289.2874,284.6823,287.1942,6059126
2001-02-28,287.8222,287.8222,274.6347,275.0533,5014678
2001-03-01,275.8906,280.4958,273.7974,279.2398,2679307
2001-03-02,280.4958,288.0315,279.2398,286.7755,3545904
2001-03-05,288.0315,288.8688,286.1475,288.0315,1092449
2001-03-06,290.962,293.8926,289.7061,290.962,1373666
2001-03-07,283.845,286.022,280.4958,281.3331,811021
2001-03-08,279.6585,281.3331,273.3787,273.7974,554681
2001-03-09,270.197,270.6575,266.9658,268.3549,472676
2001-03-12,269.0247,272.9601,267.5176,271.2855,1517650
2001-03-13,268.7736,274.6347,268.7736,273.3787,1457332
2001-03-14,280.4958,281.3331,272.1228,272.9601,4867122
2001-03-15,273.1694,273.1694,264.5871,267.099,695887
2001-03-16,267.5176,267.9363,265.4244,266.6803,253598
2001-03-19,265.2569,267.5176,263.7498,264.5871,1607748
2001-03-20,263.3311,264.7964,257.8886,258.3073,292445
2001-03-21,258.7259,258.7259,251.1902,254.9581,2517307
2001-03-22,254.1208,261.2378,254.1208,258.7259,2606609
2001-03-23,257.8886,259.5632,257.6793,258.3073,2485941
2001-03-26,258.3073,262.0752,258.3073,260.4005,1130591
2001-03-27,261.2378,262.0752,258.7259,260.4005,1584173
2001-03-28,259.5632,261.2378,258.7259,259.9819,3383502
2001-03-29,259.3958,280.0771,259.1027,274.216,326232
2001-03-30,274.8859,275.472,272.9601,274.216,718620
2001-04-02,279.6585,281.3331,264.3495,279.6585,2864874
2001-04-03,279.2398,282.1704,277.9839,280.9144,4547986
2001-04-04,279.6585,282.589,279.6585,281.7517,2150494
2001-04-05,281.1656,284.6823,280.4958,283.4263,1227821
2001-04-06,283.4263,286.3569,282.4417,285.1009,948888
2001-04-09,284.2636,290.1247,284.2636,289.2874,908535
2001-04-10,289.9573,291.3807,281.3331,283.4263,4572855
2001-04-11,285.5196,285.5196,280.4958,282.589,817173
2001-04-12,283.845,288.0315,282.589,286.7755,1985956
2001-04-17,287.4454,289.7061,284.6823,288.4501,433239
2001-04-18,289.12,292.218,288.0315,291.3807,174193
2001-04-19,291.3807,293.0553,290.5434,291.3807,776853
2001-04-20,291.7993,294.7299,290.962,293.4739,322359
2001-04-23,292.218,295.5672,291.3807,295.5672,349271
2001-04-24,296.4045,299.7537,294.7299,298.9164,1924447
2001-04-25,297.6604,301.6376,297.2418,297.6604,2151597
2001-04-26,297.9116,300.591,297.2418,299.7537,414945
2001-04-27,299.5862,303.3122,299.5444,302.6842,1040328
2001-04-30,303.9402,306.4521,301.4283,304.7775,1268482
2001-05-01,305.7823,308.1267,303.9402,306.4521,2584116
2001-05-02,306.8707,308.1267,305.6148,306.8707,1100085
2001-05-03,308.964,309.3826,305.6148,308.1267,1739934
2001-05-04,307.1219,309.8013,306.4521,308.5453,1216459
2001-05-08,309.2152,309.8013,307.2894,308.5453,428428
2001-05-09,307.9592,309.8013,302.2656,305.1961,2377110
2001-05-10,304.61,313.5691,303.1029,304.3588,2581310
2001-05-11,305.6148,310.6386,303.9402,309.3826,1550818
2001-05-14,310.2199,311.4759,309.592,310.2199,1240282
2001-05-15,310.8898,311.0572,308.1267,308.964,773766
2001-05-16,308.5453,309.1189,296.4045,298.0791,515899
2001-05-17,298.4977,298.4977,293.0553,294.3112,652301
2001-05-18,295.5672,295.5672,293.0553,294.7299,601676
2001-05-21,294.7299,303.1029,294.7299,298.4977,943962
2001-05-22,299.0838,299.7537,296.4045,298.0791,1324328
2001-05-23,298.0791,298.9164,297.2418,298.0791,280133
2001-05-24,297.6604,298.9164,295.5672,296.8231,666480
2001-05-25,296.8231,297.2418,293.0553,294.3112,508564
2001-05-29,293.0553,295.5672,288.8688,290.1247,209286
2001-05-30,289.4549,289.7061,283.845,285.1009,670919
2001-05-31,284.6823,284.6823,277.1466,279.2398,950370
2001-06-01,280.4958,283.845,278.8212,283.4263,369544
2001-06-04,284.0124,293.8926,282.7983,293.0553,611358
2001-06-05,293.3065,293.4739,288.8688,289.7061,604361
2001-06-06,289.0781,289.0781,276.3093,279.2398,2249284
2001-06-07,277.5652,277.5652,265.4244,270.4482,3857024
2001-06-08,271.2855,273.3787,267.9363,268.7736,1817985
2001-06-11,269.6109,269.6109,260.4005,261.2378,716204
2001-06-12,260.2331,261.2378,248.6783,251.1902,2852334
2001-06-13,251.1902,256.214,247.841,254.9581,4339685
2001-06-14,254.2883,254.7488,241.1426,241.9799,2923712
2001-06-15,238.6307,239.468,235.0722,236.1188,1605357
2001-06-18,237.7934,246.1664,236.1188,244.4918,2578107
2001-06-19,248.6783,261.2378,248.6783,259.9819,1735398
2001-06-20,264.5871,271.2855,262.9125,267.099,1597958
2001-06-21,267.9363,272.5414,254.5394,270.4482,1021715
2001-06-22,275.472,276.3093,271.9134,275.472,602425
2001-06-25,277.9839,281.3331,277.9839,280.0771,871576
2001-06-26,282.1704,282.1704,271.9134,272.9601,383551
2001-06-27,277.5652,278.8212,276.3093,277.9839,887911
2001-06-28,278.8212,278.8212,273.7974,274.6347,795790
2001-06-29,273.7974,276.3093,272.9601,274.6347,698873
2001-07-02,273.7974,275.472,269.6109,269.6109,1099085
2001-07-03,269.6109,274.6347,268.7736,272.1228,3038901
2001-07-04,271.7041,272.9601,271.2855,272.1228,175515
2001-07-05,270.6993,272.1228,270.4482,271.2855,201399
2001-07-06,271.7041,272.9601,270.0295,270.0295,86000
2001-07-09,269.6109,272.9601,269.6109,272.1228,2384578
2001-07-10,272.9601,274.6347,271.6622,274.6347,1521580
2001-07-11,276.3093,277.9839,274.4253,276.3093,277654
2001-07-12,277.9839,278.4862,276.0999,277.1466,383921
2001-07-13,277.9504,277.9504,274.6347,275.472,140079
2001-07-16,276.3093,276.3093,272.1228,273.3787,885610
2001-07-17,272.9601,272.9601,267.8023,268.7736,748418
2001-07-18,268.3549,268.7736,267.9363,268.3549,826928
2001-07-19,268.1874,270.0295,267.099,269.1922,924974
2001-07-20,270.0295,270.4482,267.9363,269.1922,73630
2001-07-23,271.2855,277.1466,271.2855,276.3093,709855
2001-07-24,275.8906,277.1466,273.7974,276.3093,441493
2001-07-25,276.1418,278.8212,275.472,275.472,1505103
2001-07-26,272.1228,273.7974,264.5871,265.4244,2847499
2001-07-27,263.9172,267.3083,263.9172,266.6803,658788
2001-07-30,265.5499,267.3083,265.5499,266.6803,382660
2001-07-31,267.9363,277.9839,267.9363,277.1466,1672656
2001-08-01,277.5652,277.9839,273.7974,275.0533,480552
2001-08-02,275.472,277.9839,274.6347,277.1466,499879
2001-08-03,279.6585,280.4958,276.3093,280.4958,392629
2001-08-06,281.3331,282.1704,278.8212,280.9144,211604
2001-08-07,281.3331,284.6823,281.1489,283.845,1171585
2001-08-08,283.4263,288.0315,283.0077,286.3569,862991
2001-08-09,287.1942,292.218,284.6823,290.962,1457403
2001-08-10,291.3807,297.2418,291.3807,294.7299,678474
2001-08-13,295.316,303.1029,294.7299,300.591,2152921
2001-08-14,301.4283,301.4283,295.6342,297.2418,2159871
2001-08-15,296.4045,298.9164,295.9858,297.2418,312610
2001-08-16,298.4977,301.4283,296.8231,301.0096,439514
2001-08-17,302.0144,303.1029,300.591,301.8469,229912
2001-08-20,301.2608,306.6363,300.591,306.0334,482204
2001-08-21,306.8707,314.239,305.6148,311.4759,1239417
2001-08-22,312.7318,325.082,312.7318,323.1981,1624022
2001-08-23,323.6168,323.6168,317.1788,319.8489,3914676
2001-08-24,318.8441,323.1981,318.593,321.5235,958544
2001-08-28,332.5759,334.9203,324.8727,331.1525,1672876
2001-08-29,334.9203,336.7791,331.5711,336.1763,1417291
2001-08-30,336.7624,337.4322,327.3846,328.2219,592642
2001-08-31,327.5521,327.6777,317.0858,323.1981,1484436
2001-09-03,322.3608,323.1981,318.1743,319.8489,863380
2001-09-04,319.4303,324.4541,319.4303,323.6168,1177485
2001-09-05,324.8727,325.71,320.6862,321.9422,2649922
2001-09-06,321.5235,321.5235,318.1743,319.0116,1458441
2001-09-07,319.514,319.5559,312.3132,313.1505,1160123
2001-09-10,313.9878,313.9878,305.6148,306.4521,1838059
2001-09-11,306.0334,307.2894,293.0553,295.5672,605528
2001-09-12,288.8688,306.4521,288.0315,304.7775,326304
2001-09-13,306.4521,308.1267,304.3588,304.3588,598878
2001-09-14,303.7727,305.6148,297.2418,298.9164,2158542
2001-09-17,298.0791,299.7537,294.7299,297.2418,314031
2001-09-18,295.5672,295.5672,286.3569,288.8688,806430
2001-09-19,288.0315,288.065,280.4958,281.3331,1424176
2001-09-20,280.5795,280.5795,200.9522,272.1228,324161
2001-09-21,270.4482,270.4482,251.1902,256.214,844381
2001-09-24,252.0275,267.9363,252.0275,265.4244,700849
2001-09-25,263.7498,263.7498,255.3767,259.5632,2401877
2001-09-26,262.0752,263.7498,251.1902,261.2378,795323
2001-09-27,259.5632,259.9819,257.0513,257.8886,736398
2001-09-28,254.5394,256.214,252.8648,252.8648,2335458
2001-10-01,257.8886,265.4244,257.8886,263.7498,2423671
2001-10-02,263.7498,276.3093,263.7498,272.7507,777595
2001-10-03,276.3093,280.4958,273.7974,280.4958,1202978
2001-10-04,280.4958,293.0553,278.8212,285.5196,896059
2001-10-05,287.4035,287.4035,280.4958,281.3331,1034418
2001-10-08,279.2398,279.2398,263.9591,263.9591,1087374
2001-10-09,270.4482,274.6347,270.4482,272.9601,552060
2001-10-10,276.3093,288.8688,276.3093,287.1942,330580
2001-10-11,287.1942,301.4283,284.6823,301.4283,365814
2001-10-12,301.4283,301.4283,293.0553,293.0553,292461
2001-10-15,298.9164,298.9164,286.3569,286.7755,580598
2001-10-16,288.8688,292.218,288.8688,292.218,1586857
2001-10-17,291.3807,291.3807,285.5196,285.5196,1472951
2001-10-18,276.3093,279.0305,272.1228,274.6347,1107583
2001-10-19,277.7745,278.8212,263.7498,270.4482,648612
2001-10-22,270.4482,274.6347,267.9363,267.9363,390401
2001-10-23,267.9363,273.7974,267.9363,270.4482,462844
2001-10-24,267.9363,267.9363,267.9363,267.9363,82150
2001-10-25,267.9363,288.8688,267.9363,284.2636,382656
2001-10-26,280.4958,280.4958,267.9363,272.9601,1360588
2001-10-29,271.2855,272.9601,259.5632,259.5632,358826
2001-10-30,257.6793,257.6793,251.1902,252.0275,1231709
2001-10-31,259.9819,267.7269,251.1902,256.214,2629294
2001-11-01,262.0752,262.0752,252.8648,255.3767,1225935
2001-11-02,257.0513,257.8886,251.1902,251.1902,486859
2001-11-05,254.5394,258.7259,254.1208,258.7259,674838
2001-11-06,262.9125,265.6337,259.5632,260.8192,683270
2001-11-07,262.0752,264.1684,255.3767,255.3767,1583193
2001-11-08,259.5632,262.9125,255.3767,261.6565,2869874
2001-11-09,261.2378,266.2617,261.2378,264.5871,2127218
2001-11-12,267.9363,267.9363,262.9125,266.6803,1506945
2001-11-13,269.6109,272.9601,269.6109,271.2855,1757950
2001-11-14,277.1466,277.9839,273.7974,273.7974,1169196
2001-11-15,276.3093,276.3093,272.1228,274.216,778634
2001-11-16,273.3787,274.216,270.4482,272.1228,509758
2001-11-19,276.3093,276.3093,270.4482,270.4482,385982
2001-11-20,272.9601,273.7974,268.5642,268.5642,633071
2001-11-21,270.0295,273.1694,268.7736,268.7736,696498
2001-11-22,271.2855,271.2855,269.6109,271.2855,362167
2001-11-23,272.1228,272.1228,268.9829,269.1922,358527
2001-11-26,269.6109,275.472,266.6803,272.1228,1077318
2001-11-27,273.7974,276.3093,266.471,268.7736,1458133
2001-11-28,270.4482,270.4482,267.099,269.4015,694119
2001-11-29,271.0761,271.0761,265.6337,266.0523,428630
2001-11-30,269.4015,269.6109,267.9363,267.9363,55245
2001-12-03,271.2855,271.2855,268.9829,269.6109,1410584
2001-12-04,270.2388,270.4482,267.9363,267.9363,596039
2001-12-05,270.4482,270.4482,263.7498,267.9363,970735
2001-12-06,271.2855,293.0553,271.2855,287.1942,2855900
2001-12-07,291.3807,305.6148,287.1942,305.6148,2432662
2001-12-10,297.0325,299.1257,279.6585,279.6585,668416
2001-12-11,277.3559,290.1247,276.9372,287.6128,1824644
2001-12-12,284.6823,292.218,284.6823,291.3807,283192
2001-12-13,291.3807,299.5444,290.1247,293.0553,253372
2001-12-14,291.3807,293.0553,288.8688,288.8688,360228
2001-12-17,296.4045,298.9164,296.1952,298.9164,362502
2001-12-18,301.4283,311.4759,301.219,310.2199,2598729
2001-12-19,310.4293,316.2904,310.4293,315.6624,1342464
2001-12-20,315.6624,319.4303,313.9878,315.6624,1100793
2001-12-21,313.9878,318.3836,309.8013,313.3598,440419
2001-12-24,313.7785,319.8489,313.7785,319.8489,20962
2001-12-27,309.8013,322.7795,309.8013,312.3132,99169
2001-12-28,316.4997,321.7328,316.4997,321.7328,44311
2001-12-31,322.1515,322.1515,322.1515,322.1515,28028
2002-01-02,323.1981,329.0592,322.3608,322.3608,474641
2002-01-03,327.3846,343.2933,327.3846,334.9203,2671791
2002-01-04,333.8737,335.7576,332.4084,333.6644,2358660
2002-01-07,334.083,334.2923,330.7338,332.4084,896464
2002-01-08,330.7338,332.1991,325.71,326.5473,2528442
2002-01-09,313.9878,318.1743,307.4987,312.3132,1548337
2002-01-10,312.3132,313.9878,305.6148,311.8945,552173
2002-01-11,312.1039,312.1039,308.7547,309.3826,216670
2002-01-14,309.3826,309.3826,305.6148,305.6148,123154
2002-01-15,305.1961,305.1961,300.591,303.1029,733424
2002-01-16,303.3122,303.9402,293.0553,303.5215,1755875
2002-01-17,303.5215,313.9878,298.9164,313.9878,5316695
2002-01-18,314.1971,314.1971,309.8013,313.5691,1920229
2002-01-21,314.1971,314.1971,309.8013,310.6386,132369
2002-01-22,318.1743,321.3142,318.1743,320.6862,1725299
2002-01-23,319.8489,322.3608,315.6624,321.5235,618875
2002-01-24,324.0354,324.0354,318.1743,322.3608,503055
2002-01-25,326.5473,326.5473,315.8717,318.1743,1092766
2002-01-28,326.338,326.338,309.8013,309.8013,95645
2002-01-29,309.8013,316.0811,309.8013,316.0811,308854
2002-01-30,312.3132,317.337,312.3132,316.2904,292513
2002-01-31,316.4997,324.6634,316.4997,324.6634,212202
2002-02-01,323.1981,329.0592,322.9888,324.8727,728602
2002-02-04,321.5235,330.7338,321.5235,330.7338,663866
2002-02-05,330.7338,339.1068,324.0354,339.1068,915536
2002-02-06,334.9203,337.4322,330.7338,337.4322,402767
2002-02-07,338.2695,338.2695,329.0592,334.9203,405411
2002-02-08,330.7338,334.5017,330.7338,334.5017,231659
2002-02-11,334.9203,342.456,334.9203,339.1068,1748460
2002-02-12,335.9669,342.456,335.9669,342.456,749240
2002-02-13,336.8042,343.2933,333.8737,334.5017,562932
2002-02-14,334.711,334.711,321.5235,322.3608,496536
2002-02-15,330.7338,330.7338,321.5235,321.5235,944129
2002-02-18,320.0582,324.0354,318.1743,321.5235,194406
2002-02-19,322.9888,322.9888,315.8717,318.1743,1164658
2002-02-20,316.2904,318.1743,313.1505,318.1743,164808
2002-02-21,318.1743,326.5473,318.1743,322.3608,296413
2002-02-22,323.1981,330.7338,323.1981,328.2219,394730
2002-02-25,331.1525,336.5949,331.1525,335.9669,190708
2002-02-26,335.7576,342.0374,334.9203,341.2001,527585
2002-02-27,342.0374,361.7139,341.6187,361.5046,2029643
2002-02-28,357.5274,364.0165,353.3409,356.6901,814063
2002-03-01,352.9223,360.0393,352.9223,355.0155,454842
2002-03-04,355.8528,365.0631,355.8528,364.4352,1554662
2002-03-05,368.4124,370.9243,364.0165,369.2497,1175106
2002-03-06,380.1346,381.8092,366.9471,374.0641,861918
2002-03-07,376.7854,389.3449,374.2735,389.3449,653772
2002-03-08,393.5314,397.7179,388.5076,396.0433,935698
2002-03-11,396.0433,400.8578,393.5314,393.5314,1459786
2002-03-12,394.7873,396.0433,389.3449,394.578,1813383
2002-03-13,388.5076,388.5076,380.7625,383.4838,1292814
2002-03-14,383.9024,384.1117,380.1346,380.1346,1015874
2002-03-15,378.46,378.46,359.202,359.202,830571
2002-03-18,364.2258,368.4124,354.1782,354.8062,490270
2002-03-19,357.1088,368.4124,356.8995,359.202,731088
2002-03-20,362.5512,376.7854,362.5512,374.2735,1172805
2002-03-21,375.1108,376.7854,368.4124,372.1802,524083
2002-03-22,368.4124,369.2497,361.7139,363.3885,818145
2002-03-25,367.1564,367.3657,359.202,359.202,513003
2002-03-26,356.6901,356.6901,351.2477,351.2477,997777
2002-03-27,353.3409,356.6901,352.2943,354.3876,2094553
2002-03-28,357.3181,360.2487,354.1782,354.1782,341032
2002-04-02,358.1554,365.0631,358.1554,365.0631,947615
2002-04-03,367.5751,371.7616,362.5512,365.9004,755589
2002-04-04,365.0631,374.4828,364.2258,374.2735,973711
2002-04-05,375.1108,390.1822,375.1108,385.577,611033
2002-04-08,378.0413,381.1812,369.459,370.087,1659531
2002-04-09,380.1346,380.1346,368.4124,372.5989,1294287
2002-04-10,372.5989,376.7854,368.4124,368.4124,362141
2002-04-11,369.0403,369.0403,356.6901,357.9461,715887
2002-04-12,359.202,359.202,353.3409,354.1782,1739267
2002-04-15,349.7824,355.0155,349.7824,351.6663,415054
2002-04-16,352.5036,352.5036,348.3171,349.1544,1401070
2002-04-17,348.3171,351.6663,348.3171,351.6663,666673
2002-04-18,354.3876,360.2487,352.9223,359.6207,3126095
2002-04-19,371.7616,371.7616,355.0155,356.6901,945157
2002-04-22,356.6901,356.6901,352.085,354.1782,1436473
2002-04-23,355.8528,362.5512,354.1782,360.458,2799445
2002-04-24,360.0393,379.0879,360.0393,374.6921,4546142
2002-04-25,376.7854,380.9719,373.4362,377.6227,2508668
2002-04-26,378.46,392.9034,378.46,387.4609,740238
2002-04-29,385.7863,385.9957,374.2735,380.9719,1857974
2002-04-30,382.0185,388.9262,380.9719,385.1584,1027957
2002-05-01,379.2973,382.8558,377.6227,377.6227,203834
2002-05-02,389.3449,396.0433,387.2516,396.0433,1067590
2002-05-03,400.2298,405.2536,394.7873,404.207,992846
2002-05-07,397.9272,401.9044,389.7635,390.8101,525358
2002-05-08,393.3221,402.323,393.3221,402.323,1837235
2002-05-09,401.6951,401.9044,385.577,389.3449,688021
2002-05-10,389.3449,397.7179,389.3449,397.5086,780327
2002-05-13,397.5086,397.5086,385.1584,386.833,1427227
2002-05-14,388.5076,391.0195,388.5076,388.5076,3173733
2002-05-15,384.7397,385.1584,383.4838,385.1584,400114
2002-05-16,385.3677,385.3677,372.5989,380.9719,693091
2002-05-17,384.3211,384.5304,368.831,382.6465,508106
2002-05-20,384.3211,384.3211,380.9719,381.8092,618959
2002-05-21,383.4838,383.4838,379.5066,382.6465,456545
2002-05-22,380.9719,385.9957,378.46,385.9957,258835
2002-05-23,385.1584,385.1584,378.46,384.3211,324981
2002-05-24,384.3211,384.3211,369.8776,377.6227,656831
2002-05-27,377.6227,378.46,368.4124,378.46,621889
2002-05-28,373.2268,375.9481,373.0175,375.3201,1223829
2002-05-29,374.9014,380.9719,371.7616,380.9719,237781
2002-05-30,376.7854,377.832,374.2735,374.2735,985241
2002-05-31,370.087,370.087,360.0393,368.4124,627438
2002-06-05,362.7606,381.1812,353.3409,374.2735,699344
2002-06-06,375.9481,381.8092,368.4124,381.8092,340838
2002-06-07,374.4828,374.4828,370.087,370.087,858479
2002-06-10,371.9709,372.1802,360.8766,369.6683,540898
2002-06-11,372.5989,373.4362,371.7616,373.0175,215725
2002-06-12,380.1346,380.1346,361.9233,363.3885,2577695
2002-06-13,363.3885,364.2258,335.1296,340.5721,430053
2002-06-14,334.9203,336.5949,313.3598,322.3608,2411394
2002-06-17,318.1743,352.713,318.1743,344.9679,684478
2002-06-18,342.456,345.8052,338.2695,344.9679,263737
2002-06-19,333.2457,340.1535,329.4779,339.1068,213709
2002-06-20,330.7338,333.455,322.3608,329.4779,1235305
2002-06-21,328.2219,342.8747,328.2219,342.8747,312963
2002-06-24,342.456,342.8747,336.5949,342.8747,334783
2002-06-25,344.5493,355.8528,344.5493,355.8528,1056013
2002-06-26,339.1068,355.0155,339.1068,354.5969,672783
2002-06-27,363.1792,371.3429,349.9917,351.6663,680406
2002-06-28,355.8528,355.8528,326.1287,333.6644,4024153
2002-07-01,334.5017,334.9203,329.0592,334.083,1200475
2002-07-02,334.083,336.5949,331.9898,332.4084,1049908
2002-07-03,326.5473,334.9203,326.5473,333.2457,1846106
2002-07-04,336.5949,336.5949,324.0354,324.0354,3095012
2002-07-05,336.5949,343.2933,336.5949,341.6187,1199540
2002-07-08,347.4798,347.4798,338.2695,341.6187,755298
2002-07-09,339.9441,347.2705,339.9441,344.9679,876083
2002-07-10,344.9679,344.9679,326.966,330.7338,216786
2002-07-11,322.3608,322.3608,316.4997,319.8489,459990
2002-07-12,324.8727,328.2219,309.8013,312.5225,475813
2002-07-15,313.9878,320.6862,305.6148,313.9878,2168042
2002-07-16,318.1743,318.1743,312.3132,314.8251,411303
2002-07-17,315.6624,318.1743,302.2656,309.8013,931930
2002-07-18,311.4759,322.3608,309.8013,316.4997,1582831
2002-07-19,316.4997,319.0116,311.4759,317.337,425472
2002-07-22,313.9878,322.3608,313.9878,318.1743,753557
2002-07-23,312.9412,312.9412,305.6148,308.1267,2167045
2002-07-24,297.2418,311.4759,297.2418,310.8479,666416
2002-07-25,311.2666,318.1743,303.7309,312.7318,1036841
2002-07-26,301.4283,311.4759,295.5672,311.0572,220622
2002-07-29,305.8241,324.8727,305.6148,322.3608,605290
2002-07-30,326.338,332.4084,316.4997,328.4312,2041141
2002-07-31,324.8727,330.7338,318.1743,324.2447,2044431
2002-08-01,324.8727,324.8727,300.591,300.591,711914
2002-08-02,308.1267,312.9412,305.6148,305.6148,838946
2002-08-05,293.0553,301.4283,282.1704,282.1704,852831
2002-08-06,276.3093,301.4283,272.9601,293.6833,1686355
2002-08-07,301.4283,314.6158,301.4283,313.5691,1490593
2002-08-08,314.6158,322.9888,313.1505,321.5235,2939112
2002-08-09,322.3608,333.2457,310.6386,331.5711,1577445
2002-08-12,338.8975,338.8975,327.3846,327.3846,382363
2002-08-13,334.9203,351.6663,334.9203,344.1306,2308908
2002-08-14,343.2933,351.0384,339.1068,347.6892,1811318
2002-08-15,360.0393,360.0393,341.8281,346.6425,346156
2002-08-16,351.6663,363.8072,349.9917,358.9927,835923
2002-08-19,353.3409,379.2973,353.3409,372.5989,975380
2002-08-20,373.4362,381.8092,370.087,377.6227,2949923
2002-08-21,377.6227,388.0889,376.7854,386.833,4072644
2002-08-22,380.9719,389.1355,380.9719,385.1584,1761563
2002-08-23,382.6465,397.7179,382.6465,389.1355,1852460
2002-08-27,393.5314,411.952,393.5314,408.6028,2764651
2002-08-28,408.8121,411.5333,393.5314,395.206,4182647
2002-08-29,410.2774,410.2774,368.4124,368.4124,1189221
2002-08-30,378.0413,385.1584,373.4362,381.8092,1077836
2002-09-02,376.7854,382.2278,371.9709,379.7159,216576
2002-09-03,371.7616,385.577,371.7616,374.6921,1243376
2002-09-04,370.9243,376.7854,366.1098,375.3201,889467
2002-09-05,376.7854,376.7854,363.3885,369.2497,3780700
2002-09-06,367.3657,378.46,364.4352,378.46,977785
2002-09-09,376.1574,385.577,376.1574,381.3905,2224822
2002-09-10,379.2973,395.206,379.2973,388.5076,1163343
2002-09-11,387.6703,404.4163,385.1584,393.5314,3043264
2002-09-12,388.5076,406.0909,388.5076,392.6941,1178378
2002-09-13,389.3449,407.3468,385.3677,391.0195,1194537
2002-09-16,397.7179,405.8816,393.5314,398.1365,1491786
2002-09-17,390.1822,396.0433,389.5542,390.1822,1394904
2002-09-18,389.1355,389.3449,385.9957,389.3449,841428
2002-09-19,380.9719,389.3449,380.9719,388.5076,1654548
2002-09-20,389.3449,389.3449,374.2735,380.1346,667691
2002-09-23,375.1108,377.6227,358.3647,364.2258,832484
2002-09-24,364.2258,375.9481,354.8062,360.0393,819578
2002-09-25,353.3409,368.831,353.3409,364.0165,994219
2002-09-26,364.6445,380.9719,364.6445,380.1346,1721031
2002-09-27,377.4133,385.1584,371.9709,380.5532,1949738
2002-09-30,380.9719,380.9719,365.4818,370.9243,882013
2002-10-01,367.1564,371.3429,365.0631,368.6217,1217951
2002-10-02,371.3429,377.6227,369.459,369.459,2027734
2002-10-03,371.3429,373.6455,368.4124,368.4124,814702
2002-10-04,368.4124,372.5989,368.4124,370.9243,1313130
2002-10-07,368.4124,375.1108,362.5512,373.2268,1981660
2002-10-08,374.2735,377.204,371.7616,373.2268,602870
2002-10-09,372.3895,377.204,356.8995,362.5512,1417533
2002-10-10,361.7139,362.5512,351.6663,361.5046,1778454
2002-10-11,361.7139,364.6445,357.9461,359.6207,1538380
2002-10-14,362.5512,380.3439,352.2943,353.3409,1115008
2002-10-15,351.6663,353.3409,346.6425,349.1544,2728153
2002-10-16,347.4798,355.2249,343.5027,349.1544,1687342
2002-10-17,351.0384,356.8995,349.5731,352.9223,2255043
2002-10-18,352.2943,367.1564,350.2011,360.0393,1006814
2002-10-21,358.3647,358.3647,338.4788,343.2933,433283
2002-10-22,352.9223,352.9223,339.3161,339.3161,773215
2002-10-23,339.3161,350.4104,339.1068,342.456,278764
2002-10-24,343.2933,349.1544,340.5721,344.9679,2312778
2002-10-25,344.9679,344.9679,338.0602,340.3628,564131
2002-10-28,341.6187,349.7824,341.6187,346.2239,3166845
2002-10-29,347.8985,349.3638,341.8281,346.6425,946206
2002-10-30,346.6425,355.4342,340.7814,355.4342,541034
2002-10-31,347.0612,358.3647,344.9679,347.8985,926439
2002-11-01,343.2933,343.2933,332.6177,332.6177,834695
2002-11-04,334.9203,349.3638,334.9203,346.6425,1201906
2002-11-05,349.1544,350.2011,344.9679,348.3171,3394832
2002-11-06,364.2258,365.0631,348.3171,352.713,1466686
2002-11-07,352.713,370.087,352.713,359.202,1341801
2002-11-08,359.202,361.7139,339.1068,355.2249,477195
2002-11-11,358.5741,363.3885,353.5503,357.1088,793054
2002-11-12,362.1326,365.9004,350.4104,358.9927,554527
2002-11-13,360.0393,360.6673,347.4798,353.7596,1501602
2002-11-14,347.6892,360.0393,339.9441,340.7814,1061750
2002-11-15,339.1068,347.4798,336.5949,336.5949,736986
2002-11-18,342.456,345.3866,339.5255,343.084,578271
2002-11-19,341.2001,341.6187,334.9203,341.6187,1407230
2002-11-20,335.7576,341.8281,335.7576,341.8281,464288
2002-11-21,338.2695,340.7814,336.5949,340.5721,804094
2002-11-22,340.9908,341.6187,333.6644,337.4322,1101559
2002-11-25,340.1535,340.1535,319.8489,329.8965,1377984
2002-11-26,330.7338,339.1068,313.5691,315.6624,3978283
2002-11-27,321.9422,332.4084,320.0582,332.4084,1132826
2002-11-28,334.9203,339.1068,332.6177,337.4322,2874180
2002-11-29,335.7576,346.6425,335.7576,346.6425,1733030
2002-12-02,345.8052,345.8052,330.9431,332.4084,1894331
2002-12-03,327.8033,329.2685,318.1743,320.4769,974555
2002-12-04,317.965,339.1068,316.9184,334.9203,1315029
2002-12-05,329.8965,333.455,319.6396,329.4779,1394628
2002-12-06,324.8727,325.082,320.0582,321.3142,433876
2002-12-09,320.6862,323.6168,319.2209,319.8489,1140904
2002-12-10,319.8489,320.6862,316.4997,320.2676,267585
2002-12-11,319.2209,326.5473,316.4997,324.4541,651272
2002-12-12,330.9431,330.9431,299.335,299.335,828217
2002-12-13,299.335,310.4293,299.335,310.4293,1112717
2002-12-16,311.4759,319.8489,311.4759,319.8489,1251063
2002-12-17,314.8251,323.4074,313.1505,313.9878,2680176
2002-12-18,301.4283,320.4769,301.4283,316.4997,1123677
2002-12-19,322.1515,334.083,322.1515,334.083,2336615
2002-12-20,334.9203,342.456,334.9203,342.456,1132509
2002-12-23,338.2695,347.0612,338.2695,347.0612,493881
2002-12-24,346.2239,358.9927,346.2239,353.1316,270263
2002-12-27,351.6663,352.085,351.6663,351.6663,521138
2002-12-30,351.6663,354.8062,351.6663,354.1782,813351
2002-12-31,353.3409,357.7368,353.3409,356.6901,761242
2003-01-02,356.6901,359.6207,356.6901,357.9461,1430923
2003-01-03,366.9471,367.3657,355.8528,360.8766,224360
2003-01-06,360.0393,365.6911,358.3647,361.7139,2810291
2003-01-07,368.4124,368.4124,355.8528,360.458,1390015
2003-01-08,360.458,362.1326,348.1078,355.8528,1083565
2003-01-09,355.0155,357.7368,350.829,355.8528,2167039
2003-01-10,357.7368,364.2258,357.5274,359.202,887720
2003-01-13,363.3885,363.8072,353.7596,355.0155,1383881
2003-01-14,355.0155,356.8995,353.3409,355.0155,1656623
2003-01-15,354.8062,357.5274,353.3409,355.2249,854615
2003-01-16,355.8528,368.831,355.8528,364.2258,966258
2003-01-17,364.2258,364.2258,356.2715,356.6901,763445
2003-01-20,360.0393,363.3885,357.9461,361.2953,292863
2003-01-21,365.9004,373.4362,365.4818,369.8776,2113571
2003-01-22,369.2497,369.2497,357.5274,360.8766,1335976
2003-01-23,361.5046,364.2258,360.0393,360.0393,997804
2003-01-24,360.0393,360.0393,345.8052,352.713,1265006
2003-01-27,347.4798,351.6663,338.8975,344.5493,2893605
2003-01-28,343.5027,350.6197,341.6187,349.1544,1063941
2003-01-29,345.1773,345.1773,334.9203,337.4322,1229203
2003-01-30,338.8975,351.2477,337.4322,349.9917,3790029
2003-01-31,343.2933,343.2933,330.7338,340.7814,3300213
2003-02-03,344.1306,355.6435,342.456,351.6663,5668423
2003-02-04,348.3171,349.1544,344.7586,348.7358,1538101
2003-02-05,344.9679,360.0393,344.9679,355.8528,3709436
2003-02-06,354.1782,369.2497,354.1782,357.5274,3218966
2003-02-07,358.1554,365.9004,348.9451,362.5512,1690841
2003-02-10,360.2487,364.0165,360.0393,363.3885,639596
2003-02-11,365.9004,368.4124,365.0631,366.7378,1530929
2003-02-12,361.7139,363.3885,358.5741,362.5512,1461118
2003-02-13,358.3647,362.5512,355.8528,358.3647,1156504
2003-02-14,364.2258,364.4352,360.0393,362.5512,1685709
2003-02-17,364.2258,380.1346,364.2258,376.7854,1557188
2003-02-18,379.0879,387.0423,372.3895,373.4362,2634530
2003-02-19,374.9014,388.7169,374.4828,382.6465,1486443
2003-02-20,383.4838,386.833,371.9709,376.7854,1851538
2003-02-21,374.4828,375.3201,367.1564,372.1802,1406097
2003-02-24,375.1108,380.7625,374.2735,379.0879,538593
2003-02-25,374.6921,378.46,366.5284,371.3429,1309113
2003-02-26,379.0879,388.5076,371.7616,384.7397,1437572
2003-02-27,384.7397,385.7863,376.7854,376.7854,1529166
2003-02-28,379.2973,379.2973,357.7368,369.0403,464268
2003-03-03,379.5066,380.9719,368.6217,371.9709,1137720
2003-03-04,370.9243,373.4362,363.3885,364.2258,2017402
2003-03-05,354.1782,360.0393,353.7596,360.0393,1628460
2003-03-06,360.0393,366.7378,357.5274,358.3647,1491341
2003-03-07,358.3647,360.0393,348.9451,348.9451,945997
2003-03-10,348.9451,352.2943,335.5483,343.2933,2799348
2003-03-11,341.8281,343.084,333.0364,339.1068,4246925
2003-03-12,334.9203,334.9203,316.0811,326.5473,2686458
2003-03-13,322.5701,328.8499,322.1515,326.5473,2465480
2003-03-14,330.7338,338.8975,330.7338,334.083,3265153
2003-03-17,334.9203,335.9669,330.7338,334.083,1213248
2003-03-18,337.4322,346.6425,326.7566,337.8509,2283875
2003-03-19,334.083,337.0136,332.4084,334.9203,2602886
2003-03-20,332.4084,334.9203,329.0592,333.8737,1431217
2003-03-21,329.8965,335.5483,329.8965,333.2457,1182009
2003-03-24,331.1525,333.2457,324.4541,326.5473,1228439
2003-03-25,323.1981,327.8033,323.1981,326.338,1297404
2003-03-26,331.1525,331.1525,324.6634,324.8727,3116168
2003-03-27,324.8727,324.8727,309.8013,317.5463,2059152
2003-03-28,317.7557,327.3846,315.0344,323.8261,2957837
2003-03-31,319.8489,323.1981,311.6852,314.8251,2231375
2003-04-01,309.8013,316.2904,308.5453,311.4759,1764002
2003-04-02,314.8251,323.4074,313.1505,320.6862,2163983
2003-04-03,322.3608,326.1287,320.6862,321.7328,2212962
2003-04-04,321.7328,321.7328,312.9412,316.0811,1570535
2003-04-07,321.5235,325.082,318.1743,323.6168,1238167
2003-04-08,322.7795,337.4322,322.7795,335.1296,2310018
2003-04-09,337.6415,337.6415,325.71,330.7338,3321337
2003-04-10,334.9203,339.1068,330.7338,339.1068,1859568
2003-04-11,334.9203,337.8509,330.9431,335.7576,895946
2003-04-14,330.7338,344.9679,330.7338,344.1306,2094485
2003-04-15,344.9679,353.5503,343.2933,351.6663,1570521
2003-04-16,355.8528,358.3647,351.6663,355.8528,2068632
2003-04-17,344.1306,357.5274,344.1306,353.5503,2217687
2003-04-22,353.5503,356.4808,349.9917,352.5036,649354
2003-04-23,357.5274,361.7139,353.5503,356.0622,999415
2003-04-24,358.3647,368.4124,356.6901,359.202,1296674
2003-04-25,358.3647,360.0393,343.2933,345.3866,1163258
2003-04-28,345.3866,349.7824,339.1068,339.9441,2149134
2003-04-29,344.1306,345.8052,336.5949,338.6882,2283975
2003-04-30,347.0612,351.8757,334.5017,349.3638,2561121
2003-05-01,345.8052,349.1544,341.6187,344.1306,759661
2003-05-02,350.6197,352.9223,342.456,347.0612,902680
2003-05-06,345.8052,349.1544,341.6187,344.9679,2706617
2003-05-07,344.9679,366.3191,344.1306,365.0631,1651910
2003-05-08,359.83,360.6673,351.6663,351.6663,1909655
2003-05-09,353.3409,357.3181,351.8757,353.3409,1049776
2003-05-12,352.9223,356.0622,351.6663,353.5503,1578127
2003-05-13,352.085,363.3885,352.085,357.9461,1030016
2003-05-14,357.7368,372.8082,357.7368,365.4818,937121
2003-05-15,364.2258,376.576,364.2258,375.1108,1538927
2003-05-16,366.7378,376.7854,365.9004,373.2268,1735495
2003-05-19,371.7616,374.2735,364.8538,367.1564,846691
2003-05-20,360.0393,375.7387,355.8528,365.0631,2969298
2003-05-21,365.0631,372.3895,358.9927,361.2953,1070028
2003-05-22,362.5512,368.6217,357.5274,359.83,1139142
2003-05-23,360.8766,367.3657,359.202,364.2258,1861692
2003-05-27,368.4124,378.2506,365.2725,375.9481,1886308
2003-05-28,375.9481,380.5532,370.7149,375.1108,2589330
2003-05-29,371.1336,385.1584,371.1336,383.6931,3347427
2003-05-30,384.5304,390.8101,378.46,389.3449,10277200
2003-06-02,380.9719,389.1355,380.9719,383.4838,3484931
2003-06-03,385.1584,389.5542,382.6465,388.5076,1504432
2003-06-04,388.5076,392.6941,385.9957,387.4609,2383364
2003-06-05,394.1594,401.9044,387.2516,398.3459,1743000
2003-06-06,401.9044,414.4639,395.4153,406.9282,2664434
2003-06-09,392.6941,400.8578,387.4609,396.6713,1157619
2003-06-10,396.0433,396.2526,385.1584,387.2516,2090452
2003-06-11,386.833,393.1127,386.205,389.3449,1672116
2003-06-12,389.3449,396.6713,389.3449,392.4848,1647097
2003-06-13,393.1127,397.2992,391.2288,393.5314,1572729
2003-06-16,397.2992,411.952,394.1594,405.2536,1133761
2003-06-17,408.3935,418.6504,405.2536,418.6504,2446250
2003-06-18,415.5105,418.2317,406.0909,411.952,2103969
2003-06-19,411.7427,416.5571,407.5562,408.6028,2076185
2003-06-20,410.2774,414.4639,396.8806,403.7883,1259244
2003-06-23,405.0443,408.1841,393.5314,402.5324,910504
2003-06-24,402.5324,402.7417,385.1584,387.6703,2956669
2003-06-25,399.1832,409.0214,393.5314,407.7655,3331425
2003-06-26,406.0909,408.3935,397.9272,400.6484,2415199
2003-06-27,411.7427,411.7427,393.5314,397.7179,1247126
2003-06-30,398.9738,405.6722,395.206,399.3925,538953
2003-07-01,396.4619,400.2298,393.5314,396.0433,870055
2003-07-02,396.4619,405.0443,396.4619,400.4391,734785
2003-07-03,410.2774,410.2774,394.7873,401.4857,1436885
2003-07-04,403.579,406.3002,398.5552,404.207,545871
2003-07-07,402.1137,406.0909,399.8111,406.0909,574903
2003-07-08,406.9282,411.1147,398.1365,406.0909,702838
2003-07-09,404.4163,415.3012,402.1137,414.0452,556838
2003-07-10,409.8587,413.8359,402.323,406.0909,1018075
2003-07-11,400.2298,410.2774,397.7179,398.1365,639530
2003-07-14,397.7179,417.3944,397.7179,407.3468,775242
2003-07-15,407.5562,408.1841,401.4857,404.4163,780992
2003-07-16,407.3468,407.7655,402.7417,406.9282,2134997
2003-07-17,410.2774,410.9054,406.0909,409.0214,1428743
2003-07-18,406.9282,408.3935,402.323,406.9282,1080823
2003-07-21,405.2536,411.7427,404.4163,410.0681,492826
2003-07-22,407.3468,411.1147,401.9044,406.5095,690137
2003-07-23,413.6266,416.7665,403.9976,413.2079,1422357
2003-07-24,416.5571,419.0691,409.4401,418.4411,1030202
2003-07-25,419.0691,419.0691,410.696,415.3012,501030
2003-07-28,418.0224,421.9996,414.4639,419.9064,751977
2003-07-29,416.9758,421.7903,416.9758,421.581,700572
2003-07-30,422.8369,445.2347,422.8369,445.2347,1699564
2003-07-31,429.954,447.5373,425.5581,437.9083,3074364
2003-08-01,442.0948,449.6305,434.5591,449.6305,1178385
2003-08-04,443.7694,447.9559,437.4897,437.9083,850352
2003-08-05,439.5829,439.5829,426.1861,429.954,1311810
2003-08-06,435.3964,435.3964,423.2556,423.2556,1242035
2003-08-07,425.3488,429.1167,421.9996,427.4421,2366728
2003-08-08,428.2794,428.698,425.5581,427.4421,1007739
2003-08-11,427.0234,430.3726,424.9302,428.698,672427
2003-08-12,428.698,431.2099,427.0234,428.698,1205378
2003-08-13,431.2099,437.4897,430.3726,436.8617,646923
2003-08-14,436.2337,445.444,436.2337,442.0948,667492
2003-08-15,443.7694,460.3061,442.9321,458.8408,2028088
2003-08-18,459.4688,459.4688,449.2119,455.4916,591814
2003-08-19,452.7704,465.9579,452.7704,463.0273,1406211
2003-08-20,464.7019,468.0511,454.2357,468.0511,1339631
2003-08-21,462.19,468.0511,458.8408,465.9579,926822
2003-08-22,463.0273,476.0055,463.0273,464.7019,791525
2003-08-26,477.2615,481.0293,453.817,456.3289,942814
2003-08-27,456.1196,473.9123,455.4916,470.1444,1573254
2003-08-28,473.9123,477.4708,468.8884,476.0055,1469654
2003-08-29,473.075,481.448,471.191,478.9361,1803024
2003-09-01,477.6801,497.7753,477.6801,495.6821,1301639
2003-09-02,498.194,504.8924,491.7049,493.5888,1910985
2003-09-03,500.7059,500.7059,482.4946,487.3091,1321577
2003-09-04,488.1464,488.1464,478.9361,480.6107,2552344
2003-09-05,477.2615,485.6345,477.2615,484.1692,2919942
2003-09-08,485.6345,488.3557,480.6107,482.2853,1706380
2003-09-09,482.2853,484.3785,478.0988,482.4946,1091013
2003-09-10,482.9132,495.2634,475.7962,476.8428,736466
2003-09-11,481.448,481.448,463.2367,464.7019,890105
2003-09-12,467.2138,467.2138,461.7714,461.7714,1995638
2003-09-15,462.19,464.7019,462.19,463.446,2024336
2003-09-16,463.446,464.7019,461.5621,462.19,3311726
2003-09-17,464.4926,468.8884,460.5154,465.1206,2586471
2003-09-18,465.1206,468.8884,461.1434,464.9113,1274000
2003-09-19,472.6563,472.6563,445.444,445.444,1375582
2003-09-22,456.7476,459.2595,452.5611,459.2595,2388494
2003-09-23,452.9797,461.7714,452.9797,455.4916,1763191
2003-09-24,455.073,460.0968,455.073,460.0968,2779694
2003-09-25,460.5154,460.5154,448.3746,456.7476,1036082
2003-09-26,460.5154,460.5154,442.0948,450.0492,1001835
2003-09-29,451.3051,452.5611,447.1186,452.5611,847624
2003-09-30,456.7476,460.5154,447.9559,450.4678,2355186
2003-10-01,452.5611,453.817,439.5829,443.7694,2131831
2003-10-02,445.8627,454.2357,445.8627,452.1424,2668898
2003-10-03,452.1424,456.7476,447.9559,455.073,753560
2003-10-06,456.7476,462.6087,455.9103,457.5849,891211
2003-10-07,449.2119,463.0273,449.2119,455.9103,3045184
2003-10-08,456.3289,460.5154,456.3289,460.5154,1337032
2003-10-09,460.5154,468.0511,460.0968,467.6325,1574872
2003-10-10,467.2138,470.9817,463.8646,464.7019,871186
2003-10-13,465.1206,477.2615,464.7019,474.7496,1961796
2003-10-14,481.448,481.448,468.8884,474.3309,1560831
2003-10-15,477.6801,481.0293,469.3071,470.9817,1304289
2003-10-16,468.4698,471.819,452.9797,464.7019,2136976
2003-10-17,471.4004,471.4004,446.2813,447.1186,2659933
2003-10-20,445.444,452.1424,445.444,448.7932,952744
2003-10-21,449.6305,452.1424,446.2813,449.6305,1823003
2003-10-22,452.1424,452.1424,407.7655,417.8131,5175958
2003-10-23,416.9758,416.9758,397.2992,401.4857,5579434
2003-10-24,403.9976,411.1147,401.9044,406.0909,3348143
2003-10-27,418.6504,418.6504,403.579,406.0909,1629386
2003-10-28,416.9758,416.9758,406.9282,410.2774,2340296
2003-10-29,414.8825,414.8825,396.0433,397.7179,1179664
2003-10-30,395.6246,396.8806,375.1108,385.577,4979607
2003-10-31,383.0651,389.7635,383.0651,388.9262,1798342
2003-11-03,393.95,395.206,385.1584,387.6703,1918215
2003-11-04,389.7635,397.7179,386.833,397.7179,2632817
2003-11-05,396.4619,397.2992,385.9957,385.9957,1946066
2003-11-06,393.5314,397.7179,387.6703,397.2992,6498902
2003-11-07,401.4857,405.2536,401.0671,403.1603,4906468
2003-11-10,401.0671,401.9044,391.4381,391.8568,1457533
2003-11-11,385.1584,391.4381,382.6465,386.4143,1717812
2003-11-12,385.577,386.4143,378.46,380.5532,1979032
2003-11-13,383.4838,385.1584,369.6683,370.5056,2964718
2003-11-14,372.1802,375.1108,363.8072,365.9004,3045578
2003-11-17,365.0631,365.9004,360.0393,363.3885,1759179
2003-11-18,365.0631,371.7616,362.5512,370.9243,4594241
2003-11-19,376.7854,376.7854,370.087,374.2735,3335110
2003-11-20,375.9481,375.9481,366.3191,367.9937,1807593
2003-11-21,367.9937,376.3667,367.9937,371.3429,3391505
2003-11-24,372.1802,380.5532,372.1802,378.8786,4730670
2003-11-25,380.1346,380.1346,373.0175,373.4362,2303791
2003-11-26,388.9262,388.9262,373.8548,383.4838,3446356
2003-11-27,385.1584,388.5076,381.8092,388.0889,3310500
2003-11-28,386.4143,397.2992,386.4143,390.1822,1853013
2003-12-01,392.6941,402.7417,391.8568,399.3925,3228136
2003-12-02,399.3925,414.4639,398.1365,407.7655,3606252
2003-12-03,407.3468,409.8587,395.206,403.579,2491393
2003-12-04,401.4857,401.9044,394.3687,398.1365,2942245
2003-12-05,396.4619,398.1365,386.833,396.0433,1777781
2003-12-08,396.0433,396.4619,392.2754,394.7873,1331921
2003-12-09,391.4381,395.206,390.6008,393.95,2615888
2003-12-10,385.9957,396.0433,385.9957,390.1822,1955918
2003-12-11,390.1822,391.8568,386.4143,386.833,3878766
2003-12-12,389.3449,392.6941,385.9957,388.5076,2017968
2003-12-15,400.2298,400.2298,389.7635,392.6941,2412976
2003-12-16,391.8568,402.7417,391.8568,396.4619,4679379
2003-12-17,396.4619,400.6484,390.6008,394.7873,3039744
2003-12-18,398.5552,414.4639,398.5552,411.952,3902487
2003-12-19,416.5571,428.698,410.696,425.3488,2493597
2003-12-22,431.2099,431.2099,422.6276,426.6048,1561164
2003-12-23,420.325,437.071,420.325,437.071,959149
2003-12-24,427.0234,458.0035,427.0234,442.3041,154162
2003-12-29,428.698,455.4916,428.698,440.8389,642298
2003-12-30,447.9559,450.0492,440.4202,443.9787,762523
2003-12-31,439.7922,456.3289,439.7922,449.6305,626750
2004-01-02,452.1424,452.9797,443.7694,450.0492,1546557
2004-01-05,451.7238,452.1424,443.1414,443.1414,2777590
2004-01-06,435.3964,443.7694,427.8607,429.954,3062363
2004-01-07,430.3726,439.5829,429.5353,439.5829,1607446
2004-01-08,439.5829,439.5829,433.5125,435.3964,2577182
2004-01-09,439.5829,439.5829,433.7218,435.3964,1729979
2004-01-12,434.5591,438.327,433.7218,435.3964,3064739
2004-01-13,441.2575,443.7694,435.3964,443.7694,5201248
2004-01-14,446.2813,447.5373,438.1176,447.5373,1055298
2004-01-15,443.7694,448.1653,442.5135,445.0254,1800937
2004-01-16,455.4916,455.4916,443.9787,451.7238,1378245
2004-01-19,452.1424,455.9103,441.2575,445.8627,998778
2004-01-20,445.444,449.6305,438.327,445.8627,2446864
2004-01-21,446.2813,453.1891,445.444,452.5611,4445021
2004-01-22,452.5611,462.6087,452.5611,459.2595,9132288
2004-01-23,458.8408,460.0968,450.4678,455.9103,6817117
2004-01-26,464.9113,464.9113,451.3051,451.3051,2926783
2004-01-27,452.1424,455.2823,443.7694,448.1653,3898608
2004-01-28,450.8865,450.8865,445.8627,448.5839,1979800
2004-01-29,448.7932,448.7932,432.0472,440.2109,2310248
2004-01-30,445.8627,452.1424,442.5135,446.2813,1161815
2004-02-02,445.444,456.3289,444.6067,452.5611,796597
2004-02-03,450.8865,461.3527,447.9559,458.6315,1993385
2004-02-04,456.7476,465.7486,455.4916,457.3756,4915600
2004-02-05,459.4688,462.818,457.1662,460.5154,755224
2004-02-06,459.6781,463.0273,458.0035,461.3527,1258380
2004-02-09,463.446,477.6801,463.446,474.9589,1565104
2004-02-10,472.6563,472.6563,463.8646,465.5392,2234530
2004-02-11,465.9579,473.9123,463.6553,467.6325,1300199
2004-02-12,468.8884,472.2377,466.3765,468.0511,1100260
2004-02-13,470.3537,475.5869,466.3765,467.8418,1481645
2004-02-16,472.2377,472.2377,467.2138,468.8884,666892
2004-02-17,466.5859,473.4936,464.7019,469.7257,1576196
2004-02-18,469.7257,472.6563,467.6325,468.6791,2039974
2004-02-19,468.6791,469.3071,466.7952,468.0511,1989439
2004-02-20,466.7952,471.4004,463.0273,471.4004,3548671
2004-02-23,466.3765,478.0988,466.3765,476.4242,3190333
2004-02-24,479.7734,497.566,479.7734,484.7972,2794226
2004-02-25,481.448,488.1464,477.2615,480.192,1455069
2004-02-26,480.6107,483.3319,478.9361,481.0293,1542276
2004-02-27,485.4251,485.4251,476.8428,478.0988,1617115
2004-03-01,485.6345,502.3805,482.0759,499.8686,2408067
2004-03-02,498.6126,506.9856,498.194,504.6831,4528416
2004-03-03,484.5878,503.6364,484.5878,496.7287,4724123
2004-03-04,496.7287,505.1017,496.7287,503.2178,2279577
2004-03-05,509.0789,517.8705,503.8458,517.4519,3645185
2004-03-08,519.1265,526.6622,510.7535,523.7317,2424488
2004-03-09,519.1265,531.058,519.1265,528.7555,4892616
2004-03-10,521.6384,521.6384,513.2654,517.6612,4834461
2004-03-11,514.94,519.1265,506.567,517.0332,5176620
2004-03-12,518.2892,533.5699,511.5908,529.1741,4234988
2004-03-15,530.4301,535.0352,525.8249,531.8953,4860281
2004-03-16,535.0352,535.0352,524.1503,529.1741,4509820
2004-03-17,532.5233,565.178,526.2436,559.3169,5381133
2004-03-18,561.8288,561.8288,544.4548,545.5015,4609526
2004-03-19,550.9439,577.9469,545.9201,569.3645,3647058
2004-03-22,566.8526,577.3189,563.0848,566.0153,2917352
2004-03-23,560.9915,566.8526,553.0372,553.0372,2262994
2004-03-24,550.5253,581.5054,550.5253,574.807,2743921
2004-03-25,571.8764,591.1344,569.3645,581.5054,2800902
2004-03-26,577.7376,587.3665,577.3189,579.4122,1289018
2004-03-29,574.3883,580.6681,571.4578,576.063,1306017
2004-03-30,574.807,584.0173,573.9697,581.9241,2560457
2004-03-31,581.9241,586.1106,578.5749,578.5749,1007499
2004-04-01,582.3427,596.9955,582.3427,595.7395,2056789
2004-04-02,592.3903,607.4617,592.3903,601.6006,1653476
2004-04-05,604.5312,604.5312,586.1106,591.9717,1646081
2004-04-06,590.2971,590.2971,572.2951,577.7376,2860327
2004-04-07,575.2256,576.4816,558.4796,564.7594,4119706
2004-04-08,565.178,585.6919,562.6661,578.9935,2830876
2004-04-13,580.6681,581.9241,575.6443,577.7376,1443601
2004-04-14,566.0153,566.0153,548.8507,559.7356,3684552
2004-04-15,564.3407,564.3407,549.2693,555.1304,1318803
2004-04-16,565.178,565.178,540.059,545.0828,2388046
2004-04-19,552.6185,558.8983,544.2455,556.3864,1214962
2004-04-20,561.8288,570.2018,561.8288,569.3645,1740343
2004-04-21,565.178,573.551,561.4102,568.1086,1293548
2004-04-22,576.4816,578.9935,547.1761,559.7356,4054463
2004-04-23,556.3864,574.3883,556.3864,568.5272,2239497
2004-04-26,568.9459,578.9935,563.5034,566.8526,1299018
2004-04-27,562.6661,570.6205,562.2475,568.1086,1434005
2004-04-28,577.7376,577.7376,564.3407,568.5272,2625868
2004-04-29,566.0153,567.6899,557.6423,559.3169,896440
2004-04-30,557.6423,558.8983,548.432,549.2693,1041037
2004-05-04,550.9439,560.5729,544.6642,555.1304,2224563
2004-05-05,555.1304,557.6423,547.5947,549.2693,1715639
2004-05-06,545.5015,557.6423,545.5015,554.2931,2197929
2004-05-07,560.5729,560.5729,525.4063,535.0352,1435507
2004-05-10,527.4995,528.7555,506.567,510.7535,2659819
2004-05-11,515.7773,519.9638,506.567,516.1959,1500062
2004-05-12,518.7078,519.1265,512.8467,516.1959,734366
2004-05-13,514.94,516.1959,506.567,508.6602,1591500
2004-05-14,509.9162,511.1721,495.6821,502.3805,1884618
2004-05-17,498.194,498.194,485.6345,489.4023,1928034
2004-05-18,492.3329,506.567,491.9142,504.8924,1330319
2004-05-19,506.567,518.7078,501.9618,508.2416,1902671
2004-05-20,508.2416,512.4281,501.5432,504.0551,1386077
2004-05-21,510.7535,512.8467,502.3805,505.7297,1374286
2004-05-24,498.194,508.6602,498.194,503.6364,751722
2004-05-25,502.3805,508.2416,501.9618,506.567,970903
2004-05-26,514.94,519.1265,502.7991,504.4737,1443184
2004-05-27,502.3805,505.7297,497.7753,502.3805,1281914
2004-05-28,499.4499,509.0789,494.4261,503.6364,1222075
2004-06-01,506.9856,506.9856,494.4261,496.1007,1371413
2004-06-02,494.0075,503.6364,493.5888,494.4261,1055585
2004-06-03,496.5194,508.6602,495.2634,508.6602,1320924
2004-06-04,508.6602,524.1503,508.2416,519.9638,1367421
2004-06-07,522.4757,530.4301,517.4519,524.9876,1239004
2004-06-08,525.4063,525.4063,513.2654,515.7773,1484683
2004-06-09,522.4757,522.4757,508.6602,512.0094,1925647
2004-06-10,512.0094,512.0094,509.0789,511.1721,1423048
2004-06-11,508.2416,519.1265,508.2416,516.1959,2258465
2004-06-14,516.6146,516.6146,499.0313,499.0313,299360
2004-06-15,494.0075,497.3567,481.448,494.4261,1684881
2004-06-16,496.5194,500.2872,492.3329,497.7753,785974
2004-06-17,497.7753,506.1483,497.7753,502.3805,1064927
2004-06-18,503.6364,503.6364,491.0769,491.0769,995326
2004-06-21,491.0769,499.8686,490.2396,497.7753,656214
2004-06-22,498.194,502.7991,492.3329,493.5888,1013392
2004-06-23,494.0075,496.938,492.3329,494.0075,1649998
2004-06-24,496.5194,496.5194,485.6345,488.1464,2555380
2004-06-25,509.0789,520.8011,496.5194,504.0551,4824031
2004-06-28,496.1007,520.8011,496.1007,512.8467,2133629
2004-06-29,515.3586,521.6384,506.1483,521.6384,2429285
2004-06-30,522.4757,532.5233,517.4519,529.1741,3126315
2004-07-01,554.2931,554.2931,521.2197,536.7098,3025986
2004-07-02,516.6146,535.8725,516.6146,527.4995,859176
2004-07-05,532.5233,533.3606,512.4281,522.057,549205
2004-07-06,504.0551,521.6384,504.0551,515.3586,2602672
2004-07-07,519.9638,527.9182,515.3586,523.313,1824271
2004-07-08,525.4063,529.1741,510.7535,514.94,1579294
2004-07-09,519.1265,519.1265,507.4043,512.4281,1893325
2004-07-12,516.1959,516.1959,509.9162,512.8467,1280230
2004-07-13,513.2654,516.6146,502.3805,513.2654,1876287
2004-07-14,514.94,514.94,508.2416,511.1721,978624
2004-07-15,509.9162,513.684,494.0075,504.8924,763784
2004-07-16,507.4043,512.4281,505.7297,508.2416,931976
2004-07-19,506.567,513.2654,502.7991,506.567,676577
2004-07-20,506.9856,506.9856,494.4261,502.3805,492880
2004-07-21,494.8448,504.8924,494.8448,497.3567,593619
2004-07-22,494.8448,496.938,485.6345,487.3091,625880
2004-07-23,485.6345,488.565,469.3071,482.2853,666630
2004-07-26,480.192,481.448,473.9123,478.0988,1249334
2004-07-27,483.5412,492.3329,478.9361,490.2396,1632756
2004-07-28,498.194,498.194,487.3091,493.1702,769197
2004-07-29,495.2634,497.3567,487.7277,494.8448,1088175
2004-07-30,493.1702,497.7753,488.9837,489.4023,1240240
2004-08-02,493.1702,494.0075,486.0531,492.3329,698054
2004-08-03,493.5888,499.4499,491.4956,494.0075,1925821
2004-08-04,487.3091,494.0075,479.3547,486.4718,1546053
2004-08-05,487.3091,500.2872,483.9599,494.0075,1689329
2004-08-06,489.821,513.2654,489.4023,502.3805,2096275
2004-08-09,510.7535,510.7535,495.6821,498.6126,562238
2004-08-10,502.7991,514.1027,499.4499,509.0789,3717117
2004-08-11,509.0789,509.9162,496.5194,498.6126,1189319
2004-08-12,501.9618,506.1483,496.938,504.8924,1352720
2004-08-13,510.7535,510.7535,496.5194,498.6126,2218024
2004-08-16,507.4043,512.4281,491.0769,506.567,1062678
2004-08-17,504.0551,506.9856,499.8686,504.4737,830112
2004-08-18,500.7059,509.9162,494.0075,504.0551,461141
2004-08-19,501.5432,516.1959,500.7059,512.0094,684078
2004-08-20,513.2654,520.3824,506.9856,517.4519,1172413
2004-08-23,524.9876,536.7098,522.4757,536.7098,2518721
2004-08-24,540.8963,550.1066,529.5928,541.7336,4920585
2004-08-25,544.2455,547.5947,536.2912,542.1523,1101677
2004-08-26,542.1523,558.061,542.1523,557.6423,2146025
2004-08-27,552.6185,563.9221,548.432,558.4796,2150316
2004-08-31,548.432,562.2475,548.432,560.9915,1679358
2004-09-01,559.3169,559.3169,548.0134,554.7118,1434787
2004-09-02,557.6423,571.4578,553.0372,567.6899,1458013
2004-09-03,570.2018,576.063,564.7594,567.6899,1463723
2004-09-06,570.2018,571.8764,563.5034,566.8526,735884
2004-09-07,571.0391,571.0391,557.6423,566.0153,1268089
2004-09-08,569.3645,586.1106,565.5967,577.7376,1715486
2004-09-09,570.6205,580.2495,570.6205,576.9003,1222805
2004-09-10,574.3883,586.9479,573.1324,575.6443,977709
2004-09-13,585.6919,585.6919,576.9003,577.7376,867799
2004-09-14,576.9003,576.9003,562.6661,565.178,1041534
2004-09-15,563.0848,571.0391,558.4796,563.5034,1170492
2004-09-16,560.1542,565.5967,558.061,561.4102,661917
2004-09-17,560.9915,570.6205,558.8983,569.7832,698788
2004-09-20,571.0391,581.0868,566.8526,566.8526,597751
2004-09-21,566.8526,568.1086,557.6423,566.434,1436291
2004-09-22,572.2951,579.4122,566.8526,572.7137,3329077
2004-09-23,571.0391,571.0391,535.0352,538.3844,2045034
2004-09-24,555.1304,555.1304,523.313,548.8507,2132446
2004-09-27,543.4082,557.6423,543.4082,554.2931,1054075
2004-09-28,556.805,556.805,542.1523,549.688,1243633
2004-09-29,566.0153,566.0153,550.1066,558.4796,1866185
2004-09-30,560.1542,560.9915,550.1066,553.8745,1262635
2004-10-01,557.2237,557.2237,546.7574,550.5253,1779118
2004-10-04,553.0372,560.1542,550.5253,558.4796,1802399
2004-10-05,552.6185,574.3883,548.8507,552.6185,1545458
2004-10-06,550.5253,558.4796,537.1285,539.2217,1350925
2004-10-07,545.5015,545.5015,535.0352,536.7098,1840410
2004-10-08,531.686,535.8725,525.4063,532.1047,1679137
2004-10-11,531.2674,545.0828,531.2674,542.5709,1091347
2004-10-12,548.0134,548.0134,528.3368,534.6166,1495698
2004-10-13,534.1979,548.432,519.1265,522.8943,3362591
2004-10-14,525.4063,525.4063,514.1027,514.94,1664963
2004-10-15,510.7535,525.4063,508.2416,522.4757,984351
2004-10-18,527.4995,532.1047,512.0094,517.8705,2209352
2004-10-19,519.1265,523.313,512.4281,518.7078,1599892
2004-10-20,511.5908,511.5908,496.5194,502.3805,3535239
2004-10-21,506.9856,508.6602,499.4499,501.1245,980792
2004-10-22,505.7297,506.567,499.4499,505.311,1496842
2004-10-25,505.7297,509.0789,501.5432,508.2416,1120605
2004-10-26,508.6602,526.2436,508.6602,521.6384,1698814
2004-10-27,519.1265,529.1741,519.1265,527.9182,961574
2004-10-28,532.5233,532.5233,519.1265,523.313,1475218
2004-10-29,523.313,524.9876,502.7991,517.4519,3059886
2004-11-01,514.94,523.7317,514.94,521.6384,1211634
2004-11-02,525.4063,535.0352,521.6384,530.8487,1040519
2004-11-03,532.5233,535.8725,528.7555,532.1047,1781787
2004-11-04,534.6166,534.6166,521.2197,526.2436,2337412
2004-11-05,527.0809,528.3368,524.1503,525.8249,887589
2004-11-08,530.4301,530.4301,510.7535,514.94,1546947
2004-11-09,516.6146,518.7078,502.7991,508.6602,2995393
2004-11-10,504.0551,529.1741,501.5432,527.9182,6601725
2004-11-11,527.9182,534.1979,522.4757,530.4301,1873221
2004-11-12,534.1979,534.6166,528.7555,531.686,803034
2004-11-15,526.6622,540.059,526.6622,536.2912,1672738
2004-11-16,535.8725,540.4777,530.0114,539.2217,1496884
2004-11-17,539.2217,556.3864,538.8031,555.5491,3417447
2004-11-18,556.805,563.0848,554.2931,559.7356,2721408
2004-11-19,555.9677,564.7594,544.2455,550.5253,2572906
2004-11-22,548.0134,548.0134,531.2674,535.0352,1993321
2004-11-23,535.8725,535.8725,522.8943,524.9876,4265443
2004-11-24,524.9876,532.942,517.8705,523.7317,2607168
2004-11-25,525.8249,526.6622,509.9162,514.5213,2228617
2004-11-26,517.0332,518.7078,512.4281,517.4519,1610106
2004-11-29,517.4519,517.4519,506.567,506.567,1340239
2004-11-30,507.4043,519.9638,504.0551,517.8705,1690286
2004-12-01,519.5451,522.8943,514.94,516.6146,1106981
2004-12-02,521.2197,521.2197,512.8467,516.1959,2334869
2004-12-03,513.2654,521.6384,507.4043,517.8705,2581923
2004-12-06,515.7773,523.7317,510.3348,520.3824,1777036
2004-12-07,516.1959,521.2197,513.684,519.5451,2020216
2004-12-08,512.8467,519.9638,512.0094,515.3586,1955692
2004-12-09,516.6146,539.6404,516.6146,537.9658,2605787
2004-12-10,542.9896,551.3626,537.1285,545.9201,4103666
2004-12-13,543.8269,565.178,534.1979,543.8269,562913
2004-12-14,541.7336,548.432,540.8963,546.3388,4243846
2004-12-15,545.9201,547.1761,534.1979,536.7098,6262111
2004-12-16,540.4777,586.1106,537.9658,586.1106,5693262
2004-12-17,590.2971,590.2971,558.4796,568.9459,3115721
2004-12-20,570.6205,572.2951,562.6661,568.1086,1828751
2004-12-21,573.551,595.3209,573.551,585.2733,4058177
2004-12-22,579.8308,586.1106,564.7594,577.7376,1874251
2004-12-23,579.4122,581.0868,573.1324,576.4816,967526
2004-12-24,571.4578,580.2495,566.434,576.9003,127110
2004-12-29,582.7614,582.7614,564.3407,568.5272,548459
2004-12-30,573.551,578.5749,564.7594,573.551,180605
2004-12-31,569.3645,578.5749,569.3645,578.5749,75491
2005-01-04,573.551,586.5292,569.7832,579.8308,857581
2005-01-05,561.8288,576.9003,561.8288,564.7594,3310055
2005-01-06,569.7832,572.2951,551.3626,553.0372,1396269
2005-01-07,558.061,559.3169,548.8507,553.4558,1240426
2005-01-10,548.432,557.6423,540.4777,551.7812,1061325
2005-01-11,555.5491,565.178,550.9439,550.9439,1467822
2005-01-12,546.7574,555.1304,540.059,545.5015,4571406
2005-01-13,550.5253,552.1999,540.059,542.5709,1521627
2005-01-14,541.7336,564.7594,540.4777,561.8288,2175936
2005-01-17,560.5729,564.3407,559.3169,560.9915,1234708
2005-01-18,565.178,572.2951,552.1999,563.0848,1018807
2005-01-19,568.9459,579.4122,557.2237,565.5967,699831
2005-01-20,557.6423,584.8546,557.6423,583.18,1921203
2005-01-21,583.18,583.18,567.6899,576.063,1834705
2005-01-24,576.063,592.809,573.551,589.0411,3295640
2005-01-25,583.5987,584.8546,573.551,576.4816,1549395
2005-01-26,573.9697,581.0868,569.7832,577.3189,1095405
2005-01-27,561.8288,581.0868,561.8288,577.7376,985458
2005-01-28,581.5054,584.8546,576.9003,578.9935,685087
2005-01-31,577.3189,602.0193,577.3189,602.0193,1667252
2005-02-01,593.6463,594.0649,583.5987,588.6225,1907570
2005-02-02,583.5987,589.8784,570.2018,589.8784,2256641
2005-02-03,586.5292,608.7177,586.5292,604.9498,3395302
2005-02-04,604.1125,638.4419,604.1125,627.5569,4979995
2005-02-07,625.8823,646.8149,625.8823,640.5351,4413342
2005-02-08,641.3724,664.3982,641.3724,661.4676,4895989
2005-02-09,658.1184,663.9795,647.2335,650.1641,2667619
2005-02-10,650.1641,653.0946,630.9062,638.0232,3767639
2005-02-11,640.5351,649.3268,634.674,640.5351,1282541
2005-02-14,643.047,643.047,632.1621,634.2554,1465273
2005-02-15,631.3248,639.6978,625.045,625.8823,1480131
2005-02-16,628.8129,628.8129,606.2058,608.299,4321189
2005-02-17,612.0669,621.6958,608.299,618.3466,1758031
2005-02-18,620.4399,632.1621,618.3466,626.7196,1905373
2005-02-21,626.7196,627.9756,609.9736,615.4161,1966959
2005-02-22,612.0669,641.3724,612.0669,632.1621,6250038
2005-02-23,630.4875,636.3486,626.7196,634.2554,7505052
2005-02-24,638.4419,638.4419,630.0689,630.9062,1876615
2005-02-25,635.0927,671.5152,634.674,668.5847,4176012
2005-02-28,674.0271,676.9577,638.8605,651.42,6636755
2005-03-01,654.7692,661.8863,646.3962,660.2117,1675289
2005-03-02,661.4676,661.4676,643.047,648.4895,1421394
2005-03-03,645.1403,648.0708,634.2554,639.6978,2544410
2005-03-04,651.42,658.9557,638.0232,651.0014,1293655
2005-03-07,653.5133,653.5133,645.9776,649.3268,1700140
2005-03-08,652.676,661.4676,647.6522,650.5827,1462157
2005-03-09,635.0927,635.0927,620.0212,621.6958,2676216
2005-03-10,622.9518,630.4875,616.672,616.672,2359622
2005-03-11,622.5331,631.3248,617.5093,627.5569,2876675
2005-03-14,630.9062,636.3486,622.5331,625.045,1741682
2005-03-15,628.8129,636.3486,625.045,634.674,2680661
2005-03-16,644.7216,663.9795,635.93,663.1422,5170242
2005-03-17,663.1422,663.1422,642.6284,642.6284,3762880
2005-03-18,645.9776,649.7454,644.7216,647.2335,1970858
2005-03-21,650.5827,656.4438,647.2335,653.9319,1244925
2005-03-22,657.2811,660.6303,653.9319,658.1184,2559771
2005-03-23,653.0946,660.2117,651.0014,653.0946,1946577
2005-03-24,649.7454,655.6065,647.6522,652.676,1680529
2005-03-29,656.0252,658.1184,648.4895,652.2573,2342602
2005-03-30,650.5827,654.7692,636.7673,644.303,2702166
2005-03-31,640.1165,646.3962,630.4875,632.5808,1899263
2005-04-01,626.301,645.5589,626.301,639.2792,1206281
2005-04-04,636.3486,636.3486,625.4637,632.9994,2590044
2005-04-05,635.5113,638.0232,631.3248,633.8367,1712187
2005-04-06,638.8605,638.8605,624.2077,627.5569,2302107
2005-04-07,624.2077,629.6502,623.3704,625.4637,3830416
2005-04-08,629.2316,629.2316,621.2772,625.045,1692066
2005-04-11,627.1383,627.1383,620.0212,625.045,1822309
2005-04-12,621.6958,629.6502,621.6958,627.1383,2861277
2005-04-13,627.1383,638.8605,625.8823,633.8367,1627716
2005-04-14,632.1621,636.3486,612.0669,622.5331,1471803
2005-04-15,621.2772,626.301,596.9955,602.8566,2676876
2005-04-18,599.5074,601.182,587.7852,597.8328,1865665
2005-04-19,595.7395,609.1363,595.7395,606.2058,1948708
2005-04-20,606.2058,607.0431,589.0411,591.553,2209399
2005-04-21,586.9479,610.3923,581.9241,585.2733,2412771
2005-04-22,591.9717,607.8804,589.4598,597.4141,973851
2005-04-25,598.6701,606.6244,592.3903,604.5312,1503186
2005-04-26,605.3685,605.3685,587.3665,589.8784,1437353
2005-04-27,589.8784,591.553,561.4102,566.8526,2461233
2005-04-28,576.063,581.0868,555.9677,564.3407,2228459
2005-04-29,562.6661,571.8764,555.9677,566.0153,2112379
2005-05-03,573.9697,587.3665,568.5272,587.3665,2361972
2005-05-04,588.6225,590.7157,559.7356,565.178,3645127
2005-05-05,570.2018,576.9003,562.6661,570.6205,1529973
2005-05-06,573.551,575.6443,568.1086,572.7137,765702
2005-05-09,572.7137,582.3427,571.8764,581.0868,857990
2005-05-10,585.6919,589.8784,572.2951,574.807,1989306
2005-05-11,577.7376,577.7376,560.1542,561.8288,1996563
2005-05-12,561.8288,577.3189,558.4796,574.807,1538021
2005-05-13,574.3883,574.3883,566.0153,571.8764,1025592
2005-05-16,573.9697,573.9697,566.0153,572.7137,1388091
2005-05-17,571.8764,576.4816,567.6899,575.6443,1716894
2005-05-18,579.8308,600.3447,571.8764,594.4836,2207132
2005-05-19,596.1582,607.0431,596.1582,605.3685,2797390
2005-05-20,602.8566,606.2058,599.5074,599.5074,2229174
2005-05-23,606.2058,620.0212,601.182,617.928,1836608
2005-05-24,614.1601,623.3704,607.4617,617.5093,893828
2005-05-25,621.2772,629.6502,616.672,623.7891,2114165
2005-05-26,627.1383,627.1383,607.4617,617.0907,2442482
2005-05-27,619.6026,629.6502,613.3228,629.2316,1641153
2005-05-31,625.8823,636.7673,621.6958,625.8823,1808449
2005-06-01,624.6264,627.9756,618.7653,625.8823,873438
2005-06-02,629.6502,635.93,624.2077,635.0927,2604393
2005-06-03,631.7435,648.4895,631.3248,647.2335,1914222
2005-06-06,647.2335,647.2335,634.674,639.6978,1555136
2005-06-07,638.8605,643.4657,635.0927,641.3724,1185553
2005-06-08,638.8605,643.047,636.7673,637.1859,1895007
2005-06-09,629.2316,635.5113,619.1839,623.7891,1027873
2005-06-10,620.8585,627.9756,613.7415,627.5569,840943
2005-06-13,631.7435,631.7435,617.0907,630.0689,1180281
2005-06-14,632.1621,632.1621,624.6264,625.4637,2297589
2005-06-15,621.2772,621.2772,614.9974,617.5093,1566152
2005-06-16,623.7891,629.2316,617.5093,628.8129,779548
2005-06-17,636.3486,636.3486,621.2772,625.8823,1589580
2005-06-20,627.5569,629.2316,617.0907,626.301,1483134
2005-06-21,624.6264,625.4637,611.2296,613.7415,1339895
2005-06-22,610.8109,634.2554,610.8109,630.4875,2926048
2005-06-23,635.0927,640.5351,623.3704,634.2554,1731723
2005-06-24,633.4181,633.4181,621.6958,625.4637,1281290
2005-06-27,627.1383,627.9756,620.0212,622.5331,2119505
2005-06-28,621.6958,624.6264,612.0669,622.1145,3079113
2005-06-29,600.3447,635.0927,600.3447,630.0689,2012335
2005-06-30,626.301,653.9319,626.301,653.9319,2660441
2005-07-01,644.7216,663.9795,644.7216,661.049,2782555
2005-07-04,664.8168,666.9101,655.1879,659.793,1908170
2005-07-05,655.6065,657.2811,645.9776,653.0946,2911803
2005-07-06,651.0014,700.8208,651.0014,667.3287,2847035
2005-07-07,671.5152,673.1898,638.0232,653.5133,4397383
2005-07-08,659.793,669.422,655.1879,666.4914,1841944
2005-07-11,673.1898,673.1898,659.793,666.4914,1662564
2005-07-12,661.8863,661.8863,631.7435,659.793,2783656
2005-07-13,661.4676,665.6541,657.6998,663.9795,2302710
2005-07-14,664.8168,664.8168,648.0708,651.8387,3907663
2005-07-15,651.8387,654.3506,640.5351,650.5827,1650632
2005-07-18,653.0946,653.0946,636.3486,641.3724,954604
2005-07-19,638.0232,649.3268,632.9994,638.0232,2162330
2005-07-20,635.5113,650.1641,635.5113,639.6978,1119074
2005-07-21,645.5589,653.0946,641.3724,650.1641,1695460
2005-07-22,653.9319,663.1422,651.8387,661.4676,3128085
2005-07-25,669.0033,669.0033,658.9557,661.049,1658889
2005-07-26,661.049,663.9795,656.8625,658.1184,1591838
2005-07-27,661.049,669.8406,655.6065,666.0728,2512959
2005-07-28,664.8168,669.8406,659.793,663.9795,923207
2005-07-29,668.166,673.6085,659.3744,669.8406,1964198
2005-08-01,667.7474,670.6779,665.6541,665.6541,1191106
2005-08-02,668.5847,668.5847,655.1879,657.2811,2038730
2005-08-03,672.3525,681.5629,657.2811,679.4696,1691797
2005-08-04,681.9815,681.9815,671.5152,677.3763,2170264
2005-08-05,671.5152,684.4934,671.5152,678.6323,2369078
2005-08-08,682.8188,682.8188,655.1879,667.3287,3278402
2005-08-09,667.7474,674.0271,659.3744,673.6085,2091309
2005-08-10,677.3763,687.0053,670.2593,674.4458,2553147
2005-08-11,671.0966,676.1204,661.8863,667.3287,3089763
2005-08-12,671.5152,671.5152,652.2573,655.6065,2118253
2005-08-15,656.8625,660.6303,648.0708,658.5371,2621935
2005-08-16,661.4676,669.0033,658.5371,663.5609,1539768
2005-08-17,663.1422,668.166,660.6303,663.5609,1536744
2005-08-18,666.9101,666.9101,656.0252,659.3744,2926322
2005-08-19,661.049,672.7712,659.793,670.2593,2397122
2005-08-22,669.422,675.2831,667.3287,669.422,1099503
2005-08-23,674.0271,720.0787,670.6779,703.3327,6833813
2005-08-24,707.9378,730.5449,706.6819,722.1719,6682163
2005-08-25,718.4041,721.7533,708.7751,710.8684,6042086
2005-08-26,709.6124,713.3803,704.17,708.7751,2591101
2005-08-30,712.9616,712.9616,702.0767,703.7513,2798849
2005-08-31,697.0529,698.7275,687.8426,693.7037,3283834
2005-09-01,695.797,697.4716,690.3545,692.4478,1962849
2005-09-02,688.6799,695.797,683.6561,687.424,2046038
2005-09-05,684.4934,687.424,682.8188,684.9121,1557545
2005-09-06,684.9121,687.424,680.7256,685.7494,1757110
2005-09-07,689.9359,699.1462,682.4002,696.6343,2427181
2005-09-08,700.4021,700.4021,682.4002,684.4934,3126661
2005-09-09,689.0986,704.17,684.9121,697.4716,1775671
2005-09-12,697.4716,697.8902,688.6799,694.541,646090
2005-09-13,692.0291,697.8902,684.9121,685.3307,824933
2005-09-14,686.168,686.5867,669.422,675.7017,3128162
2005-09-15,677.795,689.9359,675.2831,688.6799,1540904
2005-09-16,684.9121,692.8664,682.4002,688.2613,1776717
2005-09-19,684.9121,697.0529,682.8188,694.1224,935931
2005-09-20,691.1918,707.1005,689.9359,697.8902,1386504
2005-09-21,694.9597,702.4954,685.7494,685.7494,2656672
2005-09-22,686.5867,689.0986,678.2136,679.4696,1372987
2005-09-23,683.6561,686.5867,679.4696,681.9815,852038
2005-09-26,689.5172,691.6105,682.4002,689.0986,923882
2005-09-27,685.7494,707.5192,685.7494,707.5192,1770707
2005-09-28,707.5192,709.1938,697.8902,709.1938,1606765
2005-09-29,704.17,711.7057,703.3327,709.6124,833035
2005-09-30,711.7057,718.8227,707.5192,718.4041,1701477
2005-10-03,721.7533,731.3822,718.4041,728.033,1495065
2005-10-04,732.6382,732.6382,722.5906,725.9398,1351831
2005-10-05,722.5906,723.8465,705.0073,708.7751,2560669
2005-10-06,698.3089,707.9378,692.4478,705.4259,2516161
2005-10-07,701.2394,716.3108,701.2394,716.3108,1445602
2005-10-10,716.3108,723.8465,712.1243,714.2176,795071
2005-10-11,712.543,732.6382,712.543,732.6382,1621526
2005-10-12,732.6382,734.3128,717.5668,720.0787,1493918
2005-10-13,718.4041,718.4041,708.7751,709.1938,2139825
2005-10-14,709.1938,718.4041,709.1938,709.1938,2888356
2005-10-17,715.4735,717.9854,708.7751,714.2176,1586451
2005-10-18,718.8227,718.8227,710.4497,713.3803,2400952
2005-10-19,710.8684,713.3803,686.5867,702.0767,4617743
2005-10-20,712.543,712.9616,691.6105,706.6819,1931329
2005-10-21,700.8208,704.17,698.3089,699.1462,1201843
2005-10-24,704.17,706.6819,699.5648,700.8208,1155923
2005-10-25,704.17,709.1938,699.1462,699.1462,1327664
2005-10-26,703.3327,716.7295,700.8208,711.7057,2222891
2005-10-27,700.4021,706.2632,699.1462,701.6581,1642414
2005-10-28,701.6581,702.4954,694.541,694.9597,3004621
2005-10-31,701.2394,722.5906,701.2394,721.7533,1251542
2005-11-01,724.2652,742.2672,721.3346,740.1739,2261743
2005-11-02,743.5231,774.5032,738.918,769.0608,3853386
2005-11-03,768.6421,773.6659,758.1759,770.3167,1716706
2005-11-04,763.6183,770.3167,759.8505,762.3624,868435
2005-11-07,766.1302,788.7374,766.1302,787.9001,2047424
2005-11-08,785.3882,792.5052,783.2949,787.4814,1273100
2005-11-09,787.0628,787.0628,776.5965,776.5965,915478
2005-11-10,800.0409,800.0409,779.9457,782.0389,1106126
2005-11-11,795.4358,807.5766,775.7592,795.4358,657527
2005-11-14,830.6024,874.142,830.6024,872.4674,12100680
2005-11-15,874.9793,910.9833,851.1163,882.0964,4172232
2005-11-16,880.4218,880.4218,864.9317,868.6996,3065284
2005-11-17,870.7928,870.7928,862.0012,864.9317,2735037
2005-11-18,878.7472,878.7472,866.6063,869.1182,755215
2005-11-21,856.1401,882.515,856.1401,880.0031,1653481
2005-11-22,877.9099,881.2591,875.8166,878.7472,435163
2005-11-23,876.6539,887.1202,865.3504,885.8642,1470659
2005-11-24,885.8642,908.4714,885.8642,907.6341,2397409
2005-11-25,907.6341,936.5209,907.6341,921.0309,2297614
2005-11-28,925.2174,938.6142,906.3781,907.6341,1310165
2005-11-29,905.1222,927.7293,900.0984,926.892,1921642
2005-11-30,922.2868,932.3344,902.6103,925.2174,1734467
2005-12-01,932.7531,945.3126,921.8682,925.2174,2066659
2005-12-02,921.0309,966.6638,921.0309,950.3364,1722443
2005-12-05,958.7094,962.0586,945.3126,957.8721,2118026
2005-12-06,962.8959,962.8959,944.4753,953.267,1636414
2005-12-07,958.7094,967.0824,941.5447,954.1043,1511094
2005-12-08,941.9634,956.6162,935.265,943.638,1574428
2005-12-09,952.4297,972.1062,942.3821,963.3146,1677012
2005-12-12,975.4554,986.3403,963.3146,981.7352,1490194
2005-12-13,988.0149,998.0626,985.0844,988.8522,2543350
2005-12-14,998.8999,998.8999,969.1757,972.1062,5925605
2005-12-15,977.9673,1000.5745,964.5705,998.0626,11097890
2005-12-16,1003.9237,1029.88,991.3641,1029.88,7427932
2005-12-19,1049.1379,1054.1617,1022.3443,1026.5308,5698247
2005-12-20,1021.507,1027.3681,1020.6697,1025.6935,4006277
2005-12-21,1028.2054,1041.6022,1019.8324,1031.5546,3041967
2005-12-22,1030.7173,1054.1617,1026.5308,1047.4633,1901596
2005-12-23,1040.7649,1067.5585,1040.7649,1067.5585,620917
2005-12-28,1060.0228,1061.6974,1024.0189,1049.1379,1826887
2005-12-29,1041.6022,1076.7688,1041.6022,1063.372,1585282
2005-12-30,1063.372,1087.6537,1032.3919,1053.3244,569783
2006-01-03,1059.1855,1067.5585,1043.2768,1055.8363,1952308
2006-01-04,1058.3482,1089.3283,1058.3482,1085.9791,2390885
2006-01-05,1088.491,1092.6775,1052.4871,1063.372,3525487
2006-01-06,1073.4196,1073.4196,1059.1855,1067.5585,3141103
2006-01-09,1062.5347,1075.9315,1058.3482,1066.7212,1076926
2006-01-10,1071.745,1071.745,1048.3006,1054.999,1029832
2006-01-11,1059.1855,1060.0228,1021.507,1041.6022,2557948
2006-01-12,1048.3006,1054.1617,1042.4395,1048.3006,3450279
2006-01-13,1054.1617,1054.999,1033.2292,1037.4157,1681016
2006-01-16,1031.5546,1037.4157,1021.507,1025.6935,1853021
2006-01-17,1025.6935,1025.6935,1005.5983,1018.1578,4173920
2006-01-18,1008.1102,1012.2967,995.5507,1005.5983,1279142
2006-01-19,1017.3205,1032.3919,1008.1102,1017.3205,1440499
2006-01-20,1011.4594,1044.1141,1011.4594,1032.3919,3019533
2006-01-23,1026.5308,1034.0665,1016.4832,1031.5546,815544
2006-01-24,1024.0189,1032.3919,1015.6459,1023.1816,1543875
2006-01-25,1033.2292,1072.5823,1031.5546,1057.5109,4032402
2006-01-26,1064.2093,1067.5585,1046.626,1062.5347,5943766
2006-01-27,1070.9077,1103.5625,1070.0704,1089.3283,1843952
2006-01-30,1089.3283,1103.5625,1065.8839,1068.3958,2659646
2006-01-31,1068.3958,1076.7688,1052.4871,1052.4871,2774299
2006-02-01,1049.9752,1068.3958,1046.626,1065.0466,2372724
2006-02-02,1059.1855,1073.4196,1059.1855,1065.0466,2725573
2006-02-03,1075.0942,1109.4236,1065.8839,1101.0506,3524590
2006-02-06,1111.9355,1132.0307,1107.749,1130.3561,2139024
2006-02-07,1141.241,1166.36,1130.3561,1133.7053,1762729
2006-02-08,1126.1696,1146.2648,1117.7966,1141.241,1598850
2006-02-09,1138.7291,1183.9433,1138.7291,1172.2211,2261772
2006-02-10,1171.3838,1177.2449,1158.8243,1162.1735,1355143
2006-02-13,1170.5465,1170.5465,1152.1259,1158.8243,1904660
2006-02-14,1168.8719,1168.8719,1149.614,1155.4751,997468
2006-02-15,1163.0108,1166.36,1144.5902,1163.8481,1871051
2006-02-16,1171.3838,1171.3838,1151.2886,1162.1735,1982614
2006-02-17,1162.1735,1188.9671,1151.2886,1164.6854,3116346
2006-02-20,1162.1735,1173.8957,1159.6616,1164.6854,2382322
2006-02-21,1163.8481,1174.733,1158.8243,1168.8719,1145188
2006-02-22,1155.4751,1185.6179,1155.4751,1185.6179,1716477
2006-02-23,1188.9671,1191.479,1176.4076,1190.6417,1794835
2006-02-24,1199.0147,1201.5266,1177.2449,1195.6655,2248121
2006-02-27,1193.1536,1193.1536,1170.5465,1185.6179,2826104
2006-02-28,1178.9195,1183.9433,1161.3362,1168.8719,1876850
2006-03-01,1161.3362,1169.7092,1153.8005,1162.1735,2844184
2006-03-02,1163.0108,1191.479,1163.0108,1174.733,3119379
2006-03-03,1168.0346,1178.0822,1161.3362,1169.7092,2512111
2006-03-06,1164.6854,1181.4314,1164.6854,1170.5465,1808378
2006-03-07,1168.0346,1173.8957,1156.3124,1173.0584,3989479
2006-03-08,1150.4513,1152.1259,1106.9117,1115.2847,2827568
2006-03-09,1126.1696,1127.0069,1110.2609,1114.4474,1389212
2006-03-10,1109.4236,1120.3085,1109.4236,1118.6339,2162675
2006-03-13,1124.495,1142.0783,1117.7966,1138.7291,1998615
2006-03-14,1134.5426,1146.2648,1132.0307,1134.5426,3813605
2006-03-15,1132.0307,1155.4751,1121.9831,1134.5426,1712004
2006-03-16,1135.3799,1170.5465,1135.3799,1166.36,3243114
2006-03-17,1166.36,1183.9433,1147.1021,1154.6378,1748482
2006-03-20,1160.4989,1192.3163,1157.1497,1181.4314,1937927
2006-03-21,1176.4076,1179.7568,1162.1735,1163.8481,2153172
2006-03-22,1156.3124,1168.8719,1152.1259,1163.0108,2287432
2006-03-23,1157.1497,1158.8243,1130.3561,1149.614,1824464
2006-03-24,1144.5902,1157.1497,1139.5664,1153.8005,864485
2006-03-27,1159.6616,1159.6616,1123.6577,1125.3323,2612934
2006-03-28,1125.3323,1127.0069,1109.4236,1116.122,1248657
2006-03-29,1111.0982,1132.868,1110.2609,1115.2847,1513959
2006-03-30,1121.9831,1124.495,1098.5386,1102.7252,1444585
2006-03-31,1105.2371,1121.1458,1096.864,1111.9355,2150722
2006-04-03,1111.9355,1118.6339,1096.0267,1107.749,1384924
2006-04-04,1109.4236,1111.9355,1096.864,1111.9355,1062449
2006-04-05,1119.4712,1126.1696,1106.9117,1121.9831,2174715
2006-04-06,1122.8204,1142.9156,1116.9593,1141.241,5098179
2006-04-07,1141.241,1141.241,1123.6577,1127.8442,2256639
2006-04-10,1121.1458,1127.0069,1116.122,1122.8204,1557285
2006-04-11,1115.2847,1121.1458,1077.6061,1087.6537,2948611
2006-04-12,1081.7926,1089.3283,1061.6974,1087.6537,4095485
2006-04-13,1083.4672,1104.3998,1083.4672,1096.0267,954492
2006-04-18,1101.8879,1124.495,1087.6537,1124.495,2576408
2006-04-19,1135.3799,1160.4989,1116.9593,1130.3561,3651366
2006-04-20,1130.3561,1135.3799,1121.1458,1130.3561,1682118
2006-04-21,1125.3323,1157.987,1120.3085,1132.868,1823253
2006-04-24,1131.1934,1133.7053,1111.0982,1126.1696,2043734
2006-04-25,1130.3561,1143.7529,1127.0069,1132.868,890852
2006-04-26,1140.4037,1140.4037,1118.6339,1125.3323,1321629
2006-04-27,1126.1696,1129.5188,1114.4474,1121.1458,1917808
2006-04-28,1121.1458,1121.1458,1091.0029,1096.864,3086495
2006-05-02,1106.0744,1106.0744,1093.5148,1096.864,1562036
2006-05-03,1103.5625,1110.2609,1092.6775,1103.5625,2182338
2006-05-04,1109.4236,1120.3085,1100.2133,1120.3085,1860588
2006-05-05,1115.2847,1135.3799,1115.2847,1135.3799,1173497
2006-05-08,1142.9156,1155.4751,1125.3323,1127.0069,2713340
2006-05-09,1124.495,1124.495,1106.0744,1116.122,1401507
2006-05-10,1118.6339,1122.8204,1106.9117,1112.7728,1439760
2006-05-11,1106.9117,1119.4712,1106.0744,1111.9355,1115025
2006-05-12,1102.7252,1115.2847,1067.5585,1069.2331,1475737
2006-05-15,1067.5585,1067.5585,1004.761,1049.9752,3102085
2006-05-16,1049.9752,1055.8363,1030.7173,1044.9514,2522617
2006-05-17,1041.6022,1056.6736,1004.761,1005.5983,2119326
2006-05-18,1003.0864,1018.1578,953.6856,961.2213,3312837
2006-05-19,959.5467,1009.7848,959.5467,1004.761,2170209
2006-05-22,1000.5745,1000.5745,941.9634,947.8245,3960910
2006-05-23,947.8245,1008.9475,947.8245,999.7372,3284115
2006-05-24,985.503,998.8999,959.5467,987.1776,2546350
2006-05-25,978.8046,1006.4356,972.9435,1003.0864,905561
2006-05-26,1018.1578,1053.3244,1018.1578,1053.3244,1148456
2006-05-30,1018.9951,1047.4633,1003.0864,1008.9475,1368116
2006-05-31,998.0626,1034.9038,984.6657,1004.761,2249381
2006-06-01,991.3641,1029.0427,972.1062,1026.5308,2019107
2006-06-02,1031.5546,1055.8363,1017.3205,1034.9038,2563252
2006-06-05,1034.9038,1034.9038,1004.761,1004.761,1070613
2006-06-06,1000.5745,1000.5745,977.9673,979.6419,1446893
2006-06-07,978.8046,992.2014,957.8721,962.8959,1988967
2006-06-08,934.4277,942.8007,918.519,919.3563,1913152
2006-06-09,926.0547,945.3126,922.7055,930.2412,2621509
2006-06-12,928.5666,941.9634,916.8444,933.5904,949998
2006-06-13,916.8444,924.3801,903.4476,918.519,5245486
2006-06-14,916.8444,938.6142,916.8444,926.892,1436926
2006-06-15,928.5666,962.0586,928.5666,956.1975,1559309
2006-06-16,971.2689,978.8046,942.8007,947.8245,1914184
2006-06-19,952.8483,963.7332,932.7531,957.0348,1576391
2006-06-20,952.8483,957.8721,926.892,957.0348,1011463
2006-06-21,963.7332,966.2451,954.5229,959.5467,1389230
2006-06-22,975.4554,1003.0864,959.5467,998.8999,2180444
2006-06-23,989.6895,1023.1816,989.6895,1012.2967,3117668
2006-06-26,1013.134,1020.6697,999.7372,1004.761,2978319
2006-06-27,1017.3205,1029.0427,1000.5745,1004.761,1444553
2006-06-28,1004.761,1018.9951,1001.4118,1008.9475,1413729
2006-06-29,1018.9951,1039.0903,1006.4356,1029.0427,1388650
2006-06-30,1038.253,1054.1617,1018.1578,1033.2292,1862345
2006-07-03,1034.0665,1050.8125,1001.4118,1045.7887,1591318
2006-07-04,1053.3244,1065.0466,1036.5784,1060.8601,890291
2006-07-05,1049.9752,1060.0228,1034.0665,1040.7649,997489
2006-07-06,1044.9514,1060.0228,1038.253,1052.4871,1367220
2006-07-07,1039.0903,1066.7212,1039.0903,1062.5347,2112955
2006-07-10,1058.3482,1074.2569,1054.1617,1071.745,1257476
2006-07-11,1073.4196,1073.4196,1040.7649,1045.7887,711973
2006-07-12,1048.3006,1060.8601,1041.6022,1049.9752,1634322
2006-07-13,1049.9752,1049.9752,1020.6697,1025.6935,1281994
2006-07-14,1005.5983,1019.8324,993.0387,994.7134,1665554
2006-07-17,1006.4356,1023.1816,1001.4118,1015.6459,2701080
2006-07-18,1013.9713,1018.9951,998.0626,1013.134,2146210
2006-07-19,1022.3443,1046.626,1013.9713,1042.4395,1357299
2006-07-20,1039.0903,1059.1855,1038.253,1051.6498,1114931
2006-07-21,1049.9752,1052.4871,1016.4832,1024.8562,3187434
2006-07-24,1025.6935,1047.4633,1025.6935,1044.9514,677739
2006-07-25,1041.6022,1051.6498,1033.2292,1048.3006,976204
2006-07-26,1050.8125,1053.3244,1045.7887,1052.4871,1259608
2006-07-27,1053.3244,1080.118,1048.3006,1070.0704,1089942
2006-07-28,1070.0704,1072.5823,1060.0228,1064.2093,1099100
2006-07-31,1070.958,1076.7688,1051.6498,1071.745,1665236
2006-08-01,1067.5585,1084.3045,1067.5585,1075.0942,1553663
2006-08-02,1085.1418,1089.3283,1076.7688,1083.4672,1063278
2006-08-03,1083.4672,1083.4672,1023.1816,1039.9276,2884280
2006-08-04,1049.1379,1053.3244,1034.9038,1048.3006,2756657
2006-08-07,1033.2292,1044.9514,1031.5546,1039.9276,743969
2006-08-08,1049.1379,1049.1379,1036.5784,1046.626,1178147
2006-08-09,1054.1617,1054.1617,1035.7411,1044.1141,1200647
2006-08-10,1039.0903,1039.0903,1005.5983,1018.1578,2168283
2006-08-11,1024.0189,1024.0189,1008.9475,1021.507,1359832
2006-08-14,1036.5784,1036.5784,1019.8324,1030.7173,548856
2006-08-15,1033.2292,1054.999,1023.1816,1046.626,794542
2006-08-16,1040.7649,1064.2093,1032.3919,1063.372,1401225
2006-08-17,1059.1855,1070.9077,1059.1855,1068.3958,999154
2006-08-18,1074.2569,1074.2569,1054.1617,1054.1617,1014556
2006-08-21,1042.4395,1075.9315,1036.5784,1068.3958,830018
2006-08-22,1078.4434,1092.6775,1054.999,1054.999,1154570
2006-08-23,1060.8601,1067.5585,1037.4157,1049.1379,949350
2006-08-24,1056.6736,1056.6736,1036.5784,1039.9276,967285
2006-08-25,1035.7411,1043.2768,1032.3919,1039.0903,859700
2006-08-29,1039.9276,1048.3006,1025.6935,1037.4157,840735
2006-08-30,1033.2292,1046.626,1027.3681,1044.1141,1179058
2006-08-31,1039.0903,1053.3244,1039.0903,1042.4395,1886852
2006-09-01,1050.8125,1051.6498,1034.0665,1041.6022,1869026
2006-09-04,1039.0903,1070.0704,1037.4157,1067.5585,1136314
2006-09-05,1074.2569,1078.4434,1060.8601,1062.5347,820611
2006-09-06,1067.5585,1067.5585,1052.4871,1056.6736,910541
2006-09-07,1052.4871,1054.1617,1025.6935,1029.88,1401451
2006-09-08,1037.4157,1041.6022,1025.6935,1035.7411,869706
2006-09-11,1026.5308,1039.9276,1019.8324,1039.9276,949289
2006-09-12,1038.253,1055.8363,1032.3919,1053.3244,918794
2006-09-13,1050.8125,1064.2093,1049.9752,1064.2093,674538
2006-09-14,1060.8601,1080.118,1060.0228,1075.9315,4018650
2006-09-15,1080.9553,1101.8879,1077.6061,1098.5386,4005487
2006-09-18,1094.3521,1112.7728,1085.9791,1103.5625,1247791
2006-09-19,1105.2371,1109.4236,1098.5386,1098.5386,1760468
2006-09-20,1103.5625,1103.5625,1085.9791,1095.1894,1330781
2006-09-21,1093.5148,1101.8879,1084.3045,1101.0506,1201338
2006-09-22,1091.0029,1092.6775,1080.9553,1082.6299,948754
2006-09-25,1092.6775,1092.6775,1080.118,1087.6537,1363258
2006-09-26,1088.491,1098.5386,1084.3045,1096.0267,560468
2006-09-27,1095.1894,1122.8204,1095.1894,1122.8204,3127014
2006-09-28,1120.3085,1127.0069,1113.6101,1119.4712,1213800
2006-09-29,1115.2847,1123.6577,1113.6101,1120.3085,733201
2006-10-02,1133.7053,1141.241,1115.2847,1119.4712,1293311
2006-10-03,1112.7728,1116.9593,1096.864,1109.4236,968358
2006-10-04,1111.9355,1111.9355,1095.1894,1103.5625,1225440
2006-10-05,1101.0506,1111.9355,1092.6775,1110.2609,1256751
2006-10-06,1105.2371,1116.122,1101.0506,1108.5863,1040365
2006-10-09,1096.0267,1113.6101,1096.0267,1106.9117,668632
2006-10-10,1105.2371,1111.0982,1088.491,1105.2371,1908413
2006-10-11,1097.7013,1110.2609,1091.8402,1106.9117,1935842
2006-10-12,1113.6101,1121.9831,1101.0506,1119.4712,1212439
2006-10-13,1115.2847,1127.8442,1111.0982,1120.3085,1331005
2006-10-16,1124.495,1126.1696,1113.6101,1121.1458,792196
2006-10-17,1123.6577,1123.6577,1096.864,1097.7013,758402
2006-10-18,1097.7013,1121.1458,1097.7013,1121.1458,948261
2006-10-19,1121.1458,1121.1458,1105.2371,1108.5863,608929
2006-10-20,1106.0744,1116.9593,1098.5386,1106.0744,3736539
2006-10-23,1114.4474,1114.4474,1098.5386,1106.9117,705303
2006-10-24,1111.9355,1113.6101,1100.2133,1113.6101,789840
2006-10-25,1106.9117,1118.6339,1102.7252,1110.2609,1410428
2006-10-26,1109.4236,1124.495,1109.4236,1118.6339,1118563
2006-10-27,1122.8204,1127.0069,1107.749,1111.9355,2053500
2006-10-30,1102.7252,1116.122,1097.7013,1114.4474,957833
2006-10-31,1117.7966,1121.9831,1112.7728,1117.7966,1842194
2006-11-01,1116.9593,1123.6577,1109.4236,1110.2609,1110836
2006-11-02,1094.3521,1117.7966,1091.0029,1117.7966,2727613
2006-11-03,1127.8442,1127.8442,1108.5863,1114.4474,1777098
2006-11-06,1122.8204,1128.6815,1114.4474,1128.6815,1654031
2006-11-07,1124.495,1136.2172,1117.7966,1132.0307,2475130
2006-11-08,1130.3561,1134.5426,1118.6339,1130.3561,977581
2006-11-09,1126.1696,1127.8442,1117.7966,1126.1696,1615698
2006-11-10,1131.1934,1157.1497,1119.4712,1157.1497,2560222
2006-11-13,1162.1735,1175.5703,1158.8243,1173.8957,2265644
2006-11-14,1173.8957,1183.106,1164.6854,1174.733,1975820
2006-11-15,1184.7806,1193.9909,1180.5941,1193.9909,4898735
2006-11-16,1193.9909,1207.3878,1189.8044,1207.3878,1077272
2006-11-17,1211.5743,1217.4354,1180.5941,1187.2925,2541548
2006-11-20,1182.2687,1191.479,1172.2211,1183.106,1712057
2006-11-21,1188.0704,1195.6655,1179.7568,1184.7806,875816
2006-11-22,1183.9433,1191.479,1159.6616,1169.7092,1502360
2006-11-23,1177.2449,1177.2449,1142.9156,1158.8243,1827273
2006-11-24,1158.8243,1160.4989,1138.7291,1156.3124,1272389
2006-11-27,1170.5465,1184.7806,1153.8005,1161.3362,1114325
2006-11-28,1161.3362,1163.0108,1143.7529,1155.4751,1585138
2006-11-29,1152.9632,1199.0147,1152.9632,1188.9671,2631479
2006-11-30,1184.7806,1224.9711,1184.7806,1222.4592,4183110
2006-12-01,1231.6695,1232.5068,1210.737,1223.2965,2863505
2006-12-04,1219.9473,1230.8322,1219.11,1229.9949,1542988
2006-12-05,1230.8322,1252.602,1226.6457,1239.2052,2019263
2006-12-06,1234.1814,1286.9313,1232.5068,1267.6734,3321918
2006-12-07,1271.0226,1281.9075,1258.4631,1267.6734,2678305
2006-12-08,1257.6258,1270.1853,1250.9274,1264.3242,2287591
2006-12-11,1275.2091,1275.2091,1241.7171,1250.9274,3134316
2006-12-12,1247.5782,1247.5782,1214.0862,1230.8322,2817530
2006-12-13,1233.3441,1250.9274,1224.9711,1245.0663,3873391
2006-12-14,1247.5782,1261.8123,1243.3917,1253.4393,2420968
2006-12-15,1257.6258,1259.3004,1240.0425,1250.9274,3555889
2006-12-18,1247.5782,1256.7885,1237.5306,1246.7409,2002250
2006-12-19,1245.9036,1263.4869,1235.856,1259.3004,1334819
2006-12-20,1268.5107,1279.3956,1252.602,1262.6496,2315865
2006-12-21,1263.4869,1267.6734,1252.602,1256.7885,1114903
2006-12-22,1244.229,1261.8123,1243.3917,1245.9036,723347
2006-12-27,1261.8123,1277.721,1255.1139,1265.1615,665281
2006-12-28,1255.9512,1284.4194,1255.9512,1264.3242,395257
2006-12-29,1265.9988,1279.3956,1265.9988,1277.721,284676
2007-01-02,1274.3718,1292.7924,1274.3718,1291.9551,683859
2007-01-03,1281.9075,1292.7924,1278.5583,1283.5821,1202618
2007-01-04,1281.0702,1284.4194,1269.348,1271.8599,1539257
2007-01-05,1260.975,1270.1853,1254.2766,1254.2766,975216
2007-01-08,1252.602,1260.975,1237.5306,1239.2052,2633440
2007-01-09,1239.2052,1247.5782,1234.1814,1240.8798,1893846
2007-01-10,1240.8798,1240.8798,1219.9473,1232.5068,2583821
2007-01-11,1232.5068,1241.7171,1180.5941,1219.9473,3207521
2007-01-12,1224.1338,1224.1338,1196.5028,1204.0386,2566065
2007-01-15,1204.8759,1216.5981,1197.3401,1208.2251,753318
2007-01-16,1208.2251,1208.2251,1176.4076,1178.9195,1934701
2007-01-17,1176.4076,1184.7806,1167.1973,1172.2211,2090624
2007-01-18,1178.0822,1200.6893,1178.0822,1196.5028,3901891
2007-01-19,1185.6179,1201.5266,1185.6179,1197.3401,3772850
2007-01-22,1194.8282,1207.3878,1181.4314,1187.2925,2823682
2007-01-23,1190.6417,1199.0147,1181.4314,1187.2925,2559392
2007-01-24,1188.1298,1227.483,1188.1298,1215.7608,2581868
2007-01-25,1218.2727,1219.9473,1190.6417,1195.6655,2328383
2007-01-26,1185.6179,1204.8759,1180.5941,1183.9433,2289382
2007-01-29,1180.5941,1183.106,1170.5465,1178.9195,1698454
2007-01-30,1178.9195,1185.6179,1164.6854,1168.8719,1094851
2007-01-31,1163.8481,1171.3838,1155.4751,1160.4989,1768848
2007-02-01,1160.4989,1188.1298,1160.4989,1184.7806,2050440
2007-02-02,1178.9195,1211.5743,1178.9195,1199.0147,2350664
2007-02-05,1190.6417,1204.8759,1188.9671,1191.479,2979720
2007-02-06,1195.6655,1205.7132,1188.9671,1201.5266,1847681
2007-02-07,1197.3401,1206.5505,1193.1536,1203.2012,1370404
2007-02-08,1209.0624,1209.0624,1187.2925,1188.9671,1069777
2007-02-09,1197.3401,1204.8759,1174.733,1177.2449,1315249
2007-02-12,1176.4076,1176.4076,1156.3124,1165.5227,1907235
2007-02-13,1161.3362,1173.0584,1158.8243,1161.3362,1127661
2007-02-14,1159.6616,1170.5465,1158.8243,1168.8719,2304392
2007-02-15,1163.8481,1173.0584,1158.8243,1168.0346,1035811
2007-02-16,1170.5465,1171.3838,1152.1259,1155.4751,2632921
2007-02-19,1153.8005,1163.8481,1151.2886,1156.3124,2067276
2007-02-20,1159.6616,1159.6616,1137.0545,1143.7529,2055898
2007-02-21,1153.8005,1173.0584,1146.2648,1152.1259,2781878
2007-02-22,1168.0346,1184.7806,1158.8243,1170.5465,3248089
2007-02-23,1179.7568,1193.9909,1173.8957,1192.3163,2520918
2007-02-26,1208.2251,1243.3917,1202.3639,1233.3441,4712411
2007-02-27,1235.856,1240.0425,1172.2211,1184.7806,2862829
2007-02-28,1168.0346,1188.9671,1137.0545,1168.8719,3126711
2007-03-01,1161.3362,1203.2012,1142.9156,1172.2211,4416834
2007-03-02,1187.2925,1187.2925,1157.1497,1163.0108,2779283
2007-03-05,1130.3561,1139.5664,1109.4236,1132.0307,3311379
2007-03-06,1133.7053,1151.2886,1111.9355,1149.614,3054919
2007-03-07,1133.7053,1162.1735,1121.1458,1154.6378,2140267
2007-03-08,1149.614,1170.5465,1149.614,1167.1973,1385483
2007-03-09,1167.1973,1192.3163,1157.1497,1191.479,3016480
2007-03-12,1197.3401,1209.8997,1173.0584,1174.733,1756497
2007-03-13,1170.5465,1178.0822,1142.0783,1142.0783,3236454
2007-03-14,1130.3561,1130.3561,1104.3998,1105.2371,2783899
2007-03-15,1137.8918,1150.4513,1121.9831,1143.7529,2498443
2007-03-16,1143.7529,1155.4751,1131.1934,1142.9156,2041346
2007-03-19,1156.3124,1163.0108,1144.5902,1156.3124,1904355
2007-03-20,1155.4751,1160.4989,1139.5664,1157.1497,1342479
2007-03-21,1152.9632,1184.7806,1152.9632,1178.9195,1887302
2007-03-22,1196.5028,1197.3401,1173.0584,1177.2449,2028092
2007-03-23,1172.2211,1178.9195,1168.0346,1172.2211,2111274
2007-03-26,1181.4314,1224.9711,1181.4314,1203.2012,2786007
2007-03-27,1202.3639,1214.0862,1182.2687,1183.9433,1542395
2007-03-28,1178.9195,1188.9671,1172.2211,1173.8957,2001052
2007-03-29,1172.2211,1189.8044,1172.2211,1189.8044,1445602
2007-03-30,1193.1536,1193.9909,1173.8957,1177.2449,2319160
2007-04-02,1166.36,1197.3401,1166.36,1191.479,1888999
2007-04-03,1205.7132,1214.0862,1196.5028,1210.737,2100613
2007-04-04,1224.1338,1224.9711,1207.3878,1212.4116,1998924
2007-04-05,1209.8997,1229.1576,1202.3639,1226.6457,2231433
2007-04-10,1239.2052,1241.7171,1222.4592,1227.483,1532331
2007-04-11,1219.9473,1236.6933,1206.5505,1211.5743,1338159
2007-04-12,1201.5266,1214.0862,1190.6417,1202.3639,1125443
2007-04-13,1213.2489,1214.0862,1185.6179,1196.5028,828849
2007-04-16,1211.5743,1211.5743,1188.9671,1209.8997,1726779
2007-04-17,1209.8997,1209.8997,1188.9671,1204.8759,1920178
2007-04-18,1206.5505,1206.5505,1193.1536,1197.3401,2094686
2007-04-19,1192.3163,1192.3163,1168.8719,1175.5703,2962682
2007-04-20,1183.9433,1188.9671,1171.3838,1180.5941,2354266
2007-04-23,1178.0822,1189.8044,1166.36,1177.2449,1976753
2007-04-24,1179.7568,1179.7568,1138.7291,1165.5227,4585621
2007-04-25,1175.5703,1181.4314,1144.5902,1150.4513,3050604
2007-04-26,1155.4751,1162.1735,1143.7529,1145.4275,1934413
2007-04-27,1153.8005,1155.4751,1132.0307,1134.5426,2478941
2007-04-30,1125.3323,1134.5426,1115.2847,1127.8442,3207502
2007-05-01,1129.5188,1135.3799,1116.9593,1126.1696,988853
2007-05-02,1139.5664,1166.36,1136.2172,1160.4989,2190707
2007-05-03,1171.3838,1173.0584,1142.0783,1151.2886,2479638
2007-05-04,1146.2648,1179.7568,1146.2648,1176.4076,2355903
2007-05-08,1176.4076,1191.479,1153.8005,1157.987,1646328
2007-05-09,1176.4076,1176.4076,1144.5902,1149.614,1625059
2007-05-10,1155.4751,1164.6854,1143.7529,1152.1259,2031203
2007-05-11,1149.614,1174.733,1142.0783,1173.0584,4756728
2007-05-14,1185.6179,1185.6179,1160.4989,1168.0346,1336621
2007-05-15,1170.5465,1187.2925,1168.0346,1180.5941,2687313
2007-05-16,1177.2449,1188.9671,1175.5703,1183.106,2074175
2007-05-17,1188.1298,1188.9671,1177.2449,1187.2925,968571
2007-05-18,1187.2925,1193.9909,1179.7568,1188.9671,1294260
2007-05-21,1199.0147,1208.2251,1179.7568,1195.6655,1499068
2007-05-22,1192.3163,1202.3639,1186.4552,1199.0147,1851380
2007-05-23,1192.3163,1203.2012,1181.4314,1185.6179,1732481
2007-05-24,1180.5941,1186.4552,1142.9156,1144.5902,2878041
2007-05-25,1144.5902,1147.1021,1124.495,1127.0069,2614711
2007-05-29,1139.5664,1142.0783,1118.6339,1137.0545,1014854
2007-05-30,1127.8442,1136.2172,1114.4474,1132.0307,1443648
2007-05-31,1144.5902,1156.3124,1134.5426,1143.7529,1642402
2007-06-01,1149.614,1153.8005,1134.5426,1148.7767,1986852
2007-06-04,1154.6378,1154.6378,1129.5188,1133.7053,1060125
2007-06-05,1128.6815,1136.2172,1095.1894,1104.3998,2434650
2007-06-06,1107.749,1107.749,1073.4196,1077.6061,2570381
2007-06-07,1084.3045,1089.3283,1024.0189,1038.253,4503721
2007-06-08,1035.7411,1052.4871,1021.507,1042.4395,2841267
2007-06-11,1043.2768,1050.8125,1017.3205,1029.0427,2675693
2007-06-12,1024.8562,1060.0228,1020.6697,1049.9752,4137544
2007-06-13,1040.7649,1050.8125,1015.6459,1031.5546,9024503
2007-06-14,1046.626,1050.8125,1026.5308,1041.6022,4789370
2007-06-15,1044.9514,1070.0704,1044.9514,1068.3958,3383596
2007-06-18,1074.2569,1074.2569,1029.6455,1032.3919,2803847
2007-06-19,1030.7173,1042.4395,1018.1578,1018.1578,2184116
2007-06-20,1026.5308,1037.2147,1016.4832,1023.1816,3284967
2007-06-21,1018.1578,1018.1578,995.5507,1010.6221,4682375
2007-06-22,1020.6697,1020.6697,1000.5745,1007.2729,3541417
2007-06-25,1013.134,1035.7411,979.6419,996.388,4162099
2007-06-26,992.2014,1016.6665,971.2689,979.6419,4145791
2007-06-27,981.3165,981.3165,951.1737,969.5943,3895125
2007-06-28,977.13,987.1776,964.5705,967.9197,1843049
2007-06-29,968.757,977.13,954.5229,969.5943,3163982
2007-07-02,967.9197,988.8522,959.5467,982.1538,3998954
2007-07-03,991.3641,1004.761,984.6657,1003.9237,2692707
2007-07-04,1008.1102,1016.7427,1002.2491,1013.134,2611818
2007-07-05,1020.6697,1022.3443,999.7372,1006.4356,5443954
2007-07-06,1006.4356,1023.1816,1002.2491,1016.4832,5004210
2007-07-09,1023.1816,1026.5308,966.2451,974.6181,4163214
2007-07-10,970.4316,985.8296,954.5229,962.8959,2887169
2007-07-11,958.7094,972.1062,950.3364,957.0348,3348680
2007-07-12,966.2451,979.6419,956.1975,978.8046,3792165
2007-07-13,982.1538,993.876,971.2689,977.13,1664576
2007-07-16,968.757,968.757,959.5467,966.2451,2366168
2007-07-17,976.2927,976.2927,939.4515,942.8007,2764047
2007-07-18,937.7769,955.3602,931.9158,941.1261,3623421
2007-07-19,956.1975,989.6895,936.4875,983.8284,4510811
2007-07-20,979.6419,1012.2967,979.6419,991.3641,4009774
2007-07-23,995.5507,1003.5887,967.9197,974.6181,3387729
2007-07-24,974.6181,979.6419,950.3364,952.011,2643107
2007-07-25,951.1737,958.7094,929.4039,935.265,2170073
2007-07-26,936.1023,949.4991,901.773,902.6103,4005541
2007-07-27,895.9119,944.4753,893.4,920.1936,4794545
2007-07-30,927.7293,933.5904,908.4714,921.8682,2304826
2007-07-31,926.0547,973.7808,924.3801,972.1062,5943872
2007-08-01,957.0348,971.2689,941.1261,957.0348,4065075
2007-08-02,969.5943,992.2014,952.011,977.13,3383311
2007-08-03,986.3403,986.3403,953.6856,956.1975,2061284
2007-08-06,949.4991,983.8284,944.4753,974.6181,7119282
2007-08-07,993.876,1003.0864,974.6181,1003.0864,2824277
2007-08-08,1015.6459,1046.626,1008.1604,1036.5784,3503660
2007-08-09,1052.4871,1055.8363,1017.3205,1042.4395,5130126
2007-08-10,1034.0665,1051.6498,998.0626,998.0626,4910148
2007-08-13,1017.3205,1034.9038,998.0626,1031.5546,3432991
2007-08-14,1011.4594,1034.0665,1004.761,1013.9713,3293690
2007-08-15,1006.4356,1055.8363,997.2253,1051.6498,2339330
2007-08-16,1024.8562,1058.3482,1016.4832,1021.507,5648036
2007-08-17,1032.3919,1072.5823,1015.6459,1065.8839,4381809
2007-08-20,1084.3045,1090.1656,1044.1141,1046.626,1726817
2007-08-21,1059.1855,1063.372,1013.134,1024.0189,4516930
2007-08-22,1032.3919,1052.4871,1027.3681,1049.1379,5302010
2007-08-23,1067.5585,1067.5585,1008.9475,1024.0189,3050488
2007-08-24,1034.9038,1034.9038,1008.1102,1010.6221,2890137
2007-08-28,1018.9951,1023.1816,972.9435,974.6181,3035516
2007-08-29,963.7332,973.7808,947.8245,967.0824,4252879
2007-08-30,982.1538,991.3641,963.7332,973.7808,1713528
2007-08-31,988.0149,991.3641,961.2213,968.757,5381888
2007-09-03,977.9673,982.9911,964.5705,968.757,3463485
2007-09-04,970.4316,970.4316,951.1737,959.5467,4315679
2007-09-05,958.7094,968.757,941.9634,944.4753,3891395
2007-09-06,954.5229,955.3602,916.0071,936.9396,3954295
2007-09-07,940.2888,943.638,910.146,910.9833,4043791
2007-09-10,924.3801,928.5666,898.4238,901.773,3067558
2007-09-11,914.3325,922.7055,908.4714,918.519,1694293
2007-09-12,921.8682,925.2174,911.8206,922.7055,3549986
2007-09-13,924.3801,924.3801,906.7968,910.9833,3560471
2007-09-14,908.4714,908.4714,828.9278,850.6976,7380955
2007-09-17,844.8365,844.8365,791.2493,792.0866,4973520
2007-09-18,792.5052,811.7631,782.8762,787.9001,6058861
2007-09-19,808.4139,851.5349,807.9953,828.0905,7886960
2007-09-20,821.8107,821.8107,776.5965,786.2255,6676514
2007-09-21,782.4576,790.8306,774.0846,781.2016,5286475
2007-09-24,784.5508,787.4814,750.2215,759.0132,6918127
2007-09-25,756.9199,760.6878,736.8247,747.7096,5012405
2007-09-26,754.408,770.7354,741.4299,761.9437,4474957
2007-09-27,773.6659,807.158,761.9437,797.9477,4764215
2007-09-28,795.8544,810.0885,787.4814,807.158,4719389
2007-10-01,805.4834,842.3246,801.2969,831.021,7056246
2007-10-02,840.65,913.4952,837.3008,880.0031,11910980
2007-10-03,879.1658,916.0071,878.3285,908.4714,7647454
2007-10-04,908.4714,919.3563,890.8881,893.4,5323932
2007-10-05,895.0746,895.0746,871.6301,879.1658,2925222
2007-10-08,883.3523,898.4238,865.769,870.7928,2741697
2007-10-09,869.1182,869.1182,837.3008,849.8603,6957092
2007-10-10,855.7214,878.3285,848.1857,874.9793,3941435
2007-10-11,873.3047,888.3761,833.9516,839.8127,5913208
2007-10-12,834.3702,837.3008,807.9953,817.2056,6842377
2007-10-15,814.275,830.6024,802.9715,809.2512,5344992
2007-10-16,820.9734,822.2294,793.7612,810.5072,3026386
2007-10-17,820.5548,829.7651,812.6004,825.9972,3346427
2007-10-18,838.1381,843.9992,797.1104,803.8088,5281676
2007-10-19,807.9953,833.1143,797.9477,813.0191,7761293
2007-10-22,787.0628,806.7393,780.3643,794.5985,3276466
2007-10-23,812.1818,834.3702,807.9953,827.6718,6291848
2007-10-24,832.277,833.5329,810.0885,814.275,4468353
2007-10-25,828.9278,828.9278,809.6699,822.648,3091403
2007-10-26,828.0905,833.1143,805.902,828.9278,4165412
2007-10-29,836.0448,836.4635,816.7869,820.9734,5194143
2007-10-30,825.5786,849.023,821.8107,835.6262,4336517
2007-10-31,843.9992,881.6777,835.2075,878.3285,4549808
2007-11-01,882.515,882.515,840.65,845.6738,2376876
2007-11-02,841.4873,842.3246,816.7869,838.9754,3308287
2007-11-05,833.1143,838.1381,811.7631,817.6242,2328488
2007-11-06,820.5548,822.2294,800.4596,803.8088,4276263
2007-11-07,810.9258,818.0429,764.037,764.4556,3776167
2007-11-08,763.1997,763.1997,735.9874,741.4299,6496097
2007-11-09,742.6858,762.781,716.7295,723.4279,4383488
2007-11-12,723.4279,738.0807,715.0549,732.6382,3306082
2007-11-13,729.289,732.6382,713.3803,715.8922,2680258
2007-11-14,726.7771,742.2672,721.7533,728.4517,3483603
2007-11-15,735.9874,741.0112,707.1005,710.4497,2526707
2007-11-16,709.1938,713.3803,684.0748,693.2851,3319155
2007-11-19,697.4716,716.3108,660.6303,660.6303,4003581
2007-11-20,666.4914,680.7256,650.1641,669.0033,4660987
2007-11-21,641.3724,659.3744,622.5331,629.6502,3675713
2007-11-22,634.674,635.93,614.5788,631.3248,2665152
2007-11-23,630.4875,672.7712,630.4875,664.8168,3394530
2007-11-26,678.2136,687.8426,643.4657,644.7216,2840384
2007-11-27,645.5589,645.5589,615.8347,627.5569,3309912
2007-11-28,634.2554,656.8625,621.2772,652.2573,7608121
2007-11-29,658.9557,666.0728,640.9538,647.2335,3388237
2007-11-30,647.6522,670.6779,640.5351,669.0033,4257069
2007-12-03,667.7474,689.9359,649.7454,660.2117,4223716
2007-12-04,660.6303,664.3982,627.9756,635.93,4912442
2007-12-05,643.8843,669.422,642.2097,666.4914,4123030
2007-12-06,673.6085,687.0053,623.7891,628.3943,7595403
2007-12-07,640.9538,675.7017,640.5351,664.8168,3954260
2007-12-10,665.2355,699.1462,663.5609,695.3783,2876785
2007-12-11,700.8208,700.8208,675.2831,687.0053,3457977
2007-12-12,681.1442,707.9378,664.3982,689.5172,6064928
2007-12-13,679.0509,693.2851,656.8625,657.2811,4953495
2007-12-14,666.0728,666.9101,643.047,653.0946,3774673
2007-12-17,643.8843,665.2355,634.674,656.4438,5914862
2007-12-18,656.0252,673.6085,643.4657,643.8843,3936254
2007-12-19,648.9081,673.1898,648.9081,659.793,3736781
2007-12-20,659.793,663.9795,646.8149,649.3268,3151229
2007-12-21,665.2355,665.6541,639.6978,640.5351,2956495
2007-12-24,640.5351,666.4914,639.2792,666.4914,483720
2007-12-27,666.9101,671.9339,657.2811,661.8863,1208279
2007-12-28,658.9557,674.4458,653.0946,670.6779,1180913
2007-12-31,675.7017,681.9815,664.8168,669.8406,835517
2008-01-02,659.793,686.168,650.1641,655.6065,1963438
2008-01-03,636.3486,655.1879,619.6026,624.6264,5371357
2008-01-04,626.7196,638.0232,603.2752,607.0431,5879862
2008-01-07,610.8109,610.8109,567.6899,573.551,5217888
2008-01-08,573.551,577.7376,530.8487,545.5015,11707950
2008-01-09,554.7118,554.7118,512.4281,540.059,9664307
2008-01-10,543.8269,568.5272,525.4063,540.059,10965470
2008-01-11,538.3844,592.809,538.3844,578.9935,8523671
2008-01-14,577.7376,622.9518,577.7376,618.7653,6783446
2008-01-15,619.1839,630.0689,590.7157,599.5074,6459409
2008-01-16,589.4598,623.7891,571.4578,611.2296,7561024
2008-01-17,618.3466,641.7911,618.3466,629.6502,5470354
2008-01-18,630.0689,666.0728,616.2534,642.6284,5553888
2008-01-21,623.7891,660.6303,612.9042,635.5113,7565808
2008-01-22,622.9518,689.9359,608.299,684.9121,8596503
2008-01-23,699.5648,728.033,672.3525,690.3545,15498890
2008-01-24,723.8465,753.1521,704.17,742.6858,10744860
2008-01-25,766.1302,766.1302,683.6561,691.6105,9348422
2008-01-28,681.5629,681.5629,646.8149,661.8863,8519186
2008-01-29,674.8644,687.0053,669.0033,675.7017,3881436
2008-01-30,674.0271,679.0509,651.8387,671.9339,4418204
2008-01-31,678.2136,678.2136,632.5808,645.5589,7380646
2008-02-01,655.1879,673.6085,638.0232,663.1422,6862954
2008-02-04,672.3525,672.3525,656.4438,661.4676,4326946
2008-02-05,656.8625,660.6303,611.2296,612.9042,4572631
2008-02-06,609.555,620.0212,603.6939,612.0669,3550981
2008-02-07,614.5788,625.045,597.4141,600.3447,4191078
2008-02-08,606.6244,614.1601,587.7852,592.809,3143852
2008-02-11,569.3645,604.5312,568.5272,598.2514,4768356
2008-02-12,607.8804,626.7196,604.5312,624.2077,6171531
2008-02-13,616.2534,619.1839,600.7633,607.8804,4737001
2008-02-14,616.2534,619.1839,592.809,597.8328,2857249
2008-02-15,597.8328,606.2058,579.8308,587.3665,2794204
2008-02-18,593.6463,606.6244,593.2276,601.182,3971722
2008-02-19,596.1582,634.674,596.1582,619.6026,3699165
2008-02-20,612.9042,612.9042,583.18,590.7157,4996065
2008-02-21,599.5074,611.2296,582.3427,606.6244,5335120
2008-02-22,604.5312,609.1363,591.553,599.5074,7874375
2008-02-25,612.4855,646.3962,608.7177,639.2792,6281414
2008-02-26,651.42,665.2355,625.8823,636.7673,9707244
2008-02-27,643.4657,650.5827,632.5808,644.7216,4565784
2008-02-28,643.4657,643.4657,620.4399,621.2772,4879513
2008-02-29,621.2772,624.2077,607.0431,617.0907,3493580
2008-03-03,609.1363,619.1839,601.6006,604.5312,3531788
2008-03-04,616.2534,616.2534,587.3665,593.6463,3350732
2008-03-05,586.1106,592.809,573.9697,588.6225,3116845
2008-03-06,591.9717,591.9717,573.1324,584.8546,4033720
2008-03-07,577.7376,600.7633,566.8526,592.3903,4338232
2008-03-10,584.436,585.2733,560.5729,566.8526,3408080
2008-03-11,571.8764,587.7852,559.3169,568.5272,3862703
2008-03-12,592.809,595.3209,570.2018,592.809,4468792
2008-03-13,581.0868,581.9241,554.2931,571.0391,4960276
2008-03-14,575.2256,602.8566,570.2018,577.7376,3863062
2008-03-17,560.1542,577.3189,535.0352,553.0372,4157123
2008-03-18,566.8526,596.1582,566.0153,589.4598,4118673
2008-03-19,595.7395,602.8566,568.1086,569.3645,3775858
2008-03-20,577.7376,591.9717,563.9221,584.8546,5304119
2008-03-25,604.5312,653.9319,604.1125,644.7216,5059035
2008-03-26,642.2097,644.7216,617.0907,617.5093,3352281
2008-03-27,617.928,667.7474,617.928,661.049,5569085
2008-03-28,654.7692,658.5371,616.2534,627.5569,5646683
2008-03-31,624.6264,640.9538,610.3923,640.5351,4042145
2008-04-01,633.8367,667.3287,632.9994,664.3982,4034561
2008-04-02,669.422,669.8406,633.8367,651.42,6429281
2008-04-03,652.2573,656.8625,617.5093,620.4399,4915028
2008-04-04,624.2077,632.5808,595.3209,602.0193,5266231
2008-04-07,608.7177,614.9974,589.0411,591.1344,5460466
2008-04-08,590.2971,590.2971,563.5034,575.2256,3535609
2008-04-09,573.9697,593.6463,573.9697,577.7376,3304032
2008-04-10,579.8308,584.0173,558.4796,579.8308,6241380
2008-04-11,592.3903,592.3903,558.8983,571.8764,4371856
2008-04-14,567.6899,568.5272,556.805,565.178,3275476
2008-04-15,570.6205,570.6205,545.5015,551.7812,3604772
2008-04-16,559.7356,573.9697,552.6185,571.0391,4408109
2008-04-17,576.4816,576.9003,546.3388,551.7812,6020970
2008-04-18,553.8745,579.8308,546.7574,575.6443,8198305
2008-04-21,581.9241,604.1125,578.5749,585.2733,4708952
2008-04-22,577.3189,577.7376,549.2693,554.2931,5268280
2008-04-23,545.9201,558.061,530.8487,544.2455,6700317
2008-04-24,510.7535,522.057,493.5888,509.4975,16210950
2008-04-25,510.7535,520.8011,495.6821,500.2872,7689238
2008-04-28,500.2872,519.5451,500.2872,504.4737,4605222
2008-04-29,504.8924,509.4975,483.5412,486.4718,4766633
2008-04-30,486.4718,495.2634,475.5869,485.2158,11052710
2008-05-01,489.4023,489.4023,467.2138,473.075,6392479
2008-05-02,480.6107,492.7515,468.8884,487.3091,7895094
2008-05-06,490.6583,499.8686,477.2615,492.7515,4655465
2008-05-07,495.6821,531.686,494.0075,519.5451,5053641
2008-05-08,512.4281,537.9658,509.0789,535.8725,5621489
2008-05-09,533.7793,533.7793,501.9618,506.1483,5231802
2008-05-12,508.6602,509.4975,496.1007,502.3805,2180502
2008-05-13,507.4043,509.4975,483.5412,486.0531,4294972
2008-05-14,489.4023,493.5888,458.8408,460.9341,5259276
2008-05-15,460.5154,472.2377,452.1424,465.9579,4713163
2008-05-16,470.563,481.0293,465.5392,467.6325,4828931
2008-05-19,473.9123,477.2615,453.3984,464.7019,4681674
2008-05-20,462.19,470.563,458.0035,464.2833,7291120
2008-05-21,465.1206,468.0511,447.5373,453.3984,5198504
2008-05-22,447.9559,452.9797,438.7456,440.4202,3303026
2008-05-23,439.1643,445.444,430.3726,430.3726,3882901
2008-05-27,434.5591,434.5591,410.4867,426.1861,3947184
2008-05-28,430.3726,437.071,427.8607,429.954,2523651
2008-05-29,429.5353,432.0472,404.8349,408.1841,6541537
2008-05-30,409.2308,415.5105,401.0671,403.1603,5412899
2008-06-02,403.7883,403.7883,385.3677,391.2288,4376375
2008-06-03,392.6941,397.0899,375.9481,381.8092,4671582
2008-06-04,373.4362,384.949,365.4818,380.7625,9195712
2008-06-05,379.2973,395.206,371.9709,387.8796,7442591
2008-06-06,390.1822,396.8806,371.5522,374.4828,4642375
2008-06-09,371.5522,371.5522,356.2715,358.9927,4376770
2008-06-10,349.3638,350.829,319.4303,324.4541,12220440
2008-06-11,316.709,334.083,292.846,314.8251,18335801
2008-06-12,313.1505,326.966,294.5206,312.1039,12510150
2008-06-13,311.4759,356.2715,311.4759,344.5493,8840762
2008-06-16,347.4798,369.6683,347.4798,352.713,6582659
2008-06-17,355.2249,361.9233,343.5027,345.8052,3704807
2008-06-18,345.3866,345.3866,314.4065,317.7557,4746046
2008-06-19,314.6158,316.4997,297.2418,305.6148,6860744
2008-06-20,308.964,337.4322,304.7775,310.4293,15467690
2008-06-23,315.0344,315.0344,287.6128,297.2418,6123059
2008-06-24,304.9868,304.9868,276.5186,282.7983,6762210
2008-06-25,281.961,289.0781,274.6347,283.845,6501168
2008-06-26,279.4491,281.5424,251.6089,252.8648,8209342
2008-06-27,251.1902,264.3777,244.4918,262.9125,9969370
2008-06-30,263.3311,278.1932,260.4005,264.5871,9783568
2008-07-01,263.7498,263.7498,243.4452,244.0732,5541681
2008-07-02,209.3252,209.3252,189.6486,200.9522,19674770
2008-07-03,198.4403,199.4869,180.229,191.7419,10619710
2008-07-04,197.8123,198.0216,180.6476,197.603,7370421
2008-07-07,197.3937,198.231,181.9036,190.9046,7099143
2008-07-08,192.5792,200.5335,174.5772,197.3937,11666490
2008-07-09,202.2081,221.2567,197.1843,207.4413,13263340
2008-07-10,207.4413,220.8381,202.6268,215.1863,9500147
2008-07-11,214.5583,227.5365,206.3946,207.4413,11369480
2008-07-14,211.4185,222.094,205.5573,207.2319,3743130
2008-07-15,203.6734,206.8133,200.5335,204.9294,6016480
2008-07-16,205.1387,220.0008,199.6962,216.2329,6746575
2008-07-17,236.9561,248.8877,228.3738,244.4918,9768655
2008-07-18,240.3053,296.8231,231.9323,281.7517,11383470
2008-07-21,280.0771,300.8003,272.3321,299.335,6092845
2008-07-22,290.3341,290.3341,258.9353,273.1694,7640188
2008-07-23,289.7061,298.2884,276.0999,297.4511,7133756
2008-07-24,292.846,304.5682,286.7755,292.0087,5719372
2008-07-25,283.4263,284.2636,267.9363,278.8212,4035293
2008-07-28,274.6347,280.7051,259.9819,262.0752,4323297
2008-07-29,259.1446,262.4938,243.2359,260.8192,7869115
2008-07-30,262.9125,274.216,247.841,259.7726,6936510
2008-07-31,259.3539,259.3539,237.3748,241.7706,6819811
2008-08-01,237.7934,249.9343,232.7696,246.5851,5119681
2008-08-04,238.8401,261.8658,238.8401,260.8192,4264028
2008-08-05,260.6099,308.5453,259.9819,306.4521,5714114
2008-08-06,298.7071,315.0344,279.2398,284.2636,8037724
2008-08-07,277.1466,301.0096,272.1228,292.218,5139955
2008-08-08,285.7289,309.8013,282.1704,309.592,5351416
2008-08-11,304.5682,350.6197,304.5682,343.712,6621951
2008-08-12,335.1296,348.1078,324.0354,325.9193,6548543
2008-08-13,325.71,325.71,293.8926,300.3817,6975394
2008-08-14,292.4273,297.2418,277.1466,287.8222,6471387
2008-08-15,289.7061,299.5444,276.5186,294.5206,4903505
2008-08-18,289.4968,294.5206,271.7041,277.9839,2864157
2008-08-19,270.0295,270.8668,252.6555,255.3767,4210312
2008-08-20,253.2835,262.2845,247.6317,249.9343,4422212
2008-08-21,249.5156,291.59,242.8172,273.7974,8813050
2008-08-22,268.5642,302.4749,268.5642,301.4283,8933654
2008-08-26,288.4501,307.2894,284.8916,296.8231,7391478
2008-08-27,292.218,294.3112,279.0305,292.0087,2677166
2008-08-28,289.2874,321.7328,286.3569,314.8251,4977477
2008-08-29,310.0106,321.3142,308.964,312.7318,4083506
2008-09-01,308.336,327.3846,301.8469,322.5701,3078044
2008-09-02,318.1743,364.0165,318.1743,355.2249,10023480
2008-09-03,339.3161,346.6425,330.7338,337.0136,5204335
2008-09-04,334.9203,344.1306,319.2209,324.6634,4963641
2008-09-05,320.6862,334.083,305.8241,321.3142,5065895
2008-09-08,335.1296,360.0393,335.1296,351.6663,1827471
2008-09-09,347.4798,367.5751,339.5255,361.2953,6886425
2008-09-10,362.9699,372.3895,348.7358,353.7596,5736453
2008-09-11,355.6435,357.5274,320.4769,322.7795,9559881
2008-09-12,327.8033,337.4322,311.0572,335.1296,7198333
2008-09-15,310.4293,321.9422,295.5672,301.4283,6349063
2008-09-16,292.218,328.0126,285.1009,320.6862,14928630
2008-09-17,330.7338,339.3161,301.8469,302.4749,7993665
2008-09-18,297.2418,376.9947,297.2418,329.6872,15380810
2008-09-19,376.7854,410.0681,336.5949,364.4352,18306500
2008-09-22,353.3409,383.4838,352.9223,356.6901,6640574
2008-09-23,351.457,361.7139,340.5721,349.9917,4517260
2008-09-24,344.9679,379.7159,344.9679,369.8776,6095969
2008-09-25,358.7834,368.203,348.5265,357.7368,5190827
2008-09-26,343.2933,353.1316,333.0364,340.5721,3677313
2008-09-29,330.7338,340.1535,302.6842,311.6852,3302121
2008-09-30,301.0096,346.8519,281.3331,333.455,5150343
2008-10-01,333.455,365.9004,318.3836,322.5701,3823986
2008-10-02,318.1743,350.829,316.2904,329.2685,3877172
2008-10-03,326.5473,341.8281,319.2209,334.5017,3158078
2008-10-06,309.8013,314.8251,289.9154,308.964,6424472
2008-10-07,312.7318,339.1068,259.3539,312.1039,5498699
2008-10-08,264.5871,355.0155,264.5871,335.5483,7291393
2008-10-09,335.5483,354.8062,332.1991,340.5721,4185173
2008-10-10,305.6148,330.1058,292.0087,307.708,6126411
2008-10-13,307.9174,329.2685,303.3122,315.8717,6666131
2008-10-14,341.4094,341.4094,277.5652,285.5196,4068369
2008-10-15,276.3093,288.4501,252.2369,256.0047,3852977
2008-10-16,247.4224,271.0761,225.6526,232.1416,4516979
2008-10-17,246.7944,247.0037,195.7191,199.4869,5215231
2008-10-20,205.348,209.7439,162.227,168.0881,7210782
2008-10-21,169.1348,210.3718,169.1348,197.8123,4656632
2008-10-22,190.0673,220.8381,190.0673,202.8361,3072736
2008-10-23,209.3252,213.5117,189.0207,198.0216,5053229
2008-10-24,188.3927,191.9512,167.4602,181.9036,4559785
2008-10-27,172.9026,196.975,167.4602,190.2766,4192528
2008-10-28,193.6258,195.9284,172.484,179.601,3077905
2008-10-29,191.7419,216.4423,177.5078,210.1625,3714608
2008-10-30,218.5355,240.724,202.2081,227.5365,5362878
2008-10-31,225.6526,263.7498,214.349,251.1902,3214601
2008-11-03,252.8648,281.5424,248.8877,268.5642,3181796
2008-11-04,267.7269,294.7299,267.7269,294.5206,3508438
2008-11-05,294.3112,295.1485,269.6109,270.2388,3852583
2008-11-06,252.8648,312.1039,251.1902,281.961,5005991
2008-11-07,279.8678,305.6148,279.8678,287.1942,3303218
2008-11-10,292.6366,302.0563,251.1902,255.5861,3715148
2008-11-11,251.1902,260.1912,229.6297,230.6764,4441441
2008-11-12,230.2577,240.3053,209.3252,212.6744,3992928
2008-11-13,206.3946,223.978,200.1149,203.6734,3594629
2008-11-14,213.721,223.1407,200.9522,200.9522,3888727
2008-11-17,199.6962,215.8143,196.7657,206.8133,3505503
2008-11-18,209.1159,224.8153,197.3937,207.4413,3727167
2008-11-19,206.3946,213.5117,183.3689,184.6248,2990771
2008-11-20,180.6476,206.604,170.8094,188.8113,5462601
2008-11-21,187.974,200.5335,187.7647,195.7191,3063981
2008-11-24,199.2776,209.3252,185.8808,202.2081,3982416
2008-11-25,196.5564,196.5564,177.5078,185.0435,12973020
2008-11-26,183.3689,195.9284,177.7171,188.3927,4157814
2008-11-27,189.858,197.3937,186.7181,191.3232,3473711
2008-11-28,186.5088,188.602,176.0425,180.6476,4119748
2008-12-01,178.973,190.0673,173.5306,175.6238,2663094
2008-12-02,169.9721,183.3689,154.9006,169.5534,6714798
2008-12-03,166.2042,171.6467,150.7141,153.854,6119475
2008-12-04,151.7608,172.484,150.7141,158.0405,5056459
2008-12-05,154.9006,169.1348,152.3887,166.6229,6720021
2008-12-08,176.0425,189.23,174.1586,185.2528,3502857
2008-12-09,185.2528,205.976,180.4383,200.9522,2769194
2008-12-10,199.2776,211.4185,195.5097,201.9988,3483839
2008-12-11,196.7657,204.3014,190.9046,198.6496,1225643
2008-12-12,191.5326,208.0692,187.1367,199.6962,2090711
2008-12-15,198.6496,208.9065,195.7191,200.1149,1706095
2008-12-16,197.603,208.9065,196.1377,200.5335,3080314
2008-12-17,200.3242,208.2786,196.7657,205.1387,2594257
2008-12-18,202.6268,219.1635,202.6268,212.4651,3089279
2008-12-19,208.2786,213.9304,187.7647,196.5564,5159101
2008-12-22,193.4165,201.9988,188.3927,200.9522,1297608
2008-12-23,198.4403,217.2796,198.4403,210.9998,1746226
2008-12-24,194.2538,211.4185,194.2538,202.6268,223187
2008-12-29,201.7895,207.2319,196.7657,198.0216,1164056
2008-12-30,197.603,199.0683,189.4393,195.7191,1166337
2008-12-31,194.8818,205.348,191.1139,192.3699,483293
2009-01-02,193.6258,214.977,193.6258,209.9532,1254443
2009-01-05,220.2101,230.0484,216.4423,221.0474,2732281
2009-01-06,220.6288,232.1416,216.0236,221.2567,2108848
2009-01-07,219.1635,240.9333,209.9532,234.2349,4444517
2009-01-08,237.7934,247.0037,227.1178,245.3291,5946748
2009-01-09,236.1188,244.9105,236.1188,243.4452,5071894
2009-01-12,241.1426,254.3301,238.6307,250.7716,6955244
2009-01-13,251.1902,257.47,244.4918,251.3996,3331353
2009-01-14,252.4462,256.4234,235.7002,245.5385,4568947
2009-01-15,244.0732,247.0037,236.5375,246.3758,3358929
2009-01-16,251.1902,261.8658,247.6317,249.097,3323249
2009-01-19,254.5394,258.098,238.0028,241.1426,2515138
2009-01-20,241.352,250.3529,232.9789,235.0722,2904370
2009-01-21,230.6764,250.5623,226.2805,242.8172,5283958
2009-01-22,245.5385,251.1902,228.3738,236.3282,3606769
2009-01-23,234.8629,241.5613,222.094,226.2805,3907578
2009-01-26,228.5831,249.097,207.0226,245.7478,2056173
2009-01-27,244.0732,252.4462,236.7468,245.7478,2471797
2009-01-28,248.2597,265.6337,247.0037,256.842,5615190
2009-01-29,253.4928,258.5166,237.5841,240.9333,4033314
2009-01-30,239.468,251.6089,236.9561,241.7706,4001114
2009-02-02,237.1655,245.1198,230.2577,238.4214,844267
2009-02-03,239.6774,253.7021,235.2815,247.0037,2381974
2009-02-04,247.0037,275.472,247.0037,266.6803,4589492
2009-02-05,260.8192,271.2855,256.4234,266.0523,5903694
2009-02-06,267.7269,292.846,265.4244,285.3102,6366226
2009-02-09,281.961,304.7775,278.1932,296.1952,2747664
2009-02-10,292.0087,292.4273,270.2388,272.3321,3309980
2009-02-11,273.588,277.1466,260.8192,269.6109,3973667
2009-02-12,269.6109,282.1704,266.2617,275.8906,3031409
2009-02-13,276.7279,294.9392,271.4948,278.1932,3147351
2009-02-16,274.4253,280.7051,265.4244,266.6803,1044512
2009-02-17,265.6337,267.5176,250.3529,252.2369,1679629
2009-02-18,251.1902,263.7498,247.4224,260.6099,1864141
2009-02-19,258.5166,261.0285,246.1664,249.097,3426328
2009-02-20,244.9105,253.7021,237.7934,238.8401,2035567
2009-02-23,242.8172,253.7021,242.8172,248.0504,2225080
2009-02-24,244.2825,248.2597,236.1188,246.3758,1556831
2009-02-25,251.1902,271.7041,251.1902,265.4244,4053055
2009-02-26,269.6109,297.2418,269.6109,287.1942,4699026
2009-02-27,281.5424,295.9858,278.1932,288.2408,4039571
2009-03-02,288.6595,301.4283,284.6823,290.7527,4190929
2009-03-03,293.8926,321.7328,290.7527,314.4065,7044638
2009-03-04,310.8479,316.0811,301.4283,307.4987,4318647
2009-03-05,303.9402,303.9402,276.3093,280.2864,4308562
2009-03-06,279.2398,283.217,267.9363,278.1932,2784429
2009-03-09,281.1237,285.9382,270.8668,277.9839,2857974
2009-03-10,274.844,297.6604,274.844,290.3341,4051255
2009-03-11,286.3569,289.2874,273.1694,277.7745,7597822
2009-03-12,272.1228,277.1466,257.0513,266.471,3112052
2009-03-13,267.9363,285.5196,267.9363,278.4025,2878731
2009-03-16,280.7051,295.3579,280.7051,284.8916,3064639
2009-03-17,283.0077,289.2874,280.0771,285.1009,2446803
2009-03-18,289.7061,295.3579,278.4025,281.1237,2868370
2009-03-19,285.5196,298.2884,280.9144,293.0553,4563641
2009-03-20,289.9154,301.6376,289.0781,297.2418,5456481
2009-03-23,294.1019,306.0334,290.7527,303.5215,4160218
2009-03-24,307.9174,310.0106,298.0791,302.4749,7481920
2009-03-25,302.4749,302.4749,295.1485,298.0791,3831731
2009-03-26,293.6833,298.9164,289.7061,297.2418,4382838
2009-03-27,295.7765,298.2884,276.9372,283.845,2583411
2009-03-30,278.1932,282.3797,272.3321,277.9839,2139782
2009-03-31,279.2398,291.1714,279.2398,289.2874,5042660
2009-04-01,286.1475,304.9868,278.6118,302.2656,3572296
2009-04-02,310.2199,350.2011,310.2199,337.2229,9474161
2009-04-03,334.083,338.4788,323.6168,333.455,4330185
2009-04-06,334.5017,355.8528,334.5017,342.2467,5106245
2009-04-07,345.1773,351.2477,331.3618,332.6177,2414685
2009-04-08,322.3608,346.4332,322.3608,335.7576,5391387
2009-04-09,333.2457,355.6435,333.2457,343.2933,2882134
2009-04-14,343.2933,357.5274,336.1763,344.5493,4418690
2009-04-15,336.5949,340.5721,312.3132,324.6634,3151221
2009-04-16,323.6168,335.7576,320.0582,326.5473,2646352
2009-04-17,325.082,332.4084,324.0354,326.338,1836253
2009-04-20,321.3142,330.1058,305.6148,308.1267,2650790
2009-04-21,304.7775,321.7328,295.9858,317.7557,5748046
2009-04-22,312.1039,333.6644,312.1039,330.7338,3375333
2009-04-23,327.3846,338.4788,322.9888,328.2219,4530078
2009-04-24,326.5473,336.5949,323.6168,332.6177,1984580
2009-04-27,325.5007,329.8965,322.7795,327.3846,2855293
2009-04-28,322.3608,322.3608,297.8698,306.6614,4005234
2009-04-29,310.6386,319.8489,300.3817,310.0106,3197944
2009-04-30,313.1505,326.5473,310.2199,320.2676,4378744
2009-05-01,312.3132,319.6396,310.8479,317.1277,1545456
2009-05-05,322.9888,347.6892,322.9888,339.3161,6126344
2009-05-06,338.2695,341.2001,323.4074,328.0126,4385827
2009-05-07,332.4084,343.084,329.8965,335.9669,5554982
2009-05-08,337.2229,340.3628,327.1753,331.7804,6063139
2009-05-11,331.5711,335.1296,307.708,313.9878,3638827
2009-05-12,310.8479,332.1991,310.8479,318.593,2475343
2009-05-13,319.4303,321.9422,283.4263,290.5434,5742714
2009-05-14,288.2408,303.3122,278.8212,300.591,3119300
2009-05-15,300.591,310.2199,298.7071,307.4987,2575126
2009-05-18,303.7309,313.1505,302.4749,310.6386,1619396
2009-05-19,312.7318,323.4074,312.7318,317.337,2907723
2009-05-20,316.4997,322.7795,314.1971,316.4997,1395350
2009-05-21,317.337,324.0354,304.3588,311.6852,2685722
2009-05-22,312.3132,321.5235,306.8707,311.2666,2332069
2009-05-26,308.1267,309.1733,287.1942,301.4283,3605625
2009-05-27,302.2656,308.1267,297.4511,301.0096,1577230
2009-05-28,297.2418,300.3817,280.4958,289.2874,2914202
2009-05-29,290.962,308.1267,290.962,304.7775,3142708
2009-06-01,308.5453,321.3142,305.6148,319.6396,2716765
2009-06-02,315.6624,332.4084,315.6624,327.1753,2375544
2009-06-03,325.71,337.6415,317.5463,326.5473,2171708
2009-06-04,326.1287,334.083,319.0116,326.7566,1865429
2009-06-05,327.1753,337.4322,327.1753,331.9898,2123003
2009-06-08,329.8965,333.2457,319.6396,329.2685,1915754
2009-06-09,331.3618,331.3618,321.7328,326.1287,1257600
2009-06-10,329.0592,343.2933,325.71,340.1535,4351928
2009-06-11,340.1535,346.2239,331.7804,336.8042,3072225
2009-06-12,334.2923,336.5949,325.082,326.5473,1454199
2009-06-15,323.1981,325.5007,310.6386,311.4759,2255792
2009-06-16,310.8479,314.8251,301.4283,304.9868,3117851
2009-06-17,303.1029,304.9868,294.7299,300.591,2968875
2009-06-18,299.335,304.1495,290.3341,294.9392,2071698
2009-06-19,295.7765,309.1733,295.7765,305.1961,3759498
2009-06-22,303.5215,311.6852,298.7071,301.0096,1475365
2009-06-23,300.1723,302.6842,293.4739,294.9392,1545154
2009-06-24,295.7765,299.963,284.8916,292.846,3779926
2009-06-25,294.9392,298.7071,289.7061,295.5672,1381388
2009-06-26,296.4045,298.9164,288.2408,291.3807,2263839
2009-06-29,289.2874,296.1952,287.1942,290.962,3558603
2009-06-30,292.218,297.6604,289.7061,293.0553,2809192
2009-07-01,299.1257,309.1733,289.9154,297.4511,2659903
2009-07-02,297.2418,301.4283,291.3807,295.9858,3642425
2009-07-03,298.2884,302.0563,295.9858,300.1723,1924484
2009-07-06,300.8003,306.6614,299.1257,304.1495,2133156
2009-07-07,309.592,328.6406,306.6614,326.7566,9069227
2009-07-08,324.4541,330.7338,322.7795,322.9888,3615965
2009-07-09,323.1981,329.8965,323.1981,326.1287,2223712
2009-07-10,322.7795,324.8727,313.7785,317.965,2300955
2009-07-13,317.7557,326.7566,317.1277,325.71,3067327
2009-07-14,327.3846,340.5721,324.8727,335.7576,2546799
2009-07-15,335.1296,340.9908,333.455,339.1068,2636600
2009-07-16,337.0136,339.3161,332.6177,335.7576,2131467
2009-07-17,335.7576,350.4104,335.7576,349.1544,3137164
2009-07-20,350.829,356.6901,346.8519,354.5969,2090245
2009-07-21,353.5503,356.6901,349.7824,355.2249,2282336
2009-07-22,353.7596,358.5741,349.3638,357.9461,1703899
2009-07-23,355.4342,365.2725,351.6663,363.5979,2711598
2009-07-24,363.1792,374.0641,360.8766,366.9471,2924934
2009-07-27,371.5522,372.1802,351.0384,357.9461,1214923
2009-07-28,356.4808,357.3181,344.5493,347.4798,1202756
2009-07-29,348.3171,352.2943,342.2467,346.6425,2061924
2009-07-30,348.7358,376.3667,344.9679,374.0641,3689600
2009-07-31,373.6455,380.5532,370.9243,376.9947,2040739
2009-08-03,378.8786,388.7588,369.6683,386.5818,1747381
2009-08-04,387.6703,390.852,376.7854,383.5675,1376864
2009-08-05,386.6655,396.8806,383.9024,389.2611,1749780
2009-08-06,391.0195,410.0262,391.0195,409.4401,2449338
2009-08-07,406.1746,410.0262,391.1869,401.0671,1478596
2009-08-10,401.2345,401.7369,390.1822,399.3925,1292796
2009-08-11,400.5647,406.0072,388.3401,390.2659,1859675
2009-08-12,391.5219,392.6941,374.8596,388.5076,1723484
2009-08-13,387.5865,405.3373,387.5865,404.3326,1801008
2009-08-14,406.0909,428.698,406.0072,421.581,2214402
2009-08-17,416.8083,420.7437,398.0528,403.9976,1406230
2009-08-18,408.7703,414.4639,395.9595,402.7417,1251626
2009-08-19,401.9881,408.854,396.127,399.3088,1434206
2009-08-20,404.4163,419.0691,401.9044,418.2317,1312350
2009-08-21,417.0595,425.7675,415.05,419.4877,755892
2009-08-24,424.9302,440.4202,422.8369,434.1405,2220961
2009-08-25,428.698,440.4202,421.1623,428.2794,2263727
2009-08-26,418.6504,432.0472,411.7008,411.7845,2478864
2009-08-27,410.6123,419.9064,400.1461,400.8159,2537501
2009-08-28,405.1699,418.2317,405.1699,412.1195,1328337
2009-09-01,413.7103,414.3802,394.3687,394.8711,1617269
2009-09-02,394.5361,395.2897,377.204,389.6798,2187235
2009-09-03,395.7084,406.9282,393.029,397.9691,2285485
2009-09-04,403.8302,419.0691,401.7369,410.3611,1906150
2009-09-07,414.4639,421.9996,411.952,419.4877,1316331
2009-09-08,419.9064,431.6286,419.9064,427.4421,1799193
2009-09-09,422.4183,441.2575,422.4183,436.6524,2530046
2009-09-10,435.3964,447.5373,420.325,426.6048,3046192
2009-09-11,425.3488,438.327,425.3488,430.7913,1599969
2009-09-14,430.7913,432.0472,419.0691,427.8607,878037
2009-09-15,429.954,437.4897,422.8369,427.8607,1111529
2009-09-16,431.6286,434.1405,421.581,425.3488,1372906
2009-09-17,429.954,437.9083,426.1861,435.3964,2243915
2009-09-18,432.0472,436.2337,422.4183,423.6742,2608364
2009-09-21,425.3488,425.3488,412.5381,417.8968,1223296
2009-09-22,421.1623,421.9996,407.1794,409.5238,1824792
2009-09-23,407.0956,415.7198,405.421,411.031,2774131
2009-09-24,409.4401,409.4401,384.0699,389.0937,2391572
2009-09-25,391.773,397.7179,371.6778,379.2973,1955465
2009-09-28,379.7159,396.9643,372.5989,392.6103,1877019
2009-09-29,391.8568,394.1175,383.4838,391.1869,1181742
2009-09-30,394.0338,394.0338,373.7711,382.1441,2623238
2009-10-01,383.735,388.8425,380.9719,383.1488,2597762
2009-10-02,378.5437,383.8187,366.2354,369.1659,3048585
2009-10-05,368.1612,379.9671,365.4818,369.2497,3770021
2009-10-06,365.9842,383.9024,365.9842,380.9719,2914319
2009-10-07,382.2278,388.3401,376.7854,377.3715,1430575
2009-10-08,379.8834,386.1631,378.7949,385.577,1507948
2009-10-09,386.4143,389.8473,376.7854,378.0413,1751652
2009-10-12,380.302,389.2611,380.302,387.0842,1627792
2009-10-13,385.1584,388.9262,361.9651,367.3239,2209088
2009-10-14,374.8596,382.2278,366.3191,376.6179,2356571
2009-10-15,378.0413,381.6417,370.6731,374.1897,1089190
2009-10-16,376.7854,383.8187,373.8548,376.6179,1563121
2009-10-19,376.1155,381.7254,371.7616,376.1155,1336446
2009-10-20,378.7112,378.7112,365.9004,372.85,2273481
2009-10-21,375.1108,379.381,370.087,376.3667,2022414
2009-10-22,372.1802,375.5294,365.3143,369.9195,1814192
2009-10-23,374.1897,376.7854,370.5893,371.008,1678362
2009-10-26,374.1897,374.1897,353.2572,356.1878,2259994
2009-10-27,355.6016,356.9413,352.2524,354.0945,1802683
2009-10-28,353.5084,354.1782,322.7795,330.6501,3190691
2009-10-29,330.985,350.6616,324.9564,348.1497,4272007
2009-10-30,349.5731,354.0108,335.7576,337.7671,1437424
2009-11-02,339.0231,341.8699,328.6406,339.7767,1455225
2009-11-03,334.8366,338.9394,319.2628,320.9374,2191145
2009-11-04,327.5521,358.6159,326.5473,355.0155,4441159
2009-11-05,352.085,352.1687,339.9441,346.5588,2494699
2009-11-06,348.7358,368.9985,348.7358,357.2763,2789241
2009-11-09,359.0346,364.477,353.5084,355.4342,1888371
2009-11-10,354.8481,364.8957,348.7358,351.8338,1752675
2009-11-11,353.0897,371.8453,351.0802,364.3096,1651344
2009-11-12,361.4628,374.3572,359.7044,370.9243,1565587
2009-11-13,372.9338,390.1822,367.7425,385.2421,2985814
2009-11-16,393.5314,411.5333,393.5314,409.1052,2223490
2009-11-17,409.4401,417.6456,405.3373,408.854,2243340
2009-11-18,408.9377,412.7893,388.5913,389.931,2276797
2009-11-19,384.4885,388.2564,375.7806,376.3667,1341581
2009-11-20,376.8691,379.381,359.8719,365.4818,1677803
2009-11-23,370.9243,375.9481,370.4219,372.3477,1268281
2009-11-24,367.4913,369.4171,361.7139,363.6397,1163686
2009-11-25,364.2258,366.4028,346.3076,349.8243,2855789
2009-11-26,349.1544,349.908,338.5207,342.3723,1834197
2009-11-27,339.1068,366.8215,335.5064,358.3647,2408879
2009-11-30,360.0393,363.556,346.3076,346.3076,1935012
2009-12-01,352.085,385.9957,349.0707,384.656,3241248
2009-12-02,385.1584,392.6941,381.8092,386.833,2666251
2009-12-03,393.1127,402.7417,391.3544,396.7131,3053035
2009-12-04,400.3972,400.3972,379.5485,387.0004,2027015
2009-12-07,387.0004,388.0889,371.6778,372.5989,2033079
2009-12-08,370.1707,373.3524,356.6064,361.8814,2018486
2009-12-09,362.5512,363.7235,350.3267,354.0945,1455342
2009-12-10,356.1878,358.8671,352.9223,354.5969,2446720
2009-12-11,364.0584,365.733,356.0203,356.104,1622869
2009-12-14,361.1278,361.1278,354.3457,356.6901,937301
2009-12-15,356.1878,357.8624,344.0469,348.3171,1552309
2009-12-16,348.3171,360.0393,348.3171,358.9509,1513719
2009-12-17,363.3048,370.5056,361.1278,368.4124,2704691
2009-12-18,367.5751,375.6131,366.0679,368.4124,2150085
2009-12-21,364.812,375.2782,363.4723,373.2687,2528537
2009-12-22,372.3477,384.1536,368.4124,379.2973,1223059
2009-12-23,382.6465,385.4096,375.6131,376.8691,953514
2009-12-24,373.8548,380.0508,373.6036,374.6921,239491
2009-12-29,377.4552,387.1679,374.9433,384.9072,702145
2009-12-30,388.0052,389.5961,381.1393,382.7302,1057249
2009-12-31,379.2135,393.1127,379.2135,393.1127,381916
2010-01-04,393.6988,395.1222,381.8929,386.5818,2270957
2010-01-05,387.5865,391.1869,383.9024,388.0052,1241782
2010-01-06,389.931,394.7873,382.9814,392.6941,1338811
2010-01-07,399.0576,422.4183,394.6199,418.6504,4725815
2010-01-08,419.4877,429.954,411.1984,411.3659,2744162
2010-01-11,409.9425,413.6266,401.7369,404.5,2577664
2010-01-12,413.9615,417.6456,397.7179,400.8159,3727272
2010-01-13,398.3877,414.6314,398.3877,413.8778,2017836
2010-01-14,418.5667,421.581,407.8492,411.1147,2541020
2010-01-15,409.775,411.031,403.2441,403.579,1029828
2010-01-18,402.658,406.5933,398.6389,404.5837,881026
2010-01-19,402.9929,404.5,391.3544,394.7873,1437853
2010-01-20,392.6941,403.6627,391.8568,395.206,1935356
2010-01-21,398.1365,399.225,385.3258,386.833,2000290
2010-01-22,382.0604,386.7492,376.7016,379.2973,737312
2010-01-25,375.8643,387.2516,375.8643,377.6227,904616
2010-01-26,375.3619,385.3258,371.8453,381.8929,1371994
2010-01-27,380.0508,385.1584,367.0727,368.4124,1602456
2010-01-28,375.6131,376.283,365.9004,365.9004,1369677
2010-01-29,369.4171,373.8548,356.1878,362.4675,2419647
2010-02-01,363.9747,374.6921,360.0393,370.4219,2536529
2010-02-02,371.5941,385.6607,369.2497,383.4838,1963220
2010-02-03,385.9957,387.5865,380.3858,383.4838,2015678
2010-02-04,383.3163,383.3163,367.7425,368.7473,1148299
2010-02-05,367.91,367.91,342.2048,350.829,2819993
2010-02-08,352.4199,355.0155,335.5902,342.6235,2552440
2010-02-09,343.7957,347.9822,339.0231,343.4608,1726955
2010-02-10,345.9727,349.908,343.0421,346.1402,2057510
2010-02-11,349.1544,352.2524,340.0279,344.1306,916614
2010-02-12,348.9032,348.9032,339.6092,342.2048,1584585
2010-02-15,343.2933,349.6568,342.0374,343.2096,610540
2010-02-16,344.1306,353.5921,344.1306,349.4894,1437985
2010-02-17,353.0897,362.7187,353.0897,361.7139,1724068
2010-02-18,359.7044,360.7929,352.7548,356.3552,1248141
2010-02-19,352.9223,357.1088,349.8243,351.9175,1295967
2010-02-22,350.9965,360.2068,350.9965,355.9366,1560072
2010-02-23,358.1973,360.458,338.7719,342.8747,3933519
2010-02-24,345.3866,347.9822,321.6072,329.0592,6668292
2010-02-25,328.7243,341.535,324.4541,327.6358,5346893
2010-02-26,332.9945,333.5806,323.7842,326.631,2773426
2010-03-01,330.8175,336.9298,327.6358,335.4227,3217338
2010-03-02,340.3628,359.6207,334.5017,355.3505,5135587
2010-03-03,356.439,357.6112,349.3219,355.8528,2221938
2010-03-04,352.4199,356.439,348.4009,351.6663,2981364
2010-03-05,352.2524,355.183,349.8243,352.5874,1604002
2010-03-08,356.3552,365.9004,354.262,363.1374,1719378
2010-03-09,365.0631,365.0631,349.7405,352.0013,3347460
2010-03-10,353.4247,358.1136,352.4199,355.9366,2038711
2010-03-11,355.7691,367.4076,355.7691,365.6493,1420472
2010-03-12,367.9937,378.6274,366.4866,372.3477,2487694
2010-03-15,373.6036,374.106,365.3143,369.2497,1215761
2010-03-16,373.1012,382.6465,368.9147,379.5485,1646952
2010-03-17,382.6465,385.2421,375.9481,376.9528,1459106
2010-03-18,378.2925,382.9814,376.4504,379.2135,2285645
2010-03-19,379.2135,392.6103,373.185,383.0651,3364071
2010-03-22,388.5076,388.5076,375.6969,382.3953,2670227
2010-03-23,380.8881,389.1774,372.1802,373.4362,2621501
2010-03-24,375.5294,392.8615,375.5294,384.9072,4745743
2010-03-25,387.1679,397.5504,387.1679,393.2802,2207398
2010-03-26,391.8568,392.8615,389.1774,390.1822,2144890
2010-03-29,390.0984,391.5219,385.0746,385.9957,1332387
2010-03-30,386.833,390.852,384.9909,385.0746,2663164
2010-03-31,382.6465,395.3734,382.6465,389.7635,2501026
2010-04-01,390.9357,402.0718,390.9357,399.3925,2060437
2010-04-06,401.0671,401.3183,395.4572,396.8806,1726203
2010-04-07,397.7179,399.9786,395.3734,396.7131,1080158
2010-04-08,396.2107,397.9691,389.1774,390.1822,1997435
2010-04-09,394.2012,394.2012,388.5076,390.6008,1144698
2010-04-12,393.1965,393.5314,387.1679,388.2564,1169574
2010-04-13,389.0937,389.0937,382.3953,385.0746,1458657
2010-04-14,387.3354,388.5076,383.0651,383.4838,1770299
2010-04-15,383.735,387.2516,371.929,375.1108,2642309
2010-04-16,374.5246,384.8234,373.3524,377.0366,2104085
2010-04-19,376.7016,378.6274,370.2544,375.9481,1188789
2010-04-20,377.6227,389.5123,377.6227,386.3306,1999536
2010-04-21,386.3306,390.6846,381.558,389.931,1908448
2010-04-22,401.9044,408.9377,390.9357,401.9044,4036887
2010-04-23,402.9091,417.8131,399.3088,417.227,4088079
2010-04-26,423.6742,435.3964,419.4877,424.9302,2591053
2010-04-27,423.2556,427.0234,407.598,407.598,1585763
2010-04-28,406.0909,409.5238,397.8016,403.8302,2418704
2010-04-29,405.9234,411.2822,404.0814,405.8397,1622627
2010-04-30,407.3468,411.7845,397.2155,398.8064,1686545
2010-05-04,402.9091,402.9091,380.5532,383.2326,2815261
2010-05-05,381.7254,386.3306,371.929,380.1346,2328022
2010-05-06,378.6274,386.9167,368.7473,370.7568,3281421
2010-05-07,360.1231,367.7425,344.8842,350.4104,4377046
2010-05-10,360.9604,375.4457,358.8671,373.2687,3045091
2010-05-11,369.1659,371.929,356.7739,365.9842,1955209
2010-05-12,366.4028,383.1488,364.5608,380.0508,2568110
2010-05-13,385.2421,394.1175,380.9719,389.3449,2028797
2010-05-14,387.754,389.01,372.2639,375.6131,2177758
2010-05-17,371.929,379.7159,366.7378,368.4961,2018746
2010-05-18,372.6826,378.6274,370.6731,374.106,2461090
2010-05-19,371.1754,371.929,359.2858,359.9556,2305779
2010-05-20,361.0441,369.5846,340.1953,344.8842,2901225
2010-05-21,345.3029,351.4989,337.6834,346.6425,3078709
2010-05-24,344.4655,353.1735,340.9489,344.5493,1970557
2010-05-25,336.0925,337.8509,323.6168,323.9517,3188978
2010-05-26,328.7243,335.5902,324.1191,329.2267,4661405
2010-05-27,334.8366,345.7215,329.7291,345.7215,2970981
2010-05-28,346.9775,352.3362,341.6187,341.6187,3262464
2010-06-01,336.6787,342.8747,332.7433,340.6977,1753525
2010-06-02,336.26,339.6092,330.6501,335.339,1437825
2010-06-03,340.8652,344.8842,338.9394,340.4465,2321944
2010-06-04,340.1953,344.4655,324.4541,325.9612,2232005
2010-06-07,321.691,325.71,314.5739,317.1695,1743585
2010-06-08,319.9326,322.1096,297.5767,301.0096,4015946
2010-06-09,302.433,307.708,296.4045,304.945,2584491
2010-06-10,301.2608,303.3541,295.9858,302.3493,2774606
2010-06-11,303.1866,313.0668,303.1866,306.9545,2753060
2010-06-14,308.043,310.6386,301.5957,305.1124,1549657
2010-06-15,303.8565,308.5453,301.3446,308.3779,2896516
2010-06-16,311.6434,314.5739,303.9402,305.0287,2124769
2010-06-17,305.6148,308.7965,303.1029,305.7823,1704098
2010-06-18,307.3731,315.9973,304.945,314.6576,2837158
2010-06-21,319.0116,322.2771,309.2152,311.0572,2087043
2010-06-22,309.4664,323.7005,305.6148,319.514,3353206
2010-06-23,318.0906,325.2076,315.6624,321.0211,2472214
2010-06-24,324.2029,333.4969,321.1886,324.4541,2350344
2010-06-25,326.7985,326.7985,318.3418,318.593,2206464
2010-06-28,321.7747,327.5521,316.9184,323.8679,1905047
2010-06-29,315.9973,318.5092,301.9307,302.2656,2816579
2010-06-30,303.4378,304.4426,289.4549,293.0553,2473242
2010-07-01,287.4454,293.3902,284.8497,286.4406,2560201
2010-07-02,287.6966,290.4596,286.5243,287.3616,1703725
2010-07-05,287.5291,292.5529,284.9335,291.7993,1143523
2010-07-06,298.1628,312.3132,297.8279,309.9688,3081719
2010-07-07,309.1315,313.6529,304.8612,313.6529,2287158
2010-07-08,316.0811,326.2124,313.9878,324.8727,2750217
2010-07-09,323.1144,325.2076,316.3322,323.533,2647227
2010-07-12,322.612,327.9707,322.612,325.2076,2444746
2010-07-13,325.2076,333.9156,323.3656,333.9156,1728272
2010-07-14,335.6739,341.9536,324.4541,326.5473,2742971
2010-07-15,324.4541,330.5664,319.0116,322.9469,2556039
2010-07-16,321.691,322.6957,316.1648,316.1648,1715980
2010-07-19,316.9184,318.1743,301.3446,301.6795,2926969
2010-07-20,302.433,303.6053,294.3112,295.6509,3022815
2010-07-21,297.3255,303.1029,296.7394,297.9116,3574374
2010-07-22,295.4835,307.708,293.139,307.708,1922136
2010-07-23,308.3779,310.6386,305.9497,309.2152,1898137
2010-07-26,313.1505,314.8251,306.8707,310.0525,1246400
2010-07-27,312.3132,316.3322,307.7918,309.5501,1394423
2010-07-28,303.2703,306.7033,296.7394,298.2465,2912477
2010-07-29,301.0096,305.9497,296.6557,302.5168,2196802
2010-07-30,302.3493,306.2009,294.1438,295.6509,1968309
2010-08-02,299.335,315.4949,299.2513,314.1553,2854842
2010-08-03,315.7461,324.789,314.7414,317.9231,2329969
2010-08-04,318.9279,322.612,313.318,321.1049,1551600
2010-08-05,319.7652,329.0592,319.7652,327.3009,1178758
2010-08-06,329.8128,330.9013,321.5235,322.4445,2240975
2010-08-09,323.8679,329.3941,323.7842,328.8918,1175759
2010-08-10,325.9612,326.5473,310.8898,312.6481,2004166
2010-08-11,312.062,312.4807,301.9307,302.0144,2666126
2010-08-12,300.2561,302.768,286.6081,291.0458,3805346
2010-08-13,294.395,297.1581,288.0315,290.3759,1240115
2010-08-16,290.4596,294.6462,286.2731,288.3664,1357235
2010-08-17,290.8783,292.218,286.8593,289.9573,2032352
2010-08-18,289.7061,290.7946,286.943,288.0315,910592
2010-08-19,290.2085,291.2969,285.1009,286.4406,2022908
2010-08-20,287.5291,287.5291,281.2493,283.4263,1597965
2010-08-23,285.8545,292.218,281.5005,290.2085,2196112
2010-08-24,298.0791,301.4283,287.0267,291.4644,3833579
2010-08-25,292.0505,298.4977,287.1942,290.7946,3113196
2010-08-26,296.237,305.9497,294.7299,305.5311,2870700
2010-08-27,305.7823,309.885,302.0144,307.2894,4167605
2010-08-31,301.0096,305.5311,296.4045,304.1077,1788068
2010-09-01,306.4521,316.7509,306.2009,316.5834,2003225
2010-09-02,316.2485,332.241,315.6624,328.0545,3547646
2010-09-03,327.9707,330.3989,322.7795,328.7243,2207340
2010-09-06,329.3941,332.4084,325.71,332.3247,1612784
2010-09-07,331.3199,334.8366,328.4731,332.1572,3227337
2010-09-08,329.1429,329.3104,322.6957,325.8775,2795840
2010-09-09,322.9469,334.6691,322.9469,334.6691,2327857
2010-09-10,335.4227,341.9536,333.2457,341.4513,1311343
2010-09-13,346.3913,347.4798,341.3675,344.5493,1419952
2010-09-14,342.7909,343.0421,332.4084,334.083,3163409
2010-09-15,336.0925,336.9298,331.6548,334.3342,2345370
2010-09-16,332.9945,338.437,330.3152,332.6596,1252820
2010-09-17,333.8318,336.26,332.241,334.3342,2510933
2010-09-20,334.1667,338.1021,333.7481,338.1021,1319541
2010-09-21,339.1068,344.2144,338.1021,340.4465,1438960
2010-09-22,343.2933,343.2933,333.2457,333.5806,2017234
2010-09-23,336.5949,336.5949,329.3941,333.9993,1252979
2010-09-24,333.7481,340.7814,333.7481,340.3628,983202
2010-09-27,341.7025,346.0564,337.9346,338.6882,1115706
2010-09-28,341.0326,345.2191,336.6787,338.6044,4995190
2010-09-29,341.535,342.0374,335.0041,337.0136,1589294
2010-09-30,336.26,339.9441,330.7338,334.4179,1800929
2010-10-01,336.5112,338.1021,327.0497,329.2267,1513631
2010-10-04,329.8128,331.906,325.2076,327.8033,1320425
2010-10-05,328.3894,332.3247,324.8727,329.8965,1612835
2010-10-06,332.241,335.0878,326.0449,328.9755,1975526
2010-10-07,330.1477,330.1477,315.2438,315.2438,5038628
2010-10-08,316.0811,316.0811,303.2703,313.4854,4082606
2010-10-11,316.0811,320.1001,313.5691,316.6672,1767720
2010-10-12,315.7461,315.7461,308.7965,309.2989,1603367
2010-10-13,312.6481,320.1001,309.1315,319.5977,2231005
2010-10-14,321.691,326.2124,319.2628,320.0164,2089669
2010-10-15,320.1001,325.6263,314.9926,316.9184,1330180
2010-10-18,314.4065,323.533,314.4065,323.3656,1491372
2010-10-19,324.7053,324.789,308.5453,309.8013,3881635
2010-10-20,310.1362,310.1362,296.7394,301.4283,2855798
2010-10-21,301.6795,304.3588,299.4188,300.2561,2506151
2010-10-22,300.1723,300.8422,297.7442,298.5815,1455827
2010-10-25,300.0886,302.3493,293.8089,299.1676,2335052
2010-10-26,299.0838,301.5957,298.6652,299.67,2014199
2010-10-27,299.9211,302.0981,295.0648,295.9858,1965463
2010-10-28,299.335,299.335,290.7108,292.0505,1920009
2010-10-29,292.6366,292.8041,285.1847,285.5196,2235468
2010-11-01,289.6223,289.6223,282.589,284.3474,2437241
2010-11-02,284.6823,288.0315,282.7565,287.1942,2527403
2010-11-03,287.9477,291.4644,281.3331,281.7517,4160116
2010-11-04,284.5985,308.6291,283.1751,303.2703,4910310
2010-11-05,302.433,312.5644,300.5073,302.1819,2004926
2010-11-08,303.1029,308.7128,300.5073,304.1077,1281616
2010-11-09,304.7775,312.5644,302.9354,311.4759,1266067
2010-11-10,311.8945,318.1743,306.8707,310.4711,2161891
2010-11-11,313.1505,314.9088,301.0934,301.5957,1172319
2010-11-12,299.4188,302.6005,295.9858,301.5957,1632723
2010-11-15,305.2799,308.5453,296.237,299.1676,1367612
2010-11-16,298.4977,304.61,297.3255,298.5815,2306870
2010-11-17,297.1581,300.1723,288.8688,293.3902,1560410
2010-11-18,297.6604,301.1771,296.3208,299.1676,1048839
2010-11-19,300.4235,300.7584,295.0648,295.5672,987199
2010-11-22,299.335,303.1029,292.7204,293.8926,1275663
2010-11-23,293.8089,294.06,283.2589,283.3426,2568035
2010-11-24,284.9335,295.1485,284.5148,293.7251,1754658
2010-11-25,293.2227,300.6747,293.0553,300.3398,846765
2010-11-26,296.4045,303.9402,296.4045,301.0934,644925
2010-11-29,302.2656,306.8707,288.9525,288.9525,1319975
2010-11-30,290.962,292.4692,282.0866,283.5101,1454607
2010-12-01,286.2731,289.9573,282.2541,289.12,1305813
2010-12-02,292.5529,311.7271,292.1342,311.7271,3360671
2010-12-03,310.9735,325.2076,310.2199,316.7509,2259886
2010-12-06,317.7557,322.1096,316.3322,320.435,889237
2010-12-07,321.356,349.4056,319.1791,348.6521,5106875
2010-12-08,346.4751,349.9917,341.535,343.5445,1794847
2010-12-09,347.2286,376.7854,346.81,357.8624,3302991
2010-12-10,359.7044,359.7044,345.889,349.8243,1733299
2010-12-13,351.2477,354.6806,339.6929,340.6977,1550810
2010-12-14,342.7072,357.8624,338.7719,357.6949,2301613
2010-12-15,355.0993,355.4342,344.4655,344.4655,907708
2010-12-16,344.2144,352.3362,344.2144,346.6425,749699
2010-12-17,349.7405,353.4247,343.0421,345.4703,1408375
2010-12-20,345.3866,345.3866,338.3533,342.3723,854995
2010-12-21,342.7909,347.3124,339.6092,345.3029,909621
2010-12-22,345.3866,349.8243,343.7957,348.6521,525337
2010-12-23,351.2477,355.6854,350.829,350.9128,620585
2010-12-24,350.7453,351.0802,341.7025,343.3771,95212
2010-12-29,340.7814,358.1136,340.7814,356.9413,1587271
2010-12-30,355.2667,357.6112,350.0755,355.8528,475328
2010-12-31,348.3171,357.6949,348.3171,348.987,240005
2011-01-04,349.7405,364.7282,349.7405,359.8719,1798839
2011-01-05,358.8671,373.2687,354.262,371.4266,1783259
2011-01-06,372.1802,377.6227,370.2544,377.204,1418344
2011-01-07,376.0318,376.8691,366.4866,366.4866,1649971
2011-01-10,370.6731,373.6873,364.812,366.3191,1191326
2011-01-11,370.4219,371.2592,365.2306,368.7473,926804
2011-01-12,369.9195,373.4362,358.6159,361.7977,1261584
2011-01-13,363.3885,369.9195,361.6302,365.0631,1048808
2011-01-14,364.9794,370.087,361.7139,366.4866,1491861
2011-01-17,365.9842,368.4124,364.2258,364.812,649061
2011-01-18,367.6588,386.4143,367.5751,384.4048,1820248
2011-01-19,386.498,389.2611,369.4171,370.8405,2002674
2011-01-20,369.8358,371.7616,353.4247,355.8528,3397292
2011-01-21,357.6112,358.6159,343.5445,353.4247,2081107
2011-01-24,354.3457,359.0346,350.3267,354.8481,1339017
2011-01-25,357.0251,357.4437,348.0659,351.0802,1077221
2011-01-26,352.0013,358.1973,351.6663,354.1782,1059471
2011-01-27,353.5921,357.0251,350.6616,350.7453,1414480
2011-01-28,349.8243,349.9917,334.5854,336.7624,1813934
2011-01-31,335.339,346.4751,331.2362,342.1211,2245406
2011-02-01,343.6282,347.4798,335.9251,338.6882,975402
2011-02-02,341.3675,345.1354,334.8366,336.9298,920889
2011-02-03,337.4322,339.1068,331.4874,334.083,933884
2011-02-04,336.5112,354.1782,336.1763,352.085,1520423
2011-02-07,354.1782,364.7282,349.7405,360.3743,1233421
2011-02-08,361.2953,367.4913,359.2858,366.3191,1447254
2011-02-09,363.9747,365.6493,357.8624,362.635,1314578
2011-02-10,361.7977,366.7378,358.6159,363.8909,993306
2011-02-11,364.3096,372.6826,361.7977,372.4314,1141343
2011-02-14,376.8691,380.9719,365.0941,365.5655,1297719
2011-02-15,365.9842,368.4124,356.6901,362.9699,1603159
2011-02-16,362.4675,366.4866,358.8671,363.3885,892708
2011-02-17,364.2258,369.9195,361.7977,367.6588,985635
2011-02-18,367.5751,370.8405,362.7187,368.4124,856198
2011-02-21,366.7378,370.6731,366.129,366.9889,944076
2011-02-22,366.4866,369.3334,355.4342,365.9842,1340511
2011-02-23,365.1469,372.0127,362.8862,370.5893,1260608
2011-02-24,369.2497,376.1155,364.5608,373.3524,1704507
2011-02-25,376.7854,391.9405,376.7016,387.8377,1742978
2011-02-28,389.5961,399.8111,383.9861,393.8663,3109255
2011-03-01,401.7369,401.7369,373.6873,378.3762,3626120
2011-03-02,373.185,382.6465,366.4028,377.2877,2701993
2011-03-03,378.0413,380.8044,371.6778,377.6227,1892002
2011-03-04,380.1346,386.5818,376.6179,385.0746,1593535
2011-03-07,384.7397,388.0889,380.9719,382.8977,1816296
2011-03-08,386.4143,386.5818,378.3762,383.5675,1623301
2011-03-09,385.1584,390.6846,382.2278,389.1774,1749953
2011-03-10,386.9167,386.9167,376.7854,381.0556,1500191
2011-03-11,379.0461,383.8187,366.654,368.9147,1804744
2011-03-14,368.4124,377.204,366.4866,368.7473,825614
2011-03-15,360.8766,365.9004,352.5874,364.3933,1498147
2011-03-16,364.2258,368.5798,352.9223,355.183,1567058
2011-03-17,356.0203,376.283,356.0203,374.4409,1713141
2011-03-18,375.1945,382.5627,373.6873,376.7016,1705494
2011-03-21,381.6417,383.8438,378.46,382.2278,1457843
2011-03-22,381.3905,382.9814,377.7901,380.5532,863010
2011-03-23,380.2183,387.8377,378.5437,386.9167,1443698
2011-03-24,387.1679,409.9425,383.2326,401.0671,2626915
2011-03-25,403.3278,403.3278,390.0147,391.6056,968291
2011-03-28,390.0984,393.7826,388.3401,389.8473,597487
2011-03-29,392.108,392.108,383.735,386.3306,1179495
2011-03-30,390.1822,393.5314,376.1155,379.2973,1758753
2011-03-31,380.302,385.3258,371.7616,372.5989,1865376
2011-04-01,375.4457,378.2925,364.2258,378.2925,1429061
2011-04-04,377.8739,390.0147,374.9433,388.0052,1605256
2011-04-05,384.4048,389.5123,383.0651,388.3401,1048290
2011-04-06,387.9215,394.0338,382.479,387.0004,1919821
2011-04-07,388.7588,388.7588,378.8786,383.0651,933449
2011-04-08,386.1631,387.6703,378.5437,387.2516,1194456
2011-04-11,387.3354,387.9215,370.2544,371.2592,1542391
2011-04-12,368.4124,375.6969,366.0679,368.5798,1867553
2011-04-13,371.2592,377.3715,368.9985,371.1754,1806988
2011-04-14,370.6731,376.0318,368.9985,374.0223,1500201
2011-04-15,375.6969,378.8786,373.185,375.8643,1249887
2011-04-18,375.8643,376.8691,366.4028,369.4171,939752
2011-04-19,372.1802,384.9072,368.3588,382.7302,1575023
2011-04-20,392.9453,395.4572,385.9119,389.01,1401935
2011-04-21,397.6342,397.6342,388.0889,393.4476,1146008
2011-04-26,393.95,406.5933,390.7683,401.6532,1291464
2011-04-27,402.4905,404.9329,394.1175,395.5409,1515106
2011-04-28,397.9691,407.3468,393.6151,404.5,998343
2011-05-03,407.4306,412.7056,403.6627,410.5286,1255758
2011-05-04,407.6818,415.2175,401.9044,404.4163,1636113
2011-05-05,404.2488,412.1195,396.3782,403.579,1510475
2011-05-06,404.0814,409.1889,399.0576,406.5095,1338369
2011-05-09,405.5885,414.9663,401.9044,406.3421,1472432
2011-05-10,407.3468,418.4829,406.5732,416.4734,2228290
2011-05-11,417.8131,423.2556,415.971,420.7437,1372029
2011-05-12,415.971,420.7437,413.7103,419.4877,952517
2011-05-13,421.581,421.9996,414.7988,416.3897,770910
2011-05-16,413.9615,414.7151,405.2536,409.9425,1412972
2011-05-17,407.5143,411.4496,398.7226,398.7226,988394
2011-05-18,402.5742,408.2679,397.048,406.2583,944754
2011-05-19,408.5191,410.0262,406.3421,408.6028,1376743
2011-05-20,409.2726,412.7893,405.5885,406.3421,942331
2011-05-23,401.5695,404.6675,393.1965,393.1965,1231729
2011-05-24,392.5266,397.6342,392.5266,393.6988,2070964
2011-05-25,392.6941,397.383,389.4286,396.6294,1015588
2011-05-26,397.048,400.2298,393.6151,395.206,1272588
2011-05-27,398.304,408.1004,397.2155,401.402,1504479
2011-05-31,402.323,407.7655,397.5504,399.5599,933161
2011-06-01,401.2345,401.2345,394.2849,396.5457,1014707
2011-06-02,391.4381,396.3782,387.0842,390.4334,1239819
2011-06-03,392.6103,394.7873,385.577,389.4286,812342
2011-06-06,389.2611,389.8473,385.4096,387.9215,659236
2011-06-07,386.7492,391.3544,383.9861,384.3211,1167144
2011-06-08,381.9766,382.5627,373.7711,377.6227,1558637
2011-06-09,376.5342,381.8092,375.6969,380.8044,1144619
2011-06-10,378.46,385.9957,376.1155,381.2231,1584419
2011-06-13,379.0461,386.5818,379.0461,385.577,1386422
2011-06-14,386.9167,394.8711,386.833,392.108,1315166
2011-06-15,391.2707,396.6152,390.6008,391.8568,1067595
2011-06-16,387.0842,396.6152,378.7949,381.4742,1612428
2011-06-17,379.5485,385.7445,372.5989,381.7254,2619253
2011-06-20,378.9623,385.9119,376.7854,382.9814,855846
2011-06-21,383.4838,390.6846,380.8044,388.0889,884737
2011-06-22,386.6655,393.6151,385.577,391.0195,1345840
2011-06-23,387.5028,388.4238,376.7016,378.46,879697
2011-06-24,383.9024,392.8615,382.0604,386.6655,1196247
2011-06-27,386.9167,393.6151,386.5299,393.4476,898838
2011-06-28,394.8711,401.6532,393.4476,400.2298,1135009
2011-06-29,402.323,406.5933,393.4476,397.6342,1282851
2011-06-30,398.304,405.756,397.8016,403.8302,1119866
2011-07-01,406.4258,407.3468,401.1508,403.9976,811978
2011-07-04,405.2536,413.3754,401.9881,411.7008,923593
2011-07-05,411.3659,413.1242,403.579,411.4496,1710689
2011-07-06,412.9568,417.227,407.7655,414.5476,1451468
2011-07-07,415.3849,419.0691,409.5238,416.2222,933999
2011-07-08,417.0595,420.325,403.579,406.9282,1331280
2011-07-11,403.4953,408.6028,394.9548,396.7131,1342916
2011-07-12,390.6846,396.3782,384.0699,396.127,1576078
2011-07-13,394.9548,407.1794,394.4524,400.3972,1297581
2011-07-14,396.4619,402.7417,393.1965,397.383,1353965
2011-07-15,396.2945,404.5,392.6941,401.7369,1038617
2011-07-18,397.7179,398.8064,383.4838,384.8234,838670
2011-07-19,386.1631,389.6798,382.5627,383.4838,823730
2011-07-20,385.7445,396.4619,383.2326,388.3401,1196245
2011-07-21,390.3496,398.9738,384.9072,395.6246,850462
2011-07-22,397.2992,399.8949,389.2611,390.7683,1040561
2011-07-25,384.0699,389.2611,381.7916,386.833,901366
2011-07-26,388.1727,391.2707,381.9766,383.4,926036
2011-07-27,382.0604,392.5266,378.7714,382.8139,859122
2011-07-28,378.8786,386.5818,376.7854,385.2421,752898
2011-07-29,383.9024,388.0889,378.7112,386.6655,1302996
2011-08-01,392.4429,395.5769,373.2687,373.2687,1892971
2011-08-02,371.929,378.5437,369.2497,370.2544,1208031
2011-08-03,365.1469,366.8215,356.4976,361.1278,1517881
2011-08-04,367.91,369.752,334.3342,340.3628,2031192
2011-08-05,333.162,352.0013,319.1791,338.6882,1190878
2011-08-08,332.4084,345.3866,322.6957,322.8632,1280125
2011-08-09,322.1933,330.4826,311.2247,329.7291,2404071
2011-08-10,335.4227,346.4751,326.7148,330.5664,2167515
2011-08-11,339.6092,340.1116,320.1001,337.516,1609894
2011-08-12,339.2743,352.1687,330.985,352.1687,1395950
2011-08-15,355.8528,359.0346,345.889,350.4104,617393
2011-08-16,348.5683,350.9965,342.9584,346.0564,733911
2011-08-17,345.3029,348.3171,335.4227,342.6235,1046473
2011-08-18,339.358,339.358,313.318,316.6672,1185677
2011-08-19,315.9136,321.5235,302.5168,313.1505,1306077
2011-08-22,311.8945,324.789,306.2846,320.7699,1469982
2011-08-23,326.3799,336.0925,321.8584,331.5711,2532522
2011-08-24,332.241,347.2286,329.2267,342.2048,2053031
2011-08-25,348.5683,364.1421,345.9727,360.458,1862968
2011-08-26,360.2905,365.8167,355.0155,360.458,1125671
2011-08-30,364.5608,371.008,362.2163,368.9147,1128126
2011-08-31,369.2497,380.4234,369.2497,380.3858,1560864
2011-09-01,383.5675,387.5028,371.4266,381.7254,1460581
2011-09-02,377.2877,380.5532,366.9889,372.9338,817758
2011-09-05,365.4818,367.1564,361.5465,363.6397,1158323
2011-09-06,361.9651,371.7616,358.1973,365.3143,1072579
2011-09-07,374.1897,380.1346,368.9147,373.185,841308
2011-09-08,374.7758,383.735,369.8358,376.5342,673287
2011-09-09,373.0175,377.7901,363.9747,365.2306,529258
2011-09-12,358.6159,366.1516,355.9366,361.7977,959969
2011-09-13,364.812,366.654,357.0251,360.2068,723165
2011-09-14,360.7092,369.9195,359.7044,366.0679,775027
2011-09-15,365.0631,385.0746,359.537,381.7254,829268
2011-09-16,384.3211,388.3401,376.9528,380.4695,899626
2011-09-19,372.1802,379.1298,368.1612,368.5798,928202
2011-09-20,363.556,387.2516,363.556,386.833,863987
2011-09-21,385.1584,398.8901,384.9909,393.5314,1446356
2011-09-22,385.9957,386.4143,378.6274,380.5532,1048322
2011-09-23,384.5723,386.0794,371.8704,385.4096,766791
2011-09-26,378.0413,395.5409,377.8596,381.9766,1070186
2011-09-27,391.6893,393.029,384.9733,385.4096,1243427
2011-09-28,382.7302,389.3449,380.9719,383.2326,916292
2011-09-29,380.3858,385.9957,379.4647,385.3258,574130
2011-09-30,381.7254,382.7302,376.7628,381.3905,814213
2011-10-03,375.5294,378.9623,373.3524,376.3667,557961
2011-10-04,371.7616,374.636,360.8766,368.4124,971714
2011-10-05,377.1203,390.6008,376.283,386.833,1481653
2011-10-06,392.6103,409.2726,389.5123,405.1699,1656885
2011-10-07,406.5933,409.6076,398.7226,406.0909,1139682
2011-10-10,409.6913,419.4877,403.4115,413.4591,684016
2011-10-11,409.2726,411.3659,398.3877,406.1746,1060868
2011-10-12,402.7417,412.9568,400.1461,409.1052,1157072
2011-10-13,409.1052,415.3849,405.756,407.0956,1449171
2011-10-14,408.9377,414.4639,403.7464,406.3421,590233
2011-10-17,407.4306,416.8083,403.0766,404.7512,730843
2011-10-18,400.1461,410.696,400.1461,409.9425,609019
2011-10-19,411.5333,414.9663,406.0909,412.5381,751629
2011-10-20,404.3326,413.3754,404.3326,407.6818,768774
2011-10-21,408.0167,414.0452,405.5048,407.2631,555017
2011-10-24,411.031,428.2794,406.677,421.1623,939674
2011-10-25,418.2317,426.6048,417.8968,424.5115,653586
2011-10-26,421.9996,427.0234,418.3155,425.7675,787265
2011-10-27,434.1405,440.0016,431.6286,434.1405,997891
2011-10-28,435.3964,435.3964,424.0929,427.4421,1233560
2011-10-31,429.954,430.3726,416.7246,416.7246,1011097
2011-11-01,408.854,412.1195,397.9691,408.4353,1166674
2011-11-02,411.5333,419.4877,403.7464,417.9806,870108
2011-11-03,413.2079,435.3964,412.873,432.8845,1302003
2011-11-04,430.7913,431.2099,411.5333,420.7437,1106350
2011-11-07,419.4877,424.9302,411.7845,415.5524,795846
2011-11-08,418.4829,423.6792,409.4401,410.2774,1552104
2011-11-09,410.1937,413.5429,399.8111,407.0119,1095098
2011-11-10,398.6389,410.7798,397.8016,400.9834,712409
2011-11-11,403.7464,410.7798,398.304,407.3468,800151
2011-11-14,411.1147,414.7151,401.6532,411.6171,535334
2011-11-15,406.3421,412.9568,404.2957,412.9568,1284115
2011-11-16,411.1147,422.8369,409.1052,416.5571,1273986
2011-11-17,413.2917,421.9996,411.031,419.0691,948062
2011-11-18,416.5571,420.7437,404.0814,414.4639,1120618
2011-11-21,411.7845,414.525,397.6342,398.9738,1454573
2011-11-22,402.7417,406.0072,390.6846,391.3544,1217742
2011-11-23,386.4143,393.4476,383.1488,384.656,919362
2011-11-24,386.5818,391.2874,383.6512,386.5818,957170
2011-11-25,386.833,393.2802,383.2326,388.0889,754526
2011-11-28,391.0195,403.9139,386.833,399.6437,878210
2011-11-29,399.225,411.7845,398.3877,410.3611,1459625
2011-11-30,405.5048,415.7198,399.0576,412.9568,1316304
2011-12-01,413.2079,420.7437,406.677,414.3802,1844054
2011-12-02,417.9806,428.2794,415.3171,427.0234,900014
2011-12-05,429.5353,434.5591,411.4496,411.4496,917792
2011-12-06,408.6865,415.971,406.7607,408.7703,638627
2011-12-07,410.5286,413.0405,396.7968,401.9881,632300
2011-12-08,401.9044,403.579,392.6941,394.3687,943689
2011-12-09,391.773,405.5048,391.773,403.3278,892212
2011-12-12,400.7322,402.5742,392.6941,392.6941,667435
2011-12-13,393.5314,398.8064,388.7588,398.8064,1164657
2011-12-14,394.0338,399.1413,384.5723,386.5818,763323
2011-12-15,387.4191,395.8758,383.2326,392.6103,618707
2011-12-16,393.7826,393.95,384.8234,385.2421,858600
2011-12-19,382.0604,384.3211,372.2639,373.6036,1125374
2011-12-20,373.6036,385.9957,370.5751,382.9814,845162
2011-12-21,388.0889,393.4476,383.4838,385.0746,966743
2011-12-22,387.2516,393.4476,383.9861,388.7588,563232
2011-12-23,392.6103,392.6103,386.2469,386.2469,135156
2011-12-28,384.4048,391.4381,376.1992,386.4143,475436
2011-12-29,387.2516,389.0937,382.8977,388.5913,331877
2011-12-30,389.7635,393.5314,383.6512,393.5314,200253
2012-01-03,402.4905,406.8445,384.9909,394.7873,718211
2012-01-04,395.4572,399.4762,391.8568,395.3734,899816
2012-01-05,394.1175,398.5552,392.7778,396.0433,621524
2012-01-06,396.0433,403.6627,395.2897,402.7417,607523
2012-01-09,408.5191,424.0929,408.5191,424.0929,1604030
2012-01-10,424.9302,432.4659,424.0929,424.0929,1396205
2012-01-11,425.3488,425.3488,415.4687,418.3992,1020228
2012-01-12,419.9064,432.4659,417.4246,432.4659,824194
2012-01-13,434.9778,438.0757,428.2794,431.6286,688239
2012-01-16,428.698,437.4897,428.0663,434.9778,403513
2012-01-17,441.6762,442.9321,434.1405,435.3964,547953
2012-01-18,435.8151,439.1643,429.1167,437.4897,521408
2012-01-19,437.9083,439.8843,434.7768,436.6524,742728
2012-01-20,438.327,447.1186,434.9778,436.2337,589240
2012-01-23,435.3964,439.5829,429.954,439.1643,571278
2012-01-24,436.6524,441.2575,428.2794,434.9778,608680
2012-01-25,434.9778,438.327,427.8607,431.2099,548692
2012-01-26,433.7218,442.5135,433.7218,434.1405,543106
2012-01-27,435.3964,437.9083,430.7913,433.7218,389861
2012-01-30,431.2099,436.2337,425.8009,431.2099,558934
2012-01-31,434.1405,442.9321,430.5233,440.8389,720222
2012-02-01,441.6762,447.5373,437.4897,446.2813,1149671
2012-02-02,446.7,455.4916,442.9321,443.7694,801487
2012-02-03,441.6762,459.2595,441.6762,459.2595,1079227
2012-02-06,455.4916,461.3527,447.9559,460.5154,819038
2012-02-07,464.2833,469.7257,453.3984,469.3071,1156292
2012-02-08,468.8884,468.8884,452.1424,457.1662,921548
2012-02-09,458.8408,468.0511,456.7476,459.6781,838105
2012-02-10,458.4222,462.6087,452.9086,461.3527,745995
2012-02-13,463.0273,470.1444,463.0273,468.0511,495922
2012-02-14,464.7019,473.4936,463.8646,470.563,506910
2012-02-15,473.4936,479.3547,468.2995,475.1682,815316
2012-02-16,473.4936,478.5174,464.7019,473.075,1139569
2012-02-17,480.6107,496.1007,480.6107,492.3329,1468351
2012-02-20,494.8448,517.4519,492.3329,509.9162,1920215
2012-02-21,510.3348,510.3348,501.9618,505.7297,1461747
2012-02-22,504.8924,515.3586,504.0551,512.8467,923690
2012-02-23,512.4281,522.057,511.5908,520.3824,1597814
2012-02-24,519.5451,523.7317,508.2416,509.0789,1754125
2012-02-27,509.4975,528.7555,506.567,524.9876,1102156
2012-02-28,586.9479,627.9756,586.9479,591.553,7387163
2012-02-29,578.5749,592.0211,562.2475,565.5967,3126400
2012-03-01,562.2475,579.4122,560.9915,564.7594,1373517
2012-03-02,566.0153,566.0153,545.9201,548.0134,1920162
2012-03-05,547.1761,549.688,533.7793,538.3844,1867780
2012-03-06,537.5471,539.2217,528.3368,531.2674,1925073
2012-03-07,535.4539,551.6389,533.3606,548.432,1138978
2012-03-08,544.6642,555.9677,544.6642,554.2931,858056
2012-03-09,559.7356,568.5272,556.805,561.4102,865081
2012-03-12,556.3864,563.9221,554.2931,560.9915,913399
2012-03-13,566.0153,573.551,563.9221,569.3645,1498301
2012-03-14,572.7137,577.7121,563.0848,563.9221,1008124
2012-03-15,565.178,573.9697,563.2941,570.6205,989077
2012-03-16,569.7832,580.6681,567.2713,568.1086,1296423
2012-03-19,570.2018,573.1324,560.9915,562.2475,551964
2012-03-20,561.4102,561.4102,547.5947,552.6185,1303534
2012-03-21,555.5491,570.2018,553.4977,565.5967,994103
2012-03-22,565.5967,565.5967,550.1066,553.4558,917505
2012-03-23,546.7574,554.2931,535.0352,537.1285,1373230
2012-03-26,547.1761,554.7673,535.8725,554.7118,1388302
2012-03-27,558.8983,558.8983,550.1066,553.8745,917727
2012-03-28,553.0372,557.6423,545.9201,549.688,861180
2012-03-29,549.2693,551.0611,526.2436,535.4539,1058498
2012-03-30,537.1285,542.1523,532.942,535.8725,913339
2012-04-02,539.2217,540.4777,529.5928,539.6404,1005238
2012-04-03,545.9201,545.9201,527.0809,531.686,963770
2012-04-04,531.686,531.686,515.7773,517.8705,1039570
2012-04-05,519.1265,529.5928,516.1959,525.8249,895420
2012-04-10,519.1265,526.2436,514.94,514.94,1015838
2012-04-11,513.684,533.7793,512.5704,531.686,1546184
2012-04-12,527.4995,537.5471,520.8011,533.3606,1780417
2012-04-13,533.3606,545.5015,529.1741,535.4539,1487433
2012-04-16,533.7793,533.997,519.9638,524.1503,1475991
2012-04-17,522.4757,538.3844,517.4519,536.2912,1404406
2012-04-18,537.1285,537.1285,521.2197,531.2674,1123293
2012-04-19,535.4539,545.9201,532.942,544.2455,1363672
2012-04-20,542.5709,542.7367,533.7793,536.7098,1316945
2012-04-23,535.8725,537.5471,515.3586,517.4519,1015472
2012-04-24,518.7078,527.9182,517.4519,523.7317,1308127
2012-04-25,526.6622,531.686,522.057,523.313,1865319
2012-04-26,525.8249,535.4539,525.8249,534.6166,763138
2012-04-27,530.4301,539.2217,525.4063,535.8725,711406
2012-04-30,536.7098,540.8486,523.7317,526.2436,763196
2012-05-01,526.6622,529.1825,518.7078,525.8249,646920
2012-05-02,529.5928,534.1979,525.4063,529.5928,922810
2012-05-03,530.4301,532.942,522.8943,524.1503,871671
2012-05-04,523.7317,523.7317,493.1702,493.5888,1943473
2012-05-08,497.3567,498.194,469.7257,471.819,1375170
2012-05-09,469.3071,473.4936,464.6601,472.2377,1278916
2012-05-10,479.3547,499.0313,478.9361,494.0075,1553693
2012-05-11,492.7515,498.6126,488.1464,497.7753,751383
2012-05-14,491.9142,494.4261,476.4242,481.0293,921902
2012-05-15,483.5412,488.7827,453.817,458.8408,1509161
2012-05-16,453.817,481.0293,447.3698,477.2615,1317169
2012-05-17,478.9361,482.7039,465.1206,471.819,1128018
2012-05-18,466.7952,466.7952,450.4678,460.5154,1976700
2012-05-21,461.3527,464.2833,456.3289,459.2595,815110
2012-05-22,463.8646,481.448,463.8646,478.9361,1064050
2012-05-23,471.819,474.75,464.7019,465.5392,801846
2012-05-24,470.1444,471.4004,459.6781,467.6325,591521
2012-05-25,468.8884,470.563,454.2357,460.9341,853201
2012-05-28,464.7019,478.9361,462.19,475.5869,590208
2012-05-29,476.8428,481.9148,466.7952,481.8666,1330313
2012-05-30,476.8428,479.2048,468.8884,473.075,948807
2012-05-31,473.075,481.448,470.563,475.5869,1161000
2012-06-01,473.4936,477.2615,436.6524,445.444,2696648
2012-06-06,446.2813,463.446,444.6067,463.0273,1419278
2012-06-07,464.7019,492.7515,462.4688,491.0769,1159406
2012-06-08,486.0531,497.3567,480.192,495.6821,1243105
2012-06-11,502.3805,507.7476,493.1702,495.2634,1227708
2012-06-12,493.5888,496.8962,474.7496,482.7039,1861710
2012-06-13,481.448,489.4023,467.2138,477.6801,932429
2012-06-14,474.7496,476.1933,460.5154,475.1682,922672
2012-06-15,476.8428,493.5888,476.0055,485.6345,2176978
2012-06-18,496.938,497.7753,484.2948,494.0075,1083668
2012-06-19,496.1007,500.0863,490.2396,496.938,966826
2012-06-20,499.0313,514.5213,492.7515,514.1027,764459
2012-06-21,509.0789,518.2892,505.311,509.4975,648272
2012-06-22,502.3805,506.9856,495.6821,505.311,1257140
2012-06-25,502.7991,508.2416,493.1702,493.1702,829238
2012-06-26,491.4956,495.6821,489.821,491.9142,1083477
2012-06-27,494.0075,494.0075,486.0531,491.9142,831213
2012-06-28,492.7515,493.1702,473.9123,477.2615,932418
2012-06-29,490.6583,514.1027,488.1464,509.9162,1282358
2012-07-02,512.8467,532.5233,511.5908,531.686,1360967
2012-07-03,530.8487,541.7336,518.2892,520.3824,1483995
2012-07-04,519.9638,524.1503,514.5213,524.1503,1110077
2012-07-05,527.0809,536.7098,524.1503,534.6166,1223617
2012-07-06,535.8725,535.8725,527.4995,534.6166,646104
2012-07-09,523.7317,534.6166,523.7317,528.3368,929950
2012-07-10,528.7555,533.3606,525.4063,527.9182,841224
2012-07-11,524.1503,534.9933,515.3586,521.2197,472265
2012-07-12,520.3824,526.6622,516.1959,523.313,833251
2012-07-13,525.4063,532.942,525.1299,531.686,379581
2012-07-16,532.1047,543.4082,527.4995,542.5709,763424
2012-07-17,547.5947,547.5947,536.223,536.2912,556777
2012-07-18,538.8031,545.5015,537.5471,539.6404,507771
2012-07-19,542.5709,555.9677,542.1188,554.2931,866130
2012-07-20,554.2931,556.3864,545.5015,545.5015,1284551
2012-07-23,538.3844,542.7133,512.0094,517.4519,899591
2012-07-24,521.6384,526.7459,514.94,516.6146,644875
2012-07-25,515.3586,518.7078,502.7991,507.4043,787945
2012-07-26,510.3348,529.1741,508.4593,529.1741,523546
2012-07-27,535.4539,536.2912,526.0342,533.7793,507845
2012-07-30,537.9658,537.9658,520.8011,522.8943,506957
2012-07-31,522.4757,522.4757,512.0094,515.3586,775011
2012-08-01,514.1027,526.2436,513.2654,522.8943,530300
2012-08-02,523.7317,528.3368,517.0332,520.8011,414621
2012-08-03,520.8011,537.5471,520.8011,535.4539,424125
2012-08-06,536.2912,546.3388,533.7793,540.059,477828
2012-08-07,538.3844,541.7336,529.763,536.2912,434016
2012-08-08,534.6166,539.2217,532.5233,539.2217,366837
2012-08-09,540.059,554.7118,534.6166,550.9439,820115
2012-08-10,549.2693,554.2931,545.5015,551.7812,669200
2012-08-13,550.9439,552.6185,546.3388,549.2693,495200
2012-08-14,561.8288,563.0848,555.5491,559.3169,868495
2012-08-15,559.3169,573.551,558.061,571.4578,674034
2012-08-16,571.8764,575.2256,565.5967,571.8764,426794
2012-08-17,575.6443,583.5987,571.8764,581.0868,779005
2012-08-20,582.7614,591.1344,577.8883,590.2971,944758
2012-08-21,590.2971,600.3447,568.314,583.5987,1773529
2012-08-22,584.8546,585.3515,568.0667,577.7376,1083572
2012-08-23,581.5054,583.2045,572.4814,580.6681,1189064
2012-08-24,579.8308,586.1106,577.7376,581.9241,963660
2012-08-28,584.436,584.8546,578.5749,583.18,658964
2012-08-29,581.5054,587.7852,581.5054,582.3427,887829
2012-08-30,582.3427,588.2038,577.7376,583.5987,1020283
2012-08-31,585.2733,595.7395,581.5054,584.436,1914690
2012-09-03,584.436,614.5788,580.6681,614.5788,1345942
2012-09-04,616.672,623.7891,606.2058,614.5788,1247256
2012-09-05,615.4161,634.674,612.0962,625.8823,1622072
2012-09-06,628.3943,638.8605,625.9661,637.1859,1831145
2012-09-07,639.2792,639.2792,630.9062,632.9994,1418597
2012-09-10,632.9994,641.3724,630.9062,636.3486,1036365
2012-09-11,632.9994,634.674,619.1839,624.2077,2310331
2012-09-12,630.0689,634.2554,616.2534,618.7653,1305959
2012-09-13,618.7653,650.1641,618.7653,648.4895,1749611
2012-09-14,658.9557,668.166,644.001,661.4676,1214282
2012-09-17,658.1184,659.3744,648.4895,653.5133,537816
2012-09-18,649.7454,653.0946,635.6118,635.93,1778062
2012-09-19,636.7673,643.4657,634.674,635.0927,1620593
2012-09-20,631.7435,640.9538,629.6502,640.1165,1371775
2012-09-21,641.7911,648.9081,638.8605,645.9776,1589173
2012-09-24,640.9538,645.1403,637.6046,645.1403,411020
2012-09-25,645.1403,651.8387,641.7911,651.8387,835434
2012-09-26,645.1403,646.0613,631.7769,632.5808,872164
2012-09-27,637.6046,638.0232,624.2077,632.1621,1102992
2012-09-28,632.5808,638.8605,629.2316,635.0927,655156
2012-10-01,634.674,648.4895,634.3223,637.1859,1144471
2012-10-02,632.5808,645.1403,632.5808,640.5351,962254
2012-10-03,635.93,639.2792,629.2316,632.1621,552107
2012-10-04,635.5113,636.1393,629.2316,630.9062,1266427
2012-10-05,631.3248,635.0927,626.301,631.7435,1799090
2012-10-08,630.4875,635.0927,619.6026,629.2316,1253076
2012-10-09,630.0689,630.9062,616.672,618.7653,1483760
2012-10-10,618.7653,622.8932,609.1363,614.9974,1018311
2012-10-11,616.2534,635.5113,614.9974,630.4875,1012845
2012-10-12,630.9062,630.9062,618.3466,618.7653,842667
2012-10-15,609.9736,626.301,609.9736,625.045,1112943
2012-10-16,627.9756,658.9557,625.4637,658.1184,2858095
2012-10-17,658.1184,665.2355,647.2335,662.7236,1998843
2012-10-18,664.3982,669.8406,654.3506,668.166,1015369
2012-10-19,666.9101,679.4696,663.9795,677.3763,885891
2012-10-22,676.1204,676.1204,658.9557,664.8168,993634
2012-10-23,664.3982,668.5847,660.0442,662.3049,583982
2012-10-24,663.1422,663.9795,651.42,653.5133,656871
2012-10-25,652.2573,664.3982,652.2573,661.049,535213
2012-10-26,656.4438,659.9521,649.7454,657.2811,533813
2012-10-29,655.1879,668.2329,652.3093,668.166,370465
2012-10-30,667.7474,671.0966,663.9795,669.8406,434861
2012-10-31,672.3525,674.8644,665.6541,665.6541,580388
2012-11-01,665.2355,683.6561,665.1266,682.8188,814551
2012-11-02,682.8188,689.9359,672.3525,673.6085,878483
2012-11-05,671.9339,673.6085,665.6541,670.6779,692004
2012-11-06,669.8406,675.7017,667.0189,672.3525,400344
2012-11-07,675.7017,676.1204,653.8102,654.7692,517194
2012-11-08,658.1184,658.1184,649.7454,652.676,564441
2012-11-09,653.0946,656.0503,640.9538,642.2097,389054
2012-11-12,641.7911,647.6522,636.5161,642.2097,387475
2012-11-13,640.9538,643.4657,627.0789,641.7911,1294162
2012-11-14,641.7911,645.5589,630.4875,634.674,717167
2012-11-15,631.3248,633.8367,627.1383,630.4875,501747
2012-11-16,630.4875,633.8367,622.1145,623.7891,463128
2012-11-19,627.1383,635.0927,627.1383,630.9062,387095
2012-11-20,628.8129,651.8387,627.4376,651.8387,743039
2012-11-21,651.8387,654.3506,647.2335,651.8387,575810
2012-11-22,652.676,656.8625,647.2335,652.2573,309398
2012-11-23,651.8387,652.676,643.4657,645.1403,252013
2012-11-26,645.1403,646.8149,634.674,635.93,503220
2012-11-27,636.3486,644.7216,631.7435,634.2554,416949
2012-11-28,632.9994,647.2335,631.5531,646.3962,431043
2012-11-29,685.3307,689.5172,662.7236,666.9101,1009194
2012-11-30,671.5152,677.3763,669.3605,670.6779,627081
2012-12-03,670.6779,673.6085,661.8863,664.3982,451315
2012-12-04,662.7236,663.5609,655.1879,659.793,373577
2012-12-05,657.2811,665.2355,653.9319,656.4438,379218
2012-12-06,658.5371,667.3287,656.4438,658.9557,385956
2012-12-07,659.3744,668.166,659.3744,668.166,577084
2012-12-10,663.1422,668.166,657.2811,660.6303,342688
2012-12-11,659.793,663.9795,658.1184,661.049,199758
2012-12-12,660.2117,669.422,656.4438,664.8168,625344
2012-12-13,661.049,667.3287,657.2811,662.7236,358680
2012-12-14,663.5609,676.9577,662.3049,671.0966,381256
2012-12-17,670.6779,679.9134,662.3049,667.3287,431129
2012-12-18,668.5847,681.9815,668.166,679.8882,735710
2012-12-19,681.1442,683.2375,676.9577,679.8882,892161
2012-12-20,679.4696,693.5949,676.539,686.5867,921566
2012-12-21,682.8188,685.3307,661.8863,670.2593,959948
2012-12-24,655.6065,679.8882,655.6065,676.9577,129819
2012-12-27,672.7712,676.9577,668.166,673.1898,257859
2012-12-28,674.0271,679.4696,669.422,669.8406,237236
2012-12-31,668.166,674.8644,665.5034,669.8406,140585
2013-01-02,681.5629,692.8664,677.6018,687.0053,532006
2013-01-03,684.4934,698.3089,679.8882,688.6799,507193
2013-01-04,685.7494,696.3496,674.9783,694.1224,571111
2013-01-07,690.7732,704.5886,688.6799,700.8208,717118
2013-01-08,703.3327,715.0549,689.0986,699.9835,859918
2013-01-09,701.2394,703.3327,693.8441,699.5648,577270
2013-01-10,699.5648,714.2176,697.8902,709.1938,745179
2013-01-11,709.6124,728.8703,709.6124,728.8703,1000481
2013-01-14,730.9636,736.4061,720.916,722.5906,695705
2013-01-15,721.7533,733.8942,720.7067,731.8009,557171
2013-01-16,730.1263,731.8009,719.2414,730.9636,730715
2013-01-17,731.8009,732.5712,722.1719,729.289,424926
2013-01-18,733.8942,743.9418,727.1957,743.9418,425328
2013-01-21,744.3604,748.212,731.8009,741.4299,475260
2013-01-22,739.7553,739.7553,717.1481,717.9854,820885
2013-01-23,717.9854,718.597,700.8208,703.7513,688604
2013-01-24,703.3327,729.7076,698.7275,724.6838,533026
2013-01-25,722.1719,739.3366,721.7533,732.2195,771622
2013-01-28,730.5449,733.4755,720.4973,723.8465,447142
2013-01-29,724.6838,726.3584,711.7057,716.3108,564202
2013-01-30,718.8227,720.4973,701.6581,703.3327,756561
2013-01-31,703.3327,713.3803,700.8208,705.4259,613431
2013-02-01,706.6819,720.916,706.3302,720.0787,693063
2013-02-04,719.2414,719.2414,703.3327,704.5886,442467
2013-02-05,703.7513,716.7295,699.7359,712.543,458932
2013-02-06,714.6362,733.0569,713.9078,722.1719,718632
2013-02-07,722.1719,729.7076,715.1554,723.0092,485166
2013-02-08,722.1719,728.033,722.1719,723.0092,348460
2013-02-11,721.7533,726.191,715.0549,715.0549,446806
2013-02-12,712.543,727.1957,712.543,727.1957,456302
2013-02-13,725.1025,735.9874,717.1481,731.3822,792634
2013-02-14,733.0569,736.4061,721.3346,728.033,338207
2013-02-15,728.033,738.3044,720.916,733.0569,466050
2013-02-18,737.2434,737.8295,716.7295,721.7533,293440
2013-02-19,724.2652,735.1501,721.77,728.033,423644
2013-02-20,728.8703,737.662,727.1957,729.289,726594
2013-02-21,728.4517,730.1263,715.4735,722.1719,480341
2013-02-22,727.1957,765.2929,724.6838,761.5251,922426
2013-02-25,780.3643,780.3643,747.7096,752.3148,891824
2013-02-26,746.4537,750.1601,731.3822,741.4299,996959
2013-02-27,741.8485,757.5981,738.0807,744.3604,726398
2013-02-28,747.291,767.3862,746.8723,764.8743,851176
2013-03-01,762.781,790.3785,760.0603,782.4576,1023970
2013-03-04,777.0151,788.7374,776.0941,782.8762,998674
2013-03-05,788.3187,805.902,782.96,800.8782,916382
2013-03-06,803.3901,810.0885,795.0171,795.4358,1184087
2013-03-07,800.0409,800.0409,788.7374,793.7612,650215
2013-03-08,795.8544,807.9953,788.4694,795.4358,455220
2013-03-11,792.9239,797.1104,775.3405,784.1322,780793
2013-03-12,784.5508,793.7612,782.8762,792.0866,632925
2013-03-13,793.7612,802.9715,789.9933,801.2969,587754
2013-03-14,803.8088,809.6699,797.1104,808.4139,719994
2013-03-15,810.5072,814.275,794.5985,797.9477,2025911
2013-03-18,785.3882,810.5072,785.2291,808.8326,582785
2013-03-19,805.902,823.904,802.2849,813.4377,697871
2013-03-20,818.0429,882.3811,812.6004,845.6738,1844365
2013-03-21,849.8603,867.4436,849.023,864.9317,1221467
2013-03-22,864.0944,868.2809,859.0706,861.5825,650311
2013-03-25,866.6063,869.9555,857.396,859.9079,607733
2013-03-26,859.0706,870.7928,854.8841,864.0944,572500
2013-03-27,869.9555,881.4517,860.9545,869.9555,864753
2013-03-28,869.9555,901.773,869.9555,895.0746,661828
2013-04-02,891.7254,909.3087,888.7948,898.4238,750247
2013-04-03,891.7254,899.2611,885.3367,894.2373,754858
2013-04-04,892.5627,899.663,859.9079,864.0944,943040
2013-04-05,860.7452,871.111,843.9992,846.5111,797674
2013-04-08,853.2095,870.6924,838.9754,840.65,1186439
2013-04-09,849.8603,869.9555,844.8558,864.9317,1217563
2013-04-10,871.6301,893.4,850.3962,890.0508,601245
2013-04-11,893.4,934.4277,888.3761,919.3563,965266
2013-04-12,922.7055,955.3602,897.1963,940.2888,890045
2013-04-15,946.1499,959.5216,931.0785,947.8245,978844
2013-04-16,947.8245,947.8245,917.6817,927.7293,1465211
2013-04-17,934.4277,941.1261,907.6341,926.0547,853508
2013-04-18,936.1023,950.3364,922.7055,928.5666,1051326
2013-04-19,939.4515,965.4078,921.8682,946.1499,1141260
2013-04-22,961.3959,966.7769,942.5626,946.1499,2776942
2013-04-23,950.634,970.3642,944.3563,957.8086,1524540
2013-04-24,960.4991,978.4356,949.7372,973.9515,1156076
2013-04-25,973.9515,986.507,964.0864,964.9832,810787
2013-04-26,963.1896,975.7451,955.1181,968.5705,603782
2013-04-29,986.507,1019.6895,978.4356,983.8165,804213
2013-04-30,986.507,1004.4435,965.88,968.5705,937138
2013-05-01,965.88,980.2292,964.9832,977.5388,334498
2013-05-02,973.0546,976.6419,959.6023,969.4673,660067
2013-05-03,969.4673,991.888,964.9832,985.6102,811950
2013-05-07,992.7848,992.7848,947.9436,967.6737,897197
2013-05-08,971.261,979.3324,962.2927,979.3324,558177
2013-05-09,982.0229,995.4753,973.9515,994.5784,539135
2013-05-10,993.6816,1002.6499,982.0229,988.3007,467294
2013-05-13,989.1975,989.1975,965.88,968.5705,704856
2013-05-14,973.9515,986.507,964.9832,984.7134,594471
2013-05-15,987.4038,1031.3482,978.4356,1028.6578,785381
2013-05-16,1079.7768,1096.9832,1058.253,1081.5704,2300794
2013-05-17,1093.2291,1140.7608,1082.4036,1140.7608,1663405
2013-05-20,1143.4513,1153.4419,1113.8561,1116.5466,1178336
2013-05-21,1121.0307,1123.7212,1102.3956,1107.5783,713331
2013-05-22,1110.2688,1125.5148,1088.745,1121.9275,1046326
2013-05-23,1107.5783,1112.0624,1078.3033,1105.7847,1202157
2013-05-24,1116.5466,1116.7143,1080.8978,1094.126,763377
2013-05-28,1108.4751,1147.9354,1108.4751,1147.9354,1383975
2013-05-29,1146.1418,1146.1418,1106.6815,1113.8561,1081190
2013-05-30,1109.372,1113.1386,1073.499,1098.6101,1299840
2013-05-31,1076.1895,1099.5069,1047.4911,1094.126,18520289
2013-06-03,1087.8482,1092.3323,1042.1101,1052.872,1899163
2013-06-04,1063.6339,1078.8799,1053.7689,1059.1498,1181247
2013-06-05,1055.5625,1078.8799,1039.4197,1040.3165,1362830
2013-06-06,1040.3165,1057.6073,1040.3165,1052.872,1011569
2013-06-07,1057.3561,1092.3323,1053.0962,1080.6736,1051924
2013-06-10,1082.4672,1102.1974,1071.7053,1096.8164,878852
2013-06-11,1103.0942,1103.0942,1076.1895,1088.745,1133711
2013-06-12,1087.8482,1095.9196,1075.2926,1080.6736,627125
2013-06-13,1069.9117,1072.7098,1049.2847,1060.9434,1093594
2013-06-14,1073.499,1095.0228,1069.9117,1079.7768,993163
2013-06-17,1084.2609,1095.9196,1078.8799,1092.3323,578783
2013-06-18,1092.3323,1103.0942,1086.9514,1090.5387,643986
2013-06-19,1090.5387,1099.5069,1086.6195,1097.7133,1314796
2013-06-20,1079.7768,1083.3641,1029.5546,1029.5546,1390021
2013-06-21,1038.5228,1049.2847,992.7848,992.7848,8182128
2013-06-24,986.507,1002.6499,970.3642,975.7451,1125456
2013-06-25,978.4356,1021.2374,968.01,1018.7927,2856603
2013-06-26,1020.5863,1058.253,1017.8959,1041.2133,1039557
2013-06-27,1038.5228,1054.6657,1035.8324,1038.5228,770172
2013-06-28,1040.3165,1064.5307,1040.3165,1059.1498,1215188
2013-07-01,1063.6339,1112.0624,1061.8403,1112.0624,1282494
2013-07-02,1130.8958,1135.3799,1081.5704,1097.7133,2296779
2013-07-03,1096.8164,1101.3006,1051.9752,1087.8482,1097678
2013-07-04,1098.6101,1138.9672,1096.8613,1135.3799,820729
2013-07-05,1140.7608,1144.3571,1119.237,1126.4116,739434
2013-07-08,1138.0704,1156.0068,1131.7926,1136.2767,911059
2013-07-09,1147.9354,1159.5941,1124.618,1141.6577,868878
2013-07-10,1148.8323,1167.6925,1128.2053,1134.4831,840350
2013-07-11,1153.3164,1157.8005,1135.3799,1144.3481,724501
2013-07-12,1148.8323,1165.8719,1146.1418,1159.5941,696226
2013-07-15,1164.9751,1171.2529,1160.491,1170.356,799474
2013-07-16,1177.5306,1184.7052,1110.2688,1112.9593,1684872
2013-07-17,1109.372,1130.8958,1095.0228,1106.6815,1265011
2013-07-18,1106.6815,1138.0704,1103.0942,1137.1735,854649
2013-07-19,1133.5862,1133.5862,1111.1656,1125.5148,707786
2013-07-22,1129.9989,1136.2767,1121.0307,1128.2053,581817
2013-07-23,1135.3799,1145.245,1124.618,1126.4116,680486
2013-07-24,1131.7926,1142.5545,1118.3402,1129.9989,598709
2013-07-25,1125.5148,1140.7608,1114.7529,1134.4831,821396
2013-07-26,1127.3085,1140.7608,1092.3323,1093.2291,820341
2013-07-29,1099.5069,1118.3402,1092.3323,1098.6101,497396
2013-07-30,1111.1656,1121.0307,1108.4751,1115.6497,668866
2013-07-31,1110.2688,1125.5148,1105.7847,1108.4751,746367
2013-08-01,1117.4434,1121.0307,1109.372,1113.8561,699120
2013-08-02,1121.0307,1131.7926,1112.9593,1129.9989,486216
2013-08-05,1134.4831,1149.7291,1131.7926,1141.6577,696546
2013-08-06,1144.3481,1157.8005,1138.0704,1147.9354,920189
2013-08-07,1142.5545,1155.11,1118.3402,1118.3402,995870
2013-08-08,1116.5466,1139.864,1113.8561,1118.3402,808957
2013-08-09,1124.618,1124.618,1098.3859,1104.8879,999520
2013-08-12,1109.372,1110.2688,1090.5387,1103.0942,690882
2013-08-13,1110.2688,1114.7529,1097.7043,1100.4037,640417
2013-08-14,1101.3006,1111.1656,1058.253,1061.8403,998369
2013-08-15,1061.8403,1061.8403,956.015,983.8165,2701093
2013-08-16,986.507,1069.0149,986.507,1065.4276,2487597
2013-08-19,1065.4276,1078.8799,1040.3165,1046.5943,1086608
2013-08-20,1062.7371,1065.7764,1012.5149,1031.3482,1294746
2013-08-21,1041.2133,1046.37,1019.6895,1024.1736,774467
2013-08-22,1023.2768,1043.5675,1016.1022,1022.38,1410827
2013-08-23,1020.5863,1026.5278,1014.3086,1016.1022,1297119
2013-08-27,1016.1022,1025.9673,984.7134,998.1657,1455701
2013-08-28,989.1975,990.0943,961.3959,982.9197,1457322
2013-08-29,988.3007,996.3721,974.8483,988.3007,1041625
2013-08-30,993.6816,1005.1161,975.7451,985.6102,1377868
2013-09-02,995.4753,1026.8641,995.4753,1026.8641,1207746
2013-09-03,1026.8641,1030.4514,1011.3015,1024.1736,1307305
2013-09-04,1021.4832,1022.38,983.8165,996.3721,2097686
2013-09-05,999.9594,1033.1419,997.2689,1033.1419,1581542
2013-09-06,1031.3482,1040.3165,1013.4117,1040.3165,1249009
2013-09-09,1038.5228,1056.4593,1036.7292,1051.9752,877389
2013-09-10,1062.7371,1078.8799,1056.4593,1056.4593,1013671
2013-09-11,1055.5625,1055.5625,1030.4514,1034.9355,869861
2013-09-12,1039.4197,1040.3165,1021.4832,1031.3482,1631718
2013-09-13,1030.4514,1046.5943,1028.0318,1042.1101,589507
2013-09-16,1056.4593,1056.4593,1028.6578,1034.0387,1151495
2013-09-17,1035.8324,1042.1101,1021.4832,1027.7609,1769563
2013-09-18,1026.8641,1031.3482,986.507,997.2689,793737
2013-09-19,1009.8244,1034.9355,995.4753,996.3721,2069966
2013-09-20,994.5784,1016.1022,994.5784,1010.7213,1295557
2013-09-23,1005.3403,1015.2054,995.4753,999.9594,737754
2013-09-24,1001.753,1012.5149,997.2689,1007.134,1204554
2013-09-25,1006.2371,1012.5149,988.3007,999.9594,874431
2013-09-26,1000.8562,1002.6499,986.2622,994.5784,773978
2013-09-27,994.5784,995.4753,947.9436,951.5309,3199459
2013-09-30,967.6737,975.7451,960.4991,973.9515,1351695
2013-10-01,973.9515,992.7848,967.6737,991.888,914536
2013-10-02,984.7134,990.9911,976.6419,988.3007,711272
2013-10-03,985.6102,991.888,975.7451,976.6419,813622
2013-10-04,972.1578,978.4356,962.2927,965.88,1367243
2013-10-07,961.3959,961.3959,935.388,956.9118,789309
2013-10-08,961.3959,978.4356,951.5309,965.88,977724
2013-10-09,980.2292,1025.9673,977.5388,1014.3086,1774378
2013-10-10,1019.6895,1082.4672,1017.7882,1071.7053,2039246
2013-10-11,1077.9831,1081.5704,1066.3244,1073.499,951821
2013-10-14,1067.2212,1074.3958,1052.872,1071.7053,1044876
2013-10-15,1074.3958,1087.0949,1070.8085,1077.9831,946070
2013-10-16,1072.6022,1093.2291,1059.1498,1086.0545,780729
2013-10-17,1077.0863,1095.7761,1069.0149,1085.1577,907791
2013-10-18,1093.2291,1103.0942,1083.3641,1103.0942,2635717
2013-10-21,1105.7847,1131.7926,1102.1974,1121.0307,1287596
2013-10-22,1119.237,1126.4116,1098.5625,1100.4037,858903
2013-10-23,1099.5069,1126.4116,1097.0317,1126.4116,814743
2013-10-24,1127.3085,1132.6894,1119.237,1124.618,651218
2013-10-25,1116.5466,1127.5596,1109.372,1114.7529,655246
2013-10-28,1119.237,1121.0307,1097.7133,1097.7133,535596
2013-10-29,1104.8879,1125.6278,1098.6101,1125.5148,706355
2013-10-30,1131.7926,1137.1735,1126.4116,1133.5862,1371759
2013-10-31,1131.7926,1148.0233,1130.8958,1134.4831,1800479
2013-11-01,1139.864,1149.7291,1121.0307,1141.6577,1010112
2013-11-04,1141.6577,1150.6259,1133.5862,1136.2767,968172
2013-11-05,1140.7608,1145.245,1087.8482,1089.6418,1537498
2013-11-06,1117.4434,1129.1021,1060.9434,1063.6339,2094333
2013-11-07,1066.3244,1067.2212,1042.1101,1051.0784,2239275
2013-11-08,1051.9752,1074.3958,1042.1101,1073.499,1035459
2013-11-11,1071.7053,1078.8799,1067.2212,1077.9831,985227
2013-11-12,1077.9831,1082.1982,1069.9117,1076.1895,704294
2013-11-13,1075.2926,1076.1195,1031.994,1034.9355,1181523
2013-11-14,1045.6974,1065.963,1036.7292,1043.007,1366718
2013-11-15,1044.8006,1057.3561,1034.0387,1039.4197,519290
2013-11-18,1031.3482,1045.6974,1016.1022,1044.8006,734973
2013-11-19,1039.4197,1069.9117,1036.7292,1062.7371,1114293
2013-11-20,1057.3561,1074.4667,1037.626,1043.007,739815
2013-11-21,1036.7292,1077.9831,1032.2451,1073.499,851546
2013-11-22,1076.1895,1097.7133,1074.1447,1095.0228,944976
2013-11-25,1103.0942,1108.807,1089.3907,1089.6418,374522
2013-11-26,1093.2291,1110.2688,1092.3323,1101.3006,652319
2013-11-27,1103.991,1121.0307,1097.5339,1117.4434,631203
2013-11-28,1119.237,1133.5862,1022.8463,1049.2847,3856551
2013-11-29,1053.7689,1060.1193,1034.9355,1040.3165,1704433
2013-12-02,1037.626,1046.0562,1027.7609,1038.5228,885705
2013-12-03,1037.626,1043.9038,1022.38,1022.38,774670
2013-12-04,1019.6895,1038.1641,1012.5149,1025.0705,1007863
2013-12-05,1019.6895,1043.007,1012.0665,1034.9355,1155478
2013-12-06,1049.2847,1069.9117,1039.4197,1060.9434,1226496
2013-12-09,1061.8403,1069.3539,1055.5625,1060.9434,588609
2013-12-10,1057.3561,1071.2641,1046.5943,1060.0466,580790
2013-12-11,1058.253,1079.7768,1048.639,1051.9752,952219
2013-12-12,1045.6974,1050.1367,1016.1022,1018.7927,1209590
2013-12-13,1029.5546,1035.8324,996.3721,1018.7927,1014083
2013-12-16,1015.2054,1026.8641,997.7657,1025.9673,1367743
2013-12-17,1024.1736,1043.9038,1016.0924,1035.8324,671079
2013-12-18,1038.5228,1062.7371,1035.8324,1047.4911,700103
2013-12-19,1062.7371,1074.9698,1055.5625,1060.0466,678114
2013-12-20,1066.3244,1074.3958,1054.6657,1070.8085,1090924
2013-12-23,1071.7053,1078.8799,1062.7371,1077.9831,433164
2013-12-24,1085.1577,1094.126,1073.1403,1093.2291,161426
2013-12-27,1099.5069,1099.5069,1070.8085,1093.2291,463468
2013-12-30,1095.0228,1102.1974,1085.1577,1092.3323,548784
2013-12-31,1090.5387,1121.0307,1090.5387,1111.1656,423400
2014-01-02,1121.0307,1130.8958,1100.1526,1126.4116,928065
2014-01-03,1121.9275,1135.918,1111.5244,1129.1021,831771
2014-01-06,1136.2767,1161.3878,1125.5148,1156.9037,1111074
2014-01-07,1157.8005,1164.9751,1142.9132,1160.491,859815
2014-01-08,1188.2925,1205.1528,1147.9354,1156.0068,1911371
2014-01-09,1161.3878,1168.8557,1138.0704,1142.5545,978066
2014-01-10,1152.4196,1216.0941,1150.6259,1214.3004,1533249
2014-01-13,1216.0941,1219.6814,1199.0544,1207.1258,1028181
2014-01-14,1200.8481,1202.6417,1184.2568,1198.1576,854705
2014-01-15,1199.9513,1209.8163,1191.8798,1195.4671,959423
2014-01-16,1199.0544,1206.229,1186.2478,1190.983,704496
2014-01-17,1195.4671,1210.7131,1191.8798,1201.7449,851966
2014-01-20,1204.4354,1215.1973,1199.9513,1203.5386,503708
2014-01-21,1196.364,1214.3004,1189.7275,1198.1576,750485
2014-01-22,1204.4354,1208.9195,1176.6338,1189.1894,879109
2014-01-23,1186.4989,1209.8163,1172.1497,1174.8402,627455
2014-01-24,1175.737,1183.8084,1130.8958,1133.5862,907376
2014-01-27,1134.4831,1136.2767,1109.372,1121.0307,1015289
2014-01-28,1121.9275,1163.1814,1121.0307,1158.6973,596097
2014-01-29,1164.0783,1190.0862,1130.8958,1152.4196,961420
2014-01-30,1147.0386,1169.4592,1143.1867,1156.9037,709587
2014-01-31,1154.2132,1185.6021,1140.7608,1177.5306,900233
2014-02-03,1176.6338,1193.6735,1162.2846,1165.8719,742989
2014-02-04,1156.0068,1181.1179,1150.6259,1154.2132,820954
2014-02-05,1155.11,1181.1179,1145.245,1166.7687,928291
2014-02-06,1173.0465,1210.7131,1168.5624,1201.7449,976652
2014-02-07,1207.1258,1247.483,1205.8703,1242.102,1609707
2014-02-10,1245.6893,1251.9671,1235.8242,1249.2766,841989
2014-02-11,1252.8639,1286.0464,1251.4649,1286.0464,1364826
2014-02-12,1282.4591,1283.3559,1243.8957,1246.5861,1624979
2014-02-13,1240.3084,1250.1734,1230.4433,1242.9988,1068085
2014-02-14,1244.7925,1248.3798,1235.4655,1242.102,803577
2014-02-17,1245.6893,1269.0067,1243.8957,1269.0067,1163886
2014-02-18,1275.2845,1298.602,1266.3163,1295.0147,1039223
2014-02-19,1291.4274,1293.221,1266.3163,1270.8004,971419
2014-02-20,1263.6258,1289.6337,1249.2766,1288.7369,1065052
2014-02-21,1291.4274,1322.3319,1289.6337,1312.9511,1294298
2014-02-24,1312.9511,1319.2289,1295.3734,1319.2289,2060195
2014-02-25,1349.721,1352.4114,1296.8083,1312.0543,2843205
2014-02-26,1325.5067,1326.8968,1279.7686,1286.9432,1251459
2014-02-27,1289.6337,1312.0543,1288.7369,1311.1575,1323727
2014-02-28,1309.3638,1316.5384,1290.5305,1296.8083,1180314
2014-03-03,1279.7686,1309.3638,1267.8552,1283.3559,1440276
2014-03-04,1295.0147,1323.713,1289.6337,1317.4353,2442234
2014-03-05,1302.1893,1311.1575,1248.3798,1285.1496,2894119
2014-03-06,1287.8401,1297.1222,1259.1417,1270.8004,1219069
2014-03-07,1274.3877,1274.3877,1249.2766,1249.2766,1119401
2014-03-10,1248.3798,1250.7205,1188.2925,1191.8798,2176641
2014-03-11,1188.2925,1194.5703,1179.3243,1183.8084,1432898
2014-03-12,1177.5306,1186.4989,1166.7687,1180.2211,1976050
2014-03-13,1183.8084,1196.6375,1166.428,1172.1497,1213822
2014-03-14,1161.3878,1181.8175,1145.6934,1177.5306,1466317
2014-03-17,1212.5068,1261.4456,1208.9195,1220.5782,2913102
2014-03-18,1219.6814,1242.9988,1216.7398,1225.9592,1612703
2014-03-19,1252.8639,1268.1099,1232.2369,1234.9274,1494227
2014-03-20,1225.9592,1233.1338,1203.5386,1212.5068,1397490
2014-03-21,1211.61,1212.5068,1193.6735,1195.4671,3760914
2014-03-24,1193.6735,1204.4354,1179.3243,1182.0148,1053663
2014-03-25,1185.6021,1212.5068,1185.064,1195.4671,1027366
2014-03-26,1201.7449,1221.475,1195.4671,1213.4036,826554
2014-03-27,1206.229,1208.9195,1186.4989,1201.7449,652181
2014-03-28,1208.0227,1223.5135,1200.8481,1223.2687,892894
2014-03-31,1229.5465,1235.8242,1205.3322,1207.1258,892072
2014-04-01,1210.7131,1227.0766,1205.3322,1225.0623,854203
2014-04-02,1225.9592,1234.0306,1216.9909,1223.2687,828900
2014-04-03,1218.7846,1228.6496,1208.9195,1220.5782,753358
2014-04-04,1221.475,1225.0623,1200.8481,1207.1258,858253
2014-04-07,1193.6735,1199.9513,1151.5227,1158.6973,1148671
2014-04-08,1160.491,1166.8297,1113.3915,1147.9354,1995280
2014-04-09,1150.6259,1188.2925,1150.6259,1183.8084,1210594
2014-04-10,1197.2608,1207.1258,1180.2211,1203.5386,1683938
2014-04-11,1185.6021,1191.7363,1166.7687,1179.3243,1735940
2014-04-14,1170.356,1175.737,1124.618,1147.0386,1261146
2014-04-15,1148.8323,1182.9116,1132.6894,1134.4831,2208827
2014-04-16,1170.356,1186.1715,1134.4831,1143.4513,1843461
2014-04-17,1143.4513,1164.0783,1131.7926,1158.6973,1511233
2014-04-22,1162.2846,1189.1894,1159.074,1188.2925,1411216
2014-04-23,1190.0862,1194.1667,1174.8402,1184.7052,2036713
2014-04-24,1190.983,1199.0544,1170.356,1183.8084,2400714
2014-04-25,1180.2211,1192.7767,1164.0783,1182.0148,2144770
2014-04-28,1182.9116,1193.6735,1162.2846,1164.0783,1471411
2014-04-29,1165.8719,1176.6338,1161.3878,1170.356,1626983
2014-04-30,1166.7687,1183.8084,1159.5941,1176.6338,1951199
2014-05-01,1175.737,1190.983,1163.1814,1187.3957,816433
2014-05-02,1195.4671,1207.1258,1181.1179,1190.0862,2552501
2014-05-06,1218.7846,1255.5544,1210.7131,1235.8242,3356632
2014-05-07,1229.5465,1234.0306,1201.7449,1219.6814,1541869
2014-05-08,1222.3719,1229.5465,1212.5068,1229.5465,1042499
2014-05-09,1229.5465,1229.5465,1202.6417,1215.1973,1137570
2014-05-12,1219.6814,1226.856,1216.2555,1219.6814,661702
2014-05-13,1230.4433,1260.0385,1230.4433,1259.1417,1315134
2014-05-14,1259.1417,1259.1417,1230.4433,1242.102,1127838
2014-05-15,1243.8957,1257.348,1192.7767,1205.3322,1487197
2014-05-16,1208.0227,1215.5381,1159.5941,1192.7767,2733628
2014-05-19,1196.364,1208.0227,1171.2529,1188.2925,1385383
2014-05-20,1193.6735,1208.0227,1185.5124,1199.9513,874444
2014-05-21,1200.8481,1211.61,1186.4989,1203.5386,1025429
2014-05-22,1208.9195,1215.1973,1193.6735,1201.7449,901373
2014-05-23,1199.9513,1207.1258,1181.1179,1184.7052,905601
2014-05-27,1195.4671,1209.8163,1187.3957,1206.229,865388
2014-05-28,1205.3322,1218.7846,1200.4131,1216.0941,742769
2014-05-29,1212.5068,1220.5782,1177.6921,1189.1894,898973
2014-05-30,1184.7052,1202.6417,1182.0148,1199.9513,1665647
2014-06-02,1205.3322,1220.5782,1200.8481,1208.9195,781777
2014-06-03,1208.0227,1213.4036,1190.0862,1194.5703,748924
2014-06-04,1190.983,1198.1576,1187.3957,1194.5703,1241319
2014-06-05,1204.036,1208.7688,1184.158,1194.5703,1618777
2014-06-06,1193.6237,1275.0287,1191.7306,1226.7537,1117788
2014-06-09,1230.5399,1246.802,1223.9139,1240.9522,979011
2014-06-10,1238.1125,1244.7385,1235.2728,1244.7385,933973
2014-06-11,1241.8988,1248.5247,1223.0923,1230.5399,1177267
2014-06-12,1235.2728,1237.1659,1215.3948,1232.4331,927139
2014-06-13,1222.9674,1225.8071,1141.7044,1146.2953,3233178
2014-06-16,1144.4021,1152.9213,1113.1654,1123.5776,2278936
2014-06-17,1128.3105,1144.4021,1122.631,1135.883,1383137
2014-06-18,1136.8296,1149.135,1121.6845,1144.4021,1475985
2014-06-19,1152.9213,1169.0129,1152.9213,1163.3335,1605626
2014-06-20,1161.4404,1172.7992,1151.0281,1164.2801,1671191
2014-06-23,1160.4938,1161.4404,1131.1502,1151.0281,1365961
2014-06-24,1154.8144,1161.4404,1128.3105,1141.5624,1361307
2014-06-25,1133.0433,1157.6541,1122.631,1134.9364,1275422
2014-06-26,1139.6693,1213.5017,1129.257,1191.7306,2345698
2014-06-27,1199.3032,1218.2345,1186.9978,1209.7154,1500492
2014-06-30,1211.6085,1212.5551,1185.1046,1204.9826,1033844
2014-07-01,1204.036,1229.5934,1202.1429,1228.6468,1371021
2014-07-02,1227.7002,1239.0591,1214.4483,1221.0742,2312977
2014-07-03,1220.1277,1247.9189,1213.5017,1245.685,2039673
2014-07-04,1248.5247,1251.3645,1232.4331,1235.2728,911516
2014-07-07,1235.2728,1241.8988,1210.662,1212.5551,839384
2014-07-08,1206.8757,1207.8223,1181.3183,1197.41,1344451
2014-07-09,1197.41,1202.6635,1169.0129,1180.3718,1768298
2014-07-10,1181.3183,1200.6283,1157.6541,1186.9978,1363437
2014-07-11,1192.6772,1207.8223,1172.7992,1175.6389,1319834
2014-07-14,1179.4252,1184.158,1160.4938,1182.2649,1241664
2014-07-15,1178.4786,1183.2115,1152.9213,1164.2801,1104804
2014-07-16,1170.9061,1202.1429,1165.2267,1199.3032,1078472
2014-07-17,1199.3032,1199.3032,1184.158,1198.3566,1321599
2014-07-18,1194.5703,1207.8223,1168.0664,1206.8757,963624
2014-07-21,1210.662,1217.288,1175.0218,1179.4252,734095
2014-07-22,1190.784,1236.2193,1186.0512,1232.4331,1356020
2014-07-23,1229.5934,1239.6298,1218.2345,1224.8605,980508
2014-07-24,1223.9139,1257.0439,1207.8223,1236.2193,1003857
2014-07-25,1229.5934,1234.3262,1208.7688,1211.6085,540486
2014-07-28,1213.5017,1219.1811,1197.41,1201.1963,656762
2014-07-29,1204.036,1222.0208,1203.3734,1216.3414,641897
2014-07-30,1215.3948,1226.7537,1204.9826,1205.9291,947614
2014-07-31,1206.8757,1207.8223,1175.6389,1186.0512,1227234
2014-08-01,1183.2115,1197.41,1149.135,1191.7306,1275253
2014-08-04,1195.5169,1202.1429,1172.7992,1179.4252,951305
2014-08-05,1183.2115,1186.0512,1143.4556,1153.8678,1335863
2014-08-06,1138.7227,1151.9747,1123.5776,1151.0281,1732772
2014-08-07,1148.1884,1177.5321,1143.4556,1163.3335,1214588
2014-08-08,1146.2953,1165.2267,1133.9899,1151.9747,1127176
2014-08-11,1158.6007,1207.8223,1156.3289,1204.036,1099285
2014-08-12,1205.9291,1225.8071,1199.3032,1207.8223,1275926
2014-08-13,1216.3414,1227.7002,1183.2115,1226.7537,1485218
2014-08-14,1222.9674,1240.9522,1218.6794,1240.0056,895573
2014-08-15,1244.7385,1257.6809,1238.1125,1241.8988,1136329
2014-08-18,1240.9522,1265.563,1222.0208,1263.6699,1108823
2014-08-19,1310.0517,1310.0517,1257.0439,1277.8684,1358986
2014-08-20,1272.189,1276.21,1244.8805,1252.311,1549333
2014-08-21,1252.311,1270.2958,1244.7385,1269.3493,1033474
2014-08-22,1273.1355,1279.7615,1244.7385,1275.9753,714090
2014-08-26,1282.6012,1282.6012,1269.3493,1272.189,986390
2014-08-27,1275.0287,1278.815,1264.6164,1267.4561,830657
2014-08-28,1270.2958,1272.189,1239.0591,1258.937,1309267
2014-08-29,1261.7767,1263.6699,1243.1293,1253.2576,995641
2014-09-01,1248.5247,1265.563,1247.5782,1261.7767,634313
2014-09-02,1263.6699,1264.8815,1251.3645,1259.8836,826085
2014-09-03,1262.7233,1286.3875,1249.4713,1277.8684,1393571
2014-09-04,1275.0287,1279.7615,1267.1608,1275.0287,1332967
2014-09-05,1276.9218,1292.0669,1261.7767,1263.6699,1766401
2014-09-08,1258.937,1268.4027,1222.4941,1240.9522,1022426
2014-09-09,1235.2728,1286.3875,1234.3262,1285.4409,1417212
2014-09-10,1279.7615,1288.2807,1263.6699,1280.7081,1109143
2014-09-11,1282.6012,1289.7005,1267.4561,1275.9753,887150
2014-09-12,1278.815,1296.9418,1274.0821,1295.8532,1225331
2014-09-15,1291.1204,1295.3799,1274.0821,1277.8684,673411
2014-09-16,1276.9218,1276.9218,1244.7385,1260.8301,1183961
2014-09-17,1268.4027,1293.9601,1267.4561,1279.7615,1017292
2014-09-18,1278.815,1306.6062,1275.0287,1306.2655,920630
2014-09-19,1320.464,1327.09,1292.0669,1293.0135,2113811
2014-09-22,1287.3341,1298.6929,1277.4879,1293.9601,908271
2014-09-23,1293.9601,1293.9601,1259.8836,1281.6547,1053448
2014-09-24,1277.8684,1290.1738,1276.9218,1285.4409,1061081
2014-09-25,1281.6547,1296.7998,1251.3645,1255.1507,928690
2014-09-26,1253.2576,1265.563,1235.2728,1254.2042,681453
2014-09-29,1252.311,1274.0821,1251.3645,1271.2424,912634
2014-09-30,1273.1355,1274.8062,1245.685,1262.7233,1101449
2014-10-01,1258.937,1274.792,1237.1659,1239.0591,1015486
2014-10-02,1238.1125,1248.5247,1219.1811,1225.8071,1473220
2014-10-03,1231.4865,1269.3493,1231.4865,1269.3493,983977
2014-10-06,1276.9218,1282.6012,1269.3493,1274.0821,1063596
2014-10-07,1272.189,1288.2807,1264.6164,1273.1355,2187769
2014-10-08,1267.4561,1272.189,1242.8453,1251.3645,1975976
2014-10-09,1269.3493,1271.2424,1205.9291,1207.8223,1817081
2014-10-10,1192.6772,1229.5934,1180.4456,1222.0208,1761673
2014-10-13,1210.662,1235.2728,1204.036,1220.1277,1148837
2014-10-14,1208.7688,1249.4713,1206.4971,1240.9522,1936156
2014-10-15,1245.685,1257.9904,1216.3414,1223.9139,2051607
2014-10-16,1228.6468,1257.0439,1198.3566,1239.0591,2839445
2014-10-17,1242.8453,1280.7081,1234.3262,1280.7081,1740118
2014-10-20,1278.815,1294.9066,1270.2958,1285.4409,1746729
2014-10-21,1282.6012,1316.6777,1281.6547,1316.6777,1525362
2014-10-22,1323.3037,1335.9944,1316.6777,1332.7694,1453275
2014-10-23,1321.4106,1344.1282,1312.8915,1328.0366,1652523
2014-10-24,1322.3571,1333.716,1314.7846,1321.4106,1225950
2014-10-27,1334.6625,1338.4488,1311.9449,1327.09,1153274
2014-10-28,1341.2885,1350.4968,1326.1434,1334.6625,939464
2014-10-29,1338.4488,1350.3756,1334.6625,1344.1282,990670
2014-10-30,1348.8611,1370.6322,1335.9877,1366.8459,1324405
2014-10-31,1385.7773,1391.4567,1368.739,1384.8307,1588555
2014-11-03,1380.0979,1393.3498,1375.9727,1380.0979,1057426
2014-11-04,1372.5253,1394.2964,1364.0062,1366.8459,1565987
2014-11-05,1378.2047,1394.2964,1373.134,1383.8841,1308782
2014-11-06,1382.9376,1382.9376,1347.9145,1360.2199,1582436
2014-11-07,1364.9528,1366.8459,1331.8228,1334.6625,1396668
2014-11-10,1327.09,1370.6322,1322.3571,1370.6322,770532
2014-11-11,1372.5253,1397.1361,1371.5787,1381.991,1158629
2014-11-12,1378.2047,1395.243,1371.5787,1381.991,1128604
2014-11-13,1385.7773,1410.3881,1381.991,1403.7621,2042988
2014-11-14,1404.7087,1417.0141,1399.0292,1403.7621,773074
2014-11-17,1394.2964,1417.0141,1387.6704,1417.0141,624945
2014-11-18,1419.8538,1437.1429,1416.0675,1429.3195,1070827
2014-11-19,1419.8538,1427.4263,1398.0827,1405.6552,929012
2014-11-20,1397.1361,1420.0431,1395.243,1412.2812,1324396
2014-11-21,1417.0141,1436.892,1399.0292,1413.2278,1204524
2014-11-24,1415.1209,1420.8003,1407.5484,1417.0141,785268
2014-11-25,1417.0141,1439.3067,1414.553,1428.3729,1057410
2014-11-26,1430.266,1435.9454,1413.3688,1425.5332,927693
2014-11-27,1428.3729,1438.7852,1416.0675,1438.7852,1056430
2014-11-28,1434.0523,1453.9303,1434.0523,1451.0906,819504
2014-12-01,1445.6005,1461.5028,1432.1592,1457.7165,1120832
2014-12-02,1461.5028,1462.2714,1437.8386,1443.518,985190
2014-12-03,1437.8386,1482.3273,1426.4798,1457.7165,2185924
2014-12-04,1463.396,1509.7778,1459.4204,1496.5259,2358525
2014-12-05,1513.5641,1527.7627,1506.9381,1526.8161,1214861
2014-12-08,1518.297,1527.7627,1489.8999,1505.9916,941426
2014-12-09,1502.2053,1505.9916,1460.5562,1471.9151,1106410
2014-12-10,1470.9685,1490.8465,1459.6097,1475.7014,1073676
2014-12-11,1479.4876,1493.6862,1477.5945,1488.9533,1072670
2014-12-12,1452.9837,1464.3425,1382.3696,1438.7852,1241571
2014-12-15,1431.2126,1450.7119,1412.2812,1413.2278,879132
2014-12-16,1419.8538,1445.4111,1401.869,1445.4111,1003641
2014-12-17,1436.892,1447.5693,1422.6935,1429.3195,1272141
2014-12-18,1434.0523,1453.9303,1426.4798,1452.9837,1422549
2014-12-19,1461.5028,1500.3121,1459.6097,1492.7396,1799697
2014-12-22,1497.4724,1512.6175,1487.0602,1507.8847,680504
2014-12-23,1507.8847,1518.8649,1477.5945,1488.0068,597934
2014-12-24,1497.4724,1497.4724,1474.5664,1483.2739,87032
2014-12-29,1476.6479,1492.7396,1470.9685,1492.7396,502613
2014-12-30,1488.9533,1493.6862,1472.8616,1477.5945,532662
2014-12-31,1496.5259,1497.4724,1482.3273,1493.6862,160614
2015-01-02,1497.4724,1502.2053,1468.1288,1481.3808,495200
2015-01-05,1476.6479,1509.7778,1466.2357,1470.0219,692066
2015-01-06,1470.9685,1480.4342,1438.5201,1446.3577,1193337
2015-01-07,1461.5028,1466.2357,1447.3043,1458.6631,1352952
2015-01-08,1443.518,1474.7548,1429.3195,1456.77,1493347
2015-01-09,1432.1592,1442.3821,1373.4719,1381.0444,1658126
2015-01-12,1381.0444,1399.0292,1364.1008,1389.5636,1430434
2015-01-13,1381.991,1423.2993,1381.991,1407.5484,1329375
2015-01-14,1391.4567,1413.2278,1379.1513,1389.5636,1768411
2015-01-15,1396.1895,1400.9224,1347.3087,1378.2047,1695829
2015-01-16,1364.9528,1376.3116,1351.7008,1371.5787,1413137
2015-01-19,1368.739,1410.3881,1365.8993,1407.5484,921786
2015-01-20,1414.1744,1421.7469,1381.0444,1389.5636,875784
2015-01-21,1385.7773,1425.5332,1382.9376,1425.5332,1217821
2015-01-22,1419.8538,1447.3043,1417.9606,1438.7852,1598941
2015-01-23,1442.5714,1459.6097,1438.7852,1445.4111,919644
2015-01-26,1446.3577,1482.3273,1440.1482,1478.5411,1178342
2015-01-27,1472.8616,1491.4523,1462.4494,1471.9151,1073671
2015-01-28,1478.5411,1503.2465,1473.8082,1496.5259,1325174
2015-01-29,1491.793,1521.1367,1483.2739,1521.1367,1009765
2015-01-30,1523.9764,1538.1749,1498.419,1506.9381,1692402
2015-02-02,1511.671,1515.4573,1475.7014,1488.0068,1164095
2015-02-03,1488.9533,1514.5107,1484.2205,1505.045,966206
2015-02-04,1504.0984,1523.0298,1476.6479,1523.0298,1540915
2015-02-05,1517.3504,1533.3853,1512.6175,1531.5489,983246
2015-02-06,1527.7627,1537.2283,1502.2053,1527.7627,926065
2015-02-09,1521.1367,1521.1367,1490.2407,1502.2053,1335840
2015-02-10,1500.3121,1527.7627,1493.6862,1526.8161,1141840
2015-02-11,1526.8161,1587.3965,1520.1901,1581.7171,2139175
2015-02-12,1575.0911,1597.8088,1563.259,1593.0759,1399077
2015-02-13,1594.9691,1600.391,1555.5624,1569.4117,1004345
2015-02-16,1564.6789,1581.7171,1558.0529,1580.7705,711832
2015-02-17,1575.0911,1588.3431,1569.4117,1585.5034,708661
2015-02-18,1584.5568,1603.4882,1573.198,1591.1828,1077241
2015-02-19,1593.0759,1620.5264,1587.1315,1617.6867,915845
2015-02-20,1599.7019,1609.1676,1576.0377,1603.4882,1778866
2015-02-23,1592.1294,1626.2059,1592.1294,1618.6333,971274
2015-02-24,1618.6333,1622.5142,1517.3504,1561.8391,2472899
2015-02-25,1561.8391,1596.8622,1552.3735,1594.0225,1324573
2015-02-26,1589.2897,1664.0686,1589.2897,1664.0686,3050035
2015-02-27,1658.3892,1681.1069,1651.7632,1669.748,1836106
2015-03-02,1664.0686,1699.0917,1663.122,1674.4809,1758594
2015-03-03,1685.8397,1695.3054,1658.3892,1659.3358,1375679
2015-03-04,1659.3358,1682.0534,1645.1372,1681.1069,946298
2015-03-05,1688.6794,1697.1985,1664.0686,1669.748,1076807
2015-03-06,1663.122,1685.8397,1653.6564,1654.6029,913348
2015-03-09,1647.9769,1656.4961,1625.2593,1647.9769,1210630
2015-03-10,1641.351,1667.8549,1611.0607,1611.0607,1335350
2015-03-11,1611.0607,1630.9387,1600.9892,1623.3661,1185007
2015-03-12,1631.8853,1655.5495,1623.3652,1645.1372,819930
2015-03-13,1644.1907,1659.3358,1629.0456,1647.9769,875306
2015-03-16,1636.6181,1660.2823,1636.6181,1649.8701,939499
2015-03-17,1646.0838,1657.4426,1629.9921,1650.8166,786227
2015-03-18,1647.0304,1670.1853,1643.2441,1665.9618,1563790
2015-03-19,1669.748,1686.7863,1660.2823,1683,1524255
2015-03-20,1679,1695.28,1663.983,1689,1903105
2015-03-23,1681,1699.74,1670,1675,856486
2015-03-24,1676,1726,1673.04,1716,1388785
2015-03-25,1711,1732,1684,1698,2161668
2015-03-26,1686,1699,1672,1698,1408285
2015-03-27,1702,1728,1664,1667,1580821
2015-03-30,1683,1696,1628.18,1647,1284860
2015-03-31,1652,1696,1647,1663,1720613
2015-04-01,1662,1681.288,1641,1647,1198512
2015-04-02,1630,1662,1615,1650,969235
2015-04-07,1662,1683,1660.829,1681,1039947
2015-04-08,1676,1688.45,1651.2,1680,1799244
2015-04-09,1688,1735,1682.32,1733,1010225
2015-04-10,1740,1765,1730,1757,1128737
2015-04-13,1749,1763,1726,1761,1076278
2015-04-14,1753,1765,1736,1749,764754
2015-04-15,1759,1762,1742,1760,786381
2015-04-16,1767,1767,1719,1733,1246920
2015-04-17,1737,1764.558,1721,1733,1048965
2015-04-20,1742,1753,1695,1716,2225560
2015-04-21,1733,1765,1725.546,1761,1203811
2015-04-22,1765,1779,1735.44,1752,1090491
2015-04-23,1752,1767,1720,1756,2253608
2015-04-24,1765,1779,1745,1759,1240637
2015-04-27,1759,1764,1726.3,1760,927755
2015-04-28,1760,1765,1704.85,1723,884988
2015-04-29,1732,1745,1674,1682,1106122
2015-04-30,1682,1710,1663.92,1700,1831580
2015-05-01,1698,1702,1652,1691,625228
2015-05-05,1717,1718,1647.44,1655,1874088
2015-05-06,1646,1663,1628,1638,2016796
2015-05-07,1624,1658,1604,1653,1672957
2015-05-08,1750,1900,1614.773,1746,3392815
2015-05-11,1748,1783.56,1735,1768,1411201
2015-05-12,1752,1761.72,1734,1748,1477768
2015-05-13,1758,1832,1754,1820,2191140
2015-05-14,1815,1830,1801,1828,1619365
2015-05-15,1835,1874,1834.8,1848,1388103
2015-05-18,1850,1876.36,1847,1874,1146990
2015-05-19,1877,1915,1877,1900,1029189
2015-05-20,1900,1929,1886,1924,1187851
2015-05-21,1919,1928,1903,1925,877385
2015-05-22,1931,1943,1914,1936,805698
2015-05-26,1930,1961,1919,1930,1229041
2015-05-27,1928,1963,1928,1958,1052478
2015-05-28,1962,1995,1956,1966,1308085
2015-05-29,1975,1988,1942,1962,1590599
2015-06-01,1964,1987,1953.44,1974,1419347
2015-06-02,1987,1991,1947,1953,1505580
2015-06-03,1968,1982.2,1952,1970,1360072
2015-06-04,1970,1975,1937,1945,1439011
2015-06-05,1936,1936,1897,1910,975546
2015-06-08,1912,1922,1898,1898,744550
2015-06-09,1901,1906.56,1877,1895,1068880
2015-06-10,1887,1959,1887,1955,1411023
2015-06-11,1960,1988,1946.88,1980,892904
2015-06-12,1976,1977,1951.36,1970,938574
2015-06-15,1958,1959,1919,1927,903400
2015-06-16,1918,1959,1903.44,1959,1393857
2015-06-17,1965,1999,1959,1991,1195548
2015-06-18,1980,1994,1964.504,1991,736580
2015-06-19,1987,2010,1983,1998,1208665
2015-06-22,2031,2051,2009.76,2051,1171186
2015-06-23,2066,2072.46,2030,2030,961788
2015-06-24,2027,2029.56,1987,1990,1759001
2015-06-25,1990,2017,1981.44,2015,1481247
2015-06-26,2000,2013,1978,1981,1228993
2015-06-29,1918,1993,1910.114,1966,1404476
2015-06-30,1961,1989,1939,1975,1593843
2015-07-01,1994,2039,1984.66,2016,1215273
2015-07-02,2017,2027,1988,2024,1111577
2015-07-03,2014,2032,2008,2020,546122
2015-07-06,2000,2026,1990,2009,1426375
2015-07-07,2014,2015,1965,1968,1051583
2015-07-08,1975,1977,1858,1876,2249868
2015-07-09,1879,1985,1879,1954,1774840
2015-07-10,1982,1993,1950,1988,821758
2015-07-13,2019,2029,1997,2014,989284
2015-07-14,2019,2020,1952,1983,1010138
2015-07-15,1978,2004,1965,2000,832750
2015-07-16,2008,2015,1997,2006,579218
2015-07-17,2016,2016,1972,1978,940379
2015-07-20,1978,1992.936,1975,1984,924377
2015-07-21,1982,1985.48,1944,1945,886047
2015-07-22,1936,1961,1923,1958,1232816
2015-07-23,1977,1987,1966,1987,1148145
2015-07-24,1983,1987,1948,1953,845468
2015-07-27,1936,1953,1903.816,1913,925852
2015-07-28,1910,1946.48,1908,1941,1465719
2015-07-29,1953,1981,1934,1974,960164
2015-07-30,1981,1997,1961,1986,865553
2015-07-31,1998,2047,1991.04,2047,1416673
2015-08-03,2042,2048,2017,2030,883888
2015-08-04,2030,2039,2013,2033,634211
2015-08-05,2037,2055,2024,2054,876977
2015-08-06,2056,2103,2035.52,2089,1127162
2015-08-07,2082,2088,2043,2084,954143
2015-08-10,2095,2114,2075,2106,898978
2015-08-11,2106,2106,2074,2089,1165682
2015-08-12,2066,2073,2031,2052,1173539
2015-08-13,2078,2094,2054,2075,888985
2015-08-14,2082,2109,2079,2105,776782
2015-08-17,2126,2137.757,2080,2121,837163
2015-08-18,2129,2156,2065,2084,1655246
2015-08-19,2085,2149,2070,2135,1485871
2015-08-20,2117,2142,2104,2118,1018379
2015-08-21,2085,2111,2042,2045,1330366
2015-08-24,1975,2000,1921,1967,1792717
2015-08-25,1984,2060,1968,2058,1912844
2015-08-26,2036,2043,1989,2003,2108199
2015-08-27,2047,2060,2026,2060,1357949
2015-08-28,2060,2103.631,2043,2103,1339736
2015-09-01,2062,2087,2006,2042,1558754
2015-09-02,2041,2087,2019,2083,1210262
2015-09-03,2097,2136,2097,2105,1144649
2015-09-04,2074,2082,2050,2071,1135375
2015-09-07,2091,2101,2050.44,2074,640988
2015-09-08,2083,2103.8,2077,2083,1167864
2015-09-09,2126,2132,2092,2100,966211
2015-09-10,2079,2135,2078.88,2124,906409
2015-09-11,2123,2129,2082,2111,888053
2015-09-14,2117,2139,2091,2100,741544
2015-09-15,2106,2110.12,2072,2085,699847
2015-09-16,2102,2106,2073,2081,754869
2015-09-17,2087,2099,2069,2082,844429
2015-09-18,2077,2100,2061.447,2077,1078467
2015-09-21,2066,2113,2066,2085,1409810
2015-09-22,2082,2095,2036.36,2041,1371033
2015-09-23,2040,2081,2025,2074,757236
2015-09-24,2075,2100,2073,2090,767413
2015-09-25,2124,2131.05,2105,2130,604229
2015-09-28,2122,2133,2107,2109,1009873
2015-09-29,2085,2085,1998,1999,1304885
2015-09-30,2038,2043,1998,2008,1358457
2015-10-01,2021,2041,2021,2037,749890
2015-10-02,2041,2067,1975,2003,903577
2015-10-05,2033,2055.708,2025,2051,851635
2015-10-06,2060,2074,2037,2049,917339
2015-10-07,2062,2086,1985,1989,1181198
2015-10-08,1996,2011.8,1990,2004,716489
2015-10-09,2022,2034,1941,1947,1261953
2015-10-12,1950,1962,1905.3,1936,1050653
2015-10-13,1943,1975,1935,1968,973390
2015-10-14,1953,1955.311,1901,1907,798607
2015-10-15,1918,1958,1902.1,1953,873159
2015-10-16,1953,1962,1931,1956,996562
2015-10-19,1959,1970,1949,1970,525520
2015-10-20,1969,1994,1958,1979,776532
2015-10-21,1991,2007,1975,1990,910672
2015-10-22,1993,1998,1965,1970,957179
2015-10-23,1981,2024,1969,2024,944429
2015-10-26,2020,2037,1982,2032,849597
2015-10-27,2029,2039,2003,2005,706789
2015-10-28,2013,2030,1998,2008,761207
2015-10-29,2011,2019,1972,1984,790403
2015-10-30,1989,2002,1966.64,1994,726936
2015-11-02,1969,1988,1943,1968,838415
2015-11-03,1955,1961.8,1910.312,1921,1235107
2015-11-04,1941,1949.84,1857,1859,2297977
2015-11-05,1868,1925,1859,1900,2271244
2015-11-06,1895,1921,1880,1880,1489284
2015-11-09,1875,1882,1820,1859,1774253
2015-11-10,1870,1892,1842,1875,1231270
2015-11-11,1874,1883,1832.505,1857,1174759
2015-11-12,1857,1875,1840,1847,841908
2015-11-13,1845,1854,1799,1806,920897
2015-11-16,1802,1836,1797,1826,1390291
2015-11-17,1846,1884,1843,1865,1013869
2015-11-18,1860,1871,1843,1865,779118
2015-11-19,1874,1875,1826,1840,1329338
2015-11-20,1853,1867,1829,1832,994802
2015-11-23,1827,1836,1815,1816,695528
2015-11-24,1817,1819.12,1772,1782,957533
2015-11-25,1794,1896,1794,1836,3059656
2015-11-26,1846,1869,1816,1865,1637770
2015-11-27,1850,1879,1846.068,1877,486478
2015-11-30,1877,1918,1855,1915,1266532
2015-12-01,1927,1950,1917,1926,1073517
2015-12-02,1927,1943,1920.24,1942,719527
2015-12-03,1944,1982,1921,1926,922004
2015-12-04,1920,1957,1911.8,1944,1165900
2015-12-07,1944,1983,1944,1971,866520
2015-12-08,1971,1979,1941,1951,803328
2015-12-09,1949,1968,1943,1943,1010035
2015-12-10,1933,1947,1930,1938,891556
2015-12-11,1928,1944,1903.9,1907,761814
2015-12-14,1917,1942.9,1902,1903,814552
2015-12-15,1922,1978,1911,1970,954387
2015-12-16,1970,1979,1942,1952,2855381
2015-12-17,1984,1992,1938,1954,961754
2015-12-18,1947,1955,1929.3,1945,1146589
2015-12-21,1944,1972,1939.201,1944,519654
2015-12-22,1962,1972,1950,1969,501693
2015-12-23,1984,1988.2,1951,1985,459216
2015-12-24,1996,1996,1966,1973,91103
2015-12-29,1985,2041,1982,2040,691370
2015-12-30,2030,2051,2023,2038,531194
2015-12-31,2045,2057.05,2025,2027,204291
2016-01-04,2002,2009.56,1974.9,1991,851715
2016-01-05,2000,2019,1988.144,2003,730367
2016-01-06,2004,2022,1942,1965,1225117
2016-01-07,1923,1972,1915,1962,1499287
2016-01-08,1963,1997,1961,1992,1184324
2016-01-11,1992,2017.74,1947,1991,1022174
2016-01-12,2004,2036,2002.8,2009,1254815
2016-01-13,2026,2036,2007,2009,841143
2016-01-14,1986,1994,1935,1940,1161606
2016-01-15,1940,1977,1902,1917,1277717
2016-01-18,1914,1932,1869,1884,762810
2016-01-19,1909,1971,1879.882,1957,1350050
2016-01-20,1930,1960.315,1883,1892,1201331
2016-01-21,1900,1918,1864,1904,962903
2016-01-22,1939,1942,1895.038,1911,765617
2016-01-25,1926,1950,1909,1948,583246
2016-01-26,1935,1959,1924.981,1954,777084
2016-01-27,1952,1998,1946,1998,882798
2016-01-28,1985,2004,1956,1970,896986
2016-01-29,1995,2036,1975,2036,1079752
2016-02-01,2045,2067,2024,2067,768739
2016-02-02,2064,2070,2035,2067,1215802
2016-02-03,2068,2102,2035,2042,1768725
2016-02-04,2063,2072,2031,2039,958881
2016-02-05,2036,2061,1965,1965,1317268
2016-02-08,1979,1980,1848.058,1859,1252119
2016-02-09,1855,1901,1837,1878,1802891
2016-02-10,1897,1932.505,1857,1912,1042798
2016-02-11,1909,1909,1852,1872,1383478
2016-02-12,1879,1896,1844,1895,1946544
2016-02-15,1929,1948,1918,1928,878831
2016-02-16,1940,1967,1924,1952,936827
2016-02-17,1953,2001,1953,1998,834104
2016-02-18,2004,2053,1991,2045,1804098
2016-02-19,2043,2073,2035,2062,1330825
2016-02-22,2084,2096.44,1970,1973,1706395
2016-02-23,2065,2085,2029,2029,2296494
2016-02-24,2050,2089,2045,2075,1562511
2016-02-25,2103,2137,2049,2137,1921390
2016-02-26,2156,2226,2146,2219,1552716
2016-02-29,2208,2227,2181,2184,1942148
2016-03-01,2180,2219,2167,2214,1396151
2016-03-02,2230,2255,2108,2144,1916016
2016-03-03,2057,2057,1980.5,1998,1473728
2016-03-04,2002,2009,1960,1992,1322364
2016-03-07,1981,2032,1979,1994,1158562
2016-03-08,1974,2084.069,1960.807,1968,1066670
2016-03-09,1968,2012.734,1963,1999,979947
2016-03-10,2002,2010,1952,1953,2112777
2016-03-11,1977,1995,1965,1990,739885
2016-03-14,1994,2047,1994,2034,819193
2016-03-15,2029,2039,2011,2026,750725
2016-03-16,2035,2092,2031,2074,807512
2016-03-17,2098,2145,2079,2113,1417652
2016-03-18,2104,2119,2071,2087,1610236
2016-03-21,2073,2096,2067,2079,592978
2016-03-22,2076,2086.055,2049,2076,1096474
2016-03-23,2076,2107,2076,2107,860277
2016-03-24,2091,2111,2073,2077,924362
2016-03-29,2088,2105,2066,2105,891145
2016-03-30,2123,2134,2065,2102,1088533
2016-03-31,2098,2105,2077,2085,1263825
2016-04-01,2068,2123,2056,2108,1023047
2016-04-04,2106,2123,2091.3,2107,558086
2016-04-05,2102,2141,2091,2123,883210
2016-04-06,2128,2140,2096,2134,1122356
2016-04-07,2130,2144,2062,2072,969988
2016-04-08,2073,2094,2057,2064,785379
2016-04-11,2056,2063,1994,1995,874050
2016-04-12,1989,1995,1938,1960,1724141
2016-04-13,1993,2029,1985,2021,1363690
2016-04-14,2021,2025,1881,1900,2755433
2016-04-15,1908,1908,1857,1870,1438276
2016-04-18,1861,1899.8,1860,1868,839572
2016-04-19,1874,1877,1847,1859,1814019
2016-04-20,1858,1880,1844,1865,1505898
2016-04-21,1861,1882,1833,1882,1396542
2016-04-22,1897,1931,1882,1892,1316373
2016-04-25,1896,1925,1894,1919,1026468
2016-04-26,1928,1975,1919.588,1969,1470991
2016-04-27,1972,2002,1945,2000,1260498
2016-04-28,1999,2010,1977,1999,864444
2016-04-29,1983,2004,1974,1987,1033837
2016-05-03,1989,2000,1967,1976,831623
2016-05-04,1982,1998,1964,1969,767090
2016-05-05,1971,1981,1947,1950,422358
2016-05-06,1952,1961,1936,1951,781550
2016-05-09,1965,1984,1959,1969,513333
2016-05-10,1982,1997,1952,1963,834623
2016-05-11,1957,1989,1949.273,1957,673007
2016-05-12,1951,1973,1933,1951,648743
2016-05-13,1949,1964,1920,1961,679895
2016-05-16,1946,1980,1946,1980,532240
2016-05-17,1983,2038,1983,2010,1193604
2016-05-18,2012,2055,1999,2030,1194922
2016-05-19,2011,2042,2010,2027,971267
2016-05-20,2029,2103,2018,2090,927944
2016-05-23,2094,2106,2083,2084,1870757
2016-05-24,2079,2151,2066,2144,1101076
2016-05-25,2160,2166,2089,2113,1131690
2016-05-26,2104,2125,2100,2121,667211
2016-05-27,2121,2127,2097,2112,656564
2016-05-31,2116,2128,2095,2102,1227331
2016-06-01,2094,2098,2034,2038,1239033
2016-06-02,2035,2080.37,2022,2072,911298
2016-06-03,2076,2083,2040,2057,699230
2016-06-06,2054,2060,2009,2027,907251
2016-06-07,2027,2041,1999,2011,1359791
2016-06-08,1998,2028,1994.059,2024,961062
2016-06-09,2011,2026,1929,2019,815906
2016-06-10,2015,2023,1971,1976,645150
2016-06-13,1964,1971,1930.625,1939,801429
2016-06-14,1938,1955,1889,1889,1143916
2016-06-15,1907,1923,1892,1904,1593588
2016-06-16,1882,1916,1868,1868,1067798
2016-06-17,1875,1945,1872,1942,1939600
2016-06-20,1980,2058,1980,2056,1374456
2016-06-21,2049,2081,2017.558,2046,990701
2016-06-22,2061,2094.85,2052,2086,1548590
2016-06-23,2091,2128,2068,2098,1166645
2016-06-24,1250,1783,1249.813,1520,7396150
2016-06-27,1494,1520,1170,1310,8173145
2016-06-28,1360,1423,1306.268,1344,5483964
2016-06-29,1365,1444,1348,1444,3903614
2016-06-30,1441,1447,1383,1447,3299895
2016-07-01,1455,1546,1433,1540,2507091
2016-07-04,1550,1559.582,1435,1435,2791701
2016-07-05,1458,1459.055,1326,1332,3674857
2016-07-06,1329,1340.056,1282,1289,4637173
2016-07-07,1311,1397,1300,1337,4446925
2016-07-08,1334,1429,1328,1420,4846810
2016-07-11,1432,1531,1430.8,1521,4401814
2016-07-12,1548,1602,1514.72,1548,3552215
2016-07-13,1537,1566,1490.166,1553,2508886
2016-07-14,1568,1595,1530,1549,2597802
2016-07-15,1552,1588,1536,1571,2266026
2016-07-18,1578,1618,1560,1605,1704630
2016-07-19,1600,1622,1580.56,1611,1639788
2016-07-20,1617,1659,1601,1650,2175137
2016-07-21,1649,1658,1614.047,1633,1470641
2016-07-22,1623,1630,1584,1598,1536146
2016-07-25,1598,1635,1590,1628,1218309
2016-07-26,1635,1635,1573.553,1588,1563755
2016-07-27,1602,1695,1601,1681,1741806
2016-07-28,1688,1715,1656,1683,2681772
2016-07-29,1694,1700,1678,1687,1341232
2016-08-01,1715,1719,1628.541,1640,1067843
2016-08-02,1629,1692,1599.636,1682,2091369
2016-08-03,1679,1688,1633.347,1636,1732019
2016-08-04,1631,1699.64,1621,1672,2350350
2016-08-05,1673,1732,1659,1723,1917321
2016-08-08,1728,1762,1693,1694,1343168
2016-08-09,1692,1722,1667,1702,1219928
2016-08-10,1693,1706.436,1674,1695,1126000
2016-08-11,1705,1705,1639.184,1697,1535351
2016-08-12,1690,1721,1672,1712,1302174
2016-08-15,1747,1759,1692,1733,1310953
2016-08-16,1711,1754,1711,1736,868037
2016-08-17,1740,1759,1725,1748,1572137
2016-08-18,1761,1813,1753,1777,1509242
2016-08-19,1782,1782,1734,1748,1048009
2016-08-22,1756,1801,1746,1794,1189838
2016-08-23,1830,1884,1814,1870,2537152
2016-08-24,1863,1936,1861,1911,1695529
2016-08-25,1901,1911,1858,1881,1754502
2016-08-26,1882,1910,1869,1883,1085871
2016-08-30,1879,1892,1798,1833,1929155
2016-08-31,1819,1847,1781,1824,2134196
2016-09-01,1834,1900,1829,1870,1836254
2016-09-02,1874,1879,1797,1860,2137261
2016-09-05,1860,1876,1829,1838,1229174
2016-09-06,1844,1893,1834,1870,1588139
2016-09-07,1868,1881,1811,1832,2095398
2016-09-08,1827,1866,1827,1853,1281107
2016-09-09,1842,1865,1804,1816,1370661
2016-09-12,1784,1804,1771,1795,1060233
2016-09-13,1815,1822,1784.835,1790,815887
2016-09-14,1795,1799,1747.86,1748,1139227
2016-09-15,1738,1779,1723.373,1772,1578274
2016-09-16,1772,1786,1741,1748,1703090
2016-09-19,1771,1779,1758.9,1772,733860
2016-09-20,1775,1775,1746,1766,1386334
2016-09-21,1779,1824,1778,1781,1308681
2016-09-22,1796,1820,1787,1797,952700
2016-09-23,1826,1883,1818,1838,1637488
2016-09-26,1829,1841.2,1764,1764,1525356
2016-09-27,1785,1787.575,1761,1784,1228464
2016-09-28,1787,1816,1787,1806,1216522
2016-09-29,1811,1826,1740.64,1741,2253194
2016-09-30,1718,1815,1711,1815,2111819
2016-10-03,1810,1854,1800.6,1821,1799149
2016-10-04,1831,1893,1829,1859,2453847
2016-10-05,1851,1864.793,1838,1842,1130207
2016-10-06,1844,1853,1812,1823,1310401
2016-10-07,1824,1824,1726,1753,2767494
2016-10-10,1764,1772.723,1690.15,1701,2375805
2016-10-11,1696,1749,1674.338,1728,1730584
2016-10-12,1738,1760.08,1683,1691,1505665
2016-10-13,1691,1762,1664,1723,1704932
2016-10-14,1721,1740,1698,1706,1228918
2016-10-17,1699,1707,1661.85,1664,1464751
2016-10-18,1676,1725,1669.496,1721,1335036
2016-10-19,1723,1788.563,1719.642,1778,1609743
2016-10-20,1780,1792,1742.72,1755,1257473
2016-10-21,1755,1761.108,1730.84,1731,1045943
2016-10-24,1740,1754,1716,1716,884701
2016-10-25,1719,1726,1688,1693,867189
2016-10-26,1687,1692,1649,1692,1477178
2016-10-27,1680,1697,1648,1671,1942535
2016-10-28,1669,1727.12,1650,1714,2224937
2016-10-31,1711,1721,1684,1694,1288220
2016-11-01,1697,1741,1693,1737,1347457
2016-11-02,1731,1776,1721,1751,1430383
2016-11-03,1742,1802,1715,1758,1920783
2016-11-04,1753,1757.252,1668,1677,2753281
2016-11-07,1704,1704,1651,1688,1938887
2016-11-08,1664,1690,1652,1663,1489017
2016-11-09,1600,1718,1600,1717,1958648
2016-11-10,1734,1759,1666,1680,2029698
2016-11-11,1680,1719,1666,1687,1276637
2016-11-14,1705,1745,1700,1739,2607760
2016-11-15,1751,1770,1720.446,1738,1027282
2016-11-16,1734,1749.45,1697,1710,1660414
2016-11-17,1714,1763,1702,1763,1964617
2016-11-18,1769,1794,1761,1774,1452727
2016-11-21,1771,1786.45,1733.456,1748,722609
2016-11-22,1766,1800,1758,1778,883420
2016-11-23,1775,1808,1714,1746,1981872
2016-11-24,1758,1761,1728,1729,558084
2016-11-25,1737,1738,1698,1705,702378
2016-11-28,1705,1711,1683,1691,1274999
2016-11-29,1693,1731,1686.765,1724,1120997
2016-11-30,1728,1729,1697,1700,1762439
2016-12-01,1690,1709,1677,1704,1325174
2016-12-02,1690,1726,1681,1696,1656483
2016-12-05,1691,1728,1690.48,1704,756226
2016-12-06,1680,1714,1668,1710,963548
2016-12-07,1723,1731.114,1702,1729,1185816
2016-12-08,1730,1753,1726,1737,1373294
2016-12-09,1738,1756,1705,1716,948742
2016-12-12,1712,1714,1666,1667,1310342
2016-12-13,1677,1703,1666,1699,1155700
2016-12-14,1691,1697,1646,1688,2149777
2016-12-15,1691,1730.16,1677,1727,1768526
2016-12-16,1721,1728,1704,1706,1308918
2016-12-19,1712,1732.207,1706,1720,892489
2016-12-20,1724,1752.28,1718,1735,831629
2016-12-21,1732,1750,1722,1747,868079
2016-12-22,1747,1768.5,1733,1763,936080
2016-12-23,1764,1774,1753,1765,249057
2016-12-28,1764,1764,1735,1744,776400
2016-12-29,1729,1755,1728,1746,802138
2016-12-30,1741,1781.849,1739,1776,661070
2017-01-03,1777,1787,1744.585,1760,1143349
2017-01-04,1754,1823,1754,1810,1998512
2017-01-05,1835,1943,1834,1940,3624523
2017-01-06,1953,1971,1930.021,1934,1872999
2017-01-09,1935,1955,1914,1939,1188958
2017-01-10,1938,1994,1932,1989,1584485
2017-01-11,1992,2010,1978,1981,1197222
2017-01-12,1964,1980,1951,1970,1069369
2017-01-13,1983,2015.606,1962.446,1997,1148438
2017-01-16,1990,1990,1961,1968,974800
2017-01-17,1958,2014,1935.36,1995,1373121
2017-01-18,1994,1999,1946,1974,1233956
2017-01-19,1969,1991,1941,1955,965925
2017-01-20,1948,1969,1920.5,1932,924191
2017-01-23,1921,1961,1919,1944,1796290
2017-01-24,1944,1949,1909,1921,1159109
2017-01-25,1927,1937,1897,1897,989162
2017-01-26,1897,1910,1884,1886,822907
2017-01-27,1892,1917,1884,1917,1874812
2017-01-30,1899,1924,1898,1920,1191470
2017-01-31,1923,1935.25,1915,1929,1289471
2017-02-01,1940,1952,1923,1951,985352
2017-02-02,1955,1972,1942,1965,1053394
2017-02-03,1958,1986.8,1958,1971,967920
2017-02-06,1962,1972.48,1932,1938,840316
2017-02-07,1939,2002,1934,1957,1756283
2017-02-08,1966,2036,1962,2016,1773952
2017-02-09,2020,2026,1976,1988,1281381
2017-02-10,1984,2011,1974,1976,1016983
2017-02-13,1988,1996.5,1973.397,1991,1838813
2017-02-14,1989,2017.021,1978,2012,1724974
2017-02-15,2011,2033,2003,2021,1392642
2017-02-16,2021,2033,2001,2012,827068
2017-02-17,2018,2024,1983,2011,962524
2017-02-20,2000,2017,1992,2002,1627890
2017-02-21,2003,2043,2003,2023,1095313
2017-02-22,2046,2052,2024,2026,1813905
2017-02-23,2026,2032,2000,2010,955531
2017-02-24,2008,2031,1993,2025,999556
2017-02-27,2060,2078,2007,2030,1788136
2017-02-28,2050,2078,2012.744,2061,2376604
2017-03-01,2075,2160,2058,2150,1998741
2017-03-02,2142,2150.434,2102,2108,2690853
2017-03-03,2102,2109,2073,2080,1791200
2017-03-06,2079,2119,2074,2112,1478587
2017-03-07,2114,2142,2112,2118,1319374
2017-03-08,2106,2142.321,2100,2119,1394243
2017-03-09,2094,2125,2086,2118,1767490
2017-03-10,2124,2124,2097,2108,1362627
2017-03-13,2123,2144,2101.5,2118,1097396
2017-03-14,2121,2121.049,2082,2097,961160
2017-03-15,2100,2100,2051,2073,1168902
2017-03-16,2081,2089,2046,2088,1101814
2017-03-17,2080,2123,2080,2107,1587669
2017-03-20,2108,2124,2093,2121,837155
2017-03-21,2120,2124,2081.7,2102,1619312
2017-03-22,2096,2100,2066,2099,1154058
2017-03-23,2110,2136,2100.64,2112,1726164
2017-03-24,2107,2112,2078,2083,877222
2017-03-27,2079,2096,2058,2088,789031
2017-03-28,2100,2100,2072,2097,1756315
2017-03-29,2103,2117,2070,2098,1178995
2017-03-30,2108,2116,2088.767,2101,621581
2017-03-31,2088,2103,2060,2094,1559649
2017-04-03,2111,2111,2074,2087,1221057
2017-04-04,2077,2103,2074,2099,1299682
2017-04-05,2097,2105,2069.89,2100,1434120
2017-04-06,2079,2145.172,2079,2145,1708799
2017-04-07,2151,2159,2127,2146,875804
2017-04-10,2142,2185,2142,2178,1257440
2017-04-11,2192,2226,2179,2210,1541515
2017-04-12,2216,2227,2175,2187,1703719
2017-04-13,2192,2225,2180,2221,971065
2017-04-18,2233,2247,2199,2242,1384677
2017-04-19,2242,2302,2242,2297,1980139
2017-04-20,2293,2299,2260.566,2276,2390545
2017-04-21,2271,2285,2247,2256,1871112
2017-04-24,2292,2299.16,2273.984,2284,837213
2017-04-25,2290,2300,2265,2267,1257399
2017-04-26,2271,2299,2260.8,2286,1424202
2017-04-27,2282,2351,2280,2340,1806798
2017-04-28,2342,2344,2318,2330,1684811
2017-05-02,2333,2390,2325,2390,1792187
2017-05-03,2378,2384,2350.38,2355,1311882
2017-05-04,2354,2391,2334,2387,1121553
2017-05-05,2381,2397.5,2374,2391,872509
2017-05-08,2393,2423,2388,2413,1358222
2017-05-09,2413,2424.3,2397,2402,1356123
2017-05-10,2405,2449,2405,2411,1187406
2017-05-11,2406,2420,2382,2405,1178373
2017-05-12,2396,2413,2357,2360,1444316
2017-05-15,2362,2398,2342,2394,1506934
2017-05-16,2398,2416,2382,2401,1135611
2017-05-17,2400,2435,2390,2430,1290307
2017-05-18,2429,2451,2410,2422,1540651
2017-05-19,2417,2475,2414,2431,1397270
2017-05-22,2425,2458,2409.7,2458,1301854
2017-05-23,2460,2467,2443,2456,1208662
2017-05-24,2459,2474,2448,2460,1304168
2017-05-25,2465,2471,2439,2462,770328
2017-05-26,2463,2474,2433,2443,1116558
2017-05-30,2428,2455,2412,2453,1031624
2017-05-31,2462,2481,2443,2455,1743107
2017-06-01,2469,2480,2402,2404,1203697
2017-06-02,2420,2429.59,2390,2398,1418444
2017-06-05,2395,2404,2370,2397,1917770
2017-06-06,2384,2410,2333,2345,1420499
2017-06-07,2344,2400,2344,2393,1575881
2017-06-08,2400,2411,2368,2411,1595298
2017-06-09,2390,2390,2302.64,2379,3385594
2017-06-12,2372,2383,2363,2375,1296160
2017-06-13,2380,2412,2378,2391,1711836
2017-06-14,2410,2442,2405,2422,1559502
2017-06-15,2311,2317,2214,2259,2583778
2017-06-16,2261,2287.5,2251,2275,2340450
2017-06-19,2282,2307,2276,2278,1353717
2017-06-20,2290,2329,2275,2276,1119967
2017-06-21,2284,2297,2244,2258,1211710
2017-06-22,2259,2275,2244,2273,1123419
2017-06-23,2278,2287,2266,2278,791490
2017-06-26,2286,2315,2274,2274,800078
2017-06-27,2279,2284,2230,2271,1294497
2017-06-28,2277,2305,2251,2274,1207588
2017-06-29,2278,2291,2229,2231,1132308
2017-06-30,2235,2265,2228,2242,1339742
2017-07-03,2263,2267,2243,2266,1042192
2017-07-04,2270,2306,2257,2291,1137538
2017-07-05,2374,2405,2325,2345,2267425
2017-07-06,2377,2378,2319,2374,1525403
2017-07-07,2378,2389,2343,2366,1030674
2017-07-10,2381,2391,2349,2375,1424005
2017-07-11,2376,2384,2338,2352,1498189
2017-07-12,2373,2381,2331,2349,1492062
2017-07-13,2369,2400,2312,2399,1555485
2017-07-14,2386,2414,2356,2362,1054309
2017-07-17,2366,2386,2362,2369,895824
2017-07-18,2371,2386,2341,2386,1323525
2017-07-19,2403,2442,2390,2442,1121921
2017-07-20,2452,2465,2429,2462,1211618
2017-07-21,2463,2463,2429,2461,1012705
2017-07-24,2448,2454,2411,2421,1323869
2017-07-25,2428,2452,2412,2441,1257283
2017-07-26,2445,2480,2442,2473,1102583
2017-07-27,2475,2516,2470,2496,1079587
2017-07-28,2484,2491,2461,2483,801377
2017-07-31,2485,2511,2465,2504,908180
2017-08-01,2519,2537,2507,2529,1070931
2017-08-02,2535,2545,2518,2535,913142
2017-08-03,2539,2568,2525,2566,903001
2017-08-04,2560,2560,2388,2464,3869748
2017-08-07,2490,2519,2463,2519,1639051
2017-08-08,2522,2525,2500,2520,1053952
2017-08-09,2516,2536,2488,2536,1235629
2017-08-10,2519,2523,2450.28,2462,1676980
2017-08-11,2452,2501.5,2428,2501,1125222
2017-08-14,2501,2526,2500,2514,1017908
2017-08-15,2525,2528,2497,2502,957766
2017-08-16,2505,2541,2505,2536,892332
2017-08-17,2539,2576,2520,2532,816438
2017-08-18,2526,2542,2504,2521,1133014
2017-08-21,2511,2576.74,2511,2556,1658157
2017-08-22,2612,2650,2571,2601,2293057
2017-08-23,2578,2589,2547,2580,1216640
2017-08-24,2595,2645,2569.76,2631,1579540
2017-08-25,2632,2643,2615.42,2616,1586599
2017-08-29,2605,2626.07,2587,2608,1051961
2017-08-30,2626,2632,2610,2621,1251110
2017-08-31,2633,2669,2629,2659,1466701
2017-09-01,2651,2656,2636,2636,1248047
2017-09-04,2632,2642,2602,2608,765494
2017-09-05,2615,2627,2610,2624,1315822
2017-09-06,2620,2621,2552,2561,1939120
2017-09-07,2570,2592,2540,2589,1049468
2017-09-08,2587,2588,2517,2540,1472821
2017-09-11,2555,2570,2539,2555,1136508
2017-09-12,2517,2519,2468,2503,1696455
2017-09-13,2500,2519,2481,2515,1626368
2017-09-14,2520,2532,2431,2436,2312722
2017-09-15,2430,2455,2421,2440,2728718
2017-09-18,2446,2463,2425.52,2449,893990
2017-09-19,2443,2493,2441,2485,2105335
2017-09-20,2488,2523,2486.24,2515,1912930
2017-09-21,2515,2523,2471,2475,1729627
2017-09-22,2471,2491,2453,2484,989957
2017-09-25,2472,2498,2471.96,2490,814617
2017-09-26,2492,2499,2476,2489,1255988
2017-09-27,2499,2526,2487,2515,1585871
2017-09-28,2522,2529,2497,2529,1250031
2017-09-29,2540,2596,2540,2582,2052351
2017-10-02,2620,2692,2620,2690,2916881
2017-10-03,2680,2699,2655,2685,1422659
2017-10-04,2684,2689.075,2653.95,2688,1631827
2017-10-05,2684,2734,2677,2706,1617499
2017-10-06,2717,2717.992,2697,2707,714734
2017-10-09,2698,2707,2692,2698,712932
2017-10-10,2712,2761,2705,2761,2274771
2017-10-11,2754,2782,2743,2778,1447878
2017-10-12,2765,2791,2754,2780,2076898
2017-10-13,2780,2808.123,2765,2807,2100177
2017-10-16,2807,2832,2779,2822,1916041
2017-10-17,2831,2852.38,2785.31,2791,1804291
2017-10-18,2802,2845,2790,2840,1273326
2017-10-19,2844,2847,2811,2833,1513376
2017-10-20,2844,2851,2831,2849,1623056
2017-10-23,2838,2861,2834,2857,1208437
2017-10-24,2854,2884.32,2851,2871,1152871
2017-10-25,2877,2901,2848,2872,1611920
2017-10-26,2882,2890,2858,2890,1021592
2017-10-27,2897,2897,2813,2831,1818966
2017-10-30,2762,2816,2737,2813,1997103
2017-10-31,2805,2825,2784,2802,1357507
2017-11-01,2808,2865,2795.061,2858,1777969
2017-11-02,2844,2856,2795,2838,1595020
2017-11-03,2841,2849,2817.812,2831,1017832
2017-11-06,2821,2879,2821,2870,1163954
2017-11-07,2880,2891,2851,2874,1499491
2017-11-08,2840,2847,2753,2772,2468619
2017-11-09,2755,2756,2657,2662,2959558
2017-11-10,2664,2697,2646,2673,1865916
2017-11-13,2684,2689,2646,2657,1569957
2017-11-14,2663,2717,2663,2709,1319043
2017-11-15,2750,2750,2657,2669,1929959
2017-11-16,2683,2711,2665,2678,1376826
2017-11-17,2680,2701,2665,2676,968010
2017-11-20,2679,2711,2669,2684,1021447
2017-11-21,2691,2695.75,2663,2675,1486366
2017-11-22,2679,2691,2596.31,2624,2399332
2017-11-23,2610,2668,2592,2651,1381634
2017-11-24,2651,2652,2539,2556,2155418
2017-11-27,2557,2595,2544,2589,1399529
2017-11-28,2584,2589,2525.62,2540,2396688
2017-11-29,2553,2625,2552,2591,2336287
2017-11-30,2595,2602,2513,2540,4283211
2017-12-01,2526,2583,2515,2552,1472403
2017-12-04,2578,2591,2558,2566,859803
2017-12-05,2595,2633,2586,2602,1842400
2017-12-06,2600,2629,2572,2604,980896
2017-12-07,2613,2628,2582,2606,1026934
2017-12-08,2622,2694,2617,2671,1962584
2017-12-11,2681,2686,2660,2682,1140743
2017-12-12,2686,2686,2603,2652,1168665
2017-12-13,2672,2672,2583,2647,1580269
2017-12-14,2646,2683,2641,2652,1271642
2017-12-15,2652,2660,2602,2626,1820795
2017-12-18,2638,2698,2629.75,2685,1082262
2017-12-19,2697,2739,2684,2719,1554373
2017-12-20,2715,2728,2690,2722,1045371
2017-12-21,2714,2714,2665,2701,1044568
2017-12-22,2705,2719,2693.84,2719,399419
2017-12-27,2726,2734,2697,2731,548017
2017-12-28,2740,2754,2716.82,2739,453829
2017-12-29,2730,2745,2711,2738,284290
2018-01-02,2756,2756,2706,2751,766527
2018-01-03,2760,2774,2749,2753,858294
2018-01-04,2768,2789,2749,2754,894800
2018-01-05,2757,2788,2751,2778,814450
2018-01-08,2770,2770,2723,2748,1053714
2018-01-09,2765,2808,2663,2715,1985915
2018-01-10,2701,2701,2606,2673,1669553
2018-01-11,2673,2674,2623,2643,1346333
2018-01-12,2654,2686,2646,2647,905629
2018-01-15,2651,2660,2613,2619,641416
2018-01-16,2618,2643,2606,2621,968851
2018-01-17,2623,2631.5,2599,2610,795538
2018-01-18,2619,2633,2595,2621,762911
2018-01-19,2625,2659,2625,2634,817148
2018-01-22,2627,2641,2619,2630,955801
2018-01-23,2630,2653,2624,2650,774576
2018-01-24,2655,2669,2631,2640,873080
2018-01-25,2635,2636,2588,2602,850535
2018-01-26,2620,2652,2606,2631,737254
2018-01-29,2631,2648,2618,2619,567646
2018-01-30,2605,2608.5,2563,2571,1039917
2018-01-31,2560,2560,2493.444,2502,1678536
2018-02-01,2509,2533,2495,2516,1072946
2018-02-02,2505,2518,2495,2504,855167
2018-02-05,2476,2481,2438,2470,1143198
2018-02-06,2402,2475,2361.294,2435,1409295
2018-02-07,2457,2514,2434,2500,2040165
2018-02-08,2483,2506,2391,2394,1396394
2018-02-09,2379,2413.556,2378,2409,1253248
2018-02-12,2425,2439,2396,2414,875237
2018-02-13,2408,2433,2408,2418,947387
2018-02-14,2435,2457,2391,2410,922552
2018-02-15,2419,2457,2413,2425,769776
2018-02-16,2441,2457,2410,2423,651619
2018-02-19,2431,2449,2409,2425,489911
2018-02-20,2429,2480,2426,2465,677113
2018-02-21,2465,2493,2455,2484,895564
2018-02-22,2472,2488,2435,2456,777879
2018-02-23,2476,2484,2452,2472,694969
2018-02-26,2489,2505,2466,2488,1438323
2018-02-27,2750,2822,2604,2604,5727985
2018-02-28,2619,2630.56,2555,2601,3394877
2018-03-01,2597,2610.981,2571,2583,2106570
2018-03-02,2565,2615.699,2565,2584,1826494
2018-03-05,2598,2672,2583,2642,2273462
2018-03-06,2654,2675,2628,2650,2350855
2018-03-07,2646,2676,2641,2643,1862381
2018-03-08,2518,2561,2515,2548,1845827
2018-03-09,2554,2599.202,2547,2597,1811986
2018-03-12,2603,2610,2568,2584,1329076
2018-03-13,2579,2586,2545,2549,1624733
2018-03-14,2546,2567.58,2535,2550,1283658
2018-03-15,2543,2575,2534.84,2560,920326
2018-03-16,2540,2556,2512.42,2527,1871836
2018-03-19,2528,2553,2516,2532,1571974
2018-03-20,2546,2567,2537,2551,1364448
2018-03-21,2557,2561,2531,2561,2833459
2018-03-22,2544,2581,2473,2489,1028609
2018-03-23,2472,2504,2436,2495,1240440
2018-03-26,2500,2524,2484,2500,762178
2018-03-27,2528,2547.345,2518,2526,1006187
2018-03-28,2509,2549,2486,2544,695919
2018-03-29,2551,2563,2521,2530,1150946
2018-04-03,2516,2553,2492,2534,999144
2018-04-04,2539,2564,2515,2558,1146832
2018-04-05,2591,2624.156,2581,2620,959087
2018-04-06,2619,2667,2608,2644,1287217
2018-04-09,2665,2673,2619,2648,942406
2018-04-10,2685,2685,2662.346,2677,1371986
2018-04-11,2671,2684,2654,2675,823778
2018-04-12,2673,2683,2657,2660,1101855
2018-04-13,2662,2680,2660,2676,1158920
2018-04-16,2689,2689,2659.5,2671,1028783
2018-04-17,2677,2710,2666,2704,1603935
2018-04-18,2713,2716,2658,2693,2426561
2018-04-19,2713,2719,2691,2702,1012831
2018-04-20,2725,2746,2701,2717,899969
2018-04-23,2726,2742,2716,2721,975234
2018-04-24,2728,2732,2667,2690,1647909
2018-04-25,2688,2726,2667,2694,1320646
2018-04-26,2701,2715,2643,2683,1515145
2018-04-27,2688,2738,2686,2730,777909
2018-04-30,2743,2748,2715,2715,1199825
2018-05-01,2722,2753,2711.08,2746,556527
2018-05-02,2760,2764,2711,2711,1291105
2018-05-03,2713,2737,2707,2732,809131
2018-05-04,2731,2758,2714,2730,1075661
2018-05-08,2740,2760,2707,2750,1453729
2018-05-09,2755,2777,2720,2773,1121522
2018-05-10,2788,2799.353,2744,2757,970130
2018-05-11,2762,2799,2741,2795,1640217
2018-05-14,2800,2805,2762,2766,880988
2018-05-15,2768,2825,2767,2817,1489550
2018-05-16,2810,2825,2762,2783,1449961
2018-05-17,2786,2798,2766.05,2798,946985
2018-05-18,2801,2815,2790,2813,997568
2018-05-21,2824,2852,2812,2847,738826
2018-05-22,2852,2864,2826,2849,876572
2018-05-23,2836,2846,2809,2815,1024249
2018-05-24,2819,2823,2796,2804,978568
2018-05-25,2819,2847,2813,2841,774579
2018-05-29,2823,2831,2799.465,2815,928776
2018-05-30,2821,2837,2798,2829,824329
2018-05-31,2837,2848.23,2820,2832,1958914
2018-06-01,2837,2879,2832,2865,1137224
2018-06-04,2870,2880,2841,2851,1142542
2018-06-05,2849,2852,2827,2828,3777268
2018-06-06,2840,2863,2829,2856,983252
2018-06-07,2900,2913,2874,2877,1317428
2018-06-08,2870,2890,2851,2880,2327726
2018-06-11,2894,2908,2860,2860,1019292
2018-06-12,2861,2872,2786,2790,1760803
2018-06-13,2794,2831,2786,2806,1780862
2018-06-14,2687,2731,2641,2727,2367265
2018-06-15,2723,2734,2687,2687,2053206
2018-06-18,2683,2703,2676,2701,794903
2018-06-19,2672,2685,2621,2626,1484583
2018-06-20,2645,2651,2582,2610,2898341
2018-06-21,2610,2622,2528,2530,1938318
2018-06-22,2541,2584,2532.72,2576,1523099
2018-06-25,2577,2577,2516,2523,1698367
2018-06-26,2530,2559,2523,2540,1317575
2018-06-27,2545,2549,2507,2549,1288509
2018-06-28,2545,2556,2504,2514,1016956
2018-06-29,2537,2550,2525,2533,1379209
2018-07-02,2516,2517,2479,2487,2398377
2018-07-03,2502,2517,2488,2496,1440193
2018-07-04,2494,2496,2471,2482,1014203
2018-07-05,2532,2551,2447,2475,2473440
2018-07-06,2485,2485,2450,2470,1208946
2018-07-09,2474,2483,2444,2475,1258659
2018-07-10,2512,2512,2470,2496,1427944
2018-07-11,2485,2498,2471,2485,2040291
2018-07-12,2485,2503,2468,2484,1024428
2018-07-13,2493,2515,2471,2482,1264015
2018-07-16,2489,2494.4,2456,2474,930789
2018-07-17,2476,2508,2476,2501,1088586
2018-07-18,2521,2523,2489,2491,1066105
2018-07-19,2486,2523.4,2478,2509,931641
2018-07-20,2511,2519,2486,2504,939669
2018-07-23,2485,2500,2430,2433,878649
2018-07-24,2457,2471,2436,2457,1011661
2018-07-25,2476,2508,2462,2475,1569993
2018-07-26,2476,2487,2459,2465,973082
2018-07-27,2470,2481,2458,2463,555311
2018-07-30,2453,2470,2449,2457,1088381
2018-07-31,2461,2501,2449,2482,1364061
2018-08-01,2482,2492,2439,2464,908040
2018-08-02,2457,2460,2401.5,2413,1337718
2018-08-03,2429,2450,2409,2437,2408864
2018-08-06,2446,2468,2442,2461,675928
2018-08-07,2446,2491,2446,2483,850142
2018-08-08,2464,2502,2450.3,2501,1053515
2018-08-09,2501,2503,2463.34,2479,810446
2018-08-10,2472,2481.67,2462.58,2474,1023809
2018-08-13,2475,2475,2437,2464,900848
2018-08-14,2472,2477,2429,2443,843555
2018-08-15,2443,2460,2407,2422,994757
2018-08-16,2434,2477,2407,2469,1182859
2018-08-17,2464,2470,2414,2462,1186480
2018-08-20,2453,2464,2417,2444,1402737
2018-08-21,2460,2500,2423,2440,2378477
2018-08-22,2441,2486,2440,2467,3130180
2018-08-23,2471,2505,2453,2489,1572362
2018-08-24,2480,2485,2442,2454,1255468
2018-08-28,2475,2490.46,2460,2488,1510093
2018-08-29,2487,2498,2450,2469,1279292
2018-08-30,2460,2485,2451,2468,854373
2018-08-31,2469,2474,2428,2433,1335216
2018-09-03,2426,2443,2377.414,2438,825630
2018-09-04,2445,2461,2354,2358,1903763
2018-09-05,2352,2379,2334,2372,1552473
2018-09-06,2369,2397,2361,2392,1397927
2018-09-07,2392,2400,2341,2369,1025909
2018-09-10,2383,2390,2357,2374,2781975
2018-09-11,2379,2385,2348,2372,961015
2018-09-12,2369,2395.402,2363,2382,907253
2018-09-13,2386,2386,2345,2368,727998
2018-09-14,2365,2388,2352,2387,675900
2018-09-17,2374,2399,2369,2383,1052815
2018-09-18,2387,2412.5,2376,2385,1252511
2018-09-19,2394,2435,2385,2423,1468311
2018-09-20,2427,2435,2406,2434,986336
2018-09-21,2445,2452,2363,2366,1764736
2018-09-24,2358,2370,2348,2359,830998
2018-09-25,2364,2396,2358,2381,1680343
2018-09-26,2385,2385,2351,2374,819123
2018-09-27,2374,2398,2356,2386,811434
2018-09-28,2382,2382,2354,2365,856987
2018-10-01,2365,2367,2302.732,2318,1991124
2018-10-02,2312,2322,2296,2309,1395866
2018-10-03,2306,2342,2295.42,2332,1050884
2018-10-04,2344,2344,2294,2303,994523
2018-10-05,2317,2321,2289,2311,1664310
2018-10-08,2312,2317,2283,2283,748403
2018-10-09,2287,2289,2256.5,2276,757152
2018-10-10,2279,2289,2257,2261,1085500
2018-10-11,2229,2229,2178,2178,1499406
2018-10-12,2200,2281,2182,2249,3285534
2018-10-15,2223,2244,2198.26,2211,1046399
2018-10-16,2218,2269,2207,2259,1705817
2018-10-17,2258,2258,2193,2198,1289078
2018-10-18,2179,2221,2179,2209,1017551
2018-10-19,2214,2214,2154,2162,1049218
2018-10-22,2155,2219,2153,2190,1297708
2018-10-23,2171,2206,2168,2194,1439057
2018-10-24,2199,2221,2183,2200,1745779
2018-10-25,2188,2213.5,2181.06,2207,1096741
2018-10-26,2184,2207,2168,2186,962050
2018-10-29,2189,2263,2189,2226,1016135
2018-10-30,2229,2298,2208,2276,1348225
2018-10-31,2295,2326,2283,2294,2691762
2018-11-01,2279,2450,2276,2363,1957635
2018-11-02,2396,2402,2347,2387,1128465
2018-11-05,2389,2407,2370,2373,1365025
2018-11-06,2368,2369,2323,2356,1440088
2018-11-07,2361,2400.52,2336,2369,1603853
2018-11-08,2368,2408,2350,2397,2700401
2018-11-09,2390,2404,2347,2386,1291216
2018-11-12,2394,2394,2301,2316,2321581
2018-11-13,2320,2384,2289,2375,1581027
2018-11-14,2375,2394,2338,2352,1419251
2018-11-15,2357,2378,2112,2179,4241362
2018-11-16,2178,2226.4,2120,2128,2339513
2018-11-19,2121,2147,2088.535,2106,1769614
2018-11-20,2104,2104,2055.682,2073,1599228
2018-11-21,2089,2105,2045,2101,1377705
2018-11-22,2092,2172,2047,2122,2823449
2018-11-23,2134,2182,2125,2175,1321000
2018-11-26,2200,2213,2157,2171,1026843
2018-11-27,2169,2169,2100,2113,1688543
2018-11-28,2110,2124,2012,2014,2370370
2018-11-29,2028,2049,1964,1965.5,1753004
2018-11-30,1970.5,1979.5,1888.5,1900,3020249
2018-12-03,1928.5,1933,1878.25,1893,2007922
2018-12-04,1890,1912.5,1844.875,1864,2654576
2018-12-05,1835,2002,1824.695,1995.5,3744889
2018-12-06,1976,1990,1936.5,1942.5,1926191
2018-12-07,1960,2003,1938,1946,1801047
2018-12-10,1928,1940,1857,1861,1373518
2018-12-11,1877.5,1912,1835,1890.5,1421668
2018-12-12,1899,1990.393,1870.5,1971,3064981
2018-12-13,1988.5,1998,1942,1949.5,1938464
2018-12-14,1926,1949.1,1880.5,1897,1277407
2018-12-17,1899,1899,1834.5,1859.5,1146884
2018-12-18,1848.5,1908,1838.5,1869,2640614
2018-12-19,1879,1943.5,1864.5,1893,1792746
2018-12-20,1859,1924.5,1839.061,1896,1292472
2018-12-21,1884,1930.5,1877.5,1903,2336425
2018-12-24,1897,1927.5,1883.5,1901.5,207111
2018-12-27,1910,1927,1868.83,1882,814588
2018-12-28,1903,1945,1884,1934.5,758611
2018-12-31,1933.5,1954.5,1907.5,1930,445970
2019-01-02,1912,1961.5,1893,1940.5,807099
2019-01-03,1921,1986,1920.5,1947,991806
2019-01-04,1976,2018,1963.5,2006,1611901
2019-01-07,2007,2040,2000.404,2008,1332402
2019-01-08,2009,2099,1994.8,2040,1953696
2019-01-09,2076,2154,2065,2106,1989340
2019-01-10,2096,2125.212,2073.39,2111,1112497
2019-01-11,2168,2224,2143,2203,2054706
2019-01-14,2191,2245,2175,2229,1676508
2019-01-15,2275,2286,2187,2201,3512620
2019-01-16,2213,2360,2205,2320,2849702
2019-01-17,2296,2316,2268,2315,1519158
2019-01-18,2324,2419,2324,2395,1697016
2019-01-21,2382,2401,2344,2388,1315167
2019-01-22,2386,2412,2376,2390,875009
2019-01-23,2371,2401,2352,2371,1506637
2019-01-24,2366,2398,2345,2380,916728
2019-01-25,2377,2401,2371,2392,1061669
2019-01-28,2373,2412,2341,2356,1387746
2019-01-29,2347,2413.3,2317,2386,3332463
2019-01-30,2396,2423,2364,2408,1109396
2019-01-31,2390,2435,2370,2375,1565603
2019-02-01,2386,2415,2374.46,2411,1361790
2019-02-04,2408,2417.222,2389,2402,848993
2019-02-05,2406,2434.201,2393,2433,1045542
2019-02-06,2435,2481,2427.151,2441,1990218
2019-02-07,2434,2447.856,2378,2378,1854104
2019-02-08,2372,2413,2372,2399,921804
2019-02-11,2417,2446.01,2383,2445,1061769
2019-02-12,2440,2460,2389,2395,1048314
2019-02-13,2406,2462.226,2406,2433,1384093
2019-02-14,2442,2456,2398,2403,1040095
2019-02-15,2407,2423,2384,2405,991236
2019-02-18,2407,2455,2394,2420,792467
2019-02-19,2422,2441,2416,2431,720602
2019-02-20,2447,2463,2426,2441,759302
2019-02-21,2448,2470,2433,2460,910686
2019-02-22,2465,2495.43,2449,2468,1187307
2019-02-25,2350,2362,2262,2352,2974619
2019-02-26,2349,2464,2340,2396,2533131
2019-02-27,2403,2459,2393,2452,1679846
2019-02-28,2454,2465,2397,2433,1938577
2019-03-01,2444,2457.856,2428.06,2433,1103265
2019-03-04,2478,2480.354,2453,2460,1371281
2019-03-05,2457,2472,2427,2471,1445556
2019-03-06,2477,2480,2433,2433,4917658
2019-03-07,2303,2304,2232,2250,1685520
2019-03-08,2243,2251,2218.606,2248,1115239
2019-03-11,2237,2255,2171,2187,2040816
2019-03-12,2206,2280,2200,2228,1871428
2019-03-13,2207,2245.19,2200,2237,1010090
2019-03-14,2243,2300,2233.5,2265,1534138
2019-03-15,2272,2295,2267.826,2294,1636788
2019-03-18,2294,2305.36,2255,2284,757543
2019-03-19,2289,2314,2283.077,2305,873775
2019-03-20,2305,2305,2209,2212,1318684
2019-03-21,2201,2203,2129,2160,2524653
2019-03-22,2162,2186.918,2134,2138,1189218
2019-03-25,2136,2156,2115,2155,4973806
2019-03-26,2196,2329,2157,2160,1496653
2019-03-27,2149,2211,2148,2198,1343493
2019-03-28,2205,2211,2158,2173,795841
2019-03-29,2190,2204,2142,2170,1659183
2019-04-01,2187,2200,2161,2171,802136
2019-04-02,2193,2193,2131,2162,1413327
2019-04-03,2182,2244.899,2176.75,2241,1499917
2019-04-04,2245,2260,2217,2246,2445340
2019-04-05,2257,2258.182,2206,2225,1038465
2019-04-08,2218,2241.36,2206,2214,899716
2019-04-09,2213,2220,2170,2179,1045804
2019-04-10,2178,2199,2156,2177,739245
2019-04-11,2210,2269.283,2188.52,2264,1067508
2019-04-12,2277,2291,2251,2285,862484
2019-04-15,2286,2315,2276,2312,934627
2019-04-16,2315,2348,2312,2348,1447000
2019-04-17,2340,2359,2329.55,2349,1201243
2019-04-18,2354,2370,2327,2344,988376
2019-04-23,2339,2354.46,2303,2327,1069834
2019-04-24,2332,2352,2312,2331,991448
2019-04-25,2300,2325,2203,2270,1462090
2019-04-26,2273,2281,2242,2270,957532
2019-04-29,2280,2292.85,2265,2269,729999
2019-04-30,2265,2276,2226,2236,962959
2019-05-01,2187,2238.05,2185,2222,549638
2019-05-02,2220,2230,2185.839,2209,1077313
2019-05-03,2212,2222,2161,2188,1429165
2019-05-07,2221,2226,2154,2154,1444351
2019-05-08,2156,2177,2084,2110,2035132
2019-05-09,2106,2139,2082,2112,1368084
2019-05-10,2121,2131,2094,2095,691067
2019-05-13,2092,2099,2056,2060,937597
2019-05-14,2067,2111,2063.75,2108,1268580
2019-05-15,2101,2125,2089.841,2108,1053532
2019-05-16,2098,2125,2086.844,2114,1228043
2019-05-17,2107,2124,2096,2117,968045
2019-05-20,2111,2121.4,2042,2046,1300023
2019-05-21,2061,2112,2039,2108,2018319
2019-05-22,2104,2104,1981,1991.5,2153806
2019-05-23,1972,1989.5,1936.5,1950,1631200
2019-05-24,1964.5,1977.5,1953.5,1968.5,1260491
2019-05-28,1988.5,1992.5,1953.5,1971.5,1578021
2019-05-29,1983,1987,1949.5,1960,931622
2019-05-30,1970,1994.5,1950,1975,1142341
2019-05-31,1967,1973,1945,1967,1748877
2019-06-03,1961,1961.5,1924,1950,902159
2019-06-04,1927.5,2019,1927.5,2006,1598047
2019-06-05,2008,2053,2002,2022,1181480
2019-06-06,2025,2039,2010,2022,1143619
2019-06-07,2025,2043,2008,2041,2104867
2019-06-10,2044,2053.166,2031,2045,598734
2019-06-11,2050,2078,2037,2055,1431498
2019-06-12,2052,2058,2029,2047,1581266
2019-06-13,1956.5,1961,1930.5,1955,948528
2019-06-14,1947.5,1960,1933,1945.5,861315
2019-06-17,1948,1965.5,1930,1936.5,754585
2019-06-18,1941,1955,1916,1944.5,1016940
2019-06-19,1942,1980.5,1920,1936.5,1429779
2019-06-20,1933,1961,1912.5,1936.5,916923
2019-06-21,1944.5,1964,1938,1947,1746892
2019-06-24,1950,1956.5,1916.5,1937.5,510120
2019-06-25,1934,1944.5,1924.462,1944.5,958877
2019-06-26,1940.5,1955,1926.5,1930,2465017
2019-06-27,1932,1959,1927.5,1937.5,1264736
2019-06-28,1948,1999.176,1948,1997,1487715
2019-07-01,2013,2020,1987,1992,1595540
2019-07-02,1999,2009.16,1946,1966.5,1530854
2019-07-03,1984,2004,1974.5,1987.5,1125839
2019-07-04,1996,2004,1938,1964,1660959
2019-07-05,1955.5,1957,1894.5,1922.5,1405939
2019-07-08,1901.5,1917.5,1880.5,1890,1686649
2019-07-09,1891.5,1916,1864.5,1872,1629789
2019-07-10,1871.5,1902,1860,1885.5,1212969
2019-07-11,1907.5,1923.5,1885.5,1903,2056298
2019-07-12,1902.5,1989.5,1902.5,1989.5,2028694
2019-07-15,1982.5,1998.5,1932,1932,1873153
2019-07-16,1942,1947.6,1893.5,1928.5,1549877
2019-07-17,1915,1957,1903,1950.5,1464174
2019-07-18,1934.5,1987.5,1934.5,1978,4511661
2019-07-19,1968,1989,1968,1974,1731202
2019-07-22,1973.5,2030,1965.5,2030,2080200
2019-07-23,2050,2062,2011,2026,3506575
2019-07-24,2027,2092,2006,2065,2899381
2019-07-25,2084,2095,2036,2071,1320662
2019-07-26,2069,2106,2061,2094,1742846
2019-07-29,2100,2106.487,2073.25,2094,1332635
2019-07-30,2094,2094,2041,2041,1464354
2019-07-31,2032,2044,1989.041,2009,2028191
2019-08-01,2014,2035,1994.5,2014,840908
2019-08-02,1986.5,1989.5,1950,1953,1594333
2019-08-05,1940,1947,1891,1906,1268463
2019-08-06,1901.5,1940.5,1896.5,1896.5,1132525
2019-08-07,1896,1933.5,1884,1908.5,832215
2019-08-08,1920,1935,1901,1916.5,841354
2019-08-09,1912.5,1931.5,1897.5,1899,835186
2019-08-12,1907,1931.5,1905.5,1912.5,1011278
2019-08-13,1926.5,1929.5,1890.5,1907,944630
2019-08-14,1901,1913,1854,1860,744857
2019-08-15,1872,1876.5,1831,1836,973815
2019-08-16,1820,1878,1820,1841,1423292
2019-08-19,1844,1865.5,1844,1862,1061399
2019-08-20,1849.5,1901.125,1842.5,1846.5,2484865
2019-08-21,1828.5,1884,1802.5,1859,1558681
2019-08-22,1853.5,1905.5,1840,1900,2116096
2019-08-23,1904,1958,1897.5,1909.5,2009996
2019-08-27,1907,1947.5,1893,1930,2322715
2019-08-28,1933,1937.5,1857,1875,1794499
2019-08-29,1865.5,1901.5,1852.5,1874.5,1758931
2019-08-30,1879,1902.5,1877,1902.5,891038
2019-09-02,1898,1921.5,1897,1904.5,512033
2019-09-03,1920.5,1920.5,1848,1864,1138058
2019-09-04,1864,1892.5,1855.5,1866.5,1239358
2019-09-05,1880,1915,1847.5,1914.5,1719010
2019-09-06,1925,1932.5,1903,1911.5,1008776
2019-09-09,1932.5,1932.5,1890.773,1898.5,761762
2019-09-10,1900,1958,1900,1951.5,1971067
2019-09-11,1959.5,2037,1957.75,2030,2200402
2019-09-12,2041,2054,2014,2029,1963360
2019-09-13,2030,2118,2026,2105,1801541
2019-09-16,2089,2104,2068,2101,1420591
2019-09-17,2079,2080,2024,2048,1781516
2019-09-18,2052,2056,1996.5,2022,1559043
2019-09-19,2021,2042,2007,2030,1627562
2019-09-20,2045,2132,2043.49,2120,3708955
2019-09-23,2111,2118,2073,2115,2312550
2019-09-24,2125,2159,2100,2111,1719856
2019-09-25,2102,2111,2052,2053,1639089
2019-09-26,2070,2076,2040,2067,1775812
2019-09-27,2105,2179,2081,2175,2070913
2019-09-30,2169,2182.347,2143,2170,1195535
2019-10-01,2180,2193,2160.56,2171,1261295
2019-10-02,2155,2160,2076,2088,1386527
2019-10-03,2089,2103,2057,2087,1708250
2019-10-04,2086,2096,2049,2096,993899
2019-10-07,2081,2098,2058,2069,790423
2019-10-08,2072,2080,1998.458,2026,2068168
2019-10-09,2023,2042,1993,1993,3481125
2019-10-10,2018,2063,1989.5,2063,2128578
2019-10-11,2082,2332,2081,2287,4878724
2019-10-14,2259,2306,2191,2288,2312460
2019-10-15,2300,2454,2263,2380,4339952
2019-10-16,2371,2407,2299,2336,3489159
2019-10-17,2325,2529,2240,2368,3165884
2019-10-18,2362,2449.556,2348,2400,3034261
2019-10-21,2409,2437,2378,2395,2116221
2019-10-22,2381,2417,2370,2395,1601847
2019-10-23,2349,2387,2322,2355,1940454
2019-10-24,2372,2405,2339,2344,829287
2019-10-25,2345,2377,2318,2350,718092
2019-10-28,2367,2379,2350,2360,799212
2019-10-29,2359,2372,2322,2327,1258594
2019-10-30,2323,2330,2274,2298,1288769
2019-10-31,2285,2288,2245.12,2277,1437627
2019-11-01,2289,2298,2269,2289,972035
2019-11-04,2288,2305,2259,2270,1064344
2019-11-05,2270,2291,2257,2277,1288469
2019-11-06,2282,2292,2253,2276,1506352
2019-11-07,2280,2362,2280,2362,2024473
2019-11-08,2347,2375.163,2333,2358,995692
2019-11-11,2357,2461.422,2347,2450,1629686
2019-11-12,2465,2483.46,2412,2451,1515508
2019-11-13,2454,2482.002,2420,2467,1580465
2019-11-14,2462,2480.34,2425,2433,1177073
2019-11-15,2469,2489.394,2420,2478,1168629
2019-11-18,2464,2516,2464,2512,1445670
2019-11-19,2524,2534,2472,2474,1392715
2019-11-20,2450,2470,2440,2465,1042297
2019-11-21,2451,2463,2420,2455,1078345
2019-11-22,2452,2518,2437.42,2513,1271440
2019-11-25,2527,2575,2526,2563,1301927
2019-11-26,2579,2602.475,2533,2568,1783446
2019-11-27,2585,2596,2550,2596,1258421
2019-11-28,2607,2625,2587.495,2614,754038
2019-11-29,2590,2613,2558,2558,965104
2019-12-02,2556,2587,2512,2513,1649942
2019-12-03,2519,2550,2467,2490,1454989
2019-12-04,2466,2563,2466,2533,1539099
2019-12-05,2540,2548,2502,2515,1200820
2019-12-06,2511,2546,2501.42,2525,1116571
2019-12-09,2531,2544.143,2517,2527,1853518
2019-12-10,2521,2532,2496,2504,1391825
2019-12-11,2492,2510,2453,2500,1943178
2019-12-12,2522,2530,2493,2514,1556629
2019-12-13,2927,2950,2757,2816,4845584
2019-12-16,2827,2863,2807.212,2826,1993568
2019-12-17,2791,2809.7,2696.61,2721,2973102
2019-12-18,2694,2705,2606,2664,2386951
2019-12-19,2679,2696,2654,2664,2281407
2019-12-20,2664,2673.67,2591.737,2610,2213176
2019-12-23,2615,2658,2611,2611,1422329
2019-12-24,2629,2632,2614,2625,444706
2019-12-27,2625,2657.66,2601.043,2650,692155
2019-12-30,2660,2704,2648,2688,1446161
2019-12-31,2671,2706,2668,2695,452181
2020-01-02,2713,2743,2698.652,2730,1112656
2020-01-03,2690,2733.68,2672,2686,773338
2020-01-06,2692,2693.67,2655,2689,1094205
2020-01-07,2707,2754,2698,2727,987701
2020-01-08,2719,2734,2687,2723,1272485
2020-01-09,2737,2745,2698.6,2730,1139460
2020-01-10,2749,2759,2706,2706,1086904
2020-01-13,2736,2766,2719,2735,1455571
2020-01-14,2714,2805,2706,2796,1627800
2020-01-15,2804,2861,2763.89,2807,3821511
2020-01-16,2819,2878.15,2805,2850,1427778
2020-01-17,2850,2893.415,2842,2891,1148671
2020-01-20,2888,2950,2888,2948,917857
2020-01-21,2928,2977,2917,2977,1254351
2020-01-22,3040,3062,2962.986,3001,1941363
2020-01-23,3000,3033,2983,3015,939680
2020-01-24,3048,3075,3027.48,3049,898674
2020-01-27,3020,3027,2971,2993,864430
2020-01-28,3012,3027,2985,3027,638738
2020-01-29,3033,3042,3008,3011,938558
2020-01-30,2987,3047,2977,3040,1175936
2020-01-31,3055,3079,3033,3053,1303806
2020-02-03,3083,3107,3058,3094,1423848
2020-02-04,3158,3174.6,3079,3138,1605329
2020-02-05,3139,3201,3097,3100,2553647
2020-02-06,3125,3135,3043,3051,1700016
2020-02-07,3062,3064,3011,3043,1272599
2020-02-10,3048,3101.495,3041.275,3077,716222
2020-02-11,3086,3139,3086,3124,794145
2020-02-12,3139,3199,3106,3199,1360111
2020-02-13,3192,3203.18,3150,3181,994873
2020-02-14,3188,3250,3188,3230,1025292
2020-02-17,3249,3271,3234,3247,2266595
2020-02-18,3231,3276,3215,3243,954816
2020-02-19,3270,3309.21,3256,3298,1248133
2020-02-20,3279,3328,3261,3261,1180951
2020-02-21,3247,3322,3237,3282,1136921
2020-02-24,3210,3227,3160,3184,1546028
2020-02-25,3187,3233,3086,3087,1499387
2020-02-26,3077,3100.813,2995,3078,2024383
2020-02-27,2995,3020.617,2845,2883,2602299
2020-02-28,2796,2883,2737.025,2839,4341287
2020-03-02,2895,2927,2774.505,2841,2862455
2020-03-03,2890,3019,2890,2942,2119145
2020-03-04,2941,3019,2909,2972,1689906
2020-03-05,2876,2880,2756,2766,1988933
2020-03-06,2719,2731,2618,2692,2347638
2020-03-09,2489,2586,2450,2483,2428801
2020-03-10,2528,2598,2462,2467,2008652
2020-03-11,2531,2595.485,2435,2435,2983515
2020-03-12,2271,2277,2125,2143,2627930
2020-03-13,2232,2283,2013,2042,4280919
2020-03-16,1870,1922.5,1726.5,1826,3412161
2020-03-17,1880,1892.309,1569.778,1743.5,5492182
2020-03-18,1689.5,1697.5,1521.222,1546,3839053
2020-03-19,1514.5,1561.5,1367.5,1534.5,7893036
2020-03-20,1597,1734,1550,1678.5,4651824
2020-03-23,1572,1672,1504.5,1582,2452254
2020-03-24,1653,1691.5,1535.5,1691.5,3196039
2020-03-25,1692,1950,1599.5,1950,2479291
2020-03-26,1920,2079,1841,2079,2372544
2020-03-27,1995,2018,1809.5,1850,3765402
2020-03-30,1845,1909.325,1736,1824.5,1513555
2020-03-31,1848.5,1935.925,1780.5,1916.5,2736828
2020-04-01,1837.5,1881,1695.5,1708,2960290
2020-04-02,1705,1739.5,1676,1676.5,1958835
2020-04-03,1675,1714.492,1602,1622.5,1805141
2020-04-06,1666.5,1860.5,1659.5,1827,2375261
2020-04-07,1896.5,2056,1872,1956,2809350
2020-04-08,1910.5,2025,1890,2025,1532343
2020-04-09,2072,2173,2035,2111,2872714
2020-04-14,2147,2157,1973,1973,4795293
2020-04-15,1971,1973,1822,1839,2694353
2020-04-16,1843,1931,1822.5,1889,1434465
2020-04-17,1968.5,2050,1926,1998,1771736
2020-04-20,2023,2023,1913,1955,1634791
2020-04-21,1914.5,1988,1888.41,1933,1767058
2020-04-22,1945.5,2034,1940.5,2020,1925339
2020-04-23,2042,2231,2042,2189,2778328
2020-04-24,2147,2220,2113,2193,3025437
2020-04-27,2225,2274.6,2116,2130,3328279
2020-04-28,2132,2220,2114,2210,5619824
2020-04-29,2210,2334,2157,2272,1828740
2020-04-30,2296,2315,2178.293,2205,2268848
2020-05-01,2161,2230.874,2146,2206,633862
2020-05-04,2171,2245,2128,2201,1013086
2020-05-05,2246,2246,2192,2212,1098358
2020-05-06,2212,2276,2186,2250,2624948
2020-05-07,2251,2305,2233,2282,1616141
2020-05-11,2313,2319,2198,2218,1913985
2020-05-12,2209,2256,2100,2180,1691329
2020-05-13,2200,2229,2130,2151,1658300
2020-05-14,2113,2121,1990.5,2049,2013333
2020-05-15,2052,2112.4,2052,2099,1396721
2020-05-18,2130,2209,2106,2209,1321974
2020-05-19,2239,2254.033,2141.435,2196,1198721
2020-05-20,2178,2192,2079.673,2120,1165051
2020-05-21,2100,2154,2084,2128,3949168
2020-05-22,2095,2172,2071,2164,1878521
2020-05-26,2244,2337,2223,2327,2025965
2020-05-27,2334,2342,2251,2269,2045155
2020-05-28,2311,2378,2272,2340,2324618
2020-05-29,2316,2335,2275.84,2293,4676628
2020-06-01,2332,2389,2292,2389,1216371
2020-06-02,2394,2417.785,2325,2368,1600194
2020-06-03,2408,2493.21,2367.4,2478,1352623
2020-06-04,2465,2505,2429,2457,1748608
2020-06-05,2500,2549.888,2496,2540,1408796
2020-06-08,2520,2624.595,2481.69,2522,1560419
2020-06-09,2522,2559,2398,2405,1470729
2020-06-10,2416,2491,2398.638,2423,1296005
2020-06-11,2363,2396,2306,2306,1557852
2020-06-12,2272,2389,2224,2324,1335544
2020-06-15,2253,2303,2231,2267,979870
2020-06-16,2342,2396,2301,2328,2069727
2020-06-17,2329,2393,2321,2340,2068029
2020-06-18,2315,2343,2285,2302,1087178
2020-06-19,2320,2347,2292,2332,1884998
2020-06-22,2299,2370,2296,2350,1457757
2020-06-23,2376,2391,2324,2362,1114905
2020-06-24,2348,2348,2249,2259,867154
2020-06-25,2261,2275,2181,2265,894645
2020-06-26,2290,2302,2241,2283,967731
2020-06-29,2259,2326,2259,2294,1131425
2020-06-30,2299,2311,2258,2286,1046826
2020-07-01,2296,2306,2249,2276,2109295
2020-07-02,2291,2331.19,2278,2305,836130
2020-07-03,2313,2348,2245,2259,771241
2020-07-06,2371,2412,2335.8,2398,1279326
2020-07-07,2407,2447,2391,2412,1127193
2020-07-08,2416,2497.018,2374,2433,1332446
2020-07-09,2534,2620,2509,2589,2194930
2020-07-10,2577,2646,2549,2635,1296260
2020-07-13,2681,2683,2641,2656,1026124
2020-07-14,2606,2611.2,2534,2543,1144335
2020-07-15,2574,2655,2539,2613,1046755
2020-07-16,2603,2651,2587,2627,628858
2020-07-17,2620,2633,2577,2629,919341
2020-07-20,2616,2652,2605,2614,678885
2020-07-21,2648,2648,2516,2527,1168148
2020-07-22,2527,2580,2515,2580,1253251
2020-07-23,2592,2596,2513,2530,607037
2020-07-24,2490,2503.23,2436,2463,524611
2020-07-27,2458,2479.525,2425,2462,403284
2020-07-28,2467,2571,2467,2536,3756508
2020-07-29,2540,2540,2454,2479,2606131
2020-07-30,2483,2483,2378,2431,882080
2020-07-31,2429,2469,2402,2402,928545
2020-08-03,2397,2483,2373,2480,484697
2020-08-04,2495,2508,2425,2430,1611748
2020-08-05,2459,2474,2438,2456,889041
2020-08-06,2447,2468,2364,2364,932034
2020-08-07,2365,2420,2333,2407,875446
2020-08-10,2422,2454,2370,2385,501717
2020-08-11,2401,2436,2381.589,2403,987910
2020-08-12,2404,2497,2385,2466,995852
2020-08-13,2457,2537,2447,2514,1153006
2020-08-14,2517,2550.21,2492.425,2534,979468
2020-08-17,2542,2618,2500.979,2613,942440
2020-08-18,2668,2834,2659.4,2822,1826059
2020-08-19,2827,2855.6,2721,2752,1271511
2020-08-20,2704,2744,2675.72,2691,1026771
2020-08-21,2700,2726,2631,2677,1017961
2020-08-24,2680,2734.8,2673,2688,1471446
2020-08-25,2688,2691.775,2619.54,2650,4893051
2020-08-26,2652,2701,2632,2690,1363892
2020-08-27,2638,2650,2612,2612,834363
2020-08-28,2604,2630,2565,2620,764180
2020-09-01,2626,2626,2525,2551,1206771
2020-09-02,2571,2695,2571,2695,763976
2020-09-03,2686,2727,2635,2641,949144
2020-09-04,2591,2626,2503,2503,975701
2020-09-07,2529,2580,2522,2565,1326333
2020-09-08,2518,2550,2433,2512,1209537
2020-09-09,2496,2510,2446,2471,770947
2020-09-10,2475,2559,2475,2539,1089299
2020-09-11,2549,2577,2527,2529,886139
2020-09-14,2531,2545,2476.475,2492,769239
2020-09-15,2500,2556,2500,2547,733515
2020-09-16,2550,2573,2511,2547,1007250
2020-09-17,2531,2543,2502.22,2517,542929
2020-09-18,2524,2533,2458,2496,1684524
2020-09-21,2488,2499,2292,2317,1216326
2020-09-22,2316,2322,2260,2271,1482320
2020-09-23,2292,2365,2275,2326,1108103
2020-09-24,2302,2436,2295,2417,1043805
2020-09-25,2430,2442,2364.2,2411,935034
2020-09-28,2447,2543,2428.069,2498,1328979
2020-09-29,2506,2519,2440,2450,992843
2020-09-30,2434,2506,2430,2473,1245104
2020-10-01,2494,2520,2445,2510,1465819
2020-10-02,2479,2537,2474,2536,575830
2020-10-05,2570,2652.2,2530.066,2597,1496144
2020-10-06,2597,2677,2567,2665,1314651
2020-10-07,2643,2686,2600,2615,1655044
2020-10-08,2631,2659,2601,2621,1224394
2020-10-09,2623,2647,2565,2586,1117501
2020-10-12,2566,2627,2563,2594,1015805
2020-10-13,2594,2613,2518,2543,746233
2020-10-14,2541,2635,2526,2581,1145302
2020-10-15,2561,2564,2488,2526,868910
2020-10-16,2564,2589,2510,2510,1021279
2020-10-19,2518,2527,2494.445,2501,990218
2020-10-20,2486,2531,2466.6,2474,860492
2020-10-21,2481,2501,2437,2465,880648
2020-10-22,2453,2552,2434,2518,1550468
2020-10-23,2514,2601,2503,2593,713513
2020-10-26,2540,2587,2500,2515,622095
2020-10-27,2513,2513,2377,2378,838277
2020-10-28,2339,2366,2287.425,2314,1279658
2020-10-29,2316,2351,2285,2314,1140481
2020-10-30,2314,2358,2303,2336,1099363
2020-11-02,2311,2355,2249.607,2328,1145927
2020-11-03,2364,2427,2350,2421,1048863
2020-11-04,2382,2478,2358,2468,810037
2020-11-05,2486,2581,2486,2573,1338174
2020-11-06,2599,2640,2545,2622,1601611
2020-11-09,2690,2850,2670,2790,2148695
2020-11-10,2783,2815.71,2615,2682,2032438
2020-11-11,2684,2776,2669,2770,1610259
2020-11-12,2748,2794,2697,2735,1747808
2020-11-13,2710,2842,2706,2800,1114370
2020-11-16,2809,2847,2757.862,2794,1000921
2020-11-17,2793,2829,2777,2819,1617859
2020-11-18,2802,2913,2800,2913,1402800
2020-11-19,2905,2930.565,2884.479,2895,1520334
2020-11-20,2860,2889,2826.822,2882,1064713
2020-11-23,2897,2957,2875,2877,1367532
2020-11-24,2893,2916.575,2832.75,2856,1237534
2020-11-25,2869,2878,2785,2834,1163159
2020-11-26,2776,2777,2684.77,2689,780022
2020-11-27,2679,2703,2605.535,2696,1811341
2020-11-30,2657,2737,2656,2656,1463503
2020-12-01,2707,2844,2679,2839,1184019
2020-12-02,2818,2818,2740,2763,1078800
2020-12-03,2737,2854,2732,2854,1102272
2020-12-04,2854,2940,2803,2868,2108673
2020-12-07,2883,2898,2671.414,2716,1423241
2020-12-08,2705,2779,2667,2701,1033336
2020-12-09,2707,2774,2680,2685,1558632
2020-12-10,2675,2685,2514,2514,2233420
2020-12-11,2522,2537,2432,2463,1863515
2020-12-14,2541,2611.565,2537,2584,1133784
2020-12-15,2612,2654,2563,2654,1139516
2020-12-16,2666,2761,2651.8,2704,2455066
2020-12-17,2750,2800,2694,2698,890092
2020-12-18,2680,2727,2657,2704,1196564
2020-12-21,2621,2682,2532,2676,749350
2020-12-22,2695,2714,2648,2714,887104
2020-12-23,2715,2839,2705,2829,698085
2020-12-24,2906,2968,2848.8,2875,603926
2020-12-29,2930,2956.582,2830,2854,830385
2020-12-30,2840,2890,2827,2831,314477
2020-12-31,2800,2827,2752.653,2767,322869
2021-01-04,2839,2839,2685,2720,933973
2021-01-05,2689,2769.58,2679.182,2725,635688
2021-01-06,2762,2807,2712,2792,808535
2021-01-07,2833,2859.8,2775,2804,2342888
2021-01-08,2845,2891,2814,2871,955189
2021-01-11,2871,2879,2797,2808,630164
2021-01-12,2820,2829.785,2741,2785,778653
2021-01-13,2788,2797,2612,2612,1924680
2021-01-14,2649,2698.434,2629.58,2670,1023509
2021-01-15,2655,2697,2647,2690,720150
2021-01-18,2695,2760,2688,2715,728935
2021-01-19,2730,2765,2699,2715,779582
2021-01-20,2725,2780,2721,2733,758412
2021-01-21,2746,2777,2720,2729,810615
2021-01-22,2718,2750,2673,2716,1182812
2021-01-25,2709,2750,2657,2685,835458
2021-01-26,2685,2718,2652.418,2676,656110
2021-01-27,2658,2686,2601,2641,964736
2021-01-28,2640,2656,2588,2613,2662782
2021-01-29,2564,2612,2531,2551,3111261
2021-02-01,2576,2670,2553,2637,593872
2021-02-02,2654,2668.901,2625,2659,459813
2021-02-03,2730,2747,2687,2700,970991
2021-02-04,2695,2788.174,2686,2736,947647
2021-02-05,2741,2805,2737,2765,1241643
2021-02-08,2785,2816,2753,2766,565388
2021-02-09,2769,2800.265,2759,2783,592901
2021-02-10,2805,2819,2667,2704,1313389
2021-02-11,2701,2745,2664,2730,911349
2021-02-12,2724,2761.16,2710.6,2722,377679
2021-02-15,2743,2838,2735,2838,980781
2021-02-16,2850,2873,2793.624,2818,790509
2021-02-17,2837,2837,2731,2759,514567
2021-02-18,2747,2780,2739,2772,468184
2021-02-19,2786,2797,2740,2773,693710
2021-02-22,2736,2776,2693,2768,719460
2021-02-23,2786,2807,2699,2725,575571
2021-02-24,2710,2780,2710,2764,1038760
2021-02-25,2763,2774,2654,2671,744706
2021-02-26,2615,2676,2581,2590,1986677
2021-03-01,2650,2786.543,2648,2729,3102126
2021-03-02,2714,2765,2704,2710,1372863
2021-03-03,2710,2895,2677.6,2895,1692814
2021-03-04,2872,2934,2846,2934,1402173
2021-03-05,2891,2977.966,2856,2906,1275056
2021-03-08,2939,3074,2883,3074,1561755
2021-03-09,3071,3089,3026.869,3060,1520616
2021-03-10,3048,3113,3027,3105,1200587
2021-03-11,3005,3007,2937,2986,999308
2021-03-12,2950,2970,2918,2944,785479
2021-03-15,2958,2976,2917,2951,1449914
2021-03-16,2972,3050,2954,3016,1707532
2021-03-17,3015,3036,2974.84,2975,560948
2021-03-18,2922,2953,2900,2953,922824
2021-03-19,2932,2979,2895,2952,1750139
2021-03-22,2949,2968,2924,2939,762686
2021-03-23,2919,2991,2919,2977,1029322
2021-03-24,2959,2977,2933,2945,2258632
2021-03-25,2934,3029,2934,3021,1492381
2021-03-26,3031,3047,2991,3021,798779
2021-03-29,2992,3000,2924,2927,1009497
2021-03-30,2931,2992,2912,2976,745755
2021-03-31,2977,2994,2916,2940,1420808
2021-04-01,2964,3031.26,2957,3024,624008
2021-04-06,3050,3106,3022,3092,1111356
2021-04-07,3137,3199,3124,3173,1585863
2021-04-08,3177,3192.275,3132,3165,916086
2021-04-09,3176,3243.22,3165,3210,951319
2021-04-12,3207,3215.715,3125,3137,1414510
2021-04-13,3119,3182.067,3116,3176,572400
2021-04-14,3174,3183.172,3129,3161,683850
2021-04-15,3167,3223.4,3148,3209,763920
2021-04-16,3239,3248,3184,3201,1694271
2021-04-19,3205,3223,3165,3185,460030
2021-04-20,3185,3206,3128.79,3139,692067
2021-04-21,3160,3173,3125,3130,477584
2021-04-22,3192,3194.47,3123.66,3156,442689
2021-04-23,3170,3178,3124.101,3178,405875
2021-04-26,3182,3209,3143.242,3152,540697
2021-04-27,3151,3168,3133,3147,470921
2021-04-28,3211,3232,3142,3144,488644
2021-04-29,3140,3175,3127.889,3132,463551
2021-04-30,3134,3165.857,3108,3132,767314
2021-05-04,3187,3211,3066,3074,576080
2021-05-05,3091,3135,3081.632,3131,440950
2021-05-06,3147,3174,3128,3166,492136
2021-05-07,3195,3206,3153,3199,2667107
2021-05-10,3225,3247.98,3158,3181,635859
2021-05-11,3150,3160,3093.999,3103,596216
2021-05-12,3096,3142,3090,3092,622238
2021-05-13,3052,3081,3012,3075,730914
2021-05-14,3144,3155,3107,3147,534477
2021-05-17,3161,3177.393,3108,3108,355469
2021-05-18,3152,3152,3100,3109,681958
2021-05-19,3070,3083.8,3004,3046,596675
2021-05-20,3075,3089,3024,3064,434134
2021-05-21,3066,3086,3033,3066,490704
2021-05-24,3074,3085,3044.52,3070,192269
2021-05-25,3071,3082,3036,3065,436948
2021-05-26,3064,3155,3057,3127,397899
2021-05-27,3146,3154,3059,3085,1452914
2021-05-28,3110,3188.372,3090,3160,968887
2021-06-01,3181,3252.647,3181,3238,610092
2021-06-02,3231,3251,3198,3228,481435
2021-06-03,3230,3241,3155,3170,579482
2021-06-04,3165,3178,3141,3151,291214
2021-06-07,3145,3272,3145,3236,507124
2021-06-08,3231,3257,3224,3224,1481567
2021-06-09,3202,3209,3107,3113,1120302
2021-06-10,3127,3129.172,3044,3058,481703
2021-06-11,3053,3084,3035,3071,495284
2021-06-14,3100,3136.083,3081,3105,483779
2021-06-15,3124,3124,3082,3091,520693
2021-06-16,3105,3117,3054,3085,537267
2021-06-17,3024,3089,3024,3089,644787
2021-06-18,3090,3115,2980,3007,1131112
2021-06-21,2987,3049.438,2965,3038,498956
2021-06-22,3051,3065,3016,3027,952113
2021-06-23,3026,3032,2964,2975,692188
2021-06-24,2984,3010,2942,2956,899744
2021-06-25,2955,2966,2886.637,2958,738231
2021-06-28,2952,2955,2923,2935,848320
2021-06-29,2925,3006,2925,2981,597198
2021-06-30,2988,3001.62,2931,2958,770619
2021-07-01,2981,3038,2972,3020,508417
2021-07-02,3050,3080,3010,3021,498350
2021-07-05,3020,3063,3002.95,3063,446578
2021-07-06,3039,3074,3023,3033,428094
2021-07-07,3042,3097,3042,3070,472622
2021-07-08,3055,3100,2886,2923,951758
2021-07-09,2944,3004.495,2934,3004,950717
2021-07-12,3014,3016,2941,2977,551603
2021-07-13,2983,3022,2963,2984,487877
2021-07-14,2962,3018,2952,3018,536178
2021-07-15,2998,3008,2931,2936,651184
2021-07-16,2960,2991.552,2936,2952,816854
2021-07-19,2913,2925.984,2863.898,2897,697028
2021-07-20,2918,2966,2892,2939,1066235
2021-07-21,2956,3025,2944,3011,698122
2021-07-22,2935,2949.352,2881,2881,785140
2021-07-23,2900,2913,2859.808,2893,969537
2021-07-26,2879,2929,2873,2896,416863
2021-07-27,2886,2886,2833.31,2873,538869
2021-07-28,2882,2928,2864,2877,498819
2021-07-29,2900,2937,2877,2926,573190
2021-07-30,2896,2922,2872,2904,353644
2021-08-02,2926,2960,2908,2912,345688
2021-08-03,2912,2940,2890,2893,397756
2021-08-04,2917,2941,2876,2884,537809
2021-08-05,2867,2887,2839.46,2879,1273792
2021-08-06,2877,2915,2851,2915,1238576
2021-08-09,2900,2905,2836,2864,584248
2021-08-10,2852,2923,2837,2915,1304231
2021-08-11,2925,2943,2902,2915,520236
2021-08-12,2907,2930,2890,2899,340820
2021-08-13,2899,2932,2899,2905,355828
2021-08-16,2868,2901,2856,2901,505268
2021-08-17,2885,2927,2858,2868,613212
2021-08-18,2871,2910,2767,2910,2419500
2021-08-19,2871,2927,2837,2845,703111
2021-08-20,2873,2878.2,2809,2846,634635
2021-08-23,2875,2897,2812,2812,347709
2021-08-24,2831,2874,2822,2874,508186
2021-08-25,2871,2909,2862.82,2868,448383
2021-08-26,2857,2905,2841.96,2883,416450
2021-08-27,2881,2896,2866,2891,320422
2021-08-31,2919,2940,2865.818,2940,1028813
2021-09-01,2942,2974,2930,2937,556437
2021-09-02,2927,2959,2873,2876,902140
2021-09-03,2892,2905,2852,2870,328139
2021-09-06,2886,2897,2859,2878,421395
2021-09-07,2884,2890,2814,2831,483760
2021-09-08,2815,2815,2713,2717,982991
2021-09-09,2694,2757.352,2666,2740,541064
2021-09-10,2747,2754,2713,2740,789136
2021-09-13,2752,2817,2747,2794,732253
2021-09-14,2782,2802,2754.58,2771,596273
2021-09-15,2785,2797,2751,2776,816931
2021-09-16,2789,2807,2755,2791,450968
2021-09-17,2815,2822,2777,2781,1569552
2021-09-20,2750,2767,2716,2746,683779
2021-09-21,2766,2777,2743,2773,429479
2021-09-22,2794,2806,2784,2800,309005
2021-09-23,2820,2833,2757,2757,694119
2021-09-24,2750,2756,2710,2747,533159
2021-09-27,2771,2781,2721,2721,800754
2021-09-28,2718,2726,2638,2638,1008339
2021-09-29,2643,2679,2643,2659,433343
2021-09-30,2686,2693,2659.62,2668,750923
2021-10-01,2635,2639,2594,2605,1175553
2021-10-04,2608,2623,2590,2590,1201401
2021-10-05,2599,2605,2566,2574,515008
2021-10-06,2547,2547,2476,2514,934319
2021-10-07,2551,2572,2516,2538,750553
2021-10-08,2555,2563.049,2513,2544,540765
2021-10-11,2535,2578,2525,2557,745695
2021-10-12,2524,2571,2524,2565,427056
2021-10-13,2570,2681,2570,2657,827823
2021-10-14,2658,2686,2646,2680,808652
2021-10-15,2691,2699,2675.941,2692,510103
2021-10-18,2690,2695,2628.625,2657,509729
2021-10-19,2672,2675,2645,2670,676739
2021-10-20,2668,2678,2622,2649,446518
2021-10-21,2640,2656.929,2613,2624,519536
2021-10-22,2636,2639.651,2585.134,2610,406595
2021-10-25,2617,2629,2598,2629,620083
2021-10-26,2626,2709.484,2622.951,2693,684009
2021-10-27,2677,2741,2663,2737,696294
2021-10-28,2730,2745,2695.474,2721,494339
2021-10-29,2701,2727,2687,2721,652000
2021-11-01,2734,2734,2629,2666,587440
2021-11-02,2668,2700,2658,2676,642468
2021-11-03,2672,2676,2639.252,2665,490131
2021-11-04,2670,2749,2595,2712,835910
2021-11-05,2714,2741,2667.66,2683,418265
2021-11-08,2687,2724,2649,2721,661851
2021-11-09,2721,2735,2618,2650,925422
2021-11-10,2655,2703,2644,2703,1013981
2021-11-11,2697,2742,2690,2721,591800
2021-11-12,2725,2779,2723.792,2727,481929
2021-11-15,2719,2723,2675.909,2695,419517
2021-11-16,2705,2721,2665,2708,431529
2021-11-17,2684,2725.232,2671,2690,568769
2021-11-18,2741,2828.08,2705.865,2819,1185925
2021-11-19,2809,2829.196,2751,2786,792892
2021-11-22,2790,2808,2751.566,2779,1262127
2021-11-23,2758,2813,2756,2773,528756
2021-11-24,2768,2840.14,2764.951,2822,1347022
2021-11-25,2840,2848.68,2808,2847,424914
2021-11-26,2774,2817,2730,2730,1187441
2021-11-29,2769,2820,2751,2759,896540
2021-11-30,2734,2776,2677.96,2737,2258624
2021-12-01,2760,2816,2743,2816,664107
2021-12-02,2772,2810,2772,2787,500840
2021-12-03,2817,2846.1,2796,2806,560867
2021-12-06,2806,2819,2739,2771,570850
2021-12-07,2799,2828,2763,2819,634365
2021-12-08,2836,2901,2830,2855,647438
2021-12-09,2874,2875.989,2812.444,2838,401629
2021-12-10,2829,2855,2802,2809,334336
2021-12-13,2812,2840.928,2791,2808,454605
2021-12-14,2824,2845,2793,2793,442401
2021-12-15,2805,2815,2757,2758,815873
2021-12-16,2796,2801,2730,2730,867885
2021-12-17,2726,2778,2726,2747,1022341
2021-12-20,2700,2722.184,2672,2694,700598
2021-12-21,2723,2789,2713,2754,464321
2021-12-22,2760,2818,2750,2818,475274
2021-12-23,2834,2848,2825,2827,255553
2021-12-24,2822,2857,2822,2831,103254
2021-12-29,2876,2906.18,2859,2879,467791
2021-12-30,2877,2897.2,2857,2857,320098
2021-12-31,2800,2872.453,2800,2856,139469
2022-01-04,2930,2930,2871,2883,786102
2022-01-05,2870,2900,2857,2877,435121
2022-01-06,2833,2852,2800,2800,432219
2022-01-07,2805,2817,2788,2794,841641
2022-01-10,2745,2785,2642,2650,1339315
2022-01-11,2684,2693.405,2655,2680,1058675
2022-01-12,2686,2716,2608,2621,1106204
2022-01-13,2588,2612,2516,2608,1493129
2022-01-14,2557,2633,2549,2549,967494
2022-01-17,2565,2588,2540,2578,1073017
2022-01-18,2570,2570,2521,2530,795893
2022-01-19,2507,2579,2507,2562,1632105
2022-01-20,2569,2596,2562,2566,831208
2022-01-21,2519,2563.246,2498,2549,900660
2022-01-24,2524,2532,2384.807,2390,2519123
2022-01-25,2415,2424,2347,2363,2704866
2022-01-26,2397,2425,2363,2369,1039301
2022-01-27,2334,2369,2321,2351,1138346
2022-01-28,2358,2389,2341,2361,2234538
2022-01-31,2402,2411,2361,2394,1049651
2022-02-01,2416,2428,2358,2388,1033694
2022-02-02,2393,2450,2393,2417,788146
2022-02-03,2422,2426,2387.342,2396,779272
2022-02-04,2415,2443,2355,2361,675719
2022-02-07,2364,2413,2345.646,2401,721837
2022-02-08,2401,2463.736,2385,2436,863590
2022-02-09,2453,2498.291,2449.74,2472,624429
2022-02-10,2477,2507.024,2450,2450,873213
2022-02-11,2425,2460,2415,2449,848509
2022-02-14,2410,2448.88,2388,2445,548285
2022-02-15,2465,2471,2439,2470,1642033
2022-02-16,2471,2483,2439,2444,2486247
2022-02-17,2442,2455,2403,2408,670110
2022-02-18,2428,2452,2399,2414,1029500
2022-02-21,2433,2449.28,2389.415,2408,816227
2022-02-22,2363,2439,2356,2405,1139699
2022-02-23,2415,2429,2376,2382,1918371
2022-02-24,2294,2345,2265,2274,1186165
2022-02-25,2314,2325,2272,2325,1012449
2022-02-28,2296,2425,2288,2413,1457392
2022-03-01,2403,2418,2322,2322,1062706
2022-03-02,2300,2498,2287,2370,2386296
2022-03-03,2341,2467,2333,2340,1538647
2022-03-04,2314,2338,2247,2298,1330986
2022-03-07,2253,2343.787,2183,2310,1356322
2022-03-08,2282,2363,2277,2278,1566388
2022-03-09,2337,2366,2290,2335,1434629
2022-03-10,2224,2261.578,2101.55,2120,2472107
2022-03-11,2124,2185.592,2115,2172,1537206
2022-03-14,2224,2325,2213,2292,2203967
2022-03-15,2280,2290,2217,2228,988024
2022-03-16,2272,2323,2246,2302,1335353
2022-03-17,2309,2332,2229,2276,3438000
2022-03-18,2263,2330,2241,2273,9335616
2022-03-21,2302,2302,2257,2264,976820
2022-03-22,2257,2288,2246,2283,1004189
2022-03-23,2281,2297,2202,2227,1695439
2022-03-24,2224,2237,2181,2192,2003709
2022-03-25,2184,2190.846,2096,2096,1100264
2022-03-28,2109,2135.746,2083,2093,1677119
2022-03-29,2099,2164.01,2083,2163,1441790
2022-03-30,2162,2174.25,2120.039,2147,1093694
2022-03-31,2167,2182,2125,2151,1336074
2022-04-01,2162,2210,2128,2148,1266968
2022-04-04,2150,2266,2138,2210,1297709
2022-04-05,2200,2228,2180.16,2212,2992750
2022-04-06,2209,2243,2195.741,2237,1509398
2022-04-07,2248,2248,2171,2171,831448
2022-04-08,2199,2199,2159,2192,909811
2022-04-11,2188,2202,2157,2157,917261
2022-04-12,2144,2192,2118,2183,1142015
2022-04-13,2181,2184.88,2122.5,2136,1012488
2022-04-14,2135,2170,2118,2170,817188
2022-04-19,2166,2188,2148.35,2185,594191
2022-04-20,2192,2215,2173,2215,857273
2022-04-21,2222,2274,2208,2247,1460206
2022-04-22,2247,2277.474,2215,2215,1833224
2022-04-25,2180,2211.143,2171,2194,841562
2022-04-26,2219,2247,2180,2180,809107
2022-04-27,2201,2201,2068.9,2076,1602037
2022-04-28,2089,2128,2077.86,2090,1263108
2022-04-29,2108,2120,2081.9,2100,934776
2022-05-03,2079,2133,2075,2133,1294144
2022-05-04,2130,2147,2089.678,2094,1296130
2022-05-05,2138,2143,2094,2095,756364
2022-05-06,2088,2093.676,2028,2039,1067133
2022-05-09,2022,2046,2005,2032,1232939
2022-05-10,2063,2122,2047,2075,1183400
2022-05-11,2077,2095,2053,2087,738720
2022-05-12,2034,2099.741,2029,2097,999815
2022-05-13,2115,2125.04,2097,2111,639051
2022-05-16,2119,2119,2072,2105,686416
2022-05-17,2119,2152,2106,2141,719418
2022-05-18,2151,2160,2116,2116,1558497
2022-05-19,2092,2105,2043.781,2083,1115614
2022-05-20,2105,2163,2105,2120,1000119
2022-05-23,2141,2173,2129.662,2146,786282
2022-05-24,2128,2162,2123.602,2151,1661177
2022-05-25,2159,2176.048,2124,2161,734930
2022-05-26,2162,2247,2161,2242,888693
2022-05-27,2250,2275,2220,2237,1141121
2022-05-30,2259,2275.82,2237,2254,963235
2022-05-31,2248,2250.939,2139,2177,2434034
2022-06-01,2180,2202,2173,2185,1128772
2022-06-06,2232,2275.239,2219,2246,1964919
2022-06-07,2229,2249,2210,2230,829417
2022-06-08,2229,2235.602,2196,2218,1500096
2022-06-09,2200,2204,2147,2193,761760
2022-06-10,2179,2213,2177,2192,1522370
2022-06-13,2174,2197.93,2106,2118,1945388
2022-06-14,2136,2176,2129.9,2150,1184125
2022-06-15,2169,2217.02,2166,2195,1103391
2022-06-16,2102,2102,1932,1932,2206539
2022-06-17,1940,1982.411,1929.5,1937.5,1773599
2022-06-20,1940,1953.5,1851,1851,985332
2022-06-21,1856.5,1879.052,1845,1850,899448
2022-06-22,1843,1843,1794,1808,1879243
2022-06-23,1790.5,1826,1770,1826,1266060
2022-06-24,1827.5,1882.416,1814.5,1871.5,1403081
2022-06-27,1882.5,1916.5,1880,1894.5,975728
2022-06-28,1900.5,1919.822,1892,1909,1711082
2022-06-29,1887,1923,1881.5,1915,3523160
2022-06-30,1884,1884,1817.392,1863,1242253
2022-07-01,1853.5,1897.347,1836,1874,810826
2022-07-04,1886,1899.5,1877,1892.5,1241986
2022-07-05,1904,1914.5,1806.894,1836,889748
2022-07-06,1851,1879,1842,1865,1099863
2022-07-07,1813.5,1825,1740.5,1772.5,2172678
2022-07-08,1762,1787,1734.5,1776.5,1324450
2022-07-11,1755.5,1787,1742,1783.5,683342
2022-07-12,1774.5,1797.5,1761.23,1797.5,1340484
2022-07-13,1800,1812.5,1744.5,1766.5,937859
2022-07-14,1765,1775.5,1727.5,1732,1057280
2022-07-15,1719,1774.913,1717.5,1761.5,1398265
2022-07-18,1778,1803.841,1770,1776,1982575
2022-07-19,1764.5,1811.5,1758,1811.5,876152
2022-07-20,1816.5,1820,1778,1799,1128074
2022-07-21,1809.5,1844,1798,1844,1029951
2022-07-22,1835.5,1863,1822,1857.5,996862
2022-07-25,1856,1884,1829,1876,1066898
2022-07-26,1858.5,1877.49,1825.5,1844,832771
2022-07-27,1849,1867.5,1839,1855,1699684
2022-07-28,1865,1882,1857.5,1882,532024
2022-07-29,1888,1913.5,1882.5,1884,719896
2022-08-01,1887.5,1910.5,1879.5,1904,595849
2022-08-02,1893.5,1897,1823,1825,831180
2022-08-03,1827,1877.5,1821,1875,794448
2022-08-04,1873,1889.5,1861.5,1889.5,566222
2022-08-05,1888.5,1899.5,1847.5,1850.5,433666
2022-08-08,1858,1880.5,1857.5,1864.5,756019
2022-08-09,1867,1868.91,1813.5,1825.5,1243146
2022-08-10,1818,1890.5,1804,1889,976242
2022-08-11,1901,1906,1848.752,1856,837570
2022-08-12,1854.5,1871,1847,1847,613972
2022-08-15,1860,1861.42,1835.5,1855.5,438520
2022-08-16,1857.5,1866,1840.5,1849,657724
2022-08-17,1823.5,1853.5,1698.5,1704,2766897
2022-08-18,1719.5,1751.5,1713.004,1741,1981512
2022-08-19,1728.5,1741.01,1670,1670,2261018
2022-08-22,1672,1678.002,1618,1618,1672870
2022-08-23,1616,1625,1582.5,1582.5,1476392
2022-08-24,1579,1586.87,1531.001,1544,1254010
2022-08-25,1544,1547.5,1462.548,1485,2403216
2022-08-26,1504.5,1527,1488.75,1497.5,1954229
2022-08-30,1492,1531,1492,1500.5,1544669
2022-08-31,1513.5,1517.5,1468.688,1476,1514550
2022-09-01,1466,1486,1447,1470,1552054
2022-09-02,1431,1447,1398,1442,1561046
2022-09-05,1429.5,1459.179,1416.071,1452,1234914
2022-09-06,1450.5,1522,1448,1497,2133931
2022-09-07,1478.5,1506,1457.629,1470,2419480
2022-09-08,1479.5,1498.5,1451.352,1464.5,970583
2022-09-09,1468,1502,1466,1502,1152185
2022-09-12,1489.5,1530.5,1483,1519.5,1592751
2022-09-13,1517,1524.5,1460,1460,1355440
2022-09-14,1455,1466,1416,1421,1115174
2022-09-15,1424.5,1468,1420,1452,1644579
2022-09-16,1434,1456,1428.5,1430,9166283
2022-09-20,1438,1440,1320.5,1337,3082931
2022-09-21,1371,1420,1352,1400,2173716
2022-09-22,1372.5,1401.063,1367.5,1375.5,1149354
2022-09-23,1375,1432.5,1334.5,1350,2731834
2022-09-26,1320,1328,1254.375,1260.5,2967272
2022-09-27,1275.5,1289.5,1203,1208,2804301
2022-09-28,1187,1250,1167.542,1250,4418630
2022-09-29,1243,1250.617,1161.5,1175,2697371
2022-09-30,1186,1239,1182,1237.5,2440530
2022-10-03,1233,1294.618,1221.5,1277,2084936
2022-10-04,1293,1327.5,1282,1303.5,3491545
2022-10-05,1305,1328.5,1253.5,1266.5,1608215
2022-10-06,1287.5,1298.5,1249,1262,1260266
2022-10-07,1259,1262,1216,1216,1336656
2022-10-10,1204.5,1240,1203,1215,1225675
2022-10-11,1207,1222.485,1195,1213.5,1891358
2022-10-12,1196.5,1200.208,1113.5,1138.5,3343044
2022-10-13,1130,1229.5,1120,1196.5,2431532
2022-10-14,1214.5,1248.5,1206,1211,1565539
2022-10-17,1213.5,1284.5,1213.5,1269.5,1935772
2022-10-18,1277,1288,1244.75,1269.5,1701059
2022-10-19,1275,1282.5,1217.251,1233,1487032
2022-10-20,1216.5,1255.5,1197.254,1239,995806
2022-10-21,1229.5,1240.5,1179.5,1218.5,916327
2022-10-24,1229,1273,1225.5,1273,1421690
2022-10-25,1250,1302.5,1236,1302.5,1608976
2022-10-26,1302.5,1334,1295,1322,1367934
2022-10-27,1308,1338.5,1297.5,1321.5,1364160
2022-10-28,1309,1317,1290.242,1312,1189908
2022-10-31,1304.5,1317,1290,1305,1916151
2022-11-01,1318.5,1338.801,1310.5,1322,895658
2022-11-02,1325.5,1327.114,1295,1321,901235
2022-11-03,1299,1311,1277.5,1295,1462508
2022-11-04,1308,1334,1284,1330,1583981
2022-11-07,1320,1357.5,1304.5,1323,1255421
2022-11-08,1240,1265.5,1200,1254,3047077
2022-11-09,1235.5,1283.5,1233.927,1281.5,1467013
2022-11-10,1266.5,1378,1248.5,1378,2026831
2022-11-11,1384,1392,1345,1359,1346256
2022-11-14,1365,1367.093,1322.5,1335,1456972
2022-11-15,1339,1345,1306,1322.5,1553151
2022-11-16,1320,1321.5,1261,1282,1386760
2022-11-17,1286,1302,1277.5,1292,933738
2022-11-18,1290.5,1321,1286,1299.5,902872
2022-11-21,1299.5,1307.5,1283,1293.5,1305569
2022-11-22,1293.5,1307.5,1279.252,1296.5,944950
2022-11-23,1298,1316.032,1277,1314.5,970327
2022-11-24,1323.5,1349,1317.5,1325.5,967219
2022-11-25,1294,1328.5,1279,1328.5,1086858
2022-11-28,1281.5,1308.017,1273.5,1279.5,1229994
2022-11-29,1293.5,1302.5,1263,1270,984304
2022-11-30,1283,1295,1264,1272,1889752
2022-12-01,1309.5,1316.5,1280,1285,866263
2022-12-02,1286.5,1309.5,1275,1295.5,952338
2022-12-05,1250,1293,1245,1276.5,1570683
2022-12-06,1277,1281.5,1253.5,1270,810476
2022-12-07,1261,1276,1244.5,1271,1279627
2022-12-08,1264.5,1275.061,1243.752,1273,1176085
2022-12-09,1277,1293.5,1266.9,1282,1131085
2022-12-12,1280,1283.196,1247.001,1252,844683
2022-12-13,1260.5,1304,1234,1267.5,1416674
2022-12-14,1261.5,1265.55,1249.5,1257,626295
2022-12-15,1244.5,1264.5,1235,1259.5,688675
2022-12-16,1259,1264.25,1205.5,1213,2254590
2022-12-19,1217.5,1232,1205.5,1209,593003
2022-12-20,1203,1209.5,1183.5,1196.5,961590
2022-12-21,1205,1239.5,1204.5,1239.5,805427
2022-12-22,1246.5,1248.1,1225.5,1231,1613210
2022-12-23,1235.5,1249.5,1230,1237.5,302424
2022-12-28,1250,1262,1247,1258,1008544
2022-12-29,1252,1259.5,1240,1255,723527
2022-12-30,1249,1254,1217,1217,395293
2023-01-03,1230.5,1291.251,1230,1272.5,1186611
2023-01-04,1285.5,1316,1273.1,1316,964758
2023-01-05,1301,1328,1296.5,1316,907427
2023-01-06,1336,1340.285,1302.5,1325,753823
2023-01-09,1334.5,1340.5,1295,1295,793564
2023-01-10,1295,1302.5,1275.5,1279,2517113
2023-01-11,1269.5,1296.5,1244.502,1296.5,1464648
2023-01-12,1305,1421.5,1291,1404.5,3139753
2023-01-13,1400.5,1416,1375,1416,1796319
2023-01-16,1418,1451.749,1410,1438.5,1804877
2023-01-17,1441,1442.894,1415,1427.5,1244659
2023-01-18,1439.5,1464.5,1415,1460,1655011
2023-01-19,1450,1457,1379,1379,1312743
2023-01-20,1385.5,1394.28,1365,1373.5,1013892
2023-01-23,1374,1404,1372.13,1395,1108700
2023-01-24,1407,1421.5,1398.35,1407,798675
2023-01-25,1410,1418,1399,1405.5,808256
2023-01-26,1416,1426,1402,1407.5,949040
2023-01-27,1418,1451.5,1402,1443.5,1114989
2023-01-30,1437.5,1446,1413,1422,1119166
2023-01-31,1416,1421,1385,1412,1419612
2023-02-01,1375,1426,1360,1409.5,1616494
2023-02-02,1431,1531,1427,1531,2372049
2023-02-03,1509.5,1510.875,1458.5,1487.5,2200201
2023-02-06,1479,1486.5,1441.5,1450,1697971
2023-02-07,1462.5,1468,1446,1464.5,1236963
2023-02-08,1465,1521.5,1465,1493.5,1660674
2023-02-09,1507.5,1511,1479.002,1504,2456764
2023-02-10,1499.5,1502,1458.35,1491,1086655
2023-02-13,1463.5,1473.5,1430,1436,1394346
2023-02-14,1442.5,1464.5,1409.5,1409.5,1593111
2023-02-15,1426.5,1458.499,1416.747,1450,800990
2023-02-16,1459,1462,1420,1431.5,1003716
2023-02-17,1429,1451,1415.5,1436,1077183
2023-02-20,1446,1470,1442.5,1467,1040632
2023-02-21,1479.5,1479.5,1413.5,1415,1131338
2023-02-22,1409.5,1427,1393.5,1415.5,822776
2023-02-23,1417.5,1433,1405.5,1408.5,1322057
2023-02-24,1415.5,1425,1395,1395,912462
2023-02-27,1412,1438,1411,1438,1188132
2023-02-28,1427,1453,1418,1452.5,2200288
2023-03-01,1327,1355.4,1275.5,1277.5,7240826
2023-03-02,1270,1293,1228,1234,3298626
2023-03-03,1242,1290,1236,1283.5,2451924
2023-03-06,1287.5,1303,1266.5,1299.5,1713418
2023-03-07,1271,1303.5,1271,1294,1864976
2023-03-08,1290,1295,1270,1278.5,1530244
2023-03-09,1278,1287.5,1256.5,1256.5,804421
2023-03-10,1241.5,1260.5,1220.5,1238,1202447
2023-03-13,1240.5,1248,1202,1222.5,1651460
2023-03-14,1219,1254,1212,1229.5,1766664
2023-03-15,1229,1262,1209.5,1214.5,3323089
2023-03-16,1215.5,1247.5,1215.5,1247,1438975
2023-03-17,1244.5,1261.5,1207,1211,5290090
2023-03-20,1204.5,1222.5,1181.5,1211,1609319
2023-03-21,1223.5,1241.85,1223,1232,911029
2023-03-22,1234.5,1240.35,1225,1229,1235809
2023-03-23,1234.5,1242,1218.5,1219.5,1181594
2023-03-24,1214.5,1216.38,1192.84,1200,1349965
2023-03-27,1217.5,1227.5,1209,1209.5,1674759
2023-03-28,1218,1225.5,1187,1201,1409080
2023-03-29,1205.5,1245.5,1199,1236.5,861671
2023-03-30,1246.5,1271.5,1243.56,1270,1172966
2023-03-31,1269.5,1275.5,1250.05,1256,900416
2023-04-03,1264.5,1273.5,1246.5,1256,920503
2023-04-04,1267,1267,1232.05,1239.5,955137
2023-04-05,1240,1242.5,1204,1204,1095786
2023-04-06,1208,1239,1208,1233,953732
2023-04-11,1248,1272,1248,1266,1501829
2023-04-12,1270,1295.5,1268,1276.5,1529939
2023-04-13,1285,1294.259,1222.5,1232.5,2064995
2023-04-14,1237.5,1278.5,1234.5,1274,1906765
2023-04-17,1280,1289.5,1270.5,1278,1288264
2023-04-18,1281,1291,1263,1287,1387489
2023-04-19,1280,1280,1263.5,1273,821707
2023-04-20,1282.5,1282.5,1234,1249,912315
2023-04-21,1251,1258,1237.5,1254.5,3648626
2023-04-24,1257.5,1262.5,1249,1251,526236
2023-04-25,1250,1250,1230.5,1236,935771
2023-04-26,1257,1320.5,1242.35,1296.5,2489793
2023-04-27,1290,1300,1275.75,1282.5,1944513
2023-04-28,1290,1321.5,1279.5,1314,1334772
2023-05-02,1337,1415.38,1326.696,1386.5,2883401
2023-05-03,1386.5,1396,1369.775,1371.5,1659349
2023-05-04,1375,1382,1356.749,1359.5,1147549
2023-05-05,1368.5,1390,1360,1367.5,880966
2023-05-09,1364.5,1367.5,1334,1335.5,2079461
2023-05-10,1339.5,1347.5,1332.5,1339,1076197
2023-05-11,1341.5,1347,1300.5,1304,1404332
2023-05-12,1319.5,1337.5,1307.47,1337.5,875452
2023-05-15,1336.5,1344.25,1329.5,1336.5,668216
2023-05-16,1335,1359,1334.65,1341.5,754302
2023-05-17,1330.5,1336,1314.5,1319.5,2680941
2023-05-18,1329.5,1363,1329.095,1343,837774
2023-05-19,1344,1348,1306,1307,1326012
2023-05-22,1307,1313.5,1301,1308,979385
2023-05-23,1305,1309.5,1283.7,1286,884104
2023-05-24,1238,1249.475,1210.752,1215,1985301
2023-05-25,1217.5,1231,1208.5,1219.5,1032323
2023-05-26,1217.5,1226.5,1194,1226,1679410
2023-05-30,1224.5,1236.5,1211,1215.5,1051408
2023-05-31,1210,1210.5,1196,1201.5,3505967
2023-06-01,1206,1228.5,1199.427,1222.5,747431
2023-06-02,1226.5,1261.5,1220.5,1252.5,1494339
2023-06-05,1254,1265.2,1247.5,1247.5,606677
2023-06-06,1240,1250.5,1233,1250.5,777866
2023-06-07,1249,1249,1221.5,1227.5,1184267
2023-06-08,1228,1238.5,1214,1219.5,869146
2023-06-09,1224,1227.5,1199.5,1213,705225
2023-06-12,1225,1228.975,1214,1220.5,665886
2023-06-13,1228.5,1228.625,1166,1167,2034662
2023-06-14,1161.5,1179,1156.996,1168.5,1248399
2023-06-15,1162,1187,1162,1182,1383702
2023-06-16,1200,1212,1186,1186,3575627
2023-06-19,1182.5,1195.069,1161,1178,901114
2023-06-20,1172.5,1189.006,1169.5,1183,1107958
2023-06-21,1168,1168,1134,1134,1744558
2023-06-22,1121,1136,1086,1103.5,2701369
2023-06-23,1078.5,1087.982,1059,1059,2011787
2023-06-26,1066.5,1069.5,1043,1062,1396111
2023-06-27,1063.5,1063.5,1031.5,1045,1526777
2023-06-28,1043.5,1052.534,1039.5,1041,952520
2023-06-29,1040,1042,1011.5,1018,1508459
2023-06-30,1025.5,1043.5,1021,1025.5,1568758
2023-07-03,1032,1041,1025,1029,1363742
2023-07-04,1015,1034,1004.5,1031,1694800
2023-07-05,1027.5,1029.138,1012.5,1015.5,1451289
2023-07-06,1005,1012.5,962.6,968.6,2677746
2023-07-07,965.6,976,953,974.6,1803099
2023-07-10,966,993.2,957,993.2,1564830
2023-07-11,998.6,1009,992.7999,1008.5,1296802
2023-07-12,1011,1055.75,1003.5,1051,1672552
2023-07-13,1039,1055,1021.5,1049.5,1542658
2023-07-14,1041.5,1071.5,1040,1060.5,1195689
2023-07-17,1056.5,1061.5,1037.5,1047,1605074
2023-07-18,1046,1104,1036.5,1092,1758422
2023-07-19,1159.5,1201,1148.5,1182.5,2529471
2023-07-20,1185.5,1242,1180,1181.5,2464721
2023-07-21,1191.5,1192.937,1167.001,1169,1904863
2023-07-24,1163.5,1194.5,1163.5,1187,1499302
2023-07-25,1182.5,1208,1179.5,1208,910656
2023-07-26,1202,1212.5,1182,1203.5,934888
2023-07-27,1208.5,1221.5,1168,1185,2875617
2023-07-28,1179.5,1184.5,1163.5,1174.5,760755
2023-07-31,1170,1179.5,1154,1159,835596
2023-08-01,1155.5,1170,1140.5,1156,619214
2023-08-02,1144,1161.5,1138,1140,2590443
2023-08-03,1131,1151.08,1119.5,1139,1284665
2023-08-04,1129,1157.5,1126,1147,702757
2023-08-07,1145,1147.5,1131.5,1142.5,2594580
2023-08-08,1132.5,1154,1127.5,1133.5,1162386
2023-08-09,1134,1142.265,1114.5,1123.5,1655253
2023-08-10,1125.5,1182,1123,1148.5,1664841
2023-08-11,1137,1143,1122,1129.5,1736694
2023-08-14,1116,1127,1081.5,1095.5,2106176
2023-08-15,1091.5,1097.5,1068,1072,1568657
2023-08-16,1066.5,1082.98,1051.5,1058.5,1600418
2023-08-17,1045.5,1057.5,1028,1028,1441350
2023-08-18,1021.5,1029.5,1006,1022,1697976
2023-08-21,990.6,1060.25,975,983,1859646
2023-08-22,988.4,995.6,982.0701,984.8,1364416
2023-08-23,988,1007,985.6,1002.5,1514343
2023-08-24,1012.5,1026.5,994,994,1564230
2023-08-25,990.4,1002.649,982.4,987,1369671
2023-08-29,995.6,1045.245,992.057,1039,2150771
2023-08-30,1043,1068,1040,1062.5,1565550
2023-08-31,1059,1080.66,1057.748,1066,2202283
2023-09-01,1071,1074.499,1053.5,1059,2494898
2023-09-04,1069,1080.52,1051.5,1054.5,561958
2023-09-05,1049.5,1059.996,1039.755,1043.5,1063543
2023-09-06,1034,1040,1016.5,1030.5,862825
2023-09-07,1022.5,1035.5,1016,1016,1598727
2023-09-08,1020.5,1023.5,1005,1018,1132103
2023-09-11,1006,1063,1006,1037,1357096
2023-09-12,1042.5,1050,1019.5,1023,1619116
2023-09-13,1017,1067.5,1016,1064,1298895
2023-09-14,1072,1073.5,1050,1071.5,877134
2023-09-15,1094.5,1106,1071,1079,10279610
2023-09-18,1079.5,1084,1029.5,1029.5,1097965
2023-09-19,1031.5,1046.5,1031,1046.5,1619934
2023-09-20,1095,1115,1079,1100,2051460
2023-09-21,1080,1149,1077.25,1092,2061625
2023-09-22,1086.5,1120,1082.5,1103.5,1875021
2023-09-25,1100,1116,1091,1110,1432224
2023-09-26,1107,1118.5,1098.5,1098.5,1969382
2023-09-27,1102,1106,1082.5,1082.5,1097158
2023-09-28,1080,1088.5,1050.5,1052,1413981
2023-09-29,1057.5,1095,1056.5,1077.5,1025129
2023-10-02,1085.5,1093,1033,1037,1231035
2023-10-03,1036.5,1050,1018,1018,807880
2023-10-04,1005,1028.46,1001.764,1008.5,2037216
2023-10-05,1010,1033.5,1009.5,1026.5,1132111
2023-10-06,1032.5,1054.5,1018,1045,1054031
2023-10-09,1046,1050,1022,1029.5,515274
2023-10-10,1040,1068.6,1020.5,1066,642173
2023-10-11,1055.5,1076,1047,1062,873841
2023-10-12,1048.5,1063.5,1032.5,1035,819558
2023-10-13,1031,1063.5,1011,1013,1166031
2023-10-16,1013.5,1038,1013.5,1032,847155
2023-10-17,1021.5,1072.5,998,1069.5,1478440
2023-10-18,1071.5,1077,983,997.4,2517190
2023-10-19,987,1001.45,971.6,980,1505582
2023-10-20,965.6,984.5955,959,973.4,1322623
2023-10-23,976,981.4,947.4001,972.6,1117266
2023-10-24,972,976,925,971.2,1207702
2023-10-25,970.6,970.6001,943.6,960.4,2236883
2023-10-26,946.6,978,925,978,706727
2023-10-27,983.8,995.8,971.2,985.2,615692
2023-10-30,992.2,1016.5,987.2,1004,988473
2023-10-31,1002,1033,987.2,1016,980225
2023-11-01,1023.5,1033,1002.5,1032,1027395
2023-11-02,1044.5,1082,1023,1072,1594426
2023-11-03,1078,1135,1062,1115.5,1597512
2023-11-06,1112,1120.5,1081.275,1081.5,4983320
2023-11-07,1084,1155.036,1075,1145.5,2143280
2023-11-08,1130,1162,1120,1143,1328010
2023-11-09,1142.5,1176.5,1135,1176.5,1783360
2023-11-10,1158.5,1165,1129,1149,1137821
2023-11-13,1153.5,1171,1137.5,1170.5,2271319
2023-11-14,1173,1241,1161.5,1239.5,3185151
2023-11-15,1257.5,1295.5,1232,1236.5,1515550
2023-11-16,1234.5,1243.999,1213,1215,1126685
2023-11-17,1213,1240.8,1202.5,1240,1286619
2023-11-20,1230,1251,1228,1251,595700
2023-11-21,1226,1265.5,1226,1247,1391763
2023-11-22,1245,1272,1230,1251.5,1382011
2023-11-23,1241,1276,1232.5,1253,751010
2023-11-24,1251,1261.5,1240,1257,575419
2023-11-27,1247,1269,1244,1261.5,496889
2023-11-28,1252,1272.5,1227.5,1246.5,1212740
2023-11-29,1243,1262.5,1241.5,1259,817124
2023-11-30,1252,1268,1249.5,1251.5,2276667
2023-12-01,1258.5,1286,1256,1277.5,762811
2023-12-04,1273,1295.5,1267.5,1281.5,784744
2023-12-05,1274,1295.5,1266,1275.5,2575239
2023-12-06,1278,1304,1267,1298.5,2370317
2023-12-07,1305,1313.85,1236.5,1308.5,1029992
2023-12-08,1311,1320,1292.5,1309.5,1302587
2023-12-11,1307,1317,1296.5,1311.5,603129
2023-12-12,1311,1326.5,1286,1288.5,810171
2023-12-13,1302.5,1324,1285.5,1285.5,1802794
2023-12-14,1331.5,1371,1330.5,1358,1395784
2023-12-15,1366.5,1384.5,1349,1361,1922111
2023-12-18,1345,1369.5,1332,1349.5,645142
2023-12-19,1352.5,1375.5,1340,1359.5,3942354
2023-12-20,1403,1425,1351,1385,1206973
2023-12-21,1371,1388,1362.5,1372.5,676142
2023-12-22,1360.5,1388.5,1349.5,1388.5,448510
2023-12-27,1392,1402,1377.5,1390,1260231
2023-12-28,1393.5,1397,1374.25,1383.5,411716
2023-12-29,1386.5,1393,1377.5,1389,247091
2024-01-02,1396,1412.5,1371.5,1378.5,617148
2024-01-03,1362,1375.5,1345.5,1358,936110
2024-01-04,1355.5,1389,1352.75,1387,859503
2024-01-05,1372.5,1400,1363.5,1397,1191354
2024-01-08,1391.5,1454,1389.996,1454,1387645
2024-01-09,1447.5,1447.5,1391.5,1391.5,1562752
2024-01-10,1420,1481.5,1416.5,1478.5,1545771
2024-01-11,1500,1500,1445,1446,1309749
2024-01-12,1450,1468,1422.5,1429,703456
2024-01-15,1428.5,1450.5,1413,1450.5,8300349
2024-01-16,1452,1487,1449.5,1468.5,3704791
2024-01-17,1435,1435,1385.5,1395.5,1615744
2024-01-18,1402,1427.5,1398,1425,1104868
2024-01-19,1470,1475,1430,1438,1396184
2024-01-22,1448,1493,1448,1485,1127725
2024-01-23,1497,1501,1450,1450,1646371
2024-01-24,1453.5,1459.5,1433.5,1454,839701
2024-01-25,1445.5,1461.5,1440.5,1461.5,1313113
2024-01-26,1465.5,1480.5,1448.25,1472.5,902851
2024-01-29,1460,1465.613,1439.5,1450,1832827
2024-01-30,1448.5,1460,1419.5,1457.5,869824
2024-01-31,1457.5,1469.5,1451.5,1463,832044
2024-02-01,1449,1462.5,1432,1442.5,1193296
2024-02-02,1460.5,1475.749,1438,1446.5,849188
2024-02-05,1440,1454.5,1407,1411,905795
2024-02-06,1423,1436,1410.254,1427,636055
2024-02-07,1443,1464,1406,1439,1866037
2024-02-08,1436.5,1449.497,1371.5,1377,1604068
2024-02-09,1372,1403.75,1372,1400.5,1471957
2024-02-12,1410.5,1419,1399.644,1419,542011
2024-02-13,1411.5,1414.285,1353,1361.5,1487248
2024-02-14,1382,1421,1382,1403.5,966872
2024-02-15,1419,1434.5,1410,1420.5,673043
2024-02-16,1429.5,1440.5,1420,1422,804376
2024-02-19,1423.5,1429,1406,1420,806025
2024-02-20,1419.5,1443,1407.5,1428.5,715042
2024-02-21,1427.5,1435.746,1414.449,1421,551703
2024-02-22,1433,1438.5,1400,1414,1549458
2024-02-23,1419,1430,1403,1412.5,1465728
2024-02-26,1373,1399.5,1351,1379.5,1774967
2024-02-27,1381.5,1384.5,1349.5,1370.5,1400402
2024-02-28,1375,1383.5,1331.5,1331.5,2554399
2024-02-29,1340,1371.75,1340,1363.5,2444257
2024-03-01,1380,1386.5,1361.25,1386.5,948762
2024-03-04,1386,1400,1367.252,1400,881349
2024-03-05,1388,1394.5,1370.499,1385,566163
2024-03-06,1387.5,1429,1360,1371,1805755
2024-03-07,1374,1389.5,1363,1372.5,1001439
2024-03-08,1377,1381.243,1345,1355,1892605
2024-03-11,1349.5,1380,1345,1374.5,957205
2024-03-12,1340.5,1352.5,1299.465,1324,2502773
2024-03-13,1313,1334.502,1296.5,1306.5,1966317
2024-03-14,1307.5,1315.751,1284,1286,2301977
2024-03-15,1277.5,1295.5,1267,1287.5,9176111
2024-03-18,1289.5,1314,1282,1289.5,1393140
2024-03-19,1284,1289,1258.5,1263,5107525
2024-03-20,1287,1301,1277.815,1293.5,1023414
2024-03-21,1310,1340.5,1303,1334,1564132
2024-03-22,1335,1348,1318.5,1336,1254734
2024-03-25,1331,1333,1300.5,1302,2685385
2024-03-26,1300,1305,1282,1300.5,1365151
2024-03-27,1302,1306.5,1292,1303.5,1140166
2024-03-28,1311,1320,1301.5,1316,919415
2024-04-02,1300.5,1318.5,1270,1270,1885150
2024-04-03,1264,1300.5,1256,1273,2319500
2024-04-04,1270.5,1301,1269.5,1293.5,1270325
2024-04-05,1275,1282.5,1268.849,1278,1057299
2024-04-08,1275,1292.5,1272,1280.5,1219089
2024-04-09,1274,1286.5,1264.05,1277,948607
2024-04-10,1293.5,1315.5,1258,1265.5,1865033
2024-04-11,1257,1280.5,1256,1265.5,1212733
2024-04-12,1294.5,1313,1275.5,1282,1505058
2024-04-15,1286.5,1313,1280.25,1298.5,1125311
2024-04-16,1272.5,1288.5,1265.21,1270,1232362
2024-04-17,1265,1282.5,1261,1268.5,1476232
2024-04-18,1279.5,1294,1270,1291.5,1076370
2024-04-19,1279,1288,1264.252,1286,1062239
2024-04-22,1302,1340.25,1302,1317.5,2059491
2024-04-23,1325.5,1336,1298.751,1334.5,1314448
2024-04-24,1342.5,1345,1292,1292,1011677
2024-04-25,1291.5,1323,1274,1282.5,1556793
2024-04-26,1296,1324.5,1296,1318,1387612
2024-04-29,1320.5,1328.5,1304,1326,1587619
2024-04-30,1331,1339,1303.5,1304,903126
2024-05-01,1297,1306.5,1283.5,1288.5,1674253
2024-05-02,1290,1310,1280.5,1305.5,1038744
2024-05-03,1318.5,1366.5,1306.5,1366.5,1280124
2024-05-07,1403,1424,1376.5,1414,2586214
2024-05-08,1417.5,1418.5,1386.5,1406.5,1059931
2024-05-09,1406.5,1434,1393.501,1406.5,1358908
2024-05-10,1419,1440.24,1398,1424.5,719857
2024-05-13,1422.5,1433.5,1401,1413.5,1044309
2024-05-14,1412.5,1424.501,1393,1408.5,725891
2024-05-15,1415,1471.5,1400,1471.5,940918
2024-05-16,1472.5,1484,1462.5,1476.5,699094
2024-05-17,1464,1471.499,1452.86,1470.5,572029
2024-05-20,1472.5,1491,1460,1460,545221
2024-05-21,1455.5,1468.5,1448.5,1455,914378
2024-05-22,1424.5,1440,1396,1434.5,2057731
2024-05-23,1431,1485.5,1413.5,1471.5,1176724
2024-05-24,1476.5,1492,1441,1481,614833
2024-05-28,1460,1490,1427.5,1436.5,1251934
2024-05-29,1430.5,1454,1426.5,1429.5,1191295
2024-05-30,1423,1452.5,1416,1443,786415
2024-05-31,1439,1455.5,1429.5,1445,2381118
2024-06-03,1463,1479,1457,1471.5,789251
2024-06-04,1471.5,1492,1456,1484.5,788026
2024-06-05,1495.5,1502.137,1470.5,1481.5,767362
2024-06-06,1479,1498.5,1467.5,1491,617510
2024-06-07,1490,1500,1441.5,1441.5,1026299
2024-06-10,1425,1454.451,1425,1446,1023771
2024-06-11,1467,1481.95,1437,1442,1023861
2024-06-12,1452.5,1506,1433,1498,988028
2024-06-13,1489,1494.5,1434.5,1441,1410002
2024-06-14,1446.5,1446.5,1420,1420,906531
2024-06-17,1429.5,1446.3,1420,1422,539089
2024-06-18,1436,1439.75,1404.5,1404.5,695613
2024-06-19,1400.5,1415,1349,1365,1303887
2024-06-20,1326.5,1373.5,1319.5,1363,2004831
2024-06-21,1369,1377,1348.5,1355.5,2008891
2024-06-24,1357.5,1371.5,1347.5,1365.5,622276
2024-06-25,1360,1368,1344,1355,728394
2024-06-26,1361.5,1373,1339,1348,774283
2024-06-27,1357.5,1366,1339.5,1352,540091
2024-06-28,1362,1366,1345.38,1352,747064
2024-07-01,1357.5,1389,1343.5,1372,1522492
2024-07-02,1362.5,1403.4,1353.5,1389.5,1408586
2024-07-03,1398.5,1421,1394.5,1421,3639224
2024-07-04,1428,1444.5,1412,1432,870800
2024-07-05,1446,1505.5,1423,1464,1502599
2024-07-08,1455.5,1489.24,1423,1471,993518
2024-07-09,1478,1492,1417,1419,996107
2024-07-10,1423.5,1442.5,1403.5,1442.5,933798
2024-07-11,1452,1485.4,1428.5,1484,752821
2024-07-12,1492,1498,1471.5,1496,1330531
2024-07-15,1490,1505,1475.5,1493.5,2310310
2024-07-16,1479.5,1502.5,1471,1501,814061
2024-07-17,1500,1510.5,1490,1501.5,1367975
2024-07-18,1511,1547.5,1492,1536,843210
2024-07-19,1530,1539.216,1492,1517.5,625551
2024-07-22,1525,1536,1505.5,1505.5,650061
2024-07-23,1507,1510.5,1487.905,1502,654391
2024-07-24,1488,1527,1469,1522,711620
2024-07-25,1503.5,1536.5,1491.5,1532.5,470632
2024-07-26,1529.5,1565.5,1527.5,1560,639806
2024-07-29,1576,1591,1564.5,1580,845301
2024-07-30,1579.5,1596.21,1574.75,1582,1044849
2024-07-31,1594.5,1612.5,1586.5,1588.5,768707
2024-08-01,1590.5,1618.301,1577,1588.5,894955
2024-08-02,1566.5,1592,1541.5,1556.5,1066358
2024-08-05,1520,1526,1474.5,1507,1164413
2024-08-06,1524.5,1526.5,1481.5,1501.5,1090489
2024-08-07,1519.5,1552,1510.5,1538.5,1867985
2024-08-08,1579.5,1588.5,1543.5,1581.5,2292650
2024-08-09,1590,1606.5,1574,1577,537288
2024-08-12,1589.5,1600,1577,1577.5,541340
2024-08-13,1585,1610,1578,1610,1054024
2024-08-14,1619,1677,1614,1664.5,1671659
2024-08-15,1670.5,1681.5,1659,1679.5,2045647
2024-08-16,1682,1685,1645,1655,692622
2024-08-19,1650,1681,1648,1681,615110
2024-08-20,1678,1701.5,1675.63,1683,1202035
2024-08-21,1678,1703,1678,1701,2737853
2024-08-22,1698.5,1712.5,1688,1701,1173634
2024-08-23,1701.5,1711.5,1688,1705.5,482663
2024-08-27,1700,1702.5,1632,1632,790644
2024-08-28,1643.5,1651,1630.5,1644,599045
2024-08-29,1646,1660,1636,1636,477467
2024-08-30,1636,1655,1633.5,1644,1339628
2024-09-02,1647,1650,1627,1647,611641
2024-09-03,1643,1653.5,1619,1634.5,492887
2024-09-04,1607.5,1621.5,1578.5,1581,1550760
2024-09-05,1581.5,1611.5,1573.5,1604.5,1601785
2024-09-06,1600.5,1604.5,1565,1583,1422186
2024-09-09,1593,1604,1581.5,1594.5,465993
2024-09-10,1596,1618.5,1587,1610,491896
2024-09-11,1618.5,1618.858,1573,1588.5,1096039
2024-09-12,1609,1630,1594.5,1630,607272
2024-09-13,1628.5,1645.5,1618.5,1639.5,500979
2024-09-16,1634,1664,1630.5,1654,568199
2024-09-17,1673,1697.5,1663.5,1676.5,924828
2024-09-18,1667.5,1680,1655.5,1679.5,1400154
2024-09-19,1700,1705.5,1673,1693.5,1818662
2024-09-20,1682.5,1697.5,1658.945,1659,2472523
2024-09-23,1659,1675,1647,1669.5,606692
2024-09-24,1681.5,1700,1669,1681.5,1076893
2024-09-25,1670,1681.5,1631,1641,1360975
2024-09-26,1666.5,1673.5,1640.291,1651,1264653
2024-09-27,1645.5,1669,1637,1662.5,776048
2024-09-30,1654,1663,1636.5,1643.5,660029
2024-10-01,1650,1672.5,1638.5,1645.5,466821
2024-10-02,1630,1645.5,1608,1624,1207306
2024-10-03,1625.5,1689,1621.5,1647,1038643
2024-10-04,1645.5,1684,1643.5,1659.5,519682
2024-10-07,1664,1672.5,1619,1629.5,1135194
2024-10-08,1602,1611,1570,1608,908229
2024-10-09,1624,1642.5,1597.5,1599,333998
2024-10-10,1595.5,1607,1565,1573.5,924391
2024-10-11,1580,1592.5,1575.5,1587,391791
2024-10-14,1587,1601,1580.352,1601,507395
2024-10-15,1614.5,1666.5,1604.719,1662,1263684
2024-10-16,1687,1721.8,1669.5,1720,1477461
2024-10-17,1702,1705.5,1671,1688.5,803804
2024-10-18,1677.5,1685,1650.5,1659.5,903300
2024-10-21,1662.5,1677.664,1630.5,1630.5,850146
2024-10-22,1616,1632.5,1601,1601,633883
2024-10-23,1600.5,1629.5,1591,1601,751612
2024-10-24,1604,1606.5,1572.65,1581.5,1127258
2024-10-25,1577,1603.5,1571,1574,1164271
2024-10-28,1578.5,1605.5,1577.05,1605.5,921957
2024-10-29,1610.5,1614,1580.5,1598.5,1432110
2024-10-30,1591,1661.5,1585.5,1585.5,1596941
2024-10-31,1563.5,1575.5,1448.5,1467,2097930
2024-11-01,1468,1494.25,1459.5,1459.5,963322
2024-11-04,1452.5,1475.5,1449,1460.5,771235
2024-11-05,1460,1492.089,1451,1471,1039070
2024-11-06,1445.5,1475,1336,1343.5,2983048
2024-11-07,1347.5,1352.5,1322,1342.5,1344420
2024-11-08,1340,1345.232,1311,1314,1023976
2024-11-11,1322,1336.5,1302.5,1311.5,1083160
2024-11-12,1298,1311.5,1278,1279.5,2213618
2024-11-13,1271.5,1279,1244,1257.5,1421769
2024-11-14,1253,1288,1231,1270,1755807
2024-11-15,1268,1284.5,1259,1272,1149767
2024-11-18,1275,1278.5,1251.5,1259.5,1698479
2024-11-19,1263,1283.5,1253,1279.5,729423
2024-11-20,1284.5,1287.5,1228,1239,871719
2024-11-21,1243.5,1265.5,1229.5,1241.5,980341
2024-11-22,1248.5,1281.5,1247,1258,1562034
2024-11-25,1269,1291,1263,1286.5,1582564
2024-11-26,1276,1284,1254.928,1262,1301825
2024-11-27,1264.5,1283.5,1261.5,1267,1127882
2024-11-28,1275.5,1278,1242,1248,714236
2024-11-29,1243,1258,1240.5,1258,736172
2024-12-02,1220,1245.5,1204.5,1241.5,957361
2024-12-03,1260,1269,1244,1246.5,1067954
2024-12-04,1244,1282,1237.5,1274.5,1839720
2024-12-05,1274,1281.5,1260,1276.5,1935676
2024-12-06,1276.5,1297.5,1273.5,1287.5,1300952
2024-12-09,1295.5,1304.498,1275,1304,707976
2024-12-10,1302,1304.5,1279,1281.5,946416
2024-12-11,1280.5,1309.5,1269,1299.5,2259647
2024-12-12,1297,1302.5,1273,1277.5,1116380
2024-12-13,1272,1280,1257.5,1266.5,1239165
2024-12-16,1255.5,1255.5,1223,1235.5,1248373
2024-12-17,1230.5,1248.5,1223.5,1239,1285327
2024-12-18,1246,1261.5,1220,1222,1569011
2024-12-19,1203.5,1225.5,1197.5,1207,887816
2024-12-20,1201.5,1218.5,1197,1211.5,1355803
2024-12-23,1200,1216.5,1191.508,1211,503271
2024-12-24,1203.5,1220,1182,1182,523126
2024-12-27,1183.5,1191,1179.663,1186,571941
2024-12-30,1179.5,1193.5,1170.5,1177.5,486163
2024-12-31,1178,1198,1177.5,1198,221247
2025-01-02,1203,1210.5,1182,1184,481433
2025-01-03,1180,1187.5,1139.5,1139.5,1423570
2025-01-06,1147.5,1170.5,1140,1161.5,1187898
2025-01-07,1158.5,1163.217,1115,1115,1493691
2025-01-08,1117.5,1124,1085.5,1087.5,2290581
2025-01-09,1066,1095.5,1056,1092,1900363
2025-01-10,1119,1120.5,1071,1077,2094054
2025-01-13,1065,1080.5,1047,1056,2224333
2025-01-14,1131.5,1136,1098,1114,2878461
2025-01-15,1140.5,1183.5,1139,1163,2413215
2025-01-16,1166.5,1179.5,1140,1179.5,2359050
2025-01-17,1199,1220,1187.5,1201,2342336
2025-01-20,1202.5,1228.25,1192.5,1214,899841
2025-01-21,1208,1213.5,1197.5,1205.5,853359
2025-01-22,1213.5,1227.5,1205,1211,1031115
2025-01-23,1210.5,1262,1203.504,1258.5,2300628
2025-01-24,1261,1277,1224.5,1245,1576169
2025-01-27,1233,1262.747,1232.5,1242,637378
2025-01-28,1240.5,1280.732,1233,1275.5,1265582
2025-01-29,1278.5,1284,1259.5,1259.5,1649001
2025-01-30,1260.5,1281.495,1247,1269,928160
2025-01-31,1268,1277.5,1255,1266,1506760
2025-02-03,1243.5,1276,1228.5,1265,1257764
2025-02-04,1262,1280.5,1250.5,1261,957749
2025-02-05,1255,1289,1249.5,1278.5,1171511
2025-02-06,1284.5,1330,1255.25,1259,1450679
2025-02-07,1257.5,1269.93,1225,1232,1465131
2025-02-10,1233,1263.5,1233,1261,1201291
2025-02-11,1245,1245,1220.431,1241.5,1133503
2025-02-12,1244,1270,1213.5,1224,1897109
2025-02-13,1239,1255.119,1225.5,1254,1447118
2025-02-14,1261.5,1270.5,1244,1245,1008327
2025-02-17,1240.5,1254.5,1216.5,1233,1053951
2025-02-18,1237.5,1242.122,1221,1229,870887
2025-02-19,1221,1228,1197.5,1214,967763
2025-02-20,1211.5,1222.5,1205,1217,879304
2025-02-21,1213.5,1230.5,1207,1208.5,952972
2025-02-24,1205.5,1231,1201,1211,883646
2025-02-25,1196,1217,1190.5,1205.5,1266637
2025-02-26,1207,1217,1171.5,1175,3018500
2025-02-27,1170.5,1175.5,1142,1150.5,2291274
2025-02-28,1128.5,1211,1123.5,1205,21423330
2025-03-03,1197,1215,1191.5,1195.5,1299093
2025-03-04,1184.5,1192,1157.35,1168,5239190
2025-03-05,1165.5,1187,1151.5,1160.5,1680968
2025-03-06,1162,1185.5,1151,1159,4663167
2025-03-07,1158,1186.5,1150,1178,1576529
2025-03-10,1187.5,1196,1163.5,1170.5,1978265
2025-03-11,1223.5,1238.5,1187.5,1234.5,2993588
2025-03-12,1236,1236.125,1175,1194,1688380
