Date,Open,High,Low,Close,Volume
2000-01-03,1.602,1.6122,1.5986,1.6061,0
2000-01-04,1.6016,1.6077,1.5998,1.6039,0
2000-01-05,1.6016,1.6084,1.5999,1.6042,0
2000-01-06,1.6048,1.6092,1.5994,1.6039,0
2000-01-07,1.6013,1.6115,1.5976,1.6103,0
2000-01-10,1.6089,1.6115,1.6058,1.6087,0
2000-01-11,1.6085,1.6131,1.6053,1.6108,0
2000-01-12,1.6088,1.6135,1.6056,1.6117,0
2000-01-13,1.6099,1.615,1.6072,1.6123,0
2000-01-14,1.6115,1.617,1.6076,1.6136,0
2000-01-17,1.6144,1.6172,1.6082,1.6151,0
2000-01-18,1.6137,1.6167,1.6097,1.6129,0
2000-01-19,1.613,1.6162,1.6098,1.6143,0
2000-01-20,1.6138,1.6179,1.6079,1.6111,0
2000-01-21,1.6101,1.6153,1.6056,1.6108,0
2000-01-24,1.609,1.6158,1.6084,1.6118,0
2000-01-25,1.611,1.6167,1.6077,1.6125,0
2000-01-26,1.6119,1.6172,1.6086,1.6123,0
2000-01-27,1.6124,1.6163,1.6074,1.6135,0
2000-01-28,1.6114,1.6157,1.6051,1.6092,0
2000-01-31,1.6081,1.6128,1.6039,1.6061,0
2000-02-01,1.6076,1.6131,1.6039,1.6099,0
2000-02-02,1.608,1.6154,1.6064,1.6112,0
2000-02-03,1.6104,1.6147,1.6024,1.6069,0
2000-02-04,1.6072,1.612,1.6027,1.6065,0
2000-02-07,1.6054,1.6095,1.6033,1.607,0
2000-02-08,1.606,1.6108,1.6023,1.6079,0
2000-02-09,1.6073,1.6133,1.605,1.6086,0
2000-02-10,1.6091,1.6123,1.6019,1.6061,0
2000-02-11,1.6054,1.6084,1.601,1.606,0
2000-02-14,1.6014,1.6111,1.6014,1.6077,0
2000-02-15,1.6073,1.6101,1.6022,1.6059,0
2000-02-16,1.6052,1.608,1.6008,1.6043,0
2000-02-17,1.6037,1.6109,1.6003,1.6044,0
2000-02-18,1.6038,1.6067,1.5995,1.605,0
2000-02-21,1.6021,1.6057,1.6003,1.6029,0
2000-02-22,1.6022,1.6109,1.6015,1.6084,0
2000-02-23,1.607,1.6137,1.6057,1.6113,0
2000-02-24,1.6111,1.6136,1.6065,1.6095,0
2000-02-25,1.6081,1.6118,1.6043,1.6076,0
2000-02-28,1.608,1.6157,1.6018,1.6069,0
2000-02-29,1.6049,1.6345,1.6,1.6058,0
2000-03-01,1.6056,1.6115,1.6016,1.6071,0
2000-03-02,1.6058,1.6191,1.6019,1.6041,0
2000-03-03,1.6054,1.6109,1.6024,1.6067,0
2000-03-06,1.6055,1.6104,1.603,1.6085,0
2000-03-07,1.6069,1.612,1.602,1.6067,0
2000-03-08,1.6047,1.6097,1.6026,1.6065,0
2000-03-09,1.6058,1.6094,1.6028,1.6076,0
2000-03-10,1.6072,1.6121,1.6024,1.6098,0
2000-03-13,1.6087,1.6131,1.6044,1.6116,0
2000-03-14,1.6091,1.6143,1.608,1.6128,0
2000-03-15,1.6107,1.6147,1.6077,1.6124,0
2000-03-16,1.6095,1.6162,1.6065,1.6118,0
2000-03-17,1.6109,1.6166,1.6079,1.6126,0
2000-03-20,1.6116,1.6162,1.6053,1.6123,0
2000-03-21,1.6123,1.6159,1.6076,1.6114,0
2000-03-22,1.6079,1.6143,1.6064,1.6088,0
2000-03-23,1.6083,1.6112,1.5947,1.5993,0
2000-03-24,1.5986,1.6037,1.584,1.5876,0
2000-03-27,1.5862,1.593,1.5847,1.589,0
2000-03-28,1.5888,1.5932,1.5862,1.5909,0
2000-03-29,1.5897,1.5995,1.5848,1.5944,0
2000-03-30,1.5937,1.5963,1.5879,1.5928,0
2000-03-31,1.5918,1.5947,1.5874,1.5916,0
2000-04-03,1.59,1.5925,1.5773,1.5782,0
2000-04-04,1.5753,1.5848,1.5658,1.5745,0
2000-04-05,1.5758,1.58,1.5688,1.5748,0
2000-04-06,1.5713,1.5777,1.567,1.5708,0
2000-04-07,1.5703,1.5783,1.5656,1.5694,0
2000-04-10,1.5675,1.5784,1.5658,1.5728,0
2000-04-11,1.5718,1.5761,1.5685,1.5745,0
2000-04-12,1.5739,1.5811,1.5706,1.5755,0
2000-04-13,1.5737,1.5772,1.5683,1.5697,0
2000-04-14,1.5691,1.577,1.5666,1.5698,0
2000-04-17,1.5726,1.5755,1.5643,1.5708,0
2000-04-18,1.5696,1.5771,1.5631,1.576,0
2000-04-19,1.5747,1.5785,1.5641,1.5702,0
2000-04-20,1.5684,1.5754,1.5672,1.5722,0
2000-04-21,1.5718,1.5747,1.5684,1.5719,0
2000-04-24,1.5712,1.5753,1.5677,1.5725,0
2000-04-25,1.572,1.5754,1.5676,1.573,0
2000-04-26,1.572,1.5784,1.5671,1.572,0
2000-04-27,1.572,1.5791,1.5672,1.572,0
2000-04-28,1.5719,1.5808,1.5627,1.5662,0
2000-05-01,1.5656,1.5677,1.5601,1.564,0
2000-05-02,1.562,1.5679,1.5542,1.5598,0
2000-05-03,1.5568,1.5598,1.5373,1.5449,0
2000-05-04,1.5439,1.5519,1.5375,1.5501,0
2000-05-05,1.5486,1.5559,1.5411,1.5512,0
2000-05-08,1.5511,1.5566,1.5448,1.5478,0
2000-05-09,1.5462,1.5592,1.5429,1.5561,0
2000-05-10,1.5567,1.5633,1.5516,1.5594,0
2000-05-11,1.5557,1.5619,1.5509,1.557,0
2000-05-12,1.5561,1.5614,1.5489,1.5565,0
2000-05-15,1.5529,1.5597,1.5517,1.5569,0
2000-05-16,1.5483,1.557,1.5442,1.55,0
2000-05-17,1.5497,1.554,1.5453,1.5531,0
2000-05-18,1.5522,1.5579,1.548,1.555,0
2000-05-19,1.5546,1.5564,1.5469,1.5499,0
2000-05-22,1.55,1.556,1.548,1.5543,0
2000-05-23,1.5537,1.5665,1.5523,1.5621,0
2000-05-24,1.5613,1.5674,1.5547,1.5585,0
2000-05-25,1.5583,1.5649,1.5544,1.5636,0
2000-05-26,1.5618,1.5692,1.559,1.5658,0
2000-05-29,1.5558,1.5702,1.5555,1.5674,0
2000-05-30,1.5663,1.5759,1.5641,1.5686,0
2000-05-31,1.5667,1.5829,1.5649,1.5768,0
2000-06-01,1.5751,1.5792,1.5673,1.5711,0
2000-06-02,1.5703,1.58,1.5676,1.5741,0
2000-06-05,1.5749,1.5775,1.5696,1.5736,0
2000-06-06,1.5706,1.5779,1.5675,1.5712,0
2000-06-07,1.5707,1.5737,1.5654,1.5681,0
2000-06-08,1.5691,1.5728,1.562,1.5662,0
2000-06-09,1.5663,1.5693,1.5617,1.5653,0
2000-06-12,1.5643,1.5665,1.5577,1.5616,0
2000-06-13,1.561,1.5706,1.559,1.5624,0
2000-06-14,1.5632,1.5677,1.5601,1.5634,0
2000-06-15,1.5636,1.5671,1.5593,1.5619,0
2000-06-16,1.5609,1.566,1.5566,1.5604,0
2000-06-19,1.5591,1.5645,1.5575,1.5604,0
2000-06-20,1.5595,1.5618,1.5518,1.5549,0
2000-06-21,1.5537,1.5564,1.5458,1.5491,0
2000-06-22,1.5487,1.5526,1.5425,1.5486,0
2000-06-23,1.548,1.5546,1.5448,1.5514,0
2000-06-26,1.5501,1.5539,1.5443,1.5476,0
2000-06-27,1.5468,1.5513,1.5419,1.5467,0
2000-06-28,1.5449,1.5562,1.5423,1.5504,0
2000-06-29,1.5495,1.5599,1.5468,1.5572,0
2000-06-30,1.5565,1.5622,1.5539,1.5569,0
2000-07-03,1.5557,1.5597,1.5504,1.5556,0
2000-07-04,1.555,1.5571,1.5501,1.5539,0
2000-07-05,1.553,1.5559,1.5446,1.5474,0
2000-07-06,1.5466,1.5515,1.5438,1.5454,0
2000-07-07,1.5456,1.5508,1.5399,1.5437,0
2000-07-10,1.5421,1.5517,1.5404,1.5506,0
2000-07-11,1.5497,1.5543,1.5467,1.5504,0
2000-07-12,1.5494,1.5579,1.5488,1.5568,0
2000-07-13,1.5542,1.5581,1.5465,1.5501,0
2000-07-14,1.5496,1.5531,1.5444,1.5493,0
2000-07-17,1.5481,1.5528,1.5444,1.5486,0
2000-07-18,1.5481,1.5526,1.5433,1.5484,0
2000-07-19,1.5486,1.5532,1.5449,1.5493,0
2000-07-20,1.5504,1.5535,1.5462,1.5504,0
2000-07-21,1.5519,1.5575,1.5476,1.5555,0
2000-07-24,1.554,1.5573,1.5517,1.5545,0
2000-07-25,1.5548,1.5574,1.5477,1.5514,0
2000-07-26,1.5505,1.5568,1.5493,1.5545,0
2000-07-27,1.5539,1.5567,1.545,1.5505,0
2000-07-28,1.5492,1.5535,1.5449,1.5473,0
2000-07-31,1.5464,1.551,1.543,1.5475,0
2000-08-01,1.5472,1.5496,1.5355,1.5443,0
2000-08-02,1.5441,1.5483,1.5373,1.5419,0
2000-08-03,1.5418,1.5512,1.538,1.5455,0
2000-08-04,1.544,1.5513,1.5411,1.5487,0
2000-08-07,1.5466,1.5504,1.5445,1.5483,0
2000-08-08,1.5476,1.5492,1.5412,1.5438,0
2000-08-09,1.5424,1.5477,1.5407,1.5463,0
2000-08-10,1.5452,1.5512,1.5426,1.5477,0
2000-08-11,1.5471,1.5578,1.5459,1.5539,0
2000-08-14,1.5545,1.5587,1.5507,1.5567,0
2000-08-15,1.5571,1.5636,1.5538,1.5615,0
2000-08-16,1.5604,1.5676,1.5567,1.5632,0
2000-08-17,1.563,1.5665,1.559,1.5645,0
2000-08-18,1.5634,1.5666,1.5577,1.5602,0
2000-08-21,1.5607,1.563,1.5557,1.5616,0
2000-08-22,1.561,1.5645,1.5561,1.5602,0
2000-08-23,1.5598,1.5625,1.5461,1.5497,0
2000-08-24,1.55,1.554,1.542,1.5445,0
2000-08-25,1.5456,1.5507,1.5401,1.5419,0
2000-08-28,1.541,1.5468,1.5398,1.5425,0
2000-08-29,1.5417,1.5487,1.541,1.5466,0
2000-08-30,1.5456,1.5523,1.5418,1.5466,0
2000-08-31,1.5457,1.5537,1.5419,1.5476,0
2000-09-01,1.546,1.5553,1.5435,1.5519,0
2000-09-04,1.5515,1.5562,1.5482,1.5536,0
2000-09-05,1.5524,1.5555,1.5457,1.5526,0
2000-09-06,1.5516,1.5553,1.5426,1.5474,0
2000-09-07,1.549,1.5533,1.5353,1.5495,0
2000-09-08,1.5479,1.5518,1.5396,1.5439,0
2000-09-11,1.5428,1.5488,1.5193,1.5219,0
2000-09-12,1.5221,1.5292,1.5134,1.5252,0
2000-09-13,1.5253,1.5354,1.5188,1.523,0
2000-09-14,1.5225,1.5353,1.5146,1.5313,0
2000-09-15,1.5324,1.5362,1.5211,1.5252,0
2000-09-18,1.5233,1.5296,1.5191,1.5223,0
2000-09-19,1.5239,1.5252,1.5077,1.512,0
2000-09-20,1.5129,1.5163,1.5038,1.5101,0
2000-09-21,1.5085,1.5196,1.505,1.5179,0
2000-09-22,1.5155,1.5674,1.513,1.5187,0
2000-09-25,1.5233,1.5268,1.5129,1.5166,0
2000-09-26,1.517,1.5273,1.5146,1.5223,0
2000-09-27,1.5221,1.5295,1.5195,1.5236,0
2000-09-28,1.522,1.531,1.5204,1.524,0
2000-09-29,1.5244,1.5294,1.5199,1.5241,0
2000-10-02,1.5267,1.5278,1.5202,1.5235,0
2000-10-03,1.5234,1.5258,1.5127,1.5168,0
2000-10-04,1.5163,1.5212,1.5118,1.518,0
2000-10-05,1.5163,1.5247,1.5135,1.5217,0
2000-10-06,1.5217,1.5295,1.515,1.5191,0
2000-10-09,1.5197,1.5234,1.5173,1.5212,0
2000-10-10,1.52,1.5246,1.5163,1.5204,0
2000-10-11,1.5195,1.5218,1.5064,1.5132,0
2000-10-12,1.5119,1.5143,1.5011,1.5038,0
2000-10-13,1.5039,1.5159,1.4998,1.5156,0
2000-10-16,1.5129,1.523,1.505,1.509,0
2000-10-17,1.5086,1.5154,1.5045,1.5104,0
2000-10-18,1.5087,1.5137,1.4838,1.4998,0
2000-10-19,1.4976,1.5088,1.4968,1.5048,0
2000-10-20,1.5035,1.5098,1.4986,1.5009,0
2000-10-23,1.5007,1.5053,1.4977,1.5016,0
2000-10-24,1.5008,1.5065,1.4982,1.503,0
2000-10-25,1.5024,1.5092,1.4965,1.5074,0
2000-10-26,1.5061,1.5161,1.5025,1.5127,0
2000-10-27,1.5104,1.5274,1.5057,1.516,0
2000-10-30,1.5196,1.5309,1.515,1.52,0
2000-10-31,1.5201,1.5298,1.5139,1.5264,0
2000-11-01,1.527,1.5299,1.5208,1.5275,0
2000-11-02,1.5267,1.5344,1.5221,1.5268,0
2000-11-03,1.5257,1.5488,1.5181,1.5196,0
2000-11-06,1.5213,1.5367,1.5152,1.5219,0
2000-11-07,1.5211,1.5297,1.5185,1.5209,0
2000-11-08,1.52,1.5263,1.5134,1.5195,0
2000-11-09,1.5182,1.5281,1.5151,1.5205,0
2000-11-10,1.5197,1.5271,1.5164,1.5241,0
2000-11-13,1.5246,1.528,1.5151,1.5202,0
2000-11-14,1.5175,1.5233,1.516,1.5212,0
2000-11-15,1.5208,1.5292,1.5179,1.5259,0
2000-11-16,1.525,1.5294,1.5225,1.5238,0
2000-11-17,1.524,1.5294,1.5177,1.5272,0
2000-11-20,1.5287,1.5311,1.523,1.5261,0
2000-11-21,1.5254,1.5281,1.5153,1.5218,0
2000-11-22,1.5209,1.5261,1.5164,1.5205,0
2000-11-23,1.5206,1.5241,1.5154,1.5219,0
2000-11-24,1.5209,1.5283,1.5124,1.5141,0
2000-11-27,1.5166,1.5192,1.5102,1.5125,0
2000-11-28,1.5118,1.5171,1.5058,1.5091,0
2000-11-29,1.5093,1.5166,1.5057,1.5105,0
2000-11-30,1.5097,1.5151,1.504,1.5087,0
2000-12-01,1.5082,1.5165,1.5068,1.5147,0
2000-12-04,1.5123,1.5207,1.5073,1.5104,0
2000-12-05,1.5075,1.5152,1.5044,1.5091,0
2000-12-06,1.5078,1.5186,1.506,1.5153,0
2000-12-07,1.5143,1.5192,1.5089,1.5124,0
2000-12-08,1.5112,1.5212,1.5058,1.5194,0
2000-12-11,1.5002,1.5122,1.4978,1.5014,0
2000-12-12,1.5005,1.5083,1.4987,1.5081,0
2000-12-13,1.5052,1.5116,1.5005,1.5043,0
2000-12-14,1.5028,1.5097,1.5011,1.5061,0
2000-12-15,1.5064,1.5116,1.5024,1.5063,0
2000-12-18,1.503,1.5083,1.4998,1.5032,0
2000-12-19,1.5021,1.5124,1.5005,1.5063,0
2000-12-20,1.5061,1.521,1.504,1.5181,0
2000-12-21,1.5184,1.5282,1.5169,1.5213,0
2000-12-22,1.5209,1.5331,1.5182,1.5197,0
2000-12-25,1.5182,1.5264,1.5121,1.5213,0
2000-12-26,1.522,1.5244,1.5166,1.5211,0
2000-12-27,1.516,1.5314,1.5144,1.5228,0
2000-12-28,1.5218,1.5311,1.5177,1.5196,0
2000-12-29,1.5183,1.5284,1.5148,1.5179,0
2001-01-02,1.5174,1.5267,1.5132,1.5212,0
2001-01-03,1.5197,1.5271,1.5042,1.5134,0
2001-01-04,1.5125,1.5264,1.5107,1.5252,0
2001-01-05,1.5248,1.5343,1.5222,1.5319,0
2001-01-08,1.5294,1.5351,1.5222,1.5242,0
2001-01-09,1.5228,1.5284,1.5196,1.5244,0
2001-01-10,1.522,1.5319,1.5193,1.5255,0
2001-01-11,1.5238,1.538,1.5237,1.5368,0
2001-01-12,1.5353,1.544,1.5318,1.5408,0
2001-01-15,1.5403,1.5478,1.535,1.5408,0
2001-01-16,1.54,1.5439,1.5346,1.54,0
2001-01-17,1.5388,1.5421,1.5328,1.5383,0
2001-01-18,1.5363,1.542,1.5237,1.5283,0
2001-01-19,1.527,1.5335,1.5236,1.5303,0
2001-01-22,1.5297,1.5369,1.5269,1.5312,0
2001-01-23,1.5309,1.5373,1.5289,1.5318,0
2001-01-24,1.5304,1.535,1.5265,1.5296,0
2001-01-25,1.5286,1.5335,1.5212,1.5261,0
2001-01-26,1.5243,1.5333,1.5217,1.5268,0
2001-01-29,1.5265,1.5298,1.5182,1.5199,0
2001-01-30,1.5191,1.5268,1.5153,1.5257,0
2001-01-31,1.5244,1.534,1.5224,1.5317,0
2001-02-01,1.5309,1.5369,1.529,1.532,0
2001-02-02,1.5313,1.5417,1.5273,1.5398,0
2001-02-05,1.5365,1.5449,1.5348,1.5382,0
2001-02-06,1.5364,1.5417,1.5339,1.541,0
2001-02-07,1.5397,1.5419,1.5342,1.5365,0
2001-02-08,1.5353,1.5387,1.5293,1.5343,0
2001-02-09,1.5331,1.5373,1.5289,1.535,0
2001-02-12,1.5376,1.5423,1.5323,1.5396,0
2001-02-13,1.5394,1.5415,1.5325,1.5357,0
2001-02-14,1.5355,1.5394,1.5308,1.5337,0
2001-02-15,1.5325,1.5354,1.5287,1.5304,0
2001-02-16,1.5302,1.5445,1.5291,1.5321,0
2001-02-19,1.5306,1.5399,1.529,1.5383,0
2001-02-20,1.5371,1.5395,1.5315,1.536,0
2001-02-21,1.5356,1.5427,1.5297,1.5335,0
2001-02-22,1.5326,1.5428,1.5249,1.5315,0
2001-02-23,1.531,1.5399,1.5291,1.5365,0
2001-02-26,1.5364,1.5393,1.5314,1.5364,0
2001-02-27,1.536,1.5411,1.5322,1.5386,0
2001-02-28,1.5409,1.5451,1.5348,1.5419,0
2001-03-01,1.5413,1.5476,1.534,1.5353,0
2001-03-02,1.5351,1.5461,1.5328,1.5395,0
2001-03-05,1.5394,1.5408,1.5334,1.5356,0
2001-03-06,1.5337,1.5422,1.532,1.54,0
2001-03-07,1.5389,1.5425,1.5347,1.5405,0
2001-03-08,1.5393,1.5431,1.536,1.5409,0
2001-03-09,1.5389,1.546,1.5348,1.5422,0
2001-03-12,1.54,1.5439,1.5365,1.5393,0
2001-03-13,1.5377,1.5428,1.5344,1.5396,0
2001-03-14,1.539,1.5414,1.5324,1.5395,0
2001-03-15,1.5386,1.5469,1.5327,1.5392,0
2001-03-16,1.5367,1.5409,1.5295,1.5347,0
2001-03-19,1.5338,1.5368,1.5297,1.5333,0
2001-03-20,1.5327,1.5408,1.5298,1.5349,0
2001-03-21,1.5349,1.539,1.5268,1.5328,0
2001-03-22,1.5325,1.5353,1.5207,1.5313,0
2001-03-23,1.5312,1.5362,1.5281,1.5318,0
2001-03-26,1.5325,1.5375,1.5278,1.5358,0
2001-03-27,1.5351,1.5389,1.527,1.5347,0
2001-03-28,1.534,1.5357,1.5277,1.5299,0
2001-03-29,1.5287,1.5331,1.5185,1.5252,0
2001-03-30,1.5248,1.5319,1.5163,1.529,0
2001-04-02,1.524,1.5297,1.5217,1.527,0
2001-04-03,1.5263,1.5314,1.5246,1.5287,0
2001-04-04,1.5268,1.5305,1.5214,1.5288,0
2001-04-05,1.5276,1.5331,1.5241,1.5281,0
2001-04-06,1.5267,1.5349,1.5243,1.5296,0
2001-04-09,1.5278,1.5326,1.5252,1.5283,0
2001-04-10,1.5275,1.5304,1.5224,1.5266,0
2001-04-11,1.5257,1.5289,1.5157,1.5193,0
2001-04-12,1.5183,1.5379,1.5023,1.5229,0
2001-04-13,1.5222,1.5248,1.5191,1.522,0
2001-04-16,1.522,1.525,1.5176,1.5235,0
2001-04-17,1.5227,1.53,1.5183,1.5274,0
2001-04-18,1.526,1.5422,1.5226,1.5296,0
2001-04-19,1.53,1.5355,1.525,1.5292,0
2001-04-20,1.5292,1.5347,1.5262,1.5302,0
2001-04-23,1.5287,1.5335,1.527,1.5282,0
2001-04-24,1.5287,1.5344,1.5244,1.5328,0
2001-04-25,1.5324,1.5352,1.5283,1.5321,0
2001-04-26,1.5311,1.5409,1.5292,1.5387,0
2001-04-27,1.5382,1.541,1.5298,1.5398,0
2001-04-30,1.539,1.5408,1.5339,1.54,0
2001-05-01,1.5382,1.5438,1.5358,1.5416,0
2001-05-02,1.5409,1.5457,1.5386,1.5433,0
2001-05-03,1.5426,1.5483,1.5386,1.5421,0
2001-05-04,1.5405,1.5523,1.5396,1.5434,0
2001-05-07,1.5424,1.5459,1.54,1.5413,0
2001-05-08,1.5413,1.5438,1.5387,1.5419,0
2001-05-09,1.541,1.5431,1.5356,1.5414,0
2001-05-10,1.5404,1.5493,1.5334,1.5365,0
2001-05-11,1.5352,1.5397,1.5309,1.5329,0
2001-05-14,1.5327,1.5352,1.529,1.5311,0
2001-05-15,1.5304,1.5342,1.5284,1.5318,0
2001-05-16,1.5312,1.5353,1.5274,1.5324,0
2001-05-17,1.5317,1.5369,1.5296,1.535,0
2001-05-18,1.5341,1.5367,1.5312,1.5367,0
2001-05-21,1.5324,1.5355,1.5291,1.5332,0
2001-05-22,1.5319,1.5357,1.5258,1.5292,0
2001-05-23,1.5293,1.5304,1.5217,1.5247,0
2001-05-24,1.524,1.5344,1.518,1.5234,0
2001-05-25,1.5223,1.5293,1.5217,1.5277,0
2001-05-28,1.5256,1.5307,1.5236,1.5286,0
2001-05-29,1.5277,1.5296,1.5214,1.5252,0
2001-05-30,1.5226,1.5284,1.5217,1.5237,0
2001-05-31,1.5218,1.5268,1.5174,1.5197,0
2001-06-01,1.5179,1.5243,1.5167,1.5216,0
2001-06-04,1.5187,1.524,1.5149,1.5179,0
2001-06-05,1.517,1.5202,1.5107,1.5177,0
2001-06-06,1.5167,1.5214,1.5138,1.5203,0
2001-06-07,1.5178,1.527,1.5174,1.5233,0
2001-06-08,1.5235,1.5265,1.5185,1.5254,0
2001-06-11,1.5224,1.5265,1.5164,1.5215,0
2001-06-12,1.5209,1.5272,1.5179,1.5263,0
2001-06-13,1.5251,1.5303,1.5222,1.5287,0
2001-06-14,1.5293,1.5304,1.521,1.5281,0
2001-06-15,1.5277,1.5336,1.5221,1.5319,0
2001-06-18,1.533,1.5337,1.5259,1.5303,0
2001-06-19,1.5301,1.5315,1.5254,1.528,0
2001-06-20,1.5278,1.5296,1.5215,1.5247,0
2001-06-21,1.526,1.5297,1.5174,1.5189,0
2001-06-22,1.5182,1.5213,1.5146,1.5197,0
2001-06-25,1.5191,1.523,1.5157,1.5195,0
2001-06-26,1.5187,1.5246,1.5179,1.524,0
2001-06-27,1.5235,1.5256,1.5142,1.5172,0
2001-06-28,1.5155,1.5238,1.515,1.5197,0
2001-06-29,1.5194,1.5263,1.5167,1.5249,0
2001-07-02,1.5234,1.5265,1.5171,1.5219,0
2001-07-03,1.5216,1.5272,1.5185,1.5231,0
2001-07-04,1.5223,1.5278,1.5164,1.5236,0
2001-07-05,1.5217,1.5258,1.5167,1.524,0
2001-07-06,1.5209,1.5281,1.5159,1.5198,0
2001-07-09,1.5201,1.529,1.5161,1.5261,0
2001-07-10,1.5235,1.5287,1.5188,1.5204,0
2001-07-11,1.52,1.5239,1.5121,1.5184,0
2001-07-12,1.5166,1.5201,1.5083,1.5114,0
2001-07-13,1.5107,1.5151,1.5077,1.5128,0
2001-07-16,1.5105,1.5193,1.5096,1.512,0
2001-07-17,1.5103,1.5158,1.5049,1.5075,0
2001-07-18,1.5065,1.5094,1.4992,1.5047,0
2001-07-19,1.5044,1.5101,1.5009,1.5059,0
2001-07-20,1.5065,1.5105,1.5007,1.504,0
2001-07-23,1.5013,1.5093,1.5009,1.5069,0
2001-07-24,1.5056,1.5091,1.5034,1.5056,0
2001-07-25,1.5057,1.5114,1.5023,1.5097,0
2001-07-26,1.5085,1.5128,1.5067,1.5101,0
2001-07-27,1.5086,1.5124,1.5042,1.5097,0
2001-07-30,1.5089,1.513,1.5054,1.5105,0
2001-07-31,1.509,1.514,1.5075,1.5128,0
2001-08-01,1.5118,1.5161,1.5062,1.5096,0
2001-08-02,1.5094,1.5127,1.5061,1.5108,0
2001-08-03,1.5089,1.5123,1.5042,1.5096,0
2001-08-06,1.5071,1.5095,1.5029,1.5075,0
2001-08-07,1.5061,1.5098,1.5024,1.5075,0
2001-08-08,1.5072,1.5083,1.5009,1.505,0
2001-08-09,1.5049,1.5095,1.502,1.5066,0
2001-08-10,1.5062,1.5146,1.5037,1.5138,0
2001-08-13,1.5118,1.5193,1.5103,1.5179,0
2001-08-14,1.5168,1.5212,1.5128,1.517,0
2001-08-15,1.5144,1.5237,1.5107,1.5189,0
2001-08-16,1.5175,1.5269,1.515,1.5196,0
2001-08-17,1.5188,1.5218,1.5149,1.5215,0
2001-08-20,1.5192,1.5218,1.5145,1.5192,0
2001-08-21,1.5173,1.5196,1.5129,1.5183,0
2001-08-22,1.518,1.5245,1.5152,1.5214,0
2001-08-23,1.5199,1.5227,1.5165,1.5204,0
2001-08-24,1.5187,1.5233,1.5159,1.5233,0
2001-08-27,1.5197,1.5237,1.5171,1.5199,0
2001-08-28,1.5181,1.5202,1.5132,1.5173,0
2001-08-29,1.5172,1.5194,1.5128,1.5182,0
2001-08-30,1.5162,1.5221,1.5115,1.5156,0
2001-08-31,1.5142,1.5193,1.5117,1.5163,0
2001-09-03,1.5103,1.5182,1.5092,1.5157,0
2001-09-04,1.5158,1.5176,1.5104,1.5145,0
2001-09-05,1.5131,1.5147,1.5073,1.5114,0
2001-09-06,1.5118,1.5152,1.5077,1.5122,0
2001-09-07,1.5109,1.5189,1.494,1.5182,0
2001-09-10,1.5104,1.5193,1.5102,1.5164,0
2001-09-11,1.5161,1.5213,1.4908,1.5003,0
2001-09-12,1.5034,1.5191,1.4899,1.5044,0
2001-09-13,1.5038,1.5161,1.4983,1.5021,0
2001-09-14,1.5007,1.5044,1.4931,1.4937,0
2001-09-17,1.4971,1.5014,1.4804,1.4842,0
2001-09-18,1.4839,1.4914,1.475,1.4811,0
2001-09-19,1.4811,1.4857,1.474,1.4781,0
2001-09-20,1.4784,1.4809,1.4688,1.471,0
2001-09-21,1.4695,1.4724,1.4382,1.4448,0
2001-09-24,1.443,1.4663,1.4423,1.465,0
2001-09-25,1.4646,1.4688,1.4551,1.4659,0
2001-09-26,1.4654,1.4807,1.4627,1.4767,0
2001-09-27,1.4755,1.4839,1.4707,1.4812,0
2001-09-28,1.4797,1.4837,1.4684,1.477,0
2001-10-01,1.4774,1.4858,1.4742,1.4835,0
2001-10-02,1.4822,1.4886,1.4763,1.4886,0
2001-10-03,1.4868,1.4897,1.4788,1.4839,0
2001-10-04,1.4831,1.4897,1.4798,1.4874,0
2001-10-05,1.4866,1.4922,1.4812,1.4849,0
2001-10-08,1.4829,1.4853,1.4737,1.4814,0
2001-10-09,1.48,1.4859,1.4757,1.4842,0
2001-10-10,1.4833,1.4865,1.4795,1.4834,0
2001-10-11,1.4825,1.4883,1.4802,1.4844,0
2001-10-12,1.4847,1.4859,1.4782,1.4821,0
2001-10-15,1.4808,1.4834,1.4752,1.4788,0
2001-10-16,1.4768,1.4871,1.4735,1.4849,0
2001-10-17,1.4848,1.4873,1.4779,1.4809,0
2001-10-18,1.4807,1.4827,1.4755,1.4782,0
2001-10-19,1.4783,1.4805,1.4721,1.4768,0
2001-10-22,1.4754,1.483,1.4735,1.4802,0
2001-10-23,1.4778,1.4835,1.4767,1.4787,0
2001-10-24,1.4789,1.4833,1.4748,1.4807,0
2001-10-25,1.48,1.4817,1.4738,1.4761,0
2001-10-26,1.4749,1.4788,1.4715,1.4749,0
2001-10-29,1.4734,1.4774,1.4697,1.4733,0
2001-10-30,1.4723,1.4752,1.4671,1.4698,0
2001-10-31,1.469,1.4731,1.4631,1.4712,0
2001-11-01,1.4702,1.4756,1.4679,1.4723,0
2001-11-02,1.4708,1.4778,1.4689,1.4719,0
2001-11-05,1.4705,1.4757,1.4685,1.472,0
2001-11-06,1.4714,1.4753,1.4686,1.4728,0
2001-11-07,1.4722,1.4767,1.4656,1.4691,0
2001-11-08,1.4676,1.4721,1.4622,1.4646,0
2001-11-09,1.4632,1.4704,1.4619,1.4652,0
2001-11-12,1.4645,1.4722,1.4556,1.464,0
2001-11-13,1.4631,1.4737,1.4623,1.4714,0
2001-11-14,1.4708,1.4744,1.4657,1.469,0
2001-11-15,1.4683,1.474,1.4632,1.4655,0
2001-11-16,1.4647,1.4701,1.4619,1.465,0
2001-11-19,1.4651,1.4681,1.4569,1.459,0
2001-11-20,1.4581,1.4607,1.4535,1.4562,0
2001-11-21,1.4554,1.4592,1.4514,1.453,0
2001-11-22,1.4529,1.4621,1.4506,1.4588,0
2001-11-23,1.4584,1.4651,1.4567,1.4634,0
2001-11-26,1.4608,1.4674,1.4604,1.465,0
2001-11-27,1.4639,1.468,1.4603,1.4629,0
2001-11-28,1.4628,1.4649,1.4516,1.462,0
2001-11-29,1.4612,1.4713,1.458,1.4695,0
2001-11-30,1.469,1.4769,1.4667,1.4715,0
2001-12-03,1.4709,1.4774,1.4685,1.4748,0
2001-12-04,1.4747,1.4762,1.4697,1.4714,0
2001-12-05,1.4708,1.4768,1.4693,1.4728,0
2001-12-06,1.4731,1.4768,1.4705,1.4743,0
2001-12-07,1.4733,1.4824,1.4714,1.476,0
2001-12-10,1.4762,1.4836,1.4746,1.4811,0
2001-12-11,1.4807,1.4831,1.4739,1.4755,0
2001-12-12,1.4754,1.4798,1.4712,1.4752,0
2001-12-13,1.4745,1.4777,1.4699,1.4749,0
2001-12-14,1.4744,1.4779,1.4705,1.4723,0
2001-12-17,1.4716,1.4788,1.4679,1.4744,0
2001-12-18,1.4731,1.4775,1.4713,1.4752,0
2001-12-19,1.4746,1.479,1.4716,1.4748,0
2001-12-20,1.4749,1.4768,1.4643,1.4671,0
2001-12-21,1.4673,1.4707,1.4582,1.4687,0
2001-12-24,1.467,1.4879,1.4619,1.4858,0
2001-12-25,1.4851,1.4902,1.4787,1.4814,0
2001-12-26,1.4807,1.488,1.4772,1.4872,0
2001-12-27,1.4862,1.49,1.4767,1.4835,0
2001-12-28,1.4814,1.4839,1.4765,1.4807,0
2001-12-31,1.4783,1.4842,1.4747,1.4785,0
2002-01-02,1.4781,1.4868,1.4748,1.4855,0
2002-01-03,1.4854,1.4888,1.4802,1.4841,0
2002-01-04,1.4832,1.4849,1.4745,1.4786,0
2002-01-07,1.4775,1.4819,1.4695,1.4735,0
2002-01-08,1.4724,1.4799,1.4669,1.479,0
2002-01-09,1.4782,1.4813,1.4727,1.4795,0
2002-01-10,1.4787,1.485,1.4747,1.4808,0
2002-01-11,1.4806,1.4844,1.4735,1.4779,0
2002-01-14,1.4799,1.483,1.476,1.4808,0
2002-01-15,1.4801,1.4817,1.4754,1.4767,0
2002-01-16,1.4752,1.4772,1.4618,1.4645,0
2002-01-17,1.464,1.4706,1.4627,1.468,0
2002-01-18,1.4673,1.4723,1.4659,1.4696,0
2002-01-21,1.4671,1.4719,1.466,1.4682,0
2002-01-22,1.4673,1.4736,1.4641,1.4721,0
2002-01-23,1.4715,1.4754,1.4648,1.4669,0
2002-01-24,1.467,1.4725,1.4638,1.4711,0
2002-01-25,1.4686,1.4756,1.4632,1.4751,0
2002-01-28,1.4719,1.4776,1.4677,1.4717,0
2002-01-29,1.4704,1.4738,1.4671,1.4707,0
2002-01-30,1.4701,1.4743,1.4663,1.4729,0
2002-01-31,1.4727,1.479,1.4699,1.4766,0
2002-02-01,1.4767,1.481,1.4734,1.4783,0
2002-02-04,1.4774,1.4825,1.4746,1.4779,0
2002-02-05,1.4768,1.4781,1.468,1.4728,0
2002-02-06,1.4715,1.4753,1.4682,1.4714,0
2002-02-07,1.4709,1.4748,1.4684,1.4715,0
2002-02-08,1.4719,1.476,1.4696,1.4753,0
2002-02-11,1.4726,1.4817,1.4726,1.4771,0
2002-02-12,1.4757,1.4809,1.4735,1.4783,0
2002-02-13,1.4789,1.4837,1.4748,1.4813,0
2002-02-14,1.4804,1.4854,1.4779,1.4831,0
2002-02-15,1.4827,1.4859,1.4792,1.4824,0
2002-02-18,1.4819,1.4847,1.4777,1.4801,0
2002-02-19,1.4791,1.4821,1.4766,1.4791,0
2002-02-20,1.479,1.4829,1.4759,1.4793,0
2002-02-21,1.4785,1.4817,1.476,1.4794,0
2002-02-22,1.479,1.483,1.4762,1.4798,0
2002-02-25,1.4787,1.4835,1.4737,1.4756,0
2002-02-26,1.4756,1.4805,1.4721,1.4764,0
2002-02-27,1.4751,1.4798,1.4729,1.4758,0
2002-02-28,1.4754,1.4786,1.4717,1.4748,0
2002-03-01,1.4738,1.4783,1.4723,1.4779,0
2002-03-04,1.4753,1.4823,1.4742,1.477,0
2002-03-05,1.4771,1.4791,1.4738,1.4772,0
2002-03-06,1.4762,1.4788,1.4725,1.4744,0
2002-03-07,1.4739,1.4783,1.4673,1.4724,0
2002-03-08,1.4708,1.4783,1.468,1.4739,0
2002-03-11,1.4719,1.4752,1.4683,1.4704,0
2002-03-12,1.4691,1.4716,1.465,1.4691,0
2002-03-13,1.4688,1.4713,1.4657,1.4676,0
2002-03-14,1.4666,1.4699,1.4583,1.4614,0
2002-03-15,1.459,1.4652,1.4585,1.4625,0
2002-03-18,1.4614,1.4657,1.4595,1.464,0
2002-03-19,1.4631,1.4697,1.4612,1.4638,0
2002-03-20,1.4633,1.4674,1.4608,1.4645,0
2002-03-21,1.4639,1.4668,1.4598,1.4622,0
2002-03-22,1.4616,1.4649,1.4569,1.4617,0
2002-03-25,1.4599,1.464,1.4582,1.4617,0
2002-03-26,1.4604,1.466,1.4564,1.4628,0
2002-03-27,1.4622,1.4682,1.4597,1.4653,0
2002-03-28,1.4642,1.4692,1.4624,1.4663,0
2002-03-29,1.4659,1.4682,1.462,1.4663,0
2002-04-01,1.464,1.4695,1.4595,1.4633,0
2002-04-02,1.4622,1.4652,1.4596,1.463,0
2002-04-03,1.4616,1.4657,1.4592,1.4609,0
2002-04-04,1.4612,1.4657,1.4592,1.4619,0
2002-04-05,1.4625,1.4687,1.4605,1.465,0
2002-04-08,1.4638,1.4681,1.4612,1.4662,0
2002-04-09,1.4649,1.4693,1.4631,1.4681,0
2002-04-10,1.4667,1.471,1.4642,1.4694,0
2002-04-11,1.4686,1.4708,1.463,1.4647,0
2002-04-12,1.4645,1.4686,1.4626,1.4665,0
2002-04-15,1.4651,1.4707,1.4635,1.4673,0
2002-04-16,1.4669,1.4723,1.4649,1.4689,0
2002-04-17,1.4677,1.4736,1.4667,1.4713,0
2002-04-18,1.4697,1.4715,1.4623,1.4678,0
2002-04-19,1.4664,1.4706,1.4635,1.4668,0
2002-04-22,1.4634,1.4702,1.4606,1.4688,0
2002-04-23,1.4683,1.4703,1.4649,1.4665,0
2002-04-24,1.4657,1.4686,1.4633,1.4666,0
2002-04-25,1.466,1.4679,1.4606,1.4631,0
2002-04-26,1.4621,1.4682,1.4609,1.4659,0
2002-04-29,1.464,1.4703,1.4605,1.4638,0
2002-04-30,1.4619,1.4656,1.4538,1.4558,0
2002-05-01,1.4554,1.4581,1.4485,1.4537,0
2002-05-02,1.453,1.4588,1.4505,1.4531,0
2002-05-03,1.4525,1.4584,1.451,1.4548,0
2002-05-06,1.4539,1.4585,1.4537,1.4554,0
2002-05-07,1.4543,1.4605,1.4518,1.4539,0
2002-05-08,1.4517,1.4575,1.4499,1.4554,0
2002-05-09,1.4551,1.4566,1.4509,1.4531,0
2002-05-10,1.452,1.4562,1.4513,1.4542,0
2002-05-13,1.4538,1.4569,1.451,1.4546,0
2002-05-14,1.4544,1.4592,1.452,1.4571,0
2002-05-15,1.4565,1.4594,1.453,1.4591,0
2002-05-16,1.4542,1.461,1.4531,1.4566,0
2002-05-17,1.4568,1.4588,1.4524,1.4547,0
2002-05-20,1.4548,1.4559,1.4503,1.4526,0
2002-05-21,1.4511,1.4558,1.4484,1.4518,0
2002-05-22,1.4493,1.4551,1.4469,1.4512,0
2002-05-23,1.4516,1.4567,1.4501,1.4543,0
2002-05-24,1.4537,1.4607,1.4518,1.4572,0
2002-05-27,1.4573,1.4614,1.4534,1.4566,0
2002-05-28,1.4566,1.4648,1.4543,1.4609,0
2002-05-29,1.4606,1.4699,1.4586,1.4654,0
2002-05-30,1.4636,1.4708,1.4604,1.4643,0
2002-05-31,1.4636,1.4687,1.4603,1.4663,0
2002-06-03,1.4635,1.473,1.4617,1.4727,0
2002-06-04,1.4661,1.4718,1.4645,1.4705,0
2002-06-05,1.4693,1.474,1.4673,1.4705,0
2002-06-06,1.4694,1.478,1.4663,1.4744,0
2002-06-07,1.4732,1.4764,1.4667,1.4702,0
2002-06-10,1.4689,1.477,1.4659,1.4726,0
2002-06-11,1.4719,1.4781,1.4689,1.4752,0
2002-06-12,1.4741,1.4797,1.472,1.4773,0
2002-06-13,1.476,1.4788,1.4733,1.4746,0
2002-06-14,1.4727,1.4788,1.4716,1.4761,0
2002-06-17,1.4717,1.4788,1.4717,1.4763,0
2002-06-18,1.4738,1.4778,1.4728,1.4755,0
2002-06-19,1.4758,1.4786,1.4689,1.4704,0
2002-06-20,1.4697,1.4746,1.4666,1.4706,0
2002-06-21,1.4697,1.4725,1.4646,1.4668,0
2002-06-24,1.4667,1.4713,1.4609,1.4676,0
2002-06-25,1.4668,1.4705,1.4642,1.4675,0
2002-06-26,1.4666,1.4749,1.4633,1.4686,0
2002-06-27,1.4678,1.4743,1.4653,1.4697,0
2002-06-28,1.4685,1.4755,1.4637,1.4685,0
2002-07-01,1.468,1.4732,1.4665,1.4699,0
2002-07-02,1.4692,1.471,1.463,1.4665,0
2002-07-03,1.4654,1.4675,1.4598,1.4632,0
2002-07-04,1.4629,1.4668,1.4612,1.4645,0
2002-07-05,1.4639,1.4694,1.4616,1.4646,0
2002-07-08,1.4677,1.4731,1.4653,1.4704,0
2002-07-09,1.4696,1.4756,1.4667,1.4721,0
2002-07-10,1.471,1.4758,1.4686,1.4697,0
2002-07-11,1.4687,1.4716,1.464,1.4663,0
2002-07-12,1.4656,1.4711,1.4634,1.4694,0
2002-07-15,1.4697,1.4735,1.4637,1.4664,0
2002-07-16,1.466,1.4701,1.4639,1.4665,0
2002-07-17,1.4663,1.4693,1.4614,1.4656,0
2002-07-18,1.465,1.4667,1.4613,1.4647,0
2002-07-19,1.4641,1.469,1.4552,1.4589,0
2002-07-22,1.4584,1.4605,1.4509,1.4546,0
2002-07-23,1.4533,1.4586,1.4499,1.4526,0
2002-07-24,1.4521,1.4577,1.4423,1.4509,0
2002-07-25,1.4502,1.4525,1.4441,1.4458,0
2002-07-26,1.4441,1.4532,1.442,1.4456,0
2002-07-29,1.4463,1.4594,1.4455,1.4589,0
2002-07-30,1.4577,1.4609,1.4532,1.4564,0
2002-07-31,1.4565,1.459,1.4499,1.4519,0
2002-08-01,1.4501,1.4536,1.4452,1.45,0
2002-08-02,1.4487,1.4541,1.4454,1.4487,0
2002-08-05,1.4489,1.4561,1.4425,1.4532,0
2002-08-06,1.4531,1.4592,1.4495,1.4575,0
2002-08-07,1.4566,1.4617,1.4546,1.4576,0
2002-08-08,1.4553,1.4643,1.4547,1.463,0
2002-08-09,1.4622,1.4678,1.4559,1.4577,0
2002-08-12,1.4574,1.4642,1.4551,1.4622,0
2002-08-13,1.4617,1.467,1.4594,1.4624,0
2002-08-14,1.4621,1.4652,1.4563,1.4612,0
2002-08-15,1.4565,1.4662,1.4565,1.4627,0
2002-08-16,1.4626,1.4689,1.4593,1.4654,0
2002-08-19,1.4651,1.4699,1.4624,1.4678,0
2002-08-20,1.4683,1.4719,1.4646,1.4676,0
2002-08-21,1.4668,1.4722,1.4651,1.4693,0
2002-08-22,1.467,1.4741,1.4654,1.473,0
2002-08-23,1.472,1.4751,1.4691,1.4713,0
2002-08-26,1.47,1.4748,1.4677,1.4715,0
2002-08-27,1.4699,1.4748,1.4646,1.4671,0
2002-08-28,1.4648,1.4731,1.4644,1.4702,0
2002-08-29,1.469,1.4725,1.4664,1.4708,0
2002-08-30,1.4692,1.4733,1.4668,1.4721,0
2002-09-02,1.4656,1.4739,1.4656,1.4722,0
2002-09-03,1.4691,1.4735,1.4646,1.4666,0
2002-09-04,1.465,1.4673,1.4601,1.4631,0
2002-09-05,1.4639,1.4655,1.4567,1.4584,0
2002-09-06,1.457,1.4622,1.4549,1.4566,0
2002-09-09,1.456,1.4616,1.4546,1.4588,0
2002-09-10,1.4583,1.4637,1.458,1.4602,0
2002-09-11,1.4588,1.4674,1.4576,1.4657,0
2002-09-12,1.4647,1.4714,1.4617,1.4686,0
2002-09-13,1.4672,1.4706,1.4619,1.4663,0
2002-09-16,1.4641,1.4707,1.4622,1.4686,0
2002-09-17,1.4674,1.4749,1.4649,1.4691,0
2002-09-18,1.4684,1.4725,1.4616,1.4707,0
2002-09-19,1.4685,1.47,1.4608,1.4633,0
2002-09-20,1.4624,1.4676,1.4598,1.4662,0
2002-09-23,1.4633,1.4665,1.4606,1.4644,0
2002-09-24,1.4634,1.4665,1.4599,1.464,0
2002-09-25,1.464,1.467,1.46,1.464,0
2002-09-26,1.4634,1.4701,1.4603,1.468,0
2002-09-27,1.4675,1.4689,1.4642,1.4659,0
2002-09-30,1.4666,1.4681,1.4527,1.4568,0
2002-10-01,1.4563,1.4639,1.4532,1.4625,0
2002-10-02,1.4625,1.465,1.4552,1.4586,0
2002-10-03,1.4574,1.4622,1.4561,1.4608,0
2002-10-04,1.4592,1.465,1.4568,1.4603,0
2002-10-07,1.4589,1.464,1.4575,1.4627,0
2002-10-08,1.4607,1.4691,1.4605,1.4662,0
2002-10-09,1.4664,1.4686,1.4626,1.4634,0
2002-10-10,1.4643,1.4657,1.4597,1.4642,0
2002-10-11,1.4632,1.4678,1.4611,1.4638,0
2002-10-14,1.4633,1.4645,1.459,1.4623,0
2002-10-15,1.4615,1.4689,1.4607,1.4668,0
2002-10-16,1.4657,1.4708,1.464,1.4664,0
2002-10-17,1.466,1.4716,1.4641,1.4676,0
2002-10-18,1.4686,1.4708,1.466,1.4697,0
2002-10-21,1.4694,1.4716,1.4652,1.4709,0
2002-10-22,1.4706,1.4725,1.4662,1.4689,0
2002-10-23,1.4676,1.4703,1.4643,1.4668,0
2002-10-24,1.4659,1.469,1.4635,1.4676,0
2002-10-25,1.4666,1.4689,1.4632,1.4665,0
2002-10-28,1.4651,1.4709,1.4631,1.4655,0
2002-10-29,1.4644,1.4677,1.4614,1.4653,0
2002-10-30,1.4651,1.4664,1.4617,1.4645,0
2002-10-31,1.4643,1.4683,1.4598,1.4631,0
2002-11-01,1.4622,1.4645,1.4564,1.4614,0
2002-11-04,1.4607,1.4651,1.4601,1.4627,0
2002-11-05,1.4623,1.4652,1.4579,1.4628,0
2002-11-06,1.4621,1.4653,1.4592,1.4627,0
2002-11-07,1.4621,1.4668,1.4596,1.4637,0
2002-11-08,1.4631,1.4658,1.4602,1.462,0
2002-11-11,1.4606,1.4649,1.4595,1.4634,0
2002-11-12,1.4631,1.465,1.4595,1.4617,0
2002-11-13,1.4617,1.4685,1.46,1.4667,0
2002-11-14,1.4664,1.4682,1.463,1.4657,0
2002-11-15,1.4646,1.468,1.4634,1.4654,0
2002-11-18,1.4648,1.4701,1.4634,1.4673,0
2002-11-19,1.4667,1.4703,1.4649,1.4676,0
2002-11-20,1.4676,1.4698,1.4652,1.4688,0
2002-11-21,1.4682,1.471,1.4648,1.4698,0
2002-11-22,1.4693,1.4742,1.4669,1.473,0
2002-11-25,1.4713,1.4769,1.4691,1.4736,0
2002-11-26,1.4729,1.4759,1.4704,1.4739,0
2002-11-27,1.4734,1.4769,1.4706,1.4751,0
2002-11-28,1.4746,1.477,1.4714,1.4754,0
2002-11-29,1.4747,1.4782,1.4724,1.475,0
2002-12-02,1.4734,1.4799,1.4699,1.4721,0
2002-12-03,1.4715,1.475,1.4689,1.4718,0
2002-12-04,1.4716,1.4741,1.4682,1.4728,0
2002-12-05,1.4725,1.4755,1.4694,1.4713,0
2002-12-06,1.4705,1.4747,1.4687,1.4718,0
2002-12-09,1.4731,1.4757,1.4692,1.4729,0
2002-12-10,1.4722,1.4751,1.4711,1.4733,0
2002-12-11,1.4726,1.4755,1.4708,1.474,0
2002-12-12,1.4734,1.4787,1.4716,1.4771,0
2002-12-13,1.4775,1.4811,1.4711,1.4772,0
2002-12-16,1.4759,1.479,1.4725,1.4751,0
2002-12-17,1.4749,1.4762,1.4659,1.467,0
2002-12-18,1.4663,1.4697,1.4608,1.4634,0
2002-12-19,1.4629,1.4655,1.4586,1.462,0
2002-12-20,1.4618,1.4642,1.4587,1.4625,0
2002-12-23,1.4627,1.4643,1.4541,1.4564,0
2002-12-24,1.4549,1.4578,1.4495,1.4514,0
2002-12-25,1.4508,1.4534,1.4427,1.4513,0
2002-12-26,1.45,1.455,1.4492,1.455,0
2002-12-27,1.4543,1.4577,1.45,1.4514,0
2002-12-30,1.4522,1.4569,1.4504,1.4539,0
2002-12-31,1.4533,1.458,1.4485,1.4506,0
2003-01-02,1.4494,1.4551,1.4466,1.4533,0
2003-01-03,1.4527,1.4584,1.4507,1.4571,0
2003-01-06,1.4562,1.4592,1.4534,1.457,0
2003-01-07,1.4564,1.4606,1.4541,1.4579,0
2003-01-08,1.4572,1.4611,1.4523,1.4567,0
2003-01-09,1.4556,1.4613,1.4543,1.4596,0
2003-01-10,1.4591,1.4627,1.4558,1.4598,0
2003-01-13,1.459,1.4629,1.4579,1.4608,0
2003-01-14,1.4606,1.4642,1.4594,1.4629,0
2003-01-15,1.4623,1.4654,1.4601,1.4611,0
2003-01-16,1.4603,1.465,1.4575,1.4596,0
2003-01-17,1.4587,1.4627,1.4562,1.4602,0
2003-01-20,1.4559,1.4636,1.4553,1.4607,0
2003-01-21,1.4605,1.4634,1.4585,1.4627,0
2003-01-22,1.4616,1.4647,1.4596,1.4633,0
2003-01-23,1.4631,1.4657,1.4606,1.4646,0
2003-01-24,1.464,1.468,1.4612,1.4661,0
2003-01-27,1.4646,1.4703,1.4642,1.4685,0
2003-01-28,1.4679,1.4714,1.4652,1.4697,0
2003-01-29,1.4682,1.4709,1.465,1.4693,0
2003-01-30,1.4683,1.4716,1.4642,1.4678,0
2003-01-31,1.4668,1.4708,1.4654,1.4689,0
2003-02-03,1.4688,1.4707,1.4582,1.4674,0
2003-02-04,1.4667,1.4696,1.4635,1.466,0
2003-02-05,1.4651,1.4705,1.4629,1.4668,0
2003-02-06,1.4664,1.4686,1.4609,1.4666,0
2003-02-07,1.4663,1.4692,1.463,1.4666,0
2003-02-10,1.4659,1.4682,1.4631,1.4667,0
2003-02-11,1.4661,1.4691,1.4642,1.4678,0
2003-02-12,1.4669,1.4702,1.4649,1.4692,0
2003-02-13,1.4683,1.4716,1.4658,1.4683,0
2003-02-14,1.4672,1.4721,1.4661,1.4703,0
2003-02-17,1.4662,1.4742,1.4658,1.4713,0
2003-02-18,1.471,1.4728,1.4674,1.4713,0
2003-02-19,1.4703,1.4732,1.4686,1.4701,0
2003-02-20,1.4693,1.4721,1.466,1.4683,0
2003-02-21,1.4675,1.4705,1.4651,1.4697,0
2003-02-24,1.4654,1.4714,1.4615,1.4636,0
2003-02-25,1.4635,1.4664,1.4572,1.4611,0
2003-02-26,1.4605,1.4646,1.4586,1.4617,0
2003-02-27,1.4609,1.4659,1.4602,1.4632,0
2003-02-28,1.462,1.4647,1.4583,1.461,0
2003-03-03,1.4606,1.4644,1.4558,1.4573,0
2003-03-04,1.4565,1.4614,1.4557,1.4584,0
2003-03-05,1.4579,1.4618,1.4559,1.4589,0
2003-03-06,1.4582,1.4657,1.4563,1.4644,0
2003-03-07,1.464,1.4714,1.4617,1.4706,0
2003-03-10,1.4694,1.471,1.4631,1.4649,0
2003-03-11,1.4643,1.4691,1.4631,1.4673,0
2003-03-12,1.4666,1.4698,1.4646,1.4689,0
2003-03-13,1.4681,1.4726,1.4635,1.4676,0
2003-03-14,1.468,1.4708,1.4645,1.468,0
2003-03-17,1.4667,1.4708,1.4636,1.4673,0
2003-03-18,1.4677,1.4734,1.4653,1.4708,0
2003-03-19,1.4701,1.4735,1.4682,1.4728,0
2003-03-20,1.472,1.4783,1.4677,1.4728,0
2003-03-21,1.4722,1.4772,1.4704,1.4764,0
2003-03-24,1.4832,1.484,1.4709,1.4735,0
2003-03-25,1.473,1.4752,1.4696,1.4735,0
2003-03-26,1.4729,1.4778,1.4706,1.4771,0
2003-03-27,1.4764,1.4816,1.4752,1.4784,0
2003-03-28,1.4774,1.4803,1.4727,1.4764,0
2003-03-31,1.4762,1.4795,1.4728,1.4752,0
2003-04-01,1.474,1.4783,1.4729,1.4773,0
2003-04-02,1.4766,1.4866,1.4757,1.4853,0
2003-04-03,1.4846,1.4868,1.4803,1.4837,0
2003-04-04,1.4823,1.4883,1.4814,1.4871,0
2003-04-07,1.4858,1.4893,1.4829,1.4844,0
2003-04-08,1.4838,1.4872,1.4823,1.4859,0
2003-04-09,1.4852,1.4892,1.4834,1.4866,0
2003-04-10,1.4856,1.4978,1.4846,1.4969,0
2003-04-11,1.4962,1.5002,1.4936,1.4977,0
2003-04-14,1.497,1.4991,1.4934,1.4969,0
2003-04-15,1.4962,1.5049,1.4948,1.5036,0
2003-04-16,1.5034,1.5067,1.4934,1.4964,0
2003-04-17,1.4951,1.5037,1.4936,1.503,0
2003-04-18,1.5019,1.5053,1.4997,1.5035,0
2003-04-21,1.5017,1.5106,1.5,1.5086,0
2003-04-22,1.5076,1.5101,1.5002,1.5048,0
2003-04-23,1.504,1.5091,1.5018,1.5071,0
2003-04-24,1.5064,1.5085,1.4975,1.5017,0
2003-04-25,1.501,1.5045,1.4969,1.5025,0
2003-04-28,1.5028,1.5085,1.4998,1.5066,0
2003-04-29,1.5059,1.5102,1.5032,1.5085,0
2003-04-30,1.5078,1.5163,1.5065,1.5157,0
2003-05-01,1.5142,1.5181,1.5063,1.5101,0
2003-05-02,1.5107,1.5134,1.5069,1.5095,0
2003-05-05,1.5089,1.5173,1.5073,1.5153,0
2003-05-06,1.5143,1.5179,1.5099,1.5149,0
2003-05-07,1.5138,1.5171,1.5011,1.5033,0
2003-05-08,1.5031,1.5107,1.5004,1.5075,0
2003-05-09,1.507,1.5154,1.5045,1.5094,0
2003-05-12,1.5134,1.5187,1.508,1.5163,0
2003-05-13,1.5149,1.5181,1.5088,1.5143,0
2003-05-14,1.5138,1.5176,1.5069,1.5139,0
2003-05-15,1.5124,1.5141,1.5022,1.508,0
2003-05-16,1.5075,1.5153,1.5034,1.515,0
2003-05-19,1.5259,1.5267,1.5082,1.5115,0
2003-05-20,1.5108,1.5145,1.5078,1.5118,0
2003-05-21,1.5113,1.5165,1.5047,1.5122,0
2003-05-22,1.5128,1.5166,1.5094,1.5148,0
2003-05-23,1.5141,1.5259,1.5126,1.5255,0
2003-05-26,1.5257,1.5297,1.5216,1.5285,0
2003-05-27,1.527,1.5302,1.5201,1.521,0
2003-05-28,1.5203,1.5273,1.5193,1.5252,0
2003-05-29,1.5242,1.5316,1.5223,1.5278,0
2003-05-30,1.5277,1.5334,1.5239,1.5295,0
2003-06-02,1.5213,1.5308,1.5204,1.5288,0
2003-06-03,1.527,1.5387,1.5261,1.5377,0
2003-06-04,1.5369,1.5399,1.5315,1.535,0
2003-06-05,1.5342,1.5464,1.5318,1.5417,0
2003-06-06,1.5384,1.5506,1.5376,1.5446,0
2003-06-09,1.5445,1.5482,1.5367,1.5414,0
2003-06-10,1.5409,1.5446,1.534,1.5375,0
2003-06-11,1.5361,1.5406,1.5326,1.5366,0
2003-06-12,1.5382,1.5436,1.5336,1.5418,0
2003-06-13,1.5415,1.5506,1.537,1.5389,0
2003-06-16,1.539,1.5468,1.5377,1.5433,0
2003-06-17,1.5435,1.5453,1.5378,1.5432,0
2003-06-18,1.5419,1.5488,1.539,1.5464,0
2003-06-19,1.5453,1.5557,1.5378,1.5406,0
2003-06-20,1.5406,1.5471,1.5388,1.5427,0
2003-06-23,1.5383,1.5441,1.5275,1.5291,0
2003-06-24,1.5289,1.534,1.5257,1.5297,0
2003-06-25,1.5296,1.5385,1.5251,1.5322,0
2003-06-26,1.5329,1.545,1.5318,1.5442,0
2003-06-27,1.543,1.5494,1.5404,1.543,0
2003-06-30,1.5426,1.5565,1.5407,1.555,0
2003-07-01,1.5535,1.5602,1.55,1.5526,0
2003-07-02,1.5519,1.5569,1.5482,1.5514,0
2003-07-03,1.5507,1.5556,1.5453,1.5506,0
2003-07-04,1.5504,1.5519,1.5466,1.551,0
2003-07-07,1.5498,1.5567,1.545,1.5539,0
2003-07-08,1.5541,1.5566,1.5465,1.5495,0
2003-07-09,1.5476,1.5525,1.5403,1.5433,0
2003-07-10,1.5428,1.5534,1.5363,1.5483,0
2003-07-11,1.5479,1.556,1.5432,1.553,0
2003-07-14,1.5549,1.5557,1.5473,1.5494,0
2003-07-15,1.5488,1.5551,1.5449,1.5498,0
2003-07-16,1.5485,1.5516,1.539,1.5429,0
2003-07-17,1.5423,1.5458,1.5332,1.5353,0
2003-07-18,1.5351,1.5398,1.5279,1.5365,0
2003-07-21,1.5329,1.5397,1.5313,1.5364,0
2003-07-22,1.5357,1.5458,1.5344,1.5438,0
2003-07-23,1.5416,1.5482,1.5404,1.5465,0
2003-07-24,1.5451,1.5509,1.5424,1.5446,0
2003-07-25,1.5443,1.5499,1.5427,1.546,0
2003-07-28,1.5454,1.5509,1.5441,1.5467,0
2003-07-29,1.546,1.5514,1.5434,1.5464,0
2003-07-30,1.5466,1.5528,1.5454,1.5516,0
2003-07-31,1.5485,1.5505,1.538,1.5391,0
2003-08-01,1.5382,1.5413,1.5278,1.5387,0
2003-08-04,1.5287,1.5313,1.5277,1.5305,0
2003-08-05,1.5287,1.5375,1.5277,1.5354,0
2003-08-06,1.534,1.5368,1.5301,1.5341,0
2003-08-07,1.5329,1.5405,1.5321,1.5357,0
2003-08-08,1.5354,1.5397,1.5334,1.5373,0
2003-08-11,1.5371,1.5441,1.5332,1.5426,0
2003-08-12,1.5422,1.5462,1.5385,1.5435,0
2003-08-13,1.5431,1.5483,1.5409,1.5465,0
2003-08-14,1.5451,1.5499,1.5398,1.5447,0
2003-08-15,1.5422,1.5471,1.5402,1.5428,0
2003-08-18,1.5438,1.552,1.5426,1.5486,0
2003-08-19,1.5477,1.5511,1.5441,1.5467,0
2003-08-20,1.5459,1.5485,1.5405,1.5426,0
2003-08-21,1.5422,1.5455,1.5373,1.5442,0
2003-08-22,1.5435,1.5452,1.5398,1.5425,0
2003-08-25,1.5418,1.5434,1.5372,1.5389,0
2003-08-26,1.5381,1.5433,1.5306,1.5337,0
2003-08-27,1.5334,1.5404,1.5311,1.5383,0
2003-08-28,1.5379,1.5424,1.5361,1.5392,0
2003-08-29,1.5389,1.5415,1.5348,1.537,0
2003-09-01,1.5368,1.5404,1.5344,1.536,0
2003-09-02,1.5358,1.5387,1.5312,1.5342,0
2003-09-03,1.533,1.5357,1.5283,1.5345,0
2003-09-04,1.5339,1.5406,1.5316,1.5378,0
2003-09-05,1.5374,1.5458,1.5334,1.5347,0
2003-09-08,1.5395,1.5403,1.5393,1.5401,0
2003-09-09,1.5395,1.5494,1.539,1.5474,0
2003-09-10,1.5461,1.5551,1.5453,1.5512,0
2003-09-11,1.5502,1.5568,1.5474,1.5508,0
2003-09-12,1.5502,1.561,1.5473,1.5569,0
2003-09-15,1.5548,1.5596,1.5534,1.5576,0
2003-09-16,1.5565,1.5632,1.5504,1.5533,0
2003-09-17,1.5525,1.5574,1.5471,1.5567,0
2003-09-18,1.5556,1.5618,1.5532,1.5582,0
2003-09-19,1.5575,1.5609,1.5514,1.5567,0
2003-09-22,1.557,1.5606,1.55,1.5534,0
2003-09-23,1.5518,1.5564,1.5488,1.5545,0
2003-09-24,1.5533,1.557,1.5485,1.5532,0
2003-09-25,1.5509,1.554,1.5407,1.5443,0
2003-09-26,1.5426,1.547,1.5389,1.5441,0
2003-09-29,1.541,1.5453,1.5351,1.5367,0
2003-09-30,1.5356,1.5427,1.5314,1.5364,0
2003-10-01,1.5368,1.5437,1.5344,1.5397,0
2003-10-02,1.5393,1.5454,1.5361,1.5409,0
2003-10-03,1.54,1.5503,1.5372,1.5487,0
2003-10-06,1.5451,1.5491,1.5422,1.5457,0
2003-10-07,1.5459,1.5513,1.543,1.5493,0
2003-10-08,1.5474,1.5522,1.5436,1.5501,0
2003-10-09,1.5493,1.5533,1.5452,1.5462,0
2003-10-10,1.5471,1.5525,1.5445,1.5494,0
2003-10-13,1.5485,1.5509,1.5453,1.5489,0
2003-10-14,1.5473,1.5508,1.5415,1.5455,0
2003-10-15,1.5444,1.551,1.5402,1.5478,0
2003-10-16,1.5475,1.5513,1.5444,1.5473,0
2003-10-17,1.547,1.5555,1.5457,1.5513,0
2003-10-20,1.5538,1.5555,1.5478,1.55,0
2003-10-21,1.5496,1.5558,1.5491,1.5522,0
2003-10-22,1.5515,1.5557,1.5489,1.551,0
2003-10-23,1.5476,1.5515,1.5459,1.5473,0
2003-10-24,1.5476,1.5516,1.5424,1.5473,0
2003-10-27,1.5466,1.5494,1.5431,1.5479,0
2003-10-28,1.547,1.5549,1.5445,1.5534,0
2003-10-29,1.5531,1.5555,1.5477,1.5524,0
2003-10-30,1.5519,1.5543,1.5455,1.5507,0
2003-10-31,1.5494,1.5543,1.5467,1.5527,0
2003-11-03,1.5512,1.5613,1.5497,1.5592,0
2003-11-04,1.5578,1.5664,1.5566,1.5656,0
2003-11-05,1.5648,1.5693,1.563,1.5659,0
2003-11-06,1.5653,1.5726,1.5635,1.572,0
2003-11-07,1.5713,1.5733,1.5654,1.5711,0
2003-11-10,1.5705,1.576,1.5692,1.5729,0
2003-11-11,1.5726,1.5753,1.5645,1.5688,0
2003-11-12,1.5682,1.5731,1.5639,1.5716,0
2003-11-13,1.5714,1.5747,1.5673,1.5698,0
2003-11-14,1.5687,1.5709,1.5607,1.5635,0
2003-11-17,1.563,1.5646,1.5525,1.5564,0
2003-11-18,1.5551,1.5616,1.5449,1.5474,0
2003-11-19,1.5461,1.5548,1.5447,1.5537,0
2003-11-20,1.5526,1.5566,1.5455,1.5478,0
2003-11-21,1.5471,1.5499,1.5432,1.5465,0
2003-11-24,1.5463,1.5561,1.5446,1.5543,0
2003-11-25,1.5533,1.5565,1.5506,1.554,0
2003-11-26,1.5531,1.5555,1.5419,1.5429,0
2003-11-27,1.5426,1.5499,1.5407,1.5488,0
2003-11-28,1.548,1.5513,1.5445,1.5484,0
2003-12-01,1.549,1.556,1.5456,1.5536,0
2003-12-02,1.5529,1.5589,1.5498,1.5559,0
2003-12-03,1.5549,1.5609,1.5519,1.5581,0
2003-12-04,1.5572,1.5612,1.5541,1.5575,0
2003-12-05,1.5567,1.5663,1.5473,1.5514,0
2003-12-08,1.5505,1.5538,1.5444,1.5488,0
2003-12-09,1.5487,1.5506,1.5435,1.547,0
2003-12-10,1.5465,1.5503,1.543,1.5482,0
2003-12-11,1.5473,1.5549,1.5443,1.5503,0
2003-12-12,1.5501,1.5541,1.5464,1.5507,0
2003-12-15,1.5532,1.5575,1.5486,1.5521,0
2003-12-16,1.5515,1.5568,1.5497,1.5527,0
2003-12-17,1.5516,1.558,1.5496,1.5559,0
2003-12-18,1.5555,1.5589,1.5504,1.5532,0
2003-12-19,1.5519,1.5588,1.5496,1.554,0
2003-12-22,1.553,1.5606,1.5497,1.5596,0
2003-12-23,1.5582,1.5629,1.5564,1.5604,0
2003-12-24,1.5597,1.5619,1.5509,1.5536,0
2003-12-25,1.5521,1.5557,1.5509,1.5545,0
2003-12-26,1.5538,1.5611,1.5504,1.5591,0
2003-12-29,1.557,1.5619,1.5557,1.5605,0
2003-12-30,1.5596,1.5623,1.5549,1.5591,0
2003-12-31,1.5585,1.5614,1.5529,1.5606,0
2004-01-01,1.5601,1.5621,1.5452,1.5609,0
2004-01-02,1.5602,1.5652,1.5522,1.5593,0
2004-01-05,1.5585,1.5652,1.5568,1.5623,0
2004-01-06,1.5615,1.5712,1.56,1.5682,0
2004-01-07,1.5667,1.5714,1.5639,1.5671,0
2004-01-08,1.5664,1.5711,1.5618,1.5659,0
2004-01-09,1.5649,1.5733,1.5632,1.567,0
2004-01-12,1.5662,1.5692,1.5614,1.5655,0
2004-01-13,1.5633,1.5664,1.5572,1.5591,0
2004-01-14,1.5596,1.5633,1.5565,1.5597,0
2004-01-15,1.5581,1.5687,1.5569,1.5663,0
2004-01-16,1.5663,1.571,1.5631,1.5678,0
2004-01-19,1.568,1.573,1.5656,1.5698,0
2004-01-20,1.5687,1.574,1.566,1.5691,0
2004-01-21,1.5682,1.5731,1.565,1.5677,0
2004-01-22,1.5669,1.5712,1.5616,1.5683,0
2004-01-23,1.5674,1.5701,1.5613,1.564,0
2004-01-26,1.5626,1.569,1.5601,1.5673,0
2004-01-27,1.5664,1.5716,1.5625,1.5677,0
2004-01-28,1.567,1.5728,1.5626,1.5665,0
2004-01-29,1.567,1.5676,1.5582,1.5628,0
2004-01-30,1.5623,1.5707,1.5586,1.5687,0
2004-02-02,1.5674,1.5707,1.5623,1.568,0
2004-02-03,1.5672,1.5696,1.5633,1.5675,0
2004-02-04,1.5661,1.5711,1.5612,1.5677,0
2004-02-05,1.5674,1.5722,1.5644,1.569,0
2004-02-06,1.5679,1.5789,1.5633,1.5678,0
2004-02-09,1.5673,1.5715,1.5616,1.5684,0
2004-02-10,1.5683,1.5714,1.5648,1.569,0
2004-02-11,1.5655,1.5796,1.5653,1.5778,0
2004-02-12,1.5772,1.5798,1.5724,1.576,0
2004-02-13,1.5764,1.5826,1.573,1.5778,0
2004-02-16,1.5768,1.5787,1.5722,1.576,0
2004-02-17,1.5751,1.5779,1.5713,1.5757,0
2004-02-18,1.5747,1.5789,1.5718,1.5754,0
2004-02-19,1.5755,1.5799,1.5709,1.5753,0
2004-02-20,1.575,1.5815,1.5728,1.5792,0
2004-02-23,1.5783,1.581,1.5744,1.578,0
2004-02-24,1.5779,1.581,1.5707,1.5749,0
2004-02-25,1.5743,1.5772,1.5702,1.5743,0
2004-02-26,1.5731,1.578,1.5701,1.5763,0
2004-02-27,1.5755,1.5819,1.5729,1.5769,0
2004-03-01,1.575,1.5817,1.573,1.5784,0
2004-03-02,1.5777,1.5879,1.5758,1.5829,0
2004-03-03,1.5822,1.5857,1.5738,1.5777,0
2004-03-04,1.5769,1.5818,1.5738,1.577,0
2004-03-05,1.5762,1.5933,1.5734,1.5793,0
2004-03-08,1.5779,1.584,1.5758,1.5802,0
2004-03-09,1.5799,1.5855,1.5736,1.5793,0
2004-03-10,1.5786,1.5801,1.5725,1.5752,0
2004-03-11,1.5744,1.5765,1.5633,1.5667,0
2004-03-12,1.5645,1.5715,1.561,1.5686,0
2004-03-15,1.5626,1.5685,1.5609,1.5656,0
2004-03-16,1.5646,1.5709,1.5608,1.568,0
2004-03-17,1.5675,1.5716,1.5595,1.5627,0
2004-03-18,1.5618,1.565,1.5534,1.5576,0
2004-03-19,1.5569,1.5633,1.5537,1.5591,0
2004-03-22,1.5579,1.5616,1.5479,1.551,0
2004-03-23,1.5501,1.5536,1.5463,1.5506,0
2004-03-24,1.5511,1.5555,1.5472,1.5484,0
2004-03-25,1.5485,1.5546,1.5448,1.5528,0
2004-03-26,1.5524,1.5606,1.5507,1.5583,0
2004-03-29,1.5567,1.5637,1.5537,1.5615,0
2004-03-30,1.5608,1.5641,1.5534,1.5578,0
2004-03-31,1.5592,1.5623,1.5532,1.5582,0
2004-04-01,1.5581,1.563,1.5536,1.562,0
2004-04-02,1.5616,1.5689,1.5494,1.5659,0
2004-04-05,1.5641,1.5697,1.5617,1.5671,0
2004-04-06,1.5669,1.569,1.5589,1.5621,0
2004-04-07,1.5599,1.5639,1.5509,1.5543,0
2004-04-08,1.5539,1.5568,1.545,1.5496,0
2004-04-09,1.5492,1.5525,1.5461,1.5489,0
2004-04-12,1.5495,1.5531,1.5457,1.5485,0
2004-04-13,1.548,1.556,1.5439,1.5525,0
2004-04-14,1.5546,1.5551,1.5453,1.5526,0
2004-04-15,1.5514,1.5556,1.543,1.5528,0
2004-04-16,1.5512,1.5567,1.5491,1.5539,0
2004-04-19,1.5511,1.5551,1.5471,1.5497,0
2004-04-20,1.5491,1.5591,1.5479,1.5566,0
2004-04-21,1.5553,1.5595,1.5516,1.5561,0
2004-04-22,1.5536,1.5606,1.5498,1.5579,0
2004-04-23,1.5569,1.5627,1.5551,1.558,0
2004-04-26,1.5554,1.5594,1.5488,1.5511,0
2004-04-27,1.5502,1.5521,1.5443,1.5486,0
2004-04-28,1.5484,1.5508,1.5434,1.5454,0
2004-04-29,1.5469,1.5486,1.5411,1.5458,0
2004-04-30,1.545,1.5568,1.5417,1.5545,0
2004-05-03,1.5527,1.5548,1.5486,1.5493,0
2004-05-04,1.5529,1.5571,1.5459,1.5514,0
2004-05-05,1.5499,1.553,1.5436,1.5505,0
2004-05-06,1.5504,1.5539,1.5458,1.5505,0
2004-05-07,1.5499,1.5536,1.5334,1.5465,0
2004-05-10,1.5465,1.5486,1.5368,1.5381,0
2004-05-11,1.5381,1.545,1.5344,1.5391,0
2004-05-12,1.5371,1.5441,1.5335,1.5404,0
2004-05-13,1.5396,1.5441,1.5341,1.5389,0
2004-05-14,1.5383,1.543,1.5358,1.5383,0
2004-05-17,1.5405,1.5431,1.5296,1.5332,0
2004-05-18,1.5323,1.5384,1.5311,1.5336,0
2004-05-19,1.5334,1.5415,1.5302,1.5343,0
2004-05-20,1.5342,1.5402,1.5315,1.5367,0
2004-05-21,1.5364,1.5426,1.5288,1.5331,0
2004-05-24,1.5363,1.5389,1.5323,1.5353,0
2004-05-25,1.5347,1.5408,1.5315,1.5385,0
2004-05-26,1.5392,1.5427,1.5345,1.54,0
2004-05-27,1.5393,1.5419,1.5239,1.5277,0
2004-05-28,1.5269,1.5341,1.5251,1.5305,0
2004-05-31,1.5297,1.532,1.5242,1.5285,0
2004-06-01,1.528,1.5332,1.5231,1.5269,0
2004-06-02,1.5256,1.5309,1.5231,1.5267,0
2004-06-03,1.526,1.5297,1.5236,1.5282,0
2004-06-04,1.5274,1.5311,1.52,1.521,0
2004-06-07,1.5225,1.5268,1.5198,1.5239,0
2004-06-08,1.5235,1.5271,1.5148,1.5179,0
2004-06-09,1.5182,1.5213,1.5101,1.5116,0
2004-06-10,1.511,1.5161,1.5029,1.5071,0
2004-06-11,1.5067,1.5147,1.5017,1.5134,0
2004-06-14,1.5181,1.5181,1.5051,1.5143,0
2004-06-15,1.5139,1.5214,1.5115,1.519,0
2004-06-16,1.5187,1.5281,1.515,1.5213,0
2004-06-17,1.521,1.5241,1.5063,1.5072,0
2004-06-18,1.508,1.513,1.5049,1.5079,0
2004-06-21,1.5092,1.5118,1.5061,1.5095,0
2004-06-22,1.5087,1.5154,1.5083,1.5131,0
2004-06-23,1.513,1.5191,1.5106,1.5154,0
2004-06-24,1.5163,1.5169,1.5081,1.5152,0
2004-06-25,1.5148,1.5211,1.5117,1.5188,0
2004-06-28,1.5187,1.5247,1.5161,1.5225,0
2004-06-29,1.5218,1.5313,1.5199,1.5263,0
2004-06-30,1.5291,1.5312,1.5206,1.5236,0
2004-07-01,1.5228,1.5258,1.5167,1.5189,0
2004-07-02,1.5185,1.5293,1.512,1.5193,0
2004-07-05,1.514,1.5208,1.5125,1.5193,0
2004-07-06,1.5183,1.5219,1.5155,1.52,0
2004-07-07,1.5188,1.5208,1.5161,1.5172,0
2004-07-08,1.5166,1.5206,1.5154,1.5177,0
2004-07-09,1.5179,1.5227,1.5155,1.5182,0
2004-07-12,1.5176,1.5207,1.5155,1.5203,0
2004-07-13,1.5196,1.5262,1.5179,1.5234,0
2004-07-14,1.5226,1.5273,1.519,1.5223,0
2004-07-15,1.5214,1.5303,1.5197,1.5278,0
2004-07-16,1.5273,1.5299,1.5219,1.5263,0
2004-07-19,1.5243,1.5293,1.5225,1.5288,0
2004-07-20,1.528,1.5351,1.5254,1.5341,0
2004-07-21,1.5343,1.5371,1.5299,1.5315,0
2004-07-22,1.5325,1.5354,1.5266,1.5303,0
2004-07-23,1.5295,1.5344,1.5265,1.5329,0
2004-07-26,1.5318,1.5361,1.53,1.5353,0
2004-07-27,1.5345,1.5408,1.5325,1.5375,0
2004-07-28,1.5377,1.54,1.5333,1.5387,0
2004-07-29,1.5358,1.5446,1.5338,1.5418,0
2004-07-30,1.5411,1.5461,1.5332,1.5402,0
2004-08-02,1.5366,1.5417,1.5326,1.5377,0
2004-08-03,1.5381,1.5432,1.5347,1.5411,0
2004-08-04,1.5406,1.5429,1.5339,1.5378,0
2004-08-05,1.5364,1.5404,1.5346,1.5374,0
2004-08-06,1.5367,1.5506,1.5312,1.536,0
2004-08-09,1.5349,1.541,1.5341,1.5391,0
2004-08-10,1.5383,1.546,1.5359,1.5442,0
2004-08-11,1.543,1.545,1.539,1.5423,0
2004-08-12,1.5397,1.5433,1.5356,1.5388,0
2004-08-13,1.5385,1.5404,1.5295,1.5318,0
2004-08-16,1.5325,1.5356,1.5276,1.5337,0
2004-08-17,1.5333,1.5387,1.531,1.5362,0
2004-08-18,1.5358,1.5389,1.5331,1.5358,0
2004-08-19,1.5342,1.5389,1.533,1.537,0
2004-08-20,1.5382,1.5429,1.5335,1.5409,0
2004-08-23,1.541,1.5435,1.5369,1.5415,0
2004-08-24,1.5404,1.5428,1.5347,1.5361,0
2004-08-25,1.5367,1.5434,1.5344,1.5391,0
2004-08-26,1.538,1.5425,1.5366,1.5406,0
2004-08-27,1.539,1.5444,1.5382,1.5404,0
2004-08-30,1.5399,1.5431,1.5374,1.542,0
2004-08-31,1.5411,1.5461,1.5386,1.5426,0
2004-09-01,1.5417,1.5444,1.5323,1.536,0
2004-09-02,1.5352,1.5377,1.5313,1.5354,0
2004-09-03,1.5345,1.5375,1.5223,1.5327,0
2004-09-06,1.5313,1.5347,1.5287,1.5328,0
2004-09-07,1.5322,1.5364,1.5304,1.5341,0
2004-09-08,1.5337,1.5402,1.5318,1.5355,0
2004-09-09,1.5347,1.5419,1.5332,1.5398,0
2004-09-10,1.5402,1.545,1.5361,1.5434,0
2004-09-13,1.542,1.5464,1.5388,1.5448,0
2004-09-14,1.5428,1.5469,1.5402,1.5423,0
2004-09-15,1.5413,1.5461,1.5383,1.5459,0
2004-09-16,1.5426,1.5489,1.5407,1.5459,0
2004-09-17,1.545,1.5497,1.5434,1.5484,0
2004-09-20,1.5457,1.5504,1.5443,1.5482,0
2004-09-21,1.5472,1.5519,1.5425,1.5467,0
2004-09-22,1.5458,1.5489,1.5427,1.5449,0
2004-09-23,1.5444,1.5493,1.5433,1.5469,0
2004-09-24,1.5455,1.5507,1.5433,1.548,0
2004-09-27,1.5474,1.5522,1.5465,1.5506,0
2004-09-28,1.55,1.5539,1.5478,1.5522,0
2004-09-29,1.5528,1.5551,1.549,1.553,0
2004-09-30,1.5521,1.5555,1.5462,1.549,0
2004-10-01,1.5484,1.5536,1.5459,1.553,0
2004-10-04,1.5501,1.5559,1.5486,1.5542,0
2004-10-05,1.5531,1.5561,1.5507,1.5536,0
2004-10-06,1.5533,1.5562,1.5512,1.554,0
2004-10-07,1.5534,1.5555,1.5504,1.553,0
2004-10-08,1.552,1.5552,1.5441,1.5518,0
2004-10-11,1.5501,1.5526,1.5463,1.5489,0
2004-10-12,1.5455,1.5508,1.5455,1.5474,0
2004-10-13,1.5472,1.5495,1.5429,1.5456,0
2004-10-14,1.5446,1.5486,1.5383,1.5408,0
2004-10-15,1.5408,1.5449,1.5368,1.5395,0
2004-10-18,1.538,1.5415,1.5358,1.5391,0
2004-10-19,1.5378,1.5421,1.5361,1.5391,0
2004-10-20,1.5372,1.5413,1.5344,1.5377,0
2004-10-21,1.5364,1.5397,1.5327,1.5358,0
2004-10-22,1.5351,1.5404,1.5334,1.5354,0
2004-10-25,1.5326,1.5358,1.5286,1.533,0
2004-10-26,1.5325,1.5357,1.5294,1.5336,0
2004-10-27,1.5321,1.5365,1.5295,1.5353,0
2004-10-28,1.5333,1.5353,1.5253,1.5297,0
2004-10-29,1.5288,1.5328,1.5235,1.5275,0
2004-11-01,1.5272,1.5337,1.5264,1.5326,0
2004-11-02,1.5323,1.5359,1.529,1.5329,0
2004-11-03,1.5324,1.5362,1.5283,1.5304,0
2004-11-04,1.5311,1.5326,1.5258,1.5286,0
2004-11-05,1.5281,1.5393,1.5244,1.5268,0
2004-11-08,1.5262,1.5296,1.5238,1.5267,0
2004-11-09,1.5255,1.529,1.5234,1.5265,0
2004-11-10,1.5256,1.5278,1.5189,1.5227,0
2004-11-11,1.5224,1.5248,1.516,1.5202,0
2004-11-12,1.5193,1.5249,1.5172,1.5209,0
2004-11-15,1.519,1.5277,1.5182,1.5267,0
2004-11-16,1.5261,1.5278,1.5217,1.5238,0
2004-11-17,1.5233,1.5247,1.5131,1.5156,0
2004-11-18,1.515,1.52,1.5133,1.5175,0
2004-11-19,1.5169,1.519,1.5096,1.5132,0
2004-11-22,1.5121,1.5182,1.5105,1.5171,0
2004-11-23,1.5158,1.5195,1.5126,1.5161,0
2004-11-24,1.5155,1.518,1.5071,1.5095,0
2004-11-25,1.5097,1.5128,1.5062,1.5112,0
2004-11-26,1.511,1.5182,1.498,1.5146,0
2004-11-29,1.5144,1.5193,1.5109,1.5166,0
2004-11-30,1.516,1.5178,1.5078,1.5151,0
2004-12-01,1.5151,1.5237,1.5107,1.5203,0
2004-12-02,1.5212,1.5318,1.5183,1.5275,0
2004-12-03,1.5273,1.5301,1.5175,1.5213,0
2004-12-06,1.5207,1.5309,1.5195,1.5296,0
2004-12-07,1.5294,1.5328,1.5249,1.5315,0
2004-12-08,1.5317,1.5372,1.5285,1.5328,0
2004-12-09,1.5317,1.5361,1.5293,1.531,0
2004-12-10,1.5311,1.5383,1.5288,1.5353,0
2004-12-13,1.5343,1.5381,1.5314,1.5354,0
2004-12-14,1.5359,1.5391,1.5319,1.5354,0
2004-12-15,1.5354,1.5374,1.5263,1.53,0
2004-12-16,1.5299,1.5373,1.5278,1.5334,0
2004-12-17,1.5338,1.5412,1.5309,1.5399,0
2004-12-20,1.5391,1.5419,1.5336,1.5387,0
2004-12-21,1.539,1.5436,1.5352,1.5416,0
2004-12-22,1.5415,1.545,1.5383,1.5433,0
2004-12-23,1.5429,1.5472,1.5409,1.5452,0
2004-12-24,1.5449,1.5486,1.5415,1.5472,0
2004-12-27,1.5457,1.5505,1.5428,1.5465,0
2004-12-28,1.546,1.5483,1.5417,1.5436,0
2004-12-29,1.543,1.547,1.5379,1.5429,0
2004-12-30,1.542,1.5469,1.5393,1.5444,0
2004-12-31,1.5434,1.5494,1.5329,1.5433,0
2005-01-03,1.5445,1.5494,1.5396,1.5459,0
2005-01-04,1.5453,1.5537,1.5416,1.5511,0
2005-01-05,1.5497,1.5552,1.5459,1.5494,0
2005-01-06,1.5491,1.5517,1.5439,1.5474,0
2005-01-07,1.5469,1.5525,1.5437,1.5469,0
2005-01-10,1.5464,1.5519,1.544,1.5462,0
2005-01-11,1.5456,1.5525,1.5431,1.5511,0
2005-01-12,1.5504,1.5551,1.5439,1.5486,0
2005-01-13,1.5482,1.5512,1.5445,1.5491,0
2005-01-14,1.5486,1.5532,1.5452,1.5469,0
2005-01-17,1.5467,1.5492,1.542,1.5463,0
2005-01-18,1.5457,1.5489,1.5398,1.5443,0
2005-01-19,1.5434,1.5461,1.5387,1.5428,0
2005-01-20,1.5422,1.545,1.5382,1.5423,0
2005-01-21,1.5419,1.5511,1.5407,1.5459,0
2005-01-24,1.5455,1.5484,1.5427,1.5454,0
2005-01-25,1.5449,1.5512,1.5416,1.5478,0
2005-01-26,1.5475,1.5514,1.5447,1.5472,0
2005-01-27,1.547,1.5502,1.5432,1.5447,0
2005-01-28,1.5443,1.5502,1.5404,1.5471,0
2005-01-31,1.547,1.5514,1.5454,1.5495,0
2005-02-01,1.5497,1.5556,1.5483,1.5532,0
2005-02-02,1.5533,1.557,1.5467,1.5539,0
2005-02-03,1.5536,1.5613,1.552,1.5598,0
2005-02-04,1.559,1.5639,1.5541,1.5587,0
2005-02-07,1.558,1.5637,1.5552,1.5608,0
2005-02-08,1.5618,1.564,1.5572,1.5594,0
2005-02-09,1.5587,1.5619,1.5547,1.5579,0
2005-02-10,1.5577,1.5623,1.5525,1.5554,0
2005-02-11,1.5554,1.5599,1.5514,1.5575,0
2005-02-14,1.5574,1.5589,1.5512,1.5541,0
2005-02-15,1.5538,1.5563,1.5473,1.5504,0
2005-02-16,1.5493,1.5528,1.5437,1.547,0
2005-02-17,1.5464,1.5499,1.5435,1.5478,0
2005-02-18,1.5475,1.5514,1.5437,1.5463,0
2005-02-21,1.546,1.5481,1.5425,1.545,0
2005-02-22,1.5443,1.5481,1.5341,1.5357,0
2005-02-23,1.5352,1.5404,1.5338,1.5373,0
2005-02-24,1.5372,1.5454,1.5346,1.5437,0
2005-02-25,1.5429,1.5447,1.5385,1.5395,0
2005-02-28,1.5381,1.5416,1.5354,1.5379,0
2005-03-01,1.5375,1.5408,1.5332,1.5368,0
2005-03-02,1.5363,1.5437,1.5332,1.5423,0
2005-03-03,1.5415,1.5499,1.5401,1.5481,0
2005-03-04,1.5479,1.555,1.5448,1.5478,0
2005-03-07,1.5467,1.5554,1.5456,1.553,0
2005-03-08,1.5513,1.5548,1.5457,1.5501,0
2005-03-09,1.5497,1.5558,1.5476,1.5519,0
2005-03-10,1.5512,1.5543,1.5458,1.5488,0
2005-03-11,1.5479,1.5521,1.5451,1.5483,0
2005-03-14,1.5478,1.5537,1.5432,1.5502,0
2005-03-15,1.5494,1.5531,1.5464,1.5504,0
2005-03-16,1.5504,1.5527,1.5435,1.5466,0
2005-03-17,1.5458,1.5493,1.5434,1.5474,0
2005-03-18,1.547,1.5524,1.5451,1.5505,0
2005-03-21,1.5496,1.5536,1.5464,1.5511,0
2005-03-22,1.5504,1.5583,1.5487,1.5547,0
2005-03-23,1.554,1.5576,1.551,1.5535,0
2005-03-24,1.5531,1.5562,1.5501,1.5546,0
2005-03-25,1.5544,1.557,1.5515,1.5547,0
2005-03-28,1.553,1.5568,1.5496,1.5524,0
2005-03-29,1.5522,1.5559,1.5493,1.553,0
2005-03-30,1.5528,1.5547,1.5466,1.5495,0
2005-03-31,1.5494,1.5519,1.5452,1.551,0
2005-04-01,1.5505,1.5565,1.5463,1.553,0
2005-04-04,1.5522,1.5553,1.5499,1.5541,0
2005-04-05,1.5536,1.556,1.5489,1.5511,0
2005-04-06,1.5511,1.5541,1.5468,1.5521,0
2005-04-07,1.5516,1.5541,1.5471,1.5517,0
2005-04-08,1.5518,1.5535,1.546,1.5484,0
2005-04-11,1.5467,1.5512,1.5452,1.5488,0
2005-04-12,1.5482,1.5535,1.5454,1.5494,0
2005-04-13,1.5485,1.5528,1.545,1.5497,0
2005-04-14,1.5495,1.5585,1.5463,1.5547,0
2005-04-15,1.5548,1.5581,1.5486,1.5507,0
2005-04-18,1.55,1.5516,1.5437,1.5467,0
2005-04-19,1.5461,1.5492,1.5403,1.5427,0
2005-04-20,1.5422,1.5463,1.5394,1.5416,0
2005-04-21,1.5403,1.5459,1.5378,1.544,0
2005-04-22,1.5429,1.5469,1.5408,1.5438,0
2005-04-25,1.5425,1.5461,1.5401,1.5437,0
2005-04-26,1.543,1.5464,1.5392,1.5415,0
2005-04-27,1.541,1.5451,1.5385,1.5415,0
2005-04-28,1.5416,1.5431,1.5359,1.5385,0
2005-04-29,1.5378,1.5413,1.5339,1.5391,0
2005-05-02,1.5383,1.5434,1.5363,1.541,0
2005-05-03,1.5401,1.5455,1.5368,1.5428,0
2005-05-04,1.5431,1.5453,1.5386,1.5429,0
2005-05-05,1.5425,1.5496,1.5405,1.5463,0
2005-05-06,1.5458,1.5538,1.5433,1.5496,0
2005-05-09,1.5468,1.5523,1.5438,1.5484,0
2005-05-10,1.5477,1.5501,1.544,1.5469,0
2005-05-11,1.5463,1.5484,1.541,1.5444,0
2005-05-12,1.544,1.5475,1.5408,1.5437,0
2005-05-13,1.5423,1.5482,1.5401,1.5467,0
2005-05-16,1.5456,1.5491,1.5425,1.5444,0
2005-05-17,1.5438,1.5463,1.541,1.5446,0
2005-05-18,1.5437,1.5461,1.5397,1.544,0
2005-05-19,1.5433,1.5466,1.5402,1.5447,0
2005-05-20,1.544,1.5508,1.5426,1.5491,0
2005-05-23,1.5486,1.5507,1.5452,1.5484,0
2005-05-24,1.5474,1.5492,1.5443,1.5464,0
2005-05-25,1.5461,1.5484,1.5436,1.5459,0
2005-05-26,1.5456,1.5492,1.5433,1.5461,0
2005-05-27,1.5456,1.5506,1.544,1.5488,0
2005-05-30,1.5442,1.547,1.5428,1.545,0
2005-05-31,1.5445,1.5459,1.534,1.536,0
2005-06-01,1.5348,1.5379,1.529,1.5317,0
2005-06-02,1.5312,1.5377,1.5296,1.5358,0
2005-06-03,1.5355,1.5397,1.531,1.5328,0
2005-06-06,1.5324,1.5341,1.529,1.5314,0
2005-06-07,1.531,1.5332,1.5279,1.5299,0
2005-06-08,1.53,1.5374,1.5282,1.535,0
2005-06-09,1.5344,1.536,1.5305,1.5342,0
2005-06-10,1.5333,1.5402,1.5314,1.5381,0
2005-06-13,1.5372,1.5408,1.5327,1.5387,0
2005-06-14,1.5389,1.5425,1.5351,1.5373,0
2005-06-15,1.5367,1.5426,1.5348,1.5396,0
2005-06-16,1.5389,1.5427,1.5366,1.5401,0
2005-06-17,1.5394,1.5485,1.5376,1.5456,0
2005-06-20,1.5419,1.546,1.5408,1.5443,0
2005-06-21,1.5439,1.5459,1.5391,1.5417,0
2005-06-22,1.5409,1.5446,1.5377,1.5421,0
2005-06-23,1.542,1.5447,1.5366,1.5399,0
2005-06-24,1.5391,1.5436,1.5357,1.5414,0
2005-06-27,1.5405,1.5448,1.5387,1.5426,0
2005-06-28,1.5418,1.547,1.5402,1.5453,0
2005-06-29,1.5448,1.5493,1.5424,1.5478,0
2005-06-30,1.5476,1.5537,1.5458,1.5514,0
2005-07-01,1.5502,1.5559,1.5474,1.5507,0
2005-07-04,1.5483,1.5523,1.5453,1.5514,0
2005-07-05,1.5509,1.5554,1.5489,1.5535,0
2005-07-06,1.5529,1.556,1.5516,1.5538,0
2005-07-07,1.553,1.5566,1.5429,1.5518,0
2005-07-08,1.5513,1.5575,1.5479,1.5547,0
2005-07-11,1.5547,1.5578,1.5524,1.5543,0
2005-07-12,1.5534,1.5587,1.5516,1.5564,0
2005-07-13,1.5545,1.5617,1.5516,1.559,0
2005-07-14,1.5584,1.5616,1.5546,1.5591,0
2005-07-15,1.558,1.5622,1.5566,1.5592,0
2005-07-18,1.5599,1.5626,1.5577,1.5604,0
2005-07-19,1.5589,1.5661,1.5578,1.5646,0
2005-07-20,1.5635,1.567,1.5586,1.5619,0
2005-07-21,1.5613,1.5653,1.5578,1.5642,0
2005-07-22,1.5636,1.567,1.5597,1.5652,0
2005-07-25,1.5641,1.5663,1.56,1.5628,0
2005-07-26,1.5617,1.5642,1.5578,1.5617,0
2005-07-27,1.561,1.5652,1.5601,1.563,0
2005-07-28,1.5623,1.5675,1.5582,1.5597,0
2005-07-29,1.5588,1.5673,1.5562,1.5629,0
2005-08-01,1.5617,1.5684,1.551,1.5587,0
2005-08-02,1.5572,1.56,1.5532,1.5573,0
2005-08-03,1.5558,1.5601,1.5525,1.5558,0
2005-08-04,1.5553,1.5597,1.5541,1.558,0
2005-08-05,1.5574,1.5634,1.5555,1.561,0
2005-08-08,1.56,1.5619,1.5556,1.5579,0
2005-08-09,1.5566,1.5613,1.5541,1.5579,0
2005-08-10,1.5578,1.5589,1.5544,1.5559,0
2005-08-11,1.5553,1.5574,1.5509,1.5534,0
2005-08-12,1.5533,1.5554,1.5503,1.5511,0
2005-08-15,1.5516,1.5526,1.5489,1.5519,0
2005-08-16,1.5518,1.5539,1.5487,1.5509,0
2005-08-17,1.5507,1.5542,1.5466,1.5487,0
2005-08-18,1.5481,1.5498,1.5444,1.5479,0
2005-08-19,1.5481,1.5514,1.5459,1.5501,0
2005-08-22,1.5492,1.5543,1.5483,1.5534,0
2005-08-23,1.5528,1.5553,1.5518,1.5534,0
2005-08-24,1.5527,1.5563,1.5501,1.5518,0
2005-08-25,1.5513,1.5523,1.5444,1.5454,0
2005-08-26,1.5452,1.5494,1.5438,1.5469,0
2005-08-29,1.5461,1.5514,1.5425,1.5496,0
2005-08-30,1.5491,1.5522,1.5469,1.5514,0
2005-08-31,1.5505,1.5514,1.5455,1.5467,0
2005-09-01,1.5458,1.5491,1.5408,1.5433,0
2005-09-02,1.5427,1.5452,1.5392,1.5425,0
2005-09-05,1.5407,1.5462,1.5391,1.5448,0
2005-09-06,1.5435,1.5453,1.5409,1.5436,0
2005-09-07,1.5432,1.5455,1.5412,1.5434,0
2005-09-08,1.5427,1.5446,1.5411,1.5431,0
2005-09-09,1.5428,1.5452,1.5406,1.5427,0
2005-09-12,1.5423,1.5464,1.5398,1.5452,0
2005-09-13,1.5451,1.5492,1.5435,1.5474,0
2005-09-14,1.5461,1.5485,1.5436,1.5455,0
2005-09-15,1.5446,1.5498,1.5423,1.5493,0
2005-09-16,1.549,1.5553,1.5479,1.5535,0
2005-09-19,1.5503,1.5535,1.5472,1.5523,0
2005-09-20,1.552,1.5555,1.5507,1.5533,0
2005-09-21,1.5528,1.5544,1.5496,1.5519,0
2005-09-22,1.5515,1.5556,1.5509,1.5542,0
2005-09-23,1.5538,1.5575,1.552,1.5562,0
2005-09-26,1.5557,1.5585,1.5542,1.5574,0
2005-09-27,1.5565,1.5593,1.5548,1.5563,0
2005-09-28,1.5558,1.5578,1.5535,1.5556,0
2005-09-29,1.5551,1.5593,1.5537,1.557,0
2005-09-30,1.5568,1.5589,1.552,1.5564,0
2005-10-03,1.5543,1.5567,1.55,1.5514,0
2005-10-04,1.551,1.5534,1.5496,1.5513,0
2005-10-05,1.5507,1.5526,1.547,1.5482,0
2005-10-06,1.5483,1.5502,1.5442,1.5479,0
2005-10-07,1.548,1.553,1.5459,1.5495,0
2005-10-10,1.5505,1.552,1.5472,1.5484,0
2005-10-11,1.5479,1.5495,1.5456,1.5469,0
2005-10-12,1.5464,1.549,1.5454,1.5478,0
2005-10-13,1.5479,1.553,1.5452,1.5501,0
2005-10-14,1.5498,1.5531,1.5464,1.5522,0
2005-10-17,1.5513,1.5554,1.5491,1.5534,0
2005-10-18,1.554,1.5574,1.5519,1.5526,0
2005-10-19,1.5525,1.5552,1.55,1.5528,0
2005-10-20,1.5528,1.555,1.5464,1.5475,0
2005-10-21,1.5473,1.5487,1.5425,1.5444,0
2005-10-24,1.5437,1.5461,1.5411,1.5429,0
2005-10-25,1.5424,1.5461,1.5412,1.5457,0
2005-10-26,1.5449,1.5492,1.5433,1.5485,0
2005-10-27,1.5473,1.549,1.5443,1.5461,0
2005-10-28,1.5448,1.5477,1.5425,1.5449,0
2005-10-31,1.5446,1.5483,1.5435,1.5453,0
2005-11-01,1.5449,1.549,1.5441,1.5474,0
2005-11-02,1.5476,1.5493,1.5403,1.5431,0
2005-11-03,1.5428,1.5452,1.5408,1.544,0
2005-11-04,1.5431,1.5484,1.5404,1.544,0
2005-11-07,1.545,1.5464,1.5402,1.5414,0
2005-11-08,1.5414,1.5446,1.539,1.5441,0
2005-11-09,1.5435,1.5453,1.5395,1.5419,0
2005-11-10,1.5417,1.5427,1.5354,1.5373,0
2005-11-11,1.5364,1.5392,1.5351,1.5379,0
2005-11-14,1.5369,1.5416,1.536,1.5399,0
2005-11-15,1.5399,1.5453,1.5391,1.5432,0
2005-11-16,1.5428,1.5486,1.542,1.547,0
2005-11-17,1.5462,1.5488,1.5445,1.5486,0
2005-11-18,1.5473,1.5507,1.5456,1.5473,0
2005-11-21,1.5476,1.5514,1.5454,1.5475,0
2005-11-22,1.5474,1.5497,1.5454,1.5486,0
2005-11-23,1.5484,1.5521,1.547,1.5501,0
2005-11-24,1.5498,1.5521,1.5477,1.5504,0
2005-11-25,1.5502,1.5515,1.5452,1.5463,0
2005-11-28,1.5445,1.549,1.5432,1.5466,0
2005-11-29,1.5463,1.5499,1.5433,1.5474,0
2005-11-30,1.547,1.5513,1.5459,1.5504,0
2005-12-01,1.5499,1.5515,1.5445,1.5464,0
2005-12-02,1.5461,1.5475,1.5411,1.5431,0
2005-12-05,1.5429,1.5464,1.5396,1.5414,0
2005-12-06,1.5407,1.5428,1.537,1.5396,0
2005-12-07,1.5393,1.5414,1.538,1.5398,0
2005-12-08,1.5395,1.5408,1.5352,1.5366,0
2005-12-09,1.5362,1.5408,1.5344,1.5393,0
2005-12-12,1.5386,1.5434,1.5369,1.5427,0
2005-12-13,1.5418,1.5469,1.5392,1.5442,0
2005-12-14,1.5438,1.5461,1.5373,1.5388,0
2005-12-15,1.5379,1.5451,1.536,1.5439,0
2005-12-16,1.5436,1.5507,1.5408,1.5495,0
2005-12-19,1.5498,1.5534,1.5473,1.5518,0
2005-12-20,1.5514,1.5559,1.55,1.5522,0
2005-12-21,1.552,1.556,1.5504,1.5543,0
2005-12-22,1.5537,1.5583,1.5522,1.5572,0
2005-12-23,1.5568,1.5595,1.5548,1.5579,0
2005-12-26,1.5558,1.5659,1.553,1.556,0
2005-12-27,1.5558,1.5596,1.5548,1.5587,0
2005-12-28,1.558,1.5608,1.5556,1.5583,0
2005-12-29,1.5589,1.56,1.5547,1.5564,0
2005-12-30,1.5562,1.5587,1.5527,1.5556,0
2006-01-02,1.5567,1.5579,1.5507,1.5538,0
2006-01-03,1.5535,1.5562,1.5486,1.5509,0
2006-01-04,1.5499,1.5532,1.5449,1.5469,0
2006-01-05,1.5469,1.55,1.543,1.5448,0
2006-01-06,1.5445,1.5504,1.5399,1.5434,0
2006-01-09,1.5433,1.5441,1.5407,1.5421,0
2006-01-10,1.5415,1.5463,1.5404,1.5448,0
2006-01-11,1.5439,1.5487,1.5433,1.5464,0
2006-01-12,1.5465,1.55,1.5451,1.5472,0
2006-01-13,1.5463,1.5511,1.5458,1.5491,0
2006-01-16,1.5491,1.5522,1.5472,1.5503,0
2006-01-17,1.5505,1.552,1.5475,1.5497,0
2006-01-18,1.5497,1.5517,1.545,1.5505,0
2006-01-19,1.5495,1.5552,1.5489,1.5532,0
2006-01-20,1.5529,1.5546,1.5479,1.5489,0
2006-01-23,1.5488,1.5543,1.5455,1.5469,0
2006-01-24,1.5461,1.5504,1.5455,1.5475,0
2006-01-25,1.5483,1.5513,1.5459,1.5482,0
2006-01-26,1.5475,1.5526,1.5467,1.5503,0
2006-01-27,1.5497,1.5557,1.5483,1.5538,0
2006-01-30,1.5549,1.5573,1.5509,1.5555,0
2006-01-31,1.5557,1.5574,1.5517,1.5533,0
2006-02-01,1.5534,1.5565,1.5517,1.5553,0
2006-02-02,1.5557,1.5572,1.5527,1.5549,0
2006-02-03,1.5545,1.5598,1.5515,1.5566,0
2006-02-06,1.5574,1.559,1.5538,1.557,0
2006-02-07,1.5563,1.5587,1.5527,1.5543,0
2006-02-08,1.5538,1.5564,1.5511,1.5546,0
2006-02-09,1.5539,1.558,1.5521,1.5567,0
2006-02-10,1.5568,1.5588,1.5528,1.5558,0
2006-02-13,1.5558,1.5576,1.5535,1.5558,0
2006-02-14,1.5557,1.5593,1.5548,1.5585,0
2006-02-15,1.5578,1.5594,1.5556,1.5582,0
2006-02-16,1.558,1.5607,1.5557,1.5591,0
2006-02-17,1.5593,1.5645,1.5581,1.564,0
2006-02-20,1.5634,1.5653,1.5598,1.5613,0
2006-02-21,1.5611,1.5625,1.5572,1.5587,0
2006-02-22,1.5581,1.5634,1.5564,1.5612,0
2006-02-23,1.5608,1.5634,1.5527,1.5601,0
2006-02-24,1.5597,1.5648,1.5579,1.5643,0
2006-02-27,1.5632,1.568,1.5616,1.5669,0
2006-02-28,1.5665,1.568,1.5619,1.5642,0
2006-03-01,1.5637,1.5674,1.5593,1.565,0
2006-03-02,1.5642,1.5667,1.561,1.5626,0
2006-03-03,1.5624,1.5649,1.5599,1.5621,0
2006-03-06,1.5615,1.5629,1.5585,1.561,0
2006-03-07,1.5602,1.5633,1.5576,1.5612,0
2006-03-08,1.561,1.5625,1.5582,1.56,0
2006-03-09,1.5598,1.5667,1.5585,1.5647,0
2006-03-10,1.5646,1.57,1.5635,1.569,0
2006-03-13,1.5685,1.5726,1.5674,1.569,0
2006-03-14,1.5693,1.5702,1.563,1.5652,0
2006-03-15,1.5647,1.5671,1.5628,1.564,0
2006-03-16,1.5633,1.5724,1.5624,1.5705,0
2006-03-17,1.5702,1.5747,1.5683,1.5728,0
2006-03-20,1.5709,1.574,1.5692,1.5707,0
2006-03-21,1.5705,1.576,1.5689,1.5739,0
2006-03-22,1.5734,1.5772,1.5722,1.5764,0
2006-03-23,1.5761,1.5793,1.5741,1.5764,0
2006-03-24,1.5763,1.5789,1.5741,1.5776,0
2006-03-27,1.5772,1.5783,1.5711,1.5726,0
2006-03-28,1.572,1.574,1.5695,1.5716,0
2006-03-29,1.5715,1.5761,1.5697,1.5754,0
2006-03-30,1.5751,1.5782,1.5732,1.5775,0
2006-03-31,1.5775,1.5824,1.5768,1.58,0
2006-04-03,1.5802,1.5848,1.5778,1.5833,0
2006-04-04,1.5825,1.5859,1.5787,1.5817,0
2006-04-05,1.5814,1.5827,1.5757,1.5773,0
2006-04-06,1.5773,1.5811,1.5748,1.5773,0
2006-04-07,1.5771,1.5784,1.5726,1.5734,0
2006-04-10,1.575,1.5787,1.5719,1.5772,0
2006-04-11,1.5764,1.5787,1.5742,1.5762,0
2006-04-12,1.5761,1.5772,1.5707,1.5722,0
2006-04-13,1.5719,1.5728,1.5688,1.5716,0
2006-04-14,1.571,1.5741,1.5699,1.5722,0
2006-04-17,1.5723,1.5737,1.5662,1.5677,0
2006-04-18,1.568,1.569,1.5627,1.5673,0
2006-04-19,1.5664,1.5701,1.5654,1.5684,0
2006-04-20,1.5684,1.5758,1.5668,1.5747,0
2006-04-21,1.5737,1.5767,1.5715,1.5741,0
2006-04-24,1.5728,1.5743,1.5698,1.5709,0
2006-04-25,1.5705,1.577,1.5697,1.576,0
2006-04-26,1.5754,1.5827,1.5745,1.5823,0
2006-04-27,1.5818,1.5829,1.5767,1.5782,0
2006-04-28,1.5785,1.5805,1.5633,1.5653,0
2006-05-01,1.5632,1.5662,1.5582,1.5616,0
2006-05-02,1.5611,1.5654,1.5596,1.5614,0
2006-05-03,1.5604,1.5641,1.5568,1.562,0
2006-05-04,1.5612,1.5652,1.5572,1.5595,0
2006-05-05,1.5586,1.5684,1.5573,1.5607,0
2006-05-08,1.56,1.5627,1.5562,1.5602,0
2006-05-09,1.5599,1.5617,1.5556,1.5574,0
2006-05-10,1.5568,1.5627,1.5533,1.5581,0
2006-05-11,1.5575,1.5634,1.5547,1.5575,0
2006-05-12,1.5571,1.5589,1.5445,1.5488,0
2006-05-15,1.5478,1.5535,1.5455,1.5501,0
2006-05-16,1.5504,1.5547,1.5489,1.5524,0
2006-05-17,1.5517,1.5532,1.5465,1.5478,0
2006-05-18,1.5476,1.5524,1.5447,1.5488,0
2006-05-19,1.5479,1.5579,1.5476,1.5538,0
2006-05-22,1.5529,1.5552,1.5468,1.5484,0
2006-05-23,1.549,1.5543,1.5465,1.549,0
2006-05-24,1.549,1.5549,1.547,1.5534,0
2006-05-25,1.5537,1.5587,1.552,1.5583,0
2006-05-26,1.5582,1.5636,1.5561,1.5608,0
2006-05-29,1.5621,1.563,1.5589,1.562,0
2006-05-30,1.5619,1.5627,1.5568,1.5589,0
2006-05-31,1.5589,1.5622,1.5561,1.5612,0
2006-06-01,1.5613,1.5651,1.558,1.5643,0
2006-06-02,1.5635,1.5691,1.5581,1.5611,0
2006-06-05,1.5592,1.5625,1.5561,1.5587,0
2006-06-06,1.5583,1.5619,1.5557,1.5587,0
2006-06-07,1.5584,1.5635,1.5573,1.5621,0
2006-06-08,1.5618,1.5649,1.5564,1.5588,0
2006-06-09,1.5581,1.5604,1.5522,1.5566,0
2006-06-12,1.5538,1.5577,1.5515,1.553,0
2006-06-13,1.5526,1.5555,1.5503,1.5541,0
2006-06-14,1.5538,1.5558,1.5482,1.552,0
2006-06-15,1.5519,1.556,1.5497,1.5543,0
2006-06-16,1.5551,1.559,1.5527,1.5572,0
2006-06-19,1.5561,1.5621,1.5542,1.5598,0
2006-06-20,1.5595,1.5617,1.5567,1.5582,0
2006-06-21,1.5585,1.5631,1.5575,1.562,0
2006-06-22,1.5616,1.5646,1.5605,1.563,0
2006-06-23,1.5619,1.5658,1.5605,1.5632,0
2006-06-26,1.5615,1.5652,1.5601,1.5641,0
2006-06-27,1.5632,1.5682,1.5621,1.5642,0
2006-06-28,1.5639,1.5655,1.5613,1.5645,0
2006-06-29,1.5635,1.5672,1.5622,1.5658,0
2006-06-30,1.5658,1.5689,1.5622,1.5636,0
2006-07-03,1.5636,1.569,1.5631,1.5669,0
2006-07-04,1.5659,1.57,1.5652,1.5667,0
2006-07-05,1.5657,1.5711,1.5642,1.5677,0
2006-07-06,1.5674,1.5708,1.566,1.5698,0
2006-07-07,1.5693,1.573,1.5653,1.5667,0
2006-07-10,1.5659,1.5693,1.5642,1.5666,0
2006-07-11,1.5659,1.568,1.5637,1.566,0
2006-07-12,1.566,1.5696,1.5637,1.5674,0
2006-07-13,1.5669,1.5682,1.5592,1.5604,0
2006-07-14,1.56,1.5644,1.5587,1.5615,0
2006-07-17,1.5597,1.5645,1.5581,1.5625,0
2006-07-18,1.562,1.5675,1.5612,1.5667,0
2006-07-19,1.5656,1.573,1.5644,1.572,0
2006-07-20,1.5715,1.573,1.5691,1.5709,0
2006-07-21,1.5707,1.5723,1.5679,1.5701,0
2006-07-24,1.5696,1.5757,1.5683,1.5744,0
2006-07-25,1.5734,1.5776,1.572,1.5768,0
2006-07-26,1.5764,1.579,1.5734,1.5776,0
2006-07-27,1.577,1.5793,1.5707,1.5727,0
2006-07-28,1.5722,1.5743,1.5689,1.5734,0
2006-07-31,1.5719,1.5746,1.5686,1.5719,0
2006-08-01,1.5706,1.5752,1.5697,1.5728,0
2006-08-02,1.5718,1.5754,1.5706,1.5741,0
2006-08-03,1.5734,1.5776,1.5722,1.5764,0
2006-08-04,1.5758,1.5821,1.5719,1.5752,0
2006-08-07,1.573,1.5752,1.5704,1.5736,0
2006-08-08,1.5728,1.5777,1.5708,1.5726,0
2006-08-09,1.5728,1.5786,1.5709,1.5773,0
2006-08-10,1.5765,1.5803,1.5724,1.5787,0
2006-08-11,1.5783,1.5826,1.5766,1.5815,0
2006-08-14,1.5788,1.5821,1.5775,1.5796,0
2006-08-15,1.5794,1.5853,1.5777,1.5819,0
2006-08-16,1.5811,1.5834,1.5757,1.5797,0
2006-08-17,1.5785,1.5825,1.5749,1.5808,0
2006-08-18,1.5805,1.5835,1.578,1.5819,0
2006-08-21,1.5809,1.5824,1.5756,1.5783,0
2006-08-22,1.5775,1.5818,1.5756,1.5806,0
2006-08-23,1.5796,1.5822,1.5773,1.5796,0
2006-08-24,1.5783,1.5824,1.5774,1.5817,0
2006-08-25,1.5809,1.5822,1.5784,1.5808,0
2006-08-28,1.5807,1.5829,1.5779,1.581,0
2006-08-29,1.5806,1.5818,1.5739,1.5763,0
2006-08-30,1.5752,1.5784,1.5737,1.575,0
2006-08-31,1.575,1.5795,1.5733,1.5762,0
2006-09-01,1.5768,1.5816,1.5749,1.5791,0
2006-09-04,1.579,1.5822,1.5775,1.581,0
2006-09-05,1.5802,1.5833,1.5792,1.5812,0
2006-09-06,1.5812,1.5857,1.5795,1.5818,0
2006-09-07,1.5814,1.5847,1.5794,1.582,0
2006-09-08,1.5817,1.5834,1.5792,1.5819,0
2006-09-11,1.5803,1.5828,1.578,1.5815,0
2006-09-12,1.5808,1.5885,1.5759,1.5872,0
2006-09-13,1.5869,1.5913,1.5855,1.5876,0
2006-09-14,1.5862,1.5944,1.5822,1.5933,0
2006-09-15,1.5926,1.597,1.5875,1.5878,0
2006-09-18,1.589,1.5917,1.5863,1.5889,0
2006-09-19,1.5878,1.5934,1.5853,1.5872,0
2006-09-20,1.5868,1.5892,1.5845,1.5878,0
2006-09-21,1.5873,1.5953,1.5838,1.5877,0
2006-09-22,1.5875,1.5905,1.5784,1.5796,0
2006-09-25,1.5802,1.5816,1.5751,1.5798,0
2006-09-26,1.5785,1.581,1.576,1.5775,0
2006-09-27,1.5768,1.5833,1.5763,1.5799,0
2006-09-28,1.5794,1.5859,1.5786,1.584,0
2006-09-29,1.5837,1.5903,1.5824,1.5848,0
2006-10-02,1.5853,1.587,1.5816,1.5838,0
2006-10-03,1.5836,1.5873,1.5823,1.5855,0
2006-10-04,1.5853,1.5899,1.5841,1.5876,0
2006-10-05,1.587,1.5922,1.5854,1.5897,0
2006-10-06,1.5887,1.5924,1.5832,1.5882,0
2006-10-09,1.5875,1.5904,1.5856,1.5892,0
2006-10-10,1.5886,1.5931,1.5877,1.5922,0
2006-10-11,1.5927,1.5958,1.5915,1.5929,0
2006-10-12,1.5927,1.597,1.5896,1.593,0
2006-10-13,1.5925,1.5971,1.5911,1.5934,0
2006-10-16,1.5925,1.5944,1.5899,1.5927,0
2006-10-17,1.5918,1.593,1.5873,1.5907,0
2006-10-18,1.5901,1.5936,1.5881,1.5919,0
2006-10-19,1.5912,1.5932,1.5853,1.5877,0
2006-10-20,1.587,1.5898,1.5856,1.5882,0
2006-10-23,1.587,1.592,1.5863,1.5896,0
2006-10-24,1.5892,1.593,1.5884,1.5907,0
2006-10-25,1.5901,1.5949,1.5891,1.5938,0
2006-10-26,1.5939,1.5953,1.5898,1.5909,0
2006-10-27,1.5904,1.5932,1.5887,1.5914,0
2006-10-30,1.5895,1.5909,1.5865,1.5887,0
2006-10-31,1.5886,1.5899,1.5851,1.5879,0
2006-11-01,1.5875,1.5894,1.5858,1.5888,0
2006-11-02,1.5886,1.5915,1.5873,1.5911,0
2006-11-03,1.5909,1.5965,1.5883,1.5944,0
2006-11-06,1.5936,1.5986,1.5929,1.5981,0
2006-11-07,1.5972,1.5986,1.5932,1.5963,0
2006-11-08,1.5956,1.5972,1.5933,1.5962,0
2006-11-09,1.5955,1.598,1.5926,1.5943,0
2006-11-10,1.5944,1.5953,1.5906,1.5943,0
2006-11-13,1.5924,1.5955,1.5904,1.5945,0
2006-11-14,1.5936,1.5977,1.5921,1.5936,0
2006-11-15,1.5932,1.6002,1.592,1.5983,0
2006-11-16,1.5976,1.6017,1.5955,1.5968,0
2006-11-17,1.5964,1.6017,1.5944,1.5962,0
2006-11-20,1.5955,1.5976,1.5911,1.5949,0
2006-11-21,1.5942,1.5969,1.5906,1.5937,0
2006-11-22,1.5936,1.5947,1.5856,1.5873,0
2006-11-23,1.5871,1.589,1.5821,1.5855,0
2006-11-24,1.5848,1.5864,1.5805,1.5834,0
2006-11-27,1.5837,1.5873,1.5823,1.5846,0
2006-11-28,1.5841,1.5905,1.5827,1.5871,0
2006-11-29,1.5868,1.5924,1.5861,1.5909,0
2006-11-30,1.591,1.5936,1.5856,1.5871,0
2006-12-01,1.5863,1.592,1.5852,1.5915,0
2006-12-04,1.59,1.5948,1.5895,1.5915,0
2006-12-05,1.5916,1.5933,1.585,1.5877,0
2006-12-06,1.5879,1.5902,1.5863,1.5892,0
2006-12-07,1.5888,1.5901,1.5862,1.5879,0
2006-12-08,1.5878,1.5933,1.5865,1.5909,0
2006-12-11,1.5898,1.593,1.5876,1.5922,0
2006-12-12,1.5921,1.5957,1.5892,1.5931,0
2006-12-13,1.593,1.5963,1.5909,1.594,0
2006-12-14,1.5937,1.5999,1.592,1.5965,0
2006-12-15,1.5965,1.6029,1.5957,1.5978,0
2006-12-18,1.5977,1.6019,1.5965,1.6011,0
2006-12-19,1.601,1.6059,1.5984,1.6021,0
2006-12-20,1.6014,1.6058,1.6007,1.6046,0
2006-12-21,1.6041,1.6054,1.6013,1.6027,0
2006-12-22,1.6021,1.6052,1.6001,1.6015,0
2006-12-25,1.6004,1.6055,1.5966,1.6008,0
2006-12-26,1.5988,1.6038,1.5987,1.6019,0
2006-12-27,1.6018,1.6094,1.6008,1.6088,0
2006-12-28,1.6079,1.6108,1.6042,1.6058,0
2006-12-29,1.606,1.6105,1.6043,1.608,0
2007-01-01,1.6073,1.6092,1.6042,1.6089,0
2007-01-02,1.6086,1.6128,1.6066,1.6108,0
2007-01-03,1.6101,1.6178,1.6096,1.6147,0
2007-01-04,1.6144,1.6156,1.6099,1.6128,0
2007-01-05,1.6129,1.614,1.6035,1.6076,0
2007-01-08,1.6072,1.6118,1.6054,1.6102,0
2007-01-09,1.6102,1.6154,1.6091,1.6135,0
2007-01-10,1.6132,1.6156,1.6105,1.6135,0
2007-01-11,1.6122,1.6176,1.6093,1.6103,0
2007-01-12,1.6105,1.6146,1.6088,1.6119,0
2007-01-15,1.6117,1.6164,1.6106,1.6147,0
2007-01-16,1.6156,1.6165,1.611,1.612,0
2007-01-17,1.6122,1.6155,1.6115,1.6143,0
2007-01-18,1.6136,1.6204,1.6124,1.6161,0
2007-01-19,1.6161,1.62,1.6151,1.6177,0
2007-01-22,1.6173,1.6204,1.6162,1.6177,0
2007-01-23,1.6172,1.6199,1.6129,1.6191,0
2007-01-24,1.6173,1.6229,1.6147,1.6193,0
2007-01-25,1.6178,1.6193,1.6119,1.6147,0
2007-01-26,1.6145,1.6206,1.6132,1.6191,0
2007-01-29,1.619,1.625,1.6174,1.6231,0
2007-01-30,1.6236,1.6256,1.6205,1.6231,0
2007-01-31,1.6229,1.6265,1.6193,1.6208,0
2007-02-01,1.6211,1.6221,1.6158,1.6195,0
2007-02-02,1.6189,1.6211,1.6153,1.617,0
2007-02-05,1.6178,1.6185,1.6124,1.6139,0
2007-02-06,1.6138,1.6155,1.6078,1.6099,0
2007-02-07,1.6096,1.6164,1.6083,1.6153,0
2007-02-08,1.6144,1.6265,1.614,1.6248,0
2007-02-09,1.6243,1.6278,1.6219,1.6236,0
2007-02-12,1.6218,1.6259,1.6209,1.6248,0
2007-02-13,1.6248,1.6277,1.6221,1.6256,0
2007-02-14,1.6255,1.6292,1.6231,1.628,0
2007-02-15,1.6273,1.6288,1.6208,1.6225,0
2007-02-16,1.6227,1.6237,1.6195,1.6221,0
2007-02-19,1.6217,1.6246,1.6191,1.6219,0
2007-02-20,1.6216,1.6279,1.6195,1.624,0
2007-02-21,1.6246,1.6295,1.6229,1.6262,0
2007-02-22,1.6262,1.6296,1.6238,1.6257,0
2007-02-23,1.6253,1.6276,1.6205,1.6236,0
2007-02-26,1.6223,1.6246,1.6187,1.6214,0
2007-02-27,1.6218,1.6227,1.6089,1.6128,0
2007-02-28,1.6117,1.6151,1.61,1.613,0
2007-03-01,1.6138,1.6146,1.6048,1.6114,0
2007-03-02,1.6108,1.6137,1.6023,1.6049,0
2007-03-05,1.6061,1.6069,1.5921,1.5988,0
2007-03-06,1.5984,1.6077,1.596,1.6061,0
2007-03-07,1.6055,1.6082,1.6024,1.6042,0
2007-03-08,1.6045,1.6142,1.6018,1.6124,0
2007-03-09,1.612,1.6197,1.6097,1.6191,0
2007-03-12,1.6179,1.6199,1.6125,1.6149,0
2007-03-13,1.6152,1.6172,1.6051,1.6069,0
2007-03-14,1.6075,1.6111,1.6021,1.6105,0
2007-03-15,1.6102,1.6135,1.6061,1.6116,0
2007-03-16,1.611,1.6139,1.6032,1.6071,0
2007-03-19,1.6056,1.6144,1.6043,1.6123,0
2007-03-20,1.6119,1.6145,1.6101,1.6136,0
2007-03-21,1.614,1.6199,1.6127,1.6191,0
2007-03-22,1.6181,1.6221,1.6163,1.6185,0
2007-03-23,1.6185,1.6208,1.615,1.6198,0
2007-03-26,1.6195,1.6233,1.6162,1.6203,0
2007-03-27,1.62,1.6225,1.6164,1.6168,0
2007-03-28,1.6174,1.6222,1.6142,1.6193,0
2007-03-29,1.6194,1.6253,1.6187,1.6234,0
2007-03-30,1.6234,1.6276,1.6184,1.6238,0
2007-04-02,1.6224,1.6257,1.6203,1.6249,0
2007-04-03,1.6241,1.6307,1.6229,1.6297,0
2007-04-04,1.6291,1.6323,1.6273,1.6311,0
2007-04-05,1.6313,1.6328,1.6281,1.6319,0
2007-04-06,1.6313,1.636,1.6279,1.6352,0
2007-04-09,1.6341,1.6395,1.6332,1.6381,0
2007-04-10,1.6377,1.6394,1.6325,1.6346,0
2007-04-11,1.6349,1.6405,1.6332,1.6394,0
2007-04-12,1.6391,1.6452,1.6365,1.641,0
2007-04-13,1.6405,1.6452,1.6341,1.644,0
2007-04-16,1.6445,1.6467,1.642,1.6437,0
2007-04-17,1.6426,1.6442,1.6378,1.6403,0
2007-04-18,1.6394,1.641,1.6347,1.6387,0
2007-04-19,1.6379,1.6412,1.6314,1.6403,0
2007-04-20,1.64,1.644,1.6396,1.6425,0
2007-04-23,1.6424,1.6439,1.6383,1.6421,0
2007-04-24,1.6419,1.6425,1.6356,1.6389,0
2007-04-25,1.6381,1.6437,1.6367,1.6423,0
2007-04-26,1.6424,1.6456,1.6412,1.6439,0
2007-04-27,1.6432,1.6472,1.6405,1.6461,0
2007-04-30,1.6417,1.6492,1.641,1.6475,0
2007-05-01,1.6472,1.6538,1.6458,1.6518,0
2007-05-02,1.6511,1.6538,1.6485,1.6496,0
2007-05-03,1.6493,1.6516,1.6458,1.6481,0
2007-05-04,1.6475,1.6502,1.6438,1.6467,0
2007-05-07,1.6475,1.6487,1.6434,1.6471,0
2007-05-08,1.6471,1.6511,1.6466,1.6498,0
2007-05-09,1.6494,1.6505,1.6463,1.6488,0
2007-05-10,1.6484,1.6507,1.6438,1.6446,0
2007-05-11,1.6445,1.6494,1.641,1.6492,0
2007-05-14,1.6494,1.6526,1.6474,1.6513,0
2007-05-15,1.6504,1.6541,1.6478,1.6515,0
2007-05-16,1.6511,1.6555,1.6501,1.6536,0
2007-05-17,1.6526,1.6571,1.6511,1.6564,0
2007-05-18,1.6557,1.6587,1.652,1.6582,0
2007-05-21,1.6598,1.6616,1.6539,1.6576,0
2007-05-22,1.6563,1.6578,1.6525,1.6538,0
2007-05-23,1.6537,1.6552,1.6493,1.6522,0
2007-05-24,1.6517,1.6534,1.6471,1.6494,0
2007-05-25,1.6481,1.6526,1.6471,1.6507,0
2007-05-28,1.6501,1.6534,1.6495,1.653,0
2007-05-29,1.6525,1.6534,1.646,1.6479,0
2007-05-30,1.6474,1.6483,1.6439,1.6461,0
2007-05-31,1.6455,1.6502,1.6446,1.6481,0
2007-06-01,1.6479,1.6544,1.6473,1.6542,0
2007-06-04,1.6525,1.6553,1.6479,1.6511,0
2007-06-05,1.6505,1.6522,1.6454,1.6471,0
2007-06-06,1.6464,1.6483,1.6417,1.6427,0
2007-06-07,1.6421,1.6501,1.6414,1.6439,0
2007-06-08,1.6436,1.6526,1.643,1.6518,0
2007-06-11,1.6503,1.6554,1.6487,1.6542,0
2007-06-12,1.6532,1.657,1.6513,1.6521,0
2007-06-13,1.6517,1.658,1.6509,1.656,0
2007-06-14,1.6556,1.6604,1.6534,1.6584,0
2007-06-15,1.6581,1.6631,1.6564,1.6618,0
2007-06-18,1.6613,1.6669,1.6604,1.6663,0
2007-06-19,1.6658,1.6677,1.6608,1.6661,0
2007-06-20,1.6651,1.666,1.6579,1.6589,0
2007-06-21,1.6586,1.6639,1.658,1.6627,0
2007-06-22,1.662,1.6641,1.6536,1.6559,0
2007-06-25,1.6544,1.6562,1.6512,1.6536,0
2007-06-26,1.6537,1.6559,1.6503,1.6527,0
2007-06-27,1.652,1.6543,1.6486,1.6532,0
2007-06-28,1.6531,1.6583,1.652,1.6557,0
2007-06-29,1.6552,1.658,1.652,1.6542,0
2007-07-02,1.6535,1.6551,1.6456,1.6501,0
2007-07-03,1.6496,1.656,1.6478,1.6545,0
2007-07-04,1.6542,1.6579,1.6533,1.6565,0
2007-07-05,1.6563,1.6582,1.6517,1.6557,0
2007-07-06,1.6551,1.6607,1.6544,1.6599,0
2007-07-09,1.6595,1.6609,1.656,1.6581,0
2007-07-10,1.6574,1.6589,1.6518,1.653,0
2007-07-11,1.653,1.6589,1.6513,1.6579,0
2007-07-12,1.6568,1.6596,1.6555,1.6586,0
2007-07-13,1.6582,1.66,1.6545,1.6576,0
2007-07-16,1.6567,1.6584,1.6544,1.6574,0
2007-07-17,1.6572,1.6588,1.652,1.6569,0
2007-07-18,1.656,1.6583,1.6529,1.6575,0
2007-07-19,1.6573,1.6629,1.6549,1.6606,0
2007-07-20,1.6605,1.6636,1.6575,1.6601,0
2007-07-23,1.6611,1.667,1.6579,1.6656,0
2007-07-24,1.6655,1.6685,1.661,1.6627,0
2007-07-25,1.6624,1.6691,1.6611,1.6653,0
2007-07-26,1.6646,1.6663,1.6527,1.6541,0
2007-07-27,1.6534,1.6566,1.6461,1.6478,0
2007-07-30,1.6451,1.6494,1.641,1.6475,0
2007-07-31,1.6475,1.6527,1.6415,1.6426,0
2007-08-01,1.6422,1.6474,1.6342,1.6462,0
2007-08-02,1.6456,1.6522,1.6414,1.6502,0
2007-08-03,1.65,1.6539,1.6377,1.6401,0
2007-08-06,1.6368,1.6442,1.6344,1.644,0
2007-08-07,1.6436,1.6475,1.6384,1.6456,0
2007-08-08,1.6448,1.6516,1.6425,1.6513,0
2007-08-09,1.6506,1.6518,1.6349,1.6366,0
2007-08-10,1.6359,1.6458,1.63,1.6414,0
2007-08-13,1.6401,1.6446,1.6349,1.6408,0
2007-08-14,1.6397,1.6452,1.6373,1.6387,0
2007-08-15,1.6381,1.6439,1.6338,1.6374,0
2007-08-16,1.6363,1.6387,1.6247,1.6326,0
2007-08-17,1.6334,1.6351,1.6169,1.6282,0
2007-08-20,1.6275,1.6311,1.6227,1.625,0
2007-08-21,1.6243,1.6263,1.62,1.6242,0
2007-08-22,1.6242,1.6347,1.6228,1.6345,0
2007-08-23,1.6339,1.6424,1.6331,1.6382,0
2007-08-24,1.637,1.6434,1.6323,1.643,0
2007-08-27,1.6412,1.6449,1.6405,1.6419,0
2007-08-28,1.6406,1.6416,1.6326,1.6334,0
2007-08-29,1.6336,1.6415,1.6311,1.6406,0
2007-08-30,1.6399,1.6438,1.6374,1.6421,0
2007-08-31,1.6415,1.6486,1.6411,1.6475,0
2007-09-03,1.6459,1.6491,1.6437,1.6465,0
2007-09-04,1.6457,1.65,1.6429,1.6488,0
2007-09-05,1.6477,1.6496,1.6422,1.644,0
2007-09-06,1.6435,1.6464,1.6415,1.6453,0
2007-09-07,1.644,1.6492,1.6332,1.6361,0
2007-09-10,1.6348,1.6397,1.6327,1.637,0
2007-09-11,1.6368,1.6463,1.6359,1.6458,0
2007-09-12,1.6455,1.6482,1.6404,1.6476,0
2007-09-13,1.6467,1.6502,1.6401,1.6453,0
2007-09-14,1.644,1.652,1.6424,1.6505,0
2007-09-17,1.6485,1.6493,1.6435,1.6466,0
2007-09-18,1.6456,1.6553,1.6427,1.6513,0
2007-09-19,1.6501,1.6568,1.6484,1.6533,0
2007-09-20,1.653,1.6538,1.6439,1.6494,0
2007-09-21,1.6486,1.6542,1.6476,1.652,0
2007-09-24,1.6512,1.6555,1.6497,1.6517,0
2007-09-25,1.6518,1.6529,1.6461,1.6495,0
2007-09-26,1.6493,1.6553,1.6479,1.6541,0
2007-09-27,1.6529,1.6622,1.6517,1.661,0
2007-09-28,1.6604,1.6621,1.657,1.6616,0
2007-10-01,1.6619,1.6667,1.6568,1.6637,0
2007-10-02,1.6635,1.667,1.6613,1.663,0
2007-10-03,1.6633,1.6677,1.6609,1.6632,0
2007-10-04,1.6625,1.6645,1.6587,1.6605,0
2007-10-05,1.6599,1.6668,1.6579,1.6658,0
2007-10-08,1.6667,1.6688,1.6631,1.6666,0
2007-10-09,1.6662,1.6703,1.6635,1.6694,0
2007-10-10,1.669,1.6742,1.6681,1.6731,0
2007-10-11,1.6725,1.683,1.6722,1.6776,0
2007-10-12,1.6772,1.6831,1.6747,1.6795,0
2007-10-15,1.6788,1.6814,1.675,1.6772,0
2007-10-16,1.6766,1.6789,1.6729,1.6763,0
2007-10-17,1.6757,1.6806,1.671,1.6763,0
2007-10-18,1.6763,1.6774,1.6673,1.6718,0
2007-10-19,1.6713,1.674,1.6667,1.6687,0
2007-10-22,1.665,1.671,1.6619,1.67,0
2007-10-23,1.6701,1.6744,1.6661,1.673,0
2007-10-24,1.6727,1.674,1.6665,1.6718,0
2007-10-25,1.6712,1.6731,1.6671,1.6695,0
2007-10-26,1.6692,1.6764,1.6687,1.6763,0
2007-10-29,1.6773,1.6812,1.6742,1.6797,0
2007-10-30,1.6791,1.6801,1.6716,1.6736,0
2007-10-31,1.6732,1.6789,1.6703,1.6774,0
2007-11-01,1.6771,1.6795,1.669,1.6702,0
2007-11-02,1.6696,1.6764,1.6663,1.6746,0
2007-11-05,1.6741,1.6745,1.6665,1.6688,0
2007-11-06,1.6696,1.6709,1.6628,1.6671,0
2007-11-07,1.6665,1.6721,1.6574,1.6596,0
2007-11-08,1.6592,1.6615,1.6509,1.6548,0
2007-11-09,1.6547,1.656,1.6437,1.6477,0
2007-11-12,1.6462,1.6484,1.637,1.641,0
2007-11-13,1.6399,1.6473,1.6383,1.6456,0
2007-11-14,1.646,1.6497,1.6431,1.6469,0
2007-11-15,1.6463,1.6481,1.6386,1.641,0
2007-11-16,1.6395,1.6421,1.6344,1.6398,0
2007-11-19,1.6385,1.6404,1.6345,1.6358,0
2007-11-20,1.6353,1.6431,1.6338,1.6418,0
2007-11-21,1.6409,1.642,1.634,1.6372,0
2007-11-22,1.6367,1.6389,1.6323,1.6355,0
2007-11-23,1.6354,1.6372,1.6294,1.6357,0
2007-11-26,1.6353,1.6403,1.6298,1.6313,0
2007-11-27,1.6311,1.6415,1.6299,1.6383,0
2007-11-28,1.6389,1.6518,1.6366,1.6489,0
2007-11-29,1.6482,1.6514,1.6465,1.6483,0
2007-11-30,1.6482,1.6593,1.6471,1.657,0
2007-12-03,1.655,1.6574,1.6509,1.6522,0
2007-12-04,1.6532,1.6579,1.646,1.6483,0
2007-12-05,1.6481,1.6519,1.6444,1.6473,0
2007-12-06,1.647,1.6546,1.6454,1.6536,0
2007-12-07,1.6528,1.6575,1.6517,1.6539,0
2007-12-10,1.6527,1.6603,1.6513,1.6595,0
2007-12-11,1.6595,1.6671,1.6553,1.6559,0
2007-12-12,1.657,1.6737,1.6542,1.6683,0
2007-12-13,1.669,1.6723,1.6635,1.6698,0
2007-12-14,1.6693,1.6722,1.6614,1.6633,0
2007-12-17,1.663,1.666,1.6526,1.653,0
2007-12-18,1.6542,1.662,1.6539,1.6605,0
2007-12-19,1.6602,1.6633,1.6572,1.6612,0
2007-12-20,1.6607,1.6624,1.6568,1.6595,0
2007-12-21,1.6586,1.6632,1.6583,1.6606,0
2007-12-24,1.6614,1.6684,1.6566,1.6658,0
2007-12-25,1.6638,1.6744,1.6585,1.6666,0
2007-12-26,1.6663,1.6706,1.6635,1.6682,0
2007-12-27,1.6676,1.6695,1.6633,1.6664,0
2007-12-28,1.6653,1.6671,1.6557,1.6595,0
2007-12-31,1.6592,1.662,1.6522,1.6541,0
2008-01-01,1.6533,1.6562,1.6517,1.6538,0
2008-01-02,1.6527,1.6561,1.6421,1.6471,0
2008-01-03,1.6465,1.6482,1.6373,1.6389,0
2008-01-04,1.6379,1.6449,1.6316,1.6337,0
2008-01-07,1.6326,1.6426,1.6324,1.6404,0
2008-01-08,1.6401,1.6455,1.6357,1.6361,0
2008-01-09,1.6359,1.6411,1.6324,1.6361,0
2008-01-10,1.6368,1.6388,1.6281,1.6332,0
2008-01-11,1.6327,1.6356,1.6239,1.628,0
2008-01-14,1.6275,1.6323,1.6223,1.625,0
2008-01-15,1.6249,1.6257,1.6168,1.6188,0
2008-01-16,1.6171,1.6183,1.6069,1.6124,0
2008-01-17,1.6123,1.6185,1.6088,1.613,0
2008-01-18,1.6117,1.6185,1.6055,1.6066,0
2008-01-21,1.6054,1.6076,1.594,1.6018,0
2008-01-22,1.6013,1.6082,1.5942,1.6031,0
2008-01-23,1.6017,1.608,1.5812,1.5966,0
2008-01-24,1.5965,1.6049,1.5885,1.6045,0
2008-01-25,1.6049,1.6149,1.6042,1.6097,0
2008-01-28,1.6087,1.6121,1.6027,1.6105,0
2008-01-29,1.6098,1.6177,1.6072,1.6165,0
2008-01-30,1.6157,1.6215,1.6104,1.6122,0
2008-01-31,1.6104,1.612,1.601,1.6067,0
2008-02-01,1.6072,1.6132,1.5995,1.6119,0
2008-02-04,1.6114,1.6185,1.6097,1.6136,0
2008-02-05,1.6134,1.622,1.609,1.6104,0
2008-02-06,1.6102,1.6112,1.6028,1.6059,0
2008-02-07,1.6068,1.6079,1.5955,1.5987,0
2008-02-08,1.599,1.6041,1.5963,1.5993,0
2008-02-11,1.6001,1.6027,1.5937,1.6005,0
2008-02-12,1.6,1.6094,1.5974,1.6067,0
2008-02-13,1.6068,1.6166,1.6039,1.6153,0
2008-02-14,1.615,1.6189,1.604,1.6075,0
2008-02-15,1.6068,1.6101,1.5984,1.6048,0
2008-02-18,1.6052,1.6174,1.6036,1.6159,0
2008-02-19,1.6148,1.6162,1.6079,1.6114,0
2008-02-20,1.6107,1.6188,1.6086,1.6177,0
2008-02-21,1.6174,1.6236,1.6112,1.614,0
2008-02-22,1.6143,1.6168,1.606,1.6093,0
2008-02-25,1.6099,1.6182,1.6093,1.6159,0
2008-02-26,1.6144,1.6176,1.6084,1.6094,0
2008-02-27,1.6104,1.6162,1.6046,1.6075,0
2008-02-28,1.6064,1.6081,1.5957,1.5979,0
2008-02-29,1.5975,1.5987,1.5797,1.5806,0
2008-03-03,1.5798,1.5869,1.5694,1.585,0
2008-03-04,1.5846,1.5853,1.5729,1.5793,0
2008-03-05,1.5787,1.5856,1.5744,1.5827,0
2008-03-06,1.5822,1.5864,1.5715,1.5739,0
2008-03-07,1.5731,1.5777,1.5654,1.5747,0
2008-03-10,1.5705,1.5739,1.5614,1.5646,0
2008-03-11,1.5643,1.5857,1.5613,1.5848,0
2008-03-12,1.5852,1.5882,1.5761,1.5786,0
2008-03-13,1.5777,1.5823,1.5674,1.5775,0
2008-03-14,1.5766,1.581,1.5606,1.5639,0
2008-03-17,1.5668,1.5682,1.5365,1.5484,0
2008-03-18,1.5483,1.5688,1.544,1.5671,0
2008-03-19,1.5671,1.5703,1.556,1.5587,0
2008-03-20,1.558,1.5709,1.553,1.5535,0
2008-03-21,1.5546,1.5607,1.5524,1.5578,0
2008-03-24,1.5578,1.577,1.5574,1.5731,0
2008-03-25,1.5721,1.5779,1.5698,1.5718,0
2008-03-26,1.5718,1.5777,1.565,1.5668,0
2008-03-27,1.5665,1.5728,1.5645,1.5682,0
2008-03-28,1.5671,1.5761,1.5662,1.5724,0
2008-03-31,1.5695,1.5765,1.5644,1.5686,0
2008-04-01,1.5675,1.5817,1.5657,1.5806,0
2008-04-02,1.5796,1.5864,1.5769,1.5825,0
2008-04-03,1.5814,1.5866,1.5777,1.5842,0
2008-04-04,1.5835,1.5883,1.5764,1.5835,0
2008-04-07,1.5819,1.5958,1.5808,1.5911,0
2008-04-08,1.5904,1.5952,1.5871,1.5935,0
2008-04-09,1.5929,1.5956,1.5812,1.5851,0
2008-04-10,1.5849,1.5882,1.5711,1.5863,0
2008-04-11,1.5853,1.5909,1.5781,1.5823,0
2008-04-14,1.5805,1.5838,1.5754,1.5821,0
2008-04-15,1.5819,1.5906,1.5789,1.5894,0
2008-04-16,1.5893,1.5958,1.5855,1.5947,0
2008-04-17,1.5941,1.6018,1.5898,1.6005,0
2008-04-18,1.6,1.6169,1.5969,1.6105,0
2008-04-21,1.6086,1.6125,1.6018,1.6045,0
2008-04-22,1.6043,1.6097,1.6005,1.6042,0
2008-04-23,1.6032,1.6169,1.6021,1.6132,0
2008-04-24,1.6122,1.6255,1.6097,1.6244,0
2008-04-25,1.6238,1.6253,1.6131,1.6153,0
2008-04-28,1.6159,1.6214,1.6127,1.6182,0
2008-04-29,1.6174,1.6199,1.6093,1.6157,0
2008-04-30,1.6151,1.6256,1.6115,1.617,0
2008-05-01,1.616,1.6232,1.6158,1.6208,0
2008-05-02,1.6204,1.6326,1.6155,1.6317,0
2008-05-05,1.6287,1.6355,1.6276,1.6323,0
2008-05-06,1.6324,1.6347,1.6247,1.6338,0
2008-05-07,1.6336,1.6344,1.6226,1.6239,0
2008-05-08,1.6233,1.6252,1.6165,1.6189,0
2008-05-09,1.6181,1.6196,1.606,1.6122,0
2008-05-12,1.6099,1.6237,1.6095,1.6231,0
2008-05-13,1.6227,1.6314,1.6179,1.6297,0
2008-05-14,1.6292,1.6341,1.626,1.6315,0
2008-05-15,1.6314,1.6352,1.628,1.6322,0
2008-05-16,1.6312,1.6374,1.6263,1.6319,0
2008-05-19,1.6307,1.6382,1.6267,1.6341,0
2008-05-20,1.6337,1.6344,1.6219,1.6235,0
2008-05-21,1.6234,1.6281,1.6167,1.6179,0
2008-05-22,1.6175,1.6258,1.6155,1.6216,0
2008-05-23,1.6208,1.6235,1.6124,1.6143,0
2008-05-26,1.6147,1.6192,1.6139,1.616,0
2008-05-27,1.6152,1.6239,1.6141,1.6226,0
2008-05-28,1.6217,1.6281,1.6155,1.6227,0
2008-05-29,1.6227,1.6306,1.6221,1.6281,0
2008-05-30,1.6278,1.6296,1.6199,1.6212,0
2008-06-02,1.6206,1.6228,1.6072,1.6122,0
2008-06-03,1.6116,1.618,1.6044,1.6099,0
2008-06-04,1.6103,1.6121,1.6018,1.608,0
2008-06-05,1.6078,1.6199,1.6071,1.6187,0
2008-06-06,1.6185,1.6277,1.6059,1.6069,0
2008-06-09,1.6058,1.614,1.604,1.6075,0
2008-06-10,1.6072,1.6138,1.6042,1.6113,0
2008-06-11,1.6109,1.6162,1.6028,1.6039,0
2008-06-12,1.6036,1.6144,1.6014,1.6074,0
2008-06-13,1.6071,1.615,1.6064,1.6104,0
2008-06-16,1.6094,1.6195,1.6087,1.6172,0
2008-06-17,1.6161,1.6204,1.6118,1.6159,0
2008-06-18,1.6152,1.6192,1.6076,1.6097,0
2008-06-19,1.6094,1.6224,1.6066,1.6204,0
2008-06-20,1.6198,1.6208,1.6121,1.6156,0
2008-06-23,1.616,1.6248,1.6148,1.6223,0
2008-06-24,1.6215,1.6243,1.6154,1.6214,0
2008-06-25,1.6206,1.625,1.6193,1.621,0
2008-06-26,1.6212,1.6256,1.6102,1.6132,0
2008-06-27,1.6126,1.6157,1.6033,1.6084,0
2008-06-30,1.6079,1.61,1.6023,1.6086,0
2008-07-01,1.6081,1.6117,1.6006,1.611,0
2008-07-02,1.6107,1.6154,1.6067,1.6101,0
2008-07-03,1.6099,1.6148,1.6064,1.6116,0
2008-07-04,1.6109,1.6128,1.6055,1.6108,0
2008-07-07,1.6086,1.617,1.6068,1.6138,0
2008-07-08,1.614,1.6204,1.6072,1.6201,0
2008-07-09,1.6188,1.6236,1.6146,1.6184,0
2008-07-10,1.6186,1.624,1.6171,1.6229,0
2008-07-11,1.6223,1.6257,1.6145,1.6196,0
2008-07-14,1.6191,1.6245,1.6151,1.6163,0
2008-07-15,1.6168,1.6173,1.6023,1.6055,0
2008-07-16,1.6046,1.6109,1.5983,1.6097,0
2008-07-17,1.6094,1.6221,1.6075,1.6168,0
2008-07-18,1.6164,1.6216,1.6151,1.621,0
2008-07-21,1.6194,1.6239,1.6186,1.6202,0
2008-07-22,1.6195,1.6301,1.6148,1.627,0
2008-07-23,1.6265,1.6316,1.6246,1.6286,0
2008-07-24,1.6284,1.6301,1.622,1.6254,0
2008-07-25,1.6249,1.6316,1.6217,1.628,0
2008-07-28,1.6278,1.6301,1.626,1.6275,0
2008-07-29,1.6275,1.6328,1.6245,1.6309,0
2008-07-30,1.6303,1.6351,1.6277,1.6334,0
2008-07-31,1.6328,1.6393,1.6305,1.6341,0
2008-08-01,1.6335,1.6343,1.6279,1.6339,0
2008-08-04,1.6326,1.6355,1.6302,1.6332,0
2008-08-05,1.6327,1.6345,1.6275,1.6298,0
2008-08-06,1.629,1.6355,1.6271,1.6335,0
2008-08-07,1.6325,1.6343,1.6261,1.6265,0
2008-08-08,1.6258,1.6298,1.6211,1.6241,0
2008-08-11,1.6191,1.6225,1.6155,1.6193,0
2008-08-12,1.6183,1.625,1.6172,1.6208,0
2008-08-13,1.6198,1.6237,1.6148,1.6187,0
2008-08-14,1.618,1.6243,1.6165,1.6202,0
2008-08-15,1.6192,1.6229,1.6088,1.6099,0
2008-08-18,1.61,1.6183,1.6089,1.6129,0
2008-08-19,1.6123,1.615,1.6092,1.6128,0
2008-08-20,1.6126,1.6216,1.6119,1.6216,0
2008-08-21,1.6196,1.6214,1.6138,1.6185,0
2008-08-22,1.618,1.6261,1.6169,1.6258,0
2008-08-25,1.6244,1.6251,1.6147,1.6165,0
2008-08-26,1.6158,1.6192,1.6094,1.6106,0
2008-08-27,1.611,1.6179,1.6096,1.616,0
2008-08-28,1.615,1.6179,1.6082,1.6162,0
2008-08-29,1.6151,1.6198,1.612,1.6162,0
2008-09-01,1.6143,1.6166,1.6047,1.6087,0
2008-09-02,1.6082,1.6126,1.6047,1.606,0
2008-09-03,1.6055,1.6096,1.6006,1.6033,0
2008-09-04,1.6028,1.6058,1.583,1.5882,0
2008-09-05,1.5861,1.5972,1.5802,1.596,0
2008-09-08,1.6062,1.6086,1.5944,1.5989,0
2008-09-09,1.5974,1.6029,1.5905,1.5921,0
2008-09-10,1.5909,1.5983,1.5888,1.5914,0
2008-09-11,1.5904,1.5957,1.5827,1.5942,0
2008-09-12,1.5928,1.6098,1.5892,1.6086,0
2008-09-15,1.6164,1.6168,1.5843,1.5881,0
2008-09-16,1.5881,1.5923,1.5742,1.5861,0
2008-09-17,1.5828,1.5953,1.5776,1.5794,0
2008-09-18,1.5809,1.5906,1.5762,1.5854,0
2008-09-19,1.5855,1.6048,1.5827,1.5987,0
2008-09-22,1.5993,1.603,1.5864,1.5892,0
2008-09-23,1.5872,1.5969,1.5863,1.5921,0
2008-09-24,1.5924,1.598,1.5902,1.5963,0
2008-09-25,1.5945,1.5972,1.5894,1.593,0
2008-09-26,1.5917,1.5969,1.585,1.5937,0
2008-09-29,1.5882,1.593,1.568,1.5703,0
2008-09-30,1.5708,1.584,1.5663,1.5811,0
2008-10-01,1.5812,1.5832,1.5678,1.5777,0
2008-10-02,1.5777,1.5795,1.5661,1.5697,0
2008-10-03,1.5692,1.5712,1.5527,1.5552,0
2008-10-06,1.5496,1.5554,1.5378,1.5492,0
2008-10-07,1.5481,1.5633,1.544,1.5486,0
2008-10-08,1.5494,1.5583,1.5351,1.5364,0
2008-10-09,1.5371,1.5514,1.5332,1.5338,0
2008-10-10,1.533,1.5358,1.507,1.5271,0
2008-10-13,1.5326,1.5513,1.5316,1.545,0
2008-10-14,1.5464,1.5566,1.5446,1.5485,0
2008-10-15,1.5473,1.5511,1.5247,1.5263,0
2008-10-16,1.5238,1.5378,1.5136,1.5303,0
2008-10-17,1.5292,1.5342,1.5169,1.5248,0
2008-10-20,1.5229,1.5357,1.5224,1.5328,0
2008-10-21,1.5325,1.5356,1.5024,1.5053,0
2008-10-22,1.5052,1.5065,1.4839,1.4939,0
2008-10-23,1.4935,1.5044,1.4844,1.5028,0
2008-10-24,1.5019,1.503,1.4411,1.4733,0
2008-10-27,1.4636,1.4761,1.4295,1.4423,0
2008-10-28,1.442,1.4727,1.4312,1.4724,0
2008-10-29,1.4724,1.4789,1.4539,1.462,0
2008-10-30,1.4618,1.4912,1.4608,1.4733,0
2008-10-31,1.4716,1.4833,1.4532,1.4742,0
2008-11-03,1.475,1.4894,1.4734,1.485,0
2008-11-04,1.4831,1.5151,1.4772,1.5114,0
2008-11-05,1.5084,1.5181,1.4954,1.5014,0
2008-11-06,1.5001,1.5091,1.4939,1.4971,0
2008-11-07,1.4962,1.5052,1.4918,1.5014,0
2008-11-10,1.5029,1.5174,1.5002,1.5023,0
2008-11-11,1.5034,1.5051,1.4829,1.4866,0
2008-11-12,1.4873,1.4944,1.4705,1.4812,0
2008-11-13,1.4832,1.5221,1.4758,1.5173,0
2008-11-14,1.5166,1.5207,1.5037,1.5099,0
2008-11-17,1.5051,1.5241,1.4991,1.515,0
2008-11-18,1.5147,1.5206,1.508,1.5185,0
2008-11-19,1.5175,1.5338,1.5153,1.5175,0
2008-11-20,1.5161,1.537,1.5118,1.5253,0
2008-11-21,1.5252,1.5421,1.5214,1.5379,0
2008-11-24,1.5391,1.5471,1.5336,1.5446,0
2008-11-25,1.5454,1.5529,1.5389,1.5461,0
2008-11-26,1.5467,1.5536,1.5404,1.5524,0
2008-11-27,1.5508,1.5524,1.5431,1.5491,0
2008-11-28,1.5485,1.5522,1.5387,1.5413,0
2008-12-01,1.5415,1.5431,1.5164,1.5204,0
2008-12-02,1.5201,1.5366,1.5156,1.5339,0
2008-12-03,1.5331,1.5404,1.526,1.5377,0
2008-12-04,1.5372,1.5406,1.5213,1.5268,0
2008-12-05,1.5268,1.5549,1.5225,1.5535,0
2008-12-08,1.5506,1.5622,1.5497,1.5583,0
2008-12-09,1.559,1.5651,1.5549,1.5568,0
2008-12-10,1.5566,1.5634,1.5536,1.5599,0
2008-12-11,1.5609,1.5822,1.5554,1.5815,0
2008-12-12,1.5808,1.5822,1.5679,1.5755,0
2008-12-15,1.5729,1.5888,1.5711,1.588,0
2008-12-16,1.5868,1.5881,1.5716,1.5781,0
2008-12-17,1.5772,1.5791,1.5429,1.5458,0
2008-12-18,1.5446,1.552,1.5278,1.5423,0
2008-12-19,1.5426,1.549,1.5326,1.5341,0
2008-12-22,1.538,1.543,1.5191,1.5249,0
2008-12-23,1.5243,1.5322,1.5117,1.518,0
2008-12-24,1.5164,1.5195,1.5,1.5037,0
2008-12-25,1.5039,1.5168,1.5001,1.5129,0
2008-12-26,1.5129,1.517,1.4996,1.5019,0
2008-12-29,1.5009,1.5049,1.4745,1.4806,0
2008-12-30,1.4779,1.5013,1.4762,1.4888,0
2008-12-31,1.4894,1.4971,1.4749,1.4934,0
2009-01-01,1.4953,1.505,1.4883,1.4932,0
2009-01-02,1.4901,1.5036,1.4803,1.5036,0
2009-01-05,1.501,1.5107,1.4918,1.5107,0
2009-01-06,1.5121,1.5148,1.4966,1.508,0
2009-01-07,1.5075,1.5109,1.4923,1.5017,0
2009-01-08,1.5027,1.5051,1.4926,1.4996,0
2009-01-09,1.4979,1.506,1.4915,1.4963,0
2009-01-12,1.4981,1.5045,1.4846,1.4906,0
2009-01-13,1.4876,1.4908,1.4727,1.4757,0
2009-01-14,1.4749,1.4845,1.4644,1.4711,0
2009-01-15,1.4713,1.4826,1.4663,1.4776,0
2009-01-16,1.4754,1.4888,1.4732,1.4851,0
2009-01-19,1.4859,1.4934,1.4794,1.4852,0
2009-01-20,1.4829,1.4867,1.4749,1.4786,0
2009-01-21,1.4782,1.5052,1.473,1.5039,0
2009-01-22,1.5017,1.5115,1.4913,1.5,0
2009-01-23,1.4991,1.5045,1.489,1.5015,0
2009-01-26,1.4965,1.5101,1.4926,1.4987,0
2009-01-27,1.4994,1.5094,1.4951,1.5028,0
2009-01-28,1.503,1.5202,1.5018,1.5139,0
2009-01-29,1.5144,1.5176,1.4885,1.494,0
2009-01-30,1.4935,1.5001,1.4815,1.484,0
2009-02-02,1.4833,1.4946,1.4806,1.493,0
2009-02-03,1.4918,1.4979,1.4817,1.4893,0
2009-02-04,1.4894,1.4955,1.4854,1.4884,0
2009-02-05,1.4877,1.5015,1.4865,1.4964,0
2009-02-06,1.4974,1.5086,1.495,1.5041,0
2009-02-09,1.5039,1.5154,1.4979,1.5144,0
2009-02-10,1.5137,1.5151,1.4895,1.4928,0
2009-02-11,1.4929,1.5015,1.4909,1.4945,0
2009-02-12,1.4945,1.4981,1.4862,1.4966,0
2009-02-13,1.4947,1.4994,1.4899,1.4941,0
2009-02-16,1.4881,1.4933,1.4819,1.4836,0
2009-02-17,1.4836,1.4867,1.4699,1.4712,0
2009-02-18,1.4714,1.4848,1.4692,1.4764,0
2009-02-19,1.4759,1.4954,1.4744,1.4876,0
2009-02-20,1.4867,1.4995,1.4745,1.4814,0
2009-02-23,1.4841,1.4939,1.4787,1.4855,0
2009-02-24,1.4829,1.4926,1.476,1.4905,0
2009-02-25,1.4897,1.4929,1.4791,1.4879,0
2009-02-26,1.4875,1.4913,1.4814,1.4833,0
2009-02-27,1.4835,1.4888,1.4758,1.4832,0
2009-03-02,1.4783,1.4831,1.4734,1.4787,0
2009-03-03,1.4782,1.4865,1.4729,1.4773,0
2009-03-04,1.4765,1.4838,1.4717,1.4798,0
2009-03-05,1.4785,1.4809,1.4667,1.4692,0
2009-03-06,1.4679,1.4707,1.4571,1.4666,0
2009-03-09,1.4657,1.4723,1.4591,1.4615,0
2009-03-10,1.4615,1.4744,1.4582,1.471,0
2009-03-11,1.4701,1.4825,1.4697,1.4809,0
2009-03-12,1.4802,1.5343,1.4743,1.5314,0
2009-03-13,1.5314,1.5406,1.5258,1.532,0
2009-03-16,1.5302,1.5455,1.5273,1.5358,0
2009-03-17,1.5363,1.545,1.5307,1.5383,0
2009-03-18,1.5378,1.542,1.5249,1.5404,0
2009-03-19,1.5386,1.543,1.5314,1.5353,0
2009-03-20,1.5351,1.5365,1.5223,1.5305,0
2009-03-23,1.5316,1.5385,1.5274,1.5331,0
2009-03-24,1.5321,1.5369,1.5193,1.5234,0
2009-03-25,1.5232,1.5271,1.5181,1.5228,0
2009-03-26,1.5226,1.5307,1.5196,1.5252,0
2009-03-27,1.5237,1.5307,1.5165,1.5223,0
2009-03-30,1.5196,1.5221,1.5116,1.516,0
2009-03-31,1.5156,1.5199,1.5078,1.5104,0
2009-04-01,1.509,1.5188,1.5052,1.5174,0
2009-04-02,1.5167,1.5296,1.515,1.5265,0
2009-04-03,1.5261,1.5294,1.5199,1.5249,0
2009-04-06,1.526,1.5306,1.5205,1.5234,0
2009-04-07,1.5225,1.5246,1.5146,1.5162,0
2009-04-08,1.5157,1.525,1.5107,1.5226,0
2009-04-09,1.5213,1.5276,1.5198,1.5219,0
2009-04-10,1.5216,1.5245,1.5174,1.5228,0
2009-04-13,1.5218,1.5255,1.5124,1.5147,0
2009-04-14,1.5143,1.5191,1.5074,1.5085,0
2009-04-15,1.5077,1.5164,1.5067,1.5113,0
2009-04-16,1.5112,1.516,1.5073,1.5119,0
2009-04-17,1.5114,1.5243,1.5082,1.5195,0
2009-04-20,1.5213,1.5227,1.509,1.5106,0
2009-04-21,1.51,1.5162,1.5089,1.5117,0
2009-04-22,1.5107,1.5171,1.5082,1.5134,0
2009-04-23,1.5127,1.5205,1.5084,1.5127,0
2009-04-24,1.5119,1.5149,1.5064,1.5101,0
2009-04-27,1.5072,1.5097,1.5022,1.5057,0
2009-04-28,1.5057,1.5074,1.5014,1.5029,0
2009-04-29,1.5021,1.5123,1.5005,1.5071,0
2009-04-30,1.5068,1.5134,1.504,1.5095,0
2009-05-01,1.5087,1.514,1.5049,1.5067,0
2009-05-04,1.5068,1.5121,1.5063,1.5102,0
2009-05-05,1.5102,1.5156,1.5062,1.5093,0
2009-05-06,1.5087,1.5114,1.5046,1.5081,0
2009-05-07,1.5082,1.5196,1.5068,1.5138,0
2009-05-08,1.5126,1.518,1.5051,1.5093,0
2009-05-11,1.5065,1.5094,1.5025,1.5069,0
2009-05-12,1.5064,1.5105,1.505,1.5088,0
2009-05-13,1.5083,1.5097,1.5028,1.5055,0
2009-05-14,1.505,1.509,1.5028,1.5058,0
2009-05-15,1.5056,1.5153,1.4997,1.5129,0
2009-05-18,1.5128,1.515,1.5084,1.5109,0
2009-05-19,1.5105,1.5172,1.509,1.5118,0
2009-05-20,1.5117,1.5185,1.5093,1.5153,0
2009-05-21,1.5155,1.5218,1.5124,1.5193,0
2009-05-22,1.5186,1.5241,1.5171,1.5182,0
2009-05-25,1.5203,1.5218,1.515,1.5176,0
2009-05-26,1.5168,1.5191,1.5118,1.516,0
2009-05-27,1.5155,1.5176,1.5091,1.512,0
2009-05-28,1.5118,1.5145,1.5086,1.512,0
2009-05-29,1.5115,1.5171,1.5066,1.5099,0
2009-06-01,1.508,1.5187,1.5057,1.5154,0
2009-06-02,1.5148,1.52,1.5108,1.519,0
2009-06-03,1.519,1.5218,1.5112,1.5151,0
2009-06-04,1.5143,1.5173,1.5093,1.5162,0
2009-06-05,1.5152,1.5249,1.5141,1.5171,0
2009-06-08,1.5158,1.522,1.5146,1.5174,0
2009-06-09,1.5169,1.5191,1.5137,1.5172,0
2009-06-10,1.5162,1.5193,1.5094,1.5112,0
2009-06-11,1.5102,1.5154,1.5081,1.51,0
2009-06-12,1.5091,1.5141,1.5075,1.5133,0
2009-06-15,1.5117,1.5143,1.5042,1.5071,0
2009-06-16,1.5059,1.5093,1.5041,1.5063,0
2009-06-17,1.5057,1.5118,1.5034,1.5057,0
2009-06-18,1.505,1.5153,1.4992,1.5103,0
2009-06-19,1.509,1.5137,1.5051,1.5074,0
2009-06-22,1.506,1.5083,1.504,1.5058,0
2009-06-23,1.5056,1.5063,1.5003,1.502,0
2009-06-24,1.5015,1.5386,1.5001,1.5292,0
2009-06-25,1.5292,1.5373,1.5245,1.5305,0
2009-06-26,1.5304,1.5333,1.52,1.5235,0
2009-06-29,1.5218,1.5288,1.5204,1.5246,0
2009-06-30,1.5245,1.5281,1.5219,1.524,0
2009-07-01,1.5237,1.526,1.5184,1.5205,0
2009-07-02,1.5201,1.5255,1.5156,1.5187,0
2009-07-03,1.5178,1.5254,1.5149,1.5172,0
2009-07-06,1.5184,1.5215,1.5142,1.5166,0
2009-07-07,1.5161,1.5198,1.5134,1.5157,0
2009-07-08,1.5156,1.5177,1.5109,1.5133,0
2009-07-09,1.5126,1.5176,1.5096,1.5124,0
2009-07-10,1.5116,1.5176,1.5108,1.5139,0
2009-07-13,1.5125,1.5168,1.5113,1.5143,0
2009-07-14,1.5137,1.5223,1.5124,1.5202,0
2009-07-15,1.52,1.5226,1.5137,1.5161,0
2009-07-16,1.5159,1.5198,1.5135,1.5181,0
2009-07-17,1.5175,1.5233,1.5162,1.518,0
2009-07-20,1.519,1.5229,1.5173,1.5194,0
2009-07-21,1.5187,1.521,1.513,1.5162,0
2009-07-22,1.5159,1.5186,1.5139,1.5156,0
2009-07-23,1.5148,1.5253,1.5139,1.5209,0
2009-07-24,1.52,1.5258,1.5188,1.5227,0
2009-07-27,1.5212,1.5255,1.5207,1.5238,0
2009-07-28,1.5235,1.5269,1.5204,1.5238,0
2009-07-29,1.5233,1.5291,1.5208,1.5272,0
2009-07-30,1.5263,1.5346,1.5253,1.531,0
2009-07-31,1.5303,1.5354,1.5204,1.5227,0
2009-08-03,1.524,1.5293,1.5217,1.5271,0
2009-08-04,1.5263,1.5322,1.5248,1.5275,0
2009-08-05,1.5262,1.533,1.5245,1.5301,0
2009-08-06,1.5292,1.5333,1.5271,1.5286,0
2009-08-07,1.5276,1.5362,1.523,1.5337,0
2009-08-10,1.5339,1.537,1.5323,1.535,0
2009-08-11,1.5343,1.5354,1.5273,1.5307,0
2009-08-12,1.5303,1.5325,1.5255,1.5295,0
2009-08-13,1.5287,1.5352,1.5263,1.5293,0
2009-08-14,1.5281,1.5311,1.5211,1.5228,0
2009-08-17,1.5226,1.5248,1.5164,1.5179,0
2009-08-18,1.5172,1.5231,1.5164,1.5205,0
2009-08-19,1.5199,1.5216,1.5121,1.5164,0
2009-08-20,1.516,1.5193,1.514,1.5154,0
2009-08-21,1.5142,1.5197,1.5125,1.5157,0
2009-08-24,1.5147,1.5214,1.5143,1.5174,0
2009-08-25,1.5171,1.5203,1.5143,1.5175,0
2009-08-26,1.5174,1.5245,1.5162,1.5216,0
2009-08-27,1.5213,1.525,1.5152,1.5193,0
2009-08-28,1.5186,1.5227,1.5139,1.5152,0
2009-08-31,1.5159,1.5189,1.5135,1.5182,0
2009-09-01,1.5175,1.519,1.5133,1.5156,0
2009-09-02,1.5146,1.5192,1.5114,1.5134,0
2009-09-03,1.5123,1.516,1.5111,1.5141,0
2009-09-04,1.5138,1.5198,1.5128,1.5157,0
2009-09-07,1.517,1.5208,1.5147,1.5191,0
2009-09-08,1.5184,1.5211,1.5139,1.5169,0
2009-09-09,1.5165,1.5187,1.5142,1.5158,0
2009-09-10,1.5155,1.5204,1.5125,1.5144,0
2009-09-11,1.5135,1.5161,1.5113,1.513,0
2009-09-14,1.5127,1.5149,1.5101,1.5129,0
2009-09-15,1.5117,1.5185,1.5107,1.5171,0
2009-09-16,1.5166,1.5204,1.5152,1.5179,0
2009-09-17,1.5172,1.5233,1.5137,1.5152,0
2009-09-18,1.5154,1.518,1.5121,1.5151,0
2009-09-21,1.5135,1.5194,1.5124,1.5153,0
2009-09-22,1.5145,1.5171,1.5123,1.5146,0
2009-09-23,1.5133,1.5159,1.5105,1.5131,0
2009-09-24,1.5121,1.514,1.5072,1.5089,0
2009-09-25,1.5089,1.5136,1.5069,1.5094,0
2009-09-28,1.5099,1.5128,1.507,1.5097,0
2009-09-29,1.5088,1.5136,1.508,1.5116,0
2009-09-30,1.5112,1.525,1.5066,1.5164,0
2009-10-01,1.5159,1.5199,1.5119,1.5135,0
2009-10-02,1.5131,1.5153,1.5069,1.509,0
2009-10-05,1.5086,1.5138,1.5075,1.5119,0
2009-10-06,1.5114,1.513,1.5085,1.5118,0
2009-10-07,1.5109,1.5186,1.5103,1.5172,0
2009-10-08,1.5168,1.5193,1.5139,1.5175,0
2009-10-09,1.5174,1.5215,1.5163,1.5199,0
2009-10-12,1.5177,1.5209,1.515,1.517,0
2009-10-13,1.5165,1.5202,1.5147,1.5179,0
2009-10-14,1.517,1.5188,1.5128,1.5147,0
2009-10-15,1.5145,1.5179,1.5114,1.5166,0
2009-10-16,1.5162,1.5202,1.515,1.5181,0
2009-10-19,1.5165,1.5187,1.5116,1.5133,0
2009-10-20,1.513,1.5147,1.5101,1.5116,0
2009-10-21,1.5115,1.5126,1.508,1.5101,0
2009-10-22,1.51,1.5145,1.5083,1.5101,0
2009-10-23,1.5095,1.5151,1.5087,1.5134,0
2009-10-26,1.513,1.5157,1.5107,1.5149,0
2009-10-27,1.5138,1.5168,1.511,1.5128,0
2009-10-28,1.5114,1.5135,1.5085,1.5103,0
2009-10-29,1.51,1.5125,1.5085,1.5107,0
2009-10-30,1.5102,1.5181,1.5073,1.5108,0
2009-11-02,1.5094,1.5114,1.5049,1.5096,0
2009-11-03,1.509,1.5138,1.5078,1.5106,0
2009-11-04,1.51,1.5124,1.507,1.5097,0
2009-11-05,1.5102,1.513,1.508,1.5116,0
2009-11-06,1.5111,1.5158,1.507,1.5101,0
2009-11-09,1.5101,1.5127,1.5082,1.5119,0
2009-11-10,1.511,1.5125,1.5083,1.5104,0
2009-11-11,1.5094,1.5114,1.5087,1.5103,0
2009-11-12,1.5097,1.5123,1.5086,1.5106,0
2009-11-13,1.5102,1.5123,1.5076,1.5094,0
2009-11-16,1.5087,1.5111,1.5065,1.5084,0
2009-11-17,1.5077,1.5131,1.5068,1.5113,0
2009-11-18,1.5108,1.5124,1.5089,1.5112,0
2009-11-19,1.5106,1.5153,1.5096,1.5117,0
2009-11-20,1.5112,1.5147,1.5102,1.5124,0
2009-11-23,1.5124,1.5142,1.5093,1.511,0
2009-11-24,1.5108,1.5131,1.5084,1.5101,0
2009-11-25,1.5093,1.5108,1.5065,1.5084,0
2009-11-26,1.5079,1.5139,1.5,1.5057,0
2009-11-27,1.5059,1.5111,1.5022,1.5051,0
2009-11-30,1.5074,1.5099,1.5042,1.5088,0
2009-12-01,1.5079,1.5103,1.5057,1.5071,0
2009-12-02,1.5067,1.509,1.5053,1.5071,0
2009-12-03,1.5066,1.5106,1.5056,1.507,0
2009-12-04,1.5067,1.5117,1.5031,1.5094,0
2009-12-07,1.5097,1.5133,1.5083,1.5111,0
2009-12-08,1.5109,1.5125,1.5088,1.5102,0
2009-12-09,1.5096,1.5124,1.5079,1.5118,0
2009-12-10,1.5116,1.5134,1.5093,1.5113,0
2009-12-11,1.5108,1.5141,1.5091,1.5128,0
2009-12-14,1.5117,1.5146,1.5098,1.5118,0
2009-12-15,1.5116,1.5143,1.508,1.5124,0
2009-12-16,1.5121,1.5141,1.5058,1.5097,0
2009-12-17,1.5089,1.5101,1.4996,1.5017,0
2009-12-18,1.5014,1.5033,1.4904,1.4951,0
2009-12-21,1.4866,1.4977,1.4859,1.4943,0
2009-12-22,1.4936,1.4992,1.4919,1.4947,0
2009-12-23,1.4945,1.4962,1.4863,1.4893,0
2009-12-24,1.4889,1.4932,1.4866,1.492,0
2009-12-25,1.4914,1.4954,1.4885,1.4913,0
2009-12-28,1.4916,1.4928,1.4864,1.4876,0
2009-12-29,1.488,1.4909,1.4842,1.488,0
2009-12-30,1.4871,1.4902,1.4843,1.4867,0
2009-12-31,1.4862,1.4884,1.481,1.4828,0
2010-01-01,1.4815,1.4831,1.481,1.4825,0
2010-01-04,1.4811,1.4904,1.4794,1.4848,0
2010-01-05,1.4836,1.4882,1.4815,1.4856,0
2010-01-06,1.4844,1.4864,1.4782,1.481,0
2010-01-07,1.4804,1.4851,1.476,1.4803,0
2010-01-08,1.4792,1.4861,1.4736,1.4751,0
2010-01-11,1.4749,1.4797,1.4713,1.475,0
2010-01-12,1.4745,1.4773,1.4726,1.4754,0
2010-01-13,1.4748,1.4804,1.4734,1.4775,0
2010-01-14,1.477,1.4813,1.4746,1.4769,0
2010-01-15,1.4763,1.4788,1.4733,1.4767,0
2010-01-18,1.4744,1.4784,1.4723,1.4742,0
2010-01-19,1.4732,1.4785,1.4721,1.4759,0
2010-01-20,1.4751,1.4773,1.4708,1.4724,0
2010-01-21,1.472,1.4762,1.4666,1.4691,0
2010-01-22,1.4678,1.4752,1.4661,1.4726,0
2010-01-25,1.4717,1.475,1.4695,1.4715,0
2010-01-26,1.4711,1.4745,1.4694,1.4728,0
2010-01-27,1.4722,1.4752,1.4699,1.4722,0
2010-01-28,1.472,1.4747,1.4681,1.4695,0
2010-01-29,1.4691,1.4766,1.4625,1.4706,0
2010-02-01,1.4694,1.4742,1.4684,1.4708,0
2010-02-02,1.4709,1.475,1.4681,1.4735,0
2010-02-03,1.4727,1.4756,1.4703,1.4718,0
2010-02-04,1.4709,1.4726,1.4632,1.4644,0
2010-02-05,1.4638,1.4814,1.4552,1.4664,0
2010-02-08,1.4674,1.4695,1.4636,1.4652,0
2010-02-09,1.4642,1.4711,1.4627,1.4674,0
2010-02-10,1.4673,1.4697,1.4636,1.4661,0
2010-02-11,1.4665,1.4686,1.4637,1.4659,0
2010-02-12,1.4658,1.4704,1.4616,1.4662,0
2010-02-15,1.4654,1.4686,1.4613,1.4655,0
2010-02-16,1.4651,1.469,1.4626,1.468,0
2010-02-17,1.4672,1.4699,1.4655,1.4671,0
2010-02-18,1.4664,1.4688,1.4633,1.4669,0
2010-02-19,1.4644,1.4679,1.4628,1.4643,0
2010-02-22,1.4643,1.4669,1.462,1.4632,0
2010-02-23,1.4627,1.4689,1.4611,1.4641,0
2010-02-24,1.4634,1.4657,1.4615,1.4631,0
2010-02-25,1.4632,1.4655,1.4613,1.464,0
2010-02-26,1.4633,1.4651,1.4608,1.463,0
2010-03-01,1.463,1.4656,1.4611,1.4635,0
2010-03-02,1.463,1.466,1.4604,1.4636,0
2010-03-03,1.4625,1.4651,1.4599,1.4623,0
2010-03-04,1.4621,1.4646,1.4609,1.4628,0
2010-03-05,1.4623,1.4653,1.4603,1.4632,0
2010-03-08,1.4625,1.4655,1.4612,1.4642,0
2010-03-09,1.4627,1.4647,1.4609,1.4626,0
2010-03-10,1.4619,1.4638,1.4598,1.4617,0
2010-03-11,1.4608,1.4634,1.4589,1.4615,0
2010-03-12,1.4611,1.4628,1.455,1.4565,0
2010-03-15,1.4568,1.4586,1.4498,1.4522,0
2010-03-16,1.4521,1.4541,1.4495,1.4522,0
2010-03-17,1.4518,1.4541,1.4459,1.4478,0
2010-03-18,1.4455,1.4495,1.4346,1.4394,0
2010-03-19,1.4393,1.4416,1.431,1.4364,0
2010-03-22,1.4341,1.4382,1.4299,1.4346,0
2010-03-23,1.4339,1.4378,1.4252,1.4276,0
2010-03-24,1.4267,1.431,1.4222,1.4289,0
2010-03-25,1.4283,1.4303,1.4244,1.4263,0
2010-03-26,1.4252,1.432,1.4243,1.4281,0
2010-03-29,1.428,1.4365,1.4274,1.4323,0
2010-03-30,1.4317,1.4351,1.4293,1.431,0
2010-03-31,1.4302,1.4325,1.4197,1.4241,0
2010-04-01,1.4237,1.4421,1.4134,1.4321,0
2010-04-02,1.4309,1.4363,1.4276,1.4329,0
2010-04-05,1.4312,1.4338,1.4306,1.4325,0
2010-04-06,1.4322,1.4333,1.4307,1.432,0
2010-04-07,1.4315,1.4359,1.4306,1.4331,0
2010-04-08,1.4323,1.435,1.4307,1.4335,0
2010-04-09,1.4332,1.4406,1.4316,1.4385,0
2010-04-12,1.4401,1.4469,1.4368,1.4397,0
2010-04-13,1.439,1.4414,1.4319,1.4352,0
2010-04-14,1.4347,1.4396,1.433,1.4366,0
2010-04-15,1.4354,1.437,1.4319,1.4339,0
2010-04-16,1.4335,1.436,1.4311,1.4329,0
2010-04-19,1.4323,1.4369,1.4314,1.4339,0
2010-04-20,1.4331,1.4368,1.4318,1.4362,0
2010-04-21,1.4355,1.4365,1.429,1.4335,0
2010-04-22,1.4324,1.4348,1.4302,1.4332,0
2010-04-23,1.4324,1.4371,1.4306,1.4361,0
2010-04-26,1.4341,1.437,1.4324,1.4362,0
2010-04-27,1.4337,1.4385,1.4311,1.4332,0
2010-04-28,1.4327,1.4385,1.4275,1.4343,0
2010-04-29,1.4325,1.4365,1.4317,1.434,0
2010-04-30,1.4331,1.4367,1.4312,1.4331,0
2010-05-03,1.4335,1.4346,1.4308,1.4327,0
2010-05-04,1.4318,1.4344,1.4309,1.4325,0
2010-05-05,1.432,1.4341,1.43,1.4329,0
2010-05-06,1.4325,1.4351,1.3981,1.4066,0
2010-05-07,1.4057,1.4194,1.404,1.4137,0
2010-05-10,1.4229,1.4337,1.4166,1.4192,0
2010-05-11,1.4187,1.4202,1.4021,1.4069,0
2010-05-12,1.4049,1.4123,1.4004,1.4024,0
2010-05-13,1.4018,1.4075,1.3992,1.401,0
2010-05-14,1.4004,1.4042,1.3989,1.4015,0
2010-05-17,1.4005,1.4037,1.3983,1.4023,0
2010-05-18,1.4012,1.4056,1.3987,1.4006,0
2010-05-19,1.3996,1.4318,1.3949,1.4289,0
2010-05-20,1.4296,1.4463,1.4133,1.4367,0
2010-05-21,1.4356,1.4607,1.4338,1.4451,0
2010-05-24,1.4428,1.4446,1.4304,1.4329,0
2010-05-25,1.4323,1.4339,1.42,1.4284,0
2010-05-26,1.4287,1.4301,1.4105,1.4121,0
2010-05-27,1.4111,1.4279,1.41,1.4226,0
2010-05-28,1.4231,1.4313,1.4203,1.4221,0
2010-05-31,1.4207,1.4261,1.4158,1.4213,0
2010-06-01,1.4214,1.4224,1.4126,1.4139,0
2010-06-02,1.4129,1.4167,1.4109,1.4137,0
2010-06-03,1.414,1.4184,1.4044,1.4065,0
2010-06-04,1.4065,1.4097,1.3854,1.3927,0
2010-06-07,1.3902,1.3946,1.384,1.3864,0
2010-06-08,1.3865,1.3921,1.3736,1.3796,0
2010-06-09,1.38,1.3809,1.3731,1.3765,0
2010-06-10,1.3755,1.3873,1.3737,1.3837,0
2010-06-11,1.384,1.3959,1.3808,1.3921,0
2010-06-14,1.3919,1.3992,1.3866,1.3962,0
2010-06-15,1.3951,1.4045,1.3904,1.3969,0
2010-06-16,1.3958,1.398,1.3854,1.3927,0
2010-06-17,1.3914,1.3928,1.3733,1.3769,0
2010-06-18,1.3769,1.379,1.3706,1.3731,0
2010-06-21,1.37,1.377,1.3674,1.3686,0
2010-06-22,1.3693,1.3709,1.3575,1.3588,0
2010-06-23,1.358,1.3621,1.354,1.36,0
2010-06-24,1.3605,1.3634,1.3544,1.3595,0
2010-06-25,1.3583,1.3609,1.3455,1.3528,0
2010-06-28,1.3534,1.3549,1.3319,1.3348,0
2010-06-29,1.3344,1.3367,1.3158,1.3188,0
2010-06-30,1.3182,1.3296,1.3165,1.3185,0
2010-07-01,1.3175,1.3405,1.3066,1.3263,0
2010-07-02,1.3272,1.3446,1.3212,1.3351,0
2010-07-05,1.336,1.3372,1.3299,1.3355,0
2010-07-06,1.3348,1.3425,1.3274,1.3373,0
2010-07-07,1.3375,1.3395,1.3256,1.3293,0
2010-07-08,1.329,1.3363,1.3251,1.3322,0
2010-07-09,1.3317,1.3401,1.33,1.3367,0
2010-07-12,1.3334,1.3414,1.3293,1.3355,0
2010-07-13,1.3345,1.3431,1.3304,1.3424,0
2010-07-14,1.3418,1.3498,1.3399,1.3414,0
2010-07-15,1.3394,1.349,1.337,1.3475,0
2010-07-16,1.3469,1.3631,1.3448,1.3586,0
2010-07-19,1.3516,1.3677,1.3499,1.3654,0
2010-07-20,1.3648,1.3688,1.3493,1.3564,0
2010-07-21,1.3551,1.3586,1.3385,1.3402,0
2010-07-22,1.3392,1.3468,1.3334,1.3446,0
2010-07-23,1.3437,1.3624,1.3411,1.3611,0
2010-07-26,1.3598,1.3638,1.3538,1.3626,0
2010-07-27,1.3616,1.3805,1.3602,1.3782,0
2010-07-28,1.3777,1.3821,1.3707,1.3729,0
2010-07-29,1.3722,1.3762,1.3574,1.3615,0
2010-07-30,1.3614,1.3642,1.3501,1.3592,0
2010-08-02,1.3585,1.3706,1.357,1.3694,0
2010-08-03,1.3687,1.3764,1.3654,1.3749,0
2010-08-04,1.3753,1.3875,1.372,1.3857,0
2010-08-05,1.3854,1.3884,1.3743,1.3799,0
2010-08-06,1.3792,1.3852,1.3736,1.3803,0
2010-08-09,1.3778,1.3886,1.3749,1.388,0
2010-08-10,1.3867,1.3932,1.3788,1.3819,0
2010-08-11,1.3801,1.3835,1.3588,1.3628,0
2010-08-12,1.3618,1.3677,1.3451,1.347,0
2010-08-13,1.3466,1.3546,1.3392,1.3402,0
2010-08-16,1.3366,1.3458,1.3264,1.333,0
2010-08-17,1.3331,1.3464,1.329,1.3436,0
2010-08-18,1.3432,1.3455,1.3351,1.3397,0
2010-08-19,1.3397,1.3411,1.3198,1.323,0
2010-08-20,1.3227,1.3246,1.313,1.3143,0
2010-08-23,1.3144,1.3201,1.3095,1.3174,0
2010-08-24,1.3168,1.3189,1.2996,1.3028,0
2010-08-25,1.3018,1.309,1.2964,1.3039,0
2010-08-26,1.3036,1.3148,1.3003,1.3022,0
2010-08-27,1.3017,1.3132,1.2986,1.3123,0
2010-08-30,1.3113,1.3154,1.2973,1.2998,0
2010-08-31,1.2986,1.3004,1.2844,1.2874,0
2010-09-01,1.2868,1.3047,1.286,1.301,0
2010-09-02,1.2997,1.3046,1.2936,1.2993,0
2010-09-03,1.2986,1.3173,1.2966,1.3113,0
2010-09-06,1.3093,1.314,1.3011,1.3033,0
2010-09-07,1.3025,1.3029,1.2802,1.2826,0
2010-09-08,1.2825,1.2927,1.2757,1.2867,0
2010-09-09,1.2865,1.2941,1.2813,1.2885,0
2010-09-10,1.2884,1.3078,1.2856,1.2928,0
2010-09-13,1.2946,1.3047,1.2935,1.2983,0
2010-09-14,1.2969,1.3005,1.2866,1.2944,0
2010-09-15,1.2933,1.3075,1.2921,1.3053,0
2010-09-16,1.3042,1.3306,1.2982,1.3281,0
2010-09-17,1.3279,1.34,1.3132,1.3178,0
2010-09-20,1.3183,1.3237,1.3106,1.3131,0
2010-09-21,1.3121,1.3244,1.3106,1.3212,0
2010-09-22,1.321,1.328,1.3175,1.3222,0
2010-09-23,1.3215,1.3251,1.3094,1.3121,0
2010-09-24,1.3118,1.3301,1.3066,1.3263,0
2010-09-27,1.3255,1.3302,1.3226,1.326,0
2010-09-28,1.325,1.3302,1.3158,1.3257,0
2010-09-29,1.3255,1.3352,1.323,1.3312,0
2010-09-30,1.3312,1.3412,1.3255,1.3393,0
2010-10-01,1.3397,1.3471,1.3353,1.3429,0
2010-10-04,1.3446,1.3471,1.3281,1.3296,0
2010-10-05,1.3281,1.3401,1.3255,1.3371,0
2010-10-06,1.3371,1.3423,1.3314,1.3396,0
2010-10-07,1.3387,1.3491,1.3357,1.3454,0
2010-10-08,1.3441,1.3504,1.3355,1.3421,0
2010-10-11,1.3438,1.35,1.3367,1.3388,0
2010-10-12,1.3381,1.3425,1.3256,1.3324,0
2010-10-13,1.3314,1.3428,1.331,1.3379,0
2010-10-14,1.3366,1.3446,1.3329,1.3422,0
2010-10-15,1.341,1.3491,1.3357,1.3407,0
2010-10-18,1.3383,1.3408,1.3301,1.3376,0
2010-10-19,1.3368,1.3457,1.3301,1.334,0
2010-10-20,1.3328,1.3449,1.3299,1.3436,0
2010-10-21,1.3431,1.3537,1.3381,1.347,0
2010-10-22,1.3459,1.3661,1.3447,1.3631,0
2010-10-25,1.3633,1.3678,1.3536,1.3562,0
2010-10-26,1.3551,1.3689,1.3531,1.3643,0
2010-10-27,1.3633,1.3706,1.3598,1.3638,0
2010-10-28,1.363,1.371,1.3604,1.37,0
2010-10-29,1.3683,1.3742,1.3637,1.3701,0
2010-11-01,1.3712,1.3844,1.3702,1.378,0
2010-11-02,1.3774,1.3829,1.3677,1.3736,0
2010-11-03,1.374,1.3816,1.3681,1.3729,0
2010-11-04,1.3723,1.3814,1.3575,1.3624,0
2010-11-05,1.362,1.3647,1.3432,1.3495,0
2010-11-08,1.3517,1.3539,1.3397,1.3453,0
2010-11-09,1.3442,1.3461,1.3313,1.3332,0
2010-11-10,1.3331,1.3433,1.3266,1.3387,0
2010-11-11,1.3373,1.3405,1.3249,1.332,0
2010-11-12,1.3316,1.3443,1.322,1.343,0
2010-11-15,1.3443,1.348,1.3355,1.3382,0
2010-11-16,1.3367,1.3451,1.336,1.3439,0
2010-11-17,1.3432,1.3475,1.3376,1.342,0
2010-11-18,1.3409,1.36,1.3399,1.3588,0
2010-11-19,1.3584,1.368,1.3532,1.3565,0
2010-11-22,1.3596,1.3661,1.3445,1.3485,0
2010-11-23,1.3476,1.3493,1.3283,1.3331,0
2010-11-24,1.3323,1.3354,1.3232,1.3283,0
2010-11-25,1.3273,1.3393,1.3249,1.3372,0
2010-11-26,1.3357,1.3382,1.3227,1.328,0
2010-11-29,1.3313,1.3333,1.309,1.3117,0
2010-11-30,1.3118,1.3138,1.2924,1.3034,0
2010-12-01,1.3035,1.3193,1.2996,1.3174,0
2010-12-02,1.3166,1.3216,1.3063,1.3133,0
2010-12-03,1.3118,1.3175,1.3034,1.3081,0
2010-12-06,1.3041,1.3126,1.2995,1.3058,0
2010-12-07,1.3059,1.3128,1.3015,1.3106,0
2010-12-08,1.3083,1.3109,1.3006,1.3082,0
2010-12-09,1.3069,1.3102,1.297,1.3022,0
2010-12-10,1.3017,1.3035,1.295,1.2973,0
2010-12-13,1.2977,1.3014,1.2903,1.2963,0
2010-12-14,1.2957,1.3016,1.2821,1.2838,0
2010-12-15,1.2836,1.2855,1.2753,1.2784,0
2010-12-16,1.2787,1.2878,1.273,1.2771,0
2010-12-17,1.2765,1.2799,1.2711,1.2795,0
2010-12-20,1.2771,1.279,1.2627,1.2668,0
2010-12-21,1.2659,1.2721,1.2534,1.2559,0
2010-12-22,1.2543,1.2589,1.243,1.247,0
2010-12-23,1.2466,1.2656,1.2449,1.2577,0
2010-12-24,1.2572,1.2664,1.2533,1.2631,0
2010-12-27,1.2595,1.2702,1.2549,1.2639,0
2010-12-28,1.2637,1.2671,1.2443,1.2488,0
2010-12-29,1.2482,1.2548,1.2446,1.2508,0
2010-12-30,1.2507,1.252,1.2397,1.2428,0
2010-12-31,1.2423,1.2579,1.2411,1.2495,0
2011-01-03,1.247,1.2508,1.2405,1.2473,0
2011-01-04,1.2462,1.2692,1.2448,1.2619,0
2011-01-05,1.2616,1.2732,1.2563,1.2706,0
2011-01-06,1.2695,1.2725,1.2516,1.2561,0
2011-01-07,1.255,1.257,1.2441,1.2487,0
2011-01-10,1.2469,1.2571,1.2426,1.2531,0
2011-01-11,1.2525,1.2675,1.2508,1.2632,0
2011-01-12,1.2631,1.274,1.2574,1.2692,0
2011-01-13,1.2687,1.2892,1.2678,1.2876,0
2011-01-14,1.2876,1.2965,1.284,1.29,0
2011-01-17,1.2874,1.2903,1.28,1.2823,0
2011-01-18,1.2824,1.2933,1.2767,1.2906,0
2011-01-19,1.2899,1.2997,1.2837,1.2864,0
2011-01-20,1.286,1.3049,1.2809,1.303,0
2011-01-21,1.3028,1.3081,1.297,1.3056,0
2011-01-24,1.3064,1.3128,1.2913,1.2948,0
2011-01-25,1.2941,1.2994,1.2819,1.2894,0
2011-01-26,1.2889,1.2975,1.2865,1.2917,0
2011-01-27,1.2913,1.3011,1.2871,1.2984,0
2011-01-28,1.2976,1.2998,1.2769,1.2829,0
2011-01-31,1.2794,1.2934,1.2771,1.2921,0
2011-02-01,1.2922,1.3001,1.2899,1.2938,0
2011-02-02,1.2935,1.3016,1.2863,1.2982,0
2011-02-03,1.2978,1.3041,1.2861,1.2894,0
2011-02-04,1.2888,1.3013,1.2871,1.2973,0
2011-02-07,1.2985,1.3049,1.2923,1.298,0
2011-02-08,1.2975,1.3151,1.2964,1.313,0
2011-02-09,1.312,1.3191,1.3109,1.3155,0
2011-02-10,1.3145,1.3201,1.308,1.3182,0
2011-02-11,1.3176,1.3211,1.3118,1.3181,0
2011-02-14,1.3167,1.321,1.3043,1.3087,0
2011-02-15,1.308,1.3146,1.3028,1.3045,0
2011-02-16,1.3036,1.3133,1.2968,1.3017,0
2011-02-17,1.3013,1.3033,1.289,1.2921,0
2011-02-18,1.2916,1.2998,1.2886,1.2949,0
2011-02-21,1.2919,1.2985,1.2909,1.2949,0
2011-02-22,1.2944,1.2967,1.2782,1.2815,0
2011-02-23,1.2808,1.2891,1.2798,1.2828,0
2011-02-24,1.2823,1.2835,1.2699,1.2786,0
2011-02-25,1.2773,1.2847,1.2745,1.2768,0
2011-02-28,1.2766,1.2867,1.2716,1.2824,0
2011-03-01,1.2818,1.2895,1.279,1.2801,0
2011-03-02,1.2793,1.2826,1.2747,1.2809,0
2011-03-03,1.2802,1.3021,1.2779,1.3014,0
2011-03-04,1.3004,1.3031,1.2907,1.2944,0
2011-03-07,1.2947,1.2997,1.2905,1.2945,0
2011-03-08,1.2936,1.3045,1.2924,1.3007,0
2011-03-09,1.3002,1.302,1.2886,1.293,0
2011-03-10,1.2925,1.2953,1.2822,1.2858,0
2011-03-11,1.2852,1.2935,1.2817,1.2929,0
2011-03-14,1.2975,1.2992,1.2903,1.2931,0
2011-03-15,1.2925,1.2947,1.2726,1.2827,0
2011-03-16,1.2819,1.2861,1.2532,1.2547,0
2011-03-17,1.2499,1.2682,1.2474,1.2593,0
2011-03-18,1.259,1.2814,1.2575,1.2777,0
2011-03-21,1.2778,1.2888,1.2769,1.2874,0
2011-03-22,1.286,1.2901,1.2801,1.2829,0
2011-03-23,1.2825,1.2839,1.2725,1.2794,0
2011-03-24,1.2792,1.2886,1.2779,1.2878,0
2011-03-25,1.2862,1.2968,1.2848,1.2957,0
2011-03-28,1.2934,1.2985,1.2875,1.2912,0
2011-03-29,1.2906,1.2996,1.2882,1.2987,0
2011-03-30,1.2984,1.3042,1.2953,1.2975,0
2011-03-31,1.2976,1.3031,1.2927,1.3014,0
2011-04-01,1.3009,1.3176,1.3,1.3147,0
2011-04-04,1.316,1.3199,1.3076,1.3127,0
2011-04-05,1.3122,1.3174,1.3048,1.3161,0
2011-04-06,1.3148,1.3239,1.3061,1.3167,0
2011-04-07,1.316,1.3181,1.3059,1.3109,0
2011-04-08,1.311,1.3198,1.3083,1.312,0
2011-04-11,1.3132,1.3179,1.3058,1.3094,0
2011-04-12,1.3084,1.3108,1.2952,1.2986,0
2011-04-13,1.2981,1.3049,1.2909,1.2944,0
2011-04-14,1.2938,1.2963,1.2835,1.2929,0
2011-04-15,1.2922,1.2962,1.2857,1.2881,0
2011-04-18,1.2871,1.2898,1.2717,1.2762,0
2011-04-19,1.2743,1.2919,1.2721,1.2904,0
2011-04-20,1.2893,1.2984,1.2877,1.2899,0
2011-04-21,1.2893,1.2971,1.2791,1.2897,0
2011-04-22,1.2891,1.2937,1.2857,1.2898,0
2011-04-25,1.289,1.2915,1.2814,1.2845,0
2011-04-26,1.2846,1.2885,1.279,1.2809,0
2011-04-27,1.2801,1.294,1.2738,1.2933,0
2011-04-28,1.2931,1.2971,1.29,1.2948,0
2011-04-29,1.2947,1.2973,1.2799,1.2814,0
2011-05-02,1.2816,1.2946,1.2789,1.2829,0
2011-05-03,1.2813,1.2844,1.2754,1.2766,0
2011-05-04,1.276,1.2832,1.2722,1.2773,0
2011-05-05,1.2765,1.2797,1.2618,1.265,0
2011-05-06,1.2644,1.2758,1.2564,1.2576,0
2011-05-09,1.2604,1.2633,1.2475,1.2525,0
2011-05-10,1.2513,1.2694,1.2479,1.2679,0
2011-05-11,1.267,1.2702,1.258,1.2601,0
2011-05-12,1.2593,1.2625,1.254,1.2588,0
2011-05-13,1.2587,1.2699,1.2566,1.2602,0
2011-05-16,1.2576,1.2615,1.2509,1.2522,0
2011-05-17,1.2508,1.2599,1.2496,1.2534,0
2011-05-18,1.2528,1.2584,1.2514,1.2555,0
2011-05-19,1.2554,1.2647,1.2527,1.2605,0
2011-05-20,1.2596,1.2654,1.2394,1.2421,0
2011-05-23,1.2415,1.2433,1.2316,1.2414,0
2011-05-24,1.241,1.2475,1.2371,1.2406,0
2011-05-25,1.2406,1.2418,1.2264,1.2295,0
2011-05-26,1.2287,1.237,1.2193,1.2231,0
2011-05-27,1.2222,1.226,1.2093,1.2167,0
2011-05-30,1.2163,1.2188,1.2124,1.2174,0
2011-05-31,1.2165,1.2324,1.2145,1.2292,0
2011-06-01,1.2291,1.2335,1.2041,1.2063,0
2011-06-02,1.2067,1.2231,1.2053,1.2208,0
2011-06-03,1.2215,1.2262,1.2098,1.22,0
2011-06-06,1.2208,1.2266,1.2152,1.2166,0
2011-06-07,1.2161,1.2323,1.2156,1.2287,0
2011-06-08,1.2287,1.2305,1.2167,1.2189,0
2011-06-09,1.2191,1.2308,1.2179,1.2206,0
2011-06-10,1.22,1.2236,1.2052,1.2096,0
2011-06-13,1.2073,1.2141,1.1998,1.2068,0
2011-06-14,1.206,1.2258,1.2004,1.2209,0
2011-06-15,1.2206,1.225,1.2073,1.2088,0
2011-06-16,1.2088,1.2132,1.1939,1.205,0
2011-06-17,1.2041,1.2155,1.1978,1.215,0
2011-06-20,1.2116,1.2146,1.2011,1.2102,0
2011-06-21,1.2101,1.2154,1.2059,1.2116,0
2011-06-22,1.2106,1.216,1.2018,1.2045,0
2011-06-23,1.2032,1.2075,1.1838,1.1957,0
2011-06-24,1.1951,1.1973,1.1798,1.1828,0
2011-06-27,1.1838,1.1964,1.1808,1.1929,0
2011-06-28,1.1923,1.1968,1.1855,1.1957,0
2011-06-29,1.1943,1.2064,1.1919,1.2043,0
2011-06-30,1.2037,1.2252,1.2024,1.2191,0
2011-07-01,1.2186,1.234,1.2177,1.2315,0
2011-07-04,1.2314,1.2353,1.2293,1.2331,0
2011-07-05,1.2326,1.2345,1.2093,1.2133,0
2011-07-06,1.2122,1.2176,1.1958,1.2018,0
2011-07-07,1.2013,1.2148,1.197,1.2126,0
2011-07-08,1.2127,1.2175,1.19,1.1934,0
2011-07-11,1.1889,1.1925,1.1664,1.1728,0
2011-07-12,1.1736,1.1757,1.1545,1.1589,0
2011-07-13,1.1587,1.1733,1.1545,1.1565,0
2011-07-14,1.1509,1.1654,1.1484,1.154,0
2011-07-15,1.1529,1.1609,1.149,1.1538,0
2011-07-18,1.1426,1.1551,1.1397,1.1539,0
2011-07-19,1.1532,1.1691,1.1509,1.1667,0
2011-07-20,1.1657,1.1698,1.16,1.166,0
2011-07-21,1.1664,1.1803,1.1603,1.1761,0
2011-07-22,1.1766,1.1896,1.1688,1.1753,0
2011-07-25,1.1694,1.1719,1.1509,1.1589,0
2011-07-26,1.1578,1.1668,1.1533,1.1632,0
2011-07-27,1.163,1.1657,1.1492,1.1516,0
2011-07-28,1.1513,1.154,1.1415,1.1492,0
2011-07-29,1.1483,1.1502,1.1292,1.1309,0
2011-08-01,1.1375,1.1456,1.1025,1.1173,0
2011-08-02,1.1176,1.121,1.0795,1.0835,0
2011-08-03,1.084,1.1153,1.0786,1.1025,0
2011-08-04,1.102,1.1148,1.075,1.0795,0
2011-08-05,1.0783,1.099,1.0719,1.0963,0
2011-08-08,1.0879,1.0995,1.0612,1.0704,0
2011-08-09,1.0696,1.0846,1.0085,1.0387,0
2011-08-10,1.0397,1.0521,1.0252,1.0299,0
2011-08-11,1.0296,1.0921,1.0246,1.0861,0
2011-08-12,1.0846,1.1099,1.0681,1.1086,0
2011-08-15,1.1165,1.1463,1.115,1.1329,0
2011-08-16,1.1326,1.1487,1.1158,1.1463,0
2011-08-17,1.1479,1.1559,1.1214,1.1408,0
2011-08-18,1.139,1.1517,1.1234,1.1378,0
2011-08-19,1.1372,1.1395,1.1246,1.1303,0
2011-08-22,1.1352,1.1388,1.1258,1.1351,0
2011-08-23,1.1349,1.1456,1.1309,1.1441,0
2011-08-24,1.1434,1.1479,1.1364,1.1473,0
2011-08-25,1.147,1.1522,1.1392,1.1403,0
2011-08-26,1.1406,1.1738,1.1386,1.169,0
2011-08-29,1.1705,1.1974,1.1684,1.1838,0
2011-08-30,1.184,1.1904,1.1747,1.1849,0
2011-08-31,1.1832,1.1852,1.1519,1.1587,0
2011-09-01,1.159,1.161,1.1314,1.1348,0
2011-09-02,1.1331,1.1359,1.0994,1.1198,0
2011-09-05,1.1162,1.1203,1.1009,1.1091,0
2011-09-06,1.1091,1.2173,1.1012,1.2067,0
2011-09-07,1.206,1.2114,1.2027,1.209,0
2011-09-08,1.2085,1.2184,1.2066,1.2155,0
2011-09-09,1.2149,1.219,1.2047,1.2067,0
2011-09-12,1.206,1.2079,1.2024,1.2043,0
2011-09-13,1.2032,1.2061,1.2008,1.2041,0
2011-09-14,1.2035,1.2058,1.2005,1.2044,0
2011-09-15,1.2038,1.2097,1.2015,1.2073,0
2011-09-16,1.2068,1.2102,1.2041,1.2085,0
2011-09-19,1.2064,1.2097,1.2042,1.2068,0
2011-09-20,1.206,1.2217,1.2035,1.2162,0
2011-09-21,1.2154,1.2301,1.214,1.2222,0
2011-09-22,1.2211,1.2348,1.217,1.2227,0
2011-09-23,1.2215,1.2287,1.2175,1.2228,0
2011-09-26,1.2209,1.2256,1.2146,1.2199,0
2011-09-27,1.2196,1.2241,1.2164,1.2178,0
2011-09-28,1.2176,1.2231,1.2167,1.2187,0
2011-09-29,1.2181,1.2224,1.2174,1.2199,0
2011-09-30,1.2195,1.2214,1.2124,1.2155,0
2011-10-03,1.2135,1.2175,1.2116,1.2134,0
2011-10-04,1.2137,1.2285,1.2119,1.2237,0
2011-10-05,1.2239,1.2357,1.2211,1.2323,0
2011-10-06,1.2321,1.2423,1.2279,1.2369,0
2011-10-07,1.2367,1.2429,1.233,1.2403,0
2011-10-10,1.2405,1.2446,1.2297,1.2334,0
2011-10-11,1.2324,1.2428,1.2307,1.2394,0
2011-10-12,1.239,1.2438,1.2314,1.2345,0
2011-10-13,1.2337,1.2382,1.2316,1.2369,0
2011-10-14,1.2367,1.2416,1.2347,1.2374,0
2011-10-17,1.2379,1.24,1.2337,1.2352,0
2011-10-18,1.2345,1.2382,1.232,1.2357,0
2011-10-19,1.235,1.248,1.2342,1.2422,0
2011-10-20,1.2415,1.2446,1.2272,1.233,0
2011-10-21,1.2324,1.2341,1.2199,1.227,0
2011-10-24,1.2242,1.231,1.2221,1.2268,0
2011-10-25,1.2266,1.2287,1.2197,1.2211,0
2011-10-26,1.2209,1.2278,1.2151,1.225,0
2011-10-27,1.2237,1.2291,1.2172,1.2199,0
2011-10-28,1.2191,1.2249,1.2183,1.2214,0
2011-10-31,1.2196,1.2236,1.2133,1.2159,0
2011-11-01,1.2149,1.2217,1.213,1.215,0
2011-11-02,1.2142,1.2188,1.2133,1.2152,0
2011-11-03,1.2142,1.2176,1.2108,1.2138,0
2011-11-04,1.2134,1.2254,1.2125,1.2207,0
2011-11-07,1.2276,1.2424,1.2254,1.2411,0
2011-11-08,1.2407,1.2465,1.2318,1.2384,0
2011-11-09,1.2376,1.2407,1.2273,1.2319,0
2011-11-10,1.2309,1.2385,1.2285,1.233,0
2011-11-11,1.2322,1.2418,1.2313,1.239,0
2011-11-14,1.2403,1.2421,1.232,1.2368,0
2011-11-15,1.2371,1.2431,1.2362,1.2389,0
2011-11-16,1.2386,1.2416,1.2351,1.2386,0
2011-11-17,1.2369,1.2445,1.2359,1.2407,0
2011-11-18,1.2408,1.2419,1.2336,1.239,0
2011-11-21,1.2393,1.2417,1.2344,1.2378,0
2011-11-22,1.2374,1.239,1.233,1.235,0
2011-11-23,1.2345,1.2358,1.2255,1.2274,0
2011-11-24,1.227,1.2323,1.2247,1.227,0
2011-11-25,1.227,1.2388,1.224,1.2322,0
2011-11-28,1.235,1.2364,1.2272,1.2286,0
2011-11-29,1.2278,1.2326,1.2251,1.226,0
2011-11-30,1.2256,1.2333,1.2223,1.228,0
2011-12-01,1.2273,1.2399,1.2245,1.2327,0
2011-12-02,1.2319,1.2378,1.2312,1.2343,0
2011-12-05,1.2362,1.2403,1.2317,1.2333,0
2011-12-06,1.2326,1.2433,1.2319,1.2418,0
2011-12-07,1.2406,1.2449,1.2368,1.2387,0
2011-12-08,1.2384,1.242,1.232,1.2354,0
2011-12-09,1.2352,1.2385,1.2306,1.2366,0
2011-12-12,1.2379,1.2394,1.2317,1.2358,0
2011-12-13,1.2351,1.2382,1.229,1.2328,0
2011-12-14,1.2322,1.2381,1.2291,1.2374,0
2011-12-15,1.2374,1.2406,1.2215,1.2242,0
2011-12-16,1.2232,1.2261,1.2195,1.2206,0
2011-12-19,1.2207,1.2216,1.2162,1.2182,0
2011-12-20,1.2177,1.2219,1.2155,1.2189,0
2011-12-21,1.2183,1.2245,1.2162,1.2209,0
2011-12-22,1.2208,1.2247,1.2192,1.2219,0
2011-12-23,1.2209,1.2247,1.22,1.2225,0
2011-12-26,1.2217,1.2256,1.2197,1.2219,0
2011-12-27,1.2213,1.224,1.2192,1.2211,0
2011-12-28,1.2206,1.223,1.2175,1.2195,0
2011-12-29,1.2195,1.2201,1.2156,1.2182,0
2011-12-30,1.2181,1.2194,1.2126,1.2139,0
2012-01-02,1.2142,1.2204,1.2123,1.2156,0
2012-01-03,1.2152,1.2197,1.2144,1.2165,0
2012-01-04,1.2161,1.2203,1.2152,1.2188,0
2012-01-05,1.2185,1.2201,1.2165,1.2185,0
2012-01-06,1.2173,1.2201,1.214,1.2151,0
2012-01-09,1.2148,1.2168,1.2097,1.212,0
2012-01-10,1.2114,1.2156,1.2099,1.2126,0
2012-01-11,1.2118,1.2147,1.2095,1.2124,0
2012-01-12,1.2122,1.2132,1.2078,1.2106,0
2012-01-13,1.2098,1.2139,1.2053,1.2079,0
2012-01-16,1.2067,1.2106,1.2058,1.2089,0
2012-01-17,1.208,1.2117,1.2077,1.2092,0
2012-01-18,1.2088,1.2136,1.2057,1.2082,0
2012-01-19,1.2078,1.2096,1.206,1.2085,0
2012-01-20,1.2078,1.2096,1.206,1.2084,0
2012-01-23,1.2069,1.2092,1.2052,1.2077,0
2012-01-24,1.2071,1.21,1.205,1.209,0
2012-01-25,1.2088,1.2116,1.2061,1.2082,0
2012-01-26,1.2079,1.2098,1.2051,1.206,0
2012-01-27,1.2059,1.2088,1.2048,1.2063,0
2012-01-30,1.2062,1.2069,1.2031,1.2056,0
2012-01-31,1.205,1.2071,1.2024,1.204,0
2012-02-01,1.2038,1.2061,1.2021,1.2046,0
2012-02-02,1.2037,1.2081,1.2029,1.2051,0
2012-02-03,1.2044,1.209,1.2035,1.2077,0
2012-02-06,1.2062,1.2081,1.2041,1.2062,0
2012-02-07,1.2062,1.2108,1.205,1.2091,0
2012-02-08,1.2083,1.2138,1.2076,1.21,0
2012-02-09,1.21,1.2121,1.2083,1.2116,0
2012-02-10,1.2109,1.2118,1.2073,1.2089,0
2012-02-13,1.2084,1.211,1.207,1.2087,0
2012-02-14,1.2081,1.2095,1.2059,1.2077,0
2012-02-15,1.2074,1.2092,1.2046,1.2066,0
2012-02-16,1.2059,1.2091,1.2054,1.2068,0
2012-02-17,1.2062,1.2098,1.2057,1.2084,0
2012-02-20,1.2087,1.2107,1.2056,1.2073,0
2012-02-21,1.2065,1.2111,1.2041,1.2075,0
2012-02-22,1.2072,1.2087,1.2049,1.206,0
2012-02-23,1.2056,1.2075,1.2037,1.2052,0
2012-02-24,1.2048,1.2075,1.2029,1.2049,0
2012-02-27,1.2048,1.2061,1.2033,1.2054,0
2012-02-28,1.2047,1.2067,1.2038,1.2051,0
2012-02-29,1.205,1.2069,1.2027,1.205,0
2012-03-01,1.2047,1.2073,1.2037,1.2067,0
2012-03-02,1.2058,1.2084,1.2042,1.2067,0
2012-03-05,1.2066,1.209,1.204,1.2058,0
2012-03-06,1.2068,1.2079,1.2037,1.2048,0
2012-03-07,1.2044,1.2073,1.2038,1.2058,0
2012-03-08,1.2049,1.207,1.2036,1.2063,0
2012-03-09,1.2054,1.207,1.2042,1.2058,0
2012-03-12,1.206,1.2078,1.2042,1.206,0
2012-03-13,1.2051,1.2085,1.2041,1.2079,0
2012-03-14,1.207,1.2154,1.2064,1.2126,0
2012-03-15,1.2126,1.2146,1.2057,1.2073,0
2012-03-16,1.2064,1.2086,1.205,1.2062,0
2012-03-19,1.206,1.2085,1.2048,1.2066,0
2012-03-20,1.206,1.2081,1.2046,1.2064,0
2012-03-21,1.2057,1.2071,1.2043,1.2058,0
2012-03-22,1.2053,1.2066,1.2037,1.2058,0
2012-03-23,1.2053,1.2064,1.2039,1.2051,0
2012-03-26,1.2047,1.2069,1.2034,1.206,0
2012-03-27,1.2052,1.2078,1.2042,1.2058,0
2012-03-28,1.2052,1.2073,1.2041,1.2054,0
2012-03-29,1.205,1.2064,1.2034,1.2058,0
2012-03-30,1.2051,1.2064,1.2023,1.2039,0
2012-04-02,1.2033,1.2052,1.2027,1.2039,0
2012-04-03,1.2036,1.2058,1.2017,1.2037,0
2012-04-04,1.2035,1.2052,1.2021,1.2039,0
2012-04-05,1.203,1.2047,1.1991,1.2018,0
2012-04-06,1.2014,1.2042,1.1995,1.2009,0
2012-04-09,1.2006,1.203,1.1999,1.2017,0
2012-04-10,1.2016,1.2037,1.2004,1.2016,0
2012-04-11,1.2008,1.2037,1.1999,1.2031,0
2012-04-12,1.2021,1.2041,1.2002,1.2016,0
2012-04-13,1.2012,1.2035,1.2004,1.2023,0
2012-04-16,1.202,1.2036,1.2005,1.2019,0
2012-04-17,1.2015,1.2028,1.2,1.2012,0
2012-04-18,1.2009,1.2038,1.2004,1.2018,0
2012-04-19,1.2015,1.2032,1.2001,1.2024,0
2012-04-20,1.202,1.2037,1.2002,1.2022,0
2012-04-23,1.2008,1.2032,1.2001,1.2019,0
2012-04-24,1.2015,1.2028,1.2003,1.2018,0
2012-04-25,1.2012,1.2037,1.2003,1.2018,0
2012-04-26,1.2016,1.2031,1.1999,1.2016,0
2012-04-27,1.2006,1.2027,1.2,1.2015,0
2012-04-30,1.2007,1.2024,1.2001,1.2014,0
2012-05-01,1.2009,1.2024,1.2,1.2016,0
2012-05-02,1.2013,1.2028,1.2003,1.2016,0
2012-05-03,1.2013,1.2045,1.2005,1.2016,0
2012-05-04,1.2011,1.2024,1.2003,1.2014,0
2012-05-07,1.2006,1.2024,1.2,1.2014,0
2012-05-08,1.2011,1.2026,1.2002,1.201,0
2012-05-09,1.2005,1.2021,1.1998,1.2008,0
2012-05-10,1.2005,1.2023,1.2,1.2012,0
2012-05-11,1.2007,1.2025,1.1997,1.201,0
2012-05-14,1.1999,1.2027,1.1992,1.201,0
2012-05-15,1.2008,1.2023,1.1994,1.2007,0
2012-05-16,1.2003,1.2025,1.198,1.201,0
2012-05-17,1.2007,1.2031,1.1998,1.201,0
2012-05-18,1.2005,1.2022,1.1993,1.2014,0
2012-05-21,1.2005,1.202,1.1997,1.2013,0
2012-05-22,1.2011,1.2021,1.1997,1.2012,0
2012-05-23,1.2012,1.2025,1.1993,1.201,0
2012-05-24,1.2005,1.2082,1.1989,1.2013,0
2012-05-25,1.2009,1.2042,1.1996,1.201,0
2012-05-28,1.2014,1.2039,1.2007,1.202,0
2012-05-29,1.2015,1.2033,1.1997,1.201,0
2012-05-30,1.2004,1.2053,1.1963,1.2008,0
2012-05-31,1.201,1.2025,1.1995,1.2011,0
2012-06-01,1.2007,1.2033,1.1979,1.2012,0
2012-06-04,1.2005,1.202,1.1995,1.201,0
2012-06-05,1.2007,1.2023,1.1997,1.201,0
2012-06-06,1.2005,1.2023,1.1994,1.2006,0
2012-06-07,1.2006,1.2026,1.1996,1.2009,0
2012-06-08,1.2006,1.2022,1.1997,1.2013,0
2012-06-11,1.2008,1.2029,1.1992,1.201,0
2012-06-12,1.2006,1.2021,1.1996,1.201,0
2012-06-13,1.2005,1.2022,1.1995,1.2009,0
2012-06-14,1.2008,1.2024,1.1993,1.2012,0
2012-06-15,1.2007,1.2018,1.1988,1.1997,0
2012-06-18,1.2006,1.2028,1.1995,1.201,0
2012-06-19,1.2004,1.2034,1.1991,1.2011,0
2012-06-20,1.2005,1.2024,1.1989,1.2009,0
2012-06-21,1.2011,1.2022,1.1996,1.2011,0
2012-06-22,1.2002,1.2026,1.1995,1.2006,0
2012-06-25,1.2006,1.202,1.1995,1.2009,0
2012-06-26,1.201,1.2018,1.1993,1.201,0
2012-06-27,1.2007,1.2022,1.1998,1.201,0
2012-06-28,1.2007,1.2033,1.1997,1.2011,0
2012-06-29,1.201,1.2052,1.1992,1.2009,0
2012-07-02,1.2012,1.2024,1.1998,1.2012,0
2012-07-03,1.2005,1.2024,1.1998,1.2012,0
2012-07-04,1.2002,1.2024,1.1997,1.2012,0
2012-07-05,1.2007,1.2045,1.1991,1.2012,0
2012-07-06,1.2008,1.2033,1.1991,1.2012,0
2012-07-09,1.2006,1.2023,1.1994,1.2009,0
2012-07-10,1.2004,1.2022,1.1996,1.2008,0
2012-07-11,1.2006,1.2027,1.1996,1.2008,0
2012-07-12,1.2004,1.2024,1.1996,1.2007,0
2012-07-13,1.2003,1.2022,1.1995,1.2014,0
2012-07-16,1.2008,1.2033,1.1997,1.2012,0
2012-07-17,1.2006,1.2024,1.1995,1.2014,0
2012-07-18,1.2007,1.2026,1.1997,1.2011,0
2012-07-19,1.2006,1.2021,1.1997,1.201,0
2012-07-20,1.2007,1.202,1.1995,1.2012,0
2012-07-23,1.2005,1.202,1.1994,1.2009,0
2012-07-24,1.2007,1.2026,1.1997,1.2009,0
2012-07-25,1.2005,1.2026,1.1994,1.201,0
2012-07-26,1.2008,1.2023,1.1987,1.201,0
2012-07-27,1.2008,1.2035,1.1983,1.2016,0
2012-07-30,1.2013,1.2022,1.1998,1.2012,0
2012-07-31,1.2008,1.2037,1.1999,1.2012,0
2012-08-01,1.201,1.2031,1.1983,1.2017,0
2012-08-02,1.201,1.2049,1.1988,1.2011,0
2012-08-03,1.2003,1.203,1.1982,1.202,0
2012-08-06,1.2007,1.2032,1.1998,1.2014,0
2012-08-07,1.2014,1.2031,1.2,1.2014,0
2012-08-08,1.201,1.2029,1.1996,1.2013,0
2012-08-09,1.2007,1.2022,1.1997,1.2012,0
2012-08-10,1.2003,1.2019,1.1994,1.2011,0
2012-08-13,1.2003,1.2022,1.1998,1.2012,0
2012-08-14,1.2004,1.2024,1.1997,1.2009,0
2012-08-15,1.2006,1.2022,1.1998,1.2009,0
2012-08-16,1.2005,1.202,1.1996,1.2012,0
2012-08-17,1.2007,1.203,1.1998,1.2013,0
2012-08-20,1.2007,1.202,1.1995,1.2011,0
2012-08-21,1.2006,1.2023,1.1995,1.2009,0
2012-08-22,1.2005,1.2046,1.1996,1.201,0
2012-08-23,1.2004,1.2022,1.1996,1.2012,0
2012-08-24,1.2,1.203,1.1993,1.2009,0
2012-08-27,1.2006,1.202,1.1996,1.201,0
2012-08-28,1.2007,1.2029,1.1997,1.201,0
2012-08-29,1.2006,1.2019,1.1997,1.2009,0
2012-08-30,1.2006,1.2048,1.1994,1.2009,0
2012-08-31,1.2005,1.2029,1.1991,1.2016,0
2012-09-03,1.2006,1.2024,1.1997,1.2008,0
2012-09-04,1.2005,1.2032,1.1994,1.201,0
2012-09-05,1.2007,1.206,1.1999,1.2044,0
2012-09-06,1.2039,1.2073,1.2026,1.2049,0
2012-09-07,1.2045,1.2165,1.2036,1.2109,0
2012-09-10,1.2088,1.2121,1.206,1.2076,0
2012-09-11,1.2069,1.2101,1.2049,1.2072,0
2012-09-12,1.2067,1.2107,1.2022,1.2092,0
2012-09-13,1.2085,1.2171,1.2073,1.2148,0
2012-09-14,1.2141,1.2187,1.2134,1.2171,0
2012-09-17,1.2155,1.219,1.2133,1.2163,0
2012-09-18,1.2157,1.217,1.2096,1.2115,0
2012-09-19,1.211,1.2132,1.2072,1.2102,0
2012-09-20,1.2097,1.2113,1.2065,1.2104,0
2012-09-21,1.2097,1.2132,1.2086,1.2105,0
2012-09-24,1.21,1.2136,1.2077,1.2098,0
2012-09-25,1.2099,1.2119,1.2077,1.2094,0
2012-09-26,1.209,1.2104,1.2071,1.2092,0
2012-09-27,1.2083,1.2117,1.2069,1.2103,0
2012-09-28,1.21,1.2113,1.2071,1.2084,0
2012-10-01,1.2079,1.2107,1.2068,1.2096,0
2012-10-02,1.2084,1.2115,1.2079,1.2096,0
2012-10-03,1.2089,1.2121,1.2085,1.2113,0
2012-10-04,1.2109,1.214,1.2098,1.2114,0
2012-10-05,1.2105,1.2135,1.2101,1.2121,0
2012-10-08,1.2107,1.213,1.2089,1.2102,0
2012-10-09,1.21,1.2145,1.2089,1.2114,0
2012-10-10,1.2109,1.212,1.2079,1.2089,0
2012-10-11,1.2084,1.2108,1.2053,1.2086,0
2012-10-12,1.2085,1.2107,1.207,1.2094,0
2012-10-15,1.2082,1.2169,1.207,1.2083,0
2012-10-16,1.2082,1.2105,1.2072,1.2091,0
2012-10-17,1.2092,1.2117,1.2081,1.21,0
2012-10-18,1.2094,1.2108,1.2072,1.2084,0
2012-10-19,1.2078,1.2101,1.2071,1.209,0
2012-10-22,1.2084,1.2116,1.2076,1.2105,0
2012-10-23,1.2101,1.2118,1.2084,1.2107,0
2012-10-24,1.2104,1.2115,1.2083,1.2098,0
2012-10-25,1.2093,1.2108,1.2081,1.2096,0
2012-10-26,1.2093,1.2113,1.2076,1.2103,0
2012-10-29,1.2085,1.2098,1.2074,1.2086,0
2012-10-30,1.2081,1.2099,1.2068,1.2088,0
2012-10-31,1.208,1.2094,1.2057,1.2071,0
2012-11-01,1.2066,1.2085,1.2045,1.2058,0
2012-11-02,1.2057,1.2088,1.2032,1.2069,0
2012-11-05,1.2063,1.2077,1.2049,1.2071,0
2012-11-06,1.2064,1.2102,1.2058,1.2091,0
2012-11-07,1.208,1.21,1.2051,1.207,0
2012-11-08,1.2067,1.2079,1.2045,1.2058,0
2012-11-09,1.2054,1.2075,1.2044,1.2057,0
2012-11-12,1.2058,1.2075,1.204,1.2051,0
2012-11-13,1.2053,1.2061,1.2028,1.2036,0
2012-11-14,1.2038,1.2059,1.2027,1.2043,0
2012-11-15,1.2035,1.2057,1.2026,1.2043,0
2012-11-16,1.2039,1.2068,1.2031,1.2047,0
2012-11-19,1.2046,1.2068,1.2032,1.2044,0
2012-11-20,1.204,1.2061,1.2027,1.2046,0
2012-11-21,1.2041,1.2065,1.203,1.2043,0
2012-11-22,1.2038,1.2058,1.203,1.2048,0
2012-11-23,1.2043,1.2059,1.2028,1.2043,0
2012-11-26,1.2038,1.2052,1.2025,1.2035,0
2012-11-27,1.2032,1.2067,1.2011,1.2047,0
2012-11-28,1.2039,1.2054,1.2021,1.2037,0
2012-11-29,1.2033,1.2049,1.2024,1.2037,0
2012-11-30,1.2033,1.2062,1.2028,1.2052,0
2012-12-03,1.2046,1.2101,1.2035,1.2083,0
2012-12-04,1.2081,1.2148,1.207,1.2133,0
2012-12-05,1.2126,1.2174,1.2099,1.2111,0
2012-12-06,1.2104,1.213,1.2077,1.2098,0
2012-12-07,1.2088,1.2106,1.2067,1.2083,0
2012-12-10,1.2075,1.2085,1.2054,1.2081,0
2012-12-11,1.2076,1.2135,1.2068,1.2126,0
2012-12-12,1.2119,1.2134,1.2087,1.2106,0
2012-12-13,1.2105,1.2129,1.207,1.2081,0
2012-12-14,1.2078,1.2096,1.2061,1.2086,0
2012-12-17,1.2072,1.2102,1.2058,1.2079,0
2012-12-18,1.2078,1.2093,1.2057,1.2078,0
2012-12-19,1.2072,1.2105,1.2065,1.2084,0
2012-12-20,1.2079,1.2094,1.2063,1.2073,0
2012-12-21,1.2071,1.2087,1.2057,1.2081,0
2012-12-24,1.2071,1.2092,1.2062,1.2077,0
2012-12-25,1.2072,1.209,1.2046,1.2078,0
2012-12-26,1.207,1.2085,1.2062,1.2077,0
2012-12-27,1.2071,1.2098,1.2065,1.209,0
2012-12-28,1.2085,1.21,1.2061,1.2073,0
2012-12-31,1.206,1.2085,1.2055,1.2079,0
2013-01-01,1.2071,1.214,1.2065,1.2087,0
2013-01-02,1.2086,1.211,1.2062,1.2105,0
2013-01-03,1.21,1.2111,1.2077,1.2094,0
2013-01-04,1.2093,1.21,1.2075,1.2083,0
2013-01-07,1.2084,1.21,1.2073,1.2086,0
2013-01-08,1.2081,1.2104,1.2074,1.2088,0
2013-01-09,1.208,1.2096,1.2076,1.2089,0
2013-01-10,1.2085,1.2133,1.2076,1.2127,0
2013-01-11,1.2127,1.2203,1.2114,1.2184,0
2013-01-14,1.2193,1.2345,1.2182,1.2329,0
2013-01-15,1.2326,1.2416,1.23,1.2395,0
2013-01-16,1.2391,1.2406,1.2327,1.237,0
2013-01-17,1.2368,1.2501,1.2361,1.2474,0
2013-01-18,1.2472,1.257,1.2386,1.2444,0
2013-01-21,1.244,1.2455,1.2385,1.2411,0
2013-01-22,1.2412,1.2471,1.2334,1.2376,0
2013-01-23,1.2374,1.2409,1.2322,1.2378,0
2013-01-24,1.2373,1.2447,1.2354,1.242,0
2013-01-25,1.2421,1.2496,1.2376,1.2471,0
2013-01-28,1.2477,1.2519,1.2443,1.2462,0
2013-01-29,1.2462,1.2471,1.2394,1.2435,0
2013-01-30,1.2428,1.2466,1.2337,1.2357,0
2013-01-31,1.2355,1.2389,1.2324,1.2363,0
2013-02-01,1.2358,1.2417,1.2298,1.2389,0
2013-02-04,1.2395,1.2411,1.2254,1.2277,0
2013-02-05,1.2268,1.2347,1.225,1.2335,0
2013-02-06,1.2333,1.2372,1.2277,1.2304,0
2013-02-07,1.23,1.2334,1.2268,1.2306,0
2013-02-08,1.2299,1.2315,1.2248,1.2259,0
2013-02-11,1.2278,1.2336,1.2252,1.2315,0
2013-02-12,1.2334,1.2357,1.228,1.2339,0
2013-02-13,1.2333,1.2392,1.232,1.2338,0
2013-02-14,1.2333,1.2351,1.2274,1.2311,0
2013-02-15,1.2304,1.2338,1.2279,1.2315,0
2013-02-18,1.2313,1.2347,1.2303,1.2329,0
2013-02-19,1.2326,1.2363,1.2307,1.2357,0
2013-02-20,1.2348,1.2369,1.2307,1.2318,0
2013-02-21,1.2311,1.2334,1.2263,1.2283,0
2013-02-22,1.2277,1.2309,1.2251,1.2262,0
2013-02-25,1.2277,1.2327,1.2148,1.2182,0
2013-02-26,1.218,1.2205,1.2114,1.2175,0
2013-02-27,1.2168,1.2233,1.2152,1.2222,0
2013-02-28,1.2208,1.2245,1.2182,1.2238,0
2013-03-01,1.2227,1.2294,1.2217,1.2286,0
2013-03-04,1.2256,1.2279,1.2231,1.2254,0
2013-03-05,1.2256,1.2293,1.2243,1.2279,0
2013-03-06,1.2273,1.2327,1.2267,1.2314,0
2013-03-07,1.23,1.2365,1.2292,1.2355,0
2013-03-08,1.2349,1.2402,1.2328,1.2372,0
2013-03-11,1.2369,1.2384,1.2338,1.2357,0
2013-03-12,1.2352,1.2373,1.2317,1.2344,0
2013-03-13,1.2339,1.2351,1.2297,1.2344,0
2013-03-14,1.2341,1.2373,1.2302,1.2316,0
2013-03-15,1.2309,1.2343,1.2251,1.2279,0
2013-03-18,1.2185,1.2291,1.2161,1.2258,0
2013-03-19,1.2259,1.2271,1.2172,1.2194,0
2013-03-20,1.2185,1.2245,1.218,1.2222,0
2013-03-21,1.2213,1.2243,1.2189,1.221,0
2013-03-22,1.2208,1.2241,1.2189,1.2218,0
2013-03-25,1.2209,1.226,1.2175,1.2193,0
2013-03-26,1.2189,1.2222,1.2181,1.2193,0
2013-03-27,1.219,1.2201,1.2162,1.2191,0
2013-03-28,1.2182,1.2207,1.2151,1.2175,0
2013-03-29,1.2172,1.2182,1.2153,1.2171,0
2013-04-01,1.2165,1.2183,1.2152,1.216,0
2013-04-02,1.2162,1.2184,1.213,1.2165,0
2013-04-03,1.2161,1.2185,1.2125,1.2142,0
2013-04-04,1.2141,1.2175,1.2125,1.2155,0
2013-04-05,1.2151,1.2196,1.2129,1.2144,0
2013-04-08,1.2135,1.2178,1.212,1.2166,0
2013-04-09,1.2164,1.2216,1.2158,1.2199,0
2013-04-10,1.2196,1.2208,1.2167,1.2193,0
2013-04-11,1.2183,1.2209,1.2173,1.2199,0
2013-04-12,1.2199,1.2209,1.2146,1.2157,0
2013-04-15,1.2157,1.2182,1.2125,1.2144,0
2013-04-16,1.2142,1.2176,1.2132,1.2155,0
2013-04-17,1.2154,1.2172,1.2129,1.2155,0
2013-04-18,1.2154,1.2178,1.2142,1.2172,0
2013-04-19,1.2167,1.2197,1.2156,1.2182,0
2013-04-22,1.221,1.2228,1.2171,1.2208,0
2013-04-23,1.2204,1.2294,1.218,1.2292,0
2013-04-24,1.2289,1.235,1.2253,1.2325,0
2013-04-25,1.2321,1.2351,1.2277,1.2294,0
2013-04-26,1.2295,1.2315,1.2244,1.2277,0
2013-04-29,1.2281,1.2316,1.2257,1.2268,0
2013-04-30,1.226,1.2283,1.2221,1.2235,0
2013-05-01,1.2233,1.2272,1.2213,1.2223,0
2013-05-02,1.2218,1.2266,1.2189,1.2214,0
2013-05-03,1.2211,1.2287,1.2199,1.2268,0
2013-05-06,1.2266,1.2297,1.2248,1.227,0
2013-05-07,1.2266,1.234,1.2248,1.2299,0
2013-05-08,1.2296,1.2351,1.2289,1.2308,0
2013-05-09,1.2304,1.2412,1.2275,1.2368,0
2013-05-10,1.2363,1.2464,1.2353,1.2432,0
2013-05-13,1.24,1.2452,1.2385,1.242,0
2013-05-14,1.2414,1.251,1.2377,1.2494,0
2013-05-15,1.2487,1.2531,1.2415,1.2435,0
2013-05-16,1.2428,1.2487,1.2377,1.2429,0
2013-05-17,1.2425,1.2496,1.2407,1.2485,0
2013-05-20,1.247,1.2484,1.2428,1.2456,0
2013-05-21,1.2451,1.2531,1.2444,1.2521,0
2013-05-22,1.2518,1.2657,1.2508,1.2579,0
2013-05-23,1.2573,1.2599,1.2412,1.2533,0
2013-05-24,1.2529,1.2552,1.24,1.2435,0
2013-05-27,1.2427,1.2479,1.2402,1.2454,0
2013-05-28,1.2451,1.2576,1.2436,1.2559,0
2013-05-29,1.2556,1.2578,1.2427,1.245,0
2013-05-30,1.2437,1.2518,1.2414,1.2439,0
2013-05-31,1.2428,1.2468,1.2374,1.2416,0
2013-06-03,1.2381,1.2491,1.2325,1.2386,0
2013-06-04,1.2383,1.2435,1.237,1.2388,0
2013-06-05,1.2382,1.2415,1.2304,1.2339,0
2013-06-06,1.2332,1.239,1.2262,1.231,0
2013-06-07,1.2307,1.2384,1.2257,1.2377,0
2013-06-10,1.2359,1.2426,1.2341,1.2373,0
2013-06-11,1.2367,1.239,1.226,1.2314,0
2013-06-12,1.2307,1.2341,1.2245,1.2279,0
2013-06-13,1.2272,1.2337,1.2216,1.233,0
2013-06-14,1.2327,1.2341,1.2269,1.2297,0
2013-06-17,1.2289,1.2368,1.2269,1.2336,0
2013-06-18,1.2331,1.2364,1.2284,1.2328,0
2013-06-19,1.2321,1.2369,1.2299,1.2343,0
2013-06-20,1.2336,1.2354,1.2236,1.2257,0
2013-06-21,1.2252,1.2294,1.2234,1.2264,0
2013-06-24,1.2255,1.2287,1.2212,1.2241,0
2013-06-25,1.2234,1.2302,1.2227,1.2273,0
2013-06-26,1.2271,1.2288,1.2233,1.2271,0
2013-06-27,1.2266,1.2344,1.2252,1.2323,0
2013-06-28,1.2319,1.2359,1.2278,1.2292,0
2013-07-01,1.2281,1.2383,1.2273,1.2349,0
2013-07-02,1.2347,1.2384,1.2319,1.2337,0
2013-07-03,1.2333,1.235,1.2277,1.2316,0
2013-07-04,1.231,1.2381,1.2299,1.2352,0
2013-07-05,1.2346,1.2403,1.2326,1.2363,0
2013-07-08,1.2355,1.2419,1.2344,1.2402,0
2013-07-09,1.2399,1.2471,1.2387,1.2431,0
2013-07-10,1.2427,1.246,1.24,1.2436,0
2013-07-11,1.2428,1.2473,1.2359,1.2404,0
2013-07-12,1.2399,1.2412,1.2318,1.2369,0
2013-07-15,1.2365,1.2416,1.2336,1.2388,0
2013-07-16,1.2383,1.2414,1.2348,1.236,0
2013-07-17,1.2357,1.2379,1.2311,1.2351,0
2013-07-18,1.2348,1.2394,1.2336,1.2384,0
2013-07-19,1.2381,1.2392,1.2344,1.2367,0
2013-07-22,1.2359,1.2383,1.2317,1.2347,0
2013-07-23,1.2343,1.2401,1.2333,1.2363,0
2013-07-24,1.2355,1.2407,1.2348,1.2374,0
2013-07-25,1.2371,1.2391,1.233,1.2345,0
2013-07-26,1.2339,1.2352,1.2307,1.2328,0
2013-07-29,1.2319,1.2357,1.2313,1.2347,0
2013-07-30,1.2346,1.2357,1.2315,1.2333,0
2013-07-31,1.2328,1.2369,1.2298,1.2322,0
2013-08-01,1.2317,1.2383,1.2296,1.2375,0
2013-08-02,1.2373,1.2405,1.2308,1.2344,0
2013-08-05,1.2339,1.2363,1.2284,1.2298,0
2013-08-06,1.2291,1.2332,1.2265,1.2323,0
2013-08-07,1.2318,1.233,1.2275,1.2293,0
2013-08-08,1.229,1.2325,1.2273,1.2317,0
2013-08-09,1.2311,1.2321,1.2287,1.2314,0
2013-08-12,1.2307,1.2338,1.2288,1.2314,0
2013-08-13,1.2309,1.2389,1.2302,1.2374,0
2013-08-14,1.2367,1.243,1.236,1.2403,0
2013-08-15,1.2399,1.2447,1.233,1.2363,0
2013-08-16,1.2356,1.2386,1.2324,1.2349,0
2013-08-19,1.2344,1.2378,1.2307,1.2322,0
2013-08-20,1.232,1.2346,1.2269,1.2311,0
2013-08-21,1.2304,1.234,1.2278,1.2322,0
2013-08-22,1.2316,1.2362,1.2306,1.233,0
2013-08-23,1.2328,1.2365,1.2313,1.2331,0
2013-08-26,1.2335,1.2363,1.2317,1.2338,0
2013-08-27,1.234,1.2346,1.2274,1.2288,0
2013-08-28,1.2288,1.2304,1.227,1.23,0
2013-08-29,1.2296,1.2336,1.2288,1.2325,0
2013-08-30,1.2324,1.2333,1.2275,1.2297,0
2013-09-02,1.2303,1.2335,1.2291,1.2328,0
2013-09-03,1.2325,1.2346,1.2299,1.2335,0
2013-09-04,1.233,1.2371,1.2323,1.2353,0
2013-09-05,1.2351,1.2406,1.2344,1.2395,0
2013-09-06,1.2396,1.2407,1.2317,1.2355,0
2013-09-09,1.2346,1.2375,1.233,1.2358,0
2013-09-10,1.2355,1.2406,1.2348,1.2404,0
2013-09-11,1.2402,1.2424,1.2363,1.2384,0
2013-09-12,1.2379,1.2397,1.2345,1.2376,0
2013-09-13,1.237,1.2395,1.235,1.2363,0
2013-09-16,1.2372,1.2386,1.2325,1.2366,0
2013-09-17,1.2359,1.2389,1.2348,1.237,0
2013-09-18,1.2366,1.2382,1.2301,1.2334,0
2013-09-19,1.233,1.2357,1.2303,1.2321,0
2013-09-20,1.2318,1.2336,1.2297,1.231,0
2013-09-23,1.2326,1.2338,1.2269,1.2292,0
2013-09-24,1.2289,1.2313,1.2276,1.23,0
2013-09-25,1.2293,1.2313,1.228,1.2298,0
2013-09-26,1.2294,1.2317,1.2265,1.2279,0
2013-09-27,1.2272,1.2286,1.223,1.225,0
2013-09-30,1.2211,1.2249,1.2202,1.2241,0
2013-10-01,1.2237,1.2275,1.221,1.2249,0
2013-10-02,1.2242,1.2272,1.2215,1.2258,0
2013-10-03,1.2254,1.2288,1.2226,1.2247,0
2013-10-04,1.2246,1.2302,1.2229,1.23,0
2013-10-07,1.2296,1.231,1.2245,1.2264,0
2013-10-08,1.2257,1.23,1.2253,1.2269,0
2013-10-09,1.2265,1.2323,1.2255,1.231,0
2013-10-10,1.2306,1.2332,1.2294,1.2331,0
2013-10-11,1.2328,1.2356,1.2303,1.2355,0
2013-10-14,1.2357,1.2367,1.2313,1.2346,0
2013-10-15,1.2342,1.2381,1.2326,1.2344,0
2013-10-16,1.234,1.2374,1.2324,1.2363,0
2013-10-17,1.2359,1.2367,1.2304,1.2342,0
2013-10-18,1.2338,1.2358,1.2329,1.2344,0
2013-10-21,1.2341,1.2365,1.2316,1.2342,0
2013-10-22,1.2339,1.237,1.2264,1.2332,0
2013-10-23,1.2328,1.2342,1.2274,1.229,0
2013-10-24,1.2286,1.2322,1.2278,1.2314,0
2013-10-25,1.2311,1.2359,1.2293,1.2323,0
2013-10-28,1.2314,1.2351,1.231,1.2348,0
2013-10-29,1.2344,1.2376,1.2331,1.2354,0
2013-10-30,1.2353,1.2382,1.2323,1.2351,0
2013-10-31,1.2351,1.2363,1.2292,1.2317,0
2013-11-01,1.2313,1.2332,1.2291,1.2306,0
2013-11-04,1.2308,1.2337,1.2284,1.2296,0
2013-11-05,1.2291,1.2319,1.2277,1.2311,0
2013-11-06,1.2308,1.2336,1.2297,1.2329,0
2013-11-07,1.2321,1.2428,1.2275,1.2289,0
2013-11-08,1.2286,1.2369,1.2279,1.2323,0
2013-11-11,1.2315,1.2339,1.23,1.2326,0
2013-11-12,1.2323,1.2343,1.2305,1.2328,0
2013-11-13,1.2324,1.2337,1.2304,1.2324,0
2013-11-14,1.2321,1.2346,1.231,1.2336,0
2013-11-15,1.2328,1.2352,1.2319,1.2349,0
2013-11-18,1.2353,1.2364,1.2307,1.2333,0
2013-11-19,1.2327,1.2345,1.2314,1.2335,0
2013-11-20,1.233,1.2349,1.228,1.2313,0
2013-11-21,1.2309,1.2337,1.2295,1.2308,0
2013-11-22,1.2304,1.2328,1.2278,1.2295,0
2013-11-25,1.2284,1.2332,1.2278,1.2325,0
2013-11-26,1.2323,1.2334,1.2294,1.2304,0
2013-11-27,1.2297,1.2337,1.2291,1.2325,0
2013-11-28,1.2322,1.2332,1.2299,1.2319,0
2013-11-29,1.2317,1.2336,1.2283,1.2317,0
2013-12-02,1.2312,1.2327,1.2284,1.2304,0
2013-12-03,1.2302,1.2319,1.2271,1.229,0
2013-12-04,1.2287,1.2301,1.225,1.2268,0
2013-12-05,1.2265,1.229,1.2239,1.2256,0
2013-12-06,1.2254,1.2265,1.2208,1.2227,0
2013-12-09,1.2246,1.2264,1.2213,1.2235,0
2013-12-10,1.2233,1.2247,1.2199,1.2211,0
2013-12-11,1.2204,1.223,1.2199,1.2221,0
2013-12-12,1.222,1.2249,1.2193,1.2231,0
2013-12-13,1.2229,1.2245,1.2203,1.2223,0
2013-12-16,1.2226,1.2236,1.2195,1.2208,0
2013-12-17,1.2209,1.2223,1.2161,1.2184,0
2013-12-18,1.218,1.226,1.2171,1.2235,0
2013-12-19,1.2232,1.2279,1.2219,1.2271,0
2013-12-20,1.2268,1.2277,1.2226,1.2251,0
2013-12-23,1.2245,1.2267,1.2228,1.2245,0
2013-12-24,1.2241,1.2266,1.2229,1.2254,0
2013-12-25,1.2249,1.2281,1.2219,1.2253,0
2013-12-26,1.2246,1.2279,1.2244,1.2275,0
2013-12-27,1.2271,1.2283,1.2192,1.2252,0
2013-12-30,1.2248,1.2276,1.2234,1.2258,0
2013-12-31,1.2253,1.2284,1.2237,1.2276,0
2014-01-01,1.2272,1.2285,1.2251,1.2268,0
2014-01-02,1.2264,1.2325,1.2258,1.2294,0
2014-01-03,1.2291,1.2321,1.2273,1.2303,0
2014-01-06,1.2296,1.2335,1.2289,1.2322,0
2014-01-07,1.2318,1.2384,1.2309,1.2378,0
2014-01-08,1.2376,1.24,1.2351,1.2367,0
2014-01-09,1.2363,1.2391,1.2327,1.2345,0
2014-01-10,1.2342,1.241,1.2301,1.2337,0
2014-01-13,1.2327,1.2346,1.2282,1.2291,0
2014-01-14,1.2287,1.2352,1.2283,1.2347,0
2014-01-15,1.2343,1.2376,1.2333,1.2358,0
2014-01-16,1.2354,1.2378,1.2307,1.2327,0
2014-01-17,1.2322,1.2345,1.2308,1.2326,0
2014-01-20,1.2328,1.2348,1.231,1.2334,0
2014-01-21,1.2329,1.2382,1.2318,1.2343,0
2014-01-22,1.2338,1.2359,1.2324,1.2348,0
2014-01-23,1.2343,1.2365,1.2269,1.2291,0
2014-01-24,1.2284,1.2306,1.2214,1.2235,0
2014-01-27,1.2234,1.2277,1.2218,1.2255,0
2014-01-28,1.2253,1.2288,1.224,1.2264,0
2014-01-29,1.2261,1.2304,1.2206,1.2218,0
2014-01-30,1.2212,1.2259,1.2211,1.2238,0
2014-01-31,1.2235,1.2254,1.2203,1.2225,0
2014-02-03,1.2224,1.2245,1.2178,1.2184,0
2014-02-04,1.2181,1.2237,1.2177,1.2218,0
2014-02-05,1.2215,1.2242,1.2198,1.2227,0
2014-02-06,1.2219,1.2249,1.219,1.2245,0
2014-02-07,1.2241,1.226,1.2164,1.2244,0
2014-02-10,1.2235,1.2256,1.2216,1.2241,0
2014-02-11,1.2235,1.2261,1.2222,1.2252,0
2014-02-12,1.2245,1.2266,1.2227,1.2243,0
2014-02-13,1.2238,1.2251,1.22,1.2224,0
2014-02-14,1.2218,1.2234,1.2198,1.2226,0
2014-02-17,1.2217,1.2235,1.2205,1.2222,0
2014-02-18,1.2218,1.2241,1.2202,1.2218,0
2014-02-19,1.2216,1.223,1.2184,1.2204,0
2014-02-20,1.2201,1.2214,1.2177,1.2205,0
2014-02-21,1.2198,1.2216,1.2182,1.2199,0
2014-02-24,1.2188,1.2223,1.2174,1.221,0
2014-02-25,1.2208,1.2216,1.218,1.2189,0
2014-02-26,1.2183,1.2208,1.218,1.2191,0
2014-02-27,1.219,1.2193,1.215,1.2178,0
2014-02-28,1.2175,1.2191,1.2108,1.2146,0
2014-03-03,1.2124,1.214,1.2095,1.213,0
2014-03-04,1.2128,1.22,1.2118,1.2196,0
2014-03-05,1.2192,1.2203,1.2168,1.2182,0
2014-03-06,1.2182,1.2223,1.217,1.2205,0
2014-03-07,1.2201,1.2224,1.2162,1.2186,0
2014-03-10,1.218,1.2195,1.2146,1.218,0
2014-03-11,1.2176,1.2197,1.2159,1.2174,0
2014-03-12,1.217,1.2179,1.2144,1.2153,0
2014-03-13,1.215,1.2175,1.2117,1.2135,0
2014-03-14,1.2126,1.2152,1.2114,1.214,0
2014-03-17,1.2129,1.2165,1.212,1.2159,0
2014-03-18,1.2155,1.2184,1.2143,1.2167,0
2014-03-19,1.2161,1.2207,1.2151,1.2181,0
2014-03-20,1.2178,1.2207,1.2159,1.2179,0
2014-03-21,1.2173,1.2191,1.2158,1.2182,0
2014-03-24,1.2177,1.2213,1.2158,1.2189,0
2014-03-25,1.2186,1.2222,1.2173,1.2203,0
2014-03-26,1.2198,1.2239,1.2186,1.2199,0
2014-03-27,1.2195,1.221,1.2167,1.2184,0
2014-03-28,1.2178,1.2205,1.2167,1.2197,0
2014-03-31,1.2193,1.2214,1.2165,1.2184,0
2014-04-01,1.2181,1.2193,1.2164,1.2185,0
2014-04-02,1.218,1.2212,1.2175,1.2207,0
2014-04-03,1.2204,1.2239,1.2175,1.2223,0
2014-04-04,1.2217,1.2256,1.2209,1.2227,0
2014-04-07,1.2221,1.2234,1.2187,1.2201,0
2014-04-08,1.2197,1.2218,1.2175,1.2183,0
2014-04-09,1.2177,1.22,1.2163,1.2189,0
2014-04-10,1.2186,1.2193,1.2158,1.2174,0
2014-04-11,1.217,1.2183,1.2141,1.2168,0
2014-04-14,1.2149,1.2165,1.2134,1.2157,0
2014-04-15,1.2155,1.217,1.2143,1.2159,0
2014-04-16,1.2155,1.2191,1.2151,1.2185,0
2014-04-17,1.218,1.2208,1.2158,1.2201,0
2014-04-18,1.2196,1.2211,1.2185,1.2201,0
2014-04-21,1.2193,1.2213,1.2186,1.2209,0
2014-04-22,1.2204,1.2224,1.2195,1.2218,0
2014-04-23,1.2215,1.2228,1.2183,1.2205,0
2014-04-24,1.2205,1.2221,1.2179,1.2191,0
2014-04-25,1.2187,1.2205,1.2176,1.2196,0
2014-04-28,1.2187,1.2201,1.2163,1.2191,0
2014-04-29,1.2188,1.2217,1.218,1.2202,0
2014-04-30,1.2199,1.2221,1.2184,1.2209,0
2014-05-01,1.2205,1.2216,1.2181,1.2197,0
2014-05-02,1.2194,1.2218,1.2143,1.2176,0
2014-05-05,1.2166,1.2191,1.2156,1.218,0
2014-05-06,1.2177,1.2191,1.2154,1.2177,0
2014-05-07,1.2173,1.2197,1.2156,1.2194,0
2014-05-08,1.2191,1.2212,1.2164,1.2181,0
2014-05-09,1.2181,1.2205,1.2168,1.2199,0
2014-05-12,1.2178,1.2222,1.2178,1.2213,0
2014-05-13,1.221,1.2222,1.218,1.2199,0
2014-05-14,1.2196,1.2207,1.2183,1.2204,0
2014-05-15,1.2201,1.2234,1.219,1.2219,0
2014-05-16,1.2211,1.2231,1.2197,1.2225,0
2014-05-19,1.2227,1.224,1.2202,1.2232,0
2014-05-20,1.2228,1.2242,1.2205,1.2227,0
2014-05-21,1.2224,1.2233,1.2201,1.2226,0
2014-05-22,1.2222,1.2244,1.2199,1.2213,0
2014-05-23,1.2208,1.222,1.2195,1.2218,0
2014-05-26,1.2204,1.2224,1.2189,1.221,0
2014-05-27,1.2206,1.2233,1.2201,1.2228,0
2014-05-28,1.2222,1.2238,1.2202,1.2209,0
2014-05-29,1.2204,1.222,1.2191,1.2211,0
2014-05-30,1.2211,1.2222,1.2187,1.22,0
2014-06-02,1.2208,1.2228,1.2192,1.222,0
2014-06-03,1.2216,1.2232,1.2203,1.2214,0
2014-06-04,1.221,1.2227,1.2186,1.2202,0
2014-06-05,1.2199,1.2213,1.2151,1.2176,0
2014-06-06,1.2172,1.2202,1.2158,1.2192,0
2014-06-09,1.219,1.2203,1.2179,1.2195,0
2014-06-10,1.2192,1.2199,1.2173,1.2182,0
2014-06-11,1.218,1.2191,1.2162,1.2179,0
2014-06-12,1.2175,1.2188,1.2162,1.2177,0
2014-06-13,1.2173,1.2198,1.2154,1.2198,0
2014-06-16,1.2187,1.2193,1.2163,1.2181,0
2014-06-17,1.2178,1.2195,1.2169,1.2182,0
2014-06-18,1.2178,1.2201,1.2168,1.2176,0
2014-06-19,1.2173,1.2191,1.2147,1.2168,0
2014-06-20,1.2166,1.2182,1.2155,1.2176,0
2014-06-23,1.2167,1.2186,1.215,1.2166,0
2014-06-24,1.2162,1.2178,1.2149,1.2158,0
2014-06-25,1.2159,1.2174,1.2146,1.2172,0
2014-06-26,1.2165,1.2174,1.2144,1.2163,0
2014-06-27,1.2161,1.2172,1.2143,1.2159,0
2014-06-30,1.2154,1.2163,1.2131,1.2142,0
2014-07-01,1.2141,1.2151,1.2122,1.2143,0
2014-07-02,1.214,1.2153,1.2123,1.2144,0
2014-07-03,1.214,1.2172,1.2132,1.2159,0
2014-07-04,1.2155,1.2168,1.2143,1.2158,0
2014-07-07,1.2161,1.2169,1.2135,1.2159,0
2014-07-08,1.2155,1.2161,1.2139,1.2157,0
2014-07-09,1.2153,1.2165,1.2136,1.2158,0
2014-07-10,1.2155,1.2159,1.2127,1.2144,0
2014-07-11,1.2142,1.215,1.2127,1.2148,0
2014-07-14,1.2135,1.2154,1.2125,1.2149,0
2014-07-15,1.2145,1.2159,1.2125,1.2155,0
2014-07-16,1.2154,1.2164,1.2142,1.215,0
2014-07-17,1.2145,1.2153,1.2127,1.2138,0
2014-07-18,1.2134,1.2157,1.2112,1.2157,0
2014-07-21,1.2156,1.2161,1.2133,1.2146,0
2014-07-22,1.2142,1.2167,1.213,1.2152,0
2014-07-23,1.2149,1.2158,1.2136,1.215,0
2014-07-24,1.2145,1.216,1.2133,1.2152,0
2014-07-25,1.2149,1.2163,1.2138,1.2153,0
2014-07-28,1.215,1.216,1.2122,1.2149,0
2014-07-29,1.2145,1.2167,1.2136,1.2165,0
2014-07-30,1.216,1.2183,1.2149,1.2176,0
2014-07-31,1.2173,1.218,1.2152,1.2166,0
2014-08-01,1.2163,1.2174,1.2122,1.2168,0
2014-08-04,1.2163,1.2173,1.2152,1.2169,0
2014-08-05,1.2166,1.218,1.2151,1.2159,0
2014-08-06,1.2155,1.2165,1.2134,1.2142,0
2014-08-07,1.214,1.2163,1.213,1.2148,0
2014-08-08,1.2141,1.215,1.2114,1.214,0
2014-08-11,1.2128,1.2152,1.2116,1.2133,0
2014-08-12,1.2129,1.2146,1.2122,1.2134,0
2014-08-13,1.2132,1.2144,1.2114,1.2128,0
2014-08-14,1.2125,1.2136,1.21,1.2117,0
2014-08-15,1.2113,1.2124,1.2078,1.2092,0
2014-08-18,1.208,1.2118,1.2073,1.2114,0
2014-08-19,1.211,1.2119,1.2085,1.2111,0
2014-08-20,1.2107,1.2119,1.2092,1.211,0
2014-08-21,1.2107,1.2119,1.2096,1.2107,0
2014-08-22,1.2104,1.2114,1.2085,1.2105,0
2014-08-25,1.2079,1.2115,1.2065,1.2077,0
2014-08-26,1.2072,1.2097,1.2066,1.2083,0
2014-08-27,1.2077,1.2089,1.2054,1.2067,0
2014-08-28,1.2064,1.2076,1.2044,1.2066,0
2014-08-29,1.2059,1.2069,1.2049,1.206,0
2014-09-01,1.2048,1.2079,1.2042,1.2071,0
2014-09-02,1.2069,1.2085,1.206,1.207,0
2014-09-03,1.2065,1.2096,1.2057,1.2069,0
2014-09-04,1.2063,1.2107,1.2035,1.2063,0
2014-09-05,1.2059,1.2073,1.2026,1.206,0
2014-09-08,1.2049,1.2077,1.2038,1.2065,0
2014-09-09,1.206,1.2079,1.2048,1.2071,0
2014-09-10,1.2067,1.2121,1.206,1.21,0
2014-09-11,1.2097,1.2109,1.2082,1.2097,0
2014-09-12,1.2097,1.2107,1.2076,1.2105,0
2014-09-15,1.2111,1.2117,1.2077,1.2104,0
2014-09-16,1.21,1.2111,1.2073,1.2086,0
2014-09-17,1.2084,1.2125,1.2076,1.2111,0
2014-09-18,1.2106,1.2117,1.2057,1.2068,0
2014-09-19,1.2065,1.2078,1.2057,1.2072,0
2014-09-22,1.2068,1.2082,1.2055,1.2077,0
2014-09-23,1.2075,1.2085,1.2059,1.2075,0
2014-09-24,1.2072,1.209,1.2062,1.2083,0
2014-09-25,1.2079,1.2092,1.2056,1.2069,0
2014-09-26,1.2068,1.2082,1.2055,1.2071,0
2014-09-29,1.2068,1.2086,1.2055,1.2068,0
2014-09-30,1.2064,1.2081,1.2046,1.2067,0
2014-10-01,1.2062,1.2083,1.2044,1.2068,0
2014-10-02,1.2066,1.2096,1.2057,1.2087,0
2014-10-03,1.2083,1.2149,1.2075,1.2115,0
2014-10-06,1.2104,1.2144,1.2099,1.2129,0
2014-10-07,1.2117,1.2146,1.2097,1.2122,0
2014-10-08,1.2119,1.2144,1.2108,1.2121,0
2014-10-09,1.2119,1.2134,1.2081,1.2112,0
2014-10-10,1.2109,1.2121,1.2075,1.2092,0
2014-10-13,1.2098,1.2115,1.2067,1.209,0
2014-10-14,1.2088,1.2099,1.2062,1.2071,0
2014-10-15,1.2067,1.2087,1.2044,1.2067,0
2014-10-16,1.2062,1.2089,1.2048,1.2073,0
2014-10-17,1.2072,1.2083,1.206,1.2079,0
2014-10-20,1.2072,1.2086,1.205,1.2064,0
2014-10-21,1.2061,1.2079,1.2052,1.2069,0
2014-10-22,1.2067,1.2079,1.2048,1.2067,0
2014-10-23,1.2062,1.2076,1.2033,1.2067,0
2014-10-24,1.2063,1.2076,1.2049,1.2062,0
2014-10-27,1.207,1.2079,1.2046,1.2056,0
2014-10-28,1.2053,1.2075,1.2039,1.2062,0
2014-10-29,1.206,1.2072,1.2038,1.2063,0
2014-10-30,1.2058,1.2092,1.2047,1.2059,0
2014-10-31,1.2056,1.208,1.2044,1.2061,0
2014-11-03,1.2049,1.2071,1.2039,1.2058,0
2014-11-04,1.2054,1.2068,1.2036,1.2041,0
2014-11-05,1.2038,1.2056,1.2021,1.2037,0
2014-11-06,1.2034,1.2081,1.2024,1.2046,0
2014-11-07,1.2043,1.2057,1.1982,1.2028,0
2014-11-10,1.2023,1.2049,1.2014,1.2026,0
2014-11-11,1.2024,1.2043,1.2013,1.2031,0
2014-11-12,1.2028,1.2043,1.201,1.2022,0
2014-11-13,1.2019,1.2033,1.2009,1.202,0
2014-11-14,1.2016,1.2034,1.2001,1.2009,0
2014-11-17,1.2005,1.2024,1.2002,1.2014,0
2014-11-18,1.2011,1.2024,1.1993,1.2012,0
2014-11-19,1.2008,1.2045,1.1998,1.2014,0
2014-11-20,1.2007,1.2036,1.1995,1.2019,0
2014-11-21,1.2015,1.204,1.2005,1.201,0
2014-11-24,1.1995,1.2035,1.1993,1.2026,0
2014-11-25,1.2023,1.2038,1.2007,1.2026,0
2014-11-26,1.2024,1.2038,1.2009,1.2021,0
2014-11-27,1.2019,1.203,1.201,1.2019,0
2014-11-28,1.2016,1.2031,1.2004,1.2026,0
2014-12-01,1.2021,1.2048,1.2012,1.2028,0
2014-12-02,1.2024,1.2051,1.2019,1.204,0
2014-12-03,1.2036,1.2045,1.2021,1.2033,0
2014-12-04,1.2032,1.2058,1.1986,1.2024,0
2014-12-05,1.2022,1.2082,1.201,1.2021,0
2014-12-08,1.2011,1.2033,1.201,1.2026,0
2014-12-09,1.202,1.2032,1.2004,1.2019,0
2014-12-10,1.2018,1.2039,1.2009,1.2031,0
2014-12-11,1.2027,1.2098,1.1999,1.2016,0
2014-12-12,1.2006,1.2021,1.1997,1.2015,0
2014-12-15,1.2012,1.2033,1.1998,1.2012,0
2014-12-16,1.2007,1.2035,1.1997,1.201,0
2014-12-17,1.2005,1.2023,1.1974,1.201,0
2014-12-18,1.2005,1.2097,1.1999,1.2039,0
2014-12-19,1.2037,1.2055,1.2016,1.2028,0
2014-12-22,1.2022,1.2046,1.2016,1.2035,0
2014-12-23,1.203,1.204,1.2015,1.2027,0
2014-12-24,1.2024,1.2033,1.2012,1.2024,0
2014-12-25,1.2022,1.2036,1.1986,1.2032,0
2014-12-26,1.203,1.2036,1.2008,1.2028,0
2014-12-29,1.203,1.2038,1.201,1.2028,0
2014-12-30,1.2025,1.2038,1.2013,1.2024,0
2014-12-31,1.2018,1.2036,1.2013,1.2029,0
2015-01-01,1.2027,1.2037,1.2018,1.2031,0
2015-01-02,1.2029,1.2042,1.2009,1.2018,0
2015-01-05,1.2014,1.2047,1.1956,1.2018,0
2015-01-06,1.2012,1.2024,1.2001,1.2009,0
2015-01-07,1.2008,1.2018,1.1996,1.2008,0
2015-01-08,1.2006,1.2018,1.1999,1.201,0
2015-01-09,1.2007,1.2047,1.1996,1.201,0
2015-01-12,1.2003,1.2017,1.1999,1.2009,0
2015-01-13,1.2005,1.2018,1.1998,1.201,0
2015-01-14,1.2009,1.2024,1.1978,1.201,0
2015-01-15,1.2012,1.2019,0.8696,0.9982,0
2015-01-16,0.998,1.0256,0.9744,0.9921,0
2015-01-19,0.99,1.0224,0.99,1.0209,0
2015-01-20,1.0201,1.0232,1.006,1.0116,0
2015-01-21,1.011,1.0146,0.9844,0.9986,0
2015-01-22,0.9979,1.0042,0.984,0.9904,0
2015-01-23,0.9896,0.9923,0.9769,0.9872,0
2015-01-26,0.9845,1.0177,0.9777,1.0147,0
2015-01-27,1.0141,1.0391,1.0077,1.0277,0
2015-01-28,1.027,1.0326,1.0175,1.0221,0
2015-01-29,1.0207,1.0467,1.0197,1.0457,0
2015-01-30,1.0454,1.053,1.035,1.0398,0
2015-02-02,1.0386,1.0591,1.0383,1.0531,0
2015-02-03,1.0528,1.0626,1.046,1.0614,0
2015-02-04,1.061,1.0635,1.0477,1.0509,0
2015-02-05,1.0502,1.0646,1.0463,1.0572,0
2015-02-06,1.057,1.0605,1.0448,1.0472,0
2015-02-09,1.0484,1.0534,1.0403,1.0461,0
2015-02-10,1.0458,1.0499,1.0424,1.0487,0
2015-02-11,1.0484,1.0539,1.0434,1.0524,0
2015-02-12,1.0522,1.064,1.0479,1.0615,0
2015-02-13,1.0612,1.0644,1.0566,1.0615,0
2015-02-16,1.061,1.065,1.0547,1.0585,0
2015-02-17,1.0581,1.0698,1.0551,1.0692,0
2015-02-18,1.0685,1.0747,1.0626,1.0738,0
2015-02-19,1.0736,1.0804,1.072,1.0793,0
2015-02-20,1.0789,1.0814,1.0661,1.0705,0
2015-02-23,1.0676,1.0798,1.0676,1.0762,0
2015-02-24,1.0757,1.0791,1.0717,1.078,0
2015-02-25,1.0777,1.0801,1.0748,1.0776,0
2015-02-26,1.0773,1.0799,1.0652,1.0672,0
2015-02-27,1.0665,1.0697,1.0601,1.0673,0
2015-03-02,1.066,1.0752,1.0643,1.0717,0
2015-03-03,1.0709,1.0768,1.0693,1.0741,0
2015-03-04,1.0735,1.0757,1.0621,1.0672,0
2015-03-05,1.0667,1.0755,1.0643,1.0749,0
2015-03-06,1.0748,1.0759,1.0631,1.0695,0
2015-03-09,1.0672,1.0722,1.0664,1.0699,0
2015-03-10,1.0694,1.0733,1.0653,1.0694,0
2015-03-11,1.0692,1.0698,1.0613,1.0646,0
2015-03-12,1.0642,1.0684,1.0614,1.0661,0
2015-03-13,1.0656,1.0676,1.0507,1.0546,0
2015-03-16,1.0542,1.0675,1.0515,1.0651,0
2015-03-17,1.0647,1.0677,1.061,1.0665,0
2015-03-18,1.0663,1.0718,1.0559,1.0633,0
2015-03-19,1.0628,1.0704,1.0517,1.0554,0
2015-03-20,1.0551,1.0595,1.052,1.0555,0
2015-03-23,1.0575,1.0606,1.0539,1.0576,0
2015-03-24,1.0574,1.0585,1.0412,1.0469,0
2015-03-25,1.0465,1.0551,1.0455,1.0531,0
2015-03-26,1.0527,1.0545,1.0455,1.048,0
2015-03-27,1.0478,1.0509,1.0422,1.0467,0
2015-03-30,1.0461,1.0489,1.0424,1.0479,0
2015-03-31,1.0476,1.0487,1.041,1.0437,0
2015-04-01,1.0438,1.0464,1.039,1.0406,0
2015-04-02,1.0405,1.0456,1.038,1.0446,0
2015-04-03,1.0441,1.0518,1.0412,1.0451,0
2015-04-06,1.0457,1.05,1.0435,1.0472,0
2015-04-07,1.0465,1.0484,1.0417,1.0446,0
2015-04-08,1.0444,1.0474,1.0401,1.0421,0
2015-04-09,1.0419,1.0456,1.0397,1.042,0
2015-04-10,1.0416,1.0429,1.036,1.0385,0
2015-04-13,1.038,1.0404,1.0312,1.0335,0
2015-04-14,1.0332,1.0385,1.0289,1.0364,0
2015-04-15,1.0362,1.0372,1.0286,1.0309,0
2015-04-16,1.0304,1.0348,1.0264,1.0288,0
2015-04-17,1.0285,1.0332,1.0253,1.0288,0
2015-04-20,1.0297,1.0307,1.0227,1.0272,0
2015-04-21,1.0267,1.0279,1.0227,1.025,0
2015-04-22,1.0254,1.0431,1.0235,1.0423,0
2015-04-23,1.0416,1.0425,1.0305,1.0337,0
2015-04-24,1.0334,1.0385,1.0313,1.0375,0
2015-04-27,1.037,1.042,1.0338,1.0396,0
2015-04-28,1.0393,1.0502,1.0371,1.0491,0
2015-04-29,1.0487,1.0514,1.0417,1.0461,0
2015-04-30,1.045,1.0528,1.0423,1.0467,0
2015-05-01,1.0461,1.0505,1.0434,1.0446,0
2015-05-04,1.0444,1.0482,1.0396,1.0406,0
2015-05-05,1.0404,1.043,1.0339,1.0361,0
2015-05-06,1.0356,1.0404,1.0343,1.0404,0
2015-05-07,1.0395,1.0406,1.0295,1.0385,0
2015-05-08,1.038,1.0454,1.0324,1.0431,0
2015-05-11,1.0421,1.044,1.0377,1.0421,0
2015-05-12,1.0418,1.044,1.0375,1.0421,0
2015-05-13,1.0415,1.0448,1.0376,1.0412,0
2015-05-14,1.0409,1.0436,1.0374,1.0415,0
2015-05-15,1.0411,1.0511,1.0392,1.049,0
2015-05-18,1.0486,1.0505,1.0444,1.0485,0
2015-05-19,1.0481,1.0491,1.0396,1.0446,0
2015-05-20,1.0443,1.0463,1.0378,1.0398,0
2015-05-21,1.0394,1.0419,1.0377,1.041,0
2015-05-22,1.0409,1.0455,1.0375,1.0402,0
2015-05-25,1.0384,1.0393,1.0332,1.0373,0
2015-05-26,1.0369,1.0389,1.0314,1.0366,0
2015-05-27,1.0359,1.038,1.0308,1.0353,0
2015-05-28,1.0347,1.0367,1.0296,1.0333,0
2015-05-29,1.0328,1.0368,1.0272,1.0332,0
2015-06-01,1.0329,1.0356,1.0291,1.0336,0
2015-06-02,1.0332,1.0439,1.0307,1.041,0
2015-06-03,1.0405,1.0543,1.0393,1.0526,0
2015-06-04,1.0521,1.0586,1.0476,1.0492,0
2015-06-05,1.0487,1.0545,1.0396,1.0439,0
2015-06-08,1.0434,1.0516,1.0404,1.047,0
2015-06-09,1.0467,1.0514,1.0434,1.0507,0
2015-06-10,1.0504,1.0556,1.0464,1.0551,0
2015-06-11,1.0546,1.0558,1.0487,1.0507,0
2015-06-12,1.0503,1.0514,1.0418,1.047,0
2015-06-15,1.0427,1.0549,1.0404,1.0488,0
2015-06-16,1.0485,1.0513,1.0445,1.0486,0
2015-06-17,1.0482,1.0491,1.0375,1.0463,0
2015-06-18,1.046,1.0537,1.0429,1.0466,0
2015-06-19,1.0463,1.0496,1.0397,1.0417,0
2015-06-22,1.0423,1.0486,1.0404,1.0452,0
2015-06-23,1.0448,1.0477,1.042,1.0436,0
2015-06-24,1.0433,1.048,1.0413,1.0463,0
2015-06-25,1.0458,1.0551,1.0444,1.0497,0
2015-06-26,1.0495,1.0501,1.04,1.0418,0
2015-06-29,1.0293,1.0439,1.0256,1.0392,0
2015-06-30,1.0388,1.0457,1.0364,1.0419,0
2015-07-01,1.0417,1.0498,1.0394,1.0482,0
2015-07-02,1.0478,1.0537,1.0438,1.0457,0
2015-07-03,1.0456,1.0476,1.0424,1.0454,0
2015-07-06,1.0344,1.0465,1.0323,1.0423,0
2015-07-07,1.0418,1.0439,1.0359,1.0425,0
2015-07-08,1.0418,1.0525,1.0385,1.0474,0
2015-07-09,1.0468,1.0516,1.0422,1.0464,0
2015-07-10,1.0459,1.0533,1.0419,1.0485,0
2015-07-13,1.0422,1.0516,1.0415,1.0457,0
2015-07-14,1.0453,1.0475,1.0387,1.0405,0
2015-07-15,1.0395,1.0461,1.0387,1.0423,0
2015-07-16,1.0419,1.0447,1.039,1.0417,0
2015-07-17,1.0412,1.0446,1.0399,1.0408,0
2015-07-20,1.041,1.0471,1.04,1.0444,0
2015-07-21,1.0431,1.0503,1.0417,1.0486,0
2015-07-22,1.0482,1.0499,1.045,1.049,0
2015-07-23,1.0489,1.0562,1.0463,1.0541,0
2015-07-24,1.0537,1.0593,1.0499,1.0578,0
2015-07-27,1.0561,1.0705,1.0552,1.0682,0
2015-07-28,1.0673,1.0684,1.0625,1.0645,0
2015-07-29,1.0642,1.0664,1.0599,1.0635,0
2015-07-30,1.0631,1.0675,1.0567,1.0597,0
2015-07-31,1.059,1.0661,1.0524,1.0615,0
2015-08-03,1.059,1.0632,1.0583,1.0615,0
2015-08-04,1.0613,1.0685,1.0593,1.0652,0
2015-08-05,1.0642,1.0715,1.0616,1.0679,0
2015-08-06,1.0674,1.0734,1.0663,1.0716,0
2015-08-07,1.0719,1.0804,1.0675,1.0791,0
2015-08-10,1.0783,1.085,1.0747,1.0841,0
2015-08-11,1.0835,1.0924,1.0767,1.0905,0
2015-08-12,1.0903,1.0969,1.0833,1.0883,0
2015-08-13,1.0875,1.0909,1.0817,1.0886,0
2015-08-14,1.088,1.0897,1.0828,1.0838,0
2015-08-17,1.0836,1.086,1.0806,1.0848,0
2015-08-18,1.084,1.0864,1.0753,1.077,0
2015-08-19,1.0762,1.0807,1.0706,1.0733,0
2015-08-20,1.0729,1.0799,1.0703,1.0776,0
2015-08-21,1.0775,1.081,1.0748,1.0783,0
2015-08-24,1.0751,1.0881,1.0747,1.0816,0
2015-08-25,1.0811,1.0887,1.0762,1.0817,0
2015-08-26,1.0813,1.0864,1.0751,1.0798,0
2015-08-27,1.0797,1.0875,1.0748,1.0865,0
2015-08-28,1.0861,1.0877,1.0727,1.076,0
2015-08-31,1.0751,1.086,1.0737,1.0844,0
2015-09-01,1.084,1.088,1.0808,1.0847,0
2015-09-02,1.0838,1.0907,1.0823,1.0875,0
2015-09-03,1.0872,1.0926,1.0808,1.0827,0
2015-09-04,1.082,1.0882,1.0792,1.0834,0
2015-09-07,1.0833,1.0902,1.0817,1.0891,0
2015-09-08,1.089,1.0988,1.0867,1.0958,0
2015-09-09,1.0957,1.0978,1.087,1.0923,0
2015-09-10,1.0921,1.0997,1.0911,1.0978,0
2015-09-11,1.0969,1.1058,1.0956,1.0987,0
2015-09-14,1.0978,1.1022,1.093,1.0963,0
2015-09-15,1.0948,1.1,1.0935,1.0968,0
2015-09-16,1.0967,1.0995,1.0907,1.0964,0
2015-09-17,1.0963,1.1018,1.0928,1.0978,0
2015-09-18,1.0967,1.0989,1.0891,1.0949,0
2015-09-21,1.0944,1.097,1.0835,1.0875,0
2015-09-22,1.0863,1.09,1.0815,1.0843,0
2015-09-23,1.0834,1.0969,1.0831,1.0959,0
2015-09-24,1.0955,1.0972,1.0909,1.095,0
2015-09-25,1.0946,1.0987,1.0884,1.0953,0
2015-09-28,1.0947,1.0978,1.0905,1.0951,0
2015-09-29,1.0944,1.0963,1.0888,1.0928,0
2015-09-30,1.0923,1.0955,1.0868,1.0877,0
2015-10-01,1.087,1.0951,1.0862,1.0942,0
2015-10-02,1.0937,1.0987,1.0875,1.0886,0
2015-10-05,1.0876,1.0949,1.0875,1.0908,0
2015-10-06,1.091,1.0951,1.0886,1.0898,0
2015-10-07,1.0885,1.0961,1.086,1.0939,0
2015-10-08,1.0932,1.0955,1.0882,1.0898,0
2015-10-09,1.0896,1.094,1.0839,1.092,0
2015-10-12,1.0916,1.0945,1.0898,1.0926,0
2015-10-13,1.0924,1.0959,1.0881,1.0901,0
2015-10-14,1.089,1.093,1.087,1.0897,0
2015-10-15,1.0894,1.0911,1.0799,1.0825,0
2015-10-16,1.0822,1.0856,1.0776,1.0819,0
2015-10-19,1.0816,1.0854,1.0796,1.0835,0
2015-10-20,1.0833,1.0867,1.079,1.085,0
2015-10-21,1.0838,1.0904,1.0824,1.0882,0
2015-10-22,1.0873,1.0905,1.0795,1.0805,0
2015-10-23,1.0804,1.0835,1.0749,1.0783,0
2015-10-26,1.0767,1.0882,1.0739,1.0875,0
2015-10-27,1.0873,1.0909,1.0842,1.0893,0
2015-10-28,1.0891,1.0913,1.082,1.0852,0
2015-10-29,1.0853,1.088,1.083,1.0861,0
2015-10-30,1.0858,1.093,1.0833,1.0873,0
2015-11-02,1.0864,1.0902,1.0849,1.0873,0
2015-11-03,1.0867,1.0894,1.0838,1.0871,0
2015-11-04,1.0861,1.0882,1.0775,1.0794,0
2015-11-05,1.078,1.0854,1.0774,1.0832,0
2015-11-06,1.0823,1.0892,1.0726,1.0816,0
2015-11-09,1.0799,1.083,1.0761,1.0787,0
2015-11-10,1.078,1.0806,1.0753,1.0789,0
2015-11-11,1.0788,1.0817,1.0763,1.0796,0
2015-11-12,1.079,1.0835,1.0748,1.082,0
2015-11-13,1.0812,1.0853,1.0772,1.0852,0
2015-11-16,1.0806,1.0838,1.0775,1.0785,0
2015-11-17,1.0784,1.0829,1.0748,1.0799,0
2015-11-18,1.0787,1.088,1.0776,1.0871,0
2015-11-19,1.0865,1.091,1.0851,1.0871,0
2015-11-20,1.0862,1.089,1.0826,1.0845,0
2015-11-23,1.0832,1.0861,1.0806,1.0833,0
2015-11-24,1.0828,1.0856,1.0802,1.082,0
2015-11-25,1.0819,1.0867,1.0803,1.0854,0
2015-11-26,1.0858,1.0888,1.0834,1.0861,0
2015-11-27,1.0857,1.0937,1.0828,1.0919,0
2015-11-30,1.091,1.0918,1.0837,1.0867,0
2015-12-01,1.0868,1.0939,1.0849,1.0907,0
2015-12-02,1.0903,1.0929,1.0801,1.081,0
2015-12-03,1.0808,1.0948,1.0777,1.0865,0
2015-12-04,1.086,1.093,1.082,1.0853,0
2015-12-07,1.0824,1.0883,1.0809,1.0838,0
2015-12-08,1.0828,1.0861,1.0793,1.0806,0
2015-12-09,1.0804,1.0865,1.079,1.084,0
2015-12-10,1.0832,1.0852,1.0789,1.0804,0
2015-12-11,1.0802,1.0851,1.0768,1.0807,0
2015-12-14,1.0795,1.0854,1.076,1.0831,0
2015-12-15,1.0823,1.0853,1.0797,1.0836,0
2015-12-16,1.083,1.085,1.0732,1.0804,0
2015-12-17,1.0793,1.0827,1.0751,1.0774,0
2015-12-18,1.0781,1.0809,1.0749,1.0792,0
2015-12-21,1.0777,1.0846,1.0761,1.0827,0
2015-12-22,1.0819,1.085,1.0792,1.0808,0
2015-12-23,1.0807,1.0835,1.0773,1.0808,0
2015-12-24,1.0801,1.0844,1.0729,1.0821,0
2015-12-25,1.0818,1.0842,1.0765,1.084,0
2015-12-28,1.081,1.0865,1.08,1.0839,0
2015-12-29,1.0835,1.0863,1.082,1.0842,0
2015-12-30,1.0839,1.0864,1.0767,1.081,0
2015-12-31,1.0802,1.0897,1.0785,1.0883,0
2016-01-01,1.088,1.0891,1.0855,1.0877,0
2016-01-04,1.0867,1.091,1.0827,1.0855,0
2016-01-05,1.0846,1.0887,1.0826,1.084,0
2016-01-06,1.0833,1.0884,1.082,1.0861,0
2016-01-07,1.0853,1.089,1.0834,1.0863,0
2016-01-08,1.0857,1.0914,1.0835,1.0878,0
2016-01-11,1.0863,1.0895,1.0829,1.0881,0
2016-01-12,1.0872,1.0899,1.0837,1.0881,0
2016-01-13,1.0871,1.0965,1.0863,1.0944,0
2016-01-14,1.0934,1.0992,1.0904,1.0921,0
2016-01-15,1.0915,1.0973,1.0904,1.0944,0
2016-01-18,1.0938,1.0973,1.0916,1.0951,0
2016-01-19,1.0941,1.0978,1.0905,1.0946,0
2016-01-20,1.0939,1.0989,1.0902,1.0941,0
2016-01-21,1.0936,1.0981,1.0907,1.0955,0
2016-01-22,1.0948,1.0997,1.0915,1.0971,0
2016-01-25,1.0965,1.1016,1.0944,1.0987,0
2016-01-26,1.098,1.107,1.0974,1.1056,0
2016-01-27,1.1048,1.1088,1.1023,1.1058,0
2016-01-28,1.1049,1.1115,1.104,1.1088,0
2016-01-29,1.1081,1.1172,1.1051,1.1088,0
2016-02-01,1.1077,1.1127,1.105,1.1104,0
2016-02-02,1.1097,1.1167,1.1089,1.1122,0
2016-02-03,1.1115,1.117,1.1092,1.1151,0
2016-02-04,1.1146,1.1211,1.1108,1.1133,0
2016-02-05,1.1129,1.1149,1.1025,1.1058,0
2016-02-08,1.1055,1.1104,1.1012,1.1053,0
2016-02-09,1.1045,1.1072,1.0949,1.0986,0
2016-02-10,1.0979,1.1008,1.0944,1.0993,0
2016-02-11,1.0991,1.105,1.0942,1.1018,0
2016-02-12,1.1017,1.1031,1.0958,1.1005,0
2016-02-15,1.0988,1.1042,1.0948,1.1013,0
2016-02-16,1.1005,1.1045,1.0997,1.1018,0
2016-02-17,1.1007,1.107,1.0996,1.1043,0
2016-02-18,1.1036,1.1067,1.101,1.1032,0
2016-02-19,1.1018,1.1058,1.0991,1.1026,0
2016-02-22,1.101,1.1035,1.0981,1.1027,0
2016-02-23,1.1019,1.1044,1.0907,1.0924,0
2016-02-24,1.0915,1.0953,1.0857,1.0891,0
2016-02-25,1.0887,1.0954,1.088,1.0917,0
2016-02-26,1.0912,1.0952,1.088,1.0899,0
2016-02-29,1.0886,1.0937,1.0804,1.0857,0
2016-03-01,1.0848,1.0888,1.0816,1.0838,0
2016-03-02,1.0832,1.0868,1.0809,1.0832,0
2016-03-03,1.0831,1.0888,1.0819,1.0881,0
2016-03-04,1.0872,1.0957,1.0844,1.0937,0
2016-03-07,1.0933,1.0983,1.0902,1.0963,0
2016-03-08,1.0958,1.0983,1.0911,1.0964,0
2016-03-09,1.0957,1.1006,1.0937,1.0973,0
2016-03-10,1.0968,1.1036,1.0885,1.1011,0
2016-03-11,1.1003,1.1026,1.0928,1.0958,0
2016-03-14,1.0961,1.0995,1.0934,1.0965,0
2016-03-15,1.0961,1.098,1.0936,1.0966,0
2016-03-16,1.0958,1.0986,1.0932,1.0967,0
2016-03-17,1.0962,1.1007,1.0914,1.0953,0
2016-03-18,1.0953,1.0965,1.0906,1.0935,0
2016-03-21,1.0932,1.095,1.0892,1.0902,0
2016-03-22,1.0905,1.093,1.0877,1.0911,0
2016-03-23,1.0909,1.0932,1.0873,1.0908,0
2016-03-24,1.0899,1.0918,1.0873,1.0901,0
2016-03-25,1.0908,1.0935,1.0883,1.0916,0
2016-03-28,1.0913,1.093,1.0894,1.0902,0
2016-03-29,1.0903,1.0942,1.0886,1.0917,0
2016-03-30,1.0911,1.0957,1.089,1.0941,0
2016-03-31,1.0946,1.0964,1.0909,1.0944,0
2016-04-01,1.0942,1.0956,1.0883,1.0904,0
2016-04-04,1.0923,1.094,1.0904,1.0925,0
2016-04-05,1.0925,1.0939,1.0876,1.0884,0
2016-04-06,1.0884,1.0923,1.0875,1.0895,0
2016-04-07,1.089,1.0913,1.0841,1.0872,0
2016-04-08,1.0879,1.0906,1.0863,1.0881,0
2016-04-11,1.0859,1.0902,1.0856,1.0883,0
2016-04-12,1.0889,1.0913,1.0869,1.0877,0
2016-04-13,1.087,1.0914,1.0862,1.0901,0
2016-04-14,1.0906,1.092,1.0871,1.0896,0
2016-04-15,1.0898,1.0943,1.0883,1.0917,0
2016-04-18,1.0931,1.0953,1.09,1.0909,0
2016-04-19,1.0909,1.0938,1.0897,1.0925,0
2016-04-20,1.0922,1.0997,1.0915,1.0982,0
2016-04-21,1.0983,1.1026,1.0962,1.101,0
2016-04-22,1.1014,1.1026,1.0979,1.0993,0
2016-04-25,1.0989,1.1,1.0963,1.0986,0
2016-04-26,1.0984,1.1014,1.0976,1.0999,0
2016-04-27,1.1002,1.1023,1.0981,1.0996,0
2016-04-28,1.0995,1.1016,1.0963,1.0976,0
2016-04-29,1.0975,1.1,1.0953,1.0995,0
2016-05-02,1.097,1.1024,1.0964,1.1009,0
2016-05-03,1.101,1.1021,1.0957,1.0966,0
2016-05-04,1.0975,1.1016,1.0965,1.1001,0
2016-05-05,1.0997,1.1053,1.0983,1.1037,0
2016-05-06,1.1042,1.1108,1.1031,1.1092,0
2016-05-09,1.109,1.1095,1.1038,1.1055,0
2016-05-10,1.1053,1.1111,1.1049,1.1099,0
2016-05-11,1.1101,1.1119,1.1081,1.1094,0
2016-05-12,1.1093,1.1111,1.1021,1.1039,0
2016-05-13,1.1041,1.1057,1.1011,1.103,0
2016-05-16,1.1025,1.1086,1.1015,1.1068,0
2016-05-17,1.107,1.111,1.1058,1.1095,0
2016-05-18,1.1093,1.1108,1.1062,1.108,0
2016-05-19,1.1082,1.1116,1.1067,1.1099,0
2016-05-20,1.1104,1.1137,1.109,1.1114,0
2016-05-23,1.1116,1.1127,1.1091,1.1102,0
2016-05-24,1.1105,1.112,1.1054,1.1066,0
2016-05-25,1.1066,1.1087,1.1037,1.1058,0
2016-05-26,1.1054,1.109,1.1046,1.1074,0
2016-05-27,1.1069,1.109,1.1033,1.1056,0
2016-05-30,1.1052,1.1079,1.1042,1.106,0
2016-05-31,1.1048,1.1078,1.1027,1.1061,0
2016-06-01,1.1065,1.1083,1.1019,1.1057,0
2016-06-02,1.1055,1.1078,1.1035,1.1042,0
2016-06-03,1.1043,1.1117,1.1029,1.1095,0
2016-06-06,1.1096,1.1108,1.1016,1.102,0
2016-06-07,1.1021,1.104,1.0958,1.0962,0
2016-06-08,1.0958,1.0989,1.092,1.0929,0
2016-06-09,1.0931,1.095,1.0886,1.0916,0
2016-06-10,1.0918,1.0934,1.0843,1.0854,0
2016-06-13,1.0849,1.0925,1.0828,1.089,0
2016-06-14,1.0892,1.0899,1.0785,1.0796,0
2016-06-15,1.0795,1.0862,1.0787,1.0823,0
2016-06-16,1.0826,1.0871,1.0776,1.0835,0
2016-06-17,1.0838,1.0886,1.0813,1.0825,0
2016-06-20,1.0832,1.0913,1.0831,1.0888,0
2016-06-21,1.0888,1.0915,1.0798,1.0817,0
2016-06-22,1.0816,1.0855,1.0799,1.0828,0
2016-06-23,1.0829,1.0935,1.0824,1.0913,0
2016-06-24,1.0919,1.1027,1.0617,1.0823,0
2016-06-27,1.0775,1.0812,1.0704,1.0787,0
2016-06-28,1.078,1.0879,1.0762,1.087,0
2016-06-29,1.087,1.091,1.083,1.0899,0
2016-06-30,1.0899,1.0916,1.0793,1.084,0
2016-07-01,1.0843,1.0869,1.0819,1.0838,0
2016-07-04,1.0846,1.0863,1.0821,1.0837,0
2016-07-05,1.0827,1.0851,1.0798,1.0819,0
2016-07-06,1.0823,1.0848,1.0794,1.0821,0
2016-07-07,1.0824,1.0845,1.0803,1.0824,0
2016-07-08,1.0829,1.0888,1.0817,1.0871,0
2016-07-11,1.0868,1.0884,1.084,1.0869,0
2016-07-12,1.0869,1.095,1.0857,1.0936,0
2016-07-13,1.0942,1.0962,1.09,1.0928,0
2016-07-14,1.0925,1.0946,1.088,1.0907,0
2016-07-15,1.0913,1.0925,1.0834,1.0845,0
2016-07-18,1.0848,1.09,1.084,1.0879,0
2016-07-19,1.0874,1.0901,1.0833,1.0862,0
2016-07-20,1.0861,1.0895,1.0841,1.0873,0
2016-07-21,1.0873,1.0909,1.0855,1.0868,0
2016-07-22,1.0873,1.0891,1.0827,1.0837,0
2016-07-25,1.0828,1.0856,1.082,1.0838,0
2016-07-26,1.084,1.0913,1.0827,1.0904,0
2016-07-27,1.0906,1.0946,1.0894,1.0904,0
2016-07-28,1.09,1.0937,1.0854,1.0864,0
2016-07-29,1.0867,1.089,1.0788,1.0831,0
2016-08-01,1.0837,1.0841,1.0794,1.0811,0
2016-08-02,1.0813,1.0842,1.0799,1.0826,0
2016-08-03,1.0822,1.0869,1.0814,1.085,0
2016-08-04,1.085,1.087,1.0826,1.0841,0
2016-08-05,1.0841,1.0903,1.0827,1.0872,0
2016-08-08,1.0862,1.0912,1.0849,1.0898,0
2016-08-09,1.0895,1.093,1.0886,1.0913,0
2016-08-10,1.0912,1.0936,1.0893,1.0898,0
2016-08-11,1.0896,1.0918,1.0851,1.0865,0
2016-08-12,1.0864,1.0904,1.085,1.0876,0
2016-08-15,1.0889,1.0909,1.0864,1.0879,0
2016-08-16,1.0878,1.0903,1.0834,1.0846,0
2016-08-17,1.0855,1.0883,1.0835,1.086,0
2016-08-18,1.0856,1.0882,1.0827,1.0834,0
2016-08-19,1.0828,1.0887,1.0821,1.0884,0
2016-08-22,1.0867,1.0907,1.0849,1.0893,0
2016-08-23,1.0895,1.0918,1.0879,1.0889,0
2016-08-24,1.0888,1.0911,1.0869,1.0892,0
2016-08-25,1.0894,1.0939,1.0885,1.0919,0
2016-08-26,1.0917,1.0975,1.0889,1.097,0
2016-08-29,1.0934,1.0957,1.092,1.0945,0
2016-08-30,1.0947,1.0978,1.0934,1.0962,0
2016-08-31,1.0965,1.0996,1.0938,1.0979,0
2016-09-01,1.0979,1.1009,1.0957,1.0975,0
2016-09-02,1.0978,1.1001,1.0933,1.0943,0
2016-09-05,1.0931,1.0946,1.0919,1.0923,0
2016-09-06,1.0925,1.0954,1.0906,1.0913,0
2016-09-07,1.0909,1.0929,1.0882,1.0902,0
2016-09-08,1.0901,1.0966,1.089,1.0953,0
2016-09-09,1.0958,1.0987,1.0947,1.0957,0
2016-09-12,1.0958,1.0978,1.0914,1.0918,0
2016-09-13,1.0922,1.0977,1.0911,1.0957,0
2016-09-14,1.0953,1.0989,1.0934,1.0951,0
2016-09-15,1.095,1.0972,1.0917,1.0928,0
2016-09-16,1.0924,1.0959,1.0913,1.0943,0
2016-09-19,1.0942,1.0962,1.0917,1.095,0
2016-09-20,1.0952,1.0966,1.0908,1.0922,0
2016-09-21,1.0928,1.0944,1.0876,1.0896,0
2016-09-22,1.09,1.0919,1.0853,1.0857,0
2016-09-23,1.0857,1.0918,1.0849,1.0898,0
2016-09-26,1.0904,1.0917,1.0877,1.0909,0
2016-09-27,1.0906,1.0928,1.0864,1.0889,0
2016-09-28,1.0887,1.0905,1.0871,1.0891,0
2016-09-29,1.0892,1.0912,1.0827,1.0843,0
2016-09-30,1.0844,1.0935,1.0808,1.0921,0
2016-10-03,1.0912,1.0932,1.0889,1.0914,0
2016-10-04,1.0919,1.0986,1.0903,1.0969,0
2016-10-05,1.0964,1.0981,1.0908,1.0916,0
2016-10-06,1.0915,1.0953,1.0903,1.0935,0
2016-10-07,1.0937,1.0973,1.0911,1.0947,0
2016-10-10,1.0956,1.0979,1.0931,1.0943,0
2016-10-11,1.0943,1.0971,1.0921,1.093,0
2016-10-12,1.0925,1.0944,1.0889,1.0906,0
2016-10-13,1.0905,1.0924,1.0869,1.0904,0
2016-10-14,1.0905,1.092,1.0858,1.0862,0
2016-10-17,1.0861,1.0891,1.0844,1.088,0
2016-10-18,1.0887,1.0904,1.0863,1.087,0
2016-10-19,1.0863,1.0882,1.0838,1.0852,0
2016-10-20,1.0857,1.0884,1.0834,1.0852,0
2016-10-21,1.0847,1.0866,1.08,1.0813,0
2016-10-24,1.0821,1.0839,1.0799,1.0812,0
2016-10-25,1.0809,1.0867,1.0803,1.0828,0
2016-10-26,1.0826,1.0849,1.0817,1.0837,0
2016-10-27,1.084,1.0858,1.0824,1.0828,0
2016-10-28,1.083,1.0874,1.0822,1.0862,0
2016-10-31,1.0858,1.0872,1.0813,1.0861,0
2016-11-01,1.0856,1.0876,1.076,1.0783,0
2016-11-02,1.0787,1.0814,1.0754,1.08,0
2016-11-03,1.08,1.0833,1.0775,1.0817,0
2016-11-04,1.082,1.084,1.0767,1.0792,0
2016-11-07,1.0783,1.0837,1.075,1.0756,0
2016-11-08,1.0762,1.0803,1.0756,1.0783,0
2016-11-09,1.0781,1.0835,1.0728,1.0739,0
2016-11-10,1.0742,1.0784,1.0734,1.0752,0
2016-11-11,1.0762,1.0784,1.0712,1.0731,0
2016-11-14,1.0721,1.0755,1.0683,1.0717,0
2016-11-15,1.0715,1.0761,1.0699,1.074,0
2016-11-16,1.0741,1.076,1.0698,1.0711,0
2016-11-17,1.0712,1.075,1.0688,1.0701,0
2016-11-18,1.071,1.0733,1.0687,1.0694,0
2016-11-21,1.0694,1.0748,1.0693,1.0723,0
2016-11-22,1.0714,1.0754,1.0705,1.0747,0
2016-11-23,1.0747,1.0768,1.0705,1.0733,0
2016-11-24,1.0729,1.0765,1.0711,1.0734,0
2016-11-25,1.0737,1.0777,1.0721,1.073,0
2016-11-28,1.0736,1.0773,1.0721,1.0754,0
2016-11-29,1.0752,1.0785,1.0729,1.0774,0
2016-11-30,1.0774,1.082,1.0758,1.0775,0
2016-12-01,1.0766,1.0802,1.0747,1.0776,0
2016-12-02,1.0777,1.0807,1.0737,1.0795,0
2016-12-05,1.0787,1.0861,1.069,1.0833,0
2016-12-06,1.0829,1.0857,1.0805,1.0826,0
2016-12-07,1.0835,1.0858,1.0817,1.0834,0
2016-12-08,1.0829,1.0904,1.0774,1.0789,0
2016-12-09,1.0792,1.0813,1.0725,1.0752,0
2016-12-12,1.0736,1.0795,1.0717,1.0777,0
2016-12-13,1.0776,1.0803,1.0729,1.0756,0
2016-12-14,1.0754,1.0781,1.0721,1.0751,0
2016-12-15,1.0752,1.0773,1.0715,1.0727,0
2016-12-16,1.0736,1.077,1.0715,1.0723,0
2016-12-19,1.0713,1.0742,1.0675,1.0687,0
2016-12-20,1.0693,1.0713,1.0679,1.0689,0
2016-12-21,1.0687,1.0714,1.068,1.0704,0
2016-12-22,1.0698,1.0736,1.0681,1.0704,0
2016-12-23,1.0712,1.0751,1.0699,1.0736,0
2016-12-26,1.0731,1.0753,1.0716,1.074,0
2016-12-27,1.0739,1.0772,1.073,1.0751,0
2016-12-28,1.0744,1.0764,1.0697,1.0709,0
2016-12-29,1.0711,1.0745,1.0696,1.0731,0
2016-12-30,1.0733,1.0788,1.0707,1.071,0
2017-01-02,1.072,1.0739,1.069,1.0706,0
2017-01-03,1.0704,1.0727,1.068,1.069,0
2017-01-04,1.0692,1.0742,1.0682,1.0707,0
2017-01-05,1.0704,1.0746,1.0691,1.0711,0
2017-01-06,1.0713,1.0767,1.0698,1.0725,0
2017-01-09,1.0724,1.0744,1.0701,1.0734,0
2017-01-10,1.0736,1.0761,1.0723,1.0733,0
2017-01-11,1.073,1.0744,1.0702,1.0731,0
2017-01-12,1.0735,1.0757,1.0714,1.0729,0
2017-01-13,1.0733,1.0752,1.0712,1.074,0
2017-01-16,1.0708,1.0743,1.0691,1.0734,0
2017-01-17,1.0736,1.0743,1.0701,1.0731,0
2017-01-18,1.0724,1.0742,1.0696,1.071,0
2017-01-19,1.0712,1.0741,1.0697,1.073,0
2017-01-20,1.0738,1.0753,1.0719,1.0723,0
2017-01-23,1.0713,1.0746,1.0708,1.0727,0
2017-01-24,1.0728,1.0758,1.0719,1.0741,0
2017-01-25,1.0745,1.0757,1.0729,1.0742,0
2017-01-26,1.0743,1.0756,1.0672,1.0682,0
2017-01-27,1.0691,1.0719,1.0679,1.0697,0
2017-01-30,1.0676,1.0704,1.0633,1.0643,0
2017-01-31,1.0643,1.0689,1.0634,1.0683,0
2017-02-01,1.0685,1.0703,1.0666,1.0695,0
2017-02-02,1.0689,1.0706,1.0673,1.068,0
2017-02-03,1.0677,1.0718,1.0666,1.0704,0
2017-02-06,1.0708,1.0721,1.0645,1.0653,0
2017-02-07,1.0654,1.0679,1.0643,1.0658,0
2017-02-08,1.0653,1.067,1.0628,1.0641,0
2017-02-09,1.0639,1.0688,1.0624,1.0675,0
2017-02-10,1.0679,1.0694,1.0657,1.0668,0
2017-02-13,1.0651,1.0687,1.0649,1.0657,0
2017-02-14,1.0661,1.0682,1.064,1.0642,0
2017-02-15,1.0637,1.0672,1.0635,1.0657,0
2017-02-16,1.0656,1.0668,1.0635,1.0642,0
2017-02-17,1.0639,1.0657,1.0631,1.0643,0
2017-02-20,1.0652,1.0675,1.0635,1.0643,0
2017-02-21,1.0635,1.0654,1.0628,1.0639,0
2017-02-22,1.0637,1.068,1.0625,1.0666,0
2017-02-23,1.0672,1.0687,1.0646,1.0648,0
2017-02-24,1.0652,1.0665,1.0633,1.0643,0
2017-02-27,1.0641,1.0691,1.0626,1.0681,0
2017-02-28,1.0684,1.0692,1.0631,1.0638,0
2017-03-01,1.0635,1.0666,1.0633,1.0641,0
2017-03-02,1.0637,1.0657,1.0634,1.0647,0
2017-03-03,1.0649,1.072,1.0638,1.0704,0
2017-03-06,1.0701,1.0729,1.0687,1.0709,0
2017-03-07,1.071,1.0752,1.0699,1.071,0
2017-03-08,1.0711,1.0717,1.0681,1.0696,0
2017-03-09,1.0693,1.0756,1.0685,1.0705,0
2017-03-10,1.0703,1.0804,1.0697,1.079,0
2017-03-13,1.0787,1.0825,1.0719,1.0731,0
2017-03-14,1.0732,1.0749,1.0705,1.0711,0
2017-03-15,1.0712,1.074,1.0697,1.0737,0
2017-03-16,1.0737,1.0753,1.0679,1.0727,0
2017-03-17,1.0725,1.0747,1.0692,1.0723,0
2017-03-20,1.0726,1.075,1.07,1.0725,0
2017-03-21,1.0725,1.0766,1.0714,1.0745,0
2017-03-22,1.0742,1.0748,1.0685,1.0703,0
2017-03-23,1.0705,1.0727,1.0694,1.0711,0
2017-03-24,1.0711,1.0726,1.0695,1.0706,0
2017-03-27,1.0705,1.075,1.0691,1.071,0
2017-03-28,1.0707,1.0736,1.0682,1.0732,0
2017-03-29,1.0729,1.0738,1.0699,1.073,0
2017-03-30,1.0729,1.0733,1.0683,1.0689,0
2017-03-31,1.0691,1.0713,1.068,1.0686,0
2017-04-03,1.0693,1.0698,1.0672,1.0686,0
2017-04-04,1.0687,1.0698,1.0668,1.0695,0
2017-04-05,1.0693,1.073,1.0686,1.0716,0
2017-04-06,1.0717,1.0724,1.0695,1.0696,0
2017-04-07,1.0696,1.0727,1.0677,1.0685,0
2017-04-10,1.0689,1.0701,1.0676,1.0688,0
2017-04-11,1.0686,1.0704,1.0667,1.0682,0
2017-04-12,1.0683,1.0704,1.0664,1.0699,0
2017-04-13,1.0696,1.0702,1.0667,1.0679,0
2017-04-14,1.068,1.0688,1.0658,1.0669,0
2017-04-17,1.0673,1.0697,1.0654,1.0692,0
2017-04-18,1.0691,1.0697,1.0675,1.0691,0
2017-04-19,1.0696,1.0702,1.0676,1.0695,0
2017-04-20,1.0694,1.0722,1.0682,1.0703,0
2017-04-21,1.0701,1.0714,1.0669,1.0683,0
2017-04-24,1.0817,1.0839,1.0777,1.082,0
2017-04-25,1.0821,1.0872,1.0812,1.0856,0
2017-04-26,1.0857,1.0872,1.0815,1.083,0
2017-04-27,1.0831,1.0854,1.0801,1.0809,0
2017-04-28,1.0809,1.085,1.0798,1.0845,0
2017-05-01,1.0854,1.0865,1.0819,1.0858,0
2017-05-02,1.0858,1.0876,1.0812,1.0838,0
2017-05-03,1.0838,1.0846,1.0794,1.0828,0
2017-05-04,1.0827,1.0857,1.0816,1.0834,0
2017-05-05,1.0837,1.087,1.0823,1.0855,0
2017-05-08,1.0874,1.0922,1.0847,1.0912,0
2017-05-09,1.0913,1.0982,1.0901,1.0954,0
2017-05-10,1.0952,1.0976,1.0936,1.0965,0
2017-05-11,1.0964,1.0977,1.0929,1.0946,0
2017-05-12,1.0948,1.0993,1.0921,1.0938,0
2017-05-15,1.0934,1.0958,1.093,1.0937,0
2017-05-16,1.0937,1.0961,1.0919,1.0928,0
2017-05-17,1.0927,1.0931,1.0888,1.0923,0
2017-05-18,1.0924,1.0932,1.0865,1.088,0
2017-05-19,1.088,1.0934,1.0876,1.0898,0
2017-05-22,1.0891,1.095,1.0878,1.0939,0
2017-05-23,1.0939,1.0946,1.09,1.0917,0
2017-05-24,1.0917,1.094,1.09,1.0918,0
2017-05-25,1.0917,1.0933,1.0889,1.0906,0
2017-05-26,1.0904,1.0916,1.0875,1.0897,0
2017-05-29,1.0895,1.0922,1.0883,1.0916,0
2017-05-30,1.0913,1.0924,1.0879,1.0903,0
2017-05-31,1.0903,1.0916,1.087,1.0881,0
2017-06-01,1.0881,1.0907,1.0871,1.0893,0
2017-06-02,1.0894,1.0916,1.0854,1.0856,0
2017-06-05,1.0855,1.0875,1.0845,1.0864,0
2017-06-06,1.0862,1.0872,1.0843,1.085,0
2017-06-07,1.085,1.0871,1.084,1.0863,0
2017-06-08,1.0861,1.088,1.0838,1.0846,0
2017-06-09,1.0849,1.0877,1.0837,1.0856,0
2017-06-12,1.0856,1.0872,1.0843,1.0854,0
2017-06-13,1.0852,1.0865,1.0837,1.086,0
2017-06-14,1.0863,1.0917,1.0849,1.0893,0
2017-06-15,1.089,1.0905,1.0867,1.0868,0
2017-06-16,1.0868,1.0909,1.0863,1.0904,0
2017-06-19,1.0906,1.092,1.0864,1.0876,0
2017-06-20,1.0874,1.0884,1.0848,1.0857,0
2017-06-21,1.0858,1.087,1.0842,1.086,0
2017-06-22,1.0859,1.0876,1.0832,1.0839,0
2017-06-23,1.084,1.0864,1.0833,1.0853,0
2017-06-26,1.0859,1.0891,1.0845,1.0872,0
2017-06-27,1.0873,1.0901,1.0862,1.089,0
2017-06-28,1.0891,1.093,1.0882,1.0918,0
2017-06-29,1.0915,1.0949,1.0912,1.0936,0
2017-06-30,1.0939,1.0958,1.0921,1.095,0
2017-07-03,1.0945,1.0961,1.0924,1.0951,0
2017-07-04,1.0952,1.0964,1.0936,1.0955,0
2017-07-05,1.0953,1.097,1.0929,1.0943,0
2017-07-06,1.0943,1.0996,1.0937,1.0973,0
2017-07-07,1.0974,1.1003,1.0963,1.0991,0
2017-07-10,1.0982,1.1024,1.0978,1.1009,0
2017-07-11,1.1008,1.1066,1.1004,1.1052,0
2017-07-12,1.1051,1.1061,1.0997,1.1016,0
2017-07-13,1.1018,1.1043,1.0985,1.1024,0
2017-07-14,1.1023,1.1078,1.1017,1.1051,0
2017-07-17,1.1043,1.1058,1.1003,1.105,0
2017-07-18,1.1051,1.1074,1.1018,1.1033,0
2017-07-19,1.1034,1.1041,1.0987,1.1003,0
2017-07-20,1.1005,1.1082,1.0998,1.1063,0
2017-07-21,1.1064,1.1093,1.1021,1.103,0
2017-07-24,1.1029,1.1054,1.1008,1.102,0
2017-07-25,1.1018,1.1098,1.1012,1.1094,0
2017-07-26,1.11,1.1179,1.108,1.1157,0
2017-07-27,1.1155,1.1278,1.115,1.1266,0
2017-07-28,1.1267,1.1408,1.1261,1.1385,0
2017-07-31,1.137,1.1459,1.1334,1.145,0
2017-08-01,1.1443,1.1451,1.1382,1.1397,0
2017-08-02,1.1397,1.1526,1.1387,1.151,0
2017-08-03,1.1509,1.1521,1.1459,1.1496,0
2017-08-04,1.1497,1.1543,1.1413,1.1453,0
2017-08-07,1.1452,1.1509,1.1451,1.1478,0
2017-08-08,1.1475,1.1503,1.1438,1.1451,0
2017-08-09,1.1451,1.1457,1.126,1.1332,0
2017-08-10,1.1332,1.1352,1.13,1.1332,0
2017-08-11,1.133,1.1389,1.127,1.137,0
2017-08-14,1.1358,1.1465,1.1358,1.1451,0
2017-08-15,1.145,1.1482,1.1392,1.1415,0
2017-08-16,1.1414,1.1448,1.1355,1.1364,0
2017-08-17,1.1364,1.1378,1.1279,1.1289,0
2017-08-18,1.1288,1.1364,1.126,1.135,0
2017-08-21,1.1342,1.1382,1.1319,1.1366,0
2017-08-22,1.1365,1.1393,1.1342,1.1388,0
2017-08-23,1.139,1.1427,1.1376,1.1398,0
2017-08-24,1.1398,1.1421,1.1356,1.139,0
2017-08-25,1.1389,1.1413,1.1356,1.1409,0
2017-08-28,1.141,1.145,1.1366,1.1443,0
2017-08-29,1.1441,1.1455,1.1359,1.144,0
2017-08-30,1.1442,1.1473,1.1401,1.1451,0
2017-08-31,1.1451,1.1476,1.141,1.1417,0
2017-09-01,1.1419,1.1468,1.1397,1.1441,0
2017-09-04,1.144,1.1471,1.1372,1.1402,0
2017-09-05,1.1401,1.1424,1.1366,1.1381,0
2017-09-06,1.1381,1.1426,1.1365,1.1398,0
2017-09-07,1.1398,1.1485,1.1383,1.1429,0
2017-09-08,1.1429,1.1438,1.1358,1.1367,0
2017-09-11,1.1373,1.144,1.1345,1.1429,0
2017-09-12,1.143,1.1504,1.1425,1.149,0
2017-09-13,1.149,1.1517,1.1457,1.1462,0
2017-09-14,1.1458,1.1531,1.1435,1.148,0
2017-09-15,1.148,1.1503,1.145,1.1464,0
2017-09-18,1.147,1.1504,1.145,1.1494,0
2017-09-19,1.1496,1.1566,1.1491,1.1546,0
2017-09-20,1.1546,1.1564,1.1511,1.1535,0
2017-09-21,1.1537,1.1608,1.1524,1.1594,0
2017-09-22,1.1593,1.1628,1.1561,1.1581,0
2017-09-25,1.1585,1.1593,1.1416,1.1451,0
2017-09-26,1.1453,1.1491,1.1408,1.1426,0
2017-09-27,1.1425,1.1462,1.1412,1.1418,0
2017-09-28,1.1418,1.1478,1.1412,1.1434,0
2017-09-29,1.1435,1.1484,1.1428,1.1439,0
2017-10-02,1.1442,1.1454,1.1386,1.1437,0
2017-10-03,1.1436,1.1468,1.143,1.1435,0
2017-10-04,1.1436,1.1484,1.1425,1.1467,0
2017-10-05,1.1466,1.1498,1.145,1.1457,0
2017-10-06,1.1456,1.1502,1.1441,1.1477,0
2017-10-09,1.1471,1.152,1.146,1.1503,0
2017-10-10,1.1502,1.1527,1.1496,1.1513,0
2017-10-11,1.1515,1.155,1.15,1.1544,0
2017-10-12,1.1545,1.1567,1.1529,1.154,0
2017-10-13,1.1539,1.1557,1.1509,1.1522,0
2017-10-16,1.1523,1.1528,1.1487,1.1507,0
2017-10-17,1.1509,1.1531,1.1485,1.1513,0
2017-10-18,1.1511,1.1582,1.1505,1.157,0
2017-10-19,1.1572,1.1589,1.1526,1.1571,0
2017-10-20,1.157,1.1629,1.156,1.1601,0
2017-10-23,1.1588,1.1606,1.157,1.1572,0
2017-10-24,1.1572,1.1663,1.1569,1.1657,0
2017-10-25,1.1655,1.1706,1.1639,1.169,0
2017-10-26,1.169,1.1716,1.1614,1.1624,0
2017-10-27,1.1623,1.1654,1.156,1.1583,0
2017-10-30,1.1577,1.1623,1.1571,1.1585,0
2017-10-31,1.1585,1.1637,1.1582,1.162,0
2017-11-01,1.162,1.1668,1.161,1.1658,0
2017-11-02,1.1657,1.1667,1.1624,1.165,0
2017-11-03,1.165,1.167,1.1611,1.1617,0
2017-11-06,1.1617,1.1643,1.1574,1.1581,0
2017-11-07,1.1582,1.1601,1.1542,1.1586,0
2017-11-08,1.1586,1.1604,1.1574,1.1597,0
2017-11-09,1.1595,1.1622,1.1553,1.1571,0
2017-11-10,1.1572,1.1623,1.1557,1.1616,0
2017-11-13,1.1618,1.1634,1.1583,1.1623,0
2017-11-14,1.1625,1.168,1.1619,1.1673,0
2017-11-15,1.1672,1.1693,1.1646,1.1654,0
2017-11-16,1.1654,1.1707,1.164,1.1701,0
2017-11-17,1.1703,1.1725,1.1655,1.1661,0
2017-11-20,1.1655,1.1683,1.1588,1.1658,0
2017-11-21,1.1656,1.1671,1.1615,1.1638,0
2017-11-22,1.1638,1.165,1.1585,1.1608,0
2017-11-23,1.1607,1.1644,1.1595,1.1634,0
2017-11-24,1.1631,1.17,1.1623,1.1689,0
2017-11-27,1.1692,1.1728,1.1672,1.1679,0
2017-11-28,1.1679,1.1702,1.1643,1.1655,0
2017-11-29,1.1653,1.1685,1.1647,1.1665,0
2017-11-30,1.1669,1.172,1.1648,1.1708,0
2017-12-01,1.1709,1.1742,1.1599,1.1612,0
2017-12-04,1.1602,1.1697,1.1584,1.1688,0
2017-12-05,1.1688,1.1707,1.1659,1.1677,0
2017-12-06,1.1677,1.1704,1.1657,1.1677,0
2017-12-07,1.1677,1.1721,1.1669,1.1707,0
2017-12-08,1.1706,1.1723,1.1674,1.1682,0
2017-12-11,1.1683,1.1702,1.1669,1.1674,0
2017-12-12,1.1673,1.1688,1.1623,1.1644,0
2017-12-13,1.1645,1.167,1.1621,1.1656,0
2017-12-14,1.1654,1.1707,1.1637,1.165,0
2017-12-15,1.165,1.1691,1.1638,1.1643,0
2017-12-18,1.1642,1.1671,1.1609,1.1613,0
2017-12-19,1.1615,1.1681,1.1608,1.166,0
2017-12-20,1.1659,1.1723,1.1655,1.172,0
2017-12-21,1.1718,1.1753,1.1696,1.1737,0
2017-12-22,1.1737,1.1748,1.1695,1.1731,0
2017-12-25,1.1721,1.1746,1.1706,1.1733,0
2017-12-26,1.1732,1.1756,1.1724,1.1729,0
2017-12-27,1.1729,1.1781,1.1723,1.1725,0
2017-12-28,1.1725,1.1741,1.1681,1.1687,0
2017-12-29,1.1685,1.1726,1.1668,1.169,0
2018-01-01,1.1698,1.1707,1.1689,1.1704,0
2018-01-02,1.1706,1.1732,1.1691,1.1717,0
2018-01-03,1.1716,1.1769,1.1701,1.1739,0
2018-01-04,1.1737,1.1779,1.1731,1.1762,0
2018-01-05,1.1762,1.1788,1.173,1.1731,0
2018-01-08,1.173,1.175,1.1684,1.1693,0
2018-01-09,1.1693,1.1744,1.1688,1.1739,0
2018-01-10,1.174,1.1752,1.1686,1.1687,0
2018-01-11,1.169,1.1759,1.1684,1.1742,0
2018-01-12,1.1744,1.1807,1.174,1.18,0
2018-01-15,1.181,1.1837,1.1783,1.181,0
2018-01-16,1.1812,1.1832,1.176,1.1765,0
2018-01-17,1.1764,1.1808,1.1751,1.1767,0
2018-01-18,1.1765,1.1778,1.1726,1.1736,0
2018-01-19,1.1737,1.1776,1.1711,1.1769,0
2018-01-22,1.1815,1.1822,1.1752,1.1794,0
2018-01-23,1.1792,1.1801,1.1764,1.1779,0
2018-01-24,1.1781,1.1785,1.1684,1.1729,0
2018-01-25,1.1729,1.1742,1.1626,1.1666,0
2018-01-26,1.1665,1.1689,1.1588,1.1598,0
2018-01-29,1.1603,1.1641,1.154,1.1608,0
2018-01-30,1.161,1.1622,1.1567,1.1586,0
2018-01-31,1.1586,1.1641,1.1543,1.1569,0
2018-02-01,1.1561,1.161,1.1547,1.1588,0
2018-02-02,1.1589,1.1626,1.1579,1.1604,0
2018-02-05,1.1598,1.1642,1.1505,1.1521,0
2018-02-06,1.1521,1.1631,1.1514,1.1584,0
2018-02-07,1.1584,1.1622,1.1558,1.1574,0
2018-02-08,1.1572,1.16,1.1449,1.1463,0
2018-02-09,1.1461,1.1532,1.145,1.1502,0
2018-02-12,1.152,1.1553,1.1486,1.1545,0
2018-02-13,1.1546,1.1566,1.1507,1.1546,0
2018-02-14,1.1547,1.159,1.1493,1.1568,0
2018-02-15,1.1566,1.1581,1.1516,1.1531,0
2018-02-16,1.1531,1.155,1.1505,1.151,0
2018-02-19,1.1515,1.154,1.1502,1.1528,0
2018-02-20,1.1528,1.1561,1.1516,1.1549,0
2018-02-21,1.1551,1.1564,1.153,1.1534,0
2018-02-22,1.1534,1.1548,1.1499,1.1502,0
2018-02-23,1.1499,1.1525,1.1487,1.1517,0
2018-02-26,1.1521,1.1559,1.1495,1.1554,0
2018-02-27,1.1557,1.1565,1.1483,1.1486,0
2018-02-28,1.1487,1.1538,1.1482,1.1519,0
2018-03-01,1.1518,1.1563,1.1511,1.1555,0
2018-03-02,1.1555,1.1563,1.1495,1.1556,0
2018-03-05,1.1562,1.1603,1.1508,1.1596,0
2018-03-06,1.1596,1.1679,1.1591,1.1668,0
2018-03-07,1.1668,1.1718,1.1629,1.1709,0
2018-03-08,1.1712,1.1745,1.1683,1.1711,0
2018-03-09,1.1711,1.1731,1.1675,1.1706,0
2018-03-12,1.1711,1.172,1.1674,1.1688,0
2018-03-13,1.1689,1.1711,1.1677,1.1697,0
2018-03-14,1.1698,1.1717,1.1683,1.1686,0
2018-03-15,1.1683,1.1713,1.1672,1.1707,0
2018-03-16,1.1711,1.1717,1.1686,1.1703,0
2018-03-19,1.1697,1.1747,1.1691,1.1731,0
2018-03-20,1.1731,1.1755,1.1692,1.1709,0
2018-03-21,1.1709,1.1732,1.1688,1.1718,0
2018-03-22,1.1717,1.1729,1.1652,1.1677,0
2018-03-23,1.1678,1.172,1.1652,1.1701,0
2018-03-26,1.1697,1.1778,1.1684,1.1766,0
2018-03-27,1.1767,1.1781,1.1737,1.1744,0
2018-03-28,1.1743,1.1807,1.1735,1.1775,0
2018-03-29,1.1777,1.1801,1.1753,1.1767,0
2018-03-30,1.1772,1.1782,1.1737,1.1757,0
2018-04-02,1.1751,1.1768,1.1736,1.1753,0
2018-04-03,1.1754,1.1778,1.1738,1.1765,0
2018-04-04,1.1763,1.1806,1.1752,1.1797,0
2018-04-05,1.1798,1.1809,1.1771,1.1792,0
2018-04-06,1.1793,1.1819,1.1769,1.1782,0
2018-04-09,1.1777,1.1801,1.1761,1.1781,0
2018-04-10,1.1781,1.1831,1.1768,1.1826,0
2018-04-11,1.1826,1.1884,1.1818,1.1844,0
2018-04-12,1.1844,1.1894,1.1836,1.1866,0
2018-04-13,1.1866,1.1885,1.1849,1.1867,0
2018-04-16,1.1867,1.1889,1.1846,1.1885,0
2018-04-17,1.1883,1.1955,1.188,1.1951,0
2018-04-18,1.1951,1.1995,1.1948,1.1986,0
2018-04-19,1.1985,1.2004,1.1961,1.1992,0
2018-04-20,1.1991,1.2009,1.1949,1.1975,0
2018-04-23,1.1977,1.1988,1.1926,1.1942,0
2018-04-24,1.1943,1.1995,1.1924,1.1974,0
2018-04-25,1.1974,1.2001,1.1955,1.1958,0
2018-04-26,1.1955,1.1994,1.1952,1.1971,0
2018-04-27,1.1973,1.199,1.1948,1.1984,0
2018-04-30,1.1974,1.199,1.1955,1.1966,0
2018-05-01,1.1968,1.1977,1.1932,1.195,0
2018-05-02,1.1949,1.1966,1.1931,1.1943,0
2018-05-03,1.1942,1.1972,1.193,1.196,0
2018-05-04,1.1961,1.1983,1.1935,1.1959,0
2018-05-07,1.1949,1.1984,1.1944,1.1954,0
2018-05-08,1.1955,1.1966,1.1865,1.1885,0
2018-05-09,1.1883,1.1924,1.1863,1.1912,0
2018-05-10,1.1913,1.1963,1.1898,1.1954,0
2018-05-11,1.1957,1.1964,1.1923,1.1951,0
2018-05-14,1.1954,1.1985,1.193,1.1934,0
2018-05-15,1.1932,1.1943,1.1843,1.1853,0
2018-05-16,1.1853,1.1863,1.1767,1.1822,0
2018-05-17,1.1824,1.1845,1.18,1.1811,0
2018-05-18,1.1813,1.1822,1.1728,1.1753,0
2018-05-21,1.1738,1.1765,1.1706,1.176,0
2018-05-22,1.176,1.1776,1.1683,1.1694,0
2018-05-23,1.1692,1.1706,1.1579,1.1644,0
2018-05-24,1.1645,1.1655,1.1585,1.1621,0
2018-05-25,1.1622,1.1646,1.1528,1.1533,0
2018-05-28,1.1534,1.1634,1.1532,1.155,0
2018-05-29,1.155,1.1559,1.1367,1.144,0
2018-05-30,1.1439,1.1569,1.1426,1.1537,0
2018-05-31,1.1538,1.1573,1.1461,1.1526,0
2018-06-01,1.1522,1.1576,1.1499,1.1522,0
2018-06-04,1.1519,1.1568,1.1516,1.1557,0
2018-06-05,1.1555,1.157,1.1502,1.1537,0
2018-06-06,1.1536,1.1643,1.1525,1.1612,0
2018-06-07,1.1612,1.1637,1.1557,1.1569,0
2018-06-08,1.1571,1.1622,1.1534,1.1594,0
2018-06-11,1.1592,1.1661,1.1583,1.161,0
2018-06-12,1.161,1.1629,1.1579,1.159,0
2018-06-13,1.1589,1.1627,1.1581,1.1621,0
2018-06-14,1.1623,1.1655,1.1528,1.1535,0
2018-06-15,1.1533,1.1591,1.1524,1.1581,0
2018-06-18,1.1581,1.1584,1.1529,1.1566,0
2018-06-19,1.1569,1.1583,1.1486,1.1522,0
2018-06-20,1.1522,1.1557,1.1507,1.1527,0
2018-06-21,1.1526,1.1544,1.1478,1.1507,0
2018-06-22,1.1509,1.1554,1.1494,1.1517,0
2018-06-25,1.1518,1.1561,1.1488,1.1552,0
2018-06-26,1.1552,1.1569,1.1525,1.1538,0
2018-06-27,1.1537,1.1559,1.1509,1.1521,0
2018-06-28,1.1522,1.1569,1.1513,1.154,0
2018-06-29,1.1544,1.1607,1.1528,1.1577,0
2018-07-02,1.1539,1.1616,1.1524,1.1565,0
2018-07-03,1.1565,1.1589,1.1554,1.1569,0
2018-07-04,1.1572,1.159,1.1549,1.1572,0
2018-07-05,1.1569,1.1625,1.156,1.1611,0
2018-07-06,1.161,1.1656,1.16,1.1628,0
2018-07-09,1.163,1.1661,1.1603,1.1652,0
2018-07-10,1.165,1.1664,1.163,1.165,0
2018-07-11,1.1649,1.1663,1.1616,1.1625,0
2018-07-12,1.1626,1.171,1.1615,1.1701,0
2018-07-13,1.1699,1.1711,1.1654,1.1706,0
2018-07-16,1.1698,1.1717,1.1667,1.1672,0
2018-07-17,1.1674,1.1687,1.164,1.1663,0
2018-07-18,1.1663,1.1672,1.1602,1.1625,0
2018-07-19,1.1627,1.1644,1.1612,1.1634,0
2018-07-20,1.1632,1.1662,1.1623,1.1634,0
2018-07-23,1.1642,1.1651,1.1602,1.1604,0
2018-07-24,1.1603,1.1635,1.159,1.1611,0
2018-07-25,1.161,1.1637,1.1591,1.1634,0
2018-07-26,1.1634,1.1642,1.1571,1.1575,0
2018-07-27,1.1574,1.1607,1.1562,1.1594,0
2018-07-30,1.1596,1.1609,1.1563,1.1569,0
2018-07-31,1.157,1.1599,1.1557,1.1578,0
2018-08-01,1.1579,1.1607,1.1562,1.1568,0
2018-08-02,1.1568,1.1577,1.1528,1.1529,0
2018-08-03,1.1525,1.1543,1.1491,1.1502,0
2018-08-06,1.1505,1.1531,1.1493,1.1514,0
2018-08-07,1.1515,1.1552,1.1503,1.1546,0
2018-08-08,1.1544,1.1559,1.1521,1.1533,0
2018-08-09,1.1535,1.154,1.1448,1.1451,0
2018-08-10,1.1451,1.1464,1.1336,1.1359,0
2018-08-13,1.1336,1.1364,1.1284,1.1334,0
2018-08-14,1.1335,1.1359,1.1263,1.1279,0
2018-08-15,1.1279,1.1309,1.1243,1.1273,0
2018-08-16,1.1274,1.1352,1.126,1.1341,0
2018-08-17,1.1339,1.1397,1.1326,1.1389,0
2018-08-20,1.1395,1.1395,1.1351,1.1384,0
2018-08-21,1.1384,1.1422,1.1357,1.1401,0
2018-08-22,1.1394,1.1413,1.1371,1.14,0
2018-08-23,1.1399,1.141,1.1361,1.138,0
2018-08-24,1.1379,1.1438,1.1368,1.1429,0
2018-08-27,1.144,1.1455,1.1408,1.1442,0
2018-08-28,1.1445,1.1457,1.1413,1.1419,0
2018-08-29,1.1418,1.1426,1.1341,1.1363,0
2018-08-30,1.1363,1.137,1.13,1.1311,0
2018-08-31,1.1312,1.1324,1.1236,1.1241,0
2018-09-03,1.1234,1.1274,1.123,1.1267,0
2018-09-04,1.1267,1.1294,1.124,1.1286,0
2018-09-05,1.1283,1.1322,1.1249,1.1302,0
2018-09-06,1.1303,1.1315,1.1215,1.1218,0
2018-09-07,1.122,1.1248,1.1181,1.1199,0
2018-09-10,1.1205,1.132,1.1182,1.1305,0
2018-09-11,1.1305,1.1346,1.1262,1.1284,0
2018-09-12,1.1281,1.1317,1.1268,1.1286,0
2018-09-13,1.1284,1.1319,1.126,1.1285,0
2018-09-14,1.1285,1.1308,1.124,1.1253,0
2018-09-17,1.1245,1.1262,1.1227,1.1246,0
2018-09-18,1.1246,1.1265,1.122,1.1255,0
2018-09-19,1.1252,1.1328,1.1239,1.129,0
2018-09-20,1.129,1.1324,1.127,1.1293,0
2018-09-21,1.1294,1.1315,1.1221,1.1264,0
2018-09-24,1.1264,1.1341,1.1246,1.1335,0
2018-09-25,1.1336,1.1385,1.1322,1.1361,0
2018-09-26,1.1355,1.1387,1.1327,1.1341,0
2018-09-27,1.1343,1.1418,1.1309,1.1377,0
2018-09-28,1.1376,1.1403,1.1279,1.1401,0
2018-10-01,1.1401,1.143,1.1363,1.139,0
2018-10-02,1.1392,1.1398,1.1312,1.1362,0
2018-10-03,1.1363,1.1424,1.1357,1.139,0
2018-10-04,1.1387,1.1437,1.1363,1.1419,0
2018-10-05,1.1421,1.1456,1.1408,1.1429,0
2018-10-08,1.1424,1.1442,1.1381,1.1407,0
2018-10-09,1.1407,1.142,1.1366,1.1398,0
2018-10-10,1.14,1.1448,1.1387,1.1406,0
2018-10-11,1.1405,1.1492,1.1389,1.1471,0
2018-10-12,1.1474,1.1497,1.1448,1.1465,0
2018-10-15,1.1461,1.1467,1.1415,1.1428,0
2018-10-16,1.1428,1.1481,1.1426,1.1467,0
2018-10-17,1.1467,1.1485,1.1435,1.1447,0
2018-10-18,1.1447,1.1469,1.1397,1.1403,0
2018-10-19,1.1402,1.1497,1.1391,1.1474,0
2018-10-22,1.1467,1.1506,1.1415,1.142,0
2018-10-23,1.1421,1.1435,1.1397,1.1415,0
2018-10-24,1.1411,1.142,1.1352,1.1368,0
2018-10-25,1.1368,1.1419,1.1354,1.1372,0
2018-10-26,1.1372,1.1389,1.1341,1.1374,0
2018-10-29,1.1373,1.1412,1.1353,1.1394,0
2018-10-30,1.1393,1.1422,1.1367,1.1403,0
2018-10-31,1.1403,1.1419,1.1377,1.1408,0
2018-11-01,1.1408,1.1451,1.1397,1.1433,0
2018-11-02,1.1433,1.1457,1.1404,1.1428,0
2018-11-05,1.1434,1.1466,1.1412,1.1461,0
2018-11-06,1.1461,1.1474,1.1442,1.1456,0
2018-11-07,1.1458,1.1475,1.1436,1.1454,0
2018-11-08,1.1449,1.1471,1.1423,1.1432,0
2018-11-09,1.1433,1.1443,1.1382,1.1399,0
2018-11-12,1.1392,1.1401,1.1332,1.134,0
2018-11-13,1.1341,1.1391,1.1332,1.137,0
2018-11-14,1.1373,1.1427,1.1359,1.1376,0
2018-11-15,1.1375,1.1424,1.1342,1.1407,0
2018-11-16,1.1408,1.1437,1.1395,1.1419,0
2018-11-19,1.1404,1.1421,1.1366,1.138,0
2018-11-20,1.1378,1.1385,1.1304,1.1314,0
2018-11-21,1.1314,1.135,1.1303,1.1326,0
2018-11-22,1.1333,1.1367,1.1318,1.1352,0
2018-11-23,1.1341,1.1359,1.1296,1.1304,0
2018-11-26,1.1308,1.1346,1.1296,1.1312,0
2018-11-27,1.131,1.1327,1.1271,1.1276,0
2018-11-28,1.1275,1.1319,1.1257,1.1296,0
2018-11-29,1.1298,1.1356,1.1283,1.1346,0
2018-11-30,1.1348,1.1362,1.1296,1.1304,0
2018-12-03,1.1302,1.1356,1.1302,1.1329,0
2018-12-04,1.1328,1.1354,1.1304,1.1317,0
2018-12-05,1.1313,1.1334,1.1299,1.1319,0
2018-12-06,1.1316,1.1327,1.1277,1.1294,0
2018-12-07,1.1295,1.1316,1.127,1.127,0
2018-12-10,1.1292,1.1311,1.1233,1.1248,0
2018-12-11,1.1246,1.1261,1.1221,1.1242,0
2018-12-12,1.1241,1.1302,1.1231,1.1295,0
2018-12-13,1.1298,1.1307,1.1264,1.1298,0
2018-12-14,1.1296,1.1304,1.1238,1.1287,0
2018-12-17,1.1284,1.1295,1.1246,1.1268,0
2018-12-18,1.1264,1.1297,1.1257,1.1278,0
2018-12-19,1.1279,1.135,1.1274,1.1316,0
2018-12-20,1.1315,1.1353,1.1297,1.1308,0
2018-12-21,1.1308,1.1326,1.1289,1.1318,0
2018-12-24,1.1318,1.135,1.1228,1.1242,0
2018-12-25,1.1268,1.1296,1.1205,1.1207,0
2018-12-26,1.1179,1.1314,1.1166,1.1305,0
2018-12-27,1.1305,1.1319,1.124,1.1291,0
2018-12-28,1.1289,1.1303,1.1212,1.1265,0
2018-12-31,1.1263,1.1293,1.1241,1.126,0
2019-01-01,1.1255,1.1339,1.1216,1.1253,0
2019-01-02,1.1253,1.1274,1.1216,1.1233,0
2019-01-03,1.1234,1.1282,1.1183,1.1242,0
2019-01-04,1.1242,1.1274,1.1229,1.1241,0
2019-01-07,1.1238,1.1262,1.1222,1.1242,0
2019-01-08,1.1243,1.1251,1.1217,1.1228,0
2019-01-09,1.1228,1.1268,1.1206,1.1246,0
2019-01-10,1.1248,1.1329,1.1236,1.1321,0
2019-01-11,1.1319,1.1343,1.1271,1.1288,0
2019-01-14,1.1289,1.1293,1.1244,1.1258,0
2019-01-15,1.1258,1.1294,1.124,1.1274,0
2019-01-16,1.1277,1.1303,1.126,1.1288,0
2019-01-17,1.1287,1.1335,1.1274,1.1329,0
2019-01-18,1.1332,1.1343,1.1298,1.1314,0
2019-01-21,1.1321,1.1361,1.1298,1.1336,0
2019-01-22,1.1332,1.1354,1.1312,1.1327,0
2019-01-23,1.1327,1.135,1.1316,1.1321,0
2019-01-24,1.132,1.1341,1.1257,1.1266,0
2019-01-25,1.1266,1.1345,1.1255,1.1332,0
2019-01-28,1.1327,1.135,1.1308,1.1336,0
2019-01-29,1.134,1.1385,1.1324,1.137,0
2019-01-30,1.137,1.144,1.1361,1.1414,0
2019-01-31,1.1413,1.1432,1.1368,1.1383,0
2019-02-01,1.1382,1.1419,1.1369,1.1406,0
2019-02-04,1.1406,1.1429,1.1383,1.1416,0
2019-02-05,1.1416,1.1449,1.1402,1.1414,0
2019-02-06,1.1405,1.1419,1.1383,1.139,0
2019-02-07,1.1389,1.1403,1.1343,1.1373,0
2019-02-08,1.1371,1.1381,1.132,1.1333,0
2019-02-11,1.1326,1.1428,1.1305,1.132,0
2019-02-12,1.132,1.1412,1.1316,1.1399,0
2019-02-13,1.1399,1.1418,1.1358,1.1364,0
2019-02-14,1.137,1.1388,1.1345,1.1351,0
2019-02-15,1.1349,1.1368,1.1328,1.1355,0
2019-02-18,1.1347,1.137,1.134,1.136,0
2019-02-19,1.1359,1.1378,1.133,1.1355,0
2019-02-20,1.1355,1.1374,1.1334,1.1347,0
2019-02-21,1.1348,1.1374,1.1339,1.1347,0
2019-02-22,1.1348,1.1361,1.1329,1.1349,0
2019-02-25,1.1341,1.1372,1.1324,1.1368,0
2019-02-26,1.1376,1.1398,1.1351,1.1395,0
2019-02-27,1.1386,1.1404,1.1347,1.1386,0
2019-02-28,1.1388,1.1404,1.1324,1.1352,0
2019-03-01,1.1355,1.1379,1.1335,1.1365,0
2019-03-04,1.1368,1.1386,1.1317,1.1328,0
2019-03-05,1.1329,1.1367,1.1317,1.1356,0
2019-03-06,1.1358,1.1374,1.1345,1.1363,0
2019-03-07,1.1363,1.1375,1.1314,1.1321,0
2019-03-08,1.1321,1.1341,1.1306,1.133,0
2019-03-11,1.1329,1.1377,1.1312,1.1364,0
2019-03-12,1.1369,1.139,1.1344,1.1373,0
2019-03-13,1.1377,1.1385,1.1352,1.1368,0
2019-03-14,1.1372,1.1385,1.1341,1.1344,0
2019-03-15,1.1348,1.1376,1.1339,1.1344,0
2019-03-18,1.1344,1.137,1.1335,1.1351,0
2019-03-19,1.1354,1.1363,1.1336,1.1338,0
2019-03-20,1.1342,1.1359,1.1315,1.1325,0
2019-03-21,1.1329,1.1339,1.1264,1.128,0
2019-03-22,1.1284,1.1305,1.121,1.1239,0
2019-03-25,1.1244,1.1259,1.1209,1.1224,0
2019-03-26,1.1228,1.1251,1.1198,1.12,0
2019-03-27,1.1207,1.1222,1.1172,1.1184,0
2019-03-28,1.119,1.1217,1.1171,1.1176,0
2019-03-29,1.1174,1.1205,1.1161,1.1163,0
2019-04-01,1.1166,1.121,1.116,1.1197,0
2019-04-02,1.1201,1.1207,1.1166,1.1176,0
2019-04-03,1.1179,1.1221,1.1173,1.1214,0
2019-04-04,1.1215,1.123,1.1201,1.1216,0
2019-04-05,1.1221,1.1247,1.1208,1.1212,0
2019-04-08,1.1219,1.1263,1.1207,1.1244,0
2019-04-09,1.126,1.1283,1.1241,1.1259,0
2019-04-10,1.1262,1.1313,1.1253,1.13,0
2019-04-11,1.1302,1.1322,1.1284,1.1284,0
2019-04-12,1.1291,1.1343,1.1284,1.1325,0
2019-04-15,1.1327,1.1358,1.132,1.135,0
2019-04-16,1.1349,1.138,1.1339,1.1368,0
2019-04-17,1.1372,1.1427,1.1362,1.141,0
2019-04-18,1.1415,1.1426,1.1364,1.1402,0
2019-04-19,1.1416,1.1422,1.1389,1.1408,0
2019-04-22,1.1408,1.1443,1.1394,1.143,0
2019-04-23,1.1434,1.148,1.1422,1.1448,0
2019-04-24,1.1452,1.1466,1.1378,1.1378,0
2019-04-25,1.1389,1.1394,1.1353,1.1357,0
2019-04-26,1.1359,1.1389,1.1348,1.1365,0
2019-04-29,1.1372,1.1414,1.1356,1.1402,0
2019-04-30,1.1406,1.145,1.1386,1.1427,0
2019-05-01,1.1431,1.1444,1.1388,1.1394,0
2019-05-02,1.1405,1.1431,1.1381,1.1389,0
2019-05-03,1.1396,1.1406,1.1364,1.1384,0
2019-05-06,1.1389,1.1411,1.1344,1.1395,0
2019-05-07,1.14,1.1443,1.1385,1.1407,0
2019-05-08,1.141,1.1432,1.1381,1.1417,0
2019-05-09,1.142,1.1435,1.137,1.1381,0
2019-05-10,1.1386,1.1414,1.1357,1.1363,0
2019-05-13,1.1373,1.1377,1.1292,1.1294,0
2019-05-14,1.1295,1.1331,1.1286,1.1305,0
2019-05-15,1.131,1.1319,1.1261,1.1297,0
2019-05-16,1.13,1.1321,1.1279,1.1281,0
2019-05-17,1.1286,1.1302,1.1265,1.1275,0
2019-05-20,1.1277,1.1298,1.1255,1.1261,0
2019-05-21,1.1265,1.1294,1.1253,1.128,0
2019-05-22,1.1291,1.1298,1.1243,1.1258,0
2019-05-23,1.126,1.1271,1.1204,1.1215,0
2019-05-24,1.1219,1.1236,1.1194,1.122,0
2019-05-27,1.1216,1.1266,1.1208,1.1236,0
2019-05-28,1.1242,1.1281,1.1222,1.1244,0
2019-05-29,1.1247,1.1256,1.1203,1.1212,0
2019-05-30,1.122,1.1252,1.1209,1.1215,0
2019-05-31,1.1221,1.123,1.117,1.1189,0
2019-06-03,1.1179,1.1207,1.1119,1.1155,0
2019-06-04,1.1158,1.1193,1.1151,1.116,0
2019-06-05,1.1162,1.1199,1.1134,1.1158,0
2019-06-06,1.1171,1.12,1.1151,1.1174,0
2019-06-07,1.1178,1.1216,1.1166,1.119,0
2019-06-10,1.1186,1.1214,1.1172,1.1194,0
2019-06-11,1.1197,1.1246,1.119,1.1241,0
2019-06-12,1.1245,1.1269,1.1224,1.1235,0
2019-06-13,1.1237,1.1252,1.1198,1.1203,0
2019-06-14,1.1213,1.1229,1.1192,1.1195,0
2019-06-17,1.1205,1.1225,1.1187,1.1205,0
2019-06-18,1.1208,1.1216,1.117,1.1192,0
2019-06-19,1.1194,1.1214,1.1151,1.1157,0
2019-06-20,1.1161,1.1168,1.1056,1.1082,0
2019-06-21,1.109,1.1129,1.1072,1.1095,0
2019-06-24,1.1093,1.1135,1.1063,1.1077,0
2019-06-25,1.108,1.1126,1.1061,1.1083,0
2019-06-26,1.1089,1.1128,1.1074,1.1118,0
2019-06-27,1.112,1.1152,1.1095,1.11,0
2019-06-28,1.1103,1.1126,1.108,1.1095,0
2019-07-01,1.11,1.1165,1.1095,1.1143,0
2019-07-02,1.1146,1.1175,1.1122,1.1126,0
2019-07-03,1.113,1.114,1.1106,1.1125,0
2019-07-04,1.1128,1.1141,1.1106,1.1115,0
2019-07-05,1.1116,1.1156,1.1107,1.1128,0
2019-07-08,1.1132,1.1155,1.1112,1.1142,0
2019-07-09,1.1145,1.1161,1.112,1.1132,0
2019-07-10,1.1136,1.1148,1.1118,1.113,0
2019-07-11,1.1135,1.115,1.1104,1.114,0
2019-07-12,1.1143,1.1157,1.107,1.1089,0
2019-07-15,1.1093,1.1107,1.1063,1.1083,0
2019-07-16,1.1084,1.1097,1.1055,1.1071,0
2019-07-17,1.1076,1.1114,1.1067,1.108,0
2019-07-18,1.1083,1.1092,1.1058,1.1063,0
2019-07-19,1.1066,1.1086,1.101,1.1014,0
2019-07-22,1.1014,1.1039,1.0997,1.1005,0
2019-07-23,1.1008,1.1022,1.0969,1.0985,0
2019-07-24,1.0989,1.1007,1.0967,1.0967,0
2019-07-25,1.0971,1.1057,1.0961,1.1042,0
2019-07-26,1.1044,1.1065,1.1035,1.105,0
2019-07-29,1.1054,1.1063,1.1022,1.1048,0
2019-07-30,1.1051,1.1058,1.1027,1.1043,0
2019-07-31,1.1048,1.1063,1.0991,1.1005,0
2019-08-01,1.1009,1.1022,1.0964,1.0973,0
2019-08-02,1.0977,1.0982,1.0906,1.0907,0
2019-08-05,1.0906,1.0934,1.0862,1.0903,0
2019-08-06,1.0906,1.0956,1.0896,1.0933,0
2019-08-07,1.0936,1.0961,1.0892,1.0919,0
2019-08-08,1.0924,1.0979,1.0894,1.0894,0
2019-08-09,1.0898,1.0914,1.0885,1.0889,0
2019-08-12,1.0897,1.0908,1.0863,1.0863,0
2019-08-13,1.0869,1.0925,1.0839,1.0905,0
2019-08-14,1.091,1.0918,1.0835,1.084,0
2019-08-15,1.0841,1.0876,1.0833,1.0842,0
2019-08-16,1.0846,1.0881,1.084,1.0847,0
2019-08-19,1.0851,1.09,1.0835,1.087,0
2019-08-20,1.0876,1.0884,1.0842,1.0853,0
2019-08-21,1.0856,1.0899,1.0848,1.0887,0
2019-08-22,1.0891,1.0921,1.0872,1.0895,0
2019-08-23,1.0899,1.0931,1.0853,1.086,0
2019-08-26,1.0863,1.0903,1.0835,1.0864,0
2019-08-27,1.0869,1.0919,1.0856,1.0882,0
2019-08-28,1.0886,1.0905,1.0862,1.0872,0
2019-08-29,1.0874,1.0917,1.0856,1.0906,0
2019-08-30,1.0909,1.0926,1.0866,1.0878,0
2019-09-02,1.0876,1.0898,1.0856,1.0862,0
2019-09-03,1.0865,1.0873,1.0817,1.0825,0
2019-09-04,1.0829,1.0865,1.0809,1.0819,0
2019-09-05,1.0821,1.0916,1.0817,1.0878,0
2019-09-06,1.0882,1.0933,1.0872,1.0886,0
2019-09-09,1.0893,1.0965,1.0884,1.0957,0
2019-09-10,1.096,1.0971,1.0914,1.0954,0
2019-09-11,1.0956,1.0974,1.091,1.0928,0
2019-09-12,1.0932,1.0972,1.085,1.0953,0
2019-09-13,1.0956,1.0977,1.0926,1.0964,0
2019-09-16,1.098,1.0982,1.091,1.0918,0
2019-09-17,1.092,1.1,1.0912,1.0994,0
2019-09-18,1.0999,1.1021,1.0983,1.0999,0
2019-09-19,1.1003,1.1021,1.0955,1.0959,0
2019-09-20,1.0963,1.0973,1.0909,1.0915,0
2019-09-23,1.0915,1.0933,1.0855,1.0877,0
2019-09-24,1.0882,1.09,1.0842,1.0856,0
2019-09-25,1.086,1.0872,1.083,1.085,0
2019-09-26,1.0853,1.0878,1.0842,1.085,0
2019-09-27,1.0852,1.0869,1.0829,1.0836,0
2019-09-30,1.0841,1.089,1.0833,1.0874,0
2019-10-01,1.0878,1.0923,1.085,1.0856,0
2019-10-02,1.0861,1.0955,1.0849,1.0922,0
2019-10-03,1.0925,1.0985,1.0917,1.0954,0
2019-10-04,1.0956,1.098,1.0906,1.0923,0
2019-10-07,1.0929,1.0941,1.0895,1.0911,0
2019-10-08,1.0913,1.093,1.0869,1.0874,0
2019-10-09,1.0878,1.0934,1.0868,1.0922,0
2019-10-10,1.0926,1.0979,1.0897,1.097,0
2019-10-11,1.0974,1.1042,1.0963,1.1001,0
2019-10-14,1.1008,1.1018,1.0969,1.0995,0
2019-10-15,1.0999,1.103,1.097,1.1013,0
2019-10-16,1.1018,1.1034,1.0992,1.1012,0
2019-10-17,1.1016,1.1062,1.0972,1.0983,0
2019-10-18,1.0991,1.1011,1.0972,1.0991,0
2019-10-21,1.0968,1.1012,1.0962,1.0989,0
2019-10-22,1.0993,1.1026,1.0987,1.1006,0
2019-10-23,1.101,1.1033,1.0991,1.1023,0
2019-10-24,1.1027,1.105,1.1005,1.1016,0
2019-10-25,1.1019,1.1033,1.1008,1.1015,0
2019-10-28,1.1019,1.1061,1.1006,1.1036,0
2019-10-29,1.104,1.1053,1.102,1.104,0
2019-10-30,1.1045,1.1053,1.1007,1.1028,0
2019-10-31,1.1033,1.104,1.099,1.0997,0
2019-11-01,1.1001,1.103,1.0996,1.1002,0
2019-11-04,1.0999,1.1036,1.0988,1.0988,0
2019-11-05,1.0993,1.1032,1.0977,1.0993,0
2019-11-06,1.0997,1.1019,1.0977,1.0983,0
2019-11-07,1.0987,1.1016,1.0971,1.0994,0
2019-11-08,1.0999,1.1008,1.0973,1.0986,0
2019-11-11,1.0993,1.0998,1.0955,1.0957,0
2019-11-12,1.0959,1.0983,1.0925,1.0929,0
2019-11-13,1.0934,1.0941,1.0877,1.0895,0
2019-11-14,1.0898,1.0907,1.0862,1.0887,0
2019-11-15,1.0891,1.0949,1.0885,1.0936,0
2019-11-18,1.0938,1.0964,1.0927,1.0954,0
2019-11-19,1.0956,1.099,1.0945,1.0969,0
2019-11-20,1.0971,1.1004,1.0949,1.0969,0
2019-11-21,1.0973,1.1006,1.0954,1.0977,0
2019-11-22,1.0983,1.1014,1.0978,1.0991,0
2019-11-25,1.0994,1.1005,1.0965,1.0973,0
2019-11-26,1.0977,1.1003,1.0969,1.0984,0
2019-11-27,1.0988,1.1003,1.0976,1.0987,0
2019-11-28,1.099,1.1006,1.0982,1.0988,0
2019-11-29,1.0992,1.1026,1.0988,1.1013,0
2019-12-02,1.1019,1.1032,1.0978,1.0978,0
2019-12-03,1.0983,1.0997,1.0925,1.0936,0
2019-12-04,1.094,1.0972,1.0919,1.0948,0
2019-12-05,1.0953,1.0985,1.0939,1.096,0
2019-12-06,1.0961,1.0994,1.094,1.0949,0
2019-12-09,1.0944,1.097,1.0926,1.0928,0
2019-12-10,1.0933,1.0939,1.091,1.0917,0
2019-12-11,1.0919,1.0948,1.091,1.0937,0
2019-12-12,1.0941,1.0978,1.0921,1.096,0
2019-12-13,1.0964,1.1041,1.0931,1.0939,0
2019-12-16,1.0944,1.097,1.0936,1.0941,0
2019-12-17,1.0946,1.097,1.0922,1.0929,0
2019-12-18,1.0933,1.094,1.0891,1.0892,0
2019-12-19,1.0896,1.0928,1.0865,1.0879,0
2019-12-20,1.0883,1.091,1.0869,1.0885,0
2019-12-23,1.0891,1.09,1.0859,1.0883,0
2019-12-24,1.0886,1.09,1.0859,1.0866,0
2019-12-25,1.0871,1.0896,1.0862,1.0867,0
2019-12-26,1.0871,1.0899,1.0862,1.0887,0
2019-12-27,1.089,1.0907,1.0867,1.0893,0
2019-12-30,1.089,1.0908,1.0846,1.0852,0
2019-12-31,1.0855,1.0883,1.0836,1.0849,0
2020-01-01,1.0854,1.0864,1.0842,1.0848,0
2020-01-02,1.0852,1.0879,1.0836,1.0848,0
2020-01-03,1.0854,1.0867,1.0823,1.0851,0
2020-01-06,1.0863,1.0863,1.0826,1.0838,0
2020-01-07,1.0838,1.0863,1.0809,1.0819,0
2020-01-08,1.0821,1.0832,1.0779,1.0812,0
2020-01-09,1.0815,1.0835,1.0793,1.0806,0
2020-01-10,1.0809,1.0833,1.0802,1.0812,0
2020-01-13,1.0819,1.0836,1.0796,1.0807,0
2020-01-14,1.0811,1.0822,1.0757,1.0763,0
2020-01-15,1.0767,1.0779,1.074,1.0745,0
2020-01-16,1.0752,1.0761,1.0732,1.0739,0
2020-01-17,1.0742,1.076,1.0729,1.0733,0
2020-01-20,1.0734,1.0752,1.0728,1.0738,0
2020-01-21,1.0747,1.0754,1.0728,1.0732,0
2020-01-22,1.0736,1.0789,1.0732,1.0733,0
2020-01-23,1.0737,1.0749,1.0699,1.0706,0
2020-01-24,1.071,1.0726,1.0697,1.0703,0
2020-01-27,1.0711,1.0721,1.0675,1.0681,0
2020-01-28,1.0684,1.073,1.0662,1.072,0
2020-01-29,1.0725,1.074,1.0708,1.0712,0
2020-01-30,1.0715,1.0727,1.0678,1.0691,0
2020-01-31,1.0696,1.0709,1.0674,1.0683,0
2020-02-03,1.0699,1.0701,1.066,1.0679,0
2020-02-04,1.0683,1.072,1.0679,1.0702,0
2020-02-05,1.0704,1.073,1.0688,1.0702,0
2020-02-06,1.0707,1.0727,1.0693,1.0699,0
2020-02-07,1.0704,1.0715,1.0678,1.0699,0
2020-02-10,1.0703,1.0715,1.0658,1.0659,0
2020-02-11,1.0662,1.0681,1.0647,1.0649,0
2020-02-12,1.0653,1.0664,1.0628,1.0633,0
2020-02-13,1.0638,1.0643,1.0606,1.0615,0
2020-02-14,1.0618,1.0654,1.0607,1.0635,0
2020-02-17,1.0639,1.0653,1.0617,1.0625,0
2020-02-18,1.063,1.0632,1.0606,1.0609,0
2020-02-19,1.061,1.0638,1.0605,1.0628,0
2020-02-20,1.0632,1.0639,1.0603,1.0608,0
2020-02-21,1.0613,1.0626,1.0603,1.0604,0
2020-02-24,1.0606,1.0629,1.0587,1.0621,0
2020-02-25,1.0624,1.0639,1.0591,1.0618,0
2020-02-26,1.0619,1.0639,1.0596,1.0626,0
2020-02-27,1.0632,1.0674,1.0615,1.0642,0
2020-02-28,1.0644,1.0664,1.0583,1.0641,0
2020-03-02,1.0625,1.0709,1.0619,1.0677,0
2020-03-03,1.0681,1.0711,1.0627,1.0679,0
2020-03-04,1.0683,1.0706,1.0618,1.0652,0
2020-03-05,1.0656,1.0678,1.0614,1.0623,0
2020-03-06,1.0628,1.0631,1.0572,1.0576,0
2020-03-09,1.0586,1.0643,1.0504,1.0588,0
2020-03-10,1.059,1.0651,1.0572,1.0599,0
2020-03-11,1.0603,1.0619,1.0568,1.0576,0
2020-03-12,1.0581,1.0623,1.0536,1.0553,0
2020-03-13,1.056,1.0623,1.054,1.0545,0
2020-03-16,1.0529,1.0632,1.0527,1.0587,0
2020-03-17,1.0591,1.0618,1.0539,1.0566,0
2020-03-18,1.0568,1.059,1.0526,1.0565,0
2020-03-19,1.0569,1.0611,1.0519,1.0539,0
2020-03-20,1.0543,1.0564,1.052,1.055,0
2020-03-23,1.0547,1.0604,1.0525,1.0555,0
2020-03-24,1.0559,1.0606,1.0552,1.0587,0
2020-03-25,1.0591,1.064,1.0567,1.0626,0
2020-03-26,1.0631,1.0657,1.0611,1.0624,0
2020-03-27,1.0627,1.064,1.056,1.0596,0
2020-03-30,1.0594,1.0648,1.0548,1.0587,0
2020-03-31,1.0588,1.0627,1.0558,1.0597,0
2020-04-01,1.0601,1.0615,1.0554,1.0583,0
2020-04-02,1.0587,1.0603,1.054,1.0569,0
2020-04-03,1.0574,1.0584,1.0539,1.0567,0
2020-04-06,1.0559,1.0584,1.0545,1.056,0
2020-04-07,1.0564,1.0597,1.0553,1.0555,0
2020-04-08,1.0559,1.0576,1.0544,1.0549,0
2020-04-09,1.0552,1.0586,1.0545,1.0552,0
2020-04-10,1.0559,1.0582,1.0548,1.0563,0
2020-04-13,1.0573,1.058,1.0547,1.0555,0
2020-04-14,1.0558,1.0567,1.0532,1.0541,0
2020-04-15,1.0544,1.056,1.0519,1.0519,0
2020-04-16,1.0524,1.0538,1.0504,1.0513,0
2020-04-17,1.0516,1.0537,1.0507,1.0512,0
2020-04-20,1.0517,1.0529,1.0505,1.0511,0
2020-04-21,1.0514,1.0534,1.0508,1.0525,0
2020-04-22,1.0529,1.054,1.051,1.0511,0
2020-04-23,1.0515,1.0534,1.0503,1.0515,0
2020-04-24,1.052,1.054,1.0509,1.0527,0
2020-04-27,1.0545,1.0583,1.0525,1.0559,0
2020-04-28,1.0563,1.0613,1.0543,1.0548,0
2020-04-29,1.0552,1.0612,1.0544,1.0585,0
2020-04-30,1.0586,1.0603,1.0542,1.0574,0
2020-05-01,1.0581,1.0586,1.0549,1.0553,0
2020-05-04,1.0555,1.0565,1.0522,1.0523,0
2020-05-05,1.0526,1.0555,1.0515,1.0537,0
2020-05-06,1.0544,1.056,1.0518,1.0522,0
2020-05-07,1.0525,1.0546,1.0521,1.0537,0
2020-05-08,1.0541,1.0549,1.0517,1.0521,0
2020-05-11,1.0529,1.0546,1.0504,1.0513,0
2020-05-12,1.0516,1.0528,1.051,1.0513,0
2020-05-13,1.0517,1.0537,1.0511,1.0512,0
2020-05-14,1.0517,1.0525,1.05,1.0512,0
2020-05-15,1.0516,1.053,1.0506,1.0506,0
2020-05-18,1.0509,1.0663,1.0498,1.0593,0
2020-05-19,1.0597,1.0658,1.0595,1.0606,0
2020-05-20,1.0616,1.0628,1.0574,1.0592,0
2020-05-21,1.0596,1.0654,1.0582,1.0624,0
2020-05-22,1.0626,1.064,1.0579,1.0582,0
2020-05-25,1.0588,1.0601,1.0574,1.0594,0
2020-05-26,1.0596,1.0635,1.0582,1.06,0
2020-05-27,1.0605,1.0701,1.0586,1.0654,0
2020-05-28,1.0658,1.0699,1.0648,1.0677,0
2020-05-29,1.0683,1.0733,1.0658,1.0667,0
2020-06-01,1.067,1.0712,1.0666,1.0696,0
2020-06-02,1.0702,1.0769,1.0682,1.0746,0
2020-06-03,1.0751,1.0825,1.0741,1.0796,0
2020-06-04,1.0798,1.0865,1.0743,1.0829,0
2020-06-05,1.0834,1.0921,1.0821,1.086,0
2020-06-08,1.0865,1.0895,1.0797,1.0813,0
2020-06-09,1.0819,1.0835,1.0744,1.0776,0
2020-06-10,1.0783,1.0794,1.0721,1.0737,0
2020-06-11,1.0747,1.0759,1.0653,1.0664,0
2020-06-12,1.0668,1.073,1.0652,1.0717,0
2020-06-15,1.0715,1.0755,1.0671,1.0746,0
2020-06-16,1.0747,1.0772,1.0681,1.0711,0
2020-06-17,1.0716,1.0728,1.0656,1.0665,0
2020-06-18,1.0667,1.0696,1.0649,1.0658,0
2020-06-19,1.0661,1.0683,1.0632,1.0642,0
2020-06-22,1.0652,1.0681,1.0633,1.0667,0
2020-06-23,1.0671,1.0714,1.0656,1.0679,0
2020-06-24,1.0682,1.0696,1.0659,1.0662,0
2020-06-25,1.0664,1.0681,1.0632,1.0636,0
2020-06-26,1.0641,1.0653,1.0623,1.0633,0
2020-06-29,1.0643,1.0699,1.0628,1.069,0
2020-06-30,1.0694,1.0706,1.063,1.0637,0
2020-07-01,1.064,1.0664,1.061,1.0639,0
2020-07-02,1.0642,1.0669,1.0616,1.0621,0
2020-07-03,1.0625,1.0644,1.0616,1.0637,0
2020-07-06,1.0637,1.0659,1.0623,1.0651,0
2020-07-07,1.0655,1.0672,1.0617,1.0617,0
2020-07-08,1.0623,1.0647,1.0612,1.0628,0
2020-07-09,1.0631,1.0653,1.0606,1.0606,0
2020-07-10,1.0611,1.0647,1.0603,1.0629,0
2020-07-13,1.0638,1.0706,1.0627,1.0675,0
2020-07-14,1.0678,1.0719,1.0648,1.0707,0
2020-07-15,1.0712,1.079,1.07,1.0772,0
2020-07-16,1.0776,1.0806,1.0746,1.076,0
2020-07-17,1.0762,1.0775,1.0721,1.0722,0
2020-07-20,1.0709,1.078,1.0706,1.0742,0
2020-07-21,1.0748,1.0764,1.072,1.0753,0
2020-07-22,1.0756,1.0798,1.074,1.0752,0
2020-07-23,1.0758,1.0768,1.0714,1.0728,0
2020-07-24,1.0733,1.0752,1.0711,1.0726,0
2020-07-27,1.0724,1.0841,1.0722,1.0807,0
2020-07-28,1.081,1.0831,1.0741,1.0752,0
2020-07-29,1.0756,1.0789,1.0747,1.0757,0
2020-07-30,1.0762,1.0776,1.0729,1.0764,0
2020-07-31,1.0768,1.08,1.0745,1.0749,0
2020-08-03,1.0757,1.0841,1.0726,1.0793,0
2020-08-04,1.0795,1.0818,1.0737,1.0774,0
2020-08-05,1.0777,1.0796,1.0761,1.0773,0
2020-08-06,1.0777,1.0824,1.075,1.0803,0
2020-08-07,1.0805,1.0816,1.0751,1.0752,0
2020-08-10,1.0756,1.0797,1.0743,1.0745,0
2020-08-11,1.0749,1.0795,1.0733,1.0761,0
2020-08-12,1.0763,1.0791,1.0734,1.0743,0
2020-08-13,1.0748,1.0793,1.074,1.0744,0
2020-08-14,1.0749,1.0778,1.0738,1.0763,0
2020-08-17,1.0772,1.0791,1.0742,1.0758,0
2020-08-18,1.0762,1.0796,1.075,1.0779,0
2020-08-19,1.0784,1.0853,1.0769,1.083,0
2020-08-20,1.0835,1.0845,1.0761,1.0763,0
2020-08-21,1.0764,1.0783,1.0731,1.0751,0
2020-08-24,1.0753,1.0777,1.0742,1.0746,0
2020-08-25,1.0752,1.0773,1.0731,1.0738,0
2020-08-26,1.0742,1.0762,1.0728,1.0742,0
2020-08-27,1.0746,1.0763,1.0718,1.0743,0
2020-08-28,1.0747,1.0774,1.0732,1.0758,0
2020-08-31,1.076,1.0796,1.0741,1.0784,0
2020-09-01,1.0786,1.0882,1.0781,1.083,0
2020-09-02,1.0833,1.0855,1.077,1.0792,0
2020-09-03,1.0793,1.0807,1.0754,1.0774,0
2020-09-04,1.0777,1.0828,1.077,1.081,0
2020-09-07,1.0804,1.084,1.0796,1.0823,0
2020-09-08,1.0827,1.0853,1.0797,1.0805,0
2020-09-09,1.0809,1.0821,1.0767,1.0767,0
2020-09-10,1.0769,1.0792,1.0748,1.0755,0
2020-09-11,1.0759,1.0797,1.0751,1.0762,0
2020-09-14,1.0777,1.0783,1.0754,1.0775,0
2020-09-15,1.0782,1.079,1.0751,1.0755,0
2020-09-16,1.0762,1.0771,1.0735,1.0741,0
2020-09-17,1.0746,1.0771,1.0725,1.0761,0
2020-09-18,1.0764,1.0798,1.0755,1.0791,0
2020-09-21,1.0797,1.0803,1.0738,1.076,0
2020-09-22,1.0764,1.0779,1.0743,1.0765,0
2020-09-23,1.0769,1.0788,1.075,1.0771,0
2020-09-24,1.0775,1.0822,1.0751,1.0815,0
2020-09-25,1.0816,1.0826,1.0787,1.0797,0
2020-09-28,1.0806,1.0834,1.0771,1.0782,0
2020-09-29,1.0786,1.082,1.0778,1.0793,0
2020-09-30,1.0796,1.082,1.076,1.079,0
2020-10-01,1.0793,1.081,1.0764,1.0787,0
2020-10-02,1.0791,1.08,1.0765,1.0787,0
2020-10-05,1.0789,1.0797,1.0733,1.0783,0
2020-10-06,1.0785,1.0796,1.0763,1.0766,0
2020-10-07,1.077,1.0799,1.0764,1.0786,0
2020-10-08,1.079,1.0805,1.0777,1.0779,0
2020-10-09,1.0783,1.0795,1.0752,1.0761,0
2020-10-12,1.0755,1.0776,1.0732,1.0739,0
2020-10-13,1.0741,1.0752,1.0723,1.0745,0
2020-10-14,1.0749,1.0757,1.0722,1.0733,0
2020-10-15,1.0734,1.0742,1.0684,1.071,0
2020-10-16,1.0714,1.0732,1.0699,1.0717,0
2020-10-19,1.0723,1.0734,1.0705,1.0709,0
2020-10-20,1.0715,1.0737,1.0702,1.072,0
2020-10-21,1.0724,1.0742,1.0709,1.0735,0
2020-10-22,1.0742,1.0752,1.0716,1.0716,0
2020-10-23,1.0718,1.0735,1.0699,1.0723,0
2020-10-26,1.0731,1.074,1.0705,1.0714,0
2020-10-27,1.0719,1.075,1.0713,1.0716,0
2020-10-28,1.0718,1.0725,1.0672,1.0693,0
2020-10-29,1.0694,1.0706,1.0673,1.0684,0
2020-10-30,1.0687,1.0704,1.0668,1.0677,0
2020-11-02,1.0689,1.0709,1.066,1.0696,0
2020-11-03,1.0697,1.0721,1.0677,1.0677,0
2020-11-04,1.0687,1.072,1.0655,1.0696,0
2020-11-05,1.0705,1.0733,1.0682,1.0688,0
2020-11-06,1.0696,1.0722,1.0669,1.0687,0
2020-11-09,1.0702,1.0812,1.0677,1.0787,0
2020-11-10,1.079,1.0826,1.0779,1.0813,0
2020-11-11,1.0812,1.083,1.078,1.0803,0
2020-11-12,1.0805,1.0814,1.0778,1.0798,0
2020-11-13,1.0802,1.0819,1.0788,1.0798,0
2020-11-16,1.0797,1.0833,1.0784,1.0818,0
2020-11-17,1.0819,1.0826,1.0799,1.0807,0
2020-11-18,1.0811,1.0828,1.0788,1.0796,0
2020-11-19,1.0799,1.0822,1.0788,1.0815,0
2020-11-20,1.0819,1.0829,1.0791,1.0797,0
2020-11-23,1.0802,1.0821,1.079,1.0804,0
2020-11-24,1.0807,1.0853,1.0798,1.0833,0
2020-11-25,1.0835,1.0873,1.0816,1.0817,0
2020-11-26,1.0821,1.0835,1.0789,1.0793,0
2020-11-27,1.0799,1.083,1.079,1.0815,0
2020-11-30,1.0822,1.0863,1.0801,1.0843,0
2020-12-01,1.0845,1.0867,1.083,1.0859,0
2020-12-02,1.0862,1.0874,1.0811,1.0834,0
2020-12-03,1.0836,1.0843,1.0814,1.0817,0
2020-12-04,1.0822,1.0852,1.0795,1.0812,0
2020-12-07,1.0821,1.0823,1.0779,1.078,0
2020-12-08,1.0785,1.0804,1.0757,1.0758,0
2020-12-09,1.0762,1.0786,1.0739,1.0742,0
2020-12-10,1.0746,1.0772,1.0734,1.075,0
2020-12-11,1.0748,1.0792,1.0746,1.077,0
2020-12-14,1.079,1.0799,1.076,1.0762,0
2020-12-15,1.0765,1.0789,1.0756,1.0761,0
2020-12-16,1.0764,1.0809,1.0757,1.08,0
2020-12-17,1.0804,1.0861,1.0788,1.0847,0
2020-12-18,1.0851,1.0862,1.0814,1.0824,0
2020-12-21,1.0814,1.085,1.0795,1.0839,0
2020-12-22,1.0845,1.0857,1.0811,1.0818,0
2020-12-23,1.0822,1.0862,1.0809,1.0818,0
2020-12-24,1.0823,1.087,1.0819,1.0851,0
2020-12-25,1.0857,1.087,1.0817,1.0848,0
2020-12-28,1.0852,1.0896,1.0832,1.086,0
2020-12-29,1.0864,1.0878,1.082,1.083,0
2020-12-30,1.0829,1.0868,1.0826,1.0832,0
2020-12-31,1.0837,1.0848,1.0795,1.081,0
2021-01-01,1.0816,1.0816,1.0785,1.0793,0
2021-01-04,1.0828,1.0835,1.0785,1.0794,0
2021-01-05,1.0796,1.0821,1.0786,1.0798,0
2021-01-06,1.0804,1.084,1.0795,1.0825,0
2021-01-07,1.0829,1.0871,1.0821,1.086,0
2021-01-08,1.0865,1.0874,1.0814,1.0818,0
2021-01-11,1.0819,1.0845,1.0809,1.0814,0
2021-01-12,1.0819,1.0834,1.0804,1.0816,0
2021-01-13,1.0821,1.0828,1.078,1.0791,0
2021-01-14,1.0793,1.0818,1.0774,1.0795,0
2021-01-15,1.08,1.0804,1.0746,1.0758,0
2021-01-18,1.0767,1.0776,1.0737,1.0755,0
2021-01-19,1.0759,1.0784,1.0751,1.0773,0
2021-01-20,1.0778,1.0796,1.0763,1.0767,0
2021-01-21,1.0772,1.0789,1.0754,1.0765,0
2021-01-22,1.0769,1.0788,1.0761,1.077,0
2021-01-25,1.0774,1.079,1.0763,1.078,0
2021-01-26,1.0784,1.0804,1.0769,1.0779,0
2021-01-27,1.0784,1.0795,1.0746,1.0762,0
2021-01-28,1.0764,1.0792,1.0748,1.0772,0
2021-01-29,1.0776,1.0814,1.0756,1.0805,0
2021-02-01,1.0805,1.0831,1.0795,1.0815,0
2021-02-02,1.0816,1.0836,1.0795,1.0804,0
2021-02-03,1.0807,1.0823,1.0792,1.0816,0
2021-02-04,1.082,1.0828,1.0807,1.0817,0
2021-02-05,1.0819,1.0839,1.0805,1.0823,0
2021-02-08,1.0826,1.085,1.0817,1.0826,0
2021-02-09,1.0828,1.0838,1.0803,1.081,0
2021-02-10,1.0814,1.0825,1.0783,1.0783,0
2021-02-11,1.0788,1.081,1.0784,1.0791,0
2021-02-12,1.0796,1.0813,1.0783,1.0802,0
2021-02-15,1.0807,1.0822,1.0792,1.0795,0
2021-02-16,1.0798,1.0811,1.0785,1.0799,0
2021-02-17,1.0802,1.0828,1.0792,1.0816,0
2021-02-18,1.082,1.084,1.0816,1.0827,0
2021-02-19,1.0833,1.0872,1.0829,1.0859,0
2021-02-22,1.0863,1.0922,1.0844,1.089,0
2021-02-23,1.0895,1.1002,1.0888,1.0995,0
2021-02-24,1.0999,1.1058,1.0987,1.1022,0
2021-02-25,1.1027,1.11,1.1011,1.1011,0
2021-02-26,1.1013,1.1027,1.0955,1.0966,0
2021-03-01,1.0972,1.1034,1.0936,1.1021,0
2021-03-02,1.1026,1.1062,1.1,1.1058,0
2021-03-03,1.1066,1.1101,1.1048,1.1093,0
2021-03-04,1.1097,1.1156,1.1074,1.111,0
2021-03-05,1.1114,1.1132,1.1052,1.1094,0
2021-03-08,1.11,1.1108,1.1069,1.1091,0
2021-03-09,1.1097,1.1123,1.1032,1.1035,0
2021-03-10,1.104,1.1095,1.1028,1.1085,0
2021-03-11,1.1089,1.1105,1.1049,1.1076,0
2021-03-12,1.1077,1.1119,1.1071,1.1112,0
2021-03-15,1.1108,1.1114,1.1057,1.106,0
2021-03-16,1.1063,1.108,1.1002,1.1002,0
2021-03-17,1.101,1.1064,1.1001,1.1049,0
2021-03-18,1.1052,1.1088,1.1028,1.1044,0
2021-03-19,1.1047,1.108,1.1036,1.106,0
2021-03-22,1.1054,1.1069,1.1005,1.1018,0
2021-03-23,1.102,1.1084,1.1012,1.1065,0
2021-03-24,1.1068,1.1082,1.1047,1.105,0
2021-03-25,1.1054,1.1077,1.1041,1.1058,0
2021-03-26,1.1059,1.1097,1.1049,1.1072,0
2021-03-29,1.1076,1.1083,1.1035,1.1045,0
2021-03-30,1.105,1.1071,1.1033,1.1035,0
2021-03-31,1.1039,1.1093,1.1034,1.1064,0
2021-04-01,1.1069,1.1121,1.1063,1.1092,0
2021-04-02,1.1097,1.1103,1.1071,1.1081,0
2021-04-05,1.1083,1.1099,1.1048,1.106,0
2021-04-06,1.1065,1.109,1.1043,1.1053,0
2021-04-07,1.1057,1.1089,1.102,1.1032,0
2021-04-08,1.1032,1.1044,1.1,1.1015,0
2021-04-09,1.1019,1.1022,1.0991,1.1006,0
2021-04-12,1.0999,1.1025,1.0974,1.0985,0
2021-04-13,1.0989,1.1016,1.0981,1.1001,0
2021-04-14,1.1004,1.1063,1.0993,1.105,0
2021-04-15,1.1051,1.1068,1.1027,1.1039,0
2021-04-16,1.1043,1.105,1.1,1.1024,0
2021-04-19,1.1018,1.1037,1.0991,1.101,0
2021-04-20,1.1014,1.1051,1.1007,1.102,0
2021-04-21,1.1026,1.1045,1.1007,1.1034,0
2021-04-22,1.1037,1.105,1.1012,1.1013,0
2021-04-23,1.1014,1.1058,1.1014,1.1051,0
2021-04-26,1.1061,1.1073,1.104,1.1041,0
2021-04-27,1.1044,1.1065,1.1022,1.1042,0
2021-04-28,1.1046,1.1078,1.1019,1.1025,0
2021-04-29,1.103,1.1046,1.1007,1.1007,0
2021-04-30,1.1007,1.1033,1.0971,1.0976,0
2021-05-03,1.0991,1.102,1.0969,1.0986,0
2021-05-04,1.0991,1.1015,1.0963,1.0974,0
2021-05-05,1.0977,1.0992,1.0951,1.0958,0
2021-05-06,1.0961,1.0976,1.0941,1.0946,0
2021-05-07,1.0947,1.0986,1.0934,1.0959,0
2021-05-10,1.0951,1.101,1.0928,1.0929,0
2021-05-11,1.0929,1.0991,1.0924,1.0974,0
2021-05-12,1.0978,1.0988,1.0945,1.0974,0
2021-05-13,1.0976,1.0989,1.0935,1.0941,0
2021-05-14,1.0946,1.0965,1.0932,1.0939,0
2021-05-17,1.0942,1.098,1.094,1.0975,0
2021-05-18,1.0978,1.0986,1.0948,1.0969,0
2021-05-19,1.0973,1.103,1.0963,1.1001,0
2021-05-20,1.1003,1.1023,1.0968,1.0968,0
2021-05-21,1.0973,1.0982,1.0931,1.0932,0
2021-05-24,1.0936,1.0968,1.0929,1.0957,0
2021-05-25,1.0958,1.0988,1.0947,1.0967,0
2021-05-26,1.0971,1.0977,1.0937,1.0945,0
2021-05-27,1.0949,1.098,1.0932,1.0932,0
2021-05-28,1.0935,1.0979,1.0929,1.0968,0
2021-05-31,1.0971,1.1,1.0961,1.0987,0
2021-06-01,1.0997,1.1005,1.0951,1.0951,0
2021-06-02,1.0956,1.0985,1.0949,1.0959,0
2021-06-03,1.0962,1.0983,1.0952,1.0953,0
2021-06-04,1.0959,1.097,1.0933,1.0939,0
2021-06-07,1.0936,1.0955,1.0927,1.0938,0
2021-06-08,1.0941,1.0951,1.0908,1.0913,0
2021-06-09,1.0917,1.093,1.0902,1.0907,0
2021-06-10,1.0911,1.0928,1.0883,1.0883,0
2021-06-11,1.0886,1.0905,1.0868,1.087,0
2021-06-14,1.0876,1.0911,1.0869,1.0903,0
2021-06-15,1.0907,1.0913,1.0885,1.0886,0
2021-06-16,1.0891,1.0915,1.0865,1.0897,0
2021-06-17,1.0901,1.0934,1.0888,1.0921,0
2021-06-18,1.0926,1.0958,1.0916,1.094,0
2021-06-21,1.0949,1.0968,1.0892,1.0933,0
2021-06-22,1.0939,1.097,1.0933,1.0957,0
2021-06-23,1.0958,1.0971,1.0946,1.0955,0
2021-06-24,1.096,1.0979,1.0946,1.0946,0
2021-06-25,1.0949,1.0966,1.094,1.0949,0
2021-06-28,1.0955,1.0974,1.0942,1.0962,0
2021-06-29,1.0966,1.0977,1.0949,1.0951,0
2021-06-30,1.0953,1.0985,1.0951,1.0965,0
2021-07-01,1.0971,1.099,1.0959,1.0961,0
2021-07-02,1.0965,1.0976,1.092,1.0921,0
2021-07-05,1.0922,1.0953,1.0921,1.0935,0
2021-07-06,1.0939,1.0949,1.0919,1.0925,0
2021-07-07,1.0928,1.0942,1.0908,1.0908,0
2021-07-08,1.0913,1.0926,1.0824,1.0841,0
2021-07-09,1.0845,1.0871,1.083,1.085,0
2021-07-12,1.085,1.0872,1.0842,1.085,0
2021-07-13,1.0855,1.0865,1.0813,1.0813,0
2021-07-14,1.0818,1.0854,1.081,1.0828,0
2021-07-15,1.0832,1.0851,1.0803,1.0839,0
2021-07-16,1.0843,1.0869,1.0831,1.0851,0
2021-07-19,1.0853,1.0869,1.0824,1.0829,0
2021-07-20,1.0833,1.0862,1.0818,1.0857,0
2021-07-21,1.0862,1.0864,1.0819,1.0819,0
2021-07-22,1.0824,1.0843,1.0811,1.0814,0
2021-07-23,1.0816,1.0848,1.0811,1.0818,0
2021-07-26,1.0826,1.0841,1.0805,1.0807,0
2021-07-27,1.0813,1.0825,1.0795,1.0802,0
2021-07-28,1.0806,1.0821,1.0769,1.0775,0
2021-07-29,1.078,1.0797,1.0762,1.0771,0
2021-07-30,1.0774,1.0783,1.074,1.0747,0
2021-08-02,1.0744,1.077,1.0739,1.0744,0
2021-08-03,1.0747,1.0758,1.0717,1.0717,0
2021-08-04,1.0723,1.0743,1.0711,1.0731,0
2021-08-05,1.0734,1.0745,1.0719,1.0736,0
2021-08-06,1.0737,1.0768,1.0703,1.0753,0
2021-08-09,1.0757,1.0808,1.0744,1.0804,0
2021-08-10,1.0807,1.0822,1.079,1.0811,0
2021-08-11,1.0815,1.0829,1.0805,1.0819,0
2021-08-12,1.0824,1.0842,1.0813,1.0828,0
2021-08-13,1.0829,1.0843,1.0791,1.0793,0
2021-08-16,1.0798,1.0813,1.0733,1.0741,0
2021-08-17,1.0742,1.0759,1.0699,1.0707,0
2021-08-18,1.071,1.076,1.07,1.0736,0
2021-08-19,1.074,1.0752,1.0695,1.0725,0
2021-08-20,1.0728,1.074,1.0698,1.0726,0
2021-08-23,1.0722,1.076,1.0712,1.0712,0
2021-08-24,1.0717,1.0737,1.0698,1.0721,0
2021-08-25,1.0725,1.0761,1.072,1.0753,0
2021-08-26,1.0758,1.0809,1.0741,1.0782,0
2021-08-27,1.0786,1.0804,1.074,1.0745,0
2021-08-30,1.0752,1.0827,1.0743,1.0814,0
2021-08-31,1.0817,1.0835,1.078,1.0803,0
2021-09-01,1.0805,1.0854,1.0804,1.0832,0
2021-09-02,1.0837,1.0868,1.0832,1.0853,0
2021-09-03,1.0857,1.0878,1.0839,1.0854,0
2021-09-06,1.0856,1.0883,1.085,1.0857,0
2021-09-07,1.0861,1.0893,1.0843,1.0885,0
2021-09-08,1.089,1.0903,1.0862,1.0892,0
2021-09-09,1.0896,1.09,1.0834,1.0841,0
2021-09-10,1.0846,1.0864,1.0832,1.0841,0
2021-09-13,1.0842,1.0898,1.0836,1.0888,0
2021-09-14,1.0894,1.0906,1.0853,1.086,0
2021-09-15,1.0866,1.0874,1.0838,1.0865,0
2021-09-16,1.0869,1.0921,1.0856,1.0911,0
2021-09-17,1.0912,1.0941,1.0903,1.0931,0
2021-09-20,1.0928,1.0941,1.0873,1.0876,0
2021-09-21,1.0882,1.089,1.0814,1.0824,0
2021-09-22,1.0829,1.0849,1.0812,1.0822,0
2021-09-23,1.0825,1.0863,1.0819,1.0844,0
2021-09-24,1.0848,1.0868,1.0819,1.0832,0
2021-09-27,1.0834,1.0868,1.0821,1.0823,0
2021-09-28,1.0827,1.0863,1.0823,1.0854,0
2021-09-29,1.0862,1.0867,1.082,1.0839,0
2021-09-30,1.0841,1.0849,1.0783,1.0788,0
2021-10-01,1.0791,1.081,1.077,1.0793,0
2021-10-04,1.0807,1.0817,1.0732,1.0745,0
2021-10-05,1.075,1.077,1.0732,1.0758,0
2021-10-06,1.0767,1.0775,1.0706,1.0715,0
2021-10-07,1.0717,1.0738,1.07,1.0729,0
2021-10-08,1.0731,1.0754,1.0718,1.0724,0
2021-10-11,1.0727,1.0749,1.0707,1.0714,0
2021-10-12,1.0719,1.0744,1.0706,1.0727,0
2021-10-13,1.073,1.0742,1.0706,1.0713,0
2021-10-14,1.0716,1.0721,1.0678,1.0705,0
2021-10-15,1.0706,1.0742,1.07,1.07,0
2021-10-18,1.0718,1.0738,1.0702,1.0723,0
2021-10-19,1.0727,1.0743,1.0709,1.0734,0
2021-10-20,1.0738,1.0769,1.0703,1.0703,0
2021-10-21,1.0705,1.072,1.0669,1.067,0
2021-10-22,1.0673,1.0685,1.0657,1.0666,0
2021-10-25,1.0671,1.0695,1.0655,1.0675,0
2021-10-26,1.0676,1.0706,1.066,1.0669,0
2021-10-27,1.0675,1.0682,1.0635,1.0652,0
2021-10-28,1.0655,1.0674,1.0639,1.0648,0
2021-10-29,1.0651,1.0659,1.0568,1.0585,0
2021-11-01,1.0596,1.0607,1.0546,1.0547,0
2021-11-02,1.0552,1.0606,1.0544,1.0586,0
2021-11-03,1.059,1.0601,1.0551,1.0584,0
2021-11-04,1.0588,1.0597,1.0534,1.0541,0
2021-11-05,1.0546,1.0581,1.0532,1.0549,0
2021-11-08,1.056,1.0601,1.0541,1.0578,0
2021-11-09,1.0581,1.0601,1.0552,1.0561,0
2021-11-10,1.0566,1.0576,1.0531,1.0531,0
2021-11-11,1.0539,1.0577,1.0532,1.0542,0
2021-11-12,1.0542,1.0575,1.0533,1.0549,0
2021-11-15,1.0553,1.0556,1.0509,1.0514,0
2021-11-16,1.0518,1.0553,1.0505,1.0524,0
2021-11-17,1.0526,1.0547,1.0502,1.0506,0
2021-11-18,1.0509,1.0534,1.0496,1.0528,0
2021-11-19,1.0532,1.0547,1.0446,1.0476,0
2021-11-22,1.0486,1.0491,1.0446,1.0481,0
2021-11-23,1.0484,1.0515,1.0462,1.0491,0
2021-11-24,1.0495,1.0507,1.0454,1.0463,0
2021-11-25,1.0469,1.0496,1.0455,1.0488,0
2021-11-26,1.0493,1.0501,1.0426,1.0456,0
2021-11-29,1.046,1.046,1.0412,1.042,0
2021-11-30,1.0422,1.0443,1.0385,1.0413,0
2021-12-01,1.0414,1.0435,1.04,1.0418,0
2021-12-02,1.0418,1.0436,1.0395,1.0397,0
2021-12-03,1.0398,1.0411,1.0371,1.0383,0
2021-12-06,1.0377,1.0449,1.0357,1.0445,0
2021-12-07,1.0445,1.0448,1.0399,1.0422,0
2021-12-08,1.0421,1.0455,1.0412,1.0438,0
2021-12-09,1.0436,1.0454,1.0416,1.0425,0
2021-12-10,1.0425,1.0447,1.0405,1.0416,0
2021-12-13,1.042,1.0447,1.0398,1.0409,0
2021-12-14,1.0409,1.0419,1.0384,1.04,0
2021-12-15,1.04,1.0443,1.039,1.0436,0
2021-12-16,1.0435,1.0467,1.0405,1.0412,0
2021-12-17,1.0409,1.0424,1.0379,1.0381,0
2021-12-20,1.0386,1.0416,1.0376,1.0384,0
2021-12-21,1.0383,1.0427,1.0381,1.0421,0
2021-12-22,1.0415,1.0434,1.0411,1.0416,0
2021-12-23,1.0416,1.0432,1.0388,1.0403,0
2021-12-24,1.0403,1.0415,1.0381,1.0404,0
2021-12-27,1.0399,1.0412,1.0383,1.039,0
2021-12-28,1.0388,1.0398,1.0364,1.0375,0
2021-12-29,1.0375,1.0383,1.0358,1.0378,0
2021-12-30,1.0379,1.0384,1.0339,1.0339,0
2021-12-31,1.0337,1.038,1.0322,1.037,0
2022-01-03,1.0356,1.039,1.0336,1.038,0
2022-01-04,1.0382,1.0385,1.033,1.0334,0
2022-01-05,1.0338,1.0391,1.0326,1.0372,0
2022-01-06,1.0372,1.0412,1.0367,1.04,0
2022-01-07,1.04,1.045,1.0397,1.0437,0
2022-01-10,1.0439,1.0505,1.0421,1.0498,0
2022-01-11,1.0498,1.0511,1.0485,1.0493,0
2022-01-12,1.0492,1.0506,1.0433,1.0459,0
2022-01-13,1.0458,1.0487,1.042,1.0434,0
2022-01-14,1.0436,1.0447,1.0414,1.0431,0
2022-01-17,1.0427,1.045,1.041,1.0424,0
2022-01-18,1.0424,1.0439,1.0376,1.0388,0
2022-01-19,1.0388,1.0402,1.037,1.0383,0
2022-01-20,1.0383,1.0394,1.0364,1.0364,0
2022-01-21,1.0365,1.038,1.033,1.0333,0
2022-01-24,1.0353,1.0358,1.0295,1.0345,0
2022-01-25,1.0346,1.0386,1.034,1.0374,0
2022-01-26,1.0374,1.04,1.0362,1.0382,0
2022-01-27,1.0383,1.0398,1.0364,1.0369,0
2022-01-28,1.0367,1.0391,1.0354,1.0371,0
2022-01-31,1.0371,1.0441,1.0359,1.0412,0
2022-02-01,1.0413,1.0417,1.0358,1.0383,0
2022-02-02,1.0382,1.0406,1.0373,1.038,0
2022-02-03,1.0381,1.0542,1.0377,1.052,0
2022-02-04,1.0516,1.0603,1.0512,1.0592,0
2022-02-07,1.0588,1.0609,1.0546,1.0572,0
2022-02-08,1.0574,1.0574,1.0524,1.0555,0
2022-02-09,1.0555,1.0567,1.0538,1.0557,0
2022-02-10,1.0562,1.061,1.0546,1.0572,0
2022-02-11,1.0572,1.0581,1.0477,1.0505,0
2022-02-14,1.0499,1.0513,1.0433,1.045,0
2022-02-15,1.045,1.053,1.044,1.0509,0
2022-02-16,1.0511,1.0549,1.0479,1.0493,0
2022-02-17,1.0493,1.0494,1.0443,1.0452,0
2022-02-18,1.0452,1.0482,1.042,1.0432,0
2022-02-21,1.0419,1.0466,1.035,1.0355,0
2022-02-22,1.0356,1.0461,1.0334,1.0435,0
2022-02-23,1.0435,1.0459,1.0371,1.0383,0
2022-02-24,1.0385,1.0386,1.0273,1.0362,0
2022-02-25,1.0362,1.0447,1.0328,1.0422,0
2022-02-28,1.0339,1.038,1.0272,1.0283,0
2022-03-01,1.0282,1.0298,1.0194,1.0218,0
2022-03-02,1.0216,1.0265,1.0155,1.0237,0
2022-03-03,1.0232,1.0241,1.0144,1.0147,0
2022-03-04,1.015,1.0157,1.0011,1.0014,0
2022-03-07,1.0037,1.0098,0.9967,1.0042,0
2022-03-08,1.0042,1.0177,1.004,1.0125,0
2022-03-09,1.0127,1.0271,1.0117,1.0258,0
2022-03-10,1.0256,1.0301,1.0201,1.0214,0
2022-03-11,1.0213,1.0279,1.0182,1.0196,0
2022-03-14,1.0225,1.0288,1.0183,1.0266,0
2022-03-15,1.0265,1.0336,1.0252,1.0305,0
2022-03-16,1.0308,1.0385,1.0299,1.0372,0
2022-03-17,1.0374,1.0403,1.0356,1.0388,0
2022-03-18,1.0388,1.04,1.0288,1.0293,0
2022-03-21,1.0297,1.0322,1.0259,1.0282,0
2022-03-22,1.0283,1.0301,1.026,1.0284,0
2022-03-23,1.0283,1.0315,1.0234,1.0239,0
2022-03-24,1.0237,1.0269,1.021,1.0225,0
2022-03-25,1.0228,1.0238,1.0191,1.0216,0
2022-03-28,1.0218,1.03,1.0205,1.0251,0
2022-03-29,1.0251,1.0384,1.0246,1.0323,0
2022-03-30,1.0323,1.0332,1.0285,1.03,0
2022-03-31,1.0299,1.0325,1.0202,1.0209,0
2022-04-01,1.0207,1.0243,1.0196,1.0228,0
2022-04-04,1.0211,1.0239,1.0151,1.016,0
2022-04-05,1.016,1.0171,1.0127,1.0138,0
2022-04-06,1.0133,1.0205,1.0126,1.0165,0
2022-04-07,1.0164,1.0198,1.0142,1.016,0
2022-04-08,1.0159,1.0179,1.0134,1.0165,0
2022-04-11,1.0218,1.0234,1.0116,1.0131,0
2022-04-12,1.0127,1.0155,1.0084,1.0102,0
2022-04-13,1.0102,1.0181,1.0083,1.0172,0
2022-04-14,1.0173,1.0213,1.0135,1.0202,0
2022-04-15,1.02,1.0214,1.0165,1.0185,0
2022-04-18,1.0194,1.02,1.0169,1.0184,0
2022-04-19,1.0185,1.0276,1.0173,1.0264,0
2022-04-20,1.0264,1.03,1.0242,1.0289,0
2022-04-21,1.0291,1.037,1.0281,1.0325,0
2022-04-22,1.0325,1.0351,1.0303,1.0331,0
2022-04-25,1.0375,1.0376,1.024,1.0277,0
2022-04-26,1.0277,1.029,1.0207,1.0234,0
2022-04-27,1.0236,1.0258,1.0193,1.0227,0
2022-04-28,1.0227,1.0242,1.0184,1.0205,0
2022-04-29,1.0201,1.0269,1.0185,1.0261,0
2022-05-02,1.0267,1.0291,1.0223,1.027,0
2022-05-03,1.0272,1.0315,1.025,1.0297,0
2022-05-04,1.0291,1.0386,1.0279,1.0324,0
2022-05-05,1.0324,1.0394,1.0312,1.038,0
2022-05-06,1.0379,1.0453,1.0327,1.0432,0
2022-05-09,1.0431,1.0496,1.0408,1.0487,0
2022-05-10,1.0489,1.0515,1.0451,1.0485,0
2022-05-11,1.0486,1.0493,1.0407,1.0451,0
2022-05-12,1.045,1.0477,1.0357,1.0409,0
2022-05-13,1.0407,1.0436,1.0375,1.0429,0
2022-05-16,1.0422,1.0489,1.0409,1.045,0
2022-05-17,1.0451,1.0486,1.0426,1.0477,0
2022-05-18,1.0481,1.0496,1.0326,1.0337,0
2022-05-19,1.0339,1.0359,1.0225,1.0301,0
2022-05-20,1.03,1.0313,1.0249,1.0296,0
2022-05-23,1.0306,1.0337,1.0259,1.0322,0
2022-05-24,1.0322,1.0349,1.0281,1.0307,0
2022-05-25,1.0308,1.0313,1.0233,1.0269,0
2022-05-26,1.0272,1.0311,1.0243,1.0288,0
2022-05-27,1.0288,1.0318,1.0229,1.0266,0
2022-05-30,1.0273,1.0336,1.0263,1.0317,0
2022-05-31,1.0317,1.0337,1.0252,1.0295,0
2022-06-01,1.0294,1.0317,1.024,1.0258,0
2022-06-02,1.0256,1.0301,1.0215,1.0296,0
2022-06-03,1.0294,1.0328,1.0277,1.0316,0
2022-06-06,1.0311,1.039,1.0303,1.0377,0
2022-06-07,1.0376,1.0437,1.0368,1.041,0
2022-06-08,1.0409,1.0495,1.04,1.0478,0
2022-06-09,1.0478,1.0514,1.0369,1.0406,0
2022-06-10,1.0407,1.0416,1.0369,1.0379,0
2022-06-13,1.0378,1.041,1.0358,1.0381,0
2022-06-14,1.0384,1.0452,1.0336,1.0429,0
2022-06-15,1.043,1.0478,1.0376,1.038,0
2022-06-16,1.0381,1.0416,1.0124,1.0196,0
2022-06-17,1.0195,1.0222,1.0094,1.0185,0
2022-06-20,1.0153,1.0194,1.0129,1.0165,0
2022-06-21,1.0165,1.0218,1.0161,1.0166,0
2022-06-22,1.0168,1.0188,1.0127,1.0157,0
2022-06-23,1.0157,1.0167,1.0064,1.0115,0
2022-06-24,1.0116,1.0139,1.0045,1.0109,0
2022-06-27,1.0108,1.0156,1.0097,1.0115,0
2022-06-28,1.0115,1.0133,1.0052,1.0067,0
2022-06-29,1.0065,1.0076,0.996,0.9971,0
2022-06-30,0.9971,1.0012,0.994,1.0009,0
2022-07-01,1.0006,1.0042,0.9972,1.0004,0
2022-07-04,0.9998,1.0047,0.9975,1.0014,0
2022-07-05,1.0016,1.0031,0.9918,0.9941,0
2022-07-06,0.9941,0.9949,0.987,0.988,0
2022-07-07,0.9881,0.9932,0.9869,0.9892,0
2022-07-08,0.9891,0.9954,0.9861,0.9941,0
2022-07-11,0.993,0.9949,0.9851,0.9867,0
2022-07-12,0.9866,0.9899,0.9832,0.9852,0
2022-07-13,0.9851,0.9885,0.9795,0.9846,0
2022-07-14,0.9845,0.9885,0.982,0.9854,0
2022-07-15,0.9854,0.9886,0.9823,0.9846,0
2022-07-18,0.9842,0.9933,0.9834,0.9912,0
2022-07-19,0.9916,0.9946,0.9892,0.9902,0
2022-07-20,0.9902,0.9945,0.9872,0.9885,0
2022-07-21,0.9884,0.9964,0.986,0.9885,0
2022-07-22,0.9887,0.9889,0.9806,0.9815,0
2022-07-25,0.9815,0.9882,0.9803,0.9856,0
2022-07-26,0.9854,0.9867,0.9734,0.9736,0
2022-07-27,0.9737,0.9797,0.9734,0.9791,0
2022-07-28,0.9792,0.9804,0.9703,0.9733,0
2022-07-29,0.9735,0.9753,0.9693,0.9721,0
2022-08-01,0.972,0.976,0.9709,0.9743,0
2022-08-02,0.9742,0.9763,0.9714,0.9731,0
2022-08-03,0.9733,0.9783,0.9718,0.9762,0
2022-08-04,0.9763,0.9797,0.9756,0.9785,0
2022-08-05,0.9784,0.9801,0.9748,0.9785,0
2022-08-08,0.9781,0.9794,0.9713,0.9736,0
2022-08-09,0.9737,0.9766,0.9722,0.9736,0
2022-08-10,0.9737,0.9762,0.9701,0.9703,0
2022-08-11,0.9703,0.9731,0.9691,0.9705,0
2022-08-12,0.9702,0.972,0.9649,0.9656,0
2022-08-15,0.9652,0.9663,0.9609,0.9614,0
2022-08-16,0.9614,0.9679,0.96,0.9654,0
2022-08-17,0.9652,0.9701,0.9646,0.9687,0
2022-08-18,0.9686,0.97,0.964,0.9652,0
2022-08-19,0.9653,0.9669,0.9608,0.9622,0
2022-08-22,0.961,0.9631,0.9566,0.9587,0
2022-08-23,0.9589,0.9647,0.9549,0.9606,0
2022-08-24,0.9608,0.965,0.9553,0.963,0
2022-08-25,0.9631,0.9656,0.9597,0.9611,0
2022-08-26,0.9611,0.9675,0.9597,0.9625,0
2022-08-29,0.9646,0.9698,0.9607,0.9676,0
2022-08-30,0.9675,0.9773,0.9661,0.9751,0
2022-08-31,0.9752,0.9835,0.9734,0.983,0
2022-09-01,0.9826,0.9835,0.9755,0.9765,0
2022-09-02,0.9765,0.9867,0.9753,0.9756,0
2022-09-05,0.9753,0.9758,0.9706,0.9724,0
2022-09-06,0.9724,0.9788,0.971,0.9748,0
2022-09-07,0.9747,0.978,0.9725,0.9767,0
2022-09-08,0.9763,0.9782,0.9656,0.9704,0
2022-09-09,0.9706,0.9728,0.9627,0.9636,0
2022-09-12,0.9674,0.9744,0.963,0.9647,0
2022-09-13,0.9649,0.9682,0.9579,0.9582,0
2022-09-14,0.9584,0.9627,0.9576,0.9601,0
2022-09-15,0.9605,0.9618,0.9527,0.9616,0
2022-09-16,0.9615,0.9665,0.9574,0.966,0
2022-09-19,0.9656,0.9672,0.9629,0.9663,0
2022-09-20,0.9664,0.9682,0.9598,0.9611,0
2022-09-21,0.9612,0.962,0.9501,0.9501,0
2022-09-22,0.9503,0.9716,0.9456,0.9603,0
2022-09-23,0.9607,0.9622,0.9494,0.9515,0
2022-09-26,0.9509,0.9576,0.9417,0.9542,0
2022-09-27,0.9543,0.9562,0.9478,0.9509,0
2022-09-28,0.9509,0.9524,0.9428,0.9501,0
2022-09-29,0.9497,0.9591,0.9463,0.9575,0
2022-09-30,0.9575,0.9681,0.9533,0.967,0
2022-10-03,0.9671,0.9765,0.964,0.9742,0
2022-10-04,0.9743,0.98,0.973,0.9774,0
2022-10-05,0.9775,0.9798,0.9694,0.972,0
2022-10-06,0.9715,0.974,0.9689,0.9697,0
2022-10-07,0.9698,0.972,0.9671,0.9685,0
2022-10-10,0.9679,0.9731,0.9656,0.9697,0
2022-10-11,0.9696,0.9715,0.9663,0.9672,0
2022-10-12,0.9675,0.9692,0.9639,0.9678,0
2022-10-13,0.9675,0.9796,0.9671,0.978,0
2022-10-14,0.9778,0.9793,0.9736,0.9769,0
2022-10-17,0.9774,0.981,0.9737,0.9802,0
2022-10-18,0.98,0.982,0.9773,0.9797,0
2022-10-19,0.9794,0.9832,0.9786,0.9811,0
2022-10-20,0.9812,0.9852,0.9807,0.9816,0
2022-10-21,0.9816,0.9884,0.9811,0.9836,0
2022-10-24,0.9841,0.9892,0.9815,0.9876,0
2022-10-25,0.9874,0.9926,0.9867,0.9912,0
2022-10-26,0.9912,0.9948,0.9891,0.9941,0
2022-10-27,0.9942,0.9957,0.9866,0.9868,0
2022-10-28,0.987,0.9946,0.9862,0.9924,0
2022-10-31,0.9907,0.9942,0.9875,0.9894,0
2022-11-01,0.9891,0.9923,0.9847,0.9871,0
2022-11-02,0.9872,0.9912,0.9841,0.9844,0
2022-11-03,0.9845,0.9895,0.9825,0.9878,0
2022-11-04,0.9876,0.9906,0.9823,0.9898,0
2022-11-07,0.9848,0.992,0.9848,0.9899,0
2022-11-08,0.99,0.9937,0.9877,0.9928,0
2022-11-09,0.9928,0.9937,0.9847,0.9852,0
2022-11-10,0.9851,0.9923,0.9815,0.9836,0
2022-11-11,0.9835,0.9875,0.9727,0.9748,0
2022-11-14,0.9761,0.9778,0.9707,0.9735,0
2022-11-15,0.9734,0.9841,0.9719,0.9769,0
2022-11-16,0.9764,0.9822,0.9753,0.9813,0
2022-11-17,0.9814,0.9873,0.98,0.9858,0
2022-11-18,0.9858,0.989,0.984,0.9855,0
2022-11-21,0.9859,0.9859,0.9794,0.9821,0
2022-11-22,0.9821,0.9832,0.9758,0.9805,0
2022-11-23,0.9806,0.9836,0.9761,0.9797,0
2022-11-24,0.9798,0.9835,0.9791,0.9816,0
2022-11-25,0.9815,0.9858,0.981,0.9826,0
2022-11-28,0.9812,0.989,0.9787,0.9811,0
2022-11-29,0.9809,0.9871,0.9807,0.985,0
2022-11-30,0.985,0.9873,0.9784,0.984,0
2022-12-01,0.984,0.9887,0.9814,0.9859,0
2022-12-02,0.9858,0.9885,0.9782,0.9871,0
2022-12-05,0.9849,0.9911,0.9847,0.9886,0
2022-12-06,0.9882,0.9909,0.9851,0.9858,0
2022-12-07,0.9857,0.9898,0.9833,0.9881,0
2022-12-08,0.9882,0.99,0.9859,0.9885,0
2022-12-09,0.9886,0.989,0.9815,0.9838,0
2022-12-12,0.9834,0.9873,0.9828,0.9861,0
2022-12-13,0.9861,0.9928,0.9829,0.9873,0
2022-12-14,0.9874,0.9889,0.9827,0.9874,0
2022-12-15,0.9874,0.9916,0.9834,0.9862,0
2022-12-16,0.986,0.9906,0.9849,0.9878,0
2022-12-19,0.9874,0.9912,0.9846,0.9846,0
2022-12-20,0.9846,0.9867,0.9821,0.9835,0
2022-12-21,0.9833,0.9859,0.9816,0.9825,0
2022-12-22,0.9827,0.987,0.9812,0.9862,0
2022-12-23,0.9863,0.9924,0.9856,0.9906,0
2022-12-26,0.9907,0.9926,0.9885,0.991,0
2022-12-27,0.9911,0.9925,0.987,0.9881,0
2022-12-28,0.9882,0.9905,0.9838,0.9854,0
2022-12-29,0.9852,0.9864,0.9819,0.984,0
2022-12-30,0.9841,0.99,0.9825,0.9893,0
2023-01-02,0.9892,0.9897,0.9848,0.9862,0
2023-01-03,0.9862,0.9906,0.9835,0.9874,0
2023-01-04,0.9873,0.9879,0.9827,0.9851,0
2023-01-05,0.9849,0.9874,0.9825,0.9848,0
2023-01-06,0.9844,0.9896,0.9843,0.987,0
2023-01-09,0.9862,0.9892,0.9848,0.9884,0
2023-01-10,0.9879,0.9914,0.987,0.99,0
2023-01-11,0.99,1.0024,0.9893,1.0012,0
2023-01-12,1.0012,1.0081,1.0006,1.0064,0
2023-01-13,1.0062,1.0097,1.0014,1.0032,0
2023-01-16,1.0032,1.0047,0.9996,1.0021,0
2023-01-17,1.0019,1.0027,0.993,0.9945,0
2023-01-18,0.9943,0.9967,0.9871,0.9885,0
2023-01-19,0.9888,0.9932,0.9869,0.992,0
2023-01-20,0.9914,1.0003,0.9912,0.999,0
2023-01-23,0.9983,1.0033,0.998,1.0017,0
2023-01-24,1.0019,1.0069,0.9988,1.003,0
2023-01-25,1.0036,1.0068,1.0007,1.0017,0
2023-01-26,1.0018,1.0028,0.9983,1.002,0
2023-01-27,1.0021,1.0038,0.9991,1.0005,0
2023-01-30,1.001,1.0062,0.9989,1.0029,0
2023-01-31,1.0033,1.0053,0.994,0.9951,0
2023-02-01,0.9951,1.0013,0.9942,0.998,0
2023-02-02,0.9979,1.0005,0.9929,0.996,0
2023-02-03,0.9963,1.0034,0.9948,0.9992,0
2023-02-06,0.9988,1.0013,0.9935,0.996,0
2023-02-07,0.9956,0.9961,0.9866,0.9888,0
2023-02-08,0.9887,0.9896,0.9858,0.9861,0
2023-02-09,0.9861,0.9906,0.9856,0.9901,0
2023-02-10,0.9901,0.991,0.9856,0.9862,0
2023-02-13,0.9855,0.9878,0.9841,0.9855,0
2023-02-14,0.9854,0.9897,0.9835,0.9888,0
2023-02-15,0.989,0.9911,0.9857,0.9872,0
2023-02-16,0.9877,0.9888,0.986,0.987,0
2023-02-17,0.9874,0.9926,0.987,0.9887,0
2023-02-20,0.9879,0.9902,0.9851,0.9864,0
2023-02-21,0.9866,0.9902,0.9843,0.9876,0
2023-02-22,0.9874,0.9895,0.9855,0.9872,0
2023-02-23,0.9874,0.9907,0.9865,0.9894,0
2023-02-24,0.9895,0.9926,0.9882,0.9922,0
2023-02-27,0.9917,0.9949,0.9908,0.9927,0
2023-02-28,0.9924,0.9965,0.991,0.9964,0
2023-03-01,0.9962,1.0028,0.9952,1.0021,0
2023-03-02,1.002,1.0043,0.997,0.9984,0
2023-03-03,0.9984,0.9988,0.9942,0.9949,0
2023-03-06,0.9957,0.9968,0.9919,0.9938,0
2023-03-07,0.9939,0.9965,0.9921,0.9929,0
2023-03-08,0.9931,0.9944,0.9905,0.9928,0
2023-03-09,0.9929,0.9932,0.9861,0.9865,0
2023-03-10,0.9865,0.9881,0.9789,0.9804,0
2023-03-13,0.9806,0.9837,0.9709,0.9781,0
2023-03-14,0.9781,0.9823,0.9742,0.9809,0
2023-03-15,0.9808,0.9878,0.9702,0.9866,0
2023-03-16,0.9866,0.9882,0.9794,0.9853,0
2023-03-17,0.9855,0.9911,0.9834,0.9875,0
2023-03-20,0.9901,0.9965,0.9855,0.9956,0
2023-03-21,0.9957,0.9977,0.9921,0.9929,0
2023-03-22,0.9927,0.9985,0.9922,0.9957,0
2023-03-23,0.9961,0.9999,0.9915,0.9925,0
2023-03-24,0.9922,0.9941,0.9844,0.9897,0
2023-03-27,0.9903,0.9908,0.9854,0.9886,0
2023-03-28,0.9887,0.9986,0.9877,0.9978,0
2023-03-29,0.997,0.9987,0.9943,0.9958,0
2023-03-30,0.9959,0.998,0.9929,0.9954,0
2023-03-31,0.9956,0.9991,0.9901,0.9916,0
2023-04-03,0.9921,0.9963,0.9899,0.994,0
2023-04-04,0.9941,0.9971,0.9909,0.9918,0
2023-04-05,0.9918,0.9933,0.9864,0.989,0
2023-04-06,0.9892,0.9892,0.9847,0.9874,0
2023-04-07,0.9878,0.989,0.9855,0.9863,0
2023-04-10,0.9855,0.9888,0.9851,0.9875,0
2023-04-11,0.9874,0.989,0.9845,0.9855,0
2023-04-12,0.9854,0.9888,0.9827,0.9845,0
2023-04-13,0.9844,0.986,0.9796,0.982,0
2023-04-14,0.9822,0.9845,0.9807,0.9831,0
2023-04-17,0.9831,0.9839,0.9797,0.9817,0
2023-04-18,0.9813,0.9845,0.9808,0.9832,0
2023-04-19,0.9829,0.9848,0.9821,0.983,0
2023-04-20,0.983,0.984,0.9783,0.9784,0
2023-04-21,0.9785,0.9808,0.9775,0.9807,0
2023-04-24,0.9803,0.9811,0.9774,0.9797,0
2023-04-25,0.98,0.9815,0.9772,0.9784,0
2023-04-26,0.9783,0.9845,0.9773,0.9838,0
2023-04-27,0.9838,0.988,0.9829,0.9859,0
2023-04-28,0.9859,0.9864,0.9811,0.9853,0
2023-05-01,0.9865,0.9867,0.9812,0.983,0
2023-05-02,0.9827,0.9866,0.9811,0.9823,0
2023-05-03,0.9821,0.983,0.9772,0.9773,0
2023-05-04,0.9768,0.9813,0.9741,0.9751,0
2023-05-05,0.9751,0.9879,0.9745,0.9814,0
2023-05-08,0.9829,0.9829,0.9782,0.9785,0
2023-05-09,0.9785,0.9799,0.9754,0.9758,0
2023-05-10,0.9758,0.9776,0.9739,0.9768,0
2023-05-11,0.9763,0.9781,0.9742,0.9757,0
2023-05-12,0.9755,0.9769,0.972,0.9742,0
2023-05-15,0.9747,0.9758,0.9722,0.9737,0
2023-05-16,0.9737,0.9742,0.9714,0.9735,0
2023-05-17,0.9735,0.976,0.9723,0.9741,0
2023-05-18,0.974,0.9759,0.9721,0.975,0
2023-05-19,0.9751,0.9752,0.9706,0.9717,0
2023-05-22,0.9719,0.9724,0.9673,0.9705,0
2023-05-23,0.9704,0.972,0.9694,0.9703,0
2023-05-24,0.9703,0.9751,0.9698,0.9727,0
2023-05-25,0.9724,0.9734,0.9697,0.9706,0
2023-05-26,0.9707,0.9717,0.9683,0.9708,0
2023-05-29,0.9708,0.9718,0.9671,0.9678,0
2023-05-30,0.9679,0.9724,0.9667,0.9722,0
2023-05-31,0.9719,0.9764,0.9704,0.9731,0
2023-06-01,0.9731,0.9761,0.9708,0.9742,0
2023-06-02,0.9743,0.9763,0.9723,0.9731,0
2023-06-05,0.972,0.9752,0.9692,0.9706,0
2023-06-06,0.9706,0.9714,0.9684,0.9704,0
2023-06-07,0.9703,0.9741,0.9685,0.9737,0
2023-06-08,0.9737,0.9761,0.9685,0.9686,0
2023-06-09,0.9687,0.9718,0.968,0.9713,0
2023-06-12,0.9715,0.9786,0.97,0.9778,0
2023-06-13,0.9774,0.9795,0.975,0.9766,0
2023-06-14,0.9765,0.9774,0.9726,0.9759,0
2023-06-15,0.9756,0.9791,0.9745,0.9759,0
2023-06-16,0.976,0.9784,0.9742,0.9774,0
2023-06-19,0.9777,0.98,0.9762,0.978,0
2023-06-20,0.9781,0.9813,0.9775,0.9801,0
2023-06-21,0.9801,0.9821,0.9787,0.9809,0
2023-06-22,0.9808,0.9842,0.9787,0.9803,0
2023-06-23,0.9803,0.9815,0.9746,0.9771,0
2023-06-26,0.9776,0.9787,0.9719,0.9766,0
2023-06-27,0.9769,0.9822,0.9757,0.9793,0
2023-06-28,0.9793,0.9824,0.9776,0.9785,0
2023-06-29,0.9785,0.9805,0.9759,0.977,0
2023-06-30,0.9769,0.979,0.9751,0.9768,0
2023-07-03,0.9767,0.9804,0.975,0.978,0
2023-07-04,0.978,0.9787,0.9749,0.9753,0
2023-07-05,0.9756,0.979,0.9746,0.9753,0
2023-07-06,0.9752,0.9765,0.9734,0.9744,0
2023-07-07,0.9743,0.9782,0.9728,0.9741,0
2023-07-10,0.9743,0.9763,0.9733,0.9735,0
2023-07-11,0.9736,0.9747,0.9673,0.9678,0
2023-07-12,0.9679,0.9694,0.9625,0.9652,0
2023-07-13,0.965,0.966,0.9604,0.9637,0
2023-07-14,0.964,0.9687,0.9616,0.9674,0
2023-07-17,0.968,0.9683,0.9639,0.9668,0
2023-07-18,0.9669,0.9674,0.9621,0.9623,0
2023-07-19,0.9631,0.9649,0.961,0.9612,0
2023-07-20,0.9612,0.966,0.9599,0.9645,0
2023-07-21,0.9648,0.9654,0.9613,0.9627,0
2023-07-24,0.9631,0.9646,0.9583,0.9621,0
2023-07-25,0.9622,0.9631,0.9542,0.9543,0
2023-07-26,0.9545,0.9561,0.9531,0.9538,0
2023-07-27,0.9535,0.9556,0.9515,0.9532,0
2023-07-28,0.9535,0.9593,0.9519,0.9581,0
2023-07-31,0.9586,0.9622,0.955,0.9585,0
2023-08-01,0.9583,0.9622,0.9573,0.9611,0
2023-08-02,0.9611,0.965,0.9581,0.9596,0
2023-08-03,0.9597,0.9613,0.9555,0.9566,0
2023-08-04,0.9566,0.9623,0.9563,0.9608,0
2023-08-07,0.9614,0.9627,0.9594,0.9598,0
2023-08-08,0.9596,0.9611,0.958,0.9596,0
2023-08-09,0.9596,0.9632,0.958,0.9624,0
2023-08-10,0.9624,0.9638,0.9608,0.9624,0
2023-08-11,0.9624,0.9648,0.9588,0.9595,0
2023-08-14,0.9588,0.9613,0.9571,0.9574,0
2023-08-15,0.9577,0.9596,0.9562,0.9574,0
2023-08-16,0.9577,0.961,0.9562,0.9571,0
2023-08-17,0.9567,0.9582,0.9543,0.9547,0
2023-08-18,0.9547,0.9597,0.9537,0.9579,0
2023-08-21,0.9586,0.9601,0.9564,0.9566,0
2023-08-22,0.9566,0.959,0.9533,0.9544,0
2023-08-23,0.9546,0.9556,0.951,0.9531,0
2023-08-24,0.9534,0.9568,0.9516,0.9558,0
2023-08-25,0.9559,0.957,0.954,0.9553,0
2023-08-28,0.9552,0.9563,0.9536,0.9558,0
2023-08-29,0.9556,0.9574,0.9536,0.9552,0
2023-08-30,0.9553,0.9597,0.9544,0.959,0
2023-08-31,0.959,0.9605,0.9563,0.9574,0
2023-09-01,0.9571,0.9582,0.9535,0.9541,0
2023-09-04,0.9541,0.9556,0.9531,0.954,0
2023-09-05,0.9543,0.9552,0.9517,0.9536,0
2023-09-06,0.9538,0.9578,0.9528,0.9557,0
2023-09-07,0.9554,0.9566,0.9542,0.9551,0
2023-09-08,0.9548,0.9568,0.953,0.9556,0
2023-09-11,0.9534,0.9586,0.9533,0.9573,0
2023-09-12,0.9573,0.9591,0.954,0.9582,0
2023-09-13,0.9581,0.9596,0.9562,0.9587,0
2023-09-14,0.9586,0.9604,0.9526,0.9529,0
2023-09-15,0.9525,0.9572,0.9521,0.9562,0
2023-09-18,0.9567,0.9592,0.9543,0.9588,0
2023-09-19,0.9589,0.9598,0.9565,0.9583,0
2023-09-20,0.9585,0.9604,0.9565,0.9576,0
2023-09-21,0.9575,0.9676,0.9559,0.9638,0
2023-09-22,0.9638,0.9666,0.9617,0.966,0
2023-09-25,0.9661,0.9685,0.9643,0.9657,0
2023-09-26,0.9658,0.9682,0.9652,0.9678,0
2023-09-27,0.9677,0.9693,0.9653,0.9672,0
2023-09-28,0.9672,0.9687,0.9654,0.9659,0
2023-09-29,0.9665,0.9694,0.9641,0.967,0
2023-10-02,0.9667,0.9683,0.9611,0.9618,0
2023-10-03,0.962,0.9675,0.9611,0.9636,0
2023-10-04,0.9635,0.9653,0.9615,0.9631,0
2023-10-05,0.963,0.9647,0.9607,0.9621,0
2023-10-06,0.9621,0.9637,0.9587,0.9632,0
2023-10-09,0.9633,0.9633,0.9554,0.9577,0
2023-10-10,0.9577,0.9613,0.9555,0.9588,0
2023-10-11,0.9588,0.9604,0.9554,0.9574,0
2023-10-12,0.9575,0.9579,0.954,0.956,0
2023-10-13,0.9562,0.9572,0.9453,0.9479,0
2023-10-16,0.9474,0.9523,0.9468,0.9502,0
2023-10-17,0.9499,0.9532,0.9494,0.9519,0
2023-10-18,0.9517,0.9526,0.9445,0.947,0
2023-10-19,0.9468,0.9484,0.9424,0.943,0
2023-10-20,0.9428,0.946,0.9413,0.9446,0
2023-10-23,0.9447,0.9513,0.9438,0.9503,0
2023-10-24,0.9505,0.9516,0.9454,0.9457,0
2023-10-25,0.9458,0.9488,0.9451,0.9472,0
2023-10-26,0.9476,0.9499,0.9445,0.9489,0
2023-10-27,0.9486,0.9564,0.948,0.9529,0
2023-10-30,0.9529,0.9583,0.9513,0.9571,0
2023-10-31,0.9572,0.9631,0.9551,0.9628,0
2023-11-01,0.9625,0.9631,0.9562,0.9593,0
2023-11-02,0.9592,0.9632,0.9561,0.9623,0
2023-11-03,0.9624,0.9661,0.961,0.9643,0
2023-11-06,0.9641,0.9652,0.9621,0.9638,0
2023-11-07,0.9636,0.9647,0.9605,0.9629,0
2023-11-08,0.9627,0.9634,0.9592,0.9627,0
2023-11-09,0.9626,0.9648,0.9614,0.9628,0
2023-11-10,0.9629,0.9644,0.9614,0.9642,0
2023-11-13,0.9643,0.9659,0.9627,0.9642,0
2023-11-14,0.9642,0.9687,0.964,0.9671,0
2023-11-15,0.967,0.9675,0.9619,0.963,0
2023-11-16,0.963,0.9657,0.9619,0.964,0
2023-11-17,0.964,0.9666,0.9618,0.9658,0
2023-11-20,0.9661,0.9683,0.9644,0.9678,0
2023-11-21,0.9678,0.9685,0.9635,0.9637,0
2023-11-22,0.9637,0.9647,0.9614,0.9621,0
2023-11-23,0.9621,0.9648,0.9614,0.9641,0
2023-11-24,0.9639,0.9657,0.9624,0.9653,0
2023-11-27,0.9648,0.9659,0.9617,0.9641,0
2023-11-28,0.9639,0.9655,0.9624,0.9649,0
2023-11-29,0.965,0.9654,0.958,0.9585,0
2023-11-30,0.9586,0.9593,0.9467,0.9525,0
2023-12-01,0.9526,0.9544,0.9445,0.9458,0
2023-12-04,0.9453,0.9505,0.9434,0.9455,0
2023-12-05,0.9454,0.9468,0.9434,0.9443,0
2023-12-06,0.9443,0.945,0.9409,0.9412,0
2023-12-07,0.941,0.9462,0.9399,0.9443,0
2023-12-08,0.9444,0.9475,0.9409,0.9465,0
2023-12-11,0.9463,0.9486,0.9441,0.9453,0
2023-12-12,0.9454,0.9479,0.943,0.9444,0
2023-12-13,0.9443,0.9494,0.9432,0.9476,0
2023-12-14,0.9475,0.9545,0.945,0.9534,0
2023-12-15,0.9534,0.9541,0.9451,0.948,0
2023-12-18,0.9486,0.9498,0.9455,0.9469,0
2023-12-19,0.947,0.9488,0.9435,0.9452,0
2023-12-20,0.9452,0.9462,0.9421,0.9435,0
2023-12-21,0.9436,0.9449,0.9407,0.9424,0
2023-12-22,0.9424,0.9433,0.9393,0.9419,0
2023-12-25,0.9423,0.9436,0.9405,0.9424,0
2023-12-26,0.9425,0.9448,0.9403,0.9423,0
2023-12-27,0.9424,0.9446,0.9347,0.9361,0
2023-12-28,0.9359,0.9367,0.9253,0.9338,0
2023-12-29,0.9339,0.9347,0.9249,0.9287,0
2024-01-01,0.929,0.9297,0.9285,0.929,0
2024-01-02,0.9291,0.9341,0.9276,0.9298,0
2024-01-03,0.9308,0.9343,0.927,0.9272,0
2024-01-04,0.9273,0.9333,0.9268,0.9302,0
2024-01-05,0.9305,0.9334,0.9281,0.9298,0
2024-01-08,0.9304,0.9321,0.928,0.9283,0
2024-01-09,0.9287,0.9323,0.9277,0.9313,0
2024-01-10,0.9317,0.9348,0.9309,0.9334,0
2024-01-11,0.9338,0.9377,0.9311,0.9344,0
2024-01-12,0.9349,0.9366,0.9322,0.9331,0
2024-01-15,0.9329,0.9378,0.9323,0.9365,0
2024-01-16,0.937,0.9391,0.9348,0.9368,0
2024-01-17,0.9366,0.9426,0.9357,0.9403,0
2024-01-18,0.9407,0.9447,0.9403,0.9439,0
2024-01-19,0.9442,0.9474,0.9433,0.9464,0
2024-01-22,0.9469,0.9477,0.9445,0.9455,0
2024-01-23,0.9459,0.9467,0.9434,0.9439,0
2024-01-24,0.9441,0.9451,0.9388,0.9388,0
2024-01-25,0.9391,0.9431,0.9388,0.94,0
2024-01-26,0.9404,0.941,0.9362,0.938,0
2024-01-29,0.9378,0.9391,0.9319,0.9328,0
2024-01-30,0.9332,0.9369,0.9314,0.9343,0
2024-01-31,0.9346,0.9364,0.9304,0.9314,0
2024-02-01,0.932,0.9344,0.9305,0.9323,0
2024-02-02,0.9326,0.9363,0.9287,0.9343,0
2024-02-05,0.9345,0.9366,0.9335,0.935,0
2024-02-06,0.9354,0.9384,0.9344,0.9352,0
2024-02-07,0.9354,0.9427,0.9349,0.9417,0
2024-02-08,0.9422,0.9427,0.9396,0.9414,0
2024-02-09,0.9422,0.9443,0.941,0.943,0
2024-02-12,0.9436,0.9445,0.9413,0.9431,0
2024-02-13,0.9433,0.9514,0.9428,0.9496,0
2024-02-14,0.9499,0.9512,0.9489,0.9502,0
2024-02-15,0.9506,0.9508,0.9467,0.9477,0
2024-02-16,0.9476,0.95,0.9469,0.9487,0
2024-02-19,0.949,0.9517,0.9481,0.9506,0
2024-02-20,0.951,0.9535,0.9503,0.9526,0
2024-02-21,0.9529,0.9539,0.9499,0.9512,0
2024-02-22,0.9516,0.9542,0.9495,0.9525,0
2024-02-23,0.9529,0.9545,0.9515,0.9533,0
2024-02-26,0.9536,0.9559,0.9523,0.9546,0
2024-02-27,0.9549,0.956,0.9524,0.9524,0
2024-02-28,0.9527,0.9542,0.9511,0.9521,0
2024-02-29,0.9523,0.9561,0.9513,0.9554,0
2024-03-01,0.9557,0.9621,0.9552,0.9572,0
2024-03-04,0.9581,0.9624,0.9554,0.9603,0
2024-03-05,0.9607,0.962,0.9584,0.9587,0
2024-03-06,0.9592,0.9635,0.9585,0.961,0
2024-03-07,0.9612,0.9622,0.9556,0.9605,0
2024-03-08,0.9609,0.9614,0.9571,0.9597,0
2024-03-11,0.9602,0.9604,0.9577,0.9602,0
2024-03-12,0.9589,0.9597,0.9571,0.959,0
2024-03-13,0.9587,0.9609,0.9585,0.9587,0
2024-03-14,0.9621,0.9628,0.9607,0.9621,0
2024-03-15,0.9623,0.963,0.9604,0.9623,0
2024-03-16,0.962,0.962,0.962,0.962,0
2024-03-17,0.962,0.962,0.9611,0.9619,0
2024-03-18,0.9616,0.9648,0.9613,0.9616,0
2024-03-19,0.965,0.9664,0.9621,0.965,0
2024-03-20,0.9652,0.9676,0.965,0.9652,0
2024-03-21,0.9686,0.9787,0.9666,0.9686,0
2024-03-22,0.975,0.9756,0.971,0.975,0
2024-03-23,0.9696,0.9696,0.9696,0.9696,0
2024-03-24,0.9696,0.97,0.9689,0.9696,0
2024-03-25,0.9701,0.9736,0.9701,0.9701,0
2024-03-26,0.9748,0.9813,0.9747,0.9748,0
2024-03-27,0.9788,0.9819,0.978,0.9788,0
2024-03-28,0.9792,0.98,0.9727,0.9792,0
2024-03-29,0.9724,0.9744,0.9688,0.9724,0
2024-03-31,0.9725,0.9733,0.9725,0.9725,0
2024-04-01,0.9735,0.9736,0.9716,0.9735,0
2024-04-02,0.9717,0.977,0.9716,0.9717,0
2024-04-03,0.9776,0.9807,0.9774,0.9776,0
2024-04-04,0.9786,0.9849,0.9785,0.9786,0
2024-04-05,0.9769,0.9801,0.9746,0.9769,0
2024-04-07,0.9773,0.9779,0.9757,0.9772,0
2024-04-08,0.978,0.983,0.9779,0.978,0
2024-04-09,0.983,0.9833,0.9804,0.983,0
2024-04-10,0.9806,0.9819,0.9793,0.9806,0
2024-04-11,0.9807,0.982,0.9749,0.9807,0
2024-04-12,0.9759,0.9763,0.9679,0.9759,0
2024-04-14,0.9728,0.9728,0.9689,0.9711,0
2024-04-15,0.973,0.974,0.9707,0.973,0
2024-04-16,0.9688,0.9721,0.9682,0.9688,0
2024-04-17,0.9692,0.9711,0.9675,0.9692,0
2024-04-18,0.9715,0.9722,0.9694,0.9715,0
2024-04-19,0.9711,0.9711,0.9571,0.9711,0
2024-04-21,0.9696,0.9714,0.9692,0.9711,0
2024-04-22,0.9711,0.9727,0.969,0.971,0
2024-04-23,0.9715,0.9751,0.9711,0.9715,0
2024-04-24,0.9758,0.9777,0.9748,0.9758,0
2024-04-25,0.9784,0.9798,0.9772,0.9784,0
2024-04-26,0.9789,0.9797,0.9763,0.9789,0
2024-04-28,0.977,0.9772,0.9764,0.9767,0
2024-04-29,0.9783,0.9796,0.9754,0.9783,0
2024-04-30,0.976,0.9811,0.9753,0.976,0
2024-05-01,0.9808,0.9832,0.9804,0.9808,0
2024-05-02,0.9822,0.9826,0.9746,0.9822,0
2024-05-03,0.9762,0.9766,0.9731,0.9762,0
2024-05-05,0.9741,0.9743,0.9729,0.9734,0
2024-05-06,0.9746,0.9764,0.9737,0.9746,0
2024-05-07,0.9762,0.9777,0.9754,0.9762,0
2024-05-08,0.9768,0.9771,0.9757,0.9768,0
2024-05-09,0.9758,0.9774,0.9752,0.9758,0
2024-05-10,0.9767,0.9779,0.976,0.9767,0
2024-05-12,0.976,0.9762,0.9756,0.9758,0
2024-05-13,0.9763,0.9798,0.976,0.9763,0
2024-05-14,0.9798,0.981,0.9786,0.9798,0
2024-05-15,0.9806,0.9824,0.9795,0.9806,0
2024-05-16,0.9806,0.9837,0.9787,0.9806,0
2024-05-17,0.9847,0.9869,0.9847,0.9847,0
2024-05-18,0.9881,0.9881,0.9881,0.9881,0
2024-05-19,0.9881,0.9882,0.9867,0.9881,0
2024-05-20,0.9882,0.9894,0.9867,0.9882,0
2024-05-21,0.9884,0.9893,0.9872,0.9884,0
2024-05-22,0.9891,0.9915,0.989,0.9891,0
2024-05-23,0.9907,0.9916,0.9889,0.9907,0
2024-05-24,0.9887,0.9929,0.9885,0.9887,0
2024-05-25,0.9917,0.9917,0.9917,0.9917,0
2024-05-26,0.9917,0.9919,0.9909,0.9911,0
2024-05-27,0.9919,0.993,0.9916,0.9919,0
2024-05-28,0.9919,0.9925,0.9884,0.9919,0
2024-05-29,0.99,0.9909,0.9868,0.99,0
2024-05-30,0.9863,0.987,0.979,0.9863,0
2024-05-31,0.9785,0.9835,0.977,0.9785,0
2024-06-02,0.9784,0.9796,0.9782,0.9787,0
2024-06-03,0.9782,0.9799,0.9743,0.9782,0
2024-06-04,0.9762,0.9777,0.9677,0.9762,0
2024-06-05,0.9685,0.9722,0.9683,0.9685,0
2024-06-06,0.9711,0.9724,0.9681,0.9681,0
2024-06-07,0.9685,0.971,0.9651,0.9676,0
2024-06-08,0.9677,0.9677,0.9677,0.9677,0
2024-06-09,0.9677,0.9677,0.9649,0.9668,0
2024-06-10,0.9683,0.9683,0.9624,0.9647,0
2024-06-11,0.9651,0.966,0.9613,0.9637,0
2024-06-12,0.9637,0.9677,0.9618,0.9663,0
2024-06-13,0.9667,0.9687,0.9593,0.9594,0
2024-06-14,0.9596,0.9608,0.9508,0.9524,0
2024-06-16,0.9522,0.9537,0.952,0.9529,0
2024-06-17,0.9524,0.957,0.9513,0.9546,0
2024-06-18,0.9549,0.9556,0.9481,0.9493,0
2024-06-19,0.9496,0.9517,0.9477,0.9499,0
2024-06-20,0.95,0.9576,0.9481,0.9535,0
2024-06-21,0.9542,0.9567,0.9505,0.9555,0
2024-06-22,0.9552,0.9552,0.9552,0.9552,0
2024-06-23,0.9552,0.9554,0.9545,0.955,0
2024-06-24,0.9561,0.9597,0.9545,0.958,0
2024-06-25,0.9584,0.9597,0.9563,0.9584,0
2024-06-26,0.9587,0.9602,0.956,0.9581,0
2024-06-27,0.9583,0.9624,0.9577,0.9616,0
2024-06-28,0.9618,0.9647,0.9607,0.9628,0
2024-06-30,0.9624,0.9652,0.9623,0.9647,0
2024-07-01,0.9645,0.9712,0.9642,0.9694,0
2024-07-02,0.9698,0.9717,0.9679,0.9709,0
2024-07-03,0.9708,0.9743,0.9705,0.9722,0
2024-07-04,0.9726,0.9757,0.971,0.9729,0
2024-07-05,0.9733,0.9744,0.9701,0.9709,0
2024-07-07,0.9706,0.9722,0.9675,0.9713,0
2024-07-08,0.9721,0.9733,0.9699,0.9706,0
2024-07-09,0.9708,0.9746,0.9698,0.9741,0
2024-07-10,0.9708,0.9746,0.9698,0.9741,0
2024-07-11,0.9744,0.9784,0.9706,0.9741,0
2024-07-12,0.9743,0.9761,0.9729,0.9752,0
2024-07-14,0.9755,0.9776,0.9733,0.9757,0
2024-07-15,0.9755,0.9776,0.9733,0.9757,0
2024-07-16,0.976,0.9772,0.9735,0.9735,0
2024-07-17,0.9739,0.9753,0.9655,0.966,0
2024-07-18,0.9669,0.9677,0.964,0.9668,0
2024-07-19,0.9671,0.9693,0.9656,0.967,0
2024-07-20,0.9667,0.9667,0.9667,0.9667,0
2024-07-21,0.9675,0.9692,0.9655,0.9688,0
2024-07-22,0.9675,0.9692,0.9655,0.9688,0
2024-07-23,0.969,0.9695,0.9667,0.9668,0
2024-07-24,0.9673,0.9679,0.9586,0.9591,0
2024-07-25,0.9595,0.9603,0.9519,0.9559,0
2024-07-26,0.9564,0.9601,0.9552,0.9592,0
2024-07-28,0.9599,0.9608,0.9565,0.9585,0
2024-07-29,0.9599,0.9608,0.9565,0.9585,0
2024-07-30,0.9589,0.9608,0.9542,0.9544,0
2024-07-31,0.9545,0.9557,0.9493,0.9503,0
2024-08-01,0.9506,0.9516,0.9411,0.9418,0
2024-08-02,0.9418,0.9464,0.9352,0.9355,0
2024-08-04,0.9369,0.9391,0.9209,0.9334,0
2024-08-05,0.9369,0.9391,0.9209,0.9334,0
2024-08-06,0.9337,0.9388,0.9285,0.9306,0
2024-08-07,0.9309,0.9473,0.9298,0.941,0
2024-08-08,0.9412,0.9466,0.9354,0.9459,0
2024-08-09,0.9463,0.9477,0.9423,0.9445,0
2024-08-11,0.9437,0.9442,0.9427,0.9441,0
2024-08-12,0.9446,0.952,0.943,0.9456,0
2024-08-13,0.9457,0.9515,0.9454,0.9504,0
2024-08-14,0.9506,0.9548,0.9494,0.9526,0
2024-08-15,0.9526,0.9583,0.9521,0.9572,0
2024-08-16,0.9574,0.9583,0.9525,0.955,0
2024-08-17,0.9548,0.9548,0.9548,0.9548,0
2024-08-18,0.9548,0.9561,0.9535,0.9555,0
2024-08-19,0.955,0.9571,0.952,0.9563,0
2024-08-20,0.9564,0.9574,0.9503,0.9505,0
2024-08-21,0.9504,0.952,0.9476,0.9492,0
2024-08-22,0.9496,0.9506,0.9456,0.947,0
2024-08-23,0.947,0.95,0.9459,0.9488,0
2024-08-25,0.9487,0.9492,0.9477,0.9479,0
2024-08-26,0.949,0.9496,0.9451,0.9456,0
2024-08-27,0.9456,0.9477,0.9406,0.9411,0
2024-08-28,0.9412,0.9421,0.9352,0.9365,0
2024-08-29,0.9365,0.9402,0.9352,0.9384,0
2024-08-30,0.9385,0.9419,0.9378,0.9388,0
2024-09-01,0.9382,0.939,0.9376,0.9387,0
2024-09-02,0.9391,0.9447,0.9383,0.9427,0
2024-09-03,0.9428,0.9445,0.9373,0.939,0
2024-09-04,0.9391,0.942,0.9368,0.938,0
2024-09-05,0.9381,0.9408,0.937,0.9377,0
2024-09-06,0.9377,0.9396,0.9336,0.9341,0
2024-09-07,0.9342,0.9342,0.9339,0.9339,0
2024-09-08,0.9342,0.9365,0.9333,0.9337,0
2024-09-09,0.9341,0.9382,0.9337,0.9371,0
2024-09-10,0.9373,0.938,0.9323,0.9332,0
2024-09-11,0.9333,0.9398,0.9305,0.9384,0
2024-09-12,0.9385,0.9435,0.9377,0.9424,0
2024-09-13,0.9426,0.9433,0.9369,0.9402,0
2024-09-15,0.9395,0.9402,0.9383,0.939,0
2024-09-16,0.9406,0.9411,0.9381,0.9403,0
2024-09-17,0.9405,0.9424,0.938,0.9414,0
2024-09-18,0.9416,0.9435,0.938,0.9408,0
2024-09-19,0.9409,0.9469,0.9402,0.9461,0
2024-09-20,0.9463,0.9506,0.9443,0.9489,0
2024-09-22,0.9487,0.9489,0.9476,0.9484,0
2024-09-23,0.9489,0.9503,0.9408,0.9417,0
2024-09-24,0.9418,0.9457,0.9401,0.9428,0
2024-09-25,0.9429,0.951,0.9416,0.9467,0
2024-09-26,0.947,0.9499,0.9435,0.9456,0
2024-09-27,0.9457,0.9481,0.9377,0.9383,0
2024-09-29,0.9378,0.9395,0.9377,0.938,0
2024-09-30,0.9395,0.9453,0.9378,0.9414,0
2024-10-01,0.9416,0.9436,0.9333,0.9369,0
2024-10-02,0.937,0.9405,0.9341,0.9385,0
2024-10-03,0.9385,0.9424,0.9366,0.9407,0
2024-10-04,0.941,0.9441,0.9344,0.9417,0
2024-10-06,0.942,0.9421,0.9405,0.9418,0
2024-10-07,0.942,0.9436,0.9365,0.9378,0
2024-10-08,0.938,0.9421,0.9364,0.9408,0
2024-10-09,0.9412,0.9423,0.9388,0.9413,0
2024-10-10,0.9413,0.9421,0.9342,0.9361,0
2024-10-11,0.936,0.939,0.936,0.9373,0
2024-10-13,0.9373,0.938,0.937,0.9375,0
2024-10-14,0.9372,0.9429,0.9366,0.9409,0
2024-10-15,0.9412,0.9416,0.9381,0.9383,0
2024-10-16,0.9387,0.9414,0.9377,0.9399,0
2024-10-17,0.9401,0.9413,0.9352,0.9377,0
2024-10-18,0.938,0.9408,0.9375,0.9396,0
2024-10-19,0.9393,0.9393,0.9393,0.9393,0
2024-10-20,0.94,0.9402,0.9366,0.94,0
2024-10-21,0.9395,0.9409,0.9359,0.9367,0
2024-10-22,0.9369,0.9378,0.9342,0.9343,0
2024-10-23,0.9345,0.9375,0.9334,0.934,0
2024-10-24,0.9342,0.938,0.933,0.9372,0
2024-10-25,0.9373,0.939,0.9349,0.9352,0
2024-10-26,0.9353,0.9353,0.9353,0.9353,0
2024-10-27,0.9374,0.9381,0.9362,0.9376,0
2024-10-28,0.9357,0.9392,0.9351,0.9355,0
2024-10-29,0.9357,0.9393,0.9348,0.9379,0
2024-10-30,0.9384,0.9418,0.9369,0.9408,0
2024-10-31,0.9411,0.942,0.9379,0.9399,0
2024-11-01,0.9401,0.9457,0.9393,0.9424,0
2024-11-02,0.9425,0.9425,0.9425,0.9425,0
2024-11-03,0.9438,0.9442,0.9432,0.9434,0
2024-11-04,0.9461,0.9473,0.9393,0.9398,0
2024-11-05,0.9399,0.9438,0.9386,0.9433,0
2024-11-06,0.9436,0.9442,0.9353,0.9401,0
2024-11-07,0.9404,0.9444,0.939,0.9426,0
2024-11-08,0.9428,0.9433,0.9366,0.9381,0
2024-11-10,0.9381,0.9389,0.9375,0.9386,0
2024-11-11,0.9392,0.9403,0.936,0.9381,0
2024-11-12,0.9382,0.9392,0.9345,0.9364,0
2024-11-13,0.9367,0.939,0.9338,0.9358,0
2024-11-14,0.9361,0.939,0.9348,0.9373,0
2024-11-15,0.9376,0.94,0.9345,0.936,0
2024-11-17,0.9353,0.9353,0.9341,0.9345,0
2024-11-18,0.9356,0.9372,0.9345,0.9357,0
2024-11-19,0.936,0.9367,0.9303,0.9346,0
2024-11-20,0.9348,0.9368,0.9304,0.9319,0
2024-11-21,0.932,0.9327,0.9278,0.9284,0
2024-11-22,0.9288,0.9326,0.9204,0.9312,0
2024-11-24,0.9344,0.9345,0.9322,0.9332,0
2024-11-25,0.9287,0.9349,0.9279,0.9297,0
2024-11-26,0.93,0.9328,0.9268,0.9295,0
2024-11-27,0.93,0.9326,0.9276,0.9314,0
2024-11-28,0.9317,0.9332,0.9303,0.9315,0
2024-11-29,0.932,0.9328,0.9292,0.9316,0
2024-12-01,0.9315,0.9327,0.9293,0.9295,0
2024-12-02,0.9318,0.9329,0.9287,0.9308,0
2024-12-03,0.9311,0.9327,0.929,0.9314,0
2024-12-04,0.9312,0.9329,0.929,0.9292,0
2024-12-05,0.9294,0.9324,0.9288,0.93,0
2024-12-06,0.9303,0.9309,0.9258,0.9283,0
2024-12-08,0.9278,0.9288,0.9278,0.9284,0
2024-12-09,0.9291,0.9305,0.9269,0.9271,0
2024-12-10,0.9276,0.9299,0.9255,0.9289,0
2024-12-11,0.9294,0.9306,0.9269,0.9278,0
2024-12-12,0.928,0.9345,0.9275,0.9337,0
2024-12-13,0.9334,0.939,0.9333,0.9374,0
2024-12-15,0.9363,0.9369,0.9363,0.9367,0
2024-12-16,0.9381,0.9408,0.9349,0.9396,0
2024-12-17,0.9401,0.942,0.9355,0.9364,0
2024-12-18,0.9369,0.939,0.9322,0.9324,0
2024-12-19,0.9329,0.9358,0.9305,0.9311,0
2024-12-20,0.9315,0.9322,0.9285,0.9313,0
2024-12-22,0.9312,0.9315,0.9312,0.9315,0
2024-12-23,0.931,0.9365,0.9302,0.9349,0
2024-12-24,0.9351,0.9373,0.934,0.936,0
2024-12-25,0.9362,0.9376,0.9352,0.9352,0
2024-12-26,0.9352,0.9383,0.9349,0.9366,0
2024-12-27,0.9369,0.9412,0.9359,0.9402,0
2024-12-29,0.9405,0.941,0.9392,0.9406,0
2024-12-30,0.9401,0.9442,0.9391,0.9405,0
2024-12-31,0.9408,0.9429,0.9376,0.9392,0
2025-01-01,0.9394,0.9401,0.9391,0.9393,0
2025-01-02,0.9392,0.9398,0.9327,0.9361,0
2025-01-03,0.9365,0.9374,0.9348,0.9364,0
2025-01-04,0.936,0.936,0.936,0.936,0
2025-01-05,0.9379,0.9379,0.9362,0.9372,0
2025-01-06,0.9359,0.9412,0.9358,0.9399,0
2025-01-07,0.9401,0.9443,0.9393,0.9403,0
2025-01-08,0.9405,0.9422,0.9372,0.9398,0
2025-01-09,0.9402,0.9404,0.9382,0.9391,0
2025-01-10,0.9397,0.9421,0.9364,0.9388,0
2025-01-12,0.9376,0.9382,0.9374,0.9378,0
2025-01-13,0.9392,0.9399,0.9336,0.9389,0
2025-01-14,0.9392,0.942,0.9375,0.94,0
2025-01-15,0.9403,0.9415,0.9359,0.939,0
2025-01-16,0.939,0.94,0.9367,0.9376,0
2025-01-17,0.9381,0.9417,0.9365,0.9397,0
2025-01-20,0.9388,0.9464,0.9386,0.9437,0
2025-01-21,0.9443,0.9459,0.9411,0.9447,0
2025-01-22,0.9445,0.9458,0.9427,0.9434,0
2025-01-23,0.9441,0.9463,0.9424,0.9446,0
2025-01-24,0.9451,0.952,0.9447,0.9504,0
2025-01-25,0.9507,0.9507,0.9507,0.9507,0
2025-01-26,0.9507,0.9507,0.9495,0.9496,0
2025-01-27,0.9499,0.9507,0.9426,0.9462,0
2025-01-28,0.9465,0.9467,0.9425,0.9425,0
2025-01-29,0.943,0.9464,0.9421,0.9446,0
2025-01-30,0.945,0.9489,0.9436,0.9448,0
2025-01-31,0.9452,0.9471,0.9425,0.9437,0
2025-02-02,0.9384,0.9407,0.9347,0.9369,0
2025-02-03,0.9378,0.941,0.9362,0.9378,0
2025-02-04,0.9414,0.9416,0.9378,0.9414,0
2025-02-05,0.9389,0.9406,0.9382,0.9389,0
2025-02-06,0.9374,0.9393,0.9367,0.9374,0
2025-02-07,0.9399,0.9429,0.9392,0.9399,0
2025-02-08,0.9387,0.9387,0.9387,0.9387,0
2025-02-09,0.9387,0.9392,0.9357,0.9363,0
2025-02-10,0.9391,0.9405,0.9381,0.9391,0
2025-02-11,0.9387,0.9449,0.9383,0.9387,0
2025-02-12,0.9462,0.9488,0.9442,0.9462,0
2025-02-13,0.9491,0.9516,0.9421,0.9491,0
2025-02-14,0.9449,0.9472,0.9425,0.9449,0
2025-02-16,0.9421,0.9421,0.9409,0.9417,0
2025-02-17,0.9438,0.9451,0.9427,0.9438,0
2025-02-18,0.9444,0.9445,0.9415,0.9444,0
2025-02-19,0.9441,0.9456,0.9413,0.9441,0
2025-02-20,0.9425,0.9434,0.9408,0.9425,0
2025-02-21,0.943,0.9435,0.9395,0.943,0
2025-02-23,0.9414,0.9419,0.9397,0.94,0
2025-02-24,0.9411,0.9427,0.9382,0.9411,0
2025-02-25,0.9387,0.94,0.9367,0.9387,0
2025-02-26,0.9388,0.9401,0.9375,0.9388,0
2025-02-27,0.938,0.9416,0.9351,0.938,0
2025-02-28,0.9354,0.9402,0.9333,0.9354,0
2025-03-01,0.9369,0.9369,0.9369,0.9369,0
2025-03-02,0.9369,0.9393,0.9363,0.939,0
2025-03-03,0.9399,0.9434,0.9366,0.9399,0
2025-03-04,0.9402,0.9405,0.9348,0.9402,0
2025-03-05,0.9451,0.9585,0.9446,0.9451,0
2025-03-06,0.9614,0.9635,0.9559,0.9614,0
2025-03-07,0.9528,0.9571,0.9514,0.9528,0
2025-03-09,0.9525,0.9541,0.9523,0.954,0
2025-03-10,0.9528,0.955,0.9491,0.9528,0
2025-03-11,0.9538,0.9621,0.952,0.9538,0
2025-03-12,0.9641,0.9649,0.9608,0.9641,0
2025-03-13,0.9599,0.962,0.9566,0.9599,0
2025-03-14,0.9581,0.9661,0.9577,0.9581,0
2025-03-16,0.9624,0.9629,0.9621,0.9623,0
2025-03-17,0.962,0.9631,0.9608,0.962,0
2025-03-18,0.9622,0.9636,0.9578,0.9622,0
2025-03-19,0.959,0.9598,0.9543,0.959,0
2025-03-20,0.9564,0.9585,0.9531,0.9564,0
2025-03-21,0.9569,0.9578,0.9541,0.9569,0
2025-03-23,0.9545,0.9549,0.9542,0.9546,0
2025-03-24,0.9567,0.9575,0.953,0.9567,0
