Date,Open,High,Low,Close,Volume
2000-01-03,164.87,166.42,164.18,166.3,0
2000-01-04,166.03,169.04,165.91,169.04,0
2000-01-05,168.86,171.43,168.21,171.25,0
2000-01-06,171.26,173.86,170.66,173.34,0
2000-01-07,173.35,173.93,172.01,172.68,0
2000-01-10,172.26,172.55,170.52,172.02,0
2000-01-11,171.88,174.88,171.88,174.88,0
2000-01-12,174.43,175.13,173.68,174.58,0
2000-01-13,174.38,175.12,173.47,174.67,0
2000-01-14,174.65,175.18,172.49,172.87,0
2000-01-17,172.94,173.11,170.75,171.2,0
2000-01-18,171.22,173.06,170.99,173.04,0
2000-01-19,173.08,173.82,172.63,173.27,0
2000-01-20,173.16,174.68,172.89,174.29,0
2000-01-21,174.36,174.5,172.43,172.74,0
2000-01-24,173.15,174.95,172.38,174.46,0
2000-01-25,174.4,175.04,173.64,174.35,0
2000-01-26,174.32,174.74,172.96,173.2,0
2000-01-27,173.13,173.34,171.31,172.37,0
2000-01-28,172.18,173.82,169.74,173.44,0
2000-01-31,173.51,174.26,172.44,173.52,0
2000-02-01,173.54,174.32,172.87,174.01,0
2000-02-02,174.14,175.75,173.35,174,0
2000-02-03,173.89,174.53,170.77,171.93,0
2000-02-04,171.72,172.55,170.12,170.69,0
2000-02-07,170.66,173.74,170.5,173.7,0
2000-02-08,173.5,176.83,173.42,176.5,0
2000-02-09,176.4,176.5,174.39,175.79,0
2000-02-10,175.91,176.27,174.03,175.79,0
2000-02-11,175.73,175.91,172.94,173.26,0
2000-02-14,173.75,173.75,171.8,172.82,0
2000-02-15,172.82,174.33,172.42,174.33,0
2000-02-16,174.28,176.04,173.7,175.92,0
2000-02-17,175.98,178.03,175.56,177.98,0
2000-02-18,177.79,178.5,176.72,177.73,0
2000-02-21,177.36,178.21,176.51,178.06,0
2000-02-22,177.97,179.67,177.89,178.65,0
2000-02-23,178.65,179.15,177.6,178.29,0
2000-02-24,178.24,178.83,176.68,178.17,0
2000-02-25,178.13,178.29,175.27,175.89,0
2000-02-28,175.51,175.98,172.37,174.73,0
2000-02-29,174.72,176.5,173.15,174.02,0
2000-03-01,173.95,174.32,168.99,170.04,0
2000-03-02,170.05,170.57,168.89,169.95,0
2000-03-03,169.8,170.75,169.18,170.12,0
2000-03-06,170.13,170.42,168.56,169.19,0
2000-03-07,169.38,170.21,166.58,167.62,0
2000-03-08,167.83,169.81,167.47,169.49,0
2000-03-09,169.5,169.79,167.64,168.66,0
2000-03-10,168.77,168.86,167.17,167.51,0
2000-03-13,167.58,168.13,165.73,166.87,0
2000-03-14,166.56,167.15,164.21,165.97,0
2000-03-15,165.95,167.17,164.82,166.2,0
2000-03-16,166.24,166.61,164.92,166.4,0
2000-03-17,166.13,168.07,165.96,168.01,0
2000-03-20,168.41,168.44,166.67,166.98,0
2000-03-21,166.96,168.65,166.63,168.05,0
2000-03-22,167.74,168.99,166.7,168.94,0
2000-03-23,169.06,170.62,168.7,170.46,0
2000-03-24,170.22,171.11,169.32,170.32,0
2000-03-27,170.3,171.47,169.02,169.49,0
2000-03-28,169.49,169.58,167.78,168.17,0
2000-03-29,168.15,169.35,166.51,168.4,0
2000-03-30,168.53,168.75,166.53,168.2,0
2000-03-31,168.17,169.07,162.61,163.67,0
2000-04-03,164.28,168.03,163.59,167.5,0
2000-04-04,167.45,168.86,167.22,167.63,0
2000-04-05,167.54,168.29,165.92,166.13,0
2000-04-06,166.02,166.99,165.09,165.54,0
2000-04-07,165.53,166.94,165.31,166.46,0
2000-04-10,166.52,169.14,166.31,168.72,0
2000-04-11,168.77,169.95,168.4,169.56,0
2000-04-12,169.56,169.63,166.65,167.99,0
2000-04-13,168.04,168.58,167.64,167.93,0
2000-04-14,167.97,168.44,166.11,166.44,0
2000-04-17,165.36,167.6,164,165.21,0
2000-04-18,165.12,165.43,164.14,165.14,0
2000-04-19,165.04,165.85,164.63,165.78,0
2000-04-20,165.9,167.18,165.1,166.99,0
2000-04-21,166.99,167.37,166.55,166.85,0
2000-04-24,166.79,167.11,166,167.09,0
2000-04-25,166.84,168.17,165.89,168.17,0
2000-04-26,168.05,168.53,166.52,167.42,0
2000-04-27,167.46,168.04,166.58,167.3,0
2000-04-28,167.33,169.39,166.79,167.93,0
2000-05-01,167.38,169.53,167.12,168.97,0
2000-05-02,168.98,170.56,168.4,169.18,0
2000-05-03,169.23,170.91,169.01,170.26,0
2000-05-04,170.38,170.78,165.42,166.53,0
2000-05-05,166.5,166.86,164.42,165.94,0
2000-05-08,166.14,167.15,165.68,167.1,0
2000-05-09,167,168.08,166.31,167.29,0
2000-05-10,167.23,167.93,164.89,165.63,0
2000-05-11,165.29,166.29,162.08,163.17,0
2000-05-12,163.12,165.28,161.77,164.41,0
2000-05-15,165.35,166,164.49,164.58,0
2000-05-16,164.28,164.79,162.83,163.85,0
2000-05-17,163.89,164.14,162.73,163.56,0
2000-05-18,163.4,163.4,160.56,161.32,0
2000-05-19,161.04,161.43,158.03,159.18,0
2000-05-22,159.14,160.2,158.51,159.77,0
2000-05-23,159.77,160,157.04,157.31,0
2000-05-24,157.16,159.41,156.38,158.82,0
2000-05-25,158.74,159.62,157.67,157.91,0
2000-05-26,157.87,159.9,157.75,159.54,0
2000-05-29,159.33,160.21,158.97,159.76,0
2000-05-30,159.75,160.68,158.73,159.57,0
2000-05-31,159.55,161.86,158.9,161.63,0
2000-06-01,161.52,163.13,161.46,162.22,0
2000-06-02,162.29,163.45,161.73,163.19,0
2000-06-05,163.14,163.76,161.75,163.08,0
2000-06-06,162.97,163.25,160.15,161.78,0
2000-06-07,161.68,162.02,160.08,160.39,0
2000-06-08,160.43,160.98,159.3,160.17,0
2000-06-09,159.86,161.34,159.73,161.26,0
2000-06-12,161.06,161.69,160.35,161.69,0
2000-06-13,161.7,161.99,160.8,161.04,0
2000-06-14,161.01,161.48,159.72,159.8,0
2000-06-15,159.76,161.4,159.08,160.93,0
2000-06-16,160.83,161.37,160.17,161.29,0
2000-06-19,161.14,161.42,159.68,160.04,0
2000-06-20,159.95,160.34,158.7,160.26,0
2000-06-21,160.01,160.17,157.6,158.3,0
2000-06-22,158.09,158.9,157.08,158.22,0
2000-06-23,158.18,158.54,156.18,157.22,0
2000-06-26,156.99,158.84,156.32,158.22,0
2000-06-27,158.11,158.78,157.75,158.67,0
2000-06-28,158.54,159.84,158.35,159.84,0
2000-06-29,159.65,159.89,158.28,159.85,0
2000-06-30,159.76,161.27,158.41,160.97,0
2000-07-03,160.79,161.32,159.66,159.97,0
2000-07-04,159.92,161.1,159.23,160.77,0
2000-07-05,160.79,161.86,160.01,161.25,0
2000-07-06,161.15,162.82,160.97,162.02,0
2000-07-07,161.93,163.6,161.62,163.31,0
2000-07-10,163.18,163.32,161.58,162,0
2000-07-11,161.87,162.55,161.13,162.5,0
2000-07-12,162.42,164.41,162.14,162.86,0
2000-07-13,162.72,163.05,160.67,162.56,0
2000-07-14,162.48,163.1,161.25,161.86,0
2000-07-17,161.72,162.84,160.97,161.55,0
2000-07-18,161.36,162.27,160.82,161.91,0
2000-07-19,161.96,162.27,161.15,162.27,0
2000-07-20,161.97,163.1,161.12,162.77,0
2000-07-21,162.74,165.55,162.21,165.23,0
2000-07-24,165.01,165.59,164.57,164.87,0
2000-07-25,164.79,166.21,164.3,165.39,0
2000-07-26,165.31,166.21,165.16,165.46,0
2000-07-27,165.37,165.62,164.68,165.27,0
2000-07-28,165.07,165.48,163.93,164.61,0
2000-07-31,164.63,164.99,163.37,164.07,0
2000-08-01,163.99,164.72,162.86,163.07,0
2000-08-02,162.99,163.1,161.64,162.81,0
2000-08-03,162.75,163.17,160.32,162.25,0
2000-08-04,162.17,163.61,161.28,163.39,0
2000-08-07,163.26,165.17,163,165.09,0
2000-08-08,164.83,165.06,162.82,163.5,0
2000-08-09,163.37,163.44,161.67,162,0
2000-08-10,162.07,163.13,160.99,162.8,0
2000-08-11,162.7,163.88,162.49,163.03,0
2000-08-14,163.13,165.46,162.97,164.78,0
2000-08-15,164.65,165.83,163.84,163.98,0
2000-08-16,163.91,164.37,162.42,162.91,0
2000-08-17,162.76,162.92,162.21,162.68,0
2000-08-18,162.56,163.14,160.91,161.53,0
2000-08-21,161.36,162.03,160.72,161.67,0
2000-08-22,161.63,161.73,160.14,160.54,0
2000-08-23,160.49,160.65,157.91,159.03,0
2000-08-24,159.08,159.2,157.98,158.31,0
2000-08-25,158.22,158.64,156.89,157.05,0
2000-08-28,157.05,157.05,156.03,156.45,0
2000-08-29,156.46,156.95,154.31,154.43,0
2000-08-30,154.45,155.53,152.85,155.49,0
2000-08-31,155.29,155.75,154.13,154.42,0
2000-09-01,154.38,155.19,153.9,155.19,0
2000-09-04,154.89,155.29,153.92,154.35,0
2000-09-05,154.39,155.22,153.28,153.95,0
2000-09-06,153.9,154.1,152,152.19,0
2000-09-07,152.19,153.1,150.13,151.14,0
2000-09-08,151.28,152.22,149.79,150.07,0
2000-09-11,149.93,151.38,148.53,148.66,0
2000-09-12,148.81,151.35,148.19,150.32,0
2000-09-13,150.15,151.36,149.92,151.05,0
2000-09-14,150.88,152.11,150.16,151.4,0
2000-09-15,151.22,151.99,149.55,149.7,0
2000-09-18,149.79,150.37,149.07,150.31,0
2000-09-19,150.24,151,149.54,150.82,0
2000-09-20,150.73,151.32,149.79,150.34,0
2000-09-21,150.48,153.32,150.05,153.32,0
2000-09-22,153.33,158.5,153.11,156.8,0
2000-09-25,157.23,157.87,155.79,156.57,0
2000-09-26,156.47,157.56,155.62,157.46,0
2000-09-27,157.36,158.17,156.41,157.19,0
2000-09-28,157.11,158.05,156.87,157.39,0
2000-09-29,157.48,159.9,157.02,159.62,0
2000-10-02,159.39,160.29,159.21,159.63,0
2000-10-03,159.59,159.83,158.03,158.87,0
2000-10-04,158.76,159.73,157.83,159.42,0
2000-10-05,159.31,159.35,157.42,157.51,0
2000-10-06,157.53,158.04,156.79,157.39,0
2000-10-09,157.56,157.97,157.26,157.68,0
2000-10-10,157.68,157.9,156.17,156.81,0
2000-10-11,156.92,158.1,156.66,157.59,0
2000-10-12,157.35,158.98,156.72,158.44,0
2000-10-13,158.36,159.65,155.92,156.44,0
2000-10-16,156.39,157.14,155.89,156.44,0
2000-10-17,156.36,156.74,154.88,156.64,0
2000-10-18,156.63,157.41,154.56,155.52,0
2000-10-19,155.44,157.1,155.33,156.79,0
2000-10-20,156.68,158.17,156.51,158,0
2000-10-23,158.19,158.83,157,157.36,0
2000-10-24,157.33,157.59,156.17,156.24,0
2000-10-25,156.15,156.72,154.34,154.97,0
2000-10-26,154.96,155.77,153.36,155.65,0
2000-10-27,155.51,158.32,155.03,158.13,0
2000-10-30,158.01,159.46,157.7,158.02,0
2000-10-31,157.88,158.83,157.24,157.82,0
2000-11-01,157.79,158.14,156.34,157.03,0
2000-11-02,156.93,157.65,156.21,156.37,0
2000-11-03,156.23,157.68,154.72,155.07,0
2000-11-06,155.37,155.91,153.04,153.33,0
2000-11-07,153.31,153.87,152.63,153.45,0
2000-11-08,153.47,153.77,152.47,152.78,0
2000-11-09,152.64,153.9,151.43,153.8,0
2000-11-10,153.78,154.55,153.29,154.01,0
2000-11-13,154.07,154.97,153.86,154.76,0
2000-11-14,154.78,155.44,154.1,154.82,0
2000-11-15,154.68,155.49,154.29,155.44,0
2000-11-16,155.3,155.44,154.41,155.22,0
2000-11-17,155.42,155.51,154.54,155.03,0
2000-11-20,154.7,156.87,154.66,156.43,0
2000-11-21,156.39,157.3,155.66,156.24,0
2000-11-22,156.12,156.7,154.81,155.09,0
2000-11-23,155.03,155.2,154.13,154.4,0
2000-11-24,154.35,156.57,154.06,155.81,0
2000-11-27,155.66,157.14,155.45,156.78,0
2000-11-28,156.81,157.11,155.9,156.01,0
2000-11-29,156.04,158.48,155.93,158.31,0
2000-11-30,158.37,158.38,156.75,157.44,0
2000-12-01,157.45,160.6,157.03,160.6,0
2000-12-04,160.52,161.85,159.54,161.23,0
2000-12-05,161.12,161.58,159.09,159.23,0
2000-12-06,159.11,159.7,158.38,159.17,0
2000-12-07,159.15,160.4,158.42,159.73,0
2000-12-08,159.64,161.6,159.39,160.67,0
2000-12-11,161.13,161.63,159.79,161.41,0
2000-12-12,161.28,162.12,160.76,161.54,0
2000-12-13,161.29,163.82,161.16,163.53,0
2000-12-14,163.47,165.52,163.35,165.16,0
2000-12-15,165.12,166.38,164.68,166.04,0
2000-12-18,165.73,166.55,163.91,165.3,0
2000-12-19,165.67,165.74,163.61,165.09,0
2000-12-20,165.1,166.83,164.86,166.65,0
2000-12-21,166.41,167.01,164.69,165.86,0
2000-12-22,165.29,167.27,164.99,166.89,0
2000-12-25,166.17,167.27,166.11,166.79,0
2000-12-26,167.02,168.74,166.56,168.55,0
2000-12-27,168.47,171.2,168.34,171.07,0
2000-12-28,170.92,171.52,170.28,170.99,0
2000-12-29,170.88,171.83,170.4,170.97,0
2001-01-02,171.03,172.16,170.39,171.77,0
2001-01-03,171.92,172.86,169.16,169.46,0
2001-01-04,169.19,173.8,169.02,173.77,0
2001-01-05,173.69,175.67,173.33,175.19,0
2001-01-08,175.24,175.71,172.75,173.59,0
2001-01-09,173.47,174.26,172.04,174.14,0
2001-01-10,173.91,174.36,172.17,173.3,0
2001-01-11,173.22,176.44,172.89,176.43,0
2001-01-12,176.46,177.62,173.76,175.09,0
2001-01-15,174.84,176.39,174.73,175.73,0
2001-01-16,175.66,175.92,171.69,173.19,0
2001-01-17,173.19,175.28,171.97,175.18,0
2001-01-18,175.22,176.54,173.27,173.88,0
2001-01-19,173.88,174.6,171.2,171.4,0
2001-01-22,171.16,171.46,169.06,170.49,0
2001-01-23,170.49,172.87,170.33,172.05,0
2001-01-24,171.77,173.27,170.95,171.27,0
2001-01-25,171.17,171.77,169.11,170.58,0
2001-01-26,170.56,171.53,169.94,171.36,0
2001-01-29,171.73,172.05,169.38,170.29,0
2001-01-30,170.15,170.92,168.98,169.56,0
2001-01-31,169.33,170.51,169.05,170.29,0
2001-02-01,170.53,171.45,170.01,170.85,0
2001-02-02,170.72,171.17,169.45,170.07,0
2001-02-05,169.88,171.22,169.01,169.41,0
2001-02-06,169.15,169.82,167.26,167.54,0
2001-02-07,167.52,170.2,167.22,168.9,0
2001-02-08,168.79,169.42,167.08,168.45,0
2001-02-09,168.55,170.47,167.68,169.75,0
2001-02-12,169.87,171.4,169.66,170.71,0
2001-02-13,170.47,171.03,169.05,169.56,0
2001-02-14,169.63,170.27,168.9,169.66,0
2001-02-15,169.43,169.76,167.19,167.35,0
2001-02-16,167.24,168.51,166.46,167.18,0
2001-02-19,167.73,168.37,167.34,167.97,0
2001-02-20,167.83,168.2,165.43,167.46,0
2001-02-21,167.36,168.72,166.64,168.35,0
2001-02-22,168.16,169.56,167.07,169.45,0
2001-02-23,169.19,169.4,167.89,168.4,0
2001-02-26,168.53,169.25,168.01,168.48,0
2001-02-27,168.11,168.29,167.17,167.64,0
2001-02-28,167.52,170.05,167.07,169.5,0
2001-03-01,169.49,171.2,169.17,170.89,0
2001-03-02,170.82,175.83,170.54,175.15,0
2001-03-05,175.06,176.28,174.12,174.8,0
2001-03-06,174.75,174.87,173.32,174.45,0
2001-03-07,174.26,176.17,173.92,175.26,0
2001-03-08,175.23,176.04,174.42,175.91,0
2001-03-09,175.92,176.51,174.53,175.75,0
2001-03-12,175.3,177.1,175.16,176.34,0
2001-03-13,176.43,176.65,173.38,173.54,0
2001-03-14,173.52,175.98,172.24,175.1,0
2001-03-15,174.89,176.47,173.97,175.62,0
2001-03-16,175.61,176.43,174.93,175.81,0
2001-03-19,176.31,176.69,174.03,175.43,0
2001-03-20,175.19,175.74,174.47,175.59,0
2001-03-21,175.32,177.31,175.18,176.51,0
2001-03-22,176.68,177.14,175.28,175.55,0
2001-03-23,175.5,176.12,174.31,174.89,0
2001-03-26,175.1,176.87,175.06,175.97,0
2001-03-27,175.92,177.06,173.92,175.15,0
2001-03-28,175.18,176.31,173.26,175.75,0
2001-03-29,175.72,178.23,175.5,176.59,0
2001-03-30,176.55,179.12,175.93,178.71,0
2001-04-02,178.72,180.26,178.1,179.94,0
2001-04-03,179.8,180.23,178.38,179.89,0
2001-04-04,179.81,180.85,178.78,179.52,0
2001-04-05,179.46,180,176.85,177.08,0
2001-04-06,177.03,179.47,176.94,178.25,0
2001-04-09,178.44,181.4,178.43,180.71,0
2001-04-10,180.69,181.01,177.78,178.15,0
2001-04-11,178.38,179.56,177.46,179.29,0
2001-04-12,179.19,179.55,176.12,177.92,0
2001-04-13,177.96,179.04,177.74,178.75,0
2001-04-16,178.63,179.31,178.32,178.86,0
2001-04-17,178.59,179.2,175.96,176.62,0
2001-04-18,176.57,176.81,173.58,174.37,0
2001-04-19,174.26,175.82,173.74,174.98,0
2001-04-20,175.11,177,174.85,176.66,0
2001-04-23,175.73,177.04,174.13,174.19,0
2001-04-24,174.32,176.3,173.5,175.39,0
2001-04-25,175.38,176.24,174.85,176.15,0
2001-04-26,175.98,177.71,175.37,177.46,0
2001-04-27,177.66,179.22,177.24,178.67,0
2001-04-30,177.95,178.13,176.29,177.04,0
2001-05-01,177.1,177.24,174.56,175.06,0
2001-05-02,175.22,175.52,173.94,174.11,0
2001-05-03,174.13,174.76,173.19,174.25,0
2001-05-04,174.16,174.75,173.31,174.67,0
2001-05-07,174.35,174.91,173.88,174.29,0
2001-05-08,174.13,175.11,172.67,172.92,0
2001-05-09,172.93,174.03,172.71,173.74,0
2001-05-10,174,174.75,173.37,174.46,0
2001-05-11,174.32,174.63,172.77,173.86,0
2001-05-14,173.87,175.16,173.48,175.16,0
2001-05-15,174.9,175.88,174.47,175.78,0
2001-05-16,175.61,176.95,175.22,176.76,0
2001-05-17,176.46,176.61,175.16,175.5,0
2001-05-18,175.51,177.98,175.48,177.82,0
2001-05-21,177.92,178.12,176.29,176.64,0
2001-05-22,176.66,177.2,174.73,175.42,0
2001-05-23,175.35,175.42,169.21,170.56,0
2001-05-24,170.34,170.88,167.88,168.89,0
2001-05-25,168.62,171.86,168.62,171.62,0
2001-05-28,171.29,172.18,171.05,172.01,0
2001-05-29,171.94,172.55,170.1,171.06,0
2001-05-30,170.97,171.91,170.37,171.65,0
2001-05-31,171.58,172.08,167.8,169.06,0
2001-06-01,169.21,169.41,167.61,169.24,0
2001-06-04,169.48,170.04,168.44,168.74,0
2001-06-05,168.62,170.03,167.62,170.02,0
2001-06-06,169.99,170.5,167.07,167.34,0
2001-06-07,167.01,167.51,165.35,167.3,0
2001-06-08,167.28,167.68,165.54,166.78,0
2001-06-11,167.08,168.79,167.05,167.35,0
2001-06-12,167.33,168.24,166.54,167.15,0
2001-06-13,167.06,170.02,166.81,169.96,0
2001-06-14,169.88,170.26,168.93,170.09,0
2001-06-15,170.02,173.2,169.71,172.49,0
2001-06-18,172.67,173.83,172.33,173.29,0
2001-06-19,172.99,173.54,171.5,172.12,0
2001-06-20,172.21,173.65,171.08,172.82,0
2001-06-21,172.85,176.46,172.52,176.43,0
2001-06-22,176.33,176.55,174.98,175.9,0
2001-06-25,175.49,176.1,174.66,175.06,0
2001-06-26,174.93,175.64,174,175.25,0
2001-06-27,175.21,176.91,175.16,176.27,0
2001-06-28,176.07,177.1,175.23,175.61,0
2001-06-29,175.73,176.59,174.16,176.59,0
2001-07-02,176.69,176.97,175.29,175.88,0
2001-07-03,175.92,175.96,174.13,175.07,0
2001-07-04,174.98,175.83,174.25,175.22,0
2001-07-05,175.09,176.63,174.82,176.36,0
2001-07-06,176.3,177.96,175.52,177.73,0
2001-07-09,177.41,177.66,176.21,176.63,0
2001-07-10,176.61,177.6,176.41,176.9,0
2001-07-11,176.9,177.58,174.82,175.2,0
2001-07-12,175.03,175.31,173.54,174.28,0
2001-07-13,174.3,175.46,173.48,175.46,0
2001-07-16,175.12,175.8,174.52,175.69,0
2001-07-17,175.56,175.82,174.72,175.07,0
2001-07-18,174.91,176.42,174.71,176.22,0
2001-07-19,176.19,176.75,174.35,176.19,0
2001-07-20,176.45,177.22,175.17,175.64,0
2001-07-23,175.33,176.79,175.17,176.76,0
2001-07-24,176.64,176.8,175.63,176.45,0
2001-07-25,176.34,177.1,176.11,176.52,0
2001-07-26,176.42,177.08,175.82,176.66,0
2001-07-27,176.53,177.11,175.53,175.86,0
2001-07-30,175.31,178.8,175.26,178.47,0
2001-07-31,178.45,178.61,177.64,178.18,0
2001-08-01,178.1,178.91,177.76,178.78,0
2001-08-02,178.64,178.82,176.66,177.07,0
2001-08-03,177.07,177.47,175.87,176.8,0
2001-08-06,176.71,177.27,175.36,175.75,0
2001-08-07,175.63,175.88,174.77,175.05,0
2001-08-08,174.96,175.45,173.74,175.21,0
2001-08-09,175.12,175.63,172.84,173.65,0
2001-08-10,173.61,174.71,173.51,173.67,0
2001-08-13,173.76,174.27,172.75,173.89,0
2001-08-14,173.94,174.89,172.6,174.04,0
2001-08-15,174.02,174.15,171.19,172.35,0
2001-08-16,172.21,174.02,172.16,174.01,0
2001-08-17,173.69,174.57,173.2,173.83,0
2001-08-20,173.8,174.6,173.44,174.4,0
2001-08-21,174.26,174.65,173.04,173.92,0
2001-08-22,174.05,174.91,173.76,174.47,0
2001-08-23,174.32,174.81,173.15,173.51,0
2001-08-24,173.52,173.64,172.76,173.23,0
2001-08-27,173.39,173.82,172.89,173.06,0
2001-08-28,172.95,174.98,172.73,174.46,0
2001-08-29,174.37,174.69,172.81,174.35,0
2001-08-30,174.36,174.45,173.23,174.05,0
2001-08-31,174.03,174.17,171.87,172.69,0
2001-09-03,172.95,173.19,172.19,172.67,0
2001-09-04,172.49,173.02,171.6,172.31,0
2001-09-05,172.41,176.08,172.11,175.91,0
2001-09-06,175.84,176.82,175.15,176.12,0
2001-09-07,176.05,176.83,175.02,175.4,0
2001-09-10,175.45,176.97,175.06,176.42,0
2001-09-11,176.14,178.01,175.36,176.11,0
2001-09-12,176.5,176.67,174.51,175.46,0
2001-09-13,175.44,175.7,174.19,174.96,0
2001-09-14,174.87,175.46,171.69,172.82,0
2001-09-17,172.91,174.64,171.5,172.78,0
2001-09-18,172.55,173.76,171.35,172.15,0
2001-09-19,172.25,173.12,171.65,172.71,0
2001-09-20,172.69,172.75,169.57,170.55,0
2001-09-21,170.52,171.79,169.1,169.89,0
2001-09-24,170.11,172.22,169.19,172.01,0
2001-09-25,171.96,173.19,170.88,172.78,0
2001-09-26,172.94,174.22,172.32,173.68,0
2001-09-27,173.68,176.92,173.48,176.5,0
2001-09-28,176.44,176.54,174.3,176.28,0
2001-10-01,175.79,178.04,175.68,177.81,0
2001-10-02,177.78,178.93,176.41,177.48,0
2001-10-03,177.37,179.01,176.71,178.18,0
2001-10-04,178.18,178.36,176.77,177.97,0
2001-10-05,177.81,178.91,177.27,178.91,0
2001-10-08,178.7,178.7,176.24,176.75,0
2001-10-09,176.65,177.07,174.81,175.13,0
2001-10-10,175.13,175.9,173.87,174.77,0
2001-10-11,174.65,175.71,174.22,175.41,0
2001-10-12,175.42,176.3,175.16,176.01,0
2001-10-15,175.36,176.08,174.66,175.13,0
2001-10-16,175.04,176.06,174.56,175.72,0
2001-10-17,175.61,176.21,175.13,175.54,0
2001-10-18,175.41,175.65,174.34,174.79,0
2001-10-19,174.81,175.1,173.54,173.65,0
2001-10-22,173.65,174.7,173.65,174.61,0
2001-10-23,174.35,175.04,174.03,174.78,0
2001-10-24,174.89,175.67,174.54,175.48,0
2001-10-25,175.39,175.85,174.92,175.35,0
2001-10-26,175.3,176.62,174.84,176.28,0
2001-10-29,176.11,177.56,175.84,177.33,0
2001-10-30,177.28,177.73,176.76,176.99,0
2001-10-31,176.96,178.32,176.78,178.03,0
2001-11-01,178.04,178.61,177.55,178.51,0
2001-11-02,178.44,178.53,177.38,177.95,0
2001-11-05,177.78,177.93,176.81,177.57,0
2001-11-06,177.38,177.75,176.12,176.58,0
2001-11-07,176.54,177.77,176.17,177.09,0
2001-11-08,177.18,177.66,174.1,174.7,0
2001-11-09,174.51,175.61,174.18,175.35,0
2001-11-12,175.33,176.21,174.77,175.17,0
2001-11-13,175.23,175.89,174.84,175.38,0
2001-11-14,175.2,175.72,174.75,175.28,0
2001-11-15,175.23,176.16,175.02,175.18,0
2001-11-16,175.12,176.01,174.94,175.45,0
2001-11-19,175.32,175.77,173.65,174.11,0
2001-11-20,173.97,174.46,173.47,174.01,0
2001-11-21,174.12,175.04,173.77,174.46,0
2001-11-22,174.38,175.22,174.21,175.03,0
2001-11-23,174.95,175.75,174.14,175.29,0
2001-11-26,175.36,176.13,174.83,175.11,0
2001-11-27,175.17,175.88,174.32,175.44,0
2001-11-28,175.27,175.71,174.19,175.54,0
2001-11-29,175.48,176.71,175.06,176.71,0
2001-11-30,176.63,177.09,175.16,175.76,0
2001-12-03,175.71,176.85,175.32,176.82,0
2001-12-04,176.84,176.94,175.85,176.62,0
2001-12-05,176.66,176.95,175.62,175.87,0
2001-12-06,175.81,178.28,175.26,178.09,0
2001-12-07,178.03,180.05,177.71,179.96,0
2001-12-10,179.77,181.2,179.69,180.95,0
2001-12-11,180.76,181.61,180.15,181.49,0
2001-12-12,181.35,183.05,180.84,182.19,0
2001-12-13,182.27,183.04,181.4,181.64,0
2001-12-14,181.49,185.79,181.39,185.14,0
2001-12-17,184.84,186.58,184.81,186.1,0
2001-12-18,185.97,187.36,185.75,186.14,0
2001-12-19,186.07,187.05,184.69,185.7,0
2001-12-20,185.77,186.57,184.57,186.31,0
2001-12-21,186.33,188.29,185.5,186.17,0
2001-12-24,186.53,187.55,185.87,187.28,0
2001-12-25,187.48,189.33,186.9,189,0
2001-12-26,189.04,190.36,187.6,190.12,0
2001-12-27,190.2,191.44,189.94,191.25,0
2001-12-28,191.17,191.38,189.13,190.19,0
2001-12-31,190.29,191.71,189.97,191.51,0
2002-01-02,191.21,191.94,190.19,191.1,0
2002-01-03,191.17,191.26,189.06,189.4,0
2002-01-04,189.42,189.74,187.93,189.28,0
2002-01-07,189.49,189.51,187.88,188.55,0
2002-01-08,188.79,191.36,188.71,190.98,0
2002-01-09,191,192.04,190,191,0
2002-01-10,191.22,191.7,189.89,190.95,0
2002-01-11,190.58,191.44,189.72,191.38,0
2002-01-14,191.45,191.55,190.43,191.43,0
2002-01-15,191.24,191.41,188.86,189.1,0
2002-01-16,188.71,189.75,188.37,189.6,0
2002-01-17,189.71,190.38,188.56,190.3,0
2002-01-18,190.32,191.1,189.96,190.53,0
2002-01-21,190.49,190.63,189.93,190.31,0
2002-01-22,190.31,192.09,190.28,191.37,0
2002-01-23,191.27,192.32,190.91,191.48,0
2002-01-24,191.58,191.97,190.62,191.86,0
2002-01-25,191.82,192.31,188.79,189.41,0
2002-01-28,189.9,190.13,187.44,188.33,0
2002-01-29,188.08,189.01,186.84,188.47,0
2002-01-30,188.51,188.91,187.2,187.98,0
2002-01-31,188,190.74,187.23,189.76,0
2002-02-01,189.87,190.34,188.2,188.77,0
2002-02-04,188.03,189.04,187.66,188.36,0
2002-02-05,188.45,190.17,187.64,189.54,0
2002-02-06,189.45,189.99,188.28,188.87,0
2002-02-07,188.6,189.47,187.92,189.05,0
2002-02-08,188.95,191.36,188.51,190.57,0
2002-02-11,190.58,191.19,189.5,189.59,0
2002-02-12,189.54,190.94,189.47,190.32,0
2002-02-13,190.17,190.95,189.18,190.45,0
2002-02-14,190.39,190.51,188.33,188.98,0
2002-02-15,188.96,190.41,188.51,189.83,0
2002-02-18,190.07,190.22,189.26,189.53,0
2002-02-19,189.52,191.41,189.24,191.28,0
2002-02-20,191.27,191.57,190.35,190.95,0
2002-02-21,190.86,191.65,190.02,191.32,0
2002-02-22,191.15,192.24,190.78,191.98,0
2002-02-25,192,192.09,190.46,190.66,0
2002-02-26,190.65,191.62,190.28,190.62,0
2002-02-27,190.57,191.38,190.12,190.86,0
2002-02-28,190.74,190.76,188.77,189.26,0
2002-03-01,189.1,190.23,188.61,189.21,0
2002-03-04,189.35,189.52,187.08,188.08,0
2002-03-05,188.1,188.65,186.85,188.36,0
2002-03-06,188.2,188.45,185.6,186,0
2002-03-07,185.87,186.32,180.02,181.59,0
2002-03-08,181.76,183.1,181.49,182.67,0
2002-03-11,182.66,183.61,181.62,182.33,0
2002-03-12,182.34,182.96,181.48,182.5,0
2002-03-13,182.45,183.45,182.1,183.38,0
2002-03-14,183.36,183.62,182.04,183.59,0
2002-03-15,183.38,184.2,183.1,184.03,0
2002-03-18,183.85,187.47,183.73,187.41,0
2002-03-19,187.2,188.47,186.61,188.01,0
2002-03-20,188.13,188.44,186.63,187.8,0
2002-03-21,187.58,188.89,187.32,188.33,0
2002-03-22,188.34,189.68,188.16,189.3,0
2002-03-25,189.38,190.53,188.76,190.16,0
2002-03-26,190.22,190.32,188.68,189.85,0
2002-03-27,189.83,190.06,188.39,189.09,0
2002-03-28,189.02,189.25,188.1,188.92,0
2002-03-29,189.03,189.69,188.53,189.32,0
2002-04-01,189.18,192.45,189.14,192.19,0
2002-04-02,192.18,192.29,191.24,191.45,0
2002-04-03,191.36,191.49,190.1,190.73,0
2002-04-04,190.47,191.14,189.23,189.76,0
2002-04-05,189.63,189.88,188.34,188.71,0
2002-04-08,188.46,189.08,187.45,188.31,0
2002-04-09,188.36,188.82,187.41,188.12,0
2002-04-10,187.82,188,187.11,187.73,0
2002-04-11,187.68,189.46,187.55,189.28,0
2002-04-12,189.05,190.1,188.57,189.67,0
2002-04-15,189.58,190.04,188.63,190,0
2002-04-16,189.9,189.92,188.33,189.01,0
2002-04-17,188.92,189.43,188.35,189.04,0
2002-04-18,188.85,189.18,187.22,188.27,0
2002-04-19,188.19,189.01,188.04,188.67,0
2002-04-22,188.69,189.05,187.5,188.59,0
2002-04-23,188.66,188.85,187.84,188.44,0
2002-04-24,188.28,188.75,187.41,187.84,0
2002-04-25,187.87,187.91,186.25,187.34,0
2002-04-26,187.24,187.45,185.84,186.44,0
2002-04-29,186.43,187.1,186.1,186.85,0
2002-04-30,186.74,187.53,186.11,187.35,0
2002-05-01,187.33,187.53,186,186.86,0
2002-05-02,186.72,187.69,186.08,187.1,0
2002-05-03,187.07,187.12,186.15,186.59,0
2002-05-06,186.53,187.04,186.37,186.7,0
2002-05-07,186.7,188.22,186.11,187.78,0
2002-05-08,187.87,188.38,186.9,187.71,0
2002-05-09,187.61,187.9,186.86,187.32,0
2002-05-10,187.31,188.26,186.4,186.83,0
2002-05-13,186.82,186.99,185.79,186.23,0
2002-05-14,186.19,186.83,185.86,186.43,0
2002-05-15,186.42,186.45,185.23,186.44,0
2002-05-16,186.29,187.01,185.54,186.56,0
2002-05-17,186.42,186.44,183.22,183.62,0
2002-05-20,183.83,184.14,182.41,182.88,0
2002-05-21,182.74,183.77,180.11,181.255,0
2002-05-22,181.21,182.65,180.12,181.11,0
2002-05-23,181.29,182.45,180.65,182,0
2002-05-24,181.87,182.02,181.34,181.89,0
2002-05-27,181.72,182.14,181.54,181.8,0
2002-05-28,181.66,182.26,181.42,181.74,0
2002-05-29,181.7,181.97,181.31,181.97,0
2002-05-30,181.71,181.95,180.01,180.8,0
2002-05-31,180.57,182.45,180.37,180.49,0
2002-06-03,181.03,181.22,180.57,180.85,0
2002-06-04,180.85,181.72,180.27,181.07,0
2002-06-05,181.03,181.92,180.55,181.61,0
2002-06-06,180.81,182.17,180.71,181.28,0
2002-06-07,181.15,182.08,180.98,181.52,0
2002-06-10,181.58,182.27,181.4,182.25,0
2002-06-11,182.11,184.65,181.77,184.38,0
2002-06-12,184.4,185.22,184.19,184.92,0
2002-06-13,184.79,185.12,183.66,183.85,0
2002-06-14,183.89,184.08,182.97,183.32,0
2002-06-17,183.49,184.11,183,183.95,0
2002-06-18,183.9,185.64,183.68,185.37,0
2002-06-19,185.33,185.72,184.17,184.75,0
2002-06-20,184.83,185.13,184.22,185.04,0
2002-06-21,184.98,185.73,181.13,181.34,0
2002-06-24,181.59,183.89,181.27,182.74,0
2002-06-25,182.51,183.16,182.2,183.03,0
2002-06-26,182.99,184.11,180.81,183.22,0
2002-06-27,183.17,183.43,181.65,183.1,0
2002-06-28,182.95,184,181.57,183.4,0
2002-07-01,183.34,184.09,182.82,183.42,0
2002-07-02,183.62,184.33,183.04,184.07,0
2002-07-03,184.06,184.29,182.46,182.83,0
2002-07-04,182.94,183.91,182.69,183.22,0
2002-07-05,183.11,183.53,181.84,183.24,0
2002-07-08,182.68,183.11,181.5,182.84,0
2002-07-09,182.83,183.31,181.98,182.91,0
2002-07-10,182.86,183.3,181.64,182.14,0
2002-07-11,182.23,182.59,180.48,181.89,0
2002-07-12,181.87,181.97,180.25,181.58,0
2002-07-15,181.55,182.9,180.43,182.72,0
2002-07-16,182.4,183.05,181.39,182.57,0
2002-07-17,182.43,182.93,181.94,182.7,0
2002-07-18,182.73,183.87,182.31,183.35,0
2002-07-19,183.17,183.72,182.42,182.69,0
2002-07-22,182.84,183.83,182.41,183.6,0
2002-07-23,183.54,184.37,182.94,183.68,0
2002-07-24,183.61,184.05,182.38,183.56,0
2002-07-25,183.17,184.68,182.88,184.5,0
2002-07-26,184.6,186.7,184.2,186.02,0
2002-07-29,186.13,187.48,185.63,187,0
2002-07-30,186.95,189.25,186.34,189.12,0
2002-07-31,189.11,189.26,186.78,187.48,0
2002-08-01,187.29,187.56,185.34,186.28,0
2002-08-02,186.05,187.36,185.63,186.52,0
2002-08-05,186.42,187.3,185.66,186.82,0
2002-08-06,186.73,187.05,185.59,185.75,0
2002-08-07,185.71,186.34,184.49,184.9,0
2002-08-08,184.97,185.36,184.18,185.36,0
2002-08-09,185.33,185.8,182.68,183.17,0
2002-08-12,183.01,183.61,181.65,182.22,0
2002-08-13,182.18,182.63,181.46,182.04,0
2002-08-14,181.71,181.96,179.21,180.27,0
2002-08-15,180.26,180.74,179.11,180.29,0
2002-08-16,180.25,181.27,179.74,181,0
2002-08-19,180.89,182.61,180.56,181.19,0
2002-08-20,181.09,182.18,180.8,181.74,0
2002-08-21,181.52,181.66,180.27,181.55,0
2002-08-22,181.45,182.54,181.01,182.45,0
2002-08-23,182.05,182.65,181.65,181.92,0
2002-08-26,181.87,182.29,181.62,182.25,0
2002-08-27,182.13,182.34,180.21,181.35,0
2002-08-28,181.39,182.28,181.04,182.21,0
2002-08-29,182.28,183.3,181,183.1,0
2002-08-30,183.14,183.94,182.19,183.59,0
2002-09-02,183.54,184.05,182.7,182.96,0
2002-09-03,182.94,183.35,182.32,183.33,0
2002-09-04,183.2,184.76,182.94,184.56,0
2002-09-05,184.45,185.78,184.07,185.38,0
2002-09-06,185.28,185.97,184.22,184.93,0
2002-09-09,184.75,185.85,184.12,185.17,0
2002-09-10,185.033,186.8,184.3,186.4428,0
2002-09-11,186.32,187.03,186.02,186.95,0
2002-09-12,186.79,187.71,186.35,187.35,0
2002-09-13,187.29,189.98,186.33,188.68,0
2002-09-16,188.84,189.34,188.02,188.5,0
2002-09-17,188.44,188.87,187.53,188.06,0
2002-09-18,188.12,189.1,186.64,188.29,0
2002-09-19,188.07,189.3,187.72,189.06,0
2002-09-20,189.07,192.03,188.96,191.78,0
2002-09-23,192.08,193.32,190.77,192.02,0
2002-09-24,191.96,192.47,190.96,192.24,0
2002-09-25,192.25,192.74,190.56,191.29,0
2002-09-26,191.18,191.98,189.84,190.16,0
2002-09-27,190.18,191.8,190.06,191.19,0
2002-09-30,191.08,191.7,189.57,190.93,0
2002-10-01,190.74,192.86,190.67,191.98,0
2002-10-02,191.94,193.19,191.33,192.92,0
2002-10-03,192.84,193.35,192.12,192.7,0
2002-10-04,192.42,193.28,192.01,192.96,0
2002-10-07,192.73,194.88,192.28,194.7,0
2002-10-08,194.51,194.99,192.83,193.14,0
2002-10-09,192.96,193.11,192.12,192.99,0
2002-10-10,192.93,193.64,192.46,193.39,0
2002-10-11,193.43,194.21,192.88,193.76,0
2002-10-14,193.78,194.07,193.08,193.68,0
2002-10-15,193.66,194.25,192.68,193.6,0
2002-10-16,193.55,194.23,192.48,193.42,0
2002-10-17,193.41,194.01,192.39,193.93,0
2002-10-18,193.76,194.29,193.31,193.97,0
2002-10-21,193.86,194.1,192.11,192.72,0
2002-10-22,192.74,194,192.51,193.53,0
2002-10-23,193.43,193.83,191.63,192.82,0
2002-10-24,192.83,193.45,191.65,193.41,0
2002-10-25,193.39,193.7,192.06,192.84,0
2002-10-28,192.52,193.34,191.72,192.83,0
2002-10-29,192.72,192.8,190.73,191.74,0
2002-10-30,191.63,191.88,190.71,191.47,0
2002-10-31,191.49,192,190.6,191.71,0
2002-11-01,191.62,192.09,190.12,191.03,0
2002-11-04,191.05,191.29,189.98,190.4,0
2002-11-05,190.28,190.61,189.32,190.43,0
2002-11-06,190.38,190.99,189.75,190.59,0
2002-11-07,190.46,191.76,189.97,191.41,0
2002-11-08,191.39,191.91,190.09,190.65,0
2002-11-11,190.5,190.95,189.22,189.82,0
2002-11-12,189.85,190.29,189.36,190.29,0
2002-11-13,190.25,191.01,189.74,190.52,0
2002-11-14,190.35,191.11,189.94,190.29,0
2002-11-15,190.19,190.69,189.71,190.4,0
2002-11-18,190.17,191.68,190.11,191.42,0
2002-11-19,191.39,193.59,191.02,193.14,0
2002-11-20,193.2,193.81,192.35,192.74,0
2002-11-21,192.65,194.05,191.86,194.04,0
2002-11-22,193.9,194.44,193.66,194.09,0
2002-11-25,194.08,194.34,190.35,191.06,0
2002-11-26,191.11,191.19,188.17,188.75,0
2002-11-27,188.7,189.33,187.59,189.29,0
2002-11-28,189.19,189.9,188.89,189.65,0
2002-11-29,189.54,191.01,189.19,190.77,0
2002-12-02,190.83,194.32,190.65,194.05,0
2002-12-03,194.08,195.78,193.27,195.61,0
2002-12-04,195.53,196.49,194.76,195.6,0
2002-12-05,195.66,197.22,195.23,196.25,0
2002-12-06,196.07,197.08,192.72,194.7,0
2002-12-09,194.72,194.94,192.96,194.88,0
2002-12-10,194.87,195.37,193.78,194.39,0
2002-12-11,194.48,195.02,193.52,194.98,0
2002-12-12,194.97,195.07,193.4,194.16,0
2002-12-13,194.09,194.15,191.16,191.5,0
2002-12-16,191.58,193.45,191.19,193.13,0
2002-12-17,193.06,194,192.24,193.91,0
2002-12-18,193.87,194.43,193.13,194.05,0
2002-12-19,194.22,194.4,192.94,193.18,0
2002-12-20,193.24,193.87,192.55,192.9,0
2002-12-23,192.75,192.95,191.08,191.88,0
2002-12-24,191.78,192.05,190.9,191.95,0
2002-12-25,191.75,192.36,191.48,192.03,0
2002-12-26,192,192.13,191.51,191.93,0
2002-12-27,191.82,192.61,190.63,192.32,0
2002-12-30,192.14,192.52,189.7,190.16,0
2002-12-31,190.06,191.48,189.76,191.44,0
2003-01-02,191.15,191.61,190.49,191.43,0
2003-01-03,191.44,192.89,190.71,192.73,0
2003-01-06,192.72,193,191,191.71,0
2003-01-07,191.67,193.38,191.39,193.22,0
2003-01-08,193.19,193.31,191.33,192.07,0
2003-01-09,192.11,192.28,191.19,191.67,0
2003-01-10,191.65,192.74,191.49,191.78,0
2003-01-13,191.67,191.98,189.88,190.29,0
2003-01-14,190.26,190.66,189.07,189.62,0
2003-01-15,189.56,190.58,188.61,189.59,0
2003-01-16,189.65,190.2,188.86,189.87,0
2003-01-17,189.71,190.88,189.46,189.93,0
2003-01-20,190.16,191.34,189.52,189.73,0
2003-01-21,189.85,191.51,189.59,191.11,0
2003-01-22,191.05,191.59,189.85,191.46,0
2003-01-23,191.51,192.14,190.89,191.68,0
2003-01-24,191.64,192.92,191.32,192.36,0
2003-01-27,192.43,194.69,192.2,193.76,0
2003-01-28,193.89,195.08,193.33,194.72,0
2003-01-29,194.67,195.21,194.03,195.11,0
2003-01-30,195.09,197.05,194.82,196.98,0
2003-01-31,196.87,197.6,196.44,197.55,0
2003-02-03,197.36,198.62,196.73,197.68,0
2003-02-04,197.52,198.04,197.08,197.41,0
2003-02-05,197.27,197.67,196.65,197.04,0
2003-02-06,196.84,197.57,195.72,196.34,0
2003-02-07,196.19,196.4,195.1,196.25,0
2003-02-10,196.35,197.54,195.99,197.16,0
2003-02-11,197.11,197.42,195.67,195.87,0
2003-02-12,195.87,196.37,194.98,196.05,0
2003-02-13,196.08,196.54,194.92,195.39,0
2003-02-14,195.23,195.63,193.37,194.25,0
2003-02-17,193.92,194.33,191.84,192.14,0
2003-02-18,192.09,192.4,188.95,189.28,0
2003-02-19,189.23,189.98,188.95,189.63,0
2003-02-20,189.63,190.57,187.96,188.56,0
2003-02-21,188.56,189.6,187.36,187.51,0
2003-02-24,187.43,187.67,185.54,187.17,0
2003-02-25,187.13,187.63,183.97,184.59,0
2003-02-26,184.52,185.49,184.42,185.23,0
2003-02-27,185.42,185.93,184.55,185.81,0
2003-02-28,185.91,186.73,185.56,185.89,0
2003-03-03,185.89,186.39,184.66,185.62,0
2003-03-04,185.58,186.82,185.42,186.4,0
2003-03-05,186.46,188.09,185.84,187.76,0
2003-03-06,187.86,188.68,187.55,188.29,0
2003-03-07,188.19,188.41,186.33,187.59,0
2003-03-10,187.56,187.69,185.75,187.2,0
2003-03-11,187.03,188.22,186.87,188.2,0
2003-03-12,188.23,189.42,187.96,189.23,0
2003-03-13,189.22,190.58,188.59,189.9,0
2003-03-14,189.9,190.11,187.18,187.26,0
2003-03-17,187.35,187.68,185.4,186.06,0
2003-03-18,185.99,186.78,185.41,186.19,0
2003-03-19,186.05,188.57,184.73,188.35,0
2003-03-20,188.4,188.56,187.25,188.41,0
2003-03-21,188.35,190.6,187.67,189.87,0
2003-03-24,189.45,190.32,189.11,190.12,0
2003-03-25,190.09,190.24,188.1,189.04,0
2003-03-26,188.97,189.53,188.65,189.03,0
2003-03-27,188.81,189.35,187.37,187.72,0
2003-03-28,187.66,189.06,187.32,188.43,0
2003-03-31,188.64,189.18,186.08,186.68,0
2003-04-01,186.71,187.23,185.73,186.29,0
2003-04-02,186.13,187.25,185.81,186.38,0
2003-04-03,186.44,188.17,185.8,187.75,0
2003-04-04,187.71,188.46,187.02,187.26,0
2003-04-07,187.2,188.13,185.93,186.08,0
2003-04-08,186.3,186.64,185.57,186.29,0
2003-04-09,186.11,188.05,185.63,187.68,0
2003-04-10,187.86,188.32,186.85,188.19,0
2003-04-11,188.16,189.71,187.81,189.5,0
2003-04-14,189.34,190.22,188.7,189.41,0
2003-04-15,189.09,189.56,188.51,188.93,0
2003-04-16,188.89,189.83,187.91,189.01,0
2003-04-17,188.84,189.06,187.72,187.94,0
2003-04-18,187.81,188.63,187.78,188.21,0
2003-04-21,187.86,189.49,187.69,188.26,0
2003-04-22,188.33,189.3,188.05,189.25,0
2003-04-23,189.16,191.25,188.6,191,0
2003-04-24,190.73,191.56,190.16,191.15,0
2003-04-25,190.98,192.43,190.55,191.3,0
2003-04-28,191.41,192.02,190.91,191.34,0
2003-04-29,191.32,191.64,190.25,191.06,0
2003-04-30,190.91,191.29,189.96,190.06,0
2003-05-01,190.11,191.09,189.29,191.05,0
2003-05-02,191.02,191.31,190.33,190.91,0
2003-05-05,190.88,190.97,190.2,190.53,0
2003-05-06,190.35,191,189.44,189.91,0
2003-05-07,189.82,190.47,185.03,185.81,0
2003-05-08,185.9124,188.2851,184.74,187.55,0
2003-05-09,187.53,188.79,187.45,188.44,0
2003-05-12,188.42,188.6,186.88,188.24,0
2003-05-13,188.38,188.78,187.11,187.95,0
2003-05-14,187.92,188.69,187.01,188.18,0
2003-05-15,187.98,189.06,186.8,188.91,0
2003-05-16,188.89,189.08,187.75,188.22,0
2003-05-19,188.08,191.71,187.5,191.27,0
2003-05-20,191.33,191.79,190.76,191.36,0
2003-05-21,191.33,193.02,191.1,192.07,0
2003-05-22,192.31,192.54,191.06,191.46,0
2003-05-23,191.38,192.4,190.98,191.17,0
2003-05-26,190.8,192.44,190.77,191.37,0
2003-05-27,191.43,192.4,190.97,192.14,0
2003-05-28,192.2,194.7,191.89,194.47,0
2003-05-29,194.33,195.88,193.89,195.15,0
2003-05-30,195.18,196.1,194.86,195.21,0
2003-06-02,194.43,194.6,192.8,194.2,0
2003-06-03,194.18,194.84,193.34,194.22,0
2003-06-04,194.01,194.72,192.97,193.89,0
2003-06-05,193.79,195.71,192.76,195.37,0
2003-06-06,195.31,197.79,195,197.32,0
2003-06-09,196.92,197.33,193.98,194.52,0
2003-06-10,194.42,195.7,193.71,194.52,0
2003-06-11,194.44,196.66,194.15,196.28,0
2003-06-12,196.14,197.46,196.02,196.41,0
2003-06-13,196.19,196.98,195.35,196.34,0
2003-06-16,196.44,198.61,196.14,197.33,0
2003-06-17,197.24,199.51,197.22,199.09,0
2003-06-18,198.96,199.65,197.65,197.77,0
2003-06-19,198.02,199.29,197.97,198.79,0
2003-06-20,198.79,199.22,196.18,196.9,0
2003-06-23,197.13,197.25,195.28,196.44,0
2003-06-24,196.41,196.75,195.38,196.03,0
2003-06-25,195.94,197.55,195.17,197.37,0
2003-06-26,197.23,198.76,196.82,198.26,0
2003-06-27,198.26,198.86,196.95,197.32,0
2003-06-30,197.41,198.75,197.24,198.18,0
2003-07-01,198.17,198.92,197.2,198.56,0
2003-07-02,198.41,198.75,196.17,196.81,0
2003-07-03,196.74,197.83,196.05,197.16,0
2003-07-04,197.22,197.67,196.46,196.79,0
2003-07-07,196.75,197.02,194.23,194.94,0
2003-07-08,194.77,195.04,192.97,193.22,0
2003-07-09,193.09,193.72,191.59,192.97,0
2003-07-10,192.86,192.94,190.96,192.32,0
2003-07-11,192.25,192.96,191.68,192.26,0
2003-07-14,192.07,192.07,189.61,189.96,0
2003-07-15,189.27,189.94,186.21,187.74,0
2003-07-16,187.69,188.76,187.49,188.52,0
2003-07-17,188.56,189.68,188.28,189.64,0
2003-07-18,189.62,190.17,187.66,188.62,0
2003-07-21,187.38,189.94,186.7,189.66,0
2003-07-22,189.55,191.32,189.18,190.17,0
2003-07-23,189.97,191.43,189.21,190.91,0
2003-07-24,191,192.3,190.76,192.23,0
2003-07-25,192.23,192.87,191.62,192.3,0
2003-07-28,192.64,194.46,192.44,194.12,0
2003-07-29,194.03,194.8,193.78,194.8,0
2003-07-30,194.6,195.02,194.05,194.31,0
2003-07-31,194.29,194.47,192.88,194.11,0
2003-08-01,194.07,194.26,192.38,193.52,0
2003-08-04,193.84,193.9,193.8,193.87,0
2003-08-05,193.84,194.44,191.93,193.55,0
2003-08-06,193.5,194.28,192.76,193.61,0
2003-08-07,193.51,193.51,191.56,192.6,0
2003-08-08,192.49,192.62,190.57,191.12,0
2003-08-11,190.82,191.13,189.34,190.54,0
2003-08-12,190.47,190.99,189.44,190.26,0
2003-08-13,190.2,191.95,189.64,191.58,0
2003-08-14,191.41,192.49,190.33,190.52,0
2003-08-15,190.7,190.94,189.74,190.33,0
2003-08-18,190.33,190.67,189.49,190.14,0
2003-08-19,189.98,189.98,187.68,188,0
2003-08-20,187.97,188.98,187.6,188.11,0
2003-08-21,188.03,188.32,185.36,185.93,0
2003-08-22,185.84,186.22,184.28,185.02,0
2003-08-25,185.02,185.49,184.06,184.14,0
2003-08-26,184.04,184.89,183.36,184.14,0
2003-08-27,184.09,185.54,183.86,184.65,0
2003-08-28,184.37,185.46,183.6,185.17,0
2003-08-29,185.2,185.33,183.31,184.43,0
2003-09-01,184.29,184.55,182.5,183.17,0
2003-09-02,183.08,183.75,181.89,182.47,0
2003-09-03,182.47,182.77,181.23,182.09,0
2003-09-04,182.14,184.98,181.54,184.77,0
2003-09-05,184.74,186.15,184.25,185.48,0
2003-09-08,184.84,184.93,184.84,184.93,0
2003-09-09,184.84,186.05,183.54,185.92,0
2003-09-10,185.88,186.49,185.31,186.46,0
2003-09-11,186.42,187.07,185.4,186.74,0
2003-09-12,186.79,188.54,186.12,188.05,0
2003-09-15,187.96,188.88,187.88,187.98,0
2003-09-16,187.97,188.31,184.07,184.46,0
2003-09-17,184.45,187.38,184.08,186.96,0
2003-09-18,186.7,187.07,185.66,186.47,0
2003-09-19,186.39,187.65,185.45,186.67,0
2003-09-22,185.08,185.31,183.7,185.2,0
2003-09-23,185.05,185.49,183.24,185.35,0
2003-09-24,185.31,185.64,183.9,185.64,0
2003-09-25,185.62,186.34,184.64,185.98,0
2003-09-26,185.91,186.18,185.07,185.13,0
2003-09-29,185.11,185.27,183.44,184.72,0
2003-09-30,184.81,186.31,183.88,185.27,0
2003-10-01,185.2,185.31,183.14,184.61,0
2003-10-02,184.53,185.55,184.42,184.85,0
2003-10-03,184.79,185.4,183.93,184.54,0
2003-10-06,184.53,186.21,183.92,185.28,0
2003-10-07,185.31,186.07,181.92,182.77,0
2003-10-08,182.69,182.93,181.6,182.17,0
2003-10-09,182.14,182.31,180.65,181.93,0
2003-10-10,181.7,181.93,180,180.9,0
2003-10-13,180.64,181.78,179.35,181.5,0
2003-10-14,181.46,183.12,180.85,182.1,0
2003-10-15,182.16,183.2,181.74,182.6,0
2003-10-16,182.66,184.19,182.55,183.89,0
2003-10-17,183.8,184.13,182.81,183.51,0
2003-10-20,183.38,185.08,182.6,184.43,0
2003-10-21,184.39,184.43,183.1,183.4,0
2003-10-22,183.45,184.61,183.19,184.37,0
2003-10-23,185.52,185.87,185.46,185.67,0
2003-10-24,185.52,186.44,184.96,185.04,0
2003-10-27,185.21,185.39,183.36,184.05,0
2003-10-28,183.81,184.04,182.86,183.7,0
2003-10-29,183.56,184.47,183.34,184.03,0
2003-10-30,183.96,184.77,183.3,184.45,0
2003-10-31,184.25,186.98,184.04,186.33,0
2003-11-03,186.33,187.33,185.92,186.12,0
2003-11-04,185.96,186.06,183.42,184.2,0
2003-11-05,184.06,185.07,183.34,183.91,0
2003-11-06,183.9,184.6,183.39,184.01,0
2003-11-07,183.78,183.91,182.18,183.1,0
2003-11-10,182.96,183.56,180.33,181.7,0
2003-11-11,181.76,182.11,180.57,180.98,0
2003-11-12,180.98,182.76,180.92,182.16,0
2003-11-13,182.18,182.88,181.41,182.3,0
2003-11-14,182.35,182.96,182.12,182.84,0
2003-11-17,182.73,185.12,182.68,184.29,0
2003-11-18,184.18,184.73,183.38,184.01,0
2003-11-19,183.98,185.67,182.75,185.58,0
2003-11-20,185.47,185.9,184.79,185.69,0
2003-11-21,185.69,186.11,184.85,185.28,0
2003-11-24,185.4,185.82,184.54,185.56,0
2003-11-25,185.41,186.8,185.29,185.75,0
2003-11-26,185.86,186.83,185.39,186.73,0
2003-11-27,186.66,187.33,186.17,187.03,0
2003-11-28,186.9,188.87,186.89,188.83,0
2003-12-01,188.67,189.65,187.86,188.02,0
2003-12-02,188.06,188.9,187.51,187.89,0
2003-12-03,187.88,188.25,186.49,186.95,0
2003-12-04,186.98,187.22,185.86,186.47,0
2003-12-05,186.26,186.75,185.82,186.2,0
2003-12-08,186.14,186.72,185.51,186.08,0
2003-12-09,186.09,187.27,185.81,186.91,0
2003-12-10,186.89,189.23,186.75,188.73,0
2003-12-11,188.85,189.01,188,188.48,0
2003-12-12,188.36,188.98,187.72,188.2,0
2003-12-15,188.07,188.51,187.42,187.94,0
2003-12-16,187.95,188.76,187.66,188.59,0
2003-12-17,188.48,190.12,187.99,189.79,0
2003-12-18,189.65,191.16,189.4,190.75,0
2003-12-19,190.79,190.97,189.76,190.35,0
2003-12-22,190.09,190.51,188.88,189.62,0
2003-12-23,189.57,189.74,189.11,189.38,0
2003-12-24,189.35,190.61,189.17,190.57,0
2003-12-25,190.54,190.6,189.95,190.05,0
2003-12-26,190,190.52,189.51,190.41,0
2003-12-29,190.17,190.33,189.21,189.88,0
2003-12-30,189.88,190.57,189.56,190.36,0
2003-12-31,190.09,191.97,189.92,191.72,0
2004-01-01,191.57,192.02,191.25,191.53,0
2004-01-02,191.52,192.03,190.21,191.89,0
2004-01-05,191.83,192.68,190.95,191.95,0
2004-01-06,191.77,194.27,191.54,193.51,0
2004-01-07,193.44,193.93,192.33,193.2,0
2004-01-08,192.94,194.99,192.13,194.67,0
2004-01-09,194.63,198.1,194.4,197.13,0
2004-01-12,196.92,197.76,196.45,197.08,0
2004-01-13,196.94,197.13,195.49,196.13,0
2004-01-14,196.08,196.42,194.43,194.7,0
2004-01-15,194.6,195.02,192.84,193.84,0
2004-01-16,193.79,194.04,191.31,191.77,0
2004-01-19,191.55,192.48,191,191.28,0
2004-01-20,191.22,195.36,191.06,194.81,0
2004-01-21,194.86,196.09,194.38,195.89,0
2004-01-22,195.78,196.49,195.08,195.59,0
2004-01-23,195.5,196.08,192.84,194.76,0
2004-01-26,194.83,194.83,192.23,192.95,0
2004-01-27,192.92,193.11,190.84,193.03,0
2004-01-28,193.02,194.42,192.59,193.25,0
2004-01-29,193.23,193.71,191.78,192.39,0
2004-01-30,192.36,193.22,191.01,192.83,0
2004-02-02,192.47,192.98,191.48,192.17,0
2004-02-03,192.08,194.61,191.92,193.94,0
2004-02-04,193.96,194.1,192.88,193.13,0
2004-02-05,193.09,194.39,192.97,194.11,0
2004-02-06,194.03,196.41,193.75,195.06,0
2004-02-09,194.9,196.94,194.74,196.34,0
2004-02-10,196.46,197.67,196.26,197.42,0
2004-02-11,197.23,199.35,196.79,199.31,0
2004-02-12,199.35,199.82,198.89,199.43,0
2004-02-13,199.38,200.03,198.27,198.96,0
2004-02-16,198.83,199.5,198.32,199.43,0
2004-02-17,199.32,201.63,199.07,201.22,0
2004-02-18,201.22,202.64,200.95,201.43,0
2004-02-19,201.46,203.23,200.98,202.91,0
2004-02-20,202.66,203.89,202.17,202.83,0
2004-02-23,202.66,202.78,200.72,202.42,0
2004-02-24,202.34,204.77,202,204.56,0
2004-02-25,204.53,205.83,203.73,204.03,0
2004-02-26,203.86,204.6,203.39,204.09,0
2004-02-27,203.96,204.22,201.24,203.83,0
2004-03-01,203.94,204.91,203.05,203.59,0
2004-03-02,203.72,204.11,201.98,202.67,0
2004-03-03,202.43,202.74,199.9,201.46,0
2004-03-04,201.45,202.89,200.75,202.53,0
2004-03-05,202.49,207.35,201.91,206.88,0
2004-03-08,207.15,208.04,205.03,205.7,0
2004-03-09,205.67,206.74,202.62,203.24,0
2004-03-10,203.19,203.63,199.21,199.91,0
2004-03-11,199.76,201.11,198.46,200.97,0
2004-03-12,200.6,200.86,198.31,199.95,0
2004-03-15,198.95,200.83,196.9,199.2,0
2004-03-16,199.05,199.22,196.81,197.43,0
2004-03-17,197.08,197.71,195.37,196.61,0
2004-03-18,196.61,197.37,194.4,195.69,0
2004-03-19,195.96,196.93,194.85,195.68,0
2004-03-22,195.73,197.88,195.73,197.33,0
2004-03-23,197.39,197.81,196.55,197.54,0
2004-03-24,197.43,198.1,193.34,193.75,0
2004-03-25,193.78,194.37,190.94,191.87,0
2004-03-26,191.69,192.79,190.16,192.31,0
2004-03-29,191.97,192.43,190.67,191.99,0
2004-03-30,191.99,193.99,191.64,192.99,0
2004-03-31,193.06,193.44,189.57,192.54,0
2004-04-01,192.32,193.05,191.29,192.61,0
2004-04-02,192.48,193.31,190.52,191.43,0
2004-04-05,191.15,191.86,190.01,191.03,0
2004-04-06,191.36,195.37,191.33,194.81,0
2004-04-07,194.87,195.26,193.16,193.88,0
2004-04-08,193.73,195.42,193.4,194.81,0
2004-04-09,194.74,195.55,193.96,194.8,0
2004-04-12,194.86,195.24,193.21,194.02,0
2004-04-13,193.93,194.64,192.39,193.99,0
2004-04-14,193.94,194.86,193.28,194.67,0
2004-04-15,194.55,195.14,192.92,193.87,0
2004-04-16,193.8,195.35,193.25,193.75,0
2004-04-19,193.57,196.52,193.54,195.95,0
2004-04-20,195.72,196.61,193.02,194.28,0
2004-04-21,194.13,194.62,192.94,193.96,0
2004-04-22,194,194.43,193.01,194.33,0
2004-04-23,194.27,194.79,192.33,193.36,0
2004-04-26,193.23,194.5,192.71,194.27,0
2004-04-27,194.25,196.8,193.5,196.3,0
2004-04-28,196.21,196.63,194.27,195.06,0
2004-04-29,195.14,195.93,194.57,195.21,0
2004-04-30,194.96,196.64,194.62,196.43,0
2004-05-03,196.38,196.49,194.23,195.21,0
2004-05-04,195.21,197.53,195.08,196.76,0
2004-05-05,196.42,196.87,193.99,194.89,0
2004-05-06,194.76,197.34,194.5,197.28,0
2004-05-07,196.97,200.73,196.75,200.7,0
2004-05-10,200.47,202.42,200.21,202.17,0
2004-05-11,202.1,202.22,198.19,198.46,0
2004-05-12,198.34,201.38,197.79,200.34,0
2004-05-13,200.12,202.26,199.87,201.97,0
2004-05-14,201.99,202.12,200.48,200.63,0
2004-05-17,201.03,202.54,199.98,202.31,0
2004-05-18,202.23,202.89,199.89,201.96,0
2004-05-19,201.73,201.91,199.85,201.53,0
2004-05-20,201.44,201.93,199.72,200.47,0
2004-05-21,200.18,201.14,199.38,201.14,0
2004-05-24,200.48,202.48,200.28,202.01,0
2004-05-25,202.04,203.84,201.94,202.54,0
2004-05-26,202.33,203.14,201.86,202.76,0
2004-05-27,202.74,203.98,202.54,203.88,0
2004-05-28,203.79,203.95,201.29,201.57,0
2004-05-31,202.26,202.66,200.05,200.61,0
2004-06-01,200.53,203.64,200.23,203.57,0
2004-06-02,203.23,204.46,201.46,201.76,0
2004-06-03,201.62,204.9,201.22,204.22,0
2004-06-04,204.36,205.29,203.12,204.67,0
2004-06-07,204.15,204.47,201.08,201.64,0
2004-06-08,201.55,202.72,201.09,201.36,0
2004-06-09,201.45,202.31,198.82,201.74,0
2004-06-10,201.44,202.18,198.95,201.17,0
2004-06-11,201.31,202.08,199.78,200.21,0
2004-06-14,200.11,202.02,199.68,201.59,0
2004-06-15,201.31,202.02,199.8,200.71,0
2004-06-16,200.53,201.63,200.06,201.04,0
2004-06-17,200.94,201.55,199.9,200.8,0
2004-06-18,200.97,201.19,199.33,199.86,0
2004-06-21,199.89,200.27,197.98,199.48,0
2004-06-22,199.36,199.56,197.28,198.91,0
2004-06-23,198.61,198.95,196.91,197.05,0
2004-06-24,197,197.14,194.52,195.69,0
2004-06-25,195.51,196.92,195.06,196.61,0
2004-06-28,196.34,197.8,196.04,197.5,0
2004-06-29,197.44,198.25,195.24,195.61,0
2004-06-30,195.58,198.64,195.47,198.08,0
2004-07-01,198,198.19,195.84,197.32,0
2004-07-02,197.34,198.99,197.16,198.24,0
2004-07-05,198.41,200.02,198.15,199.64,0
2004-07-06,199.57,201.72,199.42,201.52,0
2004-07-07,201.45,201.88,200.28,201.77,0
2004-07-08,201.57,202.23,200.9,201.5,0
2004-07-09,201.53,201.8,200.16,201.21,0
2004-07-12,201.16,202.05,200.03,201.5,0
2004-07-13,201.44,202.92,201.08,201.69,0
2004-07-14,201.59,203.39,201.26,202.67,0
2004-07-15,202.58,203.63,201.79,203.42,0
2004-07-16,203.43,203.96,202.6,203.54,0
2004-07-19,203.9,204.09,201.95,202.23,0
2004-07-20,202.18,203.05,200.44,201.22,0
2004-07-21,201,202.3,200.52,202.3,0
2004-07-22,202.23,202.58,201.21,202.47,0
2004-07-23,202.45,202.65,201.32,201.91,0
2004-07-26,201.87,202.62,200.98,202.52,0
2004-07-27,202.35,202.93,201.88,202.04,0
2004-07-28,202.05,204.15,201.8,203.78,0
2004-07-29,203.73,204.09,202.94,203.58,0
2004-07-30,203.5,203.89,201.92,202.86,0
2004-08-02,202.04,203.21,201.8,202.16,0
2004-08-03,202.18,202.57,201.26,202.01,0
2004-08-04,201.85,203.34,201.54,202.72,0
2004-08-05,202.75,203.96,202.35,203.91,0
2004-08-06,203.75,204,202.6,203.51,0
2004-08-09,203.45,203.99,202.9,203.77,0
2004-08-10,203.68,204.01,203.02,203.37,0
2004-08-11,203.19,203.72,202.09,202.87,0
2004-08-12,202.87,203.22,201.95,202.12,0
2004-08-13,201.86,204.29,201.75,204.13,0
2004-08-16,203.41,204.79,203.01,203.3,0
2004-08-17,203.2,203.51,200.85,201,0
2004-08-18,200.65,201.38,199.18,199.49,0
2004-08-19,199.39,200.57,199.19,200.45,0
2004-08-20,200.31,200.67,198.25,198.59,0
2004-08-23,198.63,199.35,198.08,198.56,0
2004-08-24,198.36,198.86,195.66,196.61,0
2004-08-25,196.48,198.48,196.06,197.8,0
2004-08-26,197.73,198.14,196.28,197.06,0
2004-08-27,196.96,197.33,196,196.31,0
2004-08-30,196.2,197.63,196.02,197.29,0
2004-08-31,197.23,197.88,196.17,196.66,0
2004-09-01,196.67,197.04,195.89,196.27,0
2004-09-02,196.2,196.59,195.3,195.9,0
2004-09-03,195.87,196.78,194.91,196.09,0
2004-09-06,196.16,196.31,195.36,196.03,0
2004-09-07,195.97,196.31,193.61,194.09,0
2004-09-08,193.94,195.51,193.9,195.39,0
2004-09-09,195.3,196.1,194.94,195.8,0
2004-09-10,195.97,197.36,195.69,197.06,0
2004-09-13,197.05,198.62,196.38,197.76,0
2004-09-14,197.68,198.01,196.76,196.9,0
2004-09-15,196.84,197.04,195,195.46,0
2004-09-16,195.34,196.69,195.04,196.54,0
2004-09-17,196.44,197.89,196.17,196.47,0
2004-09-20,196.88,197.35,195.66,196.24,0
2004-09-21,196.18,197.86,196.08,197.16,0
2004-09-22,197.13,198.5,196.87,198.33,0
2004-09-23,198.34,199.71,198.18,199.13,0
2004-09-24,199.12,200.14,198.42,199.96,0
2004-09-27,199.54,201.48,199.45,201.35,0
2004-09-28,201.23,202.45,201.17,201.97,0
2004-09-29,201.91,201.96,199.08,199.56,0
2004-09-30,199.42,200.27,198.78,199.37,0
2004-10-01,199.35,199.66,197.58,198.88,0
2004-10-04,198.91,199.02,197.53,197.93,0
2004-10-05,197.69,198.4,197.48,198.17,0
2004-10-06,198.11,198.93,197.51,198.1,0
2004-10-07,197.97,198.36,197.51,198.25,0
2004-10-08,198.22,198.3,196.06,196.56,0
2004-10-11,196.5,196.68,195.82,196.47,0
2004-10-12,197.09,197.09,195.96,196.52,0
2004-10-13,196.4,197.06,195.8,196.96,0
2004-10-14,196.83,197.32,196.35,197.07,0
2004-10-15,196.92,197.47,196.11,197.33,0
2004-10-18,197,197.54,196.27,196.53,0
2004-10-19,196.39,196.62,195.1,195.41,0
2004-10-20,195.41,196.98,195.25,196.73,0
2004-10-21,196.77,197.13,195.67,196.36,0
2004-10-22,196.44,197.01,195.62,195.89,0
2004-10-25,196.37,196.73,195.28,196.43,0
2004-10-26,196.5,196.85,195.37,195.92,0
2004-10-27,195.95,196.48,194.31,194.38,0
2004-10-28,194.56,195.24,193.58,194.46,0
2004-10-29,194.43,194.68,193.72,194.44,0
2004-11-01,194.7,195.43,194.47,195.23,0
2004-11-02,195.19,195.63,194.72,195.29,0
2004-11-03,195.18,196.8,194.78,196.43,0
2004-11-04,196.4,196.57,195.02,195.52,0
2004-11-05,195.53,196.16,194.42,195.98,0
2004-11-08,195.47,196.36,195.31,195.81,0
2004-11-09,195.87,196.52,195.48,196.34,0
2004-11-10,196.3,198.12,196.01,197.78,0
2004-11-11,197.82,197.84,196.23,196.37,0
2004-11-12,196.25,196.82,195.09,196.02,0
2004-11-15,195.8,196.08,194.18,194.39,0
2004-11-16,194.36,195.54,194.28,195.23,0
2004-11-17,195.12,195.53,192.8,193.43,0
2004-11-18,193.48,193.64,192.6,192.84,0
2004-11-19,192.7,193.12,190.87,191.49,0
2004-11-22,191.93,192,190.95,191.99,0
2004-11-23,191.78,193.74,191.39,193,0
2004-11-24,192.91,193.83,192.75,193.3,0
2004-11-25,193.37,194.02,192.86,193.77,0
2004-11-26,193.75,195.02,193.58,194.29,0
2004-11-29,194.36,194.98,193.83,194.73,0
2004-11-30,194.61,196.95,194.41,196.63,0
2004-12-01,196.52,198.6,196.14,198.42,0
2004-12-02,198.41,198.75,197.4,198.61,0
2004-12-03,198.55,199.19,197.38,198.4,0
2004-12-06,198.4,200.73,197.96,200.13,0
2004-12-07,199.89,200.37,199.09,200.16,0
2004-12-08,200.21,202,199.69,201.23,0
2004-12-09,201.09,201.74,199.67,201.56,0
2004-12-10,201.46,202.33,200.81,201.4,0
2004-12-13,201.08,201.93,200.6,201.88,0
2004-12-14,201.62,203.66,201.14,203.5,0
2004-12-15,203.47,203.53,201.65,202.64,0
2004-12-16,202.36,203.01,201.45,202.29,0
2004-12-17,202.34,202.76,201.47,202.28,0
2004-12-20,202.14,203.39,202.03,202.53,0
2004-12-21,202.54,202.88,200.72,201.18,0
2004-12-22,201.13,201.5,198.58,199.45,0
2004-12-23,199.71,199.97,198.59,199.27,0
2004-12-24,199.21,199.93,198.51,199.51,0
2004-12-27,199.34,200.02,198.92,199.46,0
2004-12-28,199.3,200.08,198.53,198.69,0
2004-12-29,198.62,199.81,198.43,198.98,0
2004-12-30,199.13,199.75,197.72,198.68,0
2004-12-31,198.48,198.58,196.11,196.5,0
2005-01-03,197.04,197.12,195.31,195.61,0
2005-01-04,195.69,197.02,195.05,196.78,0
2005-01-05,196.93,196.98,195.53,195.96,0
2005-01-06,195.99,197.34,195.78,197.01,0
2005-01-07,196.83,197.24,195.37,195.99,0
2005-01-10,196.13,196.36,195.02,195.55,0
2005-01-11,195.6,195.78,193.57,194.18,0
2005-01-12,193.99,194.42,192.56,193.7,0
2005-01-13,193.6,193.89,192.37,192.81,0
2005-01-14,192.73,193.41,190,190.83,0
2005-01-17,190.68,191.34,189.49,189.85,0
2005-01-18,189.78,192.42,189.67,190.94,0
2005-01-19,190.86,192.9,190.42,192.37,0
2005-01-20,192.24,193.99,191.12,193.46,0
2005-01-21,193.41,194.33,192.38,192.96,0
2005-01-24,192.94,193.82,192.57,193.01,0
2005-01-25,193.07,194.55,192.43,193.98,0
2005-01-26,193.82,194.43,192.96,194.17,0
2005-01-27,193.93,195.02,193.85,194.8,0
2005-01-28,194.57,195.33,192.63,195.17,0
2005-01-31,195.43,195.51,194.62,195.25,0
2005-02-01,195.15,195.74,194.9,195.37,0
2005-02-02,195.28,196,194.83,195.44,0
2005-02-03,195.35,197.03,195.21,196.62,0
2005-02-04,196.54,196.75,194.67,195.24,0
2005-02-07,195.58,195.93,194.46,194.69,0
2005-02-08,194.63,196.73,194.4,196.16,0
2005-02-09,196.17,196.95,195.54,196.38,0
2005-02-10,196.28,197.94,196.03,197.81,0
2005-02-11,197.81,198.14,196.75,197.42,0
2005-02-14,197.04,198.67,196.17,198.58,0
2005-02-15,198.44,198.75,197.12,198.06,0
2005-02-16,198.04,199.02,197.47,198.67,0
2005-02-17,198.64,200.11,198.28,199.96,0
2005-02-18,199.89,200.57,199.14,200.1,0
2005-02-21,200.05,200.66,199.73,200.26,0
2005-02-22,200.18,200.26,198.13,198.84,0
2005-02-23,198.84,200.39,198.38,200.11,0
2005-02-24,200.07,201.61,199.44,201.18,0
2005-02-25,201.24,201.98,200.45,201.92,0
2005-02-28,201.91,201.94,200.05,201.01,0
2005-03-01,200.97,201.09,199.8,200.53,0
2005-03-02,200.53,201.2,199.91,200.35,0
2005-03-03,200.32,201.02,199.95,200.8,0
2005-03-04,200.75,201.55,200.59,201.48,0
2005-03-07,201.45,201.64,200.8,201.36,0
2005-03-08,201.31,202.02,200.72,201.92,0
2005-03-09,201.83,201.97,199.5,200.09,0
2005-03-10,200.11,201.16,199.45,200.08,0
2005-03-11,200.07,200.47,199.5,200.22,0
2005-03-14,199.94,201.54,199.82,200.77,0
2005-03-15,200.54,200.93,199.65,199.85,0
2005-03-16,199.98,201.01,199.51,200.7,0
2005-03-17,200.56,201.4,200.22,201.23,0
2005-03-18,201.2,201.59,200.51,201.19,0
2005-03-21,201.11,201.18,199.09,199.48,0
2005-03-22,199.48,199.94,198.54,199.05,0
2005-03-23,198.95,200.18,197.46,198.14,0
2005-03-24,198.12,199.32,197.88,198.81,0
2005-03-25,198.69,199.14,198.51,198.96,0
2005-03-28,198.85,200.3,198.48,199.84,0
2005-03-29,199.98,201.8,199.91,201.48,0
2005-03-30,201.56,202.53,201.04,201.99,0
2005-03-31,202,202.72,200.72,202.44,0
2005-04-01,202.5,202.99,201.87,202.38,0
2005-04-04,202.15,203.18,202.05,203.13,0
2005-04-05,203.15,204,202.96,203.48,0
2005-04-06,203.53,204.47,202.94,204.4,0
2005-04-07,204.33,204.47,202.89,203.16,0
2005-04-08,203.19,204.24,202.62,204.06,0
2005-04-11,204.12,204.3,203.44,203.81,0
2005-04-12,203.78,204.65,203.24,203.8,0
2005-04-13,203.73,203.91,202.59,203.24,0
2005-04-14,203.25,203.78,203,203.53,0
2005-04-15,203.45,204.21,203.21,204.21,0
2005-04-18,203.81,204.78,203.47,204.67,0
2005-04-19,204.37,205.35,204.05,204.79,0
2005-04-20,204.79,205.37,204.32,205.13,0
2005-04-21,205.18,205.33,203.77,204.1,0
2005-04-22,203.92,204.18,202.34,203.1,0
2005-04-25,202.07,202.82,201.58,201.99,0
2005-04-26,202.09,202.44,201.55,202.2,0
2005-04-27,202.16,202.74,201.32,201.75,0
2005-04-28,201.57,202.51,201.19,202.35,0
2005-04-29,202.39,202.48,199.68,199.79,0
2005-05-02,200.23,200.87,198.71,199.15,0
2005-05-03,199.2,199.41,198.38,198.89,0
2005-05-04,198.6,199.3,197.88,198.77,0
2005-05-05,198.88,199.24,198.39,198.87,0
2005-05-06,198.87,199.43,198.04,199.43,0
2005-05-09,198.66,199.22,198.26,199.21,0
2005-05-10,199.21,199.28,198.2,198.7,0
2005-05-11,198.69,199.37,197.64,198.16,0
2005-05-12,198.04,199.26,197.68,199.2,0
2005-05-13,199.09,199.49,197.98,198.42,0
2005-05-16,198.52,199.03,196.08,196.25,0
2005-05-17,196.31,197.46,195.53,197.16,0
2005-05-18,197.13,197.44,196.36,196.86,0
2005-05-19,196.81,197.78,196.66,197.71,0
2005-05-20,197.53,197.98,197.15,197.65,0
2005-05-23,197.37,197.59,196.72,197.04,0
2005-05-24,196.85,197.17,196.25,196.53,0
2005-05-25,196.66,197.44,196,197.27,0
2005-05-26,197.2,197.73,196.27,196.5,0
2005-05-27,196.51,197.14,196.24,197.14,0
2005-05-30,196.87,197.2,196.4,196.91,0
2005-05-31,196.84,197.36,195.76,197.27,0
2005-06-01,197.16,197.49,196.12,196.85,0
2005-06-02,196.71,197.03,196.25,196.54,0
2005-06-03,196.53,196.7,195.17,195.44,0
2005-06-06,195.22,195.58,194.1,195.05,0
2005-06-07,194.95,195.75,194.54,195.69,0
2005-06-08,195.51,196.54,195.2,195.54,0
2005-06-09,195.52,196.18,195.33,195.51,0
2005-06-10,195.49,197.02,195.17,196.77,0
2005-06-13,196.79,198.25,196.23,197.86,0
2005-06-14,197.93,198.06,197.19,197.89,0
2005-06-15,197.6,199.28,197.26,199,0
2005-06-16,198.93,199.1,198.22,198.5,0
2005-06-17,198.45,199.17,197.89,198.73,0
2005-06-20,198.74,199.75,198.35,199.39,0
2005-06-21,199.47,199.58,197.7,197.93,0
2005-06-22,197.95,198.78,197.67,198.27,0
2005-06-23,198.19,198.3,197.3,197.73,0
2005-06-24,197.64,199.3,197.59,198.88,0
2005-06-27,199,200.14,198.91,199.85,0
2005-06-28,199.78,200.32,199.31,199.5,0
2005-06-29,199.59,200.38,198.77,199.56,0
2005-06-30,199.43,199.7,198.11,198.62,0
2005-07-01,198.32,198.95,196.97,197.45,0
2005-07-04,197.15,197.16,195.59,196.24,0
2005-07-05,196.12,196.73,195.74,196.17,0
2005-07-06,196.13,197.34,195.85,196.69,0
2005-07-07,196.64,196.93,194.41,195.41,0
2005-07-08,195.36,195.83,194.46,195.13,0
2005-07-11,194.9,196.72,194.71,196.54,0
2005-07-12,196.33,197.29,195.86,197.09,0
2005-07-13,197.04,197.47,196.24,197.3,0
2005-07-14,197.29,197.7,196.65,197.31,0
2005-07-15,197.15,197.53,196.26,196.69,0
2005-07-18,196.45,197.02,195.27,195.74,0
2005-07-19,195.64,196.6,195.29,196.15,0
2005-07-20,196.18,197.25,195.57,196.24,0
2005-07-21,196.25,196.85,192.57,193.23,0
2005-07-22,193.39,195,192.86,193.77,0
2005-07-25,193.5,195.12,193.37,194.57,0
2005-07-26,194.62,195.75,194.43,195.52,0
2005-07-27,195.41,196.31,195.13,196.09,0
2005-07-28,195.97,197.38,195.43,196.92,0
2005-07-29,196.89,197.81,196.41,197.77,0
2005-08-01,197.72,198.69,196.28,198.45,0
2005-08-02,198.48,198.62,196.85,197.36,0
2005-08-03,197.25,198.53,197.12,197.47,0
2005-08-04,197.49,198.56,196.83,198.05,0
2005-08-05,198.03,199.49,197.83,199.02,0
2005-08-08,199.23,200.29,199.1,200.16,0
2005-08-09,200.11,200.27,199.49,200.13,0
2005-08-10,199.87,200,198.2,198.65,0
2005-08-11,198.75,199.13,198.06,198.62,0
2005-08-12,198.62,199.01,198.28,198.34,0
2005-08-15,198.73,199.04,197.45,197.91,0
2005-08-16,197.89,198.41,197.29,198.34,0
2005-08-17,198.34,198.77,197.64,198.45,0
2005-08-18,198.28,199.32,198.04,198.4,0
2005-08-19,198.18,198.74,197.73,198.34,0
2005-08-22,198.31,198.51,196.71,197.66,0
2005-08-23,197.56,198.09,197.19,198.04,0
2005-08-24,197.83,198.61,197.78,198.42,0
2005-08-25,198.37,198.76,197.7,198.44,0
2005-08-26,198.32,198.72,197.55,198.4,0
2005-08-29,198.38,199.46,198.2,198.63,0
2005-08-30,198.66,199.22,198.38,198.68,0
2005-08-31,198.6,199.97,198.47,199.53,0
2005-09-01,199.4,201.64,199.36,201.38,0
2005-09-02,201.26,202.54,200.79,202.54,0
2005-09-05,201.8,202.03,200.98,201.36,0
2005-09-06,201.22,202.43,200.91,202.02,0
2005-09-07,201.82,202.67,201.1,202.11,0
2005-09-08,201.98,203.54,201.92,202.87,0
2005-09-09,202.84,203.47,201.5,201.78,0
2005-09-12,200.97,201.63,199.93,200.81,0
2005-09-13,200.69,202.27,200.49,201.8,0
2005-09-14,201.64,202.17,200.79,201.31,0
2005-09-15,201.06,201.57,198.97,199.85,0
2005-09-16,199.76,201.87,199.75,201.3,0
2005-09-19,201.01,201.25,200.36,201.01,0
2005-09-20,200.98,201.62,200.45,201.36,0
2005-09-21,201.4,201.86,200.9,201.4,0
2005-09-22,201.37,202.04,199.47,200.03,0
2005-09-23,199.88,200.14,198.64,199.8,0
2005-09-26,199.22,199.79,198.87,199.54,0
2005-09-27,199.59,200.48,199.19,200.12,0
2005-09-28,200.1,200.39,199.32,199.95,0
2005-09-29,199.83,200.02,198.87,199.22,0
2005-09-30,199.21,200.69,198.79,200.2,0
2005-10-03,199.84,200.73,199.7,200.27,0
2005-10-04,200.2,201.24,200.06,200.98,0
2005-10-05,201.04,201.21,200.15,200.72,0
2005-10-06,200.74,202.07,200.7,201.37,0
2005-10-07,201.44,201.63,199.93,200.39,0
2005-10-10,200.17,200.62,199.68,200.36,0
2005-10-11,200.22,200.44,199,199.95,0
2005-10-12,199.89,200.59,199.45,200.32,0
2005-10-13,200.29,201.39,199.98,201.24,0
2005-10-14,201.01,201.91,200.62,201.7,0
2005-10-17,201.8,202.47,200.47,201.61,0
2005-10-18,201.56,202.7,201.35,202.7,0
2005-10-19,202.53,203.78,201.94,203.59,0
2005-10-20,203.41,204.73,203.19,204.62,0
2005-10-21,204.56,205.59,204.28,205.01,0
2005-10-24,204.62,204.86,203.62,204.3,0
2005-10-25,204.07,205.38,203.71,205.2,0
2005-10-26,205.13,205.85,204.71,205.7,0
2005-10-27,205.63,206.4,205,205.86,0
2005-10-28,205.82,205.89,204.98,205.14,0
2005-10-31,205.29,206.62,205.06,206.06,0
2005-11-01,206.01,206.62,205.35,205.98,0
2005-11-02,206.03,207.56,205.76,207.56,0
2005-11-03,207.58,208.13,207.1,207.44,0
2005-11-04,207.43,208.15,206.32,206.99,0
2005-11-07,206.72,206.89,204.78,205.17,0
2005-11-08,205.26,205.39,203.81,204.43,0
2005-11-09,204.44,205.03,203.7,204.93,0
2005-11-10,204.94,206.29,204.46,205.86,0
2005-11-11,205.77,205.86,204.76,205.34,0
2005-11-14,205.52,207.17,205.04,206.41,0
2005-11-15,206.35,206.89,205.97,206.22,0
2005-11-16,206.27,206.94,204.1,204.5,0
2005-11-17,204.51,204.85,203.64,204.1,0
2005-11-18,204.18,204.84,203.75,204.56,0
2005-11-21,204.7,205.08,203.77,204.34,0
2005-11-22,204.25,204.82,203.38,204.48,0
2005-11-23,204.46,204.86,203.58,204.66,0
2005-11-24,204.53,205.24,204.21,204.94,0
2005-11-25,204.83,205.7,204.67,205.11,0
2005-11-28,204.94,205.82,204.26,205.57,0
2005-11-29,205.55,205.77,204.98,205.67,0
2005-11-30,205.56,207.56,205.12,207.27,0
2005-12-01,207.08,208.99,206.82,208.57,0
2005-12-02,208.7,209.68,207.91,208.98,0
2005-12-05,209.67,210.63,209.35,210.41,0
2005-12-06,210.44,211.4,209.69,210.35,0
2005-12-07,210.43,210.52,209.1,210.02,0
2005-12-08,209.88,211.05,208.77,210.78,0
2005-12-09,210.86,211.83,210.33,211.83,0
2005-12-12,211.32,212.92,211.12,212.49,0
2005-12-13,212.57,213.06,211.86,212.3,0
2005-12-14,212.15,212.72,206.84,207.96,0
2005-12-15,208.03,208.62,204.91,205.2,0
2005-12-16,205.02,206.35,203.89,205.06,0
2005-12-19,204.48,206.53,204.05,204.5,0
2005-12-20,204.61,206.01,204.37,205.36,0
2005-12-21,205.59,205.97,204.03,204.47,0
2005-12-22,204.6,205.2,202.31,202.81,0
2005-12-23,202.73,203.01,201.12,201.63,0
2005-12-26,201.51,202.36,201.16,201.47,0
2005-12-27,201.47,203.52,201.43,202.84,0
2005-12-28,202.77,203.85,201.74,202.36,0
2005-12-29,202.38,203.5,202.04,203.11,0
2005-12-30,203.19,203.6,201.79,202.97,0
2006-01-02,202.84,203.45,202.19,203.18,0
2006-01-03,202.84,203.15,202.19,202.72,0
2006-01-04,202.74,204.79,202.33,203.97,0
2006-01-05,204.13,204.55,202.88,203.32,0
2006-01-06,203.41,203.99,202.04,202.54,0
2006-01-09,202.56,202.7,201.06,201.67,0
2006-01-10,201.85,202.6,201.48,201.82,0
2006-01-11,201.8,202.33,200.49,201.32,0
2006-01-12,201.36,201.93,200.61,201.11,0
2006-01-13,201.18,203.21,201.14,202.86,0
2006-01-16,202.9,203.51,202.26,203.17,0
2006-01-17,203.16,204.37,202.3,203.97,0
2006-01-18,204.02,204.48,202.74,203.08,0
2006-01-19,203.22,203.39,201.96,203.05,0
2006-01-20,203.06,204.2,202.28,204.13,0
2006-01-23,204,204.92,203.35,204.42,0
2006-01-24,204.46,205.09,204.02,204.55,0
2006-01-25,204.64,207.2,204.54,206.51,0
2006-01-26,206.51,207.63,206.09,207.25,0
2006-01-27,207.2,208.2,206.48,207.25,0
2006-01-30,207.32,208.32,206.94,208.01,0
2006-01-31,207.98,209.02,207.27,208.61,0
2006-02-01,208.5,209.89,208.18,209.46,0
2006-02-02,209.39,211.02,209.21,210.97,0
2006-02-03,211,211.12,209.33,209.49,0
2006-02-06,209.4,209.62,207.47,208.05,0
2006-02-07,208,208.18,205.35,205.89,0
2006-02-08,205.77,206.69,205.15,206.41,0
2006-02-09,206.35,207.2,205.89,206.89,0
2006-02-10,206.83,207.33,204.71,205.61,0
2006-02-13,205.4,205.68,204.81,205.09,0
2006-02-14,205,205.09,202.75,203.93,0
2006-02-15,203.75,205.34,203.59,205.15,0
2006-02-16,205.11,205.31,204.01,204.55,0
2006-02-17,204.49,206.33,204.06,205.81,0
2006-02-20,205.65,206.37,205.62,206.27,0
2006-02-21,206.11,207.78,206.1,207.27,0
2006-02-22,207.18,207.45,205.92,206.6,0
2006-02-23,206.64,206.69,204.64,205.22,0
2006-02-24,205.1,205.16,203.6,203.94,0
2006-02-27,203.72,204.2,201.62,202.16,0
2006-02-28,202.06,203.43,201.89,203.07,0
2006-03-01,202.98,204.18,202.49,203.06,0
2006-03-02,203.07,203.51,202.42,203.31,0
2006-03-03,203.21,204.69,202.65,204.36,0
2006-03-06,204.27,206.12,203.99,205.75,0
2006-03-07,205.69,205.87,203.94,204.74,0
2006-03-08,204.55,205.09,203.71,204.83,0
2006-03-09,204.74,205.51,203.58,205.24,0
2006-03-10,205.09,205.96,204.8,205.39,0
2006-03-13,205.19,206.18,204.85,205.9,0
2006-03-14,205.88,206.06,204.59,205.22,0
2006-03-15,205.3,205.68,204.64,205.05,0
2006-03-16,205.04,205.81,204.99,205.33,0
2006-03-17,205.24,205.44,203.16,203.49,0
2006-03-20,203.62,204.27,202.7,204.2,0
2006-03-21,204.22,204.96,203.47,204.96,0
2006-03-22,204.86,205.21,203.8,204.36,0
2006-03-23,204.31,204.69,203.48,204.61,0
2006-03-24,204.44,205.71,204.21,204.65,0
2006-03-27,204.84,205,203.29,203.87,0
2006-03-28,203.87,205.81,203.09,205.68,0
2006-03-29,205.48,205.6,203.97,204.35,0
2006-03-30,204.18,205.17,203.84,204.97,0
2006-03-31,204.88,205.33,204.07,204.51,0
2006-04-03,204.46,205.27,203.91,204.77,0
2006-04-04,204.82,206.36,204.38,206.26,0
2006-04-05,206.23,206.27,205.12,205.81,0
2006-04-06,205.82,206.86,205.53,206.42,0
2006-04-07,206.35,206.58,205.08,206.25,0
2006-04-10,205.85,206.85,205.61,206.23,0
2006-04-11,206.33,207.39,206.01,206.95,0
2006-04-12,206.85,207.55,206.13,207.43,0
2006-04-13,207.3,208.03,207.08,207.78,0
2006-04-14,207.72,208,207.5,207.83,0
2006-04-17,207.8,208.68,207.52,208.53,0
2006-04-18,208.49,209.26,208.2,208.75,0
2006-04-19,208.69,210.8,208.1,210.18,0
2006-04-20,210.14,210.52,208.69,208.88,0
2006-04-21,208.86,209.72,207.42,207.74,0
2006-04-24,206.7,207.1,204.36,205.01,0
2006-04-25,204.96,205.53,204.08,205.3,0
2006-04-26,205.24,205.84,204.5,204.66,0
2006-04-27,204.83,205.85,203.78,205.63,0
2006-04-28,205.71,207.99,205.5,207.99,0
2006-05-01,207.1,207.68,206.11,206.99,0
2006-05-02,206.97,208.84,206.96,208.58,0
2006-05-03,208.57,209.61,207.84,209.32,0
2006-05-04,209.27,210.64,208.96,210.43,0
2006-05-05,210.35,211.38,208.56,209.32,0
2006-05-08,208.44,208.91,206.79,207.55,0
2006-05-09,207.57,207.63,206.6,207.3,0
2006-05-10,207.3,207.48,205.3,206.05,0
2006-05-11,206.05,208.43,205.87,208.27,0
2006-05-12,208.2,208.98,207.1,208.35,0
2006-05-15,207.8,208.38,206.85,207.72,0
2006-05-16,207.49,208.06,206.87,207.09,0
2006-05-17,207.06,209.17,206.39,208.92,0
2006-05-18,208.78,210.09,208.14,209.87,0
2006-05-19,209.78,210.23,209.02,209.76,0
2006-05-22,209.79,211.15,209.28,210.47,0
2006-05-23,210.07,210.72,209.05,210.43,0
2006-05-24,210.27,211.25,210.06,210.94,0
2006-05-25,210.92,211.07,208.93,209.42,0
2006-05-26,209.4,209.81,208.46,209.47,0
2006-05-29,209.22,209.34,208.65,209.13,0
2006-05-30,208.95,211.45,208.82,211.35,0
2006-05-31,211.2,211.34,209.62,210.51,0
2006-06-01,210.6,210.86,209.77,210.16,0
2006-06-02,210.04,210.76,209.74,210.31,0
2006-06-05,210.33,210.89,209.49,210.18,0
2006-06-06,210,211.22,209.75,210.68,0
2006-06-07,210.64,210.96,210.31,210.68,0
2006-06-08,210.52,211.13,210.08,210.62,0
2006-06-09,210.36,210.45,209.54,209.88,0
2006-06-12,209.78,210.9,209.75,210.71,0
2006-06-13,210.74,212.08,210.45,211.44,0
2006-06-14,211.46,212.47,211.02,211.98,0
2006-06-15,211.9,212.79,211.56,212.32,0
2006-06-16,212.19,213.22,212.1,213.16,0
2006-06-19,213.34,213.69,211.86,212.71,0
2006-06-20,212.47,212.63,211.22,211.64,0
2006-06-21,211.61,212.16,211.18,211.96,0
2006-06-22,211.86,212.6,211.36,212.39,0
2006-06-23,212.23,212.42,210.79,211.78,0
2006-06-26,211.85,212.13,211.3,212.08,0
2006-06-27,211.98,212.34,211.31,211.79,0
2006-06-28,211.78,212.04,211.05,211.73,0
2006-06-29,211.69,211.91,209.81,210.31,0
2006-06-30,210.13,211.75,209.78,211.46,0
2006-07-03,211.16,211.87,210.74,211.33,0
2006-07-04,211.33,211.97,210.91,211.86,0
2006-07-05,211.91,212.49,211.44,212.18,0
2006-07-06,212.14,212.31,211.13,211.42,0
2006-07-07,211.52,211.79,210.63,211.07,0
2006-07-10,210.7,210.92,209.47,210.4,0
2006-07-11,210.37,211.01,209.96,210.94,0
2006-07-12,210.74,212.09,210.62,211.85,0
2006-07-13,211.81,212.8,211.37,212.7,0
2006-07-14,212.67,213.71,212.55,213.47,0
2006-07-17,213.75,213.89,212.68,213.16,0
2006-07-18,213.07,214.7,212.52,214.19,0
2006-07-19,214.14,215.4,213.83,215.25,0
2006-07-20,215.17,216.54,214.9,216.3,0
2006-07-21,216.24,216.37,214.86,215.95,0
2006-07-24,215.87,216.35,215.51,216.02,0
2006-07-25,215.9,216.44,215.39,215.57,0
2006-07-26,215.59,216.19,214.62,215.65,0
2006-07-27,215.63,215.81,214.83,215.06,0
2006-07-28,215.08,215.3,213.48,213.76,0
2006-07-31,213.52,214.36,212.9,214.16,0
2006-08-01,214.05,215.24,213.52,215,0
2006-08-02,214.95,215.38,214.29,215.21,0
2006-08-03,215.14,217.43,214.88,217.07,0
2006-08-04,216.97,218.64,216.83,218.32,0
2006-08-07,217.77,219.73,217.71,219.47,0
2006-08-08,219.51,219.98,218.86,219.92,0
2006-08-09,219.87,220.13,218.99,219.62,0
2006-08-10,219.62,219.9,217.95,218.22,0
2006-08-11,218.15,220.3,218.02,219.86,0
2006-08-14,219.89,220.58,219.76,220.35,0
2006-08-15,220.28,220.56,219.56,219.83,0
2006-08-16,219.79,220.28,219.2,219.58,0
2006-08-17,219.61,219.7,218.28,218.59,0
2006-08-18,218.69,218.88,217.39,218.06,0
2006-08-21,217.7,219.89,217.65,219.43,0
2006-08-22,219.37,220.37,219.19,220.12,0
2006-08-23,219.92,220.8,219.45,220.36,0
2006-08-24,220.25,220.58,219.67,219.93,0
2006-08-25,219.91,221.65,219.68,221.34,0
2006-08-28,221.35,222.35,221.12,221.98,0
2006-08-29,221.88,222.15,220.9,221.49,0
2006-08-30,221.36,223.25,221.06,222.96,0
2006-08-31,222.87,223.83,222.68,223.53,0
2006-09-01,223.63,223.66,222.15,223.33,0
2006-09-04,222.98,223.09,220.65,221.24,0
2006-09-05,221.3,221.41,219.2,219.88,0
2006-09-06,219.79,220.64,219.13,219.93,0
2006-09-07,219.87,220.35,217.37,218.48,0
2006-09-08,218.52,218.6,217.33,218.23,0
2006-09-11,218.1,219.53,217.55,219.47,0
2006-09-12,219.22,221.21,218.97,220.97,0
2006-09-13,220.83,221.15,220.09,220.51,0
2006-09-14,220.53,222.14,220.26,222.02,0
2006-09-15,221.5,222.06,220.12,221.08,0
2006-09-18,220.59,222.24,220.49,221.81,0
2006-09-19,221.7,222.2,220.74,221.56,0
2006-09-20,221.24,221.98,220.14,221.75,0
2006-09-21,221.33,222,221.03,221.24,0
2006-09-22,221.34,221.94,220.78,221.46,0
2006-09-25,221.32,222.07,220.99,221.46,0
2006-09-26,221.42,222.21,220.41,221.84,0
2006-09-27,221.78,222.03,220.99,221.94,0
2006-09-28,221.87,222.16,220.63,220.93,0
2006-09-29,220.83,221.3,219.88,221.26,0
2006-10-02,221.4,222.12,220.57,221.87,0
2006-10-03,222.02,222.79,221.57,222.64,0
2006-10-04,222.61,222.93,221.75,222.22,0
2006-10-05,222.23,222.34,220.39,221.2,0
2006-10-06,221.17,222.75,221.08,222.64,0
2006-10-09,222.31,223.1,221.95,222.49,0
2006-10-10,222.43,222.61,221.52,221.99,0
2006-10-11,221.79,222.19,221.47,221.95,0
2006-10-12,221.95,222.38,221.49,221.85,0
2006-10-13,221.74,222.45,221.59,222.03,0
2006-10-16,222,222.23,221.35,221.58,0
2006-10-17,221.57,222.56,221.18,221.84,0
2006-10-18,221.63,222.59,221.4,222.06,0
2006-10-19,222.02,222.29,221.29,221.88,0
2006-10-20,221.84,223.77,221.79,223.63,0
2006-10-23,223.55,223.65,222.95,223.54,0
2006-10-24,223.5,223.8,223.13,223.58,0
2006-10-25,223.56,223.78,223.15,223.71,0
2006-10-26,223.53,224.1,223.28,223.87,0
2006-10-27,223.71,224.35,222.51,223.33,0
2006-10-30,222.69,223.55,222.39,223.38,0
2006-10-31,223.29,224.03,222.5,223.06,0
2006-11-01,223.02,223.58,222.65,223.46,0
2006-11-02,223.38,223.74,222.6,223.49,0
2006-11-03,223.51,224.55,223.11,224.37,0
2006-11-06,224.61,224.69,223.97,224.38,0
2006-11-07,224.37,224.63,223.95,224.32,0
2006-11-08,224.21,224.64,223.89,224.51,0
2006-11-09,224.46,225.33,224.29,224.7,0
2006-11-10,224.6,225.05,224.19,224.8,0
2006-11-13,224.56,224.85,224.15,224.64,0
2006-11-14,224.6,224.68,222.53,222.93,0
2006-11-15,222.79,223.46,222.42,222.89,0
2006-11-16,222.88,223.44,222.47,223.15,0
2006-11-17,223.12,223.37,222.68,223,0
2006-11-20,223.3,224.26,223.11,223.91,0
2006-11-21,223.95,224.28,223.62,223.85,0
2006-11-22,223.85,224,222.9,223.43,0
2006-11-23,223.4,223.57,222.29,222.81,0
2006-11-24,222.72,223.93,222.53,223.86,0
2006-11-27,224.84,225.04,223.71,224.9,0
2006-11-28,224.86,226.74,224.7,226.67,0
2006-11-29,226.63,227.23,225.65,226.44,0
2006-11-30,226.45,227.8,226.13,227.55,0
2006-12-01,227.62,229.04,227.1,228.55,0
2006-12-04,228.1,228.99,227.98,228.33,0
2006-12-05,228.29,228.55,226.19,226.69,0
2006-12-06,226.61,226.84,225.59,226.56,0
2006-12-07,226.64,226.78,225.76,226.3,0
2006-12-08,226.17,227.8,225.86,227.5,0
2006-12-11,227.22,229.01,226.91,228.92,0
2006-12-12,228.88,230.32,228.66,230.19,0
2006-12-13,230.09,231.28,229.86,231.23,0
2006-12-14,231.2,231.41,230.58,231.13,0
2006-12-15,230.93,232.1,229.31,230.61,0
2006-12-18,230.33,230.87,229.34,230.18,0
2006-12-19,230.03,232.52,229.64,232.49,0
2006-12-20,232.51,233.23,232.35,232.68,0
2006-12-21,232.67,233.05,231.42,232.1,0
2006-12-22,232.01,233.03,231.85,232.77,0
2006-12-25,232.45,233.1,232.24,233.07,0
2006-12-26,233.01,233.15,232.43,232.83,0
2006-12-27,232.74,232.96,231.49,232.32,0
2006-12-28,232.44,233.69,232.05,233.43,0
2006-12-29,233.33,233.87,232.83,233.34,0
2007-01-01,233.18,233.19,232.85,233.19,0
2007-01-02,233.06,234.57,232.91,234.52,0
2007-01-03,234.48,234.82,232.6,232.83,0
2007-01-04,232.89,233.13,231.17,231.28,0
2007-01-05,231.23,231.38,228.44,228.93,0
2007-01-08,229,230.15,228.01,230.09,0
2007-01-09,230.2,231.91,229.96,231.62,0
2007-01-10,231.46,231.77,230.67,231.22,0
2007-01-11,231.2,234.84,230.83,234.35,0
2007-01-12,234.32,235.94,233.82,235.73,0
2007-01-15,235.91,236.99,234.93,236.59,0
2007-01-16,236.53,237.32,236.22,236.61,0
2007-01-17,236.59,237.87,236.44,237.64,0
2007-01-18,237.63,240.01,237.4,239.44,0
2007-01-19,239.27,239.83,238.87,239.43,0
2007-01-22,239.34,240.6,239.18,240.41,0
2007-01-23,240.31,241.49,240.21,241.1,0
2007-01-24,240.9,241.36,237.38,238.34,0
2007-01-25,238.48,238.69,236.28,237.98,0
2007-01-26,238.07,239.17,237.46,238.18,0
2007-01-29,238.02,239.17,237.91,238.64,0
2007-01-30,238.66,240.05,238.2,238.67,0
2007-01-31,238.68,238.91,236.21,237.01,0
2007-02-01,237.07,237.78,236.48,237.49,0
2007-02-02,237.47,238.83,237.25,238.19,0
2007-02-05,238.08,238.19,235.4,235.82,0
2007-02-06,235.94,237.31,235.32,236.68,0
2007-02-07,236.65,238.08,236.38,237.75,0
2007-02-08,237.7,238.86,236.88,237.02,0
2007-02-09,237.01,237.84,236.07,237.32,0
2007-02-12,237.29,238.56,236.6,237.51,0
2007-02-13,237.36,237.47,235.36,235.87,0
2007-02-14,235.89,237.2,235.61,236.98,0
2007-02-15,236.93,237.13,232.69,232.79,0
2007-02-16,232.57,233.48,232,232.81,0
2007-02-19,233.33,233.88,232.09,233.3,0
2007-02-20,233.23,235.14,233.19,234.59,0
2007-02-21,234.52,236.44,233.75,236.37,0
2007-02-22,236.15,237.99,235.63,237.75,0
2007-02-23,237.81,238.17,237.31,237.73,0
2007-02-26,237.58,237.84,236.2,236.72,0
2007-02-27,236.72,237.05,230.63,231.33,0
2007-02-28,231.38,233.02,230.89,232.61,0
2007-03-01,232.67,233.46,229.37,230.36,0
2007-03-02,230.08,230.6,226.51,227.15,0
2007-03-05,226.73,226.96,221.2,222.21,0
2007-03-06,221.88,225.45,221.04,224.76,0
2007-03-07,225.1,226.21,223.85,224.39,0
2007-03-08,224.28,226.86,222.81,225.91,0
2007-03-09,225.79,228.76,225.58,228.43,0
2007-03-12,228.71,229.68,225.78,227.6,0
2007-03-13,227.32,227.42,223.72,223.91,0
2007-03-14,224.15,226.8,222.59,226.55,0
2007-03-15,226.53,228.03,226.13,227.64,0
2007-03-16,227.46,227.74,226.35,226.43,0
2007-03-19,225.72,229.12,225.31,228.58,0
2007-03-20,228.81,230.77,228.07,230.02,0
2007-03-21,230.03,231.56,229.84,231.46,0
2007-03-22,231.27,232.25,230.58,232.08,0
2007-03-23,232,232.34,230.39,231.67,0
2007-03-26,231.08,232.72,230.8,232.64,0
2007-03-27,232.56,233,231.24,231.63,0
2007-03-28,231.55,231.9,228.71,229.17,0
2007-03-29,229.3,231.74,229.05,231.66,0
2007-03-30,231.64,231.95,230.5,231.82,0
2007-04-02,231.4,233.1,231.19,233.07,0
2007-04-03,233,235.09,232.79,234.95,0
2007-04-04,234.83,235.03,234.07,234.5,0
2007-04-05,234.5,234.86,233.51,234.01,0
2007-04-06,233.96,234.63,233.74,234.44,0
2007-04-09,234.33,234.52,233.69,234.2,0
2007-04-10,234.1,235.41,233.59,234.89,0
2007-04-11,234.7,236.31,234.54,235.77,0
2007-04-12,235.68,236.1,235.02,235.84,0
2007-04-13,235.73,237.02,234.71,236.88,0
2007-04-16,237.15,238.61,236.37,238.19,0
2007-04-17,238.19,239.47,237.12,238.81,0
2007-04-18,238.73,238.95,236.73,238.18,0
2007-04-19,237.89,238.2,235.12,237.25,0
2007-04-20,237.13,238.4,236.84,237.66,0
2007-04-23,238.05,238.31,236.22,237.04,0
2007-04-24,237.27,237.99,235.93,237.24,0
2007-04-25,237.08,238,236.84,237.44,0
2007-04-26,237.49,238.76,237.2,238.08,0
2007-04-27,237.92,239.42,237.23,238.99,0
2007-04-30,237.89,239.09,237.81,238.84,0
2007-05-01,238.79,239.81,238.63,239.45,0
2007-05-02,239.34,239.57,238.54,239.08,0
2007-05-03,239.02,239.55,238.87,239.36,0
2007-05-04,239.26,239.66,238.74,239.39,0
2007-05-07,239.46,239.59,239.01,239.33,0
2007-05-08,239.29,239.4,238.13,238.69,0
2007-05-09,238.59,239.52,238,239.4,0
2007-05-10,239.33,239.75,236.98,237.4,0
2007-05-11,236.97,238.42,236.36,238.22,0
2007-05-14,238.2,238.67,237.86,238.25,0
2007-05-15,238.29,239.01,237.68,238.87,0
2007-05-16,238.71,239.39,238.38,238.82,0
2007-05-17,238.76,239.61,238.57,239.52,0
2007-05-18,239.42,239.86,237.77,239.15,0
2007-05-21,239.14,239.62,238.97,239.48,0
2007-05-22,239.39,240.18,239.04,239.98,0
2007-05-23,239.93,241.85,239.86,241.64,0
2007-05-24,241.5,241.6,240.65,240.86,0
2007-05-25,241.03,241.8,239.64,241.55,0
2007-05-28,241.54,241.63,241.11,241.38,0
2007-05-29,241.24,241.52,240.44,241,0
2007-05-30,241.06,241.09,239.69,240.39,0
2007-05-31,240.33,241.17,239.83,241.13,0
2007-06-01,241.04,242.03,240.81,241.96,0
2007-06-04,241.88,242.62,241.59,242.41,0
2007-06-05,242.32,242.98,241.47,241.97,0
2007-06-06,241.85,242.26,240.86,241.22,0
2007-06-07,241.13,242.1,238.83,239.35,0
2007-06-08,239.1,240.12,237.58,239.81,0
2007-06-11,239.67,239.94,238.87,239.68,0
2007-06-12,239.56,240.83,239.51,240.18,0
2007-06-13,240.11,242.2,239.69,242.06,0
2007-06-14,241.86,242.43,241.64,242.07,0
2007-06-15,242.14,244.38,242,243.92,0
2007-06-18,243.95,245.47,243.86,245.21,0
2007-06-19,245.16,245.54,245,245.31,0
2007-06-20,245.21,246.6,244.63,246.08,0
2007-06-21,246.06,246.63,245.78,246.63,0
2007-06-22,246.4,247.91,246.37,247.65,0
2007-06-25,247.3,247.79,246.41,247.16,0
2007-06-26,246.98,247.12,245.16,246.3,0
2007-06-27,246.13,246.2,243.94,245.62,0
2007-06-28,245.37,246.78,245.31,246.69,0
2007-06-29,246.6,247.81,246.41,247.48,0
2007-07-02,247.02,247.58,245.99,246.92,0
2007-07-03,246.9,247.61,246.18,246.88,0
2007-07-04,246.8,247.41,246.52,247.37,0
2007-07-05,247.23,247.63,246.54,247.36,0
2007-07-06,247.18,248.17,247,247.97,0
2007-07-09,248.24,248.81,248.1,248.65,0
2007-07-10,248.58,248.74,246.58,246.64,0
2007-07-11,246.09,248.93,245.03,248.65,0
2007-07-12,248.57,248.76,247.62,248.47,0
2007-07-13,248.3,248.93,247.92,248.06,0
2007-07-16,247.79,248.65,247.57,248.17,0
2007-07-17,248.02,250.49,247.95,250.27,0
2007-07-18,250.08,250.53,249.55,250.18,0
2007-07-19,250.09,250.42,249.67,250.1,0
2007-07-20,250.07,251.12,248.54,249.35,0
2007-07-23,249.87,249.93,248.46,249.3,0
2007-07-24,249.14,249.47,247.25,247.68,0
2007-07-25,247.67,248.11,246.24,247.33,0
2007-07-26,247.38,247.75,241.95,242.01,0
2007-07-27,241.95,244.37,239.68,240.04,0
2007-07-30,238.85,241.43,238.24,240.89,0
2007-07-31,241.2,242.92,240.11,240.2,0
2007-08-01,240.5,241.84,237.59,241.45,0
2007-08-02,241.52,243.14,240.09,242.82,0
2007-08-03,242.71,242.94,240.58,240.66,0
2007-08-06,239.33,241.79,238.85,241.37,0
2007-08-07,241.29,241.51,238.52,240.09,0
2007-08-08,240.12,244.07,239.79,243.71,0
2007-08-09,243.56,244.04,238.91,239.11,0
2007-08-10,239,240.49,236.25,239.6,0
2007-08-13,239.07,239.69,236.42,237.89,0
2007-08-14,237.6,238.07,234.61,234.74,0
2007-08-15,234.69,234.86,231.36,231.47,0
2007-08-16,230.93,231.66,221.44,226.49,0
2007-08-17,226.75,228.97,219.27,226.67,0
2007-08-20,226.55,229.57,224.83,228.29,0
2007-08-21,228.34,229.08,225.32,226.63,0
2007-08-22,226.38,229.96,225.68,229.96,0
2007-08-23,229.89,234.96,229.88,233.47,0
2007-08-24,233.2,234.8,230.81,234.55,0
2007-08-27,234.43,235.51,232.38,232.63,0
2007-08-28,232.74,232.8,228.19,228.56,0
2007-08-29,228.57,234.51,227.36,234.51,0
2007-08-30,234.43,234.46,231.1,233.48,0
2007-08-31,233.22,235.51,232.67,233.32,0
2007-09-03,233.42,234.57,233,233.92,0
2007-09-04,234,234.41,231.89,234.13,0
2007-09-05,234.08,234.79,231.81,232.71,0
2007-09-06,232.46,233.97,231.84,233.48,0
2007-09-07,233.49,234.16,229.07,230.14,0
2007-09-10,228.88,231.47,228.2,230.49,0
2007-09-11,230.3,232.51,229.53,232.51,0
2007-09-12,232.37,232.52,230.99,231.66,0
2007-09-13,231.71,234.79,231.39,232.52,0
2007-09-14,231.69,233.3,230.15,231.7,0
2007-09-17,231.13,231.67,228.75,229.43,0
2007-09-18,229.49,234.25,228.16,233.61,0
2007-09-19,233.22,233.86,231.05,232.06,0
2007-09-20,231.74,232.24,229.43,230.48,0
2007-09-21,230.34,233.68,230.06,233.25,0
2007-09-24,233.16,233.55,231.69,232.25,0
2007-09-25,232.28,232.37,229.69,231.76,0
2007-09-26,231.4,233.27,231.17,232.85,0
2007-09-27,232.75,234.58,232.41,234.3,0
2007-09-28,234.22,235.25,232.33,235.04,0
2007-10-01,234.91,237.05,234.6,236.53,0
2007-10-02,236.5,236.78,234.9,236.21,0
2007-10-03,236.04,237.87,235.84,237.18,0
2007-10-04,237.11,237.92,236.1,237.57,0
2007-10-05,237.41,238.97,236.64,238.95,0
2007-10-08,239.07,239.79,238.53,239.32,0
2007-10-09,239.06,239.14,236.94,238.69,0
2007-10-10,238.52,240.36,238.4,239.24,0
2007-10-11,239.31,239.86,237.71,238.33,0
2007-10-12,238.64,239.6,237.35,239.6,0
2007-10-15,239.02,240.67,238.89,239.79,0
2007-10-16,239.77,239.98,236.59,237.46,0
2007-10-17,237.58,238.79,235.82,237.76,0
2007-10-18,237.92,238.18,236.04,236.23,0
2007-10-19,236.02,237,234.74,235.04,0
2007-10-22,233.99,234.45,230.25,232.34,0
2007-10-23,232.57,235.82,232.29,235.38,0
2007-10-24,235.4,235.68,232.75,233.97,0
2007-10-25,233.93,235.1,232.98,234.27,0
2007-10-26,234.22,235.36,233.59,234.33,0
2007-10-29,234.26,236.78,234.14,236.65,0
2007-10-30,236.41,237.69,235.19,237.09,0
2007-10-31,237.02,240.18,236.9,240.08,0
2007-11-01,239.91,241.35,237.88,238.37,0
2007-11-02,238.02,240.28,237.58,240.08,0
2007-11-05,239.67,239.75,237.06,238.06,0
2007-11-06,238.09,239.64,237.72,239.39,0
2007-11-07,239.43,239.64,236.79,237.28,0
2007-11-08,237.06,238.85,234.98,237.67,0
2007-11-09,237.23,238.05,231.05,231.54,0
2007-11-12,229.89,231.02,224.81,224.91,0
2007-11-13,224.62,229.7,224.14,229.7,0
2007-11-14,229.69,232.4,228.25,228.78,0
2007-11-15,228.04,229.69,225.08,225.64,0
2007-11-16,225.51,228.4,223.9,227.77,0
2007-11-19,227.76,228.33,224.51,224.9,0
2007-11-20,224.99,228.33,224.25,227.17,0
2007-11-21,227.23,227.34,222.41,223.79,0
2007-11-22,223.89,225.61,223.21,224.01,0
2007-11-23,223.54,224.81,221.23,223.27,0
2007-11-26,223.28,224.82,221.86,222.24,0
2007-11-27,222.41,225.6,221.87,225.1,0
2007-11-28,225.71,229.3,223.66,229.18,0
2007-11-29,229.12,229.2,225.69,226.45,0
2007-11-30,226.54,229.31,226.07,228.7,0
2007-12-03,228.14,228.45,226.48,228.25,0
2007-12-04,228.2,228.33,225.52,225.98,0
2007-12-05,225.84,227.38,223.64,224.69,0
2007-12-06,224.72,226.06,223.92,225.52,0
2007-12-07,225.85,227.06,224.79,226.86,0
2007-12-10,226.27,228.83,226.19,228.54,0
2007-12-11,228.54,229.82,224.72,224.9,0
2007-12-12,225.06,230.34,224.99,229.71,0
2007-12-13,229.51,229.75,227.38,229.03,0
2007-12-14,228.94,230.02,228.21,228.63,0
2007-12-17,228.61,229.12,227.32,228.29,0
2007-12-18,228.19,229.04,227.69,228.4,0
2007-12-19,228.29,228.57,225.9,226.58,0
2007-12-20,226.5,226.62,223.52,224.23,0
2007-12-21,224.24,226.46,224.2,226.39,0
2007-12-24,226.26,226.46,225.62,226.12,0
2007-12-25,225.96,226.37,224.86,226.03,0
2007-12-26,225.97,226.87,225.36,226.77,0
2007-12-27,226.72,228.39,226.43,226.88,0
2007-12-28,226.76,227.7,224.15,224.44,0
2007-12-31,224.45,224.91,221.05,221.28,0
2008-01-01,221.88,221.94,220.75,221.75,0
2008-01-02,221.71,222.73,216.38,217.14,0
2008-01-03,217.09,217.59,213.54,215.37,0
2008-01-04,215.43,216.8,213.42,214,0
2008-01-07,214.06,216.21,214,215.02,0
2008-01-08,215.01,217.3,214.41,214.7,0
2008-01-09,214.82,216.47,213.76,215,0
2008-01-10,215.4,216.04,213.5,214.69,0
2008-01-11,214.37,215.11,211.92,213.19,0
2008-01-14,212.72,213.42,210.66,211.66,0
2008-01-15,211.61,212.09,209.44,209.5,0
2008-01-16,209.51,211.97,206.95,211.01,0
2008-01-17,211.33,212.39,209.37,210.17,0
2008-01-18,210.13,211.51,208.17,208.67,0
2008-01-21,208.9,209.33,205.6,205.97,0
2008-01-22,205.88,209.97,204.66,208.92,0
2008-01-23,208.73,210.46,204.57,208.71,0
2008-01-24,208.9,211.68,207.03,211.68,0
2008-01-25,211.74,214,211.06,211.61,0
2008-01-28,211.7,212.69,209.33,212.05,0
2008-01-29,212.02,213.41,210.83,213.1,0
2008-01-30,213.02,213.74,211.65,211.83,0
2008-01-31,211.24,212.57,209.9,211.49,0
2008-02-01,211.44,212.33,208.76,209.54,0
2008-02-04,209.32,211.72,209.2,210.57,0
2008-02-05,210.59,212.07,209.41,209.67,0
2008-02-06,209.7,209.91,207.7,208.66,0
2008-02-07,209.16,209.37,205.82,208.87,0
2008-02-08,208.75,209.87,208.04,208.85,0
2008-02-11,208.75,209.47,206.73,208.79,0
2008-02-12,208.65,210.96,207.78,210.55,0
2008-02-13,210.31,212.79,209.31,212.68,0
2008-02-14,212.58,213.85,211.85,212.44,0
2008-02-15,212.27,213.28,210.27,211.37,0
2008-02-18,211.06,211.78,210.51,211.28,0
2008-02-19,211.32,211.36,208.71,209.9,0
2008-02-20,209.84,210.89,209.01,209.99,0
2008-02-21,209.95,211.95,209.64,210.69,0
2008-02-22,210.78,211.49,209.96,210.93,0
2008-02-25,211.37,212.86,210.42,212.65,0
2008-02-26,212.57,213.2,211.78,213.13,0
2008-02-27,213.02,213.48,210.64,210.82,0
2008-02-28,210.83,211.26,209.46,209.8,0
2008-02-29,209.55,209.65,205.89,206.37,0
2008-03-03,205.94,206.07,203.43,205.01,0
2008-03-04,205.12,205.68,203.64,205.21,0
2008-03-05,205.2,207.72,204.38,207.31,0
2008-03-06,207.23,207.58,205.82,206.32,0
2008-03-07,206.32,207.94,204.8,207.05,0
2008-03-10,206.7,206.82,204.24,204.43,0
2008-03-11,204.22,207.67,203.54,207.45,0
2008-03-12,207.59,207.96,205.71,205.85,0
2008-03-13,205.38,206.09,202.92,204.28,0
2008-03-14,204.29,205.11,199.82,200.03,0
2008-03-17,198.95,199.79,192.48,195,0
2008-03-18,194.39,200.63,193.48,200.36,0
2008-03-19,200.73,201.8,195.44,195.5,0
2008-03-20,195.44,198.34,195.08,197.245,0
2008-03-21,197.23,197.98,196.55,197.45,0
2008-03-24,196.79,200.39,196.78,200.11,0
2008-03-25,199.94,200.92,198.91,200.76,0
2008-03-26,200.36,201.02,197.52,198.76,0
2008-03-27,198.71,201.71,197.71,200.23,0
2008-03-28,199.89,200.45,197.49,197.7,0
2008-03-31,197.46,200.06,196.78,198.17,0
2008-04-01,198.07,201.68,196.97,201.23,0
2008-04-02,201.16,204,200.8,203.37,0
2008-04-03,203.37,204.55,202.6,204.19,0
2008-04-04,204.1,205.12,202.12,202.35,0
2008-04-07,202.85,204.43,202.32,203.6,0
2008-04-08,203.52,204.1,201.06,201.98,0
2008-04-09,201.82,202.55,200.52,201.01,0
2008-04-10,200.85,201.24,198.01,200.73,0
2008-04-11,200.56,201.91,198.4,198.99,0
2008-04-14,199.08,200.76,198.02,200.04,0
2008-04-15,199.79,200.28,198.43,199.97,0
2008-04-16,199.87,200.95,199.09,200.87,0
2008-04-17,200.78,204.39,200.47,204.2,0
2008-04-18,204,208.99,203.5,207.04,0
2008-04-21,207.26,208.09,203.87,204.49,0
2008-04-22,204.36,206.07,203.3,205.44,0
2008-04-23,205.22,206.04,204.06,204.6,0
2008-04-24,204.64,206.12,204.1,205.75,0
2008-04-25,205.71,207.64,205.37,207.32,0
2008-04-28,207.2,208.62,206.72,207.3,0
2008-04-29,207.45,207.6,203.39,204.92,0
2008-04-30,204.93,207.89,203.61,206.42,0
2008-05-01,206.64,207.13,204.77,206.32,0
2008-05-02,206.26,209,206.2,207.63,0
2008-05-05,207.66,208.29,206.42,206.93,0
2008-05-06,206.97,207.16,205.47,206.71,0
2008-05-07,206.66,206.89,204.16,204.4,0
2008-05-08,204.57,204.71,202.32,202.82,0
2008-05-09,202.78,203.25,199.72,200.92,0
2008-05-12,200.86,203.72,200.13,203.18,0
2008-05-13,203.14,204.15,201.47,203.93,0
2008-05-14,203.62,204.94,203.31,204.55,0
2008-05-15,204.49,204.83,203.02,203.98,0
2008-05-16,203.93,204.39,202.55,203.58,0
2008-05-19,203.43,204.07,202.87,203.32,0
2008-05-20,203.22,204.82,202.65,203.97,0
2008-05-21,203.93,203.96,202.54,203.11,0
2008-05-22,203.07,206.52,202.64,206.14,0
2008-05-23,206.13,206.23,204.08,204.56,0
2008-05-26,204.61,205.14,204.2,204.94,0
2008-05-27,204.8,206.16,204.63,206.02,0
2008-05-28,205.89,207.68,205.14,207.2,0
2008-05-29,207.25,208.94,206.74,208.67,0
2008-05-30,208.54,209.33,207.64,209.18,0
2008-06-02,208.14,208.31,204.57,205.51,0
2008-06-03,205.2,207.12,203.92,206.32,0
2008-06-04,206.31,206.61,204.42,205.78,0
2008-06-05,205.64,207.52,205.47,207.52,0
2008-06-06,207.37,208.05,206.61,206.71,0
2008-06-09,205.81,210.09,205.73,210.04,0
2008-06-10,209.83,210.75,208.53,209.94,0
2008-06-11,209.77,210.61,209.34,209.81,0
2008-06-12,209.71,210.29,209.43,210.02,0
2008-06-13,209.89,210.86,209.64,210.56,0
2008-06-16,210.41,212.81,210.3,212.47,0
2008-06-17,212.38,212.67,210.57,211.23,0
2008-06-18,211.18,211.49,210.38,211.3,0
2008-06-19,211.14,213.28,210.75,212.99,0
2008-06-20,212.87,213.1,211.67,211.96,0
2008-06-23,211.69,212.18,211.03,211.89,0
2008-06-24,211.9,212.85,211.58,212.56,0
2008-06-25,212.44,213.3,212.09,212.98,0
2008-06-26,212.9,213.9,211.87,212.38,0
2008-06-27,212.41,212.97,210.52,211.66,0
2008-06-30,211.73,212.3,209.35,211.46,0
2008-07-01,211.47,211.92,209.97,211.59,0
2008-07-02,211.49,212.03,210.76,210.99,0
2008-07-03,210.92,211.91,210.53,211.66,0
2008-07-04,211.7,212.04,211.18,211.85,0
2008-07-07,211.68,212.42,210.9,211.73,0
2008-07-08,211.66,211.82,210.16,211.57,0
2008-07-09,211.56,212.33,210.96,211.73,0
2008-07-10,211.79,212.18,211.07,211.785,0
2008-07-11,211.69,212.13,210.17,211.445,0
2008-07-14,211.26,212.28,210.98,211.62,0
2008-07-15,211.79,212.01,208.86,209.935,0
2008-07-16,209.76,210.28,207.94,210.03,0
2008-07-17,209.91,213.63,209.6,212.79,0
2008-07-18,212.36,213.83,211.52,213.755,0
2008-07-21,213.43,213.82,212.06,213.205,0
2008-07-22,213.13,213.81,212.78,213.685,0
2008-07-23,213.53,215.89,213.39,215.72,0
2008-07-24,215.55,215.67,212.71,213.345,0
2008-07-25,213.23,214.89,211.54,214.745,0
2008-07-28,214.7,214.88,213.62,214.285,0
2008-07-29,214.29,214.81,213.65,213.99,0
2008-07-30,214.08,214.39,213.19,214.32,0
2008-07-31,214.21,214.58,213.29,213.97,0
2008-08-01,213.84,213.96,211.95,212.725,0
2008-08-04,212.63,212.88,212.01,212.27,0
2008-08-05,212.18,212.36,210.53,211.635,0
2008-08-06,211.43,213.92,211.36,213.68,0
2008-08-07,213.48,213.73,212.35,212.61,0
2008-08-08,212.45,212.7,210.78,211.585,0
2008-08-11,211.06,211.53,209.64,210.295,0
2008-08-12,210.28,210.59,207.05,207.2,0
2008-08-13,206.98,207.34,202.45,204.715,0
2008-08-14,204.61,205.86,203.39,205.085,0
2008-08-15,205.09,206.52,204.32,206.205,0
2008-08-18,205.96,206.21,205,205.33,0
2008-08-19,205.09,205.38,203.82,204.94,0
2008-08-20,204.77,205.13,204.06,204.43,0
2008-08-21,204.39,204.63,201.73,203.665,0
2008-08-22,203.65,204.61,202.68,203.815,0
2008-08-25,203.6,203.8,202.29,202.625,0
2008-08-26,202.5,202.83,200.68,201.69,0
2008-08-27,201.41,202.25,200.45,201.06,0
2008-08-28,200.93,201.13,199.72,200.155,0
2008-08-29,200.1,200.33,197.57,198.19,0
2008-09-01,196.33,196.89,194.09,194.55,0
2008-09-02,194.54,194.9,192.61,193.69,0
2008-09-03,193.61,194.07,191.87,192.27,0
2008-09-04,192.04,193.6,186.6,186.84,0
2008-09-05,187.12,190.325,186.13,190.325,0
2008-09-08,194.7,195.65,188.43,190.245,0
2008-09-09,190.16,190.97,187.64,188.225,0
2008-09-10,187.99,190.12,187.13,188.555,0
2008-09-11,188.59,188.95,185.86,188.465,0
2008-09-12,188.42,193.735,187.56,193.735,0
2008-09-15,191.17,192.09,187.21,188.595,0
2008-09-16,188.05,190.01,184.43,187.73,0
2008-09-17,187.64,192.04,186.78,188.985,0
2008-09-18,189.29,192.09,189.05,191.915,0
2008-09-19,191.65,197.07,191.29,196.82,0
2008-09-22,195.99,197.11,194.24,195.85,0
2008-09-23,195.75,196.58,194.87,195.245,0
2008-09-24,195.71,197.44,195.25,196.17,0
2008-09-25,196.15,197.19,195.17,195.605,0
2008-09-26,195.64,195.84,193.08,195.535,0
2008-09-29,195.39,195.46,187.86,188.13,0
2008-09-30,187.71,190.96,186.38,189.035,0
2008-10-01,189.04,189.9,185.91,187.36,0
2008-10-02,187.41,188.1,184.62,185.975,0
2008-10-03,185.82,188.5,184.61,186.56,0
2008-10-06,185.67,185.7,174.05,176.73,0
2008-10-07,176.77,181.99,175.9,177.01,0
2008-10-08,178.48,178.93,171.09,171.37,0
2008-10-09,171.2,176.4,169.67,170.025,0
2008-10-10,169.94,172.09,165.96,171.57,0
2008-10-13,172.75,177.53,168.62,177.345,0
2008-10-14,177.51,181.36,176.84,177.89,0
2008-10-15,177.98,178.74,171.53,171.575,0
2008-10-16,170.98,176.23,170.33,175.93,0
2008-10-17,176.01,176.53,173.89,175.77,0
2008-10-20,175.99,179.19,173.55,175.18,0
2008-10-21,175.18,175.57,166.7,167.26,0
2008-10-22,167.81,167.97,157.68,159.405,0
2008-10-23,158.87,160.66,154.5,159.445,0
2008-10-24,159.82,159.92,139,150.18,0
2008-10-27,145.99,149.68,140.62,144.075,0
2008-10-28,144.19,157.44,142.8,157.185,0
2008-10-29,157.73,161.18,153.3,159.97,0
2008-10-30,159.58,165.06,158.16,162.465,0
2008-10-31,161.31,162.3,155.44,158.235,0
2008-11-03,158.53,163.33,155.56,157.025,0
2008-11-04,156.71,161.72,153.68,159.55,0
2008-11-05,159.02,160.82,155.16,157.035,0
2008-11-06,156.32,157.59,152.46,152.63,0
2008-11-07,152.49,156.19,150.25,154.045,0
2008-11-10,156.92,157.51,152.02,153.04,0
2008-11-11,152.91,154.25,149.71,150.335,0
2008-11-12,150.21,151.77,140.92,141.535,0
2008-11-13,142.05,145.8,138.86,145.235,0
2008-11-14,144.94,146.29,140.98,142.78,0
2008-11-17,140.49,146.45,140.36,144.595,0
2008-11-18,144.68,146.49,143.52,145.015,0
2008-11-19,144.91,147.87,143.12,143.51,0
2008-11-20,143.31,143.88,138.11,138.495,0
2008-11-21,137.86,143.21,137.67,142.94,0
2008-11-24,142.94,147.25,141.03,147.085,0
2008-11-25,147.25,148.56,143.69,147.36,0
2008-11-26,147.25,147.58,144.51,146.805,0
2008-11-27,146.37,147.91,145.64,146.905,0
2008-11-28,146.88,147.55,145.54,147.06,0
2008-12-01,146.66,147.06,138.01,138.62,0
2008-12-02,138.64,140.9,137.04,139.17,0
2008-12-03,139,139.79,136.26,137.94,0
2008-12-04,137.77,138.26,134.09,135.15,0
2008-12-05,135.38,137.5,133.24,137.17,0
2008-12-08,136.88,140.77,136.13,138.51,0
2008-12-09,138.29,138.47,135.41,135.785,0
2008-12-10,135.94,138.39,135.71,137.005,0
2008-12-11,136.98,138.65,135.77,137.78,0
2008-12-12,137.26,138.2,132.54,136.22,0
2008-12-15,136.58,139.21,135.2,138.865,0
2008-12-16,138.61,139.07,136.77,138.79,0
2008-12-17,138.64,139.08,134.83,135.65,0
2008-12-18,135.32,138.12,133.6,134.325,0
2008-12-19,134.3,135.88,132.27,133.125,0
2008-12-22,133.16,134.72,132.03,133.74,0
2008-12-23,133.74,134.39,132.84,134.15,0
2008-12-24,133.88,134.06,132.53,133.5,0
2008-12-25,133.2,133.75,132.15,133.745,0
2008-12-26,133.23,133.88,132.71,132.88,0
2008-12-29,132.95,133.53,130.2,131.265,0
2008-12-30,130.83,131.89,129.82,130.345,0
2008-12-31,129.99,133.27,129.9,132.34,0
2009-01-01,132.56,133.37,130.74,132.685,0
2009-01-02,132.6,134.44,131.34,134,0
2009-01-05,133.7,137.55,132.81,137.245,0
2009-01-06,137.17,140.85,135.4,140.06,0
2009-01-07,139.76,141.54,137.9,139.99,0
2009-01-08,140.12,140.25,137.24,138.875,0
2009-01-09,138.78,140.05,136.5,137.07,0
2009-01-12,136.51,136.56,131.7,132.23,0
2009-01-13,132.06,132.58,128.77,129.255,0
2009-01-14,129.6,132.06,129,129.86,0
2009-01-15,130,132.02,129.05,131.71,0
2009-01-16,131.43,135.7,131.06,133.79,0
2009-01-19,134.88,135.86,130.4,131.15,0
2009-01-20,130.98,131.07,124.61,125.015,0
2009-01-21,124.81,126.16,119.36,125.035,0
2009-01-22,125.04,125.3,121.07,123.07,0
2009-01-23,123.18,123.82,118.8,122.65,0
2009-01-26,122.34,125.09,119.66,124.34,0
2009-01-27,124.43,127.65,124.19,125.815,0
2009-01-28,125.64,129.68,125.57,128.505,0
2009-01-29,128.49,129.4,126.45,128.655,0
2009-01-30,128.65,130.7,126.66,130.46,0
2009-02-02,130.24,130.32,125.26,127.745,0
2009-02-03,127.75,129.29,126.66,129.08,0
2009-02-04,129.25,130.66,127.25,129.135,0
2009-02-05,129.47,135.58,128.41,133.175,0
2009-02-06,133.26,136.76,132.42,136.24,0
2009-02-09,135.69,137.34,133.58,136.405,0
2009-02-10,136.2,136.43,130.29,131.06,0
2009-02-11,131.57,131.78,128.82,130.15,0
2009-02-12,130.05,130.22,127.08,129.535,0
2009-02-13,129.82,133.87,129.15,132.275,0
2009-02-16,130.3,131.46,129.58,130.94,0
2009-02-17,131.03,132.2,129.63,131.59,0
2009-02-18,131.56,133.71,130.34,133.38,0
2009-02-19,133.23,136.34,132.85,134.7,0
2009-02-20,134.6,135.32,132.7,134.62,0
2009-02-23,134.46,139.11,133.76,136.97,0
2009-02-24,136.86,140.64,136.21,140.02,0
2009-02-25,139.9,141.81,137.59,138.625,0
2009-02-26,138.28,141.69,138.21,140.775,0
2009-02-27,141.04,141.13,136.67,139.61,0
2009-03-02,139.59,139.8,135.5,136.645,0
2009-03-03,137.03,138.65,136,138.15,0
2009-03-04,137.91,140.82,137.32,140.375,0
2009-03-05,140.51,141.5,137.98,138.58,0
2009-03-06,138.47,140.18,137.22,138.58,0
2009-03-09,138.57,139.3,135.89,136.065,0
2009-03-10,136.06,137.03,135.09,135.635,0
2009-03-11,135.67,136.25,133.86,134.825,0
2009-03-12,134.86,136.54,131.44,136.19,0
2009-03-13,136.09,138.35,135.25,137.2,0
2009-03-16,136.82,140.02,135.92,138.01,0
2009-03-17,138.18,139.35,137.88,138.57,0
2009-03-18,138.43,139.01,135.05,137.32,0
2009-03-19,137.35,137.98,135.21,137.1,0
2009-03-20,137.06,138.96,136.54,138.79,0
2009-03-23,137.98,141.85,137.64,141.43,0
2009-03-24,141.24,145.07,141,143.545,0
2009-03-25,143.89,144.58,140.93,141.94,0
2009-03-26,142.07,143.58,141.67,142.795,0
2009-03-27,142.75,142.94,138.98,140.245,0
2009-03-30,139.62,140.46,135.68,138.79,0
2009-03-31,138.78,142.52,138.53,141.615,0
2009-04-01,141.59,142.82,140.52,142.64,0
2009-04-02,142.55,146.91,142.23,146.675,0
2009-04-03,146.68,148.93,145.5,148.805,0
2009-04-06,148.86,151.52,147.61,148.955,0
2009-04-07,148.98,149.03,145.78,148.06,0
2009-04-08,148.06,148.54,145.68,146.6,0
2009-04-09,146.58,148.01,146.26,147.235,0
2009-04-10,147.3,147.57,146.53,147.085,0
2009-04-13,146.93,148.82,146.35,148.545,0
2009-04-14,148.63,149.26,146.96,147.195,0
2009-04-15,147.1,149.26,145.79,149,0
2009-04-16,148.84,149.83,146.49,148.26,0
2009-04-17,148.18,148.8,146.13,146.68,0
2009-04-20,146.57,147.07,141.95,142.32,0
2009-04-21,142.37,145.16,141.44,144.785,0
2009-04-22,144.74,144.95,140.56,141.9,0
2009-04-23,141.82,144.55,141.03,144.405,0
2009-04-24,144.3,144.33,141.09,142.63,0
2009-04-27,141.95,142.08,140.1,141.275,0
2009-04-28,141.36,141.96,138.96,141.045,0
2009-04-29,141,144.52,140.81,143.975,0
2009-04-30,143.99,146.95,143.6,145.815,0
2009-05-01,145.65,148.34,145.57,147.875,0
2009-05-04,148.12,149.11,147.3,148.7,0
2009-05-05,148.68,149.86,147.76,149.105,0
2009-05-06,148.97,149.33,146.92,148.835,0
2009-05-07,148.71,150.89,148.04,149.23,0
2009-05-08,149.19,150.36,148.13,150.31,0
2009-05-11,150.27,150.42,146.69,147.5,0
2009-05-12,147.11,149.47,146.25,147.32,0
2009-05-13,147.08,148.09,144.14,144.63,0
2009-05-14,144.61,146.31,143.36,146.19,0
2009-05-15,145.94,146.43,143.5,144.375,0
2009-05-18,144.15,147.94,142.98,147.68,0
2009-05-19,147.52,149.63,147.02,148.59,0
2009-05-20,148.53,149.85,147.54,149.355,0
2009-05-21,149.26,150.04,146.77,149.695,0
2009-05-22,149.5,151.07,148.1,151.04,0
2009-05-25,150.98,151.49,149.76,150.99,0
2009-05-26,150.96,151.54,149.51,151.365,0
2009-05-27,151.19,153.08,151.12,152.015,0
2009-05-28,152.09,154.87,151.96,154.61,0
2009-05-29,154.39,155.74,153.2,154.27,0
2009-06-01,154.16,159.18,153.44,158.705,0
2009-06-02,158.56,159.22,156.8,158.655,0
2009-06-03,158.58,160.47,155.64,156.435,0
2009-06-04,156.27,158.58,155.16,156.205,0
2009-06-05,156.13,158.47,154.82,157.655,0
2009-06-08,157.2,158.49,155.5,158.07,0
2009-06-09,157.93,159.17,156.56,158.83,0
2009-06-10,158.86,161.27,158.43,160.6,0
2009-06-11,160.57,162.07,159.88,161.81,0
2009-06-12,161.78,162.58,160.4,161.82,0
2009-06-15,161.59,161.76,158.81,159.485,0
2009-06-16,159.54,160.36,156.35,158.045,0
2009-06-17,158.02,159.38,155.55,156.925,0
2009-06-18,156.72,158.45,154.92,157.82,0
2009-06-19,157.79,159.62,157.32,158.91,0
2009-06-22,158.82,158.92,156.34,156.845,0
2009-06-23,156.79,156.84,153.97,156.665,0
2009-06-24,156.66,158.27,156.08,157.06,0
2009-06-25,157.07,158.53,155.9,157.015,0
2009-06-26,157.13,158.23,156.6,157.375,0
2009-06-29,157.11,159.32,156.65,159.065,0
2009-06-30,159.12,160.27,158.13,158.615,0
2009-07-01,158.61,159.97,158.12,159.1,0
2009-07-02,159.24,159.32,156.78,156.93,0
2009-07-03,156.74,157.85,156.35,156.92,0
2009-07-06,156.41,156.48,152.98,155.22,0
2009-07-07,155.16,155.35,152.67,153.065,0
2009-07-08,152.88,152.93,146.71,149.095,0
2009-07-09,148.8,152.35,148.06,151.9,0
2009-07-10,151.87,152.17,148.28,149.855,0
2009-07-13,149.58,150.99,147.07,150.91,0
2009-07-14,150.91,153.02,150.65,152.745,0
2009-07-15,152.7,155.16,152.32,154.815,0
2009-07-16,154.73,155.05,152.96,154.36,0
2009-07-17,154.2,154.63,152.34,153.815,0
2009-07-20,154.04,156.44,153.75,155.86,0
2009-07-21,155.93,156.05,153.07,154.29,0
2009-07-22,154.1,154.64,152.27,154.025,0
2009-07-23,153.98,157.59,153.78,156.665,0
2009-07-24,156.7,157.17,155.32,155.755,0
2009-07-27,155.8,157.47,155.12,157.02,0
2009-07-28,156.99,157.47,154.1,155.37,0
2009-07-29,155.18,156.33,153.82,155.68,0
2009-07-30,155.54,158.06,155.18,157.605,0
2009-07-31,157.57,158.58,156.86,158.31,0
2009-08-03,158.31,161.77,158.03,161.35,0
2009-08-04,161.26,162.18,159.98,161.285,0
2009-08-05,161.29,162.43,160.38,161.215,0
2009-08-06,161.2,162.38,159.92,160.065,0
2009-08-07,160.04,163.05,158.9,162.77,0
2009-08-10,162.83,162.9,159.34,160.06,0
2009-08-11,160.04,160.21,157.77,158.11,0
2009-08-12,158.06,159.73,155.91,158.38,0
2009-08-13,158.44,160.34,157.32,158.26,0
2009-08-14,158.05,158.38,155.95,157.025,0
2009-08-17,156.43,156.54,153.4,154.4,0
2009-08-18,154.32,157.08,154,156.745,0
2009-08-19,156.77,157.53,153.6,155.59,0
2009-08-20,155.54,156.73,154.5,155.45,0
2009-08-21,155.4,156.56,153.51,155.8,0
2009-08-24,155.75,156.81,154.78,155.15,0
2009-08-25,155.06,155.52,153.37,153.88,0
2009-08-26,153.94,154.11,152.2,153.06,0
2009-08-27,152.93,153.08,151.02,152.17,0
2009-08-28,152.05,153.62,151.93,152.355,0
2009-08-31,151.98,152.19,149.99,151.425,0
2009-09-01,151.27,152.75,149.77,150.115,0
2009-09-02,150.11,150.55,148.98,150.035,0
2009-09-03,150.02,151.72,149.36,151.295,0
2009-09-04,151.21,152.73,150.8,152.485,0
2009-09-07,152.34,153.24,151.54,152.04,0
2009-09-08,152.01,152.92,151.28,152.23,0
2009-09-09,152.17,153.03,151.62,152.31,0
2009-09-10,152.23,153.12,151.85,152.835,0
2009-09-11,152.83,152.89,150.44,151.17,0
2009-09-14,150.8,150.9,149.84,150.66,0
2009-09-15,150.63,151.74,149.4,150.18,0
2009-09-16,150.04,150.58,148.54,149.865,0
2009-09-17,149.8,151.2,149.55,149.795,0
2009-09-18,149.7,150.05,148.19,148.535,0
2009-09-21,148.31,149.62,148.03,149.18,0
2009-09-22,149.06,149.42,148.43,149.06,0
2009-09-23,149.01,150.38,148.19,149.3,0
2009-09-24,149.34,149.55,146.26,146.605,0
2009-09-25,146.58,146.6,142.68,143.035,0
2009-09-28,143.07,143.16,139.7,142.37,0
2009-09-29,142.32,143.96,141.98,143.805,0
2009-09-30,143.8,144.52,142.79,143.655,0
2009-10-01,143.54,144.21,142.69,142.895,0
2009-10-02,142.71,143.26,140.79,143.15,0
2009-10-05,142.48,143.96,142.4,142.805,0
2009-10-06,142.69,143.24,140.91,141.305,0
2009-10-07,141.18,142.02,139.65,141.375,0
2009-10-08,141.38,142.56,140.93,142.125,0
2009-10-09,141.93,143.13,141.61,142.185,0
2009-10-12,142.23,143.22,141.46,141.88,0
2009-10-13,141.87,143.23,141.13,142.82,0
2009-10-14,142.86,143.88,141.68,142.885,0
2009-10-15,142.9,147.59,142.8,147.405,0
2009-10-16,147.3,149.36,147.12,148.665,0
2009-10-19,148.46,149.13,147.02,148.65,0
2009-10-20,148.87,149.41,147.44,148.58,0
2009-10-21,148.54,151.57,148.4,151.055,0
2009-10-22,150.87,151.96,150.48,151.93,0
2009-10-23,151.69,153.23,149.92,150.135,0
2009-10-26,150.07,151.18,149.09,150.52,0
2009-10-27,150.36,151.15,149.85,150.295,0
2009-10-28,150.29,150.4,148.25,148.47,0
2009-10-29,148.5,151.63,147.61,151.38,0
2009-10-30,151.43,151.72,147.6,148.145,0
2009-11-02,147.21,148.94,145.76,148.12,0
2009-11-03,148.09,148.57,146.3,148.325,0
2009-11-04,148.45,151.29,147.76,150.195,0
2009-11-05,150.27,150.6,148.5,150.57,0
2009-11-06,150.3,150.76,148.34,149.465,0
2009-11-09,149.9,151.61,149.17,150.85,0
2009-11-10,150.77,151.02,148.96,150.365,0
2009-11-11,150.34,151.16,148.51,148.86,0
2009-11-12,148.85,150.02,148.2,149.91,0
2009-11-13,149.77,150.44,148.92,149.755,0
2009-11-16,149.63,150.38,149.08,149.965,0
2009-11-17,149.83,150.235,149.3,150.235,0
2009-11-18,150.05,150.32,149.33,149.645,0
2009-11-19,149.57,149.69,147.29,148.335,0
2009-11-20,148.28,148.41,146.36,146.805,0
2009-11-23,146.51,148.23,146.27,147.775,0
2009-11-24,147.75,147.92,146.17,146.785,0
2009-11-25,146.77,147.67,145.59,145.965,0
2009-11-26,145.88,146.22,142.5,142.935,0
2009-11-27,142.94,143.48,139.27,142.48,0
2009-11-30,143.07,143.93,140.98,142.07,0
2009-12-01,141.88,144.41,141.57,144.035,0
2009-12-02,144.08,145.73,143.74,145.47,0
2009-12-03,145.34,146.85,145.18,146.105,0
2009-12-04,146.01,149.08,145.36,148.775,0
2009-12-07,148.24,148.79,146.56,147.22,0
2009-12-08,147.17,147.2,143.54,143.965,0
2009-12-09,143.94,144.35,141.95,142.925,0
2009-12-10,142.88,144.4,142.44,143.56,0
2009-12-11,143.64,145.64,143.43,144.73,0
2009-12-14,144.56,145.06,143.07,144.53,0
2009-12-15,144.4,146.06,144.33,145.87,0
2009-12-16,145.85,146.94,145.2,146.675,0
2009-12-17,146.59,146.86,144.62,145.215,0
2009-12-18,145.34,146.55,143.71,145.915,0
2009-12-21,145.61,146.48,145.41,146.295,0
2009-12-22,146.24,147.05,145.97,146.68,0
2009-12-23,146.6,146.71,145.69,146.32,0
2009-12-24,146.15,146.44,145.66,146.085,0
2009-12-25,146.02,146.41,145.52,145.585,0
2009-12-28,146.13,146.69,145.76,146.59,0
2009-12-29,146.58,147.14,145.92,146.27,0
2009-12-30,146.25,148.98,146.01,148.555,0
2009-12-31,148.63,150.68,148.2,150.145,0
2010-01-01,150.18,150.425,150.06,150.425,0
2010-01-04,150.44,150.71,148.58,149.01,0
2010-01-05,148.82,149.15,146.07,146.705,0
2010-01-06,146.62,148.47,145.96,147.99,0
2010-01-07,147.77,148.75,147,148.71,0
2010-01-08,148.55,149.71,147.88,148.5,0
2010-01-11,148.71,149.6,148.02,148.3,0
2010-01-12,148.39,148.64,146.59,147.155,0
2010-01-13,147.04,149.06,146.63,148.86,0
2010-01-14,148.8,150,148.31,148.89,0
2010-01-15,148.94,149.22,147.12,147.645,0
2010-01-18,147.51,148.9,147.46,148.23,0
2010-01-19,148.16,149.47,147.94,149.165,0
2010-01-20,149.08,149.25,147.5,148.625,0
2010-01-21,148.62,149.09,146.03,146.41,0
2010-01-22,146.53,147.21,144.58,144.775,0
2010-01-25,145.49,146.73,144.61,146.53,0
2010-01-26,146.53,147.29,144.02,144.68,0
2010-01-27,144.69,145.71,143.59,145.445,0
2010-01-28,145.41,147.21,144.55,144.94,0
2010-01-29,145.01,146.26,144.21,144.49,0
2010-02-01,143.17,144.86,142.98,144.65,0
2010-02-02,144.52,145.19,143.79,144.42,0
2010-02-03,144.3,145.28,144.16,144.69,0
2010-02-04,144.48,144.78,139.32,140.16,0
2010-02-05,140.21,141.42,138.2,139.765,0
2010-02-08,139.56,139.93,138.59,139.315,0
2010-02-09,139.1,141.25,138.74,140.77,0
2010-02-10,140.85,141.43,139.4,140.23,0
2010-02-11,140.15,141.02,139.57,140.85,0
2010-02-12,140.89,141.89,139.76,141.23,0
2010-02-15,141.22,141.39,140.63,140.89,0
2010-02-16,140.89,142.59,140.7,142.3,0
2010-02-17,142.27,143.6,142.02,143.155,0
2010-02-18,142.96,143.05,140.92,142.53,0
2010-02-19,142.56,142.67,140.85,141.715,0
2010-02-22,141.57,142.18,140.76,141.11,0
2010-02-23,141.08,141.67,138.7,139.095,0
2010-02-24,139.12,139.59,138.29,138.96,0
2010-02-25,138.82,139.23,134.91,135.965,0
2010-02-26,136.04,136.68,134.61,135.55,0
2010-03-01,134.63,135.5,131.97,133.585,0
2010-03-02,133.53,133.75,132.44,132.795,0
2010-03-03,132.91,134.01,132.67,133.615,0
2010-03-04,133.55,134.81,132.52,133.94,0
2010-03-05,133.99,137.05,133.7,136.72,0
2010-03-08,136.85,137.37,135.62,135.97,0
2010-03-09,136.02,136.07,133.87,134.955,0
2010-03-10,134.86,135.89,133.85,135.585,0
2010-03-11,135.49,136.49,134.86,136.345,0
2010-03-12,136.28,138.07,136.04,137.375,0
2010-03-15,137.57,137.94,135.74,136.28,0
2010-03-16,136.17,137.88,135.12,137.735,0
2010-03-17,137.58,139.32,137.06,138.315,0
2010-03-18,138.36,138.58,137,137.715,0
2010-03-19,137.71,138.08,135.57,135.925,0
2010-03-22,135.7,136.2,134.5,136.095,0
2010-03-23,136.1,136.52,135.21,136.045,0
2010-03-24,135.96,137.45,135.45,137.155,0
2010-03-25,137.16,138.11,136.59,137.34,0
2010-03-26,137.21,138.04,137.01,137.85,0
2010-03-29,138.04,139.11,137.62,138.575,0
2010-03-30,138.59,140.54,137.96,139.88,0
2010-03-31,139.87,142.02,139.73,141.895,0
2010-04-01,141.85,143.67,141.7,143.545,0
2010-04-02,143.48,143.95,142.73,143.895,0
2010-04-05,144.61,144.72,143.71,144.26,0
2010-04-06,144.28,144.41,142.02,143.18,0
2010-04-07,143.05,143.83,141.71,142.29,0
2010-04-08,142.05,142.81,140.91,142.685,0
2010-04-09,142.63,144.32,142.53,143.27,0
2010-04-12,143.99,144.51,143.13,143.315,0
2010-04-13,143.16,143.76,141.99,143.425,0
2010-04-14,143.34,144.63,143.16,144.225,0
2010-04-15,144.18,145.04,143.22,144.19,0
2010-04-16,143.88,144.09,141.28,141.585,0
2010-04-19,140.53,141.81,139.35,141.785,0
2010-04-20,141.81,143.53,141.48,143.335,0
2010-04-21,143.39,144.16,142.57,143.48,0
2010-04-22,143.48,144.17,142.37,143.8,0
2010-04-23,143.78,144.78,143.03,144.46,0
2010-04-26,144.71,145.96,144.43,145.205,0
2010-04-27,145.23,145.39,141.56,142.005,0
2010-04-28,141.86,143.51,141.65,142.955,0
2010-04-29,143.11,144.41,142.14,144.06,0
2010-04-30,144.31,145.21,143.18,143.29,0
2010-05-03,143.83,144.63,142.94,144.13,0
2010-05-04,144.06,144.9,142.56,143.26,0
2010-05-05,143.25,144.03,141.15,141.785,0
2010-05-06,141.8,142.29,129.9,133.715,0
2010-05-07,133.94,138.19,133.08,135.575,0
2010-05-10,137.14,140.56,135.75,138.54,0
2010-05-11,138.68,139.67,135.85,138.635,0
2010-05-12,138.44,139.83,137.36,138.165,0
2010-05-13,138.18,139.5,135.26,135.405,0
2010-05-14,135.21,136.05,133.17,134.47,0
2010-05-17,134.07,134.34,131.05,134.045,0
2010-05-18,134.12,134.81,131.7,131.785,0
2010-05-19,131.59,132.59,129.7,132.48,0
2010-05-20,132.7,132.73,126.71,128.565,0
2010-05-21,127.72,130.81,127.72,130.25,0
2010-05-24,130.43,131.39,129.09,130.005,0
2010-05-25,129.93,130.32,127.6,130.28,0
2010-05-26,130.41,130.57,129.02,129.1,0
2010-05-27,129.08,132.96,129.06,132.815,0
2010-05-28,132.64,133.23,130.86,131.74,0
2010-05-31,131.31,132.94,131.26,132.62,0
2010-06-01,132.54,134.47,130.76,133.305,0
2010-06-02,133.15,135.4,133.07,135.05,0
2010-06-03,135.07,136.43,134.52,135.395,0
2010-06-04,135.32,136.26,132.09,132.93,0
2010-06-07,132.42,133.84,131.07,132.175,0
2010-06-08,132.2,133.39,130.39,132.465,0
2010-06-09,132.42,133.78,131.37,132.685,0
2010-06-10,132.59,134.42,132.17,134.355,0
2010-06-11,134.33,135.14,132.65,133.29,0
2010-06-14,133.63,135.89,133.37,134.98,0
2010-06-15,134.93,135.67,133.88,135.325,0
2010-06-16,135.45,135.97,134.5,134.665,0
2010-06-17,134.51,135.49,133.47,134.87,0
2010-06-18,134.65,135.22,133.96,134.495,0
2010-06-21,134.21,136.03,133.9,134.21,0
2010-06-22,134.37,134.76,133.04,134.12,0
2010-06-23,133.93,134.97,133.65,134.505,0
2010-06-24,134.49,134.87,133.43,133.74,0
2010-06-25,133.6,134.6,133.05,134.425,0
2010-06-28,134.45,135.24,134.14,134.95,0
2010-06-29,134.9,135.13,132.8,133.385,0
2010-06-30,133.23,133.6,131.94,132.16,0
2010-07-01,132.05,133.07,131.24,132.97,0
2010-07-02,133.13,133.86,132.69,133.42,0
2010-07-05,133.28,133.66,132.32,132.84,0
2010-07-06,132.8,133.68,131.82,132.71,0
2010-07-07,132.62,133.35,131.18,133.22,0
2010-07-08,133.1,134.58,132.97,134.025,0
2010-07-09,133.98,134.64,133.18,133.485,0
2010-07-12,133.46,133.99,132.51,133.175,0
2010-07-13,133.17,134.69,132.39,134.585,0
2010-07-14,134.66,135.81,134.25,135,0
2010-07-15,134.96,135.58,133.95,135.195,0
2010-07-16,134.98,135.07,131.96,132.44,0
2010-07-19,132.33,133.43,131.76,132.035,0
2010-07-20,132.07,133.75,131.44,133.61,0
2010-07-21,133.55,133.72,131.55,132.075,0
2010-07-22,131.92,133.31,130.79,132.6,0
2010-07-23,132.76,135.015,132.37,135.015,0
2010-07-26,134.84,135.56,134.35,134.57,0
2010-07-27,134.59,137.22,134.38,137.035,0
2010-07-28,137.04,137.54,135.83,136.325,0
2010-07-29,136.15,136.87,134.92,135.47,0
2010-07-30,135.67,136.07,134.15,135.625,0
2010-08-02,135.86,137.66,135.47,137.475,0
2010-08-03,137.37,137.76,136.27,136.82,0
2010-08-04,136.88,137.33,135.78,137.135,0
2010-08-05,137.09,137.57,135.73,136.45,0
2010-08-06,136.34,137.12,135.42,136.365,0
2010-08-09,136.53,137.08,136.16,136.645,0
2010-08-10,136.68,136.82,134.82,135.505,0
2010-08-11,135.41,135.52,132.76,133.12,0
2010-08-12,133.39,134.75,132.94,133.89,0
2010-08-13,133.73,134.87,133.3,134.45,0
2010-08-16,134.26,134.58,133.11,133.75,0
2010-08-17,133.55,133.98,133.04,133.3,0
2010-08-18,133.24,133.75,132.39,133.305,0
2010-08-19,133.13,134.05,132.74,133.1,0
2010-08-20,132.93,133.38,131.94,132.995,0
2010-08-23,132.97,133.42,131.89,131.97,0
2010-08-24,131.85,132.14,128.71,129.445,0
2010-08-25,129.65,131.07,129.52,130.795,0
2010-08-26,130.85,132.04,130.77,131.205,0
2010-08-27,131.12,132.61,130.41,132.275,0
2010-08-30,132.55,133.67,130.58,130.845,0
2010-08-31,130.82,130.96,128.61,129.185,0
2010-09-01,129.19,130.94,128.77,130.52,0
2010-09-02,130.41,130.59,129.12,129.83,0
2010-09-03,129.72,131.68,129.61,130.24,0
2010-09-06,130.26,130.66,129.2,129.585,0
2010-09-07,129.54,129.6,127.86,128.76,0
2010-09-08,128.69,130.32,128.01,129.765,0
2010-09-09,129.72,129.97,128.51,129.35,0
2010-09-10,129.34,130.05,128.95,129.205,0
2010-09-13,129.23,130.11,128.72,129.135,0
2010-09-14,129.11,129.44,127.62,129.055,0
2010-09-15,128.97,134.06,128.49,133.94,0
2010-09-16,133.98,134.29,132.92,133.995,0
2010-09-17,133.96,135.03,133.62,134.175,0
2010-09-20,134.21,134.44,133.11,133.245,0
2010-09-21,133.21,133.42,132.29,132.865,0
2010-09-22,132.89,133.39,131.67,132.39,0
2010-09-23,132.24,132.77,131.78,132.28,0
2010-09-24,132.32,133.74,132.23,133.225,0
2010-09-27,133.38,133.68,132.89,133.415,0
2010-09-28,133.19,133.76,131.89,132.545,0
2010-09-29,132.46,132.92,131.79,132.15,0
2010-09-30,132.19,132.73,130.81,131.15,0
2010-10-01,131.14,132.09,131.07,131.625,0
2010-10-04,131.54,132.38,131.12,131.905,0
2010-10-05,131.98,133.02,131.82,132.195,0
2010-10-06,132.16,132.44,131.4,131.795,0
2010-10-07,131.7,131.88,130.41,130.755,0
2010-10-08,130.6,131.09,129.97,130.8,0
2010-10-11,130.44,131.03,129.84,130.4,0
2010-10-12,130.33,130.71,128.92,129.255,0
2010-10-13,129.23,130.16,128.95,130.035,0
2010-10-14,129.98,130.5,129.6,130.395,0
2010-10-15,130.31,130.72,129.95,130.27,0
2010-10-18,130.11,130.21,128.64,129.095,0
2010-10-19,129.15,129.38,127.76,128.215,0
2010-10-20,128.06,128.77,127.36,128.565,0
2010-10-21,128.49,129.22,127.44,127.785,0
2010-10-22,127.73,127.89,127.04,127.63,0
2010-10-25,127.57,127.74,126.4,127.125,0
2010-10-26,127.06,129.16,126.78,128.985,0
2010-10-27,128.97,129.59,128.49,128.88,0
2010-10-28,128.93,129.37,128.02,129.145,0
2010-10-29,129.1,129.29,127.95,128.96,0
2010-11-01,128.8,130.55,128.74,129.105,0
2010-11-02,129.07,129.66,128.92,129.355,0
2010-11-03,129.37,131.26,128.98,130.45,0
2010-11-04,130.68,131.52,130.08,131.31,0
2010-11-05,131.33,132.01,130.45,131.49,0
2010-11-08,131.56,131.61,130.5,131.005,0
2010-11-09,131.01,131.07,129.77,130.75,0
2010-11-10,130.61,133.04,130.31,132.7,0
2010-11-11,132.61,133.24,132.21,133.01,0
2010-11-12,132.92,133.57,130.92,133.135,0
2010-11-15,133.12,133.77,132.85,133.56,0
2010-11-16,133.51,133.75,132.14,132.315,0
2010-11-17,132.28,132.96,132.17,132.34,0
2010-11-18,132.3,134.21,132.17,134.005,0
2010-11-19,133.95,134.2,132.99,133.41,0
2010-11-22,133.4,134.19,132.57,132.905,0
2010-11-23,132.91,133.37,130.78,131.27,0
2010-11-24,131.19,132,130.8,131.845,0
2010-11-25,131.74,132.03,131.32,131.745,0
2010-11-26,131.75,132.11,130.93,131.165,0
2010-11-29,131,131.37,130.8,131.19,0
2010-11-30,131.22,131.26,129.3,130.17,0
2010-12-01,130.17,131.6,129.89,131.6,0
2010-12-02,131.54,131.75,130.15,130.89,0
2010-12-03,130.81,131.06,129.48,130.385,0
2010-12-06,130.24,130.61,129.47,129.855,0
2010-12-07,129.92,131.8,129.48,131.6,0
2010-12-08,131.53,133.01,131.29,132.82,0
2010-12-09,132.73,132.91,131.7,131.985,0
2010-12-10,132.01,132.755,131.9,132.755,0
2010-12-13,132.69,133.05,131.75,132.26,0
2010-12-14,132.25,132.64,131.24,132.04,0
2010-12-15,131.99,132.29,130.72,130.885,0
2010-12-16,130.93,131.64,130.81,131.34,0
2010-12-17,131.28,131.4,129.95,130.36,0
2010-12-20,130.3,130.48,129.5,129.92,0
2010-12-21,129.84,130.32,129.2,129.56,0
2010-12-22,129.6,129.71,128.28,128.555,0
2010-12-23,128.53,128.74,127.41,127.985,0
2010-12-24,127.95,128.43,127.78,127.99,0
2010-12-27,127.99,128.01,127.34,127.7,0
2010-12-28,127.64,128.03,126.06,126.93,0
2010-12-29,126.72,126.8,126.07,126.58,0
2010-12-30,126.47,126.7,125.44,125.85,0
2010-12-31,125.71,127.02,125.64,126.705,0
2011-01-03,126.38,126.57,125.71,126.53,0
2011-01-04,126.53,128.59,126.28,127.855,0
2011-01-05,127.81,129.23,127.4,129.135,0
2011-01-06,129.2,129.29,128.38,128.93,0
2011-01-07,128.89,129.43,128.2,129.225,0
2011-01-10,129.16,129.34,128.24,128.84,0
2011-01-11,128.75,130.41,128.68,129.89,0
2011-01-12,129.87,131.15,129.56,130.76,0
2011-01-13,130.76,131.41,130.44,131.1,0
2011-01-14,131.08,131.89,130.42,131.64,0
2011-01-17,131.36,132.59,130.94,131.42,0
2011-01-18,131.39,132.51,131.23,131.83,0
2011-01-19,131.82,132.17,130.78,131.22,0
2011-01-20,131.1,132.12,130.62,132.045,0
2011-01-21,131.96,132.36,131.44,132.18,0
2011-01-24,131.96,132.38,131.64,131.935,0
2011-01-25,131.87,132.02,129.62,130.13,0
2011-01-26,129.97,131.07,129.46,130.835,0
2011-01-27,130.9,132.68,130.52,132.01,0
2011-01-28,132.05,132.11,129.75,130.245,0
2011-01-31,129.99,131.6,129.8,131.49,0
2011-02-01,131.39,131.97,130.86,131.275,0
2011-02-02,131.26,132.32,131.21,131.98,0
2011-02-03,132.01,132.93,131.42,131.725,0
2011-02-04,131.72,132.75,130.73,132.345,0
2011-02-07,132.31,133.25,132.19,132.63,0
2011-02-08,132.58,132.9,131.51,132.33,0
2011-02-09,132.27,133,132.05,132.625,0
2011-02-10,132.57,134.26,132.46,133.955,0
2011-02-11,133.92,134.22,133.2,133.555,0
2011-02-14,133.55,133.77,133.11,133.635,0
2011-02-15,133.55,135.46,133.46,135.11,0
2011-02-16,135.07,135.47,134.13,134.605,0
2011-02-17,134.65,134.99,134.3,134.715,0
2011-02-18,134.72,135.51,134.41,134.955,0
2011-02-21,135.1,135.17,134.64,134.87,0
2011-02-22,134.82,135.42,133.21,133.525,0
2011-02-23,133.46,134.64,133.33,133.74,0
2011-02-24,133.67,133.86,131.44,132.205,0
2011-02-25,132.16,132.46,131.04,131.67,0
2011-02-28,131.55,133.32,131.23,132.95,0
2011-03-01,132.97,134.13,132.88,133.185,0
2011-03-02,133.05,133.76,132.76,133.71,0
2011-03-03,133.62,134.18,132.87,134.095,0
2011-03-04,134.07,135.12,133.6,133.91,0
2011-03-07,133.92,134.09,132.86,133.22,0
2011-03-08,133.2,133.79,133.05,133.615,0
2011-03-09,133.54,134.82,133.49,134.075,0
2011-03-10,134.02,134.35,132.86,133.08,0
2011-03-11,133.14,133.73,130.82,131.725,0
2011-03-14,131.55,132.35,129.85,132.025,0
2011-03-15,132.05,132.54,129.12,129.76,0
2011-03-16,129.85,130.53,125.09,125.325,0
2011-03-17,124.16,128.02,123.38,127.325,0
2011-03-18,127.47,132.48,127.47,130.89,0
2011-03-21,131.04,132.36,130.9,132.225,0
2011-03-22,132.23,132.99,131.72,132.52,0
2011-03-23,132.56,132.7,131.11,131.345,0
2011-03-24,131.5,131.7,130.19,130.535,0
2011-03-25,130.52,131.06,130.18,130.435,0
2011-03-28,130.17,131.06,130.17,130.675,0
2011-03-29,130.65,132.22,130.26,132.09,0
2011-03-30,131.98,133.65,131.79,133.23,0
2011-03-31,133.29,133.85,132.44,133.345,0
2011-04-01,133.4,135.82,133.3,135.45,0
2011-04-04,135.5,136.28,135.15,135.615,0
2011-04-05,135.65,138.48,135.56,138.445,0
2011-04-06,138.43,139.68,138.07,139.585,0
2011-04-07,139.5,139.7,137.85,138.65,0
2011-04-08,138.7,140.02,138.4,138.81,0
2011-04-11,138.98,139.63,137.98,138.39,0
2011-04-12,138.32,138.64,135.7,135.995,0
2011-04-13,135.96,137.21,135.66,136.4,0
2011-04-14,136.41,136.75,135.25,136.5,0
2011-04-15,136.51,137.04,135.24,135.69,0
2011-04-18,135.68,135.86,132.93,134.475,0
2011-04-19,134.13,134.83,133.74,134.745,0
2011-04-20,134.76,135.8,134.62,135.305,0
2011-04-21,135.29,135.96,134.66,135.195,0
2011-04-22,135.12,135.77,134.74,135.125,0
2011-04-25,135.2,135.93,134.67,135.085,0
2011-04-26,134.95,135.16,134.19,134.35,0
2011-04-27,134.39,136.7,134.03,136.7,0
2011-04-28,136.72,137.05,135.47,135.54,0
2011-04-29,135.65,136.01,135.1,135.685,0
2011-05-02,135.51,136.11,135.07,135.24,0
2011-05-03,135.24,135.38,132.89,133.435,0
2011-05-04,133.41,134.24,132.71,132.925,0
2011-05-05,132.91,133.2,130.86,131.33,0
2011-05-06,131.53,132.84,131.29,131.995,0
2011-05-09,132.1,132.41,131.18,131.635,0
2011-05-10,131.55,132.51,131.41,132.27,0
2011-05-11,132.3,134.05,131.78,132.58,0
2011-05-12,132.72,133.19,131.18,131.855,0
2011-05-13,131.88,132.02,130.23,130.865,0
2011-05-16,130.78,131.49,130.35,130.935,0
2011-05-17,130.94,133.17,130.77,132.315,0
2011-05-18,132.31,132.53,130.73,132.185,0
2011-05-19,132.02,132.97,131.75,132.495,0
2011-05-20,132.51,132.97,132.06,132.61,0
2011-05-23,132.65,132.92,131.2,132.145,0
2011-05-24,132.06,133.13,131.36,132.63,0
2011-05-25,132.6,133.7,132.02,133.435,0
2011-05-26,133.5,133.8,132.57,133.37,0
2011-05-27,133.32,133.64,132.64,133.38,0
2011-05-30,133.13,133.48,132.91,133.37,0
2011-05-31,133.36,135.12,133.25,134.15,0
2011-06-01,134.03,134.36,132,132.13,0
2011-06-02,132,132.85,131.74,132.485,0
2011-06-03,132.45,132.59,130.6,131.895,0
2011-06-06,131.7,132.27,130.76,131.065,0
2011-06-07,130.97,132.08,130.82,131.705,0
2011-06-08,131.68,131.94,130.44,131.075,0
2011-06-09,131,131.96,130.86,131.53,0
2011-06-10,131.53,131.66,129.78,130.42,0
2011-06-13,130.43,131.64,130.2,131.47,0
2011-06-14,131.32,132.34,131,131.82,0
2011-06-15,131.83,132.05,130.63,131.1,0
2011-06-16,130.99,131.39,129.69,130.315,0
2011-06-17,130.35,130.5,129.29,129.665,0
2011-06-20,129.43,130.23,128.86,130.03,0
2011-06-21,130.08,130.42,129.59,130.34,0
2011-06-22,130.25,130.53,128.92,129.075,0
2011-06-23,129.05,129.31,128.42,128.96,0
2011-06-24,128.85,129.03,128.18,128.37,0
2011-06-27,128.31,129.55,128.22,129.33,0
2011-06-28,129.33,129.95,128.59,129.77,0
2011-06-29,129.66,130.08,129.05,129.73,0
2011-06-30,129.72,129.85,128.34,129.24,0
2011-07-01,129.17,130.07,128.98,129.955,0
2011-07-04,129.73,130.14,129.58,129.945,0
2011-07-05,129.87,130.84,129.67,130.235,0
2011-07-06,130.23,130.29,128.92,129.485,0
2011-07-07,129.5,130.13,129.04,129.765,0
2011-07-08,129.67,130.02,128.84,129.505,0
2011-07-11,129.1,129.42,127.36,127.645,0
2011-07-12,127.73,127.86,124.93,125.32,0
2011-07-13,126.03,127.46,126,127.425,0
2011-07-14,127.15,128.17,126.76,127.785,0
2011-07-15,127.72,128.03,127.13,127.68,0
2011-07-18,127.41,127.66,126.58,126.885,0
2011-07-19,126.8,127.86,126.77,127.635,0
2011-07-20,127.6,127.84,126.65,127.3,0
2011-07-21,127.32,128.2,126.96,127.975,0
2011-07-22,128.03,128.41,127.43,128.04,0
2011-07-25,127.7,128.05,127.04,127.43,0
2011-07-26,127.47,128.17,127.01,127.9,0
2011-07-27,127.98,128.12,127.13,127.355,0
2011-07-28,127.2,127.4,126.63,127.325,0
2011-07-29,127.19,127.37,125.94,126.04,0
2011-08-01,126.84,128.49,124.17,125.855,0
2011-08-02,126.15,126.93,125.26,125.56,0
2011-08-03,125.87,126.62,125.23,126.605,0
2011-08-04,126.59,130.83,126.49,128.695,0
2011-08-05,128.66,129.03,127.36,128.51,0
2011-08-08,128.62,128.85,126.45,126.87,0
2011-08-09,126.92,127.03,124.47,125.805,0
2011-08-10,126.05,126.22,123.26,124.085,0
2011-08-11,123.87,124.85,123.33,124.84,0
2011-08-12,124.78,125.19,123.92,124.845,0
2011-08-15,125.19,125.99,124.91,125.96,0
2011-08-16,125.87,126.43,125.24,126.33,0
2011-08-17,126.27,126.98,125.26,126.76,0
2011-08-18,126.67,126.79,125.6,126.485,0
2011-08-19,126.22,126.8,125.67,126.01,0
2011-08-22,126.51,127.32,126.09,126.45,0
2011-08-23,126.43,126.97,126.1,126.53,0
2011-08-24,126.44,126.75,125.53,126.025,0
2011-08-25,125.9,126.54,125.69,126.22,0
2011-08-26,126.08,126.18,124.41,125.46,0
2011-08-29,125.23,126.56,125.15,126.11,0
2011-08-30,126.11,126.34,124.59,125.06,0
2011-08-31,125.04,125.31,124.24,124.555,0
2011-09-01,124.5,125.35,124.08,124.535,0
2011-09-02,124.45,124.72,124.12,124.555,0
2011-09-05,124.08,124.42,123.44,123.975,0
2011-09-06,123.94,125.07,122.99,123.725,0
2011-09-07,123.61,123.88,123.13,123.515,0
2011-09-08,123.4,124.38,123.08,123.69,0
2011-09-09,123.68,124.24,122.3,123.215,0
2011-09-12,122.71,123.02,121.22,122.455,0
2011-09-13,122.34,122.45,121.21,121.43,0
2011-09-14,121.32,121.56,120.64,120.885,0
2011-09-15,120.92,122.26,120.62,121.22,0
2011-09-16,121.21,121.76,120.73,121.25,0
2011-09-19,121.01,121.06,119.42,120.19,0
2011-09-20,120.12,120.57,119.71,120.295,0
2011-09-21,120.34,120.43,118.32,118.495,0
2011-09-22,118.54,119.12,116.79,117.005,0
2011-09-23,117.05,118.89,116.96,118.495,0
2011-09-26,118.32,119.01,117.71,118.89,0
2011-09-27,118.81,120.44,118.48,120.075,0
2011-09-28,120.03,120.21,118.91,119.245,0
2011-09-29,119.14,120.83,118.72,119.98,0
2011-09-30,119.92,120.79,119.05,120.1,0
2011-10-03,120.08,120.37,117.98,118.125,0
2011-10-04,118.12,119.11,117.67,119.095,0
2011-10-05,118.98,119.01,118.04,118.76,0
2011-10-06,118.78,118.87,116.91,118.39,0
2011-10-07,118.37,119.98,118.06,119.4,0
2011-10-10,119.42,120.3,119.11,120.075,0
2011-10-11,120.03,120.13,119.3,119.515,0
2011-10-12,119.53,122.36,119.16,121.67,0
2011-10-13,121.6,121.69,120.29,121.145,0
2011-10-14,121.12,122.61,120.9,122.17,0
2011-10-17,121.96,122.63,120.77,120.935,0
2011-10-18,120.94,121.58,119.94,120.67,0
2011-10-19,120.62,121.7,120.38,121.14,0
2011-10-20,121.13,121.52,120.33,121.37,0
2011-10-21,121.3,122.07,120.75,121.71,0
2011-10-24,121.43,122.09,120.94,121.695,0
2011-10-25,121.66,122.02,120.91,121.72,0
2011-10-26,121.71,121.96,120.66,121.68,0
2011-10-27,121.64,122.52,121.06,122.31,0
2011-10-28,122.27,122.35,121.78,122.23,0
2011-10-31,122.11,127.26,121.83,125.815,0
2011-11-01,125.67,126.28,124.17,124.905,0
2011-11-02,124.91,125.29,124.3,124.465,0
2011-11-03,124.52,125.44,123.84,125.405,0
2011-11-04,125.15,125.55,124.54,125.42,0
2011-11-07,125.6,125.64,124.73,125.305,0
2011-11-08,125.29,125.61,124.9,125.025,0
2011-11-09,125.03,125.18,123.55,123.89,0
2011-11-10,123.83,124.08,123.04,123.715,0
2011-11-11,123.64,124.16,122.86,123.96,0
2011-11-14,124.14,124.31,122.26,122.615,0
2011-11-15,122.57,122.82,121.61,121.85,0
2011-11-16,121.87,121.99,121.09,121.21,0
2011-11-17,121.15,121.68,120.81,121.255,0
2011-11-18,121.24,121.75,120.98,121.535,0
2011-11-21,121.37,121.46,119.99,120.34,0
2011-11-22,120.33,120.91,120.06,120.38,0
2011-11-23,120.27,120.46,119.78,120.05,0
2011-11-24,120.02,120.16,119.31,119.465,0
2011-11-25,119.4,120.44,119.33,120.095,0
2011-11-28,120.06,121.66,119.88,120.895,0
2011-11-29,120.88,121.84,120.71,121.555,0
2011-11-30,121.43,122.52,120.98,121.715,0
2011-12-01,121.79,122.5,121.37,121.96,0
2011-12-02,121.86,122.62,121.25,121.765,0
2011-12-05,121.95,122.27,121.41,121.705,0
2011-12-06,121.59,121.79,120.9,121.26,0
2011-12-07,121.21,122.18,121.08,122.03,0
2011-12-08,121.99,122.05,120.88,121.505,0
2011-12-09,121.36,122.22,120.95,121.44,0
2011-12-12,121.55,121.78,120.65,121.42,0
2011-12-13,121.37,121.66,120.48,120.775,0
2011-12-14,120.73,121.12,120.26,120.66,0
2011-12-15,120.72,120.92,120.42,120.845,0
2011-12-16,120.79,121.13,120.36,120.765,0
2011-12-19,120.85,121.1,120.46,120.99,0
2011-12-20,120.92,122.16,120.85,121.955,0
2011-12-21,121.92,122.58,121.78,122.425,0
2011-12-22,122.33,122.76,122.16,122.535,0
2011-12-23,122.52,122.66,121.63,121.745,0
2011-12-26,121.71,122,121.52,121.845,0
2011-12-27,121.83,122.12,121.54,122.05,0
2011-12-28,121.91,122.02,120.27,120.415,0
2011-12-29,120.42,120.56,119.4,119.66,0
2011-12-30,119.61,120.05,119.2,119.57,0
2012-01-02,119.29,119.58,118.91,119.26,0
2012-01-03,119.25,120.17,119.17,119.985,0
2012-01-04,120,120.12,119.55,119.8,0
2012-01-05,119.79,119.95,119.11,119.605,0
2012-01-06,119.47,119.74,118.49,118.8,0
2012-01-09,118.54,118.87,118.21,118.765,0
2012-01-10,118.76,119.06,118.68,118.965,0
2012-01-11,118.93,119.13,117.65,117.84,0
2012-01-12,117.82,118.13,117.48,117.75,0
2012-01-13,117.71,118.19,117.24,117.89,0
2012-01-16,117.82,117.82,117.24,117.685,0
2012-01-17,117.67,118.27,117.53,117.785,0
2012-01-18,117.78,118.62,117.49,118.495,0
2012-01-19,118.51,119.71,118.27,119.47,0
2012-01-20,119.43,119.92,119.16,119.82,0
2012-01-23,119.63,120.2,119.44,119.9,0
2012-01-24,119.89,121.4,119.6,121.36,0
2012-01-25,121.32,122.04,121.16,121.785,0
2012-01-26,121.75,121.89,121.27,121.48,0
2012-01-27,121.48,121.58,119.98,120.635,0
2012-01-30,120.61,120.72,119.51,119.82,0
2012-01-31,119.79,120.63,119.73,120.135,0
2012-02-01,120.11,120.98,119.54,120.66,0
2012-02-02,120.66,120.75,120.16,120.505,0
2012-02-03,120.5,121.22,120.2,121.14,0
2012-02-06,121.14,121.24,120.43,121.18,0
2012-02-07,121.09,122.24,120.96,122.09,0
2012-02-08,122.04,122.84,121.34,121.83,0
2012-02-09,121.81,122.98,121.66,122.885,0
2012-02-10,122.82,123.18,121.99,122.245,0
2012-02-13,122.32,122.92,122.12,122.35,0
2012-02-14,122.28,123.14,121.63,123.035,0
2012-02-15,123.03,123.5,122.56,123.04,0
2012-02-16,123.04,124.8,122.77,124.67,0
2012-02-17,124.63,125.91,124.47,125.9,0
2012-02-20,126.17,126.82,125.73,126.22,0
2012-02-21,126.22,126.63,125.59,125.815,0
2012-02-22,125.77,126.55,125.54,125.755,0
2012-02-23,125.66,126.21,125.41,125.895,0
2012-02-24,125.94,128.81,125.74,128.675,0
2012-02-27,129.1,129.7,126.91,127.43,0
2012-02-28,127.5,128.22,126.64,127.96,0
2012-02-29,127.96,129.61,127.77,129.195,0
2012-03-01,129.16,129.57,128.7,129.335,0
2012-03-02,129.37,130.08,129.09,129.52,0
2012-03-05,129.51,129.63,128.16,129.31,0
2012-03-06,129.31,129.48,126.51,127.16,0
2012-03-07,127.12,127.82,126.58,127.765,0
2012-03-08,127.62,129.24,127.52,129.19,0
2012-03-09,129.13,129.75,128.63,129.245,0
2012-03-12,129.22,129.31,128.12,128.72,0
2012-03-13,128.65,130.35,128.2,130.205,0
2012-03-14,130.16,131.46,130.04,131.18,0
2012-03-15,131.11,131.69,130.16,131.22,0
2012-03-16,131.21,132.43,130.84,132.23,0
2012-03-19,132.09,132.66,131.39,132.455,0
2012-03-20,132.46,132.99,132.2,132.77,0
2012-03-21,132.7,133.48,132.15,132.35,0
2012-03-22,132.26,132.48,130.05,130.585,0
2012-03-23,130.55,131.55,129.96,130.665,0
2012-03-26,130.83,132.37,130.69,132.305,0
2012-03-27,132.28,133.37,131.98,132.71,0
2012-03-28,132.65,132.71,130.98,131.63,0
2012-03-29,131.63,131.83,130.11,131.53,0
2012-03-30,131.49,132.72,130.59,132.615,0
2012-04-02,132.92,133.21,131.15,131.545,0
2012-04-03,131.45,131.96,130.73,131.84,0
2012-04-04,131.76,131.83,130.22,130.995,0
2012-04-05,130.96,131.14,129.46,130.275,0
2012-04-06,130.35,130.87,129.09,129.69,0
2012-04-09,129.53,129.89,128.77,129.605,0
2012-04-10,129.56,130.22,127.81,127.96,0
2012-04-11,128.02,129.18,127.81,128.675,0
2012-04-12,128.58,129.35,128.54,129.085,0
2012-04-13,128.98,129.56,128.06,128.26,0
2012-04-16,128.22,128.31,127.13,127.87,0
2012-04-17,127.75,128.97,127.5,128.735,0
2012-04-18,128.74,130.44,128.72,130.24,0
2012-04-19,130.15,131.08,130.07,131.08,0
2012-04-20,130.99,131.8,130.79,131.52,0
2012-04-23,131.52,131.69,130.14,130.915,0
2012-04-24,130.85,131.41,130.27,131.31,0
2012-04-25,131.2,131.77,130.47,131.425,0
2012-04-26,131.45,131.58,130.48,131.065,0
2012-04-27,131.07,131.73,130.26,130.58,0
2012-04-30,130.61,130.83,129.31,129.52,0
2012-05-01,129.55,130.17,129.03,129.875,0
2012-05-02,129.83,130.76,129.44,129.77,0
2012-05-03,129.73,130.44,129.63,129.78,0
2012-05-04,129.74,129.93,128.81,129,0
2012-05-07,128.8,129.46,128.38,129.39,0
2012-05-08,129.37,129.57,128.59,129.055,0
2012-05-09,129.02,129.08,127.8,128.475,0
2012-05-10,128.45,129.39,128.08,129.03,0
2012-05-11,128.82,129.03,128.21,128.515,0
2012-05-14,128.38,128.87,128,128.575,0
2012-05-15,128.49,128.76,128.01,128.26,0
2012-05-16,128.26,128.5,127.6,127.795,0
2012-05-17,127.74,127.98,125.08,125.29,0
2012-05-18,125.21,125.64,124.58,124.995,0
2012-05-21,125.19,125.82,124.89,125.5,0
2012-05-22,125.45,126.43,125.39,126.045,0
2012-05-23,126.09,126.16,124.29,124.695,0
2012-05-24,124.68,124.96,124.1,124.7,0
2012-05-25,124.69,124.95,124.38,124.785,0
2012-05-28,124.86,124.93,124.33,124.62,0
2012-05-29,124.59,124.97,123.87,124.35,0
2012-05-30,124.31,124.38,122.27,122.45,0
2012-05-31,122.38,122.49,120.13,120.715,0
2012-06-01,120.71,121.03,118.7,119.855,0
2012-06-04,119.99,120.67,119.74,120.53,0
2012-06-05,120.47,121.22,119.72,121.16,0
2012-06-06,121.02,122.94,120.82,122.74,0
2012-06-07,122.7,124.33,122.28,123.615,0
2012-06-08,123.7,123.84,121.88,123.005,0
2012-06-11,123.58,124.06,122.84,122.915,0
2012-06-12,122.83,123.98,122.48,123.96,0
2012-06-13,123.84,124.26,123.04,123.195,0
2012-06-14,123.16,123.52,122.72,123.465,0
2012-06-15,123.44,123.83,122.07,123.72,0
2012-06-18,124.09,124.64,123.32,123.965,0
2012-06-19,123.92,124.5,123.19,124.155,0
2012-06-20,124.24,125.35,123.56,124.835,0
2012-06-21,124.79,125.82,124.55,125.14,0
2012-06-22,125.1,125.72,124.74,125.385,0
2012-06-25,125.39,125.61,123.53,124.07,0
2012-06-26,123.97,124.43,123.49,124.31,0
2012-06-27,124.27,124.54,123.82,124.12,0
2012-06-28,124.01,124.16,122.88,123.29,0
2012-06-29,123.19,125.47,122.88,125.36,0
2012-07-02,125.4,125.46,124.28,124.79,0
2012-07-03,124.7,125.44,124.54,125.265,0
2012-07-04,125.17,125.27,124.19,124.53,0
2012-07-05,124.51,124.85,123.81,124.055,0
2012-07-06,124.04,124.26,123.02,123.405,0
2012-07-09,123.3,123.68,122.91,123.565,0
2012-07-10,123.46,123.58,122.73,123.26,0
2012-07-11,123.2,123.98,122.9,123.63,0
2012-07-12,123.58,124.01,121.98,122.285,0
2012-07-13,122.31,123.52,122.12,123.39,0
2012-07-16,123.46,123.53,122.47,123.28,0
2012-07-17,123.25,123.84,122.93,123.75,0
2012-07-18,123.71,123.91,123.05,123.35,0
2012-07-19,123.35,123.67,122.86,123.59,0
2012-07-20,123.53,123.79,122.43,122.605,0
2012-07-23,122.4,122.54,121.09,121.545,0
2012-07-24,121.4,121.69,120.91,121.245,0
2012-07-25,121.21,121.68,120.87,121.11,0
2012-07-26,121.08,122.99,120.76,122.705,0
2012-07-27,122.63,123.77,122.41,123.505,0
2012-07-30,123.53,123.57,122.45,122.84,0
2012-07-31,122.77,123.03,122.18,122.455,0
2012-08-01,122.41,122.66,121.63,121.87,0
2012-08-02,121.86,122.59,121.11,121.4,0
2012-08-03,121.37,123.05,121.02,122.77,0
2012-08-06,122.88,123.16,121.68,122.035,0
2012-08-07,122.04,123.26,121.73,122.74,0
2012-08-08,122.76,122.98,121.86,122.815,0
2012-08-09,122.76,123.17,122.35,122.89,0
2012-08-10,122.81,122.94,121.75,122.825,0
2012-08-13,122.63,123.09,122.34,122.83,0
2012-08-14,122.74,123.9,122.71,123.465,0
2012-08-15,123.4,124.02,123.25,123.8,0
2012-08-16,123.76,124.93,123.73,124.92,0
2012-08-17,124.78,124.93,124.46,124.915,0
2012-08-20,124.88,125,124.53,124.795,0
2012-08-21,124.84,125.5,124.55,125.125,0
2012-08-22,125.1,125.5,124.15,124.815,0
2012-08-23,124.75,124.97,124.27,124.515,0
2012-08-24,124.55,124.79,124.06,124.365,0
2012-08-27,124.37,124.63,124.17,124.345,0
2012-08-28,124.28,124.39,123.65,124.23,0
2012-08-29,124.2,124.75,124.01,124.615,0
2012-08-30,124.53,124.79,123.87,124.135,0
2012-08-31,124.07,124.59,123.7,124.375,0
2012-09-03,124.36,124.54,123.89,124.36,0
2012-09-04,124.32,124.79,124.25,124.5,0
2012-09-05,124.44,124.92,123.98,124.685,0
2012-09-06,124.64,125.87,124.58,125.66,0
2012-09-07,125.67,126.18,125,125.28,0
2012-09-10,125.28,125.38,124.86,125.15,0
2012-09-11,125.12,125.39,124.66,125.025,0
2012-09-12,124.96,125.6,124.86,125.37,0
2012-09-13,125.37,125.42,124.42,125.205,0
2012-09-14,125.1,127.25,125.07,127.115,0
2012-09-17,127.17,128.24,126.78,127.925,0
2012-09-18,127.88,128.1,127.42,127.985,0
2012-09-19,127.95,128.81,126.9,127.14,0
2012-09-20,127.06,127.29,126.19,126.865,0
2012-09-21,126.84,127.61,126.72,126.905,0
2012-09-24,126.88,126.93,125.93,126.26,0
2012-09-25,126.27,126.93,125.79,125.96,0
2012-09-26,125.99,126.07,125.29,125.625,0
2012-09-27,125.63,126.1,125.51,126.025,0
2012-09-28,126.02,126.21,125.39,125.97,0
2012-10-01,125.87,126.3,125.47,125.825,0
2012-10-02,125.81,126.45,125.74,126.1,0
2012-10-03,126.09,126.46,125.73,126.22,0
2012-10-04,126.17,127.15,126.12,127.11,0
2012-10-05,127.07,127.81,126.7,126.93,0
2012-10-08,126.9,127.06,125.09,125.46,0
2012-10-09,125.43,125.83,124.9,125.2,0
2012-10-10,125.19,125.62,124.95,125.115,0
2012-10-11,125.06,126.11,124.68,125.76,0
2012-10-12,125.74,126.17,125.46,126.065,0
2012-10-15,126.07,126.7,125.48,126.475,0
2012-10-16,126.45,127.31,126.42,127.185,0
2012-10-17,127.14,127.66,126.7,127.48,0
2012-10-18,127.41,128.21,127.08,127.19,0
2012-10-19,127.19,127.52,126.74,126.94,0
2012-10-22,126.88,128.17,126.67,128.045,0
2012-10-23,128,128.18,126.9,127.43,0
2012-10-24,127.38,128.07,127.09,127.995,0
2012-10-25,127.94,129.62,127.89,129.49,0
2012-10-26,129.52,129.55,127.96,128.295,0
2012-10-29,128.18,128.29,127.48,127.955,0
2012-10-30,127.9,128.25,126.97,128.01,0
2012-10-31,127.96,128.89,127.82,128.72,0
2012-11-01,128.69,129.42,128.62,129.25,0
2012-11-02,129.17,129.58,128.63,128.91,0
2012-11-05,128.78,129.06,127.97,128.29,0
2012-11-06,128.26,128.72,127.8,128.61,0
2012-11-07,128.56,128.83,127.39,127.82,0
2012-11-08,127.82,127.91,126.67,126.92,0
2012-11-09,126.97,127.46,125.9,126.375,0
2012-11-12,126.4,126.53,125.93,126.22,0
2012-11-13,126.17,126.64,125.63,126.015,0
2012-11-14,125.98,127.49,125.93,127.14,0
2012-11-15,127.09,128.98,126.86,128.765,0
2012-11-16,128.74,129.22,128.2,129.15,0
2012-11-19,129.31,129.67,128.88,129.425,0
2012-11-20,129.47,130.19,128.95,130.12,0
2012-11-21,130.06,131.69,129.95,131.69,0
2012-11-22,131.6,132.32,131.06,131.435,0
2012-11-23,131.35,132.21,130.74,132.09,0
2012-11-26,131.96,132.43,131.07,131.51,0
2012-11-27,131.44,132.09,131.12,131.595,0
2012-11-28,131.6,131.68,130.4,131.265,0
2012-11-29,131.39,131.86,131.2,131.64,0
2012-11-30,131.67,132.79,131.51,132.11,0
2012-12-03,131.92,132.53,131.55,132.31,0
2012-12-04,132.28,132.37,131.5,131.79,0
2012-12-05,131.75,132.75,131.62,132.645,0
2012-12-06,132.69,132.91,132.01,132.26,0
2012-12-07,132.21,132.59,131.62,132.255,0
2012-12-10,132.29,132.47,131.62,132.425,0
2012-12-11,132.4,133.09,132.27,132.99,0
2012-12-12,133,134.61,132.82,134.32,0
2012-12-13,134.4,135.07,134.08,134.73,0
2012-12-14,134.74,135.4,134.25,134.925,0
2012-12-17,136.31,136.37,135.38,135.845,0
2012-12-18,135.84,136.91,135.76,136.8,0
2012-12-19,136.79,137.85,136.72,137.175,0
2012-12-20,137.07,137.54,136.17,137.385,0
2012-12-21,137.38,137.4,135.82,136.225,0
2012-12-24,136.23,136.94,136.19,136.875,0
2012-12-25,136.86,136.94,134.81,136.72,0
2012-12-26,136.76,138.21,136.61,138.15,0
2012-12-27,138.12,139.15,137.86,138.56,0
2012-12-28,138.59,139.51,136.61,139.145,0
2012-12-31,138.72,141.03,138.56,140.865,0
2013-01-01,140.81,141.49,140.57,140.65,0
2013-01-02,140.78,142.73,140.5,141.805,0
2013-01-03,141.75,141.99,140.11,140.485,0
2013-01-04,140.47,141.8,140.37,141.675,0
2013-01-07,141.61,142.08,140.44,141.49,0
2013-01-08,141.44,141.52,139.41,139.875,0
2013-01-09,139.68,141.03,139.38,140.675,0
2013-01-10,140.75,143.24,140.67,143.065,0
2013-01-11,143.22,144.4,142.95,143.835,0
2013-01-14,144.03,144.8,142.79,143.795,0
2013-01-15,143.69,144.18,141.61,142.54,0
2013-01-16,142.63,142.78,140.46,141.515,0
2013-01-17,141.43,144.21,140.8,143.795,0
2013-01-18,143.78,144.08,142.47,142.995,0
2013-01-21,142.79,143.06,141.71,141.86,0
2013-01-22,141.89,142.7,139.74,140.505,0
2013-01-23,140.44,140.83,139.2,140.605,0
2013-01-24,140.42,142.89,139.84,142.705,0
2013-01-25,142.75,144.24,142.42,143.655,0
2013-01-28,143.51,143.97,142.12,142.44,0
2013-01-29,142.41,143.13,141.83,143.015,0
2013-01-30,142.96,144.2,142.85,143.88,0
2013-01-31,143.97,145.2,143.37,145.175,0
2013-02-01,145.1,146.48,144.85,145.725,0
2013-02-04,145.48,146.61,145.16,145.55,0
2013-02-05,145.47,147.24,144.8,146.48,0
2013-02-06,146.61,147.24,145.93,146.49,0
2013-02-07,146.48,147.94,145.97,146.95,0
2013-02-08,147.03,147.29,145,146.485,0
2013-02-11,146.54,147.27,145.8,147.185,0
2013-02-12,147.62,147.8,145.25,146.415,0
2013-02-13,146.36,146.58,144.92,145.195,0
2013-02-14,145.22,145.35,143.52,143.81,0
2013-02-15,143.76,145.65,142.7,145.12,0
2013-02-18,145.26,145.86,144.98,145.305,0
2013-02-19,145.31,145.38,143.84,144.31,0
2013-02-20,144.27,144.73,142.51,142.685,0
2013-02-21,142.6,142.95,141.29,141.955,0
2013-02-22,141.87,143.01,141.64,142.44,0
2013-02-25,142.53,142.78,137.89,138.745,0
2013-02-26,139.5,140.58,137.82,139.045,0
2013-02-27,139.03,139.94,138.11,139.77,0
2013-02-28,139.69,140.88,139.41,140.44,0
2013-03-01,140.34,140.91,139.06,140.6,0
2013-03-04,140.73,141.21,140.14,141.17,0
2013-03-05,141.19,141.44,140.5,141.09,0
2013-03-06,141.1,141.49,140.65,141.41,0
2013-03-07,141.35,142.97,140.53,142.415,0
2013-03-08,142.38,144.67,142.23,143.37,0
2013-03-11,143.21,143.79,142.75,143.625,0
2013-03-12,143.65,144.13,141.96,143.21,0
2013-03-13,143.05,143.81,142.59,143.4,0
2013-03-14,143.33,145.02,142.97,144.915,0
2013-03-15,144.9,145.87,143.74,144.035,0
2013-03-18,143.05,144.35,142.32,143.77,0
2013-03-19,143.85,144.62,143.11,143.56,0
2013-03-20,143.59,145.24,143.18,145.02,0
2013-03-21,144.98,145.22,143.44,143.99,0
2013-03-22,144.19,144.53,142.99,143.96,0
2013-03-25,143.94,144.76,141.86,142.88,0
2013-03-26,142.91,143.54,142.44,143.19,0
2013-03-27,143.19,143.81,142.02,142.965,0
2013-03-28,142.8,143.11,142.14,143.1,0
2013-03-29,143.06,143.285,142.63,143.285,0
2013-04-01,143.28,143.39,141.76,142.1,0
2013-04-02,141.85,142.07,140.91,141.1,0
2013-04-03,141,141.53,140.41,140.845,0
2013-04-04,140.86,146.82,140.35,146.74,0
2013-04-05,146.77,150.02,145.92,149.595,0
2013-04-08,150.76,151.78,150.26,151.64,0
2013-04-09,151.83,152.37,150.51,151.735,0
2013-04-10,151.87,153.07,151.35,152.93,0
2013-04-11,152.9,153.85,152.24,153.4,0
2013-04-12,153.38,153.55,150.52,150.93,0
2013-04-15,150.77,151.72,147.15,147.285,0
2013-04-16,147.44,150.3,147.41,149.91,0
2013-04-17,150.23,151.16,148.07,149.66,0
2013-04-18,149.63,150.48,148.71,150.03,0
2013-04-19,150.01,152.52,149.83,151.58,0
2013-04-22,151.94,152.22,150.93,151.745,0
2013-04-23,151.69,152.02,149.93,151.565,0
2013-04-24,151.55,152.3,151.08,151.895,0
2013-04-25,151.86,153.77,151.39,153.185,0
2013-04-26,153.13,153.42,151.09,151.775,0
2013-04-29,151.83,152.22,151,151.545,0
2013-04-30,151.52,151.98,150.72,151.33,0
2013-05-01,151.3,152.22,150.81,151.49,0
2013-05-02,151.43,153.26,150.89,152.195,0
2013-05-03,152.15,154.68,151.99,154.22,0
2013-05-06,154.25,154.78,154.01,154.41,0
2013-05-07,154.37,154.49,152.96,153.33,0
2013-05-08,153.28,154.11,152.71,153.795,0
2013-05-09,153.74,155.79,153.21,155.425,0
2013-05-10,155.35,156.68,155.27,156.13,0
2013-05-13,156.22,156.75,155.5,155.775,0
2013-05-14,155.75,156.05,154.93,155.71,0
2013-05-15,155.66,156.45,155.37,155.755,0
2013-05-16,155.7,156.51,155.32,156.15,0
2013-05-17,156.08,156.68,155.6,156.575,0
2013-05-20,156.15,156.34,155.24,156.015,0
2013-05-21,155.96,156.55,155.1,155.335,0
2013-05-22,155.28,156.07,154.51,155.235,0
2013-05-23,155.18,155.6,151.76,154.14,0
2013-05-24,154.09,154.75,152.27,153.215,0
2013-05-27,153.75,153.76,152.3,152.465,0
2013-05-28,152.41,154.62,152.33,153.99,0
2013-05-29,153.92,154.04,152.2,153.095,0
2013-05-30,153.01,154.02,152.25,153.45,0
2013-05-31,153.39,154.22,152.32,152.735,0
2013-06-03,152.51,153.25,151.89,152.51,0
2013-06-04,152.45,153.79,152.23,153.175,0
2013-06-05,153.12,153.7,152.34,152.615,0
2013-06-06,152.54,153.6,150.29,151.285,0
2013-06-07,151.3,152.02,148.25,151.765,0
2013-06-10,151.66,154.19,151.14,153.805,0
2013-06-11,153.78,154.22,149.36,150.285,0
2013-06-12,150.22,152.03,149.26,150.58,0
2013-06-13,150.5,150.62,147.09,149.93,0
2013-06-14,149.87,150.57,147.4,147.76,0
2013-06-17,147.76,149.44,147.76,148.58,0
2013-06-18,148.52,149.47,148.43,149.125,0
2013-06-19,149.1,150.3,148.22,149.4,0
2013-06-20,149.36,151.94,148.84,150.88,0
2013-06-21,150.83,151.92,149.72,150.95,0
2013-06-24,150.68,151.73,149.7,150.83,0
2013-06-25,150.8,151.48,149.65,150.835,0
2013-06-26,150.82,151.4,149.2,149.695,0
2013-06-27,149.64,150.59,149.47,150.075,0
2013-06-28,150.04,151.14,149.99,150.81,0
2013-07-01,150.71,152.07,150.68,151.66,0
2013-07-02,151.61,152.73,151.22,152.5,0
2013-07-03,152.47,153.02,151.2,152.665,0
2013-07-04,152.65,152.86,150.26,150.79,0
2013-07-05,150.75,151.11,149.45,150.68,0
2013-07-08,150.67,151.13,150.17,150.96,0
2013-07-09,150.91,151.61,149.73,150.38,0
2013-07-10,150.33,150.44,148.73,149.605,0
2013-07-11,149.57,150.64,148.95,150.265,0
2013-07-12,150.2,150.65,149.41,149.905,0
2013-07-15,150.03,151.26,149.67,150.79,0
2013-07-16,150.75,151.11,149.71,150.24,0
2013-07-17,150.18,152.01,149.85,151.505,0
2013-07-18,151.47,153.1,151.34,152.935,0
2013-07-19,152.85,153.675,152.11,153.675,0
2013-07-22,153.74,153.76,152.32,153.09,0
2013-07-23,153.02,153.67,152.29,152.815,0
2013-07-24,152.77,154.06,152.73,153.545,0
2013-07-25,153.52,153.81,152.21,152.83,0
2013-07-26,152.78,152.91,150.68,151.16,0
2013-07-29,151.08,151.25,149.96,150.26,0
2013-07-30,150.2,150.91,149.13,149.39,0
2013-07-31,149.36,149.52,148.22,148.85,0
2013-08-01,148.81,150.67,148.18,150.515,0
2013-08-02,150.48,151.44,150.15,151.305,0
2013-08-05,151.21,151.54,150.28,150.955,0
2013-08-06,150.96,151.43,149.85,150.02,0
2013-08-07,150,150.71,147.59,149.21,0
2013-08-08,149.16,150.31,148.87,150.28,0
2013-08-09,150.27,150.62,149.03,149.14,0
2013-08-12,149.11,149.93,148.84,149.85,0
2013-08-13,149.8,152.08,149.69,151.71,0
2013-08-14,151.67,152.55,151.13,152.115,0
2013-08-15,152.05,153.24,151.43,152.305,0
2013-08-16,152.26,152.74,151.74,152.43,0
2013-08-19,152.38,153.58,152.16,152.68,0
2013-08-20,152.64,153.11,151.7,152.405,0
2013-08-21,152.34,153.63,152.07,152.97,0
2013-08-22,152.92,154.02,152.6,153.9,0
2013-08-23,153.85,154.66,153.35,153.725,0
2013-08-26,152.92,153.95,152.9,153.435,0
2013-08-27,153.4,153.48,150.64,150.85,0
2013-08-28,150.8,151.88,150.42,151.61,0
2013-08-29,151.55,152.72,151.45,152.485,0
2013-08-30,152.46,152.66,151.69,152.25,0
2013-09-02,152.26,154.89,152.24,154.42,0
2013-09-03,154.4,155.41,154.3,154.95,0
2013-09-04,154.89,156.01,154.69,155.89,0
2013-09-05,155.85,156.44,155.45,156.1,0
2013-09-06,156.06,156.21,154.09,154.925,0
2013-09-09,156.03,156.64,155.44,156.27,0
2013-09-10,156.25,158.04,156.11,157.99,0
2013-09-11,157.94,158.46,157.46,157.98,0
2013-09-12,157.94,158.22,156.66,157.345,0
2013-09-13,157.31,157.97,157.08,157.75,0
2013-09-16,157.88,157.92,157.04,157.5,0
2013-09-17,157.41,158.14,157.33,157.64,0
2013-09-18,157.59,158.25,157.28,158.135,0
2013-09-19,158.1,160.02,158,159.425,0
2013-09-20,159.4,159.69,158.91,158.965,0
2013-09-23,158.68,159.04,158.14,158.575,0
2013-09-24,158.53,158.95,157.29,158.01,0
2013-09-25,157.95,158.82,157.31,158.29,0
2013-09-26,158.25,159.26,157.94,158.79,0
2013-09-27,158.75,159.03,158.19,158.575,0
2013-09-30,158.01,159.42,157.07,158.995,0
2013-10-01,158.91,159.95,158.39,158.7,0
2013-10-02,158.63,158.8,157.44,157.945,0
2013-10-03,157.88,158.84,156.66,157.14,0
2013-10-04,157.07,157.36,155.67,156.05,0
2013-10-07,156,156.17,155.36,155.67,0
2013-10-08,155.61,156.65,155.34,155.825,0
2013-10-09,155.77,156.55,154.67,155.325,0
2013-10-10,155.28,157,155.22,156.71,0
2013-10-11,156.69,157.52,156.41,157.28,0
2013-10-14,157.2,157.63,156.39,157.57,0
2013-10-15,157.5,157.72,156.79,157.04,0
2013-10-16,157,158.03,156.88,157.535,0
2013-10-17,157.5,158.29,157,158.265,0
2013-10-18,158.23,158.68,157.92,158.01,0
2013-10-21,157.93,158.76,157.87,158.55,0
2013-10-22,158.5,159.53,157.88,159.335,0
2013-10-23,159.3,159.36,156.81,157.405,0
2013-10-24,157.37,158.2,156.99,157.61,0
2013-10-25,157.58,157.96,157.07,157.485,0
2013-10-28,157.72,158.31,157.52,157.675,0
2013-10-29,157.62,157.68,156.71,157.555,0
2013-10-30,157.51,158.18,157.3,158,0
2013-10-31,157.97,158.03,157.22,157.785,0
2013-11-01,157.75,157.81,156.78,157.18,0
2013-11-04,157.1,157.69,157.04,157.45,0
2013-11-05,157.41,158.24,156.59,158.06,0
2013-11-06,158.02,158.98,157.86,158.66,0
2013-11-07,158.62,159.27,157.25,157.895,0
2013-11-08,157.87,158.85,157.44,158.695,0
2013-11-11,158.8,158.84,158.27,158.545,0
2013-11-12,158.49,159.22,157.96,158.47,0
2013-11-13,158.44,159.43,157.93,159.37,0
2013-11-14,159.31,160.91,159,160.7,0
2013-11-15,160.65,161.65,160.59,161.515,0
2013-11-18,161.48,161.78,160.68,161.1,0
2013-11-19,161.03,161.61,160.35,161.45,0
2013-11-20,161.39,161.71,160.8,161.095,0
2013-11-21,161.07,163.88,160.95,163.875,0
2013-11-22,163.84,164.36,163.45,164.33,0
2013-11-25,164.26,165.28,163.77,164.275,0
2013-11-26,164.21,164.38,163.61,164.27,0
2013-11-27,164.21,166.45,163.97,166.405,0
2013-11-28,166.36,167.31,165.91,167.215,0
2013-11-29,167.18,167.9,166.78,167.675,0
2013-12-02,167.57,168.79,167.52,168.405,0
2013-12-03,168.36,169.14,167.31,168.04,0
2013-12-04,167.97,168.37,166.82,167.71,0
2013-12-05,167.67,167.76,165.82,166.27,0
2013-12-06,166.24,168.25,165.97,168.25,0
2013-12-09,167.82,169.73,167.77,169.68,0
2013-12-10,169.65,170.05,168.63,169.13,0
2013-12-11,169.09,169.35,167.48,167.745,0
2013-12-12,167.68,169.09,167.59,169.025,0
2013-12-13,168.98,169.8,167.67,168.235,0
2013-12-16,168.13,168.43,167.29,167.89,0
2013-12-17,167.87,168.16,166.5,166.985,0
2013-12-18,166.92,171.18,166.81,170.93,0
2013-12-19,170.86,171.07,169.9,170.695,0
2013-12-20,170.63,171.08,169.77,170.015,0
2013-12-23,169.92,170.37,169.71,170.28,0
2013-12-24,170.23,170.9,170.05,170.9,0
2013-12-25,170.85,170.85,170.03,170.67,0
2013-12-26,170.58,172.18,170.58,172,0
2013-12-27,171.96,173.94,171.85,173.325,0
2013-12-30,173.24,173.85,173.03,173.53,0
2013-12-31,173.46,174.59,172.75,174.38,0
2014-01-01,174.32,174.54,173.95,174.355,0
2014-01-02,174.29,174.84,171.77,172.38,0
2014-01-03,172.37,172.5,171.02,172.135,0
2014-01-06,172.05,172.22,170.36,170.98,0
2014-01-07,170.93,171.72,170.78,171.605,0
2014-01-08,171.56,172.84,171.44,172.465,0
2014-01-09,172.41,173.1,172.12,172.77,0
2014-01-10,172.75,173.02,171.17,171.665,0
2014-01-13,171.53,171.61,168.31,168.74,0
2014-01-14,168.7,171.43,168.66,171.335,0
2014-01-15,171.28,171.58,170.39,171.17,0
2014-01-16,171.11,171.77,170.11,170.67,0
2014-01-17,170.61,171.86,170.1,171.33,0
2014-01-20,171.23,171.47,170.26,171.18,0
2014-01-21,171.12,172.36,170.99,171.875,0
2014-01-22,171.81,173.29,171.28,173.23,0
2014-01-23,173.21,173.63,171.17,171.805,0
2014-01-24,171.77,172.32,168.51,168.62,0
2014-01-27,168.55,170.53,167.74,170.075,0
2014-01-28,170.05,171.28,169.85,170.705,0
2014-01-29,170.64,171.44,168.66,169.435,0
2014-01-30,169.38,169.78,168.12,169.34,0
2014-01-31,169.29,169.73,167.52,167.7,0
2014-02-03,167.83,168.21,164.26,164.665,0
2014-02-04,164.64,166.02,163.82,165.95,0
2014-02-05,165.92,166.14,163.92,165.445,0
2014-02-06,165.41,166.81,164.97,166.65,0
2014-02-07,166.59,168.03,166.08,167.955,0
2014-02-10,167.81,168.42,167.14,167.71,0
2014-02-11,167.66,169.08,167.45,168.835,0
2014-02-12,168.83,170.21,168.26,170.16,0
2014-02-13,170.12,170.42,169.17,170.21,0
2014-02-14,170.15,170.6,169.08,170.48,0
2014-02-17,170.39,171.06,169.87,170.355,0
2014-02-18,170.29,171.88,170.21,170.8,0
2014-02-19,170.73,171.16,169.54,170.66,0
2014-02-20,170.64,170.77,169.18,170.275,0
2014-02-21,170.25,171.72,170.11,170.36,0
2014-02-24,170.41,170.85,169.8,170.76,0
2014-02-25,170.67,171.08,170.02,170.53,0
2014-02-26,170.47,170.95,169.88,170.685,0
2014-02-27,170.64,170.82,168.99,170.44,0
2014-02-28,170.4,171.19,169.32,170.475,0
2014-03-03,170.02,170.11,168.76,169.085,0
2014-03-04,169.03,170.51,168.9,170.325,0
2014-03-05,170.3,171.39,170.07,171.055,0
2014-03-06,171.04,172.82,170.92,172.535,0
2014-03-07,172.51,173.56,171.96,172.635,0
2014-03-10,172.61,172.85,171.47,171.9,0
2014-03-11,171.85,172.11,170.9,171.185,0
2014-03-12,171.13,171.43,170.1,170.79,0
2014-03-13,170.73,171.59,168.66,169.31,0
2014-03-14,169.27,169.35,167.88,168.72,0
2014-03-17,168.61,169.59,168.36,169.31,0
2014-03-18,169.27,169.61,167.7,168.31,0
2014-03-19,168.29,169.68,168.01,169.3,0
2014-03-20,169.21,169.71,168.64,169.015,0
2014-03-21,168.96,169.11,168.05,168.6,0
2014-03-24,168.56,169.43,168.11,168.68,0
2014-03-25,168.62,169.26,168.3,169.02,0
2014-03-26,169.01,169.68,168.83,169.265,0
2014-03-27,169.22,170.32,168.58,169.745,0
2014-03-28,169.67,171.3,169.46,171.085,0
2014-03-31,171.19,172.11,170.91,171.995,0
2014-04-01,171.9,172.51,171.66,172.355,0
2014-04-02,172.3,173,172.22,172.705,0
2014-04-03,172.68,173.16,172.08,172.5,0
2014-04-04,172.44,172.53,170.93,171.245,0
2014-04-07,171.19,171.6,170.61,171.245,0
2014-04-08,171.21,171.56,169.96,170.52,0
2014-04-09,170.45,171.31,170.41,171.27,0
2014-04-10,171.21,171.61,170.01,170.425,0
2014-04-11,170.35,170.9,169.45,170.045,0
2014-04-14,169.85,170.51,169.55,170.38,0
2014-04-15,170.32,170.66,169.6,170.53,0
2014-04-16,170.49,172.1,170.21,171.735,0
2014-04-17,171.67,172.12,171.41,171.945,0
2014-04-18,171.89,172.16,171.72,172.135,0
2014-04-21,172.21,172.49,171.83,172.32,0
2014-04-22,172.27,172.74,171.95,172.64,0
2014-04-23,172.58,172.78,171.29,172.09,0
2014-04-24,172.07,172.18,171.41,171.95,0
2014-04-25,171.88,172.27,171.32,171.695,0
2014-04-28,171.51,172.57,171.2,172.28,0
2014-04-29,172.24,172.91,172.17,172.71,0
2014-04-30,172.64,172.74,171.86,172.545,0
2014-05-01,172.5,172.93,172.31,172.885,0
2014-05-02,172.83,173.45,172.29,172.35,0
2014-05-05,172.28,172.58,171.71,172.275,0
2014-05-06,172.21,172.94,172.13,172.615,0
2014-05-07,172.59,172.97,172.09,172.785,0
2014-05-08,172.75,172.84,171.82,172.14,0
2014-05-09,172.12,172.28,171.14,171.655,0
2014-05-12,171.32,172.5,171.28,172.27,0
2014-05-13,172.25,172.74,171.86,172.065,0
2014-05-14,172.03,172.35,170.53,170.835,0
2014-05-15,170.8,171.04,170.11,170.535,0
2014-05-16,170.51,171.06,170.16,170.715,0
2014-05-19,170.64,170.95,169.96,170.665,0
2014-05-20,170.61,170.92,170.31,170.64,0
2014-05-21,170.58,171.48,169.76,171.34,0
2014-05-22,171.26,171.86,171.15,171.63,0
2014-05-23,171.58,171.79,171.19,171.675,0
2014-05-26,171.63,171.79,171.4,171.72,0
2014-05-27,171.65,171.97,171.21,171.45,0
2014-05-28,171.4,171.51,169.83,170.2,0
2014-05-29,170.16,170.21,169.47,170.165,0
2014-05-30,170.13,170.7,169.72,170.51,0
2014-06-02,170.62,171.61,170.38,171.455,0
2014-06-03,171.4,171.81,171.2,171.7,0
2014-06-04,171.64,172.06,171.29,171.99,0
2014-06-05,171.92,172.32,171.54,172.23,0
2014-06-06,172.22,172.5,171.75,172.21,0
2014-06-09,172.1,172.53,171.94,172.28,0
2014-06-10,172.23,172.33,171.29,171.505,0
2014-06-11,171.5,171.78,170.91,171.375,0
2014-06-12,171.33,172.25,170.96,172.205,0
2014-06-13,172.16,173.34,172.05,173.16,0
2014-06-16,173.1,173.26,172.64,172.97,0
2014-06-17,172.94,173.44,172.77,173.295,0
2014-06-18,173.26,173.77,172.86,173.205,0
2014-06-19,173.16,173.78,172.95,173.68,0
2014-06-20,173.64,174.08,173.47,173.655,0
2014-06-23,173.64,173.82,173.1,173.595,0
2014-06-24,173.56,173.71,172.88,173.21,0
2014-06-25,173.19,173.2,172.66,173.02,0
2014-06-26,172.99,173.43,172.55,173.23,0
2014-06-27,173.18,173.19,172.39,172.695,0
2014-06-30,172.65,173.42,172.3,173.33,0
2014-07-01,173.25,174.29,173.2,174.115,0
2014-07-02,174.09,174.8,173.93,174.73,0
2014-07-03,174.69,175.37,174.42,175.3,0
2014-07-04,175.27,175.34,174.78,175.23,0
2014-07-07,175.15,175.24,174.2,174.435,0
2014-07-08,174.41,174.55,173.67,174.02,0
2014-07-09,173.99,174.39,173.74,174.38,0
2014-07-10,174.34,174.43,172.9,173.615,0
2014-07-11,173.54,173.8,173.13,173.61,0
2014-07-14,173.57,174.01,173.28,173.485,0
2014-07-15,173.44,174.56,173.22,174.32,0
2014-07-16,174.26,174.43,173.95,174.25,0
2014-07-17,174.22,174.28,172.92,173.015,0
2014-07-18,172.96,173.58,172.6,173.165,0
2014-07-21,173.26,173.26,172.74,173.145,0
2014-07-22,173.13,173.47,172.92,173.145,0
2014-07-23,173.13,173.32,172.53,172.97,0
2014-07-24,172.91,173.06,172.58,172.945,0
2014-07-25,172.92,173.16,172.6,172.87,0
2014-07-28,172.65,173.08,172.63,173,0
2014-07-29,172.96,173.2,172.64,173.05,0
2014-07-30,173,174.21,172.84,173.87,0
2014-07-31,173.83,174,173.32,173.58,0
2014-08-01,173.56,173.83,172.33,172.63,0
2014-08-04,172.53,173.005,172.38,173.005,0
2014-08-05,172.97,173.51,172.7,173.24,0
2014-08-06,173.22,173.27,171.53,172.1,0
2014-08-07,172.02,172.61,171.64,171.85,0
2014-08-08,171.8,171.91,170.63,171.19,0
2014-08-11,171.19,171.62,171.16,171.555,0
2014-08-12,171.52,171.97,171.29,171.935,0
2014-08-13,171.89,172.56,170.79,170.935,0
2014-08-14,170.9,171.23,170.58,170.95,0
2014-08-15,170.9,171.44,170.38,170.905,0
2014-08-18,171.07,171.67,170.85,171.58,0
2014-08-19,171.54,171.63,170.63,170.995,0
2014-08-20,170.95,172.3,170.89,172.185,0
2014-08-21,172.14,172.39,171.82,172.15,0
2014-08-22,172.15,172.61,171.55,172.25,0
2014-08-25,172.97,173.02,172.24,172.505,0
2014-08-26,172.45,172.59,172.04,172.135,0
2014-08-27,172.1,172.53,171.99,172.17,0
2014-08-28,172.16,172.3,171.61,172.03,0
2014-08-29,171.99,172.83,171.87,172.75,0
2014-09-01,172.61,173.42,172.61,173.32,0
2014-09-02,173.29,173.94,172.95,173.065,0
2014-09-03,173.07,173.35,172.32,172.535,0
2014-09-04,172.47,172.77,171.69,171.93,0
2014-09-05,171.9,172.23,170.91,171.595,0
2014-09-08,170.21,171.1,169.28,170.765,0
2014-09-09,170.73,171.52,170.46,171.04,0
2014-09-10,170.99,173.26,170.93,173.225,0
2014-09-11,173.17,174.24,172.72,174.105,0
2014-09-12,174.07,174.66,173.63,174.62,0
2014-09-15,174.5,174.61,173.76,173.97,0
2014-09-16,173.93,174.48,172.95,174.37,0
2014-09-17,174.35,176.43,174.08,176.41,0
2014-09-18,176.37,178.35,176.11,178.3,0
2014-09-19,178.19,180.7,177.39,177.61,0
2014-09-22,177.59,178.33,177.48,178.08,0
2014-09-23,178.01,178.73,176.56,178.46,0
2014-09-24,178.43,178.49,177.57,178.14,0
2014-09-25,178.11,178.48,177.07,177.46,0
2014-09-26,177.43,178.12,177.1,177.555,0
2014-09-29,177.5,178.17,177.2,177.82,0
2014-09-30,177.75,178.1,177.3,177.79,0
2014-10-01,177.75,178.12,176.12,176.26,0
2014-10-02,176.21,176.64,174.24,175.04,0
2014-10-03,175.01,175.9,174.91,175.24,0
2014-10-06,175.06,175.35,174.39,174.995,0
2014-10-07,174.94,175.13,173.64,173.89,0
2014-10-08,173.85,174.95,173.37,174.75,0
2014-10-09,174.74,175,173.52,173.83,0
2014-10-10,173.8,173.99,172.66,173.11,0
2014-10-13,172.99,173.02,171.68,171.89,0
2014-10-14,171.83,172.48,169.87,170.27,0
2014-10-15,170.2,171.13,167.97,169.705,0
2014-10-16,169.64,171.21,168.42,171.075,0
2014-10-17,171,172.05,170.14,172.01,0
2014-10-20,172.13,172.98,172.08,172.895,0
2014-10-21,172.84,172.93,171.73,172.385,0
2014-10-22,172.32,172.68,171,171.975,0
2014-10-23,171.95,173.66,171.65,173.56,0
2014-10-24,173.5,174.035,172.89,174.035,0
2014-10-27,173.97,174.36,173.33,173.805,0
2014-10-28,173.79,174.75,173.62,174.46,0
2014-10-29,174.43,174.67,173.62,174.345,0
2014-10-30,174.34,175.16,173.93,174.74,0
2014-10-31,174.71,179.83,174.6,179.69,0
2014-11-03,179.88,182.51,179.6,182.165,0
2014-11-04,182.12,182.13,181.05,181.8,0
2014-11-05,181.74,183.39,181.42,183.165,0
2014-11-06,183.12,184.27,181.8,182.395,0
2014-11-07,182.36,182.99,181.15,181.815,0
2014-11-10,181.81,182.25,181,181.96,0
2014-11-11,181.92,184.39,181.69,184.31,0
2014-11-12,184.27,184.65,181.92,182.255,0
2014-11-13,182.2,182.78,181.46,181.865,0
2014-11-14,181.8,182.64,181.55,182.205,0
2014-11-17,182.3,183.37,181.04,182.45,0
2014-11-18,182.42,183.3,182.19,182.705,0
2014-11-19,182.64,185.08,182.46,185.015,0
2014-11-20,184.94,186.11,184.82,185.53,0
2014-11-21,185.47,185.69,183.9,184.435,0
2014-11-24,184.39,185.95,183.98,185.76,0
2014-11-25,185.75,186.08,184.46,185.315,0
2014-11-26,185.31,186.1,184.71,185.92,0
2014-11-27,185.88,185.94,184.94,185.215,0
2014-11-28,185.15,185.9,185.15,185.655,0
2014-12-01,185.69,186.33,185,186.235,0
2014-12-02,186.2,186.92,185.96,186.405,0
2014-12-03,186.37,188.18,186.17,187.91,0
2014-12-04,187.86,188.23,187.52,187.74,0
2014-12-05,187.72,189.71,187.26,189.225,0
2014-12-08,189.25,189.66,188.34,188.925,0
2014-12-09,188.88,189.19,185.15,187.575,0
2014-12-10,187.54,187.83,184.89,185.12,0
2014-12-11,185.08,187.75,184.9,186.685,0
2014-12-12,186.63,187.33,185.54,186.76,0
2014-12-15,186.79,187.12,183.79,184.245,0
2014-12-16,184.2,185.07,181.55,183.33,0
2014-12-17,183.28,185.02,183.11,184.805,0
2014-12-18,184.76,186.73,184.36,186.215,0
2014-12-19,186.17,187.24,185.99,186.805,0
2014-12-22,186.58,187.55,186.46,187.17,0
2014-12-23,187.13,187.47,186.43,187.33,0
2014-12-24,187.32,187.5,186.56,187.5,0
2014-12-25,187.46,187.47,186.46,186.61,0
2014-12-26,186.57,187.44,186.57,187.305,0
2014-12-29,187.16,187.77,186.99,187.22,0
2014-12-30,187.15,187.31,184.9,185.895,0
2014-12-31,185.84,186.97,185.64,186.425,0
2015-01-01,186.4,186.43,185.97,186.22,0
2015-01-02,186.19,187.31,184.31,184.705,0
2015-01-05,184.6,184.84,181.7,182.435,0
2015-01-06,182.4,182.46,179.2,179.4,0
2015-01-07,179.38,180.63,178.93,180.2,0
2015-01-08,180.17,180.93,179.93,180.565,0
2015-01-09,180.52,180.91,179.43,179.695,0
2015-01-12,179.59,180.54,178.95,179.57,0
2015-01-13,179.49,180.09,178.06,178.77,0
2015-01-14,178.75,178.91,176.8,178.73,0
2015-01-15,178.71,179.58,176.38,176.455,0
2015-01-16,176.33,178.34,175.83,178.235,0
2015-01-19,178.14,178.41,176.97,177.68,0
2015-01-20,177.62,180.28,177.45,179.935,0
2015-01-21,179.88,179.97,177.02,178.62,0
2015-01-22,178.57,179.22,177.15,177.85,0
2015-01-23,177.81,178.51,176.09,176.54,0
2015-01-26,176.48,178.9,175.69,178.635,0
2015-01-27,178.6,179.42,177.8,179.145,0
2015-01-28,179.08,179.36,177.61,177.92,0
2015-01-29,177.86,178.94,177.64,178.23,0
2015-01-30,178.16,178.55,176.06,176.99,0
2015-02-02,177.15,177.7,175.95,176.865,0
2015-02-03,176.85,178.38,175.45,178.315,0
2015-02-04,178.28,179.28,177.55,178.05,0
2015-02-05,177.97,180.4,177.66,180.15,0
2015-02-06,180.12,181.8,179.12,181.39,0
2015-02-09,181.67,181.73,180.09,180.515,0
2015-02-10,180.47,182.25,180.19,182.18,0
2015-02-11,182.12,183.97,181.93,183.565,0
2015-02-12,183.52,184.17,181.15,183.235,0
2015-02-13,183.2,183.35,182.46,182.875,0
2015-02-16,182.84,183.2,181.44,182.035,0
2015-02-17,181.98,183.36,181.51,183.13,0
2015-02-18,183,184.21,182.52,183.355,0
2015-02-19,183.3,184.02,183.01,183.33,0
2015-02-20,183.29,183.66,181.6,183.31,0
2015-02-23,183.19,184.02,182.53,183.64,0
2015-02-24,183.59,184.8,183.46,183.875,0
2015-02-25,183.84,184.66,183.46,184.57,0
2015-02-26,184.52,185.02,183.53,183.98,0
2015-02-27,183.93,185,183.45,184.505,0
2015-03-02,184.46,184.91,184.09,184.57,0
2015-03-03,184.52,184.71,183.58,183.92,0
2015-03-04,183.88,183.99,182.47,182.68,0
2015-03-05,182.62,183.73,182.32,183.12,0
2015-03-06,183.06,183.23,181.41,181.715,0
2015-03-09,181.64,183.59,181.45,183.29,0
2015-03-10,183.28,183.9,182.29,182.55,0
2015-03-11,182.48,183.15,180.74,181.315,0
2015-03-12,181.26,181.77,180.11,180.525,0
2015-03-13,180.46,180.75,178.19,179.005,0
2015-03-16,178.93,180.19,178.7,179.92,0
2015-03-17,179.87,180.12,178.49,178.955,0
2015-03-18,178.92,181.28,177.09,179.895,0
2015-03-19,179.85,180.13,177.66,178.21,0
2015-03-20,178.13,180.09,177.87,179.465,0
2015-03-23,179.65,179.68,178.06,179.035,0
2015-03-24,179,179.2,177.45,177.855,0
2015-03-25,177.8,178.4,177.47,177.82,0
2015-03-26,177.77,177.92,176.41,177.015,0
2015-03-27,176.96,177.92,176.64,177.24,0
2015-03-30,177.19,178.18,176.63,177.85,0
2015-03-31,177.76,178.31,177.05,178.015,0
2015-04-01,177.94,178.41,176.73,177.525,0
2015-04-02,177.5,177.94,176.7,177.52,0
2015-04-03,177.46,178.51,177.06,177.525,0
2015-04-06,177.42,178.28,177.14,177.875,0
2015-04-07,177.81,179.18,177.63,178.095,0
2015-04-08,178.02,179.29,177.57,178.61,0
2015-04-09,178.55,179.07,177.05,177.44,0
2015-04-10,177.35,177.52,175.61,175.91,0
2015-04-13,175.88,176.53,175.3,176.31,0
2015-04-14,176.19,176.6,174.8,176.455,0
2015-04-15,176.37,176.96,175.64,176.84,0
2015-04-16,176.77,178.01,176.46,177.75,0
2015-04-17,177.66,178.74,177.37,177.915,0
2015-04-20,177.71,178.19,177.14,177.685,0
2015-04-21,177.61,178.9,177.41,178.61,0
2015-04-22,178.54,180.4,178.38,180.31,0
2015-04-23,180.25,180.46,179.23,180.075,0
2015-04-24,179.97,181.01,179.59,180.72,0
2015-04-27,180.68,181.54,180.09,181.4,0
2015-04-28,181.37,182.41,180.64,182.315,0
2015-04-29,182.25,184.14,182.04,183.77,0
2015-04-30,183.72,184.13,182.54,183.235,0
2015-05-01,183.17,184.45,181.72,181.955,0
2015-05-04,181.92,182.3,181.31,181.65,0
2015-05-05,181.56,182.78,181.38,182.01,0
2015-05-06,181.89,182.51,181.39,182.125,0
2015-05-07,182.05,182.98,180.88,182.54,0
2015-05-08,182.5,186.03,182.48,185.175,0
2015-05-11,184.95,187.38,184.44,187.16,0
2015-05-12,187.09,188.36,186.64,187.84,0
2015-05-13,187.73,188.55,186.94,187.62,0
2015-05-14,187.58,188.53,187.3,188.005,0
2015-05-15,187.92,188.6,187.5,187.555,0
2015-05-18,187.51,188.26,187.24,187.815,0
2015-05-19,187.73,187.95,185.92,187.2,0
2015-05-20,187.15,188.62,186.99,188.555,0
2015-05-21,188.45,190.03,187.89,189.575,0
2015-05-22,189.52,189.65,187.84,188.275,0
2015-05-25,187.94,188.6,187.74,188.06,0
2015-05-26,187.98,189.66,187.81,189.39,0
2015-05-27,189.33,190.34,189.13,189.89,0
2015-05-28,189.85,190.67,189.2,189.855,0
2015-05-29,189.82,190.01,188.64,189.825,0
2015-06-01,189.72,189.98,188.47,189.67,0
2015-06-02,189.64,190.54,189.05,190.44,0
2015-06-03,190.41,190.79,189.61,190.625,0
2015-06-04,190.53,191.69,189.79,191.11,0
2015-06-05,191.02,192.19,190.69,191.85,0
2015-06-08,191.65,191.85,190.63,191.09,0
2015-06-09,191.04,191.36,189.46,191.31,0
2015-06-10,191.25,191.6,188.9,190.52,0
2015-06-11,190.43,191.93,190.21,191.52,0
2015-06-12,191.4,192.21,191.18,191.97,0
2015-06-15,191.89,192.61,191.33,192.55,0
2015-06-16,192.51,193.14,191.98,193.04,0
2015-06-17,192.95,196.03,192.88,195.42,0
2015-06-18,195.39,195.83,194.29,195.28,0
2015-06-19,195.23,195.48,194.53,194.855,0
2015-06-22,195.05,195.55,194.55,195.24,0
2015-06-23,195.18,195.5,194.49,194.975,0
2015-06-24,194.95,195.86,194.15,194.515,0
2015-06-25,194.45,194.76,193.41,194.655,0
2015-06-26,194.61,195.25,193.85,195.095,0
2015-06-29,192.53,193.51,191.34,192.86,0
2015-06-30,192.83,193.01,191.66,192.44,0
2015-07-01,192.41,192.94,191.79,192.375,0
2015-07-02,192.29,193.18,191.87,192.095,0
2015-07-03,192.03,192.5,190.83,191.23,0
2015-07-06,189.36,191.64,189.12,191.295,0
2015-07-07,191.18,191.52,188.17,189.455,0
2015-07-08,189.37,189.48,184.94,185.44,0
2015-07-09,185.35,187.34,185.07,186.63,0
2015-07-10,186.57,190.77,186.42,190.58,0
2015-07-13,189.41,192.32,188.89,191.19,0
2015-07-14,191.12,192.94,190.53,192.92,0
2015-07-15,192.82,193.75,192.6,193.555,0
2015-07-16,193.5,193.91,192.97,193.8,0
2015-07-17,193.72,194.36,192.85,193.67,0
2015-07-20,193.57,193.94,192.99,193.425,0
2015-07-21,193.39,193.86,192.43,192.75,0
2015-07-22,192.7,193.97,192.24,193.56,0
2015-07-23,193.52,193.9,191.86,192.24,0
2015-07-24,192.18,192.44,191.6,192.095,0
2015-07-27,191.97,192.2,190.96,191.75,0
2015-07-28,191.73,193.22,191.38,192.905,0
2015-07-29,192.85,194.17,192.5,193.395,0
2015-07-30,193.36,194.58,193.19,193.685,0
2015-07-31,193.65,193.99,193.06,193.645,0
2015-08-03,193.58,194.22,192.96,193.34,0
2015-08-04,193.24,193.82,192.97,193.6,0
2015-08-05,193.54,195.22,193.12,194.875,0
2015-08-06,194.81,195.24,193.06,193.5,0
2015-08-07,193.43,193.76,191.91,192.505,0
2015-08-10,192.34,194.43,192.22,194.32,0
2015-08-11,194.22,194.98,193.9,194.865,0
2015-08-12,194.76,195.02,193.38,193.945,0
2015-08-13,193.84,194.72,193.63,194.245,0
2015-08-14,194.17,194.6,193.78,194.46,0
2015-08-17,194.41,195.15,193.71,193.86,0
2015-08-18,193.78,195.26,193.46,194.83,0
2015-08-19,194.74,195.02,193.95,194.125,0
2015-08-20,194.05,194.53,193.22,193.6,0
2015-08-21,193.52,193.73,191.27,191.54,0
2015-08-24,191.62,191.62,183.61,186.81,0
2015-08-25,186.75,189.98,186.02,186.47,0
2015-08-26,186.41,188.07,184.12,185.375,0
2015-08-27,185.34,186.82,185.31,186.39,0
2015-08-28,186.33,187.35,185.32,187.35,0
2015-08-31,187.33,187.58,185.78,185.995,0
2015-09-01,185.98,186.21,182.47,182.685,0
2015-09-02,182.64,184.27,182.42,184.105,0
2015-09-03,184.05,184.7,182.63,183.205,0
2015-09-04,183.14,183.32,180.39,180.55,0
2015-09-07,180.57,182.51,180.21,182.13,0
2015-09-08,182.17,184.96,181.77,184.45,0
2015-09-09,184.4,186.42,184.34,185.155,0
2015-09-10,185.12,187.32,184.15,186.295,0
2015-09-11,186.19,186.85,185.63,186.05,0
2015-09-14,185.89,186.61,184.54,185.475,0
2015-09-15,185.43,186.08,184.15,184.78,0
2015-09-16,184.72,187.18,184.17,186.795,0
2015-09-17,186.71,188.45,186.65,187.1,0
2015-09-18,187.02,187.32,185.89,186.375,0
2015-09-21,186.36,187.33,185.95,186.94,0
2015-09-22,186.85,187.01,184.04,184.63,0
2015-09-23,184.54,184.66,182.86,183.4,0
2015-09-24,183.31,183.55,181.55,183.02,0
2015-09-25,182.97,184.4,182.58,183.065,0
2015-09-28,183.01,183.29,181.59,181.97,0
2015-09-29,181.92,182.48,180.89,181.41,0
2015-09-30,181.34,183.03,180.79,181.345,0
2015-10-01,181.28,182,181.02,181.465,0
2015-10-02,181.41,183.04,180.62,182.04,0
2015-10-05,181.94,183.18,181.81,182.445,0
2015-10-06,182.4,183.28,181.9,183.1,0
2015-10-07,183.04,184.03,182.54,183.845,0
2015-10-08,183.77,184.27,182.95,184.09,0
2015-10-09,184.01,184.85,183.88,184.07,0
2015-10-12,184.1,184.69,183.87,184.195,0
2015-10-13,184.19,184.32,181.76,182.565,0
2015-10-14,182.53,184.31,182.25,183.92,0
2015-10-15,183.85,184.34,182.69,183.77,0
2015-10-16,183.68,184.72,183.51,184.37,0
2015-10-19,184.33,185.1,183.78,184.75,0
2015-10-20,184.73,185.59,184.6,185.045,0
2015-10-21,185.02,185.55,184.64,184.955,0
2015-10-22,184.88,185.87,184.43,185.795,0
2015-10-23,185.77,186.18,185.19,186.015,0
2015-10-26,185.9,186.07,185.07,185.88,0
2015-10-27,185.87,185.92,183.87,184.27,0
2015-10-28,184.23,185.03,183.82,184.805,0
2015-10-29,184.74,185.55,184.02,185.455,0
2015-10-30,185.42,186.72,184.5,186.115,0
2015-11-02,186.27,186.97,185.5,186.16,0
2015-11-03,186.11,186.88,185.82,186.715,0
2015-11-04,186.63,187.29,186.31,187.04,0
2015-11-05,186.95,187.71,184.88,185.135,0
2015-11-06,185.09,185.79,183.51,185.35,0
2015-11-09,185.27,186.57,185.27,186.2,0
2015-11-10,186.13,186.5,185.82,186.195,0
2015-11-11,186.11,187.04,185.87,186.875,0
2015-11-12,186.77,187.48,186.47,186.745,0
2015-11-13,186.72,187.03,186.34,186.83,0
2015-11-16,186.26,187.45,185.91,187.21,0
2015-11-17,187.18,187.97,186.82,187.82,0
2015-11-18,187.72,188.38,187.22,188.38,0
2015-11-19,188.32,188.8,187.67,187.87,0
2015-11-20,187.83,188.08,186.44,186.72,0
2015-11-23,186.62,187,185.58,185.8,0
2015-11-24,185.73,185.98,184.25,184.87,0
2015-11-25,184.7,185.77,184.43,185.65,0
2015-11-26,185.62,185.65,184.59,185.2,0
2015-11-27,185.1,185.31,184.19,184.73,0
2015-11-30,184.67,185.67,184.28,185.345,0
2015-12-01,185.28,186.01,184.87,185.3,0
2015-12-02,185.25,185.63,183.89,184.27,0
2015-12-03,184.23,185.87,183.92,185.69,0
2015-12-04,185.64,186.24,185.05,186.145,0
2015-12-07,186.14,186.34,185.36,185.72,0
2015-12-08,185.72,185.78,183.69,184.5,0
2015-12-09,184.42,185.36,183.63,184.355,0
2015-12-10,184.36,184.95,183.31,184.335,0
2015-12-11,184.3,185.03,183.51,183.925,0
2015-12-14,183.89,184.56,182.07,183.26,0
2015-12-15,183.24,184.22,182.51,182.995,0
2015-12-16,182.89,183.69,182.25,183.365,0
2015-12-17,183.29,183.5,182.3,182.62,0
2015-12-18,182.6,183.96,180.39,180.55,0
2015-12-21,180.54,181.2,179.9,180.39,0
2015-12-22,180.25,180.59,178.95,179.49,0
2015-12-23,179.48,180.16,179.24,179.85,0
2015-12-24,179.75,179.96,178.9,179.625,0
2015-12-25,179.61,179.83,179.07,179.83,0
2015-12-28,179.5,180.04,178.89,179.13,0
2015-12-29,179.08,179.5,178.02,178.43,0
2015-12-30,178.41,179.03,178.19,178.56,0
2015-12-31,178.47,178.71,176.89,177.34,0
2016-01-01,177.25,177.84,177.21,177.455,0
2016-01-04,177.31,177.37,174.92,175.79,0
2016-01-05,175.71,176.15,174.04,174.72,0
2016-01-06,174.66,174.91,172.78,173.295,0
2016-01-07,173.28,173.74,170.7,172.02,0
2016-01-08,171.95,173.36,170.36,170.54,0
2016-01-11,170.51,172.26,169.24,171.21,0
2016-01-12,171.13,171.62,169.13,169.965,0
2016-01-13,169.88,171.27,169.44,169.55,0
2016-01-14,169.47,170.5,168.77,170.155,0
2016-01-15,170.12,170.56,166.15,166.91,0
2016-01-18,166.9,168.14,166.12,167.135,0
2016-01-19,167.06,169.07,166.28,166.51,0
2016-01-20,166.49,166.81,163.92,165.945,0
2016-01-21,165.9,167.68,164.4,167.4,0
2016-01-22,167.35,170.33,167.01,169.45,0
2016-01-25,169.45,169.99,168.26,168.555,0
2016-01-26,168.51,170.25,166.91,169.965,0
2016-01-27,169.89,170.01,168.51,168.92,0
2016-01-28,168.85,171.13,168.63,170.66,0
2016-01-29,170.56,174.17,170.04,172.475,0
2016-02-01,172.33,174.96,172.33,174.62,0
2016-02-02,174.58,174.73,172.69,172.875,0
2016-02-03,172.82,173.71,171.02,172.17,0
2016-02-04,172.1,172.45,169.98,170.365,0
2016-02-05,170.29,170.51,168.9,169.535,0
2016-02-08,169.52,170.64,165.92,167.19,0
2016-02-09,167.13,167.22,164.5,166.605,0
2016-02-10,166.55,167.61,164.39,164.6,0
2016-02-11,164.54,165.08,159.83,162.755,0
2016-02-12,162.72,164.74,161.69,164.265,0
2016-02-15,164.09,165.73,163.87,165.39,0
2016-02-16,165.38,166.07,162.4,163.19,0
2016-02-17,163.14,163.86,161.52,163.13,0
2016-02-18,163.07,163.93,161.98,162.355,0
2016-02-19,162.26,162.48,160.67,162.175,0
2016-02-22,162.1,162.1,159.07,159.79,0
2016-02-23,159.75,159.91,156.88,157.215,0
2016-02-24,157.18,157.3,154.71,156.24,0
2016-02-25,156.17,157.88,155.73,157.775,0
2016-02-26,157.72,158.55,157.14,158.125,0
2016-02-29,158.08,158.12,156.15,156.82,0
2016-03-01,156.78,159.51,156.14,159.03,0
2016-03-02,158.98,160.54,158.66,159.735,0
2016-03-03,159.69,161.28,159.62,161.17,0
2016-03-04,161.15,162.43,160.39,161.85,0
2016-03-07,161.92,162.21,160.31,161.865,0
2016-03-08,161.8,161.87,159.53,160.035,0
2016-03-09,159.98,161.33,159.41,161.275,0
2016-03-10,161.21,162.89,160.66,161.585,0
2016-03-11,161.55,164.1,161.03,163.585,0
2016-03-14,163.65,163.95,162.52,162.775,0
2016-03-15,162.75,162.86,159.48,160.19,0
2016-03-16,160.1,161.11,159.59,160.545,0
2016-03-17,160.49,161.57,158.98,161.275,0
2016-03-18,161.25,161.77,160.29,161.56,0
2016-03-21,161.51,161.51,160.08,160.85,0
2016-03-22,160.8,161.47,158.39,159.665,0
2016-03-23,159.61,160.02,158.46,158.645,0
2016-03-24,158.61,159.86,158.39,159.8,0
2016-03-25,159.76,160.11,159.28,159.915,0
2016-03-28,159.73,161.72,159.58,161.72,0
2016-03-29,161.66,162.5,161.26,162.11,0
2016-03-30,162.01,162.57,161.29,161.67,0
2016-03-31,161.61,162.01,160.82,161.675,0
2016-04-01,161.62,161.72,158.64,158.86,0
2016-04-04,158.77,159.56,158.13,158.795,0
2016-04-05,158.75,158.89,155.65,156.285,0
2016-04-06,156.19,156.63,154.47,155.04,0
2016-04-07,154.98,155.25,151.61,152.11,0
2016-04-08,152.06,154.21,151.87,152.645,0
2016-04-11,152.56,154.43,151.9,153.725,0
2016-04-12,153.67,155.51,153.42,154.945,0
2016-04-13,154.9,155.75,154.69,155.3,0
2016-04-14,155.27,155.36,153.84,154.845,0
2016-04-15,154.8,155.29,154.03,154.39,0
2016-04-18,154.06,155.68,152.46,155.335,0
2016-04-19,155.34,157.68,155.22,157.18,0
2016-04-20,157.11,157.87,156.14,157.45,0
2016-04-21,157.4,158.37,156.55,156.775,0
2016-04-22,156.73,161.25,156.46,161.005,0
2016-04-25,161.1,161.89,159.95,161.045,0
2016-04-26,161.01,162.69,160.41,162.32,0
2016-04-27,162.28,162.82,161.58,162.105,0
2016-04-28,162.06,162.57,157.02,157.955,0
2016-04-29,157.9,158.05,155.2,155.44,0
2016-05-02,155.26,156.63,154.83,156.115,0
2016-05-03,156.1,156.16,154.36,154.94,0
2016-05-04,154.92,155.94,154.35,155.085,0
2016-05-05,155.04,155.84,154.8,155.36,0
2016-05-06,155.29,155.59,153.58,154.585,0
2016-05-09,154.54,156.42,154.2,156.065,0
2016-05-10,156.03,157.91,155.98,157.825,0
2016-05-11,157.76,157.97,156.34,156.625,0
2016-05-12,156.58,158.47,156.19,157.54,0
2016-05-13,157.51,157.66,155.84,155.995,0
2016-05-16,155.74,157.07,155.58,157.005,0
2016-05-17,156.93,158.97,156.89,157.85,0
2016-05-18,157.77,160.88,156.97,160.875,0
2016-05-19,160.83,161.61,160.1,160.68,0
2016-05-20,160.64,161.04,159.44,159.725,0
2016-05-23,159.65,159.8,157.98,158.22,0
2016-05-24,158.17,161,157.97,160.98,0
2016-05-25,160.94,162.5,160.4,161.98,0
2016-05-26,161.88,162.17,160.66,161.035,0
2016-05-27,161.01,161.42,160.09,161.22,0
2016-05-30,160.97,162.9,160.97,162.68,0
2016-05-31,162.64,163.86,159.78,160.285,0
2016-06-01,160.23,160.62,157.17,157.92,0
2016-06-02,157.87,157.98,156.52,157.015,0
2016-06-03,156.98,157.55,154.51,154.675,0
2016-06-06,154.46,155.62,152.87,155.32,0
2016-06-07,155.3,157.78,154.93,156.145,0
2016-06-08,156.06,156.23,154.87,155.15,0
2016-06-09,155.1,155.32,153.59,154.855,0
2016-06-10,154.81,155.01,151.45,152.54,0
2016-06-13,152.43,152.45,149.42,151.63,0
2016-06-14,151.6,151.63,149.12,149.795,0
2016-06-15,149.73,151.16,149.25,150.6,0
2016-06-16,150.55,150.67,145.34,148.055,0
2016-06-17,148.04,149.89,147.95,149.5,0
2016-06-20,149.58,153.62,149.58,152.775,0
2016-06-21,152.67,154.36,151.88,153.43,0
2016-06-22,153.38,154.53,152.79,153.55,0
2016-06-23,153.51,158.27,153.44,157.95,0
2016-06-24,157.9,160.14,133.18,139.855,0
2016-06-27,138.45,138.57,133.29,134.925,0
2016-06-28,134.81,137.43,134.19,137.105,0
2016-06-29,137.06,139.01,135.78,138.05,0
2016-06-30,138.05,138.79,135.84,137.49,0
2016-07-01,137.42,137.66,135.69,135.97,0
2016-07-04,135.81,136.78,135.52,136.325,0
2016-07-05,136.28,136.29,131.97,132.475,0
2016-07-06,132.39,132.51,128.77,131.02,0
2016-07-07,130.98,131.94,129.53,130.11,0
2016-07-08,130.05,131,129.58,130.27,0
2016-07-11,130.15,133.74,129.98,133.585,0
2016-07-12,133.51,139.45,132.92,138.645,0
2016-07-13,138.67,139.47,136.88,137.38,0
2016-07-14,137.3,142.22,136.33,140.56,0
2016-07-15,140.51,143.22,137.74,138.315,0
2016-07-18,138.03,141.29,137.98,140.73,0
2016-07-19,140.69,141.07,138.43,139.14,0
2016-07-20,139.1,141.45,138.28,141.145,0
2016-07-21,141.07,142.36,139.04,140.03,0
2016-07-22,139.98,141.08,138.38,139.07,0
2016-07-25,139.04,140.1,138.69,139.015,0
2016-07-26,138.92,139.11,135.93,137.425,0
2016-07-27,137.36,139.87,137.28,139.35,0
2016-07-28,139.3,139.48,137.42,138.585,0
2016-07-29,138.54,138.65,134.84,135,0
2016-08-01,135.06,136.23,134.46,134.94,0
2016-08-02,134.93,135.55,133.86,134.775,0
2016-08-03,134.73,135.43,134.12,134.93,0
2016-08-04,134.87,135.23,132.49,132.665,0
2016-08-05,132.6,133.57,132.18,133.09,0
2016-08-08,133.11,133.99,132.78,133.585,0
2016-08-09,133.55,133.73,132.05,132.49,0
2016-08-10,132.49,132.82,131.5,131.78,0
2016-08-11,131.74,132.24,130.93,132.085,0
2016-08-12,132.08,132.53,130.31,130.92,0
2016-08-15,130.8,131.18,129.93,130.42,0
2016-08-16,130.37,130.87,129.19,130.86,0
2016-08-17,130.83,131.79,130.22,130.775,0
2016-08-18,130.73,132.23,129.97,131.53,0
2016-08-19,131.49,132,130.3,131.04,0
2016-08-22,131.06,132.13,130.97,131.83,0
2016-08-23,131.74,132.3,131.39,132.3,0
2016-08-24,132.21,133.29,131.91,132.92,0
2016-08-25,132.87,133.26,132.31,132.6,0
2016-08-26,132.56,133.85,132.33,133.775,0
2016-08-29,133.71,134.39,133.37,133.54,0
2016-08-30,133.51,134.87,133.29,134.7,0
2016-08-31,134.66,135.88,134.53,135.88,0
2016-09-01,135.87,138.03,135.34,136.99,0
2016-09-02,136.94,138.81,136.84,138.235,0
2016-09-05,138.23,138.47,137.26,137.615,0
2016-09-06,137.54,138.31,136.78,137.105,0
2016-09-07,137.03,137.14,135.36,135.725,0
2016-09-08,135.69,136.42,134.97,136.275,0
2016-09-09,136.18,137.12,135.68,136.245,0
2016-09-12,136.19,136.29,135.02,135.855,0
2016-09-13,135.78,136.07,134.41,135.315,0
2016-09-14,135.28,136.62,134.86,135.56,0
2016-09-15,135.49,136.12,134.51,135.155,0
2016-09-16,135.12,135.25,132.85,132.995,0
2016-09-19,132.87,133.46,132.4,132.815,0
2016-09-20,132.75,133.09,131.58,132.105,0
2016-09-21,132.07,133.26,130.34,130.68,0
2016-09-22,130.69,132.27,130.48,131.76,0
2016-09-23,131.68,132.24,130.41,131.025,0
2016-09-26,130.86,131.23,129.64,130.19,0
2016-09-27,130.15,131.21,129.6,130.8,0
2016-09-28,130.77,131.27,130.41,131.06,0
2016-09-29,130.99,132.42,130.62,131.025,0
2016-09-30,130.99,131.93,130.37,131.515,0
2016-10-03,131.1,131.42,130,130.545,0
2016-10-04,130.47,131.35,130.24,130.965,0
2016-10-05,130.94,132.22,130.45,131.955,0
2016-10-06,131.92,132.06,131,131.11,0
2016-10-07,131.1,131.28,122.72,127.965,0
2016-10-10,127.9,128.6,127.42,128.085,0
2016-10-11,128.02,128.37,124.77,125.485,0
2016-10-12,125.4,127.7,125.26,127.215,0
2016-10-13,127.17,127.45,125.87,127.08,0
2016-10-14,127.02,127.92,126.63,126.98,0
2016-10-17,126.91,127.1,126.21,126.58,0
2016-10-18,126.53,128.16,126.4,127.72,0
2016-10-19,127.65,127.89,126.56,127.105,0
2016-10-20,127.02,127.59,126.57,127.365,0
2016-10-21,127.3,127.67,126.06,127.055,0
2016-10-24,127.07,127.56,126.54,127.51,0
2016-10-25,127.45,127.94,126.55,127.035,0
2016-10-26,127.01,127.97,126.56,127.94,0
2016-10-27,127.92,128.43,127.37,128.06,0
2016-10-28,128.01,128.28,127.4,127.58,0
2016-10-31,127.49,128.49,126.66,128.34,0
2016-11-01,128.31,129.02,127.08,127.515,0
2016-11-02,127.41,127.52,126.65,127.1,0
2016-11-03,127.02,128.91,126.44,128.33,0
2016-11-04,128.3,129.44,128.17,129.115,0
2016-11-07,129,130.21,128.96,129.52,0
2016-11-08,129.46,130.35,129.21,130.155,0
2016-11-09,130.13,131.7,126.63,131.09,0
2016-11-10,131.05,134.32,130.21,134.12,0
2016-11-11,134.07,134.9,133.36,134.43,0
2016-11-14,134.08,135.62,134.01,135.44,0
2016-11-15,135.39,136.57,134.13,135.99,0
2016-11-16,135.94,136.79,135.54,135.715,0
2016-11-17,135.66,136.91,134.9,136.72,0
2016-11-18,136.68,137.58,135.32,136.975,0
2016-11-21,136.83,138.86,136.2,138.465,0
2016-11-22,138.39,138.83,137.56,138.08,0
2016-11-23,138.03,140.33,137.18,139.925,0
2016-11-24,139.88,141.31,139.57,141.135,0
2016-11-25,141.06,141.74,139.89,141.085,0
2016-11-28,140.93,141.13,138.76,138.975,0
2016-11-29,138.91,141.36,138.42,140.365,0
2016-11-30,140.33,143.25,139.9,143.15,0
2016-12-01,143.1,145.19,142.55,143.645,0
2016-12-02,143.59,144.65,142.83,144.57,0
2016-12-05,144.47,146.02,142.46,144.965,0
2016-12-06,144.94,145.62,144.1,144.545,0
2016-12-07,144.48,144.78,142.91,143.63,0
2016-12-08,143.56,144.46,143.03,143.525,0
2016-12-09,143.49,145.13,143.3,145.13,0
2016-12-12,144.93,146.36,144.55,145.805,0
2016-12-13,145.8,146.71,145.43,145.805,0
2016-12-14,145.75,147.28,145.12,147.055,0
2016-12-15,146.98,148.44,146.25,146.765,0
2016-12-16,146.72,147.45,146.16,147.45,0
2016-12-19,147.26,147.42,144.44,145.185,0
2016-12-20,145.16,146.36,144.83,145.72,0
2016-12-21,145.76,145.87,144.79,145.225,0
2016-12-22,145.15,145.58,144.24,144.36,0
2016-12-23,144.3,144.53,143.44,144.25,0
2016-12-26,143.86,144.27,143.5,143.89,0
2016-12-27,143.77,144.25,143.48,144.095,0
2016-12-28,144.05,144.69,142.94,143.35,0
2016-12-29,143.27,143.43,142.09,142.92,0
2016-12-30,142.87,144.58,142.6,144.23,0
2017-01-02,144.26,145.02,144.02,144.265,0
2017-01-03,144.27,145.39,143.49,144.12,0
2017-01-04,144.02,144.92,143.62,144.495,0
2017-01-05,144.44,144.65,142.44,143.26,0
2017-01-06,143.22,144.02,142.9,143.67,0
2017-01-09,143.54,143.84,140.97,141.115,0
2017-01-10,141.07,141.44,140.13,140.975,0
2017-01-11,140.95,141.47,139.85,140.935,0
2017-01-12,140.86,141.01,138.85,139.48,0
2017-01-13,139.42,140.56,139.11,139.48,0
2017-01-16,138.06,138.27,136.4,137.595,0
2017-01-17,137.51,140.13,137,139.82,0
2017-01-18,139.78,140.66,139.08,140.57,0
2017-01-19,140.52,142.16,140.3,141.775,0
2017-01-20,141.75,142.07,141.11,141.85,0
2017-01-23,141.59,142.06,140.67,141.275,0
2017-01-24,141.23,142.5,140.71,142.465,0
2017-01-25,142.44,143.71,141.76,143.13,0
2017-01-26,143.07,144.52,142.83,144.23,0
2017-01-27,144.13,144.78,143.94,144.48,0
2017-01-30,144.4,144.6,141.58,142.06,0
2017-01-31,141.96,142.46,140.39,141.9,0
2017-02-01,141.84,144.12,141.61,143.35,0
2017-02-02,143.31,143.53,140.68,141.325,0
2017-02-03,141.25,141.97,140.29,140.74,0
2017-02-06,140.27,140.74,139.13,139.34,0
2017-02-07,139.32,140.62,138.47,140.585,0
2017-02-08,140.57,140.68,139.73,140.39,0
2017-02-09,140.34,141.8,139.97,141.53,0
2017-02-10,141.46,142.36,140.96,141.42,0
2017-02-13,141.23,142.61,141.21,142.45,0
2017-02-14,142.44,142.71,140.95,142.48,0
2017-02-15,142.4,142.8,141.77,142.245,0
2017-02-16,142.21,142.46,141.16,141.405,0
2017-02-17,141.35,141.94,139.56,140.13,0
2017-02-20,140.04,141.25,139.91,140.935,0
2017-02-21,140.87,141.86,140.77,141.79,0
2017-02-22,141.77,142.04,140.43,141.065,0
2017-02-23,140.91,141.56,140.6,141.365,0
2017-02-24,141.35,141.76,139.35,139.87,0
2017-02-27,139.84,140.39,138.95,140.24,0
2017-02-28,140.21,140.31,138.76,139.625,0
2017-03-01,139.58,140.72,139.5,139.825,0
2017-03-02,139.78,140.73,139.69,140.33,0
2017-03-03,140.3,140.49,139.56,140.18,0
2017-03-06,140.13,140.3,139.19,139.355,0
2017-03-07,139.31,139.63,138.68,139.06,0
2017-03-08,139,139.64,138.38,139.17,0
2017-03-09,139.1,140.03,138.99,139.85,0
2017-03-10,139.8,140.53,139.45,139.67,0
2017-03-13,139.7,140.48,139.31,140.375,0
2017-03-14,140.34,140.43,139.1,139.46,0
2017-03-15,139.41,140.59,139.04,139.365,0
2017-03-16,139.27,140.18,138.52,140.06,0
2017-03-17,140,140.46,139.09,139.7,0
2017-03-20,139.55,140.14,138.83,139.095,0
2017-03-21,139.04,140.4,138.88,139.415,0
2017-03-22,139.38,139.49,137.7,138.78,0
2017-03-23,138.74,139.32,138.24,138.9,0
2017-03-24,138.85,139.14,138.24,138.85,0
2017-03-27,138.79,139.11,137.98,138.985,0
2017-03-28,138.91,139.38,138.01,138.385,0
2017-03-29,138.32,138.51,137.47,138.07,0
2017-03-30,138.03,139.6,137.69,139.57,0
2017-03-31,139.5,140.08,138.94,139.855,0
2017-04-03,139.62,139.9,138.23,138.475,0
2017-04-04,138.43,138.53,137.03,137.77,0
2017-04-05,137.7,139.03,137.39,138.195,0
2017-04-06,138.13,138.7,137.67,138.18,0
2017-04-07,138.12,138.33,136.97,137.43,0
2017-04-10,137.51,138.26,137.34,137.725,0
2017-04-11,137.68,137.76,136.79,136.925,0
2017-04-12,136.87,137.34,136.46,136.72,0
2017-04-13,136.64,137.11,136.29,136.4,0
2017-04-14,136.4,136.63,135.9,136.06,0
2017-04-17,136.02,136.98,135.54,136.835,0
2017-04-18,136.78,139.98,136.09,139.195,0
2017-04-19,139.14,140.18,138.85,139.12,0
2017-04-20,139.06,140.33,138.96,140.085,0
2017-04-21,140,140.14,139.17,139.77,0
2017-04-24,141.82,142.13,140.14,140.43,0
2017-04-25,140.4,142.66,139.97,142.66,0
2017-04-26,142.62,143.49,142.28,142.65,0
2017-04-27,142.62,143.89,142.5,143.575,0
2017-04-28,143.55,144.5,143.24,144.46,0
2017-05-01,144.08,144.59,143.72,144.115,0
2017-05-02,144.09,145.09,143.97,144.89,0
2017-05-03,144.84,145.34,144.45,145.085,0
2017-05-04,145,145.71,144.59,145.33,0
2017-05-05,145.28,146.44,144.74,146.33,0
2017-05-08,146.62,146.77,145.6,146.55,0
2017-05-09,146.51,147.87,146.38,147.44,0
2017-05-10,147.4,148.09,147.07,147.86,0
2017-05-11,147.83,147.94,146.09,146.74,0
2017-05-12,146.65,146.78,145.74,146.11,0
2017-05-15,145.83,146.99,145.6,146.705,0
2017-05-16,146.71,147.1,145.77,146.12,0
2017-05-17,146.08,146.14,143.57,143.74,0
2017-05-18,143.68,144.82,143.32,144.205,0
2017-05-19,144.21,145.37,143.76,145.055,0
2017-05-22,144.75,145.07,143.98,144.685,0
2017-05-23,144.62,145.11,143.73,144.9,0
2017-05-24,144.82,145.39,144.43,144.66,0
2017-05-25,144.58,145.41,144.46,144.715,0
2017-05-26,144.71,144.79,142.07,142.56,0
2017-05-29,142.53,143.07,142.29,142.87,0
2017-05-30,142.81,143.1,141.77,142.53,0
2017-05-31,142.48,142.9,141.43,142.79,0
2017-06-01,142.73,143.69,142.45,143.445,0
2017-06-02,143.42,143.94,141.97,142.29,0
2017-06-05,141.62,143.09,141.59,142.525,0
2017-06-06,142.47,142.64,140.66,141.25,0
2017-06-07,141.24,142.37,140.68,142.315,0
2017-06-08,142.27,142.76,141.69,142.49,0
2017-06-09,142.44,142.57,139.48,140.635,0
2017-06-12,140.46,140.78,138.6,139.135,0
2017-06-13,139.13,140.4,138.96,140.38,0
2017-06-14,140.34,140.89,139.06,139.73,0
2017-06-15,139.68,141.58,139.14,141.48,0
2017-06-16,141.44,142.32,141.28,141.645,0
2017-06-19,141.75,142.32,141.09,142.055,0
2017-06-20,141.97,142.52,140.52,140.775,0
2017-06-21,140.71,141.75,139.8,141.125,0
2017-06-22,141.07,141.23,140.42,141.185,0
2017-06-23,141.14,141.87,140.96,141.54,0
2017-06-26,141.42,142.36,141.31,142.28,0
2017-06-27,142.26,144.18,141.9,143.995,0
2017-06-28,143.96,145.5,143.23,145.16,0
2017-06-29,145.08,146.52,145.01,145.925,0
2017-06-30,145.88,146.54,145.08,146.4,0
2017-07-03,145.83,146.92,145.58,146.675,0
2017-07-04,146.66,146.9,145.93,146.36,0
2017-07-05,146.29,146.79,145.95,146.515,0
2017-07-06,146.48,147.23,145.98,146.865,0
2017-07-07,146.81,147.6,146.41,146.835,0
2017-07-10,146.88,147.45,146.56,146.895,0
2017-07-11,146.87,147.77,146.12,146.395,0
2017-07-12,146.33,146.44,145.23,145.8,0
2017-07-13,145.73,146.86,145.51,146.575,0
2017-07-14,146.5,147.52,145.95,147.375,0
2017-07-17,147.28,147.6,146.7,147.045,0
2017-07-18,147,147.32,145.34,146.145,0
2017-07-19,146.1,146.31,145.2,145.77,0
2017-07-20,145.76,146.27,144.63,145.175,0
2017-07-21,145.14,145.31,143.99,144.41,0
2017-07-24,144.23,144.98,143.96,144.76,0
2017-07-25,144.72,145.89,144.41,145.735,0
2017-07-26,145.7,146.4,145.44,145.87,0
2017-07-27,145.85,146.55,145.06,145.35,0
2017-07-28,145.34,145.77,144.95,145.37,0
2017-07-31,145.25,145.82,144.76,145.7,0
2017-08-01,145.65,146.16,145.34,145.715,0
2017-08-02,145.64,146.77,145.59,146.42,0
2017-08-03,146.43,146.77,144.31,144.59,0
2017-08-04,144.53,145.26,144.16,144.295,0
2017-08-07,144.1,144.71,144.06,144.355,0
2017-08-08,144.3,144.46,143.11,143.31,0
2017-08-09,143.26,143.4,142.2,143.165,0
2017-08-10,143.07,143.32,141.59,141.71,0
2017-08-11,141.69,142.07,141.18,142.07,0
2017-08-14,141.85,142.72,141.71,142.14,0
2017-08-15,142.1,143.2,141.9,142.44,0
2017-08-16,142.41,143.1,141.66,142.07,0
2017-08-17,142,142.09,140.8,141,0
2017-08-18,140.91,141.08,139.73,140.6,0
2017-08-21,140.65,140.84,140.04,140.585,0
2017-08-22,140.53,141.03,140.01,140.515,0
2017-08-23,140.46,140.79,139.37,139.565,0
2017-08-24,139.49,140.43,139.26,140.23,0
2017-08-25,140.21,140.945,140.08,140.945,0
2017-08-28,141.02,141.44,140.39,141.295,0
2017-08-29,141.25,141.98,139.97,141.8,0
2017-08-30,141.77,142.77,141.53,142.49,0
2017-08-31,142.44,142.89,141.52,142.205,0
2017-09-01,142.17,142.98,142.02,142.795,0
2017-09-04,141.73,142.47,141.45,141.91,0
2017-09-05,141.88,141.93,141.13,141.82,0
2017-09-06,141.77,142.67,141.32,142.475,0
2017-09-07,142.43,142.68,141.43,142.09,0
2017-09-08,142.05,142.53,141.29,142.34,0
2017-09-11,142.81,144.17,142.53,144.015,0
2017-09-12,143.99,146.52,143.87,146.355,0
2017-09-13,146.31,146.65,145.65,145.96,0
2017-09-14,145.92,148.33,145.25,147.68,0
2017-09-15,147.65,151.52,146.56,150.67,0
2017-09-18,150.55,151.5,150.11,150.555,0
2017-09-19,150.53,151.57,150.09,150.755,0
2017-09-20,150.72,152.26,150.41,151.435,0
2017-09-21,151.38,152.85,151.34,152.755,0
2017-09-22,152.71,152.8,150.64,151.1,0
2017-09-25,151.06,152.26,149.71,150.475,0
2017-09-26,150.43,151.07,149.94,151.05,0
2017-09-27,151,151.59,150.52,151.04,0
2017-09-28,151,151.57,150.43,151.02,0
2017-09-29,150.97,151.28,150.16,150.7,0
2017-10-02,150.54,150.97,149.23,149.725,0
2017-10-03,149.68,150.23,149.25,149.415,0
2017-10-04,149.33,149.9,148.99,149.365,0
2017-10-05,149.29,149.45,147.63,148.005,0
2017-10-06,147.96,148.05,146.98,147.175,0
2017-10-09,147.25,148.55,146.88,148.075,0
2017-10-10,148.02,148.51,147.7,148.485,0
2017-10-11,148.44,148.84,147.81,148.75,0
2017-10-12,148.72,149.14,147.25,148.91,0
2017-10-13,148.87,149.27,148.42,148.615,0
2017-10-16,148.83,149.01,148.13,148.655,0
2017-10-17,148.62,149.06,147.7,148.01,0
2017-10-18,147.96,149.13,147.84,149.13,0
2017-10-19,149.1,149.43,147.86,148.1,0
2017-10-20,148.06,149.81,147.96,149.715,0
2017-10-23,149.9,150.47,149.43,149.705,0
2017-10-24,149.67,150.08,149.09,149.615,0
2017-10-25,149.54,151.38,149.23,150.87,0
2017-10-26,150.84,150.89,149.72,150.005,0
2017-10-27,149.96,150.04,148.87,149.255,0
2017-10-30,149.23,149.99,148.91,149.49,0
2017-10-31,149.42,151.06,149.15,150.94,0
2017-11-01,150.91,151.96,150.86,151.235,0
2017-11-02,151.19,151.51,148.62,148.985,0
2017-11-03,148.95,149.64,148.66,149.165,0
2017-11-06,149.19,149.88,148.88,149.765,0
2017-11-07,149.73,150.31,149.59,150.125,0
2017-11-08,150.07,150.14,148.5,149.35,0
2017-11-09,149.32,149.69,148.41,149.155,0
2017-11-10,149.14,149.98,148.79,149.755,0
2017-11-13,149.64,149.8,148.02,149.03,0
2017-11-14,148.99,149.54,148.57,149.365,0
2017-11-15,149.32,149.37,148.08,148.675,0
2017-11-16,148.64,149.44,148.47,149.19,0
2017-11-17,149.15,149.3,147.89,148.105,0
2017-11-20,148.11,149.22,147.57,149.06,0
2017-11-21,149.01,149.38,148.58,148.87,0
2017-11-22,148.82,148.97,147.96,148.21,0
2017-11-23,148.16,148.47,147.76,148.015,0
2017-11-24,147.97,148.97,147.88,148.775,0
2017-11-27,148.73,148.85,147.79,147.96,0
2017-11-28,147.86,149.27,146.94,148.715,0
2017-11-29,148.66,150.42,148.63,150.085,0
2017-11-30,150.04,152.39,149.95,152.22,0
2017-12-01,152.16,152.49,150.53,151.04,0
2017-12-04,151.09,152.94,151.09,151.53,0
2017-12-05,151.48,151.81,150.49,151.36,0
2017-12-06,151.31,151.44,149.71,150.385,0
2017-12-07,150.35,152.45,150.11,152.37,0
2017-12-08,152.35,153.41,151.58,151.975,0
2017-12-11,151.96,152.32,151.2,151.475,0
2017-12-12,151.44,151.74,150.98,151.21,0
2017-12-13,151.18,151.5,150.43,151.035,0
2017-12-14,150.98,151.85,150.58,150.95,0
2017-12-15,150.89,151.01,149.37,149.98,0
2017-12-18,150.15,151,149.81,150.62,0
2017-12-19,150.58,151.26,150.33,151.11,0
2017-12-20,151.07,152,151.02,151.665,0
2017-12-21,151.62,151.91,151.24,151.7,0
2017-12-22,151.65,151.87,151.16,151.36,0
2017-12-25,151.27,151.74,151.26,151.435,0
2017-12-26,151.4,151.58,151.15,151.44,0
2017-12-27,151.41,152.08,151.29,151.86,0
2017-12-28,151.83,151.96,151.44,151.755,0
2017-12-29,151.71,152.5,151.47,152.29,0
2018-01-01,152.24,152.31,151.98,152.125,0
2018-01-02,152.12,152.73,151.81,152.585,0
2018-01-03,152.55,152.82,151.71,152.055,0
2018-01-04,152.01,152.95,151.93,152.81,0
2018-01-05,152.75,153.73,152.67,153.455,0
2018-01-08,153.41,153.66,152.81,153.445,0
2018-01-09,153.44,153.58,151.89,152.535,0
2018-01-10,152.5,152.59,150.32,150.515,0
2018-01-11,150.46,151,150.15,150.615,0
2018-01-12,150.59,152.64,150.47,152.45,0
2018-01-15,152.48,152.8,151.88,152.46,0
2018-01-16,152.4,153.1,152.01,152.345,0
2018-01-17,152.31,154.27,152.09,153.86,0
2018-01-18,153.84,154.57,153.57,154.37,0
2018-01-19,154.32,154.42,153.05,153.44,0
2018-01-22,153.62,155.24,153.42,155.155,0
2018-01-23,155.13,155.41,153.67,154.445,0
2018-01-24,154.39,155.7,154.08,155.57,0
2018-01-25,155.51,156.07,154.37,154.735,0
2018-01-26,154.75,155.84,153.39,154.055,0
2018-01-29,153.82,154.01,152.78,153.345,0
2018-01-30,153.31,154.06,151.93,153.88,0
2018-01-31,153.84,155.34,153.51,154.985,0
2018-02-01,154.91,156.43,154.87,156.065,0
2018-02-02,156.01,156.6,155.36,155.495,0
2018-02-05,155.62,155.62,152.22,152.295,0
2018-02-06,152.22,152.91,151.15,152.825,0
2018-02-07,152.79,153.13,151.28,151.76,0
2018-02-08,151.72,154.01,150.78,151.305,0
2018-02-09,151.27,152.75,148.87,150.545,0
2018-02-12,150.39,150.8,149.61,150.355,0
2018-02-13,150.3,150.61,148.92,149.79,0
2018-02-14,149.78,150.01,147.9,149.8,0
2018-02-15,149.74,150.17,148.87,149.62,0
2018-02-16,149.59,149.95,148.74,149.295,0
2018-02-19,149.16,149.46,148.83,149.295,0
2018-02-20,149.26,150.39,149.03,150.22,0
2018-02-21,150.21,150.92,149.4,150,0
2018-02-22,149.97,150.01,148.48,149.045,0
2018-02-23,148.94,149.5,148.6,149.295,0
2018-02-26,149.33,150.05,148.94,149.375,0
2018-02-27,149.33,149.8,148.78,149.29,0
2018-02-28,149.27,149.51,146.67,146.79,0
2018-03-01,146.78,147.46,145.97,146.355,0
2018-03-02,146.32,146.44,144.91,145.99,0
2018-03-05,145.75,147.11,145.04,147.08,0
2018-03-06,147.05,148,146.48,147.38,0
2018-03-07,147.33,147.56,146.16,147.455,0
2018-03-08,147.41,147.66,146.34,146.69,0
2018-03-09,146.65,148.54,146.55,147.9,0
2018-03-12,147.9,148.2,147.38,147.975,0
2018-03-13,147.94,149.38,147.71,148.795,0
2018-03-14,148.75,149.16,147.68,148.44,0
2018-03-15,148.4,148.5,147.4,148.22,0
2018-03-16,148.18,148.26,147.19,147.735,0
2018-03-19,147.8,149.67,147.01,148.79,0
2018-03-20,148.76,149.77,148.52,149.13,0
2018-03-21,149.1,150.3,148.9,149.97,0
2018-03-22,149.93,150.15,148.22,148.405,0
2018-03-23,148.35,148.97,147.61,148.035,0
2018-03-26,148.08,150.11,147.79,149.98,0
2018-03-27,149.96,150.48,148.9,149.135,0
2018-03-28,149.08,150.62,149.01,150.425,0
2018-03-29,150.39,150.47,148.98,149.19,0
2018-03-30,149.14,149.53,148.8,148.97,0
2018-04-02,149.12,149.68,148.35,148.735,0
2018-04-03,148.69,149.95,148.45,149.87,0
2018-04-04,149.83,150.42,148.74,150.36,0
2018-04-05,150.32,150.67,149.92,150.37,0
2018-04-06,150.33,151.21,149.84,150.695,0
2018-04-09,150.7,151.49,150.45,150.87,0
2018-04-10,150.83,152.13,150.67,151.965,0
2018-04-11,151.91,152.23,151.23,151.4,0
2018-04-12,151.36,152.87,151.13,152.71,0
2018-04-13,152.66,153.84,152.51,152.87,0
2018-04-16,152.9,153.75,152.6,153.575,0
2018-04-17,153.56,153.75,152.73,152.89,0
2018-04-18,152.85,153.62,152.01,152.305,0
2018-04-19,152.27,152.95,151.04,151.305,0
2018-04-20,151.22,151.69,150.61,150.78,0
2018-04-23,150.9,151.63,150.7,151.555,0
2018-04-24,151.5,152.6,151.36,152.095,0
2018-04-25,152.08,152.55,151.98,152.44,0
2018-04-26,152.4,152.71,151.89,152.17,0
2018-04-27,152.09,152.26,150.16,150.265,0
2018-04-30,150.26,150.81,149.81,150.57,0
2018-05-01,150.43,150.59,149.08,149.57,0
2018-05-02,149.53,150.09,148.92,149.175,0
2018-05-03,149.11,149.46,147.55,148.245,0
2018-05-04,148.2,148.28,147.01,147.675,0
2018-05-07,147.67,148.26,147.3,147.9,0
2018-05-08,147.86,148.06,146.99,147.83,0
2018-05-09,147.78,149.18,147.66,148.665,0
2018-05-10,148.62,149.3,147.41,147.9,0
2018-05-11,147.84,148.47,147.53,148.16,0
2018-05-14,148.24,149.05,147.93,148.66,0
2018-05-15,148.63,149.19,148.32,149.045,0
2018-05-16,148.99,149.09,148.12,148.895,0
2018-05-17,148.87,149.83,148.72,149.725,0
2018-05-18,149.69,150,149.04,149.225,0
2018-05-21,149.3,149.63,148.77,149.15,0
2018-05-22,149.12,149.71,148.71,148.995,0
2018-05-23,148.96,149.02,145.89,146.915,0
2018-05-24,146.9,147.25,145.65,146.195,0
2018-05-25,146.14,146.72,145.24,145.595,0
2018-05-28,145.52,146.19,145.28,145.68,0
2018-05-29,145.61,145.71,143.16,144.15,0
2018-05-30,144.1,145.06,143.55,144.75,0
2018-05-31,144.7,145.3,144.07,144.74,0
2018-06-01,144.68,146.28,144.44,146.22,0
2018-06-04,146.1,146.89,145.79,146.19,0
2018-06-05,146.15,147.12,146,147.085,0
2018-06-06,147.04,148,146.91,147.79,0
2018-06-07,147.75,148.12,146.85,147.25,0
2018-06-08,147.2,147.43,146.05,146.925,0
2018-06-11,146.79,147.83,146.41,147.17,0
2018-06-12,147.21,147.98,147.08,147.595,0
2018-06-13,147.56,147.89,147.16,147.59,0
2018-06-14,147.53,147.84,146.62,146.72,0
2018-06-15,146.68,147.06,146.22,147.035,0
2018-06-18,146.74,147.05,146.06,146.415,0
2018-06-19,146.38,146.49,144.33,145.05,0
2018-06-20,145.02,145.61,144.54,145.37,0
2018-06-21,145.34,146.2,144.54,145.765,0
2018-06-22,145.71,146.64,145.43,145.92,0
2018-06-25,146,146.16,144.64,145.75,0
2018-06-26,145.78,145.82,144.92,145.575,0
2018-06-27,145.55,145.7,144.47,144.58,0
2018-06-28,144.56,144.67,143.72,144.505,0
2018-06-29,144.46,146.31,144.3,146.19,0
2018-07-02,145.81,146.47,145.13,145.75,0
2018-07-03,145.72,146.38,145.25,145.91,0
2018-07-04,145.89,146.35,145.51,146.175,0
2018-07-05,146.13,146.85,145.79,146.325,0
2018-07-06,146.28,146.78,146.09,146.75,0
2018-07-09,146.96,147.59,146.06,146.975,0
2018-07-10,146.95,147.78,146.78,147.355,0
2018-07-11,147.34,148.12,146.76,147.92,0
2018-07-12,147.87,148.89,147.73,148.655,0
2018-07-13,148.61,148.72,147.59,148.72,0
2018-07-16,148.59,149.3,148.37,148.63,0
2018-07-17,148.58,149.08,147.56,148.05,0
2018-07-18,148,148.22,146.79,147.55,0
2018-07-19,147.47,147.59,146.11,146.36,0
2018-07-20,146.31,146.65,145.93,146.325,0
2018-07-23,146.48,146.48,145.63,145.89,0
2018-07-24,145.83,146.33,145.41,146.175,0
2018-07-25,146.13,146.51,145.67,146.365,0
2018-07-26,146.32,146.52,145.71,145.805,0
2018-07-27,145.78,145.82,145.21,145.595,0
2018-07-30,145.37,145.92,145.27,145.87,0
2018-07-31,145.86,146.99,145.32,146.855,0
2018-08-01,146.82,147.13,146.25,146.65,0
2018-08-02,146.61,146.65,144.94,145.355,0
2018-08-03,145.32,145.52,144.44,144.73,0
2018-08-06,144.71,144.75,144,144.195,0
2018-08-07,144.16,144.42,143.75,144.125,0
2018-08-08,144.07,144.26,142.67,142.965,0
2018-08-09,142.92,143.48,142.31,142.455,0
2018-08-10,142.41,142.55,140.91,141.66,0
2018-08-13,141.6,141.83,140.2,141.38,0
2018-08-14,141.29,142.45,140.96,141.445,0
2018-08-15,141.43,141.77,139.84,140.625,0
2018-08-16,140.56,141.31,140.16,141.055,0
2018-08-17,141.01,141.16,140.18,140.92,0
2018-08-20,140.57,141.22,140.57,140.86,0
2018-08-21,140.83,142.68,140.61,142.31,0
2018-08-22,142.25,142.8,141.95,142.74,0
2018-08-23,142.71,143.01,142.39,142.655,0
2018-08-24,142.61,143.25,142.48,142.98,0
2018-08-27,142.83,143.28,142.49,143.22,0
2018-08-28,143.18,143.66,143,143.19,0
2018-08-29,143.14,145.55,142.76,145.465,0
2018-08-30,145.42,145.68,144.33,144.415,0
2018-08-31,144.35,144.68,143.46,143.975,0
2018-09-03,144.05,144.05,142.8,142.985,0
2018-09-04,142.88,143.38,142.55,143.29,0
2018-09-05,143.22,144.95,142.62,143.95,0
2018-09-06,143.88,144.24,142.9,143.235,0
2018-09-07,143.19,144.4,142.58,143.54,0
2018-09-10,143.52,145.02,143.03,144.755,0
2018-09-11,144.71,145.9,144.36,145.52,0
2018-09-12,145.45,145.62,144.61,145.18,0
2018-09-13,145.13,146.82,144.96,146.7,0
2018-09-14,146.67,146.99,146.22,146.415,0
2018-09-17,146.38,147.45,146.23,147.17,0
2018-09-18,147.13,147.89,146.74,147.735,0
2018-09-19,147.71,148.52,147.13,147.59,0
2018-09-20,147.55,149.28,147.3,149.245,0
2018-09-21,149.22,149.7,146.94,147.22,0
2018-09-24,147.17,148.29,146.57,148.015,0
2018-09-25,147.97,149.01,147.75,148.935,0
2018-09-26,148.98,149.09,148.22,148.42,0
2018-09-27,148.4,148.73,147.54,148.3,0
2018-09-28,148.27,148.63,147.48,148.15,0
2018-10-01,148.11,149.35,148.06,148.585,0
2018-10-02,148.56,148.71,147.14,147.535,0
2018-10-03,147.5,148.58,147.21,148.21,0
2018-10-04,148.19,148.62,147.65,148.335,0
2018-10-05,148.29,149.25,148.02,149.24,0
2018-10-08,149.02,149.5,147.45,148.225,0
2018-10-09,148.2,148.73,147.29,148.47,0
2018-10-10,148.43,149.29,148.01,148.155,0
2018-10-11,148.12,148.78,147.76,148.445,0
2018-10-12,148.4,149,147.11,147.61,0
2018-10-15,147.38,147.72,146.47,147.01,0
2018-10-16,146.96,148.39,146.87,148.025,0
2018-10-17,147.96,148.25,146.99,147.735,0
2018-10-18,147.69,147.89,145.78,146.055,0
2018-10-19,146.01,147.32,145.95,147.12,0
2018-10-22,147.06,147.58,145.99,146.25,0
2018-10-23,146.21,146.39,145.24,145.99,0
2018-10-24,145.97,146.3,144.38,144.6,0
2018-10-25,144.58,145.03,143.98,144.08,0
2018-10-26,144.04,144.21,142.71,143.6,0
2018-10-29,143.52,144.39,143.28,143.76,0
2018-10-30,143.72,144.38,143.18,143.705,0
2018-10-31,143.71,145.12,143.57,144.195,0
2018-11-01,144.16,146.88,143.98,146.66,0
2018-11-02,146.6,147.25,146.25,146.855,0
2018-11-05,147.4,147.8,146.82,147.605,0
2018-11-06,147.59,148.7,147.26,148.59,0
2018-11-07,148.55,149.22,148.28,149.015,0
2018-11-08,148.98,149.47,148.55,148.985,0
2018-11-09,148.97,149.14,147.45,147.71,0
2018-11-12,147.49,147.57,146.03,146.265,0
2018-11-13,146.21,148.7,145.95,147.655,0
2018-11-14,147.61,148.41,146.25,147.67,0
2018-11-15,147.57,147.91,144.22,145.18,0
2018-11-16,145.15,145.44,144.55,144.87,0
2018-11-19,144.71,145.31,144.25,144.645,0
2018-11-20,144.6,144.88,143.94,144.205,0
2018-11-21,144.16,144.87,143.99,144.455,0
2018-11-22,144.42,145.92,144.2,145.46,0
2018-11-23,145.41,145.52,144.32,144.735,0
2018-11-26,145.16,145.795,144.57,145.795,0
2018-11-27,145.74,145.76,144.56,145.065,0
2018-11-28,145,145.83,144.82,145.805,0
2018-11-29,145.78,145.81,144.48,145.195,0
2018-11-30,145.15,145.27,144.56,144.765,0
2018-12-03,144.85,145.58,144.13,144.63,0
2018-12-04,144.6,144.75,142.81,143.46,0
2018-12-05,143.41,144.53,143.22,144.135,0
2018-12-06,144.1,144.29,143.21,144.05,0
2018-12-07,144,144.3,143.18,143.495,0
2018-12-10,143.47,143.71,141.14,142.4,0
2018-12-11,142.32,142.92,141.48,141.585,0
2018-12-12,141.55,143.43,141.46,143.07,0
2018-12-13,143.03,143.93,142.77,143.835,0
2018-12-14,143.8,144,142.33,142.685,0
2018-12-17,142.77,143.22,142.11,142.48,0
2018-12-18,142.4,142.65,141.89,142.285,0
2018-12-19,142.26,142.53,141.52,141.835,0
2018-12-20,141.79,142.09,140.53,140.855,0
2018-12-21,140.82,141.17,140.21,140.495,0
2018-12-24,140.72,140.86,139.95,140.535,0
2018-12-25,140.48,140.9,139.52,139.915,0
2018-12-26,139.89,140.86,139.63,140.7,0
2018-12-27,140.67,140.85,139.64,140.355,0
2018-12-28,140.31,140.52,139.41,140.135,0
2018-12-31,139.81,140.84,139.47,139.815,0
2019-01-01,139.79,140.03,139.51,139.915,0
2019-01-02,139.83,139.89,137.22,137.29,0
2019-01-03,137.21,137.29,131.92,135.995,0
2019-01-04,135.97,138.29,135.77,138.135,0
2019-01-07,138.13,138.95,137.59,138.945,0
2019-01-08,138.91,139.43,137.94,138.315,0
2019-01-09,138.26,139.09,137.71,138.33,0
2019-01-10,138.3,138.51,137.39,138.23,0
2019-01-11,138.29,139.49,137.59,139.49,0
2019-01-14,139.47,140.03,138.55,139.155,0
2019-01-15,139.09,140.42,137.34,139.75,0
2019-01-16,139.73,140.69,138.95,140.55,0
2019-01-17,140.53,142.21,139.47,141.86,0
2019-01-18,141.82,142.07,141.05,141.335,0
2019-01-21,141.35,141.56,140.63,141.39,0
2019-01-22,141.34,141.9,140.57,141.72,0
2019-01-23,141.7,143.56,141.58,143.24,0
2019-01-24,143.19,143.54,142.67,143.26,0
2019-01-25,143.22,144.82,143.04,144.605,0
2019-01-28,144.5,144.74,143.56,143.915,0
2019-01-29,143.91,144.46,142.7,142.94,0
2019-01-30,142.92,143.59,142.69,143.015,0
2019-01-31,143,143.21,142.2,142.745,0
2019-02-01,142.7,143.48,142.03,143.22,0
2019-02-04,143.23,144.18,143.02,143.27,0
2019-02-05,143.21,143.57,141.99,142.34,0
2019-02-06,142.37,142.51,141.72,142.235,0
2019-02-07,142.2,142.6,141.07,142.26,0
2019-02-08,142.21,142.5,141.78,142.085,0
2019-02-11,142.05,142.55,141.8,141.84,0
2019-02-12,141.8,142.62,141.8,142.44,0
2019-02-13,142.41,143.32,142.32,142.6,0
2019-02-14,142.57,143.02,141.25,141.54,0
2019-02-15,141.4,142.45,140.96,142.38,0
2019-02-18,142.41,143.03,142.4,142.965,0
2019-02-19,142.9,144.7,142.44,144.52,0
2019-02-20,144.49,145.03,144.09,144.675,0
2019-02-21,144.64,144.91,144.03,144.49,0
2019-02-22,144.44,144.74,143.74,144.495,0
2019-02-25,144.69,145.66,144.3,145.46,0
2019-02-26,145.34,147.04,145.33,146.54,0
2019-02-27,146.48,148.03,146.11,147.72,0
2019-02-28,147.69,148.24,146.93,147.73,0
2019-03-01,147.68,148.56,147.48,147.77,0
2019-03-04,148.04,148.46,147.06,147.375,0
2019-03-05,147.22,147.76,146.56,147.46,0
2019-03-06,147.44,147.44,146.65,147.195,0
2019-03-07,147.15,147.27,145.74,146.02,0
2019-03-08,145.98,146.17,144.27,144.71,0
2019-03-11,144.64,146.48,143.68,146.275,0
2019-03-12,146.23,147.79,144.54,145.6,0
2019-03-13,145.57,148.74,145.32,148.285,0
2019-03-14,148.26,148.86,147.35,147.935,0
2019-03-15,147.88,148.38,147.38,148.185,0
2019-03-18,148.09,148.38,146.95,147.725,0
2019-03-19,147.68,148.02,147.47,147.795,0
2019-03-20,147.75,148.06,145.82,146.085,0
2019-03-21,146.08,146.39,144.09,145.26,0
2019-03-22,145.21,145.75,144.49,145.225,0
2019-03-25,145.14,145.79,144.58,145.205,0
2019-03-26,145.05,146.44,144.87,146.14,0
2019-03-27,146.11,146.51,145.49,145.77,0
2019-03-28,145.73,145.99,144.2,144.35,0
2019-03-29,144.27,145.46,143.79,144.48,0
2019-04-01,144.28,146.34,144.28,145.885,0
2019-04-02,145.83,146.44,144.88,146.18,0
2019-04-03,146.17,147.18,145.99,146.73,0
2019-04-04,146.68,146.94,145.63,146.035,0
2019-04-05,146,146.55,145.07,145.675,0
2019-04-08,145.6,145.75,145.04,145.65,0
2019-04-09,145.61,146.04,144.75,145.185,0
2019-04-10,145.04,145.65,144.9,145.335,0
2019-04-11,145.3,145.94,145.07,145.79,0
2019-04-12,145.75,146.99,145.66,146.565,0
2019-04-15,146.44,146.99,146.29,146.76,0
2019-04-16,146.73,146.87,145.95,146.155,0
2019-04-17,146.11,146.35,145.85,146.195,0
2019-04-18,146.11,146.26,145.27,145.55,0
2019-04-19,145.5,145.62,145.28,145.47,0
2019-04-22,145.42,145.53,145.18,145.34,0
2019-04-23,145.31,145.61,144.54,144.73,0
2019-04-24,144.68,145.01,144.36,144.745,0
2019-04-25,144.68,144.81,143.69,144,0
2019-04-26,143.96,144.38,143.66,144.175,0
2019-04-29,144.18,144.67,144.01,144.425,0
2019-04-30,144.4,145.33,143.96,145.235,0
2019-05-01,145.18,145.65,145.11,145.355,0
2019-05-02,145.32,145.87,145.04,145.365,0
2019-05-03,145.33,146.49,144.76,146.365,0
2019-05-06,144.95,145.94,144.86,145.08,0
2019-05-07,145.04,145.4,143.82,144.165,0
2019-05-08,144.14,144.2,142.99,143.23,0
2019-05-09,143.19,143.35,142.18,142.83,0
2019-05-10,142.76,143.23,142.47,142.93,0
2019-05-13,142.65,142.87,141.16,141.635,0
2019-05-14,141.6,142.16,141.33,141.46,0
2019-05-15,141.43,141.64,140.16,140.835,0
2019-05-16,140.71,140.88,140.16,140.58,0
2019-05-17,140.54,140.67,139.51,140.04,0
2019-05-20,139.71,140.51,139.65,140.08,0
2019-05-21,140.05,141.7,139.6,140.415,0
2019-05-22,140.35,140.69,139.27,139.73,0
2019-05-23,139.7,139.82,138.49,138.725,0
2019-05-24,138.68,139.49,138.47,138.965,0
2019-05-27,139.07,139.63,138.63,138.85,0
2019-05-28,138.81,139,138.24,138.395,0
2019-05-29,138.36,138.57,137.82,138.38,0
2019-05-30,138.37,138.72,138.02,138.2,0
2019-05-31,138.16,138.23,136.59,136.81,0
2019-06-03,136.99,137.11,136.51,136.875,0
2019-06-04,136.85,137.45,136.51,137.32,0
2019-06-05,137.28,137.76,137.15,137.6,0
2019-06-06,137.54,137.8,136.95,137.695,0
2019-06-07,137.65,138.15,137.44,137.8,0
2019-06-10,138.25,138.37,137.43,137.565,0
2019-06-11,137.51,138.31,137.46,138.08,0
2019-06-12,138.03,138.24,137.52,137.665,0
2019-06-13,137.63,137.77,137.06,137.375,0
2019-06-14,137.35,137.51,136.47,136.705,0
2019-06-17,136.75,136.92,135.96,136.065,0
2019-06-18,136.03,136.23,135.34,136.195,0
2019-06-19,136.16,137,135.74,136.655,0
2019-06-20,136.61,137.17,136.17,136.285,0
2019-06-21,136.25,136.83,135.9,136.74,0
2019-06-24,136.75,137.11,136.45,136.72,0
2019-06-25,136.61,136.83,135.76,136.03,0
2019-06-26,136.07,136.89,135.84,136.775,0
2019-06-27,136.74,137.32,136.39,136.65,0
2019-06-28,136.62,137.18,136.23,136.97,0
2019-07-01,136.96,137.77,136.68,137.075,0
2019-07-02,137.06,137.2,135.82,135.87,0
2019-07-03,135.83,135.95,135.13,135.58,0
2019-07-04,135.55,135.71,135.4,135.615,0
2019-07-05,135.59,136.04,135.44,135.835,0
2019-07-08,135.74,136.12,135.49,136.045,0
2019-07-09,136,136.27,135.35,135.71,0
2019-07-10,135.67,136.05,135.42,135.585,0
2019-07-11,135.55,136.04,135.03,135.845,0
2019-07-12,135.81,136,135.46,135.69,0
2019-07-15,135.6,135.83,134.9,135.07,0
2019-07-16,135.05,135.25,133.92,134.295,0
2019-07-17,134.23,134.61,133.92,134.205,0
2019-07-18,134.17,134.82,133.81,134.66,0
2019-07-19,134.57,135,134.48,134.66,0
2019-07-22,134.68,135.08,134.37,134.59,0
2019-07-23,134.51,134.96,134.27,134.62,0
2019-07-24,134.58,135.26,134.2,135.06,0
2019-07-25,135.01,135.64,134.68,135.365,0
2019-07-26,135.32,135.38,134.45,134.565,0
2019-07-29,134.58,134.63,132.81,132.92,0
2019-07-30,132.88,133.06,131.58,131.97,0
2019-07-31,131.96,132.98,131.8,132.24,0
2019-08-01,132.14,132.55,130.12,130.24,0
2019-08-02,130.2,130.4,129.03,129.575,0
2019-08-05,129.53,129.72,128.13,128.65,0
2019-08-06,128.62,130.05,128.07,129.57,0
2019-08-07,129.49,129.62,128.18,129.04,0
2019-08-08,129,129.33,128.23,128.695,0
2019-08-09,128.59,128.71,126.91,127.14,0
2019-08-12,127.04,127.53,126.51,127.155,0
2019-08-13,127.12,129.2,126.76,128.73,0
2019-08-14,128.7,128.76,127.45,127.73,0
2019-08-15,127.7,128.96,127.42,128.255,0
2019-08-16,128.22,129.55,128.12,129.255,0
2019-08-19,129.2,129.53,128.93,129.32,0
2019-08-20,129.28,129.63,128.23,129.285,0
2019-08-21,129.25,129.67,128.84,129.315,0
2019-08-22,129.29,130.68,128.72,130.4,0
2019-08-23,130.36,130.55,128.97,129.425,0
2019-08-26,129.16,130.13,128.16,129.68,0
2019-08-27,129.63,130.36,128.97,129.94,0
2019-08-28,129.91,130.06,128.45,129.59,0
2019-08-29,129.55,130.03,128.93,129.84,0
2019-08-30,129.71,129.85,129.04,129.25,0
2019-09-02,129.12,129.3,127.83,128.18,0
2019-09-03,128.15,128.24,126.64,128.035,0
2019-09-04,127.99,130.42,127.89,130.365,0
2019-09-05,130.32,132.18,129.88,131.905,0
2019-09-06,131.85,132.12,131.21,131.31,0
2019-09-09,131.51,132.53,130.77,132.42,0
2019-09-10,132.38,132.9,131.98,132.8,0
2019-09-11,132.76,133.35,132.64,132.93,0
2019-09-12,132.9,133.63,132.13,133.34,0
2019-09-13,133.32,135.19,133.23,135.125,0
2019-09-16,134.61,134.86,133.84,134.41,0
2019-09-17,134.45,135.41,133.94,135.18,0
2019-09-18,135.15,135.65,134.54,135.265,0
2019-09-19,135.24,135.49,134.23,135.28,0
2019-09-20,135.3,135.7,134,134.23,0
2019-09-23,134.09,134.53,133.3,133.69,0
2019-09-24,133.66,134.57,133.5,133.72,0
2019-09-25,133.68,133.99,132.79,133.11,0
2019-09-26,133.07,133.28,132.34,132.885,0
2019-09-27,132.83,133.26,132.28,132.64,0
2019-09-30,132.61,133.33,132.44,132.86,0
2019-10-01,132.81,133.36,131.75,132.615,0
2019-10-02,132.53,132.64,131.54,131.85,0
2019-10-03,131.86,132.58,131.43,131.825,0
2019-10-04,131.82,132.02,131.24,131.9,0
2019-10-07,131.82,132.22,131.2,131.89,0
2019-10-08,131.83,132.1,130.39,130.85,0
2019-10-09,130.81,131.79,130.62,131.18,0
2019-10-10,131.14,134.54,130.69,134.345,0
2019-10-11,134.29,137.85,133.92,137.125,0
2019-10-14,136.83,137.16,135.45,136.665,0
2019-10-15,136.63,139.29,136.41,139.2,0
2019-10-16,139.15,140.07,137.46,139.575,0
2019-10-17,139.53,141.48,138.58,140.07,0
2019-10-18,140.03,140.76,139.29,140.66,0
2019-10-21,140.15,141.33,139.44,140.75,0
2019-10-22,140.7,141.11,139.48,139.655,0
2019-10-23,139.6,140.41,139.04,140.41,0
2019-10-24,140.31,140.72,138.84,139.59,0
2019-10-25,139.54,139.76,138.98,139.335,0
2019-10-28,139.33,140.24,139.27,140.165,0
2019-10-29,140.12,140.52,139.42,140.1,0
2019-10-30,140.08,140.48,139.91,140.44,0
2019-10-31,140.41,140.67,139.56,139.82,0
2019-11-01,139.76,140.13,139.59,139.945,0
2019-11-04,140.07,140.23,139.8,139.89,0
2019-11-05,139.85,140.74,139.8,140.65,0
2019-11-06,140.61,140.67,139.84,140.1,0
2019-11-07,140.01,140.52,139.45,140.045,0
2019-11-08,140.01,140.2,139.38,139.575,0
2019-11-11,139.53,140.48,139.32,140.19,0
2019-11-12,140.13,140.57,139.89,140.03,0
2019-11-13,140.02,140.24,139.4,139.85,0
2019-11-14,139.81,139.87,139.36,139.665,0
2019-11-15,139.62,140.46,139.55,140.305,0
2019-11-18,140.33,141.55,140.29,140.78,0
2019-11-19,140.74,140.93,140.07,140.305,0
2019-11-20,140.24,140.48,139.62,140.375,0
2019-11-21,140.33,140.9,139.94,140.31,0
2019-11-22,140.26,140.48,139.28,139.425,0
2019-11-25,139.55,140.61,139.53,140.495,0
2019-11-26,140.45,140.88,139.94,140.3,0
2019-11-27,140.27,141.565,140.01,141.565,0
2019-11-28,141.52,141.84,141.21,141.415,0
2019-11-29,141.34,141.72,141.07,141.645,0
2019-12-02,141.49,141.8,140.87,141.015,0
2019-12-03,140.98,141.7,140.82,141.16,0
2019-12-04,141.13,142.77,140.79,142.66,0
2019-12-05,142.63,143.24,142.57,143.095,0
2019-12-06,143.06,143.15,142.33,142.675,0
2019-12-09,142.63,143.1,142.43,142.705,0
2019-12-10,142.73,143.66,142.58,143.015,0
2019-12-11,143,143.37,142.5,143.24,0
2019-12-12,143.27,144.14,142.44,143.9,0
2019-12-13,143.89,147.94,143.78,145.755,0
2019-12-16,145.75,146.8,145.67,145.98,0
2019-12-17,145.93,146.1,143.45,143.745,0
2019-12-18,143.7,143.86,143.03,143.25,0
2019-12-19,143.23,143.86,141.93,142.285,0
2019-12-20,142.27,143.05,142.05,142.32,0
2019-12-23,142.12,142.54,141.13,141.505,0
2019-12-24,141.47,141.88,141.18,141.615,0
2019-12-25,141.59,142.49,141.24,141.735,0
2019-12-26,141.72,142.7,141.56,142.455,0
2019-12-27,142.42,143.57,141.89,143.1,0
2019-12-30,143.01,143.4,142.53,142.785,0
2019-12-31,142.77,144.33,142.35,144.135,0
2020-01-01,144.01,144.22,143.76,144.09,0
2020-01-02,144.07,144.17,142.23,142.715,0
2020-01-03,142.7,142.77,140.95,141.47,0
2020-01-06,141.27,142.78,140.8,142.715,0
2020-01-07,142.68,143.27,141.97,142.295,0
2020-01-08,142.26,143.1,141.08,142.97,0
2020-01-09,142.91,143.45,142.37,143.105,0
2020-01-10,143.07,143.48,142.84,142.985,0
2020-01-13,142.85,143.02,142.31,142.785,0
2020-01-14,142.78,143.43,142.4,143.19,0
2020-01-15,143.18,143.37,142.63,143.285,0
2020-01-16,143.25,144.13,143.19,144.07,0
2020-01-17,144.05,144.51,143.22,143.31,0
2020-01-20,143.19,143.36,142.77,143.355,0
2020-01-21,143.36,143.95,142.82,143.395,0
2020-01-22,143.33,144.6,143.23,144.355,0
2020-01-23,144.29,144.4,143.17,143.685,0
2020-01-24,143.64,144.37,142.67,142.905,0
2020-01-27,142.85,143.02,142.03,142.165,0
2020-01-28,142.17,142.45,141.43,142.19,0
2020-01-29,142.16,142.34,141.66,141.935,0
2020-01-30,141.92,142.7,141.22,142.695,0
2020-01-31,142.66,143.28,142.42,143.09,0
2020-02-03,143.21,143.21,141.03,141.235,0
2020-02-04,141.18,142.83,140.9,142.72,0
2020-02-05,142.67,143.37,142.19,142.78,0
2020-02-06,142.75,142.81,142.05,142.225,0
2020-02-07,142.2,142.35,141.34,141.475,0
2020-02-10,141.53,142.07,141.2,141.765,0
2020-02-11,141.73,142.45,141.65,142.205,0
2020-02-12,142.16,142.88,142.1,142.68,0
2020-02-13,142.68,143.47,142.11,143.27,0
2020-02-14,143.23,143.39,142.72,143.21,0
2020-02-17,143.07,143.36,142.8,142.945,0
2020-02-18,142.88,143.22,142.28,142.835,0
2020-02-19,142.8,144.15,142.75,143.895,0
2020-02-20,143.87,144.58,143.56,144.43,0
2020-02-21,144.37,144.94,143.67,144.74,0
2020-02-24,144.57,144.8,142.59,143.18,0
2020-02-25,143.12,143.64,142.9,143.33,0
2020-02-26,143.28,143.71,142.21,142.5,0
2020-02-27,142.46,142.54,141.15,141.215,0
2020-02-28,141.17,141.41,137.5,138.58,0
2020-03-02,138.32,139.16,136.84,138.13,0
2020-03-03,138.08,138.56,136.9,137.26,0
2020-03-04,137.22,138.43,137,138.415,0
2020-03-05,138.38,138.66,137.27,137.655,0
2020-03-06,137.5,137.73,136.4,137.43,0
2020-03-09,136.83,136.86,132.54,134.42,0
2020-03-10,134.35,137.21,133.67,136.37,0
2020-03-11,136.28,136.54,133.75,134.06,0
2020-03-12,133.97,134.29,131.27,131.57,0
2020-03-13,131.54,134.3,131.18,132.52,0
2020-03-16,132.55,133.04,128.87,129.875,0
2020-03-17,129.84,131.21,128.51,129.78,0
2020-03-18,129.73,130.31,124.08,125.515,0
2020-03-19,125.49,129.55,124.23,127.175,0
2020-03-20,127.11,132.03,126.33,129.015,0
2020-03-23,129.1,130.14,127.3,128.45,0
2020-03-24,128.41,131.41,127.91,130.785,0
2020-03-25,130.76,133.41,129.82,132.125,0
2020-03-26,132.15,133.82,130.48,133.75,0
2020-03-27,133.69,134.74,132.09,134.425,0
2020-03-30,134.28,134.41,132.71,133.9,0
2020-03-31,133.81,134.61,133.1,133.565,0
2020-04-01,133.53,133.79,132.44,132.655,0
2020-04-02,132.61,133.94,132.47,133.75,0
2020-04-03,133.73,134.08,132.51,133,0
2020-04-06,133,134.5,132.37,133.585,0
2020-04-07,133.55,134.96,132.87,134.085,0
2020-04-08,134.13,135,133.66,134.8,0
2020-04-09,134.73,135.74,134.6,135.13,0
2020-04-10,135.1,135.39,134.96,135.065,0
2020-04-13,135.14,135.26,134.47,134.845,0
2020-04-14,134.78,135.47,134.53,135.355,0
2020-04-15,135.32,135.34,133.59,134.53,0
2020-04-16,134.49,134.86,133.68,134.48,0
2020-04-17,134.44,134.95,133.84,134.42,0
2020-04-20,134.24,134.71,133.75,133.85,0
2020-04-21,133.81,134.05,131.87,132.505,0
2020-04-22,132.52,133.29,132.02,132.895,0
2020-04-23,132.83,133.65,132.35,132.945,0
2020-04-24,132.78,133.13,132.35,132.99,0
2020-04-27,133.01,133.56,132.79,133.285,0
2020-04-28,133.27,133.57,132.69,132.79,0
2020-04-29,132.73,133.06,131.89,133.06,0
2020-04-30,132.99,135.44,132.61,134.99,0
2020-05-01,135,135.1,133.33,133.7,0
2020-05-04,133.64,133.64,132.47,132.83,0
2020-05-05,132.78,133.16,132.41,132.56,0
2020-05-06,132.53,132.68,130.8,131.03,0
2020-05-07,130.93,131.99,130.62,131.4,0
2020-05-08,131.36,132.68,131.17,132.36,0
2020-05-11,132.29,133.17,131.84,132.835,0
2020-05-12,132.78,132.91,131.27,131.37,0
2020-05-13,131.28,131.92,130.61,130.9,0
2020-05-14,130.87,131.3,130.1,131.15,0
2020-05-15,131.11,131.4,129.48,129.58,0
2020-05-18,129.32,131.28,129.25,130.87,0
2020-05-19,130.85,132.49,130.73,131.97,0
2020-05-20,131.79,132.41,131.4,131.615,0
2020-05-21,131.54,131.94,131.18,131.555,0
2020-05-22,131.5,131.78,130.62,131.02,0
2020-05-25,131.01,131.39,130.86,131.29,0
2020-05-26,131.18,133.03,131.12,132.635,0
2020-05-27,132.58,132.98,131.58,131.975,0
2020-05-28,132.04,132.87,131.79,132.64,0
2020-05-29,132.58,133.43,131.74,133.11,0
2020-06-01,132.97,134.53,132.64,134.425,0
2020-06-02,134.39,136.5,134.18,136.395,0
2020-06-03,136.35,137.37,136.21,136.945,0
2020-06-04,136.9,137.78,135.91,137.46,0
2020-06-05,137.56,139.72,137.23,138.795,0
2020-06-08,138.94,139.57,137.39,137.955,0
2020-06-09,137.91,138.24,136.19,137.125,0
2020-06-10,137.12,137.4,136.43,136.53,0
2020-06-11,136.44,136.61,134.42,134.67,0
2020-06-12,134.6,136.02,133.77,134.635,0
2020-06-15,134.5,135.31,133.44,135.265,0
2020-06-16,135.26,136.35,134.69,134.995,0
2020-06-17,134.91,135.2,134.03,134.36,0
2020-06-18,134.32,134.52,132.35,132.92,0
2020-06-19,132.89,133.22,131.87,132.09,0
2020-06-22,132.12,133.41,131.73,133.21,0
2020-06-23,133.21,133.97,132.55,133.375,0
2020-06-24,133.32,133.61,132.64,132.945,0
2020-06-25,132.91,133.6,132.76,133.12,0
2020-06-26,133.1,133.25,132,132.26,0
2020-06-29,132.19,132.68,131.91,132.295,0
2020-06-30,132.24,133.87,131.98,133.85,0
2020-07-01,133.81,134.22,132.89,134.065,0
2020-07-02,134.03,134.69,133.74,134.025,0
2020-07-03,134,134.26,133.65,134.225,0
2020-07-06,134.25,134.67,133.88,134.12,0
2020-07-07,134.06,135.39,133.97,134.855,0
2020-07-08,134.82,135.41,134.54,135.275,0
2020-07-09,135.23,135.9,135,135.14,0
2020-07-10,135.1,135.19,134.24,134.94,0
2020-07-13,134.88,135.47,134.55,134.72,0
2020-07-14,134.67,134.78,133.94,134.605,0
2020-07-15,134.57,135.08,134.42,134.53,0
2020-07-16,134.49,135.16,134.01,134.63,0
2020-07-17,134.59,134.9,134.08,134.475,0
2020-07-20,134.49,135.9,134.3,135.81,0
2020-07-21,135.77,136.43,135.65,135.965,0
2020-07-22,135.95,136.61,135.23,136.445,0
2020-07-23,136.41,136.61,135.8,136.165,0
2020-07-24,136.12,136.16,134.94,135.78,0
2020-07-27,135.66,135.9,135.11,135.75,0
2020-07-28,135.73,136.11,135.29,135.91,0
2020-07-29,135.87,136.46,135.63,136.355,0
2020-07-30,136.33,137.39,136.02,137.15,0
2020-07-31,137.07,139.2,136.75,138.525,0
2020-08-03,138.48,139.01,137.69,138.53,0
2020-08-04,138.48,138.87,137.75,138.18,0
2020-08-05,138.15,139,137.99,138.47,0
2020-08-06,138.43,139.22,138.38,138.785,0
2020-08-07,138.79,138.79,137.81,138.26,0
2020-08-10,138.12,138.64,138.06,138.505,0
2020-08-11,138.48,139.5,138.34,138.96,0
2020-08-12,138.97,139.63,138.83,139.345,0
2020-08-13,139.3,140.2,139.18,139.695,0
2020-08-14,139.63,140,139.29,139.5,0
2020-08-17,139.49,139.73,138.68,138.905,0
2020-08-18,138.83,139.64,138.57,139.555,0
2020-08-19,139.54,139.95,138.75,139.01,0
2020-08-20,138.96,139.86,138.5,139.81,0
2020-08-21,139.74,139.94,138.2,138.48,0
2020-08-24,138.44,139,138.24,138.46,0
2020-08-25,138.43,140.01,138.3,139.93,0
2020-08-26,139.89,140.3,139.59,140.01,0
2020-08-27,139.95,140.85,139.65,140.685,0
2020-08-28,140.64,141.6,139.97,140.67,0
2020-08-31,140.62,142.02,140.47,141.61,0
2020-09-01,141.5,142.71,141.28,141.805,0
2020-09-02,141.77,141.96,140.97,141.76,0
2020-09-03,141.77,141.86,140.43,141.035,0
2020-09-04,140.98,141.42,140.07,141.12,0
2020-09-07,140.99,141.13,139.55,139.93,0
2020-09-08,139.91,139.98,137.58,137.645,0
2020-09-09,137.64,138.34,136.69,138.06,0
2020-09-10,138.02,138.33,135.53,135.905,0
2020-09-11,135.83,136.58,135.53,135.855,0
2020-09-14,135.8,136.57,135.52,135.835,0
2020-09-15,135.79,136.43,135.38,135.86,0
2020-09-16,135.86,136.46,135.52,136.085,0
2020-09-17,136.05,136.22,134.53,135.885,0
2020-09-18,135.86,136.15,134.91,135.075,0
2020-09-21,135.11,135.32,133.5,134.12,0
2020-09-22,134.07,134.37,133.01,133.6,0
2020-09-23,133.59,134.6,133.08,134.09,0
2020-09-24,134.04,134.65,133.57,134.41,0
2020-09-25,134.41,134.82,133.79,134.635,0
2020-09-28,134.59,136.16,134.31,135.42,0
2020-09-29,135.32,136.22,135.31,135.9,0
2020-09-30,135.87,136.54,135.14,136.215,0
2020-10-01,136.22,137,135.3,136.02,0
2020-10-02,136,136.39,135,136.265,0
2020-10-05,136.18,137.33,135.98,137.235,0
2020-10-06,137.18,137.43,135.91,136.05,0
2020-10-07,136.01,136.98,135.8,136.92,0
2020-10-08,136.87,137.4,136.64,137.15,0
2020-10-09,137.12,137.82,136.72,137.79,0
2020-10-12,137.88,138.04,137.18,137.575,0
2020-10-13,137.56,137.76,136.34,136.435,0
2020-10-14,136.43,137.31,135.62,136.85,0
2020-10-15,136.78,137.16,135.72,136.205,0
2020-10-16,136.17,136.4,135.36,136.155,0
2020-10-19,136.17,137.23,135.81,136.53,0
2020-10-20,136.49,137.02,136.28,136.58,0
2020-10-21,136.52,137.65,136.39,137.54,0
2020-10-22,137.49,137.59,136.93,137.165,0
2020-10-23,137.12,137.32,136.32,136.56,0
2020-10-26,136.63,137.05,136.25,136.535,0
2020-10-27,136.51,136.58,136.1,136.22,0
2020-10-28,136.17,136.28,134.83,135.47,0
2020-10-29,135.43,135.94,134.59,135.255,0
2020-10-30,135.23,135.78,134.36,135.455,0
2020-11-02,135.45,135.53,134.83,135.28,0
2020-11-03,135.22,136.68,135.11,136.45,0
2020-11-04,136.4,137.38,135.33,135.745,0
2020-11-05,135.7,136.27,135.02,136.065,0
2020-11-06,136.01,136.23,135.42,135.99,0
2020-11-09,135.99,138.89,135.66,138.7,0
2020-11-10,138.67,139.77,138.11,139.765,0
2020-11-11,139.69,140.26,139.16,139.41,0
2020-11-12,139.36,139.43,137.71,137.895,0
2020-11-13,137.85,138.51,137.5,137.99,0
2020-11-16,137.83,138.87,137.62,137.995,0
2020-11-17,137.94,138.34,137.76,138.005,0
2020-11-18,137.98,138.19,137.65,137.815,0
2020-11-19,137.73,137.98,137.13,137.575,0
2020-11-20,137.52,138.05,137.37,137.96,0
2020-11-23,137.87,139.33,137.78,139.31,0
2020-11-24,139.27,139.87,139.08,139.56,0
2020-11-25,139.52,139.85,138.95,139.815,0
2020-11-26,139.76,139.82,138.88,139.29,0
2020-11-27,139.19,139.29,138.24,138.64,0
2020-11-30,138.5,139.48,138.37,138.94,0
2020-12-01,138.94,140.3,138.88,139.97,0
2020-12-02,139.93,140.42,138.85,139.555,0
2020-12-03,139.51,140.28,139.38,139.625,0
2020-12-04,139.59,140.7,139.4,139.98,0
2020-12-07,140.01,140.01,137.85,139.21,0
2020-12-08,139.18,139.35,138.37,139.11,0
2020-12-09,139.07,140.31,139.01,139.64,0
2020-12-10,139.61,139.78,138.35,138.545,0
2020-12-11,138.51,138.73,136.75,137.57,0
2020-12-14,138.1,139.42,138.03,138.63,0
2020-12-15,138.58,139.59,138.24,139.575,0
2020-12-16,139.52,140.07,139.09,139.82,0
2020-12-17,139.77,140.43,139.53,140.07,0
2020-12-18,140.04,140.31,139.27,139.72,0
2020-12-21,139.18,139.48,136.93,139.14,0
2020-12-22,139.07,139.14,137.96,138.49,0
2020-12-23,138.45,140.34,138.33,139.75,0
2020-12-24,139.73,141.22,139.6,140.45,0
2020-12-25,140.42,140.82,140.08,140.235,0
2020-12-28,140.15,140.56,139.44,139.615,0
2020-12-29,139.56,140.12,139.46,139.845,0
2020-12-30,139.81,140.65,139.66,140.585,0
2020-12-31,140.54,141.24,140.33,141.205,0
2021-01-01,141.14,141.19,141.08,141.11,0
2021-01-04,141,141.31,139.65,139.95,0
2021-01-05,139.92,140.14,139.47,139.945,0
2021-01-06,139.92,140.56,139.74,140.25,0
2021-01-07,140.2,140.99,140.06,140.83,0
2021-01-08,140.74,141.37,140.7,141,0
2021-01-11,140.89,141.01,140.29,140.94,0
2021-01-12,140.88,142.01,140.71,141.805,0
2021-01-13,141.77,142.25,141.48,141.66,0
2021-01-14,141.66,142.23,141.57,142.1,0
2021-01-15,142.05,142.16,140.92,141.16,0
2021-01-18,140.95,141.22,140.32,140.885,0
2021-01-19,140.85,141.72,140.7,141.605,0
2021-01-20,141.58,142.33,141.05,141.385,0
2021-01-21,141.34,142.22,141.29,142.145,0
2021-01-22,142.09,142.2,141.47,142.04,0
2021-01-25,141.96,142.32,141.61,141.885,0
2021-01-26,141.81,142.44,141.23,142.36,0
2021-01-27,142.32,142.86,142.15,142.48,0
2021-01-28,142.46,143.26,142.14,143.01,0
2021-01-29,142.97,143.95,142.89,143.44,0
2021-02-01,143.51,144.09,143.28,143.36,0
2021-02-02,143.33,143.78,143.08,143.48,0
2021-02-03,143.41,143.68,143.07,143.32,0
2021-02-04,143.28,144.35,142.79,144.305,0
2021-02-05,144.27,144.89,144.11,144.73,0
2021-02-08,144.65,144.93,144.35,144.58,0
2021-02-09,144.56,144.67,143.99,144.495,0
2021-02-10,144.47,145.07,144.33,144.675,0
2021-02-11,144.62,144.9,144.53,144.705,0
2021-02-12,144.7,145.47,144.45,145.275,0
2021-02-15,145.29,146.63,145.27,146.525,0
2021-02-16,146.5,147.425,146.36,147.425,0
2021-02-17,147.38,147.55,146.38,146.635,0
2021-02-18,146.61,147.77,146.5,147.685,0
2021-02-19,147.65,148.15,147.24,147.79,0
2021-02-22,147.7,148.28,147.5,147.78,0
2021-02-23,147.72,148.6,147.63,148.52,0
2021-02-24,148.49,150.07,148.33,149.73,0
2021-02-25,149.69,150.44,148.45,148.875,0
2021-02-26,148.83,149.17,147.37,148.53,0
2021-03-01,148.51,149.29,148.29,148.645,0
2021-03-02,148.62,149.17,148.05,148.88,0
2021-03-03,148.82,149.69,148.76,149.325,0
2021-03-04,149.26,150.71,149.01,150.045,0
2021-03-05,150.01,150.37,149.32,149.995,0
2021-03-08,149.86,150.69,149.6,150.545,0
2021-03-09,150.49,151.29,150.38,150.72,0
2021-03-10,150.67,151.18,150.54,150.975,0
2021-03-11,150.96,151.83,150.84,151.82,0
2021-03-12,151.76,152.24,151.18,151.8,0
2021-03-15,151.74,152.1,151.15,151.63,0
2021-03-16,151.6,151.78,150.76,151.415,0
2021-03-17,151.39,152.06,151.3,151.995,0
2021-03-18,151.99,152.55,151.41,151.61,0
2021-03-19,151.55,151.8,150.53,151.045,0
2021-03-22,151.03,151.03,150.14,150.9,0
2021-03-23,150.88,150.9,149.05,149.33,0
2021-03-24,149.31,149.45,148.49,148.83,0
2021-03-25,148.76,150.05,148.72,149.955,0
2021-03-26,149.91,151.54,149.83,151.18,0
2021-03-29,151.18,151.8,150.54,151.105,0
2021-03-30,151.05,151.93,151,151.655,0
2021-03-31,151.59,152.78,151.49,152.59,0
2021-04-01,152.53,153.06,152.25,153.015,0
2021-04-02,152.97,153.19,152.66,153.125,0
2021-04-05,153.04,153.36,152.84,153.14,0
2021-04-06,153.14,153.41,151.62,151.735,0
2021-04-07,151.69,152.05,150.62,150.895,0
2021-04-08,150.85,151.08,149.84,150.055,0
2021-04-09,150.01,150.92,149.55,150.34,0
2021-04-12,150.43,150.59,149.72,150.315,0
2021-04-13,150.27,150.82,149.62,149.945,0
2021-04-14,149.92,150.44,149.54,150.13,0
2021-04-15,150.06,150.2,149.65,149.975,0
2021-04-16,149.89,150.6,149.34,150.465,0
2021-04-19,150.37,151.32,149.85,151.285,0
2021-04-20,151.23,152.02,150.51,150.655,0
2021-04-21,150.62,150.96,150,150.54,0
2021-04-22,150.53,150.64,149.36,149.4,0
2021-04-23,149.36,149.93,149.02,149.755,0
2021-04-26,149.68,150.37,149.5,150.23,0
2021-04-27,150.21,151.27,150.11,151.24,0
2021-04-28,151.27,151.56,150.96,151.33,0
2021-04-29,151.34,152.39,151.23,151.865,0
2021-04-30,151.82,152.1,150.82,150.99,0
2021-05-03,151.05,151.92,150.78,151.735,0
2021-05-04,151.69,152.05,150.96,151.84,0
2021-05-05,151.8,152.23,151.69,151.835,0
2021-05-06,151.81,152.11,151.19,151.495,0
2021-05-07,151.47,152.11,151.22,151.78,0
2021-05-10,151.75,154.01,151.75,153.665,0
2021-05-11,153.55,153.96,153.1,153.615,0
2021-05-12,153.59,154.42,153.4,154.125,0
2021-05-13,154.07,154.32,153.44,153.82,0
2021-05-14,153.78,154.28,153.57,154.17,0
2021-05-17,153.98,154.46,153.69,154.375,0
2021-05-18,154.27,154.82,154.25,154.5,0
2021-05-19,154.46,154.78,153.49,154.17,0
2021-05-20,154.07,154.41,153.55,154.35,0
2021-05-21,154.32,154.66,153.97,154.16,0
2021-05-24,154.2,154.23,153.7,153.935,0
2021-05-25,153.9,154.44,153.73,153.955,0
2021-05-26,153.92,154.34,153.7,154.125,0
2021-05-27,154.07,156.06,153.77,155.99,0
2021-05-28,155.96,156.05,155.54,155.935,0
2021-05-31,155.7,155.92,155.26,155.7,0
2021-06-01,155.67,155.92,154.82,154.89,0
2021-06-02,154.84,155.5,154.77,155.24,0
2021-06-03,155.21,155.81,155.15,155.585,0
2021-06-04,155.53,155.8,154.94,155.015,0
2021-06-07,154.92,155.27,154.5,154.925,0
2021-06-08,154.88,155.07,154.51,155.025,0
2021-06-09,154.99,155.3,154.44,154.79,0
2021-06-10,154.76,155.2,154.06,154.985,0
2021-06-11,154.94,155.2,154.59,154.71,0
2021-06-14,154.76,155.34,154.27,155.32,0
2021-06-15,155.32,155.48,154.49,155.055,0
2021-06-16,155.01,155.37,154.63,154.85,0
2021-06-17,154.81,155,153.09,153.43,0
2021-06-18,153.36,153.76,151.95,152.19,0
2021-06-21,152.24,153.72,151.28,153.71,0
2021-06-22,153.61,154.46,153.06,154.355,0
2021-06-23,154.3,155.14,154.19,154.935,0
2021-06-24,154.88,155.14,153.78,154.375,0
2021-06-25,154.33,154.52,153.55,153.76,0
2021-06-28,153.61,154.22,153.35,153.615,0
2021-06-29,153.57,153.62,152.57,152.92,0
2021-06-30,152.89,153.74,152.62,153.655,0
2021-07-01,153.6,153.95,153.3,153.545,0
2021-07-02,153.5,153.72,153.04,153.505,0
2021-07-05,153.44,153.74,153.36,153.665,0
2021-07-06,153.59,154.05,152.32,152.7,0
2021-07-07,152.63,153.18,152.26,152.725,0
2021-07-08,152.7,152.8,150.62,151.385,0
2021-07-09,151.37,153.14,151.14,153.125,0
2021-07-12,153.08,153.33,152.37,153.21,0
2021-07-13,153.2,153.48,152.33,152.83,0
2021-07-14,152.77,153.28,152.3,152.41,0
2021-07-15,152.35,152.78,151.57,151.955,0
2021-07-16,151.91,152.6,151.39,151.51,0
2021-07-19,151.37,151.64,149.29,149.675,0
2021-07-20,149.67,149.96,148.41,149.71,0
2021-07-21,149.65,151.34,149.25,151.235,0
2021-07-22,151.24,151.89,150.7,151.66,0
2021-07-23,151.59,152.15,151.43,151.945,0
2021-07-26,152.04,152.6,151.37,152.49,0
2021-07-27,152.42,152.59,151.52,152.345,0
2021-07-28,152.25,152.97,152.14,152.78,0
2021-07-29,152.73,153.42,152.47,152.86,0
2021-07-30,152.83,153.2,152.4,152.535,0
2021-08-02,152.47,152.84,151.49,151.745,0
2021-08-03,151.69,152.19,151.12,151.76,0
2021-08-04,151.73,152.51,151.48,152.085,0
2021-08-05,152,153.01,151.97,152.89,0
2021-08-06,152.85,153.24,152.52,152.97,0
2021-08-09,153,153.15,152.54,152.715,0
2021-08-10,152.67,153.31,152.58,153.09,0
2021-08-11,153.05,153.31,152.82,153.19,0
2021-08-12,153.15,153.2,152.29,152.435,0
2021-08-13,152.38,152.59,151.88,151.94,0
2021-08-16,151.61,152.19,150.88,151.325,0
2021-08-17,151.26,151.34,150.32,150.57,0
2021-08-18,150.53,151.41,150.36,151.005,0
2021-08-19,150.95,151.2,149.59,149.68,0
2021-08-20,149.66,149.88,149.14,149.595,0
2021-08-23,149.65,150.75,149.34,150.49,0
2021-08-24,150.42,151,150.01,150.52,0
2021-08-25,150.48,151.45,150.41,151.365,0
2021-08-26,151.36,151.58,150.57,150.825,0
2021-08-27,150.75,151.51,150.42,151.12,0
2021-08-30,151.11,151.27,150.91,151.26,0
2021-08-31,151.24,151.58,151.01,151.365,0
2021-09-01,151.31,151.93,151.21,151.475,0
2021-09-02,151.5,152.19,151.31,152.075,0
2021-09-03,152.02,152.29,151.74,152.18,0
2021-09-06,152.14,152.24,151.76,151.98,0
2021-09-07,151.94,152.2,151.46,152.06,0
2021-09-08,151.97,152.08,151.43,151.82,0
2021-09-09,151.75,152.15,151.38,151.815,0
2021-09-10,151.78,152.63,151.73,152.16,0
2021-09-13,152.05,152.31,151.86,152.21,0
2021-09-14,152.12,152.84,151.27,151.485,0
2021-09-15,151.41,151.56,150.78,151.345,0
2021-09-16,151.32,151.57,150.83,151.29,0
2021-09-17,151.28,151.92,150.91,151.15,0
2021-09-20,151.08,151.19,149.14,149.425,0
2021-09-21,149.39,150.13,148.91,149.21,0
2021-09-22,149.14,150.02,148.98,149.62,0
2021-09-23,149.56,151.47,149.41,151.33,0
2021-09-24,151.3,151.72,150.95,151.41,0
2021-09-27,151.44,152.2,151.1,152.055,0
2021-09-28,151.99,152.56,150.5,150.945,0
2021-09-29,150.88,151.19,149.86,150.33,0
2021-09-30,150.27,150.93,149.76,149.945,0
2021-10-01,149.9,150.72,149.19,150.47,0
2021-10-04,150.38,151.51,150.1,150.985,0
2021-10-05,150.94,152.04,150.69,151.94,0
2021-10-06,151.92,152.14,150.77,151.33,0
2021-10-07,151.28,152.08,150.99,151.995,0
2021-10-08,151.98,152.92,151.86,152.785,0
2021-10-11,152.74,154.51,152.66,154.07,0
2021-10-12,154.02,154.82,153.64,154.38,0
2021-10-13,154.34,154.94,154.08,154.7,0
2021-10-14,154.7,155.73,154.6,155.45,0
2021-10-15,155.42,157.41,155.35,157.095,0
2021-10-18,157.01,157.37,156.58,156.935,0
2021-10-19,156.9,158.04,156.83,157.795,0
2021-10-20,157.71,158.21,156.97,157.98,0
2021-10-21,157.93,158.19,156.74,157.22,0
2021-10-22,157.16,157.66,155.87,156.065,0
2021-10-25,156.28,156.8,156.02,156.58,0
2021-10-26,156.52,157.75,156.43,157.17,0
2021-10-27,157.11,157.26,155.66,156.495,0
2021-10-28,156.45,156.7,155.88,156.62,0
2021-10-29,156.58,157.07,155.75,156.12,0
2021-11-01,155.95,156.48,155.55,155.775,0
2021-11-02,155.73,155.94,154.62,155.175,0
2021-11-03,155.09,156.07,154.91,156.015,0
2021-11-04,155.95,156.23,153.08,153.56,0
2021-11-05,153.54,153.78,152.77,153.075,0
2021-11-08,153.07,153.66,152.66,153.555,0
2021-11-09,153.5,153.63,152.69,153.015,0
2021-11-10,152.98,153.75,152.53,152.685,0
2021-11-11,152.66,153,152.35,152.525,0
2021-11-12,152.48,152.93,152.33,152.75,0
2021-11-15,152.77,153.27,152.58,153.155,0
2021-11-16,153.13,154.2,152.98,154.2,0
2021-11-17,154.17,154.73,153.69,153.825,0
2021-11-18,153.79,154.27,153.67,154.19,0
2021-11-19,154.14,154.45,152.48,153.37,0
2021-11-22,153.34,154.05,153.08,153.9,0
2021-11-23,153.92,154.21,153.24,154.04,0
2021-11-24,153.92,154.14,153.33,153.855,0
2021-11-25,153.79,154.06,153.38,153.695,0
2021-11-26,153.65,153.68,150.67,151.135,0
2021-11-29,151.16,151.91,150.65,151.135,0
2021-11-30,151.12,151.62,149.68,150.48,0
2021-12-01,150.43,151.43,149.58,149.765,0
2021-12-02,149.69,150.78,149.52,150.605,0
2021-12-03,150.56,150.75,148.93,149.29,0
2021-12-06,149.19,150.6,149.09,150.53,0
2021-12-07,150.48,151.12,150.08,150.43,0
2021-12-08,150.38,150.7,149.38,150.175,0
2021-12-09,150.07,150.3,149.43,150,0
2021-12-10,149.96,150.51,149.63,150.485,0
2021-12-13,150.06,150.75,149.83,150.13,0
2021-12-14,150.08,150.57,149.72,150.57,0
2021-12-15,150.53,151.3,150.22,151.26,0
2021-12-16,151.21,152.62,151.05,151.47,0
2021-12-17,151.43,151.7,150.36,150.515,0
2021-12-20,150.54,150.56,149.48,150.035,0
2021-12-21,149.98,151.41,149.85,151.39,0
2021-12-22,151.35,152.57,151.06,152.355,0
2021-12-23,152.36,153.71,152.23,153.4,0
2021-12-24,153.37,153.57,153,153.18,0
2021-12-27,153.14,154.46,153.05,154.39,0
2021-12-28,154.31,154.56,153.98,154.28,0
2021-12-29,154.22,155.12,153.99,155.065,0
2021-12-30,155.05,155.65,154.87,155.305,0
2021-12-31,155.29,156.01,154.96,155.735,0
2022-01-03,155.66,155.91,154.85,155.385,0
2022-01-04,155.35,157.41,155.27,157.15,0
2022-01-05,157.11,157.76,156.53,157.42,0
2022-01-06,157.36,157.46,156.04,156.74,0
2022-01-07,156.68,157.18,156.64,157.035,0
2022-01-10,156.97,157.36,155.91,156.445,0
2022-01-11,156.38,157.3,156.21,157.2,0
2022-01-12,157.16,157.7,156.7,157.08,0
2022-01-13,157,157.46,156.24,156.52,0
2022-01-14,156.47,156.61,155.4,156.19,0
2022-01-17,156.15,156.71,155.97,156.42,0
2022-01-18,156.37,156.9,155.42,155.825,0
2022-01-19,155.79,156.23,155.33,155.585,0
2022-01-20,155.54,156.05,155.06,155.175,0
2022-01-21,155.15,155.23,153.85,154.125,0
2022-01-24,154.08,154.48,152.84,153.665,0
2022-01-25,153.62,154,153.06,153.775,0
2022-01-26,153.67,154.74,153.62,154.345,0
2022-01-27,154.34,154.71,153.77,154.44,0
2022-01-28,154.3,154.95,154.03,154.505,0
2022-01-31,154.36,155.33,154.29,154.81,0
2022-02-01,154.75,155.2,154.43,155.125,0
2022-02-02,155.02,155.43,154.75,155.43,0
2022-02-03,155.39,156.5,154.98,156.355,0
2022-02-04,156.29,156.5,155.46,155.89,0
2022-02-07,155.85,156.15,155.07,155.845,0
2022-02-08,155.83,156.71,155.63,156.48,0
2022-02-09,156.44,156.85,156.15,156.325,0
2022-02-10,156.28,158.06,156.18,157.275,0
2022-02-11,157.24,157.7,155.81,156.54,0
2022-02-14,156.5,156.86,155.25,156.31,0
2022-02-15,156.27,156.81,155.9,156.535,0
2022-02-16,156.48,157.11,156.29,156.865,0
2022-02-17,156.82,156.99,156,156.52,0
2022-02-18,156.44,157.28,156.16,156.345,0
2022-02-21,156.18,156.74,155.94,156.05,0
2022-02-22,156,156.49,155.45,156.36,0
2022-02-23,156.3,156.77,155.54,155.735,0
2022-02-24,155.69,155.88,153.29,154.55,0
2022-02-25,154.52,155.17,154.09,154.95,0
2022-02-28,154.91,154.99,153.25,154.35,0
2022-03-01,154.29,154.68,152.6,153.125,0
2022-03-02,153.04,154.92,152.75,154.865,0
2022-03-03,154.83,155.22,153.81,154.145,0
2022-03-04,154.07,154.21,151.41,151.84,0
2022-03-07,151.8,152.22,150.99,151.14,0
2022-03-08,151.09,152,150.93,151.59,0
2022-03-09,151.5,152.77,151.37,152.695,0
2022-03-10,152.64,152.99,151.83,151.965,0
2022-03-11,151.96,153.39,151.88,152.93,0
2022-03-14,152.89,154.18,152.82,153.67,0
2022-03-15,153.63,154.69,153.19,154.255,0
2022-03-16,154.21,156.23,154.13,156.13,0
2022-03-17,156.04,156.71,155.39,155.93,0
2022-03-18,155.9,157.22,155.81,157.065,0
2022-03-21,157.07,157.51,156.32,157.335,0
2022-03-22,157.32,160.24,157.18,160.19,0
2022-03-23,160.15,161.09,158.98,159.985,0
2022-03-24,159.94,161.41,159.52,161.34,0
2022-03-25,161.39,161.49,159.82,160.885,0
2022-03-28,160.83,164.63,160.63,162.155,0
2022-03-29,162.12,162.7,160.2,160.855,0
2022-03-30,160.8,161.37,159,159.98,0
2022-03-31,159.94,160.87,159.38,159.875,0
2022-04-01,159.82,161.17,159.75,160.655,0
2022-04-04,160.61,161.28,160.25,161.045,0
2022-04-05,161,161.95,160.46,161.575,0
2022-04-06,161.68,162.26,161.48,161.8,0
2022-04-07,161.77,162.27,161.37,162.04,0
2022-04-08,162.03,162.36,161.59,162.04,0
2022-04-11,161.65,163.83,161.57,163.33,0
2022-04-12,163.32,163.63,162.73,162.98,0
2022-04-13,162.92,164.84,162.88,164.835,0
2022-04-14,164.8,164.87,163.97,164.475,0
2022-04-15,164.44,165.45,164.42,165.025,0
2022-04-18,164.99,165.42,164.57,165.24,0
2022-04-19,165.19,167.61,165.16,167.575,0
2022-04-20,167.53,168.4,166.36,167.12,0
2022-04-21,167.09,167.9,166.91,167.26,0
2022-04-22,167.23,167.58,164.71,165.075,0
2022-04-25,165.32,165.32,162,163.26,0
2022-04-26,163.25,163.6,159.9,160.005,0
2022-04-27,159.93,161.41,159.63,161.185,0
2022-04-28,161.14,164.24,160.84,163.025,0
2022-04-29,162.99,163.99,162.35,163.255,0
2022-05-02,163.37,163.88,162.22,162.605,0
2022-05-03,162.53,163.42,162.3,162.64,0
2022-05-04,162.61,163.19,161.71,162.945,0
2022-05-05,162.9,163.57,160.42,160.935,0
2022-05-06,160.94,161.6,160.26,161.115,0
2022-05-09,161.05,162.18,160.11,160.655,0
2022-05-10,160.6,161.53,159.98,160.76,0
2022-05-11,160.73,161.31,158.78,159.24,0
2022-05-12,159.32,159.33,155.55,156.585,0
2022-05-13,156.55,158.54,156.36,158.445,0
2022-05-16,158.47,159.27,157.37,159.13,0
2022-05-17,159.06,161.84,158.73,161.655,0
2022-05-18,161.58,161.77,158.01,158.245,0
2022-05-19,158.16,159.91,157.83,159.265,0
2022-05-20,159.19,160.18,158.7,159.675,0
2022-05-23,159.51,161.015,159.34,161.015,0
2022-05-24,161.01,161.01,157.95,158.92,0
2022-05-25,158.86,160.3,158.33,159.995,0
2022-05-26,159.96,160.83,158.95,160.165,0
2022-05-27,160.09,160.64,159.77,160.41,0
2022-05-30,160.35,161.51,160.22,161.395,0
2022-05-31,161.36,162.37,160.89,162.185,0
2022-06-01,162.14,163.32,161.94,162.525,0
2022-06-02,162.46,163.42,162.06,163.305,0
2022-06-03,163.26,164.09,163.01,163.455,0
2022-06-06,163.37,165.46,162.86,165.285,0
2022-06-07,165.23,167.1,165.17,166.935,0
2022-06-08,166.93,168.52,166.8,168.365,0
2022-06-09,168.35,168.71,166.65,167.84,0
2022-06-10,167.79,168.02,165.1,165.57,0
2022-06-13,165.65,166.1,162.2,163.05,0
2022-06-14,163.02,164.3,161.28,162.545,0
2022-06-15,162.51,163.16,161.67,163.01,0
2022-06-16,162.98,163.79,159.96,163.335,0
2022-06-17,163.28,166.2,163.15,165.005,0
2022-06-20,164.89,165.66,164.43,165.515,0
2022-06-21,165.54,167.8,165.29,167.74,0
2022-06-22,167.63,167.83,165.73,167.185,0
2022-06-23,167.12,167.21,164.6,165.465,0
2022-06-24,165.44,166.3,164.75,165.795,0
2022-06-27,165.75,166.51,165.09,166.13,0
2022-06-28,166.08,166.93,165.66,165.865,0
2022-06-29,165.81,166.33,165.34,165.645,0
2022-06-30,165.6,165.83,164.74,165.295,0
2022-07-01,165.26,165.34,161.52,163.545,0
2022-07-04,163.59,164.73,162.96,164.275,0
2022-07-05,164.25,165.27,161.53,162.5,0
2022-07-06,162.46,162.57,160.31,162.115,0
2022-07-07,162.06,163.62,161.53,163.52,0
2022-07-08,163.48,163.93,161.76,163.705,0
2022-07-11,163.66,164.46,162.99,163.425,0
2022-07-12,163.39,163.54,161.77,162.705,0
2022-07-13,162.67,164.14,162.29,163.405,0
2022-07-14,163.38,165.18,163.03,164.255,0
2022-07-15,164.28,164.69,163.6,164.235,0
2022-07-18,164.49,166.08,164.11,165.105,0
2022-07-19,165.11,165.97,164.65,165.76,0
2022-07-20,165.71,166.24,165.08,165.455,0
2022-07-21,165.36,165.95,164.49,164.79,0
2022-07-22,164.75,165.15,162.95,163.335,0
2022-07-25,163.29,165.07,162.95,164.625,0
2022-07-26,164.59,164.97,163.42,164.68,0
2022-07-27,164.68,166.33,164.56,166,0
2022-07-28,165.85,166.13,162.82,163.52,0
2022-07-29,163.53,163.89,161.48,162.08,0
2022-08-01,162.05,162.49,160.98,161.245,0
2022-08-02,161.2,162.1,159.39,162.1,0
2022-08-03,162.09,163.05,161.17,162.575,0
2022-08-04,162.55,163.79,161.03,161.655,0
2022-08-05,161.54,163.37,161.08,162.96,0
2022-08-08,162.92,163.84,162.49,163.105,0
2022-08-09,163.03,163.67,162.56,163.29,0
2022-08-10,163.26,164.38,161.61,162.48,0
2022-08-11,162.45,162.5,161.22,162.465,0
2022-08-12,162.35,162.79,161.72,161.955,0
2022-08-15,161.92,162.07,160.3,160.74,0
2022-08-16,160.67,162.74,160.04,162.345,0
2022-08-17,162.3,163.56,162.1,162.685,0
2022-08-18,162.63,163.23,161.63,162.145,0
2022-08-19,162.05,162.83,161.57,161.995,0
2022-08-22,161.88,162.52,161.11,161.775,0
2022-08-23,161.73,162.5,160.77,161.97,0
2022-08-24,161.92,161.95,160.78,161.825,0
2022-08-25,161.79,162,161.27,161.53,0
2022-08-26,161.47,162.7,161.17,161.59,0
2022-08-29,161.54,162.64,161.24,162.415,0
2022-08-30,162.36,162.57,161.44,161.785,0
2022-08-31,161.76,161.9,160.85,161.525,0
2022-09-01,161.49,161.88,160.91,161.88,0
2022-09-02,161.82,162.57,161.1,161.375,0
2022-09-05,161.29,161.96,160.6,161.905,0
2022-09-06,161.88,165.1,161.84,164.455,0
2022-09-07,164.42,166.02,164.14,165.725,0
2022-09-08,165.66,166.31,164.84,165.78,0
2022-09-09,165.76,166.24,164.26,165.185,0
2022-09-12,165.21,167.04,165.14,166.885,0
2022-09-13,166.85,167.09,165.11,166.145,0
2022-09-14,166.1,166.51,164.71,165.155,0
2022-09-15,165.12,165.73,164.41,164.555,0
2022-09-16,164.53,164.66,162.69,163.14,0
2022-09-19,163.1,163.83,162.88,163.74,0
2022-09-20,163.66,164.43,163.08,163.59,0
2022-09-21,163.55,163.93,162.17,162.285,0
2022-09-22,162.28,164.43,159.06,160.22,0
2022-09-23,160.24,160.45,155.31,155.635,0
2022-09-26,155.59,157.22,149.27,154.685,0
2022-09-27,154.68,156.35,154.1,155.385,0
2022-09-28,155.34,157.09,152.49,156.995,0
2022-09-29,156.9,160.605,155.55,160.605,0
2022-09-30,160.53,162.17,159.34,161.585,0
2022-10-03,161.31,163.88,160.54,163.665,0
2022-10-04,163.64,165.53,163.37,165.36,0
2022-10-05,165.34,165.7,162.55,163.865,0
2022-10-06,163.79,164.44,161.07,162,0
2022-10-07,161.92,162.59,160.71,161.13,0
2022-10-10,161.03,161.55,160.4,161.115,0
2022-10-11,161.08,162.66,159.67,159.97,0
2022-10-12,159.95,163.33,159.69,163.04,0
2022-10-13,163.11,167.28,162.26,166.785,0
2022-10-14,166.79,167.22,164.97,166.175,0
2022-10-17,166.19,170.08,166.19,169.325,0
2022-10-18,169.19,169.8,167.83,168.965,0
2022-10-19,168.93,169.37,167.58,168.165,0
2022-10-20,168.19,169.71,167.37,168.81,0
2022-10-21,168.65,169.58,164.93,166.91,0
2022-10-24,167.63,169.77,165.5,168,0
2022-10-25,167.98,169.93,167.78,169.715,0
2022-10-26,169.61,170.58,169.26,170.2,0
2022-10-27,170.16,170.25,168.67,169.195,0
2022-10-28,169.1,171.36,168.81,171.25,0
2022-10-31,171.12,172.12,170.27,170.595,0
2022-11-01,170.54,170.94,169.43,170.285,0
2022-11-02,170.21,170.34,168.01,168.505,0
2022-11-03,168.52,168.56,165.05,165.575,0
2022-11-04,165.53,166.96,164.68,166.8,0
2022-11-07,165.66,169.11,165.63,168.835,0
2022-11-08,168.77,169.07,167.18,168.085,0
2022-11-09,168.11,168.33,165.91,166.35,0
2022-11-10,166.3,168.06,164.32,165.15,0
2022-11-11,165.14,166.1,163.03,164.305,0
2022-11-14,163.94,165.71,163.61,164.42,0
2022-11-15,164.4,166.23,164.3,165.2,0
2022-11-16,165.13,166.37,164.64,166.21,0
2022-11-17,166.23,166.38,165.21,166.325,0
2022-11-18,166.28,167.31,166.06,166.865,0
2022-11-21,166.81,168.055,166.01,168.055,0
2022-11-22,168.01,168.3,167.29,167.885,0
2022-11-23,167.85,169.03,167.68,168.28,0
2022-11-24,168.23,168.29,167.09,167.905,0
2022-11-25,167.83,168.79,167.56,168.26,0
2022-11-28,167.96,168.23,165.79,166.135,0
2022-11-29,166.14,166.67,165.46,165.82,0
2022-11-30,165.71,167.56,165.4,166.45,0
2022-12-01,166.38,167.24,164.45,165.665,0
2022-12-02,165.78,165.97,163.68,165.09,0
2022-12-05,164.71,166.83,164.48,166.705,0
2022-12-06,166.59,167.49,166.1,166.365,0
2022-12-07,166.27,167.42,165.9,166.685,0
2022-12-08,166.65,167.36,166.23,167.21,0
2022-12-09,167.16,168.04,165.76,167.4,0
2022-12-12,167.2,169.03,167.06,168.96,0
2022-12-13,168.91,170.06,167.04,167.525,0
2022-12-14,167.52,168.38,166.68,168.3,0
2022-12-15,168.31,168.84,167.56,167.785,0
2022-12-16,167.76,168,165.86,165.995,0
2022-12-19,165.14,166.9,164.91,166.32,0
2022-12-20,166.27,167.03,158.55,160.455,0
2022-12-21,160.44,161.02,159.41,160.1,0
2022-12-22,159.97,160.26,158.77,159.4,0
2022-12-23,159.37,160.57,159.04,160.165,0
2022-12-26,160.09,160.84,159.6,160.305,0
2022-12-27,160.25,160.94,160.14,160.49,0
2022-12-28,160.51,162.32,160.38,161.6,0
2022-12-29,161.58,161.58,159.99,160.35,0
2022-12-30,160.29,160.48,157.78,158.645,0
2023-01-02,158.58,158.58,157.3,157.5,0
2023-01-03,157.45,158.36,155.31,156.76,0
2023-01-04,156.75,160.18,156.44,159.895,0
2023-01-05,159.85,160.05,158.44,158.86,0
2023-01-06,158.91,160.06,158.66,159.745,0
2023-01-09,159.7,161.24,159.25,160.7,0
2023-01-10,160.74,160.93,159.98,160.795,0
2023-01-11,160.74,161.2,160.43,160.885,0
2023-01-12,160.87,160.96,157.67,157.825,0
2023-01-13,157.79,158.05,155.59,156.425,0
2023-01-16,156.28,157.06,156.04,156.745,0
2023-01-17,156.72,158.03,156.33,157.48,0
2023-01-18,157.45,161.51,157.29,159.16,0
2023-01-19,159.13,159.24,157.5,159.13,0
2023-01-20,159.1,161.28,158.99,160.64,0
2023-01-23,160.65,161.8,160.3,161.74,0
2023-01-24,161.69,161.77,159.95,160.55,0
2023-01-25,160.46,160.93,159.45,160.72,0
2023-01-26,160.68,161.72,159.95,161.56,0
2023-01-27,161.53,161.6,160.35,161.02,0
2023-01-30,160.98,161.42,160.13,161.14,0
2023-01-31,161.07,161.19,159.71,160.295,0
2023-02-01,160.23,160.67,158.83,159.605,0
2023-02-02,159.56,159.61,157.12,157.295,0
2023-02-03,157.25,158.76,156.25,158.13,0
2023-02-06,159.19,159.94,158.47,159.45,0
2023-02-07,159.36,159.67,157.38,157.915,0
2023-02-08,157.82,158.82,157.56,158.61,0
2023-02-09,158.56,159.51,158.37,159.505,0
2023-02-10,159.46,159.63,157.47,158.435,0
2023-02-13,158.44,161.2,158.36,160.725,0
2023-02-14,160.67,162.18,160.06,162.02,0
2023-02-15,161.99,162.08,160.65,161.375,0
2023-02-16,161.3,161.52,160.43,160.685,0
2023-02-17,160.63,161.66,160.44,161.495,0
2023-02-20,161.6,161.72,161.12,161.615,0
2023-02-21,161.59,163.74,161.4,163.525,0
2023-02-22,163.55,163.55,162.34,162.515,0
2023-02-23,162.59,162.84,161.62,161.87,0
2023-02-24,161.77,163.11,161.17,163,0
2023-02-27,163.04,164.34,162.55,164.34,0
2023-02-28,164.3,166.01,163.67,163.76,0
2023-03-01,163.7,164.51,162.82,163.81,0
2023-03-02,163.79,163.93,163.02,163.355,0
2023-03-03,163.31,163.68,162.92,163.615,0
2023-03-06,163.59,163.78,162.93,163.425,0
2023-03-07,163.4,163.86,161.99,162.31,0
2023-03-08,162.21,162.98,161.63,162.685,0
2023-03-09,162.65,162.66,161.56,162.36,0
2023-03-10,162.33,164.64,161.87,162.395,0
2023-03-13,162.34,163.06,159.95,162.285,0
2023-03-14,162.24,164.1,161.82,163.195,0
2023-03-15,163.17,164.14,159.17,160.995,0
2023-03-16,160.91,162.14,158.54,161.95,0
2023-03-17,161.92,162.15,160.07,160.51,0
2023-03-20,161.27,161.98,158.9,161.195,0
2023-03-21,161.14,162.26,160.72,161.88,0
2023-03-22,161.81,163.32,160.75,161.245,0
2023-03-23,161.19,161.85,159.9,160.745,0
2023-03-24,160.74,160.83,158.23,159.87,0
2023-03-27,159.77,161.85,159.52,161.64,0
2023-03-28,161.58,161.77,160.69,161.525,0
2023-03-29,161.51,163.67,161.32,163.585,0
2023-03-30,163.54,164.48,162.94,164.315,0
2023-03-31,164.26,165.46,163.59,163.815,0
2023-04-03,163.99,164.89,163.37,164.415,0
2023-04-04,164.33,166.38,164.14,164.645,0
2023-04-05,164.6,164.76,162.83,163.63,0
2023-04-06,163.57,164.14,162.91,163.93,0
2023-04-07,163.9,164.39,163.32,164.055,0
2023-04-10,164.12,165.49,163.77,165.455,0
2023-04-11,165.41,166.19,165.16,166.1,0
2023-04-12,166.07,166.63,165.33,166.195,0
2023-04-13,166.17,166.85,165.37,166.01,0
2023-04-14,165.98,166.23,165.35,166.09,0
2023-04-17,166.1,166.64,165.65,166.43,0
2023-04-18,166.34,167,166.12,166.63,0
2023-04-19,166.62,167.96,166.42,167.58,0
2023-04-20,167.57,167.7,166.79,167.04,0
2023-04-21,166.89,167.05,165.48,166.795,0
2023-04-24,166.84,167.73,166.48,167.595,0
2023-04-25,167.48,167.95,165.38,165.935,0
2023-04-26,165.88,167.01,165.61,166.665,0
2023-04-27,166.59,167.52,166.19,167.425,0
2023-04-28,167.26,171.34,166.57,171.22,0
2023-05-01,171.34,172.09,170.95,171.83,0
2023-05-02,171.8,172.29,169.88,170.215,0
2023-05-03,170.17,170.35,169.04,169.25,0
2023-05-04,169.21,169.53,168.01,168.835,0
2023-05-05,168.76,170.64,168.55,170.34,0
2023-05-08,170.37,171.05,170.14,170.475,0
2023-05-09,170.43,170.7,169.8,170.675,0
2023-05-10,170.62,171.17,169.06,169.635,0
2023-05-11,169.59,169.71,167.79,168.34,0
2023-05-12,168.3,169.11,168.14,169.1,0
2023-05-15,168.97,170.61,168.81,170.52,0
2023-05-16,170.5,170.83,169.35,170.305,0
2023-05-17,170.26,172.01,170.06,171.94,0
2023-05-18,171.89,172.155,171.14,172.155,0
2023-05-19,172.11,172.51,171.2,171.71,0
2023-05-22,171.75,172.56,171.15,172.355,0
2023-05-23,172.35,172.62,171.23,172.04,0
2023-05-24,171.98,172.78,171.19,172.465,0
2023-05-25,172.4,172.76,171.65,172.575,0
2023-05-26,172.56,173.76,172.19,173.61,0
2023-05-29,173.64,173.95,172.9,173.5,0
2023-05-30,173.46,174.26,172.93,173.555,0
2023-05-31,173.52,173.65,172.45,173.345,0
2023-06-01,173.31,174.24,172.92,173.915,0
2023-06-02,173.82,174.67,173.48,174.245,0
2023-06-05,174.23,174.37,172.8,173.595,0
2023-06-06,173.43,173.76,172.63,173.495,0
2023-06-07,173.43,174.43,172.62,174.28,0
2023-06-08,174.23,174.51,173.86,174.42,0
2023-06-09,174.39,175.53,174.24,175.18,0
2023-06-12,175.2,175.76,174.31,174.68,0
2023-06-13,174.54,176.85,174.39,176.84,0
2023-06-14,176.79,177.41,176.39,177.405,0
2023-06-15,177.41,179.4,177.19,179.365,0
2023-06-16,179.28,182.03,178.77,181.82,0
2023-06-19,181.77,182.12,181.17,181.63,0
2023-06-20,181.56,182.08,179.88,180.56,0
2023-06-21,180.52,181.59,179.88,181.19,0
2023-06-22,181.14,182.56,180.66,182.445,0
2023-06-23,182.34,182.94,181.2,182.67,0
2023-06-26,182.57,182.99,181.65,182.465,0
2023-06-27,182.4,183.79,182.17,183.665,0
2023-06-28,183.7,183.7,182.09,182.585,0
2023-06-29,182.53,182.86,182.17,182.595,0
2023-06-30,182.57,183.87,182.15,183.39,0
2023-07-03,183.06,183.76,183,183.625,0
2023-07-04,183.59,183.94,183.18,183.66,0
2023-07-05,183.61,184,183.1,183.775,0
2023-07-06,183.75,184,182.44,183.56,0
2023-07-07,183.46,183.56,181.96,182.41,0
2023-07-10,182.32,183.21,181.05,181.735,0
2023-07-11,181.71,181.99,180.75,181.56,0
2023-07-12,181.53,181.53,179.43,179.89,0
2023-07-13,179.84,181.5,179.45,181.32,0
2023-07-14,181.23,182.29,180.17,181.615,0
2023-07-17,181.51,182.13,180.52,181.365,0
2023-07-18,181.38,181.84,180.28,180.97,0
2023-07-19,181.01,181.62,179.77,180.74,0
2023-07-20,180.69,180.72,179.55,180.24,0
2023-07-21,180.21,182.52,179.86,182.32,0
2023-07-24,182.27,182.34,180.7,181.545,0
2023-07-25,181.51,182.02,181.1,181.755,0
2023-07-26,181.76,181.93,180.88,181.465,0
2023-07-27,181.39,181.93,177.38,178.445,0
2023-07-28,178.39,181.49,176.28,181.42,0
2023-07-31,181.34,183.18,180.81,182.665,0
2023-08-01,182.64,183.3,182.52,183.145,0
2023-08-02,183.12,183.13,181.71,182.185,0
2023-08-03,182.16,182.75,180.4,181.26,0
2023-08-04,181.24,181.74,180.58,180.75,0
2023-08-07,180.75,182.215,180.54,182.215,0
2023-08-08,182.13,182.99,181.33,182.8,0
2023-08-09,182.74,183.01,182.29,182.815,0
2023-08-10,182.75,184.23,182.63,183.48,0
2023-08-11,183.46,184.24,183.32,184.06,0
2023-08-14,184.01,184.69,183.41,184.62,0
2023-08-15,184.57,185.31,184.29,184.955,0
2023-08-16,184.95,186.33,184.65,186.3,0
2023-08-17,186.3,186.46,185.52,185.9,0
2023-08-18,185.83,185.93,184.5,185.185,0
2023-08-21,185.07,186.66,184.85,186.475,0
2023-08-22,186.45,186.77,185.48,185.75,0
2023-08-23,185.72,185.92,183.3,184.36,0
2023-08-24,184.3,184.78,183.59,183.76,0
2023-08-25,183.72,184.43,183.35,184.18,0
2023-08-28,184.08,184.72,184.07,184.72,0
2023-08-29,184.66,185.37,184.02,184.45,0
2023-08-30,184.35,186.06,184.31,186.035,0
2023-08-31,185.95,186.02,184.02,184.48,0
2023-09-01,184.43,184.57,183.47,184.12,0
2023-09-04,184.02,185.07,183.8,184.91,0
2023-09-05,184.85,185.78,184.02,185.61,0
2023-09-06,185.58,185.64,184.07,184.7,0
2023-09-07,184.64,184.76,183.33,183.75,0
2023-09-08,183.7,184.48,183.02,184.28,0
2023-09-11,184.44,184.64,182.63,183.365,0
2023-09-12,183.34,183.93,182.89,183.705,0
2023-09-13,183.69,184.39,183.14,184.17,0
2023-09-14,184.14,184.14,182.46,183.01,0
2023-09-15,182.98,183.89,182.73,183.09,0
2023-09-18,183.02,183.34,182.65,182.795,0
2023-09-19,182.76,183.48,182.67,183.235,0
2023-09-20,183.2,183.41,182.39,183.115,0
2023-09-21,183.09,183.25,180.78,181.495,0
2023-09-22,181.42,182.3,181.16,181.62,0
2023-09-25,181.56,181.96,181.36,181.81,0
2023-09-26,181.74,181.83,181,181.235,0
2023-09-27,181.2,181.67,180.83,181.595,0
2023-09-28,181.56,182.41,181,182.14,0
2023-09-29,182.07,183,181.83,182.22,0
2023-10-02,182.28,182.8,181.07,181.13,0
2023-10-03,181.11,181.39,178.11,179.985,0
2023-10-04,179.9,181.26,179.52,180.88,0
2023-10-05,180.94,181.14,180.24,181.065,0
2023-10-06,181.03,182.97,180.79,182.785,0
2023-10-09,182.54,182.54,181.21,181.725,0
2023-10-10,181.69,182.78,181.5,182.72,0
2023-10-11,182.68,183.77,182.43,183.67,0
2023-10-12,183.62,183.81,182.28,182.385,0
2023-10-13,182.47,182.93,181.22,181.635,0
2023-10-16,181.48,182.79,181.24,182.685,0
2023-10-17,182.6,182.81,181.54,182.475,0
2023-10-18,182.49,182.81,181.8,182.03,0
2023-10-19,181.99,182.51,181.13,181.895,0
2023-10-20,181.88,182.41,181.25,182.28,0
2023-10-23,182.14,183.42,182.03,183.39,0
2023-10-24,183.36,183.73,182,182.3,0
2023-10-25,182.35,182.45,181.57,181.95,0
2023-10-26,181.92,182.57,181.01,182.4,0
2023-10-27,182.37,182.5,181,181.39,0
2023-10-30,181.22,181.87,180.71,181.455,0
2023-10-31,181.44,184.39,181.23,184.35,0
2023-11-01,184.33,184.36,182.88,183.425,0
2023-11-02,183.39,183.73,182.69,183.585,0
2023-11-03,183.56,185.05,183.18,184.915,0
2023-11-06,184.81,185.94,184.61,185.26,0
2023-11-07,185.2,185.48,184.57,184.94,0
2023-11-08,184.89,185.67,184.48,185.465,0
2023-11-09,185.42,185.88,184.79,184.995,0
2023-11-10,184.95,185.34,184.57,185.21,0
2023-11-13,185.18,186.31,184.92,186.29,0
2023-11-14,186.27,188.3,185.97,187.965,0
2023-11-15,187.96,188.27,187.04,187.955,0
2023-11-16,187.96,187.97,186.76,187.02,0
2023-11-17,186.93,187.14,185.26,186.49,0
2023-11-20,186.44,186.78,184.56,185.545,0
2023-11-21,185.52,186.09,184.4,186.09,0
2023-11-22,186.04,187.01,185.57,186.84,0
2023-11-23,186.79,187.58,186.23,187.48,0
2023-11-24,187.44,188.64,187.03,188.375,0
2023-11-27,188.33,188.52,187.54,187.745,0
2023-11-28,187.7,187.88,186.97,187.23,0
2023-11-29,187.2,187.54,186.55,186.93,0
2023-11-30,186.92,187.55,186.17,187.09,0
2023-12-01,187.03,187.51,186.11,186.625,0
2023-12-04,186.6,186.61,184.99,185.925,0
2023-12-05,185.88,186.17,185,185.315,0
2023-12-06,185.31,185.8,184.92,185.03,0
2023-12-07,185.01,185.02,178.63,181.485,0
2023-12-08,181.34,182.03,179.49,181.875,0
2023-12-11,181.73,184.31,181.46,183.505,0
2023-12-12,183.47,183.55,182.21,182.72,0
2023-12-13,182.65,183.13,180.15,180.3,0
2023-12-14,180.26,181.21,178.3,181.13,0
2023-12-15,181.09,181.72,179.78,180.245,0
2023-12-18,180.16,181.18,179.96,180.54,0
2023-12-19,180.47,184.17,179.96,183.13,0
2023-12-20,183.08,183.33,181.22,181.46,0
2023-12-21,181.42,181.46,179.74,180.345,0
2023-12-22,180.3,181.38,179.96,180.9,0
2023-12-25,180.96,181.35,180.21,180.665,0
2023-12-26,180.64,181.29,180.44,181.24,0
2023-12-27,181.06,182.17,181.02,181.525,0
2023-12-28,181.5,181.5,178.93,180.05,0
2023-12-29,179.99,180.52,179.24,179.59,0
2024-01-01,179.56,179.81,179.09,179.305,0
2024-01-02,179.23,180.63,178.66,179.165,0
2024-01-03,179.09,181.74,178.92,181.465,0
2024-01-04,181.45,183.77,180.95,183.41,0
2024-01-05,183.36,184.68,183.24,183.96,0
2024-01-08,183.98,184.21,182.96,183.855,0
2024-01-09,183.8,183.95,182.68,183.62,0
2024-01-10,183.58,185.74,183.35,185.73,0
2024-01-11,185.65,186.14,184.87,185.37,0
2024-01-12,185.36,185.65,184.42,184.81,0
2024-01-15,184.7,185.74,184.54,185.5,0
2024-01-16,185.53,186.19,184.94,186.015,0
2024-01-17,185.9,188.1,185.79,187.81,0
2024-01-18,187.72,188.255,187.25,188.255,0
2024-01-19,188.22,188.9,187.34,188.19,0
2024-01-22,188.3,188.38,187.71,188.24,0
2024-01-23,188.19,188.9,187.3,188.125,0
2024-01-24,188.05,188.46,187.05,187.715,0
2024-01-25,187.69,188.2,187.07,187.645,0
2024-01-26,187.63,188.57,187.26,188.225,0
2024-01-29,188.06,188.29,187.05,187.48,0
2024-01-30,187.43,187.5,186.3,187.44,0
2024-01-31,187.41,187.72,185.78,186.365,0
2024-02-01,186.35,186.64,184.98,186.615,0
2024-02-02,186.57,187.72,186.38,187.44,0
2024-02-05,187.34,187.64,185.95,186.36,0
2024-02-06,186.31,186.77,186.12,186.38,0
2024-02-07,186.36,187.25,186.14,187.115,0
2024-02-08,187.08,188.5,186.79,188.41,0
2024-02-09,188.43,188.85,188.06,188.555,0
2024-02-12,188.43,188.71,187.78,188.62,0
2024-02-13,188.59,190.07,188.37,189.9,0
2024-02-14,189.83,189.88,188.7,189.22,0
2024-02-15,189.15,189.21,187.91,188.91,0
2024-02-16,188.9,189.51,188.69,189.28,0
2024-02-19,189.25,189.39,188.84,189.075,0
2024-02-20,189.03,189.72,188.92,189.345,0
2024-02-21,189.26,189.94,189.09,189.94,0
2024-02-22,189.89,190.83,189.79,190.58,0
2024-02-23,190.49,191.14,190.33,190.735,0
2024-02-26,190.56,191.32,190.28,191.18,0
2024-02-27,191.11,191.17,190.27,190.935,0
2024-02-28,190.87,190.94,190.2,190.81,0
2024-02-29,190.73,190.81,188.98,189.355,0
2024-03-01,189.31,190.38,189.22,189.93,0
2024-03-04,189.92,191.18,189.7,191.05,0
2024-03-05,191,191.05,190.24,190.635,0
2024-03-06,190.63,190.71,189.79,190.185,0
2024-03-07,190.3,190.31,188.18,189.615,0
2024-03-08,189.59,189.7,188.33,189.14,0
2024-03-11,189.13,189.17,187.9,188.295,0
2024-03-12,188.26,189.2,187.91,188.91,0
2024-03-13,188.87,189.53,188.35,189.08,0
2024-03-14,189.06,189.5,188.55,189.155,0
2024-03-15,189.12,190,188.51,189.885,0
2024-03-17,189.69,189.69,189.67,189.67,0
2024-03-18,189.69,190.14,189.49,189.865,0
2024-03-19,189.84,192.16,189.61,191.915,0
2024-03-20,191.91,193.55,191.72,193.41,0
2024-03-21,193.35,193.49,191.77,191.915,0
2024-03-22,191.89,192.23,190.31,190.85,0
2024-03-24,190.8,190.8,190.76,190.76,0
2024-03-25,190.8,191.56,190.27,191.335,0
2024-03-26,191.28,191.66,191.05,191.38,0
2024-03-27,191.35,191.63,190.56,191.275,0
2024-03-28,191.24,191.36,190.56,191.105,0
2024-03-29,191.04,191.24,190.74,191.095,0
2024-03-31,191.04,191.15,191.04,191.14,0
2024-04-01,190.98,191.34,190.11,190.335,0
2024-04-02,190.31,190.71,189.98,190.62,0
2024-04-03,190.56,191.94,190.36,191.94,0
2024-04-04,191.91,192.25,190.96,191.33,0
2024-04-05,191.29,191.63,190.62,191.615,0
2024-04-07,191.57,191.57,191.46,191.46,0
2024-04-08,191.57,192.18,191.29,192.12,0
2024-04-09,192.07,192.84,191.97,192.43,0
2024-04-10,192.4,192.93,191.41,192.075,0
2024-04-11,192,192.57,191.5,192.41,0
2024-04-12,192.4,192.44,189.94,190.865,0
2024-04-14,190.83,190.83,190.44,190.47,0
2024-04-15,190.83,192.7,190.35,192.02,0
2024-04-16,191.99,192.81,191.57,192.25,0
2024-04-17,192.21,192.87,191.61,192.27,0
2024-04-18,192.21,192.78,191.85,192.315,0
2024-04-19,192.29,192.71,190.24,191.335,0
2024-04-21,191.31,191.35,191.31,191.31,0
2024-04-22,191.27,191.69,190.26,191.225,0
2024-04-23,191.18,192.84,190.75,192.77,0
2024-04-24,192.73,193.64,192.36,193.615,0
2024-04-25,193.58,194.93,193.23,194.785,0
2024-04-26,194.84,197.91,193.93,197.78,0
2024-04-28,197.74,197.9,197.6,197.6,0
2024-04-29,197.74,200.36,193.54,196.405,0
2024-04-30,196.32,197.37,196.01,197.125,0
2024-05-01,197.09,197.41,191.97,193.52,0
2024-05-02,193.38,195.74,191.79,192.575,0
2024-05-03,192.54,193.04,191.29,191.955,0
2024-05-05,192,192.01,192,192.01,0
2024-05-06,191.88,193.65,191.64,193.33,0
2024-05-07,193.26,194.12,192.94,193.5,0
2024-05-08,193.47,194.51,193.27,194.335,0
2024-05-09,194.16,194.85,193.8,194.71,0
2024-05-10,194.67,195.33,194.39,195.03,0
2024-05-12,194.98,195,194.95,194.97,0
2024-05-13,194.98,196.36,194.75,196.185,0
2024-05-14,196.14,197.12,195.66,196.97,0
2024-05-15,196.9,197.09,195.82,196.47,0
2024-05-16,196.45,196.97,194.98,196.87,0
2024-05-17,196.8,197.89,196.73,197.71,0
2024-05-19,197.66,197.66,197.48,197.53,0
2024-05-20,197.66,198.62,197.29,198.54,0
2024-05-21,198.49,198.9,198.19,198.47,0
2024-05-22,198.43,199.53,198.31,199.38,0
2024-05-23,199.35,199.92,198.94,199.29,0
2024-05-24,199.24,200.07,199.06,199.985,0
2024-05-26,200.03,200.04,199.93,199.93,0
2024-05-27,200.03,200.42,199.53,200.315,0
2024-05-28,200.26,200.64,200.08,200.55,0
2024-05-29,200.51,200.76,199.98,200.24,0
2024-05-30,200.16,200.3,198.67,199.665,0
2024-05-31,199.63,200.5,199.16,200.46,0
2024-06-02,200.43,200.55,200.43,200.43,0
2024-06-03,200.4,200.64,199.16,199.92,0
2024-06-04,199.89,200.4,197.14,197.71,0
2024-06-05,197.62,199.74,197.6,199.62,0
2024-06-06,199.57,199.93,198.77,199.03,0
2024-06-07,198.98,199.8,198.32,199.38,0
2024-06-09,199.34,199.67,199.24,199.49,0
2024-06-10,199.34,200.04,198.86,199.925,0
2024-06-11,199.89,200.39,199.63,200.16,0
2024-06-12,200.11,201.44,199.58,200.57,0
2024-06-13,200.53,201.34,199.64,200.39,0
2024-06-14,200.34,201.61,198.86,199.66,0
2024-06-16,199.59,199.68,199.59,199.59,0
2024-06-17,199.58,200.44,198.99,200.39,0
2024-06-18,200.29,200.84,199.96,200.645,0
2024-06-19,200.58,201.12,200.35,201.1,0
2024-06-20,201.05,201.38,200.75,201.14,0
2024-06-21,201.13,202.095,200.44,202.095,0
2024-06-23,202.05,202.13,201.95,201.97,0
2024-06-24,202.05,202.71,201.15,202.515,0
2024-06-25,202.34,202.71,201.92,202.585,0
2024-06-26,202.57,203.13,202.36,202.97,0
2024-06-27,202.92,203.41,202.43,203.195,0
2024-06-28,203.14,203.58,202.47,203.385,0
2024-06-30,203.38,203.55,203.2,203.3,0
2024-07-01,203.38,205.09,203.04,204.25,0
2024-07-02,204.2,204.89,203.8,204.82,0
2024-07-03,204.77,206.47,204.52,206.055,0
2024-07-04,205.98,206.1,205.22,205.775,0
2024-07-05,205.71,206.46,204.92,205.975,0
2024-07-08,205.5,206.66,205.23,205.975,0
2024-07-09,205.9,206.57,205.8,206.275,0
2024-07-10,206.22,207.81,206.08,207.745,0
2024-07-11,207.7,208.84,203.77,205.08,0
2024-07-12,205.05,206.32,203.78,205.17,0
2024-07-14,205.13,205.31,204.66,205.26,0
2024-07-15,205.13,205.39,204.08,204.93,0
2024-07-16,204.89,205.77,204.77,205.345,0
2024-07-17,205.29,205.68,202.95,203.175,0
2024-07-18,203.13,203.85,202.04,203.705,0
2024-07-19,203.67,204.22,202.89,203.51,0
2024-07-21,203.29,203.46,203.26,203.26,0
2024-07-22,203.29,203.61,201.83,203.065,0
2024-07-23,203.03,203.14,200.67,200.83,0
2024-07-24,200.78,201.17,197.73,198.635,0
2024-07-25,198.6,198.8,195.8,197.845,0
2024-07-26,197.82,199.12,196.9,197.815,0
2024-07-28,197.87,197.96,197.69,197.81,0
2024-07-29,197.87,198.6,196.71,198.09,0
2024-07-30,198.04,199.46,195.91,196.08,0
2024-07-31,196.05,197.39,192.14,192.825,0
2024-08-01,192.81,193.25,190.15,190.29,0
2024-08-02,190.27,190.56,187.33,187.57,0
2024-08-04,187.64,187.69,187.5,187.5,0
2024-08-05,187.64,187.69,180.05,184.245,0
2024-08-06,184.15,187.06,182.77,183.175,0
2024-08-07,183.1,188.06,183.06,186.175,0
2024-08-08,186.15,187.87,184.42,187.775,0
2024-08-09,187.72,188.4,186.43,187.145,0
2024-08-11,187.05,187.06,187.05,187.05,0
2024-08-12,186.99,189.32,186.97,187.915,0
2024-08-13,187.87,189.5,187.53,188.845,0
2024-08-14,188.82,189.43,187.82,188.985,0
2024-08-15,188.94,192,188.69,191.885,0
2024-08-16,191.84,191.99,190.32,191.07,0
2024-08-18,190.9,190.97,190.9,190.9,0
2024-08-19,190.87,191.61,188.18,190.455,0
2024-08-20,190.37,191.26,189.16,189.32,0
2024-08-21,189.25,191.12,188.87,190.225,0
2024-08-22,190.17,191.95,189.59,191.5,0
2024-08-23,191.41,192.06,190.23,190.775,0
2024-08-25,190.71,190.86,190.5,190.5,0
2024-08-26,190.71,190.86,189.47,190.64,0
2024-08-27,190.62,191.92,190.17,190.9,0
2024-08-28,190.81,191.45,190.31,190.755,0
2024-08-29,190.69,191.53,190.18,190.925,0
2024-08-30,190.91,192.01,190.44,191.935,0
2024-09-01,191.88,191.93,191.86,191.86,0
2024-09-02,191.88,193.47,191.28,193.215,0
2024-09-03,193.16,193.35,190.28,190.78,0
2024-09-04,190.74,190.84,188.89,188.955,0
2024-09-05,188.95,189.78,188.02,189.045,0
2024-09-06,189,189.38,186.47,186.77,0
2024-09-08,186.65,186.76,186.65,186.65,0
2024-09-09,186.64,188.12,186.35,187.19,0
2024-09-10,187.15,188.08,185.68,186.33,0
2024-09-11,186.32,186.37,183.66,185.68,0
2024-09-12,185.68,186.73,185.24,186.12,0
2024-09-13,186.1,186.2,184.31,184.825,0
2024-09-15,184.76,184.77,184.53,184.53,0
2024-09-16,184.76,186.06,183.74,185.845,0
2024-09-17,185.77,187.45,185.25,187.425,0
2024-09-18,187.41,188.46,185.77,187.995,0
2024-09-19,187.97,190.38,187.4,189.47,0
2024-09-20,189.46,191.98,188.65,191.72,0
2024-09-22,191.73,191.73,191.72,191.72,0
2024-09-23,191.73,192.43,190.09,191.675,0
2024-09-24,191.64,193.32,191.3,192.105,0
2024-09-25,192.09,193.27,191.7,192.88,0
2024-09-26,192.82,194.34,192.43,194.265,0
2024-09-27,194.25,195.96,189.98,190.18,0
2024-09-29,190.07,190.12,190.07,190.07,0
2024-09-30,190.05,192.31,189.49,192.105,0
2024-10-01,192.06,193.34,189.8,190.74,0
2024-10-02,190.72,194.42,190.36,194.33,0
2024-10-03,194.31,195.17,192.07,192.835,0
2024-10-04,192.82,195.51,191.68,195.12,0
2024-10-06,195.05,195.05,194.86,194.86,0
2024-10-07,195.05,195.61,193.29,193.885,0
2024-10-08,193.85,194.36,192.83,194.205,0
2024-10-09,194.18,195.25,193.54,195.14,0
2024-10-10,195.11,195.49,193.52,194.02,0
2024-10-11,193.99,195.23,193.79,194.895,0
2024-10-13,194.84,194.84,194.73,194.73,0
2024-10-14,194.84,195.77,194.58,195.58,0
2024-10-15,195.56,195.72,194.59,195.05,0
2024-10-16,195.04,195.27,193.64,194.385,0
2024-10-17,194.37,195.6,193.75,195.42,0
2024-10-18,195.41,196.04,194.71,195.17,0
2024-10-20,194.97,195.04,194.97,194.97,0
2024-10-21,194.93,195.89,194.5,195.865,0
2024-10-22,195.84,196.51,195.06,196.15,0
2024-10-23,196.13,198.42,195.82,197.38,0
2024-10-24,197.35,197.62,196.36,196.975,0
2024-10-25,196.99,197.78,196.34,197.42,0
2024-10-27,197.51,198.82,197.51,198.56,0
2024-10-28,197.42,199.34,197.37,198.86,0
2024-10-29,198.83,199.71,197.97,199.61,0
2024-10-30,199.59,199.81,198.14,198.87,0
2024-10-31,198.86,198.93,195.33,196.11,0
2024-11-01,196.09,198.38,195.71,197.79,0
2024-11-03,197.72,197.79,196.62,197.29,0
2024-11-04,197.72,197.81,196.44,197.135,0
2024-11-05,197.1,197.86,196.93,197.735,0
2024-11-06,197.71,199.51,197.26,199.155,0
2024-11-07,199.13,199.55,198.26,198.615,0
2024-11-08,198.59,198.92,196.68,197.255,0
2024-11-10,197.09,197.13,196.97,196.97,0
2024-11-11,197.09,198.45,196.91,197.825,0
2024-11-12,197.78,198.06,196.83,197.105,0
2024-11-13,197.07,197.83,196.6,197.545,0
2024-11-14,197.47,198.23,197.02,197.92,0
2024-11-15,197.88,198.44,194.24,194.785,0
2024-11-18,194.82,196.14,194.31,196.09,0
2024-11-19,196.02,196.2,193.49,196.135,0
2024-11-20,196.1,197.77,195.86,196.65,0
2024-11-21,196.59,196.67,194.29,194.545,0
2024-11-22,194.47,194.8,192.77,193.93,0
2024-11-24,194.16,194.71,194.16,194.68,0
2024-11-25,194,194.88,193.2,193.85,0
2024-11-26,193.8,193.83,191.96,192.445,0
2024-11-27,192.42,192.61,190.63,191.61,0
2024-11-28,191.56,192.46,191.31,192.295,0
2024-11-29,192.26,192.3,190.08,190.78,0
2024-12-01,190.71,190.79,190.52,190.52,0
2024-12-02,190.71,191.27,188.41,189.35,0
2024-12-03,189.31,190.37,188.01,189.595,0
2024-12-04,189.53,191.51,189.27,191.335,0
2024-12-05,191.29,192.19,190.26,191.52,0
2024-12-06,191.47,192.57,190.67,191.2,0
2024-12-08,191.21,191.21,191.04,191.04,0
2024-12-09,191.21,193.41,190.53,192.8,0
2024-12-10,192.75,194.11,192.37,194.055,0
2024-12-11,194.02,194.67,192.48,194.395,0
2024-12-12,194.37,194.98,192.85,193.435,0
2024-12-13,193.37,194.45,192.78,193.905,0
2024-12-15,193.8,193.8,193.8,193.8,0
2024-12-16,193.79,195.88,193.57,195.5,0
2024-12-17,195.41,195.87,194.59,195.095,0
2024-12-18,195.01,195.79,194.01,194.655,0
2024-12-19,194.66,198.94,193.98,196.85,0
2024-12-20,196.8,197.29,195.67,196.62,0
2024-12-22,196.51,196.54,196.42,196.51,0
2024-12-23,196.51,197.1,196.33,197.04,0
2024-12-24,196.97,197.74,196.61,197.225,0
2024-12-25,197.1,197.7,196.74,197.655,0
2024-12-26,197.54,197.99,196.94,197.955,0
2024-12-27,197.9,198.71,197.15,198.565,0
2024-12-29,198.36,198.36,198.36,198.36,0
2024-12-30,198.33,198.95,196.27,196.875,0
2024-12-31,196.76,197.2,195.7,196.705,0
2025-01-01,196.65,196.89,196.23,196.365,0
2025-01-02,196.26,197.51,194.13,195.03,0
2025-01-03,195.01,195.54,194.57,195.37,0
2025-01-06,195.3,197.42,195.16,197.37,0
2025-01-07,197.28,198.23,196.8,197.22,0
2025-01-08,197.1,197.53,195.06,195.765,0
2025-01-09,195.75,195.79,193.43,194.63,0
2025-01-10,194.62,194.77,192.14,192.53,0
2025-01-12,192.37,192.4,192.37,192.37,0
2025-01-13,192.28,192.75,190.01,192.155,0
2025-01-14,192.11,193,191.42,192.99,0
2025-01-15,192.95,192.98,191,191.59,0
2025-01-16,191.52,191.54,189.7,189.91,0
2025-01-17,189.85,190.61,189.26,190.175,0
2025-01-19,190.12,190.12,190.12,190.12,0
2025-01-20,190.12,192.01,189.81,191.79,0
2025-01-21,191.73,192.19,190.39,192.155,0
2025-01-22,192.1,193.02,191.63,192.81,0
2025-01-23,192.72,193,192.18,192.765,0
2025-01-24,192.75,194.74,191.99,194.725,0
2025-01-26,194.57,194.57,194.49,194.49,0
2025-01-27,194.57,194.64,192.1,193.09,0
2025-01-28,193.06,194.02,192.65,193.505,0
2025-01-29,193.47,193.75,192.43,193.28,0
2025-01-30,193.19,193.29,191.38,191.63,0
2025-01-31,191.55,193.03,191.11,192.345,0
2025-02-02,192.27,192.27,190.1,190.1,0
2025-02-03,192.27,192.83,189.96,192.69,0
2025-02-04,192.65,193.17,191.71,192.61,0
2025-02-05,192.57,192.76,190.23,190.85,0
2025-02-06,190.84,190.95,188.01,188.34,0
2025-02-07,188.3,189.85,186.98,187.92,0
2025-02-09,187.69,187.72,187.54,187.54,0
2025-02-10,187.69,189.15,187.03,188.015,0
2025-02-11,187.95,189.9,187.18,189.79,0
2025-02-12,189.73,192.67,189.54,192.15,0
2025-02-13,192.12,193.04,191.1,192.015,0
2025-02-14,191.98,192.5,191.41,191.75,0
2025-02-16,191.69,191.81,191.69,191.69,0
2025-02-17,191.66,191.81,190.55,191.27,0
2025-02-18,191.23,191.94,190.78,191.785,0
2025-02-19,191.72,192.15,190.38,190.645,0
2025-02-20,190.62,190.62,188.64,189.56,0
2025-02-21,189.53,190.95,188.09,188.58,0
2025-02-23,188.86,189.07,188.86,188.86,0
2025-02-24,188.78,189.57,188.14,189.015,0
2025-02-25,188.99,189.73,188.09,188.775,0
2025-02-26,188.72,189.86,188.35,188.945,0
2025-02-27,188.9,190.1,188.52,188.765,0
2025-02-28,188.73,190.3,187.61,189.465,0
2025-03-02,189.5,189.5,189.24,189.24,0
2025-03-03,189.5,191.98,188.77,189.88,0
2025-03-04,189.79,191.73,188.18,191.665,0
2025-03-05,191.65,192.3,190.82,191.98,0
2025-03-06,191.95,192.52,189.81,190.63,0
2025-03-07,190.6,191.42,189.58,191.28,0
2025-03-09,191.05,191.06,190.91,190.95,0
2025-03-10,191.05,191.07,189.12,189.66,0
2025-03-11,189.61,191.66,188.72,191.38,0
2025-03-12,191.3,193.27,191.11,192.19,0
